filecode,wave,canonical_name,variable_type,value_raw,value_numeric,value_label,is_missing,conflicts
070,B,socpyn,binary,interview broken off(-5),-5,interview broken off,TRUE,
070,B,socpyn,binary,"no answer, short version(-4)",-4,"no answer, short version",TRUE,
070,B,socpyn,binary,"no answer, wrong skip(-3)",-3,"no answer, wrong skip",TRUE,
070,B,socpyn,binary,"no answer, routing(-2)",-2,"no answer, routing",TRUE,
070,B,socpyn,binary,"no answer, asked(-1)",-1,"no answer, asked",TRUE,
070,B,socpyn,binary,no(1),1,no,FALSE,
070,B,socpyn,binary,yes(2),2,yes,FALSE,
070,B,socp01,binary,see bsocpyn -> interview broken off(-5),-5,interview broken off,TRUE,
070,B,socp01,binary,"see bsocpyn -> no answer, short version(-4)",-4,"no answer, short version",TRUE,
070,B,socp01,binary,"see bsocpyn -> no answer, wrong skip(-3)",-3,"no answer, wrong skip",TRUE,
070,B,socp01,binary,"see bsocpyn -> no answer, routing(-2)",-2,"no answer, routing",TRUE,
070,B,socp01,binary,"see bsocpyn -> no answer, asked(-1)",-1,"no answer, asked",TRUE,
070,B,socp01,binary,see bsocpyn -> no(1),1,no,FALSE,
070,B,socp01,binary,see bsocpyn -> yes(2),2,yes,FALSE,
070,B,socp02,binary,see bsocpyn -> interview broken off(-5),-5,interview broken off,TRUE,
070,B,socp02,binary,"see bsocpyn -> no answer, short version(-4)",-4,"no answer, short version",TRUE,
070,B,socp02,binary,"see bsocpyn -> no answer, wrong skip(-3)",-3,"no answer, wrong skip",TRUE,
070,B,socp02,binary,"see bsocpyn -> no answer, routing(-2)",-2,"no answer, routing",TRUE,
070,B,socp02,binary,"see bsocpyn -> no answer, asked(-1)",-1,"no answer, asked",TRUE,
070,B,socp02,binary,see bsocpyn -> no(1),1,no,FALSE,
070,B,socp02,binary,see bsocpyn -> yes(2),2,yes,FALSE,
070,B,socp03,binary,see bsocpyn -> interview broken off(-5),-5,interview broken off,TRUE,
070,B,socp03,binary,"see bsocpyn -> no answer, short version(-4)",-4,"no answer, short version",TRUE,
070,B,socp03,binary,"see bsocpyn -> no answer, wrong skip(-3)",-3,"no answer, wrong skip",TRUE,
070,B,socp03,binary,"see bsocpyn -> no answer, routing(-2)",-2,"no answer, routing",TRUE,
070,B,socp03,binary,"see bsocpyn -> no answer, asked(-1)",-1,"no answer, asked",TRUE,
070,B,socp03,binary,see bsocpyn -> no(1),1,no,FALSE,
070,B,socp03,binary,see bsocpyn -> yes(2),2,yes,FALSE,
070,B,socp04,binary,see bsocpyn -> interview broken off(-5),-5,interview broken off,TRUE,
070,B,socp04,binary,"see bsocpyn -> no answer, short version(-4)",-4,"no answer, short version",TRUE,
070,B,socp04,binary,"see bsocpyn -> no answer, wrong skip(-3)",-3,"no answer, wrong skip",TRUE,
070,B,socp04,binary,"see bsocpyn -> no answer, routing(-2)",-2,"no answer, routing",TRUE,
070,B,socp04,binary,"see bsocpyn -> no answer, asked(-1)",-1,"no answer, asked",TRUE,
070,B,socp04,binary,see bsocpyn -> no(1),1,no,FALSE,
070,B,socp04,binary,see bsocpyn -> yes(2),2,yes,FALSE,
070,B,socp05,binary,see bsocpyn -> interview broken off(-5),-5,interview broken off,TRUE,
070,B,socp05,binary,"see bsocpyn -> no answer, short version(-4)",-4,"no answer, short version",TRUE,
070,B,socp05,binary,"see bsocpyn -> no answer, wrong skip(-3)",-3,"no answer, wrong skip",TRUE,
070,B,socp05,binary,"see bsocpyn -> no answer, routing(-2)",-2,"no answer, routing",TRUE,
070,B,socp05,binary,"see bsocpyn -> no answer, asked(-1)",-1,"no answer, asked",TRUE,
070,B,socp05,binary,see bsocpyn -> no(1),1,no,FALSE,
070,B,socp05,binary,see bsocpyn -> yes(2),2,yes,FALSE,
070,B,socp06,binary,see bsocpyn -> interview broken off(-5),-5,interview broken off,TRUE,
070,B,socp06,binary,"see bsocpyn -> no answer, short version(-4)",-4,"no answer, short version",TRUE,
070,B,socp06,binary,"see bsocpyn -> no answer, wrong skip(-3)",-3,"no answer, wrong skip",TRUE,
070,B,socp06,binary,"see bsocpyn -> no answer, routing(-2)",-2,"no answer, routing",TRUE,
070,B,socp06,binary,"see bsocpyn -> no answer, asked(-1)",-1,"no answer, asked",TRUE,
070,B,socp06,binary,see bsocpyn -> no(1),1,no,FALSE,
070,B,socp06,binary,see bsocpyn -> yes(2),2,yes,FALSE,
070,B,socp07,binary,see bsocpyn -> interview broken off(-5),-5,interview broken off,TRUE,
070,B,socp07,binary,"see bsocpyn -> no answer, short version(-4)",-4,"no answer, short version",TRUE,
070,B,socp07,binary,"see bsocpyn -> no answer, wrong skip(-3)",-3,"no answer, wrong skip",TRUE,
070,B,socp07,binary,"see bsocpyn -> no answer, routing(-2)",-2,"no answer, routing",TRUE,
070,B,socp07,binary,"see bsocpyn -> no answer, asked(-1)",-1,"no answer, asked",TRUE,
070,B,socp07,binary,see bsocpyn -> no(1),1,no,FALSE,
070,B,socp07,binary,see bsocpyn -> yes(2),2,yes,FALSE,
070,B,socp08,binary,see bsocpyn -> interview broken off(-5),-5,interview broken off,TRUE,
070,B,socp08,binary,"see bsocpyn -> no answer, short version(-4)",-4,"no answer, short version",TRUE,
070,B,socp08,binary,"see bsocpyn -> no answer, wrong skip(-3)",-3,"no answer, wrong skip",TRUE,
070,B,socp08,binary,"see bsocpyn -> no answer, routing(-2)",-2,"no answer, routing",TRUE,
070,B,socp08,binary,"see bsocpyn -> no answer, asked(-1)",-1,"no answer, asked",TRUE,
070,B,socp08,binary,see bsocpyn -> no(1),1,no,FALSE,
070,B,socp08,binary,see bsocpyn -> yes(2),2,yes,FALSE,
070,B,socp09,binary,see bsocpyn -> interview broken off(-5),-5,interview broken off,TRUE,
070,B,socp09,binary,"see bsocpyn -> no answer, short version(-4)",-4,"no answer, short version",TRUE,
070,B,socp09,binary,"see bsocpyn -> no answer, wrong skip(-3)",-3,"no answer, wrong skip",TRUE,
070,B,socp09,binary,"see bsocpyn -> no answer, routing(-2)",-2,"no answer, routing",TRUE,
070,B,socp09,binary,"see bsocpyn -> no answer, asked(-1)",-1,"no answer, asked",TRUE,
070,B,socp09,binary,see bsocpyn -> no(1),1,no,FALSE,
070,B,socp09,binary,see bsocpyn -> yes(2),2,yes,FALSE,
070,B,socp10,binary,see bsocpyn -> interview broken off(-5),-5,interview broken off,TRUE,
070,B,socp10,binary,"see bsocpyn -> no answer, short version(-4)",-4,"no answer, short version",TRUE,
070,B,socp10,binary,"see bsocpyn -> no answer, wrong skip(-3)",-3,"no answer, wrong skip",TRUE,
070,B,socp10,binary,"see bsocpyn -> no answer, routing(-2)",-2,"no answer, routing",TRUE,
070,B,socp10,binary,"see bsocpyn -> no answer, asked(-1)",-1,"no answer, asked",TRUE,
070,B,socp10,binary,see bsocpyn -> no(1),1,no,FALSE,
070,B,socp10,binary,see bsocpyn -> yes(2),2,yes,FALSE,
070,B,socp11,binary,see bsocpyn -> interview broken off(-5),-5,interview broken off,TRUE,
070,B,socp11,binary,"see bsocpyn -> no answer, short version(-4)",-4,"no answer, short version",TRUE,
070,B,socp11,binary,"see bsocpyn -> no answer, wrong skip(-3)",-3,"no answer, wrong skip",TRUE,
070,B,socp11,binary,"see bsocpyn -> no answer, routing(-2)",-2,"no answer, routing",TRUE,
070,B,socp11,binary,"see bsocpyn -> no answer, asked(-1)",-1,"no answer, asked",TRUE,
070,B,socp11,binary,see bsocpyn -> no(1),1,no,FALSE,
070,B,socp11,binary,see bsocpyn -> yes(2),2,yes,FALSE,
070,B,socp12,binary,see bsocpyn -> interview broken off(-5),-5,interview broken off,TRUE,
070,B,socp12,binary,"see bsocpyn -> no answer, short version(-4)",-4,"no answer, short version",TRUE,
070,B,socp12,binary,"see bsocpyn -> no answer, wrong skip(-3)",-3,"no answer, wrong skip",TRUE,
070,B,socp12,binary,"see bsocpyn -> no answer, routing(-2)",-2,"no answer, routing",TRUE,
070,B,socp12,binary,"see bsocpyn -> no answer, asked(-1)",-1,"no answer, asked",TRUE,
070,B,socp12,binary,see bsocpyn -> no(1),1,no,FALSE,
070,B,socp12,binary,see bsocpyn -> yes(2),2,yes,FALSE,
070,B,socp13,binary,see bsocpyn -> interview broken off(-5),-5,interview broken off,TRUE,
070,B,socp13,binary,"see bsocpyn -> no answer, short version(-4)",-4,"no answer, short version",TRUE,
070,B,socp13,binary,"see bsocpyn -> no answer, wrong skip(-3)",-3,"no answer, wrong skip",TRUE,
070,B,socp13,binary,"see bsocpyn -> no answer, routing(-2)",-2,"no answer, routing",TRUE,
070,B,socp13,binary,"see bsocpyn -> no answer, asked(-1)",-1,"no answer, asked",TRUE,
070,B,socp13,binary,see bsocpyn -> no(1),1,no,FALSE,
070,B,socp13,binary,see bsocpyn -> yes(2),2,yes,FALSE,
070,B,socp14,ordinal,see bsocpyn -> interview broken off(-5),-5,interview broken off,TRUE,
070,B,socp14,ordinal,"see bsocpyn -> no answer, short version(-4)",-4,"no answer, short version",TRUE,
070,B,socp14,ordinal,"see bsocpyn -> no answer, wrong skip(-3)",-3,"no answer, wrong skip",TRUE,
070,B,socp14,ordinal,"see bsocpyn -> no answer, routing(-2)",-2,"no answer, routing",TRUE,
070,B,socp14,ordinal,"see bsocpyn -> no answer, asked(-1)",-1,"no answer, asked",TRUE,
070,B,socp14,ordinal,see bsocpyn -> no(1),1,no,FALSE,
070,B,socp14,ordinal,see bsocpyn -> yes(2),2,yes,FALSE,
070,B,socp15,ordinal,see bsocpyn -> interview broken off(-5),-5,interview broken off,TRUE,
070,B,socp15,ordinal,"see bsocpyn -> no answer, short version(-4)",-4,"no answer, short version",TRUE,
070,B,socp15,ordinal,"see bsocpyn -> no answer, wrong skip(-3)",-3,"no answer, wrong skip",TRUE,
070,B,socp15,ordinal,"see bsocpyn -> no answer, routing(-2)",-2,"no answer, routing",TRUE,
070,B,socp15,ordinal,"see bsocpyn -> no answer, asked(-1)",-1,"no answer, asked",TRUE,
070,B,socp15,ordinal,see bsocpyn -> no(1),1,no,FALSE,
070,B,socp15,ordinal,see bsocpyn -> yes(2),2,yes,FALSE,
070,B,socp16,ordinal,see bsocpyn -> interview broken off(-5),-5,interview broken off,TRUE,
070,B,socp16,ordinal,"see bsocpyn -> no answer, short version(-4)",-4,"no answer, short version",TRUE,
070,B,socp16,ordinal,"see bsocpyn -> no answer, wrong skip(-3)",-3,"no answer, wrong skip",TRUE,
070,B,socp16,ordinal,"see bsocpyn -> no answer, routing(-2)",-2,"no answer, routing",TRUE,
070,B,socp16,ordinal,"see bsocpyn -> no answer, asked(-1)",-1,"no answer, asked",TRUE,
070,B,socp16,ordinal,see bsocpyn -> no(1),1,no,FALSE,
070,B,socp16,ordinal,see bsocpyn -> yes(2),2,yes,FALSE,
070,B,socp17,ordinal,see bsocpyn -> interview broken off(-5),-5,interview broken off,TRUE,
070,B,socp17,ordinal,"see bsocpyn -> no answer, short version(-4)",-4,"no answer, short version",TRUE,
070,B,socp17,ordinal,"see bsocpyn -> no answer, wrong skip(-3)",-3,"no answer, wrong skip",TRUE,
070,B,socp17,ordinal,"see bsocpyn -> no answer, routing(-2)",-2,"no answer, routing",TRUE,
070,B,socp17,ordinal,"see bsocpyn -> no answer, asked(-1)",-1,"no answer, asked",TRUE,
070,B,socp17,ordinal,see bsocpyn -> no(1),1,no,FALSE,
070,B,socp17,ordinal,see bsocpyn -> yes(2),2,yes,FALSE,
070,B,socp18,ordinal,see bsocpyn -> interview broken off(-5),-5,interview broken off,TRUE,
070,B,socp18,ordinal,"see bsocpyn -> no answer, short version(-4)",-4,"no answer, short version",TRUE,
070,B,socp18,ordinal,"see bsocpyn -> no answer, wrong skip(-3)",-3,"no answer, wrong skip",TRUE,
070,B,socp18,ordinal,"see bsocpyn -> no answer, routing(-2)",-2,"no answer, routing",TRUE,
070,B,socp18,ordinal,"see bsocpyn -> no answer, asked(-1)",-1,"no answer, asked",TRUE,
070,B,socp18,ordinal,see bsocpyn -> no(1),1,no,FALSE,
070,B,socp18,ordinal,see bsocpyn -> yes(2),2,yes,FALSE,
070,B,socp19,ordinal,see bsocpyn -> interview broken off(-5),-5,interview broken off,TRUE,
070,B,socp19,ordinal,"see bsocpyn -> no answer, short version(-4)",-4,"no answer, short version",TRUE,
070,B,socp19,ordinal,"see bsocpyn -> no answer, wrong skip(-3)",-3,"no answer, wrong skip",TRUE,
070,B,socp19,ordinal,"see bsocpyn -> no answer, routing(-2)",-2,"no answer, routing",TRUE,
070,B,socp19,ordinal,"see bsocpyn -> no answer, asked(-1)",-1,"no answer, asked",TRUE,
070,B,socp19,ordinal,see bsocpyn -> no(1),1,no,FALSE,
070,B,socp19,ordinal,see bsocpyn -> yes(2),2,yes,FALSE,
070,B,socp20,ordinal,see bsocpyn -> interview broken off(-5),-5,interview broken off,TRUE,
070,B,socp20,ordinal,"see bsocpyn -> no answer, short version(-4)",-4,"no answer, short version",TRUE,
070,B,socp20,ordinal,"see bsocpyn -> no answer, wrong skip(-3)",-3,"no answer, wrong skip",TRUE,
070,B,socp20,ordinal,"see bsocpyn -> no answer, routing(-2)",-2,"no answer, routing",TRUE,
070,B,socp20,ordinal,"see bsocpyn -> no answer, asked(-1)",-1,"no answer, asked",TRUE,
070,B,socp20,ordinal,see bsocpyn -> no(1),1,no,FALSE,
070,B,socp20,ordinal,see bsocpyn -> yes(2),2,yes,FALSE,
070,B,socp21,ordinal,see bsocpyn -> interview broken off(-5),-5,interview broken off,TRUE,
070,B,socp21,ordinal,"see bsocpyn -> no answer, short version(-4)",-4,"no answer, short version",TRUE,
070,B,socp21,ordinal,"see bsocpyn -> no answer, wrong skip(-3)",-3,"no answer, wrong skip",TRUE,
070,B,socp21,ordinal,"see bsocpyn -> no answer, routing(-2)",-2,"no answer, routing",TRUE,
070,B,socp21,ordinal,"see bsocpyn -> no answer, asked(-1)",-1,"no answer, asked",TRUE,
070,B,socp21,ordinal,see bsocpyn -> no(1),1,no,FALSE,
070,B,socp21,ordinal,see bsocpyn -> yes(2),2,yes,FALSE,
070,B,socp22,ordinal,see bsocpyn -> interview broken off(-5),-5,interview broken off,TRUE,
070,B,socp22,ordinal,"see bsocpyn -> no answer, short version(-4)",-4,"no answer, short version",TRUE,
070,B,socp22,ordinal,"see bsocpyn -> no answer, wrong skip(-3)",-3,"no answer, wrong skip",TRUE,
070,B,socp22,ordinal,"see bsocpyn -> no answer, routing(-2)",-2,"no answer, routing",TRUE,
070,B,socp22,ordinal,"see bsocpyn -> no answer, asked(-1)",-1,"no answer, asked",TRUE,
070,B,socp22,ordinal,see bsocpyn -> no(1),1,no,FALSE,
070,B,socp22,ordinal,see bsocpyn -> yes(2),2,yes,FALSE,
070,B,socp23,ordinal,see bsocpyn -> interview broken off(-5),-5,interview broken off,TRUE,
070,B,socp23,ordinal,"see bsocpyn -> no answer, short version(-4)",-4,"no answer, short version",TRUE,
070,B,socp23,ordinal,"see bsocpyn -> no answer, wrong skip(-3)",-3,"no answer, wrong skip",TRUE,
070,B,socp23,ordinal,"see bsocpyn -> no answer, routing(-2)",-2,"no answer, routing",TRUE,
070,B,socp23,ordinal,"see bsocpyn -> no answer, asked(-1)",-1,"no answer, asked",TRUE,
070,B,socp23,ordinal,see bsocpyn -> no(1),1,no,FALSE,
070,B,socp23,ordinal,see bsocpyn -> yes(2),2,yes,FALSE,
070,B,socp24,ordinal,see bsocpyn -> interview broken off(-5),-5,interview broken off,TRUE,
070,B,socp24,ordinal,"see bsocpyn -> no answer, short version(-4)",-4,"no answer, short version",TRUE,
070,B,socp24,ordinal,"see bsocpyn -> no answer, wrong skip(-3)",-3,"no answer, wrong skip",TRUE,
070,B,socp24,ordinal,"see bsocpyn -> no answer, routing(-2)",-2,"no answer, routing",TRUE,
070,B,socp24,ordinal,"see bsocpyn -> no answer, asked(-1)",-1,"no answer, asked",TRUE,
070,B,socp24,ordinal,see bsocpyn -> no(1),1,no,FALSE,
070,B,socp24,ordinal,see bsocpyn -> yes(2),2,yes,FALSE,
070,B,socp25,ordinal,see bsocpyn -> interview broken off(-5),-5,interview broken off,TRUE,
070,B,socp25,ordinal,"see bsocpyn -> no answer, short version(-4)",-4,"no answer, short version",TRUE,
070,B,socp25,ordinal,"see bsocpyn -> no answer, wrong skip(-3)",-3,"no answer, wrong skip",TRUE,
070,B,socp25,ordinal,"see bsocpyn -> no answer, routing(-2)",-2,"no answer, routing",TRUE,
070,B,socp25,ordinal,"see bsocpyn -> no answer, asked(-1)",-1,"no answer, asked",TRUE,
070,B,socp25,ordinal,see bsocpyn -> no(1),1,no,FALSE,
070,B,socp25,ordinal,see bsocpyn -> yes(2),2,yes,FALSE,
070,B,socp26,ordinal,see bsocpyn -> interview broken off(-5),-5,interview broken off,TRUE,
070,B,socp26,ordinal,"see bsocpyn -> no answer, short version(-4)",-4,"no answer, short version",TRUE,
070,B,socp26,ordinal,"see bsocpyn -> no answer, wrong skip(-3)",-3,"no answer, wrong skip",TRUE,
070,B,socp26,ordinal,"see bsocpyn -> no answer, routing(-2)",-2,"no answer, routing",TRUE,
070,B,socp26,ordinal,"see bsocpyn -> no answer, asked(-1)",-1,"no answer, asked",TRUE,
070,B,socp26,ordinal,see bsocpyn -> no(1),1,no,FALSE,
070,B,socp26,ordinal,see bsocpyn -> yes(2),2,yes,FALSE,
070,B,socp27,ordinal,interview broken off(-5),-5,interview broken off,TRUE,
070,B,socp27,ordinal,"no answer, short version(-4)",-4,"no answer, short version",TRUE,
070,B,socp27,ordinal,"no answer, wrong skip(-3)",-3,"no answer, wrong skip",TRUE,
070,B,socp27,ordinal,"no answer, routing(-2)",-2,"no answer, routing",TRUE,
070,B,socp27,ordinal,"no answer, asked(-1)",-1,"no answer, asked",TRUE,
070,B,socp27,ordinal,does not visit(0),0,does not visit,FALSE,
070,B,socp28,binary,interview broken off(-5),-5,interview broken off,TRUE,
070,B,socp28,binary,"no answer, short version(-4)",-4,"no answer, short version",TRUE,
070,B,socp28,binary,"no answer, wrong skip(-3)",-3,"no answer, wrong skip",TRUE,
070,B,socp28,binary,"no answer, routing(-2)",-2,"no answer, routing",TRUE,
070,B,socp28,binary,"no answer, asked(-1)",-1,"no answer, asked",TRUE,
070,B,socp28,binary,does not visit(0),0,does not visit,FALSE,
070,B,socp28,binary,no(1),1,no,FALSE,
070,B,socp28,binary,yes(2),2,yes,FALSE,
070,B,socp30,numeric,interview broken off(-5),-5,interview broken off,TRUE,
070,B,socp30,numeric,"no answer, short version(-4)",-4,"no answer, short version",TRUE,
070,B,socp30,numeric,"no answer, wrong skip(-3)",-3,"no answer, wrong skip",TRUE,
070,B,socp30,numeric,"no answer, routing(-2)",-2,"no answer, routing",TRUE,
070,B,socp30,numeric,"no answer, asked(-1)",-1,"no answer, asked",TRUE,
070,B,socp31,binary,interview broken off(-5),-5,interview broken off,TRUE,
070,B,socp31,binary,"no answer, short version(-4)",-4,"no answer, short version",TRUE,
070,B,socp31,binary,"no answer, wrong skip(-3)",-3,"no answer, wrong skip",TRUE,
070,B,socp31,binary,"no answer, routing(-2)",-2,"no answer, routing",TRUE,
070,B,socp31,binary,"no answer, asked(-1)",-1,"no answer, asked",TRUE,
070,B,socp31,binary,no(1),1,no,FALSE,
070,B,socp31,binary,yes(2),2,yes,FALSE,
070,B,socp33,numeric,interview broken off(-5),-5,interview broken off,TRUE,
070,B,socp33,numeric,"no answer, short version(-4)",-4,"no answer, short version",TRUE,
070,B,socp33,numeric,"no answer, wrong skip(-3)",-3,"no answer, wrong skip",TRUE,
070,B,socp33,numeric,"no answer, routing(-2)",-2,"no answer, routing",TRUE,
070,B,socp33,numeric,"no answer, asked(-1)",-1,"no answer, asked",TRUE,
070,B,socp34,categorical,interview broken off(-5),-5,interview broken off,TRUE,
070,B,socp34,categorical,"no answer, short version(-4)",-4,"no answer, short version",TRUE,
070,B,socp34,categorical,"no answer, wrong skip(-3)",-3,"no answer, wrong skip",TRUE,
070,B,socp34,categorical,"no answer, routing(-2)",-2,"no answer, routing",TRUE,
070,B,socp34,categorical,"no answer, asked(-1)",-1,"no answer, asked",TRUE,
070,B,socp34,categorical,very applicable(1),1,very applicable,FALSE,
070,B,socp34,categorical,applicable(2),2,applicable,FALSE,
070,B,socp34,categorical,a little applicable(3),3,a little applicable,FALSE,
070,B,socp34,categorical,not applicable(4),4,not applicable,FALSE,
070,B,socp35,categorical,see bsocp34 -> interview broken off(-5),-5,interview broken off,TRUE,
070,B,socp35,categorical,"see bsocp34 -> no answer, short version(-4)",-4,"no answer, short version",TRUE,
070,B,socp35,categorical,"see bsocp34 -> no answer, wrong skip(-3)",-3,"no answer, wrong skip",TRUE,
070,B,socp35,categorical,"see bsocp34 -> no answer, routing(-2)",-2,"no answer, routing",TRUE,
070,B,socp35,categorical,"see bsocp34 -> no answer, asked(-1)",-1,"no answer, asked",TRUE,
070,B,socp35,categorical,see bsocp34 -> very applicable(1),1,very applicable,FALSE,
070,B,socp35,categorical,see bsocp34 -> applicable(2),2,applicable,FALSE,
070,B,socp35,categorical,see bsocp34 -> a little applicable(3),3,a little applicable,FALSE,
070,B,socp35,categorical,see bsocp34 -> not applicable(4),4,not applicable,FALSE,
070,B,socp36,categorical,see bsocp34 -> interview broken off(-5),-5,interview broken off,TRUE,
070,B,socp36,categorical,"see bsocp34 -> no answer, short version(-4)",-4,"no answer, short version",TRUE,
070,B,socp36,categorical,"see bsocp34 -> no answer, wrong skip(-3)",-3,"no answer, wrong skip",TRUE,
070,B,socp36,categorical,"see bsocp34 -> no answer, routing(-2)",-2,"no answer, routing",TRUE,
070,B,socp36,categorical,"see bsocp34 -> no answer, asked(-1)",-1,"no answer, asked",TRUE,
070,B,socp36,categorical,see bsocp34 -> very applicable(1),1,very applicable,FALSE,
070,B,socp36,categorical,see bsocp34 -> applicable(2),2,applicable,FALSE,
070,B,socp36,categorical,see bsocp34 -> a little applicable(3),3,a little applicable,FALSE,
070,B,socp36,categorical,see bsocp34 -> not applicable(4),4,not applicable,FALSE,
070,B,socp37,categorical,see bsocp34 -> interview broken off(-5),-5,interview broken off,TRUE,
070,B,socp37,categorical,"see bsocp34 -> no answer, short version(-4)",-4,"no answer, short version",TRUE,
070,B,socp37,categorical,"see bsocp34 -> no answer, wrong skip(-3)",-3,"no answer, wrong skip",TRUE,
070,B,socp37,categorical,"see bsocp34 -> no answer, routing(-2)",-2,"no answer, routing",TRUE,
070,B,socp37,categorical,"see bsocp34 -> no answer, asked(-1)",-1,"no answer, asked",TRUE,
070,B,socp37,categorical,see bsocp34 -> very applicable(1),1,very applicable,FALSE,
070,B,socp37,categorical,see bsocp34 -> applicable(2),2,applicable,FALSE,
070,B,socp37,categorical,see bsocp34 -> a little applicable(3),3,a little applicable,FALSE,
070,B,socp37,categorical,see bsocp34 -> not applicable(4),4,not applicable,FALSE,
070,B,socp38,categorical,see bsocp34 -> interview broken off(-5),-5,interview broken off,TRUE,
070,B,socp38,categorical,"see bsocp34 -> no answer, short version(-4)",-4,"no answer, short version",TRUE,
070,B,socp38,categorical,"see bsocp34 -> no answer, wrong skip(-3)",-3,"no answer, wrong skip",TRUE,
070,B,socp38,categorical,"see bsocp34 -> no answer, routing(-2)",-2,"no answer, routing",TRUE,
070,B,socp38,categorical,"see bsocp34 -> no answer, asked(-1)",-1,"no answer, asked",TRUE,
070,B,socp38,categorical,see bsocp34 -> very applicable(1),1,very applicable,FALSE,
070,B,socp38,categorical,see bsocp34 -> applicable(2),2,applicable,FALSE,
070,B,socp38,categorical,see bsocp34 -> a little applicable(3),3,a little applicable,FALSE,
070,B,socp38,categorical,see bsocp34 -> not applicable(4),4,not applicable,FALSE,
070,B,socp39,categorical,see bsocp34 -> interview broken off(-5),-5,interview broken off,TRUE,
070,B,socp39,categorical,"see bsocp34 -> no answer, short version(-4)",-4,"no answer, short version",TRUE,
070,B,socp39,categorical,"see bsocp34 -> no answer, wrong skip(-3)",-3,"no answer, wrong skip",TRUE,
070,B,socp39,categorical,"see bsocp34 -> no answer, routing(-2)",-2,"no answer, routing",TRUE,
070,B,socp39,categorical,"see bsocp34 -> no answer, asked(-1)",-1,"no answer, asked",TRUE,
070,B,socp39,categorical,see bsocp34 -> very applicable(1),1,very applicable,FALSE,
070,B,socp39,categorical,see bsocp34 -> applicable(2),2,applicable,FALSE,
070,B,socp39,categorical,see bsocp34 -> a little applicable(3),3,a little applicable,FALSE,
070,B,socp39,categorical,see bsocp34 -> not applicable(4),4,not applicable,FALSE,
070,B,socp40,categorical,see bsocp34 -> interview broken off(-5),-5,interview broken off,TRUE,
070,B,socp40,categorical,"see bsocp34 -> no answer, short version(-4)",-4,"no answer, short version",TRUE,
070,B,socp40,categorical,"see bsocp34 -> no answer, wrong skip(-3)",-3,"no answer, wrong skip",TRUE,
070,B,socp40,categorical,"see bsocp34 -> no answer, routing(-2)",-2,"no answer, routing",TRUE,
070,B,socp40,categorical,"see bsocp34 -> no answer, asked(-1)",-1,"no answer, asked",TRUE,
070,B,socp40,categorical,see bsocp34 -> very applicable(1),1,very applicable,FALSE,
070,B,socp40,categorical,see bsocp34 -> applicable(2),2,applicable,FALSE,
070,B,socp40,categorical,see bsocp34 -> a little applicable(3),3,a little applicable,FALSE,
070,B,socp40,categorical,see bsocp34 -> not applicable(4),4,not applicable,FALSE,
070,B,socp41,categorical,see bsocp34 -> interview broken off(-5),-5,interview broken off,TRUE,
070,B,socp41,categorical,"see bsocp34 -> no answer, short version(-4)",-4,"no answer, short version",TRUE,
070,B,socp41,categorical,"see bsocp34 -> no answer, wrong skip(-3)",-3,"no answer, wrong skip",TRUE,
070,B,socp41,categorical,"see bsocp34 -> no answer, routing(-2)",-2,"no answer, routing",TRUE,
070,B,socp41,categorical,"see bsocp34 -> no answer, asked(-1)",-1,"no answer, asked",TRUE,
070,B,socp41,categorical,see bsocp34 -> very applicable(1),1,very applicable,FALSE,
070,B,socp41,categorical,see bsocp34 -> applicable(2),2,applicable,FALSE,
070,B,socp41,categorical,see bsocp34 -> a little applicable(3),3,a little applicable,FALSE,
070,B,socp41,categorical,see bsocp34 -> not applicable(4),4,not applicable,FALSE,
070,B,socp42,categorical,see bsocp34 -> interview broken off(-5),-5,interview broken off,TRUE,
070,B,socp42,categorical,"see bsocp34 -> no answer, short version(-4)",-4,"no answer, short version",TRUE,
070,B,socp42,categorical,"see bsocp34 -> no answer, wrong skip(-3)",-3,"no answer, wrong skip",TRUE,
070,B,socp42,categorical,"see bsocp34 -> no answer, routing(-2)",-2,"no answer, routing",TRUE,
070,B,socp42,categorical,"see bsocp34 -> no answer, asked(-1)",-1,"no answer, asked",TRUE,
070,B,socp42,categorical,see bsocp34 -> very applicable(1),1,very applicable,FALSE,
070,B,socp42,categorical,see bsocp34 -> applicable(2),2,applicable,FALSE,
070,B,socp42,categorical,see bsocp34 -> a little applicable(3),3,a little applicable,FALSE,
070,B,socp42,categorical,see bsocp34 -> not applicable(4),4,not applicable,FALSE,
070,B,socp43,categorical,see bsocp34 -> interview broken off(-5),-5,interview broken off,TRUE,
070,B,socp43,categorical,"see bsocp34 -> no answer, short version(-4)",-4,"no answer, short version",TRUE,
070,B,socp43,categorical,"see bsocp34 -> no answer, wrong skip(-3)",-3,"no answer, wrong skip",TRUE,
070,B,socp43,categorical,"see bsocp34 -> no answer, routing(-2)",-2,"no answer, routing",TRUE,
070,B,socp43,categorical,"see bsocp34 -> no answer, asked(-1)",-1,"no answer, asked",TRUE,
070,B,socp43,categorical,see bsocp34 -> very applicable(1),1,very applicable,FALSE,
070,B,socp43,categorical,see bsocp34 -> applicable(2),2,applicable,FALSE,
070,B,socp43,categorical,see bsocp34 -> a little applicable(3),3,a little applicable,FALSE,
070,B,socp43,categorical,see bsocp34 -> not applicable(4),4,not applicable,FALSE,
070,B,socp44,categorical,see bsocp34 -> interview broken off(-5),-5,interview broken off,TRUE,
070,B,socp44,categorical,"see bsocp34 -> no answer, short version(-4)",-4,"no answer, short version",TRUE,
070,B,socp44,categorical,"see bsocp34 -> no answer, wrong skip(-3)",-3,"no answer, wrong skip",TRUE,
070,B,socp44,categorical,"see bsocp34 -> no answer, routing(-2)",-2,"no answer, routing",TRUE,
070,B,socp44,categorical,"see bsocp34 -> no answer, asked(-1)",-1,"no answer, asked",TRUE,
070,B,socp44,categorical,see bsocp34 -> very applicable(1),1,very applicable,FALSE,
070,B,socp44,categorical,see bsocp34 -> applicable(2),2,applicable,FALSE,
070,B,socp44,categorical,see bsocp34 -> a little applicable(3),3,a little applicable,FALSE,
070,B,socp44,categorical,see bsocp34 -> not applicable(4),4,not applicable,FALSE,
070,B,socp45,categorical,see bsocp34 -> interview broken off(-5),-5,interview broken off,TRUE,
070,B,socp45,categorical,"see bsocp34 -> no answer, short version(-4)",-4,"no answer, short version",TRUE,
070,B,socp45,categorical,"see bsocp34 -> no answer, wrong skip(-3)",-3,"no answer, wrong skip",TRUE,
070,B,socp45,categorical,"see bsocp34 -> no answer, routing(-2)",-2,"no answer, routing",TRUE,
070,B,socp45,categorical,"see bsocp34 -> no answer, asked(-1)",-1,"no answer, asked",TRUE,
070,B,socp45,categorical,see bsocp34 -> very applicable(1),1,very applicable,FALSE,
070,B,socp45,categorical,see bsocp34 -> applicable(2),2,applicable,FALSE,
070,B,socp45,categorical,see bsocp34 -> a little applicable(3),3,a little applicable,FALSE,
070,B,socp45,categorical,see bsocp34 -> not applicable(4),4,not applicable,FALSE,
070,B,socp46,ordinal,interview broken off(-5),-5,interview broken off,TRUE,
070,B,socp46,ordinal,"no answer, short version(-4)",-4,"no answer, short version",TRUE,
070,B,socp46,ordinal,"no answer, wrong skip(-3)",-3,"no answer, wrong skip",TRUE,
070,B,socp46,ordinal,"no answer, routing(-2)",-2,"no answer, routing",TRUE,
070,B,socp46,ordinal,"no answer, asked(-1)",-1,"no answer, asked",TRUE,
070,B,socp46,ordinal,does not visit(0),0,does not visit,FALSE,
070,B,socp47,ordinal,see bsocp46 -> interview broken off(-5),-5,interview broken off,TRUE,
070,B,socp47,ordinal,"see bsocp46 -> no answer, short version(-4)",-4,"no answer, short version",TRUE,
070,B,socp47,ordinal,"see bsocp46 -> no answer, wrong skip(-3)",-3,"no answer, wrong skip",TRUE,
070,B,socp47,ordinal,"see bsocp46 -> no answer, routing(-2)",-2,"no answer, routing",TRUE,
070,B,socp47,ordinal,"see bsocp46 -> no answer, asked(-1)",-1,"no answer, asked",TRUE,
070,B,socp47,ordinal,see bsocp46 -> does not visit(0),0,does not visit,FALSE,
070,B,socp48,ordinal,see bsocp46 -> interview broken off(-5),-5,interview broken off,TRUE,
070,B,socp48,ordinal,"see bsocp46 -> no answer, short version(-4)",-4,"no answer, short version",TRUE,
070,B,socp48,ordinal,"see bsocp46 -> no answer, wrong skip(-3)",-3,"no answer, wrong skip",TRUE,
070,B,socp48,ordinal,"see bsocp46 -> no answer, routing(-2)",-2,"no answer, routing",TRUE,
070,B,socp48,ordinal,"see bsocp46 -> no answer, asked(-1)",-1,"no answer, asked",TRUE,
070,B,socp48,ordinal,see bsocp46 -> does not visit(0),0,does not visit,FALSE,
070,B,socp49,ordinal,see bsocp46 -> interview broken off(-5),-5,interview broken off,TRUE,
070,B,socp49,ordinal,"see bsocp46 -> no answer, short version(-4)",-4,"no answer, short version",TRUE,
070,B,socp49,ordinal,"see bsocp46 -> no answer, wrong skip(-3)",-3,"no answer, wrong skip",TRUE,
070,B,socp49,ordinal,"see bsocp46 -> no answer, routing(-2)",-2,"no answer, routing",TRUE,
070,B,socp49,ordinal,"see bsocp46 -> no answer, asked(-1)",-1,"no answer, asked",TRUE,
070,B,socp49,ordinal,see bsocp46 -> does not visit(0),0,does not visit,FALSE,
070,B,socpr50,ordinal,see bsocp46 -> interview broken off(-5),-5,interview broken off,TRUE,
070,B,socpr50,ordinal,"see bsocp46 -> no answer, short version(-4)",-4,"no answer, short version",TRUE,
070,B,socpr50,ordinal,"see bsocp46 -> no answer, wrong skip(-3)",-3,"no answer, wrong skip",TRUE,
070,B,socpr50,ordinal,"see bsocp46 -> no answer, routing(-2)",-2,"no answer, routing",TRUE,
070,B,socpr50,ordinal,"see bsocp46 -> no answer, asked(-1)",-1,"no answer, asked",TRUE,
070,B,socpr50,ordinal,see bsocp46 -> does not visit(0),0,does not visit,FALSE,
070,B,socp51,ordinal,see bsocp46 -> interview broken off(-5),-5,interview broken off,TRUE,
070,B,socp51,ordinal,"see bsocp46 -> no answer, short version(-4)",-4,"no answer, short version",TRUE,
070,B,socp51,ordinal,"see bsocp46 -> no answer, wrong skip(-3)",-3,"no answer, wrong skip",TRUE,
070,B,socp51,ordinal,"see bsocp46 -> no answer, routing(-2)",-2,"no answer, routing",TRUE,
070,B,socp51,ordinal,"see bsocp46 -> no answer, asked(-1)",-1,"no answer, asked",TRUE,
070,B,socp51,ordinal,see bsocp46 -> does not visit(0),0,does not visit,FALSE,
070,B,socp52,ordinal,see bsocp46 -> interview broken off(-5),-5,interview broken off,TRUE,
070,B,socp52,ordinal,"see bsocp46 -> no answer, short version(-4)",-4,"no answer, short version",TRUE,
070,B,socp52,ordinal,"see bsocp46 -> no answer, wrong skip(-3)",-3,"no answer, wrong skip",TRUE,
070,B,socp52,ordinal,"see bsocp46 -> no answer, routing(-2)",-2,"no answer, routing",TRUE,
070,B,socp52,ordinal,"see bsocp46 -> no answer, asked(-1)",-1,"no answer, asked",TRUE,
070,B,socp52,ordinal,see bsocp46 -> does not visit(0),0,does not visit,FALSE,
070,B,socp54,numeric,interview broken off(-5),-5,interview broken off,TRUE,
070,B,socp54,numeric,"no answer, short version(-4)",-4,"no answer, short version",TRUE,
070,B,socp54,numeric,"no answer, wrong skip(-3)",-3,"no answer, wrong skip",TRUE,
070,B,socp54,numeric,"no answer, routing(-2)",-2,"no answer, routing",TRUE,
070,B,socp54,numeric,"no answer, asked(-1)",-1,"no answer, asked",TRUE,
070,B,socp55,binary,interview broken off(-5),-5,interview broken off,TRUE,
070,B,socp55,binary,"no answer, short version(-4)",-4,"no answer, short version",TRUE,
070,B,socp55,binary,"no answer, wrong skip(-3)",-3,"no answer, wrong skip",TRUE,
070,B,socp55,binary,"no answer, routing(-2)",-2,"no answer, routing",TRUE,
070,B,socp55,binary,"no answer, asked(-1)",-1,"no answer, asked",TRUE,
070,B,socp55,binary,no(1),1,no,FALSE,
070,B,socp55,binary,yes(2),2,yes,FALSE,
070,B,socp56,binary,see bsocp55 -> interview broken off(-5),-5,interview broken off,TRUE,
070,B,socp56,binary,"see bsocp55 -> no answer, short version(-4)",-4,"no answer, short version",TRUE,
070,B,socp56,binary,"see bsocp55 -> no answer, wrong skip(-3)",-3,"no answer, wrong skip",TRUE,
070,B,socp56,binary,"see bsocp55 -> no answer, routing(-2)",-2,"no answer, routing",TRUE,
070,B,socp56,binary,"see bsocp55 -> no answer, asked(-1)",-1,"no answer, asked",TRUE,
070,B,socp56,binary,see bsocp55 -> no(1),1,no,FALSE,
070,B,socp56,binary,see bsocp55 -> yes(2),2,yes,FALSE,
070,B,socp57,binary,see bsocp55 -> interview broken off(-5),-5,interview broken off,TRUE,
070,B,socp57,binary,"see bsocp55 -> no answer, short version(-4)",-4,"no answer, short version",TRUE,
070,B,socp57,binary,"see bsocp55 -> no answer, wrong skip(-3)",-3,"no answer, wrong skip",TRUE,
070,B,socp57,binary,"see bsocp55 -> no answer, routing(-2)",-2,"no answer, routing",TRUE,
070,B,socp57,binary,"see bsocp55 -> no answer, asked(-1)",-1,"no answer, asked",TRUE,
070,B,socp57,binary,see bsocp55 -> no(1),1,no,FALSE,
070,B,socp57,binary,see bsocp55 -> yes(2),2,yes,FALSE,
070,B,socp58,binary,see bsocp55 -> interview broken off(-5),-5,interview broken off,TRUE,
070,B,socp58,binary,"see bsocp55 -> no answer, short version(-4)",-4,"no answer, short version",TRUE,
070,B,socp58,binary,"see bsocp55 -> no answer, wrong skip(-3)",-3,"no answer, wrong skip",TRUE,
070,B,socp58,binary,"see bsocp55 -> no answer, routing(-2)",-2,"no answer, routing",TRUE,
070,B,socp58,binary,"see bsocp55 -> no answer, asked(-1)",-1,"no answer, asked",TRUE,
070,B,socp58,binary,see bsocp55 -> no(1),1,no,FALSE,
070,B,socp58,binary,see bsocp55 -> yes(2),2,yes,FALSE,
070,B,socp59,binary,see bsocp55 -> interview broken off(-5),-5,interview broken off,TRUE,
070,B,socp59,binary,"see bsocp55 -> no answer, short version(-4)",-4,"no answer, short version",TRUE,
070,B,socp59,binary,"see bsocp55 -> no answer, wrong skip(-3)",-3,"no answer, wrong skip",TRUE,
070,B,socp59,binary,"see bsocp55 -> no answer, routing(-2)",-2,"no answer, routing",TRUE,
070,B,socp59,binary,"see bsocp55 -> no answer, asked(-1)",-1,"no answer, asked",TRUE,
070,B,socp59,binary,see bsocp55 -> no(1),1,no,FALSE,
070,B,socp59,binary,see bsocp55 -> yes(2),2,yes,FALSE,
070,B,socp60,binary,see bsocp55 -> interview broken off(-5),-5,interview broken off,TRUE,
070,B,socp60,binary,"see bsocp55 -> no answer, short version(-4)",-4,"no answer, short version",TRUE,
070,B,socp60,binary,"see bsocp55 -> no answer, wrong skip(-3)",-3,"no answer, wrong skip",TRUE,
070,B,socp60,binary,"see bsocp55 -> no answer, routing(-2)",-2,"no answer, routing",TRUE,
070,B,socp60,binary,"see bsocp55 -> no answer, asked(-1)",-1,"no answer, asked",TRUE,
070,B,socp60,binary,see bsocp55 -> no(1),1,no,FALSE,
070,B,socp60,binary,see bsocp55 -> yes(2),2,yes,FALSE,
070,B,socp61,binary,see bsocp55 -> interview broken off(-5),-5,interview broken off,TRUE,
070,B,socp61,binary,"see bsocp55 -> no answer, short version(-4)",-4,"no answer, short version",TRUE,
070,B,socp61,binary,"see bsocp55 -> no answer, wrong skip(-3)",-3,"no answer, wrong skip",TRUE,
070,B,socp61,binary,"see bsocp55 -> no answer, routing(-2)",-2,"no answer, routing",TRUE,
070,B,socp61,binary,"see bsocp55 -> no answer, asked(-1)",-1,"no answer, asked",TRUE,
070,B,socp61,binary,see bsocp55 -> no(1),1,no,FALSE,
070,B,socp61,binary,see bsocp55 -> yes(2),2,yes,FALSE,
070,B,socp62,binary,see bsocp55 -> interview broken off(-5),-5,interview broken off,TRUE,
070,B,socp62,binary,"see bsocp55 -> no answer, short version(-4)",-4,"no answer, short version",TRUE,
070,B,socp62,binary,"see bsocp55 -> no answer, wrong skip(-3)",-3,"no answer, wrong skip",TRUE,
070,B,socp62,binary,"see bsocp55 -> no answer, routing(-2)",-2,"no answer, routing",TRUE,
070,B,socp62,binary,"see bsocp55 -> no answer, asked(-1)",-1,"no answer, asked",TRUE,
070,B,socp62,binary,see bsocp55 -> no(1),1,no,FALSE,
070,B,socp62,binary,see bsocp55 -> yes(2),2,yes,FALSE,
070,B,socp63,categorical,interview broken off(-5),-5,interview broken off,TRUE,
070,B,socp63,categorical,"no answer, short version(-4)",-4,"no answer, short version",TRUE,
070,B,socp63,categorical,"no answer, wrong skip(-3)",-3,"no answer, wrong skip",TRUE,
070,B,socp63,categorical,"no answer, routing(-2)",-2,"no answer, routing",TRUE,
070,B,socp63,categorical,"no answer, asked(-1)",-1,"no answer, asked",TRUE,
070,B,socp63,categorical,very applicable(1),1,very applicable,FALSE,
070,B,socp63,categorical,applicable(2),2,applicable,FALSE,
070,B,socp63,categorical,a little applicable(3),3,a little applicable,FALSE,
070,B,socp63,categorical,not applicable(4),4,not applicable,FALSE,
070,B,socp64,categorical,see bsocp63 -> interview broken off(-5),-5,interview broken off,TRUE,
070,B,socp64,categorical,"see bsocp63 -> no answer, short version(-4)",-4,"no answer, short version",TRUE,
070,B,socp64,categorical,"see bsocp63 -> no answer, wrong skip(-3)",-3,"no answer, wrong skip",TRUE,
070,B,socp64,categorical,"see bsocp63 -> no answer, routing(-2)",-2,"no answer, routing",TRUE,
070,B,socp64,categorical,"see bsocp63 -> no answer, asked(-1)",-1,"no answer, asked",TRUE,
070,B,socp64,categorical,see bsocp63 -> very applicable(1),1,very applicable,FALSE,
070,B,socp64,categorical,see bsocp63 -> applicable(2),2,applicable,FALSE,
070,B,socp64,categorical,see bsocp63 -> a little applicable(3),3,a little applicable,FALSE,
070,B,socp64,categorical,see bsocp63 -> not applicable(4),4,not applicable,FALSE,
070,B,socp65,categorical,see bsocp63 -> interview broken off(-5),-5,interview broken off,TRUE,
070,B,socp65,categorical,"see bsocp63 -> no answer, short version(-4)",-4,"no answer, short version",TRUE,
070,B,socp65,categorical,"see bsocp63 -> no answer, wrong skip(-3)",-3,"no answer, wrong skip",TRUE,
070,B,socp65,categorical,"see bsocp63 -> no answer, routing(-2)",-2,"no answer, routing",TRUE,
070,B,socp65,categorical,"see bsocp63 -> no answer, asked(-1)",-1,"no answer, asked",TRUE,
070,B,socp65,categorical,see bsocp63 -> very applicable(1),1,very applicable,FALSE,
070,B,socp65,categorical,see bsocp63 -> applicable(2),2,applicable,FALSE,
070,B,socp65,categorical,see bsocp63 -> a little applicable(3),3,a little applicable,FALSE,
070,B,socp65,categorical,see bsocp63 -> not applicable(4),4,not applicable,FALSE,
070,B,socp66,categorical,interview broken off(-5),-5,interview broken off,TRUE,
070,B,socp66,categorical,"no answer, short version(-4)",-4,"no answer, short version",TRUE,
070,B,socp66,categorical,"no answer, wrong skip(-3)",-3,"no answer, wrong skip",TRUE,
070,B,socp66,categorical,"no answer, routing(-2)",-2,"no answer, routing",TRUE,
070,B,socp66,categorical,"no answer, asked(-1)",-1,"no answer, asked",TRUE,
070,B,socp66,categorical,agree(1),1,agree,FALSE,
070,B,socp66,categorical,disagree(2),2,disagree,FALSE,
070,B,socp66,categorical,no opinion / do not know(3),3,no opinion / do not know,FALSE,
070,B,socp67,numeric,interview broken off(-5),-5,interview broken off,TRUE,
070,B,socp67,numeric,"no answer, short version(-4)",-4,"no answer, short version",TRUE,
070,B,socp67,numeric,"no answer, wrong skip(-3)",-3,"no answer, wrong skip",TRUE,
070,B,socp67,numeric,"no answer, routing(-2)",-2,"no answer, routing",TRUE,
070,B,socp67,numeric,"no answer, asked(-1)",-1,"no answer, asked",TRUE,
070,B,socp67,numeric,dependent of person(0),0,dependent of person,FALSE,
070,B,socp68,categorical,interview broken off(-5),-5,interview broken off,TRUE,
070,B,socp68,categorical,"no answer, short version(-4)",-4,"no answer, short version",TRUE,
070,B,socp68,categorical,"no answer, wrong skip(-3)",-3,"no answer, wrong skip",TRUE,
070,B,socp68,categorical,"no answer, routing(-2)",-2,"no answer, routing",TRUE,
070,B,socp68,categorical,"no answer, asked(-1)",-1,"no answer, asked",TRUE,
070,B,socp68,categorical,agree(1),1,agree,FALSE,
070,B,socp68,categorical,disagree(2),2,disagree,FALSE,
070,B,socp68,categorical,no opinion / do not know(3),3,no opinion / do not know,FALSE,
070,B,socp69,numeric,interview broken off(-5),-5,interview broken off,TRUE,
070,B,socp69,numeric,"no answer, short version(-4)",-4,"no answer, short version",TRUE,
070,B,socp69,numeric,"no answer, wrong skip(-3)",-3,"no answer, wrong skip",TRUE,
070,B,socp69,numeric,"no answer, routing(-2)",-2,"no answer, routing",TRUE,
070,B,socp69,numeric,"no answer, asked(-1)",-1,"no answer, asked",TRUE,
070,B,socp69,numeric,dependent of person(0),0,dependent of person,FALSE,
070,B,socp70,categorical,interview broken off(-5),-5,interview broken off,TRUE,
070,B,socp70,categorical,"no answer, short version(-4)",-4,"no answer, short version",TRUE,
070,B,socp70,categorical,"no answer, wrong skip(-3)",-3,"no answer, wrong skip",TRUE,
070,B,socp70,categorical,"no answer, routing(-2)",-2,"no answer, routing",TRUE,
070,B,socp70,categorical,"no answer, asked(-1)",-1,"no answer, asked",TRUE,
070,B,socp70,categorical,agree(1),1,agree,FALSE,
070,B,socp70,categorical,disagree(2),2,disagree,FALSE,
070,B,socp70,categorical,no opinion / do not know(3),3,no opinion / do not know,FALSE,
070,B,socp71,numeric,interview broken off(-5),-5,interview broken off,TRUE,
070,B,socp71,numeric,"no answer, short version(-4)",-4,"no answer, short version",TRUE,
070,B,socp71,numeric,"no answer, wrong skip(-3)",-3,"no answer, wrong skip",TRUE,
070,B,socp71,numeric,"no answer, routing(-2)",-2,"no answer, routing",TRUE,
070,B,socp71,numeric,"no answer, asked(-1)",-1,"no answer, asked",TRUE,
070,B,socp71,numeric,dependent of person(0),0,dependent of person,FALSE,
070,C,socpyn,binary,"na, wrong skip(-3)",-3,"na, wrong skip",TRUE,
070,C,socpyn,binary,"na, see C/DRMSO(-2)",-2,"na, see C/DRMSO",TRUE,
070,C,socpyn,binary,"na, asked(-1)",-1,"na, asked",TRUE,
070,C,socpyn,binary,no(1),1,no,FALSE,
070,C,socpyn,binary,yes(2),2,yes,FALSE,
070,D,socpyn,binary,"na, wrong skip(-3)",-3,"na, wrong skip",TRUE,
070,D,socpyn,binary,"na, see C/DRMSO(-2)",-2,"na, see C/DRMSO",TRUE,
070,D,socpyn,binary,"na, asked(-1)",-1,"na, asked",TRUE,
070,D,socpyn,binary,no(1),1,no,FALSE,
070,D,socpyn,binary,yes(2),2,yes,FALSE,
070,C,socp01,binary,"na, wrong skip(-3)",-3,"na, wrong skip",TRUE,
070,C,socp01,binary,"na, see C/DSOCPYN(-2)",-2,"na, see C/DSOCPYN",TRUE,
070,C,socp01,binary,"na, asked(-1)",-1,"na, asked",TRUE,
070,C,socp01,binary,not mentioned(0),0,not mentioned,FALSE,
070,C,socp01,binary,mentioned(1),1,mentioned,FALSE,
070,D,socp01,binary,"na, wrong skip(-3)",-3,"na, wrong skip",TRUE,
070,D,socp01,binary,"na, see C/DSOCPYN(-2)",-2,"na, see C/DSOCPYN",TRUE,
070,D,socp01,binary,"na, asked(-1)",-1,"na, asked",TRUE,
070,D,socp01,binary,not mentioned(0),0,not mentioned,FALSE,
070,D,socp01,binary,mentioned(1),1,mentioned,FALSE,
070,C,socp02,binary,"see c/dsocp01 -> na, wrong skip(-3)",-3,"na, wrong skip",TRUE,
070,C,socp02,binary,"see c/dsocp01 -> na, see C/DSOCPYN(-2)",-2,"na, see C/DSOCPYN",TRUE,
070,C,socp02,binary,"see c/dsocp01 -> na, asked(-1)",-1,"na, asked",TRUE,
070,C,socp02,binary,see c/dsocp01 -> not mentioned(0),0,not mentioned,FALSE,
070,C,socp02,binary,see c/dsocp01 -> mentioned(1),1,mentioned,FALSE,
070,D,socp02,binary,"see c/dsocp01 -> na, wrong skip(-3)",-3,"na, wrong skip",TRUE,
070,D,socp02,binary,"see c/dsocp01 -> na, see C/DSOCPYN(-2)",-2,"na, see C/DSOCPYN",TRUE,
070,D,socp02,binary,"see c/dsocp01 -> na, asked(-1)",-1,"na, asked",TRUE,
070,D,socp02,binary,see c/dsocp01 -> not mentioned(0),0,not mentioned,FALSE,
070,D,socp02,binary,see c/dsocp01 -> mentioned(1),1,mentioned,FALSE,
070,C,socp03,binary,"see c/dsocp01 -> na, wrong skip(-3)",-3,"na, wrong skip",TRUE,
070,C,socp03,binary,"see c/dsocp01 -> na, see C/DSOCPYN(-2)",-2,"na, see C/DSOCPYN",TRUE,
070,C,socp03,binary,"see c/dsocp01 -> na, asked(-1)",-1,"na, asked",TRUE,
070,C,socp03,binary,see c/dsocp01 -> not mentioned(0),0,not mentioned,FALSE,
070,C,socp03,binary,see c/dsocp01 -> mentioned(1),1,mentioned,FALSE,
070,D,socp03,binary,"see c/dsocp01 -> na, wrong skip(-3)",-3,"na, wrong skip",TRUE,
070,D,socp03,binary,"see c/dsocp01 -> na, see C/DSOCPYN(-2)",-2,"na, see C/DSOCPYN",TRUE,
070,D,socp03,binary,"see c/dsocp01 -> na, asked(-1)",-1,"na, asked",TRUE,
070,D,socp03,binary,see c/dsocp01 -> not mentioned(0),0,not mentioned,FALSE,
070,D,socp03,binary,see c/dsocp01 -> mentioned(1),1,mentioned,FALSE,
070,C,socp04,binary,"see c/dsocp01 -> na, wrong skip(-3)",-3,"na, wrong skip",TRUE,
070,C,socp04,binary,"see c/dsocp01 -> na, see C/DSOCPYN(-2)",-2,"na, see C/DSOCPYN",TRUE,
070,C,socp04,binary,"see c/dsocp01 -> na, asked(-1)",-1,"na, asked",TRUE,
070,C,socp04,binary,see c/dsocp01 -> not mentioned(0),0,not mentioned,FALSE,
070,C,socp04,binary,see c/dsocp01 -> mentioned(1),1,mentioned,FALSE,
070,D,socp04,binary,"see c/dsocp01 -> na, wrong skip(-3)",-3,"na, wrong skip",TRUE,
070,D,socp04,binary,"see c/dsocp01 -> na, see C/DSOCPYN(-2)",-2,"na, see C/DSOCPYN",TRUE,
070,D,socp04,binary,"see c/dsocp01 -> na, asked(-1)",-1,"na, asked",TRUE,
070,D,socp04,binary,see c/dsocp01 -> not mentioned(0),0,not mentioned,FALSE,
070,D,socp04,binary,see c/dsocp01 -> mentioned(1),1,mentioned,FALSE,
070,C,socp05,binary,"see c/dsocp01 -> na, wrong skip(-3)",-3,"na, wrong skip",TRUE,
070,C,socp05,binary,"see c/dsocp01 -> na, see C/DSOCPYN(-2)",-2,"na, see C/DSOCPYN",TRUE,
070,C,socp05,binary,"see c/dsocp01 -> na, asked(-1)",-1,"na, asked",TRUE,
070,C,socp05,binary,see c/dsocp01 -> not mentioned(0),0,not mentioned,FALSE,
070,C,socp05,binary,see c/dsocp01 -> mentioned(1),1,mentioned,FALSE,
070,D,socp05,binary,"see c/dsocp01 -> na, wrong skip(-3)",-3,"na, wrong skip",TRUE,
070,D,socp05,binary,"see c/dsocp01 -> na, see C/DSOCPYN(-2)",-2,"na, see C/DSOCPYN",TRUE,
070,D,socp05,binary,"see c/dsocp01 -> na, asked(-1)",-1,"na, asked",TRUE,
070,D,socp05,binary,see c/dsocp01 -> not mentioned(0),0,not mentioned,FALSE,
070,D,socp05,binary,see c/dsocp01 -> mentioned(1),1,mentioned,FALSE,
070,C,socp06,binary,"see c/dsocp01 -> na, wrong skip(-3)",-3,"na, wrong skip",TRUE,
070,C,socp06,binary,"see c/dsocp01 -> na, see C/DSOCPYN(-2)",-2,"na, see C/DSOCPYN",TRUE,
070,C,socp06,binary,"see c/dsocp01 -> na, asked(-1)",-1,"na, asked",TRUE,
070,C,socp06,binary,see c/dsocp01 -> not mentioned(0),0,not mentioned,FALSE,
070,C,socp06,binary,see c/dsocp01 -> mentioned(1),1,mentioned,FALSE,
070,D,socp06,binary,"see c/dsocp01 -> na, wrong skip(-3)",-3,"na, wrong skip",TRUE,
070,D,socp06,binary,"see c/dsocp01 -> na, see C/DSOCPYN(-2)",-2,"na, see C/DSOCPYN",TRUE,
070,D,socp06,binary,"see c/dsocp01 -> na, asked(-1)",-1,"na, asked",TRUE,
070,D,socp06,binary,see c/dsocp01 -> not mentioned(0),0,not mentioned,FALSE,
070,D,socp06,binary,see c/dsocp01 -> mentioned(1),1,mentioned,FALSE,
070,C,socp07,binary,"see c/dsocp01 -> na, wrong skip(-3)",-3,"na, wrong skip",TRUE,
070,C,socp07,binary,"see c/dsocp01 -> na, see C/DSOCPYN(-2)",-2,"na, see C/DSOCPYN",TRUE,
070,C,socp07,binary,"see c/dsocp01 -> na, asked(-1)",-1,"na, asked",TRUE,
070,C,socp07,binary,see c/dsocp01 -> not mentioned(0),0,not mentioned,FALSE,
070,C,socp07,binary,see c/dsocp01 -> mentioned(1),1,mentioned,FALSE,
070,D,socp07,binary,"see c/dsocp01 -> na, wrong skip(-3)",-3,"na, wrong skip",TRUE,
070,D,socp07,binary,"see c/dsocp01 -> na, see C/DSOCPYN(-2)",-2,"na, see C/DSOCPYN",TRUE,
070,D,socp07,binary,"see c/dsocp01 -> na, asked(-1)",-1,"na, asked",TRUE,
070,D,socp07,binary,see c/dsocp01 -> not mentioned(0),0,not mentioned,FALSE,
070,D,socp07,binary,see c/dsocp01 -> mentioned(1),1,mentioned,FALSE,
070,C,socp08,binary,"see c/dsocp01 -> na, wrong skip(-3)",-3,"na, wrong skip",TRUE,
070,C,socp08,binary,"see c/dsocp01 -> na, see C/DSOCPYN(-2)",-2,"na, see C/DSOCPYN",TRUE,
070,C,socp08,binary,"see c/dsocp01 -> na, asked(-1)",-1,"na, asked",TRUE,
070,C,socp08,binary,see c/dsocp01 -> not mentioned(0),0,not mentioned,FALSE,
070,C,socp08,binary,see c/dsocp01 -> mentioned(1),1,mentioned,FALSE,
070,D,socp08,binary,"see c/dsocp01 -> na, wrong skip(-3)",-3,"na, wrong skip",TRUE,
070,D,socp08,binary,"see c/dsocp01 -> na, see C/DSOCPYN(-2)",-2,"na, see C/DSOCPYN",TRUE,
070,D,socp08,binary,"see c/dsocp01 -> na, asked(-1)",-1,"na, asked",TRUE,
070,D,socp08,binary,see c/dsocp01 -> not mentioned(0),0,not mentioned,FALSE,
070,D,socp08,binary,see c/dsocp01 -> mentioned(1),1,mentioned,FALSE,
070,C,socp09,binary,"see c/dsocp01 -> na, wrong skip(-3)",-3,"na, wrong skip",TRUE,
070,C,socp09,binary,"see c/dsocp01 -> na, see C/DSOCPYN(-2)",-2,"na, see C/DSOCPYN",TRUE,
070,C,socp09,binary,"see c/dsocp01 -> na, asked(-1)",-1,"na, asked",TRUE,
070,C,socp09,binary,see c/dsocp01 -> not mentioned(0),0,not mentioned,FALSE,
070,C,socp09,binary,see c/dsocp01 -> mentioned(1),1,mentioned,FALSE,
070,D,socp09,binary,"see c/dsocp01 -> na, wrong skip(-3)",-3,"na, wrong skip",TRUE,
070,D,socp09,binary,"see c/dsocp01 -> na, see C/DSOCPYN(-2)",-2,"na, see C/DSOCPYN",TRUE,
070,D,socp09,binary,"see c/dsocp01 -> na, asked(-1)",-1,"na, asked",TRUE,
070,D,socp09,binary,see c/dsocp01 -> not mentioned(0),0,not mentioned,FALSE,
070,D,socp09,binary,see c/dsocp01 -> mentioned(1),1,mentioned,FALSE,
070,C,socp10,binary,"see c/dsocp01 -> na, wrong skip(-3)",-3,"na, wrong skip",TRUE,
070,C,socp10,binary,"see c/dsocp01 -> na, see C/DSOCPYN(-2)",-2,"na, see C/DSOCPYN",TRUE,
070,C,socp10,binary,"see c/dsocp01 -> na, asked(-1)",-1,"na, asked",TRUE,
070,C,socp10,binary,see c/dsocp01 -> not mentioned(0),0,not mentioned,FALSE,
070,C,socp10,binary,see c/dsocp01 -> mentioned(1),1,mentioned,FALSE,
070,D,socp10,binary,"see c/dsocp01 -> na, wrong skip(-3)",-3,"na, wrong skip",TRUE,
070,D,socp10,binary,"see c/dsocp01 -> na, see C/DSOCPYN(-2)",-2,"na, see C/DSOCPYN",TRUE,
070,D,socp10,binary,"see c/dsocp01 -> na, asked(-1)",-1,"na, asked",TRUE,
070,D,socp10,binary,see c/dsocp01 -> not mentioned(0),0,not mentioned,FALSE,
070,D,socp10,binary,see c/dsocp01 -> mentioned(1),1,mentioned,FALSE,
070,C,socp11,binary,"see c/dsocp01 -> na, wrong skip(-3)",-3,"na, wrong skip",TRUE,
070,C,socp11,binary,"see c/dsocp01 -> na, see C/DSOCPYN(-2)",-2,"na, see C/DSOCPYN",TRUE,
070,C,socp11,binary,"see c/dsocp01 -> na, asked(-1)",-1,"na, asked",TRUE,
070,C,socp11,binary,see c/dsocp01 -> not mentioned(0),0,not mentioned,FALSE,
070,C,socp11,binary,see c/dsocp01 -> mentioned(1),1,mentioned,FALSE,
070,D,socp11,binary,"see c/dsocp01 -> na, wrong skip(-3)",-3,"na, wrong skip",TRUE,
070,D,socp11,binary,"see c/dsocp01 -> na, see C/DSOCPYN(-2)",-2,"na, see C/DSOCPYN",TRUE,
070,D,socp11,binary,"see c/dsocp01 -> na, asked(-1)",-1,"na, asked",TRUE,
070,D,socp11,binary,see c/dsocp01 -> not mentioned(0),0,not mentioned,FALSE,
070,D,socp11,binary,see c/dsocp01 -> mentioned(1),1,mentioned,FALSE,
070,C,socp12,binary,"see c/dsocp01 -> na, wrong skip(-3)",-3,"na, wrong skip",TRUE,
070,C,socp12,binary,"see c/dsocp01 -> na, see C/DSOCPYN(-2)",-2,"na, see C/DSOCPYN",TRUE,
070,C,socp12,binary,"see c/dsocp01 -> na, asked(-1)",-1,"na, asked",TRUE,
070,C,socp12,binary,see c/dsocp01 -> not mentioned(0),0,not mentioned,FALSE,
070,C,socp12,binary,see c/dsocp01 -> mentioned(1),1,mentioned,FALSE,
070,D,socp12,binary,"see c/dsocp01 -> na, wrong skip(-3)",-3,"na, wrong skip",TRUE,
070,D,socp12,binary,"see c/dsocp01 -> na, see C/DSOCPYN(-2)",-2,"na, see C/DSOCPYN",TRUE,
070,D,socp12,binary,"see c/dsocp01 -> na, asked(-1)",-1,"na, asked",TRUE,
070,D,socp12,binary,see c/dsocp01 -> not mentioned(0),0,not mentioned,FALSE,
070,D,socp12,binary,see c/dsocp01 -> mentioned(1),1,mentioned,FALSE,
070,C,socp13,binary,"see c/dsocp01 -> na, wrong skip(-3)",-3,"na, wrong skip",TRUE,
070,C,socp13,binary,"see c/dsocp01 -> na, see C/DSOCPYN(-2)",-2,"na, see C/DSOCPYN",TRUE,
070,C,socp13,binary,"see c/dsocp01 -> na, asked(-1)",-1,"na, asked",TRUE,
070,C,socp13,binary,see c/dsocp01 -> not mentioned(0),0,not mentioned,FALSE,
070,C,socp13,binary,see c/dsocp01 -> mentioned(1),1,mentioned,FALSE,
070,D,socp13,binary,"see c/dsocp01 -> na, wrong skip(-3)",-3,"na, wrong skip",TRUE,
070,D,socp13,binary,"see c/dsocp01 -> na, see C/DSOCPYN(-2)",-2,"na, see C/DSOCPYN",TRUE,
070,D,socp13,binary,"see c/dsocp01 -> na, asked(-1)",-1,"na, asked",TRUE,
070,D,socp13,binary,see c/dsocp01 -> not mentioned(0),0,not mentioned,FALSE,
070,D,socp13,binary,see c/dsocp01 -> mentioned(1),1,mentioned,FALSE,
070,C,socp13x,categorical,"na, wrong skip(-3)",-3,"na, wrong skip",TRUE,
070,C,socp13x,categorical,"na, see C/DSOCP13(-2)",-2,"na, see C/DSOCP13",TRUE,
070,C,socp13x,categorical,"na, asked(-1)",-1,"na, asked",TRUE,
070,C,socp13x,categorical,- to be coded -(0),0,- to be coded -,FALSE,
070,C,socp13x,categorical,garden & pets(1),1,garden & pets,FALSE,
070,C,socp13x,categorical,cult.hist. ass.(2),2,cult.hist. ass.,FALSE,
070,C,socp13x,categorical,housing ass.(3),3,housing ass.,FALSE,
070,C,socp13x,categorical,other(4),4,other,FALSE,
070,D,socp13x,categorical,"na, wrong skip(-3)",-3,"na, wrong skip",TRUE,
070,D,socp13x,categorical,"na, see C/DSOCP13(-2)",-2,"na, see C/DSOCP13",TRUE,
070,D,socp13x,categorical,"na, asked(-1)",-1,"na, asked",TRUE,
070,D,socp13x,categorical,- to be coded -(0),0,- to be coded -,FALSE,
070,D,socp13x,categorical,garden & pets(1),1,garden & pets,FALSE,
070,D,socp13x,categorical,cult.hist. ass.(2),2,cult.hist. ass.,FALSE,
070,D,socp13x,categorical,housing ass.(3),3,housing ass.,FALSE,
070,D,socp13x,categorical,other(4),4,other,FALSE,
070,C,socp14,ordinal,"na, wrong skip(-3)",-3,"na, wrong skip",TRUE,
070,C,socp14,ordinal,"na, see C/DSOCP01(-2)",-2,"na, see C/DSOCP01",TRUE,
070,C,socp14,ordinal,"na, asked(-1)",-1,"na, asked",TRUE,
070,C,socp14,ordinal,no(1),1,no,FALSE,
070,C,socp14,ordinal,yes(2),2,yes,FALSE,
070,D,socp14,ordinal,"na, wrong skip(-3)",-3,"na, wrong skip",TRUE,
070,D,socp14,ordinal,"na, see C/DSOCP01(-2)",-2,"na, see C/DSOCP01",TRUE,
070,D,socp14,ordinal,"na, asked(-1)",-1,"na, asked",TRUE,
070,D,socp14,ordinal,no(1),1,no,FALSE,
070,D,socp14,ordinal,yes(2),2,yes,FALSE,
070,C,socp15,ordinal,"na, wrong skip(-3)",-3,"na, wrong skip",TRUE,
070,C,socp15,ordinal,"na, see C/DSOCP02(-2)",-2,"na, see C/DSOCP02",TRUE,
070,C,socp15,ordinal,"na, asked(-1)",-1,"na, asked",TRUE,
070,C,socp15,ordinal,no(1),1,no,FALSE,
070,C,socp15,ordinal,yes(2),2,yes,FALSE,
070,D,socp15,ordinal,"na, wrong skip(-3)",-3,"na, wrong skip",TRUE,
070,D,socp15,ordinal,"na, see C/DSOCP02(-2)",-2,"na, see C/DSOCP02",TRUE,
070,D,socp15,ordinal,"na, asked(-1)",-1,"na, asked",TRUE,
070,D,socp15,ordinal,no(1),1,no,FALSE,
070,D,socp15,ordinal,yes(2),2,yes,FALSE,
070,C,socp16,ordinal,"na, wrong skip(-3)",-3,"na, wrong skip",TRUE,
070,C,socp16,ordinal,"na, see C/DSOCP03(-2)",-2,"na, see C/DSOCP03",TRUE,
070,C,socp16,ordinal,"na, asked(-1)",-1,"na, asked",TRUE,
070,C,socp16,ordinal,no(1),1,no,FALSE,
070,C,socp16,ordinal,yes(2),2,yes,FALSE,
070,D,socp16,ordinal,"na, wrong skip(-3)",-3,"na, wrong skip",TRUE,
070,D,socp16,ordinal,"na, see C/DSOCP03(-2)",-2,"na, see C/DSOCP03",TRUE,
070,D,socp16,ordinal,"na, asked(-1)",-1,"na, asked",TRUE,
070,D,socp16,ordinal,no(1),1,no,FALSE,
070,D,socp16,ordinal,yes(2),2,yes,FALSE,
070,C,socp17,ordinal,"na, wrong skip(-3)",-3,"na, wrong skip",TRUE,
070,C,socp17,ordinal,"na, see C/DSOCP04(-2)",-2,"na, see C/DSOCP04",TRUE,
070,C,socp17,ordinal,"na, asked(-1)",-1,"na, asked",TRUE,
070,C,socp17,ordinal,no(1),1,no,FALSE,
070,C,socp17,ordinal,yes(2),2,yes,FALSE,
070,D,socp17,ordinal,"na, wrong skip(-3)",-3,"na, wrong skip",TRUE,
070,D,socp17,ordinal,"na, see C/DSOCP04(-2)",-2,"na, see C/DSOCP04",TRUE,
070,D,socp17,ordinal,"na, asked(-1)",-1,"na, asked",TRUE,
070,D,socp17,ordinal,no(1),1,no,FALSE,
070,D,socp17,ordinal,yes(2),2,yes,FALSE,
070,C,socp18,ordinal,"na, wrong skip(-3)",-3,"na, wrong skip",TRUE,
070,C,socp18,ordinal,"na, see C/DSOCP05(-2)",-2,"na, see C/DSOCP05",TRUE,
070,C,socp18,ordinal,"na, asked(-1)",-1,"na, asked",TRUE,
070,C,socp18,ordinal,no(1),1,no,FALSE,
070,C,socp18,ordinal,yes(2),2,yes,FALSE,
070,D,socp18,ordinal,"na, wrong skip(-3)",-3,"na, wrong skip",TRUE,
070,D,socp18,ordinal,"na, see C/DSOCP05(-2)",-2,"na, see C/DSOCP05",TRUE,
070,D,socp18,ordinal,"na, asked(-1)",-1,"na, asked",TRUE,
070,D,socp18,ordinal,no(1),1,no,FALSE,
070,D,socp18,ordinal,yes(2),2,yes,FALSE,
070,C,socp19,ordinal,"na, wrong skip(-3)",-3,"na, wrong skip",TRUE,
070,C,socp19,ordinal,"na, see C/DSOCP06(-2)",-2,"na, see C/DSOCP06",TRUE,
070,C,socp19,ordinal,"na, asked(-1)",-1,"na, asked",TRUE,
070,C,socp19,ordinal,no(1),1,no,FALSE,
070,C,socp19,ordinal,yes(2),2,yes,FALSE,
070,D,socp19,ordinal,"na, wrong skip(-3)",-3,"na, wrong skip",TRUE,
070,D,socp19,ordinal,"na, see C/DSOCP06(-2)",-2,"na, see C/DSOCP06",TRUE,
070,D,socp19,ordinal,"na, asked(-1)",-1,"na, asked",TRUE,
070,D,socp19,ordinal,no(1),1,no,FALSE,
070,D,socp19,ordinal,yes(2),2,yes,FALSE,
070,C,socp20,ordinal,"na, wrong skip(-3)",-3,"na, wrong skip",TRUE,
070,C,socp20,ordinal,"na, see C/DSOCP07(-2)",-2,"na, see C/DSOCP07",TRUE,
070,C,socp20,ordinal,"na, asked(-1)",-1,"na, asked",TRUE,
070,C,socp20,ordinal,no(1),1,no,FALSE,
070,C,socp20,ordinal,yes(2),2,yes,FALSE,
070,D,socp20,ordinal,"na, wrong skip(-3)",-3,"na, wrong skip",TRUE,
070,D,socp20,ordinal,"na, see C/DSOCP07(-2)",-2,"na, see C/DSOCP07",TRUE,
070,D,socp20,ordinal,"na, asked(-1)",-1,"na, asked",TRUE,
070,D,socp20,ordinal,no(1),1,no,FALSE,
070,D,socp20,ordinal,yes(2),2,yes,FALSE,
070,C,socp21,ordinal,"na, wrong skip(-3)",-3,"na, wrong skip",TRUE,
070,C,socp21,ordinal,"na, see C/DSOCP08(-2)",-2,"na, see C/DSOCP08",TRUE,
070,C,socp21,ordinal,"na, asked(-1)",-1,"na, asked",TRUE,
070,C,socp21,ordinal,no(1),1,no,FALSE,
070,C,socp21,ordinal,yes(2),2,yes,FALSE,
070,D,socp21,ordinal,"na, wrong skip(-3)",-3,"na, wrong skip",TRUE,
070,D,socp21,ordinal,"na, see C/DSOCP08(-2)",-2,"na, see C/DSOCP08",TRUE,
070,D,socp21,ordinal,"na, asked(-1)",-1,"na, asked",TRUE,
070,D,socp21,ordinal,no(1),1,no,FALSE,
070,D,socp21,ordinal,yes(2),2,yes,FALSE,
070,C,socp22,ordinal,"na, wrong skip(-3)",-3,"na, wrong skip",TRUE,
070,C,socp22,ordinal,"na, see C/DSOCP09(-2)",-2,"na, see C/DSOCP09",TRUE,
070,C,socp22,ordinal,"na, asked(-1)",-1,"na, asked",TRUE,
070,C,socp22,ordinal,no(1),1,no,FALSE,
070,C,socp22,ordinal,yes(2),2,yes,FALSE,
070,D,socp22,ordinal,"na, wrong skip(-3)",-3,"na, wrong skip",TRUE,
070,D,socp22,ordinal,"na, see C/DSOCP09(-2)",-2,"na, see C/DSOCP09",TRUE,
070,D,socp22,ordinal,"na, asked(-1)",-1,"na, asked",TRUE,
070,D,socp22,ordinal,no(1),1,no,FALSE,
070,D,socp22,ordinal,yes(2),2,yes,FALSE,
070,C,socp23,ordinal,"na, wrong skip(-3)",-3,"na, wrong skip",TRUE,
070,C,socp23,ordinal,"na, see C/DSOCP10(-2)",-2,"na, see C/DSOCP10",TRUE,
070,C,socp23,ordinal,"na, asked(-1)",-1,"na, asked",TRUE,
070,C,socp23,ordinal,no(1),1,no,FALSE,
070,C,socp23,ordinal,yes(2),2,yes,FALSE,
070,D,socp23,ordinal,"na, wrong skip(-3)",-3,"na, wrong skip",TRUE,
070,D,socp23,ordinal,"na, see C/DSOCP10(-2)",-2,"na, see C/DSOCP10",TRUE,
070,D,socp23,ordinal,"na, asked(-1)",-1,"na, asked",TRUE,
070,D,socp23,ordinal,no(1),1,no,FALSE,
070,D,socp23,ordinal,yes(2),2,yes,FALSE,
070,C,socp24,ordinal,"na, wrong skip(-3)",-3,"na, wrong skip",TRUE,
070,C,socp24,ordinal,"na, see C/DSOCP11(-2)",-2,"na, see C/DSOCP11",TRUE,
070,C,socp24,ordinal,"na, asked(-1)",-1,"na, asked",TRUE,
070,C,socp24,ordinal,no(1),1,no,FALSE,
070,C,socp24,ordinal,yes(2),2,yes,FALSE,
070,D,socp24,ordinal,"na, wrong skip(-3)",-3,"na, wrong skip",TRUE,
070,D,socp24,ordinal,"na, see C/DSOCP11(-2)",-2,"na, see C/DSOCP11",TRUE,
070,D,socp24,ordinal,"na, asked(-1)",-1,"na, asked",TRUE,
070,D,socp24,ordinal,no(1),1,no,FALSE,
070,D,socp24,ordinal,yes(2),2,yes,FALSE,
070,C,socp25,ordinal,"na, wrong skip(-3)",-3,"na, wrong skip",TRUE,
070,C,socp25,ordinal,"na, see C/DSOCP12(-2)",-2,"na, see C/DSOCP12",TRUE,
070,C,socp25,ordinal,"na, asked(-1)",-1,"na, asked",TRUE,
070,C,socp25,ordinal,no(1),1,no,FALSE,
070,C,socp25,ordinal,yes(2),2,yes,FALSE,
070,D,socp25,ordinal,"na, wrong skip(-3)",-3,"na, wrong skip",TRUE,
070,D,socp25,ordinal,"na, see C/DSOCP12(-2)",-2,"na, see C/DSOCP12",TRUE,
070,D,socp25,ordinal,"na, asked(-1)",-1,"na, asked",TRUE,
070,D,socp25,ordinal,no(1),1,no,FALSE,
070,D,socp25,ordinal,yes(2),2,yes,FALSE,
070,C,socp26,ordinal,"na, wrong skip(-3)",-3,"na, wrong skip",TRUE,
070,C,socp26,ordinal,"na, see C/DSOCP13(-2)",-2,"na, see C/DSOCP13",TRUE,
070,C,socp26,ordinal,"na, asked(-1)",-1,"na, asked",TRUE,
070,C,socp26,ordinal,no(1),1,no,FALSE,
070,C,socp26,ordinal,yes(2),2,yes,FALSE,
070,D,socp26,ordinal,"na, wrong skip(-3)",-3,"na, wrong skip",TRUE,
070,D,socp26,ordinal,"na, see C/DSOCP13(-2)",-2,"na, see C/DSOCP13",TRUE,
070,D,socp26,ordinal,"na, asked(-1)",-1,"na, asked",TRUE,
070,D,socp26,ordinal,no(1),1,no,FALSE,
070,D,socp26,ordinal,yes(2),2,yes,FALSE,
070,C,socp27,ordinal,"na, wrong skip(-3)",-3,"na, wrong skip",TRUE,
070,C,socp27,ordinal,"na, see C/DSOCP14 to 26(-2)",-2,"na, see C/DSOCP14 to 26",TRUE,
070,C,socp27,ordinal,"na, asked(-1)",-1,"na, asked",TRUE,
070,C,socp27,ordinal,does not visit(0),0,does not visit,FALSE,
070,D,socp27,ordinal,"na, wrong skip(-3)",-3,"na, wrong skip",TRUE,
070,D,socp27,ordinal,"na, see C/DSOCP14 to 26(-2)",-2,"na, see C/DSOCP14 to 26",TRUE,
070,D,socp27,ordinal,"na, asked(-1)",-1,"na, asked",TRUE,
070,D,socp27,ordinal,does not visit(0),0,does not visit,FALSE,
070,C,socp28,binary,"na, wrong skip(-3)",-3,"na, wrong skip",TRUE,
070,C,socp28,binary,"na, see C/DSOCP27(-2)",-2,"na, see C/DSOCP27",TRUE,
070,C,socp28,binary,"na, asked(-1)",-1,"na, asked",TRUE,
070,C,socp28,binary,does not visit(0),0,does not visit,FALSE,
070,C,socp28,binary,no(1),1,no,FALSE,
070,C,socp28,binary,yes(2),2,yes,FALSE,
070,D,socp28,binary,"na, wrong skip(-3)",-3,"na, wrong skip",TRUE,
070,D,socp28,binary,"na, see C/DSOCP27(-2)",-2,"na, see C/DSOCP27",TRUE,
070,D,socp28,binary,"na, asked(-1)",-1,"na, asked",TRUE,
070,D,socp28,binary,does not visit(0),0,does not visit,FALSE,
070,D,socp28,binary,no(1),1,no,FALSE,
070,D,socp28,binary,yes(2),2,yes,FALSE,
070,C,socp30,numeric,"na, wrong skip(-3)",-3,"na, wrong skip",TRUE,
070,C,socp30,numeric,"na, see C/DSOCP28(-2)",-2,"na, see C/DSOCP28",TRUE,
070,C,socp30,numeric,"na, asked(-1)",-1,"na, asked",TRUE,
070,D,socp30,numeric,"na, wrong skip(-3)",-3,"na, wrong skip",TRUE,
070,D,socp30,numeric,"na, see C/DSOCP28(-2)",-2,"na, see C/DSOCP28",TRUE,
070,D,socp30,numeric,"na, asked(-1)",-1,"na, asked",TRUE,
070,C,socp31,binary,"na, wrong skip(-3)",-3,"na, wrong skip",TRUE,
070,C,socp31,binary,"na, see C/DSOCP27(-2)",-2,"na, see C/DSOCP27",TRUE,
070,C,socp31,binary,"na, asked(-1)",-1,"na, asked",TRUE,
070,C,socp31,binary,no(1),1,no,FALSE,
070,C,socp31,binary,yes(2),2,yes,FALSE,
070,D,socp31,binary,"na, wrong skip(-3)",-3,"na, wrong skip",TRUE,
070,D,socp31,binary,"na, see C/DSOCP27(-2)",-2,"na, see C/DSOCP27",TRUE,
070,D,socp31,binary,"na, asked(-1)",-1,"na, asked",TRUE,
070,D,socp31,binary,no(1),1,no,FALSE,
070,D,socp31,binary,yes(2),2,yes,FALSE,
070,C,socp33,numeric,"na, wrong skip(-3)",-3,"na, wrong skip",TRUE,
070,C,socp33,numeric,"na, see C/DSOCP31(-2)",-2,"na, see C/DSOCP31",TRUE,
070,C,socp33,numeric,"na, asked(-1)",-1,"na, asked",TRUE,
070,D,socp33,numeric,"na, wrong skip(-3)",-3,"na, wrong skip",TRUE,
070,D,socp33,numeric,"na, see C/DSOCP31(-2)",-2,"na, see C/DSOCP31",TRUE,
070,D,socp33,numeric,"na, asked(-1)",-1,"na, asked",TRUE,
070,C,socp46,ordinal,"na, wrong skip(-3)",-3,"na, wrong skip",TRUE,
070,C,socp46,ordinal,"na, see C/DRMSO(-2)",-2,"na, see C/DRMSO",TRUE,
070,C,socp46,ordinal,"na, asked(-1)",-1,"na, asked",TRUE,
070,D,socp46,ordinal,"na, wrong skip(-3)",-3,"na, wrong skip",TRUE,
070,D,socp46,ordinal,"na, see C/DRMSO(-2)",-2,"na, see C/DRMSO",TRUE,
070,D,socp46,ordinal,"na, asked(-1)",-1,"na, asked",TRUE,
070,C,socp47,ordinal,"see c/dsocp46 -> na, wrong skip(-3)",-3,"na, wrong skip",TRUE,
070,C,socp47,ordinal,"see c/dsocp46 -> na, see C/DRMSO(-2)",-2,"na, see C/DRMSO",TRUE,
070,C,socp47,ordinal,"see c/dsocp46 -> na, asked(-1)",-1,"na, asked",TRUE,
070,D,socp47,ordinal,"see c/dsocp46 -> na, wrong skip(-3)",-3,"na, wrong skip",TRUE,
070,D,socp47,ordinal,"see c/dsocp46 -> na, see C/DRMSO(-2)",-2,"na, see C/DRMSO",TRUE,
070,D,socp47,ordinal,"see c/dsocp46 -> na, asked(-1)",-1,"na, asked",TRUE,
070,C,socp48,ordinal,"see c/dsocp46 -> na, wrong skip(-3)",-3,"na, wrong skip",TRUE,
070,C,socp48,ordinal,"see c/dsocp46 -> na, see C/DRMSO(-2)",-2,"na, see C/DRMSO",TRUE,
070,C,socp48,ordinal,"see c/dsocp46 -> na, asked(-1)",-1,"na, asked",TRUE,
070,D,socp48,ordinal,"see c/dsocp46 -> na, wrong skip(-3)",-3,"na, wrong skip",TRUE,
070,D,socp48,ordinal,"see c/dsocp46 -> na, see C/DRMSO(-2)",-2,"na, see C/DRMSO",TRUE,
070,D,socp48,ordinal,"see c/dsocp46 -> na, asked(-1)",-1,"na, asked",TRUE,
070,C,socp49,ordinal,"see c/dsocp46 -> na, wrong skip(-3)",-3,"na, wrong skip",TRUE,
070,C,socp49,ordinal,"see c/dsocp46 -> na, see C/DRMSO(-2)",-2,"na, see C/DRMSO",TRUE,
070,C,socp49,ordinal,"see c/dsocp46 -> na, asked(-1)",-1,"na, asked",TRUE,
070,D,socp49,ordinal,"see c/dsocp46 -> na, wrong skip(-3)",-3,"na, wrong skip",TRUE,
070,D,socp49,ordinal,"see c/dsocp46 -> na, see C/DRMSO(-2)",-2,"na, see C/DRMSO",TRUE,
070,D,socp49,ordinal,"see c/dsocp46 -> na, asked(-1)",-1,"na, asked",TRUE,
070,C,socpr50,ordinal,"see c/dsocp46 -> na, wrong skip(-3)",-3,"na, wrong skip",TRUE,
070,C,socpr50,ordinal,"see c/dsocp46 -> na, see C/DRMSO(-2)",-2,"na, see C/DRMSO",TRUE,
070,C,socpr50,ordinal,"see c/dsocp46 -> na, asked(-1)",-1,"na, asked",TRUE,
070,D,socpr50,ordinal,"see c/dsocp46 -> na, wrong skip(-3)",-3,"na, wrong skip",TRUE,
070,D,socpr50,ordinal,"see c/dsocp46 -> na, see C/DRMSO(-2)",-2,"na, see C/DRMSO",TRUE,
070,D,socpr50,ordinal,"see c/dsocp46 -> na, asked(-1)",-1,"na, asked",TRUE,
070,C,socp51,ordinal,"see c/dsocp46 -> na, wrong skip(-3)",-3,"na, wrong skip",TRUE,
070,C,socp51,ordinal,"see c/dsocp46 -> na, see C/DRMSO(-2)",-2,"na, see C/DRMSO",TRUE,
070,C,socp51,ordinal,"see c/dsocp46 -> na, asked(-1)",-1,"na, asked",TRUE,
070,D,socp51,ordinal,"see c/dsocp46 -> na, wrong skip(-3)",-3,"na, wrong skip",TRUE,
070,D,socp51,ordinal,"see c/dsocp46 -> na, see C/DRMSO(-2)",-2,"na, see C/DRMSO",TRUE,
070,D,socp51,ordinal,"see c/dsocp46 -> na, asked(-1)",-1,"na, asked",TRUE,
070,C,socp52,ordinal,"see c/dsocp46 -> na, wrong skip(-3)",-3,"na, wrong skip",TRUE,
070,C,socp52,ordinal,"see c/dsocp46 -> na, see C/DRMSO(-2)",-2,"na, see C/DRMSO",TRUE,
070,C,socp52,ordinal,"see c/dsocp46 -> na, asked(-1)",-1,"na, asked",TRUE,
070,D,socp52,ordinal,"see c/dsocp46 -> na, wrong skip(-3)",-3,"na, wrong skip",TRUE,
070,D,socp52,ordinal,"see c/dsocp46 -> na, see C/DRMSO(-2)",-2,"na, see C/DRMSO",TRUE,
070,D,socp52,ordinal,"see c/dsocp46 -> na, asked(-1)",-1,"na, asked",TRUE,
070,C,socp54,numeric,"see c/dsocp46 -> na, wrong skip(-3)",-3,"na, wrong skip",TRUE,
070,C,socp54,numeric,"see c/dsocp46 -> na, see C/DRMSO(-2)",-2,"na, see C/DRMSO",TRUE,
070,C,socp54,numeric,"see c/dsocp46 -> na, asked(-1)",-1,"na, asked",TRUE,
070,D,socp54,numeric,"see c/dsocp46 -> na, wrong skip(-3)",-3,"na, wrong skip",TRUE,
070,D,socp54,numeric,"see c/dsocp46 -> na, see C/DRMSO(-2)",-2,"na, see C/DRMSO",TRUE,
070,D,socp54,numeric,"see c/dsocp46 -> na, asked(-1)",-1,"na, asked",TRUE,
070,C,socp55,binary,"see c/dsocp46 -> na, wrong skip(-3)",-3,"na, wrong skip",TRUE,
070,C,socp55,binary,"see c/dsocp46 -> na, see C/DRMSO(-2)",-2,"na, see C/DRMSO",TRUE,
070,C,socp55,binary,"see c/dsocp46 -> na, asked(-1)",-1,"na, asked",TRUE,
070,D,socp55,binary,"see c/dsocp46 -> na, wrong skip(-3)",-3,"na, wrong skip",TRUE,
070,D,socp55,binary,"see c/dsocp46 -> na, see C/DRMSO(-2)",-2,"na, see C/DRMSO",TRUE,
070,D,socp55,binary,"see c/dsocp46 -> na, asked(-1)",-1,"na, asked",TRUE,
070,C,socp56,binary,"na, wrong skip(-3)",-3,"na, wrong skip",TRUE,
070,C,socp56,binary,"na, see C/DSOCP55(-2)",-2,"na, see C/DSOCP55",TRUE,
070,C,socp56,binary,"na, asked(-1)",-1,"na, asked",TRUE,
070,C,socp56,binary,not mentioned(0),0,not mentioned,FALSE,
070,C,socp56,binary,mentioned(1),1,mentioned,FALSE,
070,D,socp56,binary,"na, wrong skip(-3)",-3,"na, wrong skip",TRUE,
070,D,socp56,binary,"na, see C/DSOCP55(-2)",-2,"na, see C/DSOCP55",TRUE,
070,D,socp56,binary,"na, asked(-1)",-1,"na, asked",TRUE,
070,D,socp56,binary,not mentioned(0),0,not mentioned,FALSE,
070,D,socp56,binary,mentioned(1),1,mentioned,FALSE,
070,C,socp57,binary,"see c/dsocp56 -> na, wrong skip(-3)",-3,"na, wrong skip",TRUE,
070,C,socp57,binary,"see c/dsocp56 -> na, see C/DSOCP55(-2)",-2,"na, see C/DSOCP55",TRUE,
070,C,socp57,binary,"see c/dsocp56 -> na, asked(-1)",-1,"na, asked",TRUE,
070,C,socp57,binary,see c/dsocp56 -> not mentioned(0),0,not mentioned,FALSE,
070,C,socp57,binary,see c/dsocp56 -> mentioned(1),1,mentioned,FALSE,
070,D,socp57,binary,"see c/dsocp56 -> na, wrong skip(-3)",-3,"na, wrong skip",TRUE,
070,D,socp57,binary,"see c/dsocp56 -> na, see C/DSOCP55(-2)",-2,"na, see C/DSOCP55",TRUE,
070,D,socp57,binary,"see c/dsocp56 -> na, asked(-1)",-1,"na, asked",TRUE,
070,D,socp57,binary,see c/dsocp56 -> not mentioned(0),0,not mentioned,FALSE,
070,D,socp57,binary,see c/dsocp56 -> mentioned(1),1,mentioned,FALSE,
070,C,socp58,binary,"see c/dsocp56 -> na, wrong skip(-3)",-3,"na, wrong skip",TRUE,
070,C,socp58,binary,"see c/dsocp56 -> na, see C/DSOCP55(-2)",-2,"na, see C/DSOCP55",TRUE,
070,C,socp58,binary,"see c/dsocp56 -> na, asked(-1)",-1,"na, asked",TRUE,
070,C,socp58,binary,see c/dsocp56 -> not mentioned(0),0,not mentioned,FALSE,
070,C,socp58,binary,see c/dsocp56 -> mentioned(1),1,mentioned,FALSE,
070,D,socp58,binary,"see c/dsocp56 -> na, wrong skip(-3)",-3,"na, wrong skip",TRUE,
070,D,socp58,binary,"see c/dsocp56 -> na, see C/DSOCP55(-2)",-2,"na, see C/DSOCP55",TRUE,
070,D,socp58,binary,"see c/dsocp56 -> na, asked(-1)",-1,"na, asked",TRUE,
070,D,socp58,binary,see c/dsocp56 -> not mentioned(0),0,not mentioned,FALSE,
070,D,socp58,binary,see c/dsocp56 -> mentioned(1),1,mentioned,FALSE,
070,C,socp59,binary,"see c/dsocp56 -> na, wrong skip(-3)",-3,"na, wrong skip",TRUE,
070,C,socp59,binary,"see c/dsocp56 -> na, see C/DSOCP55(-2)",-2,"na, see C/DSOCP55",TRUE,
070,C,socp59,binary,"see c/dsocp56 -> na, asked(-1)",-1,"na, asked",TRUE,
070,C,socp59,binary,see c/dsocp56 -> not mentioned(0),0,not mentioned,FALSE,
070,C,socp59,binary,see c/dsocp56 -> mentioned(1),1,mentioned,FALSE,
070,D,socp59,binary,"see c/dsocp56 -> na, wrong skip(-3)",-3,"na, wrong skip",TRUE,
070,D,socp59,binary,"see c/dsocp56 -> na, see C/DSOCP55(-2)",-2,"na, see C/DSOCP55",TRUE,
070,D,socp59,binary,"see c/dsocp56 -> na, asked(-1)",-1,"na, asked",TRUE,
070,D,socp59,binary,see c/dsocp56 -> not mentioned(0),0,not mentioned,FALSE,
070,D,socp59,binary,see c/dsocp56 -> mentioned(1),1,mentioned,FALSE,
070,C,socp60,binary,"see c/dsocp56 -> na, wrong skip(-3)",-3,"na, wrong skip",TRUE,
070,C,socp60,binary,"see c/dsocp56 -> na, see C/DSOCP55(-2)",-2,"na, see C/DSOCP55",TRUE,
070,C,socp60,binary,"see c/dsocp56 -> na, asked(-1)",-1,"na, asked",TRUE,
070,C,socp60,binary,see c/dsocp56 -> not mentioned(0),0,not mentioned,FALSE,
070,C,socp60,binary,see c/dsocp56 -> mentioned(1),1,mentioned,FALSE,
070,D,socp60,binary,"see c/dsocp56 -> na, wrong skip(-3)",-3,"na, wrong skip",TRUE,
070,D,socp60,binary,"see c/dsocp56 -> na, see C/DSOCP55(-2)",-2,"na, see C/DSOCP55",TRUE,
070,D,socp60,binary,"see c/dsocp56 -> na, asked(-1)",-1,"na, asked",TRUE,
070,D,socp60,binary,see c/dsocp56 -> not mentioned(0),0,not mentioned,FALSE,
070,D,socp60,binary,see c/dsocp56 -> mentioned(1),1,mentioned,FALSE,
070,C,socp61,binary,"see c/dsocp56 -> na, wrong skip(-3)",-3,"na, wrong skip",TRUE,
070,C,socp61,binary,"see c/dsocp56 -> na, see C/DSOCP55(-2)",-2,"na, see C/DSOCP55",TRUE,
070,C,socp61,binary,"see c/dsocp56 -> na, asked(-1)",-1,"na, asked",TRUE,
070,C,socp61,binary,see c/dsocp56 -> not mentioned(0),0,not mentioned,FALSE,
070,C,socp61,binary,see c/dsocp56 -> mentioned(1),1,mentioned,FALSE,
070,D,socp61,binary,"see c/dsocp56 -> na, wrong skip(-3)",-3,"na, wrong skip",TRUE,
070,D,socp61,binary,"see c/dsocp56 -> na, see C/DSOCP55(-2)",-2,"na, see C/DSOCP55",TRUE,
070,D,socp61,binary,"see c/dsocp56 -> na, asked(-1)",-1,"na, asked",TRUE,
070,D,socp61,binary,see c/dsocp56 -> not mentioned(0),0,not mentioned,FALSE,
070,D,socp61,binary,see c/dsocp56 -> mentioned(1),1,mentioned,FALSE,
070,C,socp66,categorical,"na, wrong skip(-3)",-3,"na, wrong skip",TRUE,
070,C,socp66,categorical,"na, see C/DRMSO(-2)",-2,"na, see C/DRMSO",TRUE,
070,C,socp66,categorical,"na, asked(-1)",-1,"na, asked",TRUE,
070,C,socp66,categorical,agree(1),1,agree,FALSE,
070,C,socp66,categorical,disagree(2),2,disagree,FALSE,
070,C,socp66,categorical,no opinion/don't know(3),3,no opinion/don't know,FALSE,
070,D,socp66,categorical,"na, wrong skip(-3)",-3,"na, wrong skip",TRUE,
070,D,socp66,categorical,"na, see C/DRMSO(-2)",-2,"na, see C/DRMSO",TRUE,
070,D,socp66,categorical,"na, asked(-1)",-1,"na, asked",TRUE,
070,D,socp66,categorical,agree(1),1,agree,FALSE,
070,D,socp66,categorical,disagree(2),2,disagree,FALSE,
070,D,socp66,categorical,no opinion/don't know(3),3,no opinion/don't know,FALSE,
070,C,socp67,numeric,"na, wrong skip(3)",3,"na, wrong skip",FALSE,
070,C,socp67,numeric,"na, see C/DSOCP66(-2)",-2,"na, see C/DSOCP66",TRUE,
070,C,socp67,numeric,"na, asked(-1)",-1,"na, asked",TRUE,
070,C,socp67,numeric,dependent on person(0),0,dependent on person,FALSE,
070,D,socp67,numeric,"na, wrong skip(3)",3,"na, wrong skip",FALSE,
070,D,socp67,numeric,"na, see C/DSOCP66(-2)",-2,"na, see C/DSOCP66",TRUE,
070,D,socp67,numeric,"na, asked(-1)",-1,"na, asked",TRUE,
070,D,socp67,numeric,dependent on person(0),0,dependent on person,FALSE,
070,E,socpyn,binary,"na, wrong skip(-3)",-3,"na, wrong skip",TRUE,
070,E,socpyn,binary,"na, see ERMSO(-2)",-2,"na, see ERMSO",TRUE,
070,E,socpyn,binary,"na, asked(-1)",-1,"na, asked",TRUE,
070,E,socpyn,binary,no(1),1,no,FALSE,
070,E,socpyn,binary,yes(2),2,yes,FALSE,
070,E,socp01,binary,"na, wrong skip(-3)",-3,"na, wrong skip",TRUE,
070,E,socp01,binary,"na, see ESOCPYN(-2)",-2,"na, see ESOCPYN",TRUE,
070,E,socp01,binary,"na, asked(-1)",-1,"na, asked",TRUE,
070,E,socp01,binary,not mentioned(0),0,not mentioned,FALSE,
070,E,socp01,binary,mentioned(1),1,mentioned,FALSE,
070,E,socp02,binary,"see esocp01 -> na, wrong skip(-3)",-3,"na, wrong skip",TRUE,
070,E,socp02,binary,"see esocp01 -> na, see ESOCPYN(-2)",-2,"na, see ESOCPYN",TRUE,
070,E,socp02,binary,"see esocp01 -> na, asked(-1)",-1,"na, asked",TRUE,
070,E,socp02,binary,see esocp01 -> not mentioned(0),0,not mentioned,FALSE,
070,E,socp02,binary,see esocp01 -> mentioned(1),1,mentioned,FALSE,
070,E,socp03,binary,"see esocp01 -> na, wrong skip(-3)",-3,"na, wrong skip",TRUE,
070,E,socp03,binary,"see esocp01 -> na, see ESOCPYN(-2)",-2,"na, see ESOCPYN",TRUE,
070,E,socp03,binary,"see esocp01 -> na, asked(-1)",-1,"na, asked",TRUE,
070,E,socp03,binary,see esocp01 -> not mentioned(0),0,not mentioned,FALSE,
070,E,socp03,binary,see esocp01 -> mentioned(1),1,mentioned,FALSE,
070,E,socp04,binary,"see esocp01 -> na, wrong skip(-3)",-3,"na, wrong skip",TRUE,
070,E,socp04,binary,"see esocp01 -> na, see ESOCPYN(-2)",-2,"na, see ESOCPYN",TRUE,
070,E,socp04,binary,"see esocp01 -> na, asked(-1)",-1,"na, asked",TRUE,
070,E,socp04,binary,see esocp01 -> not mentioned(0),0,not mentioned,FALSE,
070,E,socp04,binary,see esocp01 -> mentioned(1),1,mentioned,FALSE,
070,E,socp05,binary,"see esocp01 -> na, wrong skip(-3)",-3,"na, wrong skip",TRUE,
070,E,socp05,binary,"see esocp01 -> na, see ESOCPYN(-2)",-2,"na, see ESOCPYN",TRUE,
070,E,socp05,binary,"see esocp01 -> na, asked(-1)",-1,"na, asked",TRUE,
070,E,socp05,binary,see esocp01 -> not mentioned(0),0,not mentioned,FALSE,
070,E,socp05,binary,see esocp01 -> mentioned(1),1,mentioned,FALSE,
070,E,socp06,binary,"see esocp01 -> na, wrong skip(-3)",-3,"na, wrong skip",TRUE,
070,E,socp06,binary,"see esocp01 -> na, see ESOCPYN(-2)",-2,"na, see ESOCPYN",TRUE,
070,E,socp06,binary,"see esocp01 -> na, asked(-1)",-1,"na, asked",TRUE,
070,E,socp06,binary,see esocp01 -> not mentioned(0),0,not mentioned,FALSE,
070,E,socp06,binary,see esocp01 -> mentioned(1),1,mentioned,FALSE,
070,E,socp07,binary,"see esocp01 -> na, wrong skip(-3)",-3,"na, wrong skip",TRUE,
070,E,socp07,binary,"see esocp01 -> na, see ESOCPYN(-2)",-2,"na, see ESOCPYN",TRUE,
070,E,socp07,binary,"see esocp01 -> na, asked(-1)",-1,"na, asked",TRUE,
070,E,socp07,binary,see esocp01 -> not mentioned(0),0,not mentioned,FALSE,
070,E,socp07,binary,see esocp01 -> mentioned(1),1,mentioned,FALSE,
070,E,socp08,binary,"see esocp01 -> na, wrong skip(-3)",-3,"na, wrong skip",TRUE,
070,E,socp08,binary,"see esocp01 -> na, see ESOCPYN(-2)",-2,"na, see ESOCPYN",TRUE,
070,E,socp08,binary,"see esocp01 -> na, asked(-1)",-1,"na, asked",TRUE,
070,E,socp08,binary,see esocp01 -> not mentioned(0),0,not mentioned,FALSE,
070,E,socp08,binary,see esocp01 -> mentioned(1),1,mentioned,FALSE,
070,E,socp09,binary,"see esocp01 -> na, wrong skip(-3)",-3,"na, wrong skip",TRUE,
070,E,socp09,binary,"see esocp01 -> na, see ESOCPYN(-2)",-2,"na, see ESOCPYN",TRUE,
070,E,socp09,binary,"see esocp01 -> na, asked(-1)",-1,"na, asked",TRUE,
070,E,socp09,binary,see esocp01 -> not mentioned(0),0,not mentioned,FALSE,
070,E,socp09,binary,see esocp01 -> mentioned(1),1,mentioned,FALSE,
070,E,socp10,binary,"see esocp01 -> na, wrong skip(-3)",-3,"na, wrong skip",TRUE,
070,E,socp10,binary,"see esocp01 -> na, see ESOCPYN(-2)",-2,"na, see ESOCPYN",TRUE,
070,E,socp10,binary,"see esocp01 -> na, asked(-1)",-1,"na, asked",TRUE,
070,E,socp10,binary,see esocp01 -> not mentioned(0),0,not mentioned,FALSE,
070,E,socp10,binary,see esocp01 -> mentioned(1),1,mentioned,FALSE,
070,E,socp11,binary,"see esocp01 -> na, wrong skip(-3)",-3,"na, wrong skip",TRUE,
070,E,socp11,binary,"see esocp01 -> na, see ESOCPYN(-2)",-2,"na, see ESOCPYN",TRUE,
070,E,socp11,binary,"see esocp01 -> na, asked(-1)",-1,"na, asked",TRUE,
070,E,socp11,binary,see esocp01 -> not mentioned(0),0,not mentioned,FALSE,
070,E,socp11,binary,see esocp01 -> mentioned(1),1,mentioned,FALSE,
070,E,socp12,binary,"see esocp01 -> na, wrong skip(-3)",-3,"na, wrong skip",TRUE,
070,E,socp12,binary,"see esocp01 -> na, see ESOCPYN(-2)",-2,"na, see ESOCPYN",TRUE,
070,E,socp12,binary,"see esocp01 -> na, asked(-1)",-1,"na, asked",TRUE,
070,E,socp12,binary,see esocp01 -> not mentioned(0),0,not mentioned,FALSE,
070,E,socp12,binary,see esocp01 -> mentioned(1),1,mentioned,FALSE,
070,E,socp13,binary,"see esocp01 -> na, wrong skip(-3)",-3,"na, wrong skip",TRUE,
070,E,socp13,binary,"see esocp01 -> na, see ESOCPYN(-2)",-2,"na, see ESOCPYN",TRUE,
070,E,socp13,binary,"see esocp01 -> na, asked(-1)",-1,"na, asked",TRUE,
070,E,socp13,binary,see esocp01 -> not mentioned(0),0,not mentioned,FALSE,
070,E,socp13,binary,see esocp01 -> mentioned(1),1,mentioned,FALSE,
070,E,socp13x,categorical,"na, wrong skip(-3)",-3,"na, wrong skip",TRUE,
070,E,socp13x,categorical,"na, see ESOCP13(-2)",-2,"na, see ESOCP13",TRUE,
070,E,socp13x,categorical,"na, asked(-1)",-1,"na, asked",TRUE,
070,E,socp13x,categorical,- to be coded -(0),0,- to be coded -,FALSE,
070,E,socp13x,categorical,garden & pets(1),1,garden & pets,FALSE,
070,E,socp13x,categorical,cult.hist. ass.(2),2,cult.hist. ass.,FALSE,
070,E,socp13x,categorical,housing ass.(3),3,housing ass.,FALSE,
070,E,socp13x,categorical,other(4),4,other,FALSE,
070,E,socp14,ordinal,"na, wrong skip(-3)",-3,"na, wrong skip",TRUE,
070,E,socp14,ordinal,"na, see ESOCP01(-2)",-2,"na, see ESOCP01",TRUE,
070,E,socp14,ordinal,"na, asked(-1)",-1,"na, asked",TRUE,
070,E,socp14,ordinal,no(1),1,no,FALSE,
070,E,socp14,ordinal,yes(2),2,yes,FALSE,
070,E,socp15,ordinal,"na, wrong skip(-3)",-3,"na, wrong skip",TRUE,
070,E,socp15,ordinal,"na, see ESOCP02(-2)",-2,"na, see ESOCP02",TRUE,
070,E,socp15,ordinal,"na, asked(-1)",-1,"na, asked",TRUE,
070,E,socp15,ordinal,no(1),1,no,FALSE,
070,E,socp15,ordinal,yes(2),2,yes,FALSE,
070,E,socp16,ordinal,"na, wrong skip(-3)",-3,"na, wrong skip",TRUE,
070,E,socp16,ordinal,"na, see ESOCP03(-2)",-2,"na, see ESOCP03",TRUE,
070,E,socp16,ordinal,"na, asked(-1)",-1,"na, asked",TRUE,
070,E,socp16,ordinal,no(1),1,no,FALSE,
070,E,socp16,ordinal,yes(2),2,yes,FALSE,
070,E,socp17,ordinal,"na, wrong skip(-3)",-3,"na, wrong skip",TRUE,
070,E,socp17,ordinal,"na, see ESOCP04(-2)",-2,"na, see ESOCP04",TRUE,
070,E,socp17,ordinal,"na, asked(-1)",-1,"na, asked",TRUE,
070,E,socp17,ordinal,no(1),1,no,FALSE,
070,E,socp17,ordinal,yes(2),2,yes,FALSE,
070,E,socp18,ordinal,"na, wrong skip(-3)",-3,"na, wrong skip",TRUE,
070,E,socp18,ordinal,"na, see ESOCP05(-2)",-2,"na, see ESOCP05",TRUE,
070,E,socp18,ordinal,"na, asked(-1)",-1,"na, asked",TRUE,
070,E,socp18,ordinal,no(1),1,no,FALSE,
070,E,socp18,ordinal,yes(2),2,yes,FALSE,
070,E,socp19,ordinal,"na, wrong skip(-3)",-3,"na, wrong skip",TRUE,
070,E,socp19,ordinal,"na, see ESOCP06(-2)",-2,"na, see ESOCP06",TRUE,
070,E,socp19,ordinal,"na, asked(-1)",-1,"na, asked",TRUE,
070,E,socp19,ordinal,no(1),1,no,FALSE,
070,E,socp19,ordinal,yes(2),2,yes,FALSE,
070,E,socp20,ordinal,"na, wrong skip(-3)",-3,"na, wrong skip",TRUE,
070,E,socp20,ordinal,"na, see ESOCP07(-2)",-2,"na, see ESOCP07",TRUE,
070,E,socp20,ordinal,"na, asked(-1)",-1,"na, asked",TRUE,
070,E,socp20,ordinal,no(1),1,no,FALSE,
070,E,socp20,ordinal,yes(2),2,yes,FALSE,
070,E,socp21,ordinal,"na, wrong skip(-3)",-3,"na, wrong skip",TRUE,
070,E,socp21,ordinal,"na, see ESOCP08(-2)",-2,"na, see ESOCP08",TRUE,
070,E,socp21,ordinal,"na, asked(-1)",-1,"na, asked",TRUE,
070,E,socp21,ordinal,no(1),1,no,FALSE,
070,E,socp21,ordinal,yes(2),2,yes,FALSE,
070,E,socp22,ordinal,"na, wrong skip(-3)",-3,"na, wrong skip",TRUE,
070,E,socp22,ordinal,"na, see ESOCP09(-2)",-2,"na, see ESOCP09",TRUE,
070,E,socp22,ordinal,"na, asked(-1)",-1,"na, asked",TRUE,
070,E,socp22,ordinal,no(1),1,no,FALSE,
070,E,socp22,ordinal,yes(2),2,yes,FALSE,
070,E,socp23,ordinal,"na, wrong skip(-3)",-3,"na, wrong skip",TRUE,
070,E,socp23,ordinal,"na, see ESOCP10(-2)",-2,"na, see ESOCP10",TRUE,
070,E,socp23,ordinal,"na, asked(-1)",-1,"na, asked",TRUE,
070,E,socp23,ordinal,no(1),1,no,FALSE,
070,E,socp23,ordinal,yes(2),2,yes,FALSE,
070,E,socp24,ordinal,"na, wrong skip(-3)",-3,"na, wrong skip",TRUE,
070,E,socp24,ordinal,"na, see ESOCP11(-2)",-2,"na, see ESOCP11",TRUE,
070,E,socp24,ordinal,"na, asked(-1)",-1,"na, asked",TRUE,
070,E,socp24,ordinal,no(1),1,no,FALSE,
070,E,socp24,ordinal,yes(2),2,yes,FALSE,
070,E,socp25,ordinal,"na, wrong skip(-3)",-3,"na, wrong skip",TRUE,
070,E,socp25,ordinal,"na, see ESOCP12(-2)",-2,"na, see ESOCP12",TRUE,
070,E,socp25,ordinal,"na, asked(-1)",-1,"na, asked",TRUE,
070,E,socp25,ordinal,no(1),1,no,FALSE,
070,E,socp25,ordinal,yes(2),2,yes,FALSE,
070,E,socp26,ordinal,"na, wrong skip(-3)",-3,"na, wrong skip",TRUE,
070,E,socp26,ordinal,"na, see ESOCP13(-2)",-2,"na, see ESOCP13",TRUE,
070,E,socp26,ordinal,"na, asked(-1)",-1,"na, asked",TRUE,
070,E,socp26,ordinal,no(1),1,no,FALSE,
070,E,socp26,ordinal,yes(2),2,yes,FALSE,
070,E,socp27,ordinal,"na, wrong skip(-3)",-3,"na, wrong skip",TRUE,
070,E,socp27,ordinal,"na, see ESOCP14-26(-2)",-2,"na, see ESOCP14-26",TRUE,
070,E,socp27,ordinal,"na, asked(-1)",-1,"na, asked",TRUE,
070,E,socp27,ordinal,does not visit(0),0,does not visit,FALSE,
070,E,socp28,binary,"na, wrong skip(-3)",-3,"na, wrong skip",TRUE,
070,E,socp28,binary,"na, see ESOCP27(-2)",-2,"na, see ESOCP27",TRUE,
070,E,socp28,binary,"na, asked(-1)",-1,"na, asked",TRUE,
070,E,socp28,binary,does not visit(0),0,does not visit,FALSE,
070,E,socp28,binary,no(1),1,no,FALSE,
070,E,socp28,binary,yes(2),2,yes,FALSE,
070,E,socp30,numeric,"na, wrong skip(-3)",-3,"na, wrong skip",TRUE,
070,E,socp30,numeric,"na, see ESOCP28(-2)",-2,"na, see ESOCP28",TRUE,
070,E,socp30,numeric,"na, asked(-1)",-1,"na, asked",TRUE,
070,E,socp31,binary,"na, wrong skip(-3)",-3,"na, wrong skip",TRUE,
070,E,socp31,binary,"na, see ESOCP27(-2)",-2,"na, see ESOCP27",TRUE,
070,E,socp31,binary,"na, asked(-1)",-1,"na, asked",TRUE,
070,E,socp31,binary,no(1),1,no,FALSE,
070,E,socp31,binary,yes(2),2,yes,FALSE,
070,E,socp33,numeric,"na, wrong skip(-3)",-3,"na, wrong skip",TRUE,
070,E,socp33,numeric,"na, see ESOCP31(-2)",-2,"na, see ESOCP31",TRUE,
070,E,socp33,numeric,"na, asked(-1)",-1,"na, asked",TRUE,
070,E,socp46,ordinal,"na, wrong skip(-3)",-3,"na, wrong skip",TRUE,
070,E,socp46,ordinal,"na, see ERMSO(-2)",-2,"na, see ERMSO",TRUE,
070,E,socp46,ordinal,"na, asked(-1)",-1,"na, asked",TRUE,
070,E,socp47,ordinal,"see esocp46 -> na, wrong skip(-3)",-3,"na, wrong skip",TRUE,
070,E,socp47,ordinal,"see esocp46 -> na, see ERMSO(-2)",-2,"na, see ERMSO",TRUE,
070,E,socp47,ordinal,"see esocp46 -> na, asked(-1)",-1,"na, asked",TRUE,
070,E,socp48,ordinal,"see esocp46 -> na, wrong skip(-3)",-3,"na, wrong skip",TRUE,
070,E,socp48,ordinal,"see esocp46 -> na, see ERMSO(-2)",-2,"na, see ERMSO",TRUE,
070,E,socp48,ordinal,"see esocp46 -> na, asked(-1)",-1,"na, asked",TRUE,
070,E,socp49,ordinal,"see esocp46 -> na, wrong skip(-3)",-3,"na, wrong skip",TRUE,
070,E,socp49,ordinal,"see esocp46 -> na, see ERMSO(-2)",-2,"na, see ERMSO",TRUE,
070,E,socp49,ordinal,"see esocp46 -> na, asked(-1)",-1,"na, asked",TRUE,
070,E,socpr50,ordinal,"see esocp46 -> na, wrong skip(-3)",-3,"na, wrong skip",TRUE,
070,E,socpr50,ordinal,"see esocp46 -> na, see ERMSO(-2)",-2,"na, see ERMSO",TRUE,
070,E,socpr50,ordinal,"see esocp46 -> na, asked(-1)",-1,"na, asked",TRUE,
070,E,socp51,ordinal,"see esocp46 -> na, wrong skip(-3)",-3,"na, wrong skip",TRUE,
070,E,socp51,ordinal,"see esocp46 -> na, see ERMSO(-2)",-2,"na, see ERMSO",TRUE,
070,E,socp51,ordinal,"see esocp46 -> na, asked(-1)",-1,"na, asked",TRUE,
070,E,socp52,ordinal,"see esocp46 -> na, wrong skip(-3)",-3,"na, wrong skip",TRUE,
070,E,socp52,ordinal,"see esocp46 -> na, see ERMSO(-2)",-2,"na, see ERMSO",TRUE,
070,E,socp52,ordinal,"see esocp46 -> na, asked(-1)",-1,"na, asked",TRUE,
070,E,socp54,numeric,"na, wrong skip(-3)",-3,"na, wrong skip",TRUE,
070,E,socp54,numeric,"na, see ERMSO(-2)",-2,"na, see ERMSO",TRUE,
070,E,socp54,numeric,"na, asked(-1)",-1,"na, asked",TRUE,
070,E,socp55,binary,"na, wrong skip(-3)",-3,"na, wrong skip",TRUE,
070,E,socp55,binary,"na, see ERMSO(-2)",-2,"na, see ERMSO",TRUE,
070,E,socp55,binary,"na, asked(-1)",-1,"na, asked",TRUE,
070,E,socp55,binary,no(1),1,no,FALSE,
070,E,socp55,binary,yes(2),2,yes,FALSE,
070,E,socp72,binary,"see esocp55 -> na, wrong skip(-3)",-3,"na, wrong skip",TRUE,
070,E,socp72,binary,"see esocp55 -> na, see ERMSO(-2)",-2,"na, see ERMSO",TRUE,
070,E,socp72,binary,"see esocp55 -> na, asked(-1)",-1,"na, asked",TRUE,
070,E,socp72,binary,see esocp55 -> no(1),1,no,FALSE,
070,E,socp72,binary,see esocp55 -> yes(2),2,yes,FALSE,
070,E,socp73,numeric,"na, wrong skip(-3)",-3,"na, wrong skip",TRUE,
070,E,socp73,numeric,"na, see ESOCP72(-2)",-2,"na, see ESOCP72",TRUE,
070,E,socp73,numeric,"na, asked(-1)",-1,"na, asked",TRUE,
070,E,socp74,binary,"na, wrong skip(-3)",-3,"na, wrong skip",TRUE,
070,E,socp74,binary,"na, see ESOCP72(-2)",-2,"na, see ESOCP72",TRUE,
070,E,socp74,binary,"na, asked(-1)",-1,"na, asked",TRUE,
070,E,socp74,binary,not mentioned(0),0,not mentioned,FALSE,
070,E,socp74,binary,mentioned(1),1,mentioned,FALSE,
070,E,socp75,binary,"see esocp74 -> na, wrong skip(-3)",-3,"na, wrong skip",TRUE,
070,E,socp75,binary,"see esocp74 -> na, see ESOCP72(-2)",-2,"na, see ESOCP72",TRUE,
070,E,socp75,binary,"see esocp74 -> na, asked(-1)",-1,"na, asked",TRUE,
070,E,socp75,binary,see esocp74 -> not mentioned(0),0,not mentioned,FALSE,
070,E,socp75,binary,see esocp74 -> mentioned(1),1,mentioned,FALSE,
070,E,socp76,binary,"see esocp74 -> na, wrong skip(-3)",-3,"na, wrong skip",TRUE,
070,E,socp76,binary,"see esocp74 -> na, see ESOCP72(-2)",-2,"na, see ESOCP72",TRUE,
070,E,socp76,binary,"see esocp74 -> na, asked(-1)",-1,"na, asked",TRUE,
070,E,socp76,binary,see esocp74 -> not mentioned(0),0,not mentioned,FALSE,
070,E,socp76,binary,see esocp74 -> mentioned(1),1,mentioned,FALSE,
070,E,socp77,binary,"see esocp74 -> na, wrong skip(-3)",-3,"na, wrong skip",TRUE,
070,E,socp77,binary,"see esocp74 -> na, see ESOCP72(-2)",-2,"na, see ESOCP72",TRUE,
070,E,socp77,binary,"see esocp74 -> na, asked(-1)",-1,"na, asked",TRUE,
070,E,socp77,binary,see esocp74 -> not mentioned(0),0,not mentioned,FALSE,
070,E,socp77,binary,see esocp74 -> mentioned(1),1,mentioned,FALSE,
070,E,socp78,binary,"see esocp74 -> na, wrong skip(-3)",-3,"na, wrong skip",TRUE,
070,E,socp78,binary,"see esocp74 -> na, see ESOCP72(-2)",-2,"na, see ESOCP72",TRUE,
070,E,socp78,binary,"see esocp74 -> na, asked(-1)",-1,"na, asked",TRUE,
070,E,socp78,binary,see esocp74 -> not mentioned(0),0,not mentioned,FALSE,
070,E,socp78,binary,see esocp74 -> mentioned(1),1,mentioned,FALSE,
070,E,socp79,binary,"see esocp74 -> na, wrong skip(-3)",-3,"na, wrong skip",TRUE,
070,E,socp79,binary,"see esocp74 -> na, see ESOCP72(-2)",-2,"na, see ESOCP72",TRUE,
070,E,socp79,binary,"see esocp74 -> na, asked(-1)",-1,"na, asked",TRUE,
070,E,socp79,binary,see esocp74 -> not mentioned(0),0,not mentioned,FALSE,
070,E,socp79,binary,see esocp74 -> mentioned(1),1,mentioned,FALSE,
070,E,socp80,string,"na, wrong skip(-3)",-3,"na, wrong skip",TRUE,
070,E,socp80,string,"na, see ESOCP79(-2)",-2,"na, see ESOCP79",TRUE,
070,E,socp80,string,"na, asked(-1)",-1,"na, asked",TRUE,
070,E,socp80,string,- to be coded -(0),0,- to be coded -,FALSE,
070,E,socp81,binary,"na, wrong skip(-3)",-3,"na, wrong skip",TRUE,
070,E,socp81,binary,"na, see ESOCP78(-2)",-2,"na, see ESOCP78",TRUE,
070,E,socp81,binary,"na, asked(-1)",-1,"na, asked",TRUE,
070,E,socp81,binary,not mentioned(0),0,not mentioned,FALSE,
070,E,socp81,binary,mentioned(1),1,mentioned,FALSE,
070,E,socp82,binary,"see esocp81 -> na, wrong skip(-3)",-3,"na, wrong skip",TRUE,
070,E,socp82,binary,"see esocp81 -> na, see ESOCP78(-2)",-2,"na, see ESOCP78",TRUE,
070,E,socp82,binary,"see esocp81 -> na, asked(-1)",-1,"na, asked",TRUE,
070,E,socp82,binary,see esocp81 -> not mentioned(0),0,not mentioned,FALSE,
070,E,socp82,binary,see esocp81 -> mentioned(1),1,mentioned,FALSE,
070,E,socp83,binary,"see esocp81 -> na, wrong skip(-3)",-3,"na, wrong skip",TRUE,
070,E,socp83,binary,"see esocp81 -> na, see ESOCP78(-2)",-2,"na, see ESOCP78",TRUE,
070,E,socp83,binary,"see esocp81 -> na, asked(-1)",-1,"na, asked",TRUE,
070,E,socp83,binary,see esocp81 -> not mentioned(0),0,not mentioned,FALSE,
070,E,socp83,binary,see esocp81 -> mentioned(1),1,mentioned,FALSE,
070,E,socp84,binary,"see esocp81 -> na, wrong skip(-3)",-3,"na, wrong skip",TRUE,
070,E,socp84,binary,"see esocp81 -> na, see ESOCP78(-2)",-2,"na, see ESOCP78",TRUE,
070,E,socp84,binary,"see esocp81 -> na, asked(-1)",-1,"na, asked",TRUE,
070,E,socp84,binary,see esocp81 -> not mentioned(0),0,not mentioned,FALSE,
070,E,socp84,binary,see esocp81 -> mentioned(1),1,mentioned,FALSE,
070,E,socp85,binary,"see esocp81 -> na, wrong skip(-3)",-3,"na, wrong skip",TRUE,
070,E,socp85,binary,"see esocp81 -> na, see ESOCP78(-2)",-2,"na, see ESOCP78",TRUE,
070,E,socp85,binary,"see esocp81 -> na, asked(-1)",-1,"na, asked",TRUE,
070,E,socp85,binary,see esocp81 -> not mentioned(0),0,not mentioned,FALSE,
070,E,socp85,binary,see esocp81 -> mentioned(1),1,mentioned,FALSE,
070,E,socp86,binary,"see esocp81 -> na, wrong skip(-3)",-3,"na, wrong skip",TRUE,
070,E,socp86,binary,"see esocp81 -> na, see ESOCP78(-2)",-2,"na, see ESOCP78",TRUE,
070,E,socp86,binary,"see esocp81 -> na, asked(-1)",-1,"na, asked",TRUE,
070,E,socp86,binary,see esocp81 -> not mentioned(0),0,not mentioned,FALSE,
070,E,socp86,binary,see esocp81 -> mentioned(1),1,mentioned,FALSE,
070,E,socp87,binary,"see esocp81 -> na, wrong skip(-3)",-3,"na, wrong skip",TRUE,
070,E,socp87,binary,"see esocp81 -> na, see ESOCP78(-2)",-2,"na, see ESOCP78",TRUE,
070,E,socp87,binary,"see esocp81 -> na, asked(-1)",-1,"na, asked",TRUE,
070,E,socp87,binary,see esocp81 -> not mentioned(0),0,not mentioned,FALSE,
070,E,socp87,binary,see esocp81 -> mentioned(1),1,mentioned,FALSE,
070,E,socp88,binary,"see esocp81 -> na, wrong skip(-3)",-3,"na, wrong skip",TRUE,
070,E,socp88,binary,"see esocp81 -> na, see ESOCP78(-2)",-2,"na, see ESOCP78",TRUE,
070,E,socp88,binary,"see esocp81 -> na, asked(-1)",-1,"na, asked",TRUE,
070,E,socp88,binary,see esocp81 -> not mentioned(0),0,not mentioned,FALSE,
070,E,socp88,binary,see esocp81 -> mentioned(1),1,mentioned,FALSE,
070,E,socp89,string,"na, wrong skip(-3)",-3,"na, wrong skip",TRUE,
070,E,socp89,string,"na, see ESOCP88(-2)",-2,"na, see ESOCP88",TRUE,
070,E,socp89,string,"na, asked(-1)",-1,"na, asked",TRUE,
070,E,socp89,string,- to be coded -(0),0,- to be coded -,FALSE,
070,E,socp90,numeric,"na, wrong skip(-3)",-3,"na, wrong skip",TRUE,
070,E,socp90,numeric,"na, see ESOCP78(-2)",-2,"na, see ESOCP78",TRUE,
070,E,socp90,numeric,"na, asked(-1)",-1,"na, asked",TRUE,
070,E,socp91,categorical,"na, wrong skip(-3)",-3,"na, wrong skip",TRUE,
070,E,socp91,categorical,"na, see ESOCP78(-2)",-2,"na, see ESOCP78",TRUE,
070,E,socp91,categorical,"na, asked(-1)",-1,"na, asked",TRUE,
070,E,socp91,categorical,never(1),1,never,FALSE,
070,E,socp91,categorical,rarely(2),2,rarely,FALSE,
070,E,socp91,categorical,sometimes(3),3,sometimes,FALSE,
070,E,socp91,categorical,often(4),4,often,FALSE,
070,E,socp92,categorical,"see esocp91 -> na, wrong skip(-3)",-3,"na, wrong skip",TRUE,
070,E,socp92,categorical,"see esocp91 -> na, see ESOCP78(-2)",-2,"na, see ESOCP78",TRUE,
070,E,socp92,categorical,"see esocp91 -> na, asked(-1)",-1,"na, asked",TRUE,
070,E,socp92,categorical,see esocp91 -> never(1),1,never,FALSE,
070,E,socp92,categorical,see esocp91 -> rarely(2),2,rarely,FALSE,
070,E,socp92,categorical,see esocp91 -> sometimes(3),3,sometimes,FALSE,
070,E,socp92,categorical,see esocp91 -> often(4),4,often,FALSE,
070,E,rmso,categorical,valid data(-2),-2,valid data,TRUE,
070,E,rmso,categorical,short interview(1),1,short interview,FALSE,
070,2B,socpyn,binary,"na, wrong skip(-3)",-3,"na, wrong skip",TRUE,
070,2B,socpyn,binary,"na, see B/FRMSO(-2)",-2,"na, see B/FRMSO",TRUE,
070,2B,socpyn,binary,"na, asked(-1)",-1,"na, asked",TRUE,
070,2B,socpyn,binary,no(1),1,no,FALSE,
070,2B,socpyn,binary,yes(2),2,yes,FALSE,
070,F,socpyn,binary,"na, wrong skip(-3)",-3,"na, wrong skip",TRUE,
070,F,socpyn,binary,"na, see B/FRMSO(-2)",-2,"na, see B/FRMSO",TRUE,
070,F,socpyn,binary,"na, asked(-1)",-1,"na, asked",TRUE,
070,F,socpyn,binary,no(1),1,no,FALSE,
070,F,socpyn,binary,yes(2),2,yes,FALSE,
070,2B,socp01,binary,"na, wrong skip(-3)",-3,"na, wrong skip",TRUE,
070,2B,socp01,binary,"na, see B/FSOCPYN(-2)",-2,"na, see B/FSOCPYN",TRUE,
070,2B,socp01,binary,"na, asked(-1)",-1,"na, asked",TRUE,
070,2B,socp01,binary,not mentioned(0),0,not mentioned,FALSE,
070,2B,socp01,binary,mentioned(1),1,mentioned,FALSE,
070,F,socp01,binary,"na, wrong skip(-3)",-3,"na, wrong skip",TRUE,
070,F,socp01,binary,"na, see B/FSOCPYN(-2)",-2,"na, see B/FSOCPYN",TRUE,
070,F,socp01,binary,"na, asked(-1)",-1,"na, asked",TRUE,
070,F,socp01,binary,not mentioned(0),0,not mentioned,FALSE,
070,F,socp01,binary,mentioned(1),1,mentioned,FALSE,
070,2B,socp02,binary,"see b/fsocp01 -> na, wrong skip(-3)",-3,"na, wrong skip",TRUE,
070,2B,socp02,binary,"see b/fsocp01 -> na, see B/FSOCPYN(-2)",-2,"na, see B/FSOCPYN",TRUE,
070,2B,socp02,binary,"see b/fsocp01 -> na, asked(-1)",-1,"na, asked",TRUE,
070,2B,socp02,binary,see b/fsocp01 -> not mentioned(0),0,not mentioned,FALSE,
070,2B,socp02,binary,see b/fsocp01 -> mentioned(1),1,mentioned,FALSE,
070,F,socp02,binary,"see b/fsocp01 -> na, wrong skip(-3)",-3,"na, wrong skip",TRUE,
070,F,socp02,binary,"see b/fsocp01 -> na, see B/FSOCPYN(-2)",-2,"na, see B/FSOCPYN",TRUE,
070,F,socp02,binary,"see b/fsocp01 -> na, asked(-1)",-1,"na, asked",TRUE,
070,F,socp02,binary,see b/fsocp01 -> not mentioned(0),0,not mentioned,FALSE,
070,F,socp02,binary,see b/fsocp01 -> mentioned(1),1,mentioned,FALSE,
070,2B,socp03,binary,"see b/fsocp01 -> na, wrong skip(-3)",-3,"na, wrong skip",TRUE,
070,2B,socp03,binary,"see b/fsocp01 -> na, see B/FSOCPYN(-2)",-2,"na, see B/FSOCPYN",TRUE,
070,2B,socp03,binary,"see b/fsocp01 -> na, asked(-1)",-1,"na, asked",TRUE,
070,2B,socp03,binary,see b/fsocp01 -> not mentioned(0),0,not mentioned,FALSE,
070,2B,socp03,binary,see b/fsocp01 -> mentioned(1),1,mentioned,FALSE,
070,F,socp03,binary,"see b/fsocp01 -> na, wrong skip(-3)",-3,"na, wrong skip",TRUE,
070,F,socp03,binary,"see b/fsocp01 -> na, see B/FSOCPYN(-2)",-2,"na, see B/FSOCPYN",TRUE,
070,F,socp03,binary,"see b/fsocp01 -> na, asked(-1)",-1,"na, asked",TRUE,
070,F,socp03,binary,see b/fsocp01 -> not mentioned(0),0,not mentioned,FALSE,
070,F,socp03,binary,see b/fsocp01 -> mentioned(1),1,mentioned,FALSE,
070,2B,socp04,binary,"see b/fsocp01 -> na, wrong skip(-3)",-3,"na, wrong skip",TRUE,
070,2B,socp04,binary,"see b/fsocp01 -> na, see B/FSOCPYN(-2)",-2,"na, see B/FSOCPYN",TRUE,
070,2B,socp04,binary,"see b/fsocp01 -> na, asked(-1)",-1,"na, asked",TRUE,
070,2B,socp04,binary,see b/fsocp01 -> not mentioned(0),0,not mentioned,FALSE,
070,2B,socp04,binary,see b/fsocp01 -> mentioned(1),1,mentioned,FALSE,
070,F,socp04,binary,"see b/fsocp01 -> na, wrong skip(-3)",-3,"na, wrong skip",TRUE,
070,F,socp04,binary,"see b/fsocp01 -> na, see B/FSOCPYN(-2)",-2,"na, see B/FSOCPYN",TRUE,
070,F,socp04,binary,"see b/fsocp01 -> na, asked(-1)",-1,"na, asked",TRUE,
070,F,socp04,binary,see b/fsocp01 -> not mentioned(0),0,not mentioned,FALSE,
070,F,socp04,binary,see b/fsocp01 -> mentioned(1),1,mentioned,FALSE,
070,2B,socp05,binary,"see b/fsocp01 -> na, wrong skip(-3)",-3,"na, wrong skip",TRUE,
070,2B,socp05,binary,"see b/fsocp01 -> na, see B/FSOCPYN(-2)",-2,"na, see B/FSOCPYN",TRUE,
070,2B,socp05,binary,"see b/fsocp01 -> na, asked(-1)",-1,"na, asked",TRUE,
070,2B,socp05,binary,see b/fsocp01 -> not mentioned(0),0,not mentioned,FALSE,
070,2B,socp05,binary,see b/fsocp01 -> mentioned(1),1,mentioned,FALSE,
070,F,socp05,binary,"see b/fsocp01 -> na, wrong skip(-3)",-3,"na, wrong skip",TRUE,
070,F,socp05,binary,"see b/fsocp01 -> na, see B/FSOCPYN(-2)",-2,"na, see B/FSOCPYN",TRUE,
070,F,socp05,binary,"see b/fsocp01 -> na, asked(-1)",-1,"na, asked",TRUE,
070,F,socp05,binary,see b/fsocp01 -> not mentioned(0),0,not mentioned,FALSE,
070,F,socp05,binary,see b/fsocp01 -> mentioned(1),1,mentioned,FALSE,
070,2B,socp06,binary,"see b/fsocp01 -> na, wrong skip(-3)",-3,"na, wrong skip",TRUE,
070,2B,socp06,binary,"see b/fsocp01 -> na, see B/FSOCPYN(-2)",-2,"na, see B/FSOCPYN",TRUE,
070,2B,socp06,binary,"see b/fsocp01 -> na, asked(-1)",-1,"na, asked",TRUE,
070,2B,socp06,binary,see b/fsocp01 -> not mentioned(0),0,not mentioned,FALSE,
070,2B,socp06,binary,see b/fsocp01 -> mentioned(1),1,mentioned,FALSE,
070,F,socp06,binary,"see b/fsocp01 -> na, wrong skip(-3)",-3,"na, wrong skip",TRUE,
070,F,socp06,binary,"see b/fsocp01 -> na, see B/FSOCPYN(-2)",-2,"na, see B/FSOCPYN",TRUE,
070,F,socp06,binary,"see b/fsocp01 -> na, asked(-1)",-1,"na, asked",TRUE,
070,F,socp06,binary,see b/fsocp01 -> not mentioned(0),0,not mentioned,FALSE,
070,F,socp06,binary,see b/fsocp01 -> mentioned(1),1,mentioned,FALSE,
070,2B,socp07,binary,"see b/fsocp01 -> na, wrong skip(-3)",-3,"na, wrong skip",TRUE,
070,2B,socp07,binary,"see b/fsocp01 -> na, see B/FSOCPYN(-2)",-2,"na, see B/FSOCPYN",TRUE,
070,2B,socp07,binary,"see b/fsocp01 -> na, asked(-1)",-1,"na, asked",TRUE,
070,2B,socp07,binary,see b/fsocp01 -> not mentioned(0),0,not mentioned,FALSE,
070,2B,socp07,binary,see b/fsocp01 -> mentioned(1),1,mentioned,FALSE,
070,F,socp07,binary,"see b/fsocp01 -> na, wrong skip(-3)",-3,"na, wrong skip",TRUE,
070,F,socp07,binary,"see b/fsocp01 -> na, see B/FSOCPYN(-2)",-2,"na, see B/FSOCPYN",TRUE,
070,F,socp07,binary,"see b/fsocp01 -> na, asked(-1)",-1,"na, asked",TRUE,
070,F,socp07,binary,see b/fsocp01 -> not mentioned(0),0,not mentioned,FALSE,
070,F,socp07,binary,see b/fsocp01 -> mentioned(1),1,mentioned,FALSE,
070,2B,socp08,binary,"see b/fsocp01 -> na, wrong skip(-3)",-3,"na, wrong skip",TRUE,
070,2B,socp08,binary,"see b/fsocp01 -> na, see B/FSOCPYN(-2)",-2,"na, see B/FSOCPYN",TRUE,
070,2B,socp08,binary,"see b/fsocp01 -> na, asked(-1)",-1,"na, asked",TRUE,
070,2B,socp08,binary,see b/fsocp01 -> not mentioned(0),0,not mentioned,FALSE,
070,2B,socp08,binary,see b/fsocp01 -> mentioned(1),1,mentioned,FALSE,
070,F,socp08,binary,"see b/fsocp01 -> na, wrong skip(-3)",-3,"na, wrong skip",TRUE,
070,F,socp08,binary,"see b/fsocp01 -> na, see B/FSOCPYN(-2)",-2,"na, see B/FSOCPYN",TRUE,
070,F,socp08,binary,"see b/fsocp01 -> na, asked(-1)",-1,"na, asked",TRUE,
070,F,socp08,binary,see b/fsocp01 -> not mentioned(0),0,not mentioned,FALSE,
070,F,socp08,binary,see b/fsocp01 -> mentioned(1),1,mentioned,FALSE,
070,2B,socp09,binary,"see b/fsocp01 -> na, wrong skip(-3)",-3,"na, wrong skip",TRUE,
070,2B,socp09,binary,"see b/fsocp01 -> na, see B/FSOCPYN(-2)",-2,"na, see B/FSOCPYN",TRUE,
070,2B,socp09,binary,"see b/fsocp01 -> na, asked(-1)",-1,"na, asked",TRUE,
070,2B,socp09,binary,see b/fsocp01 -> not mentioned(0),0,not mentioned,FALSE,
070,2B,socp09,binary,see b/fsocp01 -> mentioned(1),1,mentioned,FALSE,
070,F,socp09,binary,"see b/fsocp01 -> na, wrong skip(-3)",-3,"na, wrong skip",TRUE,
070,F,socp09,binary,"see b/fsocp01 -> na, see B/FSOCPYN(-2)",-2,"na, see B/FSOCPYN",TRUE,
070,F,socp09,binary,"see b/fsocp01 -> na, asked(-1)",-1,"na, asked",TRUE,
070,F,socp09,binary,see b/fsocp01 -> not mentioned(0),0,not mentioned,FALSE,
070,F,socp09,binary,see b/fsocp01 -> mentioned(1),1,mentioned,FALSE,
070,2B,socp10,binary,"see b/fsocp01 -> na, wrong skip(-3)",-3,"na, wrong skip",TRUE,
070,2B,socp10,binary,"see b/fsocp01 -> na, see B/FSOCPYN(-2)",-2,"na, see B/FSOCPYN",TRUE,
070,2B,socp10,binary,"see b/fsocp01 -> na, asked(-1)",-1,"na, asked",TRUE,
070,2B,socp10,binary,see b/fsocp01 -> not mentioned(0),0,not mentioned,FALSE,
070,2B,socp10,binary,see b/fsocp01 -> mentioned(1),1,mentioned,FALSE,
070,F,socp10,binary,"see b/fsocp01 -> na, wrong skip(-3)",-3,"na, wrong skip",TRUE,
070,F,socp10,binary,"see b/fsocp01 -> na, see B/FSOCPYN(-2)",-2,"na, see B/FSOCPYN",TRUE,
070,F,socp10,binary,"see b/fsocp01 -> na, asked(-1)",-1,"na, asked",TRUE,
070,F,socp10,binary,see b/fsocp01 -> not mentioned(0),0,not mentioned,FALSE,
070,F,socp10,binary,see b/fsocp01 -> mentioned(1),1,mentioned,FALSE,
070,2B,socp11,binary,"see b/fsocp01 -> na, wrong skip(-3)",-3,"na, wrong skip",TRUE,
070,2B,socp11,binary,"see b/fsocp01 -> na, see B/FSOCPYN(-2)",-2,"na, see B/FSOCPYN",TRUE,
070,2B,socp11,binary,"see b/fsocp01 -> na, asked(-1)",-1,"na, asked",TRUE,
070,2B,socp11,binary,see b/fsocp01 -> not mentioned(0),0,not mentioned,FALSE,
070,2B,socp11,binary,see b/fsocp01 -> mentioned(1),1,mentioned,FALSE,
070,F,socp11,binary,"see b/fsocp01 -> na, wrong skip(-3)",-3,"na, wrong skip",TRUE,
070,F,socp11,binary,"see b/fsocp01 -> na, see B/FSOCPYN(-2)",-2,"na, see B/FSOCPYN",TRUE,
070,F,socp11,binary,"see b/fsocp01 -> na, asked(-1)",-1,"na, asked",TRUE,
070,F,socp11,binary,see b/fsocp01 -> not mentioned(0),0,not mentioned,FALSE,
070,F,socp11,binary,see b/fsocp01 -> mentioned(1),1,mentioned,FALSE,
070,2B,socp12,binary,"see b/fsocp01 -> na, wrong skip(-3)",-3,"na, wrong skip",TRUE,
070,2B,socp12,binary,"see b/fsocp01 -> na, see B/FSOCPYN(-2)",-2,"na, see B/FSOCPYN",TRUE,
070,2B,socp12,binary,"see b/fsocp01 -> na, asked(-1)",-1,"na, asked",TRUE,
070,2B,socp12,binary,see b/fsocp01 -> not mentioned(0),0,not mentioned,FALSE,
070,2B,socp12,binary,see b/fsocp01 -> mentioned(1),1,mentioned,FALSE,
070,F,socp12,binary,"see b/fsocp01 -> na, wrong skip(-3)",-3,"na, wrong skip",TRUE,
070,F,socp12,binary,"see b/fsocp01 -> na, see B/FSOCPYN(-2)",-2,"na, see B/FSOCPYN",TRUE,
070,F,socp12,binary,"see b/fsocp01 -> na, asked(-1)",-1,"na, asked",TRUE,
070,F,socp12,binary,see b/fsocp01 -> not mentioned(0),0,not mentioned,FALSE,
070,F,socp12,binary,see b/fsocp01 -> mentioned(1),1,mentioned,FALSE,
070,2B,socp13,binary,"see b/fsocp01 -> na, wrong skip(-3)",-3,"na, wrong skip",TRUE,
070,2B,socp13,binary,"see b/fsocp01 -> na, see B/FSOCPYN(-2)",-2,"na, see B/FSOCPYN",TRUE,
070,2B,socp13,binary,"see b/fsocp01 -> na, asked(-1)",-1,"na, asked",TRUE,
070,2B,socp13,binary,see b/fsocp01 -> not mentioned(0),0,not mentioned,FALSE,
070,2B,socp13,binary,see b/fsocp01 -> mentioned(1),1,mentioned,FALSE,
070,F,socp13,binary,"see b/fsocp01 -> na, wrong skip(-3)",-3,"na, wrong skip",TRUE,
070,F,socp13,binary,"see b/fsocp01 -> na, see B/FSOCPYN(-2)",-2,"na, see B/FSOCPYN",TRUE,
070,F,socp13,binary,"see b/fsocp01 -> na, asked(-1)",-1,"na, asked",TRUE,
070,F,socp13,binary,see b/fsocp01 -> not mentioned(0),0,not mentioned,FALSE,
070,F,socp13,binary,see b/fsocp01 -> mentioned(1),1,mentioned,FALSE,
070,2B,socp13x,categorical,"na, wrong skip(-3)",-3,"na, wrong skip",TRUE,
070,2B,socp13x,categorical,"na, see B/FSOCP13(-2)",-2,"na, see B/FSOCP13",TRUE,
070,2B,socp13x,categorical,"na, asked(-1)",-1,"na, asked",TRUE,
070,2B,socp13x,categorical,- to be coded -(0),0,- to be coded -,FALSE,
070,2B,socp13x,categorical,garden & pets(1),1,garden & pets,FALSE,
070,2B,socp13x,categorical,cult.hist. ass.(2),2,cult.hist. ass.,FALSE,
070,2B,socp13x,categorical,housing ass.(3),3,housing ass.,FALSE,
070,2B,socp13x,categorical,other(4),4,other,FALSE,
070,F,socp13x,categorical,"na, wrong skip(-3)",-3,"na, wrong skip",TRUE,
070,F,socp13x,categorical,"na, see B/FSOCP13(-2)",-2,"na, see B/FSOCP13",TRUE,
070,F,socp13x,categorical,"na, asked(-1)",-1,"na, asked",TRUE,
070,F,socp13x,categorical,- to be coded -(0),0,- to be coded -,FALSE,
070,F,socp13x,categorical,garden & pets(1),1,garden & pets,FALSE,
070,F,socp13x,categorical,cult.hist. ass.(2),2,cult.hist. ass.,FALSE,
070,F,socp13x,categorical,housing ass.(3),3,housing ass.,FALSE,
070,F,socp13x,categorical,other(4),4,other,FALSE,
070,2B,socp14,ordinal,"na, wrong skip(-3)",-3,"na, wrong skip",TRUE,
070,2B,socp14,ordinal,"na, see B/FSOCP01(-2)",-2,"na, see B/FSOCP01",TRUE,
070,2B,socp14,ordinal,"na, asked(-1)",-1,"na, asked",TRUE,
070,2B,socp14,ordinal,no(1),1,no,FALSE,
070,2B,socp14,ordinal,yes(2),2,yes,FALSE,
070,F,socp14,ordinal,"na, wrong skip(-3)",-3,"na, wrong skip",TRUE,
070,F,socp14,ordinal,"na, see B/FSOCP01(-2)",-2,"na, see B/FSOCP01",TRUE,
070,F,socp14,ordinal,"na, asked(-1)",-1,"na, asked",TRUE,
070,F,socp14,ordinal,no(1),1,no,FALSE,
070,F,socp14,ordinal,yes(2),2,yes,FALSE,
070,2B,socp15,ordinal,"na, wrong skip(-3)",-3,"na, wrong skip",TRUE,
070,2B,socp15,ordinal,"na, see B/FSOCP02(-2)",-2,"na, see B/FSOCP02",TRUE,
070,2B,socp15,ordinal,"na, asked(-1)",-1,"na, asked",TRUE,
070,2B,socp15,ordinal,no(1),1,no,FALSE,
070,2B,socp15,ordinal,yes(2),2,yes,FALSE,
070,F,socp15,ordinal,"na, wrong skip(-3)",-3,"na, wrong skip",TRUE,
070,F,socp15,ordinal,"na, see B/FSOCP02(-2)",-2,"na, see B/FSOCP02",TRUE,
070,F,socp15,ordinal,"na, asked(-1)",-1,"na, asked",TRUE,
070,F,socp15,ordinal,no(1),1,no,FALSE,
070,F,socp15,ordinal,yes(2),2,yes,FALSE,
070,2B,socp16,ordinal,"na, wrong skip(-3)",-3,"na, wrong skip",TRUE,
070,2B,socp16,ordinal,"na, see B/FSOCP03(-2)",-2,"na, see B/FSOCP03",TRUE,
070,2B,socp16,ordinal,"na, asked(-1)",-1,"na, asked",TRUE,
070,2B,socp16,ordinal,no(1),1,no,FALSE,
070,2B,socp16,ordinal,yes(2),2,yes,FALSE,
070,F,socp16,ordinal,"na, wrong skip(-3)",-3,"na, wrong skip",TRUE,
070,F,socp16,ordinal,"na, see B/FSOCP03(-2)",-2,"na, see B/FSOCP03",TRUE,
070,F,socp16,ordinal,"na, asked(-1)",-1,"na, asked",TRUE,
070,F,socp16,ordinal,no(1),1,no,FALSE,
070,F,socp16,ordinal,yes(2),2,yes,FALSE,
070,2B,socp17,ordinal,"na, wrong skip(-3)",-3,"na, wrong skip",TRUE,
070,2B,socp17,ordinal,"na, see B/FSOCP04(-2)",-2,"na, see B/FSOCP04",TRUE,
070,2B,socp17,ordinal,"na, asked(-1)",-1,"na, asked",TRUE,
070,2B,socp17,ordinal,no(1),1,no,FALSE,
070,2B,socp17,ordinal,yes(2),2,yes,FALSE,
070,F,socp17,ordinal,"na, wrong skip(-3)",-3,"na, wrong skip",TRUE,
070,F,socp17,ordinal,"na, see B/FSOCP04(-2)",-2,"na, see B/FSOCP04",TRUE,
070,F,socp17,ordinal,"na, asked(-1)",-1,"na, asked",TRUE,
070,F,socp17,ordinal,no(1),1,no,FALSE,
070,F,socp17,ordinal,yes(2),2,yes,FALSE,
070,2B,socp18,ordinal,"na, wrong skip(-3)",-3,"na, wrong skip",TRUE,
070,2B,socp18,ordinal,"na, see B/FSOCP05(-2)",-2,"na, see B/FSOCP05",TRUE,
070,2B,socp18,ordinal,"na, asked(-1)",-1,"na, asked",TRUE,
070,2B,socp18,ordinal,no(1),1,no,FALSE,
070,2B,socp18,ordinal,yes(2),2,yes,FALSE,
070,F,socp18,ordinal,"na, wrong skip(-3)",-3,"na, wrong skip",TRUE,
070,F,socp18,ordinal,"na, see B/FSOCP05(-2)",-2,"na, see B/FSOCP05",TRUE,
070,F,socp18,ordinal,"na, asked(-1)",-1,"na, asked",TRUE,
070,F,socp18,ordinal,no(1),1,no,FALSE,
070,F,socp18,ordinal,yes(2),2,yes,FALSE,
070,2B,socp19,ordinal,"na, wrong skip(-3)",-3,"na, wrong skip",TRUE,
070,2B,socp19,ordinal,"na, see B/FSOCP06(-2)",-2,"na, see B/FSOCP06",TRUE,
070,2B,socp19,ordinal,"na, asked(-1)",-1,"na, asked",TRUE,
070,2B,socp19,ordinal,no(1),1,no,FALSE,
070,2B,socp19,ordinal,yes(2),2,yes,FALSE,
070,F,socp19,ordinal,"na, wrong skip(-3)",-3,"na, wrong skip",TRUE,
070,F,socp19,ordinal,"na, see B/FSOCP06(-2)",-2,"na, see B/FSOCP06",TRUE,
070,F,socp19,ordinal,"na, asked(-1)",-1,"na, asked",TRUE,
070,F,socp19,ordinal,no(1),1,no,FALSE,
070,F,socp19,ordinal,yes(2),2,yes,FALSE,
070,2B,socp20,ordinal,"na, wrong skip(-3)",-3,"na, wrong skip",TRUE,
070,2B,socp20,ordinal,"na, see B/FSOCP07(-2)",-2,"na, see B/FSOCP07",TRUE,
070,2B,socp20,ordinal,"na, asked(-1)",-1,"na, asked",TRUE,
070,2B,socp20,ordinal,no(1),1,no,FALSE,
070,2B,socp20,ordinal,yes(2),2,yes,FALSE,
070,F,socp20,ordinal,"na, wrong skip(-3)",-3,"na, wrong skip",TRUE,
070,F,socp20,ordinal,"na, see B/FSOCP07(-2)",-2,"na, see B/FSOCP07",TRUE,
070,F,socp20,ordinal,"na, asked(-1)",-1,"na, asked",TRUE,
070,F,socp20,ordinal,no(1),1,no,FALSE,
070,F,socp20,ordinal,yes(2),2,yes,FALSE,
070,2B,socp21,ordinal,"na, wrong skip(-3)",-3,"na, wrong skip",TRUE,
070,2B,socp21,ordinal,"na, see B/FSOCP08(-2)",-2,"na, see B/FSOCP08",TRUE,
070,2B,socp21,ordinal,"na, asked(-1)",-1,"na, asked",TRUE,
070,2B,socp21,ordinal,no(1),1,no,FALSE,
070,2B,socp21,ordinal,yes(2),2,yes,FALSE,
070,F,socp21,ordinal,"na, wrong skip(-3)",-3,"na, wrong skip",TRUE,
070,F,socp21,ordinal,"na, see B/FSOCP08(-2)",-2,"na, see B/FSOCP08",TRUE,
070,F,socp21,ordinal,"na, asked(-1)",-1,"na, asked",TRUE,
070,F,socp21,ordinal,no(1),1,no,FALSE,
070,F,socp21,ordinal,yes(2),2,yes,FALSE,
070,2B,socp22,ordinal,"na, wrong skip(-3)",-3,"na, wrong skip",TRUE,
070,2B,socp22,ordinal,"na, see B/FSOCP09(-2)",-2,"na, see B/FSOCP09",TRUE,
070,2B,socp22,ordinal,"na, asked(-1)",-1,"na, asked",TRUE,
070,2B,socp22,ordinal,no(1),1,no,FALSE,
070,2B,socp22,ordinal,yes(2),2,yes,FALSE,
070,F,socp22,ordinal,"na, wrong skip(-3)",-3,"na, wrong skip",TRUE,
070,F,socp22,ordinal,"na, see B/FSOCP09(-2)",-2,"na, see B/FSOCP09",TRUE,
070,F,socp22,ordinal,"na, asked(-1)",-1,"na, asked",TRUE,
070,F,socp22,ordinal,no(1),1,no,FALSE,
070,F,socp22,ordinal,yes(2),2,yes,FALSE,
070,2B,socp23,ordinal,"na, wrong skip(-3)",-3,"na, wrong skip",TRUE,
070,2B,socp23,ordinal,"na, see B/FSOCP10(-2)",-2,"na, see B/FSOCP10",TRUE,
070,2B,socp23,ordinal,"na, asked(-1)",-1,"na, asked",TRUE,
070,2B,socp23,ordinal,no(1),1,no,FALSE,
070,2B,socp23,ordinal,yes(2),2,yes,FALSE,
070,F,socp23,ordinal,"na, wrong skip(-3)",-3,"na, wrong skip",TRUE,
070,F,socp23,ordinal,"na, see B/FSOCP10(-2)",-2,"na, see B/FSOCP10",TRUE,
070,F,socp23,ordinal,"na, asked(-1)",-1,"na, asked",TRUE,
070,F,socp23,ordinal,no(1),1,no,FALSE,
070,F,socp23,ordinal,yes(2),2,yes,FALSE,
070,2B,socp24,ordinal,"na, wrong skip(-3)",-3,"na, wrong skip",TRUE,
070,2B,socp24,ordinal,"na, see B/FSOCP11(-2)",-2,"na, see B/FSOCP11",TRUE,
070,2B,socp24,ordinal,"na, asked(-1)",-1,"na, asked",TRUE,
070,2B,socp24,ordinal,no(1),1,no,FALSE,
070,2B,socp24,ordinal,yes(2),2,yes,FALSE,
070,F,socp24,ordinal,"na, wrong skip(-3)",-3,"na, wrong skip",TRUE,
070,F,socp24,ordinal,"na, see B/FSOCP11(-2)",-2,"na, see B/FSOCP11",TRUE,
070,F,socp24,ordinal,"na, asked(-1)",-1,"na, asked",TRUE,
070,F,socp24,ordinal,no(1),1,no,FALSE,
070,F,socp24,ordinal,yes(2),2,yes,FALSE,
070,2B,socp25,ordinal,"na, wrong skip(-3)",-3,"na, wrong skip",TRUE,
070,2B,socp25,ordinal,"na, see B/FSOCP12(-2)",-2,"na, see B/FSOCP12",TRUE,
070,2B,socp25,ordinal,"na, asked(-1)",-1,"na, asked",TRUE,
070,2B,socp25,ordinal,no(1),1,no,FALSE,
070,2B,socp25,ordinal,yes(2),2,yes,FALSE,
070,F,socp25,ordinal,"na, wrong skip(-3)",-3,"na, wrong skip",TRUE,
070,F,socp25,ordinal,"na, see B/FSOCP12(-2)",-2,"na, see B/FSOCP12",TRUE,
070,F,socp25,ordinal,"na, asked(-1)",-1,"na, asked",TRUE,
070,F,socp25,ordinal,no(1),1,no,FALSE,
070,F,socp25,ordinal,yes(2),2,yes,FALSE,
070,2B,socp26,ordinal,"na, wrong skip(-3)",-3,"na, wrong skip",TRUE,
070,2B,socp26,ordinal,"na, see B/FSOCP13(-2)",-2,"na, see B/FSOCP13",TRUE,
070,2B,socp26,ordinal,"na, asked(-1)",-1,"na, asked",TRUE,
070,2B,socp26,ordinal,no(1),1,no,FALSE,
070,2B,socp26,ordinal,yes(2),2,yes,FALSE,
070,F,socp26,ordinal,"na, wrong skip(-3)",-3,"na, wrong skip",TRUE,
070,F,socp26,ordinal,"na, see B/FSOCP13(-2)",-2,"na, see B/FSOCP13",TRUE,
070,F,socp26,ordinal,"na, asked(-1)",-1,"na, asked",TRUE,
070,F,socp26,ordinal,no(1),1,no,FALSE,
070,F,socp26,ordinal,yes(2),2,yes,FALSE,
070,2B,socp27,ordinal,"na, wrong skip(-3)",-3,"na, wrong skip",TRUE,
070,2B,socp27,ordinal,"na, see B/FSOCP14-26(-2)",-2,"na, see B/FSOCP14-26",TRUE,
070,2B,socp27,ordinal,"na, asked(-1)",-1,"na, asked",TRUE,
070,2B,socp27,ordinal,does not visit(0),0,does not visit,FALSE,
070,F,socp27,ordinal,"na, wrong skip(-3)",-3,"na, wrong skip",TRUE,
070,F,socp27,ordinal,"na, see B/FSOCP14-26(-2)",-2,"na, see B/FSOCP14-26",TRUE,
070,F,socp27,ordinal,"na, asked(-1)",-1,"na, asked",TRUE,
070,F,socp27,ordinal,does not visit(0),0,does not visit,FALSE,
070,2B,socp28,binary,"na, wrong skip(-3)",-3,"na, wrong skip",TRUE,
070,2B,socp28,binary,"na, see B/FSOCP27(-2)",-2,"na, see B/FSOCP27",TRUE,
070,2B,socp28,binary,"na, asked(-1)",-1,"na, asked",TRUE,
070,2B,socp28,binary,does not visit(0),0,does not visit,FALSE,
070,2B,socp28,binary,no(1),1,no,FALSE,
070,2B,socp28,binary,yes(2),2,yes,FALSE,
070,F,socp28,binary,"na, wrong skip(-3)",-3,"na, wrong skip",TRUE,
070,F,socp28,binary,"na, see B/FSOCP27(-2)",-2,"na, see B/FSOCP27",TRUE,
070,F,socp28,binary,"na, asked(-1)",-1,"na, asked",TRUE,
070,F,socp28,binary,does not visit(0),0,does not visit,FALSE,
070,F,socp28,binary,no(1),1,no,FALSE,
070,F,socp28,binary,yes(2),2,yes,FALSE,
070,2B,socp30,numeric,"na, wrong skip(-3)",-3,"na, wrong skip",TRUE,
070,2B,socp30,numeric,"na, see B/FSOCP28(-2)",-2,"na, see B/FSOCP28",TRUE,
070,2B,socp30,numeric,"na, asked(-1)",-1,"na, asked",TRUE,
070,F,socp30,numeric,"na, wrong skip(-3)",-3,"na, wrong skip",TRUE,
070,F,socp30,numeric,"na, see B/FSOCP28(-2)",-2,"na, see B/FSOCP28",TRUE,
070,F,socp30,numeric,"na, asked(-1)",-1,"na, asked",TRUE,
070,2B,socp31,binary,"na, wrong skip(-3)",-3,"na, wrong skip",TRUE,
070,2B,socp31,binary,"na, see B/FSOCP27(-2)",-2,"na, see B/FSOCP27",TRUE,
070,2B,socp31,binary,"na, asked(-1)",-1,"na, asked",TRUE,
070,2B,socp31,binary,no(1),1,no,FALSE,
070,2B,socp31,binary,yes(2),2,yes,FALSE,
070,F,socp31,binary,"na, wrong skip(-3)",-3,"na, wrong skip",TRUE,
070,F,socp31,binary,"na, see B/FSOCP27(-2)",-2,"na, see B/FSOCP27",TRUE,
070,F,socp31,binary,"na, asked(-1)",-1,"na, asked",TRUE,
070,F,socp31,binary,no(1),1,no,FALSE,
070,F,socp31,binary,yes(2),2,yes,FALSE,
070,2B,socp33,numeric,"na, wrong skip(-3)",-3,"na, wrong skip",TRUE,
070,2B,socp33,numeric,"na, see B/FSOCP31(-2)",-2,"na, see B/FSOCP31",TRUE,
070,2B,socp33,numeric,"na, asked(-1)",-1,"na, asked",TRUE,
070,F,socp33,numeric,"na, wrong skip(-3)",-3,"na, wrong skip",TRUE,
070,F,socp33,numeric,"na, see B/FSOCP31(-2)",-2,"na, see B/FSOCP31",TRUE,
070,F,socp33,numeric,"na, asked(-1)",-1,"na, asked",TRUE,
070,2B,socp34,categorical,"na, wrong skip(-3)",-3,"na, wrong skip",TRUE,
070,2B,socp34,categorical,"na, see B/FSOCP28 & 31(-2)",-2,"na, see B/FSOCP28 & 31",TRUE,
070,2B,socp34,categorical,"na, asked(-1)",-1,"na, asked",TRUE,
070,2B,socp34,categorical,very applicable(1),1,very applicable,FALSE,
070,2B,socp34,categorical,applicable(2),2,applicable,FALSE,
070,2B,socp34,categorical,a little applicable(3),3,a little applicable,FALSE,
070,2B,socp34,categorical,not applicable(4),4,not applicable,FALSE,
070,F,socp34,categorical,"na, wrong skip(-3)",-3,"na, wrong skip",TRUE,
070,F,socp34,categorical,"na, see B/FSOCP28 & 31(-2)",-2,"na, see B/FSOCP28 & 31",TRUE,
070,F,socp34,categorical,"na, asked(-1)",-1,"na, asked",TRUE,
070,F,socp34,categorical,very applicable(1),1,very applicable,FALSE,
070,F,socp34,categorical,applicable(2),2,applicable,FALSE,
070,F,socp34,categorical,a little applicable(3),3,a little applicable,FALSE,
070,F,socp34,categorical,not applicable(4),4,not applicable,FALSE,
070,2B,socp35,categorical,"see b/fsocp34 -> na, wrong skip(-3)",-3,"na, wrong skip",TRUE,
070,2B,socp35,categorical,"see b/fsocp34 -> na, see B/FSOCP28 & 31(-2)",-2,"na, see B/FSOCP28 & 31",TRUE,
070,2B,socp35,categorical,"see b/fsocp34 -> na, asked(-1)",-1,"na, asked",TRUE,
070,2B,socp35,categorical,see b/fsocp34 -> very applicable(1),1,very applicable,FALSE,
070,2B,socp35,categorical,see b/fsocp34 -> applicable(2),2,applicable,FALSE,
070,2B,socp35,categorical,see b/fsocp34 -> a little applicable(3),3,a little applicable,FALSE,
070,2B,socp35,categorical,see b/fsocp34 -> not applicable(4),4,not applicable,FALSE,
070,F,socp35,categorical,"see b/fsocp34 -> na, wrong skip(-3)",-3,"na, wrong skip",TRUE,
070,F,socp35,categorical,"see b/fsocp34 -> na, see B/FSOCP28 & 31(-2)",-2,"na, see B/FSOCP28 & 31",TRUE,
070,F,socp35,categorical,"see b/fsocp34 -> na, asked(-1)",-1,"na, asked",TRUE,
070,F,socp35,categorical,see b/fsocp34 -> very applicable(1),1,very applicable,FALSE,
070,F,socp35,categorical,see b/fsocp34 -> applicable(2),2,applicable,FALSE,
070,F,socp35,categorical,see b/fsocp34 -> a little applicable(3),3,a little applicable,FALSE,
070,F,socp35,categorical,see b/fsocp34 -> not applicable(4),4,not applicable,FALSE,
070,2B,socp36,categorical,"see b/fsocp34 -> na, wrong skip(-3)",-3,"na, wrong skip",TRUE,
070,2B,socp36,categorical,"see b/fsocp34 -> na, see B/FSOCP28 & 31(-2)",-2,"na, see B/FSOCP28 & 31",TRUE,
070,2B,socp36,categorical,"see b/fsocp34 -> na, asked(-1)",-1,"na, asked",TRUE,
070,2B,socp36,categorical,see b/fsocp34 -> very applicable(1),1,very applicable,FALSE,
070,2B,socp36,categorical,see b/fsocp34 -> applicable(2),2,applicable,FALSE,
070,2B,socp36,categorical,see b/fsocp34 -> a little applicable(3),3,a little applicable,FALSE,
070,2B,socp36,categorical,see b/fsocp34 -> not applicable(4),4,not applicable,FALSE,
070,F,socp36,categorical,"see b/fsocp34 -> na, wrong skip(-3)",-3,"na, wrong skip",TRUE,
070,F,socp36,categorical,"see b/fsocp34 -> na, see B/FSOCP28 & 31(-2)",-2,"na, see B/FSOCP28 & 31",TRUE,
070,F,socp36,categorical,"see b/fsocp34 -> na, asked(-1)",-1,"na, asked",TRUE,
070,F,socp36,categorical,see b/fsocp34 -> very applicable(1),1,very applicable,FALSE,
070,F,socp36,categorical,see b/fsocp34 -> applicable(2),2,applicable,FALSE,
070,F,socp36,categorical,see b/fsocp34 -> a little applicable(3),3,a little applicable,FALSE,
070,F,socp36,categorical,see b/fsocp34 -> not applicable(4),4,not applicable,FALSE,
070,2B,socp37,categorical,"see b/fsocp34 -> na, wrong skip(-3)",-3,"na, wrong skip",TRUE,
070,2B,socp37,categorical,"see b/fsocp34 -> na, see B/FSOCP28 & 31(-2)",-2,"na, see B/FSOCP28 & 31",TRUE,
070,2B,socp37,categorical,"see b/fsocp34 -> na, asked(-1)",-1,"na, asked",TRUE,
070,2B,socp37,categorical,see b/fsocp34 -> very applicable(1),1,very applicable,FALSE,
070,2B,socp37,categorical,see b/fsocp34 -> applicable(2),2,applicable,FALSE,
070,2B,socp37,categorical,see b/fsocp34 -> a little applicable(3),3,a little applicable,FALSE,
070,2B,socp37,categorical,see b/fsocp34 -> not applicable(4),4,not applicable,FALSE,
070,F,socp37,categorical,"see b/fsocp34 -> na, wrong skip(-3)",-3,"na, wrong skip",TRUE,
070,F,socp37,categorical,"see b/fsocp34 -> na, see B/FSOCP28 & 31(-2)",-2,"na, see B/FSOCP28 & 31",TRUE,
070,F,socp37,categorical,"see b/fsocp34 -> na, asked(-1)",-1,"na, asked",TRUE,
070,F,socp37,categorical,see b/fsocp34 -> very applicable(1),1,very applicable,FALSE,
070,F,socp37,categorical,see b/fsocp34 -> applicable(2),2,applicable,FALSE,
070,F,socp37,categorical,see b/fsocp34 -> a little applicable(3),3,a little applicable,FALSE,
070,F,socp37,categorical,see b/fsocp34 -> not applicable(4),4,not applicable,FALSE,
070,2B,socp38,categorical,"see b/fsocp34 -> na, wrong skip(-3)",-3,"na, wrong skip",TRUE,
070,2B,socp38,categorical,"see b/fsocp34 -> na, see B/FSOCP28 & 31(-2)",-2,"na, see B/FSOCP28 & 31",TRUE,
070,2B,socp38,categorical,"see b/fsocp34 -> na, asked(-1)",-1,"na, asked",TRUE,
070,2B,socp38,categorical,see b/fsocp34 -> very applicable(1),1,very applicable,FALSE,
070,2B,socp38,categorical,see b/fsocp34 -> applicable(2),2,applicable,FALSE,
070,2B,socp38,categorical,see b/fsocp34 -> a little applicable(3),3,a little applicable,FALSE,
070,2B,socp38,categorical,see b/fsocp34 -> not applicable(4),4,not applicable,FALSE,
070,F,socp38,categorical,"see b/fsocp34 -> na, wrong skip(-3)",-3,"na, wrong skip",TRUE,
070,F,socp38,categorical,"see b/fsocp34 -> na, see B/FSOCP28 & 31(-2)",-2,"na, see B/FSOCP28 & 31",TRUE,
070,F,socp38,categorical,"see b/fsocp34 -> na, asked(-1)",-1,"na, asked",TRUE,
070,F,socp38,categorical,see b/fsocp34 -> very applicable(1),1,very applicable,FALSE,
070,F,socp38,categorical,see b/fsocp34 -> applicable(2),2,applicable,FALSE,
070,F,socp38,categorical,see b/fsocp34 -> a little applicable(3),3,a little applicable,FALSE,
070,F,socp38,categorical,see b/fsocp34 -> not applicable(4),4,not applicable,FALSE,
070,2B,socp39,categorical,"na, wrong skip(-3)",-3,"na, wrong skip",TRUE,
070,2B,socp39,categorical,"na, see B/FSOCPYN,14-33(-2)",-2,"na, see B/FSOCPYN,14-33",TRUE,
070,2B,socp39,categorical,"na, asked(-1)",-1,"na, asked",TRUE,
070,2B,socp39,categorical,very applicable(1),1,very applicable,FALSE,
070,2B,socp39,categorical,applicable(2),2,applicable,FALSE,
070,2B,socp39,categorical,a little applicable(3),3,a little applicable,FALSE,
070,2B,socp39,categorical,not applicable(4),4,not applicable,FALSE,
070,F,socp39,categorical,"na, wrong skip(-3)",-3,"na, wrong skip",TRUE,
070,F,socp39,categorical,"na, see B/FSOCPYN,14-33(-2)",-2,"na, see B/FSOCPYN,14-33",TRUE,
070,F,socp39,categorical,"na, asked(-1)",-1,"na, asked",TRUE,
070,F,socp39,categorical,very applicable(1),1,very applicable,FALSE,
070,F,socp39,categorical,applicable(2),2,applicable,FALSE,
070,F,socp39,categorical,a little applicable(3),3,a little applicable,FALSE,
070,F,socp39,categorical,not applicable(4),4,not applicable,FALSE,
070,2B,socp40,categorical,"see b/fsocp39 -> na, wrong skip(-3)",-3,"na, wrong skip",TRUE,
070,2B,socp40,categorical,"see b/fsocp39 -> na, see B/FSOCPYN,14-33(-2)",-2,"na, see B/FSOCPYN,14-33",TRUE,
070,2B,socp40,categorical,"see b/fsocp39 -> na, asked(-1)",-1,"na, asked",TRUE,
070,2B,socp40,categorical,see b/fsocp39 -> very applicable(1),1,very applicable,FALSE,
070,2B,socp40,categorical,see b/fsocp39 -> applicable(2),2,applicable,FALSE,
070,2B,socp40,categorical,see b/fsocp39 -> a little applicable(3),3,a little applicable,FALSE,
070,2B,socp40,categorical,see b/fsocp39 -> not applicable(4),4,not applicable,FALSE,
070,F,socp40,categorical,"see b/fsocp39 -> na, wrong skip(-3)",-3,"na, wrong skip",TRUE,
070,F,socp40,categorical,"see b/fsocp39 -> na, see B/FSOCPYN,14-33(-2)",-2,"na, see B/FSOCPYN,14-33",TRUE,
070,F,socp40,categorical,"see b/fsocp39 -> na, asked(-1)",-1,"na, asked",TRUE,
070,F,socp40,categorical,see b/fsocp39 -> very applicable(1),1,very applicable,FALSE,
070,F,socp40,categorical,see b/fsocp39 -> applicable(2),2,applicable,FALSE,
070,F,socp40,categorical,see b/fsocp39 -> a little applicable(3),3,a little applicable,FALSE,
070,F,socp40,categorical,see b/fsocp39 -> not applicable(4),4,not applicable,FALSE,
070,2B,socp41,categorical,"see b/fsocp39 -> na, wrong skip(-3)",-3,"na, wrong skip",TRUE,
070,2B,socp41,categorical,"see b/fsocp39 -> na, see B/FSOCPYN,14-33(-2)",-2,"na, see B/FSOCPYN,14-33",TRUE,
070,2B,socp41,categorical,"see b/fsocp39 -> na, asked(-1)",-1,"na, asked",TRUE,
070,2B,socp41,categorical,see b/fsocp39 -> very applicable(1),1,very applicable,FALSE,
070,2B,socp41,categorical,see b/fsocp39 -> applicable(2),2,applicable,FALSE,
070,2B,socp41,categorical,see b/fsocp39 -> a little applicable(3),3,a little applicable,FALSE,
070,2B,socp41,categorical,see b/fsocp39 -> not applicable(4),4,not applicable,FALSE,
070,F,socp41,categorical,"see b/fsocp39 -> na, wrong skip(-3)",-3,"na, wrong skip",TRUE,
070,F,socp41,categorical,"see b/fsocp39 -> na, see B/FSOCPYN,14-33(-2)",-2,"na, see B/FSOCPYN,14-33",TRUE,
070,F,socp41,categorical,"see b/fsocp39 -> na, asked(-1)",-1,"na, asked",TRUE,
070,F,socp41,categorical,see b/fsocp39 -> very applicable(1),1,very applicable,FALSE,
070,F,socp41,categorical,see b/fsocp39 -> applicable(2),2,applicable,FALSE,
070,F,socp41,categorical,see b/fsocp39 -> a little applicable(3),3,a little applicable,FALSE,
070,F,socp41,categorical,see b/fsocp39 -> not applicable(4),4,not applicable,FALSE,
070,2B,socp42,categorical,"see b/fsocp39 -> na, wrong skip(-3)",-3,"na, wrong skip",TRUE,
070,2B,socp42,categorical,"see b/fsocp39 -> na, see B/FSOCPYN,14-33(-2)",-2,"na, see B/FSOCPYN,14-33",TRUE,
070,2B,socp42,categorical,"see b/fsocp39 -> na, asked(-1)",-1,"na, asked",TRUE,
070,2B,socp42,categorical,see b/fsocp39 -> very applicable(1),1,very applicable,FALSE,
070,2B,socp42,categorical,see b/fsocp39 -> applicable(2),2,applicable,FALSE,
070,2B,socp42,categorical,see b/fsocp39 -> a little applicable(3),3,a little applicable,FALSE,
070,2B,socp42,categorical,see b/fsocp39 -> not applicable(4),4,not applicable,FALSE,
070,F,socp42,categorical,"see b/fsocp39 -> na, wrong skip(-3)",-3,"na, wrong skip",TRUE,
070,F,socp42,categorical,"see b/fsocp39 -> na, see B/FSOCPYN,14-33(-2)",-2,"na, see B/FSOCPYN,14-33",TRUE,
070,F,socp42,categorical,"see b/fsocp39 -> na, asked(-1)",-1,"na, asked",TRUE,
070,F,socp42,categorical,see b/fsocp39 -> very applicable(1),1,very applicable,FALSE,
070,F,socp42,categorical,see b/fsocp39 -> applicable(2),2,applicable,FALSE,
070,F,socp42,categorical,see b/fsocp39 -> a little applicable(3),3,a little applicable,FALSE,
070,F,socp42,categorical,see b/fsocp39 -> not applicable(4),4,not applicable,FALSE,
070,2B,socp43,categorical,"see b/fsocp39 -> na, wrong skip(-3)",-3,"na, wrong skip",TRUE,
070,2B,socp43,categorical,"see b/fsocp39 -> na, see B/FSOCPYN,14-33(-2)",-2,"na, see B/FSOCPYN,14-33",TRUE,
070,2B,socp43,categorical,"see b/fsocp39 -> na, asked(-1)",-1,"na, asked",TRUE,
070,2B,socp43,categorical,see b/fsocp39 -> very applicable(1),1,very applicable,FALSE,
070,2B,socp43,categorical,see b/fsocp39 -> applicable(2),2,applicable,FALSE,
070,2B,socp43,categorical,see b/fsocp39 -> a little applicable(3),3,a little applicable,FALSE,
070,2B,socp43,categorical,see b/fsocp39 -> not applicable(4),4,not applicable,FALSE,
070,F,socp43,categorical,"see b/fsocp39 -> na, wrong skip(-3)",-3,"na, wrong skip",TRUE,
070,F,socp43,categorical,"see b/fsocp39 -> na, see B/FSOCPYN,14-33(-2)",-2,"na, see B/FSOCPYN,14-33",TRUE,
070,F,socp43,categorical,"see b/fsocp39 -> na, asked(-1)",-1,"na, asked",TRUE,
070,F,socp43,categorical,see b/fsocp39 -> very applicable(1),1,very applicable,FALSE,
070,F,socp43,categorical,see b/fsocp39 -> applicable(2),2,applicable,FALSE,
070,F,socp43,categorical,see b/fsocp39 -> a little applicable(3),3,a little applicable,FALSE,
070,F,socp43,categorical,see b/fsocp39 -> not applicable(4),4,not applicable,FALSE,
070,2B,socp44,categorical,"see b/fsocp39 -> na, wrong skip(-3)",-3,"na, wrong skip",TRUE,
070,2B,socp44,categorical,"see b/fsocp39 -> na, see B/FSOCPYN,14-33(-2)",-2,"na, see B/FSOCPYN,14-33",TRUE,
070,2B,socp44,categorical,"see b/fsocp39 -> na, asked(-1)",-1,"na, asked",TRUE,
070,2B,socp44,categorical,see b/fsocp39 -> very applicable(1),1,very applicable,FALSE,
070,2B,socp44,categorical,see b/fsocp39 -> applicable(2),2,applicable,FALSE,
070,2B,socp44,categorical,see b/fsocp39 -> a little applicable(3),3,a little applicable,FALSE,
070,2B,socp44,categorical,see b/fsocp39 -> not applicable(4),4,not applicable,FALSE,
070,F,socp44,categorical,"see b/fsocp39 -> na, wrong skip(-3)",-3,"na, wrong skip",TRUE,
070,F,socp44,categorical,"see b/fsocp39 -> na, see B/FSOCPYN,14-33(-2)",-2,"na, see B/FSOCPYN,14-33",TRUE,
070,F,socp44,categorical,"see b/fsocp39 -> na, asked(-1)",-1,"na, asked",TRUE,
070,F,socp44,categorical,see b/fsocp39 -> very applicable(1),1,very applicable,FALSE,
070,F,socp44,categorical,see b/fsocp39 -> applicable(2),2,applicable,FALSE,
070,F,socp44,categorical,see b/fsocp39 -> a little applicable(3),3,a little applicable,FALSE,
070,F,socp44,categorical,see b/fsocp39 -> not applicable(4),4,not applicable,FALSE,
070,2B,socp44b,categorical,"see b/fsocp39 -> na, wrong skip(-3)",-3,"na, wrong skip",TRUE,
070,2B,socp44b,categorical,"see b/fsocp39 -> na, see B/FSOCPYN,14-33(-2)",-2,"na, see B/FSOCPYN,14-33",TRUE,
070,2B,socp44b,categorical,"see b/fsocp39 -> na, asked(-1)",-1,"na, asked",TRUE,
070,2B,socp44b,categorical,see b/fsocp39 -> very applicable(1),1,very applicable,FALSE,
070,2B,socp44b,categorical,see b/fsocp39 -> applicable(2),2,applicable,FALSE,
070,2B,socp44b,categorical,see b/fsocp39 -> a little applicable(3),3,a little applicable,FALSE,
070,2B,socp44b,categorical,see b/fsocp39 -> not applicable(4),4,not applicable,FALSE,
070,F,socp44b,categorical,"see b/fsocp39 -> na, wrong skip(-3)",-3,"na, wrong skip",TRUE,
070,F,socp44b,categorical,"see b/fsocp39 -> na, see B/FSOCPYN,14-33(-2)",-2,"na, see B/FSOCPYN,14-33",TRUE,
070,F,socp44b,categorical,"see b/fsocp39 -> na, asked(-1)",-1,"na, asked",TRUE,
070,F,socp44b,categorical,see b/fsocp39 -> very applicable(1),1,very applicable,FALSE,
070,F,socp44b,categorical,see b/fsocp39 -> applicable(2),2,applicable,FALSE,
070,F,socp44b,categorical,see b/fsocp39 -> a little applicable(3),3,a little applicable,FALSE,
070,F,socp44b,categorical,see b/fsocp39 -> not applicable(4),4,not applicable,FALSE,
070,2B,socp45,categorical,"see b/fsocp39 -> na, wrong skip(-3)",-3,"na, wrong skip",TRUE,
070,2B,socp45,categorical,"see b/fsocp39 -> na, see B/FSOCPYN,14-33(-2)",-2,"na, see B/FSOCPYN,14-33",TRUE,
070,2B,socp45,categorical,"see b/fsocp39 -> na, asked(-1)",-1,"na, asked",TRUE,
070,2B,socp45,categorical,see b/fsocp39 -> very applicable(1),1,very applicable,FALSE,
070,2B,socp45,categorical,see b/fsocp39 -> applicable(2),2,applicable,FALSE,
070,2B,socp45,categorical,see b/fsocp39 -> a little applicable(3),3,a little applicable,FALSE,
070,2B,socp45,categorical,see b/fsocp39 -> not applicable(4),4,not applicable,FALSE,
070,F,socp45,categorical,"see b/fsocp39 -> na, wrong skip(-3)",-3,"na, wrong skip",TRUE,
070,F,socp45,categorical,"see b/fsocp39 -> na, see B/FSOCPYN,14-33(-2)",-2,"na, see B/FSOCPYN,14-33",TRUE,
070,F,socp45,categorical,"see b/fsocp39 -> na, asked(-1)",-1,"na, asked",TRUE,
070,F,socp45,categorical,see b/fsocp39 -> very applicable(1),1,very applicable,FALSE,
070,F,socp45,categorical,see b/fsocp39 -> applicable(2),2,applicable,FALSE,
070,F,socp45,categorical,see b/fsocp39 -> a little applicable(3),3,a little applicable,FALSE,
070,F,socp45,categorical,see b/fsocp39 -> not applicable(4),4,not applicable,FALSE,
070,2B,socp46,ordinal,"na, wrong skip(-3)",-3,"na, wrong skip",TRUE,
070,2B,socp46,ordinal,"na, see B/FRMSO(-2)",-2,"na, see B/FRMSO",TRUE,
070,2B,socp46,ordinal,"na, asked(-1)",-1,"na, asked",TRUE,
070,F,socp46,ordinal,"na, wrong skip(-3)",-3,"na, wrong skip",TRUE,
070,F,socp46,ordinal,"na, see B/FRMSO(-2)",-2,"na, see B/FRMSO",TRUE,
070,F,socp46,ordinal,"na, asked(-1)",-1,"na, asked",TRUE,
070,2B,socp47,ordinal,"see b/fsocp46 -> na, wrong skip(-3)",-3,"na, wrong skip",TRUE,
070,2B,socp47,ordinal,"see b/fsocp46 -> na, see B/FRMSO(-2)",-2,"na, see B/FRMSO",TRUE,
070,2B,socp47,ordinal,"see b/fsocp46 -> na, asked(-1)",-1,"na, asked",TRUE,
070,F,socp47,ordinal,"see b/fsocp46 -> na, wrong skip(-3)",-3,"na, wrong skip",TRUE,
070,F,socp47,ordinal,"see b/fsocp46 -> na, see B/FRMSO(-2)",-2,"na, see B/FRMSO",TRUE,
070,F,socp47,ordinal,"see b/fsocp46 -> na, asked(-1)",-1,"na, asked",TRUE,
070,2B,socp48,ordinal,"see b/fsocp46 -> na, wrong skip(-3)",-3,"na, wrong skip",TRUE,
070,2B,socp48,ordinal,"see b/fsocp46 -> na, see B/FRMSO(-2)",-2,"na, see B/FRMSO",TRUE,
070,2B,socp48,ordinal,"see b/fsocp46 -> na, asked(-1)",-1,"na, asked",TRUE,
070,F,socp48,ordinal,"see b/fsocp46 -> na, wrong skip(-3)",-3,"na, wrong skip",TRUE,
070,F,socp48,ordinal,"see b/fsocp46 -> na, see B/FRMSO(-2)",-2,"na, see B/FRMSO",TRUE,
070,F,socp48,ordinal,"see b/fsocp46 -> na, asked(-1)",-1,"na, asked",TRUE,
070,2B,socp49,ordinal,"see b/fsocp46 -> na, wrong skip(-3)",-3,"na, wrong skip",TRUE,
070,2B,socp49,ordinal,"see b/fsocp46 -> na, see B/FRMSO(-2)",-2,"na, see B/FRMSO",TRUE,
070,2B,socp49,ordinal,"see b/fsocp46 -> na, asked(-1)",-1,"na, asked",TRUE,
070,F,socp49,ordinal,"see b/fsocp46 -> na, wrong skip(-3)",-3,"na, wrong skip",TRUE,
070,F,socp49,ordinal,"see b/fsocp46 -> na, see B/FRMSO(-2)",-2,"na, see B/FRMSO",TRUE,
070,F,socp49,ordinal,"see b/fsocp46 -> na, asked(-1)",-1,"na, asked",TRUE,
070,2B,socpr50,ordinal,"see b/fsocp46 -> na, wrong skip(-3)",-3,"na, wrong skip",TRUE,
070,2B,socpr50,ordinal,"see b/fsocp46 -> na, see B/FRMSO(-2)",-2,"na, see B/FRMSO",TRUE,
070,2B,socpr50,ordinal,"see b/fsocp46 -> na, asked(-1)",-1,"na, asked",TRUE,
070,F,socpr50,ordinal,"see b/fsocp46 -> na, wrong skip(-3)",-3,"na, wrong skip",TRUE,
070,F,socpr50,ordinal,"see b/fsocp46 -> na, see B/FRMSO(-2)",-2,"na, see B/FRMSO",TRUE,
070,F,socpr50,ordinal,"see b/fsocp46 -> na, asked(-1)",-1,"na, asked",TRUE,
070,2B,socp51,ordinal,"see b/fsocp46 -> na, wrong skip(-3)",-3,"na, wrong skip",TRUE,
070,2B,socp51,ordinal,"see b/fsocp46 -> na, see B/FRMSO(-2)",-2,"na, see B/FRMSO",TRUE,
070,2B,socp51,ordinal,"see b/fsocp46 -> na, asked(-1)",-1,"na, asked",TRUE,
070,F,socp51,ordinal,"see b/fsocp46 -> na, wrong skip(-3)",-3,"na, wrong skip",TRUE,
070,F,socp51,ordinal,"see b/fsocp46 -> na, see B/FRMSO(-2)",-2,"na, see B/FRMSO",TRUE,
070,F,socp51,ordinal,"see b/fsocp46 -> na, asked(-1)",-1,"na, asked",TRUE,
070,2B,socp52,ordinal,"see b/fsocp46 -> na, wrong skip(-3)",-3,"na, wrong skip",TRUE,
070,2B,socp52,ordinal,"see b/fsocp46 -> na, see B/FRMSO(-2)",-2,"na, see B/FRMSO",TRUE,
070,2B,socp52,ordinal,"see b/fsocp46 -> na, asked(-1)",-1,"na, asked",TRUE,
070,F,socp52,ordinal,"see b/fsocp46 -> na, wrong skip(-3)",-3,"na, wrong skip",TRUE,
070,F,socp52,ordinal,"see b/fsocp46 -> na, see B/FRMSO(-2)",-2,"na, see B/FRMSO",TRUE,
070,F,socp52,ordinal,"see b/fsocp46 -> na, asked(-1)",-1,"na, asked",TRUE,
070,2B,socp54,numeric,"see b/fsocp46 -> na, wrong skip(-3)",-3,"na, wrong skip",TRUE,
070,2B,socp54,numeric,"see b/fsocp46 -> na, see B/FRMSO(-2)",-2,"na, see B/FRMSO",TRUE,
070,2B,socp54,numeric,"see b/fsocp46 -> na, asked(-1)",-1,"na, asked",TRUE,
070,F,socp54,numeric,"see b/fsocp46 -> na, wrong skip(-3)",-3,"na, wrong skip",TRUE,
070,F,socp54,numeric,"see b/fsocp46 -> na, see B/FRMSO(-2)",-2,"na, see B/FRMSO",TRUE,
070,F,socp54,numeric,"see b/fsocp46 -> na, asked(-1)",-1,"na, asked",TRUE,
070,2B,socp55,binary,"na, wrong skip(-3)",-3,"na, wrong skip",TRUE,
070,2B,socp55,binary,"na, see B/FRMSO(-2)",-2,"na, see B/FRMSO",TRUE,
070,2B,socp55,binary,"na, asked(-1)",-1,"na, asked",TRUE,
070,2B,socp55,binary,no(1),1,no,FALSE,
070,2B,socp55,binary,yes(2),2,yes,FALSE,
070,F,socp55,binary,"na, wrong skip(-3)",-3,"na, wrong skip",TRUE,
070,F,socp55,binary,"na, see B/FRMSO(-2)",-2,"na, see B/FRMSO",TRUE,
070,F,socp55,binary,"na, asked(-1)",-1,"na, asked",TRUE,
070,F,socp55,binary,no(1),1,no,FALSE,
070,F,socp55,binary,yes(2),2,yes,FALSE,
070,2B,socp56,binary,"na, wrong skip(-3)",-3,"na, wrong skip",TRUE,
070,2B,socp56,binary,"na, see B/FSOCP55(-2)",-2,"na, see B/FSOCP55",TRUE,
070,2B,socp56,binary,"na, asked(-1)",-1,"na, asked",TRUE,
070,2B,socp56,binary,not mentioned(0),0,not mentioned,FALSE,
070,2B,socp56,binary,mentioned(1),1,mentioned,FALSE,
070,F,socp56,binary,"na, wrong skip(-3)",-3,"na, wrong skip",TRUE,
070,F,socp56,binary,"na, see B/FSOCP55(-2)",-2,"na, see B/FSOCP55",TRUE,
070,F,socp56,binary,"na, asked(-1)",-1,"na, asked",TRUE,
070,F,socp56,binary,not mentioned(0),0,not mentioned,FALSE,
070,F,socp56,binary,mentioned(1),1,mentioned,FALSE,
070,2B,socp57,binary,"see b/fsocp56 -> na, wrong skip(-3)",-3,"na, wrong skip",TRUE,
070,2B,socp57,binary,"see b/fsocp56 -> na, see B/FSOCP55(-2)",-2,"na, see B/FSOCP55",TRUE,
070,2B,socp57,binary,"see b/fsocp56 -> na, asked(-1)",-1,"na, asked",TRUE,
070,2B,socp57,binary,see b/fsocp56 -> not mentioned(0),0,not mentioned,FALSE,
070,2B,socp57,binary,see b/fsocp56 -> mentioned(1),1,mentioned,FALSE,
070,F,socp57,binary,"see b/fsocp56 -> na, wrong skip(-3)",-3,"na, wrong skip",TRUE,
070,F,socp57,binary,"see b/fsocp56 -> na, see B/FSOCP55(-2)",-2,"na, see B/FSOCP55",TRUE,
070,F,socp57,binary,"see b/fsocp56 -> na, asked(-1)",-1,"na, asked",TRUE,
070,F,socp57,binary,see b/fsocp56 -> not mentioned(0),0,not mentioned,FALSE,
070,F,socp57,binary,see b/fsocp56 -> mentioned(1),1,mentioned,FALSE,
070,2B,socp58,binary,"see b/fsocp56 -> na, wrong skip(-3)",-3,"na, wrong skip",TRUE,
070,2B,socp58,binary,"see b/fsocp56 -> na, see B/FSOCP55(-2)",-2,"na, see B/FSOCP55",TRUE,
070,2B,socp58,binary,"see b/fsocp56 -> na, asked(-1)",-1,"na, asked",TRUE,
070,2B,socp58,binary,see b/fsocp56 -> not mentioned(0),0,not mentioned,FALSE,
070,2B,socp58,binary,see b/fsocp56 -> mentioned(1),1,mentioned,FALSE,
070,F,socp58,binary,"see b/fsocp56 -> na, wrong skip(-3)",-3,"na, wrong skip",TRUE,
070,F,socp58,binary,"see b/fsocp56 -> na, see B/FSOCP55(-2)",-2,"na, see B/FSOCP55",TRUE,
070,F,socp58,binary,"see b/fsocp56 -> na, asked(-1)",-1,"na, asked",TRUE,
070,F,socp58,binary,see b/fsocp56 -> not mentioned(0),0,not mentioned,FALSE,
070,F,socp58,binary,see b/fsocp56 -> mentioned(1),1,mentioned,FALSE,
070,2B,socp59,binary,"see b/fsocp56 -> na, wrong skip(-3)",-3,"na, wrong skip",TRUE,
070,2B,socp59,binary,"see b/fsocp56 -> na, see B/FSOCP55(-2)",-2,"na, see B/FSOCP55",TRUE,
070,2B,socp59,binary,"see b/fsocp56 -> na, asked(-1)",-1,"na, asked",TRUE,
070,2B,socp59,binary,see b/fsocp56 -> not mentioned(0),0,not mentioned,FALSE,
070,2B,socp59,binary,see b/fsocp56 -> mentioned(1),1,mentioned,FALSE,
070,F,socp59,binary,"see b/fsocp56 -> na, wrong skip(-3)",-3,"na, wrong skip",TRUE,
070,F,socp59,binary,"see b/fsocp56 -> na, see B/FSOCP55(-2)",-2,"na, see B/FSOCP55",TRUE,
070,F,socp59,binary,"see b/fsocp56 -> na, asked(-1)",-1,"na, asked",TRUE,
070,F,socp59,binary,see b/fsocp56 -> not mentioned(0),0,not mentioned,FALSE,
070,F,socp59,binary,see b/fsocp56 -> mentioned(1),1,mentioned,FALSE,
070,2B,socp60,binary,"see b/fsocp56 -> na, wrong skip(-3)",-3,"na, wrong skip",TRUE,
070,2B,socp60,binary,"see b/fsocp56 -> na, see B/FSOCP55(-2)",-2,"na, see B/FSOCP55",TRUE,
070,2B,socp60,binary,"see b/fsocp56 -> na, asked(-1)",-1,"na, asked",TRUE,
070,2B,socp60,binary,see b/fsocp56 -> not mentioned(0),0,not mentioned,FALSE,
070,2B,socp60,binary,see b/fsocp56 -> mentioned(1),1,mentioned,FALSE,
070,F,socp60,binary,"see b/fsocp56 -> na, wrong skip(-3)",-3,"na, wrong skip",TRUE,
070,F,socp60,binary,"see b/fsocp56 -> na, see B/FSOCP55(-2)",-2,"na, see B/FSOCP55",TRUE,
070,F,socp60,binary,"see b/fsocp56 -> na, asked(-1)",-1,"na, asked",TRUE,
070,F,socp60,binary,see b/fsocp56 -> not mentioned(0),0,not mentioned,FALSE,
070,F,socp60,binary,see b/fsocp56 -> mentioned(1),1,mentioned,FALSE,
070,2B,socp61,binary,"see b/fsocp56 -> na, wrong skip(-3)",-3,"na, wrong skip",TRUE,
070,2B,socp61,binary,"see b/fsocp56 -> na, see B/FSOCP55(-2)",-2,"na, see B/FSOCP55",TRUE,
070,2B,socp61,binary,"see b/fsocp56 -> na, asked(-1)",-1,"na, asked",TRUE,
070,2B,socp61,binary,see b/fsocp56 -> not mentioned(0),0,not mentioned,FALSE,
070,2B,socp61,binary,see b/fsocp56 -> mentioned(1),1,mentioned,FALSE,
070,F,socp61,binary,"see b/fsocp56 -> na, wrong skip(-3)",-3,"na, wrong skip",TRUE,
070,F,socp61,binary,"see b/fsocp56 -> na, see B/FSOCP55(-2)",-2,"na, see B/FSOCP55",TRUE,
070,F,socp61,binary,"see b/fsocp56 -> na, asked(-1)",-1,"na, asked",TRUE,
070,F,socp61,binary,see b/fsocp56 -> not mentioned(0),0,not mentioned,FALSE,
070,F,socp61,binary,see b/fsocp56 -> mentioned(1),1,mentioned,FALSE,
070,2B,socp66,categorical,"na, wrong skip(-3)",-3,"na, wrong skip",TRUE,
070,2B,socp66,categorical,"na, see B/FRMSO(-2)",-2,"na, see B/FRMSO",TRUE,
070,2B,socp66,categorical,"na, asked(-1)",-1,"na, asked",TRUE,
070,2B,socp66,categorical,agree(1),1,agree,FALSE,
070,2B,socp66,categorical,disagree(2),2,disagree,FALSE,
070,2B,socp66,categorical,no opinion/don't know(3),3,no opinion/don't know,FALSE,
070,F,socp66,categorical,"na, wrong skip(-3)",-3,"na, wrong skip",TRUE,
070,F,socp66,categorical,"na, see B/FRMSO(-2)",-2,"na, see B/FRMSO",TRUE,
070,F,socp66,categorical,"na, asked(-1)",-1,"na, asked",TRUE,
070,F,socp66,categorical,agree(1),1,agree,FALSE,
070,F,socp66,categorical,disagree(2),2,disagree,FALSE,
070,F,socp66,categorical,no opinion/don't know(3),3,no opinion/don't know,FALSE,
070,2B,socp67,numeric,"na, wrong skip(-3)",-3,"na, wrong skip",TRUE,
070,2B,socp67,numeric,"na, see B/FSOCP66(-2)",-2,"na, see B/FSOCP66",TRUE,
070,2B,socp67,numeric,"na, asked(-1)",-1,"na, asked",TRUE,
070,2B,socp67,numeric,dependent on person(0),0,dependent on person,FALSE,
070,F,socp67,numeric,"na, wrong skip(-3)",-3,"na, wrong skip",TRUE,
070,F,socp67,numeric,"na, see B/FSOCP66(-2)",-2,"na, see B/FSOCP66",TRUE,
070,F,socp67,numeric,"na, asked(-1)",-1,"na, asked",TRUE,
070,F,socp67,numeric,dependent on person(0),0,dependent on person,FALSE,
070,2B,socp72,binary,"na, wrong skip(-3)",-3,"na, wrong skip",TRUE,
070,2B,socp72,binary,"na, see B/FRMSO(-2)",-2,"na, see B/FRMSO",TRUE,
070,2B,socp72,binary,"na, asked(-1)",-1,"na, asked",TRUE,
070,2B,socp72,binary,no(1),1,no,FALSE,
070,2B,socp72,binary,yes(2),2,yes,FALSE,
070,F,socp72,binary,"na, wrong skip(-3)",-3,"na, wrong skip",TRUE,
070,F,socp72,binary,"na, see B/FRMSO(-2)",-2,"na, see B/FRMSO",TRUE,
070,F,socp72,binary,"na, asked(-1)",-1,"na, asked",TRUE,
070,F,socp72,binary,no(1),1,no,FALSE,
070,F,socp72,binary,yes(2),2,yes,FALSE,
070,2B,socp73,numeric,"na, wrong skip(-3)",-3,"na, wrong skip",TRUE,
070,2B,socp73,numeric,"na, see B/FSOCP72(-2)",-2,"na, see B/FSOCP72",TRUE,
070,2B,socp73,numeric,"na, asked(-1)",-1,"na, asked",TRUE,
070,F,socp73,numeric,"na, wrong skip(-3)",-3,"na, wrong skip",TRUE,
070,F,socp73,numeric,"na, see B/FSOCP72(-2)",-2,"na, see B/FSOCP72",TRUE,
070,F,socp73,numeric,"na, asked(-1)",-1,"na, asked",TRUE,
070,2B,socp74,binary,"na, wrong skip(-3)",-3,"na, wrong skip",TRUE,
070,2B,socp74,binary,"na, see B/FSOCP72(-2)",-2,"na, see B/FSOCP72",TRUE,
070,2B,socp74,binary,"na, asked(-1)",-1,"na, asked",TRUE,
070,2B,socp74,binary,not mentioned(0),0,not mentioned,FALSE,
070,2B,socp74,binary,mentioned(1),1,mentioned,FALSE,
070,F,socp74,binary,"na, wrong skip(-3)",-3,"na, wrong skip",TRUE,
070,F,socp74,binary,"na, see B/FSOCP72(-2)",-2,"na, see B/FSOCP72",TRUE,
070,F,socp74,binary,"na, asked(-1)",-1,"na, asked",TRUE,
070,F,socp74,binary,not mentioned(0),0,not mentioned,FALSE,
070,F,socp74,binary,mentioned(1),1,mentioned,FALSE,
070,2B,socp75,binary,"see b/fsocp74 -> na, wrong skip(-3)",-3,"na, wrong skip",TRUE,
070,2B,socp75,binary,"see b/fsocp74 -> na, see B/FSOCP72(-2)",-2,"na, see B/FSOCP72",TRUE,
070,2B,socp75,binary,"see b/fsocp74 -> na, asked(-1)",-1,"na, asked",TRUE,
070,2B,socp75,binary,see b/fsocp74 -> not mentioned(0),0,not mentioned,FALSE,
070,2B,socp75,binary,see b/fsocp74 -> mentioned(1),1,mentioned,FALSE,
070,F,socp75,binary,"see b/fsocp74 -> na, wrong skip(-3)",-3,"na, wrong skip",TRUE,
070,F,socp75,binary,"see b/fsocp74 -> na, see B/FSOCP72(-2)",-2,"na, see B/FSOCP72",TRUE,
070,F,socp75,binary,"see b/fsocp74 -> na, asked(-1)",-1,"na, asked",TRUE,
070,F,socp75,binary,see b/fsocp74 -> not mentioned(0),0,not mentioned,FALSE,
070,F,socp75,binary,see b/fsocp74 -> mentioned(1),1,mentioned,FALSE,
070,2B,socp76,binary,"see b/fsocp74 -> na, wrong skip(-3)",-3,"na, wrong skip",TRUE,
070,2B,socp76,binary,"see b/fsocp74 -> na, see B/FSOCP72(-2)",-2,"na, see B/FSOCP72",TRUE,
070,2B,socp76,binary,"see b/fsocp74 -> na, asked(-1)",-1,"na, asked",TRUE,
070,2B,socp76,binary,see b/fsocp74 -> not mentioned(0),0,not mentioned,FALSE,
070,2B,socp76,binary,see b/fsocp74 -> mentioned(1),1,mentioned,FALSE,
070,F,socp76,binary,"see b/fsocp74 -> na, wrong skip(-3)",-3,"na, wrong skip",TRUE,
070,F,socp76,binary,"see b/fsocp74 -> na, see B/FSOCP72(-2)",-2,"na, see B/FSOCP72",TRUE,
070,F,socp76,binary,"see b/fsocp74 -> na, asked(-1)",-1,"na, asked",TRUE,
070,F,socp76,binary,see b/fsocp74 -> not mentioned(0),0,not mentioned,FALSE,
070,F,socp76,binary,see b/fsocp74 -> mentioned(1),1,mentioned,FALSE,
070,2B,socp77,binary,"see b/fsocp74 -> na, wrong skip(-3)",-3,"na, wrong skip",TRUE,
070,2B,socp77,binary,"see b/fsocp74 -> na, see B/FSOCP72(-2)",-2,"na, see B/FSOCP72",TRUE,
070,2B,socp77,binary,"see b/fsocp74 -> na, asked(-1)",-1,"na, asked",TRUE,
070,2B,socp77,binary,see b/fsocp74 -> not mentioned(0),0,not mentioned,FALSE,
070,2B,socp77,binary,see b/fsocp74 -> mentioned(1),1,mentioned,FALSE,
070,F,socp77,binary,"see b/fsocp74 -> na, wrong skip(-3)",-3,"na, wrong skip",TRUE,
070,F,socp77,binary,"see b/fsocp74 -> na, see B/FSOCP72(-2)",-2,"na, see B/FSOCP72",TRUE,
070,F,socp77,binary,"see b/fsocp74 -> na, asked(-1)",-1,"na, asked",TRUE,
070,F,socp77,binary,see b/fsocp74 -> not mentioned(0),0,not mentioned,FALSE,
070,F,socp77,binary,see b/fsocp74 -> mentioned(1),1,mentioned,FALSE,
070,2B,socp78,binary,"see b/fsocp74 -> na, wrong skip(-3)",-3,"na, wrong skip",TRUE,
070,2B,socp78,binary,"see b/fsocp74 -> na, see B/FSOCP72(-2)",-2,"na, see B/FSOCP72",TRUE,
070,2B,socp78,binary,"see b/fsocp74 -> na, asked(-1)",-1,"na, asked",TRUE,
070,2B,socp78,binary,see b/fsocp74 -> not mentioned(0),0,not mentioned,FALSE,
070,2B,socp78,binary,see b/fsocp74 -> mentioned(1),1,mentioned,FALSE,
070,F,socp78,binary,"see b/fsocp74 -> na, wrong skip(-3)",-3,"na, wrong skip",TRUE,
070,F,socp78,binary,"see b/fsocp74 -> na, see B/FSOCP72(-2)",-2,"na, see B/FSOCP72",TRUE,
070,F,socp78,binary,"see b/fsocp74 -> na, asked(-1)",-1,"na, asked",TRUE,
070,F,socp78,binary,see b/fsocp74 -> not mentioned(0),0,not mentioned,FALSE,
070,F,socp78,binary,see b/fsocp74 -> mentioned(1),1,mentioned,FALSE,
070,2B,socp79,binary,"see b/fsocp74 -> na, wrong skip(-3)",-3,"na, wrong skip",TRUE,
070,2B,socp79,binary,"see b/fsocp74 -> na, see B/FSOCP72(-2)",-2,"na, see B/FSOCP72",TRUE,
070,2B,socp79,binary,"see b/fsocp74 -> na, asked(-1)",-1,"na, asked",TRUE,
070,2B,socp79,binary,see b/fsocp74 -> not mentioned(0),0,not mentioned,FALSE,
070,2B,socp79,binary,see b/fsocp74 -> mentioned(1),1,mentioned,FALSE,
070,F,socp79,binary,"see b/fsocp74 -> na, wrong skip(-3)",-3,"na, wrong skip",TRUE,
070,F,socp79,binary,"see b/fsocp74 -> na, see B/FSOCP72(-2)",-2,"na, see B/FSOCP72",TRUE,
070,F,socp79,binary,"see b/fsocp74 -> na, asked(-1)",-1,"na, asked",TRUE,
070,F,socp79,binary,see b/fsocp74 -> not mentioned(0),0,not mentioned,FALSE,
070,F,socp79,binary,see b/fsocp74 -> mentioned(1),1,mentioned,FALSE,
070,2B,socp80,string,"na, wrong skip(-3)",-3,"na, wrong skip",TRUE,
070,2B,socp80,string,"na, see B/FSOCP79(-2)",-2,"na, see B/FSOCP79",TRUE,
070,2B,socp80,string,"na, asked(-1)",-1,"na, asked",TRUE,
070,2B,socp80,string,- to be coded -(0),0,- to be coded -,FALSE,
070,F,socp80,string,"na, wrong skip(-3)",-3,"na, wrong skip",TRUE,
070,F,socp80,string,"na, see B/FSOCP79(-2)",-2,"na, see B/FSOCP79",TRUE,
070,F,socp80,string,"na, asked(-1)",-1,"na, asked",TRUE,
070,F,socp80,string,- to be coded -(0),0,- to be coded -,FALSE,
070,2B,socp81,binary,"na, wrong skip(-3)",-3,"na, wrong skip",TRUE,
070,2B,socp81,binary,"na, see B/FSOCP78(-2)",-2,"na, see B/FSOCP78",TRUE,
070,2B,socp81,binary,"na, asked(-1)",-1,"na, asked",TRUE,
070,2B,socp81,binary,not mentioned(0),0,not mentioned,FALSE,
070,2B,socp81,binary,mentioned(1),1,mentioned,FALSE,
070,F,socp81,binary,"na, wrong skip(-3)",-3,"na, wrong skip",TRUE,
070,F,socp81,binary,"na, see B/FSOCP78(-2)",-2,"na, see B/FSOCP78",TRUE,
070,F,socp81,binary,"na, asked(-1)",-1,"na, asked",TRUE,
070,F,socp81,binary,not mentioned(0),0,not mentioned,FALSE,
070,F,socp81,binary,mentioned(1),1,mentioned,FALSE,
070,2B,socp82,binary,"see b/fsocp81 -> na, wrong skip(-3)",-3,"na, wrong skip",TRUE,
070,2B,socp82,binary,"see b/fsocp81 -> na, see B/FSOCP78(-2)",-2,"na, see B/FSOCP78",TRUE,
070,2B,socp82,binary,"see b/fsocp81 -> na, asked(-1)",-1,"na, asked",TRUE,
070,2B,socp82,binary,see b/fsocp81 -> not mentioned(0),0,not mentioned,FALSE,
070,2B,socp82,binary,see b/fsocp81 -> mentioned(1),1,mentioned,FALSE,
070,F,socp82,binary,"see b/fsocp81 -> na, wrong skip(-3)",-3,"na, wrong skip",TRUE,
070,F,socp82,binary,"see b/fsocp81 -> na, see B/FSOCP78(-2)",-2,"na, see B/FSOCP78",TRUE,
070,F,socp82,binary,"see b/fsocp81 -> na, asked(-1)",-1,"na, asked",TRUE,
070,F,socp82,binary,see b/fsocp81 -> not mentioned(0),0,not mentioned,FALSE,
070,F,socp82,binary,see b/fsocp81 -> mentioned(1),1,mentioned,FALSE,
070,2B,socp83,binary,"see b/fsocp81 -> na, wrong skip(-3)",-3,"na, wrong skip",TRUE,
070,2B,socp83,binary,"see b/fsocp81 -> na, see B/FSOCP78(-2)",-2,"na, see B/FSOCP78",TRUE,
070,2B,socp83,binary,"see b/fsocp81 -> na, asked(-1)",-1,"na, asked",TRUE,
070,2B,socp83,binary,see b/fsocp81 -> not mentioned(0),0,not mentioned,FALSE,
070,2B,socp83,binary,see b/fsocp81 -> mentioned(1),1,mentioned,FALSE,
070,F,socp83,binary,"see b/fsocp81 -> na, wrong skip(-3)",-3,"na, wrong skip",TRUE,
070,F,socp83,binary,"see b/fsocp81 -> na, see B/FSOCP78(-2)",-2,"na, see B/FSOCP78",TRUE,
070,F,socp83,binary,"see b/fsocp81 -> na, asked(-1)",-1,"na, asked",TRUE,
070,F,socp83,binary,see b/fsocp81 -> not mentioned(0),0,not mentioned,FALSE,
070,F,socp83,binary,see b/fsocp81 -> mentioned(1),1,mentioned,FALSE,
070,2B,socp84,binary,"see b/fsocp81 -> na, wrong skip(-3)",-3,"na, wrong skip",TRUE,
070,2B,socp84,binary,"see b/fsocp81 -> na, see B/FSOCP78(-2)",-2,"na, see B/FSOCP78",TRUE,
070,2B,socp84,binary,"see b/fsocp81 -> na, asked(-1)",-1,"na, asked",TRUE,
070,2B,socp84,binary,see b/fsocp81 -> not mentioned(0),0,not mentioned,FALSE,
070,2B,socp84,binary,see b/fsocp81 -> mentioned(1),1,mentioned,FALSE,
070,F,socp84,binary,"see b/fsocp81 -> na, wrong skip(-3)",-3,"na, wrong skip",TRUE,
070,F,socp84,binary,"see b/fsocp81 -> na, see B/FSOCP78(-2)",-2,"na, see B/FSOCP78",TRUE,
070,F,socp84,binary,"see b/fsocp81 -> na, asked(-1)",-1,"na, asked",TRUE,
070,F,socp84,binary,see b/fsocp81 -> not mentioned(0),0,not mentioned,FALSE,
070,F,socp84,binary,see b/fsocp81 -> mentioned(1),1,mentioned,FALSE,
070,2B,socp85,binary,"see b/fsocp81 -> na, wrong skip(-3)",-3,"na, wrong skip",TRUE,
070,2B,socp85,binary,"see b/fsocp81 -> na, see B/FSOCP78(-2)",-2,"na, see B/FSOCP78",TRUE,
070,2B,socp85,binary,"see b/fsocp81 -> na, asked(-1)",-1,"na, asked",TRUE,
070,2B,socp85,binary,see b/fsocp81 -> not mentioned(0),0,not mentioned,FALSE,
070,2B,socp85,binary,see b/fsocp81 -> mentioned(1),1,mentioned,FALSE,
070,F,socp85,binary,"see b/fsocp81 -> na, wrong skip(-3)",-3,"na, wrong skip",TRUE,
070,F,socp85,binary,"see b/fsocp81 -> na, see B/FSOCP78(-2)",-2,"na, see B/FSOCP78",TRUE,
070,F,socp85,binary,"see b/fsocp81 -> na, asked(-1)",-1,"na, asked",TRUE,
070,F,socp85,binary,see b/fsocp81 -> not mentioned(0),0,not mentioned,FALSE,
070,F,socp85,binary,see b/fsocp81 -> mentioned(1),1,mentioned,FALSE,
070,2B,socp86,binary,"see b/fsocp81 -> na, wrong skip(-3)",-3,"na, wrong skip",TRUE,
070,2B,socp86,binary,"see b/fsocp81 -> na, see B/FSOCP78(-2)",-2,"na, see B/FSOCP78",TRUE,
070,2B,socp86,binary,"see b/fsocp81 -> na, asked(-1)",-1,"na, asked",TRUE,
070,2B,socp86,binary,see b/fsocp81 -> not mentioned(0),0,not mentioned,FALSE,
070,2B,socp86,binary,see b/fsocp81 -> mentioned(1),1,mentioned,FALSE,
070,F,socp86,binary,"see b/fsocp81 -> na, wrong skip(-3)",-3,"na, wrong skip",TRUE,
070,F,socp86,binary,"see b/fsocp81 -> na, see B/FSOCP78(-2)",-2,"na, see B/FSOCP78",TRUE,
070,F,socp86,binary,"see b/fsocp81 -> na, asked(-1)",-1,"na, asked",TRUE,
070,F,socp86,binary,see b/fsocp81 -> not mentioned(0),0,not mentioned,FALSE,
070,F,socp86,binary,see b/fsocp81 -> mentioned(1),1,mentioned,FALSE,
070,2B,socp87,binary,"see b/fsocp81 -> na, wrong skip(-3)",-3,"na, wrong skip",TRUE,
070,2B,socp87,binary,"see b/fsocp81 -> na, see B/FSOCP78(-2)",-2,"na, see B/FSOCP78",TRUE,
070,2B,socp87,binary,"see b/fsocp81 -> na, asked(-1)",-1,"na, asked",TRUE,
070,2B,socp87,binary,see b/fsocp81 -> not mentioned(0),0,not mentioned,FALSE,
070,2B,socp87,binary,see b/fsocp81 -> mentioned(1),1,mentioned,FALSE,
070,F,socp87,binary,"see b/fsocp81 -> na, wrong skip(-3)",-3,"na, wrong skip",TRUE,
070,F,socp87,binary,"see b/fsocp81 -> na, see B/FSOCP78(-2)",-2,"na, see B/FSOCP78",TRUE,
070,F,socp87,binary,"see b/fsocp81 -> na, asked(-1)",-1,"na, asked",TRUE,
070,F,socp87,binary,see b/fsocp81 -> not mentioned(0),0,not mentioned,FALSE,
070,F,socp87,binary,see b/fsocp81 -> mentioned(1),1,mentioned,FALSE,
070,2B,socp88,binary,"see b/fsocp81 -> na, wrong skip(-3)",-3,"na, wrong skip",TRUE,
070,2B,socp88,binary,"see b/fsocp81 -> na, see B/FSOCP78(-2)",-2,"na, see B/FSOCP78",TRUE,
070,2B,socp88,binary,"see b/fsocp81 -> na, asked(-1)",-1,"na, asked",TRUE,
070,2B,socp88,binary,see b/fsocp81 -> not mentioned(0),0,not mentioned,FALSE,
070,2B,socp88,binary,see b/fsocp81 -> mentioned(1),1,mentioned,FALSE,
070,F,socp88,binary,"see b/fsocp81 -> na, wrong skip(-3)",-3,"na, wrong skip",TRUE,
070,F,socp88,binary,"see b/fsocp81 -> na, see B/FSOCP78(-2)",-2,"na, see B/FSOCP78",TRUE,
070,F,socp88,binary,"see b/fsocp81 -> na, asked(-1)",-1,"na, asked",TRUE,
070,F,socp88,binary,see b/fsocp81 -> not mentioned(0),0,not mentioned,FALSE,
070,F,socp88,binary,see b/fsocp81 -> mentioned(1),1,mentioned,FALSE,
070,2B,socp89,string,"na, wrong skip(-3)",-3,"na, wrong skip",TRUE,
070,2B,socp89,string,"na, see B/FSOCP88(-2)",-2,"na, see B/FSOCP88",TRUE,
070,2B,socp89,string,"na, asked(-1)",-1,"na, asked",TRUE,
070,2B,socp89,string,- to be coded -(0),0,- to be coded -,FALSE,
070,F,socp89,string,"na, wrong skip(-3)",-3,"na, wrong skip",TRUE,
070,F,socp89,string,"na, see B/FSOCP88(-2)",-2,"na, see B/FSOCP88",TRUE,
070,F,socp89,string,"na, asked(-1)",-1,"na, asked",TRUE,
070,F,socp89,string,- to be coded -(0),0,- to be coded -,FALSE,
070,2B,socp90,numeric,"na, wrong skip(-3)",-3,"na, wrong skip",TRUE,
070,2B,socp90,numeric,"na, see B/FSOCP78(-2)",-2,"na, see B/FSOCP78",TRUE,
070,2B,socp90,numeric,"na, asked(-1)",-1,"na, asked",TRUE,
070,F,socp90,numeric,"na, wrong skip(-3)",-3,"na, wrong skip",TRUE,
070,F,socp90,numeric,"na, see B/FSOCP78(-2)",-2,"na, see B/FSOCP78",TRUE,
070,F,socp90,numeric,"na, asked(-1)",-1,"na, asked",TRUE,
070,2B,socp91,categorical,"na, wrong skip(-3)",-3,"na, wrong skip",TRUE,
070,2B,socp91,categorical,"na, see B/FSOCP78(-2)",-2,"na, see B/FSOCP78",TRUE,
070,2B,socp91,categorical,"na, asked(-1)",-1,"na, asked",TRUE,
070,2B,socp91,categorical,never(1),1,never,FALSE,
070,2B,socp91,categorical,rarely(2),2,rarely,FALSE,
070,2B,socp91,categorical,sometimes(3),3,sometimes,FALSE,
070,2B,socp91,categorical,often(4),4,often,FALSE,
070,F,socp91,categorical,"na, wrong skip(-3)",-3,"na, wrong skip",TRUE,
070,F,socp91,categorical,"na, see B/FSOCP78(-2)",-2,"na, see B/FSOCP78",TRUE,
070,F,socp91,categorical,"na, asked(-1)",-1,"na, asked",TRUE,
070,F,socp91,categorical,never(1),1,never,FALSE,
070,F,socp91,categorical,rarely(2),2,rarely,FALSE,
070,F,socp91,categorical,sometimes(3),3,sometimes,FALSE,
070,F,socp91,categorical,often(4),4,often,FALSE,
070,2B,socp92,categorical,"see b/fsocp91 -> na, wrong skip(-3)",-3,"na, wrong skip",TRUE,
070,2B,socp92,categorical,"see b/fsocp91 -> na, see B/FSOCP78(-2)",-2,"na, see B/FSOCP78",TRUE,
070,2B,socp92,categorical,"see b/fsocp91 -> na, asked(-1)",-1,"na, asked",TRUE,
070,2B,socp92,categorical,see b/fsocp91 -> never(1),1,never,FALSE,
070,2B,socp92,categorical,see b/fsocp91 -> rarely(2),2,rarely,FALSE,
070,2B,socp92,categorical,see b/fsocp91 -> sometimes(3),3,sometimes,FALSE,
070,2B,socp92,categorical,see b/fsocp91 -> often(4),4,often,FALSE,
070,F,socp92,categorical,"see b/fsocp91 -> na, wrong skip(-3)",-3,"na, wrong skip",TRUE,
070,F,socp92,categorical,"see b/fsocp91 -> na, see B/FSOCP78(-2)",-2,"na, see B/FSOCP78",TRUE,
070,F,socp92,categorical,"see b/fsocp91 -> na, asked(-1)",-1,"na, asked",TRUE,
070,F,socp92,categorical,see b/fsocp91 -> never(1),1,never,FALSE,
070,F,socp92,categorical,see b/fsocp91 -> rarely(2),2,rarely,FALSE,
070,F,socp92,categorical,see b/fsocp91 -> sometimes(3),3,sometimes,FALSE,
070,F,socp92,categorical,see b/fsocp91 -> often(4),4,often,FALSE,
070,2B,rmso,categorical,valid data(-2),-2,valid data,TRUE,
070,2B,rmso,categorical,short interview(1),1,short interview,FALSE,
070,F,rmso,categorical,valid data(-2),-2,valid data,TRUE,
070,F,rmso,categorical,short interview(1),1,short interview,FALSE,
070,G,socpyn,binary,"na, wrong skip(-3)",-3,"na, wrong skip",TRUE,
070,G,socpyn,binary,"na, see GRMSO(-2)",-2,"na, see GRMSO",TRUE,
070,G,socpyn,binary,"na, asked(-1)",-1,"na, asked",TRUE,
070,G,socpyn,binary,no(1),1,no,FALSE,
070,G,socpyn,binary,yes(2),2,yes,FALSE,
070,G,socp01,binary,"na, wrong skip(-3)",-3,"na, wrong skip",TRUE,
070,G,socp01,binary,"na, see GSOCPYN(-2)",-2,"na, see GSOCPYN",TRUE,
070,G,socp01,binary,"na, asked(-1)",-1,"na, asked",TRUE,
070,G,socp01,binary,not mentioned(0),0,not mentioned,FALSE,
070,G,socp01,binary,mentioned(1),1,mentioned,FALSE,
070,G,socp02,binary,"see gsocp01 -> na, wrong skip(-3)",-3,"na, wrong skip",TRUE,
070,G,socp02,binary,"see gsocp01 -> na, see GSOCPYN(-2)",-2,"na, see GSOCPYN",TRUE,
070,G,socp02,binary,"see gsocp01 -> na, asked(-1)",-1,"na, asked",TRUE,
070,G,socp02,binary,see gsocp01 -> not mentioned(0),0,not mentioned,FALSE,
070,G,socp02,binary,see gsocp01 -> mentioned(1),1,mentioned,FALSE,
070,G,socp03,binary,"see gsocp01 -> na, wrong skip(-3)",-3,"na, wrong skip",TRUE,
070,G,socp03,binary,"see gsocp01 -> na, see GSOCPYN(-2)",-2,"na, see GSOCPYN",TRUE,
070,G,socp03,binary,"see gsocp01 -> na, asked(-1)",-1,"na, asked",TRUE,
070,G,socp03,binary,see gsocp01 -> not mentioned(0),0,not mentioned,FALSE,
070,G,socp03,binary,see gsocp01 -> mentioned(1),1,mentioned,FALSE,
070,G,socp04,binary,"see gsocp01 -> na, wrong skip(-3)",-3,"na, wrong skip",TRUE,
070,G,socp04,binary,"see gsocp01 -> na, see GSOCPYN(-2)",-2,"na, see GSOCPYN",TRUE,
070,G,socp04,binary,"see gsocp01 -> na, asked(-1)",-1,"na, asked",TRUE,
070,G,socp04,binary,see gsocp01 -> not mentioned(0),0,not mentioned,FALSE,
070,G,socp04,binary,see gsocp01 -> mentioned(1),1,mentioned,FALSE,
070,G,socp05,binary,"see gsocp01 -> na, wrong skip(-3)",-3,"na, wrong skip",TRUE,
070,G,socp05,binary,"see gsocp01 -> na, see GSOCPYN(-2)",-2,"na, see GSOCPYN",TRUE,
070,G,socp05,binary,"see gsocp01 -> na, asked(-1)",-1,"na, asked",TRUE,
070,G,socp05,binary,see gsocp01 -> not mentioned(0),0,not mentioned,FALSE,
070,G,socp05,binary,see gsocp01 -> mentioned(1),1,mentioned,FALSE,
070,G,socp06,binary,"see gsocp01 -> na, wrong skip(-3)",-3,"na, wrong skip",TRUE,
070,G,socp06,binary,"see gsocp01 -> na, see GSOCPYN(-2)",-2,"na, see GSOCPYN",TRUE,
070,G,socp06,binary,"see gsocp01 -> na, asked(-1)",-1,"na, asked",TRUE,
070,G,socp06,binary,see gsocp01 -> not mentioned(0),0,not mentioned,FALSE,
070,G,socp06,binary,see gsocp01 -> mentioned(1),1,mentioned,FALSE,
070,G,socp07,binary,"see gsocp01 -> na, wrong skip(-3)",-3,"na, wrong skip",TRUE,
070,G,socp07,binary,"see gsocp01 -> na, see GSOCPYN(-2)",-2,"na, see GSOCPYN",TRUE,
070,G,socp07,binary,"see gsocp01 -> na, asked(-1)",-1,"na, asked",TRUE,
070,G,socp07,binary,see gsocp01 -> not mentioned(0),0,not mentioned,FALSE,
070,G,socp07,binary,see gsocp01 -> mentioned(1),1,mentioned,FALSE,
070,G,socp08,binary,"see gsocp01 -> na, wrong skip(-3)",-3,"na, wrong skip",TRUE,
070,G,socp08,binary,"see gsocp01 -> na, see GSOCPYN(-2)",-2,"na, see GSOCPYN",TRUE,
070,G,socp08,binary,"see gsocp01 -> na, asked(-1)",-1,"na, asked",TRUE,
070,G,socp08,binary,see gsocp01 -> not mentioned(0),0,not mentioned,FALSE,
070,G,socp08,binary,see gsocp01 -> mentioned(1),1,mentioned,FALSE,
070,G,socp09,binary,"see gsocp01 -> na, wrong skip(-3)",-3,"na, wrong skip",TRUE,
070,G,socp09,binary,"see gsocp01 -> na, see GSOCPYN(-2)",-2,"na, see GSOCPYN",TRUE,
070,G,socp09,binary,"see gsocp01 -> na, asked(-1)",-1,"na, asked",TRUE,
070,G,socp09,binary,see gsocp01 -> not mentioned(0),0,not mentioned,FALSE,
070,G,socp09,binary,see gsocp01 -> mentioned(1),1,mentioned,FALSE,
070,G,socp10,binary,"see gsocp01 -> na, wrong skip(-3)",-3,"na, wrong skip",TRUE,
070,G,socp10,binary,"see gsocp01 -> na, see GSOCPYN(-2)",-2,"na, see GSOCPYN",TRUE,
070,G,socp10,binary,"see gsocp01 -> na, asked(-1)",-1,"na, asked",TRUE,
070,G,socp10,binary,see gsocp01 -> not mentioned(0),0,not mentioned,FALSE,
070,G,socp10,binary,see gsocp01 -> mentioned(1),1,mentioned,FALSE,
070,G,socp11,binary,"see gsocp01 -> na, wrong skip(-3)",-3,"na, wrong skip",TRUE,
070,G,socp11,binary,"see gsocp01 -> na, see GSOCPYN(-2)",-2,"na, see GSOCPYN",TRUE,
070,G,socp11,binary,"see gsocp01 -> na, asked(-1)",-1,"na, asked",TRUE,
070,G,socp11,binary,see gsocp01 -> not mentioned(0),0,not mentioned,FALSE,
070,G,socp11,binary,see gsocp01 -> mentioned(1),1,mentioned,FALSE,
070,G,socp12,binary,"see gsocp01 -> na, wrong skip(-3)",-3,"na, wrong skip",TRUE,
070,G,socp12,binary,"see gsocp01 -> na, see GSOCPYN(-2)",-2,"na, see GSOCPYN",TRUE,
070,G,socp12,binary,"see gsocp01 -> na, asked(-1)",-1,"na, asked",TRUE,
070,G,socp12,binary,see gsocp01 -> not mentioned(0),0,not mentioned,FALSE,
070,G,socp12,binary,see gsocp01 -> mentioned(1),1,mentioned,FALSE,
070,G,socp13,binary,"see gsocp01 -> na, wrong skip(-3)",-3,"na, wrong skip",TRUE,
070,G,socp13,binary,"see gsocp01 -> na, see GSOCPYN(-2)",-2,"na, see GSOCPYN",TRUE,
070,G,socp13,binary,"see gsocp01 -> na, asked(-1)",-1,"na, asked",TRUE,
070,G,socp13,binary,see gsocp01 -> not mentioned(0),0,not mentioned,FALSE,
070,G,socp13,binary,see gsocp01 -> mentioned(1),1,mentioned,FALSE,
070,G,socp14,ordinal,"na, wrong skip(-3)",-3,"na, wrong skip",TRUE,
070,G,socp14,ordinal,"na, see GSOCP01(-2)",-2,"na, see GSOCP01",TRUE,
070,G,socp14,ordinal,"na, asked(-1)",-1,"na, asked",TRUE,
070,G,socp14,ordinal,no(1),1,no,FALSE,
070,G,socp14,ordinal,yes(2),2,yes,FALSE,
070,G,socp15,ordinal,"na, wrong skip(-3)",-3,"na, wrong skip",TRUE,
070,G,socp15,ordinal,"na, see GSOCP02(-2)",-2,"na, see GSOCP02",TRUE,
070,G,socp15,ordinal,"na, asked(-1)",-1,"na, asked",TRUE,
070,G,socp15,ordinal,no(1),1,no,FALSE,
070,G,socp15,ordinal,yes(2),2,yes,FALSE,
070,G,socp16,ordinal,"na, wrong skip(-3)",-3,"na, wrong skip",TRUE,
070,G,socp16,ordinal,"na, see GSOCP03(-2)",-2,"na, see GSOCP03",TRUE,
070,G,socp16,ordinal,"na, asked(-1)",-1,"na, asked",TRUE,
070,G,socp16,ordinal,no(1),1,no,FALSE,
070,G,socp16,ordinal,yes(2),2,yes,FALSE,
070,G,socp17,ordinal,"na, wrong skip(-3)",-3,"na, wrong skip",TRUE,
070,G,socp17,ordinal,"na, see GSOCP04(-2)",-2,"na, see GSOCP04",TRUE,
070,G,socp17,ordinal,"na, asked(-1)",-1,"na, asked",TRUE,
070,G,socp17,ordinal,no(1),1,no,FALSE,
070,G,socp17,ordinal,yes(2),2,yes,FALSE,
070,G,socp18,ordinal,"na, wrong skip(-3)",-3,"na, wrong skip",TRUE,
070,G,socp18,ordinal,"na, see GSOCP05(-2)",-2,"na, see GSOCP05",TRUE,
070,G,socp18,ordinal,"na, asked(-1)",-1,"na, asked",TRUE,
070,G,socp18,ordinal,no(1),1,no,FALSE,
070,G,socp18,ordinal,yes(2),2,yes,FALSE,
070,G,socp19,ordinal,"na, wrong skip(-3)",-3,"na, wrong skip",TRUE,
070,G,socp19,ordinal,"na, see GSOCP06(-2)",-2,"na, see GSOCP06",TRUE,
070,G,socp19,ordinal,"na, asked(-1)",-1,"na, asked",TRUE,
070,G,socp19,ordinal,no(1),1,no,FALSE,
070,G,socp19,ordinal,yes(2),2,yes,FALSE,
070,G,socp20,ordinal,"na, wrong skip(-3)",-3,"na, wrong skip",TRUE,
070,G,socp20,ordinal,"na, see GSOCP07(-2)",-2,"na, see GSOCP07",TRUE,
070,G,socp20,ordinal,"na, asked(-1)",-1,"na, asked",TRUE,
070,G,socp20,ordinal,no(1),1,no,FALSE,
070,G,socp20,ordinal,yes(2),2,yes,FALSE,
070,G,socp21,ordinal,"na, wrong skip(-3)",-3,"na, wrong skip",TRUE,
070,G,socp21,ordinal,"na, see GSOCP08(-2)",-2,"na, see GSOCP08",TRUE,
070,G,socp21,ordinal,"na, asked(-1)",-1,"na, asked",TRUE,
070,G,socp21,ordinal,no(1),1,no,FALSE,
070,G,socp21,ordinal,yes(2),2,yes,FALSE,
070,G,socp22,ordinal,"na, wrong skip(-3)",-3,"na, wrong skip",TRUE,
070,G,socp22,ordinal,"na, see GSOCP09(-2)",-2,"na, see GSOCP09",TRUE,
070,G,socp22,ordinal,"na, asked(-1)",-1,"na, asked",TRUE,
070,G,socp22,ordinal,no(1),1,no,FALSE,
070,G,socp22,ordinal,yes(2),2,yes,FALSE,
070,G,socp23,ordinal,"na, wrong skip(-3)",-3,"na, wrong skip",TRUE,
070,G,socp23,ordinal,"na, see GSOCP10(-2)",-2,"na, see GSOCP10",TRUE,
070,G,socp23,ordinal,"na, asked(-1)",-1,"na, asked",TRUE,
070,G,socp23,ordinal,no(1),1,no,FALSE,
070,G,socp23,ordinal,yes(2),2,yes,FALSE,
070,G,socp24,ordinal,"na, wrong skip(-3)",-3,"na, wrong skip",TRUE,
070,G,socp24,ordinal,"na, see GSOCP11(-2)",-2,"na, see GSOCP11",TRUE,
070,G,socp24,ordinal,"na, asked(-1)",-1,"na, asked",TRUE,
070,G,socp24,ordinal,no(1),1,no,FALSE,
070,G,socp24,ordinal,yes(2),2,yes,FALSE,
070,G,socp25,ordinal,"na, wrong skip(-3)",-3,"na, wrong skip",TRUE,
070,G,socp25,ordinal,"na, see GSOCP12(-2)",-2,"na, see GSOCP12",TRUE,
070,G,socp25,ordinal,"na, asked(-1)",-1,"na, asked",TRUE,
070,G,socp25,ordinal,no(1),1,no,FALSE,
070,G,socp25,ordinal,yes(2),2,yes,FALSE,
070,G,socp26,ordinal,"na, wrong skip(-3)",-3,"na, wrong skip",TRUE,
070,G,socp26,ordinal,"na, see GSOCP13(-2)",-2,"na, see GSOCP13",TRUE,
070,G,socp26,ordinal,"na, asked(-1)",-1,"na, asked",TRUE,
070,G,socp26,ordinal,no(1),1,no,FALSE,
070,G,socp26,ordinal,yes(2),2,yes,FALSE,
070,G,socp27,ordinal,"na, wrong skip(-3)",-3,"na, wrong skip",TRUE,
070,G,socp27,ordinal,"na, see GSOCP14-26(-2)",-2,"na, see GSOCP14-26",TRUE,
070,G,socp27,ordinal,"na, asked(-1)",-1,"na, asked",TRUE,
070,G,socp27,ordinal,does not visit(0),0,does not visit,FALSE,
070,G,socp28,binary,"na, wrong skip(-3)",-3,"na, wrong skip",TRUE,
070,G,socp28,binary,"na, see GSOCP27(-2)",-2,"na, see GSOCP27",TRUE,
070,G,socp28,binary,"na, asked(-1)",-1,"na, asked",TRUE,
070,G,socp28,binary,does not visit(0),0,does not visit,FALSE,
070,G,socp28,binary,no(1),1,no,FALSE,
070,G,socp28,binary,yes(2),2,yes,FALSE,
070,G,socp30,numeric,"na, wrong skip(-3)",-3,"na, wrong skip",TRUE,
070,G,socp30,numeric,"na, see GSOCP28(-2)",-2,"na, see GSOCP28",TRUE,
070,G,socp30,numeric,"na, asked(-1)",-1,"na, asked",TRUE,
070,G,socp31,binary,"na, wrong skip(-3)",-3,"na, wrong skip",TRUE,
070,G,socp31,binary,"na, see GSOCP27(-2)",-2,"na, see GSOCP27",TRUE,
070,G,socp31,binary,"na, asked(-1)",-1,"na, asked",TRUE,
070,G,socp31,binary,no(1),1,no,FALSE,
070,G,socp31,binary,yes(2),2,yes,FALSE,
070,G,socp33,numeric,"na, wrong skip(-3)",-3,"na, wrong skip",TRUE,
070,G,socp33,numeric,"na, see GSOCP31(-2)",-2,"na, see GSOCP31",TRUE,
070,G,socp33,numeric,"na, asked(-1)",-1,"na, asked",TRUE,
070,G,socp34,categorical,"na, wrong skip(-3)",-3,"na, wrong skip",TRUE,
070,G,socp34,categorical,"na, see GSOCP28 & 31(-2)",-2,"na, see GSOCP28 & 31",TRUE,
070,G,socp34,categorical,"na, asked(-1)",-1,"na, asked",TRUE,
070,G,socp34,categorical,very applicable(1),1,very applicable,FALSE,
070,G,socp34,categorical,applicable(2),2,applicable,FALSE,
070,G,socp34,categorical,a little applicable(3),3,a little applicable,FALSE,
070,G,socp34,categorical,not applicable(4),4,not applicable,FALSE,
070,G,socp35,categorical,"see gsocp34 -> na, wrong skip(-3)",-3,"na, wrong skip",TRUE,
070,G,socp35,categorical,"see gsocp34 -> na, see GSOCP28 & 31(-2)",-2,"na, see GSOCP28 & 31",TRUE,
070,G,socp35,categorical,"see gsocp34 -> na, asked(-1)",-1,"na, asked",TRUE,
070,G,socp35,categorical,see gsocp34 -> very applicable(1),1,very applicable,FALSE,
070,G,socp35,categorical,see gsocp34 -> applicable(2),2,applicable,FALSE,
070,G,socp35,categorical,see gsocp34 -> a little applicable(3),3,a little applicable,FALSE,
070,G,socp35,categorical,see gsocp34 -> not applicable(4),4,not applicable,FALSE,
070,G,socp36,categorical,"see gsocp34 -> na, wrong skip(-3)",-3,"na, wrong skip",TRUE,
070,G,socp36,categorical,"see gsocp34 -> na, see GSOCP28 & 31(-2)",-2,"na, see GSOCP28 & 31",TRUE,
070,G,socp36,categorical,"see gsocp34 -> na, asked(-1)",-1,"na, asked",TRUE,
070,G,socp36,categorical,see gsocp34 -> very applicable(1),1,very applicable,FALSE,
070,G,socp36,categorical,see gsocp34 -> applicable(2),2,applicable,FALSE,
070,G,socp36,categorical,see gsocp34 -> a little applicable(3),3,a little applicable,FALSE,
070,G,socp36,categorical,see gsocp34 -> not applicable(4),4,not applicable,FALSE,
070,G,socp37,categorical,"see gsocp34 -> na, wrong skip(-3)",-3,"na, wrong skip",TRUE,
070,G,socp37,categorical,"see gsocp34 -> na, see GSOCP28 & 31(-2)",-2,"na, see GSOCP28 & 31",TRUE,
070,G,socp37,categorical,"see gsocp34 -> na, asked(-1)",-1,"na, asked",TRUE,
070,G,socp37,categorical,see gsocp34 -> very applicable(1),1,very applicable,FALSE,
070,G,socp37,categorical,see gsocp34 -> applicable(2),2,applicable,FALSE,
070,G,socp37,categorical,see gsocp34 -> a little applicable(3),3,a little applicable,FALSE,
070,G,socp37,categorical,see gsocp34 -> not applicable(4),4,not applicable,FALSE,
070,G,socp38,categorical,"see gsocp34 -> na, wrong skip(-3)",-3,"na, wrong skip",TRUE,
070,G,socp38,categorical,"see gsocp34 -> na, see GSOCP28 & 31(-2)",-2,"na, see GSOCP28 & 31",TRUE,
070,G,socp38,categorical,"see gsocp34 -> na, asked(-1)",-1,"na, asked",TRUE,
070,G,socp38,categorical,see gsocp34 -> very applicable(1),1,very applicable,FALSE,
070,G,socp38,categorical,see gsocp34 -> applicable(2),2,applicable,FALSE,
070,G,socp38,categorical,see gsocp34 -> a little applicable(3),3,a little applicable,FALSE,
070,G,socp38,categorical,see gsocp34 -> not applicable(4),4,not applicable,FALSE,
070,G,socp39,categorical,"na, wrong skip(-3)",-3,"na, wrong skip",TRUE,
070,G,socp39,categorical,"na, see GSOCPYN,14-33(-2)",-2,"na, see GSOCPYN,14-33",TRUE,
070,G,socp39,categorical,"na, asked(-1)",-1,"na, asked",TRUE,
070,G,socp39,categorical,very applicable(1),1,very applicable,FALSE,
070,G,socp39,categorical,applicable(2),2,applicable,FALSE,
070,G,socp39,categorical,a little applicable(3),3,a little applicable,FALSE,
070,G,socp39,categorical,not applicable(4),4,not applicable,FALSE,
070,G,socp40,categorical,"see gsocp39 -> na, wrong skip(-3)",-3,"na, wrong skip",TRUE,
070,G,socp40,categorical,"see gsocp39 -> na, see GSOCPYN,14-33(-2)",-2,"na, see GSOCPYN,14-33",TRUE,
070,G,socp40,categorical,"see gsocp39 -> na, asked(-1)",-1,"na, asked",TRUE,
070,G,socp40,categorical,see gsocp39 -> very applicable(1),1,very applicable,FALSE,
070,G,socp40,categorical,see gsocp39 -> applicable(2),2,applicable,FALSE,
070,G,socp40,categorical,see gsocp39 -> a little applicable(3),3,a little applicable,FALSE,
070,G,socp40,categorical,see gsocp39 -> not applicable(4),4,not applicable,FALSE,
070,G,socp41,categorical,"see gsocp39 -> na, wrong skip(-3)",-3,"na, wrong skip",TRUE,
070,G,socp41,categorical,"see gsocp39 -> na, see GSOCPYN,14-33(-2)",-2,"na, see GSOCPYN,14-33",TRUE,
070,G,socp41,categorical,"see gsocp39 -> na, asked(-1)",-1,"na, asked",TRUE,
070,G,socp41,categorical,see gsocp39 -> very applicable(1),1,very applicable,FALSE,
070,G,socp41,categorical,see gsocp39 -> applicable(2),2,applicable,FALSE,
070,G,socp41,categorical,see gsocp39 -> a little applicable(3),3,a little applicable,FALSE,
070,G,socp41,categorical,see gsocp39 -> not applicable(4),4,not applicable,FALSE,
070,G,socp42,categorical,"see gsocp39 -> na, wrong skip(-3)",-3,"na, wrong skip",TRUE,
070,G,socp42,categorical,"see gsocp39 -> na, see GSOCPYN,14-33(-2)",-2,"na, see GSOCPYN,14-33",TRUE,
070,G,socp42,categorical,"see gsocp39 -> na, asked(-1)",-1,"na, asked",TRUE,
070,G,socp42,categorical,see gsocp39 -> very applicable(1),1,very applicable,FALSE,
070,G,socp42,categorical,see gsocp39 -> applicable(2),2,applicable,FALSE,
070,G,socp42,categorical,see gsocp39 -> a little applicable(3),3,a little applicable,FALSE,
070,G,socp42,categorical,see gsocp39 -> not applicable(4),4,not applicable,FALSE,
070,G,socp43,categorical,"see gsocp39 -> na, wrong skip(-3)",-3,"na, wrong skip",TRUE,
070,G,socp43,categorical,"see gsocp39 -> na, see GSOCPYN,14-33(-2)",-2,"na, see GSOCPYN,14-33",TRUE,
070,G,socp43,categorical,"see gsocp39 -> na, asked(-1)",-1,"na, asked",TRUE,
070,G,socp43,categorical,see gsocp39 -> very applicable(1),1,very applicable,FALSE,
070,G,socp43,categorical,see gsocp39 -> applicable(2),2,applicable,FALSE,
070,G,socp43,categorical,see gsocp39 -> a little applicable(3),3,a little applicable,FALSE,
070,G,socp43,categorical,see gsocp39 -> not applicable(4),4,not applicable,FALSE,
070,G,socp44,categorical,"see gsocp39 -> na, wrong skip(-3)",-3,"na, wrong skip",TRUE,
070,G,socp44,categorical,"see gsocp39 -> na, see GSOCPYN,14-33(-2)",-2,"na, see GSOCPYN,14-33",TRUE,
070,G,socp44,categorical,"see gsocp39 -> na, asked(-1)",-1,"na, asked",TRUE,
070,G,socp44,categorical,see gsocp39 -> very applicable(1),1,very applicable,FALSE,
070,G,socp44,categorical,see gsocp39 -> applicable(2),2,applicable,FALSE,
070,G,socp44,categorical,see gsocp39 -> a little applicable(3),3,a little applicable,FALSE,
070,G,socp44,categorical,see gsocp39 -> not applicable(4),4,not applicable,FALSE,
070,G,socp44b,categorical,"see gsocp39 -> na, wrong skip(-3)",-3,"na, wrong skip",TRUE,
070,G,socp44b,categorical,"see gsocp39 -> na, see GSOCPYN,14-33(-2)",-2,"na, see GSOCPYN,14-33",TRUE,
070,G,socp44b,categorical,"see gsocp39 -> na, asked(-1)",-1,"na, asked",TRUE,
070,G,socp44b,categorical,see gsocp39 -> very applicable(1),1,very applicable,FALSE,
070,G,socp44b,categorical,see gsocp39 -> applicable(2),2,applicable,FALSE,
070,G,socp44b,categorical,see gsocp39 -> a little applicable(3),3,a little applicable,FALSE,
070,G,socp44b,categorical,see gsocp39 -> not applicable(4),4,not applicable,FALSE,
070,G,socp45,categorical,"see gsocp39 -> na, wrong skip(-3)",-3,"na, wrong skip",TRUE,
070,G,socp45,categorical,"see gsocp39 -> na, see GSOCPYN,14-33(-2)",-2,"na, see GSOCPYN,14-33",TRUE,
070,G,socp45,categorical,"see gsocp39 -> na, asked(-1)",-1,"na, asked",TRUE,
070,G,socp45,categorical,see gsocp39 -> very applicable(1),1,very applicable,FALSE,
070,G,socp45,categorical,see gsocp39 -> applicable(2),2,applicable,FALSE,
070,G,socp45,categorical,see gsocp39 -> a little applicable(3),3,a little applicable,FALSE,
070,G,socp45,categorical,see gsocp39 -> not applicable(4),4,not applicable,FALSE,
070,G,socp46,ordinal,"na, wrong skip(-3)",-3,"na, wrong skip",TRUE,
070,G,socp46,ordinal,"na, see GRMSO(-2)",-2,"na, see GRMSO",TRUE,
070,G,socp46,ordinal,"na, asked(-1)",-1,"na, asked",TRUE,
070,G,socp47,ordinal,"see gsocp46 -> na, wrong skip(-3)",-3,"na, wrong skip",TRUE,
070,G,socp47,ordinal,"see gsocp46 -> na, see GRMSO(-2)",-2,"na, see GRMSO",TRUE,
070,G,socp47,ordinal,"see gsocp46 -> na, asked(-1)",-1,"na, asked",TRUE,
070,G,socp48,ordinal,"see gsocp46 -> na, wrong skip(-3)",-3,"na, wrong skip",TRUE,
070,G,socp48,ordinal,"see gsocp46 -> na, see GRMSO(-2)",-2,"na, see GRMSO",TRUE,
070,G,socp48,ordinal,"see gsocp46 -> na, asked(-1)",-1,"na, asked",TRUE,
070,G,socp49,ordinal,"see gsocp46 -> na, wrong skip(-3)",-3,"na, wrong skip",TRUE,
070,G,socp49,ordinal,"see gsocp46 -> na, see GRMSO(-2)",-2,"na, see GRMSO",TRUE,
070,G,socp49,ordinal,"see gsocp46 -> na, asked(-1)",-1,"na, asked",TRUE,
070,G,socpr50,ordinal,"see gsocp46 -> na, wrong skip(-3)",-3,"na, wrong skip",TRUE,
070,G,socpr50,ordinal,"see gsocp46 -> na, see GRMSO(-2)",-2,"na, see GRMSO",TRUE,
070,G,socpr50,ordinal,"see gsocp46 -> na, asked(-1)",-1,"na, asked",TRUE,
070,G,socp51,ordinal,"see gsocp46 -> na, wrong skip(-3)",-3,"na, wrong skip",TRUE,
070,G,socp51,ordinal,"see gsocp46 -> na, see GRMSO(-2)",-2,"na, see GRMSO",TRUE,
070,G,socp51,ordinal,"see gsocp46 -> na, asked(-1)",-1,"na, asked",TRUE,
070,G,socp52,ordinal,"see gsocp46 -> na, wrong skip(-3)",-3,"na, wrong skip",TRUE,
070,G,socp52,ordinal,"see gsocp46 -> na, see GRMSO(-2)",-2,"na, see GRMSO",TRUE,
070,G,socp52,ordinal,"see gsocp46 -> na, asked(-1)",-1,"na, asked",TRUE,
070,G,socp54,numeric,"see gsocp46 -> na, wrong skip(-3)",-3,"na, wrong skip",TRUE,
070,G,socp54,numeric,"see gsocp46 -> na, see GRMSO(-2)",-2,"na, see GRMSO",TRUE,
070,G,socp54,numeric,"see gsocp46 -> na, asked(-1)",-1,"na, asked",TRUE,
070,G,socp55,binary,"see gsocp46 -> na, wrong skip(-3)",-3,"na, wrong skip",TRUE,
070,G,socp55,binary,"see gsocp46 -> na, see GRMSO(-2)",-2,"na, see GRMSO",TRUE,
070,G,socp55,binary,"see gsocp46 -> na, asked(-1)",-1,"na, asked",TRUE,
070,G,socp56,binary,"na, wrong skip(-3)",-3,"na, wrong skip",TRUE,
070,G,socp56,binary,"na, see GSOCP55(-2)",-2,"na, see GSOCP55",TRUE,
070,G,socp56,binary,"na, asked(-1)",-1,"na, asked",TRUE,
070,G,socp56,binary,not mentioned(0),0,not mentioned,FALSE,
070,G,socp56,binary,mentioned(1),1,mentioned,FALSE,
070,G,socp57,binary,"see gsocp56 -> na, wrong skip(-3)",-3,"na, wrong skip",TRUE,
070,G,socp57,binary,"see gsocp56 -> na, see GSOCP55(-2)",-2,"na, see GSOCP55",TRUE,
070,G,socp57,binary,"see gsocp56 -> na, asked(-1)",-1,"na, asked",TRUE,
070,G,socp57,binary,see gsocp56 -> not mentioned(0),0,not mentioned,FALSE,
070,G,socp57,binary,see gsocp56 -> mentioned(1),1,mentioned,FALSE,
070,G,socp58,binary,"see gsocp56 -> na, wrong skip(-3)",-3,"na, wrong skip",TRUE,
070,G,socp58,binary,"see gsocp56 -> na, see GSOCP55(-2)",-2,"na, see GSOCP55",TRUE,
070,G,socp58,binary,"see gsocp56 -> na, asked(-1)",-1,"na, asked",TRUE,
070,G,socp58,binary,see gsocp56 -> not mentioned(0),0,not mentioned,FALSE,
070,G,socp58,binary,see gsocp56 -> mentioned(1),1,mentioned,FALSE,
070,G,socp59,binary,"see gsocp56 -> na, wrong skip(-3)",-3,"na, wrong skip",TRUE,
070,G,socp59,binary,"see gsocp56 -> na, see GSOCP55(-2)",-2,"na, see GSOCP55",TRUE,
070,G,socp59,binary,"see gsocp56 -> na, asked(-1)",-1,"na, asked",TRUE,
070,G,socp59,binary,see gsocp56 -> not mentioned(0),0,not mentioned,FALSE,
070,G,socp59,binary,see gsocp56 -> mentioned(1),1,mentioned,FALSE,
070,G,socp60,binary,"see gsocp56 -> na, wrong skip(-3)",-3,"na, wrong skip",TRUE,
070,G,socp60,binary,"see gsocp56 -> na, see GSOCP55(-2)",-2,"na, see GSOCP55",TRUE,
070,G,socp60,binary,"see gsocp56 -> na, asked(-1)",-1,"na, asked",TRUE,
070,G,socp60,binary,see gsocp56 -> not mentioned(0),0,not mentioned,FALSE,
070,G,socp60,binary,see gsocp56 -> mentioned(1),1,mentioned,FALSE,
070,G,socp61,binary,"see gsocp56 -> na, wrong skip(-3)",-3,"na, wrong skip",TRUE,
070,G,socp61,binary,"see gsocp56 -> na, see GSOCP55(-2)",-2,"na, see GSOCP55",TRUE,
070,G,socp61,binary,"see gsocp56 -> na, asked(-1)",-1,"na, asked",TRUE,
070,G,socp61,binary,see gsocp56 -> not mentioned(0),0,not mentioned,FALSE,
070,G,socp61,binary,see gsocp56 -> mentioned(1),1,mentioned,FALSE,
070,G,socp66,categorical,"na, wrong skip(-3)",-3,"na, wrong skip",TRUE,
070,G,socp66,categorical,"na, see GRMSO(-2)",-2,"na, see GRMSO",TRUE,
070,G,socp66,categorical,"na, asked(-1)",-1,"na, asked",TRUE,
070,G,socp66,categorical,agree(1),1,agree,FALSE,
070,G,socp66,categorical,disagree(2),2,disagree,FALSE,
070,G,socp66,categorical,no opinion/don't know(3),3,no opinion/don't know,FALSE,
070,G,socp67,numeric,"na, wrong skip(-3)",-3,"na, wrong skip",TRUE,
070,G,socp67,numeric,"na, see GSOCP66(-2)",-2,"na, see GSOCP66",TRUE,
070,G,socp67,numeric,"na, asked(-1)",-1,"na, asked",TRUE,
070,G,socp67,numeric,dependent on person(0),0,dependent on person,FALSE,
070,G,socp72,binary,"na, wrong skip(-3)",-3,"na, wrong skip",TRUE,
070,G,socp72,binary,"na, see GRMSO(-2)",-2,"na, see GRMSO",TRUE,
070,G,socp72,binary,"na, asked(-1)",-1,"na, asked",TRUE,
070,G,socp72,binary,no(1),1,no,FALSE,
070,G,socp72,binary,yes(2),2,yes,FALSE,
070,G,socp73,numeric,"na, wrong skip(-3)",-3,"na, wrong skip",TRUE,
070,G,socp73,numeric,"na, see GSOCP72(-2)",-2,"na, see GSOCP72",TRUE,
070,G,socp73,numeric,"na, asked(-1)",-1,"na, asked",TRUE,
070,G,socp74,binary,"na, wrong skip(-3)",-3,"na, wrong skip",TRUE,
070,G,socp74,binary,"na, see GSOCP72(-2)",-2,"na, see GSOCP72",TRUE,
070,G,socp74,binary,"na, asked(-1)",-1,"na, asked",TRUE,
070,G,socp74,binary,not mentioned(0),0,not mentioned,FALSE,
070,G,socp74,binary,mentioned(1),1,mentioned,FALSE,
070,G,socp75,binary,"see gsocp74 -> na, wrong skip(-3)",-3,"na, wrong skip",TRUE,
070,G,socp75,binary,"see gsocp74 -> na, see GSOCP72(-2)",-2,"na, see GSOCP72",TRUE,
070,G,socp75,binary,"see gsocp74 -> na, asked(-1)",-1,"na, asked",TRUE,
070,G,socp75,binary,see gsocp74 -> not mentioned(0),0,not mentioned,FALSE,
070,G,socp75,binary,see gsocp74 -> mentioned(1),1,mentioned,FALSE,
070,G,socp76,binary,"see gsocp74 -> na, wrong skip(-3)",-3,"na, wrong skip",TRUE,
070,G,socp76,binary,"see gsocp74 -> na, see GSOCP72(-2)",-2,"na, see GSOCP72",TRUE,
070,G,socp76,binary,"see gsocp74 -> na, asked(-1)",-1,"na, asked",TRUE,
070,G,socp76,binary,see gsocp74 -> not mentioned(0),0,not mentioned,FALSE,
070,G,socp76,binary,see gsocp74 -> mentioned(1),1,mentioned,FALSE,
070,G,socp77,binary,"see gsocp74 -> na, wrong skip(-3)",-3,"na, wrong skip",TRUE,
070,G,socp77,binary,"see gsocp74 -> na, see GSOCP72(-2)",-2,"na, see GSOCP72",TRUE,
070,G,socp77,binary,"see gsocp74 -> na, asked(-1)",-1,"na, asked",TRUE,
070,G,socp77,binary,see gsocp74 -> not mentioned(0),0,not mentioned,FALSE,
070,G,socp77,binary,see gsocp74 -> mentioned(1),1,mentioned,FALSE,
070,G,socp78,binary,"see gsocp74 -> na, wrong skip(-3)",-3,"na, wrong skip",TRUE,
070,G,socp78,binary,"see gsocp74 -> na, see GSOCP72(-2)",-2,"na, see GSOCP72",TRUE,
070,G,socp78,binary,"see gsocp74 -> na, asked(-1)",-1,"na, asked",TRUE,
070,G,socp78,binary,see gsocp74 -> not mentioned(0),0,not mentioned,FALSE,
070,G,socp78,binary,see gsocp74 -> mentioned(1),1,mentioned,FALSE,
070,G,socp79,binary,"see gsocp74 -> na, wrong skip(-3)",-3,"na, wrong skip",TRUE,
070,G,socp79,binary,"see gsocp74 -> na, see GSOCP72(-2)",-2,"na, see GSOCP72",TRUE,
070,G,socp79,binary,"see gsocp74 -> na, asked(-1)",-1,"na, asked",TRUE,
070,G,socp79,binary,see gsocp74 -> not mentioned(0),0,not mentioned,FALSE,
070,G,socp79,binary,see gsocp74 -> mentioned(1),1,mentioned,FALSE,
070,G,socp80,string,"na, wrong skip(-3)",-3,"na, wrong skip",TRUE,
070,G,socp80,string,"na, see GSOCP79(-2)",-2,"na, see GSOCP79",TRUE,
070,G,socp80,string,"na, asked(-1)",-1,"na, asked",TRUE,
070,G,socp80,string,- to be coded -(0),0,- to be coded -,FALSE,
070,G,socp81,binary,"na, wrong skip(-3)",-3,"na, wrong skip",TRUE,
070,G,socp81,binary,"na, see GSOCP78(-2)",-2,"na, see GSOCP78",TRUE,
070,G,socp81,binary,"na, asked(-1)",-1,"na, asked",TRUE,
070,G,socp81,binary,not mentioned(0),0,not mentioned,FALSE,
070,G,socp81,binary,mentioned(1),1,mentioned,FALSE,
070,G,socp82,binary,"see gsocp81 -> na, wrong skip(-3)",-3,"na, wrong skip",TRUE,
070,G,socp82,binary,"see gsocp81 -> na, see GSOCP78(-2)",-2,"na, see GSOCP78",TRUE,
070,G,socp82,binary,"see gsocp81 -> na, asked(-1)",-1,"na, asked",TRUE,
070,G,socp82,binary,see gsocp81 -> not mentioned(0),0,not mentioned,FALSE,
070,G,socp82,binary,see gsocp81 -> mentioned(1),1,mentioned,FALSE,
070,G,socp83,binary,"see gsocp81 -> na, wrong skip(-3)",-3,"na, wrong skip",TRUE,
070,G,socp83,binary,"see gsocp81 -> na, see GSOCP78(-2)",-2,"na, see GSOCP78",TRUE,
070,G,socp83,binary,"see gsocp81 -> na, asked(-1)",-1,"na, asked",TRUE,
070,G,socp83,binary,see gsocp81 -> not mentioned(0),0,not mentioned,FALSE,
070,G,socp83,binary,see gsocp81 -> mentioned(1),1,mentioned,FALSE,
070,G,socp84,binary,"see gsocp81 -> na, wrong skip(-3)",-3,"na, wrong skip",TRUE,
070,G,socp84,binary,"see gsocp81 -> na, see GSOCP78(-2)",-2,"na, see GSOCP78",TRUE,
070,G,socp84,binary,"see gsocp81 -> na, asked(-1)",-1,"na, asked",TRUE,
070,G,socp84,binary,see gsocp81 -> not mentioned(0),0,not mentioned,FALSE,
070,G,socp84,binary,see gsocp81 -> mentioned(1),1,mentioned,FALSE,
070,G,socp85,binary,"see gsocp81 -> na, wrong skip(-3)",-3,"na, wrong skip",TRUE,
070,G,socp85,binary,"see gsocp81 -> na, see GSOCP78(-2)",-2,"na, see GSOCP78",TRUE,
070,G,socp85,binary,"see gsocp81 -> na, asked(-1)",-1,"na, asked",TRUE,
070,G,socp85,binary,see gsocp81 -> not mentioned(0),0,not mentioned,FALSE,
070,G,socp85,binary,see gsocp81 -> mentioned(1),1,mentioned,FALSE,
070,G,socp86,binary,"see gsocp81 -> na, wrong skip(-3)",-3,"na, wrong skip",TRUE,
070,G,socp86,binary,"see gsocp81 -> na, see GSOCP78(-2)",-2,"na, see GSOCP78",TRUE,
070,G,socp86,binary,"see gsocp81 -> na, asked(-1)",-1,"na, asked",TRUE,
070,G,socp86,binary,see gsocp81 -> not mentioned(0),0,not mentioned,FALSE,
070,G,socp86,binary,see gsocp81 -> mentioned(1),1,mentioned,FALSE,
070,G,socp87,binary,"see gsocp81 -> na, wrong skip(-3)",-3,"na, wrong skip",TRUE,
070,G,socp87,binary,"see gsocp81 -> na, see GSOCP78(-2)",-2,"na, see GSOCP78",TRUE,
070,G,socp87,binary,"see gsocp81 -> na, asked(-1)",-1,"na, asked",TRUE,
070,G,socp87,binary,see gsocp81 -> not mentioned(0),0,not mentioned,FALSE,
070,G,socp87,binary,see gsocp81 -> mentioned(1),1,mentioned,FALSE,
070,G,socp88,binary,"see gsocp81 -> na, wrong skip(-3)",-3,"na, wrong skip",TRUE,
070,G,socp88,binary,"see gsocp81 -> na, see GSOCP78(-2)",-2,"na, see GSOCP78",TRUE,
070,G,socp88,binary,"see gsocp81 -> na, asked(-1)",-1,"na, asked",TRUE,
070,G,socp88,binary,see gsocp81 -> not mentioned(0),0,not mentioned,FALSE,
070,G,socp88,binary,see gsocp81 -> mentioned(1),1,mentioned,FALSE,
070,G,socp89,string,"na, wrong skip(-3)",-3,"na, wrong skip",TRUE,
070,G,socp89,string,"na, see GSOCP88(-2)",-2,"na, see GSOCP88",TRUE,
070,G,socp89,string,"na, asked(-1)",-1,"na, asked",TRUE,
070,G,socp89,string,- to be coded -(0),0,- to be coded -,FALSE,
070,G,socp90,numeric,"na, wrong skip(-3)",-3,"na, wrong skip",TRUE,
070,G,socp90,numeric,"na, see GSOCP78(-2)",-2,"na, see GSOCP78",TRUE,
070,G,socp90,numeric,"na, asked(-1)",-1,"na, asked",TRUE,
070,G,socp91,categorical,"na, wrong skip(-3)",-3,"na, wrong skip",TRUE,
070,G,socp91,categorical,"na, see GSOCP78(-2)",-2,"na, see GSOCP78",TRUE,
070,G,socp91,categorical,"na, asked(-1)",-1,"na, asked",TRUE,
070,G,socp91,categorical,never(1),1,never,FALSE,
070,G,socp91,categorical,rarely(2),2,rarely,FALSE,
070,G,socp91,categorical,sometimes(3),3,sometimes,FALSE,
070,G,socp91,categorical,often(4),4,often,FALSE,
070,G,socp92,categorical,"see gsocp91 -> na, wrong skip(-3)",-3,"na, wrong skip",TRUE,
070,G,socp92,categorical,"see gsocp91 -> na, see GSOCP78(-2)",-2,"na, see GSOCP78",TRUE,
070,G,socp92,categorical,"see gsocp91 -> na, asked(-1)",-1,"na, asked",TRUE,
070,G,socp92,categorical,see gsocp91 -> never(1),1,never,FALSE,
070,G,socp92,categorical,see gsocp91 -> rarely(2),2,rarely,FALSE,
070,G,socp92,categorical,see gsocp91 -> sometimes(3),3,sometimes,FALSE,
070,G,socp92,categorical,see gsocp91 -> often(4),4,often,FALSE,
070,G,altru1,ordinal,"working for own well-being na, wrong skip(-3)",-3,"working for own well-being na, wrong skip",TRUE,
070,G,altru1,ordinal,"na, see GRMSO(-2)",-2,"na, see GRMSO",TRUE,
070,G,altru1,ordinal,"na, asked(-1)",-1,"na, asked",TRUE,
070,G,altru1,ordinal,does not apply to me at all(1),1,does not apply to me at all,FALSE,
070,G,altru1,ordinal,does not apply to me(2),2,does not apply to me,FALSE,
070,G,altru1,ordinal,applies to me a little(3),3,applies to me a little,FALSE,
070,G,altru1,ordinal,applies to me(4),4,applies to me,FALSE,
070,G,altru1,ordinal,apllies to me entirely(5),5,apllies to me entirely,FALSE,
070,G,altru2,ordinal,"see galtru1 -> working for own well-being na, wrong skip(-3)",-3,"working for own well-being na, wrong skip",TRUE,
070,G,altru2,ordinal,"see galtru1 -> na, see GRMSO(-2)",-2,"na, see GRMSO",TRUE,
070,G,altru2,ordinal,"see galtru1 -> na, asked(-1)",-1,"na, asked",TRUE,
070,G,altru2,ordinal,see galtru1 -> does not apply to me at all(1),1,does not apply to me at all,FALSE,
070,G,altru2,ordinal,see galtru1 -> does not apply to me(2),2,does not apply to me,FALSE,
070,G,altru2,ordinal,see galtru1 -> applies to me a little(3),3,applies to me a little,FALSE,
070,G,altru2,ordinal,see galtru1 -> applies to me(4),4,applies to me,FALSE,
070,G,altru2,ordinal,see galtru1 -> apllies to me entirely(5),5,apllies to me entirely,FALSE,
070,G,altru3,ordinal,"see galtru1 -> working for own well-being na, wrong skip(-3)",-3,"working for own well-being na, wrong skip",TRUE,
070,G,altru3,ordinal,"see galtru1 -> na, see GRMSO(-2)",-2,"na, see GRMSO",TRUE,
070,G,altru3,ordinal,"see galtru1 -> na, asked(-1)",-1,"na, asked",TRUE,
070,G,altru3,ordinal,see galtru1 -> does not apply to me at all(1),1,does not apply to me at all,FALSE,
070,G,altru3,ordinal,see galtru1 -> does not apply to me(2),2,does not apply to me,FALSE,
070,G,altru3,ordinal,see galtru1 -> applies to me a little(3),3,applies to me a little,FALSE,
070,G,altru3,ordinal,see galtru1 -> applies to me(4),4,applies to me,FALSE,
070,G,altru3,ordinal,see galtru1 -> apllies to me entirely(5),5,apllies to me entirely,FALSE,
070,G,altru4,ordinal,"see galtru1 -> working for own well-being na, wrong skip(-3)",-3,"working for own well-being na, wrong skip",TRUE,
070,G,altru4,ordinal,"see galtru1 -> na, see GRMSO(-2)",-2,"na, see GRMSO",TRUE,
070,G,altru4,ordinal,"see galtru1 -> na, asked(-1)",-1,"na, asked",TRUE,
070,G,altru4,ordinal,see galtru1 -> does not apply to me at all(1),1,does not apply to me at all,FALSE,
070,G,altru4,ordinal,see galtru1 -> does not apply to me(2),2,does not apply to me,FALSE,
070,G,altru4,ordinal,see galtru1 -> applies to me a little(3),3,applies to me a little,FALSE,
070,G,altru4,ordinal,see galtru1 -> applies to me(4),4,applies to me,FALSE,
070,G,altru4,ordinal,see galtru1 -> apllies to me entirely(5),5,apllies to me entirely,FALSE,
070,G,altru5,ordinal,"see galtru1 -> working for own well-being na, wrong skip(-3)",-3,"working for own well-being na, wrong skip",TRUE,
070,G,altru5,ordinal,"see galtru1 -> na, see GRMSO(-2)",-2,"na, see GRMSO",TRUE,
070,G,altru5,ordinal,"see galtru1 -> na, asked(-1)",-1,"na, asked",TRUE,
070,G,altru5,ordinal,see galtru1 -> does not apply to me at all(1),1,does not apply to me at all,FALSE,
070,G,altru5,ordinal,see galtru1 -> does not apply to me(2),2,does not apply to me,FALSE,
070,G,altru5,ordinal,see galtru1 -> applies to me a little(3),3,applies to me a little,FALSE,
070,G,altru5,ordinal,see galtru1 -> applies to me(4),4,applies to me,FALSE,
070,G,altru5,ordinal,see galtru1 -> apllies to me entirely(5),5,apllies to me entirely,FALSE,
070,G,rmso,categorical,valid data(-2),-2,valid data,TRUE,
070,G,rmso,categorical,short interview(1),1,short interview,FALSE,
070,H,socpyn,binary,"na, wrong skip(-3)",-3,"na, wrong skip",TRUE,
070,H,socpyn,binary,"na, see H/B/IRMSO(-2)",-2,"na, see H/B/IRMSO",TRUE,
070,H,socpyn,binary,"na, asked(-1)",-1,"na, asked",TRUE,
070,H,socpyn,binary,no(1),1,no,FALSE,
070,H,socpyn,binary,yes(2),2,yes,FALSE,
070,3B,socpyn,binary,"na, wrong skip(-3)",-3,"na, wrong skip",TRUE,
070,3B,socpyn,binary,"na, see H/B/IRMSO(-2)",-2,"na, see H/B/IRMSO",TRUE,
070,3B,socpyn,binary,"na, asked(-1)",-1,"na, asked",TRUE,
070,3B,socpyn,binary,no(1),1,no,FALSE,
070,3B,socpyn,binary,yes(2),2,yes,FALSE,
070,I,socpyn,binary,"na, wrong skip(-3)",-3,"na, wrong skip",TRUE,
070,I,socpyn,binary,"na, see H/B/IRMSO(-2)",-2,"na, see H/B/IRMSO",TRUE,
070,I,socpyn,binary,"na, asked(-1)",-1,"na, asked",TRUE,
070,I,socpyn,binary,no(1),1,no,FALSE,
070,I,socpyn,binary,yes(2),2,yes,FALSE,
070,H,socp01,binary,"na, wrong skip(-3)",-3,"na, wrong skip",TRUE,
070,H,socp01,binary,"na, see H/B/ISOCPYN(-2)",-2,"na, see H/B/ISOCPYN",TRUE,
070,H,socp01,binary,"na, asked(-1)",-1,"na, asked",TRUE,
070,H,socp01,binary,not mentioned(0),0,not mentioned,FALSE,
070,H,socp01,binary,mentioned(1),1,mentioned,FALSE,
070,3B,socp01,binary,"na, wrong skip(-3)",-3,"na, wrong skip",TRUE,
070,3B,socp01,binary,"na, see H/B/ISOCPYN(-2)",-2,"na, see H/B/ISOCPYN",TRUE,
070,3B,socp01,binary,"na, asked(-1)",-1,"na, asked",TRUE,
070,3B,socp01,binary,not mentioned(0),0,not mentioned,FALSE,
070,3B,socp01,binary,mentioned(1),1,mentioned,FALSE,
070,I,socp01,binary,"na, wrong skip(-3)",-3,"na, wrong skip",TRUE,
070,I,socp01,binary,"na, see H/B/ISOCPYN(-2)",-2,"na, see H/B/ISOCPYN",TRUE,
070,I,socp01,binary,"na, asked(-1)",-1,"na, asked",TRUE,
070,I,socp01,binary,not mentioned(0),0,not mentioned,FALSE,
070,I,socp01,binary,mentioned(1),1,mentioned,FALSE,
070,H,socp02,binary,"see h/b/isocp01 -> na, wrong skip(-3)",-3,"na, wrong skip",TRUE,
070,H,socp02,binary,"see h/b/isocp01 -> na, see H/B/ISOCPYN(-2)",-2,"na, see H/B/ISOCPYN",TRUE,
070,H,socp02,binary,"see h/b/isocp01 -> na, asked(-1)",-1,"na, asked",TRUE,
070,H,socp02,binary,see h/b/isocp01 -> not mentioned(0),0,not mentioned,FALSE,
070,H,socp02,binary,see h/b/isocp01 -> mentioned(1),1,mentioned,FALSE,
070,3B,socp02,binary,"see h/b/isocp01 -> na, wrong skip(-3)",-3,"na, wrong skip",TRUE,
070,3B,socp02,binary,"see h/b/isocp01 -> na, see H/B/ISOCPYN(-2)",-2,"na, see H/B/ISOCPYN",TRUE,
070,3B,socp02,binary,"see h/b/isocp01 -> na, asked(-1)",-1,"na, asked",TRUE,
070,3B,socp02,binary,see h/b/isocp01 -> not mentioned(0),0,not mentioned,FALSE,
070,3B,socp02,binary,see h/b/isocp01 -> mentioned(1),1,mentioned,FALSE,
070,I,socp02,binary,"see h/b/isocp01 -> na, wrong skip(-3)",-3,"na, wrong skip",TRUE,
070,I,socp02,binary,"see h/b/isocp01 -> na, see H/B/ISOCPYN(-2)",-2,"na, see H/B/ISOCPYN",TRUE,
070,I,socp02,binary,"see h/b/isocp01 -> na, asked(-1)",-1,"na, asked",TRUE,
070,I,socp02,binary,see h/b/isocp01 -> not mentioned(0),0,not mentioned,FALSE,
070,I,socp02,binary,see h/b/isocp01 -> mentioned(1),1,mentioned,FALSE,
070,H,socp03,binary,"see h/b/isocp01 -> na, wrong skip(-3)",-3,"na, wrong skip",TRUE,
070,H,socp03,binary,"see h/b/isocp01 -> na, see H/B/ISOCPYN(-2)",-2,"na, see H/B/ISOCPYN",TRUE,
070,H,socp03,binary,"see h/b/isocp01 -> na, asked(-1)",-1,"na, asked",TRUE,
070,H,socp03,binary,see h/b/isocp01 -> not mentioned(0),0,not mentioned,FALSE,
070,H,socp03,binary,see h/b/isocp01 -> mentioned(1),1,mentioned,FALSE,
070,3B,socp03,binary,"see h/b/isocp01 -> na, wrong skip(-3)",-3,"na, wrong skip",TRUE,
070,3B,socp03,binary,"see h/b/isocp01 -> na, see H/B/ISOCPYN(-2)",-2,"na, see H/B/ISOCPYN",TRUE,
070,3B,socp03,binary,"see h/b/isocp01 -> na, asked(-1)",-1,"na, asked",TRUE,
070,3B,socp03,binary,see h/b/isocp01 -> not mentioned(0),0,not mentioned,FALSE,
070,3B,socp03,binary,see h/b/isocp01 -> mentioned(1),1,mentioned,FALSE,
070,I,socp03,binary,"see h/b/isocp01 -> na, wrong skip(-3)",-3,"na, wrong skip",TRUE,
070,I,socp03,binary,"see h/b/isocp01 -> na, see H/B/ISOCPYN(-2)",-2,"na, see H/B/ISOCPYN",TRUE,
070,I,socp03,binary,"see h/b/isocp01 -> na, asked(-1)",-1,"na, asked",TRUE,
070,I,socp03,binary,see h/b/isocp01 -> not mentioned(0),0,not mentioned,FALSE,
070,I,socp03,binary,see h/b/isocp01 -> mentioned(1),1,mentioned,FALSE,
070,H,socp04,binary,"see h/b/isocp01 -> na, wrong skip(-3)",-3,"na, wrong skip",TRUE,
070,H,socp04,binary,"see h/b/isocp01 -> na, see H/B/ISOCPYN(-2)",-2,"na, see H/B/ISOCPYN",TRUE,
070,H,socp04,binary,"see h/b/isocp01 -> na, asked(-1)",-1,"na, asked",TRUE,
070,H,socp04,binary,see h/b/isocp01 -> not mentioned(0),0,not mentioned,FALSE,
070,H,socp04,binary,see h/b/isocp01 -> mentioned(1),1,mentioned,FALSE,
070,3B,socp04,binary,"see h/b/isocp01 -> na, wrong skip(-3)",-3,"na, wrong skip",TRUE,
070,3B,socp04,binary,"see h/b/isocp01 -> na, see H/B/ISOCPYN(-2)",-2,"na, see H/B/ISOCPYN",TRUE,
070,3B,socp04,binary,"see h/b/isocp01 -> na, asked(-1)",-1,"na, asked",TRUE,
070,3B,socp04,binary,see h/b/isocp01 -> not mentioned(0),0,not mentioned,FALSE,
070,3B,socp04,binary,see h/b/isocp01 -> mentioned(1),1,mentioned,FALSE,
070,I,socp04,binary,"see h/b/isocp01 -> na, wrong skip(-3)",-3,"na, wrong skip",TRUE,
070,I,socp04,binary,"see h/b/isocp01 -> na, see H/B/ISOCPYN(-2)",-2,"na, see H/B/ISOCPYN",TRUE,
070,I,socp04,binary,"see h/b/isocp01 -> na, asked(-1)",-1,"na, asked",TRUE,
070,I,socp04,binary,see h/b/isocp01 -> not mentioned(0),0,not mentioned,FALSE,
070,I,socp04,binary,see h/b/isocp01 -> mentioned(1),1,mentioned,FALSE,
070,H,socp05,binary,"see h/b/isocp01 -> na, wrong skip(-3)",-3,"na, wrong skip",TRUE,
070,H,socp05,binary,"see h/b/isocp01 -> na, see H/B/ISOCPYN(-2)",-2,"na, see H/B/ISOCPYN",TRUE,
070,H,socp05,binary,"see h/b/isocp01 -> na, asked(-1)",-1,"na, asked",TRUE,
070,H,socp05,binary,see h/b/isocp01 -> not mentioned(0),0,not mentioned,FALSE,
070,H,socp05,binary,see h/b/isocp01 -> mentioned(1),1,mentioned,FALSE,
070,3B,socp05,binary,"see h/b/isocp01 -> na, wrong skip(-3)",-3,"na, wrong skip",TRUE,
070,3B,socp05,binary,"see h/b/isocp01 -> na, see H/B/ISOCPYN(-2)",-2,"na, see H/B/ISOCPYN",TRUE,
070,3B,socp05,binary,"see h/b/isocp01 -> na, asked(-1)",-1,"na, asked",TRUE,
070,3B,socp05,binary,see h/b/isocp01 -> not mentioned(0),0,not mentioned,FALSE,
070,3B,socp05,binary,see h/b/isocp01 -> mentioned(1),1,mentioned,FALSE,
070,I,socp05,binary,"see h/b/isocp01 -> na, wrong skip(-3)",-3,"na, wrong skip",TRUE,
070,I,socp05,binary,"see h/b/isocp01 -> na, see H/B/ISOCPYN(-2)",-2,"na, see H/B/ISOCPYN",TRUE,
070,I,socp05,binary,"see h/b/isocp01 -> na, asked(-1)",-1,"na, asked",TRUE,
070,I,socp05,binary,see h/b/isocp01 -> not mentioned(0),0,not mentioned,FALSE,
070,I,socp05,binary,see h/b/isocp01 -> mentioned(1),1,mentioned,FALSE,
070,H,socp06,binary,"see h/b/isocp01 -> na, wrong skip(-3)",-3,"na, wrong skip",TRUE,
070,H,socp06,binary,"see h/b/isocp01 -> na, see H/B/ISOCPYN(-2)",-2,"na, see H/B/ISOCPYN",TRUE,
070,H,socp06,binary,"see h/b/isocp01 -> na, asked(-1)",-1,"na, asked",TRUE,
070,H,socp06,binary,see h/b/isocp01 -> not mentioned(0),0,not mentioned,FALSE,
070,H,socp06,binary,see h/b/isocp01 -> mentioned(1),1,mentioned,FALSE,
070,3B,socp06,binary,"see h/b/isocp01 -> na, wrong skip(-3)",-3,"na, wrong skip",TRUE,
070,3B,socp06,binary,"see h/b/isocp01 -> na, see H/B/ISOCPYN(-2)",-2,"na, see H/B/ISOCPYN",TRUE,
070,3B,socp06,binary,"see h/b/isocp01 -> na, asked(-1)",-1,"na, asked",TRUE,
070,3B,socp06,binary,see h/b/isocp01 -> not mentioned(0),0,not mentioned,FALSE,
070,3B,socp06,binary,see h/b/isocp01 -> mentioned(1),1,mentioned,FALSE,
070,I,socp06,binary,"see h/b/isocp01 -> na, wrong skip(-3)",-3,"na, wrong skip",TRUE,
070,I,socp06,binary,"see h/b/isocp01 -> na, see H/B/ISOCPYN(-2)",-2,"na, see H/B/ISOCPYN",TRUE,
070,I,socp06,binary,"see h/b/isocp01 -> na, asked(-1)",-1,"na, asked",TRUE,
070,I,socp06,binary,see h/b/isocp01 -> not mentioned(0),0,not mentioned,FALSE,
070,I,socp06,binary,see h/b/isocp01 -> mentioned(1),1,mentioned,FALSE,
070,H,socp07,binary,"see h/b/isocp01 -> na, wrong skip(-3)",-3,"na, wrong skip",TRUE,
070,H,socp07,binary,"see h/b/isocp01 -> na, see H/B/ISOCPYN(-2)",-2,"na, see H/B/ISOCPYN",TRUE,
070,H,socp07,binary,"see h/b/isocp01 -> na, asked(-1)",-1,"na, asked",TRUE,
070,H,socp07,binary,see h/b/isocp01 -> not mentioned(0),0,not mentioned,FALSE,
070,H,socp07,binary,see h/b/isocp01 -> mentioned(1),1,mentioned,FALSE,
070,3B,socp07,binary,"see h/b/isocp01 -> na, wrong skip(-3)",-3,"na, wrong skip",TRUE,
070,3B,socp07,binary,"see h/b/isocp01 -> na, see H/B/ISOCPYN(-2)",-2,"na, see H/B/ISOCPYN",TRUE,
070,3B,socp07,binary,"see h/b/isocp01 -> na, asked(-1)",-1,"na, asked",TRUE,
070,3B,socp07,binary,see h/b/isocp01 -> not mentioned(0),0,not mentioned,FALSE,
070,3B,socp07,binary,see h/b/isocp01 -> mentioned(1),1,mentioned,FALSE,
070,I,socp07,binary,"see h/b/isocp01 -> na, wrong skip(-3)",-3,"na, wrong skip",TRUE,
070,I,socp07,binary,"see h/b/isocp01 -> na, see H/B/ISOCPYN(-2)",-2,"na, see H/B/ISOCPYN",TRUE,
070,I,socp07,binary,"see h/b/isocp01 -> na, asked(-1)",-1,"na, asked",TRUE,
070,I,socp07,binary,see h/b/isocp01 -> not mentioned(0),0,not mentioned,FALSE,
070,I,socp07,binary,see h/b/isocp01 -> mentioned(1),1,mentioned,FALSE,
070,H,socp08,binary,"see h/b/isocp01 -> na, wrong skip(-3)",-3,"na, wrong skip",TRUE,
070,H,socp08,binary,"see h/b/isocp01 -> na, see H/B/ISOCPYN(-2)",-2,"na, see H/B/ISOCPYN",TRUE,
070,H,socp08,binary,"see h/b/isocp01 -> na, asked(-1)",-1,"na, asked",TRUE,
070,H,socp08,binary,see h/b/isocp01 -> not mentioned(0),0,not mentioned,FALSE,
070,H,socp08,binary,see h/b/isocp01 -> mentioned(1),1,mentioned,FALSE,
070,3B,socp08,binary,"see h/b/isocp01 -> na, wrong skip(-3)",-3,"na, wrong skip",TRUE,
070,3B,socp08,binary,"see h/b/isocp01 -> na, see H/B/ISOCPYN(-2)",-2,"na, see H/B/ISOCPYN",TRUE,
070,3B,socp08,binary,"see h/b/isocp01 -> na, asked(-1)",-1,"na, asked",TRUE,
070,3B,socp08,binary,see h/b/isocp01 -> not mentioned(0),0,not mentioned,FALSE,
070,3B,socp08,binary,see h/b/isocp01 -> mentioned(1),1,mentioned,FALSE,
070,I,socp08,binary,"see h/b/isocp01 -> na, wrong skip(-3)",-3,"na, wrong skip",TRUE,
070,I,socp08,binary,"see h/b/isocp01 -> na, see H/B/ISOCPYN(-2)",-2,"na, see H/B/ISOCPYN",TRUE,
070,I,socp08,binary,"see h/b/isocp01 -> na, asked(-1)",-1,"na, asked",TRUE,
070,I,socp08,binary,see h/b/isocp01 -> not mentioned(0),0,not mentioned,FALSE,
070,I,socp08,binary,see h/b/isocp01 -> mentioned(1),1,mentioned,FALSE,
070,H,socp09,binary,"see h/b/isocp01 -> na, wrong skip(-3)",-3,"na, wrong skip",TRUE,
070,H,socp09,binary,"see h/b/isocp01 -> na, see H/B/ISOCPYN(-2)",-2,"na, see H/B/ISOCPYN",TRUE,
070,H,socp09,binary,"see h/b/isocp01 -> na, asked(-1)",-1,"na, asked",TRUE,
070,H,socp09,binary,see h/b/isocp01 -> not mentioned(0),0,not mentioned,FALSE,
070,H,socp09,binary,see h/b/isocp01 -> mentioned(1),1,mentioned,FALSE,
070,3B,socp09,binary,"see h/b/isocp01 -> na, wrong skip(-3)",-3,"na, wrong skip",TRUE,
070,3B,socp09,binary,"see h/b/isocp01 -> na, see H/B/ISOCPYN(-2)",-2,"na, see H/B/ISOCPYN",TRUE,
070,3B,socp09,binary,"see h/b/isocp01 -> na, asked(-1)",-1,"na, asked",TRUE,
070,3B,socp09,binary,see h/b/isocp01 -> not mentioned(0),0,not mentioned,FALSE,
070,3B,socp09,binary,see h/b/isocp01 -> mentioned(1),1,mentioned,FALSE,
070,I,socp09,binary,"see h/b/isocp01 -> na, wrong skip(-3)",-3,"na, wrong skip",TRUE,
070,I,socp09,binary,"see h/b/isocp01 -> na, see H/B/ISOCPYN(-2)",-2,"na, see H/B/ISOCPYN",TRUE,
070,I,socp09,binary,"see h/b/isocp01 -> na, asked(-1)",-1,"na, asked",TRUE,
070,I,socp09,binary,see h/b/isocp01 -> not mentioned(0),0,not mentioned,FALSE,
070,I,socp09,binary,see h/b/isocp01 -> mentioned(1),1,mentioned,FALSE,
070,H,socp10,binary,"see h/b/isocp01 -> na, wrong skip(-3)",-3,"na, wrong skip",TRUE,
070,H,socp10,binary,"see h/b/isocp01 -> na, see H/B/ISOCPYN(-2)",-2,"na, see H/B/ISOCPYN",TRUE,
070,H,socp10,binary,"see h/b/isocp01 -> na, asked(-1)",-1,"na, asked",TRUE,
070,H,socp10,binary,see h/b/isocp01 -> not mentioned(0),0,not mentioned,FALSE,
070,H,socp10,binary,see h/b/isocp01 -> mentioned(1),1,mentioned,FALSE,
070,3B,socp10,binary,"see h/b/isocp01 -> na, wrong skip(-3)",-3,"na, wrong skip",TRUE,
070,3B,socp10,binary,"see h/b/isocp01 -> na, see H/B/ISOCPYN(-2)",-2,"na, see H/B/ISOCPYN",TRUE,
070,3B,socp10,binary,"see h/b/isocp01 -> na, asked(-1)",-1,"na, asked",TRUE,
070,3B,socp10,binary,see h/b/isocp01 -> not mentioned(0),0,not mentioned,FALSE,
070,3B,socp10,binary,see h/b/isocp01 -> mentioned(1),1,mentioned,FALSE,
070,I,socp10,binary,"see h/b/isocp01 -> na, wrong skip(-3)",-3,"na, wrong skip",TRUE,
070,I,socp10,binary,"see h/b/isocp01 -> na, see H/B/ISOCPYN(-2)",-2,"na, see H/B/ISOCPYN",TRUE,
070,I,socp10,binary,"see h/b/isocp01 -> na, asked(-1)",-1,"na, asked",TRUE,
070,I,socp10,binary,see h/b/isocp01 -> not mentioned(0),0,not mentioned,FALSE,
070,I,socp10,binary,see h/b/isocp01 -> mentioned(1),1,mentioned,FALSE,
070,H,socp11,binary,"see h/b/isocp01 -> na, wrong skip(-3)",-3,"na, wrong skip",TRUE,
070,H,socp11,binary,"see h/b/isocp01 -> na, see H/B/ISOCPYN(-2)",-2,"na, see H/B/ISOCPYN",TRUE,
070,H,socp11,binary,"see h/b/isocp01 -> na, asked(-1)",-1,"na, asked",TRUE,
070,H,socp11,binary,see h/b/isocp01 -> not mentioned(0),0,not mentioned,FALSE,
070,H,socp11,binary,see h/b/isocp01 -> mentioned(1),1,mentioned,FALSE,
070,3B,socp11,binary,"see h/b/isocp01 -> na, wrong skip(-3)",-3,"na, wrong skip",TRUE,
070,3B,socp11,binary,"see h/b/isocp01 -> na, see H/B/ISOCPYN(-2)",-2,"na, see H/B/ISOCPYN",TRUE,
070,3B,socp11,binary,"see h/b/isocp01 -> na, asked(-1)",-1,"na, asked",TRUE,
070,3B,socp11,binary,see h/b/isocp01 -> not mentioned(0),0,not mentioned,FALSE,
070,3B,socp11,binary,see h/b/isocp01 -> mentioned(1),1,mentioned,FALSE,
070,I,socp11,binary,"see h/b/isocp01 -> na, wrong skip(-3)",-3,"na, wrong skip",TRUE,
070,I,socp11,binary,"see h/b/isocp01 -> na, see H/B/ISOCPYN(-2)",-2,"na, see H/B/ISOCPYN",TRUE,
070,I,socp11,binary,"see h/b/isocp01 -> na, asked(-1)",-1,"na, asked",TRUE,
070,I,socp11,binary,see h/b/isocp01 -> not mentioned(0),0,not mentioned,FALSE,
070,I,socp11,binary,see h/b/isocp01 -> mentioned(1),1,mentioned,FALSE,
070,H,socp12,binary,"see h/b/isocp01 -> na, wrong skip(-3)",-3,"na, wrong skip",TRUE,
070,H,socp12,binary,"see h/b/isocp01 -> na, see H/B/ISOCPYN(-2)",-2,"na, see H/B/ISOCPYN",TRUE,
070,H,socp12,binary,"see h/b/isocp01 -> na, asked(-1)",-1,"na, asked",TRUE,
070,H,socp12,binary,see h/b/isocp01 -> not mentioned(0),0,not mentioned,FALSE,
070,H,socp12,binary,see h/b/isocp01 -> mentioned(1),1,mentioned,FALSE,
070,3B,socp12,binary,"see h/b/isocp01 -> na, wrong skip(-3)",-3,"na, wrong skip",TRUE,
070,3B,socp12,binary,"see h/b/isocp01 -> na, see H/B/ISOCPYN(-2)",-2,"na, see H/B/ISOCPYN",TRUE,
070,3B,socp12,binary,"see h/b/isocp01 -> na, asked(-1)",-1,"na, asked",TRUE,
070,3B,socp12,binary,see h/b/isocp01 -> not mentioned(0),0,not mentioned,FALSE,
070,3B,socp12,binary,see h/b/isocp01 -> mentioned(1),1,mentioned,FALSE,
070,I,socp12,binary,"see h/b/isocp01 -> na, wrong skip(-3)",-3,"na, wrong skip",TRUE,
070,I,socp12,binary,"see h/b/isocp01 -> na, see H/B/ISOCPYN(-2)",-2,"na, see H/B/ISOCPYN",TRUE,
070,I,socp12,binary,"see h/b/isocp01 -> na, asked(-1)",-1,"na, asked",TRUE,
070,I,socp12,binary,see h/b/isocp01 -> not mentioned(0),0,not mentioned,FALSE,
070,I,socp12,binary,see h/b/isocp01 -> mentioned(1),1,mentioned,FALSE,
070,H,socp13,binary,"see h/b/isocp01 -> na, wrong skip(-3)",-3,"na, wrong skip",TRUE,
070,H,socp13,binary,"see h/b/isocp01 -> na, see H/B/ISOCPYN(-2)",-2,"na, see H/B/ISOCPYN",TRUE,
070,H,socp13,binary,"see h/b/isocp01 -> na, asked(-1)",-1,"na, asked",TRUE,
070,H,socp13,binary,see h/b/isocp01 -> not mentioned(0),0,not mentioned,FALSE,
070,H,socp13,binary,see h/b/isocp01 -> mentioned(1),1,mentioned,FALSE,
070,3B,socp13,binary,"see h/b/isocp01 -> na, wrong skip(-3)",-3,"na, wrong skip",TRUE,
070,3B,socp13,binary,"see h/b/isocp01 -> na, see H/B/ISOCPYN(-2)",-2,"na, see H/B/ISOCPYN",TRUE,
070,3B,socp13,binary,"see h/b/isocp01 -> na, asked(-1)",-1,"na, asked",TRUE,
070,3B,socp13,binary,see h/b/isocp01 -> not mentioned(0),0,not mentioned,FALSE,
070,3B,socp13,binary,see h/b/isocp01 -> mentioned(1),1,mentioned,FALSE,
070,I,socp13,binary,"see h/b/isocp01 -> na, wrong skip(-3)",-3,"na, wrong skip",TRUE,
070,I,socp13,binary,"see h/b/isocp01 -> na, see H/B/ISOCPYN(-2)",-2,"na, see H/B/ISOCPYN",TRUE,
070,I,socp13,binary,"see h/b/isocp01 -> na, asked(-1)",-1,"na, asked",TRUE,
070,I,socp13,binary,see h/b/isocp01 -> not mentioned(0),0,not mentioned,FALSE,
070,I,socp13,binary,see h/b/isocp01 -> mentioned(1),1,mentioned,FALSE,
070,H,socp14,ordinal,"na, wrong skip(-3)",-3,"na, wrong skip",TRUE,
070,H,socp14,ordinal,"na, see H/B/ISOCP01(-2)",-2,"na, see H/B/ISOCP01",TRUE,
070,H,socp14,ordinal,"na, asked(-1)",-1,"na, asked",TRUE,
070,H,socp14,ordinal,no(1),1,no,FALSE,
070,H,socp14,ordinal,yes(2),2,yes,FALSE,
070,3B,socp14,ordinal,"na, wrong skip(-3)",-3,"na, wrong skip",TRUE,
070,3B,socp14,ordinal,"na, see H/B/ISOCP01(-2)",-2,"na, see H/B/ISOCP01",TRUE,
070,3B,socp14,ordinal,"na, asked(-1)",-1,"na, asked",TRUE,
070,3B,socp14,ordinal,no(1),1,no,FALSE,
070,3B,socp14,ordinal,yes(2),2,yes,FALSE,
070,I,socp14,ordinal,"na, wrong skip(-3)",-3,"na, wrong skip",TRUE,
070,I,socp14,ordinal,"na, see H/B/ISOCP01(-2)",-2,"na, see H/B/ISOCP01",TRUE,
070,I,socp14,ordinal,"na, asked(-1)",-1,"na, asked",TRUE,
070,I,socp14,ordinal,no(1),1,no,FALSE,
070,I,socp14,ordinal,yes(2),2,yes,FALSE,
070,H,socp15,ordinal,"na, wrong skip(-3)",-3,"na, wrong skip",TRUE,
070,H,socp15,ordinal,"na, see H/B/ISOCP02(-2)",-2,"na, see H/B/ISOCP02",TRUE,
070,H,socp15,ordinal,"na, asked(-1)",-1,"na, asked",TRUE,
070,H,socp15,ordinal,no(1),1,no,FALSE,
070,H,socp15,ordinal,yes(2),2,yes,FALSE,
070,3B,socp15,ordinal,"na, wrong skip(-3)",-3,"na, wrong skip",TRUE,
070,3B,socp15,ordinal,"na, see H/B/ISOCP02(-2)",-2,"na, see H/B/ISOCP02",TRUE,
070,3B,socp15,ordinal,"na, asked(-1)",-1,"na, asked",TRUE,
070,3B,socp15,ordinal,no(1),1,no,FALSE,
070,3B,socp15,ordinal,yes(2),2,yes,FALSE,
070,I,socp15,ordinal,"na, wrong skip(-3)",-3,"na, wrong skip",TRUE,
070,I,socp15,ordinal,"na, see H/B/ISOCP02(-2)",-2,"na, see H/B/ISOCP02",TRUE,
070,I,socp15,ordinal,"na, asked(-1)",-1,"na, asked",TRUE,
070,I,socp15,ordinal,no(1),1,no,FALSE,
070,I,socp15,ordinal,yes(2),2,yes,FALSE,
070,H,socp16,ordinal,"na, wrong skip(-3)",-3,"na, wrong skip",TRUE,
070,H,socp16,ordinal,"na, see H/B/ISOCP03(-2)",-2,"na, see H/B/ISOCP03",TRUE,
070,H,socp16,ordinal,"na, asked(-1)",-1,"na, asked",TRUE,
070,H,socp16,ordinal,no(1),1,no,FALSE,
070,H,socp16,ordinal,yes(2),2,yes,FALSE,
070,3B,socp16,ordinal,"na, wrong skip(-3)",-3,"na, wrong skip",TRUE,
070,3B,socp16,ordinal,"na, see H/B/ISOCP03(-2)",-2,"na, see H/B/ISOCP03",TRUE,
070,3B,socp16,ordinal,"na, asked(-1)",-1,"na, asked",TRUE,
070,3B,socp16,ordinal,no(1),1,no,FALSE,
070,3B,socp16,ordinal,yes(2),2,yes,FALSE,
070,I,socp16,ordinal,"na, wrong skip(-3)",-3,"na, wrong skip",TRUE,
070,I,socp16,ordinal,"na, see H/B/ISOCP03(-2)",-2,"na, see H/B/ISOCP03",TRUE,
070,I,socp16,ordinal,"na, asked(-1)",-1,"na, asked",TRUE,
070,I,socp16,ordinal,no(1),1,no,FALSE,
070,I,socp16,ordinal,yes(2),2,yes,FALSE,
070,H,socp17,ordinal,"na, wrong skip(-3)",-3,"na, wrong skip",TRUE,
070,H,socp17,ordinal,"na, see H/B/ISOCP04(-2)",-2,"na, see H/B/ISOCP04",TRUE,
070,H,socp17,ordinal,"na, asked(-1)",-1,"na, asked",TRUE,
070,H,socp17,ordinal,no(1),1,no,FALSE,
070,H,socp17,ordinal,yes(2),2,yes,FALSE,
070,3B,socp17,ordinal,"na, wrong skip(-3)",-3,"na, wrong skip",TRUE,
070,3B,socp17,ordinal,"na, see H/B/ISOCP04(-2)",-2,"na, see H/B/ISOCP04",TRUE,
070,3B,socp17,ordinal,"na, asked(-1)",-1,"na, asked",TRUE,
070,3B,socp17,ordinal,no(1),1,no,FALSE,
070,3B,socp17,ordinal,yes(2),2,yes,FALSE,
070,I,socp17,ordinal,"na, wrong skip(-3)",-3,"na, wrong skip",TRUE,
070,I,socp17,ordinal,"na, see H/B/ISOCP04(-2)",-2,"na, see H/B/ISOCP04",TRUE,
070,I,socp17,ordinal,"na, asked(-1)",-1,"na, asked",TRUE,
070,I,socp17,ordinal,no(1),1,no,FALSE,
070,I,socp17,ordinal,yes(2),2,yes,FALSE,
070,H,socp18,ordinal,"na, wrong skip(-3)",-3,"na, wrong skip",TRUE,
070,H,socp18,ordinal,"na, see H/B/ISOCP05(-2)",-2,"na, see H/B/ISOCP05",TRUE,
070,H,socp18,ordinal,"na, asked(-1)",-1,"na, asked",TRUE,
070,H,socp18,ordinal,no(1),1,no,FALSE,
070,H,socp18,ordinal,yes(2),2,yes,FALSE,
070,3B,socp18,ordinal,"na, wrong skip(-3)",-3,"na, wrong skip",TRUE,
070,3B,socp18,ordinal,"na, see H/B/ISOCP05(-2)",-2,"na, see H/B/ISOCP05",TRUE,
070,3B,socp18,ordinal,"na, asked(-1)",-1,"na, asked",TRUE,
070,3B,socp18,ordinal,no(1),1,no,FALSE,
070,3B,socp18,ordinal,yes(2),2,yes,FALSE,
070,I,socp18,ordinal,"na, wrong skip(-3)",-3,"na, wrong skip",TRUE,
070,I,socp18,ordinal,"na, see H/B/ISOCP05(-2)",-2,"na, see H/B/ISOCP05",TRUE,
070,I,socp18,ordinal,"na, asked(-1)",-1,"na, asked",TRUE,
070,I,socp18,ordinal,no(1),1,no,FALSE,
070,I,socp18,ordinal,yes(2),2,yes,FALSE,
070,H,socp19,ordinal,"na, wrong skip(-3)",-3,"na, wrong skip",TRUE,
070,H,socp19,ordinal,"na, see H/B/ISOCP06(-2)",-2,"na, see H/B/ISOCP06",TRUE,
070,H,socp19,ordinal,"na, asked(-1)",-1,"na, asked",TRUE,
070,H,socp19,ordinal,no(1),1,no,FALSE,
070,H,socp19,ordinal,yes(2),2,yes,FALSE,
070,3B,socp19,ordinal,"na, wrong skip(-3)",-3,"na, wrong skip",TRUE,
070,3B,socp19,ordinal,"na, see H/B/ISOCP06(-2)",-2,"na, see H/B/ISOCP06",TRUE,
070,3B,socp19,ordinal,"na, asked(-1)",-1,"na, asked",TRUE,
070,3B,socp19,ordinal,no(1),1,no,FALSE,
070,3B,socp19,ordinal,yes(2),2,yes,FALSE,
070,I,socp19,ordinal,"na, wrong skip(-3)",-3,"na, wrong skip",TRUE,
070,I,socp19,ordinal,"na, see H/B/ISOCP06(-2)",-2,"na, see H/B/ISOCP06",TRUE,
070,I,socp19,ordinal,"na, asked(-1)",-1,"na, asked",TRUE,
070,I,socp19,ordinal,no(1),1,no,FALSE,
070,I,socp19,ordinal,yes(2),2,yes,FALSE,
070,H,socp20,ordinal,"na, wrong skip(-3)",-3,"na, wrong skip",TRUE,
070,H,socp20,ordinal,"na, see H/B/ISOCP07(-2)",-2,"na, see H/B/ISOCP07",TRUE,
070,H,socp20,ordinal,"na, asked(-1)",-1,"na, asked",TRUE,
070,H,socp20,ordinal,no(1),1,no,FALSE,
070,H,socp20,ordinal,yes(2),2,yes,FALSE,
070,3B,socp20,ordinal,"na, wrong skip(-3)",-3,"na, wrong skip",TRUE,
070,3B,socp20,ordinal,"na, see H/B/ISOCP07(-2)",-2,"na, see H/B/ISOCP07",TRUE,
070,3B,socp20,ordinal,"na, asked(-1)",-1,"na, asked",TRUE,
070,3B,socp20,ordinal,no(1),1,no,FALSE,
070,3B,socp20,ordinal,yes(2),2,yes,FALSE,
070,I,socp20,ordinal,"na, wrong skip(-3)",-3,"na, wrong skip",TRUE,
070,I,socp20,ordinal,"na, see H/B/ISOCP07(-2)",-2,"na, see H/B/ISOCP07",TRUE,
070,I,socp20,ordinal,"na, asked(-1)",-1,"na, asked",TRUE,
070,I,socp20,ordinal,no(1),1,no,FALSE,
070,I,socp20,ordinal,yes(2),2,yes,FALSE,
070,H,socp21,ordinal,"na, wrong skip(-3)",-3,"na, wrong skip",TRUE,
070,H,socp21,ordinal,"na, see H/B/ISOCP08(-2)",-2,"na, see H/B/ISOCP08",TRUE,
070,H,socp21,ordinal,"na, asked(-1)",-1,"na, asked",TRUE,
070,H,socp21,ordinal,no(1),1,no,FALSE,
070,H,socp21,ordinal,yes(2),2,yes,FALSE,
070,3B,socp21,ordinal,"na, wrong skip(-3)",-3,"na, wrong skip",TRUE,
070,3B,socp21,ordinal,"na, see H/B/ISOCP08(-2)",-2,"na, see H/B/ISOCP08",TRUE,
070,3B,socp21,ordinal,"na, asked(-1)",-1,"na, asked",TRUE,
070,3B,socp21,ordinal,no(1),1,no,FALSE,
070,3B,socp21,ordinal,yes(2),2,yes,FALSE,
070,I,socp21,ordinal,"na, wrong skip(-3)",-3,"na, wrong skip",TRUE,
070,I,socp21,ordinal,"na, see H/B/ISOCP08(-2)",-2,"na, see H/B/ISOCP08",TRUE,
070,I,socp21,ordinal,"na, asked(-1)",-1,"na, asked",TRUE,
070,I,socp21,ordinal,no(1),1,no,FALSE,
070,I,socp21,ordinal,yes(2),2,yes,FALSE,
070,H,socp22,ordinal,"na, wrong skip(-3)",-3,"na, wrong skip",TRUE,
070,H,socp22,ordinal,"na, see H/B/ISOCP09(-2)",-2,"na, see H/B/ISOCP09",TRUE,
070,H,socp22,ordinal,"na, asked(-1)",-1,"na, asked",TRUE,
070,H,socp22,ordinal,no(1),1,no,FALSE,
070,H,socp22,ordinal,yes(2),2,yes,FALSE,
070,3B,socp22,ordinal,"na, wrong skip(-3)",-3,"na, wrong skip",TRUE,
070,3B,socp22,ordinal,"na, see H/B/ISOCP09(-2)",-2,"na, see H/B/ISOCP09",TRUE,
070,3B,socp22,ordinal,"na, asked(-1)",-1,"na, asked",TRUE,
070,3B,socp22,ordinal,no(1),1,no,FALSE,
070,3B,socp22,ordinal,yes(2),2,yes,FALSE,
070,I,socp22,ordinal,"na, wrong skip(-3)",-3,"na, wrong skip",TRUE,
070,I,socp22,ordinal,"na, see H/B/ISOCP09(-2)",-2,"na, see H/B/ISOCP09",TRUE,
070,I,socp22,ordinal,"na, asked(-1)",-1,"na, asked",TRUE,
070,I,socp22,ordinal,no(1),1,no,FALSE,
070,I,socp22,ordinal,yes(2),2,yes,FALSE,
070,H,socp23,ordinal,"na, wrong skip(-3)",-3,"na, wrong skip",TRUE,
070,H,socp23,ordinal,"na, see H/B/ISOCP10(-2)",-2,"na, see H/B/ISOCP10",TRUE,
070,H,socp23,ordinal,"na, asked(-1)",-1,"na, asked",TRUE,
070,H,socp23,ordinal,no(1),1,no,FALSE,
070,H,socp23,ordinal,yes(2),2,yes,FALSE,
070,3B,socp23,ordinal,"na, wrong skip(-3)",-3,"na, wrong skip",TRUE,
070,3B,socp23,ordinal,"na, see H/B/ISOCP10(-2)",-2,"na, see H/B/ISOCP10",TRUE,
070,3B,socp23,ordinal,"na, asked(-1)",-1,"na, asked",TRUE,
070,3B,socp23,ordinal,no(1),1,no,FALSE,
070,3B,socp23,ordinal,yes(2),2,yes,FALSE,
070,I,socp23,ordinal,"na, wrong skip(-3)",-3,"na, wrong skip",TRUE,
070,I,socp23,ordinal,"na, see H/B/ISOCP10(-2)",-2,"na, see H/B/ISOCP10",TRUE,
070,I,socp23,ordinal,"na, asked(-1)",-1,"na, asked",TRUE,
070,I,socp23,ordinal,no(1),1,no,FALSE,
070,I,socp23,ordinal,yes(2),2,yes,FALSE,
070,H,socp24,ordinal,"na, wrong skip(-3)",-3,"na, wrong skip",TRUE,
070,H,socp24,ordinal,"na, see H/B/ISOCP11(-2)",-2,"na, see H/B/ISOCP11",TRUE,
070,H,socp24,ordinal,"na, asked(-1)",-1,"na, asked",TRUE,
070,H,socp24,ordinal,no(1),1,no,FALSE,
070,H,socp24,ordinal,yes(2),2,yes,FALSE,
070,3B,socp24,ordinal,"na, wrong skip(-3)",-3,"na, wrong skip",TRUE,
070,3B,socp24,ordinal,"na, see H/B/ISOCP11(-2)",-2,"na, see H/B/ISOCP11",TRUE,
070,3B,socp24,ordinal,"na, asked(-1)",-1,"na, asked",TRUE,
070,3B,socp24,ordinal,no(1),1,no,FALSE,
070,3B,socp24,ordinal,yes(2),2,yes,FALSE,
070,I,socp24,ordinal,"na, wrong skip(-3)",-3,"na, wrong skip",TRUE,
070,I,socp24,ordinal,"na, see H/B/ISOCP11(-2)",-2,"na, see H/B/ISOCP11",TRUE,
070,I,socp24,ordinal,"na, asked(-1)",-1,"na, asked",TRUE,
070,I,socp24,ordinal,no(1),1,no,FALSE,
070,I,socp24,ordinal,yes(2),2,yes,FALSE,
070,H,socp25,ordinal,"na, wrong skip(-3)",-3,"na, wrong skip",TRUE,
070,H,socp25,ordinal,"na, see H/B/ISOCP12(-2)",-2,"na, see H/B/ISOCP12",TRUE,
070,H,socp25,ordinal,"na, asked(-1)",-1,"na, asked",TRUE,
070,H,socp25,ordinal,no(1),1,no,FALSE,
070,H,socp25,ordinal,yes(2),2,yes,FALSE,
070,3B,socp25,ordinal,"na, wrong skip(-3)",-3,"na, wrong skip",TRUE,
070,3B,socp25,ordinal,"na, see H/B/ISOCP12(-2)",-2,"na, see H/B/ISOCP12",TRUE,
070,3B,socp25,ordinal,"na, asked(-1)",-1,"na, asked",TRUE,
070,3B,socp25,ordinal,no(1),1,no,FALSE,
070,3B,socp25,ordinal,yes(2),2,yes,FALSE,
070,I,socp25,ordinal,"na, wrong skip(-3)",-3,"na, wrong skip",TRUE,
070,I,socp25,ordinal,"na, see H/B/ISOCP12(-2)",-2,"na, see H/B/ISOCP12",TRUE,
070,I,socp25,ordinal,"na, asked(-1)",-1,"na, asked",TRUE,
070,I,socp25,ordinal,no(1),1,no,FALSE,
070,I,socp25,ordinal,yes(2),2,yes,FALSE,
070,H,socp26,ordinal,"na, wrong skip(-3)",-3,"na, wrong skip",TRUE,
070,H,socp26,ordinal,"na, see H/B/ISOCP13(-2)",-2,"na, see H/B/ISOCP13",TRUE,
070,H,socp26,ordinal,"na, asked(-1)",-1,"na, asked",TRUE,
070,H,socp26,ordinal,no(1),1,no,FALSE,
070,H,socp26,ordinal,yes(2),2,yes,FALSE,
070,3B,socp26,ordinal,"na, wrong skip(-3)",-3,"na, wrong skip",TRUE,
070,3B,socp26,ordinal,"na, see H/B/ISOCP13(-2)",-2,"na, see H/B/ISOCP13",TRUE,
070,3B,socp26,ordinal,"na, asked(-1)",-1,"na, asked",TRUE,
070,3B,socp26,ordinal,no(1),1,no,FALSE,
070,3B,socp26,ordinal,yes(2),2,yes,FALSE,
070,I,socp26,ordinal,"na, wrong skip(-3)",-3,"na, wrong skip",TRUE,
070,I,socp26,ordinal,"na, see H/B/ISOCP13(-2)",-2,"na, see H/B/ISOCP13",TRUE,
070,I,socp26,ordinal,"na, asked(-1)",-1,"na, asked",TRUE,
070,I,socp26,ordinal,no(1),1,no,FALSE,
070,I,socp26,ordinal,yes(2),2,yes,FALSE,
070,H,socp27,ordinal,"na, wrong skip(-3)",-3,"na, wrong skip",TRUE,
070,H,socp27,ordinal,"na, see H/B/ISOCP14-26(-2)",-2,"na, see H/B/ISOCP14-26",TRUE,
070,H,socp27,ordinal,"na, asked(-1)",-1,"na, asked",TRUE,
070,3B,socp27,ordinal,"na, wrong skip(-3)",-3,"na, wrong skip",TRUE,
070,3B,socp27,ordinal,"na, see H/B/ISOCP14-26(-2)",-2,"na, see H/B/ISOCP14-26",TRUE,
070,3B,socp27,ordinal,"na, asked(-1)",-1,"na, asked",TRUE,
070,I,socp27,ordinal,"na, wrong skip(-3)",-3,"na, wrong skip",TRUE,
070,I,socp27,ordinal,"na, see H/B/ISOCP14-26(-2)",-2,"na, see H/B/ISOCP14-26",TRUE,
070,I,socp27,ordinal,"na, asked(-1)",-1,"na, asked",TRUE,
070,H,socp28,binary,"na, wrong skip(-3)",-3,"na, wrong skip",TRUE,
070,H,socp28,binary,"na, see H/B/ISOCP27(-2)",-2,"na, see H/B/ISOCP27",TRUE,
070,H,socp28,binary,"na, asked(-1)",-1,"na, asked",TRUE,
070,H,socp28,binary,does not visit(0),0,does not visit,FALSE,
070,H,socp28,binary,no(1),1,no,FALSE,
070,H,socp28,binary,yes(2),2,yes,FALSE,
070,3B,socp28,binary,"na, wrong skip(-3)",-3,"na, wrong skip",TRUE,
070,3B,socp28,binary,"na, see H/B/ISOCP27(-2)",-2,"na, see H/B/ISOCP27",TRUE,
070,3B,socp28,binary,"na, asked(-1)",-1,"na, asked",TRUE,
070,3B,socp28,binary,does not visit(0),0,does not visit,FALSE,
070,3B,socp28,binary,no(1),1,no,FALSE,
070,3B,socp28,binary,yes(2),2,yes,FALSE,
070,I,socp28,binary,"na, wrong skip(-3)",-3,"na, wrong skip",TRUE,
070,I,socp28,binary,"na, see H/B/ISOCP27(-2)",-2,"na, see H/B/ISOCP27",TRUE,
070,I,socp28,binary,"na, asked(-1)",-1,"na, asked",TRUE,
070,I,socp28,binary,does not visit(0),0,does not visit,FALSE,
070,I,socp28,binary,no(1),1,no,FALSE,
070,I,socp28,binary,yes(2),2,yes,FALSE,
070,H,socp30,numeric,"na, wrong skip(-3)",-3,"na, wrong skip",TRUE,
070,H,socp30,numeric,"na, see H/B/ISOCP28(-2)",-2,"na, see H/B/ISOCP28",TRUE,
070,H,socp30,numeric,"na, asked(-1)",-1,"na, asked",TRUE,
070,3B,socp30,numeric,"na, wrong skip(-3)",-3,"na, wrong skip",TRUE,
070,3B,socp30,numeric,"na, see H/B/ISOCP28(-2)",-2,"na, see H/B/ISOCP28",TRUE,
070,3B,socp30,numeric,"na, asked(-1)",-1,"na, asked",TRUE,
070,I,socp30,numeric,"na, wrong skip(-3)",-3,"na, wrong skip",TRUE,
070,I,socp30,numeric,"na, see H/B/ISOCP28(-2)",-2,"na, see H/B/ISOCP28",TRUE,
070,I,socp30,numeric,"na, asked(-1)",-1,"na, asked",TRUE,
070,H,socp31,binary,"na, wrong skip(-3)",-3,"na, wrong skip",TRUE,
070,H,socp31,binary,"na, see H/B/ISOCP27(-2)",-2,"na, see H/B/ISOCP27",TRUE,
070,H,socp31,binary,"na, asked(-1)",-1,"na, asked",TRUE,
070,H,socp31,binary,no(1),1,no,FALSE,
070,H,socp31,binary,yes(2),2,yes,FALSE,
070,3B,socp31,binary,"na, wrong skip(-3)",-3,"na, wrong skip",TRUE,
070,3B,socp31,binary,"na, see H/B/ISOCP27(-2)",-2,"na, see H/B/ISOCP27",TRUE,
070,3B,socp31,binary,"na, asked(-1)",-1,"na, asked",TRUE,
070,3B,socp31,binary,no(1),1,no,FALSE,
070,3B,socp31,binary,yes(2),2,yes,FALSE,
070,I,socp31,binary,"na, wrong skip(-3)",-3,"na, wrong skip",TRUE,
070,I,socp31,binary,"na, see H/B/ISOCP27(-2)",-2,"na, see H/B/ISOCP27",TRUE,
070,I,socp31,binary,"na, asked(-1)",-1,"na, asked",TRUE,
070,I,socp31,binary,no(1),1,no,FALSE,
070,I,socp31,binary,yes(2),2,yes,FALSE,
070,H,socp33,numeric,"na, wrong skip(-3)",-3,"na, wrong skip",TRUE,
070,H,socp33,numeric,"na, see H/B/ISOCP31(-2)",-2,"na, see H/B/ISOCP31",TRUE,
070,H,socp33,numeric,"na, asked(-1)",-1,"na, asked",TRUE,
070,3B,socp33,numeric,"na, wrong skip(-3)",-3,"na, wrong skip",TRUE,
070,3B,socp33,numeric,"na, see H/B/ISOCP31(-2)",-2,"na, see H/B/ISOCP31",TRUE,
070,3B,socp33,numeric,"na, asked(-1)",-1,"na, asked",TRUE,
070,I,socp33,numeric,"na, wrong skip(-3)",-3,"na, wrong skip",TRUE,
070,I,socp33,numeric,"na, see H/B/ISOCP31(-2)",-2,"na, see H/B/ISOCP31",TRUE,
070,I,socp33,numeric,"na, asked(-1)",-1,"na, asked",TRUE,
070,H,socp46,ordinal,"na, wrong skip(-3)",-3,"na, wrong skip",TRUE,
070,H,socp46,ordinal,"na, see H/B/IRMSO(-2)",-2,"na, see H/B/IRMSO",TRUE,
070,H,socp46,ordinal,"na, asked(-1)",-1,"na, asked",TRUE,
070,3B,socp46,ordinal,"na, wrong skip(-3)",-3,"na, wrong skip",TRUE,
070,3B,socp46,ordinal,"na, see H/B/IRMSO(-2)",-2,"na, see H/B/IRMSO",TRUE,
070,3B,socp46,ordinal,"na, asked(-1)",-1,"na, asked",TRUE,
070,I,socp46,ordinal,"na, wrong skip(-3)",-3,"na, wrong skip",TRUE,
070,I,socp46,ordinal,"na, see H/B/IRMSO(-2)",-2,"na, see H/B/IRMSO",TRUE,
070,I,socp46,ordinal,"na, asked(-1)",-1,"na, asked",TRUE,
070,H,socp47,ordinal,"see h/b/isocp46 -> na, wrong skip(-3)",-3,"na, wrong skip",TRUE,
070,H,socp47,ordinal,"see h/b/isocp46 -> na, see H/B/IRMSO(-2)",-2,"na, see H/B/IRMSO",TRUE,
070,H,socp47,ordinal,"see h/b/isocp46 -> na, asked(-1)",-1,"na, asked",TRUE,
070,3B,socp47,ordinal,"see h/b/isocp46 -> na, wrong skip(-3)",-3,"na, wrong skip",TRUE,
070,3B,socp47,ordinal,"see h/b/isocp46 -> na, see H/B/IRMSO(-2)",-2,"na, see H/B/IRMSO",TRUE,
070,3B,socp47,ordinal,"see h/b/isocp46 -> na, asked(-1)",-1,"na, asked",TRUE,
070,I,socp47,ordinal,"see h/b/isocp46 -> na, wrong skip(-3)",-3,"na, wrong skip",TRUE,
070,I,socp47,ordinal,"see h/b/isocp46 -> na, see H/B/IRMSO(-2)",-2,"na, see H/B/IRMSO",TRUE,
070,I,socp47,ordinal,"see h/b/isocp46 -> na, asked(-1)",-1,"na, asked",TRUE,
070,H,socp48,ordinal,"see h/b/isocp46 -> na, wrong skip(-3)",-3,"na, wrong skip",TRUE,
070,H,socp48,ordinal,"see h/b/isocp46 -> na, see H/B/IRMSO(-2)",-2,"na, see H/B/IRMSO",TRUE,
070,H,socp48,ordinal,"see h/b/isocp46 -> na, asked(-1)",-1,"na, asked",TRUE,
070,3B,socp48,ordinal,"see h/b/isocp46 -> na, wrong skip(-3)",-3,"na, wrong skip",TRUE,
070,3B,socp48,ordinal,"see h/b/isocp46 -> na, see H/B/IRMSO(-2)",-2,"na, see H/B/IRMSO",TRUE,
070,3B,socp48,ordinal,"see h/b/isocp46 -> na, asked(-1)",-1,"na, asked",TRUE,
070,I,socp48,ordinal,"see h/b/isocp46 -> na, wrong skip(-3)",-3,"na, wrong skip",TRUE,
070,I,socp48,ordinal,"see h/b/isocp46 -> na, see H/B/IRMSO(-2)",-2,"na, see H/B/IRMSO",TRUE,
070,I,socp48,ordinal,"see h/b/isocp46 -> na, asked(-1)",-1,"na, asked",TRUE,
070,H,socp49,ordinal,"see h/b/isocp46 -> na, wrong skip(-3)",-3,"na, wrong skip",TRUE,
070,H,socp49,ordinal,"see h/b/isocp46 -> na, see H/B/IRMSO(-2)",-2,"na, see H/B/IRMSO",TRUE,
070,H,socp49,ordinal,"see h/b/isocp46 -> na, asked(-1)",-1,"na, asked",TRUE,
070,3B,socp49,ordinal,"see h/b/isocp46 -> na, wrong skip(-3)",-3,"na, wrong skip",TRUE,
070,3B,socp49,ordinal,"see h/b/isocp46 -> na, see H/B/IRMSO(-2)",-2,"na, see H/B/IRMSO",TRUE,
070,3B,socp49,ordinal,"see h/b/isocp46 -> na, asked(-1)",-1,"na, asked",TRUE,
070,I,socp49,ordinal,"see h/b/isocp46 -> na, wrong skip(-3)",-3,"na, wrong skip",TRUE,
070,I,socp49,ordinal,"see h/b/isocp46 -> na, see H/B/IRMSO(-2)",-2,"na, see H/B/IRMSO",TRUE,
070,I,socp49,ordinal,"see h/b/isocp46 -> na, asked(-1)",-1,"na, asked",TRUE,
070,H,socp50,categorical,"see h/b/isocp46 -> na, wrong skip(-3)",-3,"na, wrong skip",TRUE,
070,H,socp50,categorical,"see h/b/isocp46 -> na, see H/B/IRMSO(-2)",-2,"na, see H/B/IRMSO",TRUE,
070,H,socp50,categorical,"see h/b/isocp46 -> na, asked(-1)",-1,"na, asked",TRUE,
070,3B,socp50,categorical,"see h/b/isocp46 -> na, wrong skip(-3)",-3,"na, wrong skip",TRUE,
070,3B,socp50,categorical,"see h/b/isocp46 -> na, see H/B/IRMSO(-2)",-2,"na, see H/B/IRMSO",TRUE,
070,3B,socp50,categorical,"see h/b/isocp46 -> na, asked(-1)",-1,"na, asked",TRUE,
070,I,socp50,categorical,"see h/b/isocp46 -> na, wrong skip(-3)",-3,"na, wrong skip",TRUE,
070,I,socp50,categorical,"see h/b/isocp46 -> na, see H/B/IRMSO(-2)",-2,"na, see H/B/IRMSO",TRUE,
070,I,socp50,categorical,"see h/b/isocp46 -> na, asked(-1)",-1,"na, asked",TRUE,
070,H,socp51,ordinal,"see h/b/isocp46 -> na, wrong skip(-3)",-3,"na, wrong skip",TRUE,
070,H,socp51,ordinal,"see h/b/isocp46 -> na, see H/B/IRMSO(-2)",-2,"na, see H/B/IRMSO",TRUE,
070,H,socp51,ordinal,"see h/b/isocp46 -> na, asked(-1)",-1,"na, asked",TRUE,
070,3B,socp51,ordinal,"see h/b/isocp46 -> na, wrong skip(-3)",-3,"na, wrong skip",TRUE,
070,3B,socp51,ordinal,"see h/b/isocp46 -> na, see H/B/IRMSO(-2)",-2,"na, see H/B/IRMSO",TRUE,
070,3B,socp51,ordinal,"see h/b/isocp46 -> na, asked(-1)",-1,"na, asked",TRUE,
070,I,socp51,ordinal,"see h/b/isocp46 -> na, wrong skip(-3)",-3,"na, wrong skip",TRUE,
070,I,socp51,ordinal,"see h/b/isocp46 -> na, see H/B/IRMSO(-2)",-2,"na, see H/B/IRMSO",TRUE,
070,I,socp51,ordinal,"see h/b/isocp46 -> na, asked(-1)",-1,"na, asked",TRUE,
070,H,socp52,ordinal,"see h/b/isocp46 -> na, wrong skip(-3)",-3,"na, wrong skip",TRUE,
070,H,socp52,ordinal,"see h/b/isocp46 -> na, see H/B/IRMSO(-2)",-2,"na, see H/B/IRMSO",TRUE,
070,H,socp52,ordinal,"see h/b/isocp46 -> na, asked(-1)",-1,"na, asked",TRUE,
070,3B,socp52,ordinal,"see h/b/isocp46 -> na, wrong skip(-3)",-3,"na, wrong skip",TRUE,
070,3B,socp52,ordinal,"see h/b/isocp46 -> na, see H/B/IRMSO(-2)",-2,"na, see H/B/IRMSO",TRUE,
070,3B,socp52,ordinal,"see h/b/isocp46 -> na, asked(-1)",-1,"na, asked",TRUE,
070,I,socp52,ordinal,"see h/b/isocp46 -> na, wrong skip(-3)",-3,"na, wrong skip",TRUE,
070,I,socp52,ordinal,"see h/b/isocp46 -> na, see H/B/IRMSO(-2)",-2,"na, see H/B/IRMSO",TRUE,
070,I,socp52,ordinal,"see h/b/isocp46 -> na, asked(-1)",-1,"na, asked",TRUE,
070,H,socp72,binary,"na, wrong skip(-3)",-3,"na, wrong skip",TRUE,
070,H,socp72,binary,"na, see H/B/IRMSO(-2)",-2,"na, see H/B/IRMSO",TRUE,
070,H,socp72,binary,"na, asked(-1)",-1,"na, asked",TRUE,
070,H,socp72,binary,no(1),1,no,FALSE,
070,H,socp72,binary,yes(2),2,yes,FALSE,
070,3B,socp72,binary,"na, wrong skip(-3)",-3,"na, wrong skip",TRUE,
070,3B,socp72,binary,"na, see H/B/IRMSO(-2)",-2,"na, see H/B/IRMSO",TRUE,
070,3B,socp72,binary,"na, asked(-1)",-1,"na, asked",TRUE,
070,3B,socp72,binary,no(1),1,no,FALSE,
070,3B,socp72,binary,yes(2),2,yes,FALSE,
070,I,socp72,binary,"na, wrong skip(-3)",-3,"na, wrong skip",TRUE,
070,I,socp72,binary,"na, see H/B/IRMSO(-2)",-2,"na, see H/B/IRMSO",TRUE,
070,I,socp72,binary,"na, asked(-1)",-1,"na, asked",TRUE,
070,I,socp72,binary,no(1),1,no,FALSE,
070,I,socp72,binary,yes(2),2,yes,FALSE,
070,H,sp72n1,binary,"na, wrong skip(-3)",-3,"na, wrong skip",TRUE,
070,H,sp72n1,binary,"na, see H/B/ISOCP72(-2)",-2,"na, see H/B/ISOCP72",TRUE,
070,H,sp72n1,binary,not mentioned(0),0,not mentioned,FALSE,
070,H,sp72n1,binary,mentioned(1),1,mentioned,FALSE,
070,3B,sp72n1,binary,"na, wrong skip(-3)",-3,"na, wrong skip",TRUE,
070,3B,sp72n1,binary,"na, see H/B/ISOCP72(-2)",-2,"na, see H/B/ISOCP72",TRUE,
070,3B,sp72n1,binary,not mentioned(0),0,not mentioned,FALSE,
070,3B,sp72n1,binary,mentioned(1),1,mentioned,FALSE,
070,I,sp72n1,binary,"na, wrong skip(-3)",-3,"na, wrong skip",TRUE,
070,I,sp72n1,binary,"na, see H/B/ISOCP72(-2)",-2,"na, see H/B/ISOCP72",TRUE,
070,I,sp72n1,binary,not mentioned(0),0,not mentioned,FALSE,
070,I,sp72n1,binary,mentioned(1),1,mentioned,FALSE,
070,H,sp72n2,binary,"see h/b/isp72n1 -> na, wrong skip(-3)",-3,"na, wrong skip",TRUE,
070,H,sp72n2,binary,"see h/b/isp72n1 -> na, see H/B/ISOCP72(-2)",-2,"na, see H/B/ISOCP72",TRUE,
070,H,sp72n2,binary,see h/b/isp72n1 -> not mentioned(0),0,not mentioned,FALSE,
070,H,sp72n2,binary,see h/b/isp72n1 -> mentioned(1),1,mentioned,FALSE,
070,3B,sp72n2,binary,"see h/b/isp72n1 -> na, wrong skip(-3)",-3,"na, wrong skip",TRUE,
070,3B,sp72n2,binary,"see h/b/isp72n1 -> na, see H/B/ISOCP72(-2)",-2,"na, see H/B/ISOCP72",TRUE,
070,3B,sp72n2,binary,see h/b/isp72n1 -> not mentioned(0),0,not mentioned,FALSE,
070,3B,sp72n2,binary,see h/b/isp72n1 -> mentioned(1),1,mentioned,FALSE,
070,I,sp72n2,binary,"see h/b/isp72n1 -> na, wrong skip(-3)",-3,"na, wrong skip",TRUE,
070,I,sp72n2,binary,"see h/b/isp72n1 -> na, see H/B/ISOCP72(-2)",-2,"na, see H/B/ISOCP72",TRUE,
070,I,sp72n2,binary,see h/b/isp72n1 -> not mentioned(0),0,not mentioned,FALSE,
070,I,sp72n2,binary,see h/b/isp72n1 -> mentioned(1),1,mentioned,FALSE,
070,H,sp72n3,binary,"see h/b/isp72n1 -> na, wrong skip(-3)",-3,"na, wrong skip",TRUE,
070,H,sp72n3,binary,"see h/b/isp72n1 -> na, see H/B/ISOCP72(-2)",-2,"na, see H/B/ISOCP72",TRUE,
070,H,sp72n3,binary,see h/b/isp72n1 -> not mentioned(0),0,not mentioned,FALSE,
070,H,sp72n3,binary,see h/b/isp72n1 -> mentioned(1),1,mentioned,FALSE,
070,3B,sp72n3,binary,"see h/b/isp72n1 -> na, wrong skip(-3)",-3,"na, wrong skip",TRUE,
070,3B,sp72n3,binary,"see h/b/isp72n1 -> na, see H/B/ISOCP72(-2)",-2,"na, see H/B/ISOCP72",TRUE,
070,3B,sp72n3,binary,see h/b/isp72n1 -> not mentioned(0),0,not mentioned,FALSE,
070,3B,sp72n3,binary,see h/b/isp72n1 -> mentioned(1),1,mentioned,FALSE,
070,I,sp72n3,binary,"see h/b/isp72n1 -> na, wrong skip(-3)",-3,"na, wrong skip",TRUE,
070,I,sp72n3,binary,"see h/b/isp72n1 -> na, see H/B/ISOCP72(-2)",-2,"na, see H/B/ISOCP72",TRUE,
070,I,sp72n3,binary,see h/b/isp72n1 -> not mentioned(0),0,not mentioned,FALSE,
070,I,sp72n3,binary,see h/b/isp72n1 -> mentioned(1),1,mentioned,FALSE,
070,H,sp72n4,binary,"see h/b/isp72n1 -> na, wrong skip(-3)",-3,"na, wrong skip",TRUE,
070,H,sp72n4,binary,"see h/b/isp72n1 -> na, see H/B/ISOCP72(-2)",-2,"na, see H/B/ISOCP72",TRUE,
070,H,sp72n4,binary,see h/b/isp72n1 -> not mentioned(0),0,not mentioned,FALSE,
070,H,sp72n4,binary,see h/b/isp72n1 -> mentioned(1),1,mentioned,FALSE,
070,3B,sp72n4,binary,"see h/b/isp72n1 -> na, wrong skip(-3)",-3,"na, wrong skip",TRUE,
070,3B,sp72n4,binary,"see h/b/isp72n1 -> na, see H/B/ISOCP72(-2)",-2,"na, see H/B/ISOCP72",TRUE,
070,3B,sp72n4,binary,see h/b/isp72n1 -> not mentioned(0),0,not mentioned,FALSE,
070,3B,sp72n4,binary,see h/b/isp72n1 -> mentioned(1),1,mentioned,FALSE,
070,I,sp72n4,binary,"see h/b/isp72n1 -> na, wrong skip(-3)",-3,"na, wrong skip",TRUE,
070,I,sp72n4,binary,"see h/b/isp72n1 -> na, see H/B/ISOCP72(-2)",-2,"na, see H/B/ISOCP72",TRUE,
070,I,sp72n4,binary,see h/b/isp72n1 -> not mentioned(0),0,not mentioned,FALSE,
070,I,sp72n4,binary,see h/b/isp72n1 -> mentioned(1),1,mentioned,FALSE,
070,H,sp72n5,binary,"see h/b/isp72n1 -> na, wrong skip(-3)",-3,"na, wrong skip",TRUE,
070,H,sp72n5,binary,"see h/b/isp72n1 -> na, see H/B/ISOCP72(-2)",-2,"na, see H/B/ISOCP72",TRUE,
070,H,sp72n5,binary,see h/b/isp72n1 -> not mentioned(0),0,not mentioned,FALSE,
070,H,sp72n5,binary,see h/b/isp72n1 -> mentioned(1),1,mentioned,FALSE,
070,3B,sp72n5,binary,"see h/b/isp72n1 -> na, wrong skip(-3)",-3,"na, wrong skip",TRUE,
070,3B,sp72n5,binary,"see h/b/isp72n1 -> na, see H/B/ISOCP72(-2)",-2,"na, see H/B/ISOCP72",TRUE,
070,3B,sp72n5,binary,see h/b/isp72n1 -> not mentioned(0),0,not mentioned,FALSE,
070,3B,sp72n5,binary,see h/b/isp72n1 -> mentioned(1),1,mentioned,FALSE,
070,I,sp72n5,binary,"see h/b/isp72n1 -> na, wrong skip(-3)",-3,"na, wrong skip",TRUE,
070,I,sp72n5,binary,"see h/b/isp72n1 -> na, see H/B/ISOCP72(-2)",-2,"na, see H/B/ISOCP72",TRUE,
070,I,sp72n5,binary,see h/b/isp72n1 -> not mentioned(0),0,not mentioned,FALSE,
070,I,sp72n5,binary,see h/b/isp72n1 -> mentioned(1),1,mentioned,FALSE,
070,H,sp72n6,binary,"see h/b/isp72n1 -> na, wrong skip(-3)",-3,"na, wrong skip",TRUE,
070,H,sp72n6,binary,"see h/b/isp72n1 -> na, see H/B/ISOCP72(-2)",-2,"na, see H/B/ISOCP72",TRUE,
070,H,sp72n6,binary,see h/b/isp72n1 -> not mentioned(0),0,not mentioned,FALSE,
070,H,sp72n6,binary,see h/b/isp72n1 -> mentioned(1),1,mentioned,FALSE,
070,3B,sp72n6,binary,"see h/b/isp72n1 -> na, wrong skip(-3)",-3,"na, wrong skip",TRUE,
070,3B,sp72n6,binary,"see h/b/isp72n1 -> na, see H/B/ISOCP72(-2)",-2,"na, see H/B/ISOCP72",TRUE,
070,3B,sp72n6,binary,see h/b/isp72n1 -> not mentioned(0),0,not mentioned,FALSE,
070,3B,sp72n6,binary,see h/b/isp72n1 -> mentioned(1),1,mentioned,FALSE,
070,I,sp72n6,binary,"see h/b/isp72n1 -> na, wrong skip(-3)",-3,"na, wrong skip",TRUE,
070,I,sp72n6,binary,"see h/b/isp72n1 -> na, see H/B/ISOCP72(-2)",-2,"na, see H/B/ISOCP72",TRUE,
070,I,sp72n6,binary,see h/b/isp72n1 -> not mentioned(0),0,not mentioned,FALSE,
070,I,sp72n6,binary,see h/b/isp72n1 -> mentioned(1),1,mentioned,FALSE,
070,H,sp72n7,binary,"see h/b/isp72n1 -> na, wrong skip(-3)",-3,"na, wrong skip",TRUE,
070,H,sp72n7,binary,"see h/b/isp72n1 -> na, see H/B/ISOCP72(-2)",-2,"na, see H/B/ISOCP72",TRUE,
070,H,sp72n7,binary,see h/b/isp72n1 -> not mentioned(0),0,not mentioned,FALSE,
070,H,sp72n7,binary,see h/b/isp72n1 -> mentioned(1),1,mentioned,FALSE,
070,3B,sp72n7,binary,"see h/b/isp72n1 -> na, wrong skip(-3)",-3,"na, wrong skip",TRUE,
070,3B,sp72n7,binary,"see h/b/isp72n1 -> na, see H/B/ISOCP72(-2)",-2,"na, see H/B/ISOCP72",TRUE,
070,3B,sp72n7,binary,see h/b/isp72n1 -> not mentioned(0),0,not mentioned,FALSE,
070,3B,sp72n7,binary,see h/b/isp72n1 -> mentioned(1),1,mentioned,FALSE,
070,I,sp72n7,binary,"see h/b/isp72n1 -> na, wrong skip(-3)",-3,"na, wrong skip",TRUE,
070,I,sp72n7,binary,"see h/b/isp72n1 -> na, see H/B/ISOCP72(-2)",-2,"na, see H/B/ISOCP72",TRUE,
070,I,sp72n7,binary,see h/b/isp72n1 -> not mentioned(0),0,not mentioned,FALSE,
070,I,sp72n7,binary,see h/b/isp72n1 -> mentioned(1),1,mentioned,FALSE,
070,H,sp72n8,binary,"see h/b/isp72n1 -> na, wrong skip(-3)",-3,"na, wrong skip",TRUE,
070,H,sp72n8,binary,"see h/b/isp72n1 -> na, see H/B/ISOCP72(-2)",-2,"na, see H/B/ISOCP72",TRUE,
070,H,sp72n8,binary,see h/b/isp72n1 -> not mentioned(0),0,not mentioned,FALSE,
070,H,sp72n8,binary,see h/b/isp72n1 -> mentioned(1),1,mentioned,FALSE,
070,3B,sp72n8,binary,"see h/b/isp72n1 -> na, wrong skip(-3)",-3,"na, wrong skip",TRUE,
070,3B,sp72n8,binary,"see h/b/isp72n1 -> na, see H/B/ISOCP72(-2)",-2,"na, see H/B/ISOCP72",TRUE,
070,3B,sp72n8,binary,see h/b/isp72n1 -> not mentioned(0),0,not mentioned,FALSE,
070,3B,sp72n8,binary,see h/b/isp72n1 -> mentioned(1),1,mentioned,FALSE,
070,I,sp72n8,binary,"see h/b/isp72n1 -> na, wrong skip(-3)",-3,"na, wrong skip",TRUE,
070,I,sp72n8,binary,"see h/b/isp72n1 -> na, see H/B/ISOCP72(-2)",-2,"na, see H/B/ISOCP72",TRUE,
070,I,sp72n8,binary,see h/b/isp72n1 -> not mentioned(0),0,not mentioned,FALSE,
070,I,sp72n8,binary,see h/b/isp72n1 -> mentioned(1),1,mentioned,FALSE,
070,H,sp72n9,binary,"see h/b/isp72n1 -> na, wrong skip(-3)",-3,"na, wrong skip",TRUE,
070,H,sp72n9,binary,"see h/b/isp72n1 -> na, see H/B/ISOCP72(-2)",-2,"na, see H/B/ISOCP72",TRUE,
070,H,sp72n9,binary,see h/b/isp72n1 -> not mentioned(0),0,not mentioned,FALSE,
070,H,sp72n9,binary,see h/b/isp72n1 -> mentioned(1),1,mentioned,FALSE,
070,3B,sp72n9,binary,"see h/b/isp72n1 -> na, wrong skip(-3)",-3,"na, wrong skip",TRUE,
070,3B,sp72n9,binary,"see h/b/isp72n1 -> na, see H/B/ISOCP72(-2)",-2,"na, see H/B/ISOCP72",TRUE,
070,3B,sp72n9,binary,see h/b/isp72n1 -> not mentioned(0),0,not mentioned,FALSE,
070,3B,sp72n9,binary,see h/b/isp72n1 -> mentioned(1),1,mentioned,FALSE,
070,I,sp72n9,binary,"see h/b/isp72n1 -> na, wrong skip(-3)",-3,"na, wrong skip",TRUE,
070,I,sp72n9,binary,"see h/b/isp72n1 -> na, see H/B/ISOCP72(-2)",-2,"na, see H/B/ISOCP72",TRUE,
070,I,sp72n9,binary,see h/b/isp72n1 -> not mentioned(0),0,not mentioned,FALSE,
070,I,sp72n9,binary,see h/b/isp72n1 -> mentioned(1),1,mentioned,FALSE,
070,H,sp72n10,binary,"see h/b/isp72n1 -> na, wrong skip(-3)",-3,"na, wrong skip",TRUE,
070,H,sp72n10,binary,"see h/b/isp72n1 -> na, see H/B/ISOCP72(-2)",-2,"na, see H/B/ISOCP72",TRUE,
070,H,sp72n10,binary,see h/b/isp72n1 -> not mentioned(0),0,not mentioned,FALSE,
070,H,sp72n10,binary,see h/b/isp72n1 -> mentioned(1),1,mentioned,FALSE,
070,3B,sp72n10,binary,"see h/b/isp72n1 -> na, wrong skip(-3)",-3,"na, wrong skip",TRUE,
070,3B,sp72n10,binary,"see h/b/isp72n1 -> na, see H/B/ISOCP72(-2)",-2,"na, see H/B/ISOCP72",TRUE,
070,3B,sp72n10,binary,see h/b/isp72n1 -> not mentioned(0),0,not mentioned,FALSE,
070,3B,sp72n10,binary,see h/b/isp72n1 -> mentioned(1),1,mentioned,FALSE,
070,I,sp72n10,binary,"see h/b/isp72n1 -> na, wrong skip(-3)",-3,"na, wrong skip",TRUE,
070,I,sp72n10,binary,"see h/b/isp72n1 -> na, see H/B/ISOCP72(-2)",-2,"na, see H/B/ISOCP72",TRUE,
070,I,sp72n10,binary,see h/b/isp72n1 -> not mentioned(0),0,not mentioned,FALSE,
070,I,sp72n10,binary,see h/b/isp72n1 -> mentioned(1),1,mentioned,FALSE,
070,H,sp72n11,binary,"see h/b/isp72n1 -> na, wrong skip(-3)",-3,"na, wrong skip",TRUE,
070,H,sp72n11,binary,"see h/b/isp72n1 -> na, see H/B/ISOCP72(-2)",-2,"na, see H/B/ISOCP72",TRUE,
070,H,sp72n11,binary,see h/b/isp72n1 -> not mentioned(0),0,not mentioned,FALSE,
070,H,sp72n11,binary,see h/b/isp72n1 -> mentioned(1),1,mentioned,FALSE,
070,3B,sp72n11,binary,"see h/b/isp72n1 -> na, wrong skip(-3)",-3,"na, wrong skip",TRUE,
070,3B,sp72n11,binary,"see h/b/isp72n1 -> na, see H/B/ISOCP72(-2)",-2,"na, see H/B/ISOCP72",TRUE,
070,3B,sp72n11,binary,see h/b/isp72n1 -> not mentioned(0),0,not mentioned,FALSE,
070,3B,sp72n11,binary,see h/b/isp72n1 -> mentioned(1),1,mentioned,FALSE,
070,I,sp72n11,binary,"see h/b/isp72n1 -> na, wrong skip(-3)",-3,"na, wrong skip",TRUE,
070,I,sp72n11,binary,"see h/b/isp72n1 -> na, see H/B/ISOCP72(-2)",-2,"na, see H/B/ISOCP72",TRUE,
070,I,sp72n11,binary,see h/b/isp72n1 -> not mentioned(0),0,not mentioned,FALSE,
070,I,sp72n11,binary,see h/b/isp72n1 -> mentioned(1),1,mentioned,FALSE,
070,H,sp72n12,binary,"see h/b/isp72n1 -> na, wrong skip(-3)",-3,"na, wrong skip",TRUE,
070,H,sp72n12,binary,"see h/b/isp72n1 -> na, see H/B/ISOCP72(-2)",-2,"na, see H/B/ISOCP72",TRUE,
070,H,sp72n12,binary,see h/b/isp72n1 -> not mentioned(0),0,not mentioned,FALSE,
070,H,sp72n12,binary,see h/b/isp72n1 -> mentioned(1),1,mentioned,FALSE,
070,3B,sp72n12,binary,"see h/b/isp72n1 -> na, wrong skip(-3)",-3,"na, wrong skip",TRUE,
070,3B,sp72n12,binary,"see h/b/isp72n1 -> na, see H/B/ISOCP72(-2)",-2,"na, see H/B/ISOCP72",TRUE,
070,3B,sp72n12,binary,see h/b/isp72n1 -> not mentioned(0),0,not mentioned,FALSE,
070,3B,sp72n12,binary,see h/b/isp72n1 -> mentioned(1),1,mentioned,FALSE,
070,I,sp72n12,binary,"see h/b/isp72n1 -> na, wrong skip(-3)",-3,"na, wrong skip",TRUE,
070,I,sp72n12,binary,"see h/b/isp72n1 -> na, see H/B/ISOCP72(-2)",-2,"na, see H/B/ISOCP72",TRUE,
070,I,sp72n12,binary,see h/b/isp72n1 -> not mentioned(0),0,not mentioned,FALSE,
070,I,sp72n12,binary,see h/b/isp72n1 -> mentioned(1),1,mentioned,FALSE,
070,H,socp73,numeric,"na, wrong skip(-3)",-3,"na, wrong skip",TRUE,
070,H,socp73,numeric,"na, see H/B/ISOCP72(-2)",-2,"na, see H/B/ISOCP72",TRUE,
070,H,socp73,numeric,"na, asked(-1)",-1,"na, asked",TRUE,
070,3B,socp73,numeric,"na, wrong skip(-3)",-3,"na, wrong skip",TRUE,
070,3B,socp73,numeric,"na, see H/B/ISOCP72(-2)",-2,"na, see H/B/ISOCP72",TRUE,
070,3B,socp73,numeric,"na, asked(-1)",-1,"na, asked",TRUE,
070,I,socp73,numeric,"na, wrong skip(-3)",-3,"na, wrong skip",TRUE,
070,I,socp73,numeric,"na, see H/B/ISOCP72(-2)",-2,"na, see H/B/ISOCP72",TRUE,
070,I,socp73,numeric,"na, asked(-1)",-1,"na, asked",TRUE,
070,H,socp93,binary,"na, wrong skip(-3)",-3,"na, wrong skip",TRUE,
070,H,socp93,binary,"na, see H/B/IRMSO(-2)",-2,"na, see H/B/IRMSO",TRUE,
070,H,socp93,binary,"na, asked(-1)",-1,"na, asked",TRUE,
070,H,socp93,binary,no(1),1,no,FALSE,
070,H,socp93,binary,yes(2),2,yes,FALSE,
070,3B,socp93,binary,"na, wrong skip(-3)",-3,"na, wrong skip",TRUE,
070,3B,socp93,binary,"na, see H/B/IRMSO(-2)",-2,"na, see H/B/IRMSO",TRUE,
070,3B,socp93,binary,"na, asked(-1)",-1,"na, asked",TRUE,
070,3B,socp93,binary,no(1),1,no,FALSE,
070,3B,socp93,binary,yes(2),2,yes,FALSE,
070,I,socp93,binary,"na, wrong skip(-3)",-3,"na, wrong skip",TRUE,
070,I,socp93,binary,"na, see H/B/IRMSO(-2)",-2,"na, see H/B/IRMSO",TRUE,
070,I,socp93,binary,"na, asked(-1)",-1,"na, asked",TRUE,
070,I,socp93,binary,no(1),1,no,FALSE,
070,I,socp93,binary,yes(2),2,yes,FALSE,
070,H,sp93n1,binary,"na, wrong skip(-3)",-3,"na, wrong skip",TRUE,
070,H,sp93n1,binary,"na, see H/B/ISOCP93(-2)",-2,"na, see H/B/ISOCP93",TRUE,
070,H,sp93n1,binary,not mentioned(0),0,not mentioned,FALSE,
070,H,sp93n1,binary,mentioned(1),1,mentioned,FALSE,
070,3B,sp93n1,binary,"na, wrong skip(-3)",-3,"na, wrong skip",TRUE,
070,3B,sp93n1,binary,"na, see H/B/ISOCP93(-2)",-2,"na, see H/B/ISOCP93",TRUE,
070,3B,sp93n1,binary,not mentioned(0),0,not mentioned,FALSE,
070,3B,sp93n1,binary,mentioned(1),1,mentioned,FALSE,
070,I,sp93n1,binary,"na, wrong skip(-3)",-3,"na, wrong skip",TRUE,
070,I,sp93n1,binary,"na, see H/B/ISOCP93(-2)",-2,"na, see H/B/ISOCP93",TRUE,
070,I,sp93n1,binary,not mentioned(0),0,not mentioned,FALSE,
070,I,sp93n1,binary,mentioned(1),1,mentioned,FALSE,
070,H,sp93n2,categorical,,,,,
070,3B,sp93n2,categorical,,,,,
070,I,sp93n2,categorical,,,,,
070,H,sp93n3,categorical,,,,,
070,3B,sp93n3,categorical,,,,,
070,I,sp93n3,categorical,,,,,
070,H,sp93n4,categorical,,,,,
070,3B,sp93n4,categorical,,,,,
070,I,sp93n4,categorical,,,,,
070,H,sp93n5,categorical,,,,,
070,3B,sp93n5,categorical,,,,,
070,I,sp93n5,categorical,,,,,
070,H,sp93n6,categorical,,,,,
070,3B,sp93n6,categorical,,,,,
070,I,sp93n6,categorical,,,,,
070,H,sp93n7,categorical,,,,,
070,3B,sp93n7,categorical,,,,,
070,I,sp93n7,categorical,,,,,
070,H,sp93n8,categorical,,,,,
070,3B,sp93n8,categorical,,,,,
070,I,sp93n8,categorical,,,,,
070,H,sp93n9,categorical,,,,,
070,3B,sp93n9,categorical,,,,,
070,I,sp93n9,categorical,,,,,
070,H,sp93n11,categorical,,,,,
070,3B,sp93n11,categorical,,,,,
070,I,sp93n11,categorical,,,,,
070,H,sp93n12,categorical,,,,,
070,3B,sp93n12,categorical,,,,,
070,I,sp93n12,categorical,,,,,
070,H,socp94,ordinal,"often na, wrong skip(-3)",-3,"often na, wrong skip",TRUE,
070,H,socp94,ordinal,"na, see H/B/ISOCP93(-2)",-2,"na, see H/B/ISOCP93",TRUE,
070,H,socp94,ordinal,"na, asked(-1)",-1,"na, asked",TRUE,
070,H,socp94,ordinal,daily(1),1,daily,FALSE,
070,H,socp94,ordinal,a few times a week(2),2,a few times a week,FALSE,
070,H,socp94,ordinal,a few times a month(3),3,a few times a month,FALSE,
070,H,socp94,ordinal,a few times a year(4),4,a few times a year,FALSE,
070,H,socp94,ordinal,less than a few times a year(5),5,less than a few times a year,FALSE,
070,3B,socp94,ordinal,"often na, wrong skip(-3)",-3,"often na, wrong skip",TRUE,
070,3B,socp94,ordinal,"na, see H/B/ISOCP93(-2)",-2,"na, see H/B/ISOCP93",TRUE,
070,3B,socp94,ordinal,"na, asked(-1)",-1,"na, asked",TRUE,
070,3B,socp94,ordinal,daily(1),1,daily,FALSE,
070,3B,socp94,ordinal,a few times a week(2),2,a few times a week,FALSE,
070,3B,socp94,ordinal,a few times a month(3),3,a few times a month,FALSE,
070,3B,socp94,ordinal,a few times a year(4),4,a few times a year,FALSE,
070,3B,socp94,ordinal,less than a few times a year(5),5,less than a few times a year,FALSE,
070,I,socp94,ordinal,"often na, wrong skip(-3)",-3,"often na, wrong skip",TRUE,
070,I,socp94,ordinal,"na, see H/B/ISOCP93(-2)",-2,"na, see H/B/ISOCP93",TRUE,
070,I,socp94,ordinal,"na, asked(-1)",-1,"na, asked",TRUE,
070,I,socp94,ordinal,daily(1),1,daily,FALSE,
070,I,socp94,ordinal,a few times a week(2),2,a few times a week,FALSE,
070,I,socp94,ordinal,a few times a month(3),3,a few times a month,FALSE,
070,I,socp94,ordinal,a few times a year(4),4,a few times a year,FALSE,
070,I,socp94,ordinal,less than a few times a year(5),5,less than a few times a year,FALSE,
070,H,socp95,binary,"na, wrong skip(-3)",-3,"na, wrong skip",TRUE,
070,H,socp95,binary,"na, see H/B/IRMSO(-2)",-2,"na, see H/B/IRMSO",TRUE,
070,H,socp95,binary,"na, asked(-1)",-1,"na, asked",TRUE,
070,H,socp95,binary,no(1),1,no,FALSE,
070,H,socp95,binary,yes(2),2,yes,FALSE,
070,3B,socp95,binary,"na, wrong skip(-3)",-3,"na, wrong skip",TRUE,
070,3B,socp95,binary,"na, see H/B/IRMSO(-2)",-2,"na, see H/B/IRMSO",TRUE,
070,3B,socp95,binary,"na, asked(-1)",-1,"na, asked",TRUE,
070,3B,socp95,binary,no(1),1,no,FALSE,
070,3B,socp95,binary,yes(2),2,yes,FALSE,
070,I,socp95,binary,"na, wrong skip(-3)",-3,"na, wrong skip",TRUE,
070,I,socp95,binary,"na, see H/B/IRMSO(-2)",-2,"na, see H/B/IRMSO",TRUE,
070,I,socp95,binary,"na, asked(-1)",-1,"na, asked",TRUE,
070,I,socp95,binary,no(1),1,no,FALSE,
070,I,socp95,binary,yes(2),2,yes,FALSE,
070,H,sp95f1,binary,"na, wrong skip(-3)",-3,"na, wrong skip",TRUE,
070,H,sp95f1,binary,"na, see H/B/ISOCP95(-2)",-2,"na, see H/B/ISOCP95",TRUE,
070,H,sp95f1,binary,not mentioned(0),0,not mentioned,FALSE,
070,H,sp95f1,binary,mentioned(1),1,mentioned,FALSE,
070,3B,sp95f1,binary,"na, wrong skip(-3)",-3,"na, wrong skip",TRUE,
070,3B,sp95f1,binary,"na, see H/B/ISOCP95(-2)",-2,"na, see H/B/ISOCP95",TRUE,
070,3B,sp95f1,binary,not mentioned(0),0,not mentioned,FALSE,
070,3B,sp95f1,binary,mentioned(1),1,mentioned,FALSE,
070,I,sp95f1,binary,"na, wrong skip(-3)",-3,"na, wrong skip",TRUE,
070,I,sp95f1,binary,"na, see H/B/ISOCP95(-2)",-2,"na, see H/B/ISOCP95",TRUE,
070,I,sp95f1,binary,not mentioned(0),0,not mentioned,FALSE,
070,I,sp95f1,binary,mentioned(1),1,mentioned,FALSE,
070,H,sp95f2,binary,"see h/b/isp95f1 -> na, wrong skip(-3)",-3,"na, wrong skip",TRUE,
070,H,sp95f2,binary,"see h/b/isp95f1 -> na, see H/B/ISOCP95(-2)",-2,"na, see H/B/ISOCP95",TRUE,
070,H,sp95f2,binary,see h/b/isp95f1 -> not mentioned(0),0,not mentioned,FALSE,
070,H,sp95f2,binary,see h/b/isp95f1 -> mentioned(1),1,mentioned,FALSE,
070,3B,sp95f2,binary,"see h/b/isp95f1 -> na, wrong skip(-3)",-3,"na, wrong skip",TRUE,
070,3B,sp95f2,binary,"see h/b/isp95f1 -> na, see H/B/ISOCP95(-2)",-2,"na, see H/B/ISOCP95",TRUE,
070,3B,sp95f2,binary,see h/b/isp95f1 -> not mentioned(0),0,not mentioned,FALSE,
070,3B,sp95f2,binary,see h/b/isp95f1 -> mentioned(1),1,mentioned,FALSE,
070,I,sp95f2,binary,"see h/b/isp95f1 -> na, wrong skip(-3)",-3,"na, wrong skip",TRUE,
070,I,sp95f2,binary,"see h/b/isp95f1 -> na, see H/B/ISOCP95(-2)",-2,"na, see H/B/ISOCP95",TRUE,
070,I,sp95f2,binary,see h/b/isp95f1 -> not mentioned(0),0,not mentioned,FALSE,
070,I,sp95f2,binary,see h/b/isp95f1 -> mentioned(1),1,mentioned,FALSE,
070,H,sp95f3,binary,"see h/b/isp95f1 -> na, wrong skip(-3)",-3,"na, wrong skip",TRUE,
070,H,sp95f3,binary,"see h/b/isp95f1 -> na, see H/B/ISOCP95(-2)",-2,"na, see H/B/ISOCP95",TRUE,
070,H,sp95f3,binary,see h/b/isp95f1 -> not mentioned(0),0,not mentioned,FALSE,
070,H,sp95f3,binary,see h/b/isp95f1 -> mentioned(1),1,mentioned,FALSE,
070,3B,sp95f3,binary,"see h/b/isp95f1 -> na, wrong skip(-3)",-3,"na, wrong skip",TRUE,
070,3B,sp95f3,binary,"see h/b/isp95f1 -> na, see H/B/ISOCP95(-2)",-2,"na, see H/B/ISOCP95",TRUE,
070,3B,sp95f3,binary,see h/b/isp95f1 -> not mentioned(0),0,not mentioned,FALSE,
070,3B,sp95f3,binary,see h/b/isp95f1 -> mentioned(1),1,mentioned,FALSE,
070,I,sp95f3,binary,"see h/b/isp95f1 -> na, wrong skip(-3)",-3,"na, wrong skip",TRUE,
070,I,sp95f3,binary,"see h/b/isp95f1 -> na, see H/B/ISOCP95(-2)",-2,"na, see H/B/ISOCP95",TRUE,
070,I,sp95f3,binary,see h/b/isp95f1 -> not mentioned(0),0,not mentioned,FALSE,
070,I,sp95f3,binary,see h/b/isp95f1 -> mentioned(1),1,mentioned,FALSE,
070,H,sp95f4,binary,"see h/b/isp95f1 -> na, wrong skip(-3)",-3,"na, wrong skip",TRUE,
070,H,sp95f4,binary,"see h/b/isp95f1 -> na, see H/B/ISOCP95(-2)",-2,"na, see H/B/ISOCP95",TRUE,
070,H,sp95f4,binary,see h/b/isp95f1 -> not mentioned(0),0,not mentioned,FALSE,
070,H,sp95f4,binary,see h/b/isp95f1 -> mentioned(1),1,mentioned,FALSE,
070,3B,sp95f4,binary,"see h/b/isp95f1 -> na, wrong skip(-3)",-3,"na, wrong skip",TRUE,
070,3B,sp95f4,binary,"see h/b/isp95f1 -> na, see H/B/ISOCP95(-2)",-2,"na, see H/B/ISOCP95",TRUE,
070,3B,sp95f4,binary,see h/b/isp95f1 -> not mentioned(0),0,not mentioned,FALSE,
070,3B,sp95f4,binary,see h/b/isp95f1 -> mentioned(1),1,mentioned,FALSE,
070,I,sp95f4,binary,"see h/b/isp95f1 -> na, wrong skip(-3)",-3,"na, wrong skip",TRUE,
070,I,sp95f4,binary,"see h/b/isp95f1 -> na, see H/B/ISOCP95(-2)",-2,"na, see H/B/ISOCP95",TRUE,
070,I,sp95f4,binary,see h/b/isp95f1 -> not mentioned(0),0,not mentioned,FALSE,
070,I,sp95f4,binary,see h/b/isp95f1 -> mentioned(1),1,mentioned,FALSE,
070,H,sp95f5,binary,"see h/b/isp95f1 -> na, wrong skip(-3)",-3,"na, wrong skip",TRUE,
070,H,sp95f5,binary,"see h/b/isp95f1 -> na, see H/B/ISOCP95(-2)",-2,"na, see H/B/ISOCP95",TRUE,
070,H,sp95f5,binary,see h/b/isp95f1 -> not mentioned(0),0,not mentioned,FALSE,
070,H,sp95f5,binary,see h/b/isp95f1 -> mentioned(1),1,mentioned,FALSE,
070,3B,sp95f5,binary,"see h/b/isp95f1 -> na, wrong skip(-3)",-3,"na, wrong skip",TRUE,
070,3B,sp95f5,binary,"see h/b/isp95f1 -> na, see H/B/ISOCP95(-2)",-2,"na, see H/B/ISOCP95",TRUE,
070,3B,sp95f5,binary,see h/b/isp95f1 -> not mentioned(0),0,not mentioned,FALSE,
070,3B,sp95f5,binary,see h/b/isp95f1 -> mentioned(1),1,mentioned,FALSE,
070,I,sp95f5,binary,"see h/b/isp95f1 -> na, wrong skip(-3)",-3,"na, wrong skip",TRUE,
070,I,sp95f5,binary,"see h/b/isp95f1 -> na, see H/B/ISOCP95(-2)",-2,"na, see H/B/ISOCP95",TRUE,
070,I,sp95f5,binary,see h/b/isp95f1 -> not mentioned(0),0,not mentioned,FALSE,
070,I,sp95f5,binary,see h/b/isp95f1 -> mentioned(1),1,mentioned,FALSE,
070,H,sp95f6,binary,"see h/b/isp95f1 -> na, wrong skip(-3)",-3,"na, wrong skip",TRUE,
070,H,sp95f6,binary,"see h/b/isp95f1 -> na, see H/B/ISOCP95(-2)",-2,"na, see H/B/ISOCP95",TRUE,
070,H,sp95f6,binary,see h/b/isp95f1 -> not mentioned(0),0,not mentioned,FALSE,
070,H,sp95f6,binary,see h/b/isp95f1 -> mentioned(1),1,mentioned,FALSE,
070,3B,sp95f6,binary,"see h/b/isp95f1 -> na, wrong skip(-3)",-3,"na, wrong skip",TRUE,
070,3B,sp95f6,binary,"see h/b/isp95f1 -> na, see H/B/ISOCP95(-2)",-2,"na, see H/B/ISOCP95",TRUE,
070,3B,sp95f6,binary,see h/b/isp95f1 -> not mentioned(0),0,not mentioned,FALSE,
070,3B,sp95f6,binary,see h/b/isp95f1 -> mentioned(1),1,mentioned,FALSE,
070,I,sp95f6,binary,"see h/b/isp95f1 -> na, wrong skip(-3)",-3,"na, wrong skip",TRUE,
070,I,sp95f6,binary,"see h/b/isp95f1 -> na, see H/B/ISOCP95(-2)",-2,"na, see H/B/ISOCP95",TRUE,
070,I,sp95f6,binary,see h/b/isp95f1 -> not mentioned(0),0,not mentioned,FALSE,
070,I,sp95f6,binary,see h/b/isp95f1 -> mentioned(1),1,mentioned,FALSE,
070,H,sp95f7,binary,"see h/b/isp95f1 -> na, wrong skip(-3)",-3,"na, wrong skip",TRUE,
070,H,sp95f7,binary,"see h/b/isp95f1 -> na, see H/B/ISOCP95(-2)",-2,"na, see H/B/ISOCP95",TRUE,
070,H,sp95f7,binary,see h/b/isp95f1 -> not mentioned(0),0,not mentioned,FALSE,
070,H,sp95f7,binary,see h/b/isp95f1 -> mentioned(1),1,mentioned,FALSE,
070,3B,sp95f7,binary,"see h/b/isp95f1 -> na, wrong skip(-3)",-3,"na, wrong skip",TRUE,
070,3B,sp95f7,binary,"see h/b/isp95f1 -> na, see H/B/ISOCP95(-2)",-2,"na, see H/B/ISOCP95",TRUE,
070,3B,sp95f7,binary,see h/b/isp95f1 -> not mentioned(0),0,not mentioned,FALSE,
070,3B,sp95f7,binary,see h/b/isp95f1 -> mentioned(1),1,mentioned,FALSE,
070,I,sp95f7,binary,"see h/b/isp95f1 -> na, wrong skip(-3)",-3,"na, wrong skip",TRUE,
070,I,sp95f7,binary,"see h/b/isp95f1 -> na, see H/B/ISOCP95(-2)",-2,"na, see H/B/ISOCP95",TRUE,
070,I,sp95f7,binary,see h/b/isp95f1 -> not mentioned(0),0,not mentioned,FALSE,
070,I,sp95f7,binary,see h/b/isp95f1 -> mentioned(1),1,mentioned,FALSE,
070,H,sp95f8,binary,"see h/b/isp95f1 -> na, wrong skip(-3)",-3,"na, wrong skip",TRUE,
070,H,sp95f8,binary,"see h/b/isp95f1 -> na, see H/B/ISOCP95(-2)",-2,"na, see H/B/ISOCP95",TRUE,
070,H,sp95f8,binary,see h/b/isp95f1 -> not mentioned(0),0,not mentioned,FALSE,
070,H,sp95f8,binary,see h/b/isp95f1 -> mentioned(1),1,mentioned,FALSE,
070,3B,sp95f8,binary,"see h/b/isp95f1 -> na, wrong skip(-3)",-3,"na, wrong skip",TRUE,
070,3B,sp95f8,binary,"see h/b/isp95f1 -> na, see H/B/ISOCP95(-2)",-2,"na, see H/B/ISOCP95",TRUE,
070,3B,sp95f8,binary,see h/b/isp95f1 -> not mentioned(0),0,not mentioned,FALSE,
070,3B,sp95f8,binary,see h/b/isp95f1 -> mentioned(1),1,mentioned,FALSE,
070,I,sp95f8,binary,"see h/b/isp95f1 -> na, wrong skip(-3)",-3,"na, wrong skip",TRUE,
070,I,sp95f8,binary,"see h/b/isp95f1 -> na, see H/B/ISOCP95(-2)",-2,"na, see H/B/ISOCP95",TRUE,
070,I,sp95f8,binary,see h/b/isp95f1 -> not mentioned(0),0,not mentioned,FALSE,
070,I,sp95f8,binary,see h/b/isp95f1 -> mentioned(1),1,mentioned,FALSE,
070,H,sp95f9,binary,"see h/b/isp95f1 -> na, wrong skip(-3)",-3,"na, wrong skip",TRUE,
070,H,sp95f9,binary,"see h/b/isp95f1 -> na, see H/B/ISOCP95(-2)",-2,"na, see H/B/ISOCP95",TRUE,
070,H,sp95f9,binary,see h/b/isp95f1 -> not mentioned(0),0,not mentioned,FALSE,
070,H,sp95f9,binary,see h/b/isp95f1 -> mentioned(1),1,mentioned,FALSE,
070,3B,sp95f9,binary,"see h/b/isp95f1 -> na, wrong skip(-3)",-3,"na, wrong skip",TRUE,
070,3B,sp95f9,binary,"see h/b/isp95f1 -> na, see H/B/ISOCP95(-2)",-2,"na, see H/B/ISOCP95",TRUE,
070,3B,sp95f9,binary,see h/b/isp95f1 -> not mentioned(0),0,not mentioned,FALSE,
070,3B,sp95f9,binary,see h/b/isp95f1 -> mentioned(1),1,mentioned,FALSE,
070,I,sp95f9,binary,"see h/b/isp95f1 -> na, wrong skip(-3)",-3,"na, wrong skip",TRUE,
070,I,sp95f9,binary,"see h/b/isp95f1 -> na, see H/B/ISOCP95(-2)",-2,"na, see H/B/ISOCP95",TRUE,
070,I,sp95f9,binary,see h/b/isp95f1 -> not mentioned(0),0,not mentioned,FALSE,
070,I,sp95f9,binary,see h/b/isp95f1 -> mentioned(1),1,mentioned,FALSE,
070,H,sp95f10,binary,"see h/b/isp95f1 -> na, wrong skip(-3)",-3,"na, wrong skip",TRUE,
070,H,sp95f10,binary,"see h/b/isp95f1 -> na, see H/B/ISOCP95(-2)",-2,"na, see H/B/ISOCP95",TRUE,
070,H,sp95f10,binary,see h/b/isp95f1 -> not mentioned(0),0,not mentioned,FALSE,
070,H,sp95f10,binary,see h/b/isp95f1 -> mentioned(1),1,mentioned,FALSE,
070,3B,sp95f10,binary,"see h/b/isp95f1 -> na, wrong skip(-3)",-3,"na, wrong skip",TRUE,
070,3B,sp95f10,binary,"see h/b/isp95f1 -> na, see H/B/ISOCP95(-2)",-2,"na, see H/B/ISOCP95",TRUE,
070,3B,sp95f10,binary,see h/b/isp95f1 -> not mentioned(0),0,not mentioned,FALSE,
070,3B,sp95f10,binary,see h/b/isp95f1 -> mentioned(1),1,mentioned,FALSE,
070,I,sp95f10,binary,"see h/b/isp95f1 -> na, wrong skip(-3)",-3,"na, wrong skip",TRUE,
070,I,sp95f10,binary,"see h/b/isp95f1 -> na, see H/B/ISOCP95(-2)",-2,"na, see H/B/ISOCP95",TRUE,
070,I,sp95f10,binary,see h/b/isp95f1 -> not mentioned(0),0,not mentioned,FALSE,
070,I,sp95f10,binary,see h/b/isp95f1 -> mentioned(1),1,mentioned,FALSE,
070,H,sp95f11,binary,"see h/b/isp95f1 -> na, wrong skip(-3)",-3,"na, wrong skip",TRUE,
070,H,sp95f11,binary,"see h/b/isp95f1 -> na, see H/B/ISOCP95(-2)",-2,"na, see H/B/ISOCP95",TRUE,
070,H,sp95f11,binary,see h/b/isp95f1 -> not mentioned(0),0,not mentioned,FALSE,
070,H,sp95f11,binary,see h/b/isp95f1 -> mentioned(1),1,mentioned,FALSE,
070,3B,sp95f11,binary,"see h/b/isp95f1 -> na, wrong skip(-3)",-3,"na, wrong skip",TRUE,
070,3B,sp95f11,binary,"see h/b/isp95f1 -> na, see H/B/ISOCP95(-2)",-2,"na, see H/B/ISOCP95",TRUE,
070,3B,sp95f11,binary,see h/b/isp95f1 -> not mentioned(0),0,not mentioned,FALSE,
070,3B,sp95f11,binary,see h/b/isp95f1 -> mentioned(1),1,mentioned,FALSE,
070,I,sp95f11,binary,"see h/b/isp95f1 -> na, wrong skip(-3)",-3,"na, wrong skip",TRUE,
070,I,sp95f11,binary,"see h/b/isp95f1 -> na, see H/B/ISOCP95(-2)",-2,"na, see H/B/ISOCP95",TRUE,
070,I,sp95f11,binary,see h/b/isp95f1 -> not mentioned(0),0,not mentioned,FALSE,
070,I,sp95f11,binary,see h/b/isp95f1 -> mentioned(1),1,mentioned,FALSE,
070,H,sp95f12,binary,"see h/b/isp95f1 -> na, wrong skip(-3)",-3,"na, wrong skip",TRUE,
070,H,sp95f12,binary,"see h/b/isp95f1 -> na, see H/B/ISOCP95(-2)",-2,"na, see H/B/ISOCP95",TRUE,
070,H,sp95f12,binary,see h/b/isp95f1 -> not mentioned(0),0,not mentioned,FALSE,
070,H,sp95f12,binary,see h/b/isp95f1 -> mentioned(1),1,mentioned,FALSE,
070,3B,sp95f12,binary,"see h/b/isp95f1 -> na, wrong skip(-3)",-3,"na, wrong skip",TRUE,
070,3B,sp95f12,binary,"see h/b/isp95f1 -> na, see H/B/ISOCP95(-2)",-2,"na, see H/B/ISOCP95",TRUE,
070,3B,sp95f12,binary,see h/b/isp95f1 -> not mentioned(0),0,not mentioned,FALSE,
070,3B,sp95f12,binary,see h/b/isp95f1 -> mentioned(1),1,mentioned,FALSE,
070,I,sp95f12,binary,"see h/b/isp95f1 -> na, wrong skip(-3)",-3,"na, wrong skip",TRUE,
070,I,sp95f12,binary,"see h/b/isp95f1 -> na, see H/B/ISOCP95(-2)",-2,"na, see H/B/ISOCP95",TRUE,
070,I,sp95f12,binary,see h/b/isp95f1 -> not mentioned(0),0,not mentioned,FALSE,
070,I,sp95f12,binary,see h/b/isp95f1 -> mentioned(1),1,mentioned,FALSE,
070,H,sp95f13,binary,"see h/b/isp95f1 -> na, wrong skip(-3)",-3,"na, wrong skip",TRUE,
070,H,sp95f13,binary,"see h/b/isp95f1 -> na, see H/B/ISOCP95(-2)",-2,"na, see H/B/ISOCP95",TRUE,
070,H,sp95f13,binary,see h/b/isp95f1 -> not mentioned(0),0,not mentioned,FALSE,
070,H,sp95f13,binary,see h/b/isp95f1 -> mentioned(1),1,mentioned,FALSE,
070,3B,sp95f13,binary,"see h/b/isp95f1 -> na, wrong skip(-3)",-3,"na, wrong skip",TRUE,
070,3B,sp95f13,binary,"see h/b/isp95f1 -> na, see H/B/ISOCP95(-2)",-2,"na, see H/B/ISOCP95",TRUE,
070,3B,sp95f13,binary,see h/b/isp95f1 -> not mentioned(0),0,not mentioned,FALSE,
070,3B,sp95f13,binary,see h/b/isp95f1 -> mentioned(1),1,mentioned,FALSE,
070,I,sp95f13,binary,"see h/b/isp95f1 -> na, wrong skip(-3)",-3,"na, wrong skip",TRUE,
070,I,sp95f13,binary,"see h/b/isp95f1 -> na, see H/B/ISOCP95(-2)",-2,"na, see H/B/ISOCP95",TRUE,
070,I,sp95f13,binary,see h/b/isp95f1 -> not mentioned(0),0,not mentioned,FALSE,
070,I,sp95f13,binary,see h/b/isp95f1 -> mentioned(1),1,mentioned,FALSE,
070,H,socp96,ordinal,"na, wrong skip(-3)",-3,"na, wrong skip",TRUE,
070,H,socp96,ordinal,"na, see H/B/ISP95F6(-2)",-2,"na, see H/B/ISP95F6",TRUE,
070,H,socp96,ordinal,"na, asked(-1)",-1,"na, asked",TRUE,
070,H,socp96,ordinal,daily(1),1,daily,FALSE,
070,H,socp96,ordinal,a few times a week(2),2,a few times a week,FALSE,
070,H,socp96,ordinal,a few times a month(3),3,a few times a month,FALSE,
070,H,socp96,ordinal,a few times a year(4),4,a few times a year,FALSE,
070,H,socp96,ordinal,less than a few times a year(5),5,less than a few times a year,FALSE,
070,3B,socp96,ordinal,"na, wrong skip(-3)",-3,"na, wrong skip",TRUE,
070,3B,socp96,ordinal,"na, see H/B/ISP95F6(-2)",-2,"na, see H/B/ISP95F6",TRUE,
070,3B,socp96,ordinal,"na, asked(-1)",-1,"na, asked",TRUE,
070,3B,socp96,ordinal,daily(1),1,daily,FALSE,
070,3B,socp96,ordinal,a few times a week(2),2,a few times a week,FALSE,
070,3B,socp96,ordinal,a few times a month(3),3,a few times a month,FALSE,
070,3B,socp96,ordinal,a few times a year(4),4,a few times a year,FALSE,
070,3B,socp96,ordinal,less than a few times a year(5),5,less than a few times a year,FALSE,
070,I,socp96,ordinal,"na, wrong skip(-3)",-3,"na, wrong skip",TRUE,
070,I,socp96,ordinal,"na, see H/B/ISP95F6(-2)",-2,"na, see H/B/ISP95F6",TRUE,
070,I,socp96,ordinal,"na, asked(-1)",-1,"na, asked",TRUE,
070,I,socp96,ordinal,daily(1),1,daily,FALSE,
070,I,socp96,ordinal,a few times a week(2),2,a few times a week,FALSE,
070,I,socp96,ordinal,a few times a month(3),3,a few times a month,FALSE,
070,I,socp96,ordinal,a few times a year(4),4,a few times a year,FALSE,
070,I,socp96,ordinal,less than a few times a year(5),5,less than a few times a year,FALSE,
070,H,socp97,categorical,,,,,
070,3B,socp97,categorical,,,,,
070,I,socp97,categorical,,,,,
070,H,socp93,binary,"na, asked(-1)",-1,"na, asked",TRUE,
070,H,socp93,binary,no(1),1,no,FALSE,
070,H,socp93,binary,yes(2),2,yes,FALSE,
070,3B,socp93,binary,"na, asked(-1)",-1,"na, asked",TRUE,
070,3B,socp93,binary,no(1),1,no,FALSE,
070,3B,socp93,binary,yes(2),2,yes,FALSE,
070,I,socp93,binary,"na, asked(-1)",-1,"na, asked",TRUE,
070,I,socp93,binary,no(1),1,no,FALSE,
070,I,socp93,binary,yes(2),2,yes,FALSE,
070,H,socp98,ordinal,"often na, wrong skip(-3)",-3,"often na, wrong skip",TRUE,
070,H,socp98,ordinal,"na, see H/B/ISOCP97(-2)",-2,"na, see H/B/ISOCP97",TRUE,
070,H,socp98,ordinal,"na, asked(-1)",-1,"na, asked",TRUE,
070,H,socp98,ordinal,daily(1),1,daily,FALSE,
070,H,socp98,ordinal,a few times a week(2),2,a few times a week,FALSE,
070,H,socp98,ordinal,a few times a month(3),3,a few times a month,FALSE,
070,H,socp98,ordinal,a few times a year(4),4,a few times a year,FALSE,
070,H,socp98,ordinal,less than a few times a year(5),5,less than a few times a year,FALSE,
070,3B,socp98,ordinal,"often na, wrong skip(-3)",-3,"often na, wrong skip",TRUE,
070,3B,socp98,ordinal,"na, see H/B/ISOCP97(-2)",-2,"na, see H/B/ISOCP97",TRUE,
070,3B,socp98,ordinal,"na, asked(-1)",-1,"na, asked",TRUE,
070,3B,socp98,ordinal,daily(1),1,daily,FALSE,
070,3B,socp98,ordinal,a few times a week(2),2,a few times a week,FALSE,
070,3B,socp98,ordinal,a few times a month(3),3,a few times a month,FALSE,
070,3B,socp98,ordinal,a few times a year(4),4,a few times a year,FALSE,
070,3B,socp98,ordinal,less than a few times a year(5),5,less than a few times a year,FALSE,
070,I,socp98,ordinal,"often na, wrong skip(-3)",-3,"often na, wrong skip",TRUE,
070,I,socp98,ordinal,"na, see H/B/ISOCP97(-2)",-2,"na, see H/B/ISOCP97",TRUE,
070,I,socp98,ordinal,"na, asked(-1)",-1,"na, asked",TRUE,
070,I,socp98,ordinal,daily(1),1,daily,FALSE,
070,I,socp98,ordinal,a few times a week(2),2,a few times a week,FALSE,
070,I,socp98,ordinal,a few times a month(3),3,a few times a month,FALSE,
070,I,socp98,ordinal,a few times a year(4),4,a few times a year,FALSE,
070,I,socp98,ordinal,less than a few times a year(5),5,less than a few times a year,FALSE,
070,H,sp97s1,binary,"na, wrong skip(-3)",-3,"na, wrong skip",TRUE,
070,H,sp97s1,binary,"na, see H/B/ISOCP97(-2)",-2,"na, see H/B/ISOCP97",TRUE,
070,H,sp97s1,binary,not mentioned(0),0,not mentioned,FALSE,
070,H,sp97s1,binary,mentioned(1),1,mentioned,FALSE,
070,3B,sp97s1,binary,"na, wrong skip(-3)",-3,"na, wrong skip",TRUE,
070,3B,sp97s1,binary,"na, see H/B/ISOCP97(-2)",-2,"na, see H/B/ISOCP97",TRUE,
070,3B,sp97s1,binary,not mentioned(0),0,not mentioned,FALSE,
070,3B,sp97s1,binary,mentioned(1),1,mentioned,FALSE,
070,I,sp97s1,binary,"na, wrong skip(-3)",-3,"na, wrong skip",TRUE,
070,I,sp97s1,binary,"na, see H/B/ISOCP97(-2)",-2,"na, see H/B/ISOCP97",TRUE,
070,I,sp97s1,binary,not mentioned(0),0,not mentioned,FALSE,
070,I,sp97s1,binary,mentioned(1),1,mentioned,FALSE,
070,H,sp97s2,binary,"see h/b/isp97s1 -> na, wrong skip(-3)",-3,"na, wrong skip",TRUE,
070,H,sp97s2,binary,"see h/b/isp97s1 -> na, see H/B/ISOCP97(-2)",-2,"na, see H/B/ISOCP97",TRUE,
070,H,sp97s2,binary,see h/b/isp97s1 -> not mentioned(0),0,not mentioned,FALSE,
070,H,sp97s2,binary,see h/b/isp97s1 -> mentioned(1),1,mentioned,FALSE,
070,3B,sp97s2,binary,"see h/b/isp97s1 -> na, wrong skip(-3)",-3,"na, wrong skip",TRUE,
070,3B,sp97s2,binary,"see h/b/isp97s1 -> na, see H/B/ISOCP97(-2)",-2,"na, see H/B/ISOCP97",TRUE,
070,3B,sp97s2,binary,see h/b/isp97s1 -> not mentioned(0),0,not mentioned,FALSE,
070,3B,sp97s2,binary,see h/b/isp97s1 -> mentioned(1),1,mentioned,FALSE,
070,I,sp97s2,binary,"see h/b/isp97s1 -> na, wrong skip(-3)",-3,"na, wrong skip",TRUE,
070,I,sp97s2,binary,"see h/b/isp97s1 -> na, see H/B/ISOCP97(-2)",-2,"na, see H/B/ISOCP97",TRUE,
070,I,sp97s2,binary,see h/b/isp97s1 -> not mentioned(0),0,not mentioned,FALSE,
070,I,sp97s2,binary,see h/b/isp97s1 -> mentioned(1),1,mentioned,FALSE,
070,H,sp97s3,binary,"see h/b/isp97s1 -> na, wrong skip(-3)",-3,"na, wrong skip",TRUE,
070,H,sp97s3,binary,"see h/b/isp97s1 -> na, see H/B/ISOCP97(-2)",-2,"na, see H/B/ISOCP97",TRUE,
070,H,sp97s3,binary,see h/b/isp97s1 -> not mentioned(0),0,not mentioned,FALSE,
070,H,sp97s3,binary,see h/b/isp97s1 -> mentioned(1),1,mentioned,FALSE,
070,3B,sp97s3,binary,"see h/b/isp97s1 -> na, wrong skip(-3)",-3,"na, wrong skip",TRUE,
070,3B,sp97s3,binary,"see h/b/isp97s1 -> na, see H/B/ISOCP97(-2)",-2,"na, see H/B/ISOCP97",TRUE,
070,3B,sp97s3,binary,see h/b/isp97s1 -> not mentioned(0),0,not mentioned,FALSE,
070,3B,sp97s3,binary,see h/b/isp97s1 -> mentioned(1),1,mentioned,FALSE,
070,I,sp97s3,binary,"see h/b/isp97s1 -> na, wrong skip(-3)",-3,"na, wrong skip",TRUE,
070,I,sp97s3,binary,"see h/b/isp97s1 -> na, see H/B/ISOCP97(-2)",-2,"na, see H/B/ISOCP97",TRUE,
070,I,sp97s3,binary,see h/b/isp97s1 -> not mentioned(0),0,not mentioned,FALSE,
070,I,sp97s3,binary,see h/b/isp97s1 -> mentioned(1),1,mentioned,FALSE,
070,H,sp97s4,binary,"see h/b/isp97s1 -> na, wrong skip(-3)",-3,"na, wrong skip",TRUE,
070,H,sp97s4,binary,"see h/b/isp97s1 -> na, see H/B/ISOCP97(-2)",-2,"na, see H/B/ISOCP97",TRUE,
070,H,sp97s4,binary,see h/b/isp97s1 -> not mentioned(0),0,not mentioned,FALSE,
070,H,sp97s4,binary,see h/b/isp97s1 -> mentioned(1),1,mentioned,FALSE,
070,3B,sp97s4,binary,"see h/b/isp97s1 -> na, wrong skip(-3)",-3,"na, wrong skip",TRUE,
070,3B,sp97s4,binary,"see h/b/isp97s1 -> na, see H/B/ISOCP97(-2)",-2,"na, see H/B/ISOCP97",TRUE,
070,3B,sp97s4,binary,see h/b/isp97s1 -> not mentioned(0),0,not mentioned,FALSE,
070,3B,sp97s4,binary,see h/b/isp97s1 -> mentioned(1),1,mentioned,FALSE,
070,I,sp97s4,binary,"see h/b/isp97s1 -> na, wrong skip(-3)",-3,"na, wrong skip",TRUE,
070,I,sp97s4,binary,"see h/b/isp97s1 -> na, see H/B/ISOCP97(-2)",-2,"na, see H/B/ISOCP97",TRUE,
070,I,sp97s4,binary,see h/b/isp97s1 -> not mentioned(0),0,not mentioned,FALSE,
070,I,sp97s4,binary,see h/b/isp97s1 -> mentioned(1),1,mentioned,FALSE,
070,H,sp97s5,binary,"see h/b/isp97s1 -> na, wrong skip(-3)",-3,"na, wrong skip",TRUE,
070,H,sp97s5,binary,"see h/b/isp97s1 -> na, see H/B/ISOCP97(-2)",-2,"na, see H/B/ISOCP97",TRUE,
070,H,sp97s5,binary,see h/b/isp97s1 -> not mentioned(0),0,not mentioned,FALSE,
070,H,sp97s5,binary,see h/b/isp97s1 -> mentioned(1),1,mentioned,FALSE,
070,3B,sp97s5,binary,"see h/b/isp97s1 -> na, wrong skip(-3)",-3,"na, wrong skip",TRUE,
070,3B,sp97s5,binary,"see h/b/isp97s1 -> na, see H/B/ISOCP97(-2)",-2,"na, see H/B/ISOCP97",TRUE,
070,3B,sp97s5,binary,see h/b/isp97s1 -> not mentioned(0),0,not mentioned,FALSE,
070,3B,sp97s5,binary,see h/b/isp97s1 -> mentioned(1),1,mentioned,FALSE,
070,I,sp97s5,binary,"see h/b/isp97s1 -> na, wrong skip(-3)",-3,"na, wrong skip",TRUE,
070,I,sp97s5,binary,"see h/b/isp97s1 -> na, see H/B/ISOCP97(-2)",-2,"na, see H/B/ISOCP97",TRUE,
070,I,sp97s5,binary,see h/b/isp97s1 -> not mentioned(0),0,not mentioned,FALSE,
070,I,sp97s5,binary,see h/b/isp97s1 -> mentioned(1),1,mentioned,FALSE,
070,H,sp97s6,binary,"see h/b/isp97s1 -> na, wrong skip(-3)",-3,"na, wrong skip",TRUE,
070,H,sp97s6,binary,"see h/b/isp97s1 -> na, see H/B/ISOCP97(-2)",-2,"na, see H/B/ISOCP97",TRUE,
070,H,sp97s6,binary,see h/b/isp97s1 -> not mentioned(0),0,not mentioned,FALSE,
070,H,sp97s6,binary,see h/b/isp97s1 -> mentioned(1),1,mentioned,FALSE,
070,3B,sp97s6,binary,"see h/b/isp97s1 -> na, wrong skip(-3)",-3,"na, wrong skip",TRUE,
070,3B,sp97s6,binary,"see h/b/isp97s1 -> na, see H/B/ISOCP97(-2)",-2,"na, see H/B/ISOCP97",TRUE,
070,3B,sp97s6,binary,see h/b/isp97s1 -> not mentioned(0),0,not mentioned,FALSE,
070,3B,sp97s6,binary,see h/b/isp97s1 -> mentioned(1),1,mentioned,FALSE,
070,I,sp97s6,binary,"see h/b/isp97s1 -> na, wrong skip(-3)",-3,"na, wrong skip",TRUE,
070,I,sp97s6,binary,"see h/b/isp97s1 -> na, see H/B/ISOCP97(-2)",-2,"na, see H/B/ISOCP97",TRUE,
070,I,sp97s6,binary,see h/b/isp97s1 -> not mentioned(0),0,not mentioned,FALSE,
070,I,sp97s6,binary,see h/b/isp97s1 -> mentioned(1),1,mentioned,FALSE,
070,H,sp97s7,binary,"see h/b/isp97s1 -> na, wrong skip(-3)",-3,"na, wrong skip",TRUE,
070,H,sp97s7,binary,"see h/b/isp97s1 -> na, see H/B/ISOCP97(-2)",-2,"na, see H/B/ISOCP97",TRUE,
070,H,sp97s7,binary,see h/b/isp97s1 -> not mentioned(0),0,not mentioned,FALSE,
070,H,sp97s7,binary,see h/b/isp97s1 -> mentioned(1),1,mentioned,FALSE,
070,3B,sp97s7,binary,"see h/b/isp97s1 -> na, wrong skip(-3)",-3,"na, wrong skip",TRUE,
070,3B,sp97s7,binary,"see h/b/isp97s1 -> na, see H/B/ISOCP97(-2)",-2,"na, see H/B/ISOCP97",TRUE,
070,3B,sp97s7,binary,see h/b/isp97s1 -> not mentioned(0),0,not mentioned,FALSE,
070,3B,sp97s7,binary,see h/b/isp97s1 -> mentioned(1),1,mentioned,FALSE,
070,I,sp97s7,binary,"see h/b/isp97s1 -> na, wrong skip(-3)",-3,"na, wrong skip",TRUE,
070,I,sp97s7,binary,"see h/b/isp97s1 -> na, see H/B/ISOCP97(-2)",-2,"na, see H/B/ISOCP97",TRUE,
070,I,sp97s7,binary,see h/b/isp97s1 -> not mentioned(0),0,not mentioned,FALSE,
070,I,sp97s7,binary,see h/b/isp97s1 -> mentioned(1),1,mentioned,FALSE,
070,H,sp97s8,binary,"see h/b/isp97s1 -> na, wrong skip(-3)",-3,"na, wrong skip",TRUE,
070,H,sp97s8,binary,"see h/b/isp97s1 -> na, see H/B/ISOCP97(-2)",-2,"na, see H/B/ISOCP97",TRUE,
070,H,sp97s8,binary,see h/b/isp97s1 -> not mentioned(0),0,not mentioned,FALSE,
070,H,sp97s8,binary,see h/b/isp97s1 -> mentioned(1),1,mentioned,FALSE,
070,3B,sp97s8,binary,"see h/b/isp97s1 -> na, wrong skip(-3)",-3,"na, wrong skip",TRUE,
070,3B,sp97s8,binary,"see h/b/isp97s1 -> na, see H/B/ISOCP97(-2)",-2,"na, see H/B/ISOCP97",TRUE,
070,3B,sp97s8,binary,see h/b/isp97s1 -> not mentioned(0),0,not mentioned,FALSE,
070,3B,sp97s8,binary,see h/b/isp97s1 -> mentioned(1),1,mentioned,FALSE,
070,I,sp97s8,binary,"see h/b/isp97s1 -> na, wrong skip(-3)",-3,"na, wrong skip",TRUE,
070,I,sp97s8,binary,"see h/b/isp97s1 -> na, see H/B/ISOCP97(-2)",-2,"na, see H/B/ISOCP97",TRUE,
070,I,sp97s8,binary,see h/b/isp97s1 -> not mentioned(0),0,not mentioned,FALSE,
070,I,sp97s8,binary,see h/b/isp97s1 -> mentioned(1),1,mentioned,FALSE,
070,H,socp55,binary,"na, wrong skip(-3)",-3,"na, wrong skip",TRUE,
070,H,socp55,binary,"na, see H/B/IRMSO(-2)",-2,"na, see H/B/IRMSO",TRUE,
070,H,socp55,binary,"na, asked(-1)",-1,"na, asked",TRUE,
070,H,socp55,binary,no(1),1,no,FALSE,
070,H,socp55,binary,yes(2),2,yes,FALSE,
070,3B,socp55,binary,"na, wrong skip(-3)",-3,"na, wrong skip",TRUE,
070,3B,socp55,binary,"na, see H/B/IRMSO(-2)",-2,"na, see H/B/IRMSO",TRUE,
070,3B,socp55,binary,"na, asked(-1)",-1,"na, asked",TRUE,
070,3B,socp55,binary,no(1),1,no,FALSE,
070,3B,socp55,binary,yes(2),2,yes,FALSE,
070,I,socp55,binary,"na, wrong skip(-3)",-3,"na, wrong skip",TRUE,
070,I,socp55,binary,"na, see H/B/IRMSO(-2)",-2,"na, see H/B/IRMSO",TRUE,
070,I,socp55,binary,"na, asked(-1)",-1,"na, asked",TRUE,
070,I,socp55,binary,no(1),1,no,FALSE,
070,I,socp55,binary,yes(2),2,yes,FALSE,
070,H,socp56,binary,"na, wrong skip(-3)",-3,"na, wrong skip",TRUE,
070,H,socp56,binary,"na, see H/B/ISOCP55(-2)",-2,"na, see H/B/ISOCP55",TRUE,
070,H,socp56,binary,"na, asked(-1)",-1,"na, asked",TRUE,
070,H,socp56,binary,not mentioned(0),0,not mentioned,FALSE,
070,H,socp56,binary,mentioned(1),1,mentioned,FALSE,
070,3B,socp56,binary,"na, wrong skip(-3)",-3,"na, wrong skip",TRUE,
070,3B,socp56,binary,"na, see H/B/ISOCP55(-2)",-2,"na, see H/B/ISOCP55",TRUE,
070,3B,socp56,binary,"na, asked(-1)",-1,"na, asked",TRUE,
070,3B,socp56,binary,not mentioned(0),0,not mentioned,FALSE,
070,3B,socp56,binary,mentioned(1),1,mentioned,FALSE,
070,I,socp56,binary,"na, wrong skip(-3)",-3,"na, wrong skip",TRUE,
070,I,socp56,binary,"na, see H/B/ISOCP55(-2)",-2,"na, see H/B/ISOCP55",TRUE,
070,I,socp56,binary,"na, asked(-1)",-1,"na, asked",TRUE,
070,I,socp56,binary,not mentioned(0),0,not mentioned,FALSE,
070,I,socp56,binary,mentioned(1),1,mentioned,FALSE,
070,H,socp57,binary,"see h/b/isocp56 -> na, wrong skip(-3)",-3,"na, wrong skip",TRUE,
070,H,socp57,binary,"see h/b/isocp56 -> na, see H/B/ISOCP55(-2)",-2,"na, see H/B/ISOCP55",TRUE,
070,H,socp57,binary,"see h/b/isocp56 -> na, asked(-1)",-1,"na, asked",TRUE,
070,H,socp57,binary,see h/b/isocp56 -> not mentioned(0),0,not mentioned,FALSE,
070,H,socp57,binary,see h/b/isocp56 -> mentioned(1),1,mentioned,FALSE,
070,3B,socp57,binary,"see h/b/isocp56 -> na, wrong skip(-3)",-3,"na, wrong skip",TRUE,
070,3B,socp57,binary,"see h/b/isocp56 -> na, see H/B/ISOCP55(-2)",-2,"na, see H/B/ISOCP55",TRUE,
070,3B,socp57,binary,"see h/b/isocp56 -> na, asked(-1)",-1,"na, asked",TRUE,
070,3B,socp57,binary,see h/b/isocp56 -> not mentioned(0),0,not mentioned,FALSE,
070,3B,socp57,binary,see h/b/isocp56 -> mentioned(1),1,mentioned,FALSE,
070,I,socp57,binary,"see h/b/isocp56 -> na, wrong skip(-3)",-3,"na, wrong skip",TRUE,
070,I,socp57,binary,"see h/b/isocp56 -> na, see H/B/ISOCP55(-2)",-2,"na, see H/B/ISOCP55",TRUE,
070,I,socp57,binary,"see h/b/isocp56 -> na, asked(-1)",-1,"na, asked",TRUE,
070,I,socp57,binary,see h/b/isocp56 -> not mentioned(0),0,not mentioned,FALSE,
070,I,socp57,binary,see h/b/isocp56 -> mentioned(1),1,mentioned,FALSE,
070,H,socp58,binary,"see h/b/isocp56 -> na, wrong skip(-3)",-3,"na, wrong skip",TRUE,
070,H,socp58,binary,"see h/b/isocp56 -> na, see H/B/ISOCP55(-2)",-2,"na, see H/B/ISOCP55",TRUE,
070,H,socp58,binary,"see h/b/isocp56 -> na, asked(-1)",-1,"na, asked",TRUE,
070,H,socp58,binary,see h/b/isocp56 -> not mentioned(0),0,not mentioned,FALSE,
070,H,socp58,binary,see h/b/isocp56 -> mentioned(1),1,mentioned,FALSE,
070,3B,socp58,binary,"see h/b/isocp56 -> na, wrong skip(-3)",-3,"na, wrong skip",TRUE,
070,3B,socp58,binary,"see h/b/isocp56 -> na, see H/B/ISOCP55(-2)",-2,"na, see H/B/ISOCP55",TRUE,
070,3B,socp58,binary,"see h/b/isocp56 -> na, asked(-1)",-1,"na, asked",TRUE,
070,3B,socp58,binary,see h/b/isocp56 -> not mentioned(0),0,not mentioned,FALSE,
070,3B,socp58,binary,see h/b/isocp56 -> mentioned(1),1,mentioned,FALSE,
070,I,socp58,binary,"see h/b/isocp56 -> na, wrong skip(-3)",-3,"na, wrong skip",TRUE,
070,I,socp58,binary,"see h/b/isocp56 -> na, see H/B/ISOCP55(-2)",-2,"na, see H/B/ISOCP55",TRUE,
070,I,socp58,binary,"see h/b/isocp56 -> na, asked(-1)",-1,"na, asked",TRUE,
070,I,socp58,binary,see h/b/isocp56 -> not mentioned(0),0,not mentioned,FALSE,
070,I,socp58,binary,see h/b/isocp56 -> mentioned(1),1,mentioned,FALSE,
070,H,socp59,binary,"see h/b/isocp56 -> na, wrong skip(-3)",-3,"na, wrong skip",TRUE,
070,H,socp59,binary,"see h/b/isocp56 -> na, see H/B/ISOCP55(-2)",-2,"na, see H/B/ISOCP55",TRUE,
070,H,socp59,binary,"see h/b/isocp56 -> na, asked(-1)",-1,"na, asked",TRUE,
070,H,socp59,binary,see h/b/isocp56 -> not mentioned(0),0,not mentioned,FALSE,
070,H,socp59,binary,see h/b/isocp56 -> mentioned(1),1,mentioned,FALSE,
070,3B,socp59,binary,"see h/b/isocp56 -> na, wrong skip(-3)",-3,"na, wrong skip",TRUE,
070,3B,socp59,binary,"see h/b/isocp56 -> na, see H/B/ISOCP55(-2)",-2,"na, see H/B/ISOCP55",TRUE,
070,3B,socp59,binary,"see h/b/isocp56 -> na, asked(-1)",-1,"na, asked",TRUE,
070,3B,socp59,binary,see h/b/isocp56 -> not mentioned(0),0,not mentioned,FALSE,
070,3B,socp59,binary,see h/b/isocp56 -> mentioned(1),1,mentioned,FALSE,
070,I,socp59,binary,"see h/b/isocp56 -> na, wrong skip(-3)",-3,"na, wrong skip",TRUE,
070,I,socp59,binary,"see h/b/isocp56 -> na, see H/B/ISOCP55(-2)",-2,"na, see H/B/ISOCP55",TRUE,
070,I,socp59,binary,"see h/b/isocp56 -> na, asked(-1)",-1,"na, asked",TRUE,
070,I,socp59,binary,see h/b/isocp56 -> not mentioned(0),0,not mentioned,FALSE,
070,I,socp59,binary,see h/b/isocp56 -> mentioned(1),1,mentioned,FALSE,
070,H,socp60,binary,"see h/b/isocp56 -> na, wrong skip(-3)",-3,"na, wrong skip",TRUE,
070,H,socp60,binary,"see h/b/isocp56 -> na, see H/B/ISOCP55(-2)",-2,"na, see H/B/ISOCP55",TRUE,
070,H,socp60,binary,"see h/b/isocp56 -> na, asked(-1)",-1,"na, asked",TRUE,
070,H,socp60,binary,see h/b/isocp56 -> not mentioned(0),0,not mentioned,FALSE,
070,H,socp60,binary,see h/b/isocp56 -> mentioned(1),1,mentioned,FALSE,
070,3B,socp60,binary,"see h/b/isocp56 -> na, wrong skip(-3)",-3,"na, wrong skip",TRUE,
070,3B,socp60,binary,"see h/b/isocp56 -> na, see H/B/ISOCP55(-2)",-2,"na, see H/B/ISOCP55",TRUE,
070,3B,socp60,binary,"see h/b/isocp56 -> na, asked(-1)",-1,"na, asked",TRUE,
070,3B,socp60,binary,see h/b/isocp56 -> not mentioned(0),0,not mentioned,FALSE,
070,3B,socp60,binary,see h/b/isocp56 -> mentioned(1),1,mentioned,FALSE,
070,I,socp60,binary,"see h/b/isocp56 -> na, wrong skip(-3)",-3,"na, wrong skip",TRUE,
070,I,socp60,binary,"see h/b/isocp56 -> na, see H/B/ISOCP55(-2)",-2,"na, see H/B/ISOCP55",TRUE,
070,I,socp60,binary,"see h/b/isocp56 -> na, asked(-1)",-1,"na, asked",TRUE,
070,I,socp60,binary,see h/b/isocp56 -> not mentioned(0),0,not mentioned,FALSE,
070,I,socp60,binary,see h/b/isocp56 -> mentioned(1),1,mentioned,FALSE,
070,H,socp61,binary,"see h/b/isocp56 -> na, wrong skip(-3)",-3,"na, wrong skip",TRUE,
070,H,socp61,binary,"see h/b/isocp56 -> na, see H/B/ISOCP55(-2)",-2,"na, see H/B/ISOCP55",TRUE,
070,H,socp61,binary,"see h/b/isocp56 -> na, asked(-1)",-1,"na, asked",TRUE,
070,H,socp61,binary,see h/b/isocp56 -> not mentioned(0),0,not mentioned,FALSE,
070,H,socp61,binary,see h/b/isocp56 -> mentioned(1),1,mentioned,FALSE,
070,3B,socp61,binary,"see h/b/isocp56 -> na, wrong skip(-3)",-3,"na, wrong skip",TRUE,
070,3B,socp61,binary,"see h/b/isocp56 -> na, see H/B/ISOCP55(-2)",-2,"na, see H/B/ISOCP55",TRUE,
070,3B,socp61,binary,"see h/b/isocp56 -> na, asked(-1)",-1,"na, asked",TRUE,
070,3B,socp61,binary,see h/b/isocp56 -> not mentioned(0),0,not mentioned,FALSE,
070,3B,socp61,binary,see h/b/isocp56 -> mentioned(1),1,mentioned,FALSE,
070,I,socp61,binary,"see h/b/isocp56 -> na, wrong skip(-3)",-3,"na, wrong skip",TRUE,
070,I,socp61,binary,"see h/b/isocp56 -> na, see H/B/ISOCP55(-2)",-2,"na, see H/B/ISOCP55",TRUE,
070,I,socp61,binary,"see h/b/isocp56 -> na, asked(-1)",-1,"na, asked",TRUE,
070,I,socp61,binary,see h/b/isocp56 -> not mentioned(0),0,not mentioned,FALSE,
070,I,socp61,binary,see h/b/isocp56 -> mentioned(1),1,mentioned,FALSE,
070,H,socp66,categorical,"na, wrong skip(-3)",-3,"na, wrong skip",TRUE,
070,H,socp66,categorical,"na, see H/B/IRMSO(-2)",-2,"na, see H/B/IRMSO",TRUE,
070,H,socp66,categorical,"na, asked(-1)",-1,"na, asked",TRUE,
070,H,socp66,categorical,agree(1),1,agree,FALSE,
070,H,socp66,categorical,disagree(2),2,disagree,FALSE,
070,H,socp66,categorical,no opinion/don't know(3),3,no opinion/don't know,FALSE,
070,3B,socp66,categorical,"na, wrong skip(-3)",-3,"na, wrong skip",TRUE,
070,3B,socp66,categorical,"na, see H/B/IRMSO(-2)",-2,"na, see H/B/IRMSO",TRUE,
070,3B,socp66,categorical,"na, asked(-1)",-1,"na, asked",TRUE,
070,3B,socp66,categorical,agree(1),1,agree,FALSE,
070,3B,socp66,categorical,disagree(2),2,disagree,FALSE,
070,3B,socp66,categorical,no opinion/don't know(3),3,no opinion/don't know,FALSE,
070,I,socp66,categorical,"na, wrong skip(-3)",-3,"na, wrong skip",TRUE,
070,I,socp66,categorical,"na, see H/B/IRMSO(-2)",-2,"na, see H/B/IRMSO",TRUE,
070,I,socp66,categorical,"na, asked(-1)",-1,"na, asked",TRUE,
070,I,socp66,categorical,agree(1),1,agree,FALSE,
070,I,socp66,categorical,disagree(2),2,disagree,FALSE,
070,I,socp66,categorical,no opinion/don't know(3),3,no opinion/don't know,FALSE,
070,H,socp67,numeric,"na, wrong skip(-3)",-3,"na, wrong skip",TRUE,
070,H,socp67,numeric,"na, see H/B/ISOCP66(-2)",-2,"na, see H/B/ISOCP66",TRUE,
070,H,socp67,numeric,"na, asked(-1)",-1,"na, asked",TRUE,
070,H,socp67,numeric,dependent on person(0),0,dependent on person,FALSE,
070,3B,socp67,numeric,"na, wrong skip(-3)",-3,"na, wrong skip",TRUE,
070,3B,socp67,numeric,"na, see H/B/ISOCP66(-2)",-2,"na, see H/B/ISOCP66",TRUE,
070,3B,socp67,numeric,"na, asked(-1)",-1,"na, asked",TRUE,
070,3B,socp67,numeric,dependent on person(0),0,dependent on person,FALSE,
070,I,socp67,numeric,"na, wrong skip(-3)",-3,"na, wrong skip",TRUE,
070,I,socp67,numeric,"na, see H/B/ISOCP66(-2)",-2,"na, see H/B/ISOCP66",TRUE,
070,I,socp67,numeric,"na, asked(-1)",-1,"na, asked",TRUE,
070,I,socp67,numeric,dependent on person(0),0,dependent on person,FALSE,
070,H,socp68,categorical,"na, wrong skip(-3)",-3,"na, wrong skip",TRUE,
070,H,socp68,categorical,"na, see H/B/IRMSO(-2)",-2,"na, see H/B/IRMSO",TRUE,
070,H,socp68,categorical,"na, asked(-1)",-1,"na, asked",TRUE,
070,H,socp68,categorical,agree(1),1,agree,FALSE,
070,H,socp68,categorical,disagree(2),2,disagree,FALSE,
070,H,socp68,categorical,no opinion/don't know(3),3,no opinion/don't know,FALSE,
070,3B,socp68,categorical,"na, wrong skip(-3)",-3,"na, wrong skip",TRUE,
070,3B,socp68,categorical,"na, see H/B/IRMSO(-2)",-2,"na, see H/B/IRMSO",TRUE,
070,3B,socp68,categorical,"na, asked(-1)",-1,"na, asked",TRUE,
070,3B,socp68,categorical,agree(1),1,agree,FALSE,
070,3B,socp68,categorical,disagree(2),2,disagree,FALSE,
070,3B,socp68,categorical,no opinion/don't know(3),3,no opinion/don't know,FALSE,
070,I,socp68,categorical,"na, wrong skip(-3)",-3,"na, wrong skip",TRUE,
070,I,socp68,categorical,"na, see H/B/IRMSO(-2)",-2,"na, see H/B/IRMSO",TRUE,
070,I,socp68,categorical,"na, asked(-1)",-1,"na, asked",TRUE,
070,I,socp68,categorical,agree(1),1,agree,FALSE,
070,I,socp68,categorical,disagree(2),2,disagree,FALSE,
070,I,socp68,categorical,no opinion/don't know(3),3,no opinion/don't know,FALSE,
070,H,socp69,numeric,"na, wrong skip(-3)",-3,"na, wrong skip",TRUE,
070,H,socp69,numeric,"na, see H/B/ISOCP68(-2)",-2,"na, see H/B/ISOCP68",TRUE,
070,H,socp69,numeric,"na, asked(-1)",-1,"na, asked",TRUE,
070,H,socp69,numeric,dependent on person(0),0,dependent on person,FALSE,
070,3B,socp69,numeric,"na, wrong skip(-3)",-3,"na, wrong skip",TRUE,
070,3B,socp69,numeric,"na, see H/B/ISOCP68(-2)",-2,"na, see H/B/ISOCP68",TRUE,
070,3B,socp69,numeric,"na, asked(-1)",-1,"na, asked",TRUE,
070,3B,socp69,numeric,dependent on person(0),0,dependent on person,FALSE,
070,I,socp69,numeric,"na, wrong skip(-3)",-3,"na, wrong skip",TRUE,
070,I,socp69,numeric,"na, see H/B/ISOCP68(-2)",-2,"na, see H/B/ISOCP68",TRUE,
070,I,socp69,numeric,"na, asked(-1)",-1,"na, asked",TRUE,
070,I,socp69,numeric,dependent on person(0),0,dependent on person,FALSE,
070,H,socp99,binary,"na, wrong skip(-3)",-3,"na, wrong skip",TRUE,
070,H,socp99,binary,"na, see H/BRMSO(-2)",-2,"na, see H/BRMSO",TRUE,
070,H,socp99,binary,"na, asked(-1)",-1,"na, asked",TRUE,
070,H,socp99,binary,no(1),1,no,FALSE,
070,H,socp99,binary,yes(2),2,yes,FALSE,
070,H,socp99,binary,not allowed to vote(3),3,not allowed to vote,FALSE,
070,3B,socp99,binary,"na, wrong skip(-3)",-3,"na, wrong skip",TRUE,
070,3B,socp99,binary,"na, see H/BRMSO(-2)",-2,"na, see H/BRMSO",TRUE,
070,3B,socp99,binary,"na, asked(-1)",-1,"na, asked",TRUE,
070,3B,socp99,binary,no(1),1,no,FALSE,
070,3B,socp99,binary,yes(2),2,yes,FALSE,
070,3B,socp99,binary,not allowed to vote(3),3,not allowed to vote,FALSE,
070,H,rmso,categorical,valid data(-2),-2,valid data,TRUE,
070,H,rmso,categorical,short interview(1),1,short interview,FALSE,
070,H,rmso,categorical,interview terminated(2),2,interview terminated,FALSE,
070,3B,rmso,categorical,valid data(-2),-2,valid data,TRUE,
070,3B,rmso,categorical,short interview(1),1,short interview,FALSE,
070,3B,rmso,categorical,interview terminated(2),2,interview terminated,FALSE,
070,I,rmso,categorical,valid data(-2),-2,valid data,TRUE,
070,I,rmso,categorical,short interview(1),1,short interview,FALSE,
070,I,rmso,categorical,interview terminated(2),2,interview terminated,FALSE,
070,MB,socpyn,binary,"na, wrong skip(-3)",-3,"na, wrong skip",TRUE,
070,MB,socpyn,binary,"na, see BRMSO(-2)",-2,"na, see BRMSO",TRUE,
070,MB,socpyn,binary,"na, asked(-1)",-1,"na, asked",TRUE,
070,MB,socpyn,binary,no(1),1,no,FALSE,
070,MB,socpyn,binary,yes(2),2,yes,FALSE,
070,MB,socp01,binary,"na, wrong skip(-3)",-3,"na, wrong skip",TRUE,
070,MB,socp01,binary,"na, see BSOCPYN(-2)",-2,"na, see BSOCPYN",TRUE,
070,MB,socp01,binary,"na, asked(-1)",-1,"na, asked",TRUE,
070,MB,socp01,binary,not mentioned(0),0,not mentioned,FALSE,
070,MB,socp01,binary,mentioned(1),1,mentioned,FALSE,
070,MB,socp04,binary,"see bsocp01 -> na, wrong skip(-3)",-3,"na, wrong skip",TRUE,
070,MB,socp04,binary,"see bsocp01 -> na, see BSOCPYN(-2)",-2,"na, see BSOCPYN",TRUE,
070,MB,socp04,binary,"see bsocp01 -> na, asked(-1)",-1,"na, asked",TRUE,
070,MB,socp04,binary,see bsocp01 -> not mentioned(0),0,not mentioned,FALSE,
070,MB,socp04,binary,see bsocp01 -> mentioned(1),1,mentioned,FALSE,
070,MB,socp05,binary,"bsocp01 -> na, wrong skip(-3)",-3,"na, wrong skip",TRUE,
070,MB,socp05,binary,"bsocp01 -> na, see BSOCPYN(-2)",-2,"na, see BSOCPYN",TRUE,
070,MB,socp05,binary,"bsocp01 -> na, asked(-1)",-1,"na, asked",TRUE,
070,MB,socp05,binary,bsocp01 -> not mentioned(0),0,not mentioned,FALSE,
070,MB,socp05,binary,bsocp01 -> mentioned(1),1,mentioned,FALSE,
070,MB,socp06,binary,"bsocp01 -> na, wrong skip(-3)",-3,"na, wrong skip",TRUE,
070,MB,socp06,binary,"bsocp01 -> na, see BSOCPYN(-2)",-2,"na, see BSOCPYN",TRUE,
070,MB,socp06,binary,"bsocp01 -> na, asked(-1)",-1,"na, asked",TRUE,
070,MB,socp06,binary,bsocp01 -> not mentioned(0),0,not mentioned,FALSE,
070,MB,socp06,binary,bsocp01 -> mentioned(1),1,mentioned,FALSE,
070,MB,socp08,binary,"bsocp01 -> na, wrong skip(-3)",-3,"na, wrong skip",TRUE,
070,MB,socp08,binary,"bsocp01 -> na, see BSOCPYN(-2)",-2,"na, see BSOCPYN",TRUE,
070,MB,socp08,binary,"bsocp01 -> na, asked(-1)",-1,"na, asked",TRUE,
070,MB,socp08,binary,bsocp01 -> not mentioned(0),0,not mentioned,FALSE,
070,MB,socp08,binary,bsocp01 -> mentioned(1),1,mentioned,FALSE,
070,MB,socp09,binary,"bsocp01 -> na, wrong skip(-3)",-3,"na, wrong skip",TRUE,
070,MB,socp09,binary,"bsocp01 -> na, see BSOCPYN(-2)",-2,"na, see BSOCPYN",TRUE,
070,MB,socp09,binary,"bsocp01 -> na, asked(-1)",-1,"na, asked",TRUE,
070,MB,socp09,binary,bsocp01 -> not mentioned(0),0,not mentioned,FALSE,
070,MB,socp09,binary,bsocp01 -> mentioned(1),1,mentioned,FALSE,
070,MB,socp10,binary,"bsocp01 -> na, wrong skip(-3)",-3,"na, wrong skip",TRUE,
070,MB,socp10,binary,"bsocp01 -> na, see BSOCPYN(-2)",-2,"na, see BSOCPYN",TRUE,
070,MB,socp10,binary,"bsocp01 -> na, asked(-1)",-1,"na, asked",TRUE,
070,MB,socp10,binary,bsocp01 -> not mentioned(0),0,not mentioned,FALSE,
070,MB,socp10,binary,bsocp01 -> mentioned(1),1,mentioned,FALSE,
070,MB,socp11,binary,"bsocp01 -> na, wrong skip(-3)",-3,"na, wrong skip",TRUE,
070,MB,socp11,binary,"bsocp01 -> na, see BSOCPYN(-2)",-2,"na, see BSOCPYN",TRUE,
070,MB,socp11,binary,"bsocp01 -> na, asked(-1)",-1,"na, asked",TRUE,
070,MB,socp11,binary,bsocp01 -> not mentioned(0),0,not mentioned,FALSE,
070,MB,socp11,binary,bsocp01 -> mentioned(1),1,mentioned,FALSE,
070,MB,socp12,binary,"bsocp01 -> na, wrong skip(-3)",-3,"na, wrong skip",TRUE,
070,MB,socp12,binary,"bsocp01 -> na, see BSOCPYN(-2)",-2,"na, see BSOCPYN",TRUE,
070,MB,socp12,binary,"bsocp01 -> na, asked(-1)",-1,"na, asked",TRUE,
070,MB,socp12,binary,bsocp01 -> not mentioned(0),0,not mentioned,FALSE,
070,MB,socp12,binary,bsocp01 -> mentioned(1),1,mentioned,FALSE,
070,MB,socp13,binary,"bsocp01 -> na, wrong skip(-3)",-3,"na, wrong skip",TRUE,
070,MB,socp13,binary,"bsocp01 -> na, see BSOCPYN(-2)",-2,"na, see BSOCPYN",TRUE,
070,MB,socp13,binary,"bsocp01 -> na, asked(-1)",-1,"na, asked",TRUE,
070,MB,socp13,binary,bsocp01 -> not mentioned(0),0,not mentioned,FALSE,
070,MB,socp13,binary,bsocp01 -> mentioned(1),1,mentioned,FALSE,
070,MB,socp01n,categorical,"many Dutch members: organization for the elderly, employers organization na, wrong skip(-3)",-3,"many Dutch members: organization for the elderly, employers organization na, wrong skip",TRUE,
070,MB,socp01n,categorical,"na, see BSOCP01(-2)",-2,"na, see BSOCP01",TRUE,
070,MB,socp01n,categorical,"na, asked(-1)",-1,"na, asked",TRUE,
070,MB,socp01n,categorical,mainly Dutch members(1),1,mainly Dutch members,FALSE,
070,MB,socp01n,categorical,many Dutch members(2),2,many Dutch members,FALSE,
070,MB,socp01n,categorical,little to none Dutch members(3),3,little to none Dutch members,FALSE,
070,MB,socp04n,categorical,"many Dutch members: church, mosque or religious organization na, wrong skip(-3)",-3,"many Dutch members: church, mosque or religious organization na, wrong skip",TRUE,
070,MB,socp04n,categorical,"na, see BSOCP04(-2)",-2,"na, see BSOCP04",TRUE,
070,MB,socp04n,categorical,"na, asked(-1)",-1,"na, asked",TRUE,
070,MB,socp04n,categorical,mainly Dutch members(1),1,mainly Dutch members,FALSE,
070,MB,socp04n,categorical,many Dutch members(2),2,many Dutch members,FALSE,
070,MB,socp04n,categorical,little to none Dutch members(3),3,little to none Dutch members,FALSE,
070,MB,socp05n,categorical,"many Dutch members: neighbourhood association na, wrong skip(-3)",-3,"many Dutch members: neighbourhood association na, wrong skip",TRUE,
070,MB,socp05n,categorical,"na, see SOCP05(-2)",-2,"na, see SOCP05",TRUE,
070,MB,socp05n,categorical,"na, asked(-1)",-1,"na, asked",TRUE,
070,MB,socp05n,categorical,mainly Dutch members(1),1,mainly Dutch members,FALSE,
070,MB,socp05n,categorical,many Dutch members(2),2,many Dutch members,FALSE,
070,MB,socp05n,categorical,little to none Dutch members(3),3,little to none Dutch members,FALSE,
070,MB,socp06n,categorical,"many Dutch members: womens association, womens circle na, wrong skip(-3)",-3,"many Dutch members: womens association, womens circle na, wrong skip",TRUE,
070,MB,socp06n,categorical,"na, see BSOCP06(-2)",-2,"na, see BSOCP06",TRUE,
070,MB,socp06n,categorical,"na, asked(-1)",-1,"na, asked",TRUE,
070,MB,socp06n,categorical,mainly Dutch members(1),1,mainly Dutch members,FALSE,
070,MB,socp06n,categorical,many Dutch members(2),2,many Dutch members,FALSE,
070,MB,socp06n,categorical,little to none Dutch members(3),3,little to none Dutch members,FALSE,
070,MB,socp08n,categorical,"many Dutch members: action group or association with social aim na, wrong skip(-3)",-3,"many Dutch members: action group or association with social aim na, wrong skip",TRUE,
070,MB,socp08n,categorical,"na, see BSOCP08(-2)",-2,"na, see BSOCP08",TRUE,
070,MB,socp08n,categorical,"na, asked(-1)",-1,"na, asked",TRUE,
070,MB,socp08n,categorical,mainly Dutch members(1),1,mainly Dutch members,FALSE,
070,MB,socp08n,categorical,many Dutch members(2),2,many Dutch members,FALSE,
070,MB,socp08n,categorical,little to none Dutch members(3),3,little to none Dutch members,FALSE,
070,MB,socp09n,categorical,"many Dutch members: patients association na, wrong skip(-3)",-3,"many Dutch members: patients association na, wrong skip",TRUE,
070,MB,socp09n,categorical,"na, see BSOCP09(-2)",-2,"na, see BSOCP09",TRUE,
070,MB,socp09n,categorical,"na, asked(-1)",-1,"na, asked",TRUE,
070,MB,socp09n,categorical,mainly Dutch members(1),1,mainly Dutch members,FALSE,
070,MB,socp09n,categorical,many Dutch members(2),2,many Dutch members,FALSE,
070,MB,socp09n,categorical,little to none Dutch members(3),3,little to none Dutch members,FALSE,
070,MB,socp10n,categorical,"many Dutch members: cultural organization na, wrong skip(-3)",-3,"many Dutch members: cultural organization na, wrong skip",TRUE,
070,MB,socp10n,categorical,"na, see BSOCP10(-2)",-2,"na, see BSOCP10",TRUE,
070,MB,socp10n,categorical,"na, asked(-1)",-1,"na, asked",TRUE,
070,MB,socp10n,categorical,mainly Dutch members(1),1,mainly Dutch members,FALSE,
070,MB,socp10n,categorical,many Dutch members(2),2,many Dutch members,FALSE,
070,MB,socp10n,categorical,little to none Dutch members(3),3,little to none Dutch members,FALSE,
070,MB,socp11n,categorical,"many Dutch members: recreation, music or hobby club na, wrong skip(-3)",-3,"many Dutch members: recreation, music or hobby club na, wrong skip",TRUE,
070,MB,socp11n,categorical,"na, see BSOCP11(-2)",-2,"na, see BSOCP11",TRUE,
070,MB,socp11n,categorical,"na, asked(-1)",-1,"na, asked",TRUE,
070,MB,socp11n,categorical,mainly Dutch members(1),1,mainly Dutch members,FALSE,
070,MB,socp11n,categorical,many Dutch members(2),2,many Dutch members,FALSE,
070,MB,socp11n,categorical,little to none Dutch members(3),3,little to none Dutch members,FALSE,
070,MB,socp12n,categorical,"many Dutch members: sporting club na, wrong skip(-3)",-3,"many Dutch members: sporting club na, wrong skip",TRUE,
070,MB,socp12n,categorical,"na, see BSOCP12(-2)",-2,"na, see BSOCP12",TRUE,
070,MB,socp12n,categorical,"na, asked(-1)",-1,"na, asked",TRUE,
070,MB,socp12n,categorical,mainly Dutch members(1),1,mainly Dutch members,FALSE,
070,MB,socp12n,categorical,many Dutch members(2),2,many Dutch members,FALSE,
070,MB,socp12n,categorical,little to none Dutch members(3),3,little to none Dutch members,FALSE,
070,MB,socp13n,categorical,"many Dutch members: other na, wrong skip(-3)",-3,"many Dutch members: other na, wrong skip",TRUE,
070,MB,socp13n,categorical,"na, see BSOCP13(-2)",-2,"na, see BSOCP13",TRUE,
070,MB,socp13n,categorical,"na, asked(-1)",-1,"na, asked",TRUE,
070,MB,socp13n,categorical,mainly Dutch members(1),1,mainly Dutch members,FALSE,
070,MB,socp13n,categorical,many Dutch members(2),2,many Dutch members,FALSE,
070,MB,socp13n,categorical,little to none Dutch members(3),3,little to none Dutch members,FALSE,
070,MB,socp72,binary,"na, wrong skip(-3)",-3,"na, wrong skip",TRUE,
070,MB,socp72,binary,"na, see BRMSO(-2)",-2,"na, see BRMSO",TRUE,
070,MB,socp72,binary,"na, asked(-1)",-1,"na, asked",TRUE,
070,MB,socp72,binary,no(1),1,no,FALSE,
070,MB,socp72,binary,yes(2),2,yes,FALSE,
070,MB,socp95,binary,"see bsocp72 -> na, wrong skip(-3)",-3,"na, wrong skip",TRUE,
070,MB,socp95,binary,"see bsocp72 -> na, see BRMSO(-2)",-2,"na, see BRMSO",TRUE,
070,MB,socp95,binary,"see bsocp72 -> na, asked(-1)",-1,"na, asked",TRUE,
070,MB,socp95,binary,see bsocp72 -> no(1),1,no,FALSE,
070,MB,socp95,binary,see bsocp72 -> yes(2),2,yes,FALSE,
070,MB,rmso,categorical,valid data(-2),-2,valid data,TRUE,
070,MB,rmso,categorical,short interview(1),1,short interview,FALSE,
070,MB,rmso,categorical,interview terminated(2),2,interview terminated,FALSE,
070,J,socpyn,binary,"na, wrong skip(-3)",-3,"na, wrong skip",TRUE,
070,J,socpyn,binary,"na, see JRMSO(-2)",-2,"na, see JRMSO",TRUE,
070,J,socpyn,binary,"na, asked(-1)",-1,"na, asked",TRUE,
070,J,socpyn,binary,no(1),1,no,FALSE,
070,J,socpyn,binary,yes(2),2,yes,FALSE,
070,J,socp01,binary,"na, wrong skip(-3)",-3,"na, wrong skip",TRUE,
070,J,socp01,binary,"na, see JSOCPYN(-2)",-2,"na, see JSOCPYN",TRUE,
070,J,socp01,binary,"na, asked(-1)",-1,"na, asked",TRUE,
070,J,socp01,binary,not mentioned(0),0,not mentioned,FALSE,
070,J,socp01,binary,mentioned(1),1,mentioned,FALSE,
070,J,socp02,binary,"see jsocp01 -> na, wrong skip(-3)",-3,"na, wrong skip",TRUE,
070,J,socp02,binary,"see jsocp01 -> na, see JSOCPYN(-2)",-2,"na, see JSOCPYN",TRUE,
070,J,socp02,binary,"see jsocp01 -> na, asked(-1)",-1,"na, asked",TRUE,
070,J,socp02,binary,see jsocp01 -> not mentioned(0),0,not mentioned,FALSE,
070,J,socp02,binary,see jsocp01 -> mentioned(1),1,mentioned,FALSE,
070,J,socp03,binary,"see jsocp01 -> na, wrong skip(-3)",-3,"na, wrong skip",TRUE,
070,J,socp03,binary,"see jsocp01 -> na, see JSOCPYN(-2)",-2,"na, see JSOCPYN",TRUE,
070,J,socp03,binary,"see jsocp01 -> na, asked(-1)",-1,"na, asked",TRUE,
070,J,socp03,binary,see jsocp01 -> not mentioned(0),0,not mentioned,FALSE,
070,J,socp03,binary,see jsocp01 -> mentioned(1),1,mentioned,FALSE,
070,J,socp04,binary,"see jsocp01 -> na, wrong skip(-3)",-3,"na, wrong skip",TRUE,
070,J,socp04,binary,"see jsocp01 -> na, see JSOCPYN(-2)",-2,"na, see JSOCPYN",TRUE,
070,J,socp04,binary,"see jsocp01 -> na, asked(-1)",-1,"na, asked",TRUE,
070,J,socp04,binary,see jsocp01 -> not mentioned(0),0,not mentioned,FALSE,
070,J,socp04,binary,see jsocp01 -> mentioned(1),1,mentioned,FALSE,
070,J,socp05,binary,"see jsocp01 -> na, wrong skip(-3)",-3,"na, wrong skip",TRUE,
070,J,socp05,binary,"see jsocp01 -> na, see JSOCPYN(-2)",-2,"na, see JSOCPYN",TRUE,
070,J,socp05,binary,"see jsocp01 -> na, asked(-1)",-1,"na, asked",TRUE,
070,J,socp05,binary,see jsocp01 -> not mentioned(0),0,not mentioned,FALSE,
070,J,socp05,binary,see jsocp01 -> mentioned(1),1,mentioned,FALSE,
070,J,socp06,binary,"see jsocp01 -> na, wrong skip(-3)",-3,"na, wrong skip",TRUE,
070,J,socp06,binary,"see jsocp01 -> na, see JSOCPYN(-2)",-2,"na, see JSOCPYN",TRUE,
070,J,socp06,binary,"see jsocp01 -> na, asked(-1)",-1,"na, asked",TRUE,
070,J,socp06,binary,see jsocp01 -> not mentioned(0),0,not mentioned,FALSE,
070,J,socp06,binary,see jsocp01 -> mentioned(1),1,mentioned,FALSE,
070,J,socp07,binary,"see jsocp01 -> na, wrong skip(-3)",-3,"na, wrong skip",TRUE,
070,J,socp07,binary,"see jsocp01 -> na, see JSOCPYN(-2)",-2,"na, see JSOCPYN",TRUE,
070,J,socp07,binary,"see jsocp01 -> na, asked(-1)",-1,"na, asked",TRUE,
070,J,socp07,binary,see jsocp01 -> not mentioned(0),0,not mentioned,FALSE,
070,J,socp07,binary,see jsocp01 -> mentioned(1),1,mentioned,FALSE,
070,J,socp08,binary,"see jsocp01 -> na, wrong skip(-3)",-3,"na, wrong skip",TRUE,
070,J,socp08,binary,"see jsocp01 -> na, see JSOCPYN(-2)",-2,"na, see JSOCPYN",TRUE,
070,J,socp08,binary,"see jsocp01 -> na, asked(-1)",-1,"na, asked",TRUE,
070,J,socp08,binary,see jsocp01 -> not mentioned(0),0,not mentioned,FALSE,
070,J,socp08,binary,see jsocp01 -> mentioned(1),1,mentioned,FALSE,
070,J,socp09,binary,"see jsocp01 -> na, wrong skip(-3)",-3,"na, wrong skip",TRUE,
070,J,socp09,binary,"see jsocp01 -> na, see JSOCPYN(-2)",-2,"na, see JSOCPYN",TRUE,
070,J,socp09,binary,"see jsocp01 -> na, asked(-1)",-1,"na, asked",TRUE,
070,J,socp09,binary,see jsocp01 -> not mentioned(0),0,not mentioned,FALSE,
070,J,socp09,binary,see jsocp01 -> mentioned(1),1,mentioned,FALSE,
070,J,socp10,binary,"see jsocp01 -> na, wrong skip(-3)",-3,"na, wrong skip",TRUE,
070,J,socp10,binary,"see jsocp01 -> na, see JSOCPYN(-2)",-2,"na, see JSOCPYN",TRUE,
070,J,socp10,binary,"see jsocp01 -> na, asked(-1)",-1,"na, asked",TRUE,
070,J,socp10,binary,see jsocp01 -> not mentioned(0),0,not mentioned,FALSE,
070,J,socp10,binary,see jsocp01 -> mentioned(1),1,mentioned,FALSE,
070,J,socp11,binary,"see jsocp01 -> na, wrong skip(-3)",-3,"na, wrong skip",TRUE,
070,J,socp11,binary,"see jsocp01 -> na, see JSOCPYN(-2)",-2,"na, see JSOCPYN",TRUE,
070,J,socp11,binary,"see jsocp01 -> na, asked(-1)",-1,"na, asked",TRUE,
070,J,socp11,binary,see jsocp01 -> not mentioned(0),0,not mentioned,FALSE,
070,J,socp11,binary,see jsocp01 -> mentioned(1),1,mentioned,FALSE,
070,J,socp12,binary,"see jsocp01 -> na, wrong skip(-3)",-3,"na, wrong skip",TRUE,
070,J,socp12,binary,"see jsocp01 -> na, see JSOCPYN(-2)",-2,"na, see JSOCPYN",TRUE,
070,J,socp12,binary,"see jsocp01 -> na, asked(-1)",-1,"na, asked",TRUE,
070,J,socp12,binary,see jsocp01 -> not mentioned(0),0,not mentioned,FALSE,
070,J,socp12,binary,see jsocp01 -> mentioned(1),1,mentioned,FALSE,
070,J,socp13,binary,"see jsocp01 -> na, wrong skip(-3)",-3,"na, wrong skip",TRUE,
070,J,socp13,binary,"see jsocp01 -> na, see JSOCPYN(-2)",-2,"na, see JSOCPYN",TRUE,
070,J,socp13,binary,"see jsocp01 -> na, asked(-1)",-1,"na, asked",TRUE,
070,J,socp13,binary,see jsocp01 -> not mentioned(0),0,not mentioned,FALSE,
070,J,socp13,binary,see jsocp01 -> mentioned(1),1,mentioned,FALSE,
070,J,socp14,ordinal,"na, wrong skip(-3)",-3,"na, wrong skip",TRUE,
070,J,socp14,ordinal,"na, see JSOCP01(-2)",-2,"na, see JSOCP01",TRUE,
070,J,socp14,ordinal,"na, asked(-1)",-1,"na, asked",TRUE,
070,J,socp14,ordinal,no(1),1,no,FALSE,
070,J,socp14,ordinal,yes(2),2,yes,FALSE,
070,J,socp15,ordinal,"na, wrong skip(-3)",-3,"na, wrong skip",TRUE,
070,J,socp15,ordinal,"na, see JSOCP02(-2)",-2,"na, see JSOCP02",TRUE,
070,J,socp15,ordinal,"na, asked(-1)",-1,"na, asked",TRUE,
070,J,socp15,ordinal,no(1),1,no,FALSE,
070,J,socp15,ordinal,yes(2),2,yes,FALSE,
070,J,socp16,ordinal,"na, wrong skip(-3)",-3,"na, wrong skip",TRUE,
070,J,socp16,ordinal,"na, see JSOCP03(-2)",-2,"na, see JSOCP03",TRUE,
070,J,socp16,ordinal,"na, asked(-1)",-1,"na, asked",TRUE,
070,J,socp16,ordinal,no(1),1,no,FALSE,
070,J,socp16,ordinal,yes(2),2,yes,FALSE,
070,J,socp17,ordinal,"na, wrong skip(-3)",-3,"na, wrong skip",TRUE,
070,J,socp17,ordinal,"na, see JSOCP04(-2)",-2,"na, see JSOCP04",TRUE,
070,J,socp17,ordinal,"na, asked(-1)",-1,"na, asked",TRUE,
070,J,socp17,ordinal,no(1),1,no,FALSE,
070,J,socp17,ordinal,yes(2),2,yes,FALSE,
070,J,socp18,ordinal,"na, wrong skip(-3)",-3,"na, wrong skip",TRUE,
070,J,socp18,ordinal,"na, see JSOCP05(-2)",-2,"na, see JSOCP05",TRUE,
070,J,socp18,ordinal,"na, asked(-1)",-1,"na, asked",TRUE,
070,J,socp18,ordinal,no(1),1,no,FALSE,
070,J,socp18,ordinal,yes(2),2,yes,FALSE,
070,J,socp19,ordinal,"na, wrong skip(-3)",-3,"na, wrong skip",TRUE,
070,J,socp19,ordinal,"na, see JSOCP06(-2)",-2,"na, see JSOCP06",TRUE,
070,J,socp19,ordinal,"na, asked(-1)",-1,"na, asked",TRUE,
070,J,socp19,ordinal,no(1),1,no,FALSE,
070,J,socp19,ordinal,yes(2),2,yes,FALSE,
070,J,socp20,ordinal,"na, wrong skip(-3)",-3,"na, wrong skip",TRUE,
070,J,socp20,ordinal,"na, see JSOCP07(-2)",-2,"na, see JSOCP07",TRUE,
070,J,socp20,ordinal,"na, asked(-1)",-1,"na, asked",TRUE,
070,J,socp20,ordinal,no(1),1,no,FALSE,
070,J,socp20,ordinal,yes(2),2,yes,FALSE,
070,J,socp21,ordinal,"na, wrong skip(-3)",-3,"na, wrong skip",TRUE,
070,J,socp21,ordinal,"na, see JSOCP08(-2)",-2,"na, see JSOCP08",TRUE,
070,J,socp21,ordinal,"na, asked(-1)",-1,"na, asked",TRUE,
070,J,socp21,ordinal,no(1),1,no,FALSE,
070,J,socp21,ordinal,yes(2),2,yes,FALSE,
070,J,socp22,ordinal,"na, wrong skip(-3)",-3,"na, wrong skip",TRUE,
070,J,socp22,ordinal,"na, see JSOCP09(-2)",-2,"na, see JSOCP09",TRUE,
070,J,socp22,ordinal,"na, asked(-1)",-1,"na, asked",TRUE,
070,J,socp22,ordinal,no(1),1,no,FALSE,
070,J,socp22,ordinal,yes(2),2,yes,FALSE,
070,J,socp23,ordinal,"na, wrong skip(-3)",-3,"na, wrong skip",TRUE,
070,J,socp23,ordinal,"na, see JSOCP10(-2)",-2,"na, see JSOCP10",TRUE,
070,J,socp23,ordinal,"na, asked(-1)",-1,"na, asked",TRUE,
070,J,socp23,ordinal,no(1),1,no,FALSE,
070,J,socp23,ordinal,yes(2),2,yes,FALSE,
070,J,socp24,ordinal,"na, wrong skip(-3)",-3,"na, wrong skip",TRUE,
070,J,socp24,ordinal,"na, see JSOCP11(-2)",-2,"na, see JSOCP11",TRUE,
070,J,socp24,ordinal,"na, asked(-1)",-1,"na, asked",TRUE,
070,J,socp24,ordinal,no(1),1,no,FALSE,
070,J,socp24,ordinal,yes(2),2,yes,FALSE,
070,J,socp25,ordinal,"na, wrong skip(-3)",-3,"na, wrong skip",TRUE,
070,J,socp25,ordinal,"na, see JSOCP12(-2)",-2,"na, see JSOCP12",TRUE,
070,J,socp25,ordinal,"na, asked(-1)",-1,"na, asked",TRUE,
070,J,socp25,ordinal,no(1),1,no,FALSE,
070,J,socp25,ordinal,yes(2),2,yes,FALSE,
070,J,socp26,ordinal,"na, wrong skip(-3)",-3,"na, wrong skip",TRUE,
070,J,socp26,ordinal,"na, see JSOCP13(-2)",-2,"na, see JSOCP13",TRUE,
070,J,socp26,ordinal,"na, asked(-1)",-1,"na, asked",TRUE,
070,J,socp26,ordinal,no(1),1,no,FALSE,
070,J,socp26,ordinal,yes(2),2,yes,FALSE,
070,J,socp27,ordinal,"na, wrong skip(-3)",-3,"na, wrong skip",TRUE,
070,J,socp27,ordinal,"na, see JSOCP14-26(-2)",-2,"na, see JSOCP14-26",TRUE,
070,J,socp27,ordinal,"na, asked(-1)",-1,"na, asked",TRUE,
070,J,socp28,binary,"na, wrong skip(-3)",-3,"na, wrong skip",TRUE,
070,J,socp28,binary,"na, see JSOCP27(-2)",-2,"na, see JSOCP27",TRUE,
070,J,socp28,binary,"na, asked(-1)",-1,"na, asked",TRUE,
070,J,socp28,binary,does not visit(0),0,does not visit,FALSE,
070,J,socp28,binary,no(1),1,no,FALSE,
070,J,socp28,binary,yes(2),2,yes,FALSE,
070,J,socp30,numeric,"na, wrong skip(-3)",-3,"na, wrong skip",TRUE,
070,J,socp30,numeric,"na, see JSOCP28(-2)",-2,"na, see JSOCP28",TRUE,
070,J,socp30,numeric,"na, asked(-1)",-1,"na, asked",TRUE,
070,J,socp31,binary,"na, wrong skip(-3)",-3,"na, wrong skip",TRUE,
070,J,socp31,binary,"na, see JSOCP27(-2)",-2,"na, see JSOCP27",TRUE,
070,J,socp31,binary,"na, asked(-1)",-1,"na, asked",TRUE,
070,J,socp31,binary,no(1),1,no,FALSE,
070,J,socp31,binary,yes(2),2,yes,FALSE,
070,J,socp33,numeric,"na, wrong skip(-3)",-3,"na, wrong skip",TRUE,
070,J,socp33,numeric,"na, see JSOCP31(-2)",-2,"na, see JSOCP31",TRUE,
070,J,socp33,numeric,"na, asked(-1)",-1,"na, asked",TRUE,
070,J,socp46,ordinal,"na, wrong skip(-3)",-3,"na, wrong skip",TRUE,
070,J,socp46,ordinal,"na, see JRMSO(-2)",-2,"na, see JRMSO",TRUE,
070,J,socp46,ordinal,"na, asked(-1)",-1,"na, asked",TRUE,
070,J,socp47,ordinal,"see jsocp46 -> na, wrong skip(-3)",-3,"na, wrong skip",TRUE,
070,J,socp47,ordinal,"see jsocp46 -> na, see JRMSO(-2)",-2,"na, see JRMSO",TRUE,
070,J,socp47,ordinal,"see jsocp46 -> na, asked(-1)",-1,"na, asked",TRUE,
070,J,socp48,ordinal,"see jsocp46 -> na, wrong skip(-3)",-3,"na, wrong skip",TRUE,
070,J,socp48,ordinal,"see jsocp46 -> na, see JRMSO(-2)",-2,"na, see JRMSO",TRUE,
070,J,socp48,ordinal,"see jsocp46 -> na, asked(-1)",-1,"na, asked",TRUE,
070,J,socp49,ordinal,"see jsocp46 -> na, wrong skip(-3)",-3,"na, wrong skip",TRUE,
070,J,socp49,ordinal,"see jsocp46 -> na, see JRMSO(-2)",-2,"na, see JRMSO",TRUE,
070,J,socp49,ordinal,"see jsocp46 -> na, asked(-1)",-1,"na, asked",TRUE,
070,J,socpr50,ordinal,"see jsocp46 -> na, wrong skip(-3)",-3,"na, wrong skip",TRUE,
070,J,socpr50,ordinal,"see jsocp46 -> na, see JRMSO(-2)",-2,"na, see JRMSO",TRUE,
070,J,socpr50,ordinal,"see jsocp46 -> na, asked(-1)",-1,"na, asked",TRUE,
070,J,socp51,ordinal,"see jsocp46 -> na, wrong skip(-3)",-3,"na, wrong skip",TRUE,
070,J,socp51,ordinal,"see jsocp46 -> na, see JRMSO(-2)",-2,"na, see JRMSO",TRUE,
070,J,socp51,ordinal,"see jsocp46 -> na, asked(-1)",-1,"na, asked",TRUE,
070,J,socp52,ordinal,"see jsocp46 -> na, wrong skip(-3)",-3,"na, wrong skip",TRUE,
070,J,socp52,ordinal,"see jsocp46 -> na, see JRMSO(-2)",-2,"na, see JRMSO",TRUE,
070,J,socp52,ordinal,"see jsocp46 -> na, asked(-1)",-1,"na, asked",TRUE,
070,J,socp72,binary,"na, wrong skip(-3)",-3,"na, wrong skip",TRUE,
070,J,socp72,binary,"na, see JRMSO(-2)",-2,"na, see JRMSO",TRUE,
070,J,socp72,binary,"na, asked(-1)",-1,"na, asked",TRUE,
070,J,socp72,binary,no(1),1,no,FALSE,
070,J,socp72,binary,yes(2),2,yes,FALSE,
070,J,sp72n1,binary,"na, wrong skip(-3)",-3,"na, wrong skip",TRUE,
070,J,sp72n1,binary,"na, see JSOCP72(-2)",-2,"na, see JSOCP72",TRUE,
070,J,sp72n1,binary,not mentioned(0),0,not mentioned,FALSE,
070,J,sp72n1,binary,mentioned(1),1,mentioned,FALSE,
070,J,sp72n2,binary,"see jsp72n1 -> na, wrong skip(-3)",-3,"na, wrong skip",TRUE,
070,J,sp72n2,binary,"see jsp72n1 -> na, see JSOCP72(-2)",-2,"na, see JSOCP72",TRUE,
070,J,sp72n2,binary,see jsp72n1 -> not mentioned(0),0,not mentioned,FALSE,
070,J,sp72n2,binary,see jsp72n1 -> mentioned(1),1,mentioned,FALSE,
070,J,sp72n3,binary,"see jsp72n1 -> na, wrong skip(-3)",-3,"na, wrong skip",TRUE,
070,J,sp72n3,binary,"see jsp72n1 -> na, see JSOCP72(-2)",-2,"na, see JSOCP72",TRUE,
070,J,sp72n3,binary,see jsp72n1 -> not mentioned(0),0,not mentioned,FALSE,
070,J,sp72n3,binary,see jsp72n1 -> mentioned(1),1,mentioned,FALSE,
070,J,sp72n4,binary,"see jsp72n1 -> na, wrong skip(-3)",-3,"na, wrong skip",TRUE,
070,J,sp72n4,binary,"see jsp72n1 -> na, see JSOCP72(-2)",-2,"na, see JSOCP72",TRUE,
070,J,sp72n4,binary,see jsp72n1 -> not mentioned(0),0,not mentioned,FALSE,
070,J,sp72n4,binary,see jsp72n1 -> mentioned(1),1,mentioned,FALSE,
070,J,sp72n5,binary,"see jsp72n1 -> na, wrong skip(-3)",-3,"na, wrong skip",TRUE,
070,J,sp72n5,binary,"see jsp72n1 -> na, see JSOCP72(-2)",-2,"na, see JSOCP72",TRUE,
070,J,sp72n5,binary,see jsp72n1 -> not mentioned(0),0,not mentioned,FALSE,
070,J,sp72n5,binary,see jsp72n1 -> mentioned(1),1,mentioned,FALSE,
070,J,sp72n6,binary,"see jsp72n1 -> na, wrong skip(-3)",-3,"na, wrong skip",TRUE,
070,J,sp72n6,binary,"see jsp72n1 -> na, see JSOCP72(-2)",-2,"na, see JSOCP72",TRUE,
070,J,sp72n6,binary,see jsp72n1 -> not mentioned(0),0,not mentioned,FALSE,
070,J,sp72n6,binary,see jsp72n1 -> mentioned(1),1,mentioned,FALSE,
070,J,sp72n7,binary,"see jsp72n1 -> na, wrong skip(-3)",-3,"na, wrong skip",TRUE,
070,J,sp72n7,binary,"see jsp72n1 -> na, see JSOCP72(-2)",-2,"na, see JSOCP72",TRUE,
070,J,sp72n7,binary,see jsp72n1 -> not mentioned(0),0,not mentioned,FALSE,
070,J,sp72n7,binary,see jsp72n1 -> mentioned(1),1,mentioned,FALSE,
070,J,sp72n8,binary,"see jsp72n1 -> na, wrong skip(-3)",-3,"na, wrong skip",TRUE,
070,J,sp72n8,binary,"see jsp72n1 -> na, see JSOCP72(-2)",-2,"na, see JSOCP72",TRUE,
070,J,sp72n8,binary,see jsp72n1 -> not mentioned(0),0,not mentioned,FALSE,
070,J,sp72n8,binary,see jsp72n1 -> mentioned(1),1,mentioned,FALSE,
070,J,sp72n10,binary,"see jsp72n1 -> na, wrong skip(-3)",-3,"na, wrong skip",TRUE,
070,J,sp72n10,binary,"see jsp72n1 -> na, see JSOCP72(-2)",-2,"na, see JSOCP72",TRUE,
070,J,sp72n10,binary,see jsp72n1 -> not mentioned(0),0,not mentioned,FALSE,
070,J,sp72n10,binary,see jsp72n1 -> mentioned(1),1,mentioned,FALSE,
070,J,sp72n11,binary,"see jsp72n1 -> na, wrong skip(-3)",-3,"na, wrong skip",TRUE,
070,J,sp72n11,binary,"see jsp72n1 -> na, see JSOCP72(-2)",-2,"na, see JSOCP72",TRUE,
070,J,sp72n11,binary,see jsp72n1 -> not mentioned(0),0,not mentioned,FALSE,
070,J,sp72n11,binary,see jsp72n1 -> mentioned(1),1,mentioned,FALSE,
070,J,socp73,numeric,"na, wrong skip(-3)",-3,"na, wrong skip",TRUE,
070,J,socp73,numeric,"na, see JSOCP72(-2)",-2,"na, see JSOCP72",TRUE,
070,J,socp73,numeric,"na, asked(-1)",-1,"na, asked",TRUE,
070,J,socp93,binary,"na, wrong skip(-3)",-3,"na, wrong skip",TRUE,
070,J,socp93,binary,"na, see JRMSO(-2)",-2,"na, see JRMSO",TRUE,
070,J,socp93,binary,"na, asked(-1)",-1,"na, asked",TRUE,
070,J,socp93,binary,no(1),1,no,FALSE,
070,J,socp93,binary,yes(2),2,yes,FALSE,
070,J,sp93n1,binary,"na, wrong skip(-3)",-3,"na, wrong skip",TRUE,
070,J,sp93n1,binary,"na, see JSOCP93(-2)",-2,"na, see JSOCP93",TRUE,
070,J,sp93n1,binary,not mentioned(0),0,not mentioned,FALSE,
070,J,sp93n1,binary,mentioned(1),1,mentioned,FALSE,
070,J,sp93n2,categorical,,,,,
070,J,sp93n3,categorical,,,,,
070,J,sp93n4,categorical,,,,,
070,J,sp93n5,categorical,,,,,
070,J,sp93n6,categorical,,,,,
070,J,sp93n7,categorical,,,,,
070,J,sp93n8,categorical,,,,,
070,J,sp93n11,categorical,,,,,
070,J,sp93n13,categorical,,,,,
070,J,sp93n14,categorical,,,,,
070,J,socp94,ordinal,"often na, wrong skip(-3)",-3,"often na, wrong skip",TRUE,
070,J,socp94,ordinal,"na, see JSOCP93(-2)",-2,"na, see JSOCP93",TRUE,
070,J,socp94,ordinal,"na, asked(-1)",-1,"na, asked",TRUE,
070,J,socp94,ordinal,daily(1),1,daily,FALSE,
070,J,socp94,ordinal,a few times a week(2),2,a few times a week,FALSE,
070,J,socp94,ordinal,a few times a month(3),3,a few times a month,FALSE,
070,J,socp94,ordinal,a few times a year(4),4,a few times a year,FALSE,
070,J,socp94,ordinal,less than a few times a year(5),5,less than a few times a year,FALSE,
070,J,socp95,binary,"na, wrong skip(-3)",-3,"na, wrong skip",TRUE,
070,J,socp95,binary,"na, see JSOCP72(-2)",-2,"na, see JSOCP72",TRUE,
070,J,socp95,binary,"na, asked(-1)",-1,"na, asked",TRUE,
070,J,socp95,binary,no(1),1,no,FALSE,
070,J,socp95,binary,yes(2),2,yes,FALSE,
070,J,sp95f1,binary,"na, wrong skip(-3)",-3,"na, wrong skip",TRUE,
070,J,sp95f1,binary,"na, see JSOCP95(-2)",-2,"na, see JSOCP95",TRUE,
070,J,sp95f1,binary,not mentioned(0),0,not mentioned,FALSE,
070,J,sp95f1,binary,mentioned(1),1,mentioned,FALSE,
070,J,sp95f2,binary,"see jsp95f1 -> na, wrong skip(-3)",-3,"na, wrong skip",TRUE,
070,J,sp95f2,binary,"see jsp95f1 -> na, see JSOCP95(-2)",-2,"na, see JSOCP95",TRUE,
070,J,sp95f2,binary,see jsp95f1 -> not mentioned(0),0,not mentioned,FALSE,
070,J,sp95f2,binary,see jsp95f1 -> mentioned(1),1,mentioned,FALSE,
070,J,sp95f3,binary,"see jsp95f1 -> na, wrong skip(-3)",-3,"na, wrong skip",TRUE,
070,J,sp95f3,binary,"see jsp95f1 -> na, see JSOCP95(-2)",-2,"na, see JSOCP95",TRUE,
070,J,sp95f3,binary,see jsp95f1 -> not mentioned(0),0,not mentioned,FALSE,
070,J,sp95f3,binary,see jsp95f1 -> mentioned(1),1,mentioned,FALSE,
070,J,sp95f4,binary,"see jsp95f1 -> na, wrong skip(-3)",-3,"na, wrong skip",TRUE,
070,J,sp95f4,binary,"see jsp95f1 -> na, see JSOCP95(-2)",-2,"na, see JSOCP95",TRUE,
070,J,sp95f4,binary,see jsp95f1 -> not mentioned(0),0,not mentioned,FALSE,
070,J,sp95f4,binary,see jsp95f1 -> mentioned(1),1,mentioned,FALSE,
070,J,sp95f5,binary,"see jsp95f1 -> na, wrong skip(-3)",-3,"na, wrong skip",TRUE,
070,J,sp95f5,binary,"see jsp95f1 -> na, see JSOCP95(-2)",-2,"na, see JSOCP95",TRUE,
070,J,sp95f5,binary,see jsp95f1 -> not mentioned(0),0,not mentioned,FALSE,
070,J,sp95f5,binary,see jsp95f1 -> mentioned(1),1,mentioned,FALSE,
070,J,sp95f6,binary,"see jsp95f1 -> na, wrong skip(-3)",-3,"na, wrong skip",TRUE,
070,J,sp95f6,binary,"see jsp95f1 -> na, see JSOCP95(-2)",-2,"na, see JSOCP95",TRUE,
070,J,sp95f6,binary,see jsp95f1 -> not mentioned(0),0,not mentioned,FALSE,
070,J,sp95f6,binary,see jsp95f1 -> mentioned(1),1,mentioned,FALSE,
070,J,sp95f7,binary,"see jsp95f1 -> na, wrong skip(-3)",-3,"na, wrong skip",TRUE,
070,J,sp95f7,binary,"see jsp95f1 -> na, see JSOCP95(-2)",-2,"na, see JSOCP95",TRUE,
070,J,sp95f7,binary,see jsp95f1 -> not mentioned(0),0,not mentioned,FALSE,
070,J,sp95f7,binary,see jsp95f1 -> mentioned(1),1,mentioned,FALSE,
070,J,sp95f8,binary,"see jsp95f1 -> na, wrong skip(-3)",-3,"na, wrong skip",TRUE,
070,J,sp95f8,binary,"see jsp95f1 -> na, see JSOCP95(-2)",-2,"na, see JSOCP95",TRUE,
070,J,sp95f8,binary,see jsp95f1 -> not mentioned(0),0,not mentioned,FALSE,
070,J,sp95f8,binary,see jsp95f1 -> mentioned(1),1,mentioned,FALSE,
070,J,sp95f9,binary,"see jsp95f1 -> na, wrong skip(-3)",-3,"na, wrong skip",TRUE,
070,J,sp95f9,binary,"see jsp95f1 -> na, see JSOCP95(-2)",-2,"na, see JSOCP95",TRUE,
070,J,sp95f9,binary,see jsp95f1 -> not mentioned(0),0,not mentioned,FALSE,
070,J,sp95f9,binary,see jsp95f1 -> mentioned(1),1,mentioned,FALSE,
070,J,sp95f11,binary,"see jsp95f1 -> na, wrong skip(-3)",-3,"na, wrong skip",TRUE,
070,J,sp95f11,binary,"see jsp95f1 -> na, see JSOCP95(-2)",-2,"na, see JSOCP95",TRUE,
070,J,sp95f11,binary,see jsp95f1 -> not mentioned(0),0,not mentioned,FALSE,
070,J,sp95f11,binary,see jsp95f1 -> mentioned(1),1,mentioned,FALSE,
070,J,sp95f13,binary,"see jsp95f1 -> na, wrong skip(-3)",-3,"na, wrong skip",TRUE,
070,J,sp95f13,binary,"see jsp95f1 -> na, see JSOCP95(-2)",-2,"na, see JSOCP95",TRUE,
070,J,sp95f13,binary,see jsp95f1 -> not mentioned(0),0,not mentioned,FALSE,
070,J,sp95f13,binary,see jsp95f1 -> mentioned(1),1,mentioned,FALSE,
070,J,sp95f14,binary,"see jsp95f1 -> na, wrong skip(-3)",-3,"na, wrong skip",TRUE,
070,J,sp95f14,binary,"see jsp95f1 -> na, see JSOCP95(-2)",-2,"na, see JSOCP95",TRUE,
070,J,sp95f14,binary,see jsp95f1 -> not mentioned(0),0,not mentioned,FALSE,
070,J,sp95f14,binary,see jsp95f1 -> mentioned(1),1,mentioned,FALSE,
070,J,sp95f15,binary,"see jsp95f1 -> na, wrong skip(-3)",-3,"na, wrong skip",TRUE,
070,J,sp95f15,binary,"see jsp95f1 -> na, see JSOCP95(-2)",-2,"na, see JSOCP95",TRUE,
070,J,sp95f15,binary,see jsp95f1 -> not mentioned(0),0,not mentioned,FALSE,
070,J,sp95f15,binary,see jsp95f1 -> mentioned(1),1,mentioned,FALSE,
070,J,sp95f16,binary,"see jsp95f1 -> na, wrong skip(-3)",-3,"na, wrong skip",TRUE,
070,J,sp95f16,binary,"see jsp95f1 -> na, see JSOCP95(-2)",-2,"na, see JSOCP95",TRUE,
070,J,sp95f16,binary,see jsp95f1 -> not mentioned(0),0,not mentioned,FALSE,
070,J,sp95f16,binary,see jsp95f1 -> mentioned(1),1,mentioned,FALSE,
070,J,sp95f17,binary,"see jsp95f1 -> na, wrong skip(-3)",-3,"na, wrong skip",TRUE,
070,J,sp95f17,binary,"see jsp95f1 -> na, see JSOCP95(-2)",-2,"na, see JSOCP95",TRUE,
070,J,sp95f17,binary,see jsp95f1 -> not mentioned(0),0,not mentioned,FALSE,
070,J,sp95f17,binary,see jsp95f1 -> mentioned(1),1,mentioned,FALSE,
070,J,socp96,ordinal,"na, wrong skip(-3)",-3,"na, wrong skip",TRUE,
070,J,socp96,ordinal,"na, see JSP95F6(-2)",-2,"na, see JSP95F6",TRUE,
070,J,socp96,ordinal,"na, asked(-1)",-1,"na, asked",TRUE,
070,J,socp96,ordinal,daily(1),1,daily,FALSE,
070,J,socp96,ordinal,a few times a week(2),2,a few times a week,FALSE,
070,J,socp96,ordinal,a few times a month(3),3,a few times a month,FALSE,
070,J,socp96,ordinal,a few times a year(4),4,a few times a year,FALSE,
070,J,socp96,ordinal,less than a few times a year(5),5,less than a few times a year,FALSE,
070,J,socp97,categorical,"na, wrong skip)-3), na, see JSOCP72 & JSOCP93 & JSOCP95(-2)",-2,"na, wrong skip)-3), na, see JSOCP72 & JSOCP93 & JSOCP95",TRUE,
070,J,socp97,categorical,"na, asked(-1)",-1,"na, asked",TRUE,
070,J,socp97,categorical,no(1),1,no,FALSE,
070,J,socp97,categorical,yes(2),2,yes,FALSE,
070,J,socp98,ordinal,"often na, wrong skip(-3)",-3,"often na, wrong skip",TRUE,
070,J,socp98,ordinal,"na, see JSOCP97(-2)",-2,"na, see JSOCP97",TRUE,
070,J,socp98,ordinal,"na, asked(-1)",-1,"na, asked",TRUE,
070,J,socp98,ordinal,daily(1),1,daily,FALSE,
070,J,socp98,ordinal,a few times a week(2),2,a few times a week,FALSE,
070,J,socp98,ordinal,a few times a month(3),3,a few times a month,FALSE,
070,J,socp98,ordinal,a few times a year(4),4,a few times a year,FALSE,
070,J,socp98,ordinal,less than a few times a year(5),5,less than a few times a year,FALSE,
070,J,sp97s1,binary,"na, wrong skip(-3)",-3,"na, wrong skip",TRUE,
070,J,sp97s1,binary,"na, see JSOCP97(-2)",-2,"na, see JSOCP97",TRUE,
070,J,sp97s1,binary,"na, asked(-1)",-1,"na, asked",TRUE,
070,J,sp97s1,binary,not mentioned(0),0,not mentioned,FALSE,
070,J,sp97s1,binary,mentioned(1),1,mentioned,FALSE,
070,J,sp97s2,binary,"see jsp97s1 -> na, wrong skip(-3)",-3,"na, wrong skip",TRUE,
070,J,sp97s2,binary,"see jsp97s1 -> na, see JSOCP97(-2)",-2,"na, see JSOCP97",TRUE,
070,J,sp97s2,binary,"see jsp97s1 -> na, asked(-1)",-1,"na, asked",TRUE,
070,J,sp97s2,binary,see jsp97s1 -> not mentioned(0),0,not mentioned,FALSE,
070,J,sp97s2,binary,see jsp97s1 -> mentioned(1),1,mentioned,FALSE,
070,J,sp97s3,binary,"see jsp97s1 -> na, wrong skip(-3)",-3,"na, wrong skip",TRUE,
070,J,sp97s3,binary,"see jsp97s1 -> na, see JSOCP97(-2)",-2,"na, see JSOCP97",TRUE,
070,J,sp97s3,binary,"see jsp97s1 -> na, asked(-1)",-1,"na, asked",TRUE,
070,J,sp97s3,binary,see jsp97s1 -> not mentioned(0),0,not mentioned,FALSE,
070,J,sp97s3,binary,see jsp97s1 -> mentioned(1),1,mentioned,FALSE,
070,J,sp97s4,binary,"see jsp97s1 -> na, wrong skip(-3)",-3,"na, wrong skip",TRUE,
070,J,sp97s4,binary,"see jsp97s1 -> na, see JSOCP97(-2)",-2,"na, see JSOCP97",TRUE,
070,J,sp97s4,binary,"see jsp97s1 -> na, asked(-1)",-1,"na, asked",TRUE,
070,J,sp97s4,binary,see jsp97s1 -> not mentioned(0),0,not mentioned,FALSE,
070,J,sp97s4,binary,see jsp97s1 -> mentioned(1),1,mentioned,FALSE,
070,J,sp97s5,binary,"see jsp97s1 -> na, wrong skip(-3)",-3,"na, wrong skip",TRUE,
070,J,sp97s5,binary,"see jsp97s1 -> na, see JSOCP97(-2)",-2,"na, see JSOCP97",TRUE,
070,J,sp97s5,binary,"see jsp97s1 -> na, asked(-1)",-1,"na, asked",TRUE,
070,J,sp97s5,binary,see jsp97s1 -> not mentioned(0),0,not mentioned,FALSE,
070,J,sp97s5,binary,see jsp97s1 -> mentioned(1),1,mentioned,FALSE,
070,J,sp97s6,binary,"see jsp97s1 -> na, wrong skip(-3)",-3,"na, wrong skip",TRUE,
070,J,sp97s6,binary,"see jsp97s1 -> na, see JSOCP97(-2)",-2,"na, see JSOCP97",TRUE,
070,J,sp97s6,binary,"see jsp97s1 -> na, asked(-1)",-1,"na, asked",TRUE,
070,J,sp97s6,binary,see jsp97s1 -> not mentioned(0),0,not mentioned,FALSE,
070,J,sp97s6,binary,see jsp97s1 -> mentioned(1),1,mentioned,FALSE,
070,J,sp97s7,binary,"see jsp97s1 -> na, wrong skip(-3)",-3,"na, wrong skip",TRUE,
070,J,sp97s7,binary,"see jsp97s1 -> na, see JSOCP97(-2)",-2,"na, see JSOCP97",TRUE,
070,J,sp97s7,binary,"see jsp97s1 -> na, asked(-1)",-1,"na, asked",TRUE,
070,J,sp97s7,binary,see jsp97s1 -> not mentioned(0),0,not mentioned,FALSE,
070,J,sp97s7,binary,see jsp97s1 -> mentioned(1),1,mentioned,FALSE,
070,J,sp97s8,binary,"see jsp97s1 -> na, wrong skip(-3)",-3,"na, wrong skip",TRUE,
070,J,sp97s8,binary,"see jsp97s1 -> na, see JSOCP97(-2)",-2,"na, see JSOCP97",TRUE,
070,J,sp97s8,binary,"see jsp97s1 -> na, asked(-1)",-1,"na, asked",TRUE,
070,J,sp97s8,binary,see jsp97s1 -> not mentioned(0),0,not mentioned,FALSE,
070,J,sp97s8,binary,see jsp97s1 -> mentioned(1),1,mentioned,FALSE,
070,J,socp55,binary,"na, wrong skip(-3)",-3,"na, wrong skip",TRUE,
070,J,socp55,binary,"na, see JRMSO(-2)",-2,"na, see JRMSO",TRUE,
070,J,socp55,binary,"na, asked(-1)",-1,"na, asked",TRUE,
070,J,socp55,binary,no(1),1,no,FALSE,
070,J,socp55,binary,yes(2),2,yes,FALSE,
070,J,socp56,binary,"na, wrong skip(-3)",-3,"na, wrong skip",TRUE,
070,J,socp56,binary,"na, see JSOCP55(-2)",-2,"na, see JSOCP55",TRUE,
070,J,socp56,binary,"na, asked(-1)",-1,"na, asked",TRUE,
070,J,socp56,binary,not mentioned(0),0,not mentioned,FALSE,
070,J,socp56,binary,mentioned(1),1,mentioned,FALSE,
070,J,socp57,binary,"see jsocp56 -> na, wrong skip(-3)",-3,"na, wrong skip",TRUE,
070,J,socp57,binary,"see jsocp56 -> na, see JSOCP55(-2)",-2,"na, see JSOCP55",TRUE,
070,J,socp57,binary,"see jsocp56 -> na, asked(-1)",-1,"na, asked",TRUE,
070,J,socp57,binary,see jsocp56 -> not mentioned(0),0,not mentioned,FALSE,
070,J,socp57,binary,see jsocp56 -> mentioned(1),1,mentioned,FALSE,
070,J,socp58,binary,"see jsocp56 -> na, wrong skip(-3)",-3,"na, wrong skip",TRUE,
070,J,socp58,binary,"see jsocp56 -> na, see JSOCP55(-2)",-2,"na, see JSOCP55",TRUE,
070,J,socp58,binary,"see jsocp56 -> na, asked(-1)",-1,"na, asked",TRUE,
070,J,socp58,binary,see jsocp56 -> not mentioned(0),0,not mentioned,FALSE,
070,J,socp58,binary,see jsocp56 -> mentioned(1),1,mentioned,FALSE,
070,J,socp59,binary,"see jsocp56 -> na, wrong skip(-3)",-3,"na, wrong skip",TRUE,
070,J,socp59,binary,"see jsocp56 -> na, see JSOCP55(-2)",-2,"na, see JSOCP55",TRUE,
070,J,socp59,binary,"see jsocp56 -> na, asked(-1)",-1,"na, asked",TRUE,
070,J,socp59,binary,see jsocp56 -> not mentioned(0),0,not mentioned,FALSE,
070,J,socp59,binary,see jsocp56 -> mentioned(1),1,mentioned,FALSE,
070,J,socp60,binary,"see jsocp56 -> na, wrong skip(-3)",-3,"na, wrong skip",TRUE,
070,J,socp60,binary,"see jsocp56 -> na, see JSOCP55(-2)",-2,"na, see JSOCP55",TRUE,
070,J,socp60,binary,"see jsocp56 -> na, asked(-1)",-1,"na, asked",TRUE,
070,J,socp60,binary,see jsocp56 -> not mentioned(0),0,not mentioned,FALSE,
070,J,socp60,binary,see jsocp56 -> mentioned(1),1,mentioned,FALSE,
070,J,socp61,binary,"see jsocp56 -> na, wrong skip(-3)",-3,"na, wrong skip",TRUE,
070,J,socp61,binary,"see jsocp56 -> na, see JSOCP55(-2)",-2,"na, see JSOCP55",TRUE,
070,J,socp61,binary,"see jsocp56 -> na, asked(-1)",-1,"na, asked",TRUE,
070,J,socp61,binary,see jsocp56 -> not mentioned(0),0,not mentioned,FALSE,
070,J,socp61,binary,see jsocp56 -> mentioned(1),1,mentioned,FALSE,
070,J,socp66,categorical,"na, wrong skip(-3)",-3,"na, wrong skip",TRUE,
070,J,socp66,categorical,"na, see JRMSO(-2)",-2,"na, see JRMSO",TRUE,
070,J,socp66,categorical,"na, asked(-1)",-1,"na, asked",TRUE,
070,J,socp66,categorical,agree(1),1,agree,FALSE,
070,J,socp66,categorical,disagree(2),2,disagree,FALSE,
070,J,socp66,categorical,no opinion/don't know(3),3,no opinion/don't know,FALSE,
070,J,socp67,numeric,"na, wrong skip(-3)",-3,"na, wrong skip",TRUE,
070,J,socp67,numeric,"na, see JSOCP66(-2)",-2,"na, see JSOCP66",TRUE,
070,J,socp67,numeric,"na, asked(-1)",-1,"na, asked",TRUE,
070,J,socp67,numeric,dependent on person(0),0,dependent on person,FALSE,
070,J,socp68,categorical,"na, wrong skip(-3)",-3,"na, wrong skip",TRUE,
070,J,socp68,categorical,"na, see JRMSO(-2)",-2,"na, see JRMSO",TRUE,
070,J,socp68,categorical,"na, asked(-1)",-1,"na, asked",TRUE,
070,J,socp68,categorical,agree(1),1,agree,FALSE,
070,J,socp68,categorical,disagree(2),2,disagree,FALSE,
070,J,socp68,categorical,no opinion/don't know(3),3,no opinion/don't know,FALSE,
070,J,socp69,numeric,"na, wrong skip(-3)",-3,"na, wrong skip",TRUE,
070,J,socp69,numeric,"na, see JSOCP68(-2)",-2,"na, see JSOCP68",TRUE,
070,J,socp69,numeric,"na, asked(-1)",-1,"na, asked",TRUE,
070,J,socp69,numeric,dependent on person(0),0,dependent on person,FALSE,
070,J,rmso,categorical,valid data(-2),-2,valid data,TRUE,
070,J,rmso,categorical,short interview(1),1,short interview,FALSE,
070,Z,socpyn,binary,-5,-5,interview terminated,TRUE,
070,Z,socpyn,binary,-4,-4,"not available, short interview",TRUE,
070,Z,socpyn,binary,-3,-3,"not available, wrong skip",TRUE,
070,Z,socpyn,binary,-2,-2,"not available, routing",TRUE,
070,Z,socpyn,binary,-1,-1,"not available, asked",TRUE,
070,Z,socpyn,binary,1,1,no,FALSE,
070,Z,socpyn,binary,2,2,yes,FALSE,
070,Z,socp01,binary,-5,-5,interview terminated,TRUE,
070,Z,socp01,binary,-4,-4,"not available, short interview",TRUE,
070,Z,socp01,binary,-3,-3,"not available, wrong skip",TRUE,
070,Z,socp01,binary,-2,-2,"not available, routing",TRUE,
070,Z,socp01,binary,-1,-1,"not available, asked",TRUE,
070,Z,socp01,binary,0,0,not mentioned,FALSE,
070,Z,socp01,binary,1,1,coding category 1,FALSE,"Cross-wave coding conflict: 1 differs for B (no), C/D/E/2B/F/G/H/3B/I/MB/J (mentioned)"
070,Z,socp01,binary,2,2,yes,FALSE,
070,Z,socp02,binary,-5,-5,interview terminated,TRUE,
070,Z,socp02,binary,-4,-4,"not available, short interview",TRUE,
070,Z,socp02,binary,-3,-3,"not available, wrong skip",TRUE,
070,Z,socp02,binary,-2,-2,"not available, routing",TRUE,
070,Z,socp02,binary,-1,-1,"not available, asked",TRUE,
070,Z,socp02,binary,0,0,not mentioned,FALSE,
070,Z,socp02,binary,1,1,coding category 1,FALSE,"Cross-wave coding conflict: 1 differs for B (no), C/D/E/2B/F/G/H/3B/I/J (mentioned)"
070,Z,socp02,binary,2,2,yes,FALSE,
070,Z,socp03,binary,-5,-5,interview terminated,TRUE,
070,Z,socp03,binary,-4,-4,"not available, short interview",TRUE,
070,Z,socp03,binary,-3,-3,"not available, wrong skip",TRUE,
070,Z,socp03,binary,-2,-2,"not available, routing",TRUE,
070,Z,socp03,binary,-1,-1,"not available, asked",TRUE,
070,Z,socp03,binary,0,0,not mentioned,FALSE,
070,Z,socp03,binary,1,1,coding category 1,FALSE,"Cross-wave coding conflict: 1 differs for B (no), C/D/E/2B/F/G/H/3B/I/J (mentioned)"
070,Z,socp03,binary,2,2,yes,FALSE,
070,Z,socp04,binary,-5,-5,interview terminated,TRUE,
070,Z,socp04,binary,-4,-4,"not available, short interview",TRUE,
070,Z,socp04,binary,-3,-3,"not available, wrong skip",TRUE,
070,Z,socp04,binary,-2,-2,"not available, routing",TRUE,
070,Z,socp04,binary,-1,-1,"not available, asked",TRUE,
070,Z,socp04,binary,0,0,not mentioned,FALSE,
070,Z,socp04,binary,1,1,coding category 1,FALSE,"Cross-wave coding conflict: 1 differs for B (no), C/D/E/2B/F/G/H/3B/I/MB/J (mentioned)"
070,Z,socp04,binary,2,2,yes,FALSE,
070,Z,socp05,binary,-5,-5,interview terminated,TRUE,
070,Z,socp05,binary,-4,-4,"not available, short interview",TRUE,
070,Z,socp05,binary,-3,-3,"not available, wrong skip",TRUE,
070,Z,socp05,binary,-2,-2,"not available, routing",TRUE,
070,Z,socp05,binary,-1,-1,"not available, asked",TRUE,
070,Z,socp05,binary,0,0,not mentioned,FALSE,
070,Z,socp05,binary,1,1,coding category 1,FALSE,"Cross-wave coding conflict: 1 differs for B (no), C/D/E/2B/F/G/H/3B/I/MB/J (mentioned)"
070,Z,socp05,binary,2,2,yes,FALSE,
070,Z,socp06,binary,-5,-5,interview terminated,TRUE,
070,Z,socp06,binary,-4,-4,"not available, short interview",TRUE,
070,Z,socp06,binary,-3,-3,"not available, wrong skip",TRUE,
070,Z,socp06,binary,-2,-2,"not available, routing",TRUE,
070,Z,socp06,binary,-1,-1,"not available, asked",TRUE,
070,Z,socp06,binary,0,0,not mentioned,FALSE,
070,Z,socp06,binary,1,1,coding category 1,FALSE,"Cross-wave coding conflict: 1 differs for B (no), C/D/E/2B/F/G/H/3B/I/MB/J (mentioned)"
070,Z,socp06,binary,2,2,yes,FALSE,
070,Z,socp07,binary,-5,-5,interview terminated,TRUE,
070,Z,socp07,binary,-4,-4,"not available, short interview",TRUE,
070,Z,socp07,binary,-3,-3,"not available, wrong skip",TRUE,
070,Z,socp07,binary,-2,-2,"not available, routing",TRUE,
070,Z,socp07,binary,-1,-1,"not available, asked",TRUE,
070,Z,socp07,binary,0,0,not mentioned,FALSE,
070,Z,socp07,binary,1,1,coding category 1,FALSE,"Cross-wave coding conflict: 1 differs for B (no), C/D/E/2B/F/G/H/3B/I/J (mentioned)"
070,Z,socp07,binary,2,2,yes,FALSE,
070,Z,socp08,binary,-5,-5,interview terminated,TRUE,
070,Z,socp08,binary,-4,-4,"not available, short interview",TRUE,
070,Z,socp08,binary,-3,-3,"not available, wrong skip",TRUE,
070,Z,socp08,binary,-2,-2,"not available, routing",TRUE,
070,Z,socp08,binary,-1,-1,"not available, asked",TRUE,
070,Z,socp08,binary,0,0,not mentioned,FALSE,
070,Z,socp08,binary,1,1,coding category 1,FALSE,"Cross-wave coding conflict: 1 differs for B (no), C/D/E/2B/F/G/H/3B/I/MB/J (mentioned)"
070,Z,socp08,binary,2,2,yes,FALSE,
070,Z,socp09,binary,-5,-5,interview terminated,TRUE,
070,Z,socp09,binary,-4,-4,"not available, short interview",TRUE,
070,Z,socp09,binary,-3,-3,"not available, wrong skip",TRUE,
070,Z,socp09,binary,-2,-2,"not available, routing",TRUE,
070,Z,socp09,binary,-1,-1,"not available, asked",TRUE,
070,Z,socp09,binary,0,0,not mentioned,FALSE,
070,Z,socp09,binary,1,1,coding category 1,FALSE,"Cross-wave coding conflict: 1 differs for B (no), C/D/E/2B/F/G/H/3B/I/MB/J (mentioned)"
070,Z,socp09,binary,2,2,yes,FALSE,
070,Z,socp10,binary,-5,-5,interview terminated,TRUE,
070,Z,socp10,binary,-4,-4,"not available, short interview",TRUE,
070,Z,socp10,binary,-3,-3,"not available, wrong skip",TRUE,
070,Z,socp10,binary,-2,-2,"not available, routing",TRUE,
070,Z,socp10,binary,-1,-1,"not available, asked",TRUE,
070,Z,socp10,binary,0,0,not mentioned,FALSE,
070,Z,socp10,binary,1,1,coding category 1,FALSE,"Cross-wave coding conflict: 1 differs for B (no), C/D/E/2B/F/G/H/3B/I/MB/J (mentioned)"
070,Z,socp10,binary,2,2,yes,FALSE,
070,Z,socp11,binary,-5,-5,interview terminated,TRUE,
070,Z,socp11,binary,-4,-4,"not available, short interview",TRUE,
070,Z,socp11,binary,-3,-3,"not available, wrong skip",TRUE,
070,Z,socp11,binary,-2,-2,"not available, routing",TRUE,
070,Z,socp11,binary,-1,-1,"not available, asked",TRUE,
070,Z,socp11,binary,0,0,not mentioned,FALSE,
070,Z,socp11,binary,1,1,coding category 1,FALSE,"Cross-wave coding conflict: 1 differs for B (no), C/D/E/2B/F/G/H/3B/I/MB/J (mentioned)"
070,Z,socp11,binary,2,2,yes,FALSE,
070,Z,socp12,binary,-5,-5,interview terminated,TRUE,
070,Z,socp12,binary,-4,-4,"not available, short interview",TRUE,
070,Z,socp12,binary,-3,-3,"not available, wrong skip",TRUE,
070,Z,socp12,binary,-2,-2,"not available, routing",TRUE,
070,Z,socp12,binary,-1,-1,"not available, asked",TRUE,
070,Z,socp12,binary,0,0,not mentioned,FALSE,
070,Z,socp12,binary,1,1,coding category 1,FALSE,"Cross-wave coding conflict: 1 differs for B (no), C/D/E/2B/F/G/H/3B/I/MB/J (mentioned)"
070,Z,socp12,binary,2,2,yes,FALSE,
070,Z,socp13,binary,-5,-5,interview terminated,TRUE,
070,Z,socp13,binary,-4,-4,"not available, short interview",TRUE,
070,Z,socp13,binary,-3,-3,"not available, wrong skip",TRUE,
070,Z,socp13,binary,-2,-2,"not available, routing",TRUE,
070,Z,socp13,binary,-1,-1,"not available, asked",TRUE,
070,Z,socp13,binary,0,0,not mentioned,FALSE,
070,Z,socp13,binary,1,1,coding category 1,FALSE,"Cross-wave coding conflict: 1 differs for B (no), C/D/E/2B/F/G/H/3B/I/MB/J (mentioned)"
070,Z,socp13,binary,2,2,yes,FALSE,
070,Z,socp14,ordinal,-5,-5,interview terminated,TRUE,
070,Z,socp14,ordinal,-4,-4,"not available, short interview",TRUE,
070,Z,socp14,ordinal,-3,-3,"not available, wrong skip",TRUE,
070,Z,socp14,ordinal,-2,-2,"not available, routing",TRUE,
070,Z,socp14,ordinal,-1,-1,"not available, asked",TRUE,
070,Z,socp14,ordinal,1,1,no,FALSE,
070,Z,socp14,ordinal,2,2,yes,FALSE,
070,Z,socp15,ordinal,-5,-5,interview terminated,TRUE,
070,Z,socp15,ordinal,-4,-4,"not available, short interview",TRUE,
070,Z,socp15,ordinal,-3,-3,"not available, wrong skip",TRUE,
070,Z,socp15,ordinal,-2,-2,"not available, routing",TRUE,
070,Z,socp15,ordinal,-1,-1,"not available, asked",TRUE,
070,Z,socp15,ordinal,1,1,no,FALSE,
070,Z,socp15,ordinal,2,2,yes,FALSE,
070,Z,socp16,ordinal,-5,-5,interview terminated,TRUE,
070,Z,socp16,ordinal,-4,-4,"not available, short interview",TRUE,
070,Z,socp16,ordinal,-3,-3,"not available, wrong skip",TRUE,
070,Z,socp16,ordinal,-2,-2,"not available, routing",TRUE,
070,Z,socp16,ordinal,-1,-1,"not available, asked",TRUE,
070,Z,socp16,ordinal,1,1,no,FALSE,
070,Z,socp16,ordinal,2,2,yes,FALSE,
070,Z,socp17,ordinal,-5,-5,interview terminated,TRUE,
070,Z,socp17,ordinal,-4,-4,"not available, short interview",TRUE,
070,Z,socp17,ordinal,-3,-3,"not available, wrong skip",TRUE,
070,Z,socp17,ordinal,-2,-2,"not available, routing",TRUE,
070,Z,socp17,ordinal,-1,-1,"not available, asked",TRUE,
070,Z,socp17,ordinal,1,1,no,FALSE,
070,Z,socp17,ordinal,2,2,yes,FALSE,
070,Z,socp18,ordinal,-5,-5,interview terminated,TRUE,
070,Z,socp18,ordinal,-4,-4,"not available, short interview",TRUE,
070,Z,socp18,ordinal,-3,-3,"not available, wrong skip",TRUE,
070,Z,socp18,ordinal,-2,-2,"not available, routing",TRUE,
070,Z,socp18,ordinal,-1,-1,"not available, asked",TRUE,
070,Z,socp18,ordinal,1,1,no,FALSE,
070,Z,socp18,ordinal,2,2,yes,FALSE,
070,Z,socp19,ordinal,-5,-5,interview terminated,TRUE,
070,Z,socp19,ordinal,-4,-4,"not available, short interview",TRUE,
070,Z,socp19,ordinal,-3,-3,"not available, wrong skip",TRUE,
070,Z,socp19,ordinal,-2,-2,"not available, routing",TRUE,
070,Z,socp19,ordinal,-1,-1,"not available, asked",TRUE,
070,Z,socp19,ordinal,1,1,no,FALSE,
070,Z,socp19,ordinal,2,2,yes,FALSE,
070,Z,socp20,ordinal,-5,-5,interview terminated,TRUE,
070,Z,socp20,ordinal,-4,-4,"not available, short interview",TRUE,
070,Z,socp20,ordinal,-3,-3,"not available, wrong skip",TRUE,
070,Z,socp20,ordinal,-2,-2,"not available, routing",TRUE,
070,Z,socp20,ordinal,-1,-1,"not available, asked",TRUE,
070,Z,socp20,ordinal,1,1,no,FALSE,
070,Z,socp20,ordinal,2,2,yes,FALSE,
070,Z,socp21,ordinal,-5,-5,interview terminated,TRUE,
070,Z,socp21,ordinal,-4,-4,"not available, short interview",TRUE,
070,Z,socp21,ordinal,-3,-3,"not available, wrong skip",TRUE,
070,Z,socp21,ordinal,-2,-2,"not available, routing",TRUE,
070,Z,socp21,ordinal,-1,-1,"not available, asked",TRUE,
070,Z,socp21,ordinal,1,1,no,FALSE,
070,Z,socp21,ordinal,2,2,yes,FALSE,
070,Z,socp22,ordinal,-5,-5,interview terminated,TRUE,
070,Z,socp22,ordinal,-4,-4,"not available, short interview",TRUE,
070,Z,socp22,ordinal,-3,-3,"not available, wrong skip",TRUE,
070,Z,socp22,ordinal,-2,-2,"not available, routing",TRUE,
070,Z,socp22,ordinal,-1,-1,"not available, asked",TRUE,
070,Z,socp22,ordinal,1,1,no,FALSE,
070,Z,socp22,ordinal,2,2,yes,FALSE,
070,Z,socp23,ordinal,-5,-5,interview terminated,TRUE,
070,Z,socp23,ordinal,-4,-4,"not available, short interview",TRUE,
070,Z,socp23,ordinal,-3,-3,"not available, wrong skip",TRUE,
070,Z,socp23,ordinal,-2,-2,"not available, routing",TRUE,
070,Z,socp23,ordinal,-1,-1,"not available, asked",TRUE,
070,Z,socp23,ordinal,1,1,no,FALSE,
070,Z,socp23,ordinal,2,2,yes,FALSE,
070,Z,socp24,ordinal,-5,-5,interview terminated,TRUE,
070,Z,socp24,ordinal,-4,-4,"not available, short interview",TRUE,
070,Z,socp24,ordinal,-3,-3,"not available, wrong skip",TRUE,
070,Z,socp24,ordinal,-2,-2,"not available, routing",TRUE,
070,Z,socp24,ordinal,-1,-1,"not available, asked",TRUE,
070,Z,socp24,ordinal,1,1,no,FALSE,
070,Z,socp24,ordinal,2,2,yes,FALSE,
070,Z,socp25,ordinal,-5,-5,interview terminated,TRUE,
070,Z,socp25,ordinal,-4,-4,"not available, short interview",TRUE,
070,Z,socp25,ordinal,-3,-3,"not available, wrong skip",TRUE,
070,Z,socp25,ordinal,-2,-2,"not available, routing",TRUE,
070,Z,socp25,ordinal,-1,-1,"not available, asked",TRUE,
070,Z,socp25,ordinal,1,1,no,FALSE,
070,Z,socp25,ordinal,2,2,yes,FALSE,
070,Z,socp26,ordinal,-5,-5,interview terminated,TRUE,
070,Z,socp26,ordinal,-4,-4,"not available, short interview",TRUE,
070,Z,socp26,ordinal,-3,-3,"not available, wrong skip",TRUE,
070,Z,socp26,ordinal,-2,-2,"not available, routing",TRUE,
070,Z,socp26,ordinal,-1,-1,"not available, asked",TRUE,
070,Z,socp26,ordinal,1,1,no,FALSE,
070,Z,socp26,ordinal,2,2,yes,FALSE,
070,Z,socp27,ordinal,-5,-5,interview terminated,TRUE,
070,Z,socp27,ordinal,-4,-4,"not available, short interview",TRUE,
070,Z,socp27,ordinal,-3,-3,"not available, wrong skip",TRUE,
070,Z,socp27,ordinal,-2,-2,"not available, routing",TRUE,
070,Z,socp27,ordinal,-1,-1,"not available, asked",TRUE,
070,Z,socp27,ordinal,0,0,does not visit,FALSE,
070,Z,socp28,binary,-5,-5,interview terminated,TRUE,
070,Z,socp28,binary,-4,-4,"not available, short interview",TRUE,
070,Z,socp28,binary,-3,-3,"not available, wrong skip",TRUE,
070,Z,socp28,binary,-2,-2,"not available, routing",TRUE,
070,Z,socp28,binary,-1,-1,"not available, asked",TRUE,
070,Z,socp28,binary,0,0,does not visit,FALSE,
070,Z,socp28,binary,1,1,no,FALSE,
070,Z,socp28,binary,2,2,yes,FALSE,
070,Z,socp30,numeric,-5,-5,interview terminated,TRUE,
070,Z,socp30,numeric,-4,-4,"not available, short interview",TRUE,
070,Z,socp30,numeric,-3,-3,"not available, wrong skip",TRUE,
070,Z,socp30,numeric,-2,-2,"not available, routing",TRUE,
070,Z,socp30,numeric,-1,-1,"not available, asked",TRUE,
070,Z,socp31,binary,-5,-5,interview terminated,TRUE,
070,Z,socp31,binary,-4,-4,"not available, short interview",TRUE,
070,Z,socp31,binary,-3,-3,"not available, wrong skip",TRUE,
070,Z,socp31,binary,-2,-2,"not available, routing",TRUE,
070,Z,socp31,binary,-1,-1,"not available, asked",TRUE,
070,Z,socp31,binary,1,1,no,FALSE,
070,Z,socp31,binary,2,2,yes,FALSE,
070,Z,socp33,numeric,-5,-5,interview terminated,TRUE,
070,Z,socp33,numeric,-4,-4,"not available, short interview",TRUE,
070,Z,socp33,numeric,-3,-3,"not available, wrong skip",TRUE,
070,Z,socp33,numeric,-2,-2,"not available, routing",TRUE,
070,Z,socp33,numeric,-1,-1,"not available, asked",TRUE,
070,Z,socp34,categorical,-5,-5,interview terminated,TRUE,
070,Z,socp34,categorical,-4,-4,"not available, short interview",TRUE,
070,Z,socp34,categorical,-3,-3,"not available, wrong skip",TRUE,
070,Z,socp34,categorical,-2,-2,"not available, routing",TRUE,
070,Z,socp34,categorical,-1,-1,"not available, asked",TRUE,
070,Z,socp34,categorical,1,1,very applicable,FALSE,
070,Z,socp34,categorical,2,2,applicable,FALSE,
070,Z,socp34,categorical,3,3,a little applicable,FALSE,
070,Z,socp34,categorical,4,4,not applicable,FALSE,
070,Z,socp35,categorical,-5,-5,interview terminated,TRUE,
070,Z,socp35,categorical,-4,-4,"not available, short interview",TRUE,
070,Z,socp35,categorical,-3,-3,"not available, wrong skip",TRUE,
070,Z,socp35,categorical,-2,-2,"not available, routing",TRUE,
070,Z,socp35,categorical,-1,-1,"not available, asked",TRUE,
070,Z,socp35,categorical,1,1,very applicable,FALSE,
070,Z,socp35,categorical,2,2,applicable,FALSE,
070,Z,socp35,categorical,3,3,a little applicable,FALSE,
070,Z,socp35,categorical,4,4,not applicable,FALSE,
070,Z,socp36,categorical,-5,-5,interview terminated,TRUE,
070,Z,socp36,categorical,-4,-4,"not available, short interview",TRUE,
070,Z,socp36,categorical,-3,-3,"not available, wrong skip",TRUE,
070,Z,socp36,categorical,-2,-2,"not available, routing",TRUE,
070,Z,socp36,categorical,-1,-1,"not available, asked",TRUE,
070,Z,socp36,categorical,1,1,very applicable,FALSE,
070,Z,socp36,categorical,2,2,applicable,FALSE,
070,Z,socp36,categorical,3,3,a little applicable,FALSE,
070,Z,socp36,categorical,4,4,not applicable,FALSE,
070,Z,socp37,categorical,-5,-5,interview terminated,TRUE,
070,Z,socp37,categorical,-4,-4,"not available, short interview",TRUE,
070,Z,socp37,categorical,-3,-3,"not available, wrong skip",TRUE,
070,Z,socp37,categorical,-2,-2,"not available, routing",TRUE,
070,Z,socp37,categorical,-1,-1,"not available, asked",TRUE,
070,Z,socp37,categorical,1,1,very applicable,FALSE,
070,Z,socp37,categorical,2,2,applicable,FALSE,
070,Z,socp37,categorical,3,3,a little applicable,FALSE,
070,Z,socp37,categorical,4,4,not applicable,FALSE,
070,Z,socp38,categorical,-5,-5,interview terminated,TRUE,
070,Z,socp38,categorical,-4,-4,"not available, short interview",TRUE,
070,Z,socp38,categorical,-3,-3,"not available, wrong skip",TRUE,
070,Z,socp38,categorical,-2,-2,"not available, routing",TRUE,
070,Z,socp38,categorical,-1,-1,"not available, asked",TRUE,
070,Z,socp38,categorical,1,1,very applicable,FALSE,
070,Z,socp38,categorical,2,2,applicable,FALSE,
070,Z,socp38,categorical,3,3,a little applicable,FALSE,
070,Z,socp38,categorical,4,4,not applicable,FALSE,
070,Z,socp39,categorical,-5,-5,interview terminated,TRUE,
070,Z,socp39,categorical,-4,-4,"not available, short interview",TRUE,
070,Z,socp39,categorical,-3,-3,"not available, wrong skip",TRUE,
070,Z,socp39,categorical,-2,-2,"not available, routing",TRUE,
070,Z,socp39,categorical,-1,-1,"not available, asked",TRUE,
070,Z,socp39,categorical,1,1,very applicable,FALSE,
070,Z,socp39,categorical,2,2,applicable,FALSE,
070,Z,socp39,categorical,3,3,a little applicable,FALSE,
070,Z,socp39,categorical,4,4,not applicable,FALSE,
070,Z,socp40,categorical,-5,-5,interview terminated,TRUE,
070,Z,socp40,categorical,-4,-4,"not available, short interview",TRUE,
070,Z,socp40,categorical,-3,-3,"not available, wrong skip",TRUE,
070,Z,socp40,categorical,-2,-2,"not available, routing",TRUE,
070,Z,socp40,categorical,-1,-1,"not available, asked",TRUE,
070,Z,socp40,categorical,1,1,very applicable,FALSE,
070,Z,socp40,categorical,2,2,applicable,FALSE,
070,Z,socp40,categorical,3,3,a little applicable,FALSE,
070,Z,socp40,categorical,4,4,not applicable,FALSE,
070,Z,socp41,categorical,-5,-5,interview terminated,TRUE,
070,Z,socp41,categorical,-4,-4,"not available, short interview",TRUE,
070,Z,socp41,categorical,-3,-3,"not available, wrong skip",TRUE,
070,Z,socp41,categorical,-2,-2,"not available, routing",TRUE,
070,Z,socp41,categorical,-1,-1,"not available, asked",TRUE,
070,Z,socp41,categorical,1,1,very applicable,FALSE,
070,Z,socp41,categorical,2,2,applicable,FALSE,
070,Z,socp41,categorical,3,3,a little applicable,FALSE,
070,Z,socp41,categorical,4,4,not applicable,FALSE,
070,Z,socp42,categorical,-5,-5,interview terminated,TRUE,
070,Z,socp42,categorical,-4,-4,"not available, short interview",TRUE,
070,Z,socp42,categorical,-3,-3,"not available, wrong skip",TRUE,
070,Z,socp42,categorical,-2,-2,"not available, routing",TRUE,
070,Z,socp42,categorical,-1,-1,"not available, asked",TRUE,
070,Z,socp42,categorical,1,1,very applicable,FALSE,
070,Z,socp42,categorical,2,2,applicable,FALSE,
070,Z,socp42,categorical,3,3,a little applicable,FALSE,
070,Z,socp42,categorical,4,4,not applicable,FALSE,
070,Z,socp43,categorical,-5,-5,interview terminated,TRUE,
070,Z,socp43,categorical,-4,-4,"not available, short interview",TRUE,
070,Z,socp43,categorical,-3,-3,"not available, wrong skip",TRUE,
070,Z,socp43,categorical,-2,-2,"not available, routing",TRUE,
070,Z,socp43,categorical,-1,-1,"not available, asked",TRUE,
070,Z,socp43,categorical,1,1,very applicable,FALSE,
070,Z,socp43,categorical,2,2,applicable,FALSE,
070,Z,socp43,categorical,3,3,a little applicable,FALSE,
070,Z,socp43,categorical,4,4,not applicable,FALSE,
070,Z,socp44,categorical,-5,-5,interview terminated,TRUE,
070,Z,socp44,categorical,-4,-4,"not available, short interview",TRUE,
070,Z,socp44,categorical,-3,-3,"not available, wrong skip",TRUE,
070,Z,socp44,categorical,-2,-2,"not available, routing",TRUE,
070,Z,socp44,categorical,-1,-1,"not available, asked",TRUE,
070,Z,socp44,categorical,1,1,very applicable,FALSE,
070,Z,socp44,categorical,2,2,applicable,FALSE,
070,Z,socp44,categorical,3,3,a little applicable,FALSE,
070,Z,socp44,categorical,4,4,not applicable,FALSE,
070,Z,socp45,categorical,-5,-5,interview terminated,TRUE,
070,Z,socp45,categorical,-4,-4,"not available, short interview",TRUE,
070,Z,socp45,categorical,-3,-3,"not available, wrong skip",TRUE,
070,Z,socp45,categorical,-2,-2,"not available, routing",TRUE,
070,Z,socp45,categorical,-1,-1,"not available, asked",TRUE,
070,Z,socp45,categorical,1,1,very applicable,FALSE,
070,Z,socp45,categorical,2,2,applicable,FALSE,
070,Z,socp45,categorical,3,3,a little applicable,FALSE,
070,Z,socp45,categorical,4,4,not applicable,FALSE,
070,Z,socp46,ordinal,-5,-5,interview terminated,TRUE,
070,Z,socp46,ordinal,-4,-4,"not available, short interview",TRUE,
070,Z,socp46,ordinal,-3,-3,"not available, wrong skip",TRUE,
070,Z,socp46,ordinal,-2,-2,"not available, routing",TRUE,
070,Z,socp46,ordinal,-1,-1,"not available, asked",TRUE,
070,Z,socp46,ordinal,0,0,does not visit,FALSE,
070,Z,socp47,ordinal,-5,-5,interview terminated,TRUE,
070,Z,socp47,ordinal,-4,-4,"not available, short interview",TRUE,
070,Z,socp47,ordinal,-3,-3,"not available, wrong skip",TRUE,
070,Z,socp47,ordinal,-2,-2,"not available, routing",TRUE,
070,Z,socp47,ordinal,-1,-1,"not available, asked",TRUE,
070,Z,socp47,ordinal,0,0,does not visit,FALSE,
070,Z,socp48,ordinal,-5,-5,interview terminated,TRUE,
070,Z,socp48,ordinal,-4,-4,"not available, short interview",TRUE,
070,Z,socp48,ordinal,-3,-3,"not available, wrong skip",TRUE,
070,Z,socp48,ordinal,-2,-2,"not available, routing",TRUE,
070,Z,socp48,ordinal,-1,-1,"not available, asked",TRUE,
070,Z,socp48,ordinal,0,0,does not visit,FALSE,
070,Z,socp49,ordinal,-5,-5,interview terminated,TRUE,
070,Z,socp49,ordinal,-4,-4,"not available, short interview",TRUE,
070,Z,socp49,ordinal,-3,-3,"not available, wrong skip",TRUE,
070,Z,socp49,ordinal,-2,-2,"not available, routing",TRUE,
070,Z,socp49,ordinal,-1,-1,"not available, asked",TRUE,
070,Z,socp49,ordinal,0,0,does not visit,FALSE,
070,Z,socpr50,ordinal,-5,-5,interview terminated,TRUE,
070,Z,socpr50,ordinal,-4,-4,"not available, short interview",TRUE,
070,Z,socpr50,ordinal,-3,-3,"not available, wrong skip",TRUE,
070,Z,socpr50,ordinal,-2,-2,"not available, routing",TRUE,
070,Z,socpr50,ordinal,-1,-1,"not available, asked",TRUE,
070,Z,socpr50,ordinal,0,0,does not visit,FALSE,
070,Z,socp51,ordinal,-5,-5,interview terminated,TRUE,
070,Z,socp51,ordinal,-4,-4,"not available, short interview",TRUE,
070,Z,socp51,ordinal,-3,-3,"not available, wrong skip",TRUE,
070,Z,socp51,ordinal,-2,-2,"not available, routing",TRUE,
070,Z,socp51,ordinal,-1,-1,"not available, asked",TRUE,
070,Z,socp51,ordinal,0,0,does not visit,FALSE,
070,Z,socp52,ordinal,-5,-5,interview terminated,TRUE,
070,Z,socp52,ordinal,-4,-4,"not available, short interview",TRUE,
070,Z,socp52,ordinal,-3,-3,"not available, wrong skip",TRUE,
070,Z,socp52,ordinal,-2,-2,"not available, routing",TRUE,
070,Z,socp52,ordinal,-1,-1,"not available, asked",TRUE,
070,Z,socp52,ordinal,0,0,does not visit,FALSE,
070,Z,socp54,numeric,-5,-5,interview terminated,TRUE,
070,Z,socp54,numeric,-4,-4,"not available, short interview",TRUE,
070,Z,socp54,numeric,-3,-3,"not available, wrong skip",TRUE,
070,Z,socp54,numeric,-2,-2,"not available, routing",TRUE,
070,Z,socp54,numeric,-1,-1,"not available, asked",TRUE,
070,Z,socp55,binary,-5,-5,interview terminated,TRUE,
070,Z,socp55,binary,-4,-4,"not available, short interview",TRUE,
070,Z,socp55,binary,-3,-3,"not available, wrong skip",TRUE,
070,Z,socp55,binary,-2,-2,"not available, routing",TRUE,
070,Z,socp55,binary,-1,-1,"not available, asked",TRUE,
070,Z,socp55,binary,1,1,no,FALSE,
070,Z,socp55,binary,2,2,yes,FALSE,
070,Z,socp56,binary,-5,-5,interview terminated,TRUE,
070,Z,socp56,binary,-4,-4,"not available, short interview",TRUE,
070,Z,socp56,binary,-3,-3,"not available, wrong skip",TRUE,
070,Z,socp56,binary,-2,-2,"not available, routing",TRUE,
070,Z,socp56,binary,-1,-1,"not available, asked",TRUE,
070,Z,socp56,binary,0,0,not mentioned,FALSE,
070,Z,socp56,binary,1,1,coding category 1,FALSE,"Cross-wave coding conflict: 1 differs for B (no), C/D/2B/F/G/H/3B/I/J (mentioned)"
070,Z,socp56,binary,2,2,yes,FALSE,
070,Z,socp57,binary,-5,-5,interview terminated,TRUE,
070,Z,socp57,binary,-4,-4,"not available, short interview",TRUE,
070,Z,socp57,binary,-3,-3,"not available, wrong skip",TRUE,
070,Z,socp57,binary,-2,-2,"not available, routing",TRUE,
070,Z,socp57,binary,-1,-1,"not available, asked",TRUE,
070,Z,socp57,binary,0,0,not mentioned,FALSE,
070,Z,socp57,binary,1,1,coding category 1,FALSE,"Cross-wave coding conflict: 1 differs for B (no), C/D/2B/F/G/H/3B/I/J (mentioned)"
070,Z,socp57,binary,2,2,yes,FALSE,
070,Z,socp58,binary,-5,-5,interview terminated,TRUE,
070,Z,socp58,binary,-4,-4,"not available, short interview",TRUE,
070,Z,socp58,binary,-3,-3,"not available, wrong skip",TRUE,
070,Z,socp58,binary,-2,-2,"not available, routing",TRUE,
070,Z,socp58,binary,-1,-1,"not available, asked",TRUE,
070,Z,socp58,binary,0,0,not mentioned,FALSE,
070,Z,socp58,binary,1,1,coding category 1,FALSE,"Cross-wave coding conflict: 1 differs for B (no), C/D/2B/F/G/H/3B/I/J (mentioned)"
070,Z,socp58,binary,2,2,yes,FALSE,
070,Z,socp59,binary,-5,-5,interview terminated,TRUE,
070,Z,socp59,binary,-4,-4,"not available, short interview",TRUE,
070,Z,socp59,binary,-3,-3,"not available, wrong skip",TRUE,
070,Z,socp59,binary,-2,-2,"not available, routing",TRUE,
070,Z,socp59,binary,-1,-1,"not available, asked",TRUE,
070,Z,socp59,binary,0,0,not mentioned,FALSE,
070,Z,socp59,binary,1,1,coding category 1,FALSE,"Cross-wave coding conflict: 1 differs for B (no), C/D/2B/F/G/H/3B/I/J (mentioned)"
070,Z,socp59,binary,2,2,yes,FALSE,
070,Z,socp60,binary,-5,-5,interview terminated,TRUE,
070,Z,socp60,binary,-4,-4,"not available, short interview",TRUE,
070,Z,socp60,binary,-3,-3,"not available, wrong skip",TRUE,
070,Z,socp60,binary,-2,-2,"not available, routing",TRUE,
070,Z,socp60,binary,-1,-1,"not available, asked",TRUE,
070,Z,socp60,binary,0,0,not mentioned,FALSE,
070,Z,socp60,binary,1,1,coding category 1,FALSE,"Cross-wave coding conflict: 1 differs for B (no), C/D/2B/F/G/H/3B/I/J (mentioned)"
070,Z,socp60,binary,2,2,yes,FALSE,
070,Z,socp61,binary,-5,-5,interview terminated,TRUE,
070,Z,socp61,binary,-4,-4,"not available, short interview",TRUE,
070,Z,socp61,binary,-3,-3,"not available, wrong skip",TRUE,
070,Z,socp61,binary,-2,-2,"not available, routing",TRUE,
070,Z,socp61,binary,-1,-1,"not available, asked",TRUE,
070,Z,socp61,binary,0,0,not mentioned,FALSE,
070,Z,socp61,binary,1,1,coding category 1,FALSE,"Cross-wave coding conflict: 1 differs for B (no), C/D/2B/F/G/H/3B/I/J (mentioned)"
070,Z,socp61,binary,2,2,yes,FALSE,
070,Z,socp62,binary,-5,-5,interview terminated,TRUE,
070,Z,socp62,binary,-4,-4,"not available, short interview",TRUE,
070,Z,socp62,binary,-3,-3,"not available, wrong skip",TRUE,
070,Z,socp62,binary,-2,-2,"not available, routing",TRUE,
070,Z,socp62,binary,-1,-1,"not available, asked",TRUE,
070,Z,socp62,binary,1,1,no,FALSE,
070,Z,socp62,binary,2,2,yes,FALSE,
070,Z,socp63,categorical,-5,-5,interview terminated,TRUE,
070,Z,socp63,categorical,-4,-4,"not available, short interview",TRUE,
070,Z,socp63,categorical,-3,-3,"not available, wrong skip",TRUE,
070,Z,socp63,categorical,-2,-2,"not available, routing",TRUE,
070,Z,socp63,categorical,-1,-1,"not available, asked",TRUE,
070,Z,socp63,categorical,1,1,very applicable,FALSE,
070,Z,socp63,categorical,2,2,applicable,FALSE,
070,Z,socp63,categorical,3,3,a little applicable,FALSE,
070,Z,socp63,categorical,4,4,not applicable,FALSE,
070,Z,socp64,categorical,-5,-5,interview terminated,TRUE,
070,Z,socp64,categorical,-4,-4,"not available, short interview",TRUE,
070,Z,socp64,categorical,-3,-3,"not available, wrong skip",TRUE,
070,Z,socp64,categorical,-2,-2,"not available, routing",TRUE,
070,Z,socp64,categorical,-1,-1,"not available, asked",TRUE,
070,Z,socp64,categorical,1,1,very applicable,FALSE,
070,Z,socp64,categorical,2,2,applicable,FALSE,
070,Z,socp64,categorical,3,3,a little applicable,FALSE,
070,Z,socp64,categorical,4,4,not applicable,FALSE,
070,Z,socp65,categorical,-5,-5,interview terminated,TRUE,
070,Z,socp65,categorical,-4,-4,"not available, short interview",TRUE,
070,Z,socp65,categorical,-3,-3,"not available, wrong skip",TRUE,
070,Z,socp65,categorical,-2,-2,"not available, routing",TRUE,
070,Z,socp65,categorical,-1,-1,"not available, asked",TRUE,
070,Z,socp65,categorical,1,1,very applicable,FALSE,
070,Z,socp65,categorical,2,2,applicable,FALSE,
070,Z,socp65,categorical,3,3,a little applicable,FALSE,
070,Z,socp65,categorical,4,4,not applicable,FALSE,
070,Z,socp66,categorical,-5,-5,interview terminated,TRUE,
070,Z,socp66,categorical,-4,-4,"not available, short interview",TRUE,
070,Z,socp66,categorical,-3,-3,"not available, wrong skip",TRUE,
070,Z,socp66,categorical,-2,-2,"not available, routing",TRUE,
070,Z,socp66,categorical,-1,-1,"not available, asked",TRUE,
070,Z,socp66,categorical,1,1,agree,FALSE,
070,Z,socp66,categorical,2,2,disagree,FALSE,
070,Z,socp66,categorical,3,3,no opinion/don't know,FALSE,
070,Z,socp67,numeric,-5,-5,interview terminated,TRUE,
070,Z,socp67,numeric,-4,-4,"not available, short interview",TRUE,
070,Z,socp67,numeric,-3,-3,"not available, wrong skip",TRUE,
070,Z,socp67,numeric,-2,-2,"not available, routing",TRUE,
070,Z,socp67,numeric,-1,-1,"not available, asked",TRUE,
070,Z,socp67,numeric,0,0,dependent on person,FALSE,
070,Z,socp67,numeric,3,3,"not available, wrong skip",FALSE,
070,Z,socp68,categorical,-5,-5,interview terminated,TRUE,
070,Z,socp68,categorical,-4,-4,"not available, short interview",TRUE,
070,Z,socp68,categorical,-3,-3,"not available, wrong skip",TRUE,
070,Z,socp68,categorical,-2,-2,"not available, routing",TRUE,
070,Z,socp68,categorical,-1,-1,"not available, asked",TRUE,
070,Z,socp68,categorical,1,1,agree,FALSE,
070,Z,socp68,categorical,2,2,disagree,FALSE,
070,Z,socp68,categorical,3,3,no opinion/don't know,FALSE,
070,Z,socp69,numeric,-5,-5,interview terminated,TRUE,
070,Z,socp69,numeric,-4,-4,"not available, short interview",TRUE,
070,Z,socp69,numeric,-3,-3,"not available, wrong skip",TRUE,
070,Z,socp69,numeric,-2,-2,"not available, routing",TRUE,
070,Z,socp69,numeric,-1,-1,"not available, asked",TRUE,
070,Z,socp69,numeric,0,0,dependent on person,FALSE,
070,Z,socp70,categorical,-5,-5,interview terminated,TRUE,
070,Z,socp70,categorical,-4,-4,"not available, short interview",TRUE,
070,Z,socp70,categorical,-3,-3,"not available, wrong skip",TRUE,
070,Z,socp70,categorical,-2,-2,"not available, routing",TRUE,
070,Z,socp70,categorical,-1,-1,"not available, asked",TRUE,
070,Z,socp70,categorical,1,1,agree,FALSE,
070,Z,socp70,categorical,2,2,disagree,FALSE,
070,Z,socp70,categorical,3,3,no opinion/don't know,FALSE,
070,Z,socp71,numeric,-5,-5,interview terminated,TRUE,
070,Z,socp71,numeric,-4,-4,"not available, short interview",TRUE,
070,Z,socp71,numeric,-3,-3,"not available, wrong skip",TRUE,
070,Z,socp71,numeric,-2,-2,"not available, routing",TRUE,
070,Z,socp71,numeric,-1,-1,"not available, asked",TRUE,
070,Z,socp71,numeric,0,0,dependent on person,FALSE,
070,Z,socp13x,categorical,-3,-3,"not available, wrong skip",TRUE,
070,Z,socp13x,categorical,-2,-2,"not available, routing",TRUE,
070,Z,socp13x,categorical,-1,-1,"not available, asked",TRUE,
070,Z,socp13x,categorical,0,0,- to be coded -,FALSE,
070,Z,socp13x,categorical,1,1,garden & pets,FALSE,
070,Z,socp13x,categorical,2,2,cult.hist. ass.,FALSE,
070,Z,socp13x,categorical,3,3,housing ass.,FALSE,
070,Z,socp13x,categorical,4,4,other,FALSE,
070,Z,socp72,binary,-3,-3,"not available, wrong skip",TRUE,
070,Z,socp72,binary,-2,-2,"not available, routing",TRUE,
070,Z,socp72,binary,-1,-1,"not available, asked",TRUE,
070,Z,socp72,binary,1,1,no,FALSE,
070,Z,socp72,binary,2,2,yes,FALSE,
070,Z,socp73,numeric,-3,-3,"not available, wrong skip",TRUE,
070,Z,socp73,numeric,-2,-2,"not available, routing",TRUE,
070,Z,socp73,numeric,-1,-1,"not available, asked",TRUE,
070,Z,socp74,binary,-3,-3,"not available, wrong skip",TRUE,
070,Z,socp74,binary,-2,-2,"not available, routing",TRUE,
070,Z,socp74,binary,-1,-1,"not available, asked",TRUE,
070,Z,socp74,binary,0,0,not mentioned,FALSE,
070,Z,socp74,binary,1,1,mentioned,FALSE,
070,Z,socp75,binary,-3,-3,"not available, wrong skip",TRUE,
070,Z,socp75,binary,-2,-2,"not available, routing",TRUE,
070,Z,socp75,binary,-1,-1,"not available, asked",TRUE,
070,Z,socp75,binary,0,0,not mentioned,FALSE,
070,Z,socp75,binary,1,1,mentioned,FALSE,
070,Z,socp76,binary,-3,-3,"not available, wrong skip",TRUE,
070,Z,socp76,binary,-2,-2,"not available, routing",TRUE,
070,Z,socp76,binary,-1,-1,"not available, asked",TRUE,
070,Z,socp76,binary,0,0,not mentioned,FALSE,
070,Z,socp76,binary,1,1,mentioned,FALSE,
070,Z,socp77,binary,-3,-3,"not available, wrong skip",TRUE,
070,Z,socp77,binary,-2,-2,"not available, routing",TRUE,
070,Z,socp77,binary,-1,-1,"not available, asked",TRUE,
070,Z,socp77,binary,0,0,not mentioned,FALSE,
070,Z,socp77,binary,1,1,mentioned,FALSE,
070,Z,socp78,binary,-3,-3,"not available, wrong skip",TRUE,
070,Z,socp78,binary,-2,-2,"not available, routing",TRUE,
070,Z,socp78,binary,-1,-1,"not available, asked",TRUE,
070,Z,socp78,binary,0,0,not mentioned,FALSE,
070,Z,socp78,binary,1,1,mentioned,FALSE,
070,Z,socp79,binary,-3,-3,"not available, wrong skip",TRUE,
070,Z,socp79,binary,-2,-2,"not available, routing",TRUE,
070,Z,socp79,binary,-1,-1,"not available, asked",TRUE,
070,Z,socp79,binary,0,0,not mentioned,FALSE,
070,Z,socp79,binary,1,1,mentioned,FALSE,
070,Z,socp80,string,-3,-3,"not available, wrong skip",TRUE,
070,Z,socp80,string,-2,-2,"not available, routing",TRUE,
070,Z,socp80,string,-1,-1,"not available, asked",TRUE,
070,Z,socp80,string,0,0,- to be coded -,FALSE,
070,Z,socp81,binary,-3,-3,"not available, wrong skip",TRUE,
070,Z,socp81,binary,-2,-2,"not available, routing",TRUE,
070,Z,socp81,binary,-1,-1,"not available, asked",TRUE,
070,Z,socp81,binary,0,0,not mentioned,FALSE,
070,Z,socp81,binary,1,1,mentioned,FALSE,
070,Z,socp82,binary,-3,-3,"not available, wrong skip",TRUE,
070,Z,socp82,binary,-2,-2,"not available, routing",TRUE,
070,Z,socp82,binary,-1,-1,"not available, asked",TRUE,
070,Z,socp82,binary,0,0,not mentioned,FALSE,
070,Z,socp82,binary,1,1,mentioned,FALSE,
070,Z,socp83,binary,-3,-3,"not available, wrong skip",TRUE,
070,Z,socp83,binary,-2,-2,"not available, routing",TRUE,
070,Z,socp83,binary,-1,-1,"not available, asked",TRUE,
070,Z,socp83,binary,0,0,not mentioned,FALSE,
070,Z,socp83,binary,1,1,mentioned,FALSE,
070,Z,socp84,binary,-3,-3,"not available, wrong skip",TRUE,
070,Z,socp84,binary,-2,-2,"not available, routing",TRUE,
070,Z,socp84,binary,-1,-1,"not available, asked",TRUE,
070,Z,socp84,binary,0,0,not mentioned,FALSE,
070,Z,socp84,binary,1,1,mentioned,FALSE,
070,Z,socp85,binary,-3,-3,"not available, wrong skip",TRUE,
070,Z,socp85,binary,-2,-2,"not available, routing",TRUE,
070,Z,socp85,binary,-1,-1,"not available, asked",TRUE,
070,Z,socp85,binary,0,0,not mentioned,FALSE,
070,Z,socp85,binary,1,1,mentioned,FALSE,
070,Z,socp86,binary,-3,-3,"not available, wrong skip",TRUE,
070,Z,socp86,binary,-2,-2,"not available, routing",TRUE,
070,Z,socp86,binary,-1,-1,"not available, asked",TRUE,
070,Z,socp86,binary,0,0,not mentioned,FALSE,
070,Z,socp86,binary,1,1,mentioned,FALSE,
070,Z,socp87,binary,-3,-3,"not available, wrong skip",TRUE,
070,Z,socp87,binary,-2,-2,"not available, routing",TRUE,
070,Z,socp87,binary,-1,-1,"not available, asked",TRUE,
070,Z,socp87,binary,0,0,not mentioned,FALSE,
070,Z,socp87,binary,1,1,mentioned,FALSE,
070,Z,socp88,binary,-3,-3,"not available, wrong skip",TRUE,
070,Z,socp88,binary,-2,-2,"not available, routing",TRUE,
070,Z,socp88,binary,-1,-1,"not available, asked",TRUE,
070,Z,socp88,binary,0,0,not mentioned,FALSE,
070,Z,socp88,binary,1,1,mentioned,FALSE,
070,Z,socp89,string,-3,-3,"not available, wrong skip",TRUE,
070,Z,socp89,string,-2,-2,"not available, routing",TRUE,
070,Z,socp89,string,-1,-1,"not available, asked",TRUE,
070,Z,socp89,string,0,0,- to be coded -,FALSE,
070,Z,socp90,numeric,-3,-3,"not available, wrong skip",TRUE,
070,Z,socp90,numeric,-2,-2,"not available, routing",TRUE,
070,Z,socp90,numeric,-1,-1,"not available, asked",TRUE,
070,Z,socp91,categorical,-3,-3,"not available, wrong skip",TRUE,
070,Z,socp91,categorical,-2,-2,"not available, routing",TRUE,
070,Z,socp91,categorical,-1,-1,"not available, asked",TRUE,
070,Z,socp91,categorical,1,1,never,FALSE,
070,Z,socp91,categorical,2,2,rarely,FALSE,
070,Z,socp91,categorical,3,3,sometimes,FALSE,
070,Z,socp91,categorical,4,4,often,FALSE,
070,Z,socp92,categorical,-3,-3,"not available, wrong skip",TRUE,
070,Z,socp92,categorical,-2,-2,"not available, routing",TRUE,
070,Z,socp92,categorical,-1,-1,"not available, asked",TRUE,
070,Z,socp92,categorical,1,1,never,FALSE,
070,Z,socp92,categorical,2,2,rarely,FALSE,
070,Z,socp92,categorical,3,3,sometimes,FALSE,
070,Z,socp92,categorical,4,4,often,FALSE,
070,Z,rmso,categorical,-2,-2,valid data,TRUE,
070,Z,rmso,categorical,1,1,"not available, short interview",FALSE,
070,Z,rmso,categorical,2,2,interview terminated,FALSE,
070,Z,socp44b,categorical,-3,-3,"not available, wrong skip",TRUE,
070,Z,socp44b,categorical,-2,-2,"not available, routing",TRUE,
070,Z,socp44b,categorical,-1,-1,"not available, asked",TRUE,
070,Z,socp44b,categorical,1,1,very applicable,FALSE,
070,Z,socp44b,categorical,2,2,applicable,FALSE,
070,Z,socp44b,categorical,3,3,a little applicable,FALSE,
070,Z,socp44b,categorical,4,4,not applicable,FALSE,
070,Z,altru1,ordinal,-3,-3,"working for own well-being not available, wrong skip",TRUE,
070,Z,altru1,ordinal,-2,-2,"not available, routing",TRUE,
070,Z,altru1,ordinal,-1,-1,"not available, asked",TRUE,
070,Z,altru1,ordinal,1,1,does not apply to me at all,FALSE,
070,Z,altru1,ordinal,2,2,does not apply to me,FALSE,
070,Z,altru1,ordinal,3,3,applies to me a little,FALSE,
070,Z,altru1,ordinal,4,4,applies to me,FALSE,
070,Z,altru1,ordinal,5,5,apllies to me entirely,FALSE,
070,Z,altru2,ordinal,-3,-3,"working for own well-being not available, wrong skip",TRUE,
070,Z,altru2,ordinal,-2,-2,"not available, routing",TRUE,
070,Z,altru2,ordinal,-1,-1,"not available, asked",TRUE,
070,Z,altru2,ordinal,1,1,does not apply to me at all,FALSE,
070,Z,altru2,ordinal,2,2,does not apply to me,FALSE,
070,Z,altru2,ordinal,3,3,applies to me a little,FALSE,
070,Z,altru2,ordinal,4,4,applies to me,FALSE,
070,Z,altru2,ordinal,5,5,apllies to me entirely,FALSE,
070,Z,altru3,ordinal,-3,-3,"working for own well-being not available, wrong skip",TRUE,
070,Z,altru3,ordinal,-2,-2,"not available, routing",TRUE,
070,Z,altru3,ordinal,-1,-1,"not available, asked",TRUE,
070,Z,altru3,ordinal,1,1,does not apply to me at all,FALSE,
070,Z,altru3,ordinal,2,2,does not apply to me,FALSE,
070,Z,altru3,ordinal,3,3,applies to me a little,FALSE,
070,Z,altru3,ordinal,4,4,applies to me,FALSE,
070,Z,altru3,ordinal,5,5,apllies to me entirely,FALSE,
070,Z,altru4,ordinal,-3,-3,"working for own well-being not available, wrong skip",TRUE,
070,Z,altru4,ordinal,-2,-2,"not available, routing",TRUE,
070,Z,altru4,ordinal,-1,-1,"not available, asked",TRUE,
070,Z,altru4,ordinal,1,1,does not apply to me at all,FALSE,
070,Z,altru4,ordinal,2,2,does not apply to me,FALSE,
070,Z,altru4,ordinal,3,3,applies to me a little,FALSE,
070,Z,altru4,ordinal,4,4,applies to me,FALSE,
070,Z,altru4,ordinal,5,5,apllies to me entirely,FALSE,
070,Z,altru5,ordinal,-3,-3,"working for own well-being not available, wrong skip",TRUE,
070,Z,altru5,ordinal,-2,-2,"not available, routing",TRUE,
070,Z,altru5,ordinal,-1,-1,"not available, asked",TRUE,
070,Z,altru5,ordinal,1,1,does not apply to me at all,FALSE,
070,Z,altru5,ordinal,2,2,does not apply to me,FALSE,
070,Z,altru5,ordinal,3,3,applies to me a little,FALSE,
070,Z,altru5,ordinal,4,4,applies to me,FALSE,
070,Z,altru5,ordinal,5,5,apllies to me entirely,FALSE,
070,Z,socp50,categorical,-3,-3,"not available, wrong skip",TRUE,
070,Z,socp50,categorical,-2,-2,"not available, routing",TRUE,
070,Z,socp50,categorical,-1,-1,"not available, asked",TRUE,
070,Z,sp72n1,binary,-3,-3,"not available, wrong skip",TRUE,
070,Z,sp72n1,binary,-2,-2,"not available, routing",TRUE,
070,Z,sp72n1,binary,0,0,not mentioned,FALSE,
070,Z,sp72n1,binary,1,1,mentioned,FALSE,
070,Z,sp72n2,binary,-3,-3,"not available, wrong skip",TRUE,
070,Z,sp72n2,binary,-2,-2,"not available, routing",TRUE,
070,Z,sp72n2,binary,0,0,not mentioned,FALSE,
070,Z,sp72n2,binary,1,1,mentioned,FALSE,
070,Z,sp72n3,binary,-3,-3,"not available, wrong skip",TRUE,
070,Z,sp72n3,binary,-2,-2,"not available, routing",TRUE,
070,Z,sp72n3,binary,0,0,not mentioned,FALSE,
070,Z,sp72n3,binary,1,1,mentioned,FALSE,
070,Z,sp72n4,binary,-3,-3,"not available, wrong skip",TRUE,
070,Z,sp72n4,binary,-2,-2,"not available, routing",TRUE,
070,Z,sp72n4,binary,0,0,not mentioned,FALSE,
070,Z,sp72n4,binary,1,1,mentioned,FALSE,
070,Z,sp72n5,binary,-3,-3,"not available, wrong skip",TRUE,
070,Z,sp72n5,binary,-2,-2,"not available, routing",TRUE,
070,Z,sp72n5,binary,0,0,not mentioned,FALSE,
070,Z,sp72n5,binary,1,1,mentioned,FALSE,
070,Z,sp72n6,binary,-3,-3,"not available, wrong skip",TRUE,
070,Z,sp72n6,binary,-2,-2,"not available, routing",TRUE,
070,Z,sp72n6,binary,0,0,not mentioned,FALSE,
070,Z,sp72n6,binary,1,1,mentioned,FALSE,
070,Z,sp72n7,binary,-3,-3,"not available, wrong skip",TRUE,
070,Z,sp72n7,binary,-2,-2,"not available, routing",TRUE,
070,Z,sp72n7,binary,0,0,not mentioned,FALSE,
070,Z,sp72n7,binary,1,1,mentioned,FALSE,
070,Z,sp72n8,binary,-3,-3,"not available, wrong skip",TRUE,
070,Z,sp72n8,binary,-2,-2,"not available, routing",TRUE,
070,Z,sp72n8,binary,0,0,not mentioned,FALSE,
070,Z,sp72n8,binary,1,1,mentioned,FALSE,
070,Z,sp72n9,binary,-3,-3,"not available, wrong skip",TRUE,
070,Z,sp72n9,binary,-2,-2,"not available, routing",TRUE,
070,Z,sp72n9,binary,0,0,not mentioned,FALSE,
070,Z,sp72n9,binary,1,1,mentioned,FALSE,
070,Z,sp72n10,binary,-3,-3,"not available, wrong skip",TRUE,
070,Z,sp72n10,binary,-2,-2,"not available, routing",TRUE,
070,Z,sp72n10,binary,0,0,not mentioned,FALSE,
070,Z,sp72n10,binary,1,1,mentioned,FALSE,
070,Z,sp72n11,binary,-3,-3,"not available, wrong skip",TRUE,
070,Z,sp72n11,binary,-2,-2,"not available, routing",TRUE,
070,Z,sp72n11,binary,0,0,not mentioned,FALSE,
070,Z,sp72n11,binary,1,1,mentioned,FALSE,
070,Z,sp72n12,binary,-3,-3,"not available, wrong skip",TRUE,
070,Z,sp72n12,binary,-2,-2,"not available, routing",TRUE,
070,Z,sp72n12,binary,0,0,not mentioned,FALSE,
070,Z,sp72n12,binary,1,1,mentioned,FALSE,
070,Z,socp93,binary,-3,-3,"not available, wrong skip",TRUE,
070,Z,socp93,binary,-2,-2,"not available, routing",TRUE,
070,Z,socp93,binary,-1,-1,"not available, asked",TRUE,
070,Z,socp93,binary,1,1,no,FALSE,
070,Z,socp93,binary,2,2,yes,FALSE,
070,Z,sp93n1,binary,-3,-3,"not available, wrong skip",TRUE,
070,Z,sp93n1,binary,-2,-2,"not available, routing",TRUE,
070,Z,sp93n1,binary,0,0,not mentioned,FALSE,
070,Z,sp93n1,binary,1,1,mentioned,FALSE,
070,Z,sp93n2,categorical,,,,,
070,Z,sp93n3,categorical,,,,,
070,Z,sp93n4,categorical,,,,,
070,Z,sp93n5,categorical,,,,,
070,Z,sp93n6,categorical,,,,,
070,Z,sp93n7,categorical,,,,,
070,Z,sp93n8,categorical,,,,,
070,Z,sp93n9,categorical,,,,,
070,Z,sp93n11,categorical,,,,,
070,Z,sp93n12,categorical,,,,,
070,Z,socp94,ordinal,-3,-3,"often not available, wrong skip",TRUE,
070,Z,socp94,ordinal,-2,-2,"not available, routing",TRUE,
070,Z,socp94,ordinal,-1,-1,"not available, asked",TRUE,
070,Z,socp94,ordinal,1,1,daily,FALSE,
070,Z,socp94,ordinal,2,2,a few times a week,FALSE,
070,Z,socp94,ordinal,3,3,a few times a month,FALSE,
070,Z,socp94,ordinal,4,4,a few times a year,FALSE,
070,Z,socp94,ordinal,5,5,less than a few times a year,FALSE,
070,Z,socp95,binary,-3,-3,"not available, wrong skip",TRUE,
070,Z,socp95,binary,-2,-2,"not available, routing",TRUE,
070,Z,socp95,binary,-1,-1,"not available, asked",TRUE,
070,Z,socp95,binary,1,1,no,FALSE,
070,Z,socp95,binary,2,2,yes,FALSE,
070,Z,sp95f1,binary,-3,-3,"not available, wrong skip",TRUE,
070,Z,sp95f1,binary,-2,-2,"not available, routing",TRUE,
070,Z,sp95f1,binary,0,0,not mentioned,FALSE,
070,Z,sp95f1,binary,1,1,mentioned,FALSE,
070,Z,sp95f2,binary,-3,-3,"not available, wrong skip",TRUE,
070,Z,sp95f2,binary,-2,-2,"not available, routing",TRUE,
070,Z,sp95f2,binary,0,0,not mentioned,FALSE,
070,Z,sp95f2,binary,1,1,mentioned,FALSE,
070,Z,sp95f3,binary,-3,-3,"not available, wrong skip",TRUE,
070,Z,sp95f3,binary,-2,-2,"not available, routing",TRUE,
070,Z,sp95f3,binary,0,0,not mentioned,FALSE,
070,Z,sp95f3,binary,1,1,mentioned,FALSE,
070,Z,sp95f4,binary,-3,-3,"not available, wrong skip",TRUE,
070,Z,sp95f4,binary,-2,-2,"not available, routing",TRUE,
070,Z,sp95f4,binary,0,0,not mentioned,FALSE,
070,Z,sp95f4,binary,1,1,mentioned,FALSE,
070,Z,sp95f5,binary,-3,-3,"not available, wrong skip",TRUE,
070,Z,sp95f5,binary,-2,-2,"not available, routing",TRUE,
070,Z,sp95f5,binary,0,0,not mentioned,FALSE,
070,Z,sp95f5,binary,1,1,mentioned,FALSE,
070,Z,sp95f6,binary,-3,-3,"not available, wrong skip",TRUE,
070,Z,sp95f6,binary,-2,-2,"not available, routing",TRUE,
070,Z,sp95f6,binary,0,0,not mentioned,FALSE,
070,Z,sp95f6,binary,1,1,mentioned,FALSE,
070,Z,sp95f7,binary,-3,-3,"not available, wrong skip",TRUE,
070,Z,sp95f7,binary,-2,-2,"not available, routing",TRUE,
070,Z,sp95f7,binary,0,0,not mentioned,FALSE,
070,Z,sp95f7,binary,1,1,mentioned,FALSE,
070,Z,sp95f8,binary,-3,-3,"not available, wrong skip",TRUE,
070,Z,sp95f8,binary,-2,-2,"not available, routing",TRUE,
070,Z,sp95f8,binary,0,0,not mentioned,FALSE,
070,Z,sp95f8,binary,1,1,mentioned,FALSE,
070,Z,sp95f9,binary,-3,-3,"not available, wrong skip",TRUE,
070,Z,sp95f9,binary,-2,-2,"not available, routing",TRUE,
070,Z,sp95f9,binary,0,0,not mentioned,FALSE,
070,Z,sp95f9,binary,1,1,mentioned,FALSE,
070,Z,sp95f10,binary,-3,-3,"not available, wrong skip",TRUE,
070,Z,sp95f10,binary,-2,-2,"not available, routing",TRUE,
070,Z,sp95f10,binary,0,0,not mentioned,FALSE,
070,Z,sp95f10,binary,1,1,mentioned,FALSE,
070,Z,sp95f11,binary,-3,-3,"not available, wrong skip",TRUE,
070,Z,sp95f11,binary,-2,-2,"not available, routing",TRUE,
070,Z,sp95f11,binary,0,0,not mentioned,FALSE,
070,Z,sp95f11,binary,1,1,mentioned,FALSE,
070,Z,sp95f12,binary,-3,-3,"not available, wrong skip",TRUE,
070,Z,sp95f12,binary,-2,-2,"not available, routing",TRUE,
070,Z,sp95f12,binary,0,0,not mentioned,FALSE,
070,Z,sp95f12,binary,1,1,mentioned,FALSE,
070,Z,sp95f13,binary,-3,-3,"not available, wrong skip",TRUE,
070,Z,sp95f13,binary,-2,-2,"not available, routing",TRUE,
070,Z,sp95f13,binary,0,0,not mentioned,FALSE,
070,Z,sp95f13,binary,1,1,mentioned,FALSE,
070,Z,socp96,ordinal,-3,-3,"not available, wrong skip",TRUE,
070,Z,socp96,ordinal,-2,-2,"not available, routing",TRUE,
070,Z,socp96,ordinal,-1,-1,"not available, asked",TRUE,
070,Z,socp96,ordinal,1,1,daily,FALSE,
070,Z,socp96,ordinal,2,2,a few times a week,FALSE,
070,Z,socp96,ordinal,3,3,a few times a month,FALSE,
070,Z,socp96,ordinal,4,4,a few times a year,FALSE,
070,Z,socp96,ordinal,5,5,less than a few times a year,FALSE,
070,Z,socp97,categorical,-2,-2,"not available, wrong skip)-3), not available, routing",TRUE,
070,Z,socp97,categorical,-1,-1,"not available, asked",TRUE,
070,Z,socp97,categorical,1,1,no,FALSE,
070,Z,socp97,categorical,2,2,yes,FALSE,
070,Z,socp98,ordinal,-3,-3,"often not available, wrong skip",TRUE,
070,Z,socp98,ordinal,-2,-2,"not available, routing",TRUE,
070,Z,socp98,ordinal,-1,-1,"not available, asked",TRUE,
070,Z,socp98,ordinal,1,1,daily,FALSE,
070,Z,socp98,ordinal,2,2,a few times a week,FALSE,
070,Z,socp98,ordinal,3,3,a few times a month,FALSE,
070,Z,socp98,ordinal,4,4,a few times a year,FALSE,
070,Z,socp98,ordinal,5,5,less than a few times a year,FALSE,
070,Z,sp97s1,binary,-3,-3,"not available, wrong skip",TRUE,
070,Z,sp97s1,binary,-2,-2,"not available, routing",TRUE,
070,Z,sp97s1,binary,-1,-1,"not available, asked",TRUE,
070,Z,sp97s1,binary,0,0,not mentioned,FALSE,
070,Z,sp97s1,binary,1,1,mentioned,FALSE,
070,Z,sp97s2,binary,-3,-3,"not available, wrong skip",TRUE,
070,Z,sp97s2,binary,-2,-2,"not available, routing",TRUE,
070,Z,sp97s2,binary,-1,-1,"not available, asked",TRUE,
070,Z,sp97s2,binary,0,0,not mentioned,FALSE,
070,Z,sp97s2,binary,1,1,mentioned,FALSE,
070,Z,sp97s3,binary,-3,-3,"not available, wrong skip",TRUE,
070,Z,sp97s3,binary,-2,-2,"not available, routing",TRUE,
070,Z,sp97s3,binary,-1,-1,"not available, asked",TRUE,
070,Z,sp97s3,binary,0,0,not mentioned,FALSE,
070,Z,sp97s3,binary,1,1,mentioned,FALSE,
070,Z,sp97s4,binary,-3,-3,"not available, wrong skip",TRUE,
070,Z,sp97s4,binary,-2,-2,"not available, routing",TRUE,
070,Z,sp97s4,binary,-1,-1,"not available, asked",TRUE,
070,Z,sp97s4,binary,0,0,not mentioned,FALSE,
070,Z,sp97s4,binary,1,1,mentioned,FALSE,
070,Z,sp97s5,binary,-3,-3,"not available, wrong skip",TRUE,
070,Z,sp97s5,binary,-2,-2,"not available, routing",TRUE,
070,Z,sp97s5,binary,-1,-1,"not available, asked",TRUE,
070,Z,sp97s5,binary,0,0,not mentioned,FALSE,
070,Z,sp97s5,binary,1,1,mentioned,FALSE,
070,Z,sp97s6,binary,-3,-3,"not available, wrong skip",TRUE,
070,Z,sp97s6,binary,-2,-2,"not available, routing",TRUE,
070,Z,sp97s6,binary,-1,-1,"not available, asked",TRUE,
070,Z,sp97s6,binary,0,0,not mentioned,FALSE,
070,Z,sp97s6,binary,1,1,mentioned,FALSE,
070,Z,sp97s7,binary,-3,-3,"not available, wrong skip",TRUE,
070,Z,sp97s7,binary,-2,-2,"not available, routing",TRUE,
070,Z,sp97s7,binary,-1,-1,"not available, asked",TRUE,
070,Z,sp97s7,binary,0,0,not mentioned,FALSE,
070,Z,sp97s7,binary,1,1,mentioned,FALSE,
070,Z,sp97s8,binary,-3,-3,"not available, wrong skip",TRUE,
070,Z,sp97s8,binary,-2,-2,"not available, routing",TRUE,
070,Z,sp97s8,binary,-1,-1,"not available, asked",TRUE,
070,Z,sp97s8,binary,0,0,not mentioned,FALSE,
070,Z,sp97s8,binary,1,1,mentioned,FALSE,
070,Z,socp99,binary,-3,-3,"not available, wrong skip",TRUE,
070,Z,socp99,binary,-2,-2,"not available, routing",TRUE,
070,Z,socp99,binary,-1,-1,"not available, asked",TRUE,
070,Z,socp99,binary,1,1,no,FALSE,
070,Z,socp99,binary,2,2,yes,FALSE,
070,Z,socp99,binary,3,3,not allowed to vote,FALSE,
070,Z,socp01n,categorical,-3,-3,"many dutch members: organization for the elderly, employers organization not available, wrong skip",TRUE,
070,Z,socp01n,categorical,-2,-2,"not available, routing",TRUE,
070,Z,socp01n,categorical,-1,-1,"not available, asked",TRUE,
070,Z,socp01n,categorical,1,1,mainly dutch members,FALSE,
070,Z,socp01n,categorical,2,2,many dutch members,FALSE,
070,Z,socp01n,categorical,3,3,little to none dutch members,FALSE,
070,Z,socp04n,categorical,-3,-3,"many dutch members: church, mosque or religious organization not available, wrong skip",TRUE,
070,Z,socp04n,categorical,-2,-2,"not available, routing",TRUE,
070,Z,socp04n,categorical,-1,-1,"not available, asked",TRUE,
070,Z,socp04n,categorical,1,1,mainly dutch members,FALSE,
070,Z,socp04n,categorical,2,2,many dutch members,FALSE,
070,Z,socp04n,categorical,3,3,little to none dutch members,FALSE,
070,Z,socp05n,categorical,-3,-3,"many dutch members: neighbourhood association not available, wrong skip",TRUE,
070,Z,socp05n,categorical,-2,-2,"not available, routing",TRUE,
070,Z,socp05n,categorical,-1,-1,"not available, asked",TRUE,
070,Z,socp05n,categorical,1,1,mainly dutch members,FALSE,
070,Z,socp05n,categorical,2,2,many dutch members,FALSE,
070,Z,socp05n,categorical,3,3,little to none dutch members,FALSE,
070,Z,socp06n,categorical,-3,-3,"many dutch members: womens association, womens circle not available, wrong skip",TRUE,
070,Z,socp06n,categorical,-2,-2,"not available, routing",TRUE,
070,Z,socp06n,categorical,-1,-1,"not available, asked",TRUE,
070,Z,socp06n,categorical,1,1,mainly dutch members,FALSE,
070,Z,socp06n,categorical,2,2,many dutch members,FALSE,
070,Z,socp06n,categorical,3,3,little to none dutch members,FALSE,
070,Z,socp08n,categorical,-3,-3,"many dutch members: action group or association with social aim not available, wrong skip",TRUE,
070,Z,socp08n,categorical,-2,-2,"not available, routing",TRUE,
070,Z,socp08n,categorical,-1,-1,"not available, asked",TRUE,
070,Z,socp08n,categorical,1,1,mainly dutch members,FALSE,
070,Z,socp08n,categorical,2,2,many dutch members,FALSE,
070,Z,socp08n,categorical,3,3,little to none dutch members,FALSE,
070,Z,socp09n,categorical,-3,-3,"many dutch members: patients association not available, wrong skip",TRUE,
070,Z,socp09n,categorical,-2,-2,"not available, routing",TRUE,
070,Z,socp09n,categorical,-1,-1,"not available, asked",TRUE,
070,Z,socp09n,categorical,1,1,mainly dutch members,FALSE,
070,Z,socp09n,categorical,2,2,many dutch members,FALSE,
070,Z,socp09n,categorical,3,3,little to none dutch members,FALSE,
070,Z,socp10n,categorical,-3,-3,"many dutch members: cultural organization not available, wrong skip",TRUE,
070,Z,socp10n,categorical,-2,-2,"not available, routing",TRUE,
070,Z,socp10n,categorical,-1,-1,"not available, asked",TRUE,
070,Z,socp10n,categorical,1,1,mainly dutch members,FALSE,
070,Z,socp10n,categorical,2,2,many dutch members,FALSE,
070,Z,socp10n,categorical,3,3,little to none dutch members,FALSE,
070,Z,socp11n,categorical,-3,-3,"many dutch members: recreation, music or hobby club not available, wrong skip",TRUE,
070,Z,socp11n,categorical,-2,-2,"not available, routing",TRUE,
070,Z,socp11n,categorical,-1,-1,"not available, asked",TRUE,
070,Z,socp11n,categorical,1,1,mainly dutch members,FALSE,
070,Z,socp11n,categorical,2,2,many dutch members,FALSE,
070,Z,socp11n,categorical,3,3,little to none dutch members,FALSE,
070,Z,socp12n,categorical,-3,-3,"many dutch members: sporting club not available, wrong skip",TRUE,
070,Z,socp12n,categorical,-2,-2,"not available, routing",TRUE,
070,Z,socp12n,categorical,-1,-1,"not available, asked",TRUE,
070,Z,socp12n,categorical,1,1,mainly dutch members,FALSE,
070,Z,socp12n,categorical,2,2,many dutch members,FALSE,
070,Z,socp12n,categorical,3,3,little to none dutch members,FALSE,
070,Z,socp13n,categorical,-3,-3,"many dutch members: other not available, wrong skip",TRUE,
070,Z,socp13n,categorical,-2,-2,"not available, routing",TRUE,
070,Z,socp13n,categorical,-1,-1,"not available, asked",TRUE,
070,Z,socp13n,categorical,1,1,mainly dutch members,FALSE,
070,Z,socp13n,categorical,2,2,many dutch members,FALSE,
070,Z,socp13n,categorical,3,3,little to none dutch members,FALSE,
070,Z,sp93n13,categorical,,,,,
070,Z,sp93n14,categorical,,,,,
070,Z,sp95f14,binary,-3,-3,"not available, wrong skip",TRUE,
070,Z,sp95f14,binary,-2,-2,"not available, routing",TRUE,
070,Z,sp95f14,binary,0,0,not mentioned,FALSE,
070,Z,sp95f14,binary,1,1,mentioned,FALSE,
070,Z,sp95f15,binary,-3,-3,"not available, wrong skip",TRUE,
070,Z,sp95f15,binary,-2,-2,"not available, routing",TRUE,
070,Z,sp95f15,binary,0,0,not mentioned,FALSE,
070,Z,sp95f15,binary,1,1,mentioned,FALSE,
070,Z,sp95f16,binary,-3,-3,"not available, wrong skip",TRUE,
070,Z,sp95f16,binary,-2,-2,"not available, routing",TRUE,
070,Z,sp95f16,binary,0,0,not mentioned,FALSE,
070,Z,sp95f16,binary,1,1,mentioned,FALSE,
070,Z,sp95f17,binary,-3,-3,"not available, wrong skip",TRUE,
070,Z,sp95f17,binary,-2,-2,"not available, routing",TRUE,
070,Z,sp95f17,binary,0,0,not mentioned,FALSE,
070,Z,sp95f17,binary,1,1,mentioned,FALSE,
