filecode,wave,canonical_name,variable_type,value_raw,value_numeric,value_label,is_missing,conflicts
703,C,trhepyn,binary,"asked, no answer(-1)",-1,"asked, no answer",TRUE,
703,C,trhepyn,binary,no(1),1,no,FALSE,
703,C,trhepyn,binary,yes(2),2,yes,FALSE,
703,C,trhep01,categorical,no help(-2),-2,no help,TRUE,
703,C,trhep01,categorical,"asked, no answer(-1)",-1,"asked, no answer",TRUE,
703,C,trhep01,categorical,not mentioned(0),0,not mentioned,FALSE,
703,C,trhep01,categorical,mentioned(1),1,mentioned,FALSE,
703,C,trhep02,categorical,no help(-2),-2,no help,TRUE,
703,C,trhep02,categorical,"asked, no answer(-1)",-1,"asked, no answer",TRUE,
703,C,trhep02,categorical,not mentioned(0),0,not mentioned,FALSE,
703,C,trhep02,categorical,mentioned(1),1,mentioned,FALSE,
703,C,trhep03,categorical,no help(-2),-2,no help,TRUE,
703,C,trhep03,categorical,"asked, no answer(-1)",-1,"asked, no answer",TRUE,
703,C,trhep03,categorical,not mentioned(0),0,not mentioned,FALSE,
703,C,trhep03,categorical,mentioned(1),1,mentioned,FALSE,
703,C,trhep04,categorical,no help(-2),-2,no help,TRUE,
703,C,trhep04,categorical,"asked, no answer(-1)",-1,"asked, no answer",TRUE,
703,C,trhep04,categorical,not mentioned(0),0,not mentioned,FALSE,
703,C,trhep04,categorical,mentioned(1),1,mentioned,FALSE,
703,C,trhep05,categorical,no help(-2),-2,no help,TRUE,
703,C,trhep05,categorical,"asked, no answer(-1)",-1,"asked, no answer",TRUE,
703,C,trhep05,categorical,not mentioned(0),0,not mentioned,FALSE,
703,C,trhep05,categorical,mentioned(1),1,mentioned,FALSE,
703,C,trhep06,categorical,no help(-2),-2,no help,TRUE,
703,C,trhep06,categorical,"asked, no answer(-1)",-1,"asked, no answer",TRUE,
703,C,trhep06,categorical,not mentioned(0),0,not mentioned,FALSE,
703,C,trhep06,categorical,mentioned(1),1,mentioned,FALSE,
703,C,trhep07,categorical,no help(-2),-2,no help,TRUE,
703,C,trhep07,categorical,"asked, no answer(-1)",-1,"asked, no answer",TRUE,
703,C,trhep07,categorical,not mentioned(0),0,not mentioned,FALSE,
703,C,trhep07,categorical,mentioned(1),1,mentioned,FALSE,
703,C,trhep08,categorical,no help(-2),-2,no help,TRUE,
703,C,trhep08,categorical,"asked, no answer(-1)",-1,"asked, no answer",TRUE,
703,C,trhep08,categorical,not mentioned(0),0,not mentioned,FALSE,
703,C,trhep08,categorical,mentioned(1),1,mentioned,FALSE,
703,C,trhep09,categorical,no help(-2),-2,no help,TRUE,
703,C,trhep09,categorical,"asked, no answer(-1)",-1,"asked, no answer",TRUE,
703,C,trhep09,categorical,not mentioned(0),0,not mentioned,FALSE,
703,C,trhep09,categorical,mentioned(1),1,mentioned,FALSE,
703,C,trhep10,categorical,no help(-2),-2,no help,TRUE,
703,C,trhep10,categorical,"asked, no answer(-1)",-1,"asked, no answer",TRUE,
703,C,trhep10,categorical,not mentioned(0),0,not mentioned,FALSE,
703,C,trhep10,categorical,mentioned(1),1,mentioned,FALSE,
703,C,trhep11,categorical,no help(-2),-2,no help,TRUE,
703,C,trhep11,categorical,"asked, no answer(-1)",-1,"asked, no answer",TRUE,
703,C,trhep11,categorical,not mentioned(0),0,not mentioned,FALSE,
703,C,trhep11,categorical,mentioned(1),1,mentioned,FALSE,
703,C,trhep12,categorical,no help(-2),-2,no help,TRUE,
703,C,trhep12,categorical,"asked, no answer(-1)",-1,"asked, no answer",TRUE,
703,C,trhep12,categorical,not mentioned(0),0,not mentioned,FALSE,
703,C,trhep12,categorical,mentioned(1),1,mentioned,FALSE,
703,C,trhedyn,binary,"asked, no answer(-1)",-1,"asked, no answer",TRUE,
703,C,trhedyn,binary,no(1),1,no,FALSE,
703,C,trhedyn,binary,yes(2),2,yes,FALSE,
703,C,trhed01,categorical,no help(-2),-2,no help,TRUE,
703,C,trhed01,categorical,"asked, no answer(-1)",-1,"asked, no answer",TRUE,
703,C,trhed01,categorical,not mentioned(0),0,not mentioned,FALSE,
703,C,trhed01,categorical,mentioned(1),1,mentioned,FALSE,
703,C,trhed02,categorical,no help(-2),-2,no help,TRUE,
703,C,trhed02,categorical,"asked, no answer(-1)",-1,"asked, no answer",TRUE,
703,C,trhed02,categorical,not mentioned(0),0,not mentioned,FALSE,
703,C,trhed02,categorical,mentioned(1),1,mentioned,FALSE,
703,C,trhed03,categorical,no help(-2),-2,no help,TRUE,
703,C,trhed03,categorical,"asked, no answer(-1)",-1,"asked, no answer",TRUE,
703,C,trhed03,categorical,not mentioned(0),0,not mentioned,FALSE,
703,C,trhed03,categorical,mentioned(1),1,mentioned,FALSE,
703,C,trhed04,categorical,no help(-2),-2,no help,TRUE,
703,C,trhed04,categorical,"asked, no answer(-1)",-1,"asked, no answer",TRUE,
703,C,trhed04,categorical,not mentioned(0),0,not mentioned,FALSE,
703,C,trhed04,categorical,mentioned(1),1,mentioned,FALSE,
703,C,trhed05,categorical,no help(-2),-2,no help,TRUE,
703,C,trhed05,categorical,"asked, no answer(-1)",-1,"asked, no answer",TRUE,
703,C,trhed05,categorical,not mentioned(0),0,not mentioned,FALSE,
703,C,trhed05,categorical,mentioned(1),1,mentioned,FALSE,
703,C,trhed06,categorical,no help(-2),-2,no help,TRUE,
703,C,trhed06,categorical,"asked, no answer(-1)",-1,"asked, no answer",TRUE,
703,C,trhed06,categorical,not mentioned(0),0,not mentioned,FALSE,
703,C,trhed06,categorical,mentioned(1),1,mentioned,FALSE,
703,C,trhed07,categorical,no help(-2),-2,no help,TRUE,
703,C,trhed07,categorical,"asked, no answer(-1)",-1,"asked, no answer",TRUE,
703,C,trhed07,categorical,not mentioned(0),0,not mentioned,FALSE,
703,C,trhed07,categorical,mentioned(1),1,mentioned,FALSE,
703,C,trhed08,categorical,no help(-2),-2,no help,TRUE,
703,C,trhed08,categorical,"asked, no answer(-1)",-1,"asked, no answer",TRUE,
703,C,trhed08,categorical,not mentioned(0),0,not mentioned,FALSE,
703,C,trhed08,categorical,mentioned(1),1,mentioned,FALSE,
703,C,trhed09,categorical,no help(-2),-2,no help,TRUE,
703,C,trhed09,categorical,"asked, no answer(-1)",-1,"asked, no answer",TRUE,
703,C,trhed09,categorical,not mentioned(0),0,not mentioned,FALSE,
703,C,trhed09,categorical,mentioned(1),1,mentioned,FALSE,
703,C,trhed10,categorical,no help(-2),-2,no help,TRUE,
703,C,trhed10,categorical,"asked, no answer(-1)",-1,"asked, no answer",TRUE,
703,C,trhed10,categorical,not mentioned(0),0,not mentioned,FALSE,
703,C,trhed10,categorical,mentioned(1),1,mentioned,FALSE,
703,C,trhed11,categorical,no help(-2),-2,no help,TRUE,
703,C,trhed11,categorical,"asked, no answer(-1)",-1,"asked, no answer",TRUE,
703,C,trhed11,categorical,not mentioned(0),0,not mentioned,FALSE,
703,C,trhed11,categorical,mentioned(1),1,mentioned,FALSE,
703,C,trhed12,categorical,no help(-2),-2,no help,TRUE,
703,C,trhed12,categorical,"asked, no answer(-1)",-1,"asked, no answer",TRUE,
703,C,trhed12,categorical,not mentioned(0),0,not mentioned,FALSE,
703,C,trhed12,categorical,mentioned(1),1,mentioned,FALSE,
703,C,trstic1,binary,"asked, no answer(-1)",-1,"asked, no answer",TRUE,
703,C,trstic1,binary,no(1),1,no,FALSE,
703,C,trstic1,binary,yes(2),2,yes,FALSE,
703,C,trhosp,binary,"asked, no answer(-1)",-1,"asked, no answer",TRUE,
703,C,trhosp,binary,no(1),1,no,FALSE,
703,C,trhosp,binary,yes(2),2,yes,FALSE,
703,C,trmeds,binary,"asked, no answer(-1)",-1,"asked, no answer",TRUE,
703,C,trmeds,binary,no(1),1,no,FALSE,
703,C,trmeds,binary,yes(2),2,yes,FALSE,
703,C,trpsyh,binary,"asked, no answer(-1)",-1,"asked, no answer",TRUE,
703,C,trpsyh,binary,no(1),1,no,FALSE,
703,C,trpsyh,binary,yes(2),2,yes,FALSE,
703,C,trpsyc,binary,"asked, no answer(-1)",-1,"asked, no answer",TRUE,
703,C,trpsyc,binary,no(1),1,no,FALSE,
703,C,trpsyc,binary,yes(2),2,yes,FALSE,
703,C,trpha1,categorical,"asked, no answer(-1)",-1,"asked, no answer",TRUE,
703,C,trpha1,categorical,R bedridden(1),1,R bedridden,FALSE,
703,C,trpha1,categorical,R in wheelchair(2),2,R in wheelchair,FALSE,
703,C,trpha1,categorical,R with walking aid(3),3,R with walking aid,FALSE,
703,C,trpha1,categorical,"not 1, 2 or 3(4)",4,"not 1, 2 or 3",FALSE,
703,C,tradl1a,ordinal,"asked, no answer(-1)",-1,"asked, no answer",TRUE,
703,C,tradl1a,ordinal,"no, R cannot(1)",1,"no, R cannot",FALSE,
703,C,tradl1a,ordinal,"yes, without difficulty(2)",2,"yes, without difficulty",FALSE,
703,C,tradl1a,ordinal,"yes, with some difficulty(3)",3,"yes, with some difficulty",FALSE,
703,C,tradl1a,ordinal,"yes, with much difficulty(4)",4,"yes, with much difficulty",FALSE,
703,C,tradl1a,ordinal,only with help(5),5,only with help,FALSE,
703,C,tradl2a,ordinal,"asked, no answer(-1)",-1,"asked, no answer",TRUE,
703,C,tradl2a,ordinal,"no, R cannot(1)",1,"no, R cannot",FALSE,
703,C,tradl2a,ordinal,"yes, without difficulty(2)",2,"yes, without difficulty",FALSE,
703,C,tradl2a,ordinal,"yes, with some difficulty(3)",3,"yes, with some difficulty",FALSE,
703,C,tradl2a,ordinal,"yes, with much difficulty(4)",4,"yes, with much difficulty",FALSE,
703,C,tradl2a,ordinal,only with help(5),5,only with help,FALSE,
703,C,tradl3a,ordinal,"asked, no answer(-1)",-1,"asked, no answer",TRUE,
703,C,tradl3a,ordinal,"no, R cannot(1)",1,"no, R cannot",FALSE,
703,C,tradl3a,ordinal,"yes, without difficulty(2)",2,"yes, without difficulty",FALSE,
703,C,tradl3a,ordinal,"yes, with some difficulty(3)",3,"yes, with some difficulty",FALSE,
703,C,tradl3a,ordinal,"yes, with much difficulty(4)",4,"yes, with much difficulty",FALSE,
703,C,tradl3a,ordinal,only with help(5),5,only with help,FALSE,
703,C,tradl4a,ordinal,"asked, no answer(-1)",-1,"asked, no answer",TRUE,
703,C,tradl4a,ordinal,"no, R cannot(1)",1,"no, R cannot",FALSE,
703,C,tradl4a,ordinal,"yes, without difficulty(2)",2,"yes, without difficulty",FALSE,
703,C,tradl4a,ordinal,"yes, with some difficulty(3)",3,"yes, with some difficulty",FALSE,
703,C,tradl4a,ordinal,"yes, with much difficulty(4)",4,"yes, with much difficulty",FALSE,
703,C,tradl4a,ordinal,only with help(5),5,only with help,FALSE,
703,C,tradl5a,ordinal,"asked, no answer(-1)",-1,"asked, no answer",TRUE,
703,C,tradl5a,ordinal,"no, R cannot(1)",1,"no, R cannot",FALSE,
703,C,tradl5a,ordinal,"yes, without difficulty(2)",2,"yes, without difficulty",FALSE,
703,C,tradl5a,ordinal,"yes, with some difficulty(3)",3,"yes, with some difficulty",FALSE,
703,C,tradl5a,ordinal,"yes, with much difficulty(4)",4,"yes, with much difficulty",FALSE,
703,C,tradl5a,ordinal,only with help(5),5,only with help,FALSE,
703,C,tradl6a,ordinal,"asked, no answer(-1)",-1,"asked, no answer",TRUE,
703,C,tradl6a,ordinal,"no, R cannot(1)",1,"no, R cannot",FALSE,
703,C,tradl6a,ordinal,"yes, without difficulty(2)",2,"yes, without difficulty",FALSE,
703,C,tradl6a,ordinal,"yes, with some difficulty(3)",3,"yes, with some difficulty",FALSE,
703,C,tradl6a,ordinal,"yes, with much difficulty(4)",4,"yes, with much difficulty",FALSE,
703,C,tradl6a,ordinal,only with help(5),5,only with help,FALSE,
703,C,trflwdiff,ordinal,no valid data(-1),-1,no valid data,TRUE,
703,C,trflwdiff,ordinal,no difficulties(0),0,no difficulties,FALSE,
703,C,trflwdiff,ordinal,2 without difficulty(1),1,2 without difficulty,FALSE,
703,C,trflwdiff,ordinal,1 without difficulty(2),2,1 without difficulty,FALSE,
703,C,trflwdiff,ordinal,all with difficulty(3),3,all with difficulty,FALSE,
703,C,trflwd#6,ordinal,no valid data(-1),-1,no valid data,TRUE,
703,C,trflwd#6,ordinal,no difficulties(0),0,no difficulties,FALSE,
703,C,trflwd#6,ordinal,5 without difficulty(1),1,5 without difficulty,FALSE,
703,C,trflwd#6,ordinal,4 without difficulty(2),2,4 without difficulty,FALSE,
703,C,trflwd#6,ordinal,3 without difficulty(3),3,3 without difficulty,FALSE,
703,C,trflwd#6,ordinal,2 without difficulty(4),4,2 without difficulty,FALSE,
703,C,trflwd#6,ordinal,1 without difficulty(5),5,1 without difficulty,FALSE,
703,C,trflwd#6,ordinal,all with difficulty(6),6,all with difficulty,FALSE,
703,D,trheal1,ordinal,"asked, no answer(-1)",-1,"asked, no answer",TRUE,
703,D,trheal1,ordinal,no(1),1,no,FALSE,
703,D,trheal1,ordinal,"yes, severely(2)",2,"yes, severely",FALSE,
703,D,trheal1,ordinal,"yes, slightly(3)",3,"yes, slightly",FALSE,
703,D,trhepyn,binary,"asked, no answer(-1)",-1,"asked, no answer",TRUE,
703,D,trhepyn,binary,no(1),1,no,FALSE,
703,D,trhepyn,binary,yes(2),2,yes,FALSE,
703,D,trhep01,categorical,no help(-2),-2,no help,TRUE,
703,D,trhep01,categorical,"asked, no answer(-1)",-1,"asked, no answer",TRUE,
703,D,trhep01,categorical,not mentioned(0),0,not mentioned,FALSE,
703,D,trhep01,categorical,mentioned(1),1,mentioned,FALSE,
703,D,trhep02,categorical,no help(-2),-2,no help,TRUE,
703,D,trhep02,categorical,"asked, no answer(-1)",-1,"asked, no answer",TRUE,
703,D,trhep02,categorical,not mentioned(0),0,not mentioned,FALSE,
703,D,trhep02,categorical,mentioned(1),1,mentioned,FALSE,
703,D,trhep03,categorical,no help(-2),-2,no help,TRUE,
703,D,trhep03,categorical,"asked, no answer(-1)",-1,"asked, no answer",TRUE,
703,D,trhep03,categorical,not mentioned(0),0,not mentioned,FALSE,
703,D,trhep03,categorical,mentioned(1),1,mentioned,FALSE,
703,D,trhep04,categorical,no help(-2),-2,no help,TRUE,
703,D,trhep04,categorical,"asked, no answer(-1)",-1,"asked, no answer",TRUE,
703,D,trhep04,categorical,not mentioned(0),0,not mentioned,FALSE,
703,D,trhep04,categorical,mentioned(1),1,mentioned,FALSE,
703,D,trhep05,categorical,no help(-2),-2,no help,TRUE,
703,D,trhep05,categorical,"asked, no answer(-1)",-1,"asked, no answer",TRUE,
703,D,trhep05,categorical,not mentioned(0),0,not mentioned,FALSE,
703,D,trhep05,categorical,mentioned(1),1,mentioned,FALSE,
703,D,trhep06,categorical,no help(-2),-2,no help,TRUE,
703,D,trhep06,categorical,"asked, no answer(-1)",-1,"asked, no answer",TRUE,
703,D,trhep06,categorical,not mentioned(0),0,not mentioned,FALSE,
703,D,trhep06,categorical,mentioned(1),1,mentioned,FALSE,
703,D,trhep07,categorical,no help(-2),-2,no help,TRUE,
703,D,trhep07,categorical,"asked, no answer(-1)",-1,"asked, no answer",TRUE,
703,D,trhep07,categorical,not mentioned(0),0,not mentioned,FALSE,
703,D,trhep07,categorical,mentioned(1),1,mentioned,FALSE,
703,D,trhep08,categorical,no help(-2),-2,no help,TRUE,
703,D,trhep08,categorical,"asked, no answer(-1)",-1,"asked, no answer",TRUE,
703,D,trhep08,categorical,not mentioned(0),0,not mentioned,FALSE,
703,D,trhep08,categorical,mentioned(1),1,mentioned,FALSE,
703,D,trhep09,categorical,no help(-2),-2,no help,TRUE,
703,D,trhep09,categorical,"asked, no answer(-1)",-1,"asked, no answer",TRUE,
703,D,trhep09,categorical,not mentioned(0),0,not mentioned,FALSE,
703,D,trhep09,categorical,mentioned(1),1,mentioned,FALSE,
703,D,trhep10,categorical,no help(-2),-2,no help,TRUE,
703,D,trhep10,categorical,"asked, no answer(-1)",-1,"asked, no answer",TRUE,
703,D,trhep10,categorical,not mentioned(0),0,not mentioned,FALSE,
703,D,trhep10,categorical,mentioned(1),1,mentioned,FALSE,
703,D,trhep11,categorical,no help(-2),-2,no help,TRUE,
703,D,trhep11,categorical,"asked, no answer(-1)",-1,"asked, no answer",TRUE,
703,D,trhep11,categorical,not mentioned(0),0,not mentioned,FALSE,
703,D,trhep11,categorical,mentioned(1),1,mentioned,FALSE,
703,D,trhep12,categorical,no help(-2),-2,no help,TRUE,
703,D,trhep12,categorical,"asked, no answer(-1)",-1,"asked, no answer",TRUE,
703,D,trhep12,categorical,not mentioned(0),0,not mentioned,FALSE,
703,D,trhep12,categorical,mentioned(1),1,mentioned,FALSE,
703,D,trhedyn,binary,"asked, no answer(-1)",-1,"asked, no answer",TRUE,
703,D,trhedyn,binary,no(1),1,no,FALSE,
703,D,trhedyn,binary,yes(2),2,yes,FALSE,
703,D,trhed01,categorical,no help(-2),-2,no help,TRUE,
703,D,trhed01,categorical,"asked, no answer(-1)",-1,"asked, no answer",TRUE,
703,D,trhed01,categorical,not mentioned(0),0,not mentioned,FALSE,
703,D,trhed01,categorical,mentioned(1),1,mentioned,FALSE,
703,D,trhed02,categorical,no help(-2),-2,no help,TRUE,
703,D,trhed02,categorical,"asked, no answer(-1)",-1,"asked, no answer",TRUE,
703,D,trhed02,categorical,not mentioned(0),0,not mentioned,FALSE,
703,D,trhed02,categorical,mentioned(1),1,mentioned,FALSE,
703,D,trhed03,categorical,no help(-2),-2,no help,TRUE,
703,D,trhed03,categorical,"asked, no answer(-1)",-1,"asked, no answer",TRUE,
703,D,trhed03,categorical,not mentioned(0),0,not mentioned,FALSE,
703,D,trhed03,categorical,mentioned(1),1,mentioned,FALSE,
703,D,trhed04,categorical,no help(-2),-2,no help,TRUE,
703,D,trhed04,categorical,"asked, no answer(-1)",-1,"asked, no answer",TRUE,
703,D,trhed04,categorical,not mentioned(0),0,not mentioned,FALSE,
703,D,trhed04,categorical,mentioned(1),1,mentioned,FALSE,
703,D,trhed05,categorical,no help(-2),-2,no help,TRUE,
703,D,trhed05,categorical,"asked, no answer(-1)",-1,"asked, no answer",TRUE,
703,D,trhed05,categorical,not mentioned(0),0,not mentioned,FALSE,
703,D,trhed05,categorical,mentioned(1),1,mentioned,FALSE,
703,D,trhed06,categorical,no help(-2),-2,no help,TRUE,
703,D,trhed06,categorical,"asked, no answer(-1)",-1,"asked, no answer",TRUE,
703,D,trhed06,categorical,not mentioned(0),0,not mentioned,FALSE,
703,D,trhed06,categorical,mentioned(1),1,mentioned,FALSE,
703,D,trhed07,categorical,no help(-2),-2,no help,TRUE,
703,D,trhed07,categorical,"asked, no answer(-1)",-1,"asked, no answer",TRUE,
703,D,trhed07,categorical,not mentioned(0),0,not mentioned,FALSE,
703,D,trhed07,categorical,mentioned(1),1,mentioned,FALSE,
703,D,trhed08,categorical,no help(-2),-2,no help,TRUE,
703,D,trhed08,categorical,"asked, no answer(-1)",-1,"asked, no answer",TRUE,
703,D,trhed08,categorical,not mentioned(0),0,not mentioned,FALSE,
703,D,trhed08,categorical,mentioned(1),1,mentioned,FALSE,
703,D,trhed09,categorical,no help(-2),-2,no help,TRUE,
703,D,trhed09,categorical,"asked, no answer(-1)",-1,"asked, no answer",TRUE,
703,D,trhed09,categorical,not mentioned(0),0,not mentioned,FALSE,
703,D,trhed09,categorical,mentioned(1),1,mentioned,FALSE,
703,D,trhed10,categorical,no help(-2),-2,no help,TRUE,
703,D,trhed10,categorical,"asked, no answer(-1)",-1,"asked, no answer",TRUE,
703,D,trhed10,categorical,not mentioned(0),0,not mentioned,FALSE,
703,D,trhed10,categorical,mentioned(1),1,mentioned,FALSE,
703,D,trhed11,categorical,no help(-2),-2,no help,TRUE,
703,D,trhed11,categorical,"asked, no answer(-1)",-1,"asked, no answer",TRUE,
703,D,trhed11,categorical,not mentioned(0),0,not mentioned,FALSE,
703,D,trhed11,categorical,mentioned(1),1,mentioned,FALSE,
703,D,trhed12,categorical,no help(-2),-2,no help,TRUE,
703,D,trhed12,categorical,"asked, no answer(-1)",-1,"asked, no answer",TRUE,
703,D,trhed12,categorical,not mentioned(0),0,not mentioned,FALSE,
703,D,trhed12,categorical,mentioned(1),1,mentioned,FALSE,
703,D,trstic1,binary,"asked, no answer(-1)",-1,"asked, no answer",TRUE,
703,D,trstic1,binary,no(1),1,no,FALSE,
703,D,trstic1,binary,yes(2),2,yes,FALSE,
703,D,trhosp,binary,"asked, no answer(-1)",-1,"asked, no answer",TRUE,
703,D,trhosp,binary,no(1),1,no,FALSE,
703,D,trhosp,binary,yes(2),2,yes,FALSE,
703,D,trmeds,binary,"asked, no answer(-1)",-1,"asked, no answer",TRUE,
703,D,trmeds,binary,no(1),1,no,FALSE,
703,D,trmeds,binary,yes(2),2,yes,FALSE,
703,D,trpsyh,binary,"asked, no answer(-1)",-1,"asked, no answer",TRUE,
703,D,trpsyh,binary,no(1),1,no,FALSE,
703,D,trpsyh,binary,yes(2),2,yes,FALSE,
703,D,trpsyc,binary,"asked, no answer(-1)",-1,"asked, no answer",TRUE,
703,D,trpsyc,binary,no(1),1,no,FALSE,
703,D,trpsyc,binary,yes(2),2,yes,FALSE,
703,D,trpha1,categorical,"asked, no answer(-1)",-1,"asked, no answer",TRUE,
703,D,trpha1,categorical,R bedridden(1),1,R bedridden,FALSE,
703,D,trpha1,categorical,R in wheelchair(2),2,R in wheelchair,FALSE,
703,D,trpha1,categorical,R with walking aid(3),3,R with walking aid,FALSE,
703,D,trpha1,categorical,"not 1, 2 or 3(4)",4,"not 1, 2 or 3",FALSE,
703,D,tradl1a,ordinal,"asked, no answer(-1)",-1,"asked, no answer",TRUE,
703,D,tradl1a,ordinal,"no, R cannot(1)",1,"no, R cannot",FALSE,
703,D,tradl1a,ordinal,"yes, without difficulty(2)",2,"yes, without difficulty",FALSE,
703,D,tradl1a,ordinal,"yes, with some difficulty(3)",3,"yes, with some difficulty",FALSE,
703,D,tradl1a,ordinal,"yes, with much difficulty(4)",4,"yes, with much difficulty",FALSE,
703,D,tradl1a,ordinal,only with help(5),5,only with help,FALSE,
703,D,tradl2a,ordinal,"asked, no answer(-1)",-1,"asked, no answer",TRUE,
703,D,tradl2a,ordinal,"no, R cannot(1)",1,"no, R cannot",FALSE,
703,D,tradl2a,ordinal,"yes, without difficulty(2)",2,"yes, without difficulty",FALSE,
703,D,tradl2a,ordinal,"yes, with some difficulty(3)",3,"yes, with some difficulty",FALSE,
703,D,tradl2a,ordinal,"yes, with much difficulty(4)",4,"yes, with much difficulty",FALSE,
703,D,tradl2a,ordinal,only with help(5),5,only with help,FALSE,
703,D,tradl3a,ordinal,"asked, no answer(-1)",-1,"asked, no answer",TRUE,
703,D,tradl3a,ordinal,"no, R cannot(1)",1,"no, R cannot",FALSE,
703,D,tradl3a,ordinal,"yes, without difficulty(2)",2,"yes, without difficulty",FALSE,
703,D,tradl3a,ordinal,"yes, with some difficulty(3)",3,"yes, with some difficulty",FALSE,
703,D,tradl3a,ordinal,"yes, with much difficulty(4)",4,"yes, with much difficulty",FALSE,
703,D,tradl3a,ordinal,only with help(5),5,only with help,FALSE,
703,D,tradl4a,ordinal,"asked, no answer(-1)",-1,"asked, no answer",TRUE,
703,D,tradl4a,ordinal,"no, R cannot(1)",1,"no, R cannot",FALSE,
703,D,tradl4a,ordinal,"yes, without difficulty(2)",2,"yes, without difficulty",FALSE,
703,D,tradl4a,ordinal,"yes, with some difficulty(3)",3,"yes, with some difficulty",FALSE,
703,D,tradl4a,ordinal,"yes, with much difficulty(4)",4,"yes, with much difficulty",FALSE,
703,D,tradl4a,ordinal,only with help(5),5,only with help,FALSE,
703,D,tradl5a,ordinal,"asked, no answer(-1)",-1,"asked, no answer",TRUE,
703,D,tradl5a,ordinal,"no, R cannot(1)",1,"no, R cannot",FALSE,
703,D,tradl5a,ordinal,"yes, without difficulty(2)",2,"yes, without difficulty",FALSE,
703,D,tradl5a,ordinal,"yes, with some difficulty(3)",3,"yes, with some difficulty",FALSE,
703,D,tradl5a,ordinal,"yes, with much difficulty(4)",4,"yes, with much difficulty",FALSE,
703,D,tradl5a,ordinal,only with help(5),5,only with help,FALSE,
703,D,tradl6a,ordinal,"asked, no answer(-1)",-1,"asked, no answer",TRUE,
703,D,tradl6a,ordinal,"no, R cannot(1)",1,"no, R cannot",FALSE,
703,D,tradl6a,ordinal,"yes, without difficulty(2)",2,"yes, without difficulty",FALSE,
703,D,tradl6a,ordinal,"yes, with some difficulty(3)",3,"yes, with some difficulty",FALSE,
703,D,tradl6a,ordinal,"yes, with much difficulty(4)",4,"yes, with much difficulty",FALSE,
703,D,tradl6a,ordinal,only with help(5),5,only with help,FALSE,
703,D,trflwdiff,ordinal,no valid data(-1),-1,no valid data,TRUE,
703,D,trflwdiff,ordinal,no difficulties(0),0,no difficulties,FALSE,
703,D,trflwdiff,ordinal,2 without difficulty(1),1,2 without difficulty,FALSE,
703,D,trflwdiff,ordinal,1 without difficulty(2),2,1 without difficulty,FALSE,
703,D,trflwdiff,ordinal,all with difficulty(3),3,all with difficulty,FALSE,
703,D,trflwd#6,ordinal,no valid data(-1),-1,no valid data,TRUE,
703,D,trflwd#6,ordinal,no difficulties(0),0,no difficulties,FALSE,
703,D,trflwd#6,ordinal,5 without difficulty(1),1,5 without difficulty,FALSE,
703,D,trflwd#6,ordinal,4 without difficulty(2),2,4 without difficulty,FALSE,
703,D,trflwd#6,ordinal,3 without difficulty(3),3,3 without difficulty,FALSE,
703,D,trflwd#6,ordinal,2 without difficulty(4),4,2 without difficulty,FALSE,
703,D,trflwd#6,ordinal,1 without difficulty(5),5,1 without difficulty,FALSE,
703,D,trflwd#6,ordinal,all with difficulty(6),6,all with difficulty,FALSE,
703,E,trheal1,ordinal,"asked, no answer(-1)",-1,"asked, no answer",TRUE,
703,E,trheal1,ordinal,no(1),1,no,FALSE,
703,E,trheal1,ordinal,"yes, severely(2)",2,"yes, severely",FALSE,
703,E,trheal1,ordinal,"yes, slightly(3)",3,"yes, slightly",FALSE,
703,E,trhepyn,binary,"asked, no answer(-1)",-1,"asked, no answer",TRUE,
703,E,trhepyn,binary,no(1),1,no,FALSE,
703,E,trhepyn,binary,yes(2),2,yes,FALSE,
703,E,trhep01,categorical,no help(-2),-2,no help,TRUE,
703,E,trhep01,categorical,"asked, no answer(-1)",-1,"asked, no answer",TRUE,
703,E,trhep01,categorical,not mentioned(0),0,not mentioned,FALSE,
703,E,trhep01,categorical,mentioned(1),1,mentioned,FALSE,
703,E,trhep02,categorical,no help(-2),-2,no help,TRUE,
703,E,trhep02,categorical,"asked, no answer(-1)",-1,"asked, no answer",TRUE,
703,E,trhep02,categorical,not mentioned(0),0,not mentioned,FALSE,
703,E,trhep02,categorical,mentioned(1),1,mentioned,FALSE,
703,E,trhep03,categorical,no help(-2),-2,no help,TRUE,
703,E,trhep03,categorical,"asked, no answer(-1)",-1,"asked, no answer",TRUE,
703,E,trhep03,categorical,not mentioned(0),0,not mentioned,FALSE,
703,E,trhep03,categorical,mentioned(1),1,mentioned,FALSE,
703,E,trhep04,categorical,no help(-2),-2,no help,TRUE,
703,E,trhep04,categorical,"asked, no answer(-1)",-1,"asked, no answer",TRUE,
703,E,trhep04,categorical,not mentioned(0),0,not mentioned,FALSE,
703,E,trhep04,categorical,mentioned(1),1,mentioned,FALSE,
703,E,trhep05,categorical,no help(-2),-2,no help,TRUE,
703,E,trhep05,categorical,"asked, no answer(-1)",-1,"asked, no answer",TRUE,
703,E,trhep05,categorical,not mentioned(0),0,not mentioned,FALSE,
703,E,trhep05,categorical,mentioned(1),1,mentioned,FALSE,
703,E,trhep06,categorical,no help(-2),-2,no help,TRUE,
703,E,trhep06,categorical,"asked, no answer(-1)",-1,"asked, no answer",TRUE,
703,E,trhep06,categorical,not mentioned(0),0,not mentioned,FALSE,
703,E,trhep06,categorical,mentioned(1),1,mentioned,FALSE,
703,E,trhep07,categorical,no help(-2),-2,no help,TRUE,
703,E,trhep07,categorical,"asked, no answer(-1)",-1,"asked, no answer",TRUE,
703,E,trhep07,categorical,not mentioned(0),0,not mentioned,FALSE,
703,E,trhep07,categorical,mentioned(1),1,mentioned,FALSE,
703,E,trhep08,categorical,no help(-2),-2,no help,TRUE,
703,E,trhep08,categorical,"asked, no answer(-1)",-1,"asked, no answer",TRUE,
703,E,trhep08,categorical,not mentioned(0),0,not mentioned,FALSE,
703,E,trhep08,categorical,mentioned(1),1,mentioned,FALSE,
703,E,trhep09,categorical,no help(-2),-2,no help,TRUE,
703,E,trhep09,categorical,"asked, no answer(-1)",-1,"asked, no answer",TRUE,
703,E,trhep09,categorical,not mentioned(0),0,not mentioned,FALSE,
703,E,trhep09,categorical,mentioned(1),1,mentioned,FALSE,
703,E,trhep10,categorical,no help(-2),-2,no help,TRUE,
703,E,trhep10,categorical,"asked, no answer(-1)",-1,"asked, no answer",TRUE,
703,E,trhep10,categorical,not mentioned(0),0,not mentioned,FALSE,
703,E,trhep10,categorical,mentioned(1),1,mentioned,FALSE,
703,E,trhep11,categorical,no help(-2),-2,no help,TRUE,
703,E,trhep11,categorical,"asked, no answer(-1)",-1,"asked, no answer",TRUE,
703,E,trhep11,categorical,not mentioned(0),0,not mentioned,FALSE,
703,E,trhep11,categorical,mentioned(1),1,mentioned,FALSE,
703,E,trhep12,categorical,no help(-2),-2,no help,TRUE,
703,E,trhep12,categorical,"asked, no answer(-1)",-1,"asked, no answer",TRUE,
703,E,trhep12,categorical,not mentioned(0),0,not mentioned,FALSE,
703,E,trhep12,categorical,mentioned(1),1,mentioned,FALSE,
703,E,trhedyn,binary,"asked, no answer(-1)",-1,"asked, no answer",TRUE,
703,E,trhedyn,binary,no(1),1,no,FALSE,
703,E,trhedyn,binary,yes(2),2,yes,FALSE,
703,E,trhed01,categorical,no help(-2),-2,no help,TRUE,
703,E,trhed01,categorical,"asked, no answer(-1)",-1,"asked, no answer",TRUE,
703,E,trhed01,categorical,not mentioned(0),0,not mentioned,FALSE,
703,E,trhed01,categorical,mentioned(1),1,mentioned,FALSE,
703,E,trhed02,categorical,no help(-2),-2,no help,TRUE,
703,E,trhed02,categorical,"asked, no answer(-1)",-1,"asked, no answer",TRUE,
703,E,trhed02,categorical,not mentioned(0),0,not mentioned,FALSE,
703,E,trhed02,categorical,mentioned(1),1,mentioned,FALSE,
703,E,trhed03,categorical,no help(-2),-2,no help,TRUE,
703,E,trhed03,categorical,"asked, no answer(-1)",-1,"asked, no answer",TRUE,
703,E,trhed03,categorical,not mentioned(0),0,not mentioned,FALSE,
703,E,trhed03,categorical,mentioned(1),1,mentioned,FALSE,
703,E,trhed04,categorical,no help(-2),-2,no help,TRUE,
703,E,trhed04,categorical,"asked, no answer(-1)",-1,"asked, no answer",TRUE,
703,E,trhed04,categorical,not mentioned(0),0,not mentioned,FALSE,
703,E,trhed04,categorical,mentioned(1),1,mentioned,FALSE,
703,E,trhed05,categorical,no help(-2),-2,no help,TRUE,
703,E,trhed05,categorical,"asked, no answer(-1)",-1,"asked, no answer",TRUE,
703,E,trhed05,categorical,not mentioned(0),0,not mentioned,FALSE,
703,E,trhed05,categorical,mentioned(1),1,mentioned,FALSE,
703,E,trhed06,categorical,no help(-2),-2,no help,TRUE,
703,E,trhed06,categorical,"asked, no answer(-1)",-1,"asked, no answer",TRUE,
703,E,trhed06,categorical,not mentioned(0),0,not mentioned,FALSE,
703,E,trhed06,categorical,mentioned(1),1,mentioned,FALSE,
703,E,trhed07,categorical,no help(-2),-2,no help,TRUE,
703,E,trhed07,categorical,"asked, no answer(-1)",-1,"asked, no answer",TRUE,
703,E,trhed07,categorical,not mentioned(0),0,not mentioned,FALSE,
703,E,trhed07,categorical,mentioned(1),1,mentioned,FALSE,
703,E,trhed08,categorical,no help(-2),-2,no help,TRUE,
703,E,trhed08,categorical,"asked, no answer(-1)",-1,"asked, no answer",TRUE,
703,E,trhed08,categorical,not mentioned(0),0,not mentioned,FALSE,
703,E,trhed08,categorical,mentioned(1),1,mentioned,FALSE,
703,E,trhed09,categorical,no help(-2),-2,no help,TRUE,
703,E,trhed09,categorical,"asked, no answer(-1)",-1,"asked, no answer",TRUE,
703,E,trhed09,categorical,not mentioned(0),0,not mentioned,FALSE,
703,E,trhed09,categorical,mentioned(1),1,mentioned,FALSE,
703,E,trhed10,categorical,no help(-2),-2,no help,TRUE,
703,E,trhed10,categorical,"asked, no answer(-1)",-1,"asked, no answer",TRUE,
703,E,trhed10,categorical,not mentioned(0),0,not mentioned,FALSE,
703,E,trhed10,categorical,mentioned(1),1,mentioned,FALSE,
703,E,trhed11,categorical,no help(-2),-2,no help,TRUE,
703,E,trhed11,categorical,"asked, no answer(-1)",-1,"asked, no answer",TRUE,
703,E,trhed11,categorical,not mentioned(0),0,not mentioned,FALSE,
703,E,trhed11,categorical,mentioned(1),1,mentioned,FALSE,
703,E,trhed12,categorical,no help(-2),-2,no help,TRUE,
703,E,trhed12,categorical,"asked, no answer(-1)",-1,"asked, no answer",TRUE,
703,E,trhed12,categorical,not mentioned(0),0,not mentioned,FALSE,
703,E,trhed12,categorical,mentioned(1),1,mentioned,FALSE,
703,E,trstic1,binary,"asked, no answer(-1)",-1,"asked, no answer",TRUE,
703,E,trstic1,binary,no(1),1,no,FALSE,
703,E,trstic1,binary,yes(2),2,yes,FALSE,
703,E,trhosp,binary,"asked, no answer(-1)",-1,"asked, no answer",TRUE,
703,E,trhosp,binary,no(1),1,no,FALSE,
703,E,trhosp,binary,yes(2),2,yes,FALSE,
703,E,trmeds,binary,"asked, no answer(-1)",-1,"asked, no answer",TRUE,
703,E,trmeds,binary,no(1),1,no,FALSE,
703,E,trmeds,binary,yes(2),2,yes,FALSE,
703,E,trpsyh,binary,"asked, no answer(-1)",-1,"asked, no answer",TRUE,
703,E,trpsyh,binary,no(1),1,no,FALSE,
703,E,trpsyh,binary,yes(2),2,yes,FALSE,
703,E,trpsyc,binary,"asked, no answer(-1)",-1,"asked, no answer",TRUE,
703,E,trpsyc,binary,no(1),1,no,FALSE,
703,E,trpsyc,binary,yes(2),2,yes,FALSE,
703,E,trpha1,categorical,"asked, no answer(-1)",-1,"asked, no answer",TRUE,
703,E,trpha1,categorical,R bedridden(1),1,R bedridden,FALSE,
703,E,trpha1,categorical,R in wheelchair(2),2,R in wheelchair,FALSE,
703,E,trpha1,categorical,R with walking aid(3),3,R with walking aid,FALSE,
703,E,trpha1,categorical,"not 1, 2 or 3(4)",4,"not 1, 2 or 3",FALSE,
703,E,tradl1a,ordinal,"asked, no answer(-1)",-1,"asked, no answer",TRUE,
703,E,tradl1a,ordinal,"no, R cannot(1)",1,"no, R cannot",FALSE,
703,E,tradl1a,ordinal,"yes, without difficulty(2)",2,"yes, without difficulty",FALSE,
703,E,tradl1a,ordinal,"yes, with some difficulty(3)",3,"yes, with some difficulty",FALSE,
703,E,tradl1a,ordinal,"yes, with much difficulty(4)",4,"yes, with much difficulty",FALSE,
703,E,tradl1a,ordinal,only with help(5),5,only with help,FALSE,
703,E,tradl2a,ordinal,"asked, no answer(-1)",-1,"asked, no answer",TRUE,
703,E,tradl2a,ordinal,"no, R cannot(1)",1,"no, R cannot",FALSE,
703,E,tradl2a,ordinal,"yes, without difficulty(2)",2,"yes, without difficulty",FALSE,
703,E,tradl2a,ordinal,"yes, with some difficulty(3)",3,"yes, with some difficulty",FALSE,
703,E,tradl2a,ordinal,"yes, with much difficulty(4)",4,"yes, with much difficulty",FALSE,
703,E,tradl2a,ordinal,only with help(5),5,only with help,FALSE,
703,E,tradl3a,ordinal,"asked, no answer(-1)",-1,"asked, no answer",TRUE,
703,E,tradl3a,ordinal,"no, R cannot(1)",1,"no, R cannot",FALSE,
703,E,tradl3a,ordinal,"yes, without difficulty(2)",2,"yes, without difficulty",FALSE,
703,E,tradl3a,ordinal,"yes, with some difficulty(3)",3,"yes, with some difficulty",FALSE,
703,E,tradl3a,ordinal,"yes, with much difficulty(4)",4,"yes, with much difficulty",FALSE,
703,E,tradl3a,ordinal,only with help(5),5,only with help,FALSE,
703,E,tradl4a,ordinal,"asked, no answer(-1)",-1,"asked, no answer",TRUE,
703,E,tradl4a,ordinal,"no, R cannot(1)",1,"no, R cannot",FALSE,
703,E,tradl4a,ordinal,"yes, without difficulty(2)",2,"yes, without difficulty",FALSE,
703,E,tradl4a,ordinal,"yes, with some difficulty(3)",3,"yes, with some difficulty",FALSE,
703,E,tradl4a,ordinal,"yes, with much difficulty(4)",4,"yes, with much difficulty",FALSE,
703,E,tradl4a,ordinal,only with help(5),5,only with help,FALSE,
703,E,tradl5a,ordinal,"asked, no answer(-1)",-1,"asked, no answer",TRUE,
703,E,tradl5a,ordinal,"no, R cannot(1)",1,"no, R cannot",FALSE,
703,E,tradl5a,ordinal,"yes, without difficulty(2)",2,"yes, without difficulty",FALSE,
703,E,tradl5a,ordinal,"yes, with some difficulty(3)",3,"yes, with some difficulty",FALSE,
703,E,tradl5a,ordinal,"yes, with much difficulty(4)",4,"yes, with much difficulty",FALSE,
703,E,tradl5a,ordinal,only with help(5),5,only with help,FALSE,
703,E,tradl6a,ordinal,"asked, no answer(-1)",-1,"asked, no answer",TRUE,
703,E,tradl6a,ordinal,"no, R cannot(1)",1,"no, R cannot",FALSE,
703,E,tradl6a,ordinal,"yes, without difficulty(2)",2,"yes, without difficulty",FALSE,
703,E,tradl6a,ordinal,"yes, with some difficulty(3)",3,"yes, with some difficulty",FALSE,
703,E,tradl6a,ordinal,"yes, with much difficulty(4)",4,"yes, with much difficulty",FALSE,
703,E,tradl6a,ordinal,only with help(5),5,only with help,FALSE,
703,E,trflwdiff,ordinal,no valid data(-1),-1,no valid data,TRUE,
703,E,trflwdiff,ordinal,no difficulties(0),0,no difficulties,FALSE,
703,E,trflwdiff,ordinal,2 without difficulty(1),1,2 without difficulty,FALSE,
703,E,trflwdiff,ordinal,1 without difficulty(2),2,1 without difficulty,FALSE,
703,E,trflwdiff,ordinal,all with difficulty(3),3,all with difficulty,FALSE,
703,E,trflwd#6,ordinal,no valid data(-1),-1,no valid data,TRUE,
703,E,trflwd#6,ordinal,no difficulties(0),0,no difficulties,FALSE,
703,E,trflwd#6,ordinal,5 without difficulty(1),1,5 without difficulty,FALSE,
703,E,trflwd#6,ordinal,4 without difficulty(2),2,4 without difficulty,FALSE,
703,E,trflwd#6,ordinal,3 without difficulty(3),3,3 without difficulty,FALSE,
703,E,trflwd#6,ordinal,2 without difficulty(4),4,2 without difficulty,FALSE,
703,E,trflwd#6,ordinal,1 without difficulty(5),5,1 without difficulty,FALSE,
703,E,trflwd#6,ordinal,all with difficulty(6),6,all with difficulty,FALSE,
703,F,trheal1,ordinal,"asked, no answer(-1)",-1,"asked, no answer",TRUE,
703,F,trheal1,ordinal,no(1),1,no,FALSE,
703,F,trheal1,ordinal,"yes, severely(2)",2,"yes, severely",FALSE,
703,F,trheal1,ordinal,"yes, slightly(3)",3,"yes, slightly",FALSE,
703,F,trhepyn,binary,"asked, no answer(-1)",-1,"asked, no answer",TRUE,
703,F,trhepyn,binary,no(1),1,no,FALSE,
703,F,trhepyn,binary,yes(2),2,yes,FALSE,
703,F,trhep01,categorical,no help(-2),-2,no help,TRUE,
703,F,trhep01,categorical,"asked, no answer(-1)",-1,"asked, no answer",TRUE,
703,F,trhep01,categorical,not mentioned(0),0,not mentioned,FALSE,
703,F,trhep01,categorical,mentioned(1),1,mentioned,FALSE,
703,F,trhep02,categorical,no help(-2),-2,no help,TRUE,
703,F,trhep02,categorical,"asked, no answer(-1)",-1,"asked, no answer",TRUE,
703,F,trhep02,categorical,not mentioned(0),0,not mentioned,FALSE,
703,F,trhep02,categorical,mentioned(1),1,mentioned,FALSE,
703,F,trhep03,categorical,no help(-2),-2,no help,TRUE,
703,F,trhep03,categorical,"asked, no answer(-1)",-1,"asked, no answer",TRUE,
703,F,trhep03,categorical,not mentioned(0),0,not mentioned,FALSE,
703,F,trhep03,categorical,mentioned(1),1,mentioned,FALSE,
703,F,trhep04,categorical,no help(-2),-2,no help,TRUE,
703,F,trhep04,categorical,"asked, no answer(-1)",-1,"asked, no answer",TRUE,
703,F,trhep04,categorical,not mentioned(0),0,not mentioned,FALSE,
703,F,trhep04,categorical,mentioned(1),1,mentioned,FALSE,
703,F,trhep05,categorical,no help(-2),-2,no help,TRUE,
703,F,trhep05,categorical,"asked, no answer(-1)",-1,"asked, no answer",TRUE,
703,F,trhep05,categorical,not mentioned(0),0,not mentioned,FALSE,
703,F,trhep05,categorical,mentioned(1),1,mentioned,FALSE,
703,F,trhep06,categorical,no help(-2),-2,no help,TRUE,
703,F,trhep06,categorical,"asked, no answer(-1)",-1,"asked, no answer",TRUE,
703,F,trhep06,categorical,not mentioned(0),0,not mentioned,FALSE,
703,F,trhep06,categorical,mentioned(1),1,mentioned,FALSE,
703,F,trhep07,categorical,no help(-2),-2,no help,TRUE,
703,F,trhep07,categorical,"asked, no answer(-1)",-1,"asked, no answer",TRUE,
703,F,trhep07,categorical,not mentioned(0),0,not mentioned,FALSE,
703,F,trhep07,categorical,mentioned(1),1,mentioned,FALSE,
703,F,trhep08,categorical,no help(-2),-2,no help,TRUE,
703,F,trhep08,categorical,"asked, no answer(-1)",-1,"asked, no answer",TRUE,
703,F,trhep08,categorical,not mentioned(0),0,not mentioned,FALSE,
703,F,trhep08,categorical,mentioned(1),1,mentioned,FALSE,
703,F,trhep09,categorical,no help(-2),-2,no help,TRUE,
703,F,trhep09,categorical,"asked, no answer(-1)",-1,"asked, no answer",TRUE,
703,F,trhep09,categorical,not mentioned(0),0,not mentioned,FALSE,
703,F,trhep09,categorical,mentioned(1),1,mentioned,FALSE,
703,F,trhep10,categorical,no help(-2),-2,no help,TRUE,
703,F,trhep10,categorical,"asked, no answer(-1)",-1,"asked, no answer",TRUE,
703,F,trhep10,categorical,not mentioned(0),0,not mentioned,FALSE,
703,F,trhep10,categorical,mentioned(1),1,mentioned,FALSE,
703,F,trhep11,categorical,no help(-2),-2,no help,TRUE,
703,F,trhep11,categorical,"asked, no answer(-1)",-1,"asked, no answer",TRUE,
703,F,trhep11,categorical,not mentioned(0),0,not mentioned,FALSE,
703,F,trhep11,categorical,mentioned(1),1,mentioned,FALSE,
703,F,trhep12,categorical,no help(-2),-2,no help,TRUE,
703,F,trhep12,categorical,"asked, no answer(-1)",-1,"asked, no answer",TRUE,
703,F,trhep12,categorical,not mentioned(0),0,not mentioned,FALSE,
703,F,trhep12,categorical,mentioned(1),1,mentioned,FALSE,
703,F,trhedyn,binary,"asked, no answer(-1)",-1,"asked, no answer",TRUE,
703,F,trhedyn,binary,no(1),1,no,FALSE,
703,F,trhedyn,binary,yes(2),2,yes,FALSE,
703,F,trhed01,categorical,no help(-2),-2,no help,TRUE,
703,F,trhed01,categorical,"asked, no answer(-1)",-1,"asked, no answer",TRUE,
703,F,trhed01,categorical,not mentioned(0),0,not mentioned,FALSE,
703,F,trhed01,categorical,mentioned(1),1,mentioned,FALSE,
703,F,trhed02,categorical,no help(-2),-2,no help,TRUE,
703,F,trhed02,categorical,"asked, no answer(-1)",-1,"asked, no answer",TRUE,
703,F,trhed02,categorical,not mentioned(0),0,not mentioned,FALSE,
703,F,trhed02,categorical,mentioned(1),1,mentioned,FALSE,
703,F,trhed03,categorical,no help(-2),-2,no help,TRUE,
703,F,trhed03,categorical,"asked, no answer(-1)",-1,"asked, no answer",TRUE,
703,F,trhed03,categorical,not mentioned(0),0,not mentioned,FALSE,
703,F,trhed03,categorical,mentioned(1),1,mentioned,FALSE,
703,F,trhed04,categorical,no help(-2),-2,no help,TRUE,
703,F,trhed04,categorical,"asked, no answer(-1)",-1,"asked, no answer",TRUE,
703,F,trhed04,categorical,not mentioned(0),0,not mentioned,FALSE,
703,F,trhed04,categorical,mentioned(1),1,mentioned,FALSE,
703,F,trhed05,categorical,no help(-2),-2,no help,TRUE,
703,F,trhed05,categorical,"asked, no answer(-1)",-1,"asked, no answer",TRUE,
703,F,trhed05,categorical,not mentioned(0),0,not mentioned,FALSE,
703,F,trhed05,categorical,mentioned(1),1,mentioned,FALSE,
703,F,trhed06,categorical,no help(-2),-2,no help,TRUE,
703,F,trhed06,categorical,"asked, no answer(-1)",-1,"asked, no answer",TRUE,
703,F,trhed06,categorical,not mentioned(0),0,not mentioned,FALSE,
703,F,trhed06,categorical,mentioned(1),1,mentioned,FALSE,
703,F,trhed07,categorical,no help(-2),-2,no help,TRUE,
703,F,trhed07,categorical,"asked, no answer(-1)",-1,"asked, no answer",TRUE,
703,F,trhed07,categorical,not mentioned(0),0,not mentioned,FALSE,
703,F,trhed07,categorical,mentioned(1),1,mentioned,FALSE,
703,F,trhed08,categorical,no help(-2),-2,no help,TRUE,
703,F,trhed08,categorical,"asked, no answer(-1)",-1,"asked, no answer",TRUE,
703,F,trhed08,categorical,not mentioned(0),0,not mentioned,FALSE,
703,F,trhed08,categorical,mentioned(1),1,mentioned,FALSE,
703,F,trhed09,categorical,no help(-2),-2,no help,TRUE,
703,F,trhed09,categorical,"asked, no answer(-1)",-1,"asked, no answer",TRUE,
703,F,trhed09,categorical,not mentioned(0),0,not mentioned,FALSE,
703,F,trhed09,categorical,mentioned(1),1,mentioned,FALSE,
703,F,trhed10,categorical,no help(-2),-2,no help,TRUE,
703,F,trhed10,categorical,"asked, no answer(-1)",-1,"asked, no answer",TRUE,
703,F,trhed10,categorical,not mentioned(0),0,not mentioned,FALSE,
703,F,trhed10,categorical,mentioned(1),1,mentioned,FALSE,
703,F,trhed11,categorical,no help(-2),-2,no help,TRUE,
703,F,trhed11,categorical,"asked, no answer(-1)",-1,"asked, no answer",TRUE,
703,F,trhed11,categorical,not mentioned(0),0,not mentioned,FALSE,
703,F,trhed11,categorical,mentioned(1),1,mentioned,FALSE,
703,F,trhed12,categorical,no help(-2),-2,no help,TRUE,
703,F,trhed12,categorical,"asked, no answer(-1)",-1,"asked, no answer",TRUE,
703,F,trhed12,categorical,not mentioned(0),0,not mentioned,FALSE,
703,F,trhed12,categorical,mentioned(1),1,mentioned,FALSE,
703,F,trstic1,binary,"asked, no answer(-1)",-1,"asked, no answer",TRUE,
703,F,trstic1,binary,no(1),1,no,FALSE,
703,F,trstic1,binary,yes(2),2,yes,FALSE,
703,F,trhosp,binary,"asked, no answer(-1)",-1,"asked, no answer",TRUE,
703,F,trhosp,binary,no(1),1,no,FALSE,
703,F,trhosp,binary,yes(2),2,yes,FALSE,
703,F,trmeds,binary,"asked, no answer(-1)",-1,"asked, no answer",TRUE,
703,F,trmeds,binary,no(1),1,no,FALSE,
703,F,trmeds,binary,yes(2),2,yes,FALSE,
703,F,trpsyh,binary,"asked, no answer(-1)",-1,"asked, no answer",TRUE,
703,F,trpsyh,binary,no(1),1,no,FALSE,
703,F,trpsyh,binary,yes(2),2,yes,FALSE,
703,F,trpsyc,binary,"asked, no answer(-1)",-1,"asked, no answer",TRUE,
703,F,trpsyc,binary,no(1),1,no,FALSE,
703,F,trpsyc,binary,yes(2),2,yes,FALSE,
703,F,trpha1,categorical,"asked, no answer(-1)",-1,"asked, no answer",TRUE,
703,F,trpha1,categorical,R bedridden(1),1,R bedridden,FALSE,
703,F,trpha1,categorical,R in wheelchair(2),2,R in wheelchair,FALSE,
703,F,trpha1,categorical,R with walking aid(3),3,R with walking aid,FALSE,
703,F,trpha1,categorical,"not 1, 2 or 3(4)",4,"not 1, 2 or 3",FALSE,
703,F,tradl1a,ordinal,"asked, no answer(-1)",-1,"asked, no answer",TRUE,
703,F,tradl1a,ordinal,"no, R cannot(1)",1,"no, R cannot",FALSE,
703,F,tradl1a,ordinal,"yes, without difficulty(2)",2,"yes, without difficulty",FALSE,
703,F,tradl1a,ordinal,"yes, with some difficulty(3)",3,"yes, with some difficulty",FALSE,
703,F,tradl1a,ordinal,"yes, with much difficulty(4)",4,"yes, with much difficulty",FALSE,
703,F,tradl1a,ordinal,only with help(5),5,only with help,FALSE,
703,F,tradl2a,ordinal,"asked, no answer(-1)",-1,"asked, no answer",TRUE,
703,F,tradl2a,ordinal,"no, R cannot(1)",1,"no, R cannot",FALSE,
703,F,tradl2a,ordinal,"yes, without difficulty(2)",2,"yes, without difficulty",FALSE,
703,F,tradl2a,ordinal,"yes, with some difficulty(3)",3,"yes, with some difficulty",FALSE,
703,F,tradl2a,ordinal,"yes, with much difficulty(4)",4,"yes, with much difficulty",FALSE,
703,F,tradl2a,ordinal,only with help(5),5,only with help,FALSE,
703,F,tradl3a,ordinal,"asked, no answer(-1)",-1,"asked, no answer",TRUE,
703,F,tradl3a,ordinal,"no, R cannot(1)",1,"no, R cannot",FALSE,
703,F,tradl3a,ordinal,"yes, without difficulty(2)",2,"yes, without difficulty",FALSE,
703,F,tradl3a,ordinal,"yes, with some difficulty(3)",3,"yes, with some difficulty",FALSE,
703,F,tradl3a,ordinal,"yes, with much difficulty(4)",4,"yes, with much difficulty",FALSE,
703,F,tradl3a,ordinal,only with help(5),5,only with help,FALSE,
703,F,tradl4a,ordinal,"asked, no answer(-1)",-1,"asked, no answer",TRUE,
703,F,tradl4a,ordinal,"no, R cannot(1)",1,"no, R cannot",FALSE,
703,F,tradl4a,ordinal,"yes, without difficulty(2)",2,"yes, without difficulty",FALSE,
703,F,tradl4a,ordinal,"yes, with some difficulty(3)",3,"yes, with some difficulty",FALSE,
703,F,tradl4a,ordinal,"yes, with much difficulty(4)",4,"yes, with much difficulty",FALSE,
703,F,tradl4a,ordinal,only with help(5),5,only with help,FALSE,
703,F,tradl5a,ordinal,"asked, no answer(-1)",-1,"asked, no answer",TRUE,
703,F,tradl5a,ordinal,"no, R cannot(1)",1,"no, R cannot",FALSE,
703,F,tradl5a,ordinal,"yes, without difficulty(2)",2,"yes, without difficulty",FALSE,
703,F,tradl5a,ordinal,"yes, with some difficulty(3)",3,"yes, with some difficulty",FALSE,
703,F,tradl5a,ordinal,"yes, with much difficulty(4)",4,"yes, with much difficulty",FALSE,
703,F,tradl5a,ordinal,only with help(5),5,only with help,FALSE,
703,F,tradl6a,ordinal,"asked, no answer(-1)",-1,"asked, no answer",TRUE,
703,F,tradl6a,ordinal,"no, R cannot(1)",1,"no, R cannot",FALSE,
703,F,tradl6a,ordinal,"yes, without difficulty(2)",2,"yes, without difficulty",FALSE,
703,F,tradl6a,ordinal,"yes, with some difficulty(3)",3,"yes, with some difficulty",FALSE,
703,F,tradl6a,ordinal,"yes, with much difficulty(4)",4,"yes, with much difficulty",FALSE,
703,F,tradl6a,ordinal,only with help(5),5,only with help,FALSE,
703,F,trflwdiff,ordinal,no valid data(-1),-1,no valid data,TRUE,
703,F,trflwdiff,ordinal,no difficulties(0),0,no difficulties,FALSE,
703,F,trflwdiff,ordinal,2 without difficulty(1),1,2 without difficulty,FALSE,
703,F,trflwdiff,ordinal,1 without difficulty(2),2,1 without difficulty,FALSE,
703,F,trflwdiff,ordinal,all with difficulty(3),3,all with difficulty,FALSE,
703,F,trflwd#6,ordinal,no valid data(-1),-1,no valid data,TRUE,
703,F,trflwd#6,ordinal,no difficulties(0),0,no difficulties,FALSE,
703,F,trflwd#6,ordinal,5 without difficulty(1),1,5 without difficulty,FALSE,
703,F,trflwd#6,ordinal,4 without difficulty(2),2,4 without difficulty,FALSE,
703,F,trflwd#6,ordinal,3 without difficulty(3),3,3 without difficulty,FALSE,
703,F,trflwd#6,ordinal,2 without difficulty(4),4,2 without difficulty,FALSE,
703,F,trflwd#6,ordinal,1 without difficulty(5),5,1 without difficulty,FALSE,
703,F,trflwd#6,ordinal,all with difficulty(6),6,all with difficulty,FALSE,
703,G,trheal1,ordinal,"asked, no answer(-1)",-1,"asked, no answer",TRUE,
703,G,trheal1,ordinal,no(1),1,no,FALSE,
703,G,trheal1,ordinal,"yes, severely(2)",2,"yes, severely",FALSE,
703,G,trheal1,ordinal,"yes, slightly(3)",3,"yes, slightly",FALSE,
703,G,trhepyn,binary,"asked, no answer(-1)",-1,"asked, no answer",TRUE,
703,G,trhepyn,binary,no(1),1,no,FALSE,
703,G,trhepyn,binary,yes(2),2,yes,FALSE,
703,G,trhep01,categorical,no help(-2),-2,no help,TRUE,
703,G,trhep01,categorical,"asked, no answer(-1)",-1,"asked, no answer",TRUE,
703,G,trhep01,categorical,not mentioned(0),0,not mentioned,FALSE,
703,G,trhep01,categorical,mentioned(1),1,mentioned,FALSE,
703,G,trhep02,categorical,no help(-2),-2,no help,TRUE,
703,G,trhep02,categorical,"asked, no answer(-1)",-1,"asked, no answer",TRUE,
703,G,trhep02,categorical,not mentioned(0),0,not mentioned,FALSE,
703,G,trhep02,categorical,mentioned(1),1,mentioned,FALSE,
703,G,trhep03,categorical,no help(-2),-2,no help,TRUE,
703,G,trhep03,categorical,"asked, no answer(-1)",-1,"asked, no answer",TRUE,
703,G,trhep03,categorical,not mentioned(0),0,not mentioned,FALSE,
703,G,trhep03,categorical,mentioned(1),1,mentioned,FALSE,
703,G,trhep04,categorical,no help(-2),-2,no help,TRUE,
703,G,trhep04,categorical,"asked, no answer(-1)",-1,"asked, no answer",TRUE,
703,G,trhep04,categorical,not mentioned(0),0,not mentioned,FALSE,
703,G,trhep04,categorical,mentioned(1),1,mentioned,FALSE,
703,G,trhep05,categorical,no help(-2),-2,no help,TRUE,
703,G,trhep05,categorical,"asked, no answer(-1)",-1,"asked, no answer",TRUE,
703,G,trhep05,categorical,not mentioned(0),0,not mentioned,FALSE,
703,G,trhep05,categorical,mentioned(1),1,mentioned,FALSE,
703,G,trhep06,categorical,no help(-2),-2,no help,TRUE,
703,G,trhep06,categorical,"asked, no answer(-1)",-1,"asked, no answer",TRUE,
703,G,trhep06,categorical,not mentioned(0),0,not mentioned,FALSE,
703,G,trhep06,categorical,mentioned(1),1,mentioned,FALSE,
703,G,trhep07,categorical,no help(-2),-2,no help,TRUE,
703,G,trhep07,categorical,"asked, no answer(-1)",-1,"asked, no answer",TRUE,
703,G,trhep07,categorical,not mentioned(0),0,not mentioned,FALSE,
703,G,trhep07,categorical,mentioned(1),1,mentioned,FALSE,
703,G,trhep08,categorical,no help(-2),-2,no help,TRUE,
703,G,trhep08,categorical,"asked, no answer(-1)",-1,"asked, no answer",TRUE,
703,G,trhep08,categorical,not mentioned(0),0,not mentioned,FALSE,
703,G,trhep08,categorical,mentioned(1),1,mentioned,FALSE,
703,G,trhep09,categorical,no help(-2),-2,no help,TRUE,
703,G,trhep09,categorical,"asked, no answer(-1)",-1,"asked, no answer",TRUE,
703,G,trhep09,categorical,not mentioned(0),0,not mentioned,FALSE,
703,G,trhep09,categorical,mentioned(1),1,mentioned,FALSE,
703,G,trhep10,categorical,no help(-2),-2,no help,TRUE,
703,G,trhep10,categorical,"asked, no answer(-1)",-1,"asked, no answer",TRUE,
703,G,trhep10,categorical,not mentioned(0),0,not mentioned,FALSE,
703,G,trhep10,categorical,mentioned(1),1,mentioned,FALSE,
703,G,trhep11,categorical,no help(-2),-2,no help,TRUE,
703,G,trhep11,categorical,"asked, no answer(-1)",-1,"asked, no answer",TRUE,
703,G,trhep11,categorical,not mentioned(0),0,not mentioned,FALSE,
703,G,trhep11,categorical,mentioned(1),1,mentioned,FALSE,
703,G,trhep12,categorical,no help(-2),-2,no help,TRUE,
703,G,trhep12,categorical,"asked, no answer(-1)",-1,"asked, no answer",TRUE,
703,G,trhep12,categorical,not mentioned(0),0,not mentioned,FALSE,
703,G,trhep12,categorical,mentioned(1),1,mentioned,FALSE,
703,G,trhedyn,binary,"asked, no answer(-1)",-1,"asked, no answer",TRUE,
703,G,trhedyn,binary,no(1),1,no,FALSE,
703,G,trhedyn,binary,yes(2),2,yes,FALSE,
703,G,trhed01,categorical,no help(-2),-2,no help,TRUE,
703,G,trhed01,categorical,"asked, no answer(-1)",-1,"asked, no answer",TRUE,
703,G,trhed01,categorical,not mentioned(0),0,not mentioned,FALSE,
703,G,trhed01,categorical,mentioned(1),1,mentioned,FALSE,
703,G,trhed02,categorical,no help(-2),-2,no help,TRUE,
703,G,trhed02,categorical,"asked, no answer(-1)",-1,"asked, no answer",TRUE,
703,G,trhed02,categorical,not mentioned(0),0,not mentioned,FALSE,
703,G,trhed02,categorical,mentioned(1),1,mentioned,FALSE,
703,G,trhed03,categorical,no help(-2),-2,no help,TRUE,
703,G,trhed03,categorical,"asked, no answer(-1)",-1,"asked, no answer",TRUE,
703,G,trhed03,categorical,not mentioned(0),0,not mentioned,FALSE,
703,G,trhed03,categorical,mentioned(1),1,mentioned,FALSE,
703,G,trhed04,categorical,no help(-2),-2,no help,TRUE,
703,G,trhed04,categorical,"asked, no answer(-1)",-1,"asked, no answer",TRUE,
703,G,trhed04,categorical,not mentioned(0),0,not mentioned,FALSE,
703,G,trhed04,categorical,mentioned(1),1,mentioned,FALSE,
703,G,trhed05,categorical,no help(-2),-2,no help,TRUE,
703,G,trhed05,categorical,"asked, no answer(-1)",-1,"asked, no answer",TRUE,
703,G,trhed05,categorical,not mentioned(0),0,not mentioned,FALSE,
703,G,trhed05,categorical,mentioned(1),1,mentioned,FALSE,
703,G,trhed06,categorical,no help(-2),-2,no help,TRUE,
703,G,trhed06,categorical,"asked, no answer(-1)",-1,"asked, no answer",TRUE,
703,G,trhed06,categorical,not mentioned(0),0,not mentioned,FALSE,
703,G,trhed06,categorical,mentioned(1),1,mentioned,FALSE,
703,G,trhed07,categorical,no help(-2),-2,no help,TRUE,
703,G,trhed07,categorical,"asked, no answer(-1)",-1,"asked, no answer",TRUE,
703,G,trhed07,categorical,not mentioned(0),0,not mentioned,FALSE,
703,G,trhed07,categorical,mentioned(1),1,mentioned,FALSE,
703,G,trhed08,categorical,no help(-2),-2,no help,TRUE,
703,G,trhed08,categorical,"asked, no answer(-1)",-1,"asked, no answer",TRUE,
703,G,trhed08,categorical,not mentioned(0),0,not mentioned,FALSE,
703,G,trhed08,categorical,mentioned(1),1,mentioned,FALSE,
703,G,trhed09,categorical,no help(-2),-2,no help,TRUE,
703,G,trhed09,categorical,"asked, no answer(-1)",-1,"asked, no answer",TRUE,
703,G,trhed09,categorical,not mentioned(0),0,not mentioned,FALSE,
703,G,trhed09,categorical,mentioned(1),1,mentioned,FALSE,
703,G,trhed10,categorical,no help(-2),-2,no help,TRUE,
703,G,trhed10,categorical,"asked, no answer(-1)",-1,"asked, no answer",TRUE,
703,G,trhed10,categorical,not mentioned(0),0,not mentioned,FALSE,
703,G,trhed10,categorical,mentioned(1),1,mentioned,FALSE,
703,G,trhed11,categorical,no help(-2),-2,no help,TRUE,
703,G,trhed11,categorical,"asked, no answer(-1)",-1,"asked, no answer",TRUE,
703,G,trhed11,categorical,not mentioned(0),0,not mentioned,FALSE,
703,G,trhed11,categorical,mentioned(1),1,mentioned,FALSE,
703,G,trhed12,categorical,no help(-2),-2,no help,TRUE,
703,G,trhed12,categorical,"asked, no answer(-1)",-1,"asked, no answer",TRUE,
703,G,trhed12,categorical,not mentioned(0),0,not mentioned,FALSE,
703,G,trhed12,categorical,mentioned(1),1,mentioned,FALSE,
703,G,trstic1,binary,"asked, no answer(-1)",-1,"asked, no answer",TRUE,
703,G,trstic1,binary,no(1),1,no,FALSE,
703,G,trstic1,binary,yes(2),2,yes,FALSE,
703,G,trhosp,binary,"asked, no answer(-1)",-1,"asked, no answer",TRUE,
703,G,trhosp,binary,no(1),1,no,FALSE,
703,G,trhosp,binary,yes(2),2,yes,FALSE,
703,G,trmeds,binary,"asked, no answer(-1)",-1,"asked, no answer",TRUE,
703,G,trmeds,binary,no(1),1,no,FALSE,
703,G,trmeds,binary,yes(2),2,yes,FALSE,
703,G,trpsyh,binary,"asked, no answer(-1)",-1,"asked, no answer",TRUE,
703,G,trpsyh,binary,no(1),1,no,FALSE,
703,G,trpsyh,binary,yes(2),2,yes,FALSE,
703,G,trpsyc,binary,"asked, no answer(-1)",-1,"asked, no answer",TRUE,
703,G,trpsyc,binary,no(1),1,no,FALSE,
703,G,trpsyc,binary,yes(2),2,yes,FALSE,
703,G,trpha1,categorical,"asked, no answer(-1)",-1,"asked, no answer",TRUE,
703,G,trpha1,categorical,R bedridden(1),1,R bedridden,FALSE,
703,G,trpha1,categorical,R in wheelchair(2),2,R in wheelchair,FALSE,
703,G,trpha1,categorical,R with walking aid(3),3,R with walking aid,FALSE,
703,G,trpha1,categorical,"not 1, 2 or 3(4)",4,"not 1, 2 or 3",FALSE,
703,G,tradl1a,ordinal,"asked, no answer(-1)",-1,"asked, no answer",TRUE,
703,G,tradl1a,ordinal,"no, R cannot(1)",1,"no, R cannot",FALSE,
703,G,tradl1a,ordinal,"yes, without difficulty(2)",2,"yes, without difficulty",FALSE,
703,G,tradl1a,ordinal,"yes, with some difficulty(3)",3,"yes, with some difficulty",FALSE,
703,G,tradl1a,ordinal,"yes, with much difficulty(4)",4,"yes, with much difficulty",FALSE,
703,G,tradl1a,ordinal,only with help(5),5,only with help,FALSE,
703,G,tradl2a,ordinal,"asked, no answer(-1)",-1,"asked, no answer",TRUE,
703,G,tradl2a,ordinal,"no, R cannot(1)",1,"no, R cannot",FALSE,
703,G,tradl2a,ordinal,"yes, without difficulty(2)",2,"yes, without difficulty",FALSE,
703,G,tradl2a,ordinal,"yes, with some difficulty(3)",3,"yes, with some difficulty",FALSE,
703,G,tradl2a,ordinal,"yes, with much difficulty(4)",4,"yes, with much difficulty",FALSE,
703,G,tradl2a,ordinal,only with help(5),5,only with help,FALSE,
703,G,tradl3a,ordinal,"asked, no answer(-1)",-1,"asked, no answer",TRUE,
703,G,tradl3a,ordinal,"no, R cannot(1)",1,"no, R cannot",FALSE,
703,G,tradl3a,ordinal,"yes, without difficulty(2)",2,"yes, without difficulty",FALSE,
703,G,tradl3a,ordinal,"yes, with some difficulty(3)",3,"yes, with some difficulty",FALSE,
703,G,tradl3a,ordinal,"yes, with much difficulty(4)",4,"yes, with much difficulty",FALSE,
703,G,tradl3a,ordinal,only with help(5),5,only with help,FALSE,
703,G,tradl4a,ordinal,"asked, no answer(-1)",-1,"asked, no answer",TRUE,
703,G,tradl4a,ordinal,"no, R cannot(1)",1,"no, R cannot",FALSE,
703,G,tradl4a,ordinal,"yes, without difficulty(2)",2,"yes, without difficulty",FALSE,
703,G,tradl4a,ordinal,"yes, with some difficulty(3)",3,"yes, with some difficulty",FALSE,
703,G,tradl4a,ordinal,"yes, with much difficulty(4)",4,"yes, with much difficulty",FALSE,
703,G,tradl4a,ordinal,only with help(5),5,only with help,FALSE,
703,G,tradl5a,ordinal,"asked, no answer(-1)",-1,"asked, no answer",TRUE,
703,G,tradl5a,ordinal,"no, R cannot(1)",1,"no, R cannot",FALSE,
703,G,tradl5a,ordinal,"yes, without difficulty(2)",2,"yes, without difficulty",FALSE,
703,G,tradl5a,ordinal,"yes, with some difficulty(3)",3,"yes, with some difficulty",FALSE,
703,G,tradl5a,ordinal,"yes, with much difficulty(4)",4,"yes, with much difficulty",FALSE,
703,G,tradl5a,ordinal,only with help(5),5,only with help,FALSE,
703,G,tradl6a,ordinal,"asked, no answer(-1)",-1,"asked, no answer",TRUE,
703,G,tradl6a,ordinal,"no, R cannot(1)",1,"no, R cannot",FALSE,
703,G,tradl6a,ordinal,"yes, without difficulty(2)",2,"yes, without difficulty",FALSE,
703,G,tradl6a,ordinal,"yes, with some difficulty(3)",3,"yes, with some difficulty",FALSE,
703,G,tradl6a,ordinal,"yes, with much difficulty(4)",4,"yes, with much difficulty",FALSE,
703,G,tradl6a,ordinal,only with help(5),5,only with help,FALSE,
703,G,trflwdiff,ordinal,no valid data(-1),-1,no valid data,TRUE,
703,G,trflwdiff,ordinal,no difficulties(0),0,no difficulties,FALSE,
703,G,trflwdiff,ordinal,2 without difficulty(1),1,2 without difficulty,FALSE,
703,G,trflwdiff,ordinal,1 without difficulty(2),2,1 without difficulty,FALSE,
703,G,trflwdiff,ordinal,all with difficulty(3),3,all with difficulty,FALSE,
703,G,trflwd#6,ordinal,no valid data(-1),-1,no valid data,TRUE,
703,G,trflwd#6,ordinal,no difficulties(0),0,no difficulties,FALSE,
703,G,trflwd#6,ordinal,5 without difficulty(1),1,5 without difficulty,FALSE,
703,G,trflwd#6,ordinal,4 without difficulty(2),2,4 without difficulty,FALSE,
703,G,trflwd#6,ordinal,3 without difficulty(3),3,3 without difficulty,FALSE,
703,G,trflwd#6,ordinal,2 without difficulty(4),4,2 without difficulty,FALSE,
703,G,trflwd#6,ordinal,1 without difficulty(5),5,1 without difficulty,FALSE,
703,G,trflwd#6,ordinal,all with difficulty(6),6,all with difficulty,FALSE,
703,H,trheal1,ordinal,"asked, no answer(-1)",-1,"asked, no answer",TRUE,
703,H,trheal1,ordinal,no(1),1,no,FALSE,
703,H,trheal1,ordinal,"yes, severely(2)",2,"yes, severely",FALSE,
703,H,trheal1,ordinal,"yes, slightly(3)",3,"yes, slightly",FALSE,
703,H,trhepyn,binary,"asked, no answer(-1)",-1,"asked, no answer",TRUE,
703,H,trhepyn,binary,no(1),1,no,FALSE,
703,H,trhepyn,binary,yes(2),2,yes,FALSE,
703,H,trhep01,categorical,no help(-2),-2,no help,TRUE,
703,H,trhep01,categorical,"asked, no answer(-1)",-1,"asked, no answer",TRUE,
703,H,trhep01,categorical,not mentioned(0),0,not mentioned,FALSE,
703,H,trhep01,categorical,mentioned(1),1,mentioned,FALSE,
703,H,trhep02,categorical,no help(-2),-2,no help,TRUE,
703,H,trhep02,categorical,"asked, no answer(-1)",-1,"asked, no answer",TRUE,
703,H,trhep02,categorical,not mentioned(0),0,not mentioned,FALSE,
703,H,trhep02,categorical,mentioned(1),1,mentioned,FALSE,
703,H,trhep03,categorical,no help(-2),-2,no help,TRUE,
703,H,trhep03,categorical,"asked, no answer(-1)",-1,"asked, no answer",TRUE,
703,H,trhep03,categorical,not mentioned(0),0,not mentioned,FALSE,
703,H,trhep03,categorical,mentioned(1),1,mentioned,FALSE,
703,H,trhep04,categorical,no help(-2),-2,no help,TRUE,
703,H,trhep04,categorical,"asked, no answer(-1)",-1,"asked, no answer",TRUE,
703,H,trhep04,categorical,not mentioned(0),0,not mentioned,FALSE,
703,H,trhep04,categorical,mentioned(1),1,mentioned,FALSE,
703,H,trhep05,categorical,no help(-2),-2,no help,TRUE,
703,H,trhep05,categorical,"asked, no answer(-1)",-1,"asked, no answer",TRUE,
703,H,trhep05,categorical,not mentioned(0),0,not mentioned,FALSE,
703,H,trhep05,categorical,mentioned(1),1,mentioned,FALSE,
703,H,trhep06,categorical,no help(-2),-2,no help,TRUE,
703,H,trhep06,categorical,"asked, no answer(-1)",-1,"asked, no answer",TRUE,
703,H,trhep06,categorical,not mentioned(0),0,not mentioned,FALSE,
703,H,trhep06,categorical,mentioned(1),1,mentioned,FALSE,
703,H,trhep07,categorical,no help(-2),-2,no help,TRUE,
703,H,trhep07,categorical,"asked, no answer(-1)",-1,"asked, no answer",TRUE,
703,H,trhep07,categorical,not mentioned(0),0,not mentioned,FALSE,
703,H,trhep07,categorical,mentioned(1),1,mentioned,FALSE,
703,H,trhep08,categorical,no help(-2),-2,no help,TRUE,
703,H,trhep08,categorical,"asked, no answer(-1)",-1,"asked, no answer",TRUE,
703,H,trhep08,categorical,not mentioned(0),0,not mentioned,FALSE,
703,H,trhep08,categorical,mentioned(1),1,mentioned,FALSE,
703,H,trhep09,categorical,no help(-2),-2,no help,TRUE,
703,H,trhep09,categorical,"asked, no answer(-1)",-1,"asked, no answer",TRUE,
703,H,trhep09,categorical,not mentioned(0),0,not mentioned,FALSE,
703,H,trhep09,categorical,mentioned(1),1,mentioned,FALSE,
703,H,trhep10,categorical,no help(-2),-2,no help,TRUE,
703,H,trhep10,categorical,"asked, no answer(-1)",-1,"asked, no answer",TRUE,
703,H,trhep10,categorical,not mentioned(0),0,not mentioned,FALSE,
703,H,trhep10,categorical,mentioned(1),1,mentioned,FALSE,
703,H,trhep11,categorical,no help(-2),-2,no help,TRUE,
703,H,trhep11,categorical,"asked, no answer(-1)",-1,"asked, no answer",TRUE,
703,H,trhep11,categorical,not mentioned(0),0,not mentioned,FALSE,
703,H,trhep11,categorical,mentioned(1),1,mentioned,FALSE,
703,H,trhep12,categorical,no help(-2),-2,no help,TRUE,
703,H,trhep12,categorical,"asked, no answer(-1)",-1,"asked, no answer",TRUE,
703,H,trhep12,categorical,not mentioned(0),0,not mentioned,FALSE,
703,H,trhep12,categorical,mentioned(1),1,mentioned,FALSE,
703,H,trhedyn,binary,"asked, no answer(-1)",-1,"asked, no answer",TRUE,
703,H,trhedyn,binary,no(1),1,no,FALSE,
703,H,trhedyn,binary,yes(2),2,yes,FALSE,
703,H,trhed01,categorical,no help(-2),-2,no help,TRUE,
703,H,trhed01,categorical,"asked, no answer(-1)",-1,"asked, no answer",TRUE,
703,H,trhed01,categorical,not mentioned(0),0,not mentioned,FALSE,
703,H,trhed01,categorical,mentioned(1),1,mentioned,FALSE,
703,H,trhed02,categorical,no help(-2),-2,no help,TRUE,
703,H,trhed02,categorical,"asked, no answer(-1)",-1,"asked, no answer",TRUE,
703,H,trhed02,categorical,not mentioned(0),0,not mentioned,FALSE,
703,H,trhed02,categorical,mentioned(1),1,mentioned,FALSE,
703,H,trhed03,categorical,no help(-2),-2,no help,TRUE,
703,H,trhed03,categorical,"asked, no answer(-1)",-1,"asked, no answer",TRUE,
703,H,trhed03,categorical,not mentioned(0),0,not mentioned,FALSE,
703,H,trhed03,categorical,mentioned(1),1,mentioned,FALSE,
703,H,trhed04,categorical,no help(-2),-2,no help,TRUE,
703,H,trhed04,categorical,"asked, no answer(-1)",-1,"asked, no answer",TRUE,
703,H,trhed04,categorical,not mentioned(0),0,not mentioned,FALSE,
703,H,trhed04,categorical,mentioned(1),1,mentioned,FALSE,
703,H,trhed05,categorical,no help(-2),-2,no help,TRUE,
703,H,trhed05,categorical,"asked, no answer(-1)",-1,"asked, no answer",TRUE,
703,H,trhed05,categorical,not mentioned(0),0,not mentioned,FALSE,
703,H,trhed05,categorical,mentioned(1),1,mentioned,FALSE,
703,H,trhed06,categorical,no help(-2),-2,no help,TRUE,
703,H,trhed06,categorical,"asked, no answer(-1)",-1,"asked, no answer",TRUE,
703,H,trhed06,categorical,not mentioned(0),0,not mentioned,FALSE,
703,H,trhed06,categorical,mentioned(1),1,mentioned,FALSE,
703,H,trhed07,categorical,no help(-2),-2,no help,TRUE,
703,H,trhed07,categorical,"asked, no answer(-1)",-1,"asked, no answer",TRUE,
703,H,trhed07,categorical,not mentioned(0),0,not mentioned,FALSE,
703,H,trhed07,categorical,mentioned(1),1,mentioned,FALSE,
703,H,trhed08,categorical,no help(-2),-2,no help,TRUE,
703,H,trhed08,categorical,"asked, no answer(-1)",-1,"asked, no answer",TRUE,
703,H,trhed08,categorical,not mentioned(0),0,not mentioned,FALSE,
703,H,trhed08,categorical,mentioned(1),1,mentioned,FALSE,
703,H,trhed09,categorical,no help(-2),-2,no help,TRUE,
703,H,trhed09,categorical,"asked, no answer(-1)",-1,"asked, no answer",TRUE,
703,H,trhed09,categorical,not mentioned(0),0,not mentioned,FALSE,
703,H,trhed09,categorical,mentioned(1),1,mentioned,FALSE,
703,H,trhed10,categorical,no help(-2),-2,no help,TRUE,
703,H,trhed10,categorical,"asked, no answer(-1)",-1,"asked, no answer",TRUE,
703,H,trhed10,categorical,not mentioned(0),0,not mentioned,FALSE,
703,H,trhed10,categorical,mentioned(1),1,mentioned,FALSE,
703,H,trhed11,categorical,no help(-2),-2,no help,TRUE,
703,H,trhed11,categorical,"asked, no answer(-1)",-1,"asked, no answer",TRUE,
703,H,trhed11,categorical,not mentioned(0),0,not mentioned,FALSE,
703,H,trhed11,categorical,mentioned(1),1,mentioned,FALSE,
703,H,trhed12,categorical,no help(-2),-2,no help,TRUE,
703,H,trhed12,categorical,"asked, no answer(-1)",-1,"asked, no answer",TRUE,
703,H,trhed12,categorical,not mentioned(0),0,not mentioned,FALSE,
703,H,trhed12,categorical,mentioned(1),1,mentioned,FALSE,
703,H,trhenyn,binary,"asked, no answer(-1)",-1,"asked, no answer",TRUE,
703,H,trhenyn,binary,no(1),1,no,FALSE,
703,H,trhenyn,binary,yes(2),2,yes,FALSE,
703,H,trhen01,categorical,no help(-2),-2,no help,TRUE,
703,H,trhen01,categorical,"asked, no answer(-1)",-1,"asked, no answer",TRUE,
703,H,trhen01,categorical,not mentioned(0),0,not mentioned,FALSE,
703,H,trhen01,categorical,mentioned(1),1,mentioned,FALSE,
703,H,trhen02,categorical,no help(-2),-2,no help,TRUE,
703,H,trhen02,categorical,"asked, no answer(-1)",-1,"asked, no answer",TRUE,
703,H,trhen02,categorical,not mentioned(0),0,not mentioned,FALSE,
703,H,trhen02,categorical,mentioned(1),1,mentioned,FALSE,
703,H,trhen03,categorical,no help(-2),-2,no help,TRUE,
703,H,trhen03,categorical,"asked, no answer(-1)",-1,"asked, no answer",TRUE,
703,H,trhen03,categorical,not mentioned(0),0,not mentioned,FALSE,
703,H,trhen03,categorical,mentioned(1),1,mentioned,FALSE,
703,H,trhen04,categorical,no help(-2),-2,no help,TRUE,
703,H,trhen04,categorical,"asked, no answer(-1)",-1,"asked, no answer",TRUE,
703,H,trhen04,categorical,not mentioned(0),0,not mentioned,FALSE,
703,H,trhen04,categorical,mentioned(1),1,mentioned,FALSE,
703,H,trhen05,categorical,no help(-2),-2,no help,TRUE,
703,H,trhen05,categorical,"asked, no answer(-1)",-1,"asked, no answer",TRUE,
703,H,trhen05,categorical,not mentioned(0),0,not mentioned,FALSE,
703,H,trhen05,categorical,mentioned(1),1,mentioned,FALSE,
703,H,trhen06,categorical,no help(-2),-2,no help,TRUE,
703,H,trhen06,categorical,"asked, no answer(-1)",-1,"asked, no answer",TRUE,
703,H,trhen06,categorical,not mentioned(0),0,not mentioned,FALSE,
703,H,trhen06,categorical,mentioned(1),1,mentioned,FALSE,
703,H,trhen07,categorical,no help(-2),-2,no help,TRUE,
703,H,trhen07,categorical,"asked, no answer(-1)",-1,"asked, no answer",TRUE,
703,H,trhen07,categorical,not mentioned(0),0,not mentioned,FALSE,
703,H,trhen07,categorical,mentioned(1),1,mentioned,FALSE,
703,H,trhen08,categorical,no help(-2),-2,no help,TRUE,
703,H,trhen08,categorical,"asked, no answer(-1)",-1,"asked, no answer",TRUE,
703,H,trhen08,categorical,not mentioned(0),0,not mentioned,FALSE,
703,H,trhen08,categorical,mentioned(1),1,mentioned,FALSE,
703,H,trhen09,categorical,no help(-2),-2,no help,TRUE,
703,H,trhen09,categorical,"asked, no answer(-1)",-1,"asked, no answer",TRUE,
703,H,trhen09,categorical,not mentioned(0),0,not mentioned,FALSE,
703,H,trhen09,categorical,mentioned(1),1,mentioned,FALSE,
703,H,trhen10,categorical,no help(-2),-2,no help,TRUE,
703,H,trhen10,categorical,"asked, no answer(-1)",-1,"asked, no answer",TRUE,
703,H,trhen10,categorical,not mentioned(0),0,not mentioned,FALSE,
703,H,trhen10,categorical,mentioned(1),1,mentioned,FALSE,
703,H,trhen11,categorical,no help(-2),-2,no help,TRUE,
703,H,trhen11,categorical,"asked, no answer(-1)",-1,"asked, no answer",TRUE,
703,H,trhen11,categorical,not mentioned(0),0,not mentioned,FALSE,
703,H,trhen11,categorical,mentioned(1),1,mentioned,FALSE,
703,H,trhen12,categorical,no help(-2),-2,no help,TRUE,
703,H,trhen12,categorical,"asked, no answer(-1)",-1,"asked, no answer",TRUE,
703,H,trhen12,categorical,not mentioned(0),0,not mentioned,FALSE,
703,H,trhen12,categorical,mentioned(1),1,mentioned,FALSE,
703,H,trhegyn,binary,"asked, no answer(-1)",-1,"asked, no answer",TRUE,
703,H,trhegyn,binary,no(1),1,no,FALSE,
703,H,trhegyn,binary,yes(2),2,yes,FALSE,
703,H,trheg01,categorical,no help(-2),-2,no help,TRUE,
703,H,trheg01,categorical,"asked, no answer(-1)",-1,"asked, no answer",TRUE,
703,H,trheg01,categorical,not mentioned(0),0,not mentioned,FALSE,
703,H,trheg01,categorical,mentioned(1),1,mentioned,FALSE,
703,H,trheg02,categorical,no help(-2),-2,no help,TRUE,
703,H,trheg02,categorical,"asked, no answer(-1)",-1,"asked, no answer",TRUE,
703,H,trheg02,categorical,not mentioned(0),0,not mentioned,FALSE,
703,H,trheg02,categorical,mentioned(1),1,mentioned,FALSE,
703,H,trheg03,categorical,no help(-2),-2,no help,TRUE,
703,H,trheg03,categorical,"asked, no answer(-1)",-1,"asked, no answer",TRUE,
703,H,trheg03,categorical,not mentioned(0),0,not mentioned,FALSE,
703,H,trheg03,categorical,mentioned(1),1,mentioned,FALSE,
703,H,trheg04,categorical,no help(-2),-2,no help,TRUE,
703,H,trheg04,categorical,"asked, no answer(-1)",-1,"asked, no answer",TRUE,
703,H,trheg04,categorical,not mentioned(0),0,not mentioned,FALSE,
703,H,trheg04,categorical,mentioned(1),1,mentioned,FALSE,
703,H,trheg05,categorical,no help(-2),-2,no help,TRUE,
703,H,trheg05,categorical,"asked, no answer(-1)",-1,"asked, no answer",TRUE,
703,H,trheg05,categorical,not mentioned(0),0,not mentioned,FALSE,
703,H,trheg05,categorical,mentioned(1),1,mentioned,FALSE,
703,H,trheg06,categorical,no help(-2),-2,no help,TRUE,
703,H,trheg06,categorical,"asked, no answer(-1)",-1,"asked, no answer",TRUE,
703,H,trheg06,categorical,not mentioned(0),0,not mentioned,FALSE,
703,H,trheg06,categorical,mentioned(1),1,mentioned,FALSE,
703,H,trheg07,categorical,no help(-2),-2,no help,TRUE,
703,H,trheg07,categorical,"asked, no answer(-1)",-1,"asked, no answer",TRUE,
703,H,trheg07,categorical,not mentioned(0),0,not mentioned,FALSE,
703,H,trheg07,categorical,mentioned(1),1,mentioned,FALSE,
703,H,trheg08,categorical,no help(-2),-2,no help,TRUE,
703,H,trheg08,categorical,"asked, no answer(-1)",-1,"asked, no answer",TRUE,
703,H,trheg08,categorical,not mentioned(0),0,not mentioned,FALSE,
703,H,trheg08,categorical,mentioned(1),1,mentioned,FALSE,
703,H,trheg09,categorical,no help(-2),-2,no help,TRUE,
703,H,trheg09,categorical,"asked, no answer(-1)",-1,"asked, no answer",TRUE,
703,H,trheg09,categorical,not mentioned(0),0,not mentioned,FALSE,
703,H,trheg09,categorical,mentioned(1),1,mentioned,FALSE,
703,H,trheg10,categorical,no help(-2),-2,no help,TRUE,
703,H,trheg10,categorical,"asked, no answer(-1)",-1,"asked, no answer",TRUE,
703,H,trheg10,categorical,not mentioned(0),0,not mentioned,FALSE,
703,H,trheg10,categorical,mentioned(1),1,mentioned,FALSE,
703,H,trheg11,categorical,no help(-2),-2,no help,TRUE,
703,H,trheg11,categorical,"asked, no answer(-1)",-1,"asked, no answer",TRUE,
703,H,trheg11,categorical,not mentioned(0),0,not mentioned,FALSE,
703,H,trheg11,categorical,mentioned(1),1,mentioned,FALSE,
703,H,trheg12,categorical,no help(-2),-2,no help,TRUE,
703,H,trheg12,categorical,"asked, no answer(-1)",-1,"asked, no answer",TRUE,
703,H,trheg12,categorical,not mentioned(0),0,not mentioned,FALSE,
703,H,trheg12,categorical,mentioned(1),1,mentioned,FALSE,
703,H,trheayn,binary,"asked, no answer(-1)",-1,"asked, no answer",TRUE,
703,H,trheayn,binary,no(1),1,no,FALSE,
703,H,trheayn,binary,yes(2),2,yes,FALSE,
703,H,trhea01,categorical,no help(-2),-2,no help,TRUE,
703,H,trhea01,categorical,"asked, no answer(-1)",-1,"asked, no answer",TRUE,
703,H,trhea01,categorical,not mentioned(0),0,not mentioned,FALSE,
703,H,trhea01,categorical,mentioned(1),1,mentioned,FALSE,
703,H,trhea02,categorical,no help(-2),-2,no help,TRUE,
703,H,trhea02,categorical,"asked, no answer(-1)",-1,"asked, no answer",TRUE,
703,H,trhea02,categorical,not mentioned(0),0,not mentioned,FALSE,
703,H,trhea02,categorical,mentioned(1),1,mentioned,FALSE,
703,H,trhea03,categorical,no help(-2),-2,no help,TRUE,
703,H,trhea03,categorical,"asked, no answer(-1)",-1,"asked, no answer",TRUE,
703,H,trhea03,categorical,not mentioned(0),0,not mentioned,FALSE,
703,H,trhea03,categorical,mentioned(1),1,mentioned,FALSE,
703,H,trhea04,categorical,no help(-2),-2,no help,TRUE,
703,H,trhea04,categorical,"asked, no answer(-1)",-1,"asked, no answer",TRUE,
703,H,trhea04,categorical,not mentioned(0),0,not mentioned,FALSE,
703,H,trhea04,categorical,mentioned(1),1,mentioned,FALSE,
703,H,trhea05,categorical,no help(-2),-2,no help,TRUE,
703,H,trhea05,categorical,"asked, no answer(-1)",-1,"asked, no answer",TRUE,
703,H,trhea05,categorical,not mentioned(0),0,not mentioned,FALSE,
703,H,trhea05,categorical,mentioned(1),1,mentioned,FALSE,
703,H,trhea06,categorical,no help(-2),-2,no help,TRUE,
703,H,trhea06,categorical,"asked, no answer(-1)",-1,"asked, no answer",TRUE,
703,H,trhea06,categorical,not mentioned(0),0,not mentioned,FALSE,
703,H,trhea06,categorical,mentioned(1),1,mentioned,FALSE,
703,H,trhea07,categorical,no help(-2),-2,no help,TRUE,
703,H,trhea07,categorical,"asked, no answer(-1)",-1,"asked, no answer",TRUE,
703,H,trhea07,categorical,not mentioned(0),0,not mentioned,FALSE,
703,H,trhea07,categorical,mentioned(1),1,mentioned,FALSE,
703,H,trhea08,categorical,no help(-2),-2,no help,TRUE,
703,H,trhea08,categorical,"asked, no answer(-1)",-1,"asked, no answer",TRUE,
703,H,trhea08,categorical,not mentioned(0),0,not mentioned,FALSE,
703,H,trhea08,categorical,mentioned(1),1,mentioned,FALSE,
703,H,trhea09,categorical,no help(-2),-2,no help,TRUE,
703,H,trhea09,categorical,"asked, no answer(-1)",-1,"asked, no answer",TRUE,
703,H,trhea09,categorical,not mentioned(0),0,not mentioned,FALSE,
703,H,trhea09,categorical,mentioned(1),1,mentioned,FALSE,
703,H,trhea10,categorical,no help(-2),-2,no help,TRUE,
703,H,trhea10,categorical,"asked, no answer(-1)",-1,"asked, no answer",TRUE,
703,H,trhea10,categorical,not mentioned(0),0,not mentioned,FALSE,
703,H,trhea10,categorical,mentioned(1),1,mentioned,FALSE,
703,H,trhea11,categorical,no help(-2),-2,no help,TRUE,
703,H,trhea11,categorical,"asked, no answer(-1)",-1,"asked, no answer",TRUE,
703,H,trhea11,categorical,not mentioned(0),0,not mentioned,FALSE,
703,H,trhea11,categorical,mentioned(1),1,mentioned,FALSE,
703,H,trhea12,categorical,no help(-2),-2,no help,TRUE,
703,H,trhea12,categorical,"asked, no answer(-1)",-1,"asked, no answer",TRUE,
703,H,trhea12,categorical,not mentioned(0),0,not mentioned,FALSE,
703,H,trhea12,categorical,mentioned(1),1,mentioned,FALSE,
703,H,trstic1,binary,"na, asked / does not know(-1)",-1,"na, asked / does not know",TRUE,
703,H,trstic1,binary,no(1),1,no,FALSE,
703,H,trstic1,binary,yes(2),2,yes,FALSE,
703,H,trhosp,binary,"na, asked / does not know(-1)",-1,"na, asked / does not know",TRUE,
703,H,trhosp,binary,no(1),1,no,FALSE,
703,H,trhosp,binary,yes(2),2,yes,FALSE,
703,H,trmeds,binary,"na, asked / does not know(-1)",-1,"na, asked / does not know",TRUE,
703,H,trmeds,binary,no(1),1,no,FALSE,
703,H,trmeds,binary,yes(2),2,yes,FALSE,
703,H,trpsyh,binary,"na, asked / does not know(-1)",-1,"na, asked / does not know",TRUE,
703,H,trpsyh,binary,no(1),1,no,FALSE,
703,H,trpsyh,binary,yes(2),2,yes,FALSE,
703,H,trpsyc,binary,"na, asked / does not know(-1)",-1,"na, asked / does not know",TRUE,
703,H,trpsyc,binary,no(1),1,no,FALSE,
703,H,trpsyc,binary,yes(2),2,yes,FALSE,
703,H,trpha1,categorical,"asked, no answer(-1)",-1,"asked, no answer",TRUE,
703,H,trpha1,categorical,respondent bedridden(1),1,respondent bedridden,FALSE,
703,H,trpha1,categorical,R in wheelchair(2),2,R in wheelchair,FALSE,
703,H,trpha1,categorical,R with walking aid(3),3,R with walking aid,FALSE,
703,H,trpha1,categorical,"not 1, 2 or 3(4)",4,"not 1, 2 or 3",FALSE,
703,H,tradl1a,ordinal,"asked, no answer / does not know(-1)",-1,"asked, no answer / does not know",TRUE,
703,H,tradl1a,ordinal,"no, R cannot(1)",1,"no, R cannot",FALSE,
703,H,tradl1a,ordinal,"yes, without difficulty(2)",2,"yes, without difficulty",FALSE,
703,H,tradl1a,ordinal,"yes, with some difficulty(3)",3,"yes, with some difficulty",FALSE,
703,H,tradl1a,ordinal,"yes, with much difficulty(4)",4,"yes, with much difficulty",FALSE,
703,H,tradl1a,ordinal,only with help(5),5,only with help,FALSE,
703,H,tradl2a,ordinal,"asked, no answer / does not know(-1)",-1,"asked, no answer / does not know",TRUE,
703,H,tradl2a,ordinal,"no, R cannot(1)",1,"no, R cannot",FALSE,
703,H,tradl2a,ordinal,"yes, without difficulty(2)",2,"yes, without difficulty",FALSE,
703,H,tradl2a,ordinal,"yes, with some difficulty(3)",3,"yes, with some difficulty",FALSE,
703,H,tradl2a,ordinal,"yes, with much difficulty(4)",4,"yes, with much difficulty",FALSE,
703,H,tradl2a,ordinal,only with help(5),5,only with help,FALSE,
703,H,tradl3a,ordinal,"asked, no answer / does not know(-1)",-1,"asked, no answer / does not know",TRUE,
703,H,tradl3a,ordinal,"no, R cannot(1)",1,"no, R cannot",FALSE,
703,H,tradl3a,ordinal,"yes, without difficulty(2)",2,"yes, without difficulty",FALSE,
703,H,tradl3a,ordinal,"yes, with some difficulty(3)",3,"yes, with some difficulty",FALSE,
703,H,tradl3a,ordinal,"yes, with much difficulty(4)",4,"yes, with much difficulty",FALSE,
703,H,tradl3a,ordinal,only with help(5),5,only with help,FALSE,
703,H,tradl4a,ordinal,"asked, no answer / does not know(-1)",-1,"asked, no answer / does not know",TRUE,
703,H,tradl4a,ordinal,"no, R cannot(1)",1,"no, R cannot",FALSE,
703,H,tradl4a,ordinal,"yes, without difficulty(2)",2,"yes, without difficulty",FALSE,
703,H,tradl4a,ordinal,"yes, with some difficulty(3)",3,"yes, with some difficulty",FALSE,
703,H,tradl4a,ordinal,"yes, with much difficulty(4)",4,"yes, with much difficulty",FALSE,
703,H,tradl4a,ordinal,only with help(5),5,only with help,FALSE,
703,H,tradl5a,ordinal,"asked, no answer / does not know(-1)",-1,"asked, no answer / does not know",TRUE,
703,H,tradl5a,ordinal,"no, R cannot(1)",1,"no, R cannot",FALSE,
703,H,tradl5a,ordinal,"yes, without difficulty(2)",2,"yes, without difficulty",FALSE,
703,H,tradl5a,ordinal,"yes, with some difficulty(3)",3,"yes, with some difficulty",FALSE,
703,H,tradl5a,ordinal,"yes, with much difficulty(4)",4,"yes, with much difficulty",FALSE,
703,H,tradl5a,ordinal,only with help(5),5,only with help,FALSE,
703,H,tradl6a,ordinal,"asked, no answer / does not know(-1)",-1,"asked, no answer / does not know",TRUE,
703,H,tradl6a,ordinal,"no, R cannot(1)",1,"no, R cannot",FALSE,
703,H,tradl6a,ordinal,"yes, without difficulty(2)",2,"yes, without difficulty",FALSE,
703,H,tradl6a,ordinal,"yes, with some difficulty(3)",3,"yes, with some difficulty",FALSE,
703,H,tradl6a,ordinal,"yes, with much difficulty(4)",4,"yes, with much difficulty",FALSE,
703,H,tradl6a,ordinal,only with help(5),5,only with help,FALSE,
703,H,trflwdiff,ordinal,no valid data(-1),-1,no valid data,TRUE,
703,H,trflwdiff,ordinal,no difficulties(0),0,no difficulties,FALSE,
703,H,trflwdiff,ordinal,2 without difficulty(1),1,2 without difficulty,FALSE,
703,H,trflwdiff,ordinal,1 without difficulty(2),2,1 without difficulty,FALSE,
703,H,trflwdiff,ordinal,all with difficulty(3),3,all with difficulty,FALSE,
703,H,trflwd#6,ordinal,no valid data(-1),-1,no valid data,TRUE,
703,H,trflwd#6,ordinal,no difficulties(0),0,no difficulties,FALSE,
703,H,trflwd#6,ordinal,5 without difficulty(1),1,5 without difficulty,FALSE,
703,H,trflwd#6,ordinal,4 without difficulty(2),2,4 without difficulty,FALSE,
703,H,trflwd#6,ordinal,3 without difficulty(3),3,3 without difficulty,FALSE,
703,H,trflwd#6,ordinal,2 without difficulty(4),4,2 without difficulty,FALSE,
703,H,trflwd#6,ordinal,1 without difficulty(5),5,1 without difficulty,FALSE,
703,H,trflwd#6,ordinal,all with difficulty(6),6,all with difficulty,FALSE,
703,I,trheal1,ordinal,"asked, no answer(-1)",-1,"asked, no answer",TRUE,
703,I,trheal1,ordinal,no(1),1,no,FALSE,
703,I,trheal1,ordinal,"yes, severely(2)",2,"yes, severely",FALSE,
703,I,trheal1,ordinal,"yes, slightly(3)",3,"yes, slightly",FALSE,
703,I,trhepyn,binary,"asked, no answer(-1)",-1,"asked, no answer",TRUE,
703,I,trhepyn,binary,no(1),1,no,FALSE,
703,I,trhepyn,binary,yes(2),2,yes,FALSE,
703,I,trhep01,categorical,no help(-2),-2,no help,TRUE,
703,I,trhep01,categorical,"asked, no answer(-1)",-1,"asked, no answer",TRUE,
703,I,trhep01,categorical,not mentioned(0),0,not mentioned,FALSE,
703,I,trhep01,categorical,mentioned(1),1,mentioned,FALSE,
703,I,trhep02,categorical,no help(-2),-2,no help,TRUE,
703,I,trhep02,categorical,"asked, no answer(-1)",-1,"asked, no answer",TRUE,
703,I,trhep02,categorical,not mentioned(0),0,not mentioned,FALSE,
703,I,trhep02,categorical,mentioned(1),1,mentioned,FALSE,
703,I,trhep03,categorical,no help(-2),-2,no help,TRUE,
703,I,trhep03,categorical,"asked, no answer(-1)",-1,"asked, no answer",TRUE,
703,I,trhep03,categorical,not mentioned(0),0,not mentioned,FALSE,
703,I,trhep03,categorical,mentioned(1),1,mentioned,FALSE,
703,I,trhep04,categorical,no help(-2),-2,no help,TRUE,
703,I,trhep04,categorical,"asked, no answer(-1)",-1,"asked, no answer",TRUE,
703,I,trhep04,categorical,not mentioned(0),0,not mentioned,FALSE,
703,I,trhep04,categorical,mentioned(1),1,mentioned,FALSE,
703,I,trhep05,categorical,no help(-2),-2,no help,TRUE,
703,I,trhep05,categorical,"asked, no answer(-1)",-1,"asked, no answer",TRUE,
703,I,trhep05,categorical,not mentioned(0),0,not mentioned,FALSE,
703,I,trhep05,categorical,mentioned(1),1,mentioned,FALSE,
703,I,trhep06,categorical,no help(-2),-2,no help,TRUE,
703,I,trhep06,categorical,"asked, no answer(-1)",-1,"asked, no answer",TRUE,
703,I,trhep06,categorical,not mentioned(0),0,not mentioned,FALSE,
703,I,trhep06,categorical,mentioned(1),1,mentioned,FALSE,
703,I,trhep07,categorical,no help(-2),-2,no help,TRUE,
703,I,trhep07,categorical,"asked, no answer(-1)",-1,"asked, no answer",TRUE,
703,I,trhep07,categorical,not mentioned(0),0,not mentioned,FALSE,
703,I,trhep07,categorical,mentioned(1),1,mentioned,FALSE,
703,I,trhep08,categorical,no help(-2),-2,no help,TRUE,
703,I,trhep08,categorical,"asked, no answer(-1)",-1,"asked, no answer",TRUE,
703,I,trhep08,categorical,not mentioned(0),0,not mentioned,FALSE,
703,I,trhep08,categorical,mentioned(1),1,mentioned,FALSE,
703,I,trhep09,categorical,no help(-2),-2,no help,TRUE,
703,I,trhep09,categorical,"asked, no answer(-1)",-1,"asked, no answer",TRUE,
703,I,trhep09,categorical,not mentioned(0),0,not mentioned,FALSE,
703,I,trhep09,categorical,mentioned(1),1,mentioned,FALSE,
703,I,trhep10,categorical,no help(-2),-2,no help,TRUE,
703,I,trhep10,categorical,"asked, no answer(-1)",-1,"asked, no answer",TRUE,
703,I,trhep10,categorical,not mentioned(0),0,not mentioned,FALSE,
703,I,trhep10,categorical,mentioned(1),1,mentioned,FALSE,
703,I,trhep11,categorical,no help(-2),-2,no help,TRUE,
703,I,trhep11,categorical,"asked, no answer(-1)",-1,"asked, no answer",TRUE,
703,I,trhep11,categorical,not mentioned(0),0,not mentioned,FALSE,
703,I,trhep11,categorical,mentioned(1),1,mentioned,FALSE,
703,I,trhep12,categorical,no help(-2),-2,no help,TRUE,
703,I,trhep12,categorical,"asked, no answer(-1)",-1,"asked, no answer",TRUE,
703,I,trhep12,categorical,not mentioned(0),0,not mentioned,FALSE,
703,I,trhep12,categorical,mentioned(1),1,mentioned,FALSE,
703,I,trhedyn,binary,"asked, no answer(-1)",-1,"asked, no answer",TRUE,
703,I,trhedyn,binary,no(1),1,no,FALSE,
703,I,trhedyn,binary,yes(2),2,yes,FALSE,
703,I,trhed01,categorical,no help(-2),-2,no help,TRUE,
703,I,trhed01,categorical,"asked, no answer(-1)",-1,"asked, no answer",TRUE,
703,I,trhed01,categorical,not mentioned(0),0,not mentioned,FALSE,
703,I,trhed01,categorical,mentioned(1),1,mentioned,FALSE,
703,I,trhed02,categorical,no help(-2),-2,no help,TRUE,
703,I,trhed02,categorical,"asked, no answer(-1)",-1,"asked, no answer",TRUE,
703,I,trhed02,categorical,not mentioned(0),0,not mentioned,FALSE,
703,I,trhed02,categorical,mentioned(1),1,mentioned,FALSE,
703,I,trhed03,categorical,no help(-2),-2,no help,TRUE,
703,I,trhed03,categorical,"asked, no answer(-1)",-1,"asked, no answer",TRUE,
703,I,trhed03,categorical,not mentioned(0),0,not mentioned,FALSE,
703,I,trhed03,categorical,mentioned(1),1,mentioned,FALSE,
703,I,trhed04,categorical,no help(-2),-2,no help,TRUE,
703,I,trhed04,categorical,"asked, no answer(-1)",-1,"asked, no answer",TRUE,
703,I,trhed04,categorical,not mentioned(0),0,not mentioned,FALSE,
703,I,trhed04,categorical,mentioned(1),1,mentioned,FALSE,
703,I,trhed05,categorical,no help(-2),-2,no help,TRUE,
703,I,trhed05,categorical,"asked, no answer(-1)",-1,"asked, no answer",TRUE,
703,I,trhed05,categorical,not mentioned(0),0,not mentioned,FALSE,
703,I,trhed05,categorical,mentioned(1),1,mentioned,FALSE,
703,I,trhed06,categorical,no help(-2),-2,no help,TRUE,
703,I,trhed06,categorical,"asked, no answer(-1)",-1,"asked, no answer",TRUE,
703,I,trhed06,categorical,not mentioned(0),0,not mentioned,FALSE,
703,I,trhed06,categorical,mentioned(1),1,mentioned,FALSE,
703,I,trhed07,categorical,no help(-2),-2,no help,TRUE,
703,I,trhed07,categorical,"asked, no answer(-1)",-1,"asked, no answer",TRUE,
703,I,trhed07,categorical,not mentioned(0),0,not mentioned,FALSE,
703,I,trhed07,categorical,mentioned(1),1,mentioned,FALSE,
703,I,trhed08,categorical,no help(-2),-2,no help,TRUE,
703,I,trhed08,categorical,"asked, no answer(-1)",-1,"asked, no answer",TRUE,
703,I,trhed08,categorical,not mentioned(0),0,not mentioned,FALSE,
703,I,trhed08,categorical,mentioned(1),1,mentioned,FALSE,
703,I,trhed09,categorical,no help(-2),-2,no help,TRUE,
703,I,trhed09,categorical,"asked, no answer(-1)",-1,"asked, no answer",TRUE,
703,I,trhed09,categorical,not mentioned(0),0,not mentioned,FALSE,
703,I,trhed09,categorical,mentioned(1),1,mentioned,FALSE,
703,I,trhed10,categorical,no help(-2),-2,no help,TRUE,
703,I,trhed10,categorical,"asked, no answer(-1)",-1,"asked, no answer",TRUE,
703,I,trhed10,categorical,not mentioned(0),0,not mentioned,FALSE,
703,I,trhed10,categorical,mentioned(1),1,mentioned,FALSE,
703,I,trhed11,categorical,no help(-2),-2,no help,TRUE,
703,I,trhed11,categorical,"asked, no answer(-1)",-1,"asked, no answer",TRUE,
703,I,trhed11,categorical,not mentioned(0),0,not mentioned,FALSE,
703,I,trhed11,categorical,mentioned(1),1,mentioned,FALSE,
703,I,trhed12,categorical,no help(-2),-2,no help,TRUE,
703,I,trhed12,categorical,"asked, no answer(-1)",-1,"asked, no answer",TRUE,
703,I,trhed12,categorical,not mentioned(0),0,not mentioned,FALSE,
703,I,trhed12,categorical,mentioned(1),1,mentioned,FALSE,
703,I,trhenyn,binary,"asked, no answer(-1)",-1,"asked, no answer",TRUE,
703,I,trhenyn,binary,no(1),1,no,FALSE,
703,I,trhenyn,binary,yes(2),2,yes,FALSE,
703,I,trhen01,categorical,no help(-2),-2,no help,TRUE,
703,I,trhen01,categorical,"asked, no answer(-1)",-1,"asked, no answer",TRUE,
703,I,trhen01,categorical,not mentioned(0),0,not mentioned,FALSE,
703,I,trhen01,categorical,mentioned(1),1,mentioned,FALSE,
703,I,trhen02,categorical,no help(-2),-2,no help,TRUE,
703,I,trhen02,categorical,"asked, no answer(-1)",-1,"asked, no answer",TRUE,
703,I,trhen02,categorical,not mentioned(0),0,not mentioned,FALSE,
703,I,trhen02,categorical,mentioned(1),1,mentioned,FALSE,
703,I,trhen03,categorical,no help(-2),-2,no help,TRUE,
703,I,trhen03,categorical,"asked, no answer(-1)",-1,"asked, no answer",TRUE,
703,I,trhen03,categorical,not mentioned(0),0,not mentioned,FALSE,
703,I,trhen03,categorical,mentioned(1),1,mentioned,FALSE,
703,I,trhen04,categorical,no help(-2),-2,no help,TRUE,
703,I,trhen04,categorical,"asked, no answer(-1)",-1,"asked, no answer",TRUE,
703,I,trhen04,categorical,not mentioned(0),0,not mentioned,FALSE,
703,I,trhen04,categorical,mentioned(1),1,mentioned,FALSE,
703,I,trhen05,categorical,no help(-2),-2,no help,TRUE,
703,I,trhen05,categorical,"asked, no answer(-1)",-1,"asked, no answer",TRUE,
703,I,trhen05,categorical,not mentioned(0),0,not mentioned,FALSE,
703,I,trhen05,categorical,mentioned(1),1,mentioned,FALSE,
703,I,trhen06,categorical,no help(-2),-2,no help,TRUE,
703,I,trhen06,categorical,"asked, no answer(-1)",-1,"asked, no answer",TRUE,
703,I,trhen06,categorical,not mentioned(0),0,not mentioned,FALSE,
703,I,trhen06,categorical,mentioned(1),1,mentioned,FALSE,
703,I,trhen07,categorical,no help(-2),-2,no help,TRUE,
703,I,trhen07,categorical,"asked, no answer(-1)",-1,"asked, no answer",TRUE,
703,I,trhen07,categorical,not mentioned(0),0,not mentioned,FALSE,
703,I,trhen07,categorical,mentioned(1),1,mentioned,FALSE,
703,I,trhen08,categorical,no help(-2),-2,no help,TRUE,
703,I,trhen08,categorical,"asked, no answer(-1)",-1,"asked, no answer",TRUE,
703,I,trhen08,categorical,not mentioned(0),0,not mentioned,FALSE,
703,I,trhen08,categorical,mentioned(1),1,mentioned,FALSE,
703,I,trhen09,categorical,no help(-2),-2,no help,TRUE,
703,I,trhen09,categorical,"asked, no answer(-1)",-1,"asked, no answer",TRUE,
703,I,trhen09,categorical,not mentioned(0),0,not mentioned,FALSE,
703,I,trhen09,categorical,mentioned(1),1,mentioned,FALSE,
703,I,trhen10,categorical,no help(-2),-2,no help,TRUE,
703,I,trhen10,categorical,"asked, no answer(-1)",-1,"asked, no answer",TRUE,
703,I,trhen10,categorical,not mentioned(0),0,not mentioned,FALSE,
703,I,trhen10,categorical,mentioned(1),1,mentioned,FALSE,
703,I,trhen11,categorical,no help(-2),-2,no help,TRUE,
703,I,trhen11,categorical,"asked, no answer(-1)",-1,"asked, no answer",TRUE,
703,I,trhen11,categorical,not mentioned(0),0,not mentioned,FALSE,
703,I,trhen11,categorical,mentioned(1),1,mentioned,FALSE,
703,I,trhen12,categorical,no help(-2),-2,no help,TRUE,
703,I,trhen12,categorical,"asked, no answer(-1)",-1,"asked, no answer",TRUE,
703,I,trhen12,categorical,not mentioned(0),0,not mentioned,FALSE,
703,I,trhen12,categorical,mentioned(1),1,mentioned,FALSE,
703,I,trhegyn,binary,"asked, no answer(-1)",-1,"asked, no answer",TRUE,
703,I,trhegyn,binary,no(1),1,no,FALSE,
703,I,trhegyn,binary,yes(2),2,yes,FALSE,
703,I,trheg01,categorical,no help(-2),-2,no help,TRUE,
703,I,trheg01,categorical,"asked, no answer(-1)",-1,"asked, no answer",TRUE,
703,I,trheg01,categorical,not mentioned(0),0,not mentioned,FALSE,
703,I,trheg01,categorical,mentioned(1),1,mentioned,FALSE,
703,I,trheg02,categorical,no help(-2),-2,no help,TRUE,
703,I,trheg02,categorical,"asked, no answer(-1)",-1,"asked, no answer",TRUE,
703,I,trheg02,categorical,not mentioned(0),0,not mentioned,FALSE,
703,I,trheg02,categorical,mentioned(1),1,mentioned,FALSE,
703,I,trheg03,categorical,no help(-2),-2,no help,TRUE,
703,I,trheg03,categorical,"asked, no answer(-1)",-1,"asked, no answer",TRUE,
703,I,trheg03,categorical,not mentioned(0),0,not mentioned,FALSE,
703,I,trheg03,categorical,mentioned(1),1,mentioned,FALSE,
703,I,trheg04,categorical,no help(-2),-2,no help,TRUE,
703,I,trheg04,categorical,"asked, no answer(-1)",-1,"asked, no answer",TRUE,
703,I,trheg04,categorical,not mentioned(0),0,not mentioned,FALSE,
703,I,trheg04,categorical,mentioned(1),1,mentioned,FALSE,
703,I,trheg05,categorical,no help(-2),-2,no help,TRUE,
703,I,trheg05,categorical,"asked, no answer(-1)",-1,"asked, no answer",TRUE,
703,I,trheg05,categorical,not mentioned(0),0,not mentioned,FALSE,
703,I,trheg05,categorical,mentioned(1),1,mentioned,FALSE,
703,I,trheg06,categorical,no help(-2),-2,no help,TRUE,
703,I,trheg06,categorical,"asked, no answer(-1)",-1,"asked, no answer",TRUE,
703,I,trheg06,categorical,not mentioned(0),0,not mentioned,FALSE,
703,I,trheg06,categorical,mentioned(1),1,mentioned,FALSE,
703,I,trheg07,categorical,no help(-2),-2,no help,TRUE,
703,I,trheg07,categorical,"asked, no answer(-1)",-1,"asked, no answer",TRUE,
703,I,trheg07,categorical,not mentioned(0),0,not mentioned,FALSE,
703,I,trheg07,categorical,mentioned(1),1,mentioned,FALSE,
703,I,trheg08,categorical,no help(-2),-2,no help,TRUE,
703,I,trheg08,categorical,"asked, no answer(-1)",-1,"asked, no answer",TRUE,
703,I,trheg08,categorical,not mentioned(0),0,not mentioned,FALSE,
703,I,trheg08,categorical,mentioned(1),1,mentioned,FALSE,
703,I,trheg09,categorical,no help(-2),-2,no help,TRUE,
703,I,trheg09,categorical,"asked, no answer(-1)",-1,"asked, no answer",TRUE,
703,I,trheg09,categorical,not mentioned(0),0,not mentioned,FALSE,
703,I,trheg09,categorical,mentioned(1),1,mentioned,FALSE,
703,I,trheg10,categorical,no help(-2),-2,no help,TRUE,
703,I,trheg10,categorical,"asked, no answer(-1)",-1,"asked, no answer",TRUE,
703,I,trheg10,categorical,not mentioned(0),0,not mentioned,FALSE,
703,I,trheg10,categorical,mentioned(1),1,mentioned,FALSE,
703,I,trheg11,categorical,no help(-2),-2,no help,TRUE,
703,I,trheg11,categorical,"asked, no answer(-1)",-1,"asked, no answer",TRUE,
703,I,trheg11,categorical,not mentioned(0),0,not mentioned,FALSE,
703,I,trheg11,categorical,mentioned(1),1,mentioned,FALSE,
703,I,trheg12,categorical,no help(-2),-2,no help,TRUE,
703,I,trheg12,categorical,"asked, no answer(-1)",-1,"asked, no answer",TRUE,
703,I,trheg12,categorical,not mentioned(0),0,not mentioned,FALSE,
703,I,trheg12,categorical,mentioned(1),1,mentioned,FALSE,
703,I,trheayn,binary,"asked, no answer(-1)",-1,"asked, no answer",TRUE,
703,I,trheayn,binary,no(1),1,no,FALSE,
703,I,trheayn,binary,yes(2),2,yes,FALSE,
703,I,trhea01,categorical,no help(-2),-2,no help,TRUE,
703,I,trhea01,categorical,"asked, no answer(-1)",-1,"asked, no answer",TRUE,
703,I,trhea01,categorical,not mentioned(0),0,not mentioned,FALSE,
703,I,trhea01,categorical,mentioned(1),1,mentioned,FALSE,
703,I,trhea02,categorical,no help(-2),-2,no help,TRUE,
703,I,trhea02,categorical,"asked, no answer(-1)",-1,"asked, no answer",TRUE,
703,I,trhea02,categorical,not mentioned(0),0,not mentioned,FALSE,
703,I,trhea02,categorical,mentioned(1),1,mentioned,FALSE,
703,I,trhea03,categorical,no help(-2),-2,no help,TRUE,
703,I,trhea03,categorical,"asked, no answer(-1)",-1,"asked, no answer",TRUE,
703,I,trhea03,categorical,not mentioned(0),0,not mentioned,FALSE,
703,I,trhea03,categorical,mentioned(1),1,mentioned,FALSE,
703,I,trhea04,categorical,no help(-2),-2,no help,TRUE,
703,I,trhea04,categorical,"asked, no answer(-1)",-1,"asked, no answer",TRUE,
703,I,trhea04,categorical,not mentioned(0),0,not mentioned,FALSE,
703,I,trhea04,categorical,mentioned(1),1,mentioned,FALSE,
703,I,trhea05,categorical,no help(-2),-2,no help,TRUE,
703,I,trhea05,categorical,"asked, no answer(-1)",-1,"asked, no answer",TRUE,
703,I,trhea05,categorical,not mentioned(0),0,not mentioned,FALSE,
703,I,trhea05,categorical,mentioned(1),1,mentioned,FALSE,
703,I,trhea06,categorical,no help(-2),-2,no help,TRUE,
703,I,trhea06,categorical,"asked, no answer(-1)",-1,"asked, no answer",TRUE,
703,I,trhea06,categorical,not mentioned(0),0,not mentioned,FALSE,
703,I,trhea06,categorical,mentioned(1),1,mentioned,FALSE,
703,I,trhea07,categorical,no help(-2),-2,no help,TRUE,
703,I,trhea07,categorical,"asked, no answer(-1)",-1,"asked, no answer",TRUE,
703,I,trhea07,categorical,not mentioned(0),0,not mentioned,FALSE,
703,I,trhea07,categorical,mentioned(1),1,mentioned,FALSE,
703,I,trhea08,categorical,no help(-2),-2,no help,TRUE,
703,I,trhea08,categorical,"asked, no answer(-1)",-1,"asked, no answer",TRUE,
703,I,trhea08,categorical,not mentioned(0),0,not mentioned,FALSE,
703,I,trhea08,categorical,mentioned(1),1,mentioned,FALSE,
703,I,trhea09,categorical,no help(-2),-2,no help,TRUE,
703,I,trhea09,categorical,"asked, no answer(-1)",-1,"asked, no answer",TRUE,
703,I,trhea09,categorical,not mentioned(0),0,not mentioned,FALSE,
703,I,trhea09,categorical,mentioned(1),1,mentioned,FALSE,
703,I,trhea10,categorical,no help(-2),-2,no help,TRUE,
703,I,trhea10,categorical,"asked, no answer(-1)",-1,"asked, no answer",TRUE,
703,I,trhea10,categorical,not mentioned(0),0,not mentioned,FALSE,
703,I,trhea10,categorical,mentioned(1),1,mentioned,FALSE,
703,I,trhea11,categorical,no help(-2),-2,no help,TRUE,
703,I,trhea11,categorical,"asked, no answer(-1)",-1,"asked, no answer",TRUE,
703,I,trhea11,categorical,not mentioned(0),0,not mentioned,FALSE,
703,I,trhea11,categorical,mentioned(1),1,mentioned,FALSE,
703,I,trhea12,categorical,no help(-2),-2,no help,TRUE,
703,I,trhea12,categorical,"asked, no answer(-1)",-1,"asked, no answer",TRUE,
703,I,trhea12,categorical,not mentioned(0),0,not mentioned,FALSE,
703,I,trhea12,categorical,mentioned(1),1,mentioned,FALSE,
703,I,trstic1,binary,"na, asked / does not know(-1)",-1,"na, asked / does not know",TRUE,
703,I,trstic1,binary,no(1),1,no,FALSE,
703,I,trstic1,binary,yes(2),2,yes,FALSE,
703,I,trhosp,binary,"na, asked / does not know(-1)",-1,"na, asked / does not know",TRUE,
703,I,trhosp,binary,no(1),1,no,FALSE,
703,I,trhosp,binary,yes(2),2,yes,FALSE,
703,I,trmeds,binary,"na, asked / does not know(-1)",-1,"na, asked / does not know",TRUE,
703,I,trmeds,binary,no(1),1,no,FALSE,
703,I,trmeds,binary,yes(2),2,yes,FALSE,
703,I,trpsyh,binary,"na, asked / does not know(-1)",-1,"na, asked / does not know",TRUE,
703,I,trpsyh,binary,no(1),1,no,FALSE,
703,I,trpsyh,binary,yes(2),2,yes,FALSE,
703,I,trpsyc,binary,"na, asked / does not know(-1)",-1,"na, asked / does not know",TRUE,
703,I,trpsyc,binary,no(1),1,no,FALSE,
703,I,trpsyc,binary,yes(2),2,yes,FALSE,
703,I,trpha1,categorical,"asked, no answer(-1)",-1,"asked, no answer",TRUE,
703,I,trpha1,categorical,respondent bedridden(1),1,respondent bedridden,FALSE,
703,I,trpha1,categorical,R in wheelchair(2),2,R in wheelchair,FALSE,
703,I,trpha1,categorical,R with walking aid(3),3,R with walking aid,FALSE,
703,I,trpha1,categorical,"not 1, 2 or 3(4)",4,"not 1, 2 or 3",FALSE,
703,I,tradl1a,ordinal,"asked, no answer / does not know(-1)",-1,"asked, no answer / does not know",TRUE,
703,I,tradl1a,ordinal,"no, R cannot(1)",1,"no, R cannot",FALSE,
703,I,tradl1a,ordinal,"yes, without difficulty(2)",2,"yes, without difficulty",FALSE,
703,I,tradl1a,ordinal,"yes, with some difficulty(3)",3,"yes, with some difficulty",FALSE,
703,I,tradl1a,ordinal,"yes, with much difficulty(4)",4,"yes, with much difficulty",FALSE,
703,I,tradl1a,ordinal,only with help(5),5,only with help,FALSE,
703,I,tradl2a,ordinal,"asked, no answer / does not know(-1)",-1,"asked, no answer / does not know",TRUE,
703,I,tradl2a,ordinal,"no, R cannot(1)",1,"no, R cannot",FALSE,
703,I,tradl2a,ordinal,"yes, without difficulty(2)",2,"yes, without difficulty",FALSE,
703,I,tradl2a,ordinal,"yes, with some difficulty(3)",3,"yes, with some difficulty",FALSE,
703,I,tradl2a,ordinal,"yes, with much difficulty(4)",4,"yes, with much difficulty",FALSE,
703,I,tradl2a,ordinal,only with help(5),5,only with help,FALSE,
703,I,tradl3a,ordinal,"asked, no answer / does not know(-1)",-1,"asked, no answer / does not know",TRUE,
703,I,tradl3a,ordinal,"no, R cannot(1)",1,"no, R cannot",FALSE,
703,I,tradl3a,ordinal,"yes, without difficulty(2)",2,"yes, without difficulty",FALSE,
703,I,tradl3a,ordinal,"yes, with some difficulty(3)",3,"yes, with some difficulty",FALSE,
703,I,tradl3a,ordinal,"yes, with much difficulty(4)",4,"yes, with much difficulty",FALSE,
703,I,tradl3a,ordinal,only with help(5),5,only with help,FALSE,
703,I,tradl4a,ordinal,"asked, no answer / does not know(-1)",-1,"asked, no answer / does not know",TRUE,
703,I,tradl4a,ordinal,"no, R cannot(1)",1,"no, R cannot",FALSE,
703,I,tradl4a,ordinal,"yes, without difficulty(2)",2,"yes, without difficulty",FALSE,
703,I,tradl4a,ordinal,"yes, with some difficulty(3)",3,"yes, with some difficulty",FALSE,
703,I,tradl4a,ordinal,"yes, with much difficulty(4)",4,"yes, with much difficulty",FALSE,
703,I,tradl4a,ordinal,only with help(5),5,only with help,FALSE,
703,I,tradl5a,ordinal,"asked, no answer / does not know(-1)",-1,"asked, no answer / does not know",TRUE,
703,I,tradl5a,ordinal,"no, R cannot(1)",1,"no, R cannot",FALSE,
703,I,tradl5a,ordinal,"yes, without difficulty(2)",2,"yes, without difficulty",FALSE,
703,I,tradl5a,ordinal,"yes, with some difficulty(3)",3,"yes, with some difficulty",FALSE,
703,I,tradl5a,ordinal,"yes, with much difficulty(4)",4,"yes, with much difficulty",FALSE,
703,I,tradl5a,ordinal,only with help(5),5,only with help,FALSE,
703,I,tradl6a,ordinal,"asked, no answer / does not know(-1)",-1,"asked, no answer / does not know",TRUE,
703,I,tradl6a,ordinal,"no, R cannot(1)",1,"no, R cannot",FALSE,
703,I,tradl6a,ordinal,"yes, without difficulty(2)",2,"yes, without difficulty",FALSE,
703,I,tradl6a,ordinal,"yes, with some difficulty(3)",3,"yes, with some difficulty",FALSE,
703,I,tradl6a,ordinal,"yes, with much difficulty(4)",4,"yes, with much difficulty",FALSE,
703,I,tradl6a,ordinal,only with help(5),5,only with help,FALSE,
703,I,trflwdiff,ordinal,no valid data(-1),-1,no valid data,TRUE,
703,I,trflwdiff,ordinal,no difficulties(0),0,no difficulties,FALSE,
703,I,trflwdiff,ordinal,2 without difficulty(1),1,2 without difficulty,FALSE,
703,I,trflwdiff,ordinal,1 without difficulty(2),2,1 without difficulty,FALSE,
703,I,trflwdiff,ordinal,all with difficulty(3),3,all with difficulty,FALSE,
703,I,trflwd#6,ordinal,no valid data(-1),-1,no valid data,TRUE,
703,I,trflwd#6,ordinal,no difficulties(0),0,no difficulties,FALSE,
703,I,trflwd#6,ordinal,5 without difficulty(1),1,5 without difficulty,FALSE,
703,I,trflwd#6,ordinal,4 without difficulty(2),2,4 without difficulty,FALSE,
703,I,trflwd#6,ordinal,3 without difficulty(3),3,3 without difficulty,FALSE,
703,I,trflwd#6,ordinal,2 without difficulty(4),4,2 without difficulty,FALSE,
703,I,trflwd#6,ordinal,1 without difficulty(5),5,1 without difficulty,FALSE,
703,I,trflwd#6,ordinal,all with difficulty(6),6,all with difficulty,FALSE,
703,J,trheal1,ordinal,"asked, no answer(-1)",-1,"asked, no answer",TRUE,
703,J,trheal1,ordinal,no(1),1,no,FALSE,
703,J,trheal1,ordinal,"yes, severely(2)",2,"yes, severely",FALSE,
703,J,trheal1,ordinal,"yes, slightly(3)",3,"yes, slightly",FALSE,
703,J,trheal1,ordinal,R does not know / refused to answer(4),4,R does not know / refused to answer,FALSE,
703,J,trheal2,ordinal,"na, see JTRHEAL1(-2)",-2,"na, see JTRHEAL1",TRUE,
703,J,trheal2,ordinal,"asked, no answer(-1)",-1,"asked, no answer",TRUE,
703,J,trheal2,ordinal,> 3 months(1),1,> 3 months,FALSE,
703,J,trheal2,ordinal,< 3 months(2),2,< 3 months,FALSE,
703,J,trheal2,ordinal,R does not know / refused to answer(3),3,R does not know / refused to answer,FALSE,
703,J,trhepyn,binary,"asked, no answer(-1)",-1,"asked, no answer",TRUE,
703,J,trhepyn,binary,no(1),1,no,FALSE,
703,J,trhepyn,binary,yes(2),2,yes,FALSE,
703,J,trhep01,categorical,no help(-2),-2,no help,TRUE,
703,J,trhep01,categorical,"asked, no answer(-1)",-1,"asked, no answer",TRUE,
703,J,trhep01,categorical,not mentioned(0),0,not mentioned,FALSE,
703,J,trhep01,categorical,mentioned(1),1,mentioned,FALSE,
703,J,trhep02a,categorical,no help(-2),-2,no help,TRUE,
703,J,trhep02a,categorical,"asked, no answer(-1)",-1,"asked, no answer",TRUE,
703,J,trhep02a,categorical,not mentioned(0),0,not mentioned,FALSE,
703,J,trhep02a,categorical,mentioned(1),1,mentioned,FALSE,
703,J,trhep02b,categorical,no help(-2),-2,no help,TRUE,
703,J,trhep02b,categorical,"asked, no answer(-1)",-1,"asked, no answer",TRUE,
703,J,trhep02b,categorical,not mentioned(0),0,not mentioned,FALSE,
703,J,trhep02b,categorical,mentioned(1),1,mentioned,FALSE,
703,J,trhep03,categorical,no help(-2),-2,no help,TRUE,
703,J,trhep03,categorical,"asked, no answer(-1)",-1,"asked, no answer",TRUE,
703,J,trhep03,categorical,not mentioned(0),0,not mentioned,FALSE,
703,J,trhep03,categorical,mentioned(1),1,mentioned,FALSE,
703,J,trhep04a,categorical,no help(-2),-2,no help,TRUE,
703,J,trhep04a,categorical,"asked, no answer(-1)",-1,"asked, no answer",TRUE,
703,J,trhep04a,categorical,not mentioned(0),0,not mentioned,FALSE,
703,J,trhep04a,categorical,mentioned(1),1,mentioned,FALSE,
703,J,trhep04b,categorical,no help(-2),-2,no help,TRUE,
703,J,trhep04b,categorical,"asked, no answer(-1)",-1,"asked, no answer",TRUE,
703,J,trhep04b,categorical,not mentioned(0),0,not mentioned,FALSE,
703,J,trhep04b,categorical,mentioned(1),1,mentioned,FALSE,
703,J,trhep05,categorical,no help(-2),-2,no help,TRUE,
703,J,trhep05,categorical,"asked, no answer(-1)",-1,"asked, no answer",TRUE,
703,J,trhep05,categorical,not mentioned(0),0,not mentioned,FALSE,
703,J,trhep05,categorical,mentioned(1),1,mentioned,FALSE,
703,J,trhep06a,categorical,no help(-2),-2,no help,TRUE,
703,J,trhep06a,categorical,"asked, no answer(-1)",-1,"asked, no answer",TRUE,
703,J,trhep06a,categorical,not mentioned(0),0,not mentioned,FALSE,
703,J,trhep06a,categorical,mentioned(1),1,mentioned,FALSE,
703,J,trhep06b,categorical,no help(-2),-2,no help,TRUE,
703,J,trhep06b,categorical,"asked, no answer(-1)",-1,"asked, no answer",TRUE,
703,J,trhep06b,categorical,not mentioned(0),0,not mentioned,FALSE,
703,J,trhep06b,categorical,mentioned(1),1,mentioned,FALSE,
703,J,trhep07,categorical,no help(-2),-2,no help,TRUE,
703,J,trhep07,categorical,"asked, no answer(-1)",-1,"asked, no answer",TRUE,
703,J,trhep07,categorical,not mentioned(0),0,not mentioned,FALSE,
703,J,trhep07,categorical,mentioned(1),1,mentioned,FALSE,
703,J,trhep08,categorical,no help(-2),-2,no help,TRUE,
703,J,trhep08,categorical,"asked, no answer(-1)",-1,"asked, no answer",TRUE,
703,J,trhep08,categorical,not mentioned(0),0,not mentioned,FALSE,
703,J,trhep08,categorical,mentioned(1),1,mentioned,FALSE,
703,J,trhep09,categorical,no help(-2),-2,no help,TRUE,
703,J,trhep09,categorical,"asked, no answer(-1)",-1,"asked, no answer",TRUE,
703,J,trhep09,categorical,not mentioned(0),0,not mentioned,FALSE,
703,J,trhep09,categorical,mentioned(1),1,mentioned,FALSE,
703,J,trhep10,categorical,no help(-2),-2,no help,TRUE,
703,J,trhep10,categorical,"asked, no answer(-1)",-1,"asked, no answer",TRUE,
703,J,trhep10,categorical,not mentioned(0),0,not mentioned,FALSE,
703,J,trhep10,categorical,mentioned(1),1,mentioned,FALSE,
703,J,trhep11,categorical,no help(-2),-2,no help,TRUE,
703,J,trhep11,categorical,"asked, no answer(-1)",-1,"asked, no answer",TRUE,
703,J,trhep11,categorical,not mentioned(0),0,not mentioned,FALSE,
703,J,trhep11,categorical,mentioned(1),1,mentioned,FALSE,
703,J,trhep12,categorical,no help(-2),-2,no help,TRUE,
703,J,trhep12,categorical,"asked, no answer(-1)",-1,"asked, no answer",TRUE,
703,J,trhep12,categorical,not mentioned(0),0,not mentioned,FALSE,
703,J,trhep12,categorical,mentioned(1),1,mentioned,FALSE,
703,J,trhedyn,binary,"asked, no answer(-1)",-1,"asked, no answer",TRUE,
703,J,trhedyn,binary,no(1),1,no,FALSE,
703,J,trhedyn,binary,yes(2),2,yes,FALSE,
703,J,trhed01,categorical,no help(-2),-2,no help,TRUE,
703,J,trhed01,categorical,"asked, no answer(-1)",-1,"asked, no answer",TRUE,
703,J,trhed01,categorical,not mentioned(0),0,not mentioned,FALSE,
703,J,trhed01,categorical,mentioned(1),1,mentioned,FALSE,
703,J,trhed02a,categorical,no help(-2),-2,no help,TRUE,
703,J,trhed02a,categorical,"asked, no answer(-1)",-1,"asked, no answer",TRUE,
703,J,trhed02a,categorical,not mentioned(0),0,not mentioned,FALSE,
703,J,trhed02a,categorical,mentioned(1),1,mentioned,FALSE,
703,J,trhed02b,categorical,no help(-2),-2,no help,TRUE,
703,J,trhed02b,categorical,"asked, no answer(-1)",-1,"asked, no answer",TRUE,
703,J,trhed02b,categorical,not mentioned(0),0,not mentioned,FALSE,
703,J,trhed02b,categorical,mentioned(1),1,mentioned,FALSE,
703,J,trhed03,categorical,no help(-2),-2,no help,TRUE,
703,J,trhed03,categorical,"asked, no answer(-1)",-1,"asked, no answer",TRUE,
703,J,trhed03,categorical,not mentioned(0),0,not mentioned,FALSE,
703,J,trhed03,categorical,mentioned(1),1,mentioned,FALSE,
703,J,trhed04a,categorical,no help(-2),-2,no help,TRUE,
703,J,trhed04a,categorical,"asked, no answer(-1)",-1,"asked, no answer",TRUE,
703,J,trhed04a,categorical,not mentioned(0),0,not mentioned,FALSE,
703,J,trhed04a,categorical,mentioned(1),1,mentioned,FALSE,
703,J,trhed04b,categorical,no help(-2),-2,no help,TRUE,
703,J,trhed04b,categorical,"asked, no answer(-1)",-1,"asked, no answer",TRUE,
703,J,trhed04b,categorical,not mentioned(0),0,not mentioned,FALSE,
703,J,trhed04b,categorical,mentioned(1),1,mentioned,FALSE,
703,J,trhed05,categorical,no help(-2),-2,no help,TRUE,
703,J,trhed05,categorical,"asked, no answer(-1)",-1,"asked, no answer",TRUE,
703,J,trhed05,categorical,not mentioned(0),0,not mentioned,FALSE,
703,J,trhed05,categorical,mentioned(1),1,mentioned,FALSE,
703,J,trhed06a,categorical,no help(-2),-2,no help,TRUE,
703,J,trhed06a,categorical,"asked, no answer(-1)",-1,"asked, no answer",TRUE,
703,J,trhed06a,categorical,not mentioned(0),0,not mentioned,FALSE,
703,J,trhed06a,categorical,mentioned(1),1,mentioned,FALSE,
703,J,trhed06b,categorical,no help(-2),-2,no help,TRUE,
703,J,trhed06b,categorical,"asked, no answer(-1)",-1,"asked, no answer",TRUE,
703,J,trhed06b,categorical,not mentioned(0),0,not mentioned,FALSE,
703,J,trhed06b,categorical,mentioned(1),1,mentioned,FALSE,
703,J,trhed07,categorical,no help(-2),-2,no help,TRUE,
703,J,trhed07,categorical,"asked, no answer(-1)",-1,"asked, no answer",TRUE,
703,J,trhed07,categorical,not mentioned(0),0,not mentioned,FALSE,
703,J,trhed07,categorical,mentioned(1),1,mentioned,FALSE,
703,J,trhed08,categorical,no help(-2),-2,no help,TRUE,
703,J,trhed08,categorical,"asked, no answer(-1)",-1,"asked, no answer",TRUE,
703,J,trhed08,categorical,not mentioned(0),0,not mentioned,FALSE,
703,J,trhed08,categorical,mentioned(1),1,mentioned,FALSE,
703,J,trhed09,categorical,no help(-2),-2,no help,TRUE,
703,J,trhed09,categorical,"asked, no answer(-1)",-1,"asked, no answer",TRUE,
703,J,trhed09,categorical,not mentioned(0),0,not mentioned,FALSE,
703,J,trhed09,categorical,mentioned(1),1,mentioned,FALSE,
703,J,trhed10,categorical,no help(-2),-2,no help,TRUE,
703,J,trhed10,categorical,"asked, no answer(-1)",-1,"asked, no answer",TRUE,
703,J,trhed10,categorical,not mentioned(0),0,not mentioned,FALSE,
703,J,trhed10,categorical,mentioned(1),1,mentioned,FALSE,
703,J,trhed11,categorical,no help(-2),-2,no help,TRUE,
703,J,trhed11,categorical,"asked, no answer(-1)",-1,"asked, no answer",TRUE,
703,J,trhed11,categorical,not mentioned(0),0,not mentioned,FALSE,
703,J,trhed11,categorical,mentioned(1),1,mentioned,FALSE,
703,J,trhed12,categorical,no help(-2),-2,no help,TRUE,
703,J,trhed12,categorical,"asked, no answer(-1)",-1,"asked, no answer",TRUE,
703,J,trhed12,categorical,not mentioned(0),0,not mentioned,FALSE,
703,J,trhed12,categorical,mentioned(1),1,mentioned,FALSE,
703,J,trhenyn,binary,"asked, no answer(-1)",-1,"asked, no answer",TRUE,
703,J,trhenyn,binary,no(1),1,no,FALSE,
703,J,trhenyn,binary,yes(2),2,yes,FALSE,
703,J,trhen01,categorical,no help(-2),-2,no help,TRUE,
703,J,trhen01,categorical,"asked, no answer(-1)",-1,"asked, no answer",TRUE,
703,J,trhen01,categorical,not mentioned(0),0,not mentioned,FALSE,
703,J,trhen01,categorical,mentioned(1),1,mentioned,FALSE,
703,J,trhen02a,categorical,no help(-2),-2,no help,TRUE,
703,J,trhen02a,categorical,"asked, no answer(-1)",-1,"asked, no answer",TRUE,
703,J,trhen02a,categorical,not mentioned(0),0,not mentioned,FALSE,
703,J,trhen02a,categorical,mentioned(1),1,mentioned,FALSE,
703,J,trhen02b,categorical,no help(-2),-2,no help,TRUE,
703,J,trhen02b,categorical,"asked, no answer(-1)",-1,"asked, no answer",TRUE,
703,J,trhen02b,categorical,not mentioned(0),0,not mentioned,FALSE,
703,J,trhen02b,categorical,mentioned(1),1,mentioned,FALSE,
703,J,trhen03,categorical,no help(-2),-2,no help,TRUE,
703,J,trhen03,categorical,"asked, no answer(-1)",-1,"asked, no answer",TRUE,
703,J,trhen03,categorical,not mentioned(0),0,not mentioned,FALSE,
703,J,trhen03,categorical,mentioned(1),1,mentioned,FALSE,
703,J,trhen04a,categorical,no help(-2),-2,no help,TRUE,
703,J,trhen04a,categorical,"asked, no answer(-1)",-1,"asked, no answer",TRUE,
703,J,trhen04a,categorical,not mentioned(0),0,not mentioned,FALSE,
703,J,trhen04a,categorical,mentioned(1),1,mentioned,FALSE,
703,J,trhen04b,categorical,no help(-2),-2,no help,TRUE,
703,J,trhen04b,categorical,"asked, no answer(-1)",-1,"asked, no answer",TRUE,
703,J,trhen04b,categorical,not mentioned(0),0,not mentioned,FALSE,
703,J,trhen04b,categorical,mentioned(1),1,mentioned,FALSE,
703,J,trhen05,categorical,no help(-2),-2,no help,TRUE,
703,J,trhen05,categorical,"asked, no answer(-1)",-1,"asked, no answer",TRUE,
703,J,trhen05,categorical,not mentioned(0),0,not mentioned,FALSE,
703,J,trhen05,categorical,mentioned(1),1,mentioned,FALSE,
703,J,trhen06a,categorical,no help(-2),-2,no help,TRUE,
703,J,trhen06a,categorical,"asked, no answer(-1)",-1,"asked, no answer",TRUE,
703,J,trhen06a,categorical,not mentioned(0),0,not mentioned,FALSE,
703,J,trhen06a,categorical,mentioned(1),1,mentioned,FALSE,
703,J,trhen06b,categorical,no help(-2),-2,no help,TRUE,
703,J,trhen06b,categorical,"asked, no answer(-1)",-1,"asked, no answer",TRUE,
703,J,trhen06b,categorical,not mentioned(0),0,not mentioned,FALSE,
703,J,trhen06b,categorical,mentioned(1),1,mentioned,FALSE,
703,J,trhen07,categorical,no help(-2),-2,no help,TRUE,
703,J,trhen07,categorical,"asked, no answer(-1)",-1,"asked, no answer",TRUE,
703,J,trhen07,categorical,not mentioned(0),0,not mentioned,FALSE,
703,J,trhen07,categorical,mentioned(1),1,mentioned,FALSE,
703,J,trhen08,categorical,no help(-2),-2,no help,TRUE,
703,J,trhen08,categorical,"asked, no answer(-1)",-1,"asked, no answer",TRUE,
703,J,trhen08,categorical,not mentioned(0),0,not mentioned,FALSE,
703,J,trhen08,categorical,mentioned(1),1,mentioned,FALSE,
703,J,trhen09,categorical,no help(-2),-2,no help,TRUE,
703,J,trhen09,categorical,"asked, no answer(-1)",-1,"asked, no answer",TRUE,
703,J,trhen09,categorical,not mentioned(0),0,not mentioned,FALSE,
703,J,trhen09,categorical,mentioned(1),1,mentioned,FALSE,
703,J,trhen10,categorical,no help(-2),-2,no help,TRUE,
703,J,trhen10,categorical,"asked, no answer(-1)",-1,"asked, no answer",TRUE,
703,J,trhen10,categorical,not mentioned(0),0,not mentioned,FALSE,
703,J,trhen10,categorical,mentioned(1),1,mentioned,FALSE,
703,J,trhen11,categorical,no help(-2),-2,no help,TRUE,
703,J,trhen11,categorical,"asked, no answer(-1)",-1,"asked, no answer",TRUE,
703,J,trhen11,categorical,not mentioned(0),0,not mentioned,FALSE,
703,J,trhen11,categorical,mentioned(1),1,mentioned,FALSE,
703,J,trhen12,categorical,no help(-2),-2,no help,TRUE,
703,J,trhen12,categorical,"asked, no answer(-1)",-1,"asked, no answer",TRUE,
703,J,trhen12,categorical,not mentioned(0),0,not mentioned,FALSE,
703,J,trhen12,categorical,mentioned(1),1,mentioned,FALSE,
703,J,trhegyn,binary,"asked, no answer(-1)",-1,"asked, no answer",TRUE,
703,J,trhegyn,binary,no(1),1,no,FALSE,
703,J,trhegyn,binary,yes(2),2,yes,FALSE,
703,J,trheg01,categorical,no help(-2),-2,no help,TRUE,
703,J,trheg01,categorical,"asked, no answer(-1)",-1,"asked, no answer",TRUE,
703,J,trheg01,categorical,not mentioned(0),0,not mentioned,FALSE,
703,J,trheg01,categorical,mentioned(1),1,mentioned,FALSE,
703,J,trheg02a,categorical,no help(-2),-2,no help,TRUE,
703,J,trheg02a,categorical,"asked, no answer(-1)",-1,"asked, no answer",TRUE,
703,J,trheg02a,categorical,not mentioned(0),0,not mentioned,FALSE,
703,J,trheg02a,categorical,mentioned(1),1,mentioned,FALSE,
703,J,trheg02b,categorical,no help(-2),-2,no help,TRUE,
703,J,trheg02b,categorical,"asked, no answer(-1)",-1,"asked, no answer",TRUE,
703,J,trheg02b,categorical,not mentioned(0),0,not mentioned,FALSE,
703,J,trheg02b,categorical,mentioned(1),1,mentioned,FALSE,
703,J,trheg03,categorical,no help(-2),-2,no help,TRUE,
703,J,trheg03,categorical,"asked, no answer(-1)",-1,"asked, no answer",TRUE,
703,J,trheg03,categorical,not mentioned(0),0,not mentioned,FALSE,
703,J,trheg03,categorical,mentioned(1),1,mentioned,FALSE,
703,J,trheg04a,categorical,no help(-2),-2,no help,TRUE,
703,J,trheg04a,categorical,"asked, no answer(-1)",-1,"asked, no answer",TRUE,
703,J,trheg04a,categorical,not mentioned(0),0,not mentioned,FALSE,
703,J,trheg04a,categorical,mentioned(1),1,mentioned,FALSE,
703,J,trheg04b,categorical,no help(-2),-2,no help,TRUE,
703,J,trheg04b,categorical,"asked, no answer(-1)",-1,"asked, no answer",TRUE,
703,J,trheg04b,categorical,not mentioned(0),0,not mentioned,FALSE,
703,J,trheg04b,categorical,mentioned(1),1,mentioned,FALSE,
703,J,trheg05,categorical,no help(-2),-2,no help,TRUE,
703,J,trheg05,categorical,"asked, no answer(-1)",-1,"asked, no answer",TRUE,
703,J,trheg05,categorical,not mentioned(0),0,not mentioned,FALSE,
703,J,trheg05,categorical,mentioned(1),1,mentioned,FALSE,
703,J,trheg06a,categorical,no help(-2),-2,no help,TRUE,
703,J,trheg06a,categorical,"asked, no answer(-1)",-1,"asked, no answer",TRUE,
703,J,trheg06a,categorical,not mentioned(0),0,not mentioned,FALSE,
703,J,trheg06a,categorical,mentioned(1),1,mentioned,FALSE,
703,J,trheg06b,categorical,no help(-2),-2,no help,TRUE,
703,J,trheg06b,categorical,"asked, no answer(-1)",-1,"asked, no answer",TRUE,
703,J,trheg06b,categorical,not mentioned(0),0,not mentioned,FALSE,
703,J,trheg06b,categorical,mentioned(1),1,mentioned,FALSE,
703,J,trheg07,categorical,no help(-2),-2,no help,TRUE,
703,J,trheg07,categorical,"asked, no answer(-1)",-1,"asked, no answer",TRUE,
703,J,trheg07,categorical,not mentioned(0),0,not mentioned,FALSE,
703,J,trheg07,categorical,mentioned(1),1,mentioned,FALSE,
703,J,trheg08,categorical,no help(-2),-2,no help,TRUE,
703,J,trheg08,categorical,"asked, no answer(-1)",-1,"asked, no answer",TRUE,
703,J,trheg08,categorical,not mentioned(0),0,not mentioned,FALSE,
703,J,trheg08,categorical,mentioned(1),1,mentioned,FALSE,
703,J,trheg09,categorical,no help(-2),-2,no help,TRUE,
703,J,trheg09,categorical,"asked, no answer(-1)",-1,"asked, no answer",TRUE,
703,J,trheg09,categorical,not mentioned(0),0,not mentioned,FALSE,
703,J,trheg09,categorical,mentioned(1),1,mentioned,FALSE,
703,J,trheg10,categorical,no help(-2),-2,no help,TRUE,
703,J,trheg10,categorical,"asked, no answer(-1)",-1,"asked, no answer",TRUE,
703,J,trheg10,categorical,not mentioned(0),0,not mentioned,FALSE,
703,J,trheg10,categorical,mentioned(1),1,mentioned,FALSE,
703,J,trheg11,categorical,no help(-2),-2,no help,TRUE,
703,J,trheg11,categorical,"asked, no answer(-1)",-1,"asked, no answer",TRUE,
703,J,trheg11,categorical,not mentioned(0),0,not mentioned,FALSE,
703,J,trheg11,categorical,mentioned(1),1,mentioned,FALSE,
703,J,trheg12,categorical,no help(-2),-2,no help,TRUE,
703,J,trheg12,categorical,"asked, no answer(-1)",-1,"asked, no answer",TRUE,
703,J,trheg12,categorical,not mentioned(0),0,not mentioned,FALSE,
703,J,trheg12,categorical,mentioned(1),1,mentioned,FALSE,
703,J,trheayn,binary,"asked, no answer(-1)",-1,"asked, no answer",TRUE,
703,J,trheayn,binary,no(1),1,no,FALSE,
703,J,trheayn,binary,yes(2),2,yes,FALSE,
703,J,trhea01,categorical,no help(-2),-2,no help,TRUE,
703,J,trhea01,categorical,"asked, no answer(-1)",-1,"asked, no answer",TRUE,
703,J,trhea01,categorical,not mentioned(0),0,not mentioned,FALSE,
703,J,trhea01,categorical,mentioned(1),1,mentioned,FALSE,
703,J,trhea02a,categorical,no help(-2),-2,no help,TRUE,
703,J,trhea02a,categorical,"asked, no answer(-1)",-1,"asked, no answer",TRUE,
703,J,trhea02a,categorical,not mentioned(0),0,not mentioned,FALSE,
703,J,trhea02a,categorical,mentioned(1),1,mentioned,FALSE,
703,J,trhea02b,categorical,no help(-2),-2,no help,TRUE,
703,J,trhea02b,categorical,"asked, no answer(-1)",-1,"asked, no answer",TRUE,
703,J,trhea02b,categorical,not mentioned(0),0,not mentioned,FALSE,
703,J,trhea02b,categorical,mentioned(1),1,mentioned,FALSE,
703,J,trhea03,categorical,no help(-2),-2,no help,TRUE,
703,J,trhea03,categorical,"asked, no answer(-1)",-1,"asked, no answer",TRUE,
703,J,trhea03,categorical,not mentioned(0),0,not mentioned,FALSE,
703,J,trhea03,categorical,mentioned(1),1,mentioned,FALSE,
703,J,trhea04a,categorical,no help(-2),-2,no help,TRUE,
703,J,trhea04a,categorical,"asked, no answer(-1)",-1,"asked, no answer",TRUE,
703,J,trhea04a,categorical,not mentioned(0),0,not mentioned,FALSE,
703,J,trhea04a,categorical,mentioned(1),1,mentioned,FALSE,
703,J,trhea04b,categorical,no help(-2),-2,no help,TRUE,
703,J,trhea04b,categorical,"asked, no answer(-1)",-1,"asked, no answer",TRUE,
703,J,trhea04b,categorical,not mentioned(0),0,not mentioned,FALSE,
703,J,trhea04b,categorical,mentioned(1),1,mentioned,FALSE,
703,J,trhea05,categorical,no help(-2),-2,no help,TRUE,
703,J,trhea05,categorical,"asked, no answer(-1)",-1,"asked, no answer",TRUE,
703,J,trhea05,categorical,not mentioned(0),0,not mentioned,FALSE,
703,J,trhea05,categorical,mentioned(1),1,mentioned,FALSE,
703,J,trhea06a,categorical,no help(-2),-2,no help,TRUE,
703,J,trhea06a,categorical,"asked, no answer(-1)",-1,"asked, no answer",TRUE,
703,J,trhea06a,categorical,not mentioned(0),0,not mentioned,FALSE,
703,J,trhea06a,categorical,mentioned(1),1,mentioned,FALSE,
703,J,trhea06b,categorical,no help(-2),-2,no help,TRUE,
703,J,trhea06b,categorical,"asked, no answer(-1)",-1,"asked, no answer",TRUE,
703,J,trhea06b,categorical,not mentioned(0),0,not mentioned,FALSE,
703,J,trhea06b,categorical,mentioned(1),1,mentioned,FALSE,
703,J,trhea07,categorical,no help(-2),-2,no help,TRUE,
703,J,trhea07,categorical,"asked, no answer(-1)",-1,"asked, no answer",TRUE,
703,J,trhea07,categorical,not mentioned(0),0,not mentioned,FALSE,
703,J,trhea07,categorical,mentioned(1),1,mentioned,FALSE,
703,J,trhea08,categorical,no help(-2),-2,no help,TRUE,
703,J,trhea08,categorical,"asked, no answer(-1)",-1,"asked, no answer",TRUE,
703,J,trhea08,categorical,not mentioned(0),0,not mentioned,FALSE,
703,J,trhea08,categorical,mentioned(1),1,mentioned,FALSE,
703,J,trhea09,categorical,no help(-2),-2,no help,TRUE,
703,J,trhea09,categorical,"asked, no answer(-1)",-1,"asked, no answer",TRUE,
703,J,trhea09,categorical,not mentioned(0),0,not mentioned,FALSE,
703,J,trhea09,categorical,mentioned(1),1,mentioned,FALSE,
703,J,trhea10,categorical,no help(-2),-2,no help,TRUE,
703,J,trhea10,categorical,"asked, no answer(-1)",-1,"asked, no answer",TRUE,
703,J,trhea10,categorical,not mentioned(0),0,not mentioned,FALSE,
703,J,trhea10,categorical,mentioned(1),1,mentioned,FALSE,
703,J,trhea11,categorical,no help(-2),-2,no help,TRUE,
703,J,trhea11,categorical,"asked, no answer(-1)",-1,"asked, no answer",TRUE,
703,J,trhea11,categorical,not mentioned(0),0,not mentioned,FALSE,
703,J,trhea11,categorical,mentioned(1),1,mentioned,FALSE,
703,J,trhea12,categorical,no help(-2),-2,no help,TRUE,
703,J,trhea12,categorical,"asked, no answer(-1)",-1,"asked, no answer",TRUE,
703,J,trhea12,categorical,not mentioned(0),0,not mentioned,FALSE,
703,J,trhea12,categorical,mentioned(1),1,mentioned,FALSE,
703,J,trstic1,binary,"na, asked / does not know(-1)",-1,"na, asked / does not know",TRUE,
703,J,trstic1,binary,no(1),1,no,FALSE,
703,J,trstic1,binary,yes(2),2,yes,FALSE,
703,J,trerh,binary,"na, asked / does not know(-1)",-1,"na, asked / does not know",TRUE,
703,J,trerh,binary,no(1),1,no,FALSE,
703,J,trerh,binary,yes(2),2,yes,FALSE,
703,J,trhosp,binary,"na, asked / does not know(-1)",-1,"na, asked / does not know",TRUE,
703,J,trhosp,binary,no(1),1,no,FALSE,
703,J,trhosp,binary,yes(2),2,yes,FALSE,
703,J,trmeds,binary,"na, asked / does not know(-1)",-1,"na, asked / does not know",TRUE,
703,J,trmeds,binary,no(1),1,no,FALSE,
703,J,trmeds,binary,yes(2),2,yes,FALSE,
703,J,trpsyh,binary,"na, asked / does not know(-1)",-1,"na, asked / does not know",TRUE,
703,J,trpsyh,binary,no(1),1,no,FALSE,
703,J,trpsyh,binary,yes(2),2,yes,FALSE,
703,J,trpsyc,binary,"na, asked / does not know(-1)",-1,"na, asked / does not know",TRUE,
703,J,trpsyc,binary,no(1),1,no,FALSE,
703,J,trpsyc,binary,yes(2),2,yes,FALSE,
703,J,trpha1,categorical,"asked, no answer(-1)",-1,"asked, no answer",TRUE,
703,J,trpha1,categorical,respondent bedridden(1),1,respondent bedridden,FALSE,
703,J,trpha1,categorical,R in wheelchair(2),2,R in wheelchair,FALSE,
703,J,trpha1,categorical,R with walking aid(3),3,R with walking aid,FALSE,
703,J,trpha1,categorical,"not 1, 2 or 3(4)",4,"not 1, 2 or 3",FALSE,
703,J,tradl1a,ordinal,"na, see JTRPHA1(-2)",-2,"na, see JTRPHA1",TRUE,
703,J,tradl1a,ordinal,"asked, no answer / does not know(-1)",-1,"asked, no answer / does not know",TRUE,
703,J,tradl1a,ordinal,"no, R cannot(1)",1,"no, R cannot",FALSE,
703,J,tradl1a,ordinal,"yes, without difficulty(2)",2,"yes, without difficulty",FALSE,
703,J,tradl1a,ordinal,"yes, with some difficulty(3)",3,"yes, with some difficulty",FALSE,
703,J,tradl1a,ordinal,"yes, with much difficulty(4)",4,"yes, with much difficulty",FALSE,
703,J,tradl1a,ordinal,only with help(5),5,only with help,FALSE,
703,J,tradl2a,ordinal,"na, see JTRPHA1(-2)",-2,"na, see JTRPHA1",TRUE,
703,J,tradl2a,ordinal,"asked, no answer / does not know(-1)",-1,"asked, no answer / does not know",TRUE,
703,J,tradl2a,ordinal,"no, R cannot(1)",1,"no, R cannot",FALSE,
703,J,tradl2a,ordinal,"yes, without difficulty(2)",2,"yes, without difficulty",FALSE,
703,J,tradl2a,ordinal,"yes, with some difficulty(3)",3,"yes, with some difficulty",FALSE,
703,J,tradl2a,ordinal,"yes, with much difficulty(4)",4,"yes, with much difficulty",FALSE,
703,J,tradl2a,ordinal,only with help(5),5,only with help,FALSE,
703,J,tradl3a,ordinal,"na, see JTRPHA1(-2)",-2,"na, see JTRPHA1",TRUE,
703,J,tradl3a,ordinal,"asked, no answer / does not know(-1)",-1,"asked, no answer / does not know",TRUE,
703,J,tradl3a,ordinal,"no, R cannot(1)",1,"no, R cannot",FALSE,
703,J,tradl3a,ordinal,"yes, without difficulty(2)",2,"yes, without difficulty",FALSE,
703,J,tradl3a,ordinal,"yes, with some difficulty(3)",3,"yes, with some difficulty",FALSE,
703,J,tradl3a,ordinal,"yes, with much difficulty(4)",4,"yes, with much difficulty",FALSE,
703,J,tradl3a,ordinal,only with help(5),5,only with help,FALSE,
703,J,tradl4a,ordinal,"na, see JTRPHA1(-2)",-2,"na, see JTRPHA1",TRUE,
703,J,tradl4a,ordinal,"asked, no answer / does not know(-1)",-1,"asked, no answer / does not know",TRUE,
703,J,tradl4a,ordinal,"no, R cannot(1)",1,"no, R cannot",FALSE,
703,J,tradl4a,ordinal,"yes, without difficulty(2)",2,"yes, without difficulty",FALSE,
703,J,tradl4a,ordinal,"yes, with some difficulty(3)",3,"yes, with some difficulty",FALSE,
703,J,tradl4a,ordinal,"yes, with much difficulty(4)",4,"yes, with much difficulty",FALSE,
703,J,tradl4a,ordinal,only with help(5),5,only with help,FALSE,
703,J,tradl5a,ordinal,"na, see JTRPHA1(-2)",-2,"na, see JTRPHA1",TRUE,
703,J,tradl5a,ordinal,"asked, no answer / does not know(-1)",-1,"asked, no answer / does not know",TRUE,
703,J,tradl5a,ordinal,"no, R cannot(1)",1,"no, R cannot",FALSE,
703,J,tradl5a,ordinal,"yes, without difficulty(2)",2,"yes, without difficulty",FALSE,
703,J,tradl5a,ordinal,"yes, with some difficulty(3)",3,"yes, with some difficulty",FALSE,
703,J,tradl5a,ordinal,"yes, with much difficulty(4)",4,"yes, with much difficulty",FALSE,
703,J,tradl5a,ordinal,only with help(5),5,only with help,FALSE,
703,J,tradl6a,ordinal,"na, see JTRPHA1(-2)",-2,"na, see JTRPHA1",TRUE,
703,J,tradl6a,ordinal,"asked, no answer / does not know(-1)",-1,"asked, no answer / does not know",TRUE,
703,J,tradl6a,ordinal,"no, R cannot(1)",1,"no, R cannot",FALSE,
703,J,tradl6a,ordinal,"yes, without difficulty(2)",2,"yes, without difficulty",FALSE,
703,J,tradl6a,ordinal,"yes, with some difficulty(3)",3,"yes, with some difficulty",FALSE,
703,J,tradl6a,ordinal,"yes, with much difficulty(4)",4,"yes, with much difficulty",FALSE,
703,J,tradl6a,ordinal,only with help(5),5,only with help,FALSE,
703,J,trflwdiff,ordinal,"na, see JTRPHA1(-2)",-2,"na, see JTRPHA1",TRUE,
703,J,trflwdiff,ordinal,no valid data(-1),-1,no valid data,TRUE,
703,J,trflwdiff,ordinal,no difficulties(0),0,no difficulties,FALSE,
703,J,trflwdiff,ordinal,2 without difficulty(1),1,2 without difficulty,FALSE,
703,J,trflwdiff,ordinal,1 without difficulty(2),2,1 without difficulty,FALSE,
703,J,trflwdiff,ordinal,all with difficulty(3),3,all with difficulty,FALSE,
703,J,trflwd#6,ordinal,"na, see JTRPHA1(-2)",-2,"na, see JTRPHA1",TRUE,
703,J,trflwd#6,ordinal,no valid data(-1),-1,no valid data,TRUE,
703,J,trflwd#6,ordinal,no difficulties(0),0,no difficulties,FALSE,
703,J,trflwd#6,ordinal,5 without difficulty(1),1,5 without difficulty,FALSE,
703,J,trflwd#6,ordinal,4 without difficulty(2),2,4 without difficulty,FALSE,
703,J,trflwd#6,ordinal,3 without difficulty(3),3,3 without difficulty,FALSE,
703,J,trflwd#6,ordinal,2 without difficulty(4),4,2 without difficulty,FALSE,
703,J,trflwd#6,ordinal,1 without difficulty(5),5,1 without difficulty,FALSE,
703,J,trflwd#6,ordinal,all with difficulty(6),6,all with difficulty,FALSE,
703,K,trheal1,ordinal,"asked, no answer(-1)",-1,"asked, no answer",TRUE,
703,K,trheal1,ordinal,no(1),1,no,FALSE,
703,K,trheal1,ordinal,"yes, severely(2)",2,"yes, severely",FALSE,
703,K,trheal1,ordinal,"yes, slightly(3)",3,"yes, slightly",FALSE,
703,K,trheal1,ordinal,R does not know / refused to answer(4),4,R does not know / refused to answer,FALSE,
703,K,trheal2,ordinal,"na, see KTRHEAL1(-2)",-2,"na, see KTRHEAL1",TRUE,
703,K,trheal2,ordinal,"asked, no answer(-1)",-1,"asked, no answer",TRUE,
703,K,trheal2,ordinal,> 3 months(1),1,> 3 months,FALSE,
703,K,trheal2,ordinal,< 3 months(2),2,< 3 months,FALSE,
703,K,trheal2,ordinal,R does not know / refused to answer(3),3,R does not know / refused to answer,FALSE,
703,K,trhepyn,binary,"asked, no answer(-1)",-1,"asked, no answer",TRUE,
703,K,trhepyn,binary,no(1),1,no,FALSE,
703,K,trhepyn,binary,yes(2),2,yes,FALSE,
703,K,trhep01,categorical,no help(-2),-2,no help,TRUE,
703,K,trhep01,categorical,"asked, no answer(-1)",-1,"asked, no answer",TRUE,
703,K,trhep01,categorical,not mentioned(0),0,not mentioned,FALSE,
703,K,trhep01,categorical,mentioned(1),1,mentioned,FALSE,
703,K,trhep02a,categorical,no help(-2),-2,no help,TRUE,
703,K,trhep02a,categorical,"asked, no answer(-1)",-1,"asked, no answer",TRUE,
703,K,trhep02a,categorical,not mentioned(0),0,not mentioned,FALSE,
703,K,trhep02a,categorical,mentioned(1),1,mentioned,FALSE,
703,K,trhep02b,categorical,no help(-2),-2,no help,TRUE,
703,K,trhep02b,categorical,"asked, no answer(-1)",-1,"asked, no answer",TRUE,
703,K,trhep02b,categorical,not mentioned(0),0,not mentioned,FALSE,
703,K,trhep02b,categorical,mentioned(1),1,mentioned,FALSE,
703,K,trhep03,categorical,no help(-2),-2,no help,TRUE,
703,K,trhep03,categorical,"asked, no answer(-1)",-1,"asked, no answer",TRUE,
703,K,trhep03,categorical,not mentioned(0),0,not mentioned,FALSE,
703,K,trhep03,categorical,mentioned(1),1,mentioned,FALSE,
703,K,trhep04a,categorical,no help(-2),-2,no help,TRUE,
703,K,trhep04a,categorical,"asked, no answer(-1)",-1,"asked, no answer",TRUE,
703,K,trhep04a,categorical,not mentioned(0),0,not mentioned,FALSE,
703,K,trhep04a,categorical,mentioned(1),1,mentioned,FALSE,
703,K,trhep04b,categorical,no help(-2),-2,no help,TRUE,
703,K,trhep04b,categorical,"asked, no answer(-1)",-1,"asked, no answer",TRUE,
703,K,trhep04b,categorical,not mentioned(0),0,not mentioned,FALSE,
703,K,trhep04b,categorical,mentioned(1),1,mentioned,FALSE,
703,K,trhep05,categorical,no help(-2),-2,no help,TRUE,
703,K,trhep05,categorical,"asked, no answer(-1)",-1,"asked, no answer",TRUE,
703,K,trhep05,categorical,not mentioned(0),0,not mentioned,FALSE,
703,K,trhep05,categorical,mentioned(1),1,mentioned,FALSE,
703,K,trhep06a,categorical,no help(-2),-2,no help,TRUE,
703,K,trhep06a,categorical,"asked, no answer(-1)",-1,"asked, no answer",TRUE,
703,K,trhep06a,categorical,not mentioned(0),0,not mentioned,FALSE,
703,K,trhep06a,categorical,mentioned(1),1,mentioned,FALSE,
703,K,trhep06b,categorical,no help(-2),-2,no help,TRUE,
703,K,trhep06b,categorical,"asked, no answer(-1)",-1,"asked, no answer",TRUE,
703,K,trhep06b,categorical,not mentioned(0),0,not mentioned,FALSE,
703,K,trhep06b,categorical,mentioned(1),1,mentioned,FALSE,
703,K,trhep07,categorical,no help(-2),-2,no help,TRUE,
703,K,trhep07,categorical,"asked, no answer(-1)",-1,"asked, no answer",TRUE,
703,K,trhep07,categorical,not mentioned(0),0,not mentioned,FALSE,
703,K,trhep07,categorical,mentioned(1),1,mentioned,FALSE,
703,K,trhep08,categorical,no help(-2),-2,no help,TRUE,
703,K,trhep08,categorical,"asked, no answer(-1)",-1,"asked, no answer",TRUE,
703,K,trhep08,categorical,not mentioned(0),0,not mentioned,FALSE,
703,K,trhep08,categorical,mentioned(1),1,mentioned,FALSE,
703,K,trhep09,categorical,no help(-2),-2,no help,TRUE,
703,K,trhep09,categorical,"asked, no answer(-1)",-1,"asked, no answer",TRUE,
703,K,trhep09,categorical,not mentioned(0),0,not mentioned,FALSE,
703,K,trhep09,categorical,mentioned(1),1,mentioned,FALSE,
703,K,trhep10,categorical,no help(-2),-2,no help,TRUE,
703,K,trhep10,categorical,"asked, no answer(-1)",-1,"asked, no answer",TRUE,
703,K,trhep10,categorical,not mentioned(0),0,not mentioned,FALSE,
703,K,trhep10,categorical,mentioned(1),1,mentioned,FALSE,
703,K,trhep11,categorical,no help(-2),-2,no help,TRUE,
703,K,trhep11,categorical,"asked, no answer(-1)",-1,"asked, no answer",TRUE,
703,K,trhep11,categorical,not mentioned(0),0,not mentioned,FALSE,
703,K,trhep11,categorical,mentioned(1),1,mentioned,FALSE,
703,K,trhep12,categorical,no help(-2),-2,no help,TRUE,
703,K,trhep12,categorical,"asked, no answer(-1)",-1,"asked, no answer",TRUE,
703,K,trhep12,categorical,not mentioned(0),0,not mentioned,FALSE,
703,K,trhep12,categorical,mentioned(1),1,mentioned,FALSE,
703,K,trhedyn,binary,"asked, no answer(-1)",-1,"asked, no answer",TRUE,
703,K,trhedyn,binary,no(1),1,no,FALSE,
703,K,trhedyn,binary,yes(2),2,yes,FALSE,
703,K,trhed01,categorical,no help(-2),-2,no help,TRUE,
703,K,trhed01,categorical,"asked, no answer(-1)",-1,"asked, no answer",TRUE,
703,K,trhed01,categorical,not mentioned(0),0,not mentioned,FALSE,
703,K,trhed01,categorical,mentioned(1),1,mentioned,FALSE,
703,K,trhed02a,categorical,no help(-2),-2,no help,TRUE,
703,K,trhed02a,categorical,"asked, no answer(-1)",-1,"asked, no answer",TRUE,
703,K,trhed02a,categorical,not mentioned(0),0,not mentioned,FALSE,
703,K,trhed02a,categorical,mentioned(1),1,mentioned,FALSE,
703,K,trhed02b,categorical,no help(-2),-2,no help,TRUE,
703,K,trhed02b,categorical,"asked, no answer(-1)",-1,"asked, no answer",TRUE,
703,K,trhed02b,categorical,not mentioned(0),0,not mentioned,FALSE,
703,K,trhed02b,categorical,mentioned(1),1,mentioned,FALSE,
703,K,trhed03,categorical,no help(-2),-2,no help,TRUE,
703,K,trhed03,categorical,"asked, no answer(-1)",-1,"asked, no answer",TRUE,
703,K,trhed03,categorical,not mentioned(0),0,not mentioned,FALSE,
703,K,trhed03,categorical,mentioned(1),1,mentioned,FALSE,
703,K,trhed04a,categorical,no help(-2),-2,no help,TRUE,
703,K,trhed04a,categorical,"asked, no answer(-1)",-1,"asked, no answer",TRUE,
703,K,trhed04a,categorical,not mentioned(0),0,not mentioned,FALSE,
703,K,trhed04a,categorical,mentioned(1),1,mentioned,FALSE,
703,K,trhed04b,categorical,no help(-2),-2,no help,TRUE,
703,K,trhed04b,categorical,"asked, no answer(-1)",-1,"asked, no answer",TRUE,
703,K,trhed04b,categorical,not mentioned(0),0,not mentioned,FALSE,
703,K,trhed04b,categorical,mentioned(1),1,mentioned,FALSE,
703,K,trhed05,categorical,no help(-2),-2,no help,TRUE,
703,K,trhed05,categorical,"asked, no answer(-1)",-1,"asked, no answer",TRUE,
703,K,trhed05,categorical,not mentioned(0),0,not mentioned,FALSE,
703,K,trhed05,categorical,mentioned(1),1,mentioned,FALSE,
703,K,trhed06a,categorical,no help(-2),-2,no help,TRUE,
703,K,trhed06a,categorical,"asked, no answer(-1)",-1,"asked, no answer",TRUE,
703,K,trhed06a,categorical,not mentioned(0),0,not mentioned,FALSE,
703,K,trhed06a,categorical,mentioned(1),1,mentioned,FALSE,
703,K,trhed06b,categorical,no help(-2),-2,no help,TRUE,
703,K,trhed06b,categorical,"asked, no answer(-1)",-1,"asked, no answer",TRUE,
703,K,trhed06b,categorical,not mentioned(0),0,not mentioned,FALSE,
703,K,trhed06b,categorical,mentioned(1),1,mentioned,FALSE,
703,K,trhed07,categorical,no help(-2),-2,no help,TRUE,
703,K,trhed07,categorical,"asked, no answer(-1)",-1,"asked, no answer",TRUE,
703,K,trhed07,categorical,not mentioned(0),0,not mentioned,FALSE,
703,K,trhed07,categorical,mentioned(1),1,mentioned,FALSE,
703,K,trhed08,categorical,no help(-2),-2,no help,TRUE,
703,K,trhed08,categorical,"asked, no answer(-1)",-1,"asked, no answer",TRUE,
703,K,trhed08,categorical,not mentioned(0),0,not mentioned,FALSE,
703,K,trhed08,categorical,mentioned(1),1,mentioned,FALSE,
703,K,trhed09,categorical,no help(-2),-2,no help,TRUE,
703,K,trhed09,categorical,"asked, no answer(-1)",-1,"asked, no answer",TRUE,
703,K,trhed09,categorical,not mentioned(0),0,not mentioned,FALSE,
703,K,trhed09,categorical,mentioned(1),1,mentioned,FALSE,
703,K,trhed10,categorical,no help(-2),-2,no help,TRUE,
703,K,trhed10,categorical,"asked, no answer(-1)",-1,"asked, no answer",TRUE,
703,K,trhed10,categorical,not mentioned(0),0,not mentioned,FALSE,
703,K,trhed10,categorical,mentioned(1),1,mentioned,FALSE,
703,K,trhed11,categorical,no help(-2),-2,no help,TRUE,
703,K,trhed11,categorical,"asked, no answer(-1)",-1,"asked, no answer",TRUE,
703,K,trhed11,categorical,not mentioned(0),0,not mentioned,FALSE,
703,K,trhed11,categorical,mentioned(1),1,mentioned,FALSE,
703,K,trhed12,categorical,no help(-2),-2,no help,TRUE,
703,K,trhed12,categorical,"asked, no answer(-1)",-1,"asked, no answer",TRUE,
703,K,trhed12,categorical,not mentioned(0),0,not mentioned,FALSE,
703,K,trhed12,categorical,mentioned(1),1,mentioned,FALSE,
703,K,trhenyn,binary,"asked, no answer(-1)",-1,"asked, no answer",TRUE,
703,K,trhenyn,binary,no(1),1,no,FALSE,
703,K,trhenyn,binary,yes(2),2,yes,FALSE,
703,K,trhen01,categorical,no help(-2),-2,no help,TRUE,
703,K,trhen01,categorical,"asked, no answer(-1)",-1,"asked, no answer",TRUE,
703,K,trhen01,categorical,not mentioned(0),0,not mentioned,FALSE,
703,K,trhen01,categorical,mentioned(1),1,mentioned,FALSE,
703,K,trhen02a,categorical,no help(-2),-2,no help,TRUE,
703,K,trhen02a,categorical,"asked, no answer(-1)",-1,"asked, no answer",TRUE,
703,K,trhen02a,categorical,not mentioned(0),0,not mentioned,FALSE,
703,K,trhen02a,categorical,mentioned(1),1,mentioned,FALSE,
703,K,trhen02b,categorical,no help(-2),-2,no help,TRUE,
703,K,trhen02b,categorical,"asked, no answer(-1)",-1,"asked, no answer",TRUE,
703,K,trhen02b,categorical,not mentioned(0),0,not mentioned,FALSE,
703,K,trhen02b,categorical,mentioned(1),1,mentioned,FALSE,
703,K,trhen03,categorical,no help(-2),-2,no help,TRUE,
703,K,trhen03,categorical,"asked, no answer(-1)",-1,"asked, no answer",TRUE,
703,K,trhen03,categorical,not mentioned(0),0,not mentioned,FALSE,
703,K,trhen03,categorical,mentioned(1),1,mentioned,FALSE,
703,K,trhen04a,categorical,no help(-2),-2,no help,TRUE,
703,K,trhen04a,categorical,"asked, no answer(-1)",-1,"asked, no answer",TRUE,
703,K,trhen04a,categorical,not mentioned(0),0,not mentioned,FALSE,
703,K,trhen04a,categorical,mentioned(1),1,mentioned,FALSE,
703,K,trhen04b,categorical,no help(-2),-2,no help,TRUE,
703,K,trhen04b,categorical,"asked, no answer(-1)",-1,"asked, no answer",TRUE,
703,K,trhen04b,categorical,not mentioned(0),0,not mentioned,FALSE,
703,K,trhen04b,categorical,mentioned(1),1,mentioned,FALSE,
703,K,trhen05,categorical,no help(-2),-2,no help,TRUE,
703,K,trhen05,categorical,"asked, no answer(-1)",-1,"asked, no answer",TRUE,
703,K,trhen05,categorical,not mentioned(0),0,not mentioned,FALSE,
703,K,trhen05,categorical,mentioned(1),1,mentioned,FALSE,
703,K,trhen06a,categorical,no help(-2),-2,no help,TRUE,
703,K,trhen06a,categorical,"asked, no answer(-1)",-1,"asked, no answer",TRUE,
703,K,trhen06a,categorical,not mentioned(0),0,not mentioned,FALSE,
703,K,trhen06a,categorical,mentioned(1),1,mentioned,FALSE,
703,K,trhen06b,categorical,no help(-2),-2,no help,TRUE,
703,K,trhen06b,categorical,"asked, no answer(-1)",-1,"asked, no answer",TRUE,
703,K,trhen06b,categorical,not mentioned(0),0,not mentioned,FALSE,
703,K,trhen06b,categorical,mentioned(1),1,mentioned,FALSE,
703,K,trhen07,categorical,no help(-2),-2,no help,TRUE,
703,K,trhen07,categorical,"asked, no answer(-1)",-1,"asked, no answer",TRUE,
703,K,trhen07,categorical,not mentioned(0),0,not mentioned,FALSE,
703,K,trhen07,categorical,mentioned(1),1,mentioned,FALSE,
703,K,trhen08,categorical,no help(-2),-2,no help,TRUE,
703,K,trhen08,categorical,"asked, no answer(-1)",-1,"asked, no answer",TRUE,
703,K,trhen08,categorical,not mentioned(0),0,not mentioned,FALSE,
703,K,trhen08,categorical,mentioned(1),1,mentioned,FALSE,
703,K,trhen09,categorical,no help(-2),-2,no help,TRUE,
703,K,trhen09,categorical,"asked, no answer(-1)",-1,"asked, no answer",TRUE,
703,K,trhen09,categorical,not mentioned(0),0,not mentioned,FALSE,
703,K,trhen09,categorical,mentioned(1),1,mentioned,FALSE,
703,K,trhen10,categorical,no help(-2),-2,no help,TRUE,
703,K,trhen10,categorical,"asked, no answer(-1)",-1,"asked, no answer",TRUE,
703,K,trhen10,categorical,not mentioned(0),0,not mentioned,FALSE,
703,K,trhen10,categorical,mentioned(1),1,mentioned,FALSE,
703,K,trhen11,categorical,no help(-2),-2,no help,TRUE,
703,K,trhen11,categorical,"asked, no answer(-1)",-1,"asked, no answer",TRUE,
703,K,trhen11,categorical,not mentioned(0),0,not mentioned,FALSE,
703,K,trhen11,categorical,mentioned(1),1,mentioned,FALSE,
703,K,trhen12,categorical,no help(-2),-2,no help,TRUE,
703,K,trhen12,categorical,"asked, no answer(-1)",-1,"asked, no answer",TRUE,
703,K,trhen12,categorical,not mentioned(0),0,not mentioned,FALSE,
703,K,trhen12,categorical,mentioned(1),1,mentioned,FALSE,
703,K,trhegyn,binary,"asked, no answer(-1)",-1,"asked, no answer",TRUE,
703,K,trhegyn,binary,no(1),1,no,FALSE,
703,K,trhegyn,binary,yes(2),2,yes,FALSE,
703,K,trheg01,categorical,no help(-2),-2,no help,TRUE,
703,K,trheg01,categorical,"asked, no answer(-1)",-1,"asked, no answer",TRUE,
703,K,trheg01,categorical,not mentioned(0),0,not mentioned,FALSE,
703,K,trheg01,categorical,mentioned(1),1,mentioned,FALSE,
703,K,trheg02a,categorical,no help(-2),-2,no help,TRUE,
703,K,trheg02a,categorical,"asked, no answer(-1)",-1,"asked, no answer",TRUE,
703,K,trheg02a,categorical,not mentioned(0),0,not mentioned,FALSE,
703,K,trheg02a,categorical,mentioned(1),1,mentioned,FALSE,
703,K,trheg02b,categorical,no help(-2),-2,no help,TRUE,
703,K,trheg02b,categorical,"asked, no answer(-1)",-1,"asked, no answer",TRUE,
703,K,trheg02b,categorical,not mentioned(0),0,not mentioned,FALSE,
703,K,trheg02b,categorical,mentioned(1),1,mentioned,FALSE,
703,K,trheg03,categorical,no help(-2),-2,no help,TRUE,
703,K,trheg03,categorical,"asked, no answer(-1)",-1,"asked, no answer",TRUE,
703,K,trheg03,categorical,not mentioned(0),0,not mentioned,FALSE,
703,K,trheg03,categorical,mentioned(1),1,mentioned,FALSE,
703,K,trheg04a,categorical,no help(-2),-2,no help,TRUE,
703,K,trheg04a,categorical,"asked, no answer(-1)",-1,"asked, no answer",TRUE,
703,K,trheg04a,categorical,not mentioned(0),0,not mentioned,FALSE,
703,K,trheg04a,categorical,mentioned(1),1,mentioned,FALSE,
703,K,trheg04b,categorical,no help(-2),-2,no help,TRUE,
703,K,trheg04b,categorical,"asked, no answer(-1)",-1,"asked, no answer",TRUE,
703,K,trheg04b,categorical,not mentioned(0),0,not mentioned,FALSE,
703,K,trheg04b,categorical,mentioned(1),1,mentioned,FALSE,
703,K,trheg05,categorical,no help(-2),-2,no help,TRUE,
703,K,trheg05,categorical,"asked, no answer(-1)",-1,"asked, no answer",TRUE,
703,K,trheg05,categorical,not mentioned(0),0,not mentioned,FALSE,
703,K,trheg05,categorical,mentioned(1),1,mentioned,FALSE,
703,K,trheg06a,categorical,no help(-2),-2,no help,TRUE,
703,K,trheg06a,categorical,"asked, no answer(-1)",-1,"asked, no answer",TRUE,
703,K,trheg06a,categorical,not mentioned(0),0,not mentioned,FALSE,
703,K,trheg06a,categorical,mentioned(1),1,mentioned,FALSE,
703,K,trheg06b,categorical,no help(-2),-2,no help,TRUE,
703,K,trheg06b,categorical,"asked, no answer(-1)",-1,"asked, no answer",TRUE,
703,K,trheg06b,categorical,not mentioned(0),0,not mentioned,FALSE,
703,K,trheg06b,categorical,mentioned(1),1,mentioned,FALSE,
703,K,trheg07,categorical,no help(-2),-2,no help,TRUE,
703,K,trheg07,categorical,"asked, no answer(-1)",-1,"asked, no answer",TRUE,
703,K,trheg07,categorical,not mentioned(0),0,not mentioned,FALSE,
703,K,trheg07,categorical,mentioned(1),1,mentioned,FALSE,
703,K,trheg08,categorical,no help(-2),-2,no help,TRUE,
703,K,trheg08,categorical,"asked, no answer(-1)",-1,"asked, no answer",TRUE,
703,K,trheg08,categorical,not mentioned(0),0,not mentioned,FALSE,
703,K,trheg08,categorical,mentioned(1),1,mentioned,FALSE,
703,K,trheg09,categorical,no help(-2),-2,no help,TRUE,
703,K,trheg09,categorical,"asked, no answer(-1)",-1,"asked, no answer",TRUE,
703,K,trheg09,categorical,not mentioned(0),0,not mentioned,FALSE,
703,K,trheg09,categorical,mentioned(1),1,mentioned,FALSE,
703,K,trheg10,categorical,no help(-2),-2,no help,TRUE,
703,K,trheg10,categorical,"asked, no answer(-1)",-1,"asked, no answer",TRUE,
703,K,trheg10,categorical,not mentioned(0),0,not mentioned,FALSE,
703,K,trheg10,categorical,mentioned(1),1,mentioned,FALSE,
703,K,trheg11,categorical,no help(-2),-2,no help,TRUE,
703,K,trheg11,categorical,"asked, no answer(-1)",-1,"asked, no answer",TRUE,
703,K,trheg11,categorical,not mentioned(0),0,not mentioned,FALSE,
703,K,trheg11,categorical,mentioned(1),1,mentioned,FALSE,
703,K,trheg12,categorical,no help(-2),-2,no help,TRUE,
703,K,trheg12,categorical,"asked, no answer(-1)",-1,"asked, no answer",TRUE,
703,K,trheg12,categorical,not mentioned(0),0,not mentioned,FALSE,
703,K,trheg12,categorical,mentioned(1),1,mentioned,FALSE,
703,K,trheayn,binary,"asked, no answer(-1)",-1,"asked, no answer",TRUE,
703,K,trheayn,binary,no(1),1,no,FALSE,
703,K,trheayn,binary,yes(2),2,yes,FALSE,
703,K,trhea01,categorical,no help(-2),-2,no help,TRUE,
703,K,trhea01,categorical,"asked, no answer(-1)",-1,"asked, no answer",TRUE,
703,K,trhea01,categorical,not mentioned(0),0,not mentioned,FALSE,
703,K,trhea01,categorical,mentioned(1),1,mentioned,FALSE,
703,K,trhea02a,categorical,no help(-2),-2,no help,TRUE,
703,K,trhea02a,categorical,"asked, no answer(-1)",-1,"asked, no answer",TRUE,
703,K,trhea02a,categorical,not mentioned(0),0,not mentioned,FALSE,
703,K,trhea02a,categorical,mentioned(1),1,mentioned,FALSE,
703,K,trhea02b,categorical,no help(-2),-2,no help,TRUE,
703,K,trhea02b,categorical,"asked, no answer(-1)",-1,"asked, no answer",TRUE,
703,K,trhea02b,categorical,not mentioned(0),0,not mentioned,FALSE,
703,K,trhea02b,categorical,mentioned(1),1,mentioned,FALSE,
703,K,trhea03,categorical,no help(-2),-2,no help,TRUE,
703,K,trhea03,categorical,"asked, no answer(-1)",-1,"asked, no answer",TRUE,
703,K,trhea03,categorical,not mentioned(0),0,not mentioned,FALSE,
703,K,trhea03,categorical,mentioned(1),1,mentioned,FALSE,
703,K,trhea04a,categorical,no help(-2),-2,no help,TRUE,
703,K,trhea04a,categorical,"asked, no answer(-1)",-1,"asked, no answer",TRUE,
703,K,trhea04a,categorical,not mentioned(0),0,not mentioned,FALSE,
703,K,trhea04a,categorical,mentioned(1),1,mentioned,FALSE,
703,K,trhea04b,categorical,no help(-2),-2,no help,TRUE,
703,K,trhea04b,categorical,"asked, no answer(-1)",-1,"asked, no answer",TRUE,
703,K,trhea04b,categorical,not mentioned(0),0,not mentioned,FALSE,
703,K,trhea04b,categorical,mentioned(1),1,mentioned,FALSE,
703,K,trhea05,categorical,no help(-2),-2,no help,TRUE,
703,K,trhea05,categorical,"asked, no answer(-1)",-1,"asked, no answer",TRUE,
703,K,trhea05,categorical,not mentioned(0),0,not mentioned,FALSE,
703,K,trhea05,categorical,mentioned(1),1,mentioned,FALSE,
703,K,trhea06a,categorical,no help(-2),-2,no help,TRUE,
703,K,trhea06a,categorical,"asked, no answer(-1)",-1,"asked, no answer",TRUE,
703,K,trhea06a,categorical,not mentioned(0),0,not mentioned,FALSE,
703,K,trhea06a,categorical,mentioned(1),1,mentioned,FALSE,
703,K,trhea06b,categorical,no help(-2),-2,no help,TRUE,
703,K,trhea06b,categorical,"asked, no answer(-1)",-1,"asked, no answer",TRUE,
703,K,trhea06b,categorical,not mentioned(0),0,not mentioned,FALSE,
703,K,trhea06b,categorical,mentioned(1),1,mentioned,FALSE,
703,K,trhea07,categorical,no help(-2),-2,no help,TRUE,
703,K,trhea07,categorical,"asked, no answer(-1)",-1,"asked, no answer",TRUE,
703,K,trhea07,categorical,not mentioned(0),0,not mentioned,FALSE,
703,K,trhea07,categorical,mentioned(1),1,mentioned,FALSE,
703,K,trhea08,categorical,no help(-2),-2,no help,TRUE,
703,K,trhea08,categorical,"asked, no answer(-1)",-1,"asked, no answer",TRUE,
703,K,trhea08,categorical,not mentioned(0),0,not mentioned,FALSE,
703,K,trhea08,categorical,mentioned(1),1,mentioned,FALSE,
703,K,trhea09,categorical,no help(-2),-2,no help,TRUE,
703,K,trhea09,categorical,"asked, no answer(-1)",-1,"asked, no answer",TRUE,
703,K,trhea09,categorical,not mentioned(0),0,not mentioned,FALSE,
703,K,trhea09,categorical,mentioned(1),1,mentioned,FALSE,
703,K,trhea10,categorical,no help(-2),-2,no help,TRUE,
703,K,trhea10,categorical,"asked, no answer(-1)",-1,"asked, no answer",TRUE,
703,K,trhea10,categorical,not mentioned(0),0,not mentioned,FALSE,
703,K,trhea10,categorical,mentioned(1),1,mentioned,FALSE,
703,K,trhea11,categorical,no help(-2),-2,no help,TRUE,
703,K,trhea11,categorical,"asked, no answer(-1)",-1,"asked, no answer",TRUE,
703,K,trhea11,categorical,not mentioned(0),0,not mentioned,FALSE,
703,K,trhea11,categorical,mentioned(1),1,mentioned,FALSE,
703,K,trhea12,categorical,no help(-2),-2,no help,TRUE,
703,K,trhea12,categorical,"asked, no answer(-1)",-1,"asked, no answer",TRUE,
703,K,trhea12,categorical,not mentioned(0),0,not mentioned,FALSE,
703,K,trhea12,categorical,mentioned(1),1,mentioned,FALSE,
703,K,trsuffic,ordinal,"asked, no answer(-1)",-1,"asked, no answer",TRUE,
703,K,trsuffic,ordinal,insufficient(1),1,insufficient,FALSE,
703,K,trsuffic,ordinal,in between insufficient/sufficient(2),2,in between insufficient/sufficient,FALSE,
703,K,trsuffic,ordinal,sufficient(3),3,sufficient,FALSE,
703,K,trstic1,binary,"na, asked / does not know(-1)",-1,"na, asked / does not know",TRUE,
703,K,trstic1,binary,no(1),1,no,FALSE,
703,K,trstic1,binary,yes(2),2,yes,FALSE,
703,K,trerh,binary,"na, asked / does not know(-1)",-1,"na, asked / does not know",TRUE,
703,K,trerh,binary,no(1),1,no,FALSE,
703,K,trerh,binary,yes(2),2,yes,FALSE,
703,K,trhosp,binary,"na, asked / does not know(-1)",-1,"na, asked / does not know",TRUE,
703,K,trhosp,binary,no(1),1,no,FALSE,
703,K,trhosp,binary,yes(2),2,yes,FALSE,
703,K,trmeds,binary,"na, asked / does not know(-1)",-1,"na, asked / does not know",TRUE,
703,K,trmeds,binary,no(1),1,no,FALSE,
703,K,trmeds,binary,yes(2),2,yes,FALSE,
703,K,trpsyh,binary,"na, asked / does not know(-1)",-1,"na, asked / does not know",TRUE,
703,K,trpsyh,binary,no(1),1,no,FALSE,
703,K,trpsyh,binary,yes(2),2,yes,FALSE,
703,K,trpsyc,binary,"na, asked / does not know(-1)",-1,"na, asked / does not know",TRUE,
703,K,trpsyc,binary,no(1),1,no,FALSE,
703,K,trpsyc,binary,yes(2),2,yes,FALSE,
703,K,trpha1,categorical,"asked, no answer(-1)",-1,"asked, no answer",TRUE,
703,K,trpha1,categorical,respondent bedridden(1),1,respondent bedridden,FALSE,
703,K,trpha1,categorical,R in wheelchair(2),2,R in wheelchair,FALSE,
703,K,trpha1,categorical,R with walking aid(3),3,R with walking aid,FALSE,
703,K,trpha1,categorical,"not 1, 2 or 3(4)",4,"not 1, 2 or 3",FALSE,
703,K,tradl1a,ordinal,"na, see KTRPHA1(-2)",-2,"na, see KTRPHA1",TRUE,
703,K,tradl1a,ordinal,"asked, no answer / does not know(-1)",-1,"asked, no answer / does not know",TRUE,
703,K,tradl1a,ordinal,"no, R cannot(1)",1,"no, R cannot",FALSE,
703,K,tradl1a,ordinal,"yes, without difficulty(2)",2,"yes, without difficulty",FALSE,
703,K,tradl1a,ordinal,"yes, with some difficulty(3)",3,"yes, with some difficulty",FALSE,
703,K,tradl1a,ordinal,"yes, with much difficulty(4)",4,"yes, with much difficulty",FALSE,
703,K,tradl1a,ordinal,only with help(5),5,only with help,FALSE,
703,K,tradl2a,ordinal,"na, see KTRPHA1(-2)",-2,"na, see KTRPHA1",TRUE,
703,K,tradl2a,ordinal,"asked, no answer / does not know(-1)",-1,"asked, no answer / does not know",TRUE,
703,K,tradl2a,ordinal,"no, R cannot(1)",1,"no, R cannot",FALSE,
703,K,tradl2a,ordinal,"yes, without difficulty(2)",2,"yes, without difficulty",FALSE,
703,K,tradl2a,ordinal,"yes, with some difficulty(3)",3,"yes, with some difficulty",FALSE,
703,K,tradl2a,ordinal,"yes, with much difficulty(4)",4,"yes, with much difficulty",FALSE,
703,K,tradl2a,ordinal,only with help(5),5,only with help,FALSE,
703,K,tradl3a,ordinal,"na, see KTRPHA1(-2)",-2,"na, see KTRPHA1",TRUE,
703,K,tradl3a,ordinal,"asked, no answer / does not know(-1)",-1,"asked, no answer / does not know",TRUE,
703,K,tradl3a,ordinal,"no, R cannot(1)",1,"no, R cannot",FALSE,
703,K,tradl3a,ordinal,"yes, without difficulty(2)",2,"yes, without difficulty",FALSE,
703,K,tradl3a,ordinal,"yes, with some difficulty(3)",3,"yes, with some difficulty",FALSE,
703,K,tradl3a,ordinal,"yes, with much difficulty(4)",4,"yes, with much difficulty",FALSE,
703,K,tradl3a,ordinal,only with help(5),5,only with help,FALSE,
703,K,tradl4a,ordinal,"na, see KTRPHA1(-2)",-2,"na, see KTRPHA1",TRUE,
703,K,tradl4a,ordinal,"asked, no answer / does not know(-1)",-1,"asked, no answer / does not know",TRUE,
703,K,tradl4a,ordinal,"no, R cannot(1)",1,"no, R cannot",FALSE,
703,K,tradl4a,ordinal,"yes, without difficulty(2)",2,"yes, without difficulty",FALSE,
703,K,tradl4a,ordinal,"yes, with some difficulty(3)",3,"yes, with some difficulty",FALSE,
703,K,tradl4a,ordinal,"yes, with much difficulty(4)",4,"yes, with much difficulty",FALSE,
703,K,tradl4a,ordinal,only with help(5),5,only with help,FALSE,
703,K,tradl5a,ordinal,"na, see KTRPHA1(-2)",-2,"na, see KTRPHA1",TRUE,
703,K,tradl5a,ordinal,"asked, no answer / does not know(-1)",-1,"asked, no answer / does not know",TRUE,
703,K,tradl5a,ordinal,"no, R cannot(1)",1,"no, R cannot",FALSE,
703,K,tradl5a,ordinal,"yes, without difficulty(2)",2,"yes, without difficulty",FALSE,
703,K,tradl5a,ordinal,"yes, with some difficulty(3)",3,"yes, with some difficulty",FALSE,
703,K,tradl5a,ordinal,"yes, with much difficulty(4)",4,"yes, with much difficulty",FALSE,
703,K,tradl5a,ordinal,only with help(5),5,only with help,FALSE,
703,K,tradl6a,ordinal,"na, see KTRPHA1(-2)",-2,"na, see KTRPHA1",TRUE,
703,K,tradl6a,ordinal,"asked, no answer / does not know(-1)",-1,"asked, no answer / does not know",TRUE,
703,K,tradl6a,ordinal,"no, R cannot(1)",1,"no, R cannot",FALSE,
703,K,tradl6a,ordinal,"yes, without difficulty(2)",2,"yes, without difficulty",FALSE,
703,K,tradl6a,ordinal,"yes, with some difficulty(3)",3,"yes, with some difficulty",FALSE,
703,K,tradl6a,ordinal,"yes, with much difficulty(4)",4,"yes, with much difficulty",FALSE,
703,K,tradl6a,ordinal,only with help(5),5,only with help,FALSE,
703,K,tradl7a,ordinal,"na, see KTRPHA1(-2)",-2,"na, see KTRPHA1",TRUE,
703,K,tradl7a,ordinal,"asked, no answer / does not know(-1)",-1,"asked, no answer / does not know",TRUE,
703,K,tradl7a,ordinal,"no, R cannot(1)",1,"no, R cannot",FALSE,
703,K,tradl7a,ordinal,"yes, without difficulty(2)",2,"yes, without difficulty",FALSE,
703,K,tradl7a,ordinal,"yes, with some difficulty(3)",3,"yes, with some difficulty",FALSE,
703,K,tradl7a,ordinal,"yes, with much difficulty(4)",4,"yes, with much difficulty",FALSE,
703,K,tradl7a,ordinal,only with help(5),5,only with help,FALSE,
703,K,trflwdiff,ordinal,"na, see KTRPHA1(-2)",-2,"na, see KTRPHA1",TRUE,
703,K,trflwdiff,ordinal,no valid data(-1),-1,no valid data,TRUE,
703,K,trflwdiff,ordinal,no difficulties(0),0,no difficulties,FALSE,
703,K,trflwdiff,ordinal,2 without difficulty(1),1,2 without difficulty,FALSE,
703,K,trflwdiff,ordinal,1 without difficulty(2),2,1 without difficulty,FALSE,
703,K,trflwdiff,ordinal,all with difficulty(3),3,all with difficulty,FALSE,
703,K,trflwd#6,ordinal,"na, see KTRPHA1(-2)",-2,"na, see KTRPHA1",TRUE,
703,K,trflwd#6,ordinal,no valid data(-1),-1,no valid data,TRUE,
703,K,trflwd#6,ordinal,no difficulties(0),0,no difficulties,FALSE,
703,K,trflwd#6,ordinal,5 without difficulty(1),1,5 without difficulty,FALSE,
703,K,trflwd#6,ordinal,4 without difficulty(2),2,4 without difficulty,FALSE,
703,K,trflwd#6,ordinal,3 without difficulty(3),3,3 without difficulty,FALSE,
703,K,trflwd#6,ordinal,2 without difficulty(4),4,2 without difficulty,FALSE,
703,K,trflwd#6,ordinal,1 without difficulty(5),5,1 without difficulty,FALSE,
703,K,trflwd#6,ordinal,all with difficulty(6),6,all with difficulty,FALSE,
703,K,trflwd#7,ordinal,"na, see KTRPHA1(-2)",-2,"na, see KTRPHA1",TRUE,
703,K,trflwd#7,ordinal,no valid data(-1),-1,no valid data,TRUE,
703,K,trflwd#7,ordinal,no difficulties(0),0,no difficulties,FALSE,
703,K,trflwd#7,ordinal,6 without difficulty(1),1,6 without difficulty,FALSE,
703,K,trflwd#7,ordinal,5 without difficulty(2),2,5 without difficulty,FALSE,
703,K,trflwd#7,ordinal,4 without difficulty(3),3,4 without difficulty,FALSE,
703,K,trflwd#7,ordinal,3 without difficulty(4),4,3 without difficulty,FALSE,
703,K,trflwd#7,ordinal,2 without difficulty(5),5,2 without difficulty,FALSE,
703,K,trflwd#7,ordinal,1 without difficulty(6),6,1 without difficulty,FALSE,
703,K,trflwd#7,ordinal,all with difficulty(7),7,all with difficulty,FALSE,
703,Z,tradl1a,ordinal,-2,-2,"na, see TRPHA1",TRUE,
703,Z,tradl1a,ordinal,-1,-1,not available after question asked,TRUE,"Cross-wave coding conflict: -1 differs for C/D/E/F/G (asked, no answer), H/I/J/K (asked, no answer / does not know)"
703,Z,tradl1a,ordinal,1,1,"no, R cannot",FALSE,
703,Z,tradl1a,ordinal,2,2,"yes, without difficulty",FALSE,
703,Z,tradl1a,ordinal,3,3,"yes, with some difficulty",FALSE,
703,Z,tradl1a,ordinal,4,4,"yes, with much difficulty",FALSE,
703,Z,tradl1a,ordinal,5,5,only with help,FALSE,
703,Z,tradl2a,ordinal,-2,-2,"na, see TRPHA1",TRUE,
703,Z,tradl2a,ordinal,-1,-1,not available after question asked,TRUE,"Cross-wave coding conflict: -1 differs for C/D/E/F/G (asked, no answer), H/I/J/K (asked, no answer / does not know)"
703,Z,tradl2a,ordinal,1,1,"no, R cannot",FALSE,
703,Z,tradl2a,ordinal,2,2,"yes, without difficulty",FALSE,
703,Z,tradl2a,ordinal,3,3,"yes, with some difficulty",FALSE,
703,Z,tradl2a,ordinal,4,4,"yes, with much difficulty",FALSE,
703,Z,tradl2a,ordinal,5,5,only with help,FALSE,
703,Z,tradl3a,ordinal,-2,-2,"na, see TRPHA1",TRUE,
703,Z,tradl3a,ordinal,-1,-1,not available after question asked,TRUE,"Cross-wave coding conflict: -1 differs for C/D/E/F/G (asked, no answer), H/I/J/K (asked, no answer / does not know)"
703,Z,tradl3a,ordinal,1,1,"no, R cannot",FALSE,
703,Z,tradl3a,ordinal,2,2,"yes, without difficulty",FALSE,
703,Z,tradl3a,ordinal,3,3,"yes, with some difficulty",FALSE,
703,Z,tradl3a,ordinal,4,4,"yes, with much difficulty",FALSE,
703,Z,tradl3a,ordinal,5,5,only with help,FALSE,
703,Z,tradl4a,ordinal,-2,-2,"na, see TRPHA1",TRUE,
703,Z,tradl4a,ordinal,-1,-1,not available after question asked,TRUE,"Cross-wave coding conflict: -1 differs for C/D/E/F/G (asked, no answer), H/I/J/K (asked, no answer / does not know)"
703,Z,tradl4a,ordinal,1,1,"no, R cannot",FALSE,
703,Z,tradl4a,ordinal,2,2,"yes, without difficulty",FALSE,
703,Z,tradl4a,ordinal,3,3,"yes, with some difficulty",FALSE,
703,Z,tradl4a,ordinal,4,4,"yes, with much difficulty",FALSE,
703,Z,tradl4a,ordinal,5,5,only with help,FALSE,
703,Z,tradl5a,ordinal,-2,-2,"na, see TRPHA1",TRUE,
703,Z,tradl5a,ordinal,-1,-1,not available after question asked,TRUE,"Cross-wave coding conflict: -1 differs for C/D/E/F/G (asked, no answer), H/I/J/K (asked, no answer / does not know)"
703,Z,tradl5a,ordinal,1,1,"no, R cannot",FALSE,
703,Z,tradl5a,ordinal,2,2,"yes, without difficulty",FALSE,
703,Z,tradl5a,ordinal,3,3,"yes, with some difficulty",FALSE,
703,Z,tradl5a,ordinal,4,4,"yes, with much difficulty",FALSE,
703,Z,tradl5a,ordinal,5,5,only with help,FALSE,
703,Z,tradl6a,ordinal,-2,-2,"na, see TRPHA1",TRUE,
703,Z,tradl6a,ordinal,-1,-1,not available after question asked,TRUE,"Cross-wave coding conflict: -1 differs for C/D/E/F/G (asked, no answer), H/I/J/K (asked, no answer / does not know)"
703,Z,tradl6a,ordinal,1,1,"no, R cannot",FALSE,
703,Z,tradl6a,ordinal,2,2,"yes, without difficulty",FALSE,
703,Z,tradl6a,ordinal,3,3,"yes, with some difficulty",FALSE,
703,Z,tradl6a,ordinal,4,4,"yes, with much difficulty",FALSE,
703,Z,tradl6a,ordinal,5,5,only with help,FALSE,
703,Z,tradl7a,ordinal,-2,-2,"na, see TRPHA1",TRUE,
703,Z,tradl7a,ordinal,-1,-1,not available after question asked,TRUE,
703,Z,tradl7a,ordinal,1,1,"no, R cannot",FALSE,
703,Z,tradl7a,ordinal,2,2,"yes, without difficulty",FALSE,
703,Z,tradl7a,ordinal,3,3,"yes, with some difficulty",FALSE,
703,Z,tradl7a,ordinal,4,4,"yes, with much difficulty",FALSE,
703,Z,tradl7a,ordinal,5,5,only with help,FALSE,
703,Z,trerh,binary,-1,-1,"na, asked / does not know",TRUE,
703,Z,trerh,binary,1,1,no,FALSE,
703,Z,trerh,binary,2,2,yes,FALSE,
703,Z,trflwd#6,ordinal,-2,-2,"na, see TRPHA1",TRUE,
703,Z,trflwd#6,ordinal,-1,-1,no valid data,TRUE,
703,Z,trflwd#6,ordinal,0,0,no difficulties,FALSE,
703,Z,trflwd#6,ordinal,1,1,5 without difficulty,FALSE,
703,Z,trflwd#6,ordinal,2,2,4 without difficulty,FALSE,
703,Z,trflwd#6,ordinal,3,3,3 without difficulty,FALSE,
703,Z,trflwd#6,ordinal,4,4,2 without difficulty,FALSE,
703,Z,trflwd#6,ordinal,5,5,1 without difficulty,FALSE,
703,Z,trflwd#6,ordinal,6,6,all with difficulty,FALSE,
703,Z,trflwd#7,ordinal,-2,-2,"na, see TRPHA1",TRUE,
703,Z,trflwd#7,ordinal,-1,-1,no valid data,TRUE,
703,Z,trflwd#7,ordinal,0,0,no difficulties,FALSE,
703,Z,trflwd#7,ordinal,1,1,6 without difficulty,FALSE,
703,Z,trflwd#7,ordinal,2,2,5 without difficulty,FALSE,
703,Z,trflwd#7,ordinal,3,3,4 without difficulty,FALSE,
703,Z,trflwd#7,ordinal,4,4,3 without difficulty,FALSE,
703,Z,trflwd#7,ordinal,5,5,2 without difficulty,FALSE,
703,Z,trflwd#7,ordinal,6,6,1 without difficulty,FALSE,
703,Z,trflwd#7,ordinal,7,7,all with difficulty,FALSE,
703,Z,trflwdiff,ordinal,-2,-2,"na, see TRPHA1",TRUE,
703,Z,trflwdiff,ordinal,-1,-1,no valid data,TRUE,
703,Z,trflwdiff,ordinal,0,0,no difficulties,FALSE,
703,Z,trflwdiff,ordinal,1,1,2 without difficulty,FALSE,
703,Z,trflwdiff,ordinal,2,2,1 without difficulty,FALSE,
703,Z,trflwdiff,ordinal,3,3,all with difficulty,FALSE,
703,Z,trhea01,categorical,-2,-2,no help,TRUE,
703,Z,trhea01,categorical,-1,-1,"asked, no answer",TRUE,
703,Z,trhea01,categorical,0,0,not mentioned,FALSE,
703,Z,trhea01,categorical,1,1,mentioned,FALSE,
703,Z,trhea02,categorical,-2,-2,no help,TRUE,
703,Z,trhea02,categorical,-1,-1,"asked, no answer",TRUE,
703,Z,trhea02,categorical,0,0,not mentioned,FALSE,
703,Z,trhea02,categorical,1,1,mentioned,FALSE,
703,Z,trhea02a,categorical,-2,-2,no help,TRUE,
703,Z,trhea02a,categorical,-1,-1,"asked, no answer",TRUE,
703,Z,trhea02a,categorical,0,0,not mentioned,FALSE,
703,Z,trhea02a,categorical,1,1,mentioned,FALSE,
703,Z,trhea02b,categorical,-2,-2,no help,TRUE,
703,Z,trhea02b,categorical,-1,-1,"asked, no answer",TRUE,
703,Z,trhea02b,categorical,0,0,not mentioned,FALSE,
703,Z,trhea02b,categorical,1,1,mentioned,FALSE,
703,Z,trhea03,categorical,-2,-2,no help,TRUE,
703,Z,trhea03,categorical,-1,-1,"asked, no answer",TRUE,
703,Z,trhea03,categorical,0,0,not mentioned,FALSE,
703,Z,trhea03,categorical,1,1,mentioned,FALSE,
703,Z,trhea04,categorical,-2,-2,no help,TRUE,
703,Z,trhea04,categorical,-1,-1,"asked, no answer",TRUE,
703,Z,trhea04,categorical,0,0,not mentioned,FALSE,
703,Z,trhea04,categorical,1,1,mentioned,FALSE,
703,Z,trhea04a,categorical,-2,-2,no help,TRUE,
703,Z,trhea04a,categorical,-1,-1,"asked, no answer",TRUE,
703,Z,trhea04a,categorical,0,0,not mentioned,FALSE,
703,Z,trhea04a,categorical,1,1,mentioned,FALSE,
703,Z,trhea04b,categorical,-2,-2,no help,TRUE,
703,Z,trhea04b,categorical,-1,-1,"asked, no answer",TRUE,
703,Z,trhea04b,categorical,0,0,not mentioned,FALSE,
703,Z,trhea04b,categorical,1,1,mentioned,FALSE,
703,Z,trhea05,categorical,-2,-2,no help,TRUE,
703,Z,trhea05,categorical,-1,-1,"asked, no answer",TRUE,
703,Z,trhea05,categorical,0,0,not mentioned,FALSE,
703,Z,trhea05,categorical,1,1,mentioned,FALSE,
703,Z,trhea06,categorical,-2,-2,no help,TRUE,
703,Z,trhea06,categorical,-1,-1,"asked, no answer",TRUE,
703,Z,trhea06,categorical,0,0,not mentioned,FALSE,
703,Z,trhea06,categorical,1,1,mentioned,FALSE,
703,Z,trhea06a,categorical,-2,-2,no help,TRUE,
703,Z,trhea06a,categorical,-1,-1,"asked, no answer",TRUE,
703,Z,trhea06a,categorical,0,0,not mentioned,FALSE,
703,Z,trhea06a,categorical,1,1,mentioned,FALSE,
703,Z,trhea06b,categorical,-2,-2,no help,TRUE,
703,Z,trhea06b,categorical,-1,-1,"asked, no answer",TRUE,
703,Z,trhea06b,categorical,0,0,not mentioned,FALSE,
703,Z,trhea06b,categorical,1,1,mentioned,FALSE,
703,Z,trhea07,categorical,-2,-2,no help,TRUE,
703,Z,trhea07,categorical,-1,-1,"asked, no answer",TRUE,
703,Z,trhea07,categorical,0,0,not mentioned,FALSE,
703,Z,trhea07,categorical,1,1,mentioned,FALSE,
703,Z,trhea08,categorical,-2,-2,no help,TRUE,
703,Z,trhea08,categorical,-1,-1,"asked, no answer",TRUE,
703,Z,trhea08,categorical,0,0,not mentioned,FALSE,
703,Z,trhea08,categorical,1,1,mentioned,FALSE,
703,Z,trhea09,categorical,-2,-2,no help,TRUE,
703,Z,trhea09,categorical,-1,-1,"asked, no answer",TRUE,
703,Z,trhea09,categorical,0,0,not mentioned,FALSE,
703,Z,trhea09,categorical,1,1,mentioned,FALSE,
703,Z,trhea10,categorical,-2,-2,no help,TRUE,
703,Z,trhea10,categorical,-1,-1,"asked, no answer",TRUE,
703,Z,trhea10,categorical,0,0,not mentioned,FALSE,
703,Z,trhea10,categorical,1,1,mentioned,FALSE,
703,Z,trhea11,categorical,-2,-2,no help,TRUE,
703,Z,trhea11,categorical,-1,-1,"asked, no answer",TRUE,
703,Z,trhea11,categorical,0,0,not mentioned,FALSE,
703,Z,trhea11,categorical,1,1,mentioned,FALSE,
703,Z,trhea12,categorical,-2,-2,no help,TRUE,
703,Z,trhea12,categorical,-1,-1,"asked, no answer",TRUE,
703,Z,trhea12,categorical,0,0,not mentioned,FALSE,
703,Z,trhea12,categorical,1,1,mentioned,FALSE,
703,Z,trheal1,ordinal,-1,-1,"asked, no answer",TRUE,
703,Z,trheal1,ordinal,1,1,no,FALSE,
703,Z,trheal1,ordinal,2,2,"yes, severely",FALSE,
703,Z,trheal1,ordinal,3,3,"yes, slightly",FALSE,
703,Z,trheal1,ordinal,4,4,R does not know / refused to answer,FALSE,
703,Z,trheal2,ordinal,-2,-2,"na, see TRHEAL1",TRUE,
703,Z,trheal2,ordinal,-1,-1,"asked, no answer",TRUE,
703,Z,trheal2,ordinal,1,1,> 3 months,FALSE,
703,Z,trheal2,ordinal,2,2,< 3 months,FALSE,
703,Z,trheal2,ordinal,3,3,R does not know / refused to answer,FALSE,
703,Z,trheayn,binary,-1,-1,"asked, no answer",TRUE,
703,Z,trheayn,binary,1,1,no,FALSE,
703,Z,trheayn,binary,2,2,yes,FALSE,
703,Z,trhed01,categorical,-2,-2,no help,TRUE,
703,Z,trhed01,categorical,-1,-1,"asked, no answer",TRUE,
703,Z,trhed01,categorical,0,0,not mentioned,FALSE,
703,Z,trhed01,categorical,1,1,mentioned,FALSE,
703,Z,trhed02,categorical,-2,-2,no help,TRUE,
703,Z,trhed02,categorical,-1,-1,"asked, no answer",TRUE,
703,Z,trhed02,categorical,0,0,not mentioned,FALSE,
703,Z,trhed02,categorical,1,1,mentioned,FALSE,
703,Z,trhed02a,categorical,-2,-2,no help,TRUE,
703,Z,trhed02a,categorical,-1,-1,"asked, no answer",TRUE,
703,Z,trhed02a,categorical,0,0,not mentioned,FALSE,
703,Z,trhed02a,categorical,1,1,mentioned,FALSE,
703,Z,trhed02b,categorical,-2,-2,no help,TRUE,
703,Z,trhed02b,categorical,-1,-1,"asked, no answer",TRUE,
703,Z,trhed02b,categorical,0,0,not mentioned,FALSE,
703,Z,trhed02b,categorical,1,1,mentioned,FALSE,
703,Z,trhed03,categorical,-2,-2,no help,TRUE,
703,Z,trhed03,categorical,-1,-1,"asked, no answer",TRUE,
703,Z,trhed03,categorical,0,0,not mentioned,FALSE,
703,Z,trhed03,categorical,1,1,mentioned,FALSE,
703,Z,trhed04,categorical,-2,-2,no help,TRUE,
703,Z,trhed04,categorical,-1,-1,"asked, no answer",TRUE,
703,Z,trhed04,categorical,0,0,not mentioned,FALSE,
703,Z,trhed04,categorical,1,1,mentioned,FALSE,
703,Z,trhed04a,categorical,-2,-2,no help,TRUE,
703,Z,trhed04a,categorical,-1,-1,"asked, no answer",TRUE,
703,Z,trhed04a,categorical,0,0,not mentioned,FALSE,
703,Z,trhed04a,categorical,1,1,mentioned,FALSE,
703,Z,trhed04b,categorical,-2,-2,no help,TRUE,
703,Z,trhed04b,categorical,-1,-1,"asked, no answer",TRUE,
703,Z,trhed04b,categorical,0,0,not mentioned,FALSE,
703,Z,trhed04b,categorical,1,1,mentioned,FALSE,
703,Z,trhed05,categorical,-2,-2,no help,TRUE,
703,Z,trhed05,categorical,-1,-1,"asked, no answer",TRUE,
703,Z,trhed05,categorical,0,0,not mentioned,FALSE,
703,Z,trhed05,categorical,1,1,mentioned,FALSE,
703,Z,trhed06,categorical,-2,-2,no help,TRUE,
703,Z,trhed06,categorical,-1,-1,"asked, no answer",TRUE,
703,Z,trhed06,categorical,0,0,not mentioned,FALSE,
703,Z,trhed06,categorical,1,1,mentioned,FALSE,
703,Z,trhed06a,categorical,-2,-2,no help,TRUE,
703,Z,trhed06a,categorical,-1,-1,"asked, no answer",TRUE,
703,Z,trhed06a,categorical,0,0,not mentioned,FALSE,
703,Z,trhed06a,categorical,1,1,mentioned,FALSE,
703,Z,trhed06b,categorical,-2,-2,no help,TRUE,
703,Z,trhed06b,categorical,-1,-1,"asked, no answer",TRUE,
703,Z,trhed06b,categorical,0,0,not mentioned,FALSE,
703,Z,trhed06b,categorical,1,1,mentioned,FALSE,
703,Z,trhed07,categorical,-2,-2,no help,TRUE,
703,Z,trhed07,categorical,-1,-1,"asked, no answer",TRUE,
703,Z,trhed07,categorical,0,0,not mentioned,FALSE,
703,Z,trhed07,categorical,1,1,mentioned,FALSE,
703,Z,trhed08,categorical,-2,-2,no help,TRUE,
703,Z,trhed08,categorical,-1,-1,"asked, no answer",TRUE,
703,Z,trhed08,categorical,0,0,not mentioned,FALSE,
703,Z,trhed08,categorical,1,1,mentioned,FALSE,
703,Z,trhed09,categorical,-2,-2,no help,TRUE,
703,Z,trhed09,categorical,-1,-1,"asked, no answer",TRUE,
703,Z,trhed09,categorical,0,0,not mentioned,FALSE,
703,Z,trhed09,categorical,1,1,mentioned,FALSE,
703,Z,trhed10,categorical,-2,-2,no help,TRUE,
703,Z,trhed10,categorical,-1,-1,"asked, no answer",TRUE,
703,Z,trhed10,categorical,0,0,not mentioned,FALSE,
703,Z,trhed10,categorical,1,1,mentioned,FALSE,
703,Z,trhed11,categorical,-2,-2,no help,TRUE,
703,Z,trhed11,categorical,-1,-1,"asked, no answer",TRUE,
703,Z,trhed11,categorical,0,0,not mentioned,FALSE,
703,Z,trhed11,categorical,1,1,mentioned,FALSE,
703,Z,trhed12,categorical,-2,-2,no help,TRUE,
703,Z,trhed12,categorical,-1,-1,"asked, no answer",TRUE,
703,Z,trhed12,categorical,0,0,not mentioned,FALSE,
703,Z,trhed12,categorical,1,1,mentioned,FALSE,
703,Z,trhedyn,binary,-1,-1,"asked, no answer",TRUE,
703,Z,trhedyn,binary,1,1,no,FALSE,
703,Z,trhedyn,binary,2,2,yes,FALSE,
703,Z,trheg01,categorical,-2,-2,no help,TRUE,
703,Z,trheg01,categorical,-1,-1,"asked, no answer",TRUE,
703,Z,trheg01,categorical,0,0,not mentioned,FALSE,
703,Z,trheg01,categorical,1,1,mentioned,FALSE,
703,Z,trheg02,categorical,-2,-2,no help,TRUE,
703,Z,trheg02,categorical,-1,-1,"asked, no answer",TRUE,
703,Z,trheg02,categorical,0,0,not mentioned,FALSE,
703,Z,trheg02,categorical,1,1,mentioned,FALSE,
703,Z,trheg02a,categorical,-2,-2,no help,TRUE,
703,Z,trheg02a,categorical,-1,-1,"asked, no answer",TRUE,
703,Z,trheg02a,categorical,0,0,not mentioned,FALSE,
703,Z,trheg02a,categorical,1,1,mentioned,FALSE,
703,Z,trheg02b,categorical,-2,-2,no help,TRUE,
703,Z,trheg02b,categorical,-1,-1,"asked, no answer",TRUE,
703,Z,trheg02b,categorical,0,0,not mentioned,FALSE,
703,Z,trheg02b,categorical,1,1,mentioned,FALSE,
703,Z,trheg03,categorical,-2,-2,no help,TRUE,
703,Z,trheg03,categorical,-1,-1,"asked, no answer",TRUE,
703,Z,trheg03,categorical,0,0,not mentioned,FALSE,
703,Z,trheg03,categorical,1,1,mentioned,FALSE,
703,Z,trheg04,categorical,-2,-2,no help,TRUE,
703,Z,trheg04,categorical,-1,-1,"asked, no answer",TRUE,
703,Z,trheg04,categorical,0,0,not mentioned,FALSE,
703,Z,trheg04,categorical,1,1,mentioned,FALSE,
703,Z,trheg04a,categorical,-2,-2,no help,TRUE,
703,Z,trheg04a,categorical,-1,-1,"asked, no answer",TRUE,
703,Z,trheg04a,categorical,0,0,not mentioned,FALSE,
703,Z,trheg04a,categorical,1,1,mentioned,FALSE,
703,Z,trheg04b,categorical,-2,-2,no help,TRUE,
703,Z,trheg04b,categorical,-1,-1,"asked, no answer",TRUE,
703,Z,trheg04b,categorical,0,0,not mentioned,FALSE,
703,Z,trheg04b,categorical,1,1,mentioned,FALSE,
703,Z,trheg05,categorical,-2,-2,no help,TRUE,
703,Z,trheg05,categorical,-1,-1,"asked, no answer",TRUE,
703,Z,trheg05,categorical,0,0,not mentioned,FALSE,
703,Z,trheg05,categorical,1,1,mentioned,FALSE,
703,Z,trheg06,categorical,-2,-2,no help,TRUE,
703,Z,trheg06,categorical,-1,-1,"asked, no answer",TRUE,
703,Z,trheg06,categorical,0,0,not mentioned,FALSE,
703,Z,trheg06,categorical,1,1,mentioned,FALSE,
703,Z,trheg06a,categorical,-2,-2,no help,TRUE,
703,Z,trheg06a,categorical,-1,-1,"asked, no answer",TRUE,
703,Z,trheg06a,categorical,0,0,not mentioned,FALSE,
703,Z,trheg06a,categorical,1,1,mentioned,FALSE,
703,Z,trheg06b,categorical,-2,-2,no help,TRUE,
703,Z,trheg06b,categorical,-1,-1,"asked, no answer",TRUE,
703,Z,trheg06b,categorical,0,0,not mentioned,FALSE,
703,Z,trheg06b,categorical,1,1,mentioned,FALSE,
703,Z,trheg07,categorical,-2,-2,no help,TRUE,
703,Z,trheg07,categorical,-1,-1,"asked, no answer",TRUE,
703,Z,trheg07,categorical,0,0,not mentioned,FALSE,
703,Z,trheg07,categorical,1,1,mentioned,FALSE,
703,Z,trheg08,categorical,-2,-2,no help,TRUE,
703,Z,trheg08,categorical,-1,-1,"asked, no answer",TRUE,
703,Z,trheg08,categorical,0,0,not mentioned,FALSE,
703,Z,trheg08,categorical,1,1,mentioned,FALSE,
703,Z,trheg09,categorical,-2,-2,no help,TRUE,
703,Z,trheg09,categorical,-1,-1,"asked, no answer",TRUE,
703,Z,trheg09,categorical,0,0,not mentioned,FALSE,
703,Z,trheg09,categorical,1,1,mentioned,FALSE,
703,Z,trheg10,categorical,-2,-2,no help,TRUE,
703,Z,trheg10,categorical,-1,-1,"asked, no answer",TRUE,
703,Z,trheg10,categorical,0,0,not mentioned,FALSE,
703,Z,trheg10,categorical,1,1,mentioned,FALSE,
703,Z,trheg11,categorical,-2,-2,no help,TRUE,
703,Z,trheg11,categorical,-1,-1,"asked, no answer",TRUE,
703,Z,trheg11,categorical,0,0,not mentioned,FALSE,
703,Z,trheg11,categorical,1,1,mentioned,FALSE,
703,Z,trheg12,categorical,-2,-2,no help,TRUE,
703,Z,trheg12,categorical,-1,-1,"asked, no answer",TRUE,
703,Z,trheg12,categorical,0,0,not mentioned,FALSE,
703,Z,trheg12,categorical,1,1,mentioned,FALSE,
703,Z,trhegyn,binary,-1,-1,"asked, no answer",TRUE,
703,Z,trhegyn,binary,1,1,no,FALSE,
703,Z,trhegyn,binary,2,2,yes,FALSE,
703,Z,trhen01,categorical,-2,-2,no help,TRUE,
703,Z,trhen01,categorical,-1,-1,"asked, no answer",TRUE,
703,Z,trhen01,categorical,0,0,not mentioned,FALSE,
703,Z,trhen01,categorical,1,1,mentioned,FALSE,
703,Z,trhen02,categorical,-2,-2,no help,TRUE,
703,Z,trhen02,categorical,-1,-1,"asked, no answer",TRUE,
703,Z,trhen02,categorical,0,0,not mentioned,FALSE,
703,Z,trhen02,categorical,1,1,mentioned,FALSE,
703,Z,trhen02a,categorical,-2,-2,no help,TRUE,
703,Z,trhen02a,categorical,-1,-1,"asked, no answer",TRUE,
703,Z,trhen02a,categorical,0,0,not mentioned,FALSE,
703,Z,trhen02a,categorical,1,1,mentioned,FALSE,
703,Z,trhen02b,categorical,-2,-2,no help,TRUE,
703,Z,trhen02b,categorical,-1,-1,"asked, no answer",TRUE,
703,Z,trhen02b,categorical,0,0,not mentioned,FALSE,
703,Z,trhen02b,categorical,1,1,mentioned,FALSE,
703,Z,trhen03,categorical,-2,-2,no help,TRUE,
703,Z,trhen03,categorical,-1,-1,"asked, no answer",TRUE,
703,Z,trhen03,categorical,0,0,not mentioned,FALSE,
703,Z,trhen03,categorical,1,1,mentioned,FALSE,
703,Z,trhen04,categorical,-2,-2,no help,TRUE,
703,Z,trhen04,categorical,-1,-1,"asked, no answer",TRUE,
703,Z,trhen04,categorical,0,0,not mentioned,FALSE,
703,Z,trhen04,categorical,1,1,mentioned,FALSE,
703,Z,trhen04a,categorical,-2,-2,no help,TRUE,
703,Z,trhen04a,categorical,-1,-1,"asked, no answer",TRUE,
703,Z,trhen04a,categorical,0,0,not mentioned,FALSE,
703,Z,trhen04a,categorical,1,1,mentioned,FALSE,
703,Z,trhen04b,categorical,-2,-2,no help,TRUE,
703,Z,trhen04b,categorical,-1,-1,"asked, no answer",TRUE,
703,Z,trhen04b,categorical,0,0,not mentioned,FALSE,
703,Z,trhen04b,categorical,1,1,mentioned,FALSE,
703,Z,trhen05,categorical,-2,-2,no help,TRUE,
703,Z,trhen05,categorical,-1,-1,"asked, no answer",TRUE,
703,Z,trhen05,categorical,0,0,not mentioned,FALSE,
703,Z,trhen05,categorical,1,1,mentioned,FALSE,
703,Z,trhen06,categorical,-2,-2,no help,TRUE,
703,Z,trhen06,categorical,-1,-1,"asked, no answer",TRUE,
703,Z,trhen06,categorical,0,0,not mentioned,FALSE,
703,Z,trhen06,categorical,1,1,mentioned,FALSE,
703,Z,trhen06a,categorical,-2,-2,no help,TRUE,
703,Z,trhen06a,categorical,-1,-1,"asked, no answer",TRUE,
703,Z,trhen06a,categorical,0,0,not mentioned,FALSE,
703,Z,trhen06a,categorical,1,1,mentioned,FALSE,
703,Z,trhen06b,categorical,-2,-2,no help,TRUE,
703,Z,trhen06b,categorical,-1,-1,"asked, no answer",TRUE,
703,Z,trhen06b,categorical,0,0,not mentioned,FALSE,
703,Z,trhen06b,categorical,1,1,mentioned,FALSE,
703,Z,trhen07,categorical,-2,-2,no help,TRUE,
703,Z,trhen07,categorical,-1,-1,"asked, no answer",TRUE,
703,Z,trhen07,categorical,0,0,not mentioned,FALSE,
703,Z,trhen07,categorical,1,1,mentioned,FALSE,
703,Z,trhen08,categorical,-2,-2,no help,TRUE,
703,Z,trhen08,categorical,-1,-1,"asked, no answer",TRUE,
703,Z,trhen08,categorical,0,0,not mentioned,FALSE,
703,Z,trhen08,categorical,1,1,mentioned,FALSE,
703,Z,trhen09,categorical,-2,-2,no help,TRUE,
703,Z,trhen09,categorical,-1,-1,"asked, no answer",TRUE,
703,Z,trhen09,categorical,0,0,not mentioned,FALSE,
703,Z,trhen09,categorical,1,1,mentioned,FALSE,
703,Z,trhen10,categorical,-2,-2,no help,TRUE,
703,Z,trhen10,categorical,-1,-1,"asked, no answer",TRUE,
703,Z,trhen10,categorical,0,0,not mentioned,FALSE,
703,Z,trhen10,categorical,1,1,mentioned,FALSE,
703,Z,trhen11,categorical,-2,-2,no help,TRUE,
703,Z,trhen11,categorical,-1,-1,"asked, no answer",TRUE,
703,Z,trhen11,categorical,0,0,not mentioned,FALSE,
703,Z,trhen11,categorical,1,1,mentioned,FALSE,
703,Z,trhen12,categorical,-2,-2,no help,TRUE,
703,Z,trhen12,categorical,-1,-1,"asked, no answer",TRUE,
703,Z,trhen12,categorical,0,0,not mentioned,FALSE,
703,Z,trhen12,categorical,1,1,mentioned,FALSE,
703,Z,trhenyn,binary,-1,-1,"asked, no answer",TRUE,
703,Z,trhenyn,binary,1,1,no,FALSE,
703,Z,trhenyn,binary,2,2,yes,FALSE,
703,Z,trhep01,categorical,-2,-2,no help,TRUE,
703,Z,trhep01,categorical,-1,-1,"asked, no answer",TRUE,
703,Z,trhep01,categorical,0,0,not mentioned,FALSE,
703,Z,trhep01,categorical,1,1,mentioned,FALSE,
703,Z,trhep02,categorical,-2,-2,no help,TRUE,
703,Z,trhep02,categorical,-1,-1,"asked, no answer",TRUE,
703,Z,trhep02,categorical,0,0,not mentioned,FALSE,
703,Z,trhep02,categorical,1,1,mentioned,FALSE,
703,Z,trhep02a,categorical,-2,-2,no help,TRUE,
703,Z,trhep02a,categorical,-1,-1,"asked, no answer",TRUE,
703,Z,trhep02a,categorical,0,0,not mentioned,FALSE,
703,Z,trhep02a,categorical,1,1,mentioned,FALSE,
703,Z,trhep02b,categorical,-2,-2,no help,TRUE,
703,Z,trhep02b,categorical,-1,-1,"asked, no answer",TRUE,
703,Z,trhep02b,categorical,0,0,not mentioned,FALSE,
703,Z,trhep02b,categorical,1,1,mentioned,FALSE,
703,Z,trhep03,categorical,-2,-2,no help,TRUE,
703,Z,trhep03,categorical,-1,-1,"asked, no answer",TRUE,
703,Z,trhep03,categorical,0,0,not mentioned,FALSE,
703,Z,trhep03,categorical,1,1,mentioned,FALSE,
703,Z,trhep04,categorical,-2,-2,no help,TRUE,
703,Z,trhep04,categorical,-1,-1,"asked, no answer",TRUE,
703,Z,trhep04,categorical,0,0,not mentioned,FALSE,
703,Z,trhep04,categorical,1,1,mentioned,FALSE,
703,Z,trhep04a,categorical,-2,-2,no help,TRUE,
703,Z,trhep04a,categorical,-1,-1,"asked, no answer",TRUE,
703,Z,trhep04a,categorical,0,0,not mentioned,FALSE,
703,Z,trhep04a,categorical,1,1,mentioned,FALSE,
703,Z,trhep04b,categorical,-2,-2,no help,TRUE,
703,Z,trhep04b,categorical,-1,-1,"asked, no answer",TRUE,
703,Z,trhep04b,categorical,0,0,not mentioned,FALSE,
703,Z,trhep04b,categorical,1,1,mentioned,FALSE,
703,Z,trhep05,categorical,-2,-2,no help,TRUE,
703,Z,trhep05,categorical,-1,-1,"asked, no answer",TRUE,
703,Z,trhep05,categorical,0,0,not mentioned,FALSE,
703,Z,trhep05,categorical,1,1,mentioned,FALSE,
703,Z,trhep06,categorical,-2,-2,no help,TRUE,
703,Z,trhep06,categorical,-1,-1,"asked, no answer",TRUE,
703,Z,trhep06,categorical,0,0,not mentioned,FALSE,
703,Z,trhep06,categorical,1,1,mentioned,FALSE,
703,Z,trhep06a,categorical,-2,-2,no help,TRUE,
703,Z,trhep06a,categorical,-1,-1,"asked, no answer",TRUE,
703,Z,trhep06a,categorical,0,0,not mentioned,FALSE,
703,Z,trhep06a,categorical,1,1,mentioned,FALSE,
703,Z,trhep06b,categorical,-2,-2,no help,TRUE,
703,Z,trhep06b,categorical,-1,-1,"asked, no answer",TRUE,
703,Z,trhep06b,categorical,0,0,not mentioned,FALSE,
703,Z,trhep06b,categorical,1,1,mentioned,FALSE,
703,Z,trhep07,categorical,-2,-2,no help,TRUE,
703,Z,trhep07,categorical,-1,-1,"asked, no answer",TRUE,
703,Z,trhep07,categorical,0,0,not mentioned,FALSE,
703,Z,trhep07,categorical,1,1,mentioned,FALSE,
703,Z,trhep08,categorical,-2,-2,no help,TRUE,
703,Z,trhep08,categorical,-1,-1,"asked, no answer",TRUE,
703,Z,trhep08,categorical,0,0,not mentioned,FALSE,
703,Z,trhep08,categorical,1,1,mentioned,FALSE,
703,Z,trhep09,categorical,-2,-2,no help,TRUE,
703,Z,trhep09,categorical,-1,-1,"asked, no answer",TRUE,
703,Z,trhep09,categorical,0,0,not mentioned,FALSE,
703,Z,trhep09,categorical,1,1,mentioned,FALSE,
703,Z,trhep10,categorical,-2,-2,no help,TRUE,
703,Z,trhep10,categorical,-1,-1,"asked, no answer",TRUE,
703,Z,trhep10,categorical,0,0,not mentioned,FALSE,
703,Z,trhep10,categorical,1,1,mentioned,FALSE,
703,Z,trhep11,categorical,-2,-2,no help,TRUE,
703,Z,trhep11,categorical,-1,-1,"asked, no answer",TRUE,
703,Z,trhep11,categorical,0,0,not mentioned,FALSE,
703,Z,trhep11,categorical,1,1,mentioned,FALSE,
703,Z,trhep12,categorical,-2,-2,no help,TRUE,
703,Z,trhep12,categorical,-1,-1,"asked, no answer",TRUE,
703,Z,trhep12,categorical,0,0,not mentioned,FALSE,
703,Z,trhep12,categorical,1,1,mentioned,FALSE,
703,Z,trhepyn,binary,-1,-1,"asked, no answer",TRUE,
703,Z,trhepyn,binary,1,1,no,FALSE,
703,Z,trhepyn,binary,2,2,yes,FALSE,
703,Z,trhosp,binary,-1,-1,not available after question asked,TRUE,"Cross-wave coding conflict: -1 differs for C/D/E/F/G (asked, no answer), H/I/J/K (na, asked / does not know)"
703,Z,trhosp,binary,1,1,no,FALSE,
703,Z,trhosp,binary,2,2,yes,FALSE,
703,Z,trmeds,binary,-1,-1,not available after question asked,TRUE,"Cross-wave coding conflict: -1 differs for C/D/E/F/G (asked, no answer), H/I/J/K (na, asked / does not know)"
703,Z,trmeds,binary,1,1,no,FALSE,
703,Z,trmeds,binary,2,2,yes,FALSE,
703,Z,trpha1,categorical,-1,-1,"asked, no answer",TRUE,
703,Z,trpha1,categorical,1,1,respondent bedridden,FALSE,
703,Z,trpha1,categorical,2,2,R in wheelchair,FALSE,
703,Z,trpha1,categorical,3,3,R with walking aid,FALSE,
703,Z,trpha1,categorical,4,4,"not 1, 2 or 3",FALSE,
703,Z,trpsyc,binary,-1,-1,not available after question asked,TRUE,"Cross-wave coding conflict: -1 differs for C/D/E/F/G (asked, no answer), H/I/J/K (na, asked / does not know)"
703,Z,trpsyc,binary,1,1,no,FALSE,
703,Z,trpsyc,binary,2,2,yes,FALSE,
703,Z,trpsyh,binary,-1,-1,not available after question asked,TRUE,"Cross-wave coding conflict: -1 differs for C/D/E/F/G (asked, no answer), H/I/J/K (na, asked / does not know)"
703,Z,trpsyh,binary,1,1,no,FALSE,
703,Z,trpsyh,binary,2,2,yes,FALSE,
703,Z,trstic1,binary,-1,-1,not available after question asked,TRUE,"Cross-wave coding conflict: -1 differs for C/D/E/F/G (asked, no answer), H/I/J/K (na, asked / does not know)"
703,Z,trstic1,binary,1,1,no,FALSE,
703,Z,trstic1,binary,2,2,yes,FALSE,
703,Z,trsuffic,ordinal,-1,-1,"asked, no answer",TRUE,
703,Z,trsuffic,ordinal,1,1,insufficient,FALSE,
703,Z,trsuffic,ordinal,2,2,in between insufficient/sufficient,FALSE,
703,Z,trsuffic,ordinal,3,3,sufficient,FALSE,
