filecode,wave,canonical_name,variable_type,value_raw,value_numeric,value_label,is_missing,conflicts
603,C,tphepyn,binary,"asked, no answer(-1)",-1,"asked, no answer",TRUE,
603,C,tphepyn,binary,no(1),1,no,FALSE,
603,C,tphepyn,binary,yes(2),2,yes,FALSE,
603,C,tphep01,binary,no help(-2),-2,no help,TRUE,
603,C,tphep01,binary,"asked, no answer(-1)",-1,"asked, no answer",TRUE,
603,C,tphep01,binary,not mentioned(0),0,not mentioned,FALSE,
603,C,tphep01,binary,mentioned(1),1,mentioned,FALSE,
603,C,tphep02,binary,see ctphep01 -> no help(-2),-2,no help,TRUE,
603,C,tphep02,binary,"see ctphep01 -> asked, no answer(-1)",-1,"asked, no answer",TRUE,
603,C,tphep02,binary,see ctphep01 -> not mentioned(0),0,not mentioned,FALSE,
603,C,tphep02,binary,see ctphep01 -> mentioned(1),1,mentioned,FALSE,
603,C,tphep03,binary,see ctphep01 -> no help(-2),-2,no help,TRUE,
603,C,tphep03,binary,"see ctphep01 -> asked, no answer(-1)",-1,"asked, no answer",TRUE,
603,C,tphep03,binary,see ctphep01 -> not mentioned(0),0,not mentioned,FALSE,
603,C,tphep03,binary,see ctphep01 -> mentioned(1),1,mentioned,FALSE,
603,C,tphep04,binary,see ctphep01 -> no help(-2),-2,no help,TRUE,
603,C,tphep04,binary,"see ctphep01 -> asked, no answer(-1)",-1,"asked, no answer",TRUE,
603,C,tphep04,binary,see ctphep01 -> not mentioned(0),0,not mentioned,FALSE,
603,C,tphep04,binary,see ctphep01 -> mentioned(1),1,mentioned,FALSE,
603,C,tphep05,binary,see ctphep01 -> no help(-2),-2,no help,TRUE,
603,C,tphep05,binary,"see ctphep01 -> asked, no answer(-1)",-1,"asked, no answer",TRUE,
603,C,tphep05,binary,see ctphep01 -> not mentioned(0),0,not mentioned,FALSE,
603,C,tphep05,binary,see ctphep01 -> mentioned(1),1,mentioned,FALSE,
603,C,tphep06,binary,see ctphep01 -> no help(-2),-2,no help,TRUE,
603,C,tphep06,binary,"see ctphep01 -> asked, no answer(-1)",-1,"asked, no answer",TRUE,
603,C,tphep06,binary,see ctphep01 -> not mentioned(0),0,not mentioned,FALSE,
603,C,tphep06,binary,see ctphep01 -> mentioned(1),1,mentioned,FALSE,
603,C,tphep07,binary,see ctphep01 -> no help(-2),-2,no help,TRUE,
603,C,tphep07,binary,"see ctphep01 -> asked, no answer(-1)",-1,"asked, no answer",TRUE,
603,C,tphep07,binary,see ctphep01 -> not mentioned(0),0,not mentioned,FALSE,
603,C,tphep07,binary,see ctphep01 -> mentioned(1),1,mentioned,FALSE,
603,C,tphep08,binary,see ctphep01 -> no help(-2),-2,no help,TRUE,
603,C,tphep08,binary,"see ctphep01 -> asked, no answer(-1)",-1,"asked, no answer",TRUE,
603,C,tphep08,binary,see ctphep01 -> not mentioned(0),0,not mentioned,FALSE,
603,C,tphep08,binary,see ctphep01 -> mentioned(1),1,mentioned,FALSE,
603,C,tphep09,binary,see ctphep01 -> no help(-2),-2,no help,TRUE,
603,C,tphep09,binary,"see ctphep01 -> asked, no answer(-1)",-1,"asked, no answer",TRUE,
603,C,tphep09,binary,see ctphep01 -> not mentioned(0),0,not mentioned,FALSE,
603,C,tphep09,binary,see ctphep01 -> mentioned(1),1,mentioned,FALSE,
603,C,tphep10,binary,see ctphep01 -> no help(-2),-2,no help,TRUE,
603,C,tphep10,binary,"see ctphep01 -> asked, no answer(-1)",-1,"asked, no answer",TRUE,
603,C,tphep10,binary,see ctphep01 -> not mentioned(0),0,not mentioned,FALSE,
603,C,tphep10,binary,see ctphep01 -> mentioned(1),1,mentioned,FALSE,
603,C,tphep11,binary,see ctphep01 -> no help(-2),-2,no help,TRUE,
603,C,tphep11,binary,"see ctphep01 -> asked, no answer(-1)",-1,"asked, no answer",TRUE,
603,C,tphep11,binary,see ctphep01 -> not mentioned(0),0,not mentioned,FALSE,
603,C,tphep11,binary,see ctphep01 -> mentioned(1),1,mentioned,FALSE,
603,C,tphep12,binary,see ctphep01 -> no help(-2),-2,no help,TRUE,
603,C,tphep12,binary,"see ctphep01 -> asked, no answer(-1)",-1,"asked, no answer",TRUE,
603,C,tphep12,binary,see ctphep01 -> not mentioned(0),0,not mentioned,FALSE,
603,C,tphep12,binary,see ctphep01 -> mentioned(1),1,mentioned,FALSE,
603,C,tphedyn,binary,"asked, no answer(-1)",-1,"asked, no answer",TRUE,
603,C,tphedyn,binary,no(1),1,no,FALSE,
603,C,tphedyn,binary,yes(2),2,yes,FALSE,
603,C,tphed01,binary,no help(-2),-2,no help,TRUE,
603,C,tphed01,binary,"asked, no answer(-1)",-1,"asked, no answer",TRUE,
603,C,tphed01,binary,no(0),0,no,FALSE,
603,C,tphed01,binary,yes(1),1,yes,FALSE,
603,C,tphed02,binary,see ctphed01 -> no help(-2),-2,no help,TRUE,
603,C,tphed02,binary,"see ctphed01 -> asked, no answer(-1)",-1,"asked, no answer",TRUE,
603,C,tphed02,binary,see ctphed01 -> no(0),0,no,FALSE,
603,C,tphed02,binary,see ctphed01 -> yes(1),1,yes,FALSE,
603,C,tphed03,binary,see ctphed01 -> no help(-2),-2,no help,TRUE,
603,C,tphed03,binary,"see ctphed01 -> asked, no answer(-1)",-1,"asked, no answer",TRUE,
603,C,tphed03,binary,see ctphed01 -> no(0),0,no,FALSE,
603,C,tphed03,binary,see ctphed01 -> yes(1),1,yes,FALSE,
603,C,tphed04,binary,see ctphed01 -> no help(-2),-2,no help,TRUE,
603,C,tphed04,binary,"see ctphed01 -> asked, no answer(-1)",-1,"asked, no answer",TRUE,
603,C,tphed04,binary,see ctphed01 -> no(0),0,no,FALSE,
603,C,tphed04,binary,see ctphed01 -> yes(1),1,yes,FALSE,
603,C,tphed05,binary,see ctphed01 -> no help(-2),-2,no help,TRUE,
603,C,tphed05,binary,"see ctphed01 -> asked, no answer(-1)",-1,"asked, no answer",TRUE,
603,C,tphed05,binary,see ctphed01 -> no(0),0,no,FALSE,
603,C,tphed05,binary,see ctphed01 -> yes(1),1,yes,FALSE,
603,C,tphed06,binary,see ctphed01 -> no help(-2),-2,no help,TRUE,
603,C,tphed06,binary,"see ctphed01 -> asked, no answer(-1)",-1,"asked, no answer",TRUE,
603,C,tphed06,binary,see ctphed01 -> no(0),0,no,FALSE,
603,C,tphed06,binary,see ctphed01 -> yes(1),1,yes,FALSE,
603,C,tphed07,binary,see ctphed01 -> no help(-2),-2,no help,TRUE,
603,C,tphed07,binary,"see ctphed01 -> asked, no answer(-1)",-1,"asked, no answer",TRUE,
603,C,tphed07,binary,see ctphed01 -> no(0),0,no,FALSE,
603,C,tphed07,binary,see ctphed01 -> yes(1),1,yes,FALSE,
603,C,tphed08,binary,see ctphed01 -> no help(-2),-2,no help,TRUE,
603,C,tphed08,binary,"see ctphed01 -> asked, no answer(-1)",-1,"asked, no answer",TRUE,
603,C,tphed08,binary,see ctphed01 -> no(0),0,no,FALSE,
603,C,tphed08,binary,see ctphed01 -> yes(1),1,yes,FALSE,
603,C,tphed09,binary,see ctphed01 -> no help(-2),-2,no help,TRUE,
603,C,tphed09,binary,"see ctphed01 -> asked, no answer(-1)",-1,"asked, no answer",TRUE,
603,C,tphed09,binary,see ctphed01 -> no(0),0,no,FALSE,
603,C,tphed09,binary,see ctphed01 -> yes(1),1,yes,FALSE,
603,C,tphed10,binary,see ctphed01 -> no help(-2),-2,no help,TRUE,
603,C,tphed10,binary,"see ctphed01 -> asked, no answer(-1)",-1,"asked, no answer",TRUE,
603,C,tphed10,binary,see ctphed01 -> no(0),0,no,FALSE,
603,C,tphed10,binary,see ctphed01 -> yes(1),1,yes,FALSE,
603,C,tphed11,binary,see ctphed01 -> no help(-2),-2,no help,TRUE,
603,C,tphed11,binary,"see ctphed01 -> asked, no answer(-1)",-1,"asked, no answer",TRUE,
603,C,tphed11,binary,see ctphed01 -> no(0),0,no,FALSE,
603,C,tphed11,binary,see ctphed01 -> yes(1),1,yes,FALSE,
603,C,tphed12,binary,see ctphed01 -> no help(-2),-2,no help,TRUE,
603,C,tphed12,binary,"see ctphed01 -> asked, no answer(-1)",-1,"asked, no answer",TRUE,
603,C,tphed12,binary,see ctphed01 -> no(0),0,no,FALSE,
603,C,tphed12,binary,see ctphed01 -> yes(1),1,yes,FALSE,
603,C,tpstic1,binary,asked no answer(-1),-1,"asked, no answer",TRUE,
603,C,tpstic1,binary,no(1),1,no,FALSE,
603,C,tpstic1,binary,yes(2),2,yes,FALSE,
603,C,tphosp,binary,see ctpstic1 -> asked no answer(-1),-1,"asked, no answer",TRUE,
603,C,tphosp,binary,see ctpstic1 -> no(1),1,no,FALSE,
603,C,tphosp,binary,see ctpstic1 -> yes(2),2,yes,FALSE,
603,C,tpmeds,binary,see ctpstic1 -> asked no answer(-1),-1,"asked, no answer",TRUE,
603,C,tpmeds,binary,see ctpstic1 -> no(1),1,no,FALSE,
603,C,tpmeds,binary,see ctpstic1 -> yes(2),2,yes,FALSE,
603,C,tppsyh,binary,see ctpstic1 -> asked no answer(-1),-1,"asked, no answer",TRUE,
603,C,tppsyh,binary,see ctpstic1 -> no(1),1,no,FALSE,
603,C,tppsyh,binary,see ctpstic1 -> yes(2),2,yes,FALSE,
603,C,tppsyc,binary,see ctpstic1 -> asked no answer(-1),-1,"asked, no answer",TRUE,
603,C,tppsyc,binary,see ctpstic1 -> no(1),1,no,FALSE,
603,C,tppsyc,binary,see ctpstic1 -> yes(2),2,yes,FALSE,
603,C,tppha1,categorical,"asked, no answer(-1)",-1,"asked, no answer",TRUE,
603,C,tppha1,categorical,respondent bedridden(1),1,respondent bedridden,FALSE,
603,C,tppha1,categorical,R in wheelchair(2),2,R in wheelchair,FALSE,
603,C,tppha1,categorical,R with walking aid(3),3,R with walking aid,FALSE,
603,C,tppha1,categorical,"not 1, 2 or 3(4)",4,"not 1, 2 or 3",FALSE,
603,C,tpadl1a,ordinal,"asked, no answer / does not know(-1)",-1,"asked, no answer / does not know",TRUE,
603,C,tpadl1a,ordinal,"no, R cannot(1)",1,"no, R cannot",FALSE,
603,C,tpadl1a,ordinal,"yes, without difficulty(2)",2,"yes, without difficulty",FALSE,
603,C,tpadl1a,ordinal,"yes, with some difficulty(3)",3,"yes, with some difficulty",FALSE,
603,C,tpadl1a,ordinal,"yes, with much difficulty(4)",4,"yes, with much difficulty",FALSE,
603,C,tpadl1a,ordinal,only with help(5),5,only with help,FALSE,
603,C,tpadl2a,ordinal,"see ctpadl1a -> asked, no answer / does not know(-1)",-1,"asked, no answer / does not know",TRUE,
603,C,tpadl2a,ordinal,"see ctpadl1a -> no, R cannot(1)",1,"no, R cannot",FALSE,
603,C,tpadl2a,ordinal,"see ctpadl1a -> yes, without difficulty(2)",2,"yes, without difficulty",FALSE,
603,C,tpadl2a,ordinal,"see ctpadl1a -> yes, with some difficulty(3)",3,"yes, with some difficulty",FALSE,
603,C,tpadl2a,ordinal,"see ctpadl1a -> yes, with much difficulty(4)",4,"yes, with much difficulty",FALSE,
603,C,tpadl2a,ordinal,see ctpadl1a -> only with help(5),5,only with help,FALSE,
603,C,tpadl3a,ordinal,"see ctpadl1a -> asked, no answer / does not know(-1)",-1,"asked, no answer / does not know",TRUE,
603,C,tpadl3a,ordinal,"see ctpadl1a -> no, R cannot(1)",1,"no, R cannot",FALSE,
603,C,tpadl3a,ordinal,"see ctpadl1a -> yes, without difficulty(2)",2,"yes, without difficulty",FALSE,
603,C,tpadl3a,ordinal,"see ctpadl1a -> yes, with some difficulty(3)",3,"yes, with some difficulty",FALSE,
603,C,tpadl3a,ordinal,"see ctpadl1a -> yes, with much difficulty(4)",4,"yes, with much difficulty",FALSE,
603,C,tpadl3a,ordinal,see ctpadl1a -> only with help(5),5,only with help,FALSE,
603,C,tpadl4a,ordinal,"see ctpadl1a -> asked, no answer / does not know(-1)",-1,"asked, no answer / does not know",TRUE,
603,C,tpadl4a,ordinal,"see ctpadl1a -> no, R cannot(1)",1,"no, R cannot",FALSE,
603,C,tpadl4a,ordinal,"see ctpadl1a -> yes, without difficulty(2)",2,"yes, without difficulty",FALSE,
603,C,tpadl4a,ordinal,"see ctpadl1a -> yes, with some difficulty(3)",3,"yes, with some difficulty",FALSE,
603,C,tpadl4a,ordinal,"see ctpadl1a -> yes, with much difficulty(4)",4,"yes, with much difficulty",FALSE,
603,C,tpadl4a,ordinal,see ctpadl1a -> only with help(5),5,only with help,FALSE,
603,C,tpadl5a,ordinal,"see ctpadl1a -> asked, no answer / does not know(-1)",-1,"asked, no answer / does not know",TRUE,
603,C,tpadl5a,ordinal,"see ctpadl1a -> no, R cannot(1)",1,"no, R cannot",FALSE,
603,C,tpadl5a,ordinal,"see ctpadl1a -> yes, without difficulty(2)",2,"yes, without difficulty",FALSE,
603,C,tpadl5a,ordinal,"see ctpadl1a -> yes, with some difficulty(3)",3,"yes, with some difficulty",FALSE,
603,C,tpadl5a,ordinal,"see ctpadl1a -> yes, with much difficulty(4)",4,"yes, with much difficulty",FALSE,
603,C,tpadl5a,ordinal,see ctpadl1a -> only with help(5),5,only with help,FALSE,
603,C,tpadl6a,ordinal,"see ctpadl1a -> asked, no answer / does not know(-1)",-1,"asked, no answer / does not know",TRUE,
603,C,tpadl6a,ordinal,"see ctpadl1a -> no, R cannot(1)",1,"no, R cannot",FALSE,
603,C,tpadl6a,ordinal,"see ctpadl1a -> yes, without difficulty(2)",2,"yes, without difficulty",FALSE,
603,C,tpadl6a,ordinal,"see ctpadl1a -> yes, with some difficulty(3)",3,"yes, with some difficulty",FALSE,
603,C,tpadl6a,ordinal,"see ctpadl1a -> yes, with much difficulty(4)",4,"yes, with much difficulty",FALSE,
603,C,tpadl6a,ordinal,see ctpadl1a -> only with help(5),5,only with help,FALSE,
603,C,tpflwdiff,numeric,no valid data(-1),-1,no valid data,TRUE,
603,C,tpflwdiff,numeric,no difficulties(0),0,no difficulties,FALSE,
603,C,tpflwdiff,numeric,2 without difficulty(1),1,2 without difficulty,FALSE,
603,C,tpflwdiff,numeric,1 without difficulty(2),2,1 without difficulty,FALSE,
603,C,tpflwdiff,numeric,all with difficulty(3),3,all with difficulty,FALSE,
603,C,tpflwd#6,numeric,no valid data(-1),-1,no valid data,TRUE,
603,C,tpflwd#6,numeric,no difficulties(0),0,no difficulties,FALSE,
603,C,tpflwd#6,numeric,5 without difficulty(1),1,5 without difficulty,FALSE,
603,C,tpflwd#6,numeric,4 without difficulty(2),2,4 without difficulty,FALSE,
603,C,tpflwd#6,numeric,3 without difficulty(3),3,3 without difficulty,FALSE,
603,C,tpflwd#6,numeric,2 without difficulty(4),4,2 without difficulty,FALSE,
603,C,tpflwd#6,numeric,1 without difficulty(5),5,1 without difficulty,FALSE,
603,C,tpflwd#6,numeric,all with difficulty(6),6,all with difficulty,FALSE,
603,D,tphepyn,binary,"asked, no answer(-1)",-1,"asked, no answer",TRUE,
603,D,tphepyn,binary,no(1),1,no,FALSE,
603,D,tphepyn,binary,yes(2),2,yes,FALSE,
603,D,tphep01,binary,no help(-2),-2,no help,TRUE,
603,D,tphep01,binary,"asked, no answer(-1)",-1,"asked, no answer",TRUE,
603,D,tphep01,binary,not mentioned(0),0,not mentioned,FALSE,
603,D,tphep01,binary,mentioned(1),1,mentioned,FALSE,
603,D,tphep02,binary,see dtphep01 -> no help(-2),-2,no help,TRUE,
603,D,tphep02,binary,"see dtphep01 -> asked, no answer(-1)",-1,"asked, no answer",TRUE,
603,D,tphep02,binary,see dtphep01 -> not mentioned(0),0,not mentioned,FALSE,
603,D,tphep02,binary,see dtphep01 -> mentioned(1),1,mentioned,FALSE,
603,D,tphep03,binary,see dtphep01 -> no help(-2),-2,no help,TRUE,
603,D,tphep03,binary,"see dtphep01 -> asked, no answer(-1)",-1,"asked, no answer",TRUE,
603,D,tphep03,binary,see dtphep01 -> not mentioned(0),0,not mentioned,FALSE,
603,D,tphep03,binary,see dtphep01 -> mentioned(1),1,mentioned,FALSE,
603,D,tphep04,binary,see dtphep01 -> no help(-2),-2,no help,TRUE,
603,D,tphep04,binary,"see dtphep01 -> asked, no answer(-1)",-1,"asked, no answer",TRUE,
603,D,tphep04,binary,see dtphep01 -> not mentioned(0),0,not mentioned,FALSE,
603,D,tphep04,binary,see dtphep01 -> mentioned(1),1,mentioned,FALSE,
603,D,tphep05,binary,see dtphep01 -> no help(-2),-2,no help,TRUE,
603,D,tphep05,binary,"see dtphep01 -> asked, no answer(-1)",-1,"asked, no answer",TRUE,
603,D,tphep05,binary,see dtphep01 -> not mentioned(0),0,not mentioned,FALSE,
603,D,tphep05,binary,see dtphep01 -> mentioned(1),1,mentioned,FALSE,
603,D,tphep06,binary,see dtphep01 -> no help(-2),-2,no help,TRUE,
603,D,tphep06,binary,"see dtphep01 -> asked, no answer(-1)",-1,"asked, no answer",TRUE,
603,D,tphep06,binary,see dtphep01 -> not mentioned(0),0,not mentioned,FALSE,
603,D,tphep06,binary,see dtphep01 -> mentioned(1),1,mentioned,FALSE,
603,D,tphep07,binary,see dtphep01 -> no help(-2),-2,no help,TRUE,
603,D,tphep07,binary,"see dtphep01 -> asked, no answer(-1)",-1,"asked, no answer",TRUE,
603,D,tphep07,binary,see dtphep01 -> not mentioned(0),0,not mentioned,FALSE,
603,D,tphep07,binary,see dtphep01 -> mentioned(1),1,mentioned,FALSE,
603,D,tphep08,binary,see dtphep01 -> no help(-2),-2,no help,TRUE,
603,D,tphep08,binary,"see dtphep01 -> asked, no answer(-1)",-1,"asked, no answer",TRUE,
603,D,tphep08,binary,see dtphep01 -> not mentioned(0),0,not mentioned,FALSE,
603,D,tphep08,binary,see dtphep01 -> mentioned(1),1,mentioned,FALSE,
603,D,tphep09,binary,see dtphep01 -> no help(-2),-2,no help,TRUE,
603,D,tphep09,binary,"see dtphep01 -> asked, no answer(-1)",-1,"asked, no answer",TRUE,
603,D,tphep09,binary,see dtphep01 -> not mentioned(0),0,not mentioned,FALSE,
603,D,tphep09,binary,see dtphep01 -> mentioned(1),1,mentioned,FALSE,
603,D,tphep10,binary,see dtphep01 -> no help(-2),-2,no help,TRUE,
603,D,tphep10,binary,"see dtphep01 -> asked, no answer(-1)",-1,"asked, no answer",TRUE,
603,D,tphep10,binary,see dtphep01 -> not mentioned(0),0,not mentioned,FALSE,
603,D,tphep10,binary,see dtphep01 -> mentioned(1),1,mentioned,FALSE,
603,D,tphep11,binary,see dtphep01 -> no help(-2),-2,no help,TRUE,
603,D,tphep11,binary,"see dtphep01 -> asked, no answer(-1)",-1,"asked, no answer",TRUE,
603,D,tphep11,binary,see dtphep01 -> not mentioned(0),0,not mentioned,FALSE,
603,D,tphep11,binary,see dtphep01 -> mentioned(1),1,mentioned,FALSE,
603,D,tphep12,binary,see dtphep01 -> no help(-2),-2,no help,TRUE,
603,D,tphep12,binary,"see dtphep01 -> asked, no answer(-1)",-1,"asked, no answer",TRUE,
603,D,tphep12,binary,see dtphep01 -> not mentioned(0),0,not mentioned,FALSE,
603,D,tphep12,binary,see dtphep01 -> mentioned(1),1,mentioned,FALSE,
603,D,tphedyn,binary,"asked, no answer(-1)",-1,"asked, no answer",TRUE,
603,D,tphedyn,binary,no(1),1,no,FALSE,
603,D,tphedyn,binary,yes(2),2,yes,FALSE,
603,D,tphed01,binary,no help(-2),-2,no help,TRUE,
603,D,tphed01,binary,"asked, no answer(-1)",-1,"asked, no answer",TRUE,
603,D,tphed01,binary,no(0),0,no,FALSE,
603,D,tphed01,binary,yes(1),1,yes,FALSE,
603,D,tphed02,binary,see dtphed01 -> no help(-2),-2,no help,TRUE,
603,D,tphed02,binary,"see dtphed01 -> asked, no answer(-1)",-1,"asked, no answer",TRUE,
603,D,tphed02,binary,see dtphed01 -> no(0),0,no,FALSE,
603,D,tphed02,binary,see dtphed01 -> yes(1),1,yes,FALSE,
603,D,tphed03,binary,see dtphed01 -> no help(-2),-2,no help,TRUE,
603,D,tphed03,binary,"see dtphed01 -> asked, no answer(-1)",-1,"asked, no answer",TRUE,
603,D,tphed03,binary,see dtphed01 -> no(0),0,no,FALSE,
603,D,tphed03,binary,see dtphed01 -> yes(1),1,yes,FALSE,
603,D,tphed04,binary,see dtphed01 -> no help(-2),-2,no help,TRUE,
603,D,tphed04,binary,"see dtphed01 -> asked, no answer(-1)",-1,"asked, no answer",TRUE,
603,D,tphed04,binary,see dtphed01 -> no(0),0,no,FALSE,
603,D,tphed04,binary,see dtphed01 -> yes(1),1,yes,FALSE,
603,D,tphed05,binary,see dtphed01 -> no help(-2),-2,no help,TRUE,
603,D,tphed05,binary,"see dtphed01 -> asked, no answer(-1)",-1,"asked, no answer",TRUE,
603,D,tphed05,binary,see dtphed01 -> no(0),0,no,FALSE,
603,D,tphed05,binary,see dtphed01 -> yes(1),1,yes,FALSE,
603,D,tphed06,binary,see dtphed01 -> no help(-2),-2,no help,TRUE,
603,D,tphed06,binary,"see dtphed01 -> asked, no answer(-1)",-1,"asked, no answer",TRUE,
603,D,tphed06,binary,see dtphed01 -> no(0),0,no,FALSE,
603,D,tphed06,binary,see dtphed01 -> yes(1),1,yes,FALSE,
603,D,tphed07,binary,see dtphed01 -> no help(-2),-2,no help,TRUE,
603,D,tphed07,binary,"see dtphed01 -> asked, no answer(-1)",-1,"asked, no answer",TRUE,
603,D,tphed07,binary,see dtphed01 -> no(0),0,no,FALSE,
603,D,tphed07,binary,see dtphed01 -> yes(1),1,yes,FALSE,
603,D,tphed08,binary,see dtphed01 -> no help(-2),-2,no help,TRUE,
603,D,tphed08,binary,"see dtphed01 -> asked, no answer(-1)",-1,"asked, no answer",TRUE,
603,D,tphed08,binary,see dtphed01 -> no(0),0,no,FALSE,
603,D,tphed08,binary,see dtphed01 -> yes(1),1,yes,FALSE,
603,D,tphed09,binary,see dtphed01 -> no help(-2),-2,no help,TRUE,
603,D,tphed09,binary,"see dtphed01 -> asked, no answer(-1)",-1,"asked, no answer",TRUE,
603,D,tphed09,binary,see dtphed01 -> no(0),0,no,FALSE,
603,D,tphed09,binary,see dtphed01 -> yes(1),1,yes,FALSE,
603,D,tphed10,binary,see dtphed01 -> no help(-2),-2,no help,TRUE,
603,D,tphed10,binary,"see dtphed01 -> asked, no answer(-1)",-1,"asked, no answer",TRUE,
603,D,tphed10,binary,see dtphed01 -> no(0),0,no,FALSE,
603,D,tphed10,binary,see dtphed01 -> yes(1),1,yes,FALSE,
603,D,tphed11,binary,see dtphed01 -> no help(-2),-2,no help,TRUE,
603,D,tphed11,binary,"see dtphed01 -> asked, no answer(-1)",-1,"asked, no answer",TRUE,
603,D,tphed11,binary,see dtphed01 -> no(0),0,no,FALSE,
603,D,tphed11,binary,see dtphed01 -> yes(1),1,yes,FALSE,
603,D,tphed12,binary,see dtphed01 -> no help(-2),-2,no help,TRUE,
603,D,tphed12,binary,"see dtphed01 -> asked, no answer(-1)",-1,"asked, no answer",TRUE,
603,D,tphed12,binary,see dtphed01 -> no(0),0,no,FALSE,
603,D,tphed12,binary,see dtphed01 -> yes(1),1,yes,FALSE,
603,D,tpstic1,binary,asked no answer(-1),-1,"asked, no answer",TRUE,
603,D,tpstic1,binary,no(1),1,no,FALSE,
603,D,tpstic1,binary,yes(2),2,yes,FALSE,
603,D,tphosp,binary,see dtpstic1 -> asked no answer(-1),-1,"asked, no answer",TRUE,
603,D,tphosp,binary,see dtpstic1 -> no(1),1,no,FALSE,
603,D,tphosp,binary,see dtpstic1 -> yes(2),2,yes,FALSE,
603,D,tpmeds,binary,see dtpstic1 -> asked no answer(-1),-1,"asked, no answer",TRUE,
603,D,tpmeds,binary,see dtpstic1 -> no(1),1,no,FALSE,
603,D,tpmeds,binary,see dtpstic1 -> yes(2),2,yes,FALSE,
603,D,tppsyh,binary,see dtpstic1 -> asked no answer(-1),-1,"asked, no answer",TRUE,
603,D,tppsyh,binary,see dtpstic1 -> no(1),1,no,FALSE,
603,D,tppsyh,binary,see dtpstic1 -> yes(2),2,yes,FALSE,
603,D,tppsyc,binary,see dtpstic1 -> asked no answer(-1),-1,"asked, no answer",TRUE,
603,D,tppsyc,binary,see dtpstic1 -> no(1),1,no,FALSE,
603,D,tppsyc,binary,see dtpstic1 -> yes(2),2,yes,FALSE,
603,D,tppha1,categorical,"asked, no answer(-1)",-1,"asked, no answer",TRUE,
603,D,tppha1,categorical,respondent bedridden(1),1,respondent bedridden,FALSE,
603,D,tppha1,categorical,R in wheelchair(2),2,R in wheelchair,FALSE,
603,D,tppha1,categorical,R with walking aid(3),3,R with walking aid,FALSE,
603,D,tppha1,categorical,"not 1, 2 or 3(4)",4,"not 1, 2 or 3",FALSE,
603,D,tpadl1a,ordinal,"asked, no answer / does not know(-1)",-1,"asked, no answer / does not know",TRUE,
603,D,tpadl1a,ordinal,"no, R cannot(1)",1,"no, R cannot",FALSE,
603,D,tpadl1a,ordinal,"yes, without difficulty(2)",2,"yes, without difficulty",FALSE,
603,D,tpadl1a,ordinal,"yes, with some difficulty(3)",3,"yes, with some difficulty",FALSE,
603,D,tpadl1a,ordinal,"yes, with much difficulty(4)",4,"yes, with much difficulty",FALSE,
603,D,tpadl1a,ordinal,only with help(5),5,only with help,FALSE,
603,D,tpadl2a,ordinal,"see dtpadl1a -> asked, no answer / does not know(-1)",-1,"asked, no answer / does not know",TRUE,
603,D,tpadl2a,ordinal,"see dtpadl1a -> no, R cannot(1)",1,"no, R cannot",FALSE,
603,D,tpadl2a,ordinal,"see dtpadl1a -> yes, without difficulty(2)",2,"yes, without difficulty",FALSE,
603,D,tpadl2a,ordinal,"see dtpadl1a -> yes, with some difficulty(3)",3,"yes, with some difficulty",FALSE,
603,D,tpadl2a,ordinal,"see dtpadl1a -> yes, with much difficulty(4)",4,"yes, with much difficulty",FALSE,
603,D,tpadl2a,ordinal,see dtpadl1a -> only with help(5),5,only with help,FALSE,
603,D,tpadl3a,ordinal,"see dtpadl1a -> asked, no answer / does not know(-1)",-1,"asked, no answer / does not know",TRUE,
603,D,tpadl3a,ordinal,"see dtpadl1a -> no, R cannot(1)",1,"no, R cannot",FALSE,
603,D,tpadl3a,ordinal,"see dtpadl1a -> yes, without difficulty(2)",2,"yes, without difficulty",FALSE,
603,D,tpadl3a,ordinal,"see dtpadl1a -> yes, with some difficulty(3)",3,"yes, with some difficulty",FALSE,
603,D,tpadl3a,ordinal,"see dtpadl1a -> yes, with much difficulty(4)",4,"yes, with much difficulty",FALSE,
603,D,tpadl3a,ordinal,see dtpadl1a -> only with help(5),5,only with help,FALSE,
603,D,tpadl4a,ordinal,"see dtpadl1a -> asked, no answer / does not know(-1)",-1,"asked, no answer / does not know",TRUE,
603,D,tpadl4a,ordinal,"see dtpadl1a -> no, R cannot(1)",1,"no, R cannot",FALSE,
603,D,tpadl4a,ordinal,"see dtpadl1a -> yes, without difficulty(2)",2,"yes, without difficulty",FALSE,
603,D,tpadl4a,ordinal,"see dtpadl1a -> yes, with some difficulty(3)",3,"yes, with some difficulty",FALSE,
603,D,tpadl4a,ordinal,"see dtpadl1a -> yes, with much difficulty(4)",4,"yes, with much difficulty",FALSE,
603,D,tpadl4a,ordinal,see dtpadl1a -> only with help(5),5,only with help,FALSE,
603,D,tpadl5a,ordinal,"see dtpadl1a -> asked, no answer / does not know(-1)",-1,"asked, no answer / does not know",TRUE,
603,D,tpadl5a,ordinal,"see dtpadl1a -> no, R cannot(1)",1,"no, R cannot",FALSE,
603,D,tpadl5a,ordinal,"see dtpadl1a -> yes, without difficulty(2)",2,"yes, without difficulty",FALSE,
603,D,tpadl5a,ordinal,"see dtpadl1a -> yes, with some difficulty(3)",3,"yes, with some difficulty",FALSE,
603,D,tpadl5a,ordinal,"see dtpadl1a -> yes, with much difficulty(4)",4,"yes, with much difficulty",FALSE,
603,D,tpadl5a,ordinal,see dtpadl1a -> only with help(5),5,only with help,FALSE,
603,D,tpadl6a,ordinal,"see dtpadl1a -> asked, no answer / does not know(-1)",-1,"asked, no answer / does not know",TRUE,
603,D,tpadl6a,ordinal,"see dtpadl1a -> no, R cannot(1)",1,"no, R cannot",FALSE,
603,D,tpadl6a,ordinal,"see dtpadl1a -> yes, without difficulty(2)",2,"yes, without difficulty",FALSE,
603,D,tpadl6a,ordinal,"see dtpadl1a -> yes, with some difficulty(3)",3,"yes, with some difficulty",FALSE,
603,D,tpadl6a,ordinal,"see dtpadl1a -> yes, with much difficulty(4)",4,"yes, with much difficulty",FALSE,
603,D,tpadl6a,ordinal,see dtpadl1a -> only with help(5),5,only with help,FALSE,
603,D,tpflwdiff,numeric,no valid data(-1),-1,no valid data,TRUE,
603,D,tpflwdiff,numeric,no difficulties(0),0,no difficulties,FALSE,
603,D,tpflwdiff,numeric,2 without difficulty(1),1,2 without difficulty,FALSE,
603,D,tpflwdiff,numeric,1 without difficulty(2),2,1 without difficulty,FALSE,
603,D,tpflwdiff,numeric,all with difficulty(3),3,all with difficulty,FALSE,
603,D,tpflwd#6,numeric,no valid data(-1),-1,no valid data,TRUE,
603,D,tpflwd#6,numeric,no difficulties(0),0,no difficulties,FALSE,
603,D,tpflwd#6,numeric,5 without difficulty(1),1,5 without difficulty,FALSE,
603,D,tpflwd#6,numeric,4 without difficulty(2),2,4 without difficulty,FALSE,
603,D,tpflwd#6,numeric,3 without difficulty(3),3,3 without difficulty,FALSE,
603,D,tpflwd#6,numeric,2 without difficulty(4),4,2 without difficulty,FALSE,
603,D,tpflwd#6,numeric,1 without difficulty(5),5,1 without difficulty,FALSE,
603,D,tpflwd#6,numeric,all with difficulty(6),6,all with difficulty,FALSE,
603,E,tphepyn,binary,"asked, no answer(-1)",-1,"asked, no answer",TRUE,
603,E,tphepyn,binary,no(1),1,no,FALSE,
603,E,tphepyn,binary,yes(2),2,yes,FALSE,
603,E,tphep01,binary,no help(-2),-2,no help,TRUE,
603,E,tphep01,binary,"asked, no answer(-1)",-1,"asked, no answer",TRUE,
603,E,tphep01,binary,not mentioned(0),0,not mentioned,FALSE,
603,E,tphep01,binary,mentioned(1),1,mentioned,FALSE,
603,E,tphep02,binary,see etphep01 -> no help(-2),-2,no help,TRUE,
603,E,tphep02,binary,"see etphep01 -> asked, no answer(-1)",-1,"asked, no answer",TRUE,
603,E,tphep02,binary,see etphep01 -> not mentioned(0),0,not mentioned,FALSE,
603,E,tphep02,binary,see etphep01 -> mentioned(1),1,mentioned,FALSE,
603,E,tphep03,binary,see etphep01 -> no help(-2),-2,no help,TRUE,
603,E,tphep03,binary,"see etphep01 -> asked, no answer(-1)",-1,"asked, no answer",TRUE,
603,E,tphep03,binary,see etphep01 -> not mentioned(0),0,not mentioned,FALSE,
603,E,tphep03,binary,see etphep01 -> mentioned(1),1,mentioned,FALSE,
603,E,tphep04,binary,see etphep01 -> no help(-2),-2,no help,TRUE,
603,E,tphep04,binary,"see etphep01 -> asked, no answer(-1)",-1,"asked, no answer",TRUE,
603,E,tphep04,binary,see etphep01 -> not mentioned(0),0,not mentioned,FALSE,
603,E,tphep04,binary,see etphep01 -> mentioned(1),1,mentioned,FALSE,
603,E,tphep05,binary,see etphep01 -> no help(-2),-2,no help,TRUE,
603,E,tphep05,binary,"see etphep01 -> asked, no answer(-1)",-1,"asked, no answer",TRUE,
603,E,tphep05,binary,see etphep01 -> not mentioned(0),0,not mentioned,FALSE,
603,E,tphep05,binary,see etphep01 -> mentioned(1),1,mentioned,FALSE,
603,E,tphep06,binary,see etphep01 -> no help(-2),-2,no help,TRUE,
603,E,tphep06,binary,"see etphep01 -> asked, no answer(-1)",-1,"asked, no answer",TRUE,
603,E,tphep06,binary,see etphep01 -> not mentioned(0),0,not mentioned,FALSE,
603,E,tphep06,binary,see etphep01 -> mentioned(1),1,mentioned,FALSE,
603,E,tphep07,binary,see etphep01 -> no help(-2),-2,no help,TRUE,
603,E,tphep07,binary,"see etphep01 -> asked, no answer(-1)",-1,"asked, no answer",TRUE,
603,E,tphep07,binary,see etphep01 -> not mentioned(0),0,not mentioned,FALSE,
603,E,tphep07,binary,see etphep01 -> mentioned(1),1,mentioned,FALSE,
603,E,tphep08,binary,see etphep01 -> no help(-2),-2,no help,TRUE,
603,E,tphep08,binary,"see etphep01 -> asked, no answer(-1)",-1,"asked, no answer",TRUE,
603,E,tphep08,binary,see etphep01 -> not mentioned(0),0,not mentioned,FALSE,
603,E,tphep08,binary,see etphep01 -> mentioned(1),1,mentioned,FALSE,
603,E,tphep09,binary,see etphep01 -> no help(-2),-2,no help,TRUE,
603,E,tphep09,binary,"see etphep01 -> asked, no answer(-1)",-1,"asked, no answer",TRUE,
603,E,tphep09,binary,see etphep01 -> not mentioned(0),0,not mentioned,FALSE,
603,E,tphep09,binary,see etphep01 -> mentioned(1),1,mentioned,FALSE,
603,E,tphep10,binary,see etphep01 -> no help(-2),-2,no help,TRUE,
603,E,tphep10,binary,"see etphep01 -> asked, no answer(-1)",-1,"asked, no answer",TRUE,
603,E,tphep10,binary,see etphep01 -> not mentioned(0),0,not mentioned,FALSE,
603,E,tphep10,binary,see etphep01 -> mentioned(1),1,mentioned,FALSE,
603,E,tphep11,binary,see etphep01 -> no help(-2),-2,no help,TRUE,
603,E,tphep11,binary,"see etphep01 -> asked, no answer(-1)",-1,"asked, no answer",TRUE,
603,E,tphep11,binary,see etphep01 -> not mentioned(0),0,not mentioned,FALSE,
603,E,tphep11,binary,see etphep01 -> mentioned(1),1,mentioned,FALSE,
603,E,tphep12,binary,see etphep01 -> no help(-2),-2,no help,TRUE,
603,E,tphep12,binary,"see etphep01 -> asked, no answer(-1)",-1,"asked, no answer",TRUE,
603,E,tphep12,binary,see etphep01 -> not mentioned(0),0,not mentioned,FALSE,
603,E,tphep12,binary,see etphep01 -> mentioned(1),1,mentioned,FALSE,
603,E,tphedyn,binary,"asked, no answer(-1)",-1,"asked, no answer",TRUE,
603,E,tphedyn,binary,no(1),1,no,FALSE,
603,E,tphedyn,binary,yes(2),2,yes,FALSE,
603,E,tphed01,binary,no help(-2),-2,no help,TRUE,
603,E,tphed01,binary,"asked, no answer(-1)",-1,"asked, no answer",TRUE,
603,E,tphed01,binary,no(0),0,no,FALSE,
603,E,tphed01,binary,yes(1),1,yes,FALSE,
603,E,tphed02,binary,see etphed01 -> no help(-2),-2,no help,TRUE,
603,E,tphed02,binary,"see etphed01 -> asked, no answer(-1)",-1,"asked, no answer",TRUE,
603,E,tphed02,binary,see etphed01 -> no(0),0,no,FALSE,
603,E,tphed02,binary,see etphed01 -> yes(1),1,yes,FALSE,
603,E,tphed03,binary,see etphed01 -> no help(-2),-2,no help,TRUE,
603,E,tphed03,binary,"see etphed01 -> asked, no answer(-1)",-1,"asked, no answer",TRUE,
603,E,tphed03,binary,see etphed01 -> no(0),0,no,FALSE,
603,E,tphed03,binary,see etphed01 -> yes(1),1,yes,FALSE,
603,E,tphed04,binary,see etphed01 -> no help(-2),-2,no help,TRUE,
603,E,tphed04,binary,"see etphed01 -> asked, no answer(-1)",-1,"asked, no answer",TRUE,
603,E,tphed04,binary,see etphed01 -> no(0),0,no,FALSE,
603,E,tphed04,binary,see etphed01 -> yes(1),1,yes,FALSE,
603,E,tphed05,binary,see etphed01 -> no help(-2),-2,no help,TRUE,
603,E,tphed05,binary,"see etphed01 -> asked, no answer(-1)",-1,"asked, no answer",TRUE,
603,E,tphed05,binary,see etphed01 -> no(0),0,no,FALSE,
603,E,tphed05,binary,see etphed01 -> yes(1),1,yes,FALSE,
603,E,tphed06,binary,see etphed01 -> no help(-2),-2,no help,TRUE,
603,E,tphed06,binary,"see etphed01 -> asked, no answer(-1)",-1,"asked, no answer",TRUE,
603,E,tphed06,binary,see etphed01 -> no(0),0,no,FALSE,
603,E,tphed06,binary,see etphed01 -> yes(1),1,yes,FALSE,
603,E,tphed07,binary,see etphed01 -> no help(-2),-2,no help,TRUE,
603,E,tphed07,binary,"see etphed01 -> asked, no answer(-1)",-1,"asked, no answer",TRUE,
603,E,tphed07,binary,see etphed01 -> no(0),0,no,FALSE,
603,E,tphed07,binary,see etphed01 -> yes(1),1,yes,FALSE,
603,E,tphed08,binary,see etphed01 -> no help(-2),-2,no help,TRUE,
603,E,tphed08,binary,"see etphed01 -> asked, no answer(-1)",-1,"asked, no answer",TRUE,
603,E,tphed08,binary,see etphed01 -> no(0),0,no,FALSE,
603,E,tphed08,binary,see etphed01 -> yes(1),1,yes,FALSE,
603,E,tphed09,binary,see etphed01 -> no help(-2),-2,no help,TRUE,
603,E,tphed09,binary,"see etphed01 -> asked, no answer(-1)",-1,"asked, no answer",TRUE,
603,E,tphed09,binary,see etphed01 -> no(0),0,no,FALSE,
603,E,tphed09,binary,see etphed01 -> yes(1),1,yes,FALSE,
603,E,tphed10,binary,see etphed01 -> no help(-2),-2,no help,TRUE,
603,E,tphed10,binary,"see etphed01 -> asked, no answer(-1)",-1,"asked, no answer",TRUE,
603,E,tphed10,binary,see etphed01 -> no(0),0,no,FALSE,
603,E,tphed10,binary,see etphed01 -> yes(1),1,yes,FALSE,
603,E,tphed11,binary,see etphed01 -> no help(-2),-2,no help,TRUE,
603,E,tphed11,binary,"see etphed01 -> asked, no answer(-1)",-1,"asked, no answer",TRUE,
603,E,tphed11,binary,see etphed01 -> no(0),0,no,FALSE,
603,E,tphed11,binary,see etphed01 -> yes(1),1,yes,FALSE,
603,E,tphed12,binary,see etphed01 -> no help(-2),-2,no help,TRUE,
603,E,tphed12,binary,"see etphed01 -> asked, no answer(-1)",-1,"asked, no answer",TRUE,
603,E,tphed12,binary,see etphed01 -> no(0),0,no,FALSE,
603,E,tphed12,binary,see etphed01 -> yes(1),1,yes,FALSE,
603,E,tpstic1,binary,asked no answer(-1),-1,"asked, no answer",TRUE,
603,E,tpstic1,binary,no(1),1,no,FALSE,
603,E,tpstic1,binary,yes(2),2,yes,FALSE,
603,E,tphosp,binary,see etpstic1 -> asked no answer(-1),-1,"asked, no answer",TRUE,
603,E,tphosp,binary,see etpstic1 -> no(1),1,no,FALSE,
603,E,tphosp,binary,see etpstic1 -> yes(2),2,yes,FALSE,
603,E,tpmeds,binary,see etpstic1 -> asked no answer(-1),-1,"asked, no answer",TRUE,
603,E,tpmeds,binary,see etpstic1 -> no(1),1,no,FALSE,
603,E,tpmeds,binary,see etpstic1 -> yes(2),2,yes,FALSE,
603,E,tppsyh,binary,see etpstic1 -> asked no answer(-1),-1,"asked, no answer",TRUE,
603,E,tppsyh,binary,see etpstic1 -> no(1),1,no,FALSE,
603,E,tppsyh,binary,see etpstic1 -> yes(2),2,yes,FALSE,
603,E,tppsyc,binary,see etpstic1 -> asked no answer(-1),-1,"asked, no answer",TRUE,
603,E,tppsyc,binary,see etpstic1 -> no(1),1,no,FALSE,
603,E,tppsyc,binary,see etpstic1 -> yes(2),2,yes,FALSE,
603,E,tppha1,categorical,"asked, no answer(-1)",-1,"asked, no answer",TRUE,
603,E,tppha1,categorical,respondent bedridden(1),1,respondent bedridden,FALSE,
603,E,tppha1,categorical,R in wheelchair(2),2,R in wheelchair,FALSE,
603,E,tppha1,categorical,R with walking aid(3),3,R with walking aid,FALSE,
603,E,tppha1,categorical,"not 1, 2 or 3(4)",4,"not 1, 2 or 3",FALSE,
603,E,tpadl1a,ordinal,"asked, no answer / does not know(-1)",-1,"asked, no answer / does not know",TRUE,
603,E,tpadl1a,ordinal,"no, R cannot(1)",1,"no, R cannot",FALSE,
603,E,tpadl1a,ordinal,"yes, without difficulty(2)",2,"yes, without difficulty",FALSE,
603,E,tpadl1a,ordinal,"yes, with some difficulty(3)",3,"yes, with some difficulty",FALSE,
603,E,tpadl1a,ordinal,"yes, with much difficulty(4)",4,"yes, with much difficulty",FALSE,
603,E,tpadl1a,ordinal,only with help(5),5,only with help,FALSE,
603,E,tpadl2a,ordinal,"see etpadl1a -> asked, no answer / does not know(-1)",-1,"asked, no answer / does not know",TRUE,
603,E,tpadl2a,ordinal,"see etpadl1a -> no, R cannot(1)",1,"no, R cannot",FALSE,
603,E,tpadl2a,ordinal,"see etpadl1a -> yes, without difficulty(2)",2,"yes, without difficulty",FALSE,
603,E,tpadl2a,ordinal,"see etpadl1a -> yes, with some difficulty(3)",3,"yes, with some difficulty",FALSE,
603,E,tpadl2a,ordinal,"see etpadl1a -> yes, with much difficulty(4)",4,"yes, with much difficulty",FALSE,
603,E,tpadl2a,ordinal,see etpadl1a -> only with help(5),5,only with help,FALSE,
603,E,tpadl3a,ordinal,"see etpadl1a -> asked, no answer / does not know(-1)",-1,"asked, no answer / does not know",TRUE,
603,E,tpadl3a,ordinal,"see etpadl1a -> no, R cannot(1)",1,"no, R cannot",FALSE,
603,E,tpadl3a,ordinal,"see etpadl1a -> yes, without difficulty(2)",2,"yes, without difficulty",FALSE,
603,E,tpadl3a,ordinal,"see etpadl1a -> yes, with some difficulty(3)",3,"yes, with some difficulty",FALSE,
603,E,tpadl3a,ordinal,"see etpadl1a -> yes, with much difficulty(4)",4,"yes, with much difficulty",FALSE,
603,E,tpadl3a,ordinal,see etpadl1a -> only with help(5),5,only with help,FALSE,
603,E,tpadl4a,ordinal,"see etpadl1a -> asked, no answer / does not know(-1)",-1,"asked, no answer / does not know",TRUE,
603,E,tpadl4a,ordinal,"see etpadl1a -> no, R cannot(1)",1,"no, R cannot",FALSE,
603,E,tpadl4a,ordinal,"see etpadl1a -> yes, without difficulty(2)",2,"yes, without difficulty",FALSE,
603,E,tpadl4a,ordinal,"see etpadl1a -> yes, with some difficulty(3)",3,"yes, with some difficulty",FALSE,
603,E,tpadl4a,ordinal,"see etpadl1a -> yes, with much difficulty(4)",4,"yes, with much difficulty",FALSE,
603,E,tpadl4a,ordinal,see etpadl1a -> only with help(5),5,only with help,FALSE,
603,E,tpadl5a,ordinal,"see etpadl1a -> asked, no answer / does not know(-1)",-1,"asked, no answer / does not know",TRUE,
603,E,tpadl5a,ordinal,"see etpadl1a -> no, R cannot(1)",1,"no, R cannot",FALSE,
603,E,tpadl5a,ordinal,"see etpadl1a -> yes, without difficulty(2)",2,"yes, without difficulty",FALSE,
603,E,tpadl5a,ordinal,"see etpadl1a -> yes, with some difficulty(3)",3,"yes, with some difficulty",FALSE,
603,E,tpadl5a,ordinal,"see etpadl1a -> yes, with much difficulty(4)",4,"yes, with much difficulty",FALSE,
603,E,tpadl5a,ordinal,see etpadl1a -> only with help(5),5,only with help,FALSE,
603,E,tpadl6a,ordinal,"see etpadl1a -> asked, no answer / does not know(-1)",-1,"asked, no answer / does not know",TRUE,
603,E,tpadl6a,ordinal,"see etpadl1a -> no, R cannot(1)",1,"no, R cannot",FALSE,
603,E,tpadl6a,ordinal,"see etpadl1a -> yes, without difficulty(2)",2,"yes, without difficulty",FALSE,
603,E,tpadl6a,ordinal,"see etpadl1a -> yes, with some difficulty(3)",3,"yes, with some difficulty",FALSE,
603,E,tpadl6a,ordinal,"see etpadl1a -> yes, with much difficulty(4)",4,"yes, with much difficulty",FALSE,
603,E,tpadl6a,ordinal,see etpadl1a -> only with help(5),5,only with help,FALSE,
603,E,tpflwdiff,numeric,no valid data(-1),-1,no valid data,TRUE,
603,E,tpflwdiff,numeric,no difficulties(0),0,no difficulties,FALSE,
603,E,tpflwdiff,numeric,2 without difficulty(1),1,2 without difficulty,FALSE,
603,E,tpflwdiff,numeric,1 without difficulty(2),2,1 without difficulty,FALSE,
603,E,tpflwdiff,numeric,all with difficulty(3),3,all with difficulty,FALSE,
603,E,tpflwd#6,numeric,no valid data(-1),-1,no valid data,TRUE,
603,E,tpflwd#6,numeric,no difficulties(0),0,no difficulties,FALSE,
603,E,tpflwd#6,numeric,5 without difficulty(1),1,5 without difficulty,FALSE,
603,E,tpflwd#6,numeric,4 without difficulty(2),2,4 without difficulty,FALSE,
603,E,tpflwd#6,numeric,3 without difficulty(3),3,3 without difficulty,FALSE,
603,E,tpflwd#6,numeric,2 without difficulty(4),4,2 without difficulty,FALSE,
603,E,tpflwd#6,numeric,1 without difficulty(5),5,1 without difficulty,FALSE,
603,E,tpflwd#6,numeric,all with difficulty(6),6,all with difficulty,FALSE,
603,F,tphepyn,binary,"asked, no answer(-1)",-1,"asked, no answer",TRUE,
603,F,tphepyn,binary,no(1),1,no,FALSE,
603,F,tphepyn,binary,yes(2),2,yes,FALSE,
603,F,tphep01,binary,no help(-2),-2,no help,TRUE,
603,F,tphep01,binary,"asked, no answer(-1)",-1,"asked, no answer",TRUE,
603,F,tphep01,binary,not mentioned(0),0,not mentioned,FALSE,
603,F,tphep01,binary,mentioned(1),1,mentioned,FALSE,
603,F,tphep02,binary,see ftphep01 -> no help(-2),-2,no help,TRUE,
603,F,tphep02,binary,"see ftphep01 -> asked, no answer(-1)",-1,"asked, no answer",TRUE,
603,F,tphep02,binary,see ftphep01 -> not mentioned(0),0,not mentioned,FALSE,
603,F,tphep02,binary,see ftphep01 -> mentioned(1),1,mentioned,FALSE,
603,F,tphep03,binary,see ftphep01 -> no help(-2),-2,no help,TRUE,
603,F,tphep03,binary,"see ftphep01 -> asked, no answer(-1)",-1,"asked, no answer",TRUE,
603,F,tphep03,binary,see ftphep01 -> not mentioned(0),0,not mentioned,FALSE,
603,F,tphep03,binary,see ftphep01 -> mentioned(1),1,mentioned,FALSE,
603,F,tphep04,binary,see ftphep01 -> no help(-2),-2,no help,TRUE,
603,F,tphep04,binary,"see ftphep01 -> asked, no answer(-1)",-1,"asked, no answer",TRUE,
603,F,tphep04,binary,see ftphep01 -> not mentioned(0),0,not mentioned,FALSE,
603,F,tphep04,binary,see ftphep01 -> mentioned(1),1,mentioned,FALSE,
603,F,tphep05,binary,see ftphep01 -> no help(-2),-2,no help,TRUE,
603,F,tphep05,binary,"see ftphep01 -> asked, no answer(-1)",-1,"asked, no answer",TRUE,
603,F,tphep05,binary,see ftphep01 -> not mentioned(0),0,not mentioned,FALSE,
603,F,tphep05,binary,see ftphep01 -> mentioned(1),1,mentioned,FALSE,
603,F,tphep06,binary,see ftphep01 -> no help(-2),-2,no help,TRUE,
603,F,tphep06,binary,"see ftphep01 -> asked, no answer(-1)",-1,"asked, no answer",TRUE,
603,F,tphep06,binary,see ftphep01 -> not mentioned(0),0,not mentioned,FALSE,
603,F,tphep06,binary,see ftphep01 -> mentioned(1),1,mentioned,FALSE,
603,F,tphep07,binary,see ftphep01 -> no help(-2),-2,no help,TRUE,
603,F,tphep07,binary,"see ftphep01 -> asked, no answer(-1)",-1,"asked, no answer",TRUE,
603,F,tphep07,binary,see ftphep01 -> not mentioned(0),0,not mentioned,FALSE,
603,F,tphep07,binary,see ftphep01 -> mentioned(1),1,mentioned,FALSE,
603,F,tphep08,binary,see ftphep01 -> no help(-2),-2,no help,TRUE,
603,F,tphep08,binary,"see ftphep01 -> asked, no answer(-1)",-1,"asked, no answer",TRUE,
603,F,tphep08,binary,see ftphep01 -> not mentioned(0),0,not mentioned,FALSE,
603,F,tphep08,binary,see ftphep01 -> mentioned(1),1,mentioned,FALSE,
603,F,tphep09,binary,see ftphep01 -> no help(-2),-2,no help,TRUE,
603,F,tphep09,binary,"see ftphep01 -> asked, no answer(-1)",-1,"asked, no answer",TRUE,
603,F,tphep09,binary,see ftphep01 -> not mentioned(0),0,not mentioned,FALSE,
603,F,tphep09,binary,see ftphep01 -> mentioned(1),1,mentioned,FALSE,
603,F,tphep10,binary,see ftphep01 -> no help(-2),-2,no help,TRUE,
603,F,tphep10,binary,"see ftphep01 -> asked, no answer(-1)",-1,"asked, no answer",TRUE,
603,F,tphep10,binary,see ftphep01 -> not mentioned(0),0,not mentioned,FALSE,
603,F,tphep10,binary,see ftphep01 -> mentioned(1),1,mentioned,FALSE,
603,F,tphep11,binary,see ftphep01 -> no help(-2),-2,no help,TRUE,
603,F,tphep11,binary,"see ftphep01 -> asked, no answer(-1)",-1,"asked, no answer",TRUE,
603,F,tphep11,binary,see ftphep01 -> not mentioned(0),0,not mentioned,FALSE,
603,F,tphep11,binary,see ftphep01 -> mentioned(1),1,mentioned,FALSE,
603,F,tphep12,binary,see ftphep01 -> no help(-2),-2,no help,TRUE,
603,F,tphep12,binary,"see ftphep01 -> asked, no answer(-1)",-1,"asked, no answer",TRUE,
603,F,tphep12,binary,see ftphep01 -> not mentioned(0),0,not mentioned,FALSE,
603,F,tphep12,binary,see ftphep01 -> mentioned(1),1,mentioned,FALSE,
603,F,tphedyn,binary,"asked, no answer(-1)",-1,"asked, no answer",TRUE,
603,F,tphedyn,binary,no(1),1,no,FALSE,
603,F,tphedyn,binary,yes(2),2,yes,FALSE,
603,F,tphed01,binary,no help(-2),-2,no help,TRUE,
603,F,tphed01,binary,"asked, no answer(-1)",-1,"asked, no answer",TRUE,
603,F,tphed01,binary,no(0),0,no,FALSE,
603,F,tphed01,binary,yes(1),1,yes,FALSE,
603,F,tphed02,binary,see ftphed01 -> no help(-2),-2,no help,TRUE,
603,F,tphed02,binary,"see ftphed01 -> asked, no answer(-1)",-1,"asked, no answer",TRUE,
603,F,tphed02,binary,see ftphed01 -> no(0),0,no,FALSE,
603,F,tphed02,binary,see ftphed01 -> yes(1),1,yes,FALSE,
603,F,tphed03,binary,see ftphed01 -> no help(-2),-2,no help,TRUE,
603,F,tphed03,binary,"see ftphed01 -> asked, no answer(-1)",-1,"asked, no answer",TRUE,
603,F,tphed03,binary,see ftphed01 -> no(0),0,no,FALSE,
603,F,tphed03,binary,see ftphed01 -> yes(1),1,yes,FALSE,
603,F,tphed04,binary,see ftphed01 -> no help(-2),-2,no help,TRUE,
603,F,tphed04,binary,"see ftphed01 -> asked, no answer(-1)",-1,"asked, no answer",TRUE,
603,F,tphed04,binary,see ftphed01 -> no(0),0,no,FALSE,
603,F,tphed04,binary,see ftphed01 -> yes(1),1,yes,FALSE,
603,F,tphed05,binary,see ftphed01 -> no help(-2),-2,no help,TRUE,
603,F,tphed05,binary,"see ftphed01 -> asked, no answer(-1)",-1,"asked, no answer",TRUE,
603,F,tphed05,binary,see ftphed01 -> no(0),0,no,FALSE,
603,F,tphed05,binary,see ftphed01 -> yes(1),1,yes,FALSE,
603,F,tphed06,binary,see ftphed01 -> no help(-2),-2,no help,TRUE,
603,F,tphed06,binary,"see ftphed01 -> asked, no answer(-1)",-1,"asked, no answer",TRUE,
603,F,tphed06,binary,see ftphed01 -> no(0),0,no,FALSE,
603,F,tphed06,binary,see ftphed01 -> yes(1),1,yes,FALSE,
603,F,tphed07,binary,see ftphed01 -> no help(-2),-2,no help,TRUE,
603,F,tphed07,binary,"see ftphed01 -> asked, no answer(-1)",-1,"asked, no answer",TRUE,
603,F,tphed07,binary,see ftphed01 -> no(0),0,no,FALSE,
603,F,tphed07,binary,see ftphed01 -> yes(1),1,yes,FALSE,
603,F,tphed08,binary,see ftphed01 -> no help(-2),-2,no help,TRUE,
603,F,tphed08,binary,"see ftphed01 -> asked, no answer(-1)",-1,"asked, no answer",TRUE,
603,F,tphed08,binary,see ftphed01 -> no(0),0,no,FALSE,
603,F,tphed08,binary,see ftphed01 -> yes(1),1,yes,FALSE,
603,F,tphed09,binary,see ftphed01 -> no help(-2),-2,no help,TRUE,
603,F,tphed09,binary,"see ftphed01 -> asked, no answer(-1)",-1,"asked, no answer",TRUE,
603,F,tphed09,binary,see ftphed01 -> no(0),0,no,FALSE,
603,F,tphed09,binary,see ftphed01 -> yes(1),1,yes,FALSE,
603,F,tphed10,binary,see ftphed01 -> no help(-2),-2,no help,TRUE,
603,F,tphed10,binary,"see ftphed01 -> asked, no answer(-1)",-1,"asked, no answer",TRUE,
603,F,tphed10,binary,see ftphed01 -> no(0),0,no,FALSE,
603,F,tphed10,binary,see ftphed01 -> yes(1),1,yes,FALSE,
603,F,tphed11,binary,see ftphed01 -> no help(-2),-2,no help,TRUE,
603,F,tphed11,binary,"see ftphed01 -> asked, no answer(-1)",-1,"asked, no answer",TRUE,
603,F,tphed11,binary,see ftphed01 -> no(0),0,no,FALSE,
603,F,tphed11,binary,see ftphed01 -> yes(1),1,yes,FALSE,
603,F,tphed12,binary,see ftphed01 -> no help(-2),-2,no help,TRUE,
603,F,tphed12,binary,"see ftphed01 -> asked, no answer(-1)",-1,"asked, no answer",TRUE,
603,F,tphed12,binary,see ftphed01 -> no(0),0,no,FALSE,
603,F,tphed12,binary,see ftphed01 -> yes(1),1,yes,FALSE,
603,F,tpstic1,binary,asked no answer(-1),-1,"asked, no answer",TRUE,
603,F,tpstic1,binary,no(1),1,no,FALSE,
603,F,tpstic1,binary,yes(2),2,yes,FALSE,
603,F,tphosp,binary,see ftpstic1 -> asked no answer(-1),-1,"asked, no answer",TRUE,
603,F,tphosp,binary,see ftpstic1 -> no(1),1,no,FALSE,
603,F,tphosp,binary,see ftpstic1 -> yes(2),2,yes,FALSE,
603,F,tpmeds,binary,see ftpstic1 -> asked no answer(-1),-1,"asked, no answer",TRUE,
603,F,tpmeds,binary,see ftpstic1 -> no(1),1,no,FALSE,
603,F,tpmeds,binary,see ftpstic1 -> yes(2),2,yes,FALSE,
603,F,tppsyh,binary,see ftpstic1 -> asked no answer(-1),-1,"asked, no answer",TRUE,
603,F,tppsyh,binary,see ftpstic1 -> no(1),1,no,FALSE,
603,F,tppsyh,binary,see ftpstic1 -> yes(2),2,yes,FALSE,
603,F,tppsyc,binary,see ftpstic1 -> asked no answer(-1),-1,"asked, no answer",TRUE,
603,F,tppsyc,binary,see ftpstic1 -> no(1),1,no,FALSE,
603,F,tppsyc,binary,see ftpstic1 -> yes(2),2,yes,FALSE,
603,F,tppha1,categorical,"asked, no answer(-1)",-1,"asked, no answer",TRUE,
603,F,tppha1,categorical,respondent bedridden(1),1,respondent bedridden,FALSE,
603,F,tppha1,categorical,R in wheelchair(2),2,R in wheelchair,FALSE,
603,F,tppha1,categorical,R with walking aid(3),3,R with walking aid,FALSE,
603,F,tppha1,categorical,"not 1, 2 or 3(4)",4,"not 1, 2 or 3",FALSE,
603,F,tpadl1a,ordinal,"asked, no answer / does not know(-1)",-1,"asked, no answer / does not know",TRUE,
603,F,tpadl1a,ordinal,"no, R cannot(1)",1,"no, R cannot",FALSE,
603,F,tpadl1a,ordinal,"yes, without difficulty(2)",2,"yes, without difficulty",FALSE,
603,F,tpadl1a,ordinal,"yes, with some difficulty(3)",3,"yes, with some difficulty",FALSE,
603,F,tpadl1a,ordinal,"yes, with much difficulty(4)",4,"yes, with much difficulty",FALSE,
603,F,tpadl1a,ordinal,only with help(5),5,only with help,FALSE,
603,F,tpadl2a,ordinal,"see ftpadl1a -> asked, no answer / does not know(-1)",-1,"asked, no answer / does not know",TRUE,
603,F,tpadl2a,ordinal,"see ftpadl1a -> no, R cannot(1)",1,"no, R cannot",FALSE,
603,F,tpadl2a,ordinal,"see ftpadl1a -> yes, without difficulty(2)",2,"yes, without difficulty",FALSE,
603,F,tpadl2a,ordinal,"see ftpadl1a -> yes, with some difficulty(3)",3,"yes, with some difficulty",FALSE,
603,F,tpadl2a,ordinal,"see ftpadl1a -> yes, with much difficulty(4)",4,"yes, with much difficulty",FALSE,
603,F,tpadl2a,ordinal,see ftpadl1a -> only with help(5),5,only with help,FALSE,
603,F,tpadl3a,ordinal,"see ftpadl1a -> asked, no answer / does not know(-1)",-1,"asked, no answer / does not know",TRUE,
603,F,tpadl3a,ordinal,"see ftpadl1a -> no, R cannot(1)",1,"no, R cannot",FALSE,
603,F,tpadl3a,ordinal,"see ftpadl1a -> yes, without difficulty(2)",2,"yes, without difficulty",FALSE,
603,F,tpadl3a,ordinal,"see ftpadl1a -> yes, with some difficulty(3)",3,"yes, with some difficulty",FALSE,
603,F,tpadl3a,ordinal,"see ftpadl1a -> yes, with much difficulty(4)",4,"yes, with much difficulty",FALSE,
603,F,tpadl3a,ordinal,see ftpadl1a -> only with help(5),5,only with help,FALSE,
603,F,tpadl4a,ordinal,"see ftpadl1a -> asked, no answer / does not know(-1)",-1,"asked, no answer / does not know",TRUE,
603,F,tpadl4a,ordinal,"see ftpadl1a -> no, R cannot(1)",1,"no, R cannot",FALSE,
603,F,tpadl4a,ordinal,"see ftpadl1a -> yes, without difficulty(2)",2,"yes, without difficulty",FALSE,
603,F,tpadl4a,ordinal,"see ftpadl1a -> yes, with some difficulty(3)",3,"yes, with some difficulty",FALSE,
603,F,tpadl4a,ordinal,"see ftpadl1a -> yes, with much difficulty(4)",4,"yes, with much difficulty",FALSE,
603,F,tpadl4a,ordinal,see ftpadl1a -> only with help(5),5,only with help,FALSE,
603,F,tpadl5a,ordinal,"see ftpadl1a -> asked, no answer / does not know(-1)",-1,"asked, no answer / does not know",TRUE,
603,F,tpadl5a,ordinal,"see ftpadl1a -> no, R cannot(1)",1,"no, R cannot",FALSE,
603,F,tpadl5a,ordinal,"see ftpadl1a -> yes, without difficulty(2)",2,"yes, without difficulty",FALSE,
603,F,tpadl5a,ordinal,"see ftpadl1a -> yes, with some difficulty(3)",3,"yes, with some difficulty",FALSE,
603,F,tpadl5a,ordinal,"see ftpadl1a -> yes, with much difficulty(4)",4,"yes, with much difficulty",FALSE,
603,F,tpadl5a,ordinal,see ftpadl1a -> only with help(5),5,only with help,FALSE,
603,F,tpadl6a,ordinal,"see ftpadl1a -> asked, no answer / does not know(-1)",-1,"asked, no answer / does not know",TRUE,
603,F,tpadl6a,ordinal,"see ftpadl1a -> no, R cannot(1)",1,"no, R cannot",FALSE,
603,F,tpadl6a,ordinal,"see ftpadl1a -> yes, without difficulty(2)",2,"yes, without difficulty",FALSE,
603,F,tpadl6a,ordinal,"see ftpadl1a -> yes, with some difficulty(3)",3,"yes, with some difficulty",FALSE,
603,F,tpadl6a,ordinal,"see ftpadl1a -> yes, with much difficulty(4)",4,"yes, with much difficulty",FALSE,
603,F,tpadl6a,ordinal,see ftpadl1a -> only with help(5),5,only with help,FALSE,
603,F,tpflwdiff,numeric,no valid data(-1),-1,no valid data,TRUE,
603,F,tpflwdiff,numeric,no difficulties(0),0,no difficulties,FALSE,
603,F,tpflwdiff,numeric,2 without difficulty(1),1,2 without difficulty,FALSE,
603,F,tpflwdiff,numeric,1 without difficulty(2),2,1 without difficulty,FALSE,
603,F,tpflwdiff,numeric,all with difficulty(3),3,all with difficulty,FALSE,
603,F,tpflwd#6,numeric,no valid data(-1),-1,no valid data,TRUE,
603,F,tpflwd#6,numeric,no difficulties(0),0,no difficulties,FALSE,
603,F,tpflwd#6,numeric,5 without difficulty(1),1,5 without difficulty,FALSE,
603,F,tpflwd#6,numeric,4 without difficulty(2),2,4 without difficulty,FALSE,
603,F,tpflwd#6,numeric,3 without difficulty(3),3,3 without difficulty,FALSE,
603,F,tpflwd#6,numeric,2 without difficulty(4),4,2 without difficulty,FALSE,
603,F,tpflwd#6,numeric,1 without difficulty(5),5,1 without difficulty,FALSE,
603,F,tpflwd#6,numeric,all with difficulty(6),6,all with difficulty,FALSE,
603,G,tphepyn,binary,"asked, no answer(-1)",-1,"asked, no answer",TRUE,
603,G,tphepyn,binary,no(1),1,no,FALSE,
603,G,tphepyn,binary,yes(2),2,yes,FALSE,
603,G,tphep01,binary,no help(-2),-2,no help,TRUE,
603,G,tphep01,binary,"asked, no answer(-1)",-1,"asked, no answer",TRUE,
603,G,tphep01,binary,not mentioned(0),0,not mentioned,FALSE,
603,G,tphep01,binary,mentioned(1),1,mentioned,FALSE,
603,G,tphep02,binary,see gtphep01 -> no help(-2),-2,no help,TRUE,
603,G,tphep02,binary,"see gtphep01 -> asked, no answer(-1)",-1,"asked, no answer",TRUE,
603,G,tphep02,binary,see gtphep01 -> not mentioned(0),0,not mentioned,FALSE,
603,G,tphep02,binary,see gtphep01 -> mentioned(1),1,mentioned,FALSE,
603,G,tphep03,binary,see gtphep01 -> no help(-2),-2,no help,TRUE,
603,G,tphep03,binary,"see gtphep01 -> asked, no answer(-1)",-1,"asked, no answer",TRUE,
603,G,tphep03,binary,see gtphep01 -> not mentioned(0),0,not mentioned,FALSE,
603,G,tphep03,binary,see gtphep01 -> mentioned(1),1,mentioned,FALSE,
603,G,tphep04,binary,see gtphep01 -> no help(-2),-2,no help,TRUE,
603,G,tphep04,binary,"see gtphep01 -> asked, no answer(-1)",-1,"asked, no answer",TRUE,
603,G,tphep04,binary,see gtphep01 -> not mentioned(0),0,not mentioned,FALSE,
603,G,tphep04,binary,see gtphep01 -> mentioned(1),1,mentioned,FALSE,
603,G,tphep05,binary,see gtphep01 -> no help(-2),-2,no help,TRUE,
603,G,tphep05,binary,"see gtphep01 -> asked, no answer(-1)",-1,"asked, no answer",TRUE,
603,G,tphep05,binary,see gtphep01 -> not mentioned(0),0,not mentioned,FALSE,
603,G,tphep05,binary,see gtphep01 -> mentioned(1),1,mentioned,FALSE,
603,G,tphep06,binary,see gtphep01 -> no help(-2),-2,no help,TRUE,
603,G,tphep06,binary,"see gtphep01 -> asked, no answer(-1)",-1,"asked, no answer",TRUE,
603,G,tphep06,binary,see gtphep01 -> not mentioned(0),0,not mentioned,FALSE,
603,G,tphep06,binary,see gtphep01 -> mentioned(1),1,mentioned,FALSE,
603,G,tphep07,binary,see gtphep01 -> no help(-2),-2,no help,TRUE,
603,G,tphep07,binary,"see gtphep01 -> asked, no answer(-1)",-1,"asked, no answer",TRUE,
603,G,tphep07,binary,see gtphep01 -> not mentioned(0),0,not mentioned,FALSE,
603,G,tphep07,binary,see gtphep01 -> mentioned(1),1,mentioned,FALSE,
603,G,tphep08,binary,see gtphep01 -> no help(-2),-2,no help,TRUE,
603,G,tphep08,binary,"see gtphep01 -> asked, no answer(-1)",-1,"asked, no answer",TRUE,
603,G,tphep08,binary,see gtphep01 -> not mentioned(0),0,not mentioned,FALSE,
603,G,tphep08,binary,see gtphep01 -> mentioned(1),1,mentioned,FALSE,
603,G,tphep09,binary,see gtphep01 -> no help(-2),-2,no help,TRUE,
603,G,tphep09,binary,"see gtphep01 -> asked, no answer(-1)",-1,"asked, no answer",TRUE,
603,G,tphep09,binary,see gtphep01 -> not mentioned(0),0,not mentioned,FALSE,
603,G,tphep09,binary,see gtphep01 -> mentioned(1),1,mentioned,FALSE,
603,G,tphep10,binary,see gtphep01 -> no help(-2),-2,no help,TRUE,
603,G,tphep10,binary,"see gtphep01 -> asked, no answer(-1)",-1,"asked, no answer",TRUE,
603,G,tphep10,binary,see gtphep01 -> not mentioned(0),0,not mentioned,FALSE,
603,G,tphep10,binary,see gtphep01 -> mentioned(1),1,mentioned,FALSE,
603,G,tphep11,binary,see gtphep01 -> no help(-2),-2,no help,TRUE,
603,G,tphep11,binary,"see gtphep01 -> asked, no answer(-1)",-1,"asked, no answer",TRUE,
603,G,tphep11,binary,see gtphep01 -> not mentioned(0),0,not mentioned,FALSE,
603,G,tphep11,binary,see gtphep01 -> mentioned(1),1,mentioned,FALSE,
603,G,tphep12,binary,see gtphep01 -> no help(-2),-2,no help,TRUE,
603,G,tphep12,binary,"see gtphep01 -> asked, no answer(-1)",-1,"asked, no answer",TRUE,
603,G,tphep12,binary,see gtphep01 -> not mentioned(0),0,not mentioned,FALSE,
603,G,tphep12,binary,see gtphep01 -> mentioned(1),1,mentioned,FALSE,
603,G,tphedyn,binary,"asked, no answer(-1)",-1,"asked, no answer",TRUE,
603,G,tphedyn,binary,no(1),1,no,FALSE,
603,G,tphedyn,binary,yes(2),2,yes,FALSE,
603,G,tphed01,binary,no help(-2),-2,no help,TRUE,
603,G,tphed01,binary,"asked, no answer(-1)",-1,"asked, no answer",TRUE,
603,G,tphed01,binary,no(0),0,no,FALSE,
603,G,tphed01,binary,yes(1),1,yes,FALSE,
603,G,tphed02,binary,see gtphed01 -> no help(-2),-2,no help,TRUE,
603,G,tphed02,binary,"see gtphed01 -> asked, no answer(-1)",-1,"asked, no answer",TRUE,
603,G,tphed02,binary,see gtphed01 -> no(0),0,no,FALSE,
603,G,tphed02,binary,see gtphed01 -> yes(1),1,yes,FALSE,
603,G,tphed03,binary,see gtphed01 -> no help(-2),-2,no help,TRUE,
603,G,tphed03,binary,"see gtphed01 -> asked, no answer(-1)",-1,"asked, no answer",TRUE,
603,G,tphed03,binary,see gtphed01 -> no(0),0,no,FALSE,
603,G,tphed03,binary,see gtphed01 -> yes(1),1,yes,FALSE,
603,G,tphed04,binary,see gtphed01 -> no help(-2),-2,no help,TRUE,
603,G,tphed04,binary,"see gtphed01 -> asked, no answer(-1)",-1,"asked, no answer",TRUE,
603,G,tphed04,binary,see gtphed01 -> no(0),0,no,FALSE,
603,G,tphed04,binary,see gtphed01 -> yes(1),1,yes,FALSE,
603,G,tphed05,binary,see gtphed01 -> no help(-2),-2,no help,TRUE,
603,G,tphed05,binary,"see gtphed01 -> asked, no answer(-1)",-1,"asked, no answer",TRUE,
603,G,tphed05,binary,see gtphed01 -> no(0),0,no,FALSE,
603,G,tphed05,binary,see gtphed01 -> yes(1),1,yes,FALSE,
603,G,tphed06,binary,see gtphed01 -> no help(-2),-2,no help,TRUE,
603,G,tphed06,binary,"see gtphed01 -> asked, no answer(-1)",-1,"asked, no answer",TRUE,
603,G,tphed06,binary,see gtphed01 -> no(0),0,no,FALSE,
603,G,tphed06,binary,see gtphed01 -> yes(1),1,yes,FALSE,
603,G,tphed07,binary,see gtphed01 -> no help(-2),-2,no help,TRUE,
603,G,tphed07,binary,"see gtphed01 -> asked, no answer(-1)",-1,"asked, no answer",TRUE,
603,G,tphed07,binary,see gtphed01 -> no(0),0,no,FALSE,
603,G,tphed07,binary,see gtphed01 -> yes(1),1,yes,FALSE,
603,G,tphed08,binary,see gtphed01 -> no help(-2),-2,no help,TRUE,
603,G,tphed08,binary,"see gtphed01 -> asked, no answer(-1)",-1,"asked, no answer",TRUE,
603,G,tphed08,binary,see gtphed01 -> no(0),0,no,FALSE,
603,G,tphed08,binary,see gtphed01 -> yes(1),1,yes,FALSE,
603,G,tphed09,binary,see gtphed01 -> no help(-2),-2,no help,TRUE,
603,G,tphed09,binary,"see gtphed01 -> asked, no answer(-1)",-1,"asked, no answer",TRUE,
603,G,tphed09,binary,see gtphed01 -> no(0),0,no,FALSE,
603,G,tphed09,binary,see gtphed01 -> yes(1),1,yes,FALSE,
603,G,tphed10,binary,see gtphed01 -> no help(-2),-2,no help,TRUE,
603,G,tphed10,binary,"see gtphed01 -> asked, no answer(-1)",-1,"asked, no answer",TRUE,
603,G,tphed10,binary,see gtphed01 -> no(0),0,no,FALSE,
603,G,tphed10,binary,see gtphed01 -> yes(1),1,yes,FALSE,
603,G,tphed11,binary,see gtphed01 -> no help(-2),-2,no help,TRUE,
603,G,tphed11,binary,"see gtphed01 -> asked, no answer(-1)",-1,"asked, no answer",TRUE,
603,G,tphed11,binary,see gtphed01 -> no(0),0,no,FALSE,
603,G,tphed11,binary,see gtphed01 -> yes(1),1,yes,FALSE,
603,G,tphed12,binary,see gtphed01 -> no help(-2),-2,no help,TRUE,
603,G,tphed12,binary,"see gtphed01 -> asked, no answer(-1)",-1,"asked, no answer",TRUE,
603,G,tphed12,binary,see gtphed01 -> no(0),0,no,FALSE,
603,G,tphed12,binary,see gtphed01 -> yes(1),1,yes,FALSE,
603,G,tpstic1,binary,asked no answer(-1),-1,"asked, no answer",TRUE,
603,G,tpstic1,binary,no(1),1,no,FALSE,
603,G,tpstic1,binary,yes(2),2,yes,FALSE,
603,G,tphosp,binary,see gtpstic1 -> asked no answer(-1),-1,"asked, no answer",TRUE,
603,G,tphosp,binary,see gtpstic1 -> no(1),1,no,FALSE,
603,G,tphosp,binary,see gtpstic1 -> yes(2),2,yes,FALSE,
603,G,tpmeds,binary,see gtpstic1 -> asked no answer(-1),-1,"asked, no answer",TRUE,
603,G,tpmeds,binary,see gtpstic1 -> no(1),1,no,FALSE,
603,G,tpmeds,binary,see gtpstic1 -> yes(2),2,yes,FALSE,
603,G,tppsyh,binary,see gtpstic1 -> asked no answer(-1),-1,"asked, no answer",TRUE,
603,G,tppsyh,binary,see gtpstic1 -> no(1),1,no,FALSE,
603,G,tppsyh,binary,see gtpstic1 -> yes(2),2,yes,FALSE,
603,G,tppsyc,binary,see gtpstic1 -> asked no answer(-1),-1,"asked, no answer",TRUE,
603,G,tppsyc,binary,see gtpstic1 -> no(1),1,no,FALSE,
603,G,tppsyc,binary,see gtpstic1 -> yes(2),2,yes,FALSE,
603,G,tppha1,categorical,"asked, no answer(-1)",-1,"asked, no answer",TRUE,
603,G,tppha1,categorical,respondent bedridden(1),1,respondent bedridden,FALSE,
603,G,tppha1,categorical,R in wheelchair(2),2,R in wheelchair,FALSE,
603,G,tppha1,categorical,R with walking aid(3),3,R with walking aid,FALSE,
603,G,tppha1,categorical,"not 1, 2 or 3(4)",4,"not 1, 2 or 3",FALSE,
603,G,tpadl1a,ordinal,"asked, no answer / does not know(-1)",-1,"asked, no answer / does not know",TRUE,
603,G,tpadl1a,ordinal,"no, R cannot(1)",1,"no, R cannot",FALSE,
603,G,tpadl1a,ordinal,"yes, without difficulty(2)",2,"yes, without difficulty",FALSE,
603,G,tpadl1a,ordinal,"yes, with some difficulty(3)",3,"yes, with some difficulty",FALSE,
603,G,tpadl1a,ordinal,"yes, with much difficulty(4)",4,"yes, with much difficulty",FALSE,
603,G,tpadl1a,ordinal,only with help(5),5,only with help,FALSE,
603,G,tpadl2a,ordinal,"see gtpadl1a -> asked, no answer / does not know(-1)",-1,"asked, no answer / does not know",TRUE,
603,G,tpadl2a,ordinal,"see gtpadl1a -> no, R cannot(1)",1,"no, R cannot",FALSE,
603,G,tpadl2a,ordinal,"see gtpadl1a -> yes, without difficulty(2)",2,"yes, without difficulty",FALSE,
603,G,tpadl2a,ordinal,"see gtpadl1a -> yes, with some difficulty(3)",3,"yes, with some difficulty",FALSE,
603,G,tpadl2a,ordinal,"see gtpadl1a -> yes, with much difficulty(4)",4,"yes, with much difficulty",FALSE,
603,G,tpadl2a,ordinal,see gtpadl1a -> only with help(5),5,only with help,FALSE,
603,G,tpadl3a,ordinal,"see gtpadl1a -> asked, no answer / does not know(-1)",-1,"asked, no answer / does not know",TRUE,
603,G,tpadl3a,ordinal,"see gtpadl1a -> no, R cannot(1)",1,"no, R cannot",FALSE,
603,G,tpadl3a,ordinal,"see gtpadl1a -> yes, without difficulty(2)",2,"yes, without difficulty",FALSE,
603,G,tpadl3a,ordinal,"see gtpadl1a -> yes, with some difficulty(3)",3,"yes, with some difficulty",FALSE,
603,G,tpadl3a,ordinal,"see gtpadl1a -> yes, with much difficulty(4)",4,"yes, with much difficulty",FALSE,
603,G,tpadl3a,ordinal,see gtpadl1a -> only with help(5),5,only with help,FALSE,
603,G,tpadl4a,ordinal,"see gtpadl1a -> asked, no answer / does not know(-1)",-1,"asked, no answer / does not know",TRUE,
603,G,tpadl4a,ordinal,"see gtpadl1a -> no, R cannot(1)",1,"no, R cannot",FALSE,
603,G,tpadl4a,ordinal,"see gtpadl1a -> yes, without difficulty(2)",2,"yes, without difficulty",FALSE,
603,G,tpadl4a,ordinal,"see gtpadl1a -> yes, with some difficulty(3)",3,"yes, with some difficulty",FALSE,
603,G,tpadl4a,ordinal,"see gtpadl1a -> yes, with much difficulty(4)",4,"yes, with much difficulty",FALSE,
603,G,tpadl4a,ordinal,see gtpadl1a -> only with help(5),5,only with help,FALSE,
603,G,tpadl5a,ordinal,"see gtpadl1a -> asked, no answer / does not know(-1)",-1,"asked, no answer / does not know",TRUE,
603,G,tpadl5a,ordinal,"see gtpadl1a -> no, R cannot(1)",1,"no, R cannot",FALSE,
603,G,tpadl5a,ordinal,"see gtpadl1a -> yes, without difficulty(2)",2,"yes, without difficulty",FALSE,
603,G,tpadl5a,ordinal,"see gtpadl1a -> yes, with some difficulty(3)",3,"yes, with some difficulty",FALSE,
603,G,tpadl5a,ordinal,"see gtpadl1a -> yes, with much difficulty(4)",4,"yes, with much difficulty",FALSE,
603,G,tpadl5a,ordinal,see gtpadl1a -> only with help(5),5,only with help,FALSE,
603,G,tpadl6a,ordinal,"see gtpadl1a -> asked, no answer / does not know(-1)",-1,"asked, no answer / does not know",TRUE,
603,G,tpadl6a,ordinal,"see gtpadl1a -> no, R cannot(1)",1,"no, R cannot",FALSE,
603,G,tpadl6a,ordinal,"see gtpadl1a -> yes, without difficulty(2)",2,"yes, without difficulty",FALSE,
603,G,tpadl6a,ordinal,"see gtpadl1a -> yes, with some difficulty(3)",3,"yes, with some difficulty",FALSE,
603,G,tpadl6a,ordinal,"see gtpadl1a -> yes, with much difficulty(4)",4,"yes, with much difficulty",FALSE,
603,G,tpadl6a,ordinal,see gtpadl1a -> only with help(5),5,only with help,FALSE,
603,G,tpflwdiff,numeric,no valid data(-1),-1,no valid data,TRUE,
603,G,tpflwdiff,numeric,no difficulties(0),0,no difficulties,FALSE,
603,G,tpflwdiff,numeric,2 without difficulty(1),1,2 without difficulty,FALSE,
603,G,tpflwdiff,numeric,1 without difficulty(2),2,1 without difficulty,FALSE,
603,G,tpflwdiff,numeric,all with difficulty(3),3,all with difficulty,FALSE,
603,G,tpflwd#6,numeric,no valid data(-1),-1,no valid data,TRUE,
603,G,tpflwd#6,numeric,no difficulties(0),0,no difficulties,FALSE,
603,G,tpflwd#6,numeric,5 without difficulty(1),1,5 without difficulty,FALSE,
603,G,tpflwd#6,numeric,4 without difficulty(2),2,4 without difficulty,FALSE,
603,G,tpflwd#6,numeric,3 without difficulty(3),3,3 without difficulty,FALSE,
603,G,tpflwd#6,numeric,2 without difficulty(4),4,2 without difficulty,FALSE,
603,G,tpflwd#6,numeric,1 without difficulty(5),5,1 without difficulty,FALSE,
603,G,tpflwd#6,numeric,all with difficulty(6),6,all with difficulty,FALSE,
603,H,tphepyn,binary,"asked, no answer(-1)",-1,"asked, no answer",TRUE,
603,H,tphepyn,binary,no(1),1,no,FALSE,
603,H,tphepyn,binary,yes(2),2,yes,FALSE,
603,H,tphep01,binary,no help(-2),-2,no help,TRUE,
603,H,tphep01,binary,"asked, no answer(-1)",-1,"asked, no answer",TRUE,
603,H,tphep01,binary,not mentioned(0),0,not mentioned,FALSE,
603,H,tphep01,binary,mentioned(1),1,mentioned,FALSE,
603,H,tphep02,binary,see htphep01 -> no help(-2),-2,no help,TRUE,
603,H,tphep02,binary,"see htphep01 -> asked, no answer(-1)",-1,"asked, no answer",TRUE,
603,H,tphep02,binary,see htphep01 -> not mentioned(0),0,not mentioned,FALSE,
603,H,tphep02,binary,see htphep01 -> mentioned(1),1,mentioned,FALSE,
603,H,tphep03,binary,see htphep01 -> no help(-2),-2,no help,TRUE,
603,H,tphep03,binary,"see htphep01 -> asked, no answer(-1)",-1,"asked, no answer",TRUE,
603,H,tphep03,binary,see htphep01 -> not mentioned(0),0,not mentioned,FALSE,
603,H,tphep03,binary,see htphep01 -> mentioned(1),1,mentioned,FALSE,
603,H,tphep04,binary,see htphep01 -> no help(-2),-2,no help,TRUE,
603,H,tphep04,binary,"see htphep01 -> asked, no answer(-1)",-1,"asked, no answer",TRUE,
603,H,tphep04,binary,see htphep01 -> not mentioned(0),0,not mentioned,FALSE,
603,H,tphep04,binary,see htphep01 -> mentioned(1),1,mentioned,FALSE,
603,H,tphep05,binary,see htphep01 -> no help(-2),-2,no help,TRUE,
603,H,tphep05,binary,"see htphep01 -> asked, no answer(-1)",-1,"asked, no answer",TRUE,
603,H,tphep05,binary,see htphep01 -> not mentioned(0),0,not mentioned,FALSE,
603,H,tphep05,binary,see htphep01 -> mentioned(1),1,mentioned,FALSE,
603,H,tphep06,binary,see htphep01 -> no help(-2),-2,no help,TRUE,
603,H,tphep06,binary,"see htphep01 -> asked, no answer(-1)",-1,"asked, no answer",TRUE,
603,H,tphep06,binary,see htphep01 -> not mentioned(0),0,not mentioned,FALSE,
603,H,tphep06,binary,see htphep01 -> mentioned(1),1,mentioned,FALSE,
603,H,tphep07,binary,see htphep01 -> no help(-2),-2,no help,TRUE,
603,H,tphep07,binary,"see htphep01 -> asked, no answer(-1)",-1,"asked, no answer",TRUE,
603,H,tphep07,binary,see htphep01 -> not mentioned(0),0,not mentioned,FALSE,
603,H,tphep07,binary,see htphep01 -> mentioned(1),1,mentioned,FALSE,
603,H,tphep08,binary,see htphep01 -> no help(-2),-2,no help,TRUE,
603,H,tphep08,binary,"see htphep01 -> asked, no answer(-1)",-1,"asked, no answer",TRUE,
603,H,tphep08,binary,see htphep01 -> not mentioned(0),0,not mentioned,FALSE,
603,H,tphep08,binary,see htphep01 -> mentioned(1),1,mentioned,FALSE,
603,H,tphep09,binary,see htphep01 -> no help(-2),-2,no help,TRUE,
603,H,tphep09,binary,"see htphep01 -> asked, no answer(-1)",-1,"asked, no answer",TRUE,
603,H,tphep09,binary,see htphep01 -> not mentioned(0),0,not mentioned,FALSE,
603,H,tphep09,binary,see htphep01 -> mentioned(1),1,mentioned,FALSE,
603,H,tphep10,binary,see htphep01 -> no help(-2),-2,no help,TRUE,
603,H,tphep10,binary,"see htphep01 -> asked, no answer(-1)",-1,"asked, no answer",TRUE,
603,H,tphep10,binary,see htphep01 -> not mentioned(0),0,not mentioned,FALSE,
603,H,tphep10,binary,see htphep01 -> mentioned(1),1,mentioned,FALSE,
603,H,tphep11,binary,see htphep01 -> no help(-2),-2,no help,TRUE,
603,H,tphep11,binary,"see htphep01 -> asked, no answer(-1)",-1,"asked, no answer",TRUE,
603,H,tphep11,binary,see htphep01 -> not mentioned(0),0,not mentioned,FALSE,
603,H,tphep11,binary,see htphep01 -> mentioned(1),1,mentioned,FALSE,
603,H,tphep12,binary,see htphep01 -> no help(-2),-2,no help,TRUE,
603,H,tphep12,binary,"see htphep01 -> asked, no answer(-1)",-1,"asked, no answer",TRUE,
603,H,tphep12,binary,see htphep01 -> not mentioned(0),0,not mentioned,FALSE,
603,H,tphep12,binary,see htphep01 -> mentioned(1),1,mentioned,FALSE,
603,H,tphedyn,binary,"asked, no answer(-1)",-1,"asked, no answer",TRUE,
603,H,tphedyn,binary,no(1),1,no,FALSE,
603,H,tphedyn,binary,yes(2),2,yes,FALSE,
603,H,tphed01,binary,no help(-2),-2,no help,TRUE,
603,H,tphed01,binary,"asked, no answer(-1)",-1,"asked, no answer",TRUE,
603,H,tphed01,binary,not mentioned(0),0,not mentioned,FALSE,
603,H,tphed01,binary,mentioned(1),1,mentioned,FALSE,
603,H,tphed02,binary,see htphed01 -> no help(-2),-2,no help,TRUE,
603,H,tphed02,binary,"see htphed01 -> asked, no answer(-1)",-1,"asked, no answer",TRUE,
603,H,tphed02,binary,see htphed01 -> not mentioned(0),0,not mentioned,FALSE,
603,H,tphed02,binary,see htphed01 -> mentioned(1),1,mentioned,FALSE,
603,H,tphed03,binary,see htphed01 -> no help(-2),-2,no help,TRUE,
603,H,tphed03,binary,"see htphed01 -> asked, no answer(-1)",-1,"asked, no answer",TRUE,
603,H,tphed03,binary,see htphed01 -> not mentioned(0),0,not mentioned,FALSE,
603,H,tphed03,binary,see htphed01 -> mentioned(1),1,mentioned,FALSE,
603,H,tphed04,binary,see htphed01 -> no help(-2),-2,no help,TRUE,
603,H,tphed04,binary,"see htphed01 -> asked, no answer(-1)",-1,"asked, no answer",TRUE,
603,H,tphed04,binary,see htphed01 -> not mentioned(0),0,not mentioned,FALSE,
603,H,tphed04,binary,see htphed01 -> mentioned(1),1,mentioned,FALSE,
603,H,tphed05,binary,see htphed01 -> no help(-2),-2,no help,TRUE,
603,H,tphed05,binary,"see htphed01 -> asked, no answer(-1)",-1,"asked, no answer",TRUE,
603,H,tphed05,binary,see htphed01 -> not mentioned(0),0,not mentioned,FALSE,
603,H,tphed05,binary,see htphed01 -> mentioned(1),1,mentioned,FALSE,
603,H,tphed06,binary,see htphed01 -> no help(-2),-2,no help,TRUE,
603,H,tphed06,binary,"see htphed01 -> asked, no answer(-1)",-1,"asked, no answer",TRUE,
603,H,tphed06,binary,see htphed01 -> not mentioned(0),0,not mentioned,FALSE,
603,H,tphed06,binary,see htphed01 -> mentioned(1),1,mentioned,FALSE,
603,H,tphed07,binary,see htphed01 -> no help(-2),-2,no help,TRUE,
603,H,tphed07,binary,"see htphed01 -> asked, no answer(-1)",-1,"asked, no answer",TRUE,
603,H,tphed07,binary,see htphed01 -> not mentioned(0),0,not mentioned,FALSE,
603,H,tphed07,binary,see htphed01 -> mentioned(1),1,mentioned,FALSE,
603,H,tphed08,binary,see htphed01 -> no help(-2),-2,no help,TRUE,
603,H,tphed08,binary,"see htphed01 -> asked, no answer(-1)",-1,"asked, no answer",TRUE,
603,H,tphed08,binary,see htphed01 -> not mentioned(0),0,not mentioned,FALSE,
603,H,tphed08,binary,see htphed01 -> mentioned(1),1,mentioned,FALSE,
603,H,tphed09,binary,see htphed01 -> no help(-2),-2,no help,TRUE,
603,H,tphed09,binary,"see htphed01 -> asked, no answer(-1)",-1,"asked, no answer",TRUE,
603,H,tphed09,binary,see htphed01 -> not mentioned(0),0,not mentioned,FALSE,
603,H,tphed09,binary,see htphed01 -> mentioned(1),1,mentioned,FALSE,
603,H,tphed10,binary,see htphed01 -> no help(-2),-2,no help,TRUE,
603,H,tphed10,binary,"see htphed01 -> asked, no answer(-1)",-1,"asked, no answer",TRUE,
603,H,tphed10,binary,see htphed01 -> not mentioned(0),0,not mentioned,FALSE,
603,H,tphed10,binary,see htphed01 -> mentioned(1),1,mentioned,FALSE,
603,H,tphed11,binary,see htphed01 -> no help(-2),-2,no help,TRUE,
603,H,tphed11,binary,"see htphed01 -> asked, no answer(-1)",-1,"asked, no answer",TRUE,
603,H,tphed11,binary,see htphed01 -> not mentioned(0),0,not mentioned,FALSE,
603,H,tphed11,binary,see htphed01 -> mentioned(1),1,mentioned,FALSE,
603,H,tphed12,binary,see htphed01 -> no help(-2),-2,no help,TRUE,
603,H,tphed12,binary,"see htphed01 -> asked, no answer(-1)",-1,"asked, no answer",TRUE,
603,H,tphed12,binary,see htphed01 -> not mentioned(0),0,not mentioned,FALSE,
603,H,tphed12,binary,see htphed01 -> mentioned(1),1,mentioned,FALSE,
603,H,tphenyn,binary,"asked, no answer(-1)",-1,"asked, no answer",TRUE,
603,H,tphenyn,binary,no(1),1,no,FALSE,
603,H,tphenyn,binary,yes(2),2,yes,FALSE,
603,H,tphen01,binary,no help(-2),-2,no help,TRUE,
603,H,tphen01,binary,"asked, no answer(-1)",-1,"asked, no answer",TRUE,
603,H,tphen01,binary,not mentioned(0),0,not mentioned,FALSE,
603,H,tphen01,binary,mentioned(1),1,mentioned,FALSE,
603,H,tphen02,binary,see htphen01 -> no help(-2),-2,no help,TRUE,
603,H,tphen02,binary,"see htphen01 -> asked, no answer(-1)",-1,"asked, no answer",TRUE,
603,H,tphen02,binary,see htphen01 -> not mentioned(0),0,not mentioned,FALSE,
603,H,tphen02,binary,see htphen01 -> mentioned(1),1,mentioned,FALSE,
603,H,tphen03,binary,see htphen01 -> no help(-2),-2,no help,TRUE,
603,H,tphen03,binary,"see htphen01 -> asked, no answer(-1)",-1,"asked, no answer",TRUE,
603,H,tphen03,binary,see htphen01 -> not mentioned(0),0,not mentioned,FALSE,
603,H,tphen03,binary,see htphen01 -> mentioned(1),1,mentioned,FALSE,
603,H,tphen04,binary,see htphen01 -> no help(-2),-2,no help,TRUE,
603,H,tphen04,binary,"see htphen01 -> asked, no answer(-1)",-1,"asked, no answer",TRUE,
603,H,tphen04,binary,see htphen01 -> not mentioned(0),0,not mentioned,FALSE,
603,H,tphen04,binary,see htphen01 -> mentioned(1),1,mentioned,FALSE,
603,H,tphen05,binary,see htphen01 -> no help(-2),-2,no help,TRUE,
603,H,tphen05,binary,"see htphen01 -> asked, no answer(-1)",-1,"asked, no answer",TRUE,
603,H,tphen05,binary,see htphen01 -> not mentioned(0),0,not mentioned,FALSE,
603,H,tphen05,binary,see htphen01 -> mentioned(1),1,mentioned,FALSE,
603,H,tphen06,binary,see htphen01 -> no help(-2),-2,no help,TRUE,
603,H,tphen06,binary,"see htphen01 -> asked, no answer(-1)",-1,"asked, no answer",TRUE,
603,H,tphen06,binary,see htphen01 -> not mentioned(0),0,not mentioned,FALSE,
603,H,tphen06,binary,see htphen01 -> mentioned(1),1,mentioned,FALSE,
603,H,tphen07,binary,see htphen01 -> no help(-2),-2,no help,TRUE,
603,H,tphen07,binary,"see htphen01 -> asked, no answer(-1)",-1,"asked, no answer",TRUE,
603,H,tphen07,binary,see htphen01 -> not mentioned(0),0,not mentioned,FALSE,
603,H,tphen07,binary,see htphen01 -> mentioned(1),1,mentioned,FALSE,
603,H,tphen08,binary,see htphen01 -> no help(-2),-2,no help,TRUE,
603,H,tphen08,binary,"see htphen01 -> asked, no answer(-1)",-1,"asked, no answer",TRUE,
603,H,tphen08,binary,see htphen01 -> not mentioned(0),0,not mentioned,FALSE,
603,H,tphen08,binary,see htphen01 -> mentioned(1),1,mentioned,FALSE,
603,H,tphen09,binary,see htphen01 -> no help(-2),-2,no help,TRUE,
603,H,tphen09,binary,"see htphen01 -> asked, no answer(-1)",-1,"asked, no answer",TRUE,
603,H,tphen09,binary,see htphen01 -> not mentioned(0),0,not mentioned,FALSE,
603,H,tphen09,binary,see htphen01 -> mentioned(1),1,mentioned,FALSE,
603,H,tphen10,binary,see htphen01 -> no help(-2),-2,no help,TRUE,
603,H,tphen10,binary,"see htphen01 -> asked, no answer(-1)",-1,"asked, no answer",TRUE,
603,H,tphen10,binary,see htphen01 -> not mentioned(0),0,not mentioned,FALSE,
603,H,tphen10,binary,see htphen01 -> mentioned(1),1,mentioned,FALSE,
603,H,tphen11,binary,see htphen01 -> no help(-2),-2,no help,TRUE,
603,H,tphen11,binary,"see htphen01 -> asked, no answer(-1)",-1,"asked, no answer",TRUE,
603,H,tphen11,binary,see htphen01 -> not mentioned(0),0,not mentioned,FALSE,
603,H,tphen11,binary,see htphen01 -> mentioned(1),1,mentioned,FALSE,
603,H,tphen12,binary,see htphen01 -> no help(-2),-2,no help,TRUE,
603,H,tphen12,binary,"see htphen01 -> asked, no answer(-1)",-1,"asked, no answer",TRUE,
603,H,tphen12,binary,see htphen01 -> not mentioned(0),0,not mentioned,FALSE,
603,H,tphen12,binary,see htphen01 -> mentioned(1),1,mentioned,FALSE,
603,H,tphegyn,binary,"asked, no answer(-1)",-1,"asked, no answer",TRUE,
603,H,tphegyn,binary,no(1),1,no,FALSE,
603,H,tphegyn,binary,yes(2),2,yes,FALSE,
603,H,tpheg01,binary,no help(-2),-2,no help,TRUE,
603,H,tpheg01,binary,"asked, no answer(-1)",-1,"asked, no answer",TRUE,
603,H,tpheg01,binary,not mentioned(0),0,not mentioned,FALSE,
603,H,tpheg01,binary,mentioned(1),1,mentioned,FALSE,
603,H,tpheg02,binary,see htpheg01 -> no help(-2),-2,no help,TRUE,
603,H,tpheg02,binary,"see htpheg01 -> asked, no answer(-1)",-1,"asked, no answer",TRUE,
603,H,tpheg02,binary,see htpheg01 -> not mentioned(0),0,not mentioned,FALSE,
603,H,tpheg02,binary,see htpheg01 -> mentioned(1),1,mentioned,FALSE,
603,H,tpheg03,binary,see htpheg01 -> no help(-2),-2,no help,TRUE,
603,H,tpheg03,binary,"see htpheg01 -> asked, no answer(-1)",-1,"asked, no answer",TRUE,
603,H,tpheg03,binary,see htpheg01 -> not mentioned(0),0,not mentioned,FALSE,
603,H,tpheg03,binary,see htpheg01 -> mentioned(1),1,mentioned,FALSE,
603,H,tpheg04,binary,see htpheg01 -> no help(-2),-2,no help,TRUE,
603,H,tpheg04,binary,"see htpheg01 -> asked, no answer(-1)",-1,"asked, no answer",TRUE,
603,H,tpheg04,binary,see htpheg01 -> not mentioned(0),0,not mentioned,FALSE,
603,H,tpheg04,binary,see htpheg01 -> mentioned(1),1,mentioned,FALSE,
603,H,tpheg05,binary,see htpheg01 -> no help(-2),-2,no help,TRUE,
603,H,tpheg05,binary,"see htpheg01 -> asked, no answer(-1)",-1,"asked, no answer",TRUE,
603,H,tpheg05,binary,see htpheg01 -> not mentioned(0),0,not mentioned,FALSE,
603,H,tpheg05,binary,see htpheg01 -> mentioned(1),1,mentioned,FALSE,
603,H,tpheg06,binary,see htpheg01 -> no help(-2),-2,no help,TRUE,
603,H,tpheg06,binary,"see htpheg01 -> asked, no answer(-1)",-1,"asked, no answer",TRUE,
603,H,tpheg06,binary,see htpheg01 -> not mentioned(0),0,not mentioned,FALSE,
603,H,tpheg06,binary,see htpheg01 -> mentioned(1),1,mentioned,FALSE,
603,H,tpheg07,binary,see htpheg01 -> no help(-2),-2,no help,TRUE,
603,H,tpheg07,binary,"see htpheg01 -> asked, no answer(-1)",-1,"asked, no answer",TRUE,
603,H,tpheg07,binary,see htpheg01 -> not mentioned(0),0,not mentioned,FALSE,
603,H,tpheg07,binary,see htpheg01 -> mentioned(1),1,mentioned,FALSE,
603,H,tpheg08,binary,see htpheg01 -> no help(-2),-2,no help,TRUE,
603,H,tpheg08,binary,"see htpheg01 -> asked, no answer(-1)",-1,"asked, no answer",TRUE,
603,H,tpheg08,binary,see htpheg01 -> not mentioned(0),0,not mentioned,FALSE,
603,H,tpheg08,binary,see htpheg01 -> mentioned(1),1,mentioned,FALSE,
603,H,tpheg09,binary,see htpheg01 -> no help(-2),-2,no help,TRUE,
603,H,tpheg09,binary,"see htpheg01 -> asked, no answer(-1)",-1,"asked, no answer",TRUE,
603,H,tpheg09,binary,see htpheg01 -> not mentioned(0),0,not mentioned,FALSE,
603,H,tpheg09,binary,see htpheg01 -> mentioned(1),1,mentioned,FALSE,
603,H,tpheg10,binary,see htpheg01 -> no help(-2),-2,no help,TRUE,
603,H,tpheg10,binary,"see htpheg01 -> asked, no answer(-1)",-1,"asked, no answer",TRUE,
603,H,tpheg10,binary,see htpheg01 -> not mentioned(0),0,not mentioned,FALSE,
603,H,tpheg10,binary,see htpheg01 -> mentioned(1),1,mentioned,FALSE,
603,H,tpheg11,binary,see htpheg01 -> no help(-2),-2,no help,TRUE,
603,H,tpheg11,binary,"see htpheg01 -> asked, no answer(-1)",-1,"asked, no answer",TRUE,
603,H,tpheg11,binary,see htpheg01 -> not mentioned(0),0,not mentioned,FALSE,
603,H,tpheg11,binary,see htpheg01 -> mentioned(1),1,mentioned,FALSE,
603,H,tpheg12,binary,see htpheg01 -> no help(-2),-2,no help,TRUE,
603,H,tpheg12,binary,"see htpheg01 -> asked, no answer(-1)",-1,"asked, no answer",TRUE,
603,H,tpheg12,binary,see htpheg01 -> not mentioned(0),0,not mentioned,FALSE,
603,H,tpheg12,binary,see htpheg01 -> mentioned(1),1,mentioned,FALSE,
603,H,tpheayn,binary,"asked, no answer(-1)",-1,"asked, no answer",TRUE,
603,H,tpheayn,binary,no(1),1,no,FALSE,
603,H,tpheayn,binary,yes(2),2,yes,FALSE,
603,H,tphea01,binary,no help(-2),-2,no help,TRUE,
603,H,tphea01,binary,"asked, no answer(-1)",-1,"asked, no answer",TRUE,
603,H,tphea01,binary,not mentioned(0),0,not mentioned,FALSE,
603,H,tphea01,binary,mentioned(1),1,mentioned,FALSE,
603,H,tphea02,binary,see htphea01 -> no help(-2),-2,no help,TRUE,
603,H,tphea02,binary,"see htphea01 -> asked, no answer(-1)",-1,"asked, no answer",TRUE,
603,H,tphea02,binary,see htphea01 -> not mentioned(0),0,not mentioned,FALSE,
603,H,tphea02,binary,see htphea01 -> mentioned(1),1,mentioned,FALSE,
603,H,tphea03,binary,see htphea01 -> no help(-2),-2,no help,TRUE,
603,H,tphea03,binary,"see htphea01 -> asked, no answer(-1)",-1,"asked, no answer",TRUE,
603,H,tphea03,binary,see htphea01 -> not mentioned(0),0,not mentioned,FALSE,
603,H,tphea03,binary,see htphea01 -> mentioned(1),1,mentioned,FALSE,
603,H,tphea04,binary,see htphea01 -> no help(-2),-2,no help,TRUE,
603,H,tphea04,binary,"see htphea01 -> asked, no answer(-1)",-1,"asked, no answer",TRUE,
603,H,tphea04,binary,see htphea01 -> not mentioned(0),0,not mentioned,FALSE,
603,H,tphea04,binary,see htphea01 -> mentioned(1),1,mentioned,FALSE,
603,H,tphea05,binary,see htphea01 -> no help(-2),-2,no help,TRUE,
603,H,tphea05,binary,"see htphea01 -> asked, no answer(-1)",-1,"asked, no answer",TRUE,
603,H,tphea05,binary,see htphea01 -> not mentioned(0),0,not mentioned,FALSE,
603,H,tphea05,binary,see htphea01 -> mentioned(1),1,mentioned,FALSE,
603,H,tphea06,binary,see htphea01 -> no help(-2),-2,no help,TRUE,
603,H,tphea06,binary,"see htphea01 -> asked, no answer(-1)",-1,"asked, no answer",TRUE,
603,H,tphea06,binary,see htphea01 -> not mentioned(0),0,not mentioned,FALSE,
603,H,tphea06,binary,see htphea01 -> mentioned(1),1,mentioned,FALSE,
603,H,tphea07,binary,see htphea01 -> no help(-2),-2,no help,TRUE,
603,H,tphea07,binary,"see htphea01 -> asked, no answer(-1)",-1,"asked, no answer",TRUE,
603,H,tphea07,binary,see htphea01 -> not mentioned(0),0,not mentioned,FALSE,
603,H,tphea07,binary,see htphea01 -> mentioned(1),1,mentioned,FALSE,
603,H,tphea08,binary,see htphea01 -> no help(-2),-2,no help,TRUE,
603,H,tphea08,binary,"see htphea01 -> asked, no answer(-1)",-1,"asked, no answer",TRUE,
603,H,tphea08,binary,see htphea01 -> not mentioned(0),0,not mentioned,FALSE,
603,H,tphea08,binary,see htphea01 -> mentioned(1),1,mentioned,FALSE,
603,H,tphea09,binary,see htphea01 -> no help(-2),-2,no help,TRUE,
603,H,tphea09,binary,"see htphea01 -> asked, no answer(-1)",-1,"asked, no answer",TRUE,
603,H,tphea09,binary,see htphea01 -> not mentioned(0),0,not mentioned,FALSE,
603,H,tphea09,binary,see htphea01 -> mentioned(1),1,mentioned,FALSE,
603,H,tphea10,binary,see htphea01 -> no help(-2),-2,no help,TRUE,
603,H,tphea10,binary,"see htphea01 -> asked, no answer(-1)",-1,"asked, no answer",TRUE,
603,H,tphea10,binary,see htphea01 -> not mentioned(0),0,not mentioned,FALSE,
603,H,tphea10,binary,see htphea01 -> mentioned(1),1,mentioned,FALSE,
603,H,tphea11,binary,see htphea01 -> no help(-2),-2,no help,TRUE,
603,H,tphea11,binary,"see htphea01 -> asked, no answer(-1)",-1,"asked, no answer",TRUE,
603,H,tphea11,binary,see htphea01 -> not mentioned(0),0,not mentioned,FALSE,
603,H,tphea11,binary,see htphea01 -> mentioned(1),1,mentioned,FALSE,
603,H,tphea12,binary,see htphea01 -> no help(-2),-2,no help,TRUE,
603,H,tphea12,binary,"see htphea01 -> asked, no answer(-1)",-1,"asked, no answer",TRUE,
603,H,tphea12,binary,see htphea01 -> not mentioned(0),0,not mentioned,FALSE,
603,H,tphea12,binary,see htphea01 -> mentioned(1),1,mentioned,FALSE,
603,H,tpstic1,binary,"na, asked/does not know(-1)",-1,"na, asked/does not know",TRUE,
603,H,tpstic1,binary,no(1),1,no,FALSE,
603,H,tpstic1,binary,yes(2),2,yes,FALSE,
603,H,tphosp,binary,"see htpstic1 -> na, asked/does not know(-1)",-1,"na, asked/does not know",TRUE,
603,H,tphosp,binary,see htpstic1 -> no(1),1,no,FALSE,
603,H,tphosp,binary,see htpstic1 -> yes(2),2,yes,FALSE,
603,H,tpmeds,binary,"see htpstic1 -> na, asked/does not know(-1)",-1,"na, asked/does not know",TRUE,
603,H,tpmeds,binary,see htpstic1 -> no(1),1,no,FALSE,
603,H,tpmeds,binary,see htpstic1 -> yes(2),2,yes,FALSE,
603,H,tppsyh,binary,"see htpstic1 -> na, asked/does not know(-1)",-1,"na, asked/does not know",TRUE,
603,H,tppsyh,binary,see htpstic1 -> no(1),1,no,FALSE,
603,H,tppsyh,binary,see htpstic1 -> yes(2),2,yes,FALSE,
603,H,tppsyc,binary,"see htpstic1 -> na, asked/does not know(-1)",-1,"na, asked/does not know",TRUE,
603,H,tppsyc,binary,see htpstic1 -> no(1),1,no,FALSE,
603,H,tppsyc,binary,see htpstic1 -> yes(2),2,yes,FALSE,
603,H,tppha1,categorical,"asked, no answer(-1)",-1,"asked, no answer",TRUE,
603,H,tppha1,categorical,respondent bedridden(1),1,respondent bedridden,FALSE,
603,H,tppha1,categorical,R in wheelchair(2),2,R in wheelchair,FALSE,
603,H,tppha1,categorical,R with walking aid(3),3,R with walking aid,FALSE,
603,H,tppha1,categorical,"not 1, 2 or 3(4)",4,"not 1, 2 or 3",FALSE,
603,H,tpadl1a,ordinal,"asked, no answer /does not know(-1)",-1,"asked, no answer / does not know",TRUE,
603,H,tpadl1a,ordinal,"no, R cannot(1)",1,"no, R cannot",FALSE,
603,H,tpadl1a,ordinal,"yes, without difficulty(2)",2,"yes, without difficulty",FALSE,
603,H,tpadl1a,ordinal,"yes, with some difficulty(3)",3,"yes, with some difficulty",FALSE,
603,H,tpadl1a,ordinal,"yes, with much difficulty(4)",4,"yes, with much difficulty",FALSE,
603,H,tpadl1a,ordinal,only with help(5),5,only with help,FALSE,
603,H,tpadl2a,ordinal,"see htpadl1a -> asked, no answer /does not know(-1)",-1,"asked, no answer / does not know",TRUE,
603,H,tpadl2a,ordinal,"see htpadl1a -> no, R cannot(1)",1,"no, R cannot",FALSE,
603,H,tpadl2a,ordinal,"see htpadl1a -> yes, without difficulty(2)",2,"yes, without difficulty",FALSE,
603,H,tpadl2a,ordinal,"see htpadl1a -> yes, with some difficulty(3)",3,"yes, with some difficulty",FALSE,
603,H,tpadl2a,ordinal,"see htpadl1a -> yes, with much difficulty(4)",4,"yes, with much difficulty",FALSE,
603,H,tpadl2a,ordinal,see htpadl1a -> only with help(5),5,only with help,FALSE,
603,H,tpadl3a,ordinal,"see htpadl1a -> asked, no answer /does not know(-1)",-1,"asked, no answer / does not know",TRUE,
603,H,tpadl3a,ordinal,"see htpadl1a -> no, R cannot(1)",1,"no, R cannot",FALSE,
603,H,tpadl3a,ordinal,"see htpadl1a -> yes, without difficulty(2)",2,"yes, without difficulty",FALSE,
603,H,tpadl3a,ordinal,"see htpadl1a -> yes, with some difficulty(3)",3,"yes, with some difficulty",FALSE,
603,H,tpadl3a,ordinal,"see htpadl1a -> yes, with much difficulty(4)",4,"yes, with much difficulty",FALSE,
603,H,tpadl3a,ordinal,see htpadl1a -> only with help(5),5,only with help,FALSE,
603,H,tpadl4a,ordinal,"see htpadl1a -> asked, no answer /does not know(-1)",-1,"asked, no answer / does not know",TRUE,
603,H,tpadl4a,ordinal,"see htpadl1a -> no, R cannot(1)",1,"no, R cannot",FALSE,
603,H,tpadl4a,ordinal,"see htpadl1a -> yes, without difficulty(2)",2,"yes, without difficulty",FALSE,
603,H,tpadl4a,ordinal,"see htpadl1a -> yes, with some difficulty(3)",3,"yes, with some difficulty",FALSE,
603,H,tpadl4a,ordinal,"see htpadl1a -> yes, with much difficulty(4)",4,"yes, with much difficulty",FALSE,
603,H,tpadl4a,ordinal,see htpadl1a -> only with help(5),5,only with help,FALSE,
603,H,tpadl5a,ordinal,"see htpadl1a -> asked, no answer /does not know(-1)",-1,"asked, no answer / does not know",TRUE,
603,H,tpadl5a,ordinal,"see htpadl1a -> no, R cannot(1)",1,"no, R cannot",FALSE,
603,H,tpadl5a,ordinal,"see htpadl1a -> yes, without difficulty(2)",2,"yes, without difficulty",FALSE,
603,H,tpadl5a,ordinal,"see htpadl1a -> yes, with some difficulty(3)",3,"yes, with some difficulty",FALSE,
603,H,tpadl5a,ordinal,"see htpadl1a -> yes, with much difficulty(4)",4,"yes, with much difficulty",FALSE,
603,H,tpadl5a,ordinal,see htpadl1a -> only with help(5),5,only with help,FALSE,
603,H,tpadl6a,ordinal,"see htpadl1a -> asked, no answer /does not know(-1)",-1,"asked, no answer / does not know",TRUE,
603,H,tpadl6a,ordinal,"see htpadl1a -> no, R cannot(1)",1,"no, R cannot",FALSE,
603,H,tpadl6a,ordinal,"see htpadl1a -> yes, without difficulty(2)",2,"yes, without difficulty",FALSE,
603,H,tpadl6a,ordinal,"see htpadl1a -> yes, with some difficulty(3)",3,"yes, with some difficulty",FALSE,
603,H,tpadl6a,ordinal,"see htpadl1a -> yes, with much difficulty(4)",4,"yes, with much difficulty",FALSE,
603,H,tpadl6a,ordinal,see htpadl1a -> only with help(5),5,only with help,FALSE,
603,H,tpflwdiff,numeric,no valid data(-1),-1,no valid data,TRUE,
603,H,tpflwdiff,numeric,no difficulties(0),0,no difficulties,FALSE,
603,H,tpflwdiff,numeric,2 without difficulty(1),1,2 without difficulty,FALSE,
603,H,tpflwdiff,numeric,1 without difficulty(2),2,1 without difficulty,FALSE,
603,H,tpflwdiff,numeric,all with difficulty(3),3,all with difficulty,FALSE,
603,H,tpflwd#6,numeric,no valid data(-1),-1,no valid data,TRUE,
603,H,tpflwd#6,numeric,no difficulties(0),0,no difficulties,FALSE,
603,H,tpflwd#6,numeric,5 without difficulty(1),1,5 without difficulty,FALSE,
603,H,tpflwd#6,numeric,4 without difficulty(2),2,4 without difficulty,FALSE,
603,H,tpflwd#6,numeric,3 without difficulty(3),3,3 without difficulty,FALSE,
603,H,tpflwd#6,numeric,2 without difficulty(4),4,2 without difficulty,FALSE,
603,H,tpflwd#6,numeric,1 without difficulty(5),5,1 without difficulty,FALSE,
603,H,tpflwd#6,numeric,all with difficulty(6),6,all with difficulty,FALSE,
603,I,tphepyn,binary,"asked, no answer(-1)",-1,"asked, no answer",TRUE,
603,I,tphepyn,binary,no(1),1,no,FALSE,
603,I,tphepyn,binary,yes(2),2,yes,FALSE,
603,I,tphep01,binary,no help(-2),-2,no help,TRUE,
603,I,tphep01,binary,"asked, no answer(-1)",-1,"asked, no answer",TRUE,
603,I,tphep01,binary,not mentioned(0),0,not mentioned,FALSE,
603,I,tphep01,binary,mentioned(1),1,mentioned,FALSE,
603,I,tphep02,binary,see itphep01 -> no help(-2),-2,no help,TRUE,
603,I,tphep02,binary,"see itphep01 -> asked, no answer(-1)",-1,"asked, no answer",TRUE,
603,I,tphep02,binary,see itphep01 -> not mentioned(0),0,not mentioned,FALSE,
603,I,tphep02,binary,see itphep01 -> mentioned(1),1,mentioned,FALSE,
603,I,tphep03,binary,see itphep01 -> no help(-2),-2,no help,TRUE,
603,I,tphep03,binary,"see itphep01 -> asked, no answer(-1)",-1,"asked, no answer",TRUE,
603,I,tphep03,binary,see itphep01 -> not mentioned(0),0,not mentioned,FALSE,
603,I,tphep03,binary,see itphep01 -> mentioned(1),1,mentioned,FALSE,
603,I,tphep04,binary,see itphep01 -> no help(-2),-2,no help,TRUE,
603,I,tphep04,binary,"see itphep01 -> asked, no answer(-1)",-1,"asked, no answer",TRUE,
603,I,tphep04,binary,see itphep01 -> not mentioned(0),0,not mentioned,FALSE,
603,I,tphep04,binary,see itphep01 -> mentioned(1),1,mentioned,FALSE,
603,I,tphep05,binary,see itphep01 -> no help(-2),-2,no help,TRUE,
603,I,tphep05,binary,"see itphep01 -> asked, no answer(-1)",-1,"asked, no answer",TRUE,
603,I,tphep05,binary,see itphep01 -> not mentioned(0),0,not mentioned,FALSE,
603,I,tphep05,binary,see itphep01 -> mentioned(1),1,mentioned,FALSE,
603,I,tphep06,binary,see itphep01 -> no help(-2),-2,no help,TRUE,
603,I,tphep06,binary,"see itphep01 -> asked, no answer(-1)",-1,"asked, no answer",TRUE,
603,I,tphep06,binary,see itphep01 -> not mentioned(0),0,not mentioned,FALSE,
603,I,tphep06,binary,see itphep01 -> mentioned(1),1,mentioned,FALSE,
603,I,tphep07,binary,see itphep01 -> no help(-2),-2,no help,TRUE,
603,I,tphep07,binary,"see itphep01 -> asked, no answer(-1)",-1,"asked, no answer",TRUE,
603,I,tphep07,binary,see itphep01 -> not mentioned(0),0,not mentioned,FALSE,
603,I,tphep07,binary,see itphep01 -> mentioned(1),1,mentioned,FALSE,
603,I,tphep08,binary,see itphep01 -> no help(-2),-2,no help,TRUE,
603,I,tphep08,binary,"see itphep01 -> asked, no answer(-1)",-1,"asked, no answer",TRUE,
603,I,tphep08,binary,see itphep01 -> not mentioned(0),0,not mentioned,FALSE,
603,I,tphep08,binary,see itphep01 -> mentioned(1),1,mentioned,FALSE,
603,I,tphep09,binary,see itphep01 -> no help(-2),-2,no help,TRUE,
603,I,tphep09,binary,"see itphep01 -> asked, no answer(-1)",-1,"asked, no answer",TRUE,
603,I,tphep09,binary,see itphep01 -> not mentioned(0),0,not mentioned,FALSE,
603,I,tphep09,binary,see itphep01 -> mentioned(1),1,mentioned,FALSE,
603,I,tphep10,binary,see itphep01 -> no help(-2),-2,no help,TRUE,
603,I,tphep10,binary,"see itphep01 -> asked, no answer(-1)",-1,"asked, no answer",TRUE,
603,I,tphep10,binary,see itphep01 -> not mentioned(0),0,not mentioned,FALSE,
603,I,tphep10,binary,see itphep01 -> mentioned(1),1,mentioned,FALSE,
603,I,tphep11,binary,see itphep01 -> no help(-2),-2,no help,TRUE,
603,I,tphep11,binary,"see itphep01 -> asked, no answer(-1)",-1,"asked, no answer",TRUE,
603,I,tphep11,binary,see itphep01 -> not mentioned(0),0,not mentioned,FALSE,
603,I,tphep11,binary,see itphep01 -> mentioned(1),1,mentioned,FALSE,
603,I,tphep12,binary,see itphep01 -> no help(-2),-2,no help,TRUE,
603,I,tphep12,binary,"see itphep01 -> asked, no answer(-1)",-1,"asked, no answer",TRUE,
603,I,tphep12,binary,see itphep01 -> not mentioned(0),0,not mentioned,FALSE,
603,I,tphep12,binary,see itphep01 -> mentioned(1),1,mentioned,FALSE,
603,I,tphedyn,binary,"asked, no answer(-1)",-1,"asked, no answer",TRUE,
603,I,tphedyn,binary,no(1),1,no,FALSE,
603,I,tphedyn,binary,yes(2),2,yes,FALSE,
603,I,tphed01,binary,no help(-2),-2,no help,TRUE,
603,I,tphed01,binary,"asked, no answer(-1)",-1,"asked, no answer",TRUE,
603,I,tphed01,binary,not mentioned(0),0,not mentioned,FALSE,
603,I,tphed01,binary,mentioned(1),1,mentioned,FALSE,
603,I,tphed02,binary,see itphed01 -> no help(-2),-2,no help,TRUE,
603,I,tphed02,binary,"see itphed01 -> asked, no answer(-1)",-1,"asked, no answer",TRUE,
603,I,tphed02,binary,see itphed01 -> not mentioned(0),0,not mentioned,FALSE,
603,I,tphed02,binary,see itphed01 -> mentioned(1),1,mentioned,FALSE,
603,I,tphed03,binary,see itphed01 -> no help(-2),-2,no help,TRUE,
603,I,tphed03,binary,"see itphed01 -> asked, no answer(-1)",-1,"asked, no answer",TRUE,
603,I,tphed03,binary,see itphed01 -> not mentioned(0),0,not mentioned,FALSE,
603,I,tphed03,binary,see itphed01 -> mentioned(1),1,mentioned,FALSE,
603,I,tphed04,binary,see itphed01 -> no help(-2),-2,no help,TRUE,
603,I,tphed04,binary,"see itphed01 -> asked, no answer(-1)",-1,"asked, no answer",TRUE,
603,I,tphed04,binary,see itphed01 -> not mentioned(0),0,not mentioned,FALSE,
603,I,tphed04,binary,see itphed01 -> mentioned(1),1,mentioned,FALSE,
603,I,tphed05,binary,see itphed01 -> no help(-2),-2,no help,TRUE,
603,I,tphed05,binary,"see itphed01 -> asked, no answer(-1)",-1,"asked, no answer",TRUE,
603,I,tphed05,binary,see itphed01 -> not mentioned(0),0,not mentioned,FALSE,
603,I,tphed05,binary,see itphed01 -> mentioned(1),1,mentioned,FALSE,
603,I,tphed06,binary,see itphed01 -> no help(-2),-2,no help,TRUE,
603,I,tphed06,binary,"see itphed01 -> asked, no answer(-1)",-1,"asked, no answer",TRUE,
603,I,tphed06,binary,see itphed01 -> not mentioned(0),0,not mentioned,FALSE,
603,I,tphed06,binary,see itphed01 -> mentioned(1),1,mentioned,FALSE,
603,I,tphed07,binary,see itphed01 -> no help(-2),-2,no help,TRUE,
603,I,tphed07,binary,"see itphed01 -> asked, no answer(-1)",-1,"asked, no answer",TRUE,
603,I,tphed07,binary,see itphed01 -> not mentioned(0),0,not mentioned,FALSE,
603,I,tphed07,binary,see itphed01 -> mentioned(1),1,mentioned,FALSE,
603,I,tphed08,binary,see itphed01 -> no help(-2),-2,no help,TRUE,
603,I,tphed08,binary,"see itphed01 -> asked, no answer(-1)",-1,"asked, no answer",TRUE,
603,I,tphed08,binary,see itphed01 -> not mentioned(0),0,not mentioned,FALSE,
603,I,tphed08,binary,see itphed01 -> mentioned(1),1,mentioned,FALSE,
603,I,tphed09,binary,see itphed01 -> no help(-2),-2,no help,TRUE,
603,I,tphed09,binary,"see itphed01 -> asked, no answer(-1)",-1,"asked, no answer",TRUE,
603,I,tphed09,binary,see itphed01 -> not mentioned(0),0,not mentioned,FALSE,
603,I,tphed09,binary,see itphed01 -> mentioned(1),1,mentioned,FALSE,
603,I,tphed10,binary,see itphed01 -> no help(-2),-2,no help,TRUE,
603,I,tphed10,binary,"see itphed01 -> asked, no answer(-1)",-1,"asked, no answer",TRUE,
603,I,tphed10,binary,see itphed01 -> not mentioned(0),0,not mentioned,FALSE,
603,I,tphed10,binary,see itphed01 -> mentioned(1),1,mentioned,FALSE,
603,I,tphed11,binary,see itphed01 -> no help(-2),-2,no help,TRUE,
603,I,tphed11,binary,"see itphed01 -> asked, no answer(-1)",-1,"asked, no answer",TRUE,
603,I,tphed11,binary,see itphed01 -> not mentioned(0),0,not mentioned,FALSE,
603,I,tphed11,binary,see itphed01 -> mentioned(1),1,mentioned,FALSE,
603,I,tphed12,binary,see itphed01 -> no help(-2),-2,no help,TRUE,
603,I,tphed12,binary,"see itphed01 -> asked, no answer(-1)",-1,"asked, no answer",TRUE,
603,I,tphed12,binary,see itphed01 -> not mentioned(0),0,not mentioned,FALSE,
603,I,tphed12,binary,see itphed01 -> mentioned(1),1,mentioned,FALSE,
603,I,tphenyn,binary,"asked, no answer(-1)",-1,"asked, no answer",TRUE,
603,I,tphenyn,binary,no(1),1,no,FALSE,
603,I,tphenyn,binary,yes(2),2,yes,FALSE,
603,I,tphen01,binary,no help(-2),-2,no help,TRUE,
603,I,tphen01,binary,"asked, no answer(-1)",-1,"asked, no answer",TRUE,
603,I,tphen01,binary,not mentioned(0),0,not mentioned,FALSE,
603,I,tphen01,binary,mentioned(1),1,mentioned,FALSE,
603,I,tphen02,binary,see itphen01 -> no help(-2),-2,no help,TRUE,
603,I,tphen02,binary,"see itphen01 -> asked, no answer(-1)",-1,"asked, no answer",TRUE,
603,I,tphen02,binary,see itphen01 -> not mentioned(0),0,not mentioned,FALSE,
603,I,tphen02,binary,see itphen01 -> mentioned(1),1,mentioned,FALSE,
603,I,tphen03,binary,see itphen01 -> no help(-2),-2,no help,TRUE,
603,I,tphen03,binary,"see itphen01 -> asked, no answer(-1)",-1,"asked, no answer",TRUE,
603,I,tphen03,binary,see itphen01 -> not mentioned(0),0,not mentioned,FALSE,
603,I,tphen03,binary,see itphen01 -> mentioned(1),1,mentioned,FALSE,
603,I,tphen04,binary,see itphen01 -> no help(-2),-2,no help,TRUE,
603,I,tphen04,binary,"see itphen01 -> asked, no answer(-1)",-1,"asked, no answer",TRUE,
603,I,tphen04,binary,see itphen01 -> not mentioned(0),0,not mentioned,FALSE,
603,I,tphen04,binary,see itphen01 -> mentioned(1),1,mentioned,FALSE,
603,I,tphen05,binary,see itphen01 -> no help(-2),-2,no help,TRUE,
603,I,tphen05,binary,"see itphen01 -> asked, no answer(-1)",-1,"asked, no answer",TRUE,
603,I,tphen05,binary,see itphen01 -> not mentioned(0),0,not mentioned,FALSE,
603,I,tphen05,binary,see itphen01 -> mentioned(1),1,mentioned,FALSE,
603,I,tphen06,binary,see itphen01 -> no help(-2),-2,no help,TRUE,
603,I,tphen06,binary,"see itphen01 -> asked, no answer(-1)",-1,"asked, no answer",TRUE,
603,I,tphen06,binary,see itphen01 -> not mentioned(0),0,not mentioned,FALSE,
603,I,tphen06,binary,see itphen01 -> mentioned(1),1,mentioned,FALSE,
603,I,tphen07,binary,see itphen01 -> no help(-2),-2,no help,TRUE,
603,I,tphen07,binary,"see itphen01 -> asked, no answer(-1)",-1,"asked, no answer",TRUE,
603,I,tphen07,binary,see itphen01 -> not mentioned(0),0,not mentioned,FALSE,
603,I,tphen07,binary,see itphen01 -> mentioned(1),1,mentioned,FALSE,
603,I,tphen08,binary,see itphen01 -> no help(-2),-2,no help,TRUE,
603,I,tphen08,binary,"see itphen01 -> asked, no answer(-1)",-1,"asked, no answer",TRUE,
603,I,tphen08,binary,see itphen01 -> not mentioned(0),0,not mentioned,FALSE,
603,I,tphen08,binary,see itphen01 -> mentioned(1),1,mentioned,FALSE,
603,I,tphen09,binary,see itphen01 -> no help(-2),-2,no help,TRUE,
603,I,tphen09,binary,"see itphen01 -> asked, no answer(-1)",-1,"asked, no answer",TRUE,
603,I,tphen09,binary,see itphen01 -> not mentioned(0),0,not mentioned,FALSE,
603,I,tphen09,binary,see itphen01 -> mentioned(1),1,mentioned,FALSE,
603,I,tphen10,binary,see itphen01 -> no help(-2),-2,no help,TRUE,
603,I,tphen10,binary,"see itphen01 -> asked, no answer(-1)",-1,"asked, no answer",TRUE,
603,I,tphen10,binary,see itphen01 -> not mentioned(0),0,not mentioned,FALSE,
603,I,tphen10,binary,see itphen01 -> mentioned(1),1,mentioned,FALSE,
603,I,tphen11,binary,see itphen01 -> no help(-2),-2,no help,TRUE,
603,I,tphen11,binary,"see itphen01 -> asked, no answer(-1)",-1,"asked, no answer",TRUE,
603,I,tphen11,binary,see itphen01 -> not mentioned(0),0,not mentioned,FALSE,
603,I,tphen11,binary,see itphen01 -> mentioned(1),1,mentioned,FALSE,
603,I,tphen12,binary,see itphen01 -> no help(-2),-2,no help,TRUE,
603,I,tphen12,binary,"see itphen01 -> asked, no answer(-1)",-1,"asked, no answer",TRUE,
603,I,tphen12,binary,see itphen01 -> not mentioned(0),0,not mentioned,FALSE,
603,I,tphen12,binary,see itphen01 -> mentioned(1),1,mentioned,FALSE,
603,I,tphegyn,binary,"asked, no answer(-1)",-1,"asked, no answer",TRUE,
603,I,tphegyn,binary,no(1),1,no,FALSE,
603,I,tphegyn,binary,yes(2),2,yes,FALSE,
603,I,tpheg01,binary,no help(-2),-2,no help,TRUE,
603,I,tpheg01,binary,"asked, no answer(-1)",-1,"asked, no answer",TRUE,
603,I,tpheg01,binary,not mentioned(0),0,not mentioned,FALSE,
603,I,tpheg01,binary,mentioned(1),1,mentioned,FALSE,
603,I,tpheg02,binary,see itpheg01 -> no help(-2),-2,no help,TRUE,
603,I,tpheg02,binary,"see itpheg01 -> asked, no answer(-1)",-1,"asked, no answer",TRUE,
603,I,tpheg02,binary,see itpheg01 -> not mentioned(0),0,not mentioned,FALSE,
603,I,tpheg02,binary,see itpheg01 -> mentioned(1),1,mentioned,FALSE,
603,I,tpheg03,binary,see itpheg01 -> no help(-2),-2,no help,TRUE,
603,I,tpheg03,binary,"see itpheg01 -> asked, no answer(-1)",-1,"asked, no answer",TRUE,
603,I,tpheg03,binary,see itpheg01 -> not mentioned(0),0,not mentioned,FALSE,
603,I,tpheg03,binary,see itpheg01 -> mentioned(1),1,mentioned,FALSE,
603,I,tpheg04,binary,see itpheg01 -> no help(-2),-2,no help,TRUE,
603,I,tpheg04,binary,"see itpheg01 -> asked, no answer(-1)",-1,"asked, no answer",TRUE,
603,I,tpheg04,binary,see itpheg01 -> not mentioned(0),0,not mentioned,FALSE,
603,I,tpheg04,binary,see itpheg01 -> mentioned(1),1,mentioned,FALSE,
603,I,tpheg05,binary,see itpheg01 -> no help(-2),-2,no help,TRUE,
603,I,tpheg05,binary,"see itpheg01 -> asked, no answer(-1)",-1,"asked, no answer",TRUE,
603,I,tpheg05,binary,see itpheg01 -> not mentioned(0),0,not mentioned,FALSE,
603,I,tpheg05,binary,see itpheg01 -> mentioned(1),1,mentioned,FALSE,
603,I,tpheg06,binary,see itpheg01 -> no help(-2),-2,no help,TRUE,
603,I,tpheg06,binary,"see itpheg01 -> asked, no answer(-1)",-1,"asked, no answer",TRUE,
603,I,tpheg06,binary,see itpheg01 -> not mentioned(0),0,not mentioned,FALSE,
603,I,tpheg06,binary,see itpheg01 -> mentioned(1),1,mentioned,FALSE,
603,I,tpheg07,binary,see itpheg01 -> no help(-2),-2,no help,TRUE,
603,I,tpheg07,binary,"see itpheg01 -> asked, no answer(-1)",-1,"asked, no answer",TRUE,
603,I,tpheg07,binary,see itpheg01 -> not mentioned(0),0,not mentioned,FALSE,
603,I,tpheg07,binary,see itpheg01 -> mentioned(1),1,mentioned,FALSE,
603,I,tpheg08,binary,see itpheg01 -> no help(-2),-2,no help,TRUE,
603,I,tpheg08,binary,"see itpheg01 -> asked, no answer(-1)",-1,"asked, no answer",TRUE,
603,I,tpheg08,binary,see itpheg01 -> not mentioned(0),0,not mentioned,FALSE,
603,I,tpheg08,binary,see itpheg01 -> mentioned(1),1,mentioned,FALSE,
603,I,tpheg09,binary,see itpheg01 -> no help(-2),-2,no help,TRUE,
603,I,tpheg09,binary,"see itpheg01 -> asked, no answer(-1)",-1,"asked, no answer",TRUE,
603,I,tpheg09,binary,see itpheg01 -> not mentioned(0),0,not mentioned,FALSE,
603,I,tpheg09,binary,see itpheg01 -> mentioned(1),1,mentioned,FALSE,
603,I,tpheg10,binary,see itpheg01 -> no help(-2),-2,no help,TRUE,
603,I,tpheg10,binary,"see itpheg01 -> asked, no answer(-1)",-1,"asked, no answer",TRUE,
603,I,tpheg10,binary,see itpheg01 -> not mentioned(0),0,not mentioned,FALSE,
603,I,tpheg10,binary,see itpheg01 -> mentioned(1),1,mentioned,FALSE,
603,I,tpheg11,binary,see itpheg01 -> no help(-2),-2,no help,TRUE,
603,I,tpheg11,binary,"see itpheg01 -> asked, no answer(-1)",-1,"asked, no answer",TRUE,
603,I,tpheg11,binary,see itpheg01 -> not mentioned(0),0,not mentioned,FALSE,
603,I,tpheg11,binary,see itpheg01 -> mentioned(1),1,mentioned,FALSE,
603,I,tpheg12,binary,see itpheg01 -> no help(-2),-2,no help,TRUE,
603,I,tpheg12,binary,"see itpheg01 -> asked, no answer(-1)",-1,"asked, no answer",TRUE,
603,I,tpheg12,binary,see itpheg01 -> not mentioned(0),0,not mentioned,FALSE,
603,I,tpheg12,binary,see itpheg01 -> mentioned(1),1,mentioned,FALSE,
603,I,tpheayn,binary,"asked, no answer(-1)",-1,"asked, no answer",TRUE,
603,I,tpheayn,binary,no(1),1,no,FALSE,
603,I,tpheayn,binary,yes(2),2,yes,FALSE,
603,I,tphea01,binary,no help(-2),-2,no help,TRUE,
603,I,tphea01,binary,"asked, no answer(-1)",-1,"asked, no answer",TRUE,
603,I,tphea01,binary,not mentioned(0),0,not mentioned,FALSE,
603,I,tphea01,binary,mentioned(1),1,mentioned,FALSE,
603,I,tphea02,binary,see itphea01 -> no help(-2),-2,no help,TRUE,
603,I,tphea02,binary,"see itphea01 -> asked, no answer(-1)",-1,"asked, no answer",TRUE,
603,I,tphea02,binary,see itphea01 -> not mentioned(0),0,not mentioned,FALSE,
603,I,tphea02,binary,see itphea01 -> mentioned(1),1,mentioned,FALSE,
603,I,tphea03,binary,see itphea01 -> no help(-2),-2,no help,TRUE,
603,I,tphea03,binary,"see itphea01 -> asked, no answer(-1)",-1,"asked, no answer",TRUE,
603,I,tphea03,binary,see itphea01 -> not mentioned(0),0,not mentioned,FALSE,
603,I,tphea03,binary,see itphea01 -> mentioned(1),1,mentioned,FALSE,
603,I,tphea04,binary,see itphea01 -> no help(-2),-2,no help,TRUE,
603,I,tphea04,binary,"see itphea01 -> asked, no answer(-1)",-1,"asked, no answer",TRUE,
603,I,tphea04,binary,see itphea01 -> not mentioned(0),0,not mentioned,FALSE,
603,I,tphea04,binary,see itphea01 -> mentioned(1),1,mentioned,FALSE,
603,I,tphea05,binary,see itphea01 -> no help(-2),-2,no help,TRUE,
603,I,tphea05,binary,"see itphea01 -> asked, no answer(-1)",-1,"asked, no answer",TRUE,
603,I,tphea05,binary,see itphea01 -> not mentioned(0),0,not mentioned,FALSE,
603,I,tphea05,binary,see itphea01 -> mentioned(1),1,mentioned,FALSE,
603,I,tphea06,binary,see itphea01 -> no help(-2),-2,no help,TRUE,
603,I,tphea06,binary,"see itphea01 -> asked, no answer(-1)",-1,"asked, no answer",TRUE,
603,I,tphea06,binary,see itphea01 -> not mentioned(0),0,not mentioned,FALSE,
603,I,tphea06,binary,see itphea01 -> mentioned(1),1,mentioned,FALSE,
603,I,tphea07,binary,see itphea01 -> no help(-2),-2,no help,TRUE,
603,I,tphea07,binary,"see itphea01 -> asked, no answer(-1)",-1,"asked, no answer",TRUE,
603,I,tphea07,binary,see itphea01 -> not mentioned(0),0,not mentioned,FALSE,
603,I,tphea07,binary,see itphea01 -> mentioned(1),1,mentioned,FALSE,
603,I,tphea08,binary,see itphea01 -> no help(-2),-2,no help,TRUE,
603,I,tphea08,binary,"see itphea01 -> asked, no answer(-1)",-1,"asked, no answer",TRUE,
603,I,tphea08,binary,see itphea01 -> not mentioned(0),0,not mentioned,FALSE,
603,I,tphea08,binary,see itphea01 -> mentioned(1),1,mentioned,FALSE,
603,I,tphea09,binary,see itphea01 -> no help(-2),-2,no help,TRUE,
603,I,tphea09,binary,"see itphea01 -> asked, no answer(-1)",-1,"asked, no answer",TRUE,
603,I,tphea09,binary,see itphea01 -> not mentioned(0),0,not mentioned,FALSE,
603,I,tphea09,binary,see itphea01 -> mentioned(1),1,mentioned,FALSE,
603,I,tphea10,binary,see itphea01 -> no help(-2),-2,no help,TRUE,
603,I,tphea10,binary,"see itphea01 -> asked, no answer(-1)",-1,"asked, no answer",TRUE,
603,I,tphea10,binary,see itphea01 -> not mentioned(0),0,not mentioned,FALSE,
603,I,tphea10,binary,see itphea01 -> mentioned(1),1,mentioned,FALSE,
603,I,tphea11,binary,see itphea01 -> no help(-2),-2,no help,TRUE,
603,I,tphea11,binary,"see itphea01 -> asked, no answer(-1)",-1,"asked, no answer",TRUE,
603,I,tphea11,binary,see itphea01 -> not mentioned(0),0,not mentioned,FALSE,
603,I,tphea11,binary,see itphea01 -> mentioned(1),1,mentioned,FALSE,
603,I,tphea12,binary,see itphea01 -> no help(-2),-2,no help,TRUE,
603,I,tphea12,binary,"see itphea01 -> asked, no answer(-1)",-1,"asked, no answer",TRUE,
603,I,tphea12,binary,see itphea01 -> not mentioned(0),0,not mentioned,FALSE,
603,I,tphea12,binary,see itphea01 -> mentioned(1),1,mentioned,FALSE,
603,I,tpstic1,binary,"na, asked/does not know(-1)",-1,"na, asked/does not know",TRUE,
603,I,tpstic1,binary,no(1),1,no,FALSE,
603,I,tpstic1,binary,yes(2),2,yes,FALSE,
603,I,tphosp,binary,"see itpstic1 -> na, asked/does not know(-1)",-1,"na, asked/does not know",TRUE,
603,I,tphosp,binary,see itpstic1 -> no(1),1,no,FALSE,
603,I,tphosp,binary,see itpstic1 -> yes(2),2,yes,FALSE,
603,I,tpmeds,binary,"see itpstic1 -> na, asked/does not know(-1)",-1,"na, asked/does not know",TRUE,
603,I,tpmeds,binary,see itpstic1 -> no(1),1,no,FALSE,
603,I,tpmeds,binary,see itpstic1 -> yes(2),2,yes,FALSE,
603,I,tppsyh,binary,"see itpstic1 -> na, asked/does not know(-1)",-1,"na, asked/does not know",TRUE,
603,I,tppsyh,binary,see itpstic1 -> no(1),1,no,FALSE,
603,I,tppsyh,binary,see itpstic1 -> yes(2),2,yes,FALSE,
603,I,tppsyc,binary,"see itpstic1 -> na, asked/does not know(-1)",-1,"na, asked/does not know",TRUE,
603,I,tppsyc,binary,see itpstic1 -> no(1),1,no,FALSE,
603,I,tppsyc,binary,see itpstic1 -> yes(2),2,yes,FALSE,
603,I,tppha1,categorical,"asked, no answer(-1)",-1,"asked, no answer",TRUE,
603,I,tppha1,categorical,respondent bedridden(1),1,respondent bedridden,FALSE,
603,I,tppha1,categorical,R in wheelchair(2),2,R in wheelchair,FALSE,
603,I,tppha1,categorical,R with walking aid(3),3,R with walking aid,FALSE,
603,I,tppha1,categorical,"not 1, 2 or 3(4)",4,"not 1, 2 or 3",FALSE,
603,I,tpadl1a,ordinal,"asked, no answer /does not know(-1)",-1,"asked, no answer / does not know",TRUE,
603,I,tpadl1a,ordinal,"no, R cannot(1)",1,"no, R cannot",FALSE,
603,I,tpadl1a,ordinal,"yes, without difficulty(2)",2,"yes, without difficulty",FALSE,
603,I,tpadl1a,ordinal,"yes, with some difficulty(3)",3,"yes, with some difficulty",FALSE,
603,I,tpadl1a,ordinal,"yes, with much difficulty(4)",4,"yes, with much difficulty",FALSE,
603,I,tpadl1a,ordinal,only with help(5),5,only with help,FALSE,
603,I,tpadl2a,ordinal,"see itpadl1a -> asked, no answer /does not know(-1)",-1,"asked, no answer / does not know",TRUE,
603,I,tpadl2a,ordinal,"see itpadl1a -> no, R cannot(1)",1,"no, R cannot",FALSE,
603,I,tpadl2a,ordinal,"see itpadl1a -> yes, without difficulty(2)",2,"yes, without difficulty",FALSE,
603,I,tpadl2a,ordinal,"see itpadl1a -> yes, with some difficulty(3)",3,"yes, with some difficulty",FALSE,
603,I,tpadl2a,ordinal,"see itpadl1a -> yes, with much difficulty(4)",4,"yes, with much difficulty",FALSE,
603,I,tpadl2a,ordinal,see itpadl1a -> only with help(5),5,only with help,FALSE,
603,I,tpadl3a,ordinal,"see itpadl1a -> asked, no answer /does not know(-1)",-1,"asked, no answer / does not know",TRUE,
603,I,tpadl3a,ordinal,"see itpadl1a -> no, R cannot(1)",1,"no, R cannot",FALSE,
603,I,tpadl3a,ordinal,"see itpadl1a -> yes, without difficulty(2)",2,"yes, without difficulty",FALSE,
603,I,tpadl3a,ordinal,"see itpadl1a -> yes, with some difficulty(3)",3,"yes, with some difficulty",FALSE,
603,I,tpadl3a,ordinal,"see itpadl1a -> yes, with much difficulty(4)",4,"yes, with much difficulty",FALSE,
603,I,tpadl3a,ordinal,see itpadl1a -> only with help(5),5,only with help,FALSE,
603,I,tpadl4a,ordinal,"see itpadl1a -> asked, no answer /does not know(-1)",-1,"asked, no answer / does not know",TRUE,
603,I,tpadl4a,ordinal,"see itpadl1a -> no, R cannot(1)",1,"no, R cannot",FALSE,
603,I,tpadl4a,ordinal,"see itpadl1a -> yes, without difficulty(2)",2,"yes, without difficulty",FALSE,
603,I,tpadl4a,ordinal,"see itpadl1a -> yes, with some difficulty(3)",3,"yes, with some difficulty",FALSE,
603,I,tpadl4a,ordinal,"see itpadl1a -> yes, with much difficulty(4)",4,"yes, with much difficulty",FALSE,
603,I,tpadl4a,ordinal,see itpadl1a -> only with help(5),5,only with help,FALSE,
603,I,tpadl5a,ordinal,"see itpadl1a -> asked, no answer /does not know(-1)",-1,"asked, no answer / does not know",TRUE,
603,I,tpadl5a,ordinal,"see itpadl1a -> no, R cannot(1)",1,"no, R cannot",FALSE,
603,I,tpadl5a,ordinal,"see itpadl1a -> yes, without difficulty(2)",2,"yes, without difficulty",FALSE,
603,I,tpadl5a,ordinal,"see itpadl1a -> yes, with some difficulty(3)",3,"yes, with some difficulty",FALSE,
603,I,tpadl5a,ordinal,"see itpadl1a -> yes, with much difficulty(4)",4,"yes, with much difficulty",FALSE,
603,I,tpadl5a,ordinal,see itpadl1a -> only with help(5),5,only with help,FALSE,
603,I,tpadl6a,ordinal,"see itpadl1a -> asked, no answer /does not know(-1)",-1,"asked, no answer / does not know",TRUE,
603,I,tpadl6a,ordinal,"see itpadl1a -> no, R cannot(1)",1,"no, R cannot",FALSE,
603,I,tpadl6a,ordinal,"see itpadl1a -> yes, without difficulty(2)",2,"yes, without difficulty",FALSE,
603,I,tpadl6a,ordinal,"see itpadl1a -> yes, with some difficulty(3)",3,"yes, with some difficulty",FALSE,
603,I,tpadl6a,ordinal,"see itpadl1a -> yes, with much difficulty(4)",4,"yes, with much difficulty",FALSE,
603,I,tpadl6a,ordinal,see itpadl1a -> only with help(5),5,only with help,FALSE,
603,I,tpflwdiff,numeric,no valid data(-1),-1,no valid data,TRUE,
603,I,tpflwdiff,numeric,no difficulties(0),0,no difficulties,FALSE,
603,I,tpflwdiff,numeric,2 without difficulty(1),1,2 without difficulty,FALSE,
603,I,tpflwdiff,numeric,1 without difficulty(2),2,1 without difficulty,FALSE,
603,I,tpflwdiff,numeric,all with difficulty(3),3,all with difficulty,FALSE,
603,I,tpflwd#6,numeric,no valid data(-1),-1,no valid data,TRUE,
603,I,tpflwd#6,numeric,no difficulties(0),0,no difficulties,FALSE,
603,I,tpflwd#6,numeric,5 without difficulty(1),1,5 without difficulty,FALSE,
603,I,tpflwd#6,numeric,4 without difficulty(2),2,4 without difficulty,FALSE,
603,I,tpflwd#6,numeric,3 without difficulty(3),3,3 without difficulty,FALSE,
603,I,tpflwd#6,numeric,2 without difficulty(4),4,2 without difficulty,FALSE,
603,I,tpflwd#6,numeric,1 without difficulty(5),5,1 without difficulty,FALSE,
603,I,tpflwd#6,numeric,all with difficulty(6),6,all with difficulty,FALSE,
603,J,tphepyn,binary,"asked, no answer(-1)",-1,"asked, no answer",TRUE,
603,J,tphepyn,binary,no(1),1,no,FALSE,
603,J,tphepyn,binary,yes(2),2,yes,FALSE,
603,J,tphep01,binary,no help(-2),-2,no help,TRUE,
603,J,tphep01,binary,"asked, no answer(-1)",-1,"asked, no answer",TRUE,
603,J,tphep01,binary,not mentioned(0),0,not mentioned,FALSE,
603,J,tphep01,binary,mentioned(1),1,mentioned,FALSE,
603,J,tphep02a,binary,see jtphep01 -> no help(-2),-2,no help,TRUE,
603,J,tphep02a,binary,"see jtphep01 -> asked, no answer(-1)",-1,"asked, no answer",TRUE,
603,J,tphep02a,binary,see jtphep01 -> not mentioned(0),0,not mentioned,FALSE,
603,J,tphep02a,binary,see jtphep01 -> mentioned(1),1,mentioned,FALSE,
603,J,tphep02b,binary,see jtphep01 -> no help(-2),-2,no help,TRUE,
603,J,tphep02b,binary,"see jtphep01 -> asked, no answer(-1)",-1,"asked, no answer",TRUE,
603,J,tphep02b,binary,see jtphep01 -> not mentioned(0),0,not mentioned,FALSE,
603,J,tphep02b,binary,see jtphep01 -> mentioned(1),1,mentioned,FALSE,
603,J,tphep03,binary,see jtphep01 -> no help(-2),-2,no help,TRUE,
603,J,tphep03,binary,"see jtphep01 -> asked, no answer(-1)",-1,"asked, no answer",TRUE,
603,J,tphep03,binary,see jtphep01 -> not mentioned(0),0,not mentioned,FALSE,
603,J,tphep03,binary,see jtphep01 -> mentioned(1),1,mentioned,FALSE,
603,J,tphep04a,binary,see jtphep01 -> no help(-2),-2,no help,TRUE,
603,J,tphep04a,binary,"see jtphep01 -> asked, no answer(-1)",-1,"asked, no answer",TRUE,
603,J,tphep04a,binary,see jtphep01 -> not mentioned(0),0,not mentioned,FALSE,
603,J,tphep04a,binary,see jtphep01 -> mentioned(1),1,mentioned,FALSE,
603,J,tphep04b,binary,see jtphep01 -> no help(-2),-2,no help,TRUE,
603,J,tphep04b,binary,"see jtphep01 -> asked, no answer(-1)",-1,"asked, no answer",TRUE,
603,J,tphep04b,binary,see jtphep01 -> not mentioned(0),0,not mentioned,FALSE,
603,J,tphep04b,binary,see jtphep01 -> mentioned(1),1,mentioned,FALSE,
603,J,tphep05,binary,see jtphep01 -> no help(-2),-2,no help,TRUE,
603,J,tphep05,binary,"see jtphep01 -> asked, no answer(-1)",-1,"asked, no answer",TRUE,
603,J,tphep05,binary,see jtphep01 -> not mentioned(0),0,not mentioned,FALSE,
603,J,tphep05,binary,see jtphep01 -> mentioned(1),1,mentioned,FALSE,
603,J,tphep06a,binary,see jtphep01 -> no help(-2),-2,no help,TRUE,
603,J,tphep06a,binary,"see jtphep01 -> asked, no answer(-1)",-1,"asked, no answer",TRUE,
603,J,tphep06a,binary,see jtphep01 -> not mentioned(0),0,not mentioned,FALSE,
603,J,tphep06a,binary,see jtphep01 -> mentioned(1),1,mentioned,FALSE,
603,J,tphep06b,binary,see jtphep01 -> no help(-2),-2,no help,TRUE,
603,J,tphep06b,binary,"see jtphep01 -> asked, no answer(-1)",-1,"asked, no answer",TRUE,
603,J,tphep06b,binary,see jtphep01 -> not mentioned(0),0,not mentioned,FALSE,
603,J,tphep06b,binary,see jtphep01 -> mentioned(1),1,mentioned,FALSE,
603,J,tphep07,binary,see jtphep01 -> no help(-2),-2,no help,TRUE,
603,J,tphep07,binary,"see jtphep01 -> asked, no answer(-1)",-1,"asked, no answer",TRUE,
603,J,tphep07,binary,see jtphep01 -> not mentioned(0),0,not mentioned,FALSE,
603,J,tphep07,binary,see jtphep01 -> mentioned(1),1,mentioned,FALSE,
603,J,tphep08,binary,see jtphep01 -> no help(-2),-2,no help,TRUE,
603,J,tphep08,binary,"see jtphep01 -> asked, no answer(-1)",-1,"asked, no answer",TRUE,
603,J,tphep08,binary,see jtphep01 -> not mentioned(0),0,not mentioned,FALSE,
603,J,tphep08,binary,see jtphep01 -> mentioned(1),1,mentioned,FALSE,
603,J,tphep09,binary,see jtphep01 -> no help(-2),-2,no help,TRUE,
603,J,tphep09,binary,"see jtphep01 -> asked, no answer(-1)",-1,"asked, no answer",TRUE,
603,J,tphep09,binary,see jtphep01 -> not mentioned(0),0,not mentioned,FALSE,
603,J,tphep09,binary,see jtphep01 -> mentioned(1),1,mentioned,FALSE,
603,J,tphep10,binary,see jtphep01 -> no help(-2),-2,no help,TRUE,
603,J,tphep10,binary,"see jtphep01 -> asked, no answer(-1)",-1,"asked, no answer",TRUE,
603,J,tphep10,binary,see jtphep01 -> not mentioned(0),0,not mentioned,FALSE,
603,J,tphep10,binary,see jtphep01 -> mentioned(1),1,mentioned,FALSE,
603,J,tphep11,binary,see jtphep01 -> no help(-2),-2,no help,TRUE,
603,J,tphep11,binary,"see jtphep01 -> asked, no answer(-1)",-1,"asked, no answer",TRUE,
603,J,tphep11,binary,see jtphep01 -> not mentioned(0),0,not mentioned,FALSE,
603,J,tphep11,binary,see jtphep01 -> mentioned(1),1,mentioned,FALSE,
603,J,tphep12,binary,see jtphep01 -> no help(-2),-2,no help,TRUE,
603,J,tphep12,binary,"see jtphep01 -> asked, no answer(-1)",-1,"asked, no answer",TRUE,
603,J,tphep12,binary,see jtphep01 -> not mentioned(0),0,not mentioned,FALSE,
603,J,tphep12,binary,see jtphep01 -> mentioned(1),1,mentioned,FALSE,
603,J,tphedyn,binary,"asked, no answer(-1)",-1,"asked, no answer",TRUE,
603,J,tphedyn,binary,no(1),1,no,FALSE,
603,J,tphedyn,binary,yes(2),2,yes,FALSE,
603,J,tphed01,binary,no help(-2),-2,no help,TRUE,
603,J,tphed01,binary,"asked, no answer(-1)",-1,"asked, no answer",TRUE,
603,J,tphed01,binary,not mentioned(0),0,not mentioned,FALSE,
603,J,tphed01,binary,mentioned(1),1,mentioned,FALSE,
603,J,tphed02a,binary,see jtphed01 -> no help(-2),-2,no help,TRUE,
603,J,tphed02a,binary,"see jtphed01 -> asked, no answer(-1)",-1,"asked, no answer",TRUE,
603,J,tphed02a,binary,see jtphed01 -> not mentioned(0),0,not mentioned,FALSE,
603,J,tphed02a,binary,see jtphed01 -> mentioned(1),1,mentioned,FALSE,
603,J,tphed02b,binary,see jtphed01 -> no help(-2),-2,no help,TRUE,
603,J,tphed02b,binary,"see jtphed01 -> asked, no answer(-1)",-1,"asked, no answer",TRUE,
603,J,tphed02b,binary,see jtphed01 -> not mentioned(0),0,not mentioned,FALSE,
603,J,tphed02b,binary,see jtphed01 -> mentioned(1),1,mentioned,FALSE,
603,J,tphed03,binary,see jtphed01 -> no help(-2),-2,no help,TRUE,
603,J,tphed03,binary,"see jtphed01 -> asked, no answer(-1)",-1,"asked, no answer",TRUE,
603,J,tphed03,binary,see jtphed01 -> not mentioned(0),0,not mentioned,FALSE,
603,J,tphed03,binary,see jtphed01 -> mentioned(1),1,mentioned,FALSE,
603,J,tphed04a,binary,see jtphed01 -> no help(-2),-2,no help,TRUE,
603,J,tphed04a,binary,"see jtphed01 -> asked, no answer(-1)",-1,"asked, no answer",TRUE,
603,J,tphed04a,binary,see jtphed01 -> not mentioned(0),0,not mentioned,FALSE,
603,J,tphed04a,binary,see jtphed01 -> mentioned(1),1,mentioned,FALSE,
603,J,tphed04b,binary,see jtphed01 -> no help(-2),-2,no help,TRUE,
603,J,tphed04b,binary,"see jtphed01 -> asked, no answer(-1)",-1,"asked, no answer",TRUE,
603,J,tphed04b,binary,see jtphed01 -> not mentioned(0),0,not mentioned,FALSE,
603,J,tphed04b,binary,see jtphed01 -> mentioned(1),1,mentioned,FALSE,
603,J,tphed05,binary,see jtphed01 -> no help(-2),-2,no help,TRUE,
603,J,tphed05,binary,"see jtphed01 -> asked, no answer(-1)",-1,"asked, no answer",TRUE,
603,J,tphed05,binary,see jtphed01 -> not mentioned(0),0,not mentioned,FALSE,
603,J,tphed05,binary,see jtphed01 -> mentioned(1),1,mentioned,FALSE,
603,J,tphed06a,binary,see jtphed01 -> no help(-2),-2,no help,TRUE,
603,J,tphed06a,binary,"see jtphed01 -> asked, no answer(-1)",-1,"asked, no answer",TRUE,
603,J,tphed06a,binary,see jtphed01 -> not mentioned(0),0,not mentioned,FALSE,
603,J,tphed06a,binary,see jtphed01 -> mentioned(1),1,mentioned,FALSE,
603,J,tphed06b,binary,see jtphed01 -> no help(-2),-2,no help,TRUE,
603,J,tphed06b,binary,"see jtphed01 -> asked, no answer(-1)",-1,"asked, no answer",TRUE,
603,J,tphed06b,binary,see jtphed01 -> not mentioned(0),0,not mentioned,FALSE,
603,J,tphed06b,binary,see jtphed01 -> mentioned(1),1,mentioned,FALSE,
603,J,tphed07,binary,see jtphed01 -> no help(-2),-2,no help,TRUE,
603,J,tphed07,binary,"see jtphed01 -> asked, no answer(-1)",-1,"asked, no answer",TRUE,
603,J,tphed07,binary,see jtphed01 -> not mentioned(0),0,not mentioned,FALSE,
603,J,tphed07,binary,see jtphed01 -> mentioned(1),1,mentioned,FALSE,
603,J,tphed08,binary,see jtphed01 -> no help(-2),-2,no help,TRUE,
603,J,tphed08,binary,"see jtphed01 -> asked, no answer(-1)",-1,"asked, no answer",TRUE,
603,J,tphed08,binary,see jtphed01 -> not mentioned(0),0,not mentioned,FALSE,
603,J,tphed08,binary,see jtphed01 -> mentioned(1),1,mentioned,FALSE,
603,J,tphed09,binary,see jtphed01 -> no help(-2),-2,no help,TRUE,
603,J,tphed09,binary,"see jtphed01 -> asked, no answer(-1)",-1,"asked, no answer",TRUE,
603,J,tphed09,binary,see jtphed01 -> not mentioned(0),0,not mentioned,FALSE,
603,J,tphed09,binary,see jtphed01 -> mentioned(1),1,mentioned,FALSE,
603,J,tphed10,binary,see jtphed01 -> no help(-2),-2,no help,TRUE,
603,J,tphed10,binary,"see jtphed01 -> asked, no answer(-1)",-1,"asked, no answer",TRUE,
603,J,tphed10,binary,see jtphed01 -> not mentioned(0),0,not mentioned,FALSE,
603,J,tphed10,binary,see jtphed01 -> mentioned(1),1,mentioned,FALSE,
603,J,tphed11,binary,see jtphed01 -> no help(-2),-2,no help,TRUE,
603,J,tphed11,binary,"see jtphed01 -> asked, no answer(-1)",-1,"asked, no answer",TRUE,
603,J,tphed11,binary,see jtphed01 -> not mentioned(0),0,not mentioned,FALSE,
603,J,tphed11,binary,see jtphed01 -> mentioned(1),1,mentioned,FALSE,
603,J,tphed12,binary,see jtphed01 -> no help(-2),-2,no help,TRUE,
603,J,tphed12,binary,"see jtphed01 -> asked, no answer(-1)",-1,"asked, no answer",TRUE,
603,J,tphed12,binary,see jtphed01 -> not mentioned(0),0,not mentioned,FALSE,
603,J,tphed12,binary,see jtphed01 -> mentioned(1),1,mentioned,FALSE,
603,J,tphenyn,binary,"asked, no answer(-1)",-1,"asked, no answer",TRUE,
603,J,tphenyn,binary,no(1),1,no,FALSE,
603,J,tphenyn,binary,yes(2),2,yes,FALSE,
603,J,tphen01,binary,no help(-2),-2,no help,TRUE,
603,J,tphen01,binary,"asked, no answer(-1)",-1,"asked, no answer",TRUE,
603,J,tphen01,binary,not mentioned(0),0,not mentioned,FALSE,
603,J,tphen01,binary,mentioned(1),1,mentioned,FALSE,
603,J,tphen02a,binary,see jtphen01 -> no help(-2),-2,no help,TRUE,
603,J,tphen02a,binary,"see jtphen01 -> asked, no answer(-1)",-1,"asked, no answer",TRUE,
603,J,tphen02a,binary,see jtphen01 -> not mentioned(0),0,not mentioned,FALSE,
603,J,tphen02a,binary,see jtphen01 -> mentioned(1),1,mentioned,FALSE,
603,J,tphen02b,binary,see jtphen01 -> no help(-2),-2,no help,TRUE,
603,J,tphen02b,binary,"see jtphen01 -> asked, no answer(-1)",-1,"asked, no answer",TRUE,
603,J,tphen02b,binary,see jtphen01 -> not mentioned(0),0,not mentioned,FALSE,
603,J,tphen02b,binary,see jtphen01 -> mentioned(1),1,mentioned,FALSE,
603,J,tphen03,binary,see jtphen01 -> no help(-2),-2,no help,TRUE,
603,J,tphen03,binary,"see jtphen01 -> asked, no answer(-1)",-1,"asked, no answer",TRUE,
603,J,tphen03,binary,see jtphen01 -> not mentioned(0),0,not mentioned,FALSE,
603,J,tphen03,binary,see jtphen01 -> mentioned(1),1,mentioned,FALSE,
603,J,tphen04a,binary,see jtphen01 -> no help(-2),-2,no help,TRUE,
603,J,tphen04a,binary,"see jtphen01 -> asked, no answer(-1)",-1,"asked, no answer",TRUE,
603,J,tphen04a,binary,see jtphen01 -> not mentioned(0),0,not mentioned,FALSE,
603,J,tphen04a,binary,see jtphen01 -> mentioned(1),1,mentioned,FALSE,
603,J,tphen04b,binary,see jtphen01 -> no help(-2),-2,no help,TRUE,
603,J,tphen04b,binary,"see jtphen01 -> asked, no answer(-1)",-1,"asked, no answer",TRUE,
603,J,tphen04b,binary,see jtphen01 -> not mentioned(0),0,not mentioned,FALSE,
603,J,tphen04b,binary,see jtphen01 -> mentioned(1),1,mentioned,FALSE,
603,J,tphen05,binary,see jtphen01 -> no help(-2),-2,no help,TRUE,
603,J,tphen05,binary,"see jtphen01 -> asked, no answer(-1)",-1,"asked, no answer",TRUE,
603,J,tphen05,binary,see jtphen01 -> not mentioned(0),0,not mentioned,FALSE,
603,J,tphen05,binary,see jtphen01 -> mentioned(1),1,mentioned,FALSE,
603,J,tphen06a,binary,see jtphen01 -> no help(-2),-2,no help,TRUE,
603,J,tphen06a,binary,"see jtphen01 -> asked, no answer(-1)",-1,"asked, no answer",TRUE,
603,J,tphen06a,binary,see jtphen01 -> not mentioned(0),0,not mentioned,FALSE,
603,J,tphen06a,binary,see jtphen01 -> mentioned(1),1,mentioned,FALSE,
603,J,tphen06b,binary,see jtphen01 -> no help(-2),-2,no help,TRUE,
603,J,tphen06b,binary,"see jtphen01 -> asked, no answer(-1)",-1,"asked, no answer",TRUE,
603,J,tphen06b,binary,see jtphen01 -> not mentioned(0),0,not mentioned,FALSE,
603,J,tphen06b,binary,see jtphen01 -> mentioned(1),1,mentioned,FALSE,
603,J,tphen07,binary,see jtphen01 -> no help(-2),-2,no help,TRUE,
603,J,tphen07,binary,"see jtphen01 -> asked, no answer(-1)",-1,"asked, no answer",TRUE,
603,J,tphen07,binary,see jtphen01 -> not mentioned(0),0,not mentioned,FALSE,
603,J,tphen07,binary,see jtphen01 -> mentioned(1),1,mentioned,FALSE,
603,J,tphen08,binary,see jtphen01 -> no help(-2),-2,no help,TRUE,
603,J,tphen08,binary,"see jtphen01 -> asked, no answer(-1)",-1,"asked, no answer",TRUE,
603,J,tphen08,binary,see jtphen01 -> not mentioned(0),0,not mentioned,FALSE,
603,J,tphen08,binary,see jtphen01 -> mentioned(1),1,mentioned,FALSE,
603,J,tphen09,binary,see jtphen01 -> no help(-2),-2,no help,TRUE,
603,J,tphen09,binary,"see jtphen01 -> asked, no answer(-1)",-1,"asked, no answer",TRUE,
603,J,tphen09,binary,see jtphen01 -> not mentioned(0),0,not mentioned,FALSE,
603,J,tphen09,binary,see jtphen01 -> mentioned(1),1,mentioned,FALSE,
603,J,tphen10,binary,see jtphen01 -> no help(-2),-2,no help,TRUE,
603,J,tphen10,binary,"see jtphen01 -> asked, no answer(-1)",-1,"asked, no answer",TRUE,
603,J,tphen10,binary,see jtphen01 -> not mentioned(0),0,not mentioned,FALSE,
603,J,tphen10,binary,see jtphen01 -> mentioned(1),1,mentioned,FALSE,
603,J,tphen11,binary,see jtphen01 -> no help(-2),-2,no help,TRUE,
603,J,tphen11,binary,"see jtphen01 -> asked, no answer(-1)",-1,"asked, no answer",TRUE,
603,J,tphen11,binary,see jtphen01 -> not mentioned(0),0,not mentioned,FALSE,
603,J,tphen11,binary,see jtphen01 -> mentioned(1),1,mentioned,FALSE,
603,J,tphen12,binary,see jtphen01 -> no help(-2),-2,no help,TRUE,
603,J,tphen12,binary,"see jtphen01 -> asked, no answer(-1)",-1,"asked, no answer",TRUE,
603,J,tphen12,binary,see jtphen01 -> not mentioned(0),0,not mentioned,FALSE,
603,J,tphen12,binary,see jtphen01 -> mentioned(1),1,mentioned,FALSE,
603,J,tphegyn,binary,"asked, no answer(-1)",-1,"asked, no answer",TRUE,
603,J,tphegyn,binary,no(1),1,no,FALSE,
603,J,tphegyn,binary,yes(2),2,yes,FALSE,
603,J,tpheg01,binary,no help(-2),-2,no help,TRUE,
603,J,tpheg01,binary,"asked, no answer(-1)",-1,"asked, no answer",TRUE,
603,J,tpheg01,binary,not mentioned(0),0,not mentioned,FALSE,
603,J,tpheg01,binary,mentioned(1),1,mentioned,FALSE,
603,J,tpheg02a,binary,see jtpheg01 -> no help(-2),-2,no help,TRUE,
603,J,tpheg02a,binary,"see jtpheg01 -> asked, no answer(-1)",-1,"asked, no answer",TRUE,
603,J,tpheg02a,binary,see jtpheg01 -> not mentioned(0),0,not mentioned,FALSE,
603,J,tpheg02a,binary,see jtpheg01 -> mentioned(1),1,mentioned,FALSE,
603,J,tpheg02b,binary,see jtpheg01 -> no help(-2),-2,no help,TRUE,
603,J,tpheg02b,binary,"see jtpheg01 -> asked, no answer(-1)",-1,"asked, no answer",TRUE,
603,J,tpheg02b,binary,see jtpheg01 -> not mentioned(0),0,not mentioned,FALSE,
603,J,tpheg02b,binary,see jtpheg01 -> mentioned(1),1,mentioned,FALSE,
603,J,tpheg03,binary,see jtpheg01 -> no help(-2),-2,no help,TRUE,
603,J,tpheg03,binary,"see jtpheg01 -> asked, no answer(-1)",-1,"asked, no answer",TRUE,
603,J,tpheg03,binary,see jtpheg01 -> not mentioned(0),0,not mentioned,FALSE,
603,J,tpheg03,binary,see jtpheg01 -> mentioned(1),1,mentioned,FALSE,
603,J,tpheg04a,binary,see jtpheg01 -> no help(-2),-2,no help,TRUE,
603,J,tpheg04a,binary,"see jtpheg01 -> asked, no answer(-1)",-1,"asked, no answer",TRUE,
603,J,tpheg04a,binary,see jtpheg01 -> not mentioned(0),0,not mentioned,FALSE,
603,J,tpheg04a,binary,see jtpheg01 -> mentioned(1),1,mentioned,FALSE,
603,J,tpheg04b,binary,see jtpheg01 -> no help(-2),-2,no help,TRUE,
603,J,tpheg04b,binary,"see jtpheg01 -> asked, no answer(-1)",-1,"asked, no answer",TRUE,
603,J,tpheg04b,binary,see jtpheg01 -> not mentioned(0),0,not mentioned,FALSE,
603,J,tpheg04b,binary,see jtpheg01 -> mentioned(1),1,mentioned,FALSE,
603,J,tpheg05,binary,see jtpheg01 -> no help(-2),-2,no help,TRUE,
603,J,tpheg05,binary,"see jtpheg01 -> asked, no answer(-1)",-1,"asked, no answer",TRUE,
603,J,tpheg05,binary,see jtpheg01 -> not mentioned(0),0,not mentioned,FALSE,
603,J,tpheg05,binary,see jtpheg01 -> mentioned(1),1,mentioned,FALSE,
603,J,tpheg06a,binary,see jtpheg01 -> no help(-2),-2,no help,TRUE,
603,J,tpheg06a,binary,"see jtpheg01 -> asked, no answer(-1)",-1,"asked, no answer",TRUE,
603,J,tpheg06a,binary,see jtpheg01 -> not mentioned(0),0,not mentioned,FALSE,
603,J,tpheg06a,binary,see jtpheg01 -> mentioned(1),1,mentioned,FALSE,
603,J,tpheg06b,binary,see jtpheg01 -> no help(-2),-2,no help,TRUE,
603,J,tpheg06b,binary,"see jtpheg01 -> asked, no answer(-1)",-1,"asked, no answer",TRUE,
603,J,tpheg06b,binary,see jtpheg01 -> not mentioned(0),0,not mentioned,FALSE,
603,J,tpheg06b,binary,see jtpheg01 -> mentioned(1),1,mentioned,FALSE,
603,J,tpheg07,binary,see jtpheg01 -> no help(-2),-2,no help,TRUE,
603,J,tpheg07,binary,"see jtpheg01 -> asked, no answer(-1)",-1,"asked, no answer",TRUE,
603,J,tpheg07,binary,see jtpheg01 -> not mentioned(0),0,not mentioned,FALSE,
603,J,tpheg07,binary,see jtpheg01 -> mentioned(1),1,mentioned,FALSE,
603,J,tpheg08,binary,see jtpheg01 -> no help(-2),-2,no help,TRUE,
603,J,tpheg08,binary,"see jtpheg01 -> asked, no answer(-1)",-1,"asked, no answer",TRUE,
603,J,tpheg08,binary,see jtpheg01 -> not mentioned(0),0,not mentioned,FALSE,
603,J,tpheg08,binary,see jtpheg01 -> mentioned(1),1,mentioned,FALSE,
603,J,tpheg09,binary,see jtpheg01 -> no help(-2),-2,no help,TRUE,
603,J,tpheg09,binary,"see jtpheg01 -> asked, no answer(-1)",-1,"asked, no answer",TRUE,
603,J,tpheg09,binary,see jtpheg01 -> not mentioned(0),0,not mentioned,FALSE,
603,J,tpheg09,binary,see jtpheg01 -> mentioned(1),1,mentioned,FALSE,
603,J,tpheg10,binary,see jtpheg01 -> no help(-2),-2,no help,TRUE,
603,J,tpheg10,binary,"see jtpheg01 -> asked, no answer(-1)",-1,"asked, no answer",TRUE,
603,J,tpheg10,binary,see jtpheg01 -> not mentioned(0),0,not mentioned,FALSE,
603,J,tpheg10,binary,see jtpheg01 -> mentioned(1),1,mentioned,FALSE,
603,J,tpheg11,binary,see jtpheg01 -> no help(-2),-2,no help,TRUE,
603,J,tpheg11,binary,"see jtpheg01 -> asked, no answer(-1)",-1,"asked, no answer",TRUE,
603,J,tpheg11,binary,see jtpheg01 -> not mentioned(0),0,not mentioned,FALSE,
603,J,tpheg11,binary,see jtpheg01 -> mentioned(1),1,mentioned,FALSE,
603,J,tpheg12,binary,see jtpheg01 -> no help(-2),-2,no help,TRUE,
603,J,tpheg12,binary,"see jtpheg01 -> asked, no answer(-1)",-1,"asked, no answer",TRUE,
603,J,tpheg12,binary,see jtpheg01 -> not mentioned(0),0,not mentioned,FALSE,
603,J,tpheg12,binary,see jtpheg01 -> mentioned(1),1,mentioned,FALSE,
603,J,tpheayn,binary,"asked, no answer(-1)",-1,"asked, no answer",TRUE,
603,J,tpheayn,binary,no(1),1,no,FALSE,
603,J,tpheayn,binary,yes(2),2,yes,FALSE,
603,J,tphea01,binary,no help(-2),-2,no help,TRUE,
603,J,tphea01,binary,"asked, no answer(-1)",-1,"asked, no answer",TRUE,
603,J,tphea01,binary,not mentioned(0),0,not mentioned,FALSE,
603,J,tphea01,binary,mentioned(1),1,mentioned,FALSE,
603,J,tphea02a,binary,see jtphea01 -> no help(-2),-2,no help,TRUE,
603,J,tphea02a,binary,"see jtphea01 -> asked, no answer(-1)",-1,"asked, no answer",TRUE,
603,J,tphea02a,binary,see jtphea01 -> not mentioned(0),0,not mentioned,FALSE,
603,J,tphea02a,binary,see jtphea01 -> mentioned(1),1,mentioned,FALSE,
603,J,tphea02b,binary,see jtphea01 -> no help(-2),-2,no help,TRUE,
603,J,tphea02b,binary,"see jtphea01 -> asked, no answer(-1)",-1,"asked, no answer",TRUE,
603,J,tphea02b,binary,see jtphea01 -> not mentioned(0),0,not mentioned,FALSE,
603,J,tphea02b,binary,see jtphea01 -> mentioned(1),1,mentioned,FALSE,
603,J,tphea03,binary,see jtphea01 -> no help(-2),-2,no help,TRUE,
603,J,tphea03,binary,"see jtphea01 -> asked, no answer(-1)",-1,"asked, no answer",TRUE,
603,J,tphea03,binary,see jtphea01 -> not mentioned(0),0,not mentioned,FALSE,
603,J,tphea03,binary,see jtphea01 -> mentioned(1),1,mentioned,FALSE,
603,J,tphea04a,binary,see jtphea01 -> no help(-2),-2,no help,TRUE,
603,J,tphea04a,binary,"see jtphea01 -> asked, no answer(-1)",-1,"asked, no answer",TRUE,
603,J,tphea04a,binary,see jtphea01 -> not mentioned(0),0,not mentioned,FALSE,
603,J,tphea04a,binary,see jtphea01 -> mentioned(1),1,mentioned,FALSE,
603,J,tphea04b,binary,see jtphea01 -> no help(-2),-2,no help,TRUE,
603,J,tphea04b,binary,"see jtphea01 -> asked, no answer(-1)",-1,"asked, no answer",TRUE,
603,J,tphea04b,binary,see jtphea01 -> not mentioned(0),0,not mentioned,FALSE,
603,J,tphea04b,binary,see jtphea01 -> mentioned(1),1,mentioned,FALSE,
603,J,tphea05,binary,see jtphea01 -> no help(-2),-2,no help,TRUE,
603,J,tphea05,binary,"see jtphea01 -> asked, no answer(-1)",-1,"asked, no answer",TRUE,
603,J,tphea05,binary,see jtphea01 -> not mentioned(0),0,not mentioned,FALSE,
603,J,tphea05,binary,see jtphea01 -> mentioned(1),1,mentioned,FALSE,
603,J,tphea06a,binary,see jtphea01 -> no help(-2),-2,no help,TRUE,
603,J,tphea06a,binary,"see jtphea01 -> asked, no answer(-1)",-1,"asked, no answer",TRUE,
603,J,tphea06a,binary,see jtphea01 -> not mentioned(0),0,not mentioned,FALSE,
603,J,tphea06a,binary,see jtphea01 -> mentioned(1),1,mentioned,FALSE,
603,J,tphea06b,binary,see jtphea01 -> no help(-2),-2,no help,TRUE,
603,J,tphea06b,binary,"see jtphea01 -> asked, no answer(-1)",-1,"asked, no answer",TRUE,
603,J,tphea06b,binary,see jtphea01 -> not mentioned(0),0,not mentioned,FALSE,
603,J,tphea06b,binary,see jtphea01 -> mentioned(1),1,mentioned,FALSE,
603,J,tphea07,binary,see jtphea01 -> no help(-2),-2,no help,TRUE,
603,J,tphea07,binary,"see jtphea01 -> asked, no answer(-1)",-1,"asked, no answer",TRUE,
603,J,tphea07,binary,see jtphea01 -> not mentioned(0),0,not mentioned,FALSE,
603,J,tphea07,binary,see jtphea01 -> mentioned(1),1,mentioned,FALSE,
603,J,tphea08,binary,see jtphea01 -> no help(-2),-2,no help,TRUE,
603,J,tphea08,binary,"see jtphea01 -> asked, no answer(-1)",-1,"asked, no answer",TRUE,
603,J,tphea08,binary,see jtphea01 -> not mentioned(0),0,not mentioned,FALSE,
603,J,tphea08,binary,see jtphea01 -> mentioned(1),1,mentioned,FALSE,
603,J,tphea09,binary,see jtphea01 -> no help(-2),-2,no help,TRUE,
603,J,tphea09,binary,"see jtphea01 -> asked, no answer(-1)",-1,"asked, no answer",TRUE,
603,J,tphea09,binary,see jtphea01 -> not mentioned(0),0,not mentioned,FALSE,
603,J,tphea09,binary,see jtphea01 -> mentioned(1),1,mentioned,FALSE,
603,J,tphea10,binary,see jtphea01 -> no help(-2),-2,no help,TRUE,
603,J,tphea10,binary,"see jtphea01 -> asked, no answer(-1)",-1,"asked, no answer",TRUE,
603,J,tphea10,binary,see jtphea01 -> not mentioned(0),0,not mentioned,FALSE,
603,J,tphea10,binary,see jtphea01 -> mentioned(1),1,mentioned,FALSE,
603,J,tphea11,binary,see jtphea01 -> no help(-2),-2,no help,TRUE,
603,J,tphea11,binary,"see jtphea01 -> asked, no answer(-1)",-1,"asked, no answer",TRUE,
603,J,tphea11,binary,see jtphea01 -> not mentioned(0),0,not mentioned,FALSE,
603,J,tphea11,binary,see jtphea01 -> mentioned(1),1,mentioned,FALSE,
603,J,tphea12,binary,see jtphea01 -> no help(-2),-2,no help,TRUE,
603,J,tphea12,binary,"see jtphea01 -> asked, no answer(-1)",-1,"asked, no answer",TRUE,
603,J,tphea12,binary,see jtphea01 -> not mentioned(0),0,not mentioned,FALSE,
603,J,tphea12,binary,see jtphea01 -> mentioned(1),1,mentioned,FALSE,
603,J,tpstic1,binary,"na, asked(-1)",-1,"na, asked",TRUE,
603,J,tpstic1,binary,no(1),1,no,FALSE,
603,J,tpstic1,binary,yes(2),2,yes,FALSE,
603,J,tphosp,binary,"na, asked / does not know(-1)",-1,"na, asked / does not know",TRUE,
603,J,tphosp,binary,no(1),1,no,FALSE,
603,J,tphosp,binary,yes(2),2,yes,FALSE,
603,J,tperh,binary,"see jtphosp -> na, asked / does not know(-1)",-1,"na, asked / does not know",TRUE,
603,J,tperh,binary,see jtphosp -> no(1),1,no,FALSE,
603,J,tperh,binary,see jtphosp -> yes(2),2,yes,FALSE,
603,J,tpmeds,binary,"see jtphosp -> na, asked / does not know(-1)",-1,"na, asked / does not know",TRUE,
603,J,tpmeds,binary,see jtphosp -> no(1),1,no,FALSE,
603,J,tpmeds,binary,see jtphosp -> yes(2),2,yes,FALSE,
603,J,tppsyh,binary,"see jtphosp -> na, asked / does not know(-1)",-1,"na, asked / does not know",TRUE,
603,J,tppsyh,binary,see jtphosp -> no(1),1,no,FALSE,
603,J,tppsyh,binary,see jtphosp -> yes(2),2,yes,FALSE,
603,J,tppsyc,binary,"see jtphosp -> na, asked / does not know(-1)",-1,"na, asked / does not know",TRUE,
603,J,tppsyc,binary,see jtphosp -> no(1),1,no,FALSE,
603,J,tppsyc,binary,see jtphosp -> yes(2),2,yes,FALSE,
603,J,tppha1,categorical,"asked, no answer(-1)",-1,"asked, no answer",TRUE,
603,J,tppha1,categorical,respondent bedridden(1),1,respondent bedridden,FALSE,
603,J,tppha1,categorical,R in wheelchair(2),2,R in wheelchair,FALSE,
603,J,tppha1,categorical,R with walking aid(3),3,R with walking aid,FALSE,
603,J,tppha1,categorical,"not 1, 2 or 3(4)",4,"not 1, 2 or 3",FALSE,
603,J,tpadl1a,ordinal,"na, see JTPPHA1(-2)",-2,"na, see JTPPHA1",TRUE,
603,J,tpadl1a,ordinal,"asked, no answer /does not know(-1)",-1,"asked, no answer / does not know",TRUE,
603,J,tpadl1a,ordinal,"no, R cannot(1)",1,"no, R cannot",FALSE,
603,J,tpadl1a,ordinal,"yes, without difficulty(2)",2,"yes, without difficulty",FALSE,
603,J,tpadl1a,ordinal,"yes, with some difficulty(3)",3,"yes, with some difficulty",FALSE,
603,J,tpadl1a,ordinal,"yes, with much difficulty(4)",4,"yes, with much difficulty",FALSE,
603,J,tpadl1a,ordinal,only with help(5),5,only with help,FALSE,
603,J,tpadl2a,ordinal,"see jtpadl1a -> na, see JTPPHA1(-2)",-2,"na, see JTPPHA1",TRUE,
603,J,tpadl2a,ordinal,"see jtpadl1a -> asked, no answer /does not know(-1)",-1,"asked, no answer / does not know",TRUE,
603,J,tpadl2a,ordinal,"see jtpadl1a -> no, R cannot(1)",1,"no, R cannot",FALSE,
603,J,tpadl2a,ordinal,"see jtpadl1a -> yes, without difficulty(2)",2,"yes, without difficulty",FALSE,
603,J,tpadl2a,ordinal,"see jtpadl1a -> yes, with some difficulty(3)",3,"yes, with some difficulty",FALSE,
603,J,tpadl2a,ordinal,"see jtpadl1a -> yes, with much difficulty(4)",4,"yes, with much difficulty",FALSE,
603,J,tpadl2a,ordinal,see jtpadl1a -> only with help(5),5,only with help,FALSE,
603,J,tpadl3a,ordinal,"see jtpadl1a -> na, see JTPPHA1(-2)",-2,"na, see JTPPHA1",TRUE,
603,J,tpadl3a,ordinal,"see jtpadl1a -> asked, no answer /does not know(-1)",-1,"asked, no answer / does not know",TRUE,
603,J,tpadl3a,ordinal,"see jtpadl1a -> no, R cannot(1)",1,"no, R cannot",FALSE,
603,J,tpadl3a,ordinal,"see jtpadl1a -> yes, without difficulty(2)",2,"yes, without difficulty",FALSE,
603,J,tpadl3a,ordinal,"see jtpadl1a -> yes, with some difficulty(3)",3,"yes, with some difficulty",FALSE,
603,J,tpadl3a,ordinal,"see jtpadl1a -> yes, with much difficulty(4)",4,"yes, with much difficulty",FALSE,
603,J,tpadl3a,ordinal,see jtpadl1a -> only with help(5),5,only with help,FALSE,
603,J,tpadl4a,ordinal,"see jtpadl1a -> na, see JTPPHA1(-2)",-2,"na, see JTPPHA1",TRUE,
603,J,tpadl4a,ordinal,"see jtpadl1a -> asked, no answer /does not know(-1)",-1,"asked, no answer / does not know",TRUE,
603,J,tpadl4a,ordinal,"see jtpadl1a -> no, R cannot(1)",1,"no, R cannot",FALSE,
603,J,tpadl4a,ordinal,"see jtpadl1a -> yes, without difficulty(2)",2,"yes, without difficulty",FALSE,
603,J,tpadl4a,ordinal,"see jtpadl1a -> yes, with some difficulty(3)",3,"yes, with some difficulty",FALSE,
603,J,tpadl4a,ordinal,"see jtpadl1a -> yes, with much difficulty(4)",4,"yes, with much difficulty",FALSE,
603,J,tpadl4a,ordinal,see jtpadl1a -> only with help(5),5,only with help,FALSE,
603,J,tpadl5a,ordinal,"see jtpadl1a -> na, see JTPPHA1(-2)",-2,"na, see JTPPHA1",TRUE,
603,J,tpadl5a,ordinal,"see jtpadl1a -> asked, no answer /does not know(-1)",-1,"asked, no answer / does not know",TRUE,
603,J,tpadl5a,ordinal,"see jtpadl1a -> no, R cannot(1)",1,"no, R cannot",FALSE,
603,J,tpadl5a,ordinal,"see jtpadl1a -> yes, without difficulty(2)",2,"yes, without difficulty",FALSE,
603,J,tpadl5a,ordinal,"see jtpadl1a -> yes, with some difficulty(3)",3,"yes, with some difficulty",FALSE,
603,J,tpadl5a,ordinal,"see jtpadl1a -> yes, with much difficulty(4)",4,"yes, with much difficulty",FALSE,
603,J,tpadl5a,ordinal,see jtpadl1a -> only with help(5),5,only with help,FALSE,
603,J,tpadl6a,ordinal,"see jtpadl1a -> na, see JTPPHA1(-2)",-2,"na, see JTPPHA1",TRUE,
603,J,tpadl6a,ordinal,"see jtpadl1a -> asked, no answer /does not know(-1)",-1,"asked, no answer / does not know",TRUE,
603,J,tpadl6a,ordinal,"see jtpadl1a -> no, R cannot(1)",1,"no, R cannot",FALSE,
603,J,tpadl6a,ordinal,"see jtpadl1a -> yes, without difficulty(2)",2,"yes, without difficulty",FALSE,
603,J,tpadl6a,ordinal,"see jtpadl1a -> yes, with some difficulty(3)",3,"yes, with some difficulty",FALSE,
603,J,tpadl6a,ordinal,"see jtpadl1a -> yes, with much difficulty(4)",4,"yes, with much difficulty",FALSE,
603,J,tpadl6a,ordinal,see jtpadl1a -> only with help(5),5,only with help,FALSE,
603,J,tpflwdiff,numeric,"na, see JTPPHA1(-2)",-2,"na, see JTPPHA1",TRUE,
603,J,tpflwdiff,numeric,no valid data(-1),-1,no valid data,TRUE,
603,J,tpflwdiff,numeric,no difficulties(0),0,no difficulties,FALSE,
603,J,tpflwdiff,numeric,2 without difficulty(1),1,2 without difficulty,FALSE,
603,J,tpflwdiff,numeric,1 without difficulty(2),2,1 without difficulty,FALSE,
603,J,tpflwdiff,numeric,all with difficulty(3),3,all with difficulty,FALSE,
603,J,tpflwd#6,numeric,"na, see JTPPHA1(-2)",-2,"na, see JTPPHA1",TRUE,
603,J,tpflwd#6,numeric,no valid data(-1),-1,no valid data,TRUE,
603,J,tpflwd#6,numeric,no difficulties(0),0,no difficulties,FALSE,
603,J,tpflwd#6,numeric,5 without difficulty(1),1,5 without difficulty,FALSE,
603,J,tpflwd#6,numeric,4 without difficulty(2),2,4 without difficulty,FALSE,
603,J,tpflwd#6,numeric,3 without difficulty(3),3,3 without difficulty,FALSE,
603,J,tpflwd#6,numeric,2 without difficulty(4),4,2 without difficulty,FALSE,
603,J,tpflwd#6,numeric,1 without difficulty(5),5,1 without difficulty,FALSE,
603,J,tpflwd#6,numeric,all with difficulty(6),6,all with difficulty,FALSE,
603,K,tphepyn,binary,"asked, no answer(-1)",-1,"asked, no answer",TRUE,
603,K,tphepyn,binary,no(1),1,no,FALSE,
603,K,tphepyn,binary,yes(2),2,yes,FALSE,
603,K,tphep01,binary,no help(-2),-2,no help,TRUE,
603,K,tphep01,binary,"asked, no answer(-1)",-1,"asked, no answer",TRUE,
603,K,tphep01,binary,not mentioned(0),0,not mentioned,FALSE,
603,K,tphep01,binary,mentioned(1),1,mentioned,FALSE,
603,K,tphep02a,binary,see ktphep01 -> no help(-2),-2,no help,TRUE,
603,K,tphep02a,binary,"see ktphep01 -> asked, no answer(-1)",-1,"asked, no answer",TRUE,
603,K,tphep02a,binary,see ktphep01 -> not mentioned(0),0,not mentioned,FALSE,
603,K,tphep02a,binary,see ktphep01 -> mentioned(1),1,mentioned,FALSE,
603,K,tphep02b,binary,see ktphep01 -> no help(-2),-2,no help,TRUE,
603,K,tphep02b,binary,"see ktphep01 -> asked, no answer(-1)",-1,"asked, no answer",TRUE,
603,K,tphep02b,binary,see ktphep01 -> not mentioned(0),0,not mentioned,FALSE,
603,K,tphep02b,binary,see ktphep01 -> mentioned(1),1,mentioned,FALSE,
603,K,tphep03,binary,see ktphep01 -> no help(-2),-2,no help,TRUE,
603,K,tphep03,binary,"see ktphep01 -> asked, no answer(-1)",-1,"asked, no answer",TRUE,
603,K,tphep03,binary,see ktphep01 -> not mentioned(0),0,not mentioned,FALSE,
603,K,tphep03,binary,see ktphep01 -> mentioned(1),1,mentioned,FALSE,
603,K,tphep04a,binary,see ktphep01 -> no help(-2),-2,no help,TRUE,
603,K,tphep04a,binary,"see ktphep01 -> asked, no answer(-1)",-1,"asked, no answer",TRUE,
603,K,tphep04a,binary,see ktphep01 -> not mentioned(0),0,not mentioned,FALSE,
603,K,tphep04a,binary,see ktphep01 -> mentioned(1),1,mentioned,FALSE,
603,K,tphep04b,binary,see ktphep01 -> no help(-2),-2,no help,TRUE,
603,K,tphep04b,binary,"see ktphep01 -> asked, no answer(-1)",-1,"asked, no answer",TRUE,
603,K,tphep04b,binary,see ktphep01 -> not mentioned(0),0,not mentioned,FALSE,
603,K,tphep04b,binary,see ktphep01 -> mentioned(1),1,mentioned,FALSE,
603,K,tphep05,binary,see ktphep01 -> no help(-2),-2,no help,TRUE,
603,K,tphep05,binary,"see ktphep01 -> asked, no answer(-1)",-1,"asked, no answer",TRUE,
603,K,tphep05,binary,see ktphep01 -> not mentioned(0),0,not mentioned,FALSE,
603,K,tphep05,binary,see ktphep01 -> mentioned(1),1,mentioned,FALSE,
603,K,tphep06a,binary,see ktphep01 -> no help(-2),-2,no help,TRUE,
603,K,tphep06a,binary,"see ktphep01 -> asked, no answer(-1)",-1,"asked, no answer",TRUE,
603,K,tphep06a,binary,see ktphep01 -> not mentioned(0),0,not mentioned,FALSE,
603,K,tphep06a,binary,see ktphep01 -> mentioned(1),1,mentioned,FALSE,
603,K,tphep06b,binary,see ktphep01 -> no help(-2),-2,no help,TRUE,
603,K,tphep06b,binary,"see ktphep01 -> asked, no answer(-1)",-1,"asked, no answer",TRUE,
603,K,tphep06b,binary,see ktphep01 -> not mentioned(0),0,not mentioned,FALSE,
603,K,tphep06b,binary,see ktphep01 -> mentioned(1),1,mentioned,FALSE,
603,K,tphep07,binary,see ktphep01 -> no help(-2),-2,no help,TRUE,
603,K,tphep07,binary,"see ktphep01 -> asked, no answer(-1)",-1,"asked, no answer",TRUE,
603,K,tphep07,binary,see ktphep01 -> not mentioned(0),0,not mentioned,FALSE,
603,K,tphep07,binary,see ktphep01 -> mentioned(1),1,mentioned,FALSE,
603,K,tphep08,binary,see ktphep01 -> no help(-2),-2,no help,TRUE,
603,K,tphep08,binary,"see ktphep01 -> asked, no answer(-1)",-1,"asked, no answer",TRUE,
603,K,tphep08,binary,see ktphep01 -> not mentioned(0),0,not mentioned,FALSE,
603,K,tphep08,binary,see ktphep01 -> mentioned(1),1,mentioned,FALSE,
603,K,tphep09,binary,see ktphep01 -> no help(-2),-2,no help,TRUE,
603,K,tphep09,binary,"see ktphep01 -> asked, no answer(-1)",-1,"asked, no answer",TRUE,
603,K,tphep09,binary,see ktphep01 -> not mentioned(0),0,not mentioned,FALSE,
603,K,tphep09,binary,see ktphep01 -> mentioned(1),1,mentioned,FALSE,
603,K,tphep10,binary,see ktphep01 -> no help(-2),-2,no help,TRUE,
603,K,tphep10,binary,"see ktphep01 -> asked, no answer(-1)",-1,"asked, no answer",TRUE,
603,K,tphep10,binary,see ktphep01 -> not mentioned(0),0,not mentioned,FALSE,
603,K,tphep10,binary,see ktphep01 -> mentioned(1),1,mentioned,FALSE,
603,K,tphep11,binary,see ktphep01 -> no help(-2),-2,no help,TRUE,
603,K,tphep11,binary,"see ktphep01 -> asked, no answer(-1)",-1,"asked, no answer",TRUE,
603,K,tphep11,binary,see ktphep01 -> not mentioned(0),0,not mentioned,FALSE,
603,K,tphep11,binary,see ktphep01 -> mentioned(1),1,mentioned,FALSE,
603,K,tphep12,binary,see ktphep01 -> no help(-2),-2,no help,TRUE,
603,K,tphep12,binary,"see ktphep01 -> asked, no answer(-1)",-1,"asked, no answer",TRUE,
603,K,tphep12,binary,see ktphep01 -> not mentioned(0),0,not mentioned,FALSE,
603,K,tphep12,binary,see ktphep01 -> mentioned(1),1,mentioned,FALSE,
603,K,tphedyn,binary,"asked, no answer(-1)",-1,"asked, no answer",TRUE,
603,K,tphedyn,binary,no(1),1,no,FALSE,
603,K,tphedyn,binary,yes(2),2,yes,FALSE,
603,K,tphed01,binary,no help(-2),-2,no help,TRUE,
603,K,tphed01,binary,"asked, no answer(-1)",-1,"asked, no answer",TRUE,
603,K,tphed01,binary,not mentioned(0),0,not mentioned,FALSE,
603,K,tphed01,binary,mentioned(1),1,mentioned,FALSE,
603,K,tphed02a,binary,see ktphed01 -> no help(-2),-2,no help,TRUE,
603,K,tphed02a,binary,"see ktphed01 -> asked, no answer(-1)",-1,"asked, no answer",TRUE,
603,K,tphed02a,binary,see ktphed01 -> not mentioned(0),0,not mentioned,FALSE,
603,K,tphed02a,binary,see ktphed01 -> mentioned(1),1,mentioned,FALSE,
603,K,tphed02b,binary,see ktphed01 -> no help(-2),-2,no help,TRUE,
603,K,tphed02b,binary,"see ktphed01 -> asked, no answer(-1)",-1,"asked, no answer",TRUE,
603,K,tphed02b,binary,see ktphed01 -> not mentioned(0),0,not mentioned,FALSE,
603,K,tphed02b,binary,see ktphed01 -> mentioned(1),1,mentioned,FALSE,
603,K,tphed03,binary,see ktphed01 -> no help(-2),-2,no help,TRUE,
603,K,tphed03,binary,"see ktphed01 -> asked, no answer(-1)",-1,"asked, no answer",TRUE,
603,K,tphed03,binary,see ktphed01 -> not mentioned(0),0,not mentioned,FALSE,
603,K,tphed03,binary,see ktphed01 -> mentioned(1),1,mentioned,FALSE,
603,K,tphed04a,binary,see ktphed01 -> no help(-2),-2,no help,TRUE,
603,K,tphed04a,binary,"see ktphed01 -> asked, no answer(-1)",-1,"asked, no answer",TRUE,
603,K,tphed04a,binary,see ktphed01 -> not mentioned(0),0,not mentioned,FALSE,
603,K,tphed04a,binary,see ktphed01 -> mentioned(1),1,mentioned,FALSE,
603,K,tphed04b,binary,see ktphed01 -> no help(-2),-2,no help,TRUE,
603,K,tphed04b,binary,"see ktphed01 -> asked, no answer(-1)",-1,"asked, no answer",TRUE,
603,K,tphed04b,binary,see ktphed01 -> not mentioned(0),0,not mentioned,FALSE,
603,K,tphed04b,binary,see ktphed01 -> mentioned(1),1,mentioned,FALSE,
603,K,tphed05,binary,see ktphed01 -> no help(-2),-2,no help,TRUE,
603,K,tphed05,binary,"see ktphed01 -> asked, no answer(-1)",-1,"asked, no answer",TRUE,
603,K,tphed05,binary,see ktphed01 -> not mentioned(0),0,not mentioned,FALSE,
603,K,tphed05,binary,see ktphed01 -> mentioned(1),1,mentioned,FALSE,
603,K,tphed06a,binary,see ktphed01 -> no help(-2),-2,no help,TRUE,
603,K,tphed06a,binary,"see ktphed01 -> asked, no answer(-1)",-1,"asked, no answer",TRUE,
603,K,tphed06a,binary,see ktphed01 -> not mentioned(0),0,not mentioned,FALSE,
603,K,tphed06a,binary,see ktphed01 -> mentioned(1),1,mentioned,FALSE,
603,K,tphed06b,binary,see ktphed01 -> no help(-2),-2,no help,TRUE,
603,K,tphed06b,binary,"see ktphed01 -> asked, no answer(-1)",-1,"asked, no answer",TRUE,
603,K,tphed06b,binary,see ktphed01 -> not mentioned(0),0,not mentioned,FALSE,
603,K,tphed06b,binary,see ktphed01 -> mentioned(1),1,mentioned,FALSE,
603,K,tphed07,binary,see ktphed01 -> no help(-2),-2,no help,TRUE,
603,K,tphed07,binary,"see ktphed01 -> asked, no answer(-1)",-1,"asked, no answer",TRUE,
603,K,tphed07,binary,see ktphed01 -> not mentioned(0),0,not mentioned,FALSE,
603,K,tphed07,binary,see ktphed01 -> mentioned(1),1,mentioned,FALSE,
603,K,tphed08,binary,see ktphed01 -> no help(-2),-2,no help,TRUE,
603,K,tphed08,binary,"see ktphed01 -> asked, no answer(-1)",-1,"asked, no answer",TRUE,
603,K,tphed08,binary,see ktphed01 -> not mentioned(0),0,not mentioned,FALSE,
603,K,tphed08,binary,see ktphed01 -> mentioned(1),1,mentioned,FALSE,
603,K,tphed09,binary,see ktphed01 -> no help(-2),-2,no help,TRUE,
603,K,tphed09,binary,"see ktphed01 -> asked, no answer(-1)",-1,"asked, no answer",TRUE,
603,K,tphed09,binary,see ktphed01 -> not mentioned(0),0,not mentioned,FALSE,
603,K,tphed09,binary,see ktphed01 -> mentioned(1),1,mentioned,FALSE,
603,K,tphed10,binary,see ktphed01 -> no help(-2),-2,no help,TRUE,
603,K,tphed10,binary,"see ktphed01 -> asked, no answer(-1)",-1,"asked, no answer",TRUE,
603,K,tphed10,binary,see ktphed01 -> not mentioned(0),0,not mentioned,FALSE,
603,K,tphed10,binary,see ktphed01 -> mentioned(1),1,mentioned,FALSE,
603,K,tphed11,binary,see ktphed01 -> no help(-2),-2,no help,TRUE,
603,K,tphed11,binary,"see ktphed01 -> asked, no answer(-1)",-1,"asked, no answer",TRUE,
603,K,tphed11,binary,see ktphed01 -> not mentioned(0),0,not mentioned,FALSE,
603,K,tphed11,binary,see ktphed01 -> mentioned(1),1,mentioned,FALSE,
603,K,tphed12,binary,see ktphed01 -> no help(-2),-2,no help,TRUE,
603,K,tphed12,binary,"see ktphed01 -> asked, no answer(-1)",-1,"asked, no answer",TRUE,
603,K,tphed12,binary,see ktphed01 -> not mentioned(0),0,not mentioned,FALSE,
603,K,tphed12,binary,see ktphed01 -> mentioned(1),1,mentioned,FALSE,
603,K,tphenyn,binary,"asked, no answer(-1)",-1,"asked, no answer",TRUE,
603,K,tphenyn,binary,no(1),1,no,FALSE,
603,K,tphenyn,binary,yes(2),2,yes,FALSE,
603,K,tphen01,binary,no help(-2),-2,no help,TRUE,
603,K,tphen01,binary,"asked, no answer(-1)",-1,"asked, no answer",TRUE,
603,K,tphen01,binary,not mentioned(0),0,not mentioned,FALSE,
603,K,tphen01,binary,mentioned(1),1,mentioned,FALSE,
603,K,tphen02a,binary,see ktphen01 -> no help(-2),-2,no help,TRUE,
603,K,tphen02a,binary,"see ktphen01 -> asked, no answer(-1)",-1,"asked, no answer",TRUE,
603,K,tphen02a,binary,see ktphen01 -> not mentioned(0),0,not mentioned,FALSE,
603,K,tphen02a,binary,see ktphen01 -> mentioned(1),1,mentioned,FALSE,
603,K,tphen02b,binary,see ktphen01 -> no help(-2),-2,no help,TRUE,
603,K,tphen02b,binary,"see ktphen01 -> asked, no answer(-1)",-1,"asked, no answer",TRUE,
603,K,tphen02b,binary,see ktphen01 -> not mentioned(0),0,not mentioned,FALSE,
603,K,tphen02b,binary,see ktphen01 -> mentioned(1),1,mentioned,FALSE,
603,K,tphen03,binary,see ktphen01 -> no help(-2),-2,no help,TRUE,
603,K,tphen03,binary,"see ktphen01 -> asked, no answer(-1)",-1,"asked, no answer",TRUE,
603,K,tphen03,binary,see ktphen01 -> not mentioned(0),0,not mentioned,FALSE,
603,K,tphen03,binary,see ktphen01 -> mentioned(1),1,mentioned,FALSE,
603,K,tphen04a,binary,see ktphen01 -> no help(-2),-2,no help,TRUE,
603,K,tphen04a,binary,"see ktphen01 -> asked, no answer(-1)",-1,"asked, no answer",TRUE,
603,K,tphen04a,binary,see ktphen01 -> not mentioned(0),0,not mentioned,FALSE,
603,K,tphen04a,binary,see ktphen01 -> mentioned(1),1,mentioned,FALSE,
603,K,tphen04b,binary,see ktphen01 -> no help(-2),-2,no help,TRUE,
603,K,tphen04b,binary,"see ktphen01 -> asked, no answer(-1)",-1,"asked, no answer",TRUE,
603,K,tphen04b,binary,see ktphen01 -> not mentioned(0),0,not mentioned,FALSE,
603,K,tphen04b,binary,see ktphen01 -> mentioned(1),1,mentioned,FALSE,
603,K,tphen05,binary,see ktphen01 -> no help(-2),-2,no help,TRUE,
603,K,tphen05,binary,"see ktphen01 -> asked, no answer(-1)",-1,"asked, no answer",TRUE,
603,K,tphen05,binary,see ktphen01 -> not mentioned(0),0,not mentioned,FALSE,
603,K,tphen05,binary,see ktphen01 -> mentioned(1),1,mentioned,FALSE,
603,K,tphen06a,binary,see ktphen01 -> no help(-2),-2,no help,TRUE,
603,K,tphen06a,binary,"see ktphen01 -> asked, no answer(-1)",-1,"asked, no answer",TRUE,
603,K,tphen06a,binary,see ktphen01 -> not mentioned(0),0,not mentioned,FALSE,
603,K,tphen06a,binary,see ktphen01 -> mentioned(1),1,mentioned,FALSE,
603,K,tphen06b,binary,see ktphen01 -> no help(-2),-2,no help,TRUE,
603,K,tphen06b,binary,"see ktphen01 -> asked, no answer(-1)",-1,"asked, no answer",TRUE,
603,K,tphen06b,binary,see ktphen01 -> not mentioned(0),0,not mentioned,FALSE,
603,K,tphen06b,binary,see ktphen01 -> mentioned(1),1,mentioned,FALSE,
603,K,tphen07,binary,see ktphen01 -> no help(-2),-2,no help,TRUE,
603,K,tphen07,binary,"see ktphen01 -> asked, no answer(-1)",-1,"asked, no answer",TRUE,
603,K,tphen07,binary,see ktphen01 -> not mentioned(0),0,not mentioned,FALSE,
603,K,tphen07,binary,see ktphen01 -> mentioned(1),1,mentioned,FALSE,
603,K,tphen08,binary,see ktphen01 -> no help(-2),-2,no help,TRUE,
603,K,tphen08,binary,"see ktphen01 -> asked, no answer(-1)",-1,"asked, no answer",TRUE,
603,K,tphen08,binary,see ktphen01 -> not mentioned(0),0,not mentioned,FALSE,
603,K,tphen08,binary,see ktphen01 -> mentioned(1),1,mentioned,FALSE,
603,K,tphen09,binary,see ktphen01 -> no help(-2),-2,no help,TRUE,
603,K,tphen09,binary,"see ktphen01 -> asked, no answer(-1)",-1,"asked, no answer",TRUE,
603,K,tphen09,binary,see ktphen01 -> not mentioned(0),0,not mentioned,FALSE,
603,K,tphen09,binary,see ktphen01 -> mentioned(1),1,mentioned,FALSE,
603,K,tphen10,binary,see ktphen01 -> no help(-2),-2,no help,TRUE,
603,K,tphen10,binary,"see ktphen01 -> asked, no answer(-1)",-1,"asked, no answer",TRUE,
603,K,tphen10,binary,see ktphen01 -> not mentioned(0),0,not mentioned,FALSE,
603,K,tphen10,binary,see ktphen01 -> mentioned(1),1,mentioned,FALSE,
603,K,tphen11,binary,see ktphen01 -> no help(-2),-2,no help,TRUE,
603,K,tphen11,binary,"see ktphen01 -> asked, no answer(-1)",-1,"asked, no answer",TRUE,
603,K,tphen11,binary,see ktphen01 -> not mentioned(0),0,not mentioned,FALSE,
603,K,tphen11,binary,see ktphen01 -> mentioned(1),1,mentioned,FALSE,
603,K,tphen12,binary,see ktphen01 -> no help(-2),-2,no help,TRUE,
603,K,tphen12,binary,"see ktphen01 -> asked, no answer(-1)",-1,"asked, no answer",TRUE,
603,K,tphen12,binary,see ktphen01 -> not mentioned(0),0,not mentioned,FALSE,
603,K,tphen12,binary,see ktphen01 -> mentioned(1),1,mentioned,FALSE,
603,K,tphegyn,binary,"asked, no answer(-1)",-1,"asked, no answer",TRUE,
603,K,tphegyn,binary,no(1),1,no,FALSE,
603,K,tphegyn,binary,yes(2),2,yes,FALSE,
603,K,tpheg01,binary,no help(-2),-2,no help,TRUE,
603,K,tpheg01,binary,"asked, no answer(-1)",-1,"asked, no answer",TRUE,
603,K,tpheg01,binary,not mentioned(0),0,not mentioned,FALSE,
603,K,tpheg01,binary,mentioned(1),1,mentioned,FALSE,
603,K,tpheg02a,binary,see ktpheg01 -> no help(-2),-2,no help,TRUE,
603,K,tpheg02a,binary,"see ktpheg01 -> asked, no answer(-1)",-1,"asked, no answer",TRUE,
603,K,tpheg02a,binary,see ktpheg01 -> not mentioned(0),0,not mentioned,FALSE,
603,K,tpheg02a,binary,see ktpheg01 -> mentioned(1),1,mentioned,FALSE,
603,K,tpheg02b,binary,see ktpheg01 -> no help(-2),-2,no help,TRUE,
603,K,tpheg02b,binary,"see ktpheg01 -> asked, no answer(-1)",-1,"asked, no answer",TRUE,
603,K,tpheg02b,binary,see ktpheg01 -> not mentioned(0),0,not mentioned,FALSE,
603,K,tpheg02b,binary,see ktpheg01 -> mentioned(1),1,mentioned,FALSE,
603,K,tpheg03,binary,see ktpheg01 -> no help(-2),-2,no help,TRUE,
603,K,tpheg03,binary,"see ktpheg01 -> asked, no answer(-1)",-1,"asked, no answer",TRUE,
603,K,tpheg03,binary,see ktpheg01 -> not mentioned(0),0,not mentioned,FALSE,
603,K,tpheg03,binary,see ktpheg01 -> mentioned(1),1,mentioned,FALSE,
603,K,tpheg04a,binary,see ktpheg01 -> no help(-2),-2,no help,TRUE,
603,K,tpheg04a,binary,"see ktpheg01 -> asked, no answer(-1)",-1,"asked, no answer",TRUE,
603,K,tpheg04a,binary,see ktpheg01 -> not mentioned(0),0,not mentioned,FALSE,
603,K,tpheg04a,binary,see ktpheg01 -> mentioned(1),1,mentioned,FALSE,
603,K,tpheg04b,binary,see ktpheg01 -> no help(-2),-2,no help,TRUE,
603,K,tpheg04b,binary,"see ktpheg01 -> asked, no answer(-1)",-1,"asked, no answer",TRUE,
603,K,tpheg04b,binary,see ktpheg01 -> not mentioned(0),0,not mentioned,FALSE,
603,K,tpheg04b,binary,see ktpheg01 -> mentioned(1),1,mentioned,FALSE,
603,K,tpheg05,binary,see ktpheg01 -> no help(-2),-2,no help,TRUE,
603,K,tpheg05,binary,"see ktpheg01 -> asked, no answer(-1)",-1,"asked, no answer",TRUE,
603,K,tpheg05,binary,see ktpheg01 -> not mentioned(0),0,not mentioned,FALSE,
603,K,tpheg05,binary,see ktpheg01 -> mentioned(1),1,mentioned,FALSE,
603,K,tpheg06a,binary,see ktpheg01 -> no help(-2),-2,no help,TRUE,
603,K,tpheg06a,binary,"see ktpheg01 -> asked, no answer(-1)",-1,"asked, no answer",TRUE,
603,K,tpheg06a,binary,see ktpheg01 -> not mentioned(0),0,not mentioned,FALSE,
603,K,tpheg06a,binary,see ktpheg01 -> mentioned(1),1,mentioned,FALSE,
603,K,tpheg06b,binary,see ktpheg01 -> no help(-2),-2,no help,TRUE,
603,K,tpheg06b,binary,"see ktpheg01 -> asked, no answer(-1)",-1,"asked, no answer",TRUE,
603,K,tpheg06b,binary,see ktpheg01 -> not mentioned(0),0,not mentioned,FALSE,
603,K,tpheg06b,binary,see ktpheg01 -> mentioned(1),1,mentioned,FALSE,
603,K,tpheg07,binary,see ktpheg01 -> no help(-2),-2,no help,TRUE,
603,K,tpheg07,binary,"see ktpheg01 -> asked, no answer(-1)",-1,"asked, no answer",TRUE,
603,K,tpheg07,binary,see ktpheg01 -> not mentioned(0),0,not mentioned,FALSE,
603,K,tpheg07,binary,see ktpheg01 -> mentioned(1),1,mentioned,FALSE,
603,K,tpheg08,binary,see ktpheg01 -> no help(-2),-2,no help,TRUE,
603,K,tpheg08,binary,"see ktpheg01 -> asked, no answer(-1)",-1,"asked, no answer",TRUE,
603,K,tpheg08,binary,see ktpheg01 -> not mentioned(0),0,not mentioned,FALSE,
603,K,tpheg08,binary,see ktpheg01 -> mentioned(1),1,mentioned,FALSE,
603,K,tpheg09,binary,see ktpheg01 -> no help(-2),-2,no help,TRUE,
603,K,tpheg09,binary,"see ktpheg01 -> asked, no answer(-1)",-1,"asked, no answer",TRUE,
603,K,tpheg09,binary,see ktpheg01 -> not mentioned(0),0,not mentioned,FALSE,
603,K,tpheg09,binary,see ktpheg01 -> mentioned(1),1,mentioned,FALSE,
603,K,tpheg10,binary,see ktpheg01 -> no help(-2),-2,no help,TRUE,
603,K,tpheg10,binary,"see ktpheg01 -> asked, no answer(-1)",-1,"asked, no answer",TRUE,
603,K,tpheg10,binary,see ktpheg01 -> not mentioned(0),0,not mentioned,FALSE,
603,K,tpheg10,binary,see ktpheg01 -> mentioned(1),1,mentioned,FALSE,
603,K,tpheg11,binary,see ktpheg01 -> no help(-2),-2,no help,TRUE,
603,K,tpheg11,binary,"see ktpheg01 -> asked, no answer(-1)",-1,"asked, no answer",TRUE,
603,K,tpheg11,binary,see ktpheg01 -> not mentioned(0),0,not mentioned,FALSE,
603,K,tpheg11,binary,see ktpheg01 -> mentioned(1),1,mentioned,FALSE,
603,K,tpheg12,binary,see ktpheg01 -> no help(-2),-2,no help,TRUE,
603,K,tpheg12,binary,"see ktpheg01 -> asked, no answer(-1)",-1,"asked, no answer",TRUE,
603,K,tpheg12,binary,see ktpheg01 -> not mentioned(0),0,not mentioned,FALSE,
603,K,tpheg12,binary,see ktpheg01 -> mentioned(1),1,mentioned,FALSE,
603,K,tpheayn,binary,"asked, no answer(-1)",-1,"asked, no answer",TRUE,
603,K,tpheayn,binary,no(1),1,no,FALSE,
603,K,tpheayn,binary,yes(2),2,yes,FALSE,
603,K,tphea01,binary,no help(-2),-2,no help,TRUE,
603,K,tphea01,binary,"asked, no answer(-1)",-1,"asked, no answer",TRUE,
603,K,tphea01,binary,not mentioned(0),0,not mentioned,FALSE,
603,K,tphea01,binary,mentioned(1),1,mentioned,FALSE,
603,K,tphea02a,binary,see ktphea01 -> no help(-2),-2,no help,TRUE,
603,K,tphea02a,binary,"see ktphea01 -> asked, no answer(-1)",-1,"asked, no answer",TRUE,
603,K,tphea02a,binary,see ktphea01 -> not mentioned(0),0,not mentioned,FALSE,
603,K,tphea02a,binary,see ktphea01 -> mentioned(1),1,mentioned,FALSE,
603,K,tphea02b,binary,see ktphea01 -> no help(-2),-2,no help,TRUE,
603,K,tphea02b,binary,"see ktphea01 -> asked, no answer(-1)",-1,"asked, no answer",TRUE,
603,K,tphea02b,binary,see ktphea01 -> not mentioned(0),0,not mentioned,FALSE,
603,K,tphea02b,binary,see ktphea01 -> mentioned(1),1,mentioned,FALSE,
603,K,tphea03,binary,see ktphea01 -> no help(-2),-2,no help,TRUE,
603,K,tphea03,binary,"see ktphea01 -> asked, no answer(-1)",-1,"asked, no answer",TRUE,
603,K,tphea03,binary,see ktphea01 -> not mentioned(0),0,not mentioned,FALSE,
603,K,tphea03,binary,see ktphea01 -> mentioned(1),1,mentioned,FALSE,
603,K,tphea04a,binary,see ktphea01 -> no help(-2),-2,no help,TRUE,
603,K,tphea04a,binary,"see ktphea01 -> asked, no answer(-1)",-1,"asked, no answer",TRUE,
603,K,tphea04a,binary,see ktphea01 -> not mentioned(0),0,not mentioned,FALSE,
603,K,tphea04a,binary,see ktphea01 -> mentioned(1),1,mentioned,FALSE,
603,K,tphea04b,binary,see ktphea01 -> no help(-2),-2,no help,TRUE,
603,K,tphea04b,binary,"see ktphea01 -> asked, no answer(-1)",-1,"asked, no answer",TRUE,
603,K,tphea04b,binary,see ktphea01 -> not mentioned(0),0,not mentioned,FALSE,
603,K,tphea04b,binary,see ktphea01 -> mentioned(1),1,mentioned,FALSE,
603,K,tphea05,binary,see ktphea01 -> no help(-2),-2,no help,TRUE,
603,K,tphea05,binary,"see ktphea01 -> asked, no answer(-1)",-1,"asked, no answer",TRUE,
603,K,tphea05,binary,see ktphea01 -> not mentioned(0),0,not mentioned,FALSE,
603,K,tphea05,binary,see ktphea01 -> mentioned(1),1,mentioned,FALSE,
603,K,tphea06a,binary,see ktphea01 -> no help(-2),-2,no help,TRUE,
603,K,tphea06a,binary,"see ktphea01 -> asked, no answer(-1)",-1,"asked, no answer",TRUE,
603,K,tphea06a,binary,see ktphea01 -> not mentioned(0),0,not mentioned,FALSE,
603,K,tphea06a,binary,see ktphea01 -> mentioned(1),1,mentioned,FALSE,
603,K,tphea06b,binary,see ktphea01 -> no help(-2),-2,no help,TRUE,
603,K,tphea06b,binary,"see ktphea01 -> asked, no answer(-1)",-1,"asked, no answer",TRUE,
603,K,tphea06b,binary,see ktphea01 -> not mentioned(0),0,not mentioned,FALSE,
603,K,tphea06b,binary,see ktphea01 -> mentioned(1),1,mentioned,FALSE,
603,K,tphea07,binary,see ktphea01 -> no help(-2),-2,no help,TRUE,
603,K,tphea07,binary,"see ktphea01 -> asked, no answer(-1)",-1,"asked, no answer",TRUE,
603,K,tphea07,binary,see ktphea01 -> not mentioned(0),0,not mentioned,FALSE,
603,K,tphea07,binary,see ktphea01 -> mentioned(1),1,mentioned,FALSE,
603,K,tphea08,binary,see ktphea01 -> no help(-2),-2,no help,TRUE,
603,K,tphea08,binary,"see ktphea01 -> asked, no answer(-1)",-1,"asked, no answer",TRUE,
603,K,tphea08,binary,see ktphea01 -> not mentioned(0),0,not mentioned,FALSE,
603,K,tphea08,binary,see ktphea01 -> mentioned(1),1,mentioned,FALSE,
603,K,tphea09,binary,see ktphea01 -> no help(-2),-2,no help,TRUE,
603,K,tphea09,binary,"see ktphea01 -> asked, no answer(-1)",-1,"asked, no answer",TRUE,
603,K,tphea09,binary,see ktphea01 -> not mentioned(0),0,not mentioned,FALSE,
603,K,tphea09,binary,see ktphea01 -> mentioned(1),1,mentioned,FALSE,
603,K,tphea10,binary,see ktphea01 -> no help(-2),-2,no help,TRUE,
603,K,tphea10,binary,"see ktphea01 -> asked, no answer(-1)",-1,"asked, no answer",TRUE,
603,K,tphea10,binary,see ktphea01 -> not mentioned(0),0,not mentioned,FALSE,
603,K,tphea10,binary,see ktphea01 -> mentioned(1),1,mentioned,FALSE,
603,K,tphea11,binary,see ktphea01 -> no help(-2),-2,no help,TRUE,
603,K,tphea11,binary,"see ktphea01 -> asked, no answer(-1)",-1,"asked, no answer",TRUE,
603,K,tphea11,binary,see ktphea01 -> not mentioned(0),0,not mentioned,FALSE,
603,K,tphea11,binary,see ktphea01 -> mentioned(1),1,mentioned,FALSE,
603,K,tphea12,binary,see ktphea01 -> no help(-2),-2,no help,TRUE,
603,K,tphea12,binary,"see ktphea01 -> asked, no answer(-1)",-1,"asked, no answer",TRUE,
603,K,tphea12,binary,see ktphea01 -> not mentioned(0),0,not mentioned,FALSE,
603,K,tphea12,binary,see ktphea01 -> mentioned(1),1,mentioned,FALSE,
603,K,tpsuffic,ordinal,"asked, no answer(-1)",-1,"asked, no answer",TRUE,
603,K,tpsuffic,ordinal,insufficient(1),1,insufficient,FALSE,
603,K,tpsuffic,ordinal,in between insufficient/sufficient(2),2,in between insufficient/sufficient,FALSE,
603,K,tpsuffic,ordinal,sufficient(3),3,sufficient,FALSE,
603,K,tpstic1,binary,"na, asked(-1)",-1,"na, asked",TRUE,
603,K,tpstic1,binary,no(1),1,no,FALSE,
603,K,tpstic1,binary,yes(2),2,yes,FALSE,
603,K,tphosp,binary,"na, asked(-1)",-1,"na, asked",TRUE,
603,K,tphosp,binary,no(1),1,no,FALSE,
603,K,tphosp,binary,yes(2),2,yes,FALSE,
603,K,tperh,binary,"see ktphosp -> na, asked(-1)",-1,"na, asked",TRUE,
603,K,tperh,binary,see ktphosp -> no(1),1,no,FALSE,
603,K,tperh,binary,see ktphosp -> yes(2),2,yes,FALSE,
603,K,tpmeds,binary,"see ktphosp -> na, asked(-1)",-1,"na, asked",TRUE,
603,K,tpmeds,binary,see ktphosp -> no(1),1,no,FALSE,
603,K,tpmeds,binary,see ktphosp -> yes(2),2,yes,FALSE,
603,K,tppsyh,binary,"see ktphosp -> na, asked(-1)",-1,"na, asked",TRUE,
603,K,tppsyh,binary,see ktphosp -> no(1),1,no,FALSE,
603,K,tppsyh,binary,see ktphosp -> yes(2),2,yes,FALSE,
603,K,tppsyc,binary,"see ktphosp -> na, asked(-1)",-1,"na, asked",TRUE,
603,K,tppsyc,binary,see ktphosp -> no(1),1,no,FALSE,
603,K,tppsyc,binary,see ktphosp -> yes(2),2,yes,FALSE,
603,K,tppha1,categorical,"asked, no answer(-1)",-1,"asked, no answer",TRUE,
603,K,tppha1,categorical,respondent bedridden(1),1,respondent bedridden,FALSE,
603,K,tppha1,categorical,R in wheelchair(2),2,R in wheelchair,FALSE,
603,K,tppha1,categorical,R with walking aid(3),3,R with walking aid,FALSE,
603,K,tppha1,categorical,"not 1, 2 or 3(4)",4,"not 1, 2 or 3",FALSE,
603,K,tpadl1a,ordinal,"na, see KTPPHA1(-2)",-2,"na, see KTPPHA1",TRUE,
603,K,tpadl1a,ordinal,"asked, no answer /does not know(-1)",-1,"asked, no answer / does not know",TRUE,
603,K,tpadl1a,ordinal,"no, R cannot(1)",1,"no, R cannot",FALSE,
603,K,tpadl1a,ordinal,"yes, without difficulty(2)",2,"yes, without difficulty",FALSE,
603,K,tpadl1a,ordinal,"yes, with some difficulty(3)",3,"yes, with some difficulty",FALSE,
603,K,tpadl1a,ordinal,"yes, with much difficulty(4)",4,"yes, with much difficulty",FALSE,
603,K,tpadl1a,ordinal,only with help(5),5,only with help,FALSE,
603,K,tpadl2a,ordinal,"see ktpadl1a -> na, see KTPPHA1(-2)",-2,"na, see KTPPHA1",TRUE,
603,K,tpadl2a,ordinal,"see ktpadl1a -> asked, no answer /does not know(-1)",-1,"asked, no answer / does not know",TRUE,
603,K,tpadl2a,ordinal,"see ktpadl1a -> no, R cannot(1)",1,"no, R cannot",FALSE,
603,K,tpadl2a,ordinal,"see ktpadl1a -> yes, without difficulty(2)",2,"yes, without difficulty",FALSE,
603,K,tpadl2a,ordinal,"see ktpadl1a -> yes, with some difficulty(3)",3,"yes, with some difficulty",FALSE,
603,K,tpadl2a,ordinal,"see ktpadl1a -> yes, with much difficulty(4)",4,"yes, with much difficulty",FALSE,
603,K,tpadl2a,ordinal,see ktpadl1a -> only with help(5),5,only with help,FALSE,
603,K,tpadl3a,ordinal,"see ktpadl1a -> na, see KTPPHA1(-2)",-2,"na, see KTPPHA1",TRUE,
603,K,tpadl3a,ordinal,"see ktpadl1a -> asked, no answer /does not know(-1)",-1,"asked, no answer / does not know",TRUE,
603,K,tpadl3a,ordinal,"see ktpadl1a -> no, R cannot(1)",1,"no, R cannot",FALSE,
603,K,tpadl3a,ordinal,"see ktpadl1a -> yes, without difficulty(2)",2,"yes, without difficulty",FALSE,
603,K,tpadl3a,ordinal,"see ktpadl1a -> yes, with some difficulty(3)",3,"yes, with some difficulty",FALSE,
603,K,tpadl3a,ordinal,"see ktpadl1a -> yes, with much difficulty(4)",4,"yes, with much difficulty",FALSE,
603,K,tpadl3a,ordinal,see ktpadl1a -> only with help(5),5,only with help,FALSE,
603,K,tpadl4a,ordinal,"see ktpadl1a -> na, see KTPPHA1(-2)",-2,"na, see KTPPHA1",TRUE,
603,K,tpadl4a,ordinal,"see ktpadl1a -> asked, no answer /does not know(-1)",-1,"asked, no answer / does not know",TRUE,
603,K,tpadl4a,ordinal,"see ktpadl1a -> no, R cannot(1)",1,"no, R cannot",FALSE,
603,K,tpadl4a,ordinal,"see ktpadl1a -> yes, without difficulty(2)",2,"yes, without difficulty",FALSE,
603,K,tpadl4a,ordinal,"see ktpadl1a -> yes, with some difficulty(3)",3,"yes, with some difficulty",FALSE,
603,K,tpadl4a,ordinal,"see ktpadl1a -> yes, with much difficulty(4)",4,"yes, with much difficulty",FALSE,
603,K,tpadl4a,ordinal,see ktpadl1a -> only with help(5),5,only with help,FALSE,
603,K,tpadl5a,ordinal,"see ktpadl1a -> na, see KTPPHA1(-2)",-2,"na, see KTPPHA1",TRUE,
603,K,tpadl5a,ordinal,"see ktpadl1a -> asked, no answer /does not know(-1)",-1,"asked, no answer / does not know",TRUE,
603,K,tpadl5a,ordinal,"see ktpadl1a -> no, R cannot(1)",1,"no, R cannot",FALSE,
603,K,tpadl5a,ordinal,"see ktpadl1a -> yes, without difficulty(2)",2,"yes, without difficulty",FALSE,
603,K,tpadl5a,ordinal,"see ktpadl1a -> yes, with some difficulty(3)",3,"yes, with some difficulty",FALSE,
603,K,tpadl5a,ordinal,"see ktpadl1a -> yes, with much difficulty(4)",4,"yes, with much difficulty",FALSE,
603,K,tpadl5a,ordinal,see ktpadl1a -> only with help(5),5,only with help,FALSE,
603,K,tpadl6a,ordinal,"see ktpadl1a -> na, see KTPPHA1(-2)",-2,"na, see KTPPHA1",TRUE,
603,K,tpadl6a,ordinal,"see ktpadl1a -> asked, no answer /does not know(-1)",-1,"asked, no answer / does not know",TRUE,
603,K,tpadl6a,ordinal,"see ktpadl1a -> no, R cannot(1)",1,"no, R cannot",FALSE,
603,K,tpadl6a,ordinal,"see ktpadl1a -> yes, without difficulty(2)",2,"yes, without difficulty",FALSE,
603,K,tpadl6a,ordinal,"see ktpadl1a -> yes, with some difficulty(3)",3,"yes, with some difficulty",FALSE,
603,K,tpadl6a,ordinal,"see ktpadl1a -> yes, with much difficulty(4)",4,"yes, with much difficulty",FALSE,
603,K,tpadl6a,ordinal,see ktpadl1a -> only with help(5),5,only with help,FALSE,
603,K,tpadl7a,ordinal,"see ktpadl1a -> na, see KTPPHA1(-2)",-2,"na, see KTPPHA1",TRUE,
603,K,tpadl7a,ordinal,"see ktpadl1a -> asked, no answer /does not know(-1)",-1,"asked, no answer / does not know",TRUE,
603,K,tpadl7a,ordinal,"see ktpadl1a -> no, R cannot(1)",1,"no, R cannot",FALSE,
603,K,tpadl7a,ordinal,"see ktpadl1a -> yes, without difficulty(2)",2,"yes, without difficulty",FALSE,
603,K,tpadl7a,ordinal,"see ktpadl1a -> yes, with some difficulty(3)",3,"yes, with some difficulty",FALSE,
603,K,tpadl7a,ordinal,"see ktpadl1a -> yes, with much difficulty(4)",4,"yes, with much difficulty",FALSE,
603,K,tpadl7a,ordinal,see ktpadl1a -> only with help(5),5,only with help,FALSE,
603,K,tpflwdiff,numeric,"na, see KTPPHA1(-2)",-2,"na, see KTPPHA1",TRUE,
603,K,tpflwdiff,numeric,no valid data(-1),-1,no valid data,TRUE,
603,K,tpflwdiff,numeric,no difficulties(0),0,no difficulties,FALSE,
603,K,tpflwdiff,numeric,2 without difficulty(1),1,2 without difficulty,FALSE,
603,K,tpflwdiff,numeric,1 without difficulty(2),2,1 without difficulty,FALSE,
603,K,tpflwdiff,numeric,all with difficulty(3),3,all with difficulty,FALSE,
603,K,tpflwd#6,numeric,"na, see KTPPHA1(-2)",-2,"na, see KTPPHA1",TRUE,
603,K,tpflwd#6,numeric,no valid data(-1),-1,no valid data,TRUE,
603,K,tpflwd#6,numeric,no difficulties(0),0,no difficulties,FALSE,
603,K,tpflwd#6,numeric,5 without difficulty(1),1,5 without difficulty,FALSE,
603,K,tpflwd#6,numeric,4 without difficulty(2),2,4 without difficulty,FALSE,
603,K,tpflwd#6,numeric,3 without difficulty(3),3,3 without difficulty,FALSE,
603,K,tpflwd#6,numeric,2 without difficulty(4),4,2 without difficulty,FALSE,
603,K,tpflwd#6,numeric,1 without difficulty(5),5,1 without difficulty,FALSE,
603,K,tpflwd#6,numeric,all with difficulty(6),6,all with difficulty,FALSE,
603,Z,tpadl1a,ordinal,-2,-2,"na, see TPPHA1",TRUE,
603,Z,tpadl1a,ordinal,-1,-1,"asked, no answer / does not know",TRUE,
603,Z,tpadl1a,ordinal,1,1,"no, R cannot",FALSE,
603,Z,tpadl1a,ordinal,2,2,"yes, without difficulty",FALSE,
603,Z,tpadl1a,ordinal,3,3,"yes, with some difficulty",FALSE,
603,Z,tpadl1a,ordinal,4,4,"yes, with much difficulty",FALSE,
603,Z,tpadl1a,ordinal,5,5,only with help,FALSE,
603,Z,tpadl2a,ordinal,-2,-2,"na, see TPPHA1",TRUE,
603,Z,tpadl2a,ordinal,-1,-1,"asked, no answer / does not know",TRUE,
603,Z,tpadl2a,ordinal,1,1,"no, R cannot",FALSE,
603,Z,tpadl2a,ordinal,2,2,"yes, without difficulty",FALSE,
603,Z,tpadl2a,ordinal,3,3,"yes, with some difficulty",FALSE,
603,Z,tpadl2a,ordinal,4,4,"yes, with much difficulty",FALSE,
603,Z,tpadl2a,ordinal,5,5,only with help,FALSE,
603,Z,tpadl3a,ordinal,-2,-2,"na, see TPPHA1",TRUE,
603,Z,tpadl3a,ordinal,-1,-1,"asked, no answer / does not know",TRUE,
603,Z,tpadl3a,ordinal,1,1,"no, R cannot",FALSE,
603,Z,tpadl3a,ordinal,2,2,"yes, without difficulty",FALSE,
603,Z,tpadl3a,ordinal,3,3,"yes, with some difficulty",FALSE,
603,Z,tpadl3a,ordinal,4,4,"yes, with much difficulty",FALSE,
603,Z,tpadl3a,ordinal,5,5,only with help,FALSE,
603,Z,tpadl4a,ordinal,-2,-2,"na, see TPPHA1",TRUE,
603,Z,tpadl4a,ordinal,-1,-1,"asked, no answer / does not know",TRUE,
603,Z,tpadl4a,ordinal,1,1,"no, R cannot",FALSE,
603,Z,tpadl4a,ordinal,2,2,"yes, without difficulty",FALSE,
603,Z,tpadl4a,ordinal,3,3,"yes, with some difficulty",FALSE,
603,Z,tpadl4a,ordinal,4,4,"yes, with much difficulty",FALSE,
603,Z,tpadl4a,ordinal,5,5,only with help,FALSE,
603,Z,tpadl5a,ordinal,-2,-2,"na, see TPPHA1",TRUE,
603,Z,tpadl5a,ordinal,-1,-1,"asked, no answer / does not know",TRUE,
603,Z,tpadl5a,ordinal,1,1,"no, R cannot",FALSE,
603,Z,tpadl5a,ordinal,2,2,"yes, without difficulty",FALSE,
603,Z,tpadl5a,ordinal,3,3,"yes, with some difficulty",FALSE,
603,Z,tpadl5a,ordinal,4,4,"yes, with much difficulty",FALSE,
603,Z,tpadl5a,ordinal,5,5,only with help,FALSE,
603,Z,tpadl6a,ordinal,-2,-2,"na, see TPPHA1",TRUE,
603,Z,tpadl6a,ordinal,-1,-1,"asked, no answer / does not know",TRUE,
603,Z,tpadl6a,ordinal,1,1,"no, R cannot",FALSE,
603,Z,tpadl6a,ordinal,2,2,"yes, without difficulty",FALSE,
603,Z,tpadl6a,ordinal,3,3,"yes, with some difficulty",FALSE,
603,Z,tpadl6a,ordinal,4,4,"yes, with much difficulty",FALSE,
603,Z,tpadl6a,ordinal,5,5,only with help,FALSE,
603,Z,tpadl7a,ordinal,-2,-2,"na, see TPPHA1",TRUE,
603,Z,tpadl7a,ordinal,-1,-1,"asked, no answer / does not know",TRUE,
603,Z,tpadl7a,ordinal,1,1,"no, R cannot",FALSE,
603,Z,tpadl7a,ordinal,2,2,"yes, without difficulty",FALSE,
603,Z,tpadl7a,ordinal,3,3,"yes, with some difficulty",FALSE,
603,Z,tpadl7a,ordinal,4,4,"yes, with much difficulty",FALSE,
603,Z,tpadl7a,ordinal,5,5,only with help,FALSE,
603,Z,tperh,binary,-1,-1,not available after question asked,TRUE,"Cross-wave coding conflict: -1 differs for J (asked/does not know), K (asked)"
603,Z,tperh,binary,1,1,no,FALSE,
603,Z,tperh,binary,2,2,yes,FALSE,
603,Z,tpflwd#6,numeric,-2,-2,"na, see TPPHA1",TRUE,
603,Z,tpflwd#6,numeric,-1,-1,no valid data,TRUE,
603,Z,tpflwd#6,numeric,0,0,no difficulties,FALSE,
603,Z,tpflwd#6,numeric,1,1,5 without difficulty,FALSE,
603,Z,tpflwd#6,numeric,2,2,4 without difficulty,FALSE,
603,Z,tpflwd#6,numeric,3,3,3 without difficulty,FALSE,
603,Z,tpflwd#6,numeric,4,4,2 without difficulty,FALSE,
603,Z,tpflwd#6,numeric,5,5,1 without difficulty,FALSE,
603,Z,tpflwd#6,numeric,6,6,all with difficulty,FALSE,
603,Z,tpflwdiff,numeric,-2,-2,"na, see TPPHA1",TRUE,
603,Z,tpflwdiff,numeric,-1,-1,no valid data,TRUE,
603,Z,tpflwdiff,numeric,0,0,no difficulties,FALSE,
603,Z,tpflwdiff,numeric,1,1,2 without difficulty,FALSE,
603,Z,tpflwdiff,numeric,2,2,1 without difficulty,FALSE,
603,Z,tpflwdiff,numeric,3,3,all with difficulty,FALSE,
603,Z,tphea01,binary,-2,-2,no help,TRUE,
603,Z,tphea01,binary,-1,-1,"asked, no answer",TRUE,
603,Z,tphea01,binary,0,0,not mentioned,FALSE,
603,Z,tphea01,binary,1,1,mentioned,FALSE,
603,Z,tphea02,binary,-2,-2,no help,TRUE,
603,Z,tphea02,binary,-1,-1,"asked, no answer",TRUE,
603,Z,tphea02,binary,0,0,not mentioned,FALSE,
603,Z,tphea02,binary,1,1,mentioned,FALSE,
603,Z,tphea02a,binary,-2,-2,no help,TRUE,
603,Z,tphea02a,binary,-1,-1,"asked, no answer",TRUE,
603,Z,tphea02a,binary,0,0,not mentioned,FALSE,
603,Z,tphea02a,binary,1,1,mentioned,FALSE,
603,Z,tphea02b,binary,-2,-2,no help,TRUE,
603,Z,tphea02b,binary,-1,-1,"asked, no answer",TRUE,
603,Z,tphea02b,binary,0,0,not mentioned,FALSE,
603,Z,tphea02b,binary,1,1,mentioned,FALSE,
603,Z,tphea03,binary,-2,-2,no help,TRUE,
603,Z,tphea03,binary,-1,-1,"asked, no answer",TRUE,
603,Z,tphea03,binary,0,0,not mentioned,FALSE,
603,Z,tphea03,binary,1,1,mentioned,FALSE,
603,Z,tphea04,binary,-2,-2,no help,TRUE,
603,Z,tphea04,binary,-1,-1,"asked, no answer",TRUE,
603,Z,tphea04,binary,0,0,not mentioned,FALSE,
603,Z,tphea04,binary,1,1,mentioned,FALSE,
603,Z,tphea04a,binary,-2,-2,no help,TRUE,
603,Z,tphea04a,binary,-1,-1,"asked, no answer",TRUE,
603,Z,tphea04a,binary,0,0,not mentioned,FALSE,
603,Z,tphea04a,binary,1,1,mentioned,FALSE,
603,Z,tphea04b,binary,-2,-2,no help,TRUE,
603,Z,tphea04b,binary,-1,-1,"asked, no answer",TRUE,
603,Z,tphea04b,binary,0,0,not mentioned,FALSE,
603,Z,tphea04b,binary,1,1,mentioned,FALSE,
603,Z,tphea05,binary,-2,-2,no help,TRUE,
603,Z,tphea05,binary,-1,-1,"asked, no answer",TRUE,
603,Z,tphea05,binary,0,0,not mentioned,FALSE,
603,Z,tphea05,binary,1,1,mentioned,FALSE,
603,Z,tphea06,binary,-2,-2,no help,TRUE,
603,Z,tphea06,binary,-1,-1,"asked, no answer",TRUE,
603,Z,tphea06,binary,0,0,not mentioned,FALSE,
603,Z,tphea06,binary,1,1,mentioned,FALSE,
603,Z,tphea06a,binary,-2,-2,no help,TRUE,
603,Z,tphea06a,binary,-1,-1,"asked, no answer",TRUE,
603,Z,tphea06a,binary,0,0,not mentioned,FALSE,
603,Z,tphea06a,binary,1,1,mentioned,FALSE,
603,Z,tphea06b,binary,-2,-2,no help,TRUE,
603,Z,tphea06b,binary,-1,-1,"asked, no answer",TRUE,
603,Z,tphea06b,binary,0,0,not mentioned,FALSE,
603,Z,tphea06b,binary,1,1,mentioned,FALSE,
603,Z,tphea07,binary,-2,-2,no help,TRUE,
603,Z,tphea07,binary,-1,-1,"asked, no answer",TRUE,
603,Z,tphea07,binary,0,0,not mentioned,FALSE,
603,Z,tphea07,binary,1,1,mentioned,FALSE,
603,Z,tphea08,binary,-2,-2,no help,TRUE,
603,Z,tphea08,binary,-1,-1,"asked, no answer",TRUE,
603,Z,tphea08,binary,0,0,not mentioned,FALSE,
603,Z,tphea08,binary,1,1,mentioned,FALSE,
603,Z,tphea09,binary,-2,-2,no help,TRUE,
603,Z,tphea09,binary,-1,-1,"asked, no answer",TRUE,
603,Z,tphea09,binary,0,0,not mentioned,FALSE,
603,Z,tphea09,binary,1,1,mentioned,FALSE,
603,Z,tphea10,binary,-2,-2,no help,TRUE,
603,Z,tphea10,binary,-1,-1,"asked, no answer",TRUE,
603,Z,tphea10,binary,0,0,not mentioned,FALSE,
603,Z,tphea10,binary,1,1,mentioned,FALSE,
603,Z,tphea11,binary,-2,-2,no help,TRUE,
603,Z,tphea11,binary,-1,-1,"asked, no answer",TRUE,
603,Z,tphea11,binary,0,0,not mentioned,FALSE,
603,Z,tphea11,binary,1,1,mentioned,FALSE,
603,Z,tphea12,binary,-2,-2,no help,TRUE,
603,Z,tphea12,binary,-1,-1,"asked, no answer",TRUE,
603,Z,tphea12,binary,0,0,not mentioned,FALSE,
603,Z,tphea12,binary,1,1,mentioned,FALSE,
603,Z,tpheayn,binary,-1,-1,"asked, no answer",TRUE,
603,Z,tpheayn,binary,1,1,no,FALSE,
603,Z,tpheayn,binary,2,2,yes,FALSE,
603,Z,tphed01,binary,-2,-2,no help,TRUE,
603,Z,tphed01,binary,-1,-1,"asked, no answer",TRUE,
603,Z,tphed01,binary,0,0,not mentioned,FALSE,
603,Z,tphed01,binary,1,1,mentioned,FALSE,
603,Z,tphed02,binary,-2,-2,no help,TRUE,
603,Z,tphed02,binary,-1,-1,"asked, no answer",TRUE,
603,Z,tphed02,binary,0,0,not mentioned,FALSE,
603,Z,tphed02,binary,1,1,mentioned,FALSE,
603,Z,tphed02a,binary,-2,-2,no help,TRUE,
603,Z,tphed02a,binary,-1,-1,"asked, no answer",TRUE,
603,Z,tphed02a,binary,0,0,not mentioned,FALSE,
603,Z,tphed02a,binary,1,1,mentioned,FALSE,
603,Z,tphed02b,binary,-2,-2,no help,TRUE,
603,Z,tphed02b,binary,-1,-1,"asked, no answer",TRUE,
603,Z,tphed02b,binary,0,0,not mentioned,FALSE,
603,Z,tphed02b,binary,1,1,mentioned,FALSE,
603,Z,tphed03,binary,-2,-2,no help,TRUE,
603,Z,tphed03,binary,-1,-1,"asked, no answer",TRUE,
603,Z,tphed03,binary,0,0,not mentioned,FALSE,
603,Z,tphed03,binary,1,1,mentioned,FALSE,
603,Z,tphed04,binary,-2,-2,no help,TRUE,
603,Z,tphed04,binary,-1,-1,"asked, no answer",TRUE,
603,Z,tphed04,binary,0,0,not mentioned,FALSE,
603,Z,tphed04,binary,1,1,mentioned,FALSE,
603,Z,tphed04a,binary,-2,-2,no help,TRUE,
603,Z,tphed04a,binary,-1,-1,"asked, no answer",TRUE,
603,Z,tphed04a,binary,0,0,not mentioned,FALSE,
603,Z,tphed04a,binary,1,1,mentioned,FALSE,
603,Z,tphed04b,binary,-2,-2,no help,TRUE,
603,Z,tphed04b,binary,-1,-1,"asked, no answer",TRUE,
603,Z,tphed04b,binary,0,0,not mentioned,FALSE,
603,Z,tphed04b,binary,1,1,mentioned,FALSE,
603,Z,tphed05,binary,-2,-2,no help,TRUE,
603,Z,tphed05,binary,-1,-1,"asked, no answer",TRUE,
603,Z,tphed05,binary,0,0,not mentioned,FALSE,
603,Z,tphed05,binary,1,1,mentioned,FALSE,
603,Z,tphed06,binary,-2,-2,no help,TRUE,
603,Z,tphed06,binary,-1,-1,"asked, no answer",TRUE,
603,Z,tphed06,binary,0,0,not mentioned,FALSE,
603,Z,tphed06,binary,1,1,mentioned,FALSE,
603,Z,tphed06a,binary,-2,-2,no help,TRUE,
603,Z,tphed06a,binary,-1,-1,"asked, no answer",TRUE,
603,Z,tphed06a,binary,0,0,not mentioned,FALSE,
603,Z,tphed06a,binary,1,1,mentioned,FALSE,
603,Z,tphed06b,binary,-2,-2,no help,TRUE,
603,Z,tphed06b,binary,-1,-1,"asked, no answer",TRUE,
603,Z,tphed06b,binary,0,0,not mentioned,FALSE,
603,Z,tphed06b,binary,1,1,mentioned,FALSE,
603,Z,tphed07,binary,-2,-2,no help,TRUE,
603,Z,tphed07,binary,-1,-1,"asked, no answer",TRUE,
603,Z,tphed07,binary,0,0,not mentioned,FALSE,
603,Z,tphed07,binary,1,1,mentioned,FALSE,
603,Z,tphed08,binary,-2,-2,no help,TRUE,
603,Z,tphed08,binary,-1,-1,"asked, no answer",TRUE,
603,Z,tphed08,binary,0,0,not mentioned,FALSE,
603,Z,tphed08,binary,1,1,mentioned,FALSE,
603,Z,tphed09,binary,-2,-2,no help,TRUE,
603,Z,tphed09,binary,-1,-1,"asked, no answer",TRUE,
603,Z,tphed09,binary,0,0,not mentioned,FALSE,
603,Z,tphed09,binary,1,1,mentioned,FALSE,
603,Z,tphed10,binary,-2,-2,no help,TRUE,
603,Z,tphed10,binary,-1,-1,"asked, no answer",TRUE,
603,Z,tphed10,binary,0,0,not mentioned,FALSE,
603,Z,tphed10,binary,1,1,mentioned,FALSE,
603,Z,tphed11,binary,-2,-2,no help,TRUE,
603,Z,tphed11,binary,-1,-1,"asked, no answer",TRUE,
603,Z,tphed11,binary,0,0,not mentioned,FALSE,
603,Z,tphed11,binary,1,1,mentioned,FALSE,
603,Z,tphed12,binary,-2,-2,no help,TRUE,
603,Z,tphed12,binary,-1,-1,"asked, no answer",TRUE,
603,Z,tphed12,binary,0,0,not mentioned,FALSE,
603,Z,tphed12,binary,1,1,mentioned,FALSE,
603,Z,tphedyn,binary,-1,-1,"asked, no answer",TRUE,
603,Z,tphedyn,binary,1,1,no,FALSE,
603,Z,tphedyn,binary,2,2,yes,FALSE,
603,Z,tpheg01,binary,-2,-2,no help,TRUE,
603,Z,tpheg01,binary,-1,-1,"asked, no answer",TRUE,
603,Z,tpheg01,binary,0,0,not mentioned,FALSE,
603,Z,tpheg01,binary,1,1,mentioned,FALSE,
603,Z,tpheg02,binary,-2,-2,no help,TRUE,
603,Z,tpheg02,binary,-1,-1,"asked, no answer",TRUE,
603,Z,tpheg02,binary,0,0,not mentioned,FALSE,
603,Z,tpheg02,binary,1,1,mentioned,FALSE,
603,Z,tpheg02a,binary,-2,-2,no help,TRUE,
603,Z,tpheg02a,binary,-1,-1,"asked, no answer",TRUE,
603,Z,tpheg02a,binary,0,0,not mentioned,FALSE,
603,Z,tpheg02a,binary,1,1,mentioned,FALSE,
603,Z,tpheg02b,binary,-2,-2,no help,TRUE,
603,Z,tpheg02b,binary,-1,-1,"asked, no answer",TRUE,
603,Z,tpheg02b,binary,0,0,not mentioned,FALSE,
603,Z,tpheg02b,binary,1,1,mentioned,FALSE,
603,Z,tpheg03,binary,-2,-2,no help,TRUE,
603,Z,tpheg03,binary,-1,-1,"asked, no answer",TRUE,
603,Z,tpheg03,binary,0,0,not mentioned,FALSE,
603,Z,tpheg03,binary,1,1,mentioned,FALSE,
603,Z,tpheg04,binary,-2,-2,no help,TRUE,
603,Z,tpheg04,binary,-1,-1,"asked, no answer",TRUE,
603,Z,tpheg04,binary,0,0,not mentioned,FALSE,
603,Z,tpheg04,binary,1,1,mentioned,FALSE,
603,Z,tpheg04a,binary,-2,-2,no help,TRUE,
603,Z,tpheg04a,binary,-1,-1,"asked, no answer",TRUE,
603,Z,tpheg04a,binary,0,0,not mentioned,FALSE,
603,Z,tpheg04a,binary,1,1,mentioned,FALSE,
603,Z,tpheg04b,binary,-2,-2,no help,TRUE,
603,Z,tpheg04b,binary,-1,-1,"asked, no answer",TRUE,
603,Z,tpheg04b,binary,0,0,not mentioned,FALSE,
603,Z,tpheg04b,binary,1,1,mentioned,FALSE,
603,Z,tpheg05,binary,-2,-2,no help,TRUE,
603,Z,tpheg05,binary,-1,-1,"asked, no answer",TRUE,
603,Z,tpheg05,binary,0,0,not mentioned,FALSE,
603,Z,tpheg05,binary,1,1,mentioned,FALSE,
603,Z,tpheg06,binary,-2,-2,no help,TRUE,
603,Z,tpheg06,binary,-1,-1,"asked, no answer",TRUE,
603,Z,tpheg06,binary,0,0,not mentioned,FALSE,
603,Z,tpheg06,binary,1,1,mentioned,FALSE,
603,Z,tpheg06a,binary,-2,-2,no help,TRUE,
603,Z,tpheg06a,binary,-1,-1,"asked, no answer",TRUE,
603,Z,tpheg06a,binary,0,0,not mentioned,FALSE,
603,Z,tpheg06a,binary,1,1,mentioned,FALSE,
603,Z,tpheg06b,binary,-2,-2,no help,TRUE,
603,Z,tpheg06b,binary,-1,-1,"asked, no answer",TRUE,
603,Z,tpheg06b,binary,0,0,not mentioned,FALSE,
603,Z,tpheg06b,binary,1,1,mentioned,FALSE,
603,Z,tpheg07,binary,-2,-2,no help,TRUE,
603,Z,tpheg07,binary,-1,-1,"asked, no answer",TRUE,
603,Z,tpheg07,binary,0,0,not mentioned,FALSE,
603,Z,tpheg07,binary,1,1,mentioned,FALSE,
603,Z,tpheg08,binary,-2,-2,no help,TRUE,
603,Z,tpheg08,binary,-1,-1,"asked, no answer",TRUE,
603,Z,tpheg08,binary,0,0,not mentioned,FALSE,
603,Z,tpheg08,binary,1,1,mentioned,FALSE,
603,Z,tpheg09,binary,-2,-2,no help,TRUE,
603,Z,tpheg09,binary,-1,-1,"asked, no answer",TRUE,
603,Z,tpheg09,binary,0,0,not mentioned,FALSE,
603,Z,tpheg09,binary,1,1,mentioned,FALSE,
603,Z,tpheg10,binary,-2,-2,no help,TRUE,
603,Z,tpheg10,binary,-1,-1,"asked, no answer",TRUE,
603,Z,tpheg10,binary,0,0,not mentioned,FALSE,
603,Z,tpheg10,binary,1,1,mentioned,FALSE,
603,Z,tpheg11,binary,-2,-2,no help,TRUE,
603,Z,tpheg11,binary,-1,-1,"asked, no answer",TRUE,
603,Z,tpheg11,binary,0,0,not mentioned,FALSE,
603,Z,tpheg11,binary,1,1,mentioned,FALSE,
603,Z,tpheg12,binary,-2,-2,no help,TRUE,
603,Z,tpheg12,binary,-1,-1,"asked, no answer",TRUE,
603,Z,tpheg12,binary,0,0,not mentioned,FALSE,
603,Z,tpheg12,binary,1,1,mentioned,FALSE,
603,Z,tphegyn,binary,-1,-1,"asked, no answer",TRUE,
603,Z,tphegyn,binary,1,1,no,FALSE,
603,Z,tphegyn,binary,2,2,yes,FALSE,
603,Z,tphen01,binary,-2,-2,no help,TRUE,
603,Z,tphen01,binary,-1,-1,"asked, no answer",TRUE,
603,Z,tphen01,binary,0,0,not mentioned,FALSE,
603,Z,tphen01,binary,1,1,mentioned,FALSE,
603,Z,tphen02,binary,-2,-2,no help,TRUE,
603,Z,tphen02,binary,-1,-1,"asked, no answer",TRUE,
603,Z,tphen02,binary,0,0,not mentioned,FALSE,
603,Z,tphen02,binary,1,1,mentioned,FALSE,
603,Z,tphen02a,binary,-2,-2,no help,TRUE,
603,Z,tphen02a,binary,-1,-1,"asked, no answer",TRUE,
603,Z,tphen02a,binary,0,0,not mentioned,FALSE,
603,Z,tphen02a,binary,1,1,mentioned,FALSE,
603,Z,tphen02b,binary,-2,-2,no help,TRUE,
603,Z,tphen02b,binary,-1,-1,"asked, no answer",TRUE,
603,Z,tphen02b,binary,0,0,not mentioned,FALSE,
603,Z,tphen02b,binary,1,1,mentioned,FALSE,
603,Z,tphen03,binary,-2,-2,no help,TRUE,
603,Z,tphen03,binary,-1,-1,"asked, no answer",TRUE,
603,Z,tphen03,binary,0,0,not mentioned,FALSE,
603,Z,tphen03,binary,1,1,mentioned,FALSE,
603,Z,tphen04,binary,-2,-2,no help,TRUE,
603,Z,tphen04,binary,-1,-1,"asked, no answer",TRUE,
603,Z,tphen04,binary,0,0,not mentioned,FALSE,
603,Z,tphen04,binary,1,1,mentioned,FALSE,
603,Z,tphen04a,binary,-2,-2,no help,TRUE,
603,Z,tphen04a,binary,-1,-1,"asked, no answer",TRUE,
603,Z,tphen04a,binary,0,0,not mentioned,FALSE,
603,Z,tphen04a,binary,1,1,mentioned,FALSE,
603,Z,tphen04b,binary,-2,-2,no help,TRUE,
603,Z,tphen04b,binary,-1,-1,"asked, no answer",TRUE,
603,Z,tphen04b,binary,0,0,not mentioned,FALSE,
603,Z,tphen04b,binary,1,1,mentioned,FALSE,
603,Z,tphen05,binary,-2,-2,no help,TRUE,
603,Z,tphen05,binary,-1,-1,"asked, no answer",TRUE,
603,Z,tphen05,binary,0,0,not mentioned,FALSE,
603,Z,tphen05,binary,1,1,mentioned,FALSE,
603,Z,tphen06,binary,-2,-2,no help,TRUE,
603,Z,tphen06,binary,-1,-1,"asked, no answer",TRUE,
603,Z,tphen06,binary,0,0,not mentioned,FALSE,
603,Z,tphen06,binary,1,1,mentioned,FALSE,
603,Z,tphen06a,binary,-2,-2,no help,TRUE,
603,Z,tphen06a,binary,-1,-1,"asked, no answer",TRUE,
603,Z,tphen06a,binary,0,0,not mentioned,FALSE,
603,Z,tphen06a,binary,1,1,mentioned,FALSE,
603,Z,tphen06b,binary,-2,-2,no help,TRUE,
603,Z,tphen06b,binary,-1,-1,"asked, no answer",TRUE,
603,Z,tphen06b,binary,0,0,not mentioned,FALSE,
603,Z,tphen06b,binary,1,1,mentioned,FALSE,
603,Z,tphen07,binary,-2,-2,no help,TRUE,
603,Z,tphen07,binary,-1,-1,"asked, no answer",TRUE,
603,Z,tphen07,binary,0,0,not mentioned,FALSE,
603,Z,tphen07,binary,1,1,mentioned,FALSE,
603,Z,tphen08,binary,-2,-2,no help,TRUE,
603,Z,tphen08,binary,-1,-1,"asked, no answer",TRUE,
603,Z,tphen08,binary,0,0,not mentioned,FALSE,
603,Z,tphen08,binary,1,1,mentioned,FALSE,
603,Z,tphen09,binary,-2,-2,no help,TRUE,
603,Z,tphen09,binary,-1,-1,"asked, no answer",TRUE,
603,Z,tphen09,binary,0,0,not mentioned,FALSE,
603,Z,tphen09,binary,1,1,mentioned,FALSE,
603,Z,tphen10,binary,-2,-2,no help,TRUE,
603,Z,tphen10,binary,-1,-1,"asked, no answer",TRUE,
603,Z,tphen10,binary,0,0,not mentioned,FALSE,
603,Z,tphen10,binary,1,1,mentioned,FALSE,
603,Z,tphen11,binary,-2,-2,no help,TRUE,
603,Z,tphen11,binary,-1,-1,"asked, no answer",TRUE,
603,Z,tphen11,binary,0,0,not mentioned,FALSE,
603,Z,tphen11,binary,1,1,mentioned,FALSE,
603,Z,tphen12,binary,-2,-2,no help,TRUE,
603,Z,tphen12,binary,-1,-1,"asked, no answer",TRUE,
603,Z,tphen12,binary,0,0,not mentioned,FALSE,
603,Z,tphen12,binary,1,1,mentioned,FALSE,
603,Z,tphenyn,binary,-1,-1,"asked, no answer",TRUE,
603,Z,tphenyn,binary,1,1,no,FALSE,
603,Z,tphenyn,binary,2,2,yes,FALSE,
603,Z,tphep01,binary,-2,-2,no help,TRUE,
603,Z,tphep01,binary,-1,-1,"asked, no answer",TRUE,
603,Z,tphep01,binary,0,0,not mentioned,FALSE,
603,Z,tphep01,binary,1,1,mentioned,FALSE,
603,Z,tphep02,binary,-2,-2,no help,TRUE,
603,Z,tphep02,binary,-1,-1,"asked, no answer",TRUE,
603,Z,tphep02,binary,0,0,not mentioned,FALSE,
603,Z,tphep02,binary,1,1,mentioned,FALSE,
603,Z,tphep02a,binary,-2,-2,no help,TRUE,
603,Z,tphep02a,binary,-1,-1,"asked, no answer",TRUE,
603,Z,tphep02a,binary,0,0,not mentioned,FALSE,
603,Z,tphep02a,binary,1,1,mentioned,FALSE,
603,Z,tphep02b,binary,-2,-2,no help,TRUE,
603,Z,tphep02b,binary,-1,-1,"asked, no answer",TRUE,
603,Z,tphep02b,binary,0,0,not mentioned,FALSE,
603,Z,tphep02b,binary,1,1,mentioned,FALSE,
603,Z,tphep03,binary,-2,-2,no help,TRUE,
603,Z,tphep03,binary,-1,-1,"asked, no answer",TRUE,
603,Z,tphep03,binary,0,0,not mentioned,FALSE,
603,Z,tphep03,binary,1,1,mentioned,FALSE,
603,Z,tphep04,binary,-2,-2,no help,TRUE,
603,Z,tphep04,binary,-1,-1,"asked, no answer",TRUE,
603,Z,tphep04,binary,0,0,not mentioned,FALSE,
603,Z,tphep04,binary,1,1,mentioned,FALSE,
603,Z,tphep04a,binary,-2,-2,no help,TRUE,
603,Z,tphep04a,binary,-1,-1,"asked, no answer",TRUE,
603,Z,tphep04a,binary,0,0,not mentioned,FALSE,
603,Z,tphep04a,binary,1,1,mentioned,FALSE,
603,Z,tphep04b,binary,-2,-2,no help,TRUE,
603,Z,tphep04b,binary,-1,-1,"asked, no answer",TRUE,
603,Z,tphep04b,binary,0,0,not mentioned,FALSE,
603,Z,tphep04b,binary,1,1,mentioned,FALSE,
603,Z,tphep05,binary,-2,-2,no help,TRUE,
603,Z,tphep05,binary,-1,-1,"asked, no answer",TRUE,
603,Z,tphep05,binary,0,0,not mentioned,FALSE,
603,Z,tphep05,binary,1,1,mentioned,FALSE,
603,Z,tphep06,binary,-2,-2,no help,TRUE,
603,Z,tphep06,binary,-1,-1,"asked, no answer",TRUE,
603,Z,tphep06,binary,0,0,not mentioned,FALSE,
603,Z,tphep06,binary,1,1,mentioned,FALSE,
603,Z,tphep06a,binary,-2,-2,no help,TRUE,
603,Z,tphep06a,binary,-1,-1,"asked, no answer",TRUE,
603,Z,tphep06a,binary,0,0,not mentioned,FALSE,
603,Z,tphep06a,binary,1,1,mentioned,FALSE,
603,Z,tphep06b,binary,-2,-2,no help,TRUE,
603,Z,tphep06b,binary,-1,-1,"asked, no answer",TRUE,
603,Z,tphep06b,binary,0,0,not mentioned,FALSE,
603,Z,tphep06b,binary,1,1,mentioned,FALSE,
603,Z,tphep07,binary,-2,-2,no help,TRUE,
603,Z,tphep07,binary,-1,-1,"asked, no answer",TRUE,
603,Z,tphep07,binary,0,0,not mentioned,FALSE,
603,Z,tphep07,binary,1,1,mentioned,FALSE,
603,Z,tphep08,binary,-2,-2,no help,TRUE,
603,Z,tphep08,binary,-1,-1,"asked, no answer",TRUE,
603,Z,tphep08,binary,0,0,not mentioned,FALSE,
603,Z,tphep08,binary,1,1,mentioned,FALSE,
603,Z,tphep09,binary,-2,-2,no help,TRUE,
603,Z,tphep09,binary,-1,-1,"asked, no answer",TRUE,
603,Z,tphep09,binary,0,0,not mentioned,FALSE,
603,Z,tphep09,binary,1,1,mentioned,FALSE,
603,Z,tphep10,binary,-2,-2,no help,TRUE,
603,Z,tphep10,binary,-1,-1,"asked, no answer",TRUE,
603,Z,tphep10,binary,0,0,not mentioned,FALSE,
603,Z,tphep10,binary,1,1,mentioned,FALSE,
603,Z,tphep11,binary,-2,-2,no help,TRUE,
603,Z,tphep11,binary,-1,-1,"asked, no answer",TRUE,
603,Z,tphep11,binary,0,0,not mentioned,FALSE,
603,Z,tphep11,binary,1,1,mentioned,FALSE,
603,Z,tphep12,binary,-2,-2,no help,TRUE,
603,Z,tphep12,binary,-1,-1,"asked, no answer",TRUE,
603,Z,tphep12,binary,0,0,not mentioned,FALSE,
603,Z,tphep12,binary,1,1,mentioned,FALSE,
603,Z,tphepyn,binary,-1,-1,"asked, no answer",TRUE,
603,Z,tphepyn,binary,1,1,no,FALSE,
603,Z,tphepyn,binary,2,2,yes,FALSE,
603,Z,tphosp,binary,-1,-1,not available after question asked,TRUE,"Cross-wave coding conflict: -1 differs for C/D/E/F/G (asked, no answer), H/I/J (asked/does not know), K (asked)"
603,Z,tphosp,binary,1,1,no,FALSE,
603,Z,tphosp,binary,2,2,yes,FALSE,
603,Z,tpmeds,binary,-1,-1,not available after question asked,TRUE,"Cross-wave coding conflict: -1 differs for C/D/E/F/G (asked, no answer), H/I/J (asked/does not know), K (asked)"
603,Z,tpmeds,binary,1,1,no,FALSE,
603,Z,tpmeds,binary,2,2,yes,FALSE,
603,Z,tppha1,categorical,-1,-1,"asked, no answer",TRUE,
603,Z,tppha1,categorical,1,1,respondent bedridden,FALSE,
603,Z,tppha1,categorical,2,2,R in wheelchair,FALSE,
603,Z,tppha1,categorical,3,3,R with walking aid,FALSE,
603,Z,tppha1,categorical,4,4,"not 1, 2 or 3",FALSE,
603,Z,tppsyc,binary,-1,-1,not available after question asked,TRUE,"Cross-wave coding conflict: -1 differs for C/D/E/F/G (asked, no answer), H/I/J (asked/does not know), K (asked)"
603,Z,tppsyc,binary,1,1,no,FALSE,
603,Z,tppsyc,binary,2,2,yes,FALSE,
603,Z,tppsyh,binary,-1,-1,not available after question asked,TRUE,"Cross-wave coding conflict: -1 differs for C/D/E/F/G (asked, no answer), H/I/J (asked/does not know), K (asked)"
603,Z,tppsyh,binary,1,1,no,FALSE,
603,Z,tppsyh,binary,2,2,yes,FALSE,
603,Z,tpstic1,binary,-1,-1,not available after question asked,TRUE,"Cross-wave coding conflict: -1 differs for C/D/E/F/G (asked, no answer), H/I (asked/does not know), J/K (asked)"
603,Z,tpstic1,binary,1,1,no,FALSE,
603,Z,tpstic1,binary,2,2,yes,FALSE,
603,Z,tpsuffic,ordinal,-1,-1,"asked, no answer",TRUE,
603,Z,tpsuffic,ordinal,1,1,insufficient,FALSE,
603,Z,tpsuffic,ordinal,2,2,in between insufficient/sufficient,FALSE,
603,Z,tpsuffic,ordinal,3,3,sufficient,FALSE,
