filecode,wave,canonical_name,variable_type,value_raw,value_numeric,value_label,is_missing,conflicts
435,B,xartve8a,binary,"na, wrong skip(-3)",-3,"na, wrong skip",TRUE,
435,B,xartve8a,binary,"na, see BARTVEI8(-2)",-2,"na, see BARTVEI8",TRUE,
435,B,xartve8a,binary,"na, asked(-1)",-1,"na, asked",TRUE,
435,B,xartve8a,binary,not mentioned(0),0,not mentioned,FALSE,
435,B,xartve8a,binary,mentioned(1),1,mentioned,FALSE,
435,B,xartve8b,binary,"see bartve8a -> na, wrong skip(-3)",-3,"na, wrong skip",TRUE,
435,B,xartve8b,binary,"see bartve8a -> na, see BARTVEI8(-2)",-2,"na, see BARTVEI8",TRUE,
435,B,xartve8b,binary,"see bartve8a -> na, asked(-1)",-1,"na, asked",TRUE,
435,B,xartve8b,binary,see bartve8a -> not mentioned(0),0,not mentioned,FALSE,
435,B,xartve8b,binary,see bartve8a -> mentioned(1),1,mentioned,FALSE,
435,B,xartve8c,binary,"see bartve8a -> na, wrong skip(-3)",-3,"na, wrong skip",TRUE,
435,B,xartve8c,binary,"see bartve8a -> na, see BARTVEI8(-2)",-2,"na, see BARTVEI8",TRUE,
435,B,xartve8c,binary,"see bartve8a -> na, asked(-1)",-1,"na, asked",TRUE,
435,B,xartve8c,binary,see bartve8a -> not mentioned(0),0,not mentioned,FALSE,
435,B,xartve8c,binary,see bartve8a -> mentioned(1),1,mentioned,FALSE,
435,B,xartve8d,binary,"see bartve8a -> na, wrong skip(-3)",-3,"na, wrong skip",TRUE,
435,B,xartve8d,binary,"see bartve8a -> na, see BARTVEI8(-2)",-2,"na, see BARTVEI8",TRUE,
435,B,xartve8d,binary,"see bartve8a -> na, asked(-1)",-1,"na, asked",TRUE,
435,B,xartve8d,binary,see bartve8a -> not mentioned(0),0,not mentioned,FALSE,
435,B,xartve8d,binary,see bartve8a -> mentioned(1),1,mentioned,FALSE,
435,B,xartve8e,binary,"see bartve8a -> na, wrong skip(-3)",-3,"na, wrong skip",TRUE,
435,B,xartve8e,binary,"see bartve8a -> na, see BARTVEI8(-2)",-2,"na, see BARTVEI8",TRUE,
435,B,xartve8e,binary,"see bartve8a -> na, asked(-1)",-1,"na, asked",TRUE,
435,B,xartve8e,binary,see bartve8a -> not mentioned(0),0,not mentioned,FALSE,
435,B,xartve8e,binary,see bartve8a -> mentioned(1),1,mentioned,FALSE,
435,B,xartvei1,binary,"na, interview terminated(-5)",-5,"na, interview terminated",TRUE,
435,B,xartvei1,binary,"na, asked(-1)",-1,"na, asked",TRUE,
435,B,xartvei1,binary,no(0),0,no,FALSE,
435,B,xartvei1,binary,yes(1),1,yes,FALSE,
435,B,xartvei2,numeric,"na, wrong skip(-3)",-3,"na, wrong skip",TRUE,
435,B,xartvei2,numeric,"na, see BARTVEI1(-2)",-2,"na, see BARTVEI1",TRUE,
435,B,xartvei2,numeric,"na, asked(-1)",-1,"na, asked",TRUE,
435,B,xartvei3,binary,"na, wrong skip(-3)",-3,"na, wrong skip",TRUE,
435,B,xartvei3,binary,"na, see BARTVE1(-2)",-2,"na, see BARTVE1",TRUE,
435,B,xartvei3,binary,"na, asked(-1)",-1,"na, asked",TRUE,
435,B,xartvei3,binary,no(0),0,no,FALSE,
435,B,xartvei3,binary,yes(1),1,yes,FALSE,
435,B,xartvei4,categorical,"na, wrong skip(-3)",-3,"na, wrong skip",TRUE,
435,B,xartvei4,categorical,"na, see BARTVEI1(-2)",-2,"na, see BARTVEI1",TRUE,
435,B,xartvei4,categorical,"na, asked(-1)",-1,"na, asked",TRUE,
435,B,xartvei4,categorical,no(0),0,no,FALSE,
435,B,xartvei4,categorical,"yes, family physician(1)",1,"yes, family physician",FALSE,
435,B,xartvei4,categorical,"yes, specialist(2)",2,"yes, specialist",FALSE,
435,B,xartvei5,binary,"na, short version(-4)",-4,"na, short version",TRUE,
435,B,xartvei5,binary,"na, wrong skip(-3)",-3,"na, wrong skip",TRUE,
435,B,xartvei5,binary,"na, see BARTVEI1(-2)",-2,"na, see BARTVEI1",TRUE,
435,B,xartvei5,binary,"na, asked(-1)",-1,"na, asked",TRUE,
435,B,xartvei5,binary,no(0),0,no,FALSE,
435,B,xartvei5,binary,yes(1),1,yes,FALSE,
435,B,xartvei6,numeric,"na, wrong skip(-3)",-3,"na, wrong skip",TRUE,
435,B,xartvei6,numeric,"na, see BARTVEI5(-2)",-2,"na, see BARTVEI5",TRUE,
435,B,xartvei6,numeric,"na, asked(-1)",-1,"na, asked",TRUE,
435,B,xartvei7,binary,"na, wrong skip(-3)",-3,"na, wrong skip",TRUE,
435,B,xartvei7,binary,"na, see BARTVEI5(-2)",-2,"na, see BARTVEI5",TRUE,
435,B,xartvei7,binary,"na, asked(-1)",-1,"na, asked",TRUE,
435,B,xartvei7,binary,no(0),0,no,FALSE,
435,B,xartvei7,binary,yes(1),1,yes,FALSE,
435,B,xartvei8,binary,"na, short version(-4)",-4,"na, short version",TRUE,
435,B,xartvei8,binary,"na, wrong skip(-3)",-3,"na, wrong skip",TRUE,
435,B,xartvei8,binary,"na, see BARTVEI1(-2)",-2,"na, see BARTVEI1",TRUE,
435,B,xartvei8,binary,"na, asked(-1)",-1,"na, asked",TRUE,
435,B,xartvei8,binary,no(0),0,no,FALSE,
435,B,xartvei8,binary,yes(1),1,yes,FALSE,
435,B,xartvei9,ordinal,"na, wrong skip(-3)",-3,"na, wrong skip",TRUE,
435,B,xartvei9,ordinal,"ries na, see BARTVEI1(-2)",-2,"ries na, see BARTVEI1",TRUE,
435,B,xartvei9,ordinal,"na, asked(-1)",-1,"na, asked",TRUE,
435,B,xartvei9,ordinal,not at all(1),1,not at all,FALSE,
435,B,xartvei9,ordinal,sometimes(2),2,sometimes,FALSE,
435,B,xartvei9,ordinal,often(3),3,often,FALSE,
435,B,xartvei9,ordinal,always(4),4,always,FALSE,
435,B,xcance5a,binary,"na, short version(-4)",-4,"na, short version",TRUE,
435,B,xcance5a,binary,"na, wrong skip(-3)",-3,"na, wrong skip",TRUE,
435,B,xcance5a,binary,"na, see BCANCER1(-2)",-2,"na, see BCANCER1",TRUE,
435,B,xcance5a,binary,"na, asked(-1)",-1,"na, asked",TRUE,
435,B,xcance5a,binary,not mentioned(0),0,not mentioned,FALSE,
435,B,xcance5a,binary,mentioned(1),1,mentioned,FALSE,
435,B,xcance5b,binary,"see bcance5a -> na, short version(-4)",-4,"na, short version",TRUE,
435,B,xcance5b,binary,"see bcance5a -> na, wrong skip(-3)",-3,"na, wrong skip",TRUE,
435,B,xcance5b,binary,"see bcance5a -> na, see BCANCER1(-2)",-2,"na, see BCANCER1",TRUE,
435,B,xcance5b,binary,"see bcance5a -> na, asked(-1)",-1,"na, asked",TRUE,
435,B,xcance5b,binary,see bcance5a -> not mentioned(0),0,not mentioned,FALSE,
435,B,xcance5b,binary,see bcance5a -> mentioned(1),1,mentioned,FALSE,
435,B,xcance5c,binary,"see bcance5a -> na, short version(-4)",-4,"na, short version",TRUE,
435,B,xcance5c,binary,"see bcance5a -> na, wrong skip(-3)",-3,"na, wrong skip",TRUE,
435,B,xcance5c,binary,"see bcance5a -> na, see BCANCER1(-2)",-2,"na, see BCANCER1",TRUE,
435,B,xcance5c,binary,"see bcance5a -> na, asked(-1)",-1,"na, asked",TRUE,
435,B,xcance5c,binary,see bcance5a -> not mentioned(0),0,not mentioned,FALSE,
435,B,xcance5c,binary,see bcance5a -> mentioned(1),1,mentioned,FALSE,
435,B,xcance5d,binary,"see bcance5a -> na, short version(-4)",-4,"na, short version",TRUE,
435,B,xcance5d,binary,"see bcance5a -> na, wrong skip(-3)",-3,"na, wrong skip",TRUE,
435,B,xcance5d,binary,"see bcance5a -> na, see BCANCER1(-2)",-2,"na, see BCANCER1",TRUE,
435,B,xcance5d,binary,"see bcance5a -> na, asked(-1)",-1,"na, asked",TRUE,
435,B,xcance5d,binary,see bcance5a -> not mentioned(0),0,not mentioned,FALSE,
435,B,xcance5d,binary,see bcance5a -> mentioned(1),1,mentioned,FALSE,
435,B,xcance5e,binary,"see bcance5a -> na, short version(-4)",-4,"na, short version",TRUE,
435,B,xcance5e,binary,"see bcance5a -> na, wrong skip(-3)",-3,"na, wrong skip",TRUE,
435,B,xcance5e,binary,"see bcance5a -> na, see BCANCER1(-2)",-2,"na, see BCANCER1",TRUE,
435,B,xcance5e,binary,"see bcance5a -> na, asked(-1)",-1,"na, asked",TRUE,
435,B,xcance5e,binary,see bcance5a -> not mentioned(0),0,not mentioned,FALSE,
435,B,xcance5e,binary,see bcance5a -> mentioned(1),1,mentioned,FALSE,
435,B,xcance5f,binary,"see bcance5a -> na, short version(-4)",-4,"na, short version",TRUE,
435,B,xcance5f,binary,"see bcance5a -> na, wrong skip(-3)",-3,"na, wrong skip",TRUE,
435,B,xcance5f,binary,"see bcance5a -> na, see BCANCER1(-2)",-2,"na, see BCANCER1",TRUE,
435,B,xcance5f,binary,"see bcance5a -> na, asked(-1)",-1,"na, asked",TRUE,
435,B,xcance5f,binary,see bcance5a -> not mentioned(0),0,not mentioned,FALSE,
435,B,xcance5f,binary,see bcance5a -> mentioned(1),1,mentioned,FALSE,
435,B,xcance5g,binary,"see bcance5a -> na, short version(-4)",-4,"na, short version",TRUE,
435,B,xcance5g,binary,"see bcance5a -> na, wrong skip(-3)",-3,"na, wrong skip",TRUE,
435,B,xcance5g,binary,"see bcance5a -> na, see BCANCER1(-2)",-2,"na, see BCANCER1",TRUE,
435,B,xcance5g,binary,"see bcance5a -> na, asked(-1)",-1,"na, asked",TRUE,
435,B,xcance5g,binary,see bcance5a -> not mentioned(0),0,not mentioned,FALSE,
435,B,xcance5g,binary,see bcance5a -> mentioned(1),1,mentioned,FALSE,
435,B,xcance5h,binary,"see bcance5a -> na, short version(-4)",-4,"na, short version",TRUE,
435,B,xcance5h,binary,"see bcance5a -> na, wrong skip(-3)",-3,"na, wrong skip",TRUE,
435,B,xcance5h,binary,"see bcance5a -> na, see BCANCER1(-2)",-2,"na, see BCANCER1",TRUE,
435,B,xcance5h,binary,"see bcance5a -> na, asked(-1)",-1,"na, asked",TRUE,
435,B,xcance5h,binary,see bcance5a -> not mentioned(0),0,not mentioned,FALSE,
435,B,xcance5h,binary,see bcance5a -> mentioned(1),1,mentioned,FALSE,
435,B,xcance5i,binary,"see bcance5a -> na, short version(-4)",-4,"na, short version",TRUE,
435,B,xcance5i,binary,"see bcance5a -> na, wrong skip(-3)",-3,"na, wrong skip",TRUE,
435,B,xcance5i,binary,"see bcance5a -> na, see BCANCER1(-2)",-2,"na, see BCANCER1",TRUE,
435,B,xcance5i,binary,"see bcance5a -> na, asked(-1)",-1,"na, asked",TRUE,
435,B,xcance5i,binary,see bcance5a -> not mentioned(0),0,not mentioned,FALSE,
435,B,xcance5i,binary,see bcance5a -> mentioned(1),1,mentioned,FALSE,
435,B,xcance5j,binary,"see bcance5a -> na, short version(-4)",-4,"na, short version",TRUE,
435,B,xcance5j,binary,"see bcance5a -> na, wrong skip(-3)",-3,"na, wrong skip",TRUE,
435,B,xcance5j,binary,"see bcance5a -> na, see BCANCER1(-2)",-2,"na, see BCANCER1",TRUE,
435,B,xcance5j,binary,"see bcance5a -> na, asked(-1)",-1,"na, asked",TRUE,
435,B,xcance5j,binary,see bcance5a -> not mentioned(0),0,not mentioned,FALSE,
435,B,xcance5j,binary,see bcance5a -> mentioned(1),1,mentioned,FALSE,
435,B,xcance5k,binary,"see bcance5a -> na, short version(-4)",-4,"na, short version",TRUE,
435,B,xcance5k,binary,"see bcance5a -> na, wrong skip(-3)",-3,"na, wrong skip",TRUE,
435,B,xcance5k,binary,"see bcance5a -> na, see BCANCER1(-2)",-2,"na, see BCANCER1",TRUE,
435,B,xcance5k,binary,"see bcance5a -> na, asked(-1)",-1,"na, asked",TRUE,
435,B,xcance5k,binary,see bcance5a -> not mentioned(0),0,not mentioned,FALSE,
435,B,xcance5k,binary,see bcance5a -> mentioned(1),1,mentioned,FALSE,
435,B,xcance5l,binary,"see bcance5a -> na, short version(-4)",-4,"na, short version",TRUE,
435,B,xcance5l,binary,"see bcance5a -> na, wrong skip(-3)",-3,"na, wrong skip",TRUE,
435,B,xcance5l,binary,"see bcance5a -> na, see BCANCER1(-2)",-2,"na, see BCANCER1",TRUE,
435,B,xcance5l,binary,"see bcance5a -> na, asked(-1)",-1,"na, asked",TRUE,
435,B,xcance5l,binary,see bcance5a -> not mentioned(0),0,not mentioned,FALSE,
435,B,xcance5l,binary,see bcance5a -> mentioned(1),1,mentioned,FALSE,
435,B,xcance6a,binary,"na, wrong skip(-3)",-3,"na, wrong skip",TRUE,
435,B,xcance6a,binary,"na, see BCANCER6(-2)",-2,"na, see BCANCER6",TRUE,
435,B,xcance6a,binary,"na, asked(-1)",-1,"na, asked",TRUE,
435,B,xcance6a,binary,not mentioned(0),0,not mentioned,FALSE,
435,B,xcance6a,binary,mentioned(1),1,mentioned,FALSE,
435,B,xcance6b,binary,"see bcance6a -> na, wrong skip(-3)",-3,"na, wrong skip",TRUE,
435,B,xcance6b,binary,"see bcance6a -> na, see BCANCER6(-2)",-2,"na, see BCANCER6",TRUE,
435,B,xcance6b,binary,"see bcance6a -> na, asked(-1)",-1,"na, asked",TRUE,
435,B,xcance6b,binary,see bcance6a -> not mentioned(0),0,not mentioned,FALSE,
435,B,xcance6b,binary,see bcance6a -> mentioned(1),1,mentioned,FALSE,
435,B,xcance6c,binary,"see bcance6a -> na, wrong skip(-3)",-3,"na, wrong skip",TRUE,
435,B,xcance6c,binary,"see bcance6a -> na, see BCANCER6(-2)",-2,"na, see BCANCER6",TRUE,
435,B,xcance6c,binary,"see bcance6a -> na, asked(-1)",-1,"na, asked",TRUE,
435,B,xcance6c,binary,see bcance6a -> not mentioned(0),0,not mentioned,FALSE,
435,B,xcance6c,binary,see bcance6a -> mentioned(1),1,mentioned,FALSE,
435,B,xcance6d,binary,"see bcance6a -> na, wrong skip(-3)",-3,"na, wrong skip",TRUE,
435,B,xcance6d,binary,"see bcance6a -> na, see BCANCER6(-2)",-2,"na, see BCANCER6",TRUE,
435,B,xcance6d,binary,"see bcance6a -> na, asked(-1)",-1,"na, asked",TRUE,
435,B,xcance6d,binary,see bcance6a -> not mentioned(0),0,not mentioned,FALSE,
435,B,xcance6d,binary,see bcance6a -> mentioned(1),1,mentioned,FALSE,
435,B,xcance6e,binary,"see bcance6a -> na, wrong skip(-3)",-3,"na, wrong skip",TRUE,
435,B,xcance6e,binary,"see bcance6a -> na, see BCANCER6(-2)",-2,"na, see BCANCER6",TRUE,
435,B,xcance6e,binary,"see bcance6a -> na, asked(-1)",-1,"na, asked",TRUE,
435,B,xcance6e,binary,see bcance6a -> not mentioned(0),0,not mentioned,FALSE,
435,B,xcance6e,binary,see bcance6a -> mentioned(1),1,mentioned,FALSE,
435,B,xcance7a,binary,"see bcance5a -> na, short version(-4)",-4,"na, short version",TRUE,
435,B,xcance7a,binary,"see bcance5a -> na, wrong skip(-3)",-3,"na, wrong skip",TRUE,
435,B,xcance7a,binary,"see bcance5a -> na, see BCANCER1(-2)",-2,"na, see BCANCER1",TRUE,
435,B,xcance7a,binary,"see bcance5a -> na, asked(-1)",-1,"na, asked",TRUE,
435,B,xcance7a,binary,see bcance5a -> not mentioned(0),0,not mentioned,FALSE,
435,B,xcance7a,binary,see bcance5a -> mentioned(1),1,mentioned,FALSE,
435,B,xcance7b,binary,"see bcance5a -> na, short version(-4)",-4,"na, short version",TRUE,
435,B,xcance7b,binary,"see bcance5a -> na, wrong skip(-3)",-3,"na, wrong skip",TRUE,
435,B,xcance7b,binary,"see bcance5a -> na, see BCANCER1(-2)",-2,"na, see BCANCER1",TRUE,
435,B,xcance7b,binary,"see bcance5a -> na, asked(-1)",-1,"na, asked",TRUE,
435,B,xcance7b,binary,see bcance5a -> not mentioned(0),0,not mentioned,FALSE,
435,B,xcance7b,binary,see bcance5a -> mentioned(1),1,mentioned,FALSE,
435,B,xcance7c,binary,"see bcance5a -> na, short version(-4)",-4,"na, short version",TRUE,
435,B,xcance7c,binary,"see bcance5a -> na, wrong skip(-3)",-3,"na, wrong skip",TRUE,
435,B,xcance7c,binary,"see bcance5a -> na, see BCANCER1(-2)",-2,"na, see BCANCER1",TRUE,
435,B,xcance7c,binary,"see bcance5a -> na, asked(-1)",-1,"na, asked",TRUE,
435,B,xcance7c,binary,see bcance5a -> not mentioned(0),0,not mentioned,FALSE,
435,B,xcance7c,binary,see bcance5a -> mentioned(1),1,mentioned,FALSE,
435,B,xcance7d,binary,"see bcance5a -> na, short version(-4)",-4,"na, short version",TRUE,
435,B,xcance7d,binary,"see bcance5a -> na, wrong skip(-3)",-3,"na, wrong skip",TRUE,
435,B,xcance7d,binary,"see bcance5a -> na, see BCANCER1(-2)",-2,"na, see BCANCER1",TRUE,
435,B,xcance7d,binary,"see bcance5a -> na, asked(-1)",-1,"na, asked",TRUE,
435,B,xcance7d,binary,see bcance5a -> not mentioned(0),0,not mentioned,FALSE,
435,B,xcance7d,binary,see bcance5a -> mentioned(1),1,mentioned,FALSE,
435,B,xcancer1,binary,"na, interview terminated(-5)",-5,"na, interview terminated",TRUE,
435,B,xcancer1,binary,"na, asked(-1)",-1,"na, asked",TRUE,
435,B,xcancer1,binary,no(0),0,no,FALSE,
435,B,xcancer1,binary,yes(1),1,yes,FALSE,
435,B,xcancer2,numeric,"na, wrong skip(-3)",-3,"na, wrong skip",TRUE,
435,B,xcancer2,numeric,"na, see BCANCER1(-2)",-2,"na, see BCANCER1",TRUE,
435,B,xcancer2,numeric,"na, asked(-1)",-1,"na, asked",TRUE,
435,B,xcancer3,binary,"na, wrong skip(-3)",-3,"na, wrong skip",TRUE,
435,B,xcancer3,binary,"na, see BCANCER1(-2)",-2,"na, see BCANCER1",TRUE,
435,B,xcancer3,binary,"na, asked(-1)",-1,"na, asked",TRUE,
435,B,xcancer3,binary,no(0),0,no,FALSE,
435,B,xcancer3,binary,yes(1),1,yes,FALSE,
435,B,xcancer4,categorical,"na, wrong skip(-3)",-3,"na, wrong skip",TRUE,
435,B,xcancer4,categorical,"na, see BCANCER1(-2)",-2,"na, see BCANCER1",TRUE,
435,B,xcancer4,categorical,"na, asked(-1)",-1,"na, asked",TRUE,
435,B,xcancer4,categorical,no(0),0,no,FALSE,
435,B,xcancer4,categorical,"yes, family physician(1)",1,"yes, family physician",FALSE,
435,B,xcancer4,categorical,"yes, specialist(2)",2,"yes, specialist",FALSE,
435,B,xcancer6,binary,"see bcance5a -> na, short version(-4)",-4,"na, short version",TRUE,
435,B,xcancer6,binary,"see bcance5a -> na, wrong skip(-3)",-3,"na, wrong skip",TRUE,
435,B,xcancer6,binary,"see bcance5a -> na, see BCANCER1(-2)",-2,"na, see BCANCER1",TRUE,
435,B,xcancer6,binary,"see bcance5a -> na, asked(-1)",-1,"na, asked",TRUE,
435,B,xcancer6,binary,see bcance5a -> not mentioned(0),0,not mentioned,FALSE,
435,B,xcancer6,binary,see bcance5a -> mentioned(1),1,mentioned,FALSE,
435,B,xcancer8,ordinal,"na, wrong skip(-3)",-3,"na, wrong skip",TRUE,
435,B,xcancer8,ordinal,"na, see BCANCER1(-2)",-2,"na, see BCANCER1",TRUE,
435,B,xcancer8,ordinal,"na, asked(-1)",-1,"na, asked",TRUE,
435,B,xcancer8,ordinal,not at all(1),1,not at all,FALSE,
435,B,xcancer8,ordinal,sometimes(2),2,sometimes,FALSE,
435,B,xcancer8,ordinal,often(3),3,often,FALSE,
435,B,xcancer8,ordinal,always(4),4,always,FALSE,
435,B,xcara01,binary,"na, interview terminated(-5)",-5,"na, interview terminated",TRUE,
435,B,xcara01,binary,"na, asked(-1)",-1,"na, asked",TRUE,
435,B,xcara01,binary,no(0),0,no,FALSE,
435,B,xcara01,binary,yes(1),1,yes,FALSE,
435,B,xcara02,numeric,"na, wrong skip(-3)",-3,"na, wrong skip",TRUE,
435,B,xcara02,numeric,"na, see BCARA01(-2)",-2,"na, see BCARA01",TRUE,
435,B,xcara02,numeric,"na, asked(-1)",-1,"na, asked",TRUE,
435,B,xcara03,binary,"na, wrong skip(-3)",-3,"na, wrong skip",TRUE,
435,B,xcara03,binary,"na, see BCARA01(-2)",-2,"na, see BCARA01",TRUE,
435,B,xcara03,binary,"na, asked(-1)",-1,"na, asked",TRUE,
435,B,xcara03,binary,no(0),0,no,FALSE,
435,B,xcara03,binary,yes(1),1,yes,FALSE,
435,B,xcara04,categorical,"na, wrong skip(-3)",-3,"na, wrong skip",TRUE,
435,B,xcara04,categorical,"na, see BCARA01(-2)",-2,"na, see BCARA01",TRUE,
435,B,xcara04,categorical,"na, asked(-1)",-1,"na, asked",TRUE,
435,B,xcara04,categorical,no(0),0,no,FALSE,
435,B,xcara04,categorical,"yes, family physician(1)",1,"yes, family physician",FALSE,
435,B,xcara04,categorical,"yes, specialist(2)",2,"yes, specialist",FALSE,
435,B,xcara05,binary,"na, short version(-4)",-4,"na, short version",TRUE,
435,B,xcara05,binary,"na, wrong skip(-3)",-3,"na, wrong skip",TRUE,
435,B,xcara05,binary,"na, see BCARA01(-2)",-2,"na, see BCARA01",TRUE,
435,B,xcara05,binary,"na, asked(-1)",-1,"na, asked",TRUE,
435,B,xcara05,binary,no(0),0,no,FALSE,
435,B,xcara05,binary,yes(1),1,yes,FALSE,
435,B,xcara06,binary,"na, short version(-4)",-4,"na, short version",TRUE,
435,B,xcara06,binary,"na, wrong skip(-3)",-3,"na, wrong skip",TRUE,
435,B,xcara06,binary,"na, see BCARA01(-2)",-2,"na, see BCARA01",TRUE,
435,B,xcara06,binary,"na, asked(-1)",-1,"na, asked",TRUE,
435,B,xcara06,binary,no(0),0,no,FALSE,
435,B,xcara06,binary,yes(1),1,yes,FALSE,
435,B,xcara07,numeric,"see bcara06 -> na, short version(-4)",-4,"na, short version",TRUE,
435,B,xcara07,numeric,"see bcara06 -> na, wrong skip(-3)",-3,"na, wrong skip",TRUE,
435,B,xcara07,numeric,"see bcara06 -> na, see BCARA01(-2)",-2,"na, see BCARA01",TRUE,
435,B,xcara07,numeric,"see bcara06 -> na, asked(-1)",-1,"na, asked",TRUE,
435,B,xcara07,numeric,see bcara06 -> no(0),0,no,FALSE,
435,B,xcara07,numeric,see bcara06 -> yes(1),1,yes,FALSE,
435,B,xcara08,numeric,"na, short version(-4)",-4,"na, short version",TRUE,
435,B,xcara08,numeric,"na, wrong skip(-3)",-3,"na, wrong skip",TRUE,
435,B,xcara08,numeric,"na, see BCARA01(-2)",-2,"na, see BCARA01",TRUE,
435,B,xcara08,numeric,"na, asked(-1)",-1,"na, asked",TRUE,
435,B,xcara08,numeric,no(0),0,no,FALSE,
435,B,xcara08,numeric,"yes, with heavy exertion(1)",1,"yes, with heavy exertion",FALSE,
435,B,xcara08,numeric,"yes, with light exertion(2)",2,"yes, with light exertion",FALSE,
435,B,xcara08,numeric,"yes, at rest(3)",3,"yes, at rest",FALSE,
435,B,xcara09,binary,"see bcara06 -> na, short version(-4)",-4,"na, short version",TRUE,
435,B,xcara09,binary,"see bcara06 -> na, wrong skip(-3)",-3,"na, wrong skip",TRUE,
435,B,xcara09,binary,"see bcara06 -> na, see BCARA01(-2)",-2,"na, see BCARA01",TRUE,
435,B,xcara09,binary,"see bcara06 -> na, asked(-1)",-1,"na, asked",TRUE,
435,B,xcara09,binary,see bcara06 -> no(0),0,no,FALSE,
435,B,xcara09,binary,see bcara06 -> yes(1),1,yes,FALSE,
435,B,xcara10,binary,"see bcara06 -> na, short version(-4)",-4,"na, short version",TRUE,
435,B,xcara10,binary,"see bcara06 -> na, wrong skip(-3)",-3,"na, wrong skip",TRUE,
435,B,xcara10,binary,"see bcara06 -> na, see BCARA01(-2)",-2,"na, see BCARA01",TRUE,
435,B,xcara10,binary,"see bcara06 -> na, asked(-1)",-1,"na, asked",TRUE,
435,B,xcara10,binary,see bcara06 -> no(0),0,no,FALSE,
435,B,xcara10,binary,see bcara06 -> yes(1),1,yes,FALSE,
435,B,xcara11,ordinal,"na, short version(-4)",-4,"na, short version",TRUE,
435,B,xcara11,ordinal,"na, wrong skip(-3)",-3,"na, wrong skip",TRUE,
435,B,xcara11,ordinal,"na, see BCARA01(-2)",-2,"na, see BCARA01",TRUE,
435,B,xcara11,ordinal,"na, asked(-1)",-1,"na, asked",TRUE,
435,B,xcara11,ordinal,not at all(1),1,not at all,FALSE,
435,B,xcara11,ordinal,sometimes(2),2,sometimes,FALSE,
435,B,xcara11,ordinal,often(3),3,often,FALSE,
435,B,xcara11,ordinal,always(4),4,always,FALSE,
435,B,xcara12,ordinal,"na, wrong skip(-3)",-3,"na, wrong skip",TRUE,
435,B,xcara12,ordinal,"na, see BCARA01(-2)",-2,"na, see BCARA01",TRUE,
435,B,xcara12,ordinal,"na, asked(-1)",-1,"na, asked",TRUE,
435,B,xcara12,ordinal,not at all(1),1,not at all,FALSE,
435,B,xcara12,ordinal,sometimes(2),2,sometimes,FALSE,
435,B,xcara12,ordinal,often(3),3,often,FALSE,
435,B,xcara12,ordinal,always(4),4,always,FALSE,
435,B,xcva01,binary,"na, interview terminated(-5)",-5,"na, interview terminated",TRUE,
435,B,xcva01,binary,"na, asked(-1)",-1,"na, asked",TRUE,
435,B,xcva01,binary,no(0),0,no,FALSE,
435,B,xcva01,binary,yes(1),1,yes,FALSE,
435,B,xcva02,numeric,"na, wrong skip(-3)",-3,"na, wrong skip",TRUE,
435,B,xcva02,numeric,"na, see BCVA01(-2)",-2,"na, see BCVA01",TRUE,
435,B,xcva02,numeric,"na, asked(-1)",-1,"na, asked",TRUE,
435,B,xcva02,numeric,once(1),1,once,FALSE,
435,B,xcva02,numeric,two times or more(2),2,two times or more,FALSE,
435,B,xcva03,numeric,"na, wrong skip(-3)",-3,"na, wrong skip",TRUE,
435,B,xcva03,numeric,"na, see BCVA02(-2)",-2,"na, see BCVA02",TRUE,
435,B,xcva03,numeric,"na, asked(-1)",-1,"na, asked",TRUE,
435,B,xcva04,numeric,"see bcva03 -> na, wrong skip(-3)",-3,"na, wrong skip",TRUE,
435,B,xcva04,numeric,"see bcva03 -> na, see BCVA02(-2)",-2,"na, see BCVA02",TRUE,
435,B,xcva04,numeric,"see bcva03 -> na, asked(-1)",-1,"na, asked",TRUE,
435,B,xcva05,numeric,"see bcva03 -> na, wrong skip(-3)",-3,"na, wrong skip",TRUE,
435,B,xcva05,numeric,"see bcva03 -> na, see BCVA02(-2)",-2,"na, see BCVA02",TRUE,
435,B,xcva05,numeric,"see bcva03 -> na, asked(-1)",-1,"na, asked",TRUE,
435,B,xcva06,binary,"na, wrong skip(-3)",-3,"na, wrong skip",TRUE,
435,B,xcva06,binary,"na, see BCVA01(-2)",-2,"na, see BCVA01",TRUE,
435,B,xcva06,binary,"na, asked(-1)",-1,"na, asked",TRUE,
435,B,xcva06,binary,no(0),0,no,FALSE,
435,B,xcva06,binary,yes(1),1,yes,FALSE,
435,B,xcva07,categorical,"na, wrong skip(-3)",-3,"na, wrong skip",TRUE,
435,B,xcva07,categorical,"na, see BCVA01(-2)",-2,"na, see BCVA01",TRUE,
435,B,xcva07,categorical,"na, asked(-1)",-1,"na, asked",TRUE,
435,B,xcva07,categorical,no(0),0,no,FALSE,
435,B,xcva07,categorical,"yes, family physician(1)",1,"yes, family physician",FALSE,
435,B,xcva07,categorical,"yes, specialist(2)",2,"yes, specialist",FALSE,
435,B,xcva08,binary,"na, short version(-4)",-4,"na, short version",TRUE,
435,B,xcva08,binary,"na, wrong skip(-3)",-3,"na, wrong skip",TRUE,
435,B,xcva08,binary,"na, see BCVA01(-2)",-2,"na, see BCVA01",TRUE,
435,B,xcva08,binary,"na, asked(-1)",-1,"na, asked",TRUE,
435,B,xcva08,binary,no(0),0,no,FALSE,
435,B,xcva08,binary,yes(1),1,yes,FALSE,
435,B,xcva09,binary,"see bcva08 -> na, short version(-4)",-4,"na, short version",TRUE,
435,B,xcva09,binary,"see bcva08 -> na, wrong skip(-3)",-3,"na, wrong skip",TRUE,
435,B,xcva09,binary,"see bcva08 -> na, see BCVA01(-2)",-2,"na, see BCVA01",TRUE,
435,B,xcva09,binary,"see bcva08 -> na, asked(-1)",-1,"na, asked",TRUE,
435,B,xcva09,binary,see bcva08 -> no(0),0,no,FALSE,
435,B,xcva09,binary,see bcva08 -> yes(1),1,yes,FALSE,
435,B,xcva10,binary,"see bcva08 -> na, short version(-4)",-4,"na, short version",TRUE,
435,B,xcva10,binary,"see bcva08 -> na, wrong skip(-3)",-3,"na, wrong skip",TRUE,
435,B,xcva10,binary,"see bcva08 -> na, see BCVA01(-2)",-2,"na, see BCVA01",TRUE,
435,B,xcva10,binary,"see bcva08 -> na, asked(-1)",-1,"na, asked",TRUE,
435,B,xcva10,binary,see bcva08 -> no(0),0,no,FALSE,
435,B,xcva10,binary,see bcva08 -> yes(1),1,yes,FALSE,
435,B,xcva11,binary,"see bcva08 -> na, short version(-4)",-4,"na, short version",TRUE,
435,B,xcva11,binary,"see bcva08 -> na, wrong skip(-3)",-3,"na, wrong skip",TRUE,
435,B,xcva11,binary,"see bcva08 -> na, see BCVA01(-2)",-2,"na, see BCVA01",TRUE,
435,B,xcva11,binary,"see bcva08 -> na, asked(-1)",-1,"na, asked",TRUE,
435,B,xcva11,binary,see bcva08 -> no(0),0,no,FALSE,
435,B,xcva11,binary,see bcva08 -> yes(1),1,yes,FALSE,
435,B,xcva12,ordinal,"na, wrong skip(-3)",-3,"na, wrong skip",TRUE,
435,B,xcva12,ordinal,"na, see BCVA01(-2)",-2,"na, see BCVA01",TRUE,
435,B,xcva12,ordinal,"na, asked(-1)",-1,"na, asked",TRUE,
435,B,xcva12,ordinal,not at all(1),1,not at all,FALSE,
435,B,xcva12,ordinal,sometimes(2),2,sometimes,FALSE,
435,B,xcva12,ordinal,often(3),3,often,FALSE,
435,B,xcva12,ordinal,always(4),4,always,FALSE,
435,B,xdiabe01,binary,"na, interview terminated(-5)",-5,"na, interview terminated",TRUE,
435,B,xdiabe01,binary,"na, asked(-1)",-1,"na, asked",TRUE,
435,B,xdiabe01,binary,no(0),0,no,FALSE,
435,B,xdiabe01,binary,yes(1),1,yes,FALSE,
435,B,xdiabe02,numeric,"na, wrong skip(-3)",-3,"na, wrong skip",TRUE,
435,B,xdiabe02,numeric,"na, see BDIABE01(-2)",-2,"na, see BDIABE01",TRUE,
435,B,xdiabe02,numeric,"na, asked(-1)",-1,"na, asked",TRUE,
435,B,xdiabe03,categorical,"na, wrong skip(-3)",-3,"na, wrong skip",TRUE,
435,B,xdiabe03,categorical,"na, see BDIABE01(-2)",-2,"na, see BDIABE01",TRUE,
435,B,xdiabe03,categorical,"na, asked(-1)",-1,"na, asked",TRUE,
435,B,xdiabe03,categorical,no(0),0,no,FALSE,
435,B,xdiabe03,categorical,"yes, insulin injections(1)",1,"yes, insulin injections",FALSE,
435,B,xdiabe03,categorical,"yes, tablets only(2)",2,"yes, tablets only",FALSE,
435,B,xdiabe04,categorical,"na, wrong skip(-3)",-3,"na, wrong skip",TRUE,
435,B,xdiabe04,categorical,"na, see BDIABE01(-2)",-2,"na, see BDIABE01",TRUE,
435,B,xdiabe04,categorical,"na, asked(-1)",-1,"na, asked",TRUE,
435,B,xdiabe04,categorical,no(0),0,no,FALSE,
435,B,xdiabe04,categorical,"yes, family physician(1)",1,"yes, family physician",FALSE,
435,B,xdiabe04,categorical,"yes, specialist(2)",2,"yes, specialist",FALSE,
435,B,xdiabe05,binary,"na, short version(-4)",-4,"na, short version",TRUE,
435,B,xdiabe05,binary,"na, wrong skip(-3)",-3,"na, wrong skip",TRUE,
435,B,xdiabe05,binary,"na, see BDIABE01(-2)",-2,"na, see BDIABE01",TRUE,
435,B,xdiabe05,binary,"na, asked(-1)",-1,"na, asked",TRUE,
435,B,xdiabe05,binary,no(0),0,no,FALSE,
435,B,xdiabe05,binary,yes(1),1,yes,FALSE,
435,B,xdiabe06,categorical,"na, wrong skip(-3)",-3,"na, wrong skip",TRUE,
435,B,xdiabe06,categorical,"na, see BDIABE05(-2)",-2,"na, see BDIABE05",TRUE,
435,B,xdiabe06,categorical,"na, asked(-1)",-1,"na, asked",TRUE,
435,B,xdiabe06,categorical,laser coagulation treatment(1),1,laser coagulation treatment,FALSE,
435,B,xdiabe06,categorical,cataract surgery(2),2,cataract surgery,FALSE,
435,B,xdiabe06,categorical,both(3),3,both,FALSE,
435,B,xdiabe06,categorical,other(4),4,other,FALSE,
435,B,xdiabe07,binary,already asked BARTVEI5(-6),-6,already asked BARTVEI5,TRUE,
435,B,xdiabe07,binary,"na, short version(-4)",-4,"na, short version",TRUE,
435,B,xdiabe07,binary,"na, wrong skip(-3)",-3,"na, wrong skip",TRUE,
435,B,xdiabe07,binary,"na, see BDIABE01(-2)",-2,"na, see BDIABE01",TRUE,
435,B,xdiabe07,binary,"na, asked(-1)",-1,"na, asked",TRUE,
435,B,xdiabe07,binary,no(0),0,no,FALSE,
435,B,xdiabe07,binary,yes(1),1,yes,FALSE,
435,B,xdiabe08,numeric,"na, wrong skip(-3)",-3,"na, wrong skip",TRUE,
435,B,xdiabe08,numeric,"na, see BDIABE07(-2)",-2,"na, see BDIABE07",TRUE,
435,B,xdiabe08,numeric,"na, asked(-1)",-1,"na, asked",TRUE,
435,B,xdiabe09,binary,"na, wrong skip(-3)",-3,"na, wrong skip",TRUE,
435,B,xdiabe09,binary,"na, see BDIABE07(-2)",-2,"na, see BDIABE07",TRUE,
435,B,xdiabe09,binary,"na, asked(-1)",-1,"na, asked",TRUE,
435,B,xdiabe09,binary,no(0),0,no,FALSE,
435,B,xdiabe09,binary,yes(1),1,yes,FALSE,
435,B,xdiabe10,binary,"na, short version(-4)",-4,"na, short version",TRUE,
435,B,xdiabe10,binary,"na, wrong skip(-3)",-3,"na, wrong skip",TRUE,
435,B,xdiabe10,binary,"na, see BDIABE01(-2)",-2,"na, see BDIABE01",TRUE,
435,B,xdiabe10,binary,"na, asked(-1)",-1,"na, asked",TRUE,
435,B,xdiabe10,binary,no(0),0,no,FALSE,
435,B,xdiabe10,binary,yes(1),1,yes,FALSE,
435,B,xdiabe11,categorical,already asked BHART10(-6),-6,already asked BHART10,TRUE,
435,B,xdiabe11,categorical,"na, short version(-4)",-4,"na, short version",TRUE,
435,B,xdiabe11,categorical,"na, wrong skip(-3)",-3,"na, wrong skip",TRUE,
435,B,xdiabe11,categorical,"na, see BDIABE01(-2)",-2,"na, see BDIABE01",TRUE,
435,B,xdiabe11,categorical,"na, asked(-1)",-1,"na, asked",TRUE,
435,B,xdiabe11,categorical,no(0),0,no,FALSE,
435,B,xdiabe11,categorical,yes(1),1,yes,FALSE,
435,B,xdiabe11,categorical,no exertion: chest pain(2),2,no exertion: chest pain,FALSE,
435,B,xdiabe11,categorical,no exertion: pain legs(3),3,no exertion: pain legs,FALSE,
435,B,xdiabe11,categorical,no exertion: shortness of breath(4),4,no exertion: shortness of breath,FALSE,
435,B,xdiabe11,categorical,no exertion: joint complaints(5),5,no exertion: joint complaints,FALSE,
435,B,xdiabe11,categorical,no exertion: other reason(6),6,no exertion: other reason,FALSE,
435,B,xdiabe12,numeric,"na, wrong skip(-3)",-3,"na, wrong skip",TRUE,
435,B,xdiabe12,numeric,"na, see BDIABE11(-2)",-2,"na, see BDIABE11",TRUE,
435,B,xdiabe12,numeric,"na, asked(-1)",-1,"na, asked",TRUE,
435,B,xdiabe12,numeric,no(0),0,no,FALSE,
435,B,xdiabe12,numeric,yes(1),1,yes,FALSE,
435,B,xdiabe13,ordinal,"na, wrong skip(-3)",-3,"na, wrong skip",TRUE,
435,B,xdiabe13,ordinal,"na, see BDIABE01(-2)",-2,"na, see BDIABE01",TRUE,
435,B,xdiabe13,ordinal,"na, asked(-1)",-1,"na, asked",TRUE,
435,B,xdiabe13,ordinal,not at all(1),1,not at all,FALSE,
435,B,xdiabe13,ordinal,sometimes(2),2,sometimes,FALSE,
435,B,xdiabe13,ordinal,often(3),3,often,FALSE,
435,B,xdiabe13,ordinal,always(4),4,always,FALSE,
435,B,xhart01,binary,"na, interview terminated(-5)",-5,"na, interview terminated",TRUE,
435,B,xhart01,binary,"na, asked(-1)",-1,"na, asked",TRUE,
435,B,xhart01,binary,no(0),0,no,FALSE,
435,B,xhart01,binary,yes(1),1,yes,FALSE,
435,B,xhart02,numeric,"na, wrong skip(-3)",-3,"na, wrong skip",TRUE,
435,B,xhart02,numeric,"na, see BHART01(-2)",-2,"na, see BHART01",TRUE,
435,B,xhart02,numeric,"na, asked(-1)",-1,"na, asked",TRUE,
435,B,xhart03,binary,"na, wrong skip(-3)",-3,"na, wrong skip",TRUE,
435,B,xhart03,binary,"na, see BHART01(-2)",-2,"na, see BHART01",TRUE,
435,B,xhart03,binary,"na, asked(-1)",-1,"na, asked",TRUE,
435,B,xhart03,binary,no(0),0,no,FALSE,
435,B,xhart03,binary,yes(1),1,yes,FALSE,
435,B,xhart04,categorical,"na, wrong skip(-3)",-3,"na, wrong skip",TRUE,
435,B,xhart04,categorical,"na, see BHART01(-2)",-2,"na, see BHART01",TRUE,
435,B,xhart04,categorical,"na, asked(-1)",-1,"na, asked",TRUE,
435,B,xhart04,categorical,no(0),0,no,FALSE,
435,B,xhart04,categorical,"yes, family physician(1)",1,"yes, family physician",FALSE,
435,B,xhart04,categorical,"yes, specialist(2)",2,"yes, specialist",FALSE,
435,B,xhart05,binary,"na, short version(-4)",-4,"na, short version",TRUE,
435,B,xhart05,binary,"na, wrong skip(-3)",-3,"na, wrong skip",TRUE,
435,B,xhart05,binary,"na, see BHART01(-2)",-2,"na, see BHART01",TRUE,
435,B,xhart05,binary,"na, asked(-1)",-1,"na, asked",TRUE,
435,B,xhart05,binary,no(0),0,no,FALSE,
435,B,xhart05,binary,yes(1),1,yes,FALSE,
435,B,xhart06,numeric,"na, wrong skip(-3)",-3,"na, wrong skip",TRUE,
435,B,xhart06,numeric,"na, see BHART05(-2)",-2,"na, see BHART05",TRUE,
435,B,xhart06,numeric,"na, asked(-1)",-1,"na, asked",TRUE,
435,B,xhart06,numeric,once(1),1,once,FALSE,
435,B,xhart06,numeric,two times or more(2),2,two times or more,FALSE,
435,B,xhart07,numeric,"na, wrong skip(-3)",-3,"na, wrong skip",TRUE,
435,B,xhart07,numeric,"na, see BHART06(-2)",-2,"na, see BHART06",TRUE,
435,B,xhart07,numeric,"na, asked(-1)",-1,"na, asked",TRUE,
435,B,xhart08,numeric,"see bhart07 -> na, wrong skip(-3)",-3,"na, wrong skip",TRUE,
435,B,xhart08,numeric,"see bhart07 -> na, see BHART06(-2)",-2,"na, see BHART06",TRUE,
435,B,xhart08,numeric,"see bhart07 -> na, asked(-1)",-1,"na, asked",TRUE,
435,B,xhart09,numeric,"see bhart07 -> na, wrong skip(-3)",-3,"na, wrong skip",TRUE,
435,B,xhart09,numeric,"see bhart07 -> na, see BHART06(-2)",-2,"na, see BHART06",TRUE,
435,B,xhart09,numeric,"see bhart07 -> na, asked(-1)",-1,"na, asked",TRUE,
435,B,xhart10,categorical,"na, short version(-4)",-4,"na, short version",TRUE,
435,B,xhart10,categorical,"na, wrong skip(-3)",-3,"na, wrong skip",TRUE,
435,B,xhart10,categorical,"na, see BHART01(-2)",-2,"na, see BHART01",TRUE,
435,B,xhart10,categorical,"na, asked(-1)",-1,"na, asked",TRUE,
435,B,xhart10,categorical,no(0),0,no,FALSE,
435,B,xhart10,categorical,yes(1),1,yes,FALSE,
435,B,xhart10,categorical,no exertion: chest pain(2),2,no exertion: chest pain,FALSE,
435,B,xhart10,categorical,no exertion: pain legs(3),3,no exertion: pain legs,FALSE,
435,B,xhart10,categorical,no exertion: shortness of breath(4),4,no exertion: shortness of breath,FALSE,
435,B,xhart10,categorical,no exertion: joint complaints(5),5,no exertion: joint complaints,FALSE,
435,B,xhart10,categorical,no exertion: other reason(6),6,no exertion: other reason,FALSE,
435,B,xhart11,numeric,"na, wrong skip(-3)",-3,"na, wrong skip",TRUE,
435,B,xhart11,numeric,"na, see BHART10(-2)",-2,"na, see BHART10",TRUE,
435,B,xhart11,numeric,"na, asked(-1)",-1,"na, asked",TRUE,
435,B,xhart11,numeric,no(0),0,no,FALSE,
435,B,xhart11,numeric,yes(1),1,yes,FALSE,
435,B,xhart12,binary,"na, short version(-4)",-4,"na, short version",TRUE,
435,B,xhart12,binary,"na, wrong skip(-3)",-3,"na, wrong skip",TRUE,
435,B,xhart12,binary,"na, see BHART01(-2)",-2,"na, see BHART01",TRUE,
435,B,xhart12,binary,"na, asked(-1)",-1,"na, asked",TRUE,
435,B,xhart12,binary,no(0),0,no,FALSE,
435,B,xhart12,binary,yes(1),1,yes,FALSE,
435,B,xhart13,numeric,"see bhart07 -> na, wrong skip(-3)",-3,"na, wrong skip",TRUE,
435,B,xhart13,numeric,"see bhart07 -> na, see BHART06(-2)",-2,"na, see BHART06",TRUE,
435,B,xhart13,numeric,"see bhart07 -> na, asked(-1)",-1,"na, asked",TRUE,
435,B,xhart14,numeric,"see bhart07 -> na, wrong skip(-3)",-3,"na, wrong skip",TRUE,
435,B,xhart14,numeric,"see bhart07 -> na, see BHART06(-2)",-2,"na, see BHART06",TRUE,
435,B,xhart14,numeric,"see bhart07 -> na, asked(-1)",-1,"na, asked",TRUE,
435,B,xhart15,numeric,"see bhart07 -> na, wrong skip(-3)",-3,"na, wrong skip",TRUE,
435,B,xhart15,numeric,"see bhart07 -> na, see BHART06(-2)",-2,"na, see BHART06",TRUE,
435,B,xhart15,numeric,"see bhart07 -> na, asked(-1)",-1,"na, asked",TRUE,
435,B,xhart15a,binary,"na, wrong skip(-3)",-3,"na, wrong skip",TRUE,
435,B,xhart15a,binary,"na, see BHART15(-2)",-2,"na, see BHART15",TRUE,
435,B,xhart15a,binary,"na, asked(-1)",-1,"na, asked",TRUE,
435,B,xhart15a,binary,not mentioned(0),0,not mentioned,FALSE,
435,B,xhart15a,binary,mentioned(1),1,mentioned,FALSE,
435,B,xhart15b,binary,"see bhart15a -> na, wrong skip(-3)",-3,"na, wrong skip",TRUE,
435,B,xhart15b,binary,"see bhart15a -> na, see BHART15(-2)",-2,"na, see BHART15",TRUE,
435,B,xhart15b,binary,"see bhart15a -> na, asked(-1)",-1,"na, asked",TRUE,
435,B,xhart15b,binary,see bhart15a -> not mentioned(0),0,not mentioned,FALSE,
435,B,xhart15b,binary,see bhart15a -> mentioned(1),1,mentioned,FALSE,
435,B,xhart15c,binary,"see bhart15a -> na, wrong skip(-3)",-3,"na, wrong skip",TRUE,
435,B,xhart15c,binary,"see bhart15a -> na, see BHART15(-2)",-2,"na, see BHART15",TRUE,
435,B,xhart15c,binary,"see bhart15a -> na, asked(-1)",-1,"na, asked",TRUE,
435,B,xhart15c,binary,see bhart15a -> not mentioned(0),0,not mentioned,FALSE,
435,B,xhart15c,binary,see bhart15a -> mentioned(1),1,mentioned,FALSE,
435,B,xhart15d,binary,"see bhart15a -> na, wrong skip(-3)",-3,"na, wrong skip",TRUE,
435,B,xhart15d,binary,"see bhart15a -> na, see BHART15(-2)",-2,"na, see BHART15",TRUE,
435,B,xhart15d,binary,"see bhart15a -> na, asked(-1)",-1,"na, asked",TRUE,
435,B,xhart15d,binary,see bhart15a -> not mentioned(0),0,not mentioned,FALSE,
435,B,xhart15d,binary,see bhart15a -> mentioned(1),1,mentioned,FALSE,
435,B,xhart15e,binary,"see bhart15a -> na, wrong skip(-3)",-3,"na, wrong skip",TRUE,
435,B,xhart15e,binary,"see bhart15a -> na, see BHART15(-2)",-2,"na, see BHART15",TRUE,
435,B,xhart15e,binary,"see bhart15a -> na, asked(-1)",-1,"na, asked",TRUE,
435,B,xhart15e,binary,see bhart15a -> not mentioned(0),0,not mentioned,FALSE,
435,B,xhart15e,binary,see bhart15a -> mentioned(1),1,mentioned,FALSE,
435,B,xhart16,ordinal,"na, wrong skip(-3)",-3,"na, wrong skip",TRUE,
435,B,xhart16,ordinal,"na, see BHART01(-2)",-2,"na, see BHART01",TRUE,
435,B,xhart16,ordinal,"na, asked(-1)",-1,"na, asked",TRUE,
435,B,xhart16,ordinal,not at all(1),1,not at all,FALSE,
435,B,xhart16,ordinal,sometimes(2),2,sometimes,FALSE,
435,B,xhart16,ordinal,often(3),3,often,FALSE,
435,B,xhart16,ordinal,always(4),4,always,FALSE,
435,B,xincon1,binary,"na, interview terminated(-5)",-5,"na, interview terminated",TRUE,
435,B,xincon1,binary,"na, asked(-1)",-1,"na, asked",TRUE,
435,B,xincon1,binary,no(0),0,no,FALSE,
435,B,xincon1,binary,yes(1),1,yes,FALSE,
435,B,xincon2,numeric,"na, wrong skip(-3)",-3,"na, wrong skip",TRUE,
435,B,xincon2,numeric,"na, see BINCON1(-2)",-2,"na, see BINCON1",TRUE,
435,B,xincon2,numeric,"na, asked(-1)",-1,"na, asked",TRUE,
435,B,xincon3,binary,"na, wrong skip(-3)",-3,"na, wrong skip",TRUE,
435,B,xincon3,binary,"na, see BINCON1(-2)",-2,"na, see BINCON1",TRUE,
435,B,xincon3,binary,"na, asked(-1)",-1,"na, asked",TRUE,
435,B,xincon3,binary,no(0),0,no,FALSE,
435,B,xincon3,binary,yes(1),1,yes,FALSE,
435,B,xincon4,categorical,"na, wrong skip(-3)",-3,"na, wrong skip",TRUE,
435,B,xincon4,categorical,"na, see BINCON1(-2)",-2,"na, see BINCON1",TRUE,
435,B,xincon4,categorical,"na, asked(-1)",-1,"na, asked",TRUE,
435,B,xincon4,categorical,no(0),0,no,FALSE,
435,B,xincon4,categorical,"yes, family physician(1)",1,"yes, family physician",FALSE,
435,B,xincon4,categorical,"yes, specialist(2)",2,"yes, specialist",FALSE,
435,B,xincon5,categorical,"na, short version(-4)",-4,"na, short version",TRUE,
435,B,xincon5,categorical,"na, wrong skip(-3)",-3,"na, wrong skip",TRUE,
435,B,xincon5,categorical,"na, see BINCON1(-2)",-2,"na, see BINCON1",TRUE,
435,B,xincon5,categorical,"na, asked(-1)",-1,"na, asked",TRUE,
435,B,xincon5,categorical,2 times a month or less(1),1,2 times a month or less,FALSE,
435,B,xincon5,categorical,3-4 times a month(2),2,3-4 times a month,FALSE,
435,B,xincon5,categorical,a few times a week(3),3,a few times a week,FALSE,
435,B,xincon5,categorical,daily(4),4,daily,FALSE,
435,B,xincon6,categorical,"na, short version(-4)",-4,"na, short version",TRUE,
435,B,xincon6,categorical,"na, wrong skip(-3)",-3,"na, wrong skip",TRUE,
435,B,xincon6,categorical,"na, see BINCON1(-2)",-2,"na, see BINCON1",TRUE,
435,B,xincon6,categorical,"na, asked(-1)",-1,"na, asked",TRUE,
435,B,xincon6,categorical,no(0),0,no,FALSE,
435,B,xincon6,categorical,only by certain occasion(1),1,only by certain occasion,FALSE,
435,B,xincon6,categorical,"yes, most of the time(2)",2,"yes, most of the time",FALSE,
435,B,xincon7,binary,"na, short version(-4)",-4,"na, short version",TRUE,
435,B,xincon7,binary,"na, wrong skip(-3)",-3,"na, wrong skip",TRUE,
435,B,xincon7,binary,"na, see BINCON1(-2)",-2,"na, see BINCON1",TRUE,
435,B,xincon7,binary,"na, asked(-1)",-1,"na, asked",TRUE,
435,B,xincon7,binary,no(0),0,no,FALSE,
435,B,xincon7,binary,yes(1),1,yes,FALSE,
435,B,xincon8,ordinal,"na, wrong skip(-3)",-3,"na, wrong skip",TRUE,
435,B,xincon8,ordinal,"na, see BINCON1(-2)",-2,"na, see BINCON1",TRUE,
435,B,xincon8,ordinal,"na, asked(-1)",-1,"na, asked",TRUE,
435,B,xincon8,ordinal,not at all(1),1,not at all,FALSE,
435,B,xincon8,ordinal,sometimes(2),2,sometimes,FALSE,
435,B,xincon8,ordinal,often(3),3,often,FALSE,
435,B,xincon8,ordinal,always(4),4,always,FALSE,
435,B,xothsi01,binary,"na, interview terminated(-5)",-5,"na, interview terminated",TRUE,
435,B,xothsi01,binary,"na, asked(-1)",-1,"na, asked",TRUE,
435,B,xothsi01,binary,no(0),0,no,FALSE,
435,B,xothsi01,binary,yes(1),1,yes,FALSE,
435,B,xothsi02,categorical,"na, wrong skip(-3)",-3,"na, wrong skip",TRUE,
435,B,xothsi02,categorical,"na, see BOTHSI01(-2)",-2,"na, see BOTHSI01",TRUE,
435,B,xothsi02,categorical,"na, asked(-1)",-1,"na, asked",TRUE,
435,B,xothsi02,categorical,see Table Other diseases* -> hypertension(1),1,hypertension,FALSE,
435,B,xothsi02,categorical,see Table Other diseases* -> ulcer stomach or duodenum(2),2,ulcer stomach or duodenum,FALSE,
435,B,xothsi02,categorical,see Table Other diseases* -> serious intestinal disease(3),3,serious intestinal disease,FALSE,
435,B,xothsi02,categorical,see Table Other diseases* -> gall-stones/gall-bladder(4),4,gall-stones/gall-bladder,FALSE,
435,B,xothsi02,categorical,see Table Other diseases* -> liver disease or cirrhosis(5),5,liver disease or cirrhosis,FALSE,
435,B,xothsi02,categorical,see Table Other diseases* -> inguinal hernia(6),6,inguinal hernia,FALSE,
435,B,xothsi02,categorical,see Table Other diseases* -> kidney stone(7),7,kidney stone,FALSE,
435,B,xothsi02,categorical,see Table Other diseases* -> kidney disease-serious(8),8,kidney disease-serious,FALSE,
435,B,xothsi02,categorical,see Table Other diseases* -> chronic cystitis(9),9,chronic cystitis,FALSE,
435,B,xothsi02,categorical,see Table Other diseases* -> prostate complaints (males)(10),10,prostate complaints (males),FALSE,
435,B,xothsi02,categorical,see Table Other diseases* -> prolapse (females)(11),11,prolapse (females),FALSE,
435,B,xothsi02,categorical,see Table Other diseases* -> thyroid disease(12),12,thyroid disease,FALSE,
435,B,xothsi02,categorical,"see Table Other diseases* -> back problems, hernia(13)",13,"back problems, hernia",FALSE,
435,B,xothsi02,categorical,see Table Other diseases* -> epilepsy(14),14,epilepsy,FALSE,
435,B,xothsi02,categorical,see Table Other diseases* -> dizziness with falling(15),15,dizziness with falling,FALSE,
435,B,xothsi02,categorical,see Table Other diseases* -> migraine(16),16,migraine,FALSE,
435,B,xothsi02,categorical,see Table Other diseases* -> serious skin disease(17),17,serious skin disease,FALSE,
435,B,xothsi02,categorical,see Table Other diseases* -> decubitus-ulcer(18),18,decubitus-ulcer,FALSE,
435,B,xothsi02,categorical,see Table Other diseases* -> allergy/hay-fever(19),19,allergy/hay-fever,FALSE,
435,B,xothsi02,categorical,see Table Other diseases* -> serious consequences accident(20),20,serious consequences accident,FALSE,
435,B,xothsi02,categorical,see Table Other diseases* -> other serious consequences/burns(21),21,other serious consequences/burns,FALSE,
435,B,xothsi02,categorical,see Table Other diseases* -> consequences surgery/operations(22),22,consequences surgery/operations,FALSE,
435,B,xothsi02,categorical,see Table Other diseases* -> disease of nervous system(23),23,disease of nervous system,FALSE,
435,B,xothsi02,categorical,"see Table Other diseases* -> mental problems, incl. depression(24)",24,"mental problems, incl. depression",FALSE,
435,B,xothsi02,categorical,see Table Other diseases* -> eye diseases(25),25,eye diseases,FALSE,
435,B,xothsi02,categorical,see Table Other diseases* -> ear diseases/hearing problems(26),26,ear diseases/hearing problems,FALSE,
435,B,xothsi02,categorical,see Table Other diseases* -> venous insufficiency/varicose veins(27),27,venous insufficiency/varicose veins,FALSE,
435,B,xothsi02,categorical,see Table Other diseases* -> anaemia(28),28,anaemia,FALSE,
435,B,xothsi02,categorical,see Table Other diseases* -> chronic headaches (no migraine)(29),29,chronic headaches (no migraine),FALSE,
435,B,xothsi02,categorical,see Table Other diseases* -> chronic neck-problems(30),30,chronic neck-problems,FALSE,
435,B,xothsi02,categorical,see Table Other diseases* -> dizziness without falling(31),31,dizziness without falling,FALSE,
435,B,xothsi02,categorical,see Table Other diseases* -> congenital disorders(32),32,congenital disorders,FALSE,
435,B,xothsi02,categorical,see Table Other diseases* -> hypercholesterolaemia(33),33,hypercholesterolaemia,FALSE,
435,B,xothsi02,categorical,see Table Other diseases* -> gout(34),34,gout,FALSE,
435,B,xothsi02,categorical,see Table Other diseases* -> menopausal complaints (females)(35),35,menopausal complaints (females),FALSE,
435,B,xothsi02,categorical,see Table Other diseases* -> osteoporosis(36),36,osteoporosis,FALSE,
435,B,xothsi02,categorical,see Table Other diseases* -> other pulmonary disease (no CNSLD)(37),37,other pulmonary disease (no CNSLD),FALSE,
435,B,xothsi02,categorical,see Table Other diseases* -> systemic diseases(38),38,systemic diseases,FALSE,
435,B,xothsi02,categorical,see Table Other diseases* -> other hormonal diseases (no diabetes/thyroid)(39),39,other hormonal diseases (no diabetes/thyroid),FALSE,
435,B,xothsi02,categorical,see Table Other diseases* -> other urological disease (no incontinence)(40),40,other urological disease (no incontinence),FALSE,
435,B,xothsi02,categorical,see Table Other diseases* -> other locomotor disease(41),41,other locomotor disease,FALSE,
435,B,xothsi02,categorical,see Table Other diseases* -> other vascular disease(42),42,other vascular disease,FALSE,
435,B,xothsi02,categorical,see Table Other diseases* -> other neurological disease(43),43,other neurological disease,FALSE,
435,B,xothsi02,categorical,see Table Other diseases* -> TIA(44),44,TIA,FALSE,
435,B,xothsi02,categorical,see Table Other diseases* -> other haematological disease(45),45,other haematological disease,FALSE,
435,B,xothsi02,categorical,see Table Other diseases* -> pancreatitis-chronic(46),46,pancreatitis-chronic,FALSE,
435,B,xothsi02,categorical,see Table Other diseases* -> no label(47),47,no label,FALSE,
435,B,xothsi02,categorical,see Table Other diseases* -> addiction(48),48,addiction,FALSE,
435,B,xothsi02,categorical,see Table Other diseases* -> other chronic disease(49),49,other chronic disease,FALSE,
435,B,xothsi02,categorical,see Table Other diseases* -> other non-chronic disease(50),50,other non-chronic disease,FALSE,
435,B,xothsi04,numeric,"na, wrong skip(-3)",-3,"na, wrong skip",TRUE,
435,B,xothsi04,numeric,"na, see BOTHSI01(-2)",-2,"na, see BOTHSI01",TRUE,
435,B,xothsi04,numeric,"na, asked(-1)",-1,"na, asked",TRUE,
435,B,xothsi05,binary,"na, wrong skip(-3)",-3,"na, wrong skip",TRUE,
435,B,xothsi05,binary,"na, see BOTHSI01(-2)",-2,"na, see BOTHSI01",TRUE,
435,B,xothsi05,binary,"na, asked(-1)",-1,"na, asked",TRUE,
435,B,xothsi05,binary,no(0),0,no,FALSE,
435,B,xothsi05,binary,yes(1),1,yes,FALSE,
435,B,xothsi06,categorical,"na, wrong skip(-3)",-3,"na, wrong skip",TRUE,
435,B,xothsi06,categorical,"na, see BOTHSI01(-2)",-2,"na, see BOTHSI01",TRUE,
435,B,xothsi06,categorical,"na, asked(-1)",-1,"na, asked",TRUE,
435,B,xothsi06,categorical,no(0),0,no,FALSE,
435,B,xothsi06,categorical,"yes, family physician(1)",1,"yes, family physician",FALSE,
435,B,xothsi06,categorical,"yes, specialist(2)",2,"yes, specialist",FALSE,
435,B,xothsi07,binary,"na, short version(-4)",-4,"na, short version",TRUE,
435,B,xothsi07,binary,"na, wrong skip(-3)",-3,"na, wrong skip",TRUE,
435,B,xothsi07,binary,"na, see BOTHSI01(-2)",-2,"na, see BOTHSI01",TRUE,
435,B,xothsi07,binary,"na, asked(-1)",-1,"na, asked",TRUE,
435,B,xothsi07,binary,no(0),0,no,FALSE,
435,B,xothsi07,binary,yes(1),1,yes,FALSE,
435,B,xothsi08,categorical,"na, wrong skip(-3)",-3,"na, wrong skip",TRUE,
435,B,xothsi08,categorical,"na, see BOTHSI07(-2)",-2,"na, see BOTHSI07",TRUE,
435,B,xothsi08,categorical,"na, asked(-1)",-1,"na, asked",TRUE,
435,B,xothsi08,categorical,see Table Other diseases* -> hypertension(1),1,hypertension,FALSE,
435,B,xothsi08,categorical,see Table Other diseases* -> ulcer stomach or duodenum(2),2,ulcer stomach or duodenum,FALSE,
435,B,xothsi08,categorical,see Table Other diseases* -> serious intestinal disease(3),3,serious intestinal disease,FALSE,
435,B,xothsi08,categorical,see Table Other diseases* -> gall-stones/gall-bladder(4),4,gall-stones/gall-bladder,FALSE,
435,B,xothsi08,categorical,see Table Other diseases* -> liver disease or cirrhosis(5),5,liver disease or cirrhosis,FALSE,
435,B,xothsi08,categorical,see Table Other diseases* -> inguinal hernia(6),6,inguinal hernia,FALSE,
435,B,xothsi08,categorical,see Table Other diseases* -> kidney stone(7),7,kidney stone,FALSE,
435,B,xothsi08,categorical,see Table Other diseases* -> kidney disease-serious(8),8,kidney disease-serious,FALSE,
435,B,xothsi08,categorical,see Table Other diseases* -> chronic cystitis(9),9,chronic cystitis,FALSE,
435,B,xothsi08,categorical,see Table Other diseases* -> prostate complaints (males)(10),10,prostate complaints (males),FALSE,
435,B,xothsi08,categorical,see Table Other diseases* -> prolapse (females)(11),11,prolapse (females),FALSE,
435,B,xothsi08,categorical,see Table Other diseases* -> thyroid disease(12),12,thyroid disease,FALSE,
435,B,xothsi08,categorical,"see Table Other diseases* -> back problems, hernia(13)",13,"back problems, hernia",FALSE,
435,B,xothsi08,categorical,see Table Other diseases* -> epilepsy(14),14,epilepsy,FALSE,
435,B,xothsi08,categorical,see Table Other diseases* -> dizziness with falling(15),15,dizziness with falling,FALSE,
435,B,xothsi08,categorical,see Table Other diseases* -> migraine(16),16,migraine,FALSE,
435,B,xothsi08,categorical,see Table Other diseases* -> serious skin disease(17),17,serious skin disease,FALSE,
435,B,xothsi08,categorical,see Table Other diseases* -> decubitus-ulcer(18),18,decubitus-ulcer,FALSE,
435,B,xothsi08,categorical,see Table Other diseases* -> allergy/hay-fever(19),19,allergy/hay-fever,FALSE,
435,B,xothsi08,categorical,see Table Other diseases* -> serious consequences accident(20),20,serious consequences accident,FALSE,
435,B,xothsi08,categorical,see Table Other diseases* -> other serious consequences/burns(21),21,other serious consequences/burns,FALSE,
435,B,xothsi08,categorical,see Table Other diseases* -> consequences surgery/operations(22),22,consequences surgery/operations,FALSE,
435,B,xothsi08,categorical,see Table Other diseases* -> disease of nervous system(23),23,disease of nervous system,FALSE,
435,B,xothsi08,categorical,"see Table Other diseases* -> mental problems, incl. depression(24)",24,"mental problems, incl. depression",FALSE,
435,B,xothsi08,categorical,see Table Other diseases* -> eye diseases(25),25,eye diseases,FALSE,
435,B,xothsi08,categorical,see Table Other diseases* -> ear diseases/hearing problems(26),26,ear diseases/hearing problems,FALSE,
435,B,xothsi08,categorical,see Table Other diseases* -> venous insufficiency/varicose veins(27),27,venous insufficiency/varicose veins,FALSE,
435,B,xothsi08,categorical,see Table Other diseases* -> anaemia(28),28,anaemia,FALSE,
435,B,xothsi08,categorical,see Table Other diseases* -> chronic headaches (no migraine)(29),29,chronic headaches (no migraine),FALSE,
435,B,xothsi08,categorical,see Table Other diseases* -> chronic neck-problems(30),30,chronic neck-problems,FALSE,
435,B,xothsi08,categorical,see Table Other diseases* -> dizziness without falling(31),31,dizziness without falling,FALSE,
435,B,xothsi08,categorical,see Table Other diseases* -> congenital disorders(32),32,congenital disorders,FALSE,
435,B,xothsi08,categorical,see Table Other diseases* -> hypercholesterolaemia(33),33,hypercholesterolaemia,FALSE,
435,B,xothsi08,categorical,see Table Other diseases* -> gout(34),34,gout,FALSE,
435,B,xothsi08,categorical,see Table Other diseases* -> menopausal complaints (females)(35),35,menopausal complaints (females),FALSE,
435,B,xothsi08,categorical,see Table Other diseases* -> osteoporosis(36),36,osteoporosis,FALSE,
435,B,xothsi08,categorical,see Table Other diseases* -> other pulmonary disease (no CNSLD)(37),37,other pulmonary disease (no CNSLD),FALSE,
435,B,xothsi08,categorical,see Table Other diseases* -> systemic diseases(38),38,systemic diseases,FALSE,
435,B,xothsi08,categorical,see Table Other diseases* -> other hormonal diseases (no diabetes/thyroid)(39),39,other hormonal diseases (no diabetes/thyroid),FALSE,
435,B,xothsi08,categorical,see Table Other diseases* -> other urological disease (no incontinence)(40),40,other urological disease (no incontinence),FALSE,
435,B,xothsi08,categorical,see Table Other diseases* -> other locomotor disease(41),41,other locomotor disease,FALSE,
435,B,xothsi08,categorical,see Table Other diseases* -> other vascular disease(42),42,other vascular disease,FALSE,
435,B,xothsi08,categorical,see Table Other diseases* -> other neurological disease(43),43,other neurological disease,FALSE,
435,B,xothsi08,categorical,see Table Other diseases* -> TIA(44),44,TIA,FALSE,
435,B,xothsi08,categorical,see Table Other diseases* -> other haematological disease(45),45,other haematological disease,FALSE,
435,B,xothsi08,categorical,see Table Other diseases* -> pancreatitis-chronic(46),46,pancreatitis-chronic,FALSE,
435,B,xothsi08,categorical,see Table Other diseases* -> no label(47),47,no label,FALSE,
435,B,xothsi08,categorical,see Table Other diseases* -> addiction(48),48,addiction,FALSE,
435,B,xothsi08,categorical,see Table Other diseases* -> other chronic disease(49),49,other chronic disease,FALSE,
435,B,xothsi08,categorical,see Table Other diseases* -> other non-chronic disease(50),50,other non-chronic disease,FALSE,
435,B,xothsi10,numeric,"na, wrong skip(-3)",-3,"na, wrong skip",TRUE,
435,B,xothsi10,numeric,"na, see BOTHSI07(-2)",-2,"na, see BOTHSI07",TRUE,
435,B,xothsi10,numeric,"na, asked(-1)",-1,"na, asked",TRUE,
435,B,xothsi11,binary,"na, wrong skip(-3)",-3,"na, wrong skip",TRUE,
435,B,xothsi11,binary,"na, see BOTHSI07(-2)",-2,"na, see BOTHSI07",TRUE,
435,B,xothsi11,binary,"na, asked(-1)",-1,"na, asked",TRUE,
435,B,xothsi11,binary,no(0),0,no,FALSE,
435,B,xothsi11,binary,yes(1),1,yes,FALSE,
435,B,xothsi12,categorical,"na, wrong skip(-3)",-3,"na, wrong skip",TRUE,
435,B,xothsi12,categorical,"na, see BOTHSI07(-2)",-2,"na, see BOTHSI07",TRUE,
435,B,xothsi12,categorical,"na, asked(-1)",-1,"na, asked",TRUE,
435,B,xothsi12,categorical,no(0),0,no,FALSE,
435,B,xothsi12,categorical,"yes, family physician(1)",1,"yes, family physician",FALSE,
435,B,xothsi12,categorical,"yes, specialist(2)",2,"yes, specialist",FALSE,
435,B,xrheum01,binary,"na, interview terminated(-5)",-5,"na, interview terminated",TRUE,
435,B,xrheum01,binary,"na, asked(-1)",-1,"na, asked",TRUE,
435,B,xrheum01,binary,no(0),0,no,FALSE,
435,B,xrheum01,binary,yes(1),1,yes,FALSE,
435,B,xrheum02,binary,"na, interview terminated(-5)",-5,"na, interview terminated",TRUE,
435,B,xrheum02,binary,"na, asked(-1)",-1,"na, asked",TRUE,
435,B,xrheum02,binary,no(0),0,no,FALSE,
435,B,xrheum02,binary,yes(1),1,yes,FALSE,
435,B,xrheum03,numeric,"na, wrong skip(-3)",-3,"na, wrong skip",TRUE,
435,B,xrheum03,numeric,"na, see BRHEUM01&02(-2)",-2,"na, see BRHEUM01&02",TRUE,
435,B,xrheum03,numeric,"na, asked(-1)",-1,"na, asked",TRUE,
435,B,xrheum04,binary,"na, wrong skip(-3)",-3,"na, wrong skip",TRUE,
435,B,xrheum04,binary,"na, see BRHEUM01&02(-2)",-2,"na, see BRHEUM01&02",TRUE,
435,B,xrheum04,binary,"na, asked(-1)",-1,"na, asked",TRUE,
435,B,xrheum04,binary,no(0),0,no,FALSE,
435,B,xrheum04,binary,yes(1),1,yes,FALSE,
435,B,xrheum05,categorical,"na, wrong skip(-3)",-3,"na, wrong skip",TRUE,
435,B,xrheum05,categorical,"na, see BRHEUM01&02(-2)",-2,"na, see BRHEUM01&02",TRUE,
435,B,xrheum05,categorical,"na, asked(-1)",-1,"na, asked",TRUE,
435,B,xrheum05,categorical,no(0),0,no,FALSE,
435,B,xrheum05,categorical,"yes, family physician(1)",1,"yes, family physician",FALSE,
435,B,xrheum05,categorical,"yes, specialist(2)",2,"yes, specialist",FALSE,
435,B,xrheum06,date,"na, short version(-4)",-4,"na, short version",TRUE,
435,B,xrheum06,date,"na, wrong skip(-3)",-3,"na, wrong skip",TRUE,
435,B,xrheum06,date,"na, see BRHEUM01&02(-2)",-2,"na, see BRHEUM01&02",TRUE,
435,B,xrheum06,date,"na, asked(-1)",-1,"na, asked",TRUE,
435,B,xrheum06,date,no(0),0,no,FALSE,
435,B,xrheum06,date,yes(1),1,yes,FALSE,
435,B,xrheum07,date,"see brheum06 -> na, short version(-4)",-4,"na, short version",TRUE,
435,B,xrheum07,date,"see brheum06 -> na, wrong skip(-3)",-3,"na, wrong skip",TRUE,
435,B,xrheum07,date,"see brheum06 -> na, see BRHEUM01&02(-2)",-2,"na, see BRHEUM01&02",TRUE,
435,B,xrheum07,date,"see brheum06 -> na, asked(-1)",-1,"na, asked",TRUE,
435,B,xrheum07,date,see brheum06 -> no(0),0,no,FALSE,
435,B,xrheum07,date,see brheum06 -> yes(1),1,yes,FALSE,
435,B,xrheum08,date,"see brheum06 -> na, short version(-4)",-4,"na, short version",TRUE,
435,B,xrheum08,date,"see brheum06 -> na, wrong skip(-3)",-3,"na, wrong skip",TRUE,
435,B,xrheum08,date,"see brheum06 -> na, see BRHEUM01&02(-2)",-2,"na, see BRHEUM01&02",TRUE,
435,B,xrheum08,date,"see brheum06 -> na, asked(-1)",-1,"na, asked",TRUE,
435,B,xrheum08,date,see brheum06 -> no(0),0,no,FALSE,
435,B,xrheum08,date,see brheum06 -> yes(1),1,yes,FALSE,
435,B,xrheum09,binary,"na, short version(-4)",-4,"na, short version",TRUE,
435,B,xrheum09,binary,"na, wrong skip(-3)",-3,"na, wrong skip",TRUE,
435,B,xrheum09,binary,"na, see BRHEUM01&02(-2)",-2,"na, see BRHEUM01&02",TRUE,
435,B,xrheum09,binary,"na, asked(-1)",-1,"na, asked",TRUE,
435,B,xrheum09,binary,no(0),0,no,FALSE,
435,B,xrheum09,binary,yes(1),1,yes,FALSE,
435,B,xrheum10,binary,"see brheum9a -> na, wrong skip(-3)",-3,"na, wrong skip",TRUE,
435,B,xrheum10,binary,"see brheum9a -> na, see BRHEUM09(-2)",-2,"na, see BRHEUM09",TRUE,
435,B,xrheum10,binary,"see brheum9a -> na, asked(-1)",-1,"na, asked",TRUE,
435,B,xrheum10,binary,see brheum9a -> not mentioned(0),0,not mentioned,FALSE,
435,B,xrheum10,binary,see brheum9a -> mentioned(1),1,mentioned,FALSE,
435,B,xrheum11,ordinal,"na, wrong skip(-3)",-3,"na, wrong skip",TRUE,
435,B,xrheum11,ordinal,"na, see BRHEUM01&02(-2)",-2,"na, see BRHEUM01&02",TRUE,
435,B,xrheum11,ordinal,"na, asked(-1)",-1,"na, asked",TRUE,
435,B,xrheum11,ordinal,not at all(1),1,not at all,FALSE,
435,B,xrheum11,ordinal,sometimes(2),2,sometimes,FALSE,
435,B,xrheum11,ordinal,often(3),3,often,FALSE,
435,B,xrheum11,ordinal,always(4),4,always,FALSE,
435,B,xrheum12,categorical,"na, wrong skip(-3)",-3,"na, wrong skip",TRUE,
435,B,xrheum12,categorical,"na, see BRHEUM01&02(-2)",-2,"na, see BRHEUM01&02",TRUE,
435,B,xrheum12,categorical,"na, asked(-1)",-1,"na, asked",TRUE,
435,B,xrheum12,categorical,rheumatic hands(1),1,rheumatic hands,FALSE,
435,B,xrheum12,categorical,no rheumatic hands(2),2,no rheumatic hands,FALSE,
435,B,xrheum12,categorical,observation not possible(3),3,observation not possible,FALSE,
435,B,xrheum8a,binary,"see brheum06 -> na, short version(-4)",-4,"na, short version",TRUE,
435,B,xrheum8a,binary,"see brheum06 -> na, wrong skip(-3)",-3,"na, wrong skip",TRUE,
435,B,xrheum8a,binary,"see brheum06 -> na, see BRHEUM01&02(-2)",-2,"na, see BRHEUM01&02",TRUE,
435,B,xrheum8a,binary,"see brheum06 -> na, asked(-1)",-1,"na, asked",TRUE,
435,B,xrheum8a,binary,see brheum06 -> no(0),0,no,FALSE,
435,B,xrheum8a,binary,see brheum06 -> yes(1),1,yes,FALSE,
435,B,xrheum8b,binary,"see brheum06 -> na, short version(-4)",-4,"na, short version",TRUE,
435,B,xrheum8b,binary,"see brheum06 -> na, wrong skip(-3)",-3,"na, wrong skip",TRUE,
435,B,xrheum8b,binary,"see brheum06 -> na, see BRHEUM01&02(-2)",-2,"na, see BRHEUM01&02",TRUE,
435,B,xrheum8b,binary,"see brheum06 -> na, asked(-1)",-1,"na, asked",TRUE,
435,B,xrheum8b,binary,see brheum06 -> no(0),0,no,FALSE,
435,B,xrheum8b,binary,see brheum06 -> yes(1),1,yes,FALSE,
435,B,xrheum8c,binary,"see brheum06 -> na, short version(-4)",-4,"na, short version",TRUE,
435,B,xrheum8c,binary,"see brheum06 -> na, wrong skip(-3)",-3,"na, wrong skip",TRUE,
435,B,xrheum8c,binary,"see brheum06 -> na, see BRHEUM01&02(-2)",-2,"na, see BRHEUM01&02",TRUE,
435,B,xrheum8c,binary,"see brheum06 -> na, asked(-1)",-1,"na, asked",TRUE,
435,B,xrheum8c,binary,see brheum06 -> no(0),0,no,FALSE,
435,B,xrheum8c,binary,see brheum06 -> yes(1),1,yes,FALSE,
435,B,xrheum8d,binary,"see brheum06 -> na, short version(-4)",-4,"na, short version",TRUE,
435,B,xrheum8d,binary,"see brheum06 -> na, wrong skip(-3)",-3,"na, wrong skip",TRUE,
435,B,xrheum8d,binary,"see brheum06 -> na, see BRHEUM01&02(-2)",-2,"na, see BRHEUM01&02",TRUE,
435,B,xrheum8d,binary,"see brheum06 -> na, asked(-1)",-1,"na, asked",TRUE,
435,B,xrheum8d,binary,see brheum06 -> no(0),0,no,FALSE,
435,B,xrheum8d,binary,see brheum06 -> yes(1),1,yes,FALSE,
435,B,xrheum8e,binary,"see brheum06 -> na, short version(-4)",-4,"na, short version",TRUE,
435,B,xrheum8e,binary,"see brheum06 -> na, wrong skip(-3)",-3,"na, wrong skip",TRUE,
435,B,xrheum8e,binary,"see brheum06 -> na, see BRHEUM01&02(-2)",-2,"na, see BRHEUM01&02",TRUE,
435,B,xrheum8e,binary,"see brheum06 -> na, asked(-1)",-1,"na, asked",TRUE,
435,B,xrheum8e,binary,see brheum06 -> no(0),0,no,FALSE,
435,B,xrheum8e,binary,see brheum06 -> yes(1),1,yes,FALSE,
435,B,xrheum8f,binary,"see brheum06 -> na, short version(-4)",-4,"na, short version",TRUE,
435,B,xrheum8f,binary,"see brheum06 -> na, wrong skip(-3)",-3,"na, wrong skip",TRUE,
435,B,xrheum8f,binary,"see brheum06 -> na, see BRHEUM01&02(-2)",-2,"na, see BRHEUM01&02",TRUE,
435,B,xrheum8f,binary,"see brheum06 -> na, asked(-1)",-1,"na, asked",TRUE,
435,B,xrheum8f,binary,see brheum06 -> no(0),0,no,FALSE,
435,B,xrheum8f,binary,see brheum06 -> yes(1),1,yes,FALSE,
435,B,xrheum8g,binary,"see brheum06 -> na, short version(-4)",-4,"na, short version",TRUE,
435,B,xrheum8g,binary,"see brheum06 -> na, wrong skip(-3)",-3,"na, wrong skip",TRUE,
435,B,xrheum8g,binary,"see brheum06 -> na, see BRHEUM01&02(-2)",-2,"na, see BRHEUM01&02",TRUE,
435,B,xrheum8g,binary,"see brheum06 -> na, asked(-1)",-1,"na, asked",TRUE,
435,B,xrheum8g,binary,see brheum06 -> no(0),0,no,FALSE,
435,B,xrheum8g,binary,see brheum06 -> yes(1),1,yes,FALSE,
435,B,xrheum8h,binary,"see brheum06 -> na, short version(-4)",-4,"na, short version",TRUE,
435,B,xrheum8h,binary,"see brheum06 -> na, wrong skip(-3)",-3,"na, wrong skip",TRUE,
435,B,xrheum8h,binary,"see brheum06 -> na, see BRHEUM01&02(-2)",-2,"na, see BRHEUM01&02",TRUE,
435,B,xrheum8h,binary,"see brheum06 -> na, asked(-1)",-1,"na, asked",TRUE,
435,B,xrheum8h,binary,see brheum06 -> no(0),0,no,FALSE,
435,B,xrheum8h,binary,see brheum06 -> yes(1),1,yes,FALSE,
435,B,xrheum8i,binary,"see brheum06 -> na, short version(-4)",-4,"na, short version",TRUE,
435,B,xrheum8i,binary,"see brheum06 -> na, wrong skip(-3)",-3,"na, wrong skip",TRUE,
435,B,xrheum8i,binary,"see brheum06 -> na, see BRHEUM01&02(-2)",-2,"na, see BRHEUM01&02",TRUE,
435,B,xrheum8i,binary,"see brheum06 -> na, asked(-1)",-1,"na, asked",TRUE,
435,B,xrheum8i,binary,see brheum06 -> no(0),0,no,FALSE,
435,B,xrheum8i,binary,see brheum06 -> yes(1),1,yes,FALSE,
435,B,xrheum9a,binary,"na, wrong skip(-3)",-3,"na, wrong skip",TRUE,
435,B,xrheum9a,binary,"na, see BRHEUM09(-2)",-2,"na, see BRHEUM09",TRUE,
435,B,xrheum9a,binary,"na, asked(-1)",-1,"na, asked",TRUE,
435,B,xrheum9a,binary,not mentioned(0),0,not mentioned,FALSE,
435,B,xrheum9a,binary,mentioned(1),1,mentioned,FALSE,
435,B,xrheum9b,binary,"see brheum9a -> na, wrong skip(-3)",-3,"na, wrong skip",TRUE,
435,B,xrheum9b,binary,"see brheum9a -> na, see BRHEUM09(-2)",-2,"na, see BRHEUM09",TRUE,
435,B,xrheum9b,binary,"see brheum9a -> na, asked(-1)",-1,"na, asked",TRUE,
435,B,xrheum9b,binary,see brheum9a -> not mentioned(0),0,not mentioned,FALSE,
435,B,xrheum9b,binary,see brheum9a -> mentioned(1),1,mentioned,FALSE,
435,B,xrheum9c,binary,"see brheum9a -> na, wrong skip(-3)",-3,"na, wrong skip",TRUE,
435,B,xrheum9c,binary,"see brheum9a -> na, see BRHEUM09(-2)",-2,"na, see BRHEUM09",TRUE,
435,B,xrheum9c,binary,"see brheum9a -> na, asked(-1)",-1,"na, asked",TRUE,
435,B,xrheum9c,binary,see brheum9a -> not mentioned(0),0,not mentioned,FALSE,
435,B,xrheum9c,binary,see brheum9a -> mentioned(1),1,mentioned,FALSE,
435,B,xrheum9d,binary,"see brheum9a -> na, wrong skip(-3)",-3,"na, wrong skip",TRUE,
435,B,xrheum9d,binary,"see brheum9a -> na, see BRHEUM09(-2)",-2,"na, see BRHEUM09",TRUE,
435,B,xrheum9d,binary,"see brheum9a -> na, asked(-1)",-1,"na, asked",TRUE,
435,B,xrheum9d,binary,see brheum9a -> not mentioned(0),0,not mentioned,FALSE,
435,B,xrheum9d,binary,see brheum9a -> mentioned(1),1,mentioned,FALSE,
435,B,xrheum9e,binary,"see brheum9a -> na, wrong skip(-3)",-3,"na, wrong skip",TRUE,
435,B,xrheum9e,binary,"see brheum9a -> na, see BRHEUM09(-2)",-2,"na, see BRHEUM09",TRUE,
435,B,xrheum9e,binary,"see brheum9a -> na, asked(-1)",-1,"na, asked",TRUE,
435,B,xrheum9e,binary,see brheum9a -> not mentioned(0),0,not mentioned,FALSE,
435,B,xrheum9e,binary,see brheum9a -> mentioned(1),1,mentioned,FALSE,
435,B,xrheum9f,binary,"see brheum9a -> na, wrong skip(-3)",-3,"na, wrong skip",TRUE,
435,B,xrheum9f,binary,"see brheum9a -> na, see BRHEUM09(-2)",-2,"na, see BRHEUM09",TRUE,
435,B,xrheum9f,binary,"see brheum9a -> na, asked(-1)",-1,"na, asked",TRUE,
435,B,xrheum9f,binary,see brheum9a -> not mentioned(0),0,not mentioned,FALSE,
435,B,xrheum9f,binary,see brheum9a -> mentioned(1),1,mentioned,FALSE,
435,B,xrheum9g,binary,"see brheum9a -> na, wrong skip(-3)",-3,"na, wrong skip",TRUE,
435,B,xrheum9g,binary,"see brheum9a -> na, see BRHEUM09(-2)",-2,"na, see BRHEUM09",TRUE,
435,B,xrheum9g,binary,"see brheum9a -> na, asked(-1)",-1,"na, asked",TRUE,
435,B,xrheum9g,binary,see brheum9a -> not mentioned(0),0,not mentioned,FALSE,
435,B,xrheum9g,binary,see brheum9a -> mentioned(1),1,mentioned,FALSE,
435,B,xrheum9h,binary,"see brheum9a -> na, wrong skip(-3)",-3,"na, wrong skip",TRUE,
435,B,xrheum9h,binary,"see brheum9a -> na, see BRHEUM09(-2)",-2,"na, see BRHEUM09",TRUE,
435,B,xrheum9h,binary,"see brheum9a -> na, asked(-1)",-1,"na, asked",TRUE,
435,B,xrheum9h,binary,see brheum9a -> not mentioned(0),0,not mentioned,FALSE,
435,B,xrheum9h,binary,see brheum9a -> mentioned(1),1,mentioned,FALSE,
435,B,xrheum9i,binary,"see brheum9a -> na, wrong skip(-3)",-3,"na, wrong skip",TRUE,
435,B,xrheum9i,binary,"see brheum9a -> na, see BRHEUM09(-2)",-2,"na, see BRHEUM09",TRUE,
435,B,xrheum9i,binary,"see brheum9a -> na, asked(-1)",-1,"na, asked",TRUE,
435,B,xrheum9i,binary,see brheum9a -> not mentioned(0),0,not mentioned,FALSE,
435,B,xrheum9i,binary,see brheum9a -> mentioned(1),1,mentioned,FALSE,
435,B,xrmch,categorical,valid data(-2),-2,valid data,TRUE,
435,B,xrmch,categorical,terminated interview(1),1,terminated interview,FALSE,
435,B,xrmch,categorical,short interview(2),2,short interview,FALSE,
435,C,xartve8a,binary,"na, wrong skip(-3)",-3,"na, wrong skip",TRUE,
435,C,xartve8a,binary,"na, see CARTVEI8(-2)",-2,"na, see CARTVEI8",TRUE,
435,C,xartve8a,binary,"na, asked(-1)",-1,"na, asked",TRUE,
435,C,xartve8a,binary,not mentioned(0),0,not mentioned,FALSE,
435,C,xartve8a,binary,mentioned(1),1,mentioned,FALSE,
435,C,xartve8b,binary,"see cartve8a -> na, wrong skip(-3)",-3,"na, wrong skip",TRUE,
435,C,xartve8b,binary,"see cartve8a -> na, see CARTVEI8(-2)",-2,"na, see CARTVEI8",TRUE,
435,C,xartve8b,binary,"see cartve8a -> na, asked(-1)",-1,"na, asked",TRUE,
435,C,xartve8b,binary,see cartve8a -> not mentioned(0),0,not mentioned,FALSE,
435,C,xartve8b,binary,see cartve8a -> mentioned(1),1,mentioned,FALSE,
435,C,xartve8c,binary,"see cartve8a -> na, wrong skip(-3)",-3,"na, wrong skip",TRUE,
435,C,xartve8c,binary,"see cartve8a -> na, see CARTVEI8(-2)",-2,"na, see CARTVEI8",TRUE,
435,C,xartve8c,binary,"see cartve8a -> na, asked(-1)",-1,"na, asked",TRUE,
435,C,xartve8c,binary,see cartve8a -> not mentioned(0),0,not mentioned,FALSE,
435,C,xartve8c,binary,see cartve8a -> mentioned(1),1,mentioned,FALSE,
435,C,xartve8d,binary,"see cartve8a -> na, wrong skip(-3)",-3,"na, wrong skip",TRUE,
435,C,xartve8d,binary,"see cartve8a -> na, see CARTVEI8(-2)",-2,"na, see CARTVEI8",TRUE,
435,C,xartve8d,binary,"see cartve8a -> na, asked(-1)",-1,"na, asked",TRUE,
435,C,xartve8d,binary,see cartve8a -> not mentioned(0),0,not mentioned,FALSE,
435,C,xartve8d,binary,see cartve8a -> mentioned(1),1,mentioned,FALSE,
435,C,xartve8e,binary,"see cartve8a -> na, wrong skip(-3)",-3,"na, wrong skip",TRUE,
435,C,xartve8e,binary,"see cartve8a -> na, see CARTVEI8(-2)",-2,"na, see CARTVEI8",TRUE,
435,C,xartve8e,binary,"see cartve8a -> na, asked(-1)",-1,"na, asked",TRUE,
435,C,xartve8e,binary,see cartve8a -> not mentioned(0),0,not mentioned,FALSE,
435,C,xartve8e,binary,see cartve8a -> mentioned(1),1,mentioned,FALSE,
435,C,xartvei1,categorical,"na, see CRMCH(-5)",-5,"na, see CRMCH",TRUE,
435,C,xartvei1,categorical,"na, asked(-1)",-1,"na, asked",TRUE,
435,C,xartvei1,categorical,"no, never(0)",0,"no, never",FALSE,
435,C,xartvei1,categorical,"no, BARTVEI1 yes(1)",1,"no, BARTVEI1 yes",FALSE,
435,C,xartvei1,categorical,"yes, BARTVEI1 no(2)",2,"yes, BARTVEI1 no",FALSE,
435,C,xartvei1,categorical,"yes, BARTVEI1 yes(3)",3,"yes, BARTVEI1 yes",FALSE,
435,C,xartvei2,numeric,"na, wrong skip(-3)",-3,"na, wrong skip",TRUE,
435,C,xartvei2,numeric,"na, see CARTVEI1(-2)",-2,"na, see CARTVEI1",TRUE,
435,C,xartvei2,numeric,"na, asked(-1)",-1,"na, asked",TRUE,
435,C,xartvei3,binary,"na, wrong skip(-3)",-3,"na, wrong skip",TRUE,
435,C,xartvei3,binary,"na, see CARTVE1(-2)",-2,"na, see CARTVE1",TRUE,
435,C,xartvei3,binary,"na, asked(-1)",-1,"na, asked",TRUE,
435,C,xartvei3,binary,no(1),1,no,FALSE,
435,C,xartvei3,binary,yes(2),2,yes,FALSE,
435,C,xartvei4,categorical,"na, wrong skip(-3)",-3,"na, wrong skip",TRUE,
435,C,xartvei4,categorical,"na, see CARTVEI1(-2)",-2,"na, see CARTVEI1",TRUE,
435,C,xartvei4,categorical,"na, asked(-1)",-1,"na, asked",TRUE,
435,C,xartvei4,categorical,no(1),1,no,FALSE,
435,C,xartvei4,categorical,"yes, family physician(2)",2,"yes, family physician",FALSE,
435,C,xartvei4,categorical,"yes, specialist(3)",3,"yes, specialist",FALSE,
435,C,xartvei5,binary,"na, wrong skip(-3)",-3,"na, wrong skip",TRUE,
435,C,xartvei5,binary,"na, see CARTVEI1(-2)",-2,"na, see CARTVEI1",TRUE,
435,C,xartvei5,binary,"na, asked(-1)",-1,"na, asked",TRUE,
435,C,xartvei5,binary,no(1),1,no,FALSE,
435,C,xartvei5,binary,yes(2),2,yes,FALSE,
435,C,xartvei6,numeric,"na, wrong skip(-3)",-3,"na, wrong skip",TRUE,
435,C,xartvei6,numeric,"na, see CARTVEI5(-2)",-2,"na, see CARTVEI5",TRUE,
435,C,xartvei6,numeric,"na, asked(-1)",-1,"na, asked",TRUE,
435,C,xartvei7,binary,"see cartvei6, no(1)",1,"see cartvei6, no",FALSE,
435,C,xartvei7,binary,yes(2),2,yes,FALSE,
435,C,xartvei8,binary,"na, wrong skip(-3)",-3,"na, wrong skip",TRUE,
435,C,xartvei8,binary,"na, see CARTVEI1(-2)",-2,"na, see CARTVEI1",TRUE,
435,C,xartvei8,binary,"na, asked(-1)",-1,"na, asked",TRUE,
435,C,xartvei8,binary,no(1),1,no,FALSE,
435,C,xartvei8,binary,yes(2),2,yes,FALSE,
435,C,xartvei9,ordinal,"na, wrong skip(-3)",-3,"na, wrong skip",TRUE,
435,C,xartvei9,ordinal,"na, see CARTVEI1(-2)",-2,"na, see CARTVEI1",TRUE,
435,C,xartvei9,ordinal,"na, asked(-1)",-1,"na, asked",TRUE,
435,C,xartvei9,ordinal,not at all(1),1,not at all,FALSE,
435,C,xartvei9,ordinal,sometimes(2),2,sometimes,FALSE,
435,C,xartvei9,ordinal,often(3),3,often,FALSE,
435,C,xartvei9,ordinal,always(4),4,always,FALSE,
435,C,xcance5a,binary,"na, see CCANCER5(-6)",-6,"na, see CCANCER5",TRUE,
435,C,xcance5a,binary,"na, wrong skip(-3)",-3,"na, wrong skip",TRUE,
435,C,xcance5a,binary,"na, see CCANCER1(-2)",-2,"na, see CCANCER1",TRUE,
435,C,xcance5a,binary,"na, asked(-1)",-1,"na, asked",TRUE,
435,C,xcance5a,binary,not mentioned(1),1,not mentioned,FALSE,
435,C,xcance5a,binary,mentioned(2),2,mentioned,FALSE,
435,C,xcance5b,binary,"see ccance5a -> na, see CCANCER5(-6)",-6,"na, see CCANCER5",TRUE,
435,C,xcance5b,binary,"see ccance5a -> na, wrong skip(-3)",-3,"na, wrong skip",TRUE,
435,C,xcance5b,binary,"see ccance5a -> na, see CCANCER1(-2)",-2,"na, see CCANCER1",TRUE,
435,C,xcance5b,binary,"see ccance5a -> na, asked(-1)",-1,"na, asked",TRUE,
435,C,xcance5b,binary,see ccance5a -> not mentioned(1),1,not mentioned,FALSE,
435,C,xcance5b,binary,see ccance5a -> mentioned(2),2,mentioned,FALSE,
435,C,xcance5c,binary,"not asked, male(-7)",-7,"not asked, male",TRUE,
435,C,xcance5c,binary,"na, see CCANCER5(-6)",-6,"na, see CCANCER5",TRUE,
435,C,xcance5c,binary,"na, wrong skip(-3)",-3,"na, wrong skip",TRUE,
435,C,xcance5c,binary,"na, see CCANCER1(-2)",-2,"na, see CCANCER1",TRUE,
435,C,xcance5c,binary,"na, asked(-1)",-1,"na, asked",TRUE,
435,C,xcance5c,binary,not mentioned(1),1,not mentioned,FALSE,
435,C,xcance5c,binary,mentioned(2),2,mentioned,FALSE,
435,C,xcance5d,binary,"see ccance5c -> not asked, male(-7)",-7,"not asked, male",TRUE,
435,C,xcance5d,binary,"see ccance5c -> na, see CCANCER5(-6)",-6,"na, see CCANCER5",TRUE,
435,C,xcance5d,binary,"see ccance5c -> na, wrong skip(-3)",-3,"na, wrong skip",TRUE,
435,C,xcance5d,binary,"see ccance5c -> na, see CCANCER1(-2)",-2,"na, see CCANCER1",TRUE,
435,C,xcance5d,binary,"see ccance5c -> na, asked(-1)",-1,"na, asked",TRUE,
435,C,xcance5d,binary,see ccance5c -> not mentioned(1),1,not mentioned,FALSE,
435,C,xcance5d,binary,see ccance5c -> mentioned(2),2,mentioned,FALSE,
435,C,xcance5e,binary,"see ccance5a -> na, see CCANCER5(-6)",-6,"na, see CCANCER5",TRUE,
435,C,xcance5e,binary,"see ccance5a -> na, wrong skip(-3)",-3,"na, wrong skip",TRUE,
435,C,xcance5e,binary,"see ccance5a -> na, see CCANCER1(-2)",-2,"na, see CCANCER1",TRUE,
435,C,xcance5e,binary,"see ccance5a -> na, asked(-1)",-1,"na, asked",TRUE,
435,C,xcance5e,binary,see ccance5a -> not mentioned(1),1,not mentioned,FALSE,
435,C,xcance5e,binary,see ccance5a -> mentioned(2),2,mentioned,FALSE,
435,C,xcance5f,binary,"not asked, female(-7)",-7,"not asked, female",TRUE,
435,C,xcance5f,binary,"na, see CCANCER5(-6)",-6,"na, see CCANCER5",TRUE,
435,C,xcance5f,binary,"na, wrong skip(-3)",-3,"na, wrong skip",TRUE,
435,C,xcance5f,binary,"na, see CCANCER1(-2)",-2,"na, see CCANCER1",TRUE,
435,C,xcance5f,binary,"na, asked(-1)",-1,"na, asked",TRUE,
435,C,xcance5f,binary,not mentioned(1),1,not mentioned,FALSE,
435,C,xcance5f,binary,mentioned(2),2,mentioned,FALSE,
435,C,xcance5g,binary,"see ccance5a -> na, see CCANCER5(-6)",-6,"na, see CCANCER5",TRUE,
435,C,xcance5g,binary,"see ccance5a -> na, wrong skip(-3)",-3,"na, wrong skip",TRUE,
435,C,xcance5g,binary,"see ccance5a -> na, see CCANCER1(-2)",-2,"na, see CCANCER1",TRUE,
435,C,xcance5g,binary,"see ccance5a -> na, asked(-1)",-1,"na, asked",TRUE,
435,C,xcance5g,binary,see ccance5a -> not mentioned(1),1,not mentioned,FALSE,
435,C,xcance5g,binary,see ccance5a -> mentioned(2),2,mentioned,FALSE,
435,C,xcance5h,binary,"see ccance5a -> na, see CCANCER5(-6)",-6,"na, see CCANCER5",TRUE,
435,C,xcance5h,binary,"see ccance5a -> na, wrong skip(-3)",-3,"na, wrong skip",TRUE,
435,C,xcance5h,binary,"see ccance5a -> na, see CCANCER1(-2)",-2,"na, see CCANCER1",TRUE,
435,C,xcance5h,binary,"see ccance5a -> na, asked(-1)",-1,"na, asked",TRUE,
435,C,xcance5h,binary,see ccance5a -> not mentioned(1),1,not mentioned,FALSE,
435,C,xcance5h,binary,see ccance5a -> mentioned(2),2,mentioned,FALSE,
435,C,xcance5i,binary,"see ccance5a -> na, see CCANCER5(-6)",-6,"na, see CCANCER5",TRUE,
435,C,xcance5i,binary,"see ccance5a -> na, wrong skip(-3)",-3,"na, wrong skip",TRUE,
435,C,xcance5i,binary,"see ccance5a -> na, see CCANCER1(-2)",-2,"na, see CCANCER1",TRUE,
435,C,xcance5i,binary,"see ccance5a -> na, asked(-1)",-1,"na, asked",TRUE,
435,C,xcance5i,binary,see ccance5a -> not mentioned(1),1,not mentioned,FALSE,
435,C,xcance5i,binary,see ccance5a -> mentioned(2),2,mentioned,FALSE,
435,C,xcance5j,binary,"see ccance5a -> na, see CCANCER5(-6)",-6,"na, see CCANCER5",TRUE,
435,C,xcance5j,binary,"see ccance5a -> na, wrong skip(-3)",-3,"na, wrong skip",TRUE,
435,C,xcance5j,binary,"see ccance5a -> na, see CCANCER1(-2)",-2,"na, see CCANCER1",TRUE,
435,C,xcance5j,binary,"see ccance5a -> na, asked(-1)",-1,"na, asked",TRUE,
435,C,xcance5j,binary,see ccance5a -> not mentioned(1),1,not mentioned,FALSE,
435,C,xcance5j,binary,see ccance5a -> mentioned(2),2,mentioned,FALSE,
435,C,xcance5k,binary,"see ccance5a -> na, see CCANCER5(-6)",-6,"na, see CCANCER5",TRUE,
435,C,xcance5k,binary,"see ccance5a -> na, wrong skip(-3)",-3,"na, wrong skip",TRUE,
435,C,xcance5k,binary,"see ccance5a -> na, see CCANCER1(-2)",-2,"na, see CCANCER1",TRUE,
435,C,xcance5k,binary,"see ccance5a -> na, asked(-1)",-1,"na, asked",TRUE,
435,C,xcance5k,binary,see ccance5a -> not mentioned(1),1,not mentioned,FALSE,
435,C,xcance5k,binary,see ccance5a -> mentioned(2),2,mentioned,FALSE,
435,C,xcance5l,binary,"see ccance5a -> na, see CCANCER5(-6)",-6,"na, see CCANCER5",TRUE,
435,C,xcance5l,binary,"see ccance5a -> na, wrong skip(-3)",-3,"na, wrong skip",TRUE,
435,C,xcance5l,binary,"see ccance5a -> na, see CCANCER1(-2)",-2,"na, see CCANCER1",TRUE,
435,C,xcance5l,binary,"see ccance5a -> na, asked(-1)",-1,"na, asked",TRUE,
435,C,xcance5l,binary,see ccance5a -> not mentioned(1),1,not mentioned,FALSE,
435,C,xcance5l,binary,see ccance5a -> mentioned(2),2,mentioned,FALSE,
435,C,xcance5m,numeric,"na, wrong skip(-3)",-3,"na, wrong skip",TRUE,
435,C,xcance5m,numeric,"na, see CCANCE5L(-2)",-2,"na, see CCANCE5L",TRUE,
435,C,xcance5m,numeric,"na, asked(-1)",-1,"na, asked",TRUE,
435,C,xcance5m,numeric,to be coded(0),0,to be coded,FALSE,
435,C,xcance6a,binary,"na, wrong skip(-3)",-3,"na, wrong skip",TRUE,
435,C,xcance6a,binary,"na, see CCANCER6(-2)",-2,"na, see CCANCER6",TRUE,
435,C,xcance6a,binary,"na, asked(-1)",-1,"na, asked",TRUE,
435,C,xcance6a,binary,not mentioned(1),1,not mentioned,FALSE,
435,C,xcance6a,binary,mentioned(2),2,mentioned,FALSE,
435,C,xcance6b,binary,"see ccance6a -> na, wrong skip(-3)",-3,"na, wrong skip",TRUE,
435,C,xcance6b,binary,"see ccance6a -> na, see CCANCER6(-2)",-2,"na, see CCANCER6",TRUE,
435,C,xcance6b,binary,"see ccance6a -> na, asked(-1)",-1,"na, asked",TRUE,
435,C,xcance6b,binary,see ccance6a -> not mentioned(1),1,not mentioned,FALSE,
435,C,xcance6b,binary,see ccance6a -> mentioned(2),2,mentioned,FALSE,
435,C,xcance6c,binary,"see ccance6a -> na, wrong skip(-3)",-3,"na, wrong skip",TRUE,
435,C,xcance6c,binary,"see ccance6a -> na, see CCANCER6(-2)",-2,"na, see CCANCER6",TRUE,
435,C,xcance6c,binary,"see ccance6a -> na, asked(-1)",-1,"na, asked",TRUE,
435,C,xcance6c,binary,see ccance6a -> not mentioned(1),1,not mentioned,FALSE,
435,C,xcance6c,binary,see ccance6a -> mentioned(2),2,mentioned,FALSE,
435,C,xcance6d,binary,"see ccance6a -> na, wrong skip(-3)",-3,"na, wrong skip",TRUE,
435,C,xcance6d,binary,"see ccance6a -> na, see CCANCER6(-2)",-2,"na, see CCANCER6",TRUE,
435,C,xcance6d,binary,"see ccance6a -> na, asked(-1)",-1,"na, asked",TRUE,
435,C,xcance6d,binary,see ccance6a -> not mentioned(1),1,not mentioned,FALSE,
435,C,xcance6d,binary,see ccance6a -> mentioned(2),2,mentioned,FALSE,
435,C,xcance6e,binary,"see ccance6a -> na, wrong skip(-3)",-3,"na, wrong skip",TRUE,
435,C,xcance6e,binary,"see ccance6a -> na, see CCANCER6(-2)",-2,"na, see CCANCER6",TRUE,
435,C,xcance6e,binary,"see ccance6a -> na, asked(-1)",-1,"na, asked",TRUE,
435,C,xcance6e,binary,see ccance6a -> not mentioned(1),1,not mentioned,FALSE,
435,C,xcance6e,binary,see ccance6a -> mentioned(2),2,mentioned,FALSE,
435,C,xcance6f,binary,"see ccance6a -> na, wrong skip(-3)",-3,"na, wrong skip",TRUE,
435,C,xcance6f,binary,"see ccance6a -> na, see CCANCER6(-2)",-2,"na, see CCANCER6",TRUE,
435,C,xcance6f,binary,"see ccance6a -> na, asked(-1)",-1,"na, asked",TRUE,
435,C,xcance6f,binary,see ccance6a -> not mentioned(1),1,not mentioned,FALSE,
435,C,xcance6f,binary,see ccance6a -> mentioned(2),2,mentioned,FALSE,
435,C,xcance6g,numeric,"na, wrong skip(-3)",-3,"na, wrong skip",TRUE,
435,C,xcance6g,numeric,"na, see CCANCE6F(-2)",-2,"na, see CCANCE6F",TRUE,
435,C,xcance6g,numeric,"na, asked(-1)",-1,"na, asked",TRUE,
435,C,xcance6g,numeric,to be coded(0),0,to be coded,FALSE,
435,C,xcance7a,binary,"na, wrong skip(-3)",-3,"na, wrong skip",TRUE,
435,C,xcance7a,binary,"na, see CCANCER1(-2)",-2,"na, see CCANCER1",TRUE,
435,C,xcance7a,binary,"na, asked(-1)",-1,"na, asked",TRUE,
435,C,xcance7a,binary,not mentioned(1),1,not mentioned,FALSE,
435,C,xcance7a,binary,mentioned(2),2,mentioned,FALSE,
435,C,xcance7b,binary,"see ccance6a -> na, wrong skip(-3)",-3,"na, wrong skip",TRUE,
435,C,xcance7b,binary,"see ccance6a -> na, see CCANCER6(-2)",-2,"na, see CCANCER6",TRUE,
435,C,xcance7b,binary,"see ccance6a -> na, asked(-1)",-1,"na, asked",TRUE,
435,C,xcance7b,binary,see ccance6a -> not mentioned(1),1,not mentioned,FALSE,
435,C,xcance7b,binary,see ccance6a -> mentioned(2),2,mentioned,FALSE,
435,C,xcance7c,binary,"see ccance6a -> na, wrong skip(-3)",-3,"na, wrong skip",TRUE,
435,C,xcance7c,binary,"see ccance6a -> na, see CCANCER6(-2)",-2,"na, see CCANCER6",TRUE,
435,C,xcance7c,binary,"see ccance6a -> na, asked(-1)",-1,"na, asked",TRUE,
435,C,xcance7c,binary,see ccance6a -> not mentioned(1),1,not mentioned,FALSE,
435,C,xcance7c,binary,see ccance6a -> mentioned(2),2,mentioned,FALSE,
435,C,xcance7d,binary,"see ccance6a -> na, wrong skip(-3)",-3,"na, wrong skip",TRUE,
435,C,xcance7d,binary,"see ccance6a -> na, see CCANCER6(-2)",-2,"na, see CCANCER6",TRUE,
435,C,xcance7d,binary,"see ccance6a -> na, asked(-1)",-1,"na, asked",TRUE,
435,C,xcance7d,binary,see ccance6a -> not mentioned(1),1,not mentioned,FALSE,
435,C,xcance7d,binary,see ccance6a -> mentioned(2),2,mentioned,FALSE,
435,C,xcancer1,categorical,"na, see CRMCH(-5)",-5,"na, see CRMCH",TRUE,
435,C,xcancer1,categorical,"na, asked(-1)",-1,"na, asked",TRUE,
435,C,xcancer1,categorical,no never(0),0,no never,FALSE,
435,C,xcancer1,categorical,"no, BCANCER1 yes(1)",1,"no, BCANCER1 yes",FALSE,
435,C,xcancer1,categorical,"yes, BCANCER1 no(2)",2,"yes, BCANCER1 no",FALSE,
435,C,xcancer1,categorical,"yes, BCANCER1 yes(3)",3,"yes, BCANCER1 yes",FALSE,
435,C,xcancer2,numeric,"na, wrong skip(-3)",-3,"na, wrong skip",TRUE,
435,C,xcancer2,numeric,"na, see CCANCER1(-2)",-2,"na, see CCANCER1",TRUE,
435,C,xcancer2,numeric,"na, asked(-1)",-1,"na, asked",TRUE,
435,C,xcancer3,binary,"na, wrong skip(-3)",-3,"na, wrong skip",TRUE,
435,C,xcancer3,binary,"na, see CCANCER1(-2)",-2,"na, see CCANCER1",TRUE,
435,C,xcancer3,binary,"na, asked(-1)",-1,"na, asked",TRUE,
435,C,xcancer3,binary,no(1),1,no,FALSE,
435,C,xcancer3,binary,yes(2),2,yes,FALSE,
435,C,xcancer4,categorical,"na, wrong skip(-3)",-3,"na, wrong skip",TRUE,
435,C,xcancer4,categorical,"na, see CCANCER1(-2)",-2,"na, see CCANCER1",TRUE,
435,C,xcancer4,categorical,"na, asked(-1)",-1,"na, asked",TRUE,
435,C,xcancer4,categorical,no(1),1,no,FALSE,
435,C,xcancer4,categorical,"yes, family physician(2)",2,"yes, family physician",FALSE,
435,C,xcancer4,categorical,"yes, specialist(3)",3,"yes, specialist",FALSE,
435,C,xcancer5,binary,"na, wrong skip(-3)",-3,"na, wrong skip",TRUE,
435,C,xcancer5,binary,"na, see CCANCER1(-2)",-2,"na, see CCANCER1",TRUE,
435,C,xcancer5,binary,"na, asked(-1)",-1,"na, asked",TRUE,
435,C,xcancer5,binary,no(1),1,no,FALSE,
435,C,xcancer5,binary,yes(2),2,yes,FALSE,
435,C,xcancer6,binary,"na, wrong skip(-3)",-3,"na, wrong skip",TRUE,
435,C,xcancer6,binary,"na, see CCANCER1(-2)",-2,"na, see CCANCER1",TRUE,
435,C,xcancer6,binary,"na, asked(-1)",-1,"na, asked",TRUE,
435,C,xcancer6,binary,no(1),1,no,FALSE,
435,C,xcancer6,binary,yes(2),2,yes,FALSE,
435,C,xcancer8,ordinal,"na, wrong skip(-3)",-3,"na, wrong skip",TRUE,
435,C,xcancer8,ordinal,"na, see CCANCER1(-2)",-2,"na, see CCANCER1",TRUE,
435,C,xcancer8,ordinal,"na, asked(-1)",-1,"na, asked",TRUE,
435,C,xcancer8,ordinal,not at all(1),1,not at all,FALSE,
435,C,xcancer8,ordinal,sometimes(2),2,sometimes,FALSE,
435,C,xcancer8,ordinal,often(3),3,often,FALSE,
435,C,xcancer8,ordinal,always(4),4,always,FALSE,
435,C,xcara01,categorical,"na, see CRMCH(-5)",-5,"na, see CRMCH",TRUE,
435,C,xcara01,categorical,"na, asked(-1)",-1,"na, asked",TRUE,
435,C,xcara01,categorical,"no, never(0)",0,"no, never",FALSE,
435,C,xcara01,categorical,"no, BCARA01 yes(1)",1,"no, BCARA01 yes",FALSE,
435,C,xcara01,categorical,"yes, BCARA01 no(2)",2,"yes, BCARA01 no",FALSE,
435,C,xcara01,categorical,"yes, BCARA01 yes(3)",3,"yes, BCARA01 yes",FALSE,
435,C,xcara02,numeric,"na, wrong skip(-3)",-3,"na, wrong skip",TRUE,
435,C,xcara02,numeric,"na, see CCARA01(-2)",-2,"na, see CCARA01",TRUE,
435,C,xcara02,numeric,"na, asked(-1)",-1,"na, asked",TRUE,
435,C,xcara03,binary,"na, wrong skip(-3)",-3,"na, wrong skip",TRUE,
435,C,xcara03,binary,"na, see CCARA01(-2)",-2,"na, see CCARA01",TRUE,
435,C,xcara03,binary,"na, asked(-1)",-1,"na, asked",TRUE,
435,C,xcara03,binary,no(1),1,no,FALSE,
435,C,xcara03,binary,yes(2),2,yes,FALSE,
435,C,xcara04,categorical,"na, wrong skip(-3)",-3,"na, wrong skip",TRUE,
435,C,xcara04,categorical,"na, see CCARA01(-2)",-2,"na, see CCARA01",TRUE,
435,C,xcara04,categorical,"na, asked(-1)",-1,"na, asked",TRUE,
435,C,xcara04,categorical,no(1),1,no,FALSE,
435,C,xcara04,categorical,"yes, family physician(2)",2,"yes, family physician",FALSE,
435,C,xcara04,categorical,"yes, specialist(3)",3,"yes, specialist",FALSE,
435,C,xcara05,binary,"see ccara03 -> na, wrong skip(-3)",-3,"na, wrong skip",TRUE,
435,C,xcara05,binary,"see ccara03 -> na, see CCARA01(-2)",-2,"na, see CCARA01",TRUE,
435,C,xcara05,binary,"see ccara03 -> na, asked(-1)",-1,"na, asked",TRUE,
435,C,xcara05,binary,see ccara03 -> no(1),1,no,FALSE,
435,C,xcara05,binary,see ccara03 -> yes(2),2,yes,FALSE,
435,C,xcara06,binary,"see ccara03 -> na, wrong skip(-3)",-3,"na, wrong skip",TRUE,
435,C,xcara06,binary,"see ccara03 -> na, see CCARA01(-2)",-2,"na, see CCARA01",TRUE,
435,C,xcara06,binary,"see ccara03 -> na, asked(-1)",-1,"na, asked",TRUE,
435,C,xcara06,binary,see ccara03 -> no(1),1,no,FALSE,
435,C,xcara06,binary,see ccara03 -> yes(2),2,yes,FALSE,
435,C,xcara07,numeric,"see ccara03 -> na, wrong skip(-3)",-3,"na, wrong skip",TRUE,
435,C,xcara07,numeric,"see ccara03 -> na, see CCARA01(-2)",-2,"na, see CCARA01",TRUE,
435,C,xcara07,numeric,"see ccara03 -> na, asked(-1)",-1,"na, asked",TRUE,
435,C,xcara07,numeric,see ccara03 -> no(1),1,no,FALSE,
435,C,xcara07,numeric,see ccara03 -> yes(2),2,yes,FALSE,
435,C,xcara08,numeric,"na, wrong skip(-3)",-3,"na, wrong skip",TRUE,
435,C,xcara08,numeric,"na, see CCARA01(-2)",-2,"na, see CCARA01",TRUE,
435,C,xcara08,numeric,"na, asked(-1)",-1,"na, asked",TRUE,
435,C,xcara08,numeric,no(1),1,no,FALSE,
435,C,xcara08,numeric,"yes, with heavy exertion(2)",2,"yes, with heavy exertion",FALSE,
435,C,xcara08,numeric,"yes, with light exertion(3)",3,"yes, with light exertion",FALSE,
435,C,xcara08,numeric,"yes, at rest(4)",4,"yes, at rest",FALSE,
435,C,xcara09,binary,"see ccara03 -> na, wrong skip(-3)",-3,"na, wrong skip",TRUE,
435,C,xcara09,binary,"see ccara03 -> na, see CCARA01(-2)",-2,"na, see CCARA01",TRUE,
435,C,xcara09,binary,"see ccara03 -> na, asked(-1)",-1,"na, asked",TRUE,
435,C,xcara09,binary,see ccara03 -> no(1),1,no,FALSE,
435,C,xcara09,binary,see ccara03 -> yes(2),2,yes,FALSE,
435,C,xcara10,binary,"see ccara03 -> na, wrong skip(-3)",-3,"na, wrong skip",TRUE,
435,C,xcara10,binary,"see ccara03 -> na, see CCARA01(-2)",-2,"na, see CCARA01",TRUE,
435,C,xcara10,binary,"see ccara03 -> na, asked(-1)",-1,"na, asked",TRUE,
435,C,xcara10,binary,see ccara03 -> no(1),1,no,FALSE,
435,C,xcara10,binary,see ccara03 -> yes(2),2,yes,FALSE,
435,C,xcara11,ordinal,"na, wrong skip(-3)",-3,"na, wrong skip",TRUE,
435,C,xcara11,ordinal,"na, see CCARA01(-2)",-2,"na, see CCARA01",TRUE,
435,C,xcara11,ordinal,"na, asked(-1)",-1,"na, asked",TRUE,
435,C,xcara11,ordinal,not at all(1),1,not at all,FALSE,
435,C,xcara11,ordinal,sometimes(2),2,sometimes,FALSE,
435,C,xcara11,ordinal,often(3),3,often,FALSE,
435,C,xcara11,ordinal,always(4),4,always,FALSE,
435,C,xcara12,ordinal,"see ccara11 -> na, wrong skip(-3)",-3,"na, wrong skip",TRUE,
435,C,xcara12,ordinal,"see ccara11 -> na, see CCARA01(-2)",-2,"na, see CCARA01",TRUE,
435,C,xcara12,ordinal,"see ccara11 -> na, asked(-1)",-1,"na, asked",TRUE,
435,C,xcara12,ordinal,see ccara11 -> not at all(1),1,not at all,FALSE,
435,C,xcara12,ordinal,see ccara11 -> sometimes(2),2,sometimes,FALSE,
435,C,xcara12,ordinal,see ccara11 -> often(3),3,often,FALSE,
435,C,xcara12,ordinal,see ccara11 -> always(4),4,always,FALSE,
435,C,xcva01,categorical,"na, see CRMCH(-5)",-5,"na, see CRMCH",TRUE,
435,C,xcva01,categorical,"na, asked(-1)",-1,"na, asked",TRUE,
435,C,xcva01,categorical,no never(0),0,no never,FALSE,
435,C,xcva01,categorical,"no, BCVA01 yes(1)",1,"no, BCVA01 yes",FALSE,
435,C,xcva01,categorical,"yes, BCVA01 no(2)",2,"yes, BCVA01 no",FALSE,
435,C,xcva01,categorical,"yes, BCVA01 yes(3)",3,"yes, BCVA01 yes",FALSE,
435,C,xcva02a,binary,"na, wrong skip(-3)",-3,"na, wrong skip",TRUE,
435,C,xcva02a,binary,"na, see CCVA01(-2)",-2,"na, see CCVA01",TRUE,
435,C,xcva02a,binary,"na, asked(-1)",-1,"na, asked",TRUE,
435,C,xcva02a,binary,no(1),1,no,FALSE,
435,C,xcva02a,binary,yes(2),2,yes,FALSE,
435,C,xcva02b,binary,"na, wrong skip(-3)",-3,"na, wrong skip",TRUE,
435,C,xcva02b,binary,"na, see CCVA02A(-2)",-2,"na, see CCVA02A",TRUE,
435,C,xcva02b,binary,"na, asked(-1)",-1,"na, asked",TRUE,
435,C,xcva02b,binary,once(1),1,once,FALSE,
435,C,xcva02b,binary,two times or more(2),2,two times or more,FALSE,
435,C,xcva03j,numeric,"see ccva03m -> na, wrong skip(-3)",-3,"na, wrong skip",TRUE,
435,C,xcva03j,numeric,"see ccva03m -> na, see CCVA02B(-2)",-2,"na, see CCVA02B",TRUE,
435,C,xcva03j,numeric,"see ccva03m -> na, asked(-1)",-1,"na, asked",TRUE,
435,C,xcva03m,date,"na, wrong skip(-3)",-3,"na, wrong skip",TRUE,
435,C,xcva03m,date,"na, see CCVA02B(-2)",-2,"na, see CCVA02B",TRUE,
435,C,xcva03m,date,"na, asked(-1)",-1,"na, asked",TRUE,
435,C,xcva04j,numeric,"see ccva03m -> na, wrong skip(-3)",-3,"na, wrong skip",TRUE,
435,C,xcva04j,numeric,"see ccva03m -> na, see CCVA02B(-2)",-2,"na, see CCVA02B",TRUE,
435,C,xcva04j,numeric,"see ccva03m -> na, asked(-1)",-1,"na, asked",TRUE,
435,C,xcva04m,date,"see ccva03m -> na, wrong skip(-3)",-3,"na, wrong skip",TRUE,
435,C,xcva04m,date,"see ccva03m -> na, see CCVA02B(-2)",-2,"na, see CCVA02B",TRUE,
435,C,xcva04m,date,"see ccva03m -> na, asked(-1)",-1,"na, asked",TRUE,
435,C,xcva05j,numeric,"see ccva03m -> na, wrong skip(-3)",-3,"na, wrong skip",TRUE,
435,C,xcva05j,numeric,"see ccva03m -> na, see CCVA02B(-2)",-2,"na, see CCVA02B",TRUE,
435,C,xcva05j,numeric,"see ccva03m -> na, asked(-1)",-1,"na, asked",TRUE,
435,C,xcva05m,date,"see ccva03m -> na, wrong skip(-3)",-3,"na, wrong skip",TRUE,
435,C,xcva05m,date,"see ccva03m -> na, see CCVA02B(-2)",-2,"na, see CCVA02B",TRUE,
435,C,xcva05m,date,"see ccva03m -> na, asked(-1)",-1,"na, asked",TRUE,
435,C,xcva06,binary,"na, wrong skip(-3)",-3,"na, wrong skip",TRUE,
435,C,xcva06,binary,"na, see CCVA01(-2)",-2,"na, see CCVA01",TRUE,
435,C,xcva06,binary,"na, asked(-1)",-1,"na, asked",TRUE,
435,C,xcva06,binary,no(1),1,no,FALSE,
435,C,xcva06,binary,yes(2),2,yes,FALSE,
435,C,xcva07,categorical,"na, wrong skip(-3)",-3,"na, wrong skip",TRUE,
435,C,xcva07,categorical,"na, see CCVA01(-2)",-2,"na, see CCVA01",TRUE,
435,C,xcva07,categorical,"na, asked(-1)",-1,"na, asked",TRUE,
435,C,xcva07,categorical,no(1),1,no,FALSE,
435,C,xcva07,categorical,"yes, family physician(2)",2,"yes, family physician",FALSE,
435,C,xcva07,categorical,"yes, specialist(3)",3,"yes, specialist",FALSE,
435,C,xcva08,binary,"na, wrong skip(-3)",-3,"na, wrong skip",TRUE,
435,C,xcva08,binary,"na, see CCVA01(-2)",-2,"na, see CCVA01",TRUE,
435,C,xcva08,binary,"na, asked(-1)",-1,"na, asked",TRUE,
435,C,xcva08,binary,no(1),1,no,FALSE,
435,C,xcva08,binary,yes(2),2,yes,FALSE,
435,C,xcva09,binary,"see ccva08 -> na, wrong skip(-3)",-3,"na, wrong skip",TRUE,
435,C,xcva09,binary,"see ccva08 -> na, see CCVA01(-2)",-2,"na, see CCVA01",TRUE,
435,C,xcva09,binary,"see ccva08 -> na, asked(-1)",-1,"na, asked",TRUE,
435,C,xcva09,binary,see ccva08 -> no(1),1,no,FALSE,
435,C,xcva09,binary,see ccva08 -> yes(2),2,yes,FALSE,
435,C,xcva10,binary,"see ccva08 -> na, wrong skip(-3)",-3,"na, wrong skip",TRUE,
435,C,xcva10,binary,"see ccva08 -> na, see CCVA01(-2)",-2,"na, see CCVA01",TRUE,
435,C,xcva10,binary,"see ccva08 -> na, asked(-1)",-1,"na, asked",TRUE,
435,C,xcva10,binary,see ccva08 -> no(1),1,no,FALSE,
435,C,xcva10,binary,see ccva08 -> yes(2),2,yes,FALSE,
435,C,xcva11,binary,"see ccva08 -> na, wrong skip(-3)",-3,"na, wrong skip",TRUE,
435,C,xcva11,binary,"see ccva08 -> na, see CCVA01(-2)",-2,"na, see CCVA01",TRUE,
435,C,xcva11,binary,"see ccva08 -> na, asked(-1)",-1,"na, asked",TRUE,
435,C,xcva11,binary,see ccva08 -> no(1),1,no,FALSE,
435,C,xcva11,binary,see ccva08 -> yes(2),2,yes,FALSE,
435,C,xcva12,ordinal,"na, wrong skip(-3)",-3,"na, wrong skip",TRUE,
435,C,xcva12,ordinal,"na, see CCVA01(-2)",-2,"na, see CCVA01",TRUE,
435,C,xcva12,ordinal,"na, asked(-1)",-1,"na, asked",TRUE,
435,C,xcva12,ordinal,not at all(1),1,not at all,FALSE,
435,C,xcva12,ordinal,sometimes(2),2,sometimes,FALSE,
435,C,xcva12,ordinal,often(3),3,often,FALSE,
435,C,xcva12,ordinal,always(4),4,always,FALSE,
435,C,xdiabe01,categorical,"na, see CRMCH(-5)",-5,"na, see CRMCH",TRUE,
435,C,xdiabe01,categorical,"na, asked(-1)",-1,"na, asked",TRUE,
435,C,xdiabe01,categorical,"no, never(0)",0,"no, never",FALSE,
435,C,xdiabe01,categorical,"no, BDIABE01 yes(1)",1,"no, BDIABE01 yes",FALSE,
435,C,xdiabe01,categorical,"yes, BDIABE01 no(2)",2,"yes, BDIABE01 no",FALSE,
435,C,xdiabe01,categorical,"yes, BDIABE01 yes(3)",3,"yes, BDIABE01 yes",FALSE,
435,C,xdiabe02,numeric,"na, wrong skip(-3)",-3,"na, wrong skip",TRUE,
435,C,xdiabe02,numeric,"na, see CDIABE01(-2)",-2,"na, see CDIABE01",TRUE,
435,C,xdiabe02,numeric,"na, asked(-1)",-1,"na, asked",TRUE,
435,C,xdiabe03,categorical,"na, wrong skip(-3)",-3,"na, wrong skip",TRUE,
435,C,xdiabe03,categorical,"na, see CDIABE01(-2)",-2,"na, see CDIABE01",TRUE,
435,C,xdiabe03,categorical,"na, asked(-1)",-1,"na, asked",TRUE,
435,C,xdiabe03,categorical,no(1),1,no,FALSE,
435,C,xdiabe03,categorical,"yes, insulin injections(2)",2,"yes, insulin injections",FALSE,
435,C,xdiabe03,categorical,"yes, tablets only(3)",3,"yes, tablets only",FALSE,
435,C,xdiabe04,categorical,"na, wrong skip(-3)",-3,"na, wrong skip",TRUE,
435,C,xdiabe04,categorical,"na, see CDIABE01(-2)",-2,"na, see CDIABE01",TRUE,
435,C,xdiabe04,categorical,"na, asked(-1)",-1,"na, asked",TRUE,
435,C,xdiabe04,categorical,no(1),1,no,FALSE,
435,C,xdiabe04,categorical,"yes, family physician(2)",2,"yes, family physician",FALSE,
435,C,xdiabe04,categorical,"yes, specialist(3)",3,"yes, specialist",FALSE,
435,C,xdiabe05,binary,"na, wrong skip(-3)",-3,"na, wrong skip",TRUE,
435,C,xdiabe05,binary,"na, see CDIABE01(-2)",-2,"na, see CDIABE01",TRUE,
435,C,xdiabe05,binary,"na, asked(-1)",-1,"na, asked",TRUE,
435,C,xdiabe05,binary,no(1),1,no,FALSE,
435,C,xdiabe05,binary,yes(2),2,yes,FALSE,
435,C,xdiabe07,binary,"na, see CARTVEI1(-6)",-6,"na, see CARTVEI1",TRUE,
435,C,xdiabe07,binary,"na, wrong skip(-3)",-3,"na, wrong skip",TRUE,
435,C,xdiabe07,binary,"na, see CDIABE01(-2)",-2,"na, see CDIABE01",TRUE,
435,C,xdiabe07,binary,"na, asked(-1)",-1,"na, asked",TRUE,
435,C,xdiabe07,binary,no(1),1,no,FALSE,
435,C,xdiabe07,binary,yes(2),2,yes,FALSE,
435,C,xdiabe08,numeric,"na, wrong skip(-3)",-3,"na, wrong skip",TRUE,
435,C,xdiabe08,numeric,"na, see CDIABE07(-2)",-2,"na, see CDIABE07",TRUE,
435,C,xdiabe08,numeric,"na, asked(-1)",-1,"na, asked",TRUE,
435,C,xdiabe09,binary,"see cdiabe08, no(1)",1,"see cdiabe08, no",FALSE,
435,C,xdiabe09,binary,yes(2),2,yes,FALSE,
435,C,xdiabe10,binary,"na, wrong skip(-3)",-3,"na, wrong skip",TRUE,
435,C,xdiabe10,binary,"na, see CDIABE01(-2)",-2,"na, see CDIABE01",TRUE,
435,C,xdiabe10,binary,"na, asked(-1)",-1,"na, asked",TRUE,
435,C,xdiabe10,binary,no(1),1,no,FALSE,
435,C,xdiabe10,binary,yes(2),2,yes,FALSE,
435,C,xdiabe11,categorical,already asked CHART01(-6),-6,already asked CHART01,TRUE,
435,C,xdiabe11,categorical,"na, wrong skip(-3)",-3,"na, wrong skip",TRUE,
435,C,xdiabe11,categorical,"na, see CDIABE01(-2)",-2,"na, see CDIABE01",TRUE,
435,C,xdiabe11,categorical,"na, asked(-1)",-1,"na, asked",TRUE,
435,C,xdiabe11,categorical,no(1),1,no,FALSE,
435,C,xdiabe11,categorical,yes(2),2,yes,FALSE,
435,C,xdiabe11,categorical,no exertion: chest pain(3),3,no exertion: chest pain,FALSE,
435,C,xdiabe11,categorical,no exertion: pain legs(4),4,no exertion: pain legs,FALSE,
435,C,xdiabe11,categorical,no exertion: shortness of breath(5),5,no exertion: shortness of breath,FALSE,
435,C,xdiabe11,categorical,no exertion: joint complaints(6),6,no exertion: joint complaints,FALSE,
435,C,xdiabe11,categorical,no exertion: other reason(7),7,no exertion: other reason,FALSE,
435,C,xdiabe12,numeric,"na, wrong skip(-3)",-3,"na, wrong skip",TRUE,
435,C,xdiabe12,numeric,"na, see CDIABE11(-2)",-2,"na, see CDIABE11",TRUE,
435,C,xdiabe12,numeric,"na, asked(-1)",-1,"na, asked",TRUE,
435,C,xdiabe12,numeric,no(1),1,no,FALSE,
435,C,xdiabe12,numeric,yes(2),2,yes,FALSE,
435,C,xdiabe13,ordinal,"na, wrong skip(-3)",-3,"na, wrong skip",TRUE,
435,C,xdiabe13,ordinal,"na, see CDIABE01(-2)",-2,"na, see CDIABE01",TRUE,
435,C,xdiabe13,ordinal,"na, asked(-1)",-1,"na, asked",TRUE,
435,C,xdiabe13,ordinal,not at all(1),1,not at all,FALSE,
435,C,xdiabe13,ordinal,sometimes(2),2,sometimes,FALSE,
435,C,xdiabe13,ordinal,often(3),3,often,FALSE,
435,C,xdiabe13,ordinal,always(4),4,always,FALSE,
435,C,xdiabe6a,binary,"na, wrong skip(-3)",-3,"na, wrong skip",TRUE,
435,C,xdiabe6a,binary,"na, see CDIABE05(-2)",-2,"na, see CDIABE05",TRUE,
435,C,xdiabe6a,binary,"na, asked(-1)",-1,"na, asked",TRUE,
435,C,xdiabe6a,binary,not mentioned(0),0,not mentioned,FALSE,
435,C,xdiabe6a,binary,mentioned(1),1,mentioned,FALSE,
435,C,xdiabe6b,binary,"see cdiabe6a -> na, wrong skip(-3)",-3,"na, wrong skip",TRUE,
435,C,xdiabe6b,binary,"see cdiabe6a -> na, see CDIABE05(-2)",-2,"na, see CDIABE05",TRUE,
435,C,xdiabe6b,binary,"see cdiabe6a -> na, asked(-1)",-1,"na, asked",TRUE,
435,C,xdiabe6b,binary,see cdiabe6a -> not mentioned(0),0,not mentioned,FALSE,
435,C,xdiabe6b,binary,see cdiabe6a -> mentioned(1),1,mentioned,FALSE,
435,C,xdiabe6c,binary,"see cdiabe6a -> na, wrong skip(-3)",-3,"na, wrong skip",TRUE,
435,C,xdiabe6c,binary,"see cdiabe6a -> na, see CDIABE05(-2)",-2,"na, see CDIABE05",TRUE,
435,C,xdiabe6c,binary,"see cdiabe6a -> na, asked(-1)",-1,"na, asked",TRUE,
435,C,xdiabe6c,binary,see cdiabe6a -> not mentioned(0),0,not mentioned,FALSE,
435,C,xdiabe6c,binary,see cdiabe6a -> mentioned(1),1,mentioned,FALSE,
435,C,xhart01,categorical,"na, see CRMCH(-5)",-5,"na, see CRMCH",TRUE,
435,C,xhart01,categorical,"na, asked(-1)",-1,"na, asked",TRUE,
435,C,xhart01,categorical,"no, never(0)",0,"no, never",FALSE,
435,C,xhart01,categorical,"no, BHART01 yes(1)",1,"no, BHART01 yes",FALSE,
435,C,xhart01,categorical,"yes, BHART01 no(2)",2,"yes, BHART01 no",FALSE,
435,C,xhart01,categorical,"yes, BHART01 yes(3)",3,"yes, BHART01 yes",FALSE,
435,C,xhart02,numeric,"na, wrong skip(-3)",-3,"na, wrong skip",TRUE,
435,C,xhart02,numeric,"na, see CHART01(-2)",-2,"na, see CHART01",TRUE,
435,C,xhart02,numeric,"na, asked(-1)",-1,"na, asked",TRUE,
435,C,xhart03,binary,"see chart02, no(1)",1,"see chart02, no",FALSE,
435,C,xhart03,binary,yes(2),2,yes,FALSE,
435,C,xhart04,categorical,"na, wrong skip(-3)",-3,"na, wrong skip",TRUE,
435,C,xhart04,categorical,"na, see CHART01(-2)",-2,"na, see CHART01",TRUE,
435,C,xhart04,categorical,"na, asked(-1)",-1,"na, asked",TRUE,
435,C,xhart04,categorical,no(1),1,no,FALSE,
435,C,xhart04,categorical,"yes, family physician(2)",2,"yes, family physician",FALSE,
435,C,xhart04,categorical,"yes, specialist(3)",3,"yes, specialist",FALSE,
435,C,xhart05,binary,"see chart03 -> see chart02, no(1)",1,"see chart02, no",FALSE,
435,C,xhart05,binary,see chart03 -> yes(2),2,yes,FALSE,
435,C,xhart06,binary,"na, wrong skip(-3)",-3,"na, wrong skip",TRUE,
435,C,xhart06,binary,"na, see CHART05(-2)",-2,"na, see CHART05",TRUE,
435,C,xhart06,binary,"na, asked(-1)",-1,"na, asked",TRUE,
435,C,xhart06,binary,once(1),1,once,FALSE,
435,C,xhart06,binary,two times or more(2),2,two times or more,FALSE,
435,C,xhart07j,numeric,"see chart07m -> na, wrong skip(-3)",-3,"na, wrong skip",TRUE,
435,C,xhart07j,numeric,"see chart07m -> na, see CHART06(-2)",-2,"na, see CHART06",TRUE,
435,C,xhart07j,numeric,"see chart07m -> na, asked(-1)",-1,"na, asked",TRUE,
435,C,xhart07m,date,"na, wrong skip(-3)",-3,"na, wrong skip",TRUE,
435,C,xhart07m,date,"na, see CHART06(-2)",-2,"na, see CHART06",TRUE,
435,C,xhart07m,date,"na, asked(-1)",-1,"na, asked",TRUE,
435,C,xhart08j,numeric,"see chart07m -> na, wrong skip(-3)",-3,"na, wrong skip",TRUE,
435,C,xhart08j,numeric,"see chart07m -> na, see CHART06(-2)",-2,"na, see CHART06",TRUE,
435,C,xhart08j,numeric,"see chart07m -> na, asked(-1)",-1,"na, asked",TRUE,
435,C,xhart08m,date,"see chart07m -> na, wrong skip(-3)",-3,"na, wrong skip",TRUE,
435,C,xhart08m,date,"see chart07m -> na, see CHART06(-2)",-2,"na, see CHART06",TRUE,
435,C,xhart08m,date,"see chart07m -> na, asked(-1)",-1,"na, asked",TRUE,
435,C,xhart09j,numeric,"see chart07m -> na, wrong skip(-3)",-3,"na, wrong skip",TRUE,
435,C,xhart09j,numeric,"see chart07m -> na, see CHART06(-2)",-2,"na, see CHART06",TRUE,
435,C,xhart09j,numeric,"see chart07m -> na, asked(-1)",-1,"na, asked",TRUE,
435,C,xhart09m,date,"see chart07m -> na, wrong skip(-3)",-3,"na, wrong skip",TRUE,
435,C,xhart09m,date,"see chart07m -> na, see CHART06(-2)",-2,"na, see CHART06",TRUE,
435,C,xhart09m,date,"see chart07m -> na, asked(-1)",-1,"na, asked",TRUE,
435,C,xhart10,categorical,"na, wrong skip(-3)",-3,"na, wrong skip",TRUE,
435,C,xhart10,categorical,"na, see CHART01(-2)",-2,"na, see CHART01",TRUE,
435,C,xhart10,categorical,"na, asked(-1)",-1,"na, asked",TRUE,
435,C,xhart10,categorical,no(1),1,no,FALSE,
435,C,xhart10,categorical,yes(2),2,yes,FALSE,
435,C,xhart10,categorical,no exertion: chest pain(3),3,no exertion: chest pain,FALSE,
435,C,xhart10,categorical,no exertion: pain legs(4),4,no exertion: pain legs,FALSE,
435,C,xhart10,categorical,no exertion: shortness of breath(5),5,no exertion: shortness of breath,FALSE,
435,C,xhart10,categorical,no exertion: joint complaints(6),6,no exertion: joint complaints,FALSE,
435,C,xhart10,categorical,no exertion: other reason(7),7,no exertion: other reason,FALSE,
435,C,xhart11,numeric,"na, wrong skip(-3)",-3,"na, wrong skip",TRUE,
435,C,xhart11,numeric,"na, see CHART10(-2)",-2,"na, see CHART10",TRUE,
435,C,xhart11,numeric,"na, asked(-1)",-1,"na, asked",TRUE,
435,C,xhart11,numeric,no(1),1,no,FALSE,
435,C,xhart11,numeric,yes(2),2,yes,FALSE,
435,C,xhart12,binary,"na, wrong skip(-3)",-3,"na, wrong skip",TRUE,
435,C,xhart12,binary,"na, see CHART01(-2)",-2,"na, see CHART01",TRUE,
435,C,xhart12,binary,"na, asked(-1)",-1,"na, asked",TRUE,
435,C,xhart12,binary,no(1),1,no,FALSE,
435,C,xhart12,binary,yes(2),2,yes,FALSE,
435,C,xhart13,binary,"see chart12 -> na, wrong skip(-3)",-3,"na, wrong skip",TRUE,
435,C,xhart13,binary,"see chart12 -> na, see CHART01(-2)",-2,"na, see CHART01",TRUE,
435,C,xhart13,binary,"see chart12 -> na, asked(-1)",-1,"na, asked",TRUE,
435,C,xhart13,binary,see chart12 -> no(1),1,no,FALSE,
435,C,xhart13,binary,see chart12 -> yes(2),2,yes,FALSE,
435,C,xhart14,binary,"see chart12 -> na, wrong skip(-3)",-3,"na, wrong skip",TRUE,
435,C,xhart14,binary,"see chart12 -> na, see CHART01(-2)",-2,"na, see CHART01",TRUE,
435,C,xhart14,binary,"see chart12 -> na, asked(-1)",-1,"na, asked",TRUE,
435,C,xhart14,binary,see chart12 -> no(1),1,no,FALSE,
435,C,xhart14,binary,see chart12 -> yes(2),2,yes,FALSE,
435,C,xhart15,binary,"see chart12 -> na, wrong skip(-3)",-3,"na, wrong skip",TRUE,
435,C,xhart15,binary,"see chart12 -> na, see CHART01(-2)",-2,"na, see CHART01",TRUE,
435,C,xhart15,binary,"see chart12 -> na, asked(-1)",-1,"na, asked",TRUE,
435,C,xhart15,binary,see chart12 -> no(1),1,no,FALSE,
435,C,xhart15,binary,see chart12 -> yes(2),2,yes,FALSE,
435,C,xhart15a,binary,"na, wrong skip(-3)",-3,"na, wrong skip",TRUE,
435,C,xhart15a,binary,"na, see CHART15(-2)",-2,"na, see CHART15",TRUE,
435,C,xhart15a,binary,"na, asked(-1)",-1,"na, asked",TRUE,
435,C,xhart15a,binary,not mentioned(0),0,not mentioned,FALSE,
435,C,xhart15a,binary,mentioned(1),1,mentioned,FALSE,
435,C,xhart15b,binary,"see chart15a -> na, wrong skip(-3)",-3,"na, wrong skip",TRUE,
435,C,xhart15b,binary,"see chart15a -> na, see CHART15(-2)",-2,"na, see CHART15",TRUE,
435,C,xhart15b,binary,"see chart15a -> na, asked(-1)",-1,"na, asked",TRUE,
435,C,xhart15b,binary,see chart15a -> not mentioned(0),0,not mentioned,FALSE,
435,C,xhart15b,binary,see chart15a -> mentioned(1),1,mentioned,FALSE,
435,C,xhart15c,binary,"see chart15a -> na, wrong skip(-3)",-3,"na, wrong skip",TRUE,
435,C,xhart15c,binary,"see chart15a -> na, see CHART15(-2)",-2,"na, see CHART15",TRUE,
435,C,xhart15c,binary,"see chart15a -> na, asked(-1)",-1,"na, asked",TRUE,
435,C,xhart15c,binary,see chart15a -> not mentioned(0),0,not mentioned,FALSE,
435,C,xhart15c,binary,see chart15a -> mentioned(1),1,mentioned,FALSE,
435,C,xhart15d,binary,"see chart15a -> na, wrong skip(-3)",-3,"na, wrong skip",TRUE,
435,C,xhart15d,binary,"see chart15a -> na, see CHART15(-2)",-2,"na, see CHART15",TRUE,
435,C,xhart15d,binary,"see chart15a -> na, asked(-1)",-1,"na, asked",TRUE,
435,C,xhart15d,binary,see chart15a -> not mentioned(0),0,not mentioned,FALSE,
435,C,xhart15d,binary,see chart15a -> mentioned(1),1,mentioned,FALSE,
435,C,xhart15e,binary,"see chart15a -> na, wrong skip(-3)",-3,"na, wrong skip",TRUE,
435,C,xhart15e,binary,"see chart15a -> na, see CHART15(-2)",-2,"na, see CHART15",TRUE,
435,C,xhart15e,binary,"see chart15a -> na, asked(-1)",-1,"na, asked",TRUE,
435,C,xhart15e,binary,see chart15a -> not mentioned(0),0,not mentioned,FALSE,
435,C,xhart15e,binary,see chart15a -> mentioned(1),1,mentioned,FALSE,
435,C,xhart16,ordinal,"na, wrong skip(-3)",-3,"na, wrong skip",TRUE,
435,C,xhart16,ordinal,"na, see CHART01(-2)",-2,"na, see CHART01",TRUE,
435,C,xhart16,ordinal,"na, asked(-1)",-1,"na, asked",TRUE,
435,C,xhart16,ordinal,not at all(1),1,not at all,FALSE,
435,C,xhart16,ordinal,sometimes(2),2,sometimes,FALSE,
435,C,xhart16,ordinal,often(3),3,often,FALSE,
435,C,xhart16,ordinal,always(4),4,always,FALSE,
435,C,xhbd1,binary,"na, see CRMCH(-5)",-5,"na, see CRMCH",TRUE,
435,C,xhbd1,binary,"na, asked(-1)",-1,"na, asked",TRUE,
435,C,xhbd1,binary,no(1),1,no,FALSE,
435,C,xhbd1,binary,yes(2),2,yes,FALSE,
435,C,xhbd2,numeric,"na, wrong skip(-3)",-3,"na, wrong skip",TRUE,
435,C,xhbd2,numeric,"na, see CHBD1(-2)",-2,"na, see CHBD1",TRUE,
435,C,xhbd2,numeric,"na, asked(-1)",-1,"na, asked",TRUE,
435,C,xhbd2a,binary,"na, wrong skip(-3)",-3,"na, wrong skip",TRUE,
435,C,xhbd2a,binary,"na, see CHBD1(-2)",-2,"na, see CHBD1",TRUE,
435,C,xhbd2a,binary,"na, asked(-1)",-1,"na, asked",TRUE,
435,C,xhbd2a,binary,no(1),1,no,FALSE,
435,C,xhbd2a,binary,yes(2),2,yes,FALSE,
435,C,xhbd3,categorical,"na, wrong skip(-3)",-3,"na, wrong skip",TRUE,
435,C,xhbd3,categorical,"na, see CHBD1(-2)",-2,"na, see CHBD1",TRUE,
435,C,xhbd3,categorical,"na, asked(-1)",-1,"na, asked",TRUE,
435,C,xhbd3,categorical,no(1),1,no,FALSE,
435,C,xhbd3,categorical,"yes, family physician(2)",2,"yes, family physician",FALSE,
435,C,xhbd3,categorical,"yes, specialist(3)",3,"yes, specialist",FALSE,
435,C,xincon1,categorical,"na, see CRMCH(-5)",-5,"na, see CRMCH",TRUE,
435,C,xincon1,categorical,"na, asked(-1)",-1,"na, asked",TRUE,
435,C,xincon1,categorical,no never(0),0,no never,FALSE,
435,C,xincon1,categorical,"no, BINCON1 yes(1)",1,"no, BINCON1 yes",FALSE,
435,C,xincon1,categorical,"yes, BINCON1 no(2)",2,"yes, BINCON1 no",FALSE,
435,C,xincon1,categorical,"yes, BINCON1 yes(3)",3,"yes, BINCON1 yes",FALSE,
435,C,xincon2,numeric,"na, wrong skip(-3)",-3,"na, wrong skip",TRUE,
435,C,xincon2,numeric,"na, see CINCON1(-2)",-2,"na, see CINCON1",TRUE,
435,C,xincon2,numeric,"na, asked(-1)",-1,"na, asked",TRUE,
435,C,xincon3,binary,"na, wrong skip(-3)",-3,"na, wrong skip",TRUE,
435,C,xincon3,binary,"na, see CINCON1(-2)",-2,"na, see CINCON1",TRUE,
435,C,xincon3,binary,"na, asked(-1)",-1,"na, asked",TRUE,
435,C,xincon3,binary,no(1),1,no,FALSE,
435,C,xincon3,binary,yes(2),2,yes,FALSE,
435,C,xincon4,categorical,"na, wrong skip(-3)",-3,"na, wrong skip",TRUE,
435,C,xincon4,categorical,"na, see CINCON1(-2)",-2,"na, see CINCON1",TRUE,
435,C,xincon4,categorical,"na, asked(-1)",-1,"na, asked",TRUE,
435,C,xincon4,categorical,no(1),1,no,FALSE,
435,C,xincon4,categorical,"yes, family physician(2)",2,"yes, family physician",FALSE,
435,C,xincon4,categorical,"yes, specialist(3)",3,"yes, specialist",FALSE,
435,C,xincon5,categorical,"na, wrong skip(-3)",-3,"na, wrong skip",TRUE,
435,C,xincon5,categorical,"na, see CINCON1(-2)",-2,"na, see CINCON1",TRUE,
435,C,xincon5,categorical,"na, asked(-1)",-1,"na, asked",TRUE,
435,C,xincon5,categorical,2 times a month or less(1),1,2 times a month or less,FALSE,
435,C,xincon5,categorical,3-4 times a month(2),2,3-4 times a month,FALSE,
435,C,xincon5,categorical,a few times a week(3),3,a few times a week,FALSE,
435,C,xincon5,categorical,daily(4),4,daily,FALSE,
435,C,xincon6,categorical,"na, wrong skip(-3)",-3,"na, wrong skip",TRUE,
435,C,xincon6,categorical,"na, see CINCON1(-2)",-2,"na, see CINCON1",TRUE,
435,C,xincon6,categorical,"na, asked(-1)",-1,"na, asked",TRUE,
435,C,xincon6,categorical,no(1),1,no,FALSE,
435,C,xincon6,categorical,only on certain occasion(2),2,only on certain occasion,FALSE,
435,C,xincon6,categorical,"yes, most of the time(3)",3,"yes, most of the time",FALSE,
435,C,xincon7,binary,"na, wrong skip(-3)",-3,"na, wrong skip",TRUE,
435,C,xincon7,binary,"na, see CINCON1(-2)",-2,"na, see CINCON1",TRUE,
435,C,xincon7,binary,"na, asked(-1)",-1,"na, asked",TRUE,
435,C,xincon7,binary,no(1),1,no,FALSE,
435,C,xincon7,binary,yes(2),2,yes,FALSE,
435,C,xincon8,ordinal,"na, wrong skip(-3)",-3,"na, wrong skip",TRUE,
435,C,xincon8,ordinal,"na, see CINCON1(-2)",-2,"na, see CINCON1",TRUE,
435,C,xincon8,ordinal,"na, asked(-1)",-1,"na, asked",TRUE,
435,C,xincon8,ordinal,not at all(1),1,not at all,FALSE,
435,C,xincon8,ordinal,sometimes(2),2,sometimes,FALSE,
435,C,xincon8,ordinal,often(3),3,often,FALSE,
435,C,xincon8,ordinal,always(4),4,always,FALSE,
435,C,xothsi01,binary,"na, see CRMCH(-5)",-5,"na, see CRMCH",TRUE,
435,C,xothsi01,binary,"na, asked(-1)",-1,"na, asked",TRUE,
435,C,xothsi01,binary,no(1),1,no,FALSE,
435,C,xothsi01,binary,yes(2),2,yes,FALSE,
435,C,xothsi02,categorical,"na, wrong skip(-3)",-3,"na, wrong skip",TRUE,
435,C,xothsi02,categorical,"na, see COTH1(-2)",-2,"na, see COTH1",TRUE,
435,C,xothsi02,categorical,"na, asked(-1)",-1,"na, asked",TRUE,
435,C,xothsi02,categorical,see Table Other diseases* -> hypertension(1),1,hypertension,FALSE,
435,C,xothsi02,categorical,see Table Other diseases* -> ulcer stomach or duodenum(2),2,ulcer stomach or duodenum,FALSE,
435,C,xothsi02,categorical,see Table Other diseases* -> serious intestinal disease(3),3,serious intestinal disease,FALSE,
435,C,xothsi02,categorical,see Table Other diseases* -> gall-stones/gall-bladder(4),4,gall-stones/gall-bladder,FALSE,
435,C,xothsi02,categorical,see Table Other diseases* -> liver disease or cirrhosis(5),5,liver disease or cirrhosis,FALSE,
435,C,xothsi02,categorical,see Table Other diseases* -> inguinal hernia(6),6,inguinal hernia,FALSE,
435,C,xothsi02,categorical,see Table Other diseases* -> kidney stone(7),7,kidney stone,FALSE,
435,C,xothsi02,categorical,see Table Other diseases* -> kidney disease-serious(8),8,kidney disease-serious,FALSE,
435,C,xothsi02,categorical,see Table Other diseases* -> chronic cystitis(9),9,chronic cystitis,FALSE,
435,C,xothsi02,categorical,see Table Other diseases* -> prostate complaints (males)(10),10,prostate complaints (males),FALSE,
435,C,xothsi02,categorical,see Table Other diseases* -> prolapse (females)(11),11,prolapse (females),FALSE,
435,C,xothsi02,categorical,see Table Other diseases* -> thyroid disease(12),12,thyroid disease,FALSE,
435,C,xothsi02,categorical,"see Table Other diseases* -> back problems, hernia(13)",13,"back problems, hernia",FALSE,
435,C,xothsi02,categorical,see Table Other diseases* -> epilepsy(14),14,epilepsy,FALSE,
435,C,xothsi02,categorical,see Table Other diseases* -> dizziness with falling(15),15,dizziness with falling,FALSE,
435,C,xothsi02,categorical,see Table Other diseases* -> migraine(16),16,migraine,FALSE,
435,C,xothsi02,categorical,see Table Other diseases* -> serious skin disease(17),17,serious skin disease,FALSE,
435,C,xothsi02,categorical,see Table Other diseases* -> decubitus-ulcer(18),18,decubitus-ulcer,FALSE,
435,C,xothsi02,categorical,see Table Other diseases* -> allergy/hay-fever(19),19,allergy/hay-fever,FALSE,
435,C,xothsi02,categorical,see Table Other diseases* -> serious consequences accident(20),20,serious consequences accident,FALSE,
435,C,xothsi02,categorical,see Table Other diseases* -> other serious consequences/burns(21),21,other serious consequences/burns,FALSE,
435,C,xothsi02,categorical,see Table Other diseases* -> consequences surgery/operations(22),22,consequences surgery/operations,FALSE,
435,C,xothsi02,categorical,see Table Other diseases* -> disease of nervous system(23),23,disease of nervous system,FALSE,
435,C,xothsi02,categorical,"see Table Other diseases* -> mental problems, incl. depression(24)",24,"mental problems, incl. depression",FALSE,
435,C,xothsi02,categorical,see Table Other diseases* -> eye diseases(25),25,eye diseases,FALSE,
435,C,xothsi02,categorical,see Table Other diseases* -> ear diseases/hearing problems(26),26,ear diseases/hearing problems,FALSE,
435,C,xothsi02,categorical,see Table Other diseases* -> venous insufficiency/varicose veins(27),27,venous insufficiency/varicose veins,FALSE,
435,C,xothsi02,categorical,see Table Other diseases* -> anaemia(28),28,anaemia,FALSE,
435,C,xothsi02,categorical,see Table Other diseases* -> chronic headaches (no migraine)(29),29,chronic headaches (no migraine),FALSE,
435,C,xothsi02,categorical,see Table Other diseases* -> chronic neck-problems(30),30,chronic neck-problems,FALSE,
435,C,xothsi02,categorical,see Table Other diseases* -> dizziness without falling(31),31,dizziness without falling,FALSE,
435,C,xothsi02,categorical,see Table Other diseases* -> congenital disorders(32),32,congenital disorders,FALSE,
435,C,xothsi02,categorical,see Table Other diseases* -> hypercholesterolaemia(33),33,hypercholesterolaemia,FALSE,
435,C,xothsi02,categorical,see Table Other diseases* -> gout(34),34,gout,FALSE,
435,C,xothsi02,categorical,see Table Other diseases* -> menopausal complaints (females)(35),35,menopausal complaints (females),FALSE,
435,C,xothsi02,categorical,see Table Other diseases* -> osteoporosis(36),36,osteoporosis,FALSE,
435,C,xothsi02,categorical,see Table Other diseases* -> other pulmonary disease (no CNSLD)(37),37,other pulmonary disease (no CNSLD),FALSE,
435,C,xothsi02,categorical,see Table Other diseases* -> systemic diseases(38),38,systemic diseases,FALSE,
435,C,xothsi02,categorical,see Table Other diseases* -> other hormonal diseases (no diabetes/thyroid)(39),39,other hormonal diseases (no diabetes/thyroid),FALSE,
435,C,xothsi02,categorical,see Table Other diseases* -> other urological disease (no incontinence)(40),40,other urological disease (no incontinence),FALSE,
435,C,xothsi02,categorical,see Table Other diseases* -> other locomotor disease(41),41,other locomotor disease,FALSE,
435,C,xothsi02,categorical,see Table Other diseases* -> other vascular disease(42),42,other vascular disease,FALSE,
435,C,xothsi02,categorical,see Table Other diseases* -> other neurological disease(43),43,other neurological disease,FALSE,
435,C,xothsi02,categorical,see Table Other diseases* -> TIA(44),44,TIA,FALSE,
435,C,xothsi02,categorical,see Table Other diseases* -> other haematological disease(45),45,other haematological disease,FALSE,
435,C,xothsi02,categorical,see Table Other diseases* -> pancreatitis-chronic(46),46,pancreatitis-chronic,FALSE,
435,C,xothsi02,categorical,see Table Other diseases* -> no label(47),47,no label,FALSE,
435,C,xothsi02,categorical,see Table Other diseases* -> addiction(48),48,addiction,FALSE,
435,C,xothsi02,categorical,see Table Other diseases* -> other chronic disease(49),49,other chronic disease,FALSE,
435,C,xothsi02,categorical,see Table Other diseases* -> other non-chronic disease(50),50,other non-chronic disease,FALSE,
435,C,xothsi04,numeric,"na, wrong skip(-3)",-3,"na, wrong skip",TRUE,
435,C,xothsi04,numeric,"na, see COTH1(-2)",-2,"na, see COTH1",TRUE,
435,C,xothsi04,numeric,"na, asked(-1)",-1,"na, asked",TRUE,
435,C,xothsi05,binary,"na, wrong skip(-3)",-3,"na, wrong skip",TRUE,
435,C,xothsi05,binary,"na, see COTH1(-2)",-2,"na, see COTH1",TRUE,
435,C,xothsi05,binary,"na, asked(-1)",-1,"na, asked",TRUE,
435,C,xothsi05,binary,no(1),1,no,FALSE,
435,C,xothsi05,binary,yes(2),2,yes,FALSE,
435,C,xothsi06,categorical,"na, wrong skip(-3)",-3,"na, wrong skip",TRUE,
435,C,xothsi06,categorical,"na, see COTH1(-2)",-2,"na, see COTH1",TRUE,
435,C,xothsi06,categorical,"na, asked(-1)",-1,"na, asked",TRUE,
435,C,xothsi06,categorical,no(1),1,no,FALSE,
435,C,xothsi06,categorical,"yes, family physician(2)",2,"yes, family physician",FALSE,
435,C,xothsi06,categorical,"yes, specialist(3)",3,"yes, specialist",FALSE,
435,C,xothsi07,binary,"na, wrong skip(-3)",-3,"na, wrong skip",TRUE,
435,C,xothsi07,binary,"na, see COTH1(-2)",-2,"na, see COTH1",TRUE,
435,C,xothsi07,binary,"na, asked(-1)",-1,"na, asked",TRUE,
435,C,xothsi07,binary,no(1),1,no,FALSE,
435,C,xothsi07,binary,yes(2),2,yes,FALSE,
435,C,xothsi08,categorical,"na, wrong skip(-3)",-3,"na, wrong skip",TRUE,
435,C,xothsi08,categorical,"na, see COTH71(-2)",-2,"na, see COTH71",TRUE,
435,C,xothsi08,categorical,"na, asked(-1)",-1,"na, asked",TRUE,
435,C,xothsi08,categorical,see Table Other diseases* -> hypertension(1),1,hypertension,FALSE,
435,C,xothsi08,categorical,see Table Other diseases* -> ulcer stomach or duodenum(2),2,ulcer stomach or duodenum,FALSE,
435,C,xothsi08,categorical,see Table Other diseases* -> serious intestinal disease(3),3,serious intestinal disease,FALSE,
435,C,xothsi08,categorical,see Table Other diseases* -> gall-stones/gall-bladder(4),4,gall-stones/gall-bladder,FALSE,
435,C,xothsi08,categorical,see Table Other diseases* -> liver disease or cirrhosis(5),5,liver disease or cirrhosis,FALSE,
435,C,xothsi08,categorical,see Table Other diseases* -> inguinal hernia(6),6,inguinal hernia,FALSE,
435,C,xothsi08,categorical,see Table Other diseases* -> kidney stone(7),7,kidney stone,FALSE,
435,C,xothsi08,categorical,see Table Other diseases* -> kidney disease-serious(8),8,kidney disease-serious,FALSE,
435,C,xothsi08,categorical,see Table Other diseases* -> chronic cystitis(9),9,chronic cystitis,FALSE,
435,C,xothsi08,categorical,see Table Other diseases* -> prostate complaints (males)(10),10,prostate complaints (males),FALSE,
435,C,xothsi08,categorical,see Table Other diseases* -> prolapse (females)(11),11,prolapse (females),FALSE,
435,C,xothsi08,categorical,see Table Other diseases* -> thyroid disease(12),12,thyroid disease,FALSE,
435,C,xothsi08,categorical,"see Table Other diseases* -> back problems, hernia(13)",13,"back problems, hernia",FALSE,
435,C,xothsi08,categorical,see Table Other diseases* -> epilepsy(14),14,epilepsy,FALSE,
435,C,xothsi08,categorical,see Table Other diseases* -> dizziness with falling(15),15,dizziness with falling,FALSE,
435,C,xothsi08,categorical,see Table Other diseases* -> migraine(16),16,migraine,FALSE,
435,C,xothsi08,categorical,see Table Other diseases* -> serious skin disease(17),17,serious skin disease,FALSE,
435,C,xothsi08,categorical,see Table Other diseases* -> decubitus-ulcer(18),18,decubitus-ulcer,FALSE,
435,C,xothsi08,categorical,see Table Other diseases* -> allergy/hay-fever(19),19,allergy/hay-fever,FALSE,
435,C,xothsi08,categorical,see Table Other diseases* -> serious consequences accident(20),20,serious consequences accident,FALSE,
435,C,xothsi08,categorical,see Table Other diseases* -> other serious consequences/burns(21),21,other serious consequences/burns,FALSE,
435,C,xothsi08,categorical,see Table Other diseases* -> consequences surgery/operations(22),22,consequences surgery/operations,FALSE,
435,C,xothsi08,categorical,see Table Other diseases* -> disease of nervous system(23),23,disease of nervous system,FALSE,
435,C,xothsi08,categorical,"see Table Other diseases* -> mental problems, incl. depression(24)",24,"mental problems, incl. depression",FALSE,
435,C,xothsi08,categorical,see Table Other diseases* -> eye diseases(25),25,eye diseases,FALSE,
435,C,xothsi08,categorical,see Table Other diseases* -> ear diseases/hearing problems(26),26,ear diseases/hearing problems,FALSE,
435,C,xothsi08,categorical,see Table Other diseases* -> venous insufficiency/varicose veins(27),27,venous insufficiency/varicose veins,FALSE,
435,C,xothsi08,categorical,see Table Other diseases* -> anaemia(28),28,anaemia,FALSE,
435,C,xothsi08,categorical,see Table Other diseases* -> chronic headaches (no migraine)(29),29,chronic headaches (no migraine),FALSE,
435,C,xothsi08,categorical,see Table Other diseases* -> chronic neck-problems(30),30,chronic neck-problems,FALSE,
435,C,xothsi08,categorical,see Table Other diseases* -> dizziness without falling(31),31,dizziness without falling,FALSE,
435,C,xothsi08,categorical,see Table Other diseases* -> congenital disorders(32),32,congenital disorders,FALSE,
435,C,xothsi08,categorical,see Table Other diseases* -> hypercholesterolaemia(33),33,hypercholesterolaemia,FALSE,
435,C,xothsi08,categorical,see Table Other diseases* -> gout(34),34,gout,FALSE,
435,C,xothsi08,categorical,see Table Other diseases* -> menopausal complaints (females)(35),35,menopausal complaints (females),FALSE,
435,C,xothsi08,categorical,see Table Other diseases* -> osteoporosis(36),36,osteoporosis,FALSE,
435,C,xothsi08,categorical,see Table Other diseases* -> other pulmonary disease (no CNSLD)(37),37,other pulmonary disease (no CNSLD),FALSE,
435,C,xothsi08,categorical,see Table Other diseases* -> systemic diseases(38),38,systemic diseases,FALSE,
435,C,xothsi08,categorical,see Table Other diseases* -> other hormonal diseases (no diabetes/thyroid)(39),39,other hormonal diseases (no diabetes/thyroid),FALSE,
435,C,xothsi08,categorical,see Table Other diseases* -> other urological disease (no incontinence)(40),40,other urological disease (no incontinence),FALSE,
435,C,xothsi08,categorical,see Table Other diseases* -> other locomotor disease(41),41,other locomotor disease,FALSE,
435,C,xothsi08,categorical,see Table Other diseases* -> other vascular disease(42),42,other vascular disease,FALSE,
435,C,xothsi08,categorical,see Table Other diseases* -> other neurological disease(43),43,other neurological disease,FALSE,
435,C,xothsi08,categorical,see Table Other diseases* -> TIA(44),44,TIA,FALSE,
435,C,xothsi08,categorical,see Table Other diseases* -> other haematological disease(45),45,other haematological disease,FALSE,
435,C,xothsi08,categorical,see Table Other diseases* -> pancreatitis-chronic(46),46,pancreatitis-chronic,FALSE,
435,C,xothsi08,categorical,see Table Other diseases* -> no label(47),47,no label,FALSE,
435,C,xothsi08,categorical,see Table Other diseases* -> addiction(48),48,addiction,FALSE,
435,C,xothsi08,categorical,see Table Other diseases* -> other chronic disease(49),49,other chronic disease,FALSE,
435,C,xothsi08,categorical,see Table Other diseases* -> other non-chronic disease(50),50,other non-chronic disease,FALSE,
435,C,xothsi10,numeric,"na, wrong skip(-3)",-3,"na, wrong skip",TRUE,
435,C,xothsi10,numeric,"na, see COTH71(-2)",-2,"na, see COTH71",TRUE,
435,C,xothsi10,numeric,"na, asked(-1)",-1,"na, asked",TRUE,
435,C,xothsi11,binary,"na, wrong skip(-3)",-3,"na, wrong skip",TRUE,
435,C,xothsi11,binary,"na, see COTH71(-2)",-2,"na, see COTH71",TRUE,
435,C,xothsi11,binary,"na, asked(-1)",-1,"na, asked",TRUE,
435,C,xothsi11,binary,no(1),1,no,FALSE,
435,C,xothsi11,binary,yes(2),2,yes,FALSE,
435,C,xothsi12,categorical,"na, wrong skip(-3)",-3,"na, wrong skip",TRUE,
435,C,xothsi12,categorical,"na, see COTH71(-2)",-2,"na, see COTH71",TRUE,
435,C,xothsi12,categorical,"na, asked(-1)",-1,"na, asked",TRUE,
435,C,xothsi12,categorical,no(1),1,no,FALSE,
435,C,xothsi12,categorical,"yes, family physician(2)",2,"yes, family physician",FALSE,
435,C,xothsi12,categorical,"yes, specialist(3)",3,"yes, specialist",FALSE,
435,C,xrheum01,categorical,"na, see CRMCH(-5)",-5,"na, see CRMCH",TRUE,
435,C,xrheum01,categorical,"na, asked(-1)",-1,"na, asked",TRUE,
435,C,xrheum01,categorical,no never(0),0,no never,FALSE,
435,C,xrheum01,categorical,"no, BRHEUM01 yes(1)",1,"no, BRHEUM01 yes",FALSE,
435,C,xrheum01,categorical,"yes, BRHEUM01 no(2)",2,"yes, BRHEUM01 no",FALSE,
435,C,xrheum01,categorical,"yes, BRHEUM01 yes(3)",3,"yes, BRHEUM01 yes",FALSE,
435,C,xrheum02,categorical,"na, see CRMCH(-5)",-5,"na, see CRMCH",TRUE,
435,C,xrheum02,categorical,"na, asked(-1)",-1,"na, asked",TRUE,
435,C,xrheum02,categorical,no never(0),0,no never,FALSE,
435,C,xrheum02,categorical,"no, BRHEUM02 yes(1)",1,"no, BRHEUM02 yes",FALSE,
435,C,xrheum02,categorical,"yes, BRHEUM02 no(2)",2,"yes, BRHEUM02 no",FALSE,
435,C,xrheum02,categorical,"yes, BRHEUM02 yes(3)",3,"yes, BRHEUM02 yes",FALSE,
435,C,xrheum03,numeric,"na, wrong skip(-3)",-3,"na, wrong skip",TRUE,
435,C,xrheum03,numeric,"na, see CRHEUM01&02(-2)",-2,"na, see CRHEUM01&02",TRUE,
435,C,xrheum03,numeric,"na, asked(-1)",-1,"na, asked",TRUE,
435,C,xrheum04,binary,"na, wrong skip(-3)",-3,"na, wrong skip",TRUE,
435,C,xrheum04,binary,"na, see CRHEUM01&02(-2)",-2,"na, see CRHEUM01&02",TRUE,
435,C,xrheum04,binary,"na, asked(-1)",-1,"na, asked",TRUE,
435,C,xrheum04,binary,no(1),1,no,FALSE,
435,C,xrheum04,binary,yes(2),2,yes,FALSE,
435,C,xrheum05,categorical,"na, wrong skip(-3)",-3,"na, wrong skip",TRUE,
435,C,xrheum05,categorical,"na, see CRHEUM01&02(-2)",-2,"na, see CRHEUM01&02",TRUE,
435,C,xrheum05,categorical,"na, asked(-1)",-1,"na, asked",TRUE,
435,C,xrheum05,categorical,no(1),1,no,FALSE,
435,C,xrheum05,categorical,"yes, family physician(2)",2,"yes, family physician",FALSE,
435,C,xrheum05,categorical,"yes, specialist(3)",3,"yes, specialist",FALSE,
435,C,xrheum06,binary,"na, wrong skip(-3)",-3,"na, wrong skip",TRUE,
435,C,xrheum06,binary,"na, see CRHEUM01&02(-2)",-2,"na, see CRHEUM01&02",TRUE,
435,C,xrheum06,binary,"na, asked(-1)",-1,"na, asked",TRUE,
435,C,xrheum06,binary,no(1),1,no,FALSE,
435,C,xrheum06,binary,yes(2),2,yes,FALSE,
435,C,xrheum07,binary,"see crheum06 -> na, wrong skip(-3)",-3,"na, wrong skip",TRUE,
435,C,xrheum07,binary,"see crheum06 -> na, see CRHEUM01&02(-2)",-2,"na, see CRHEUM01&02",TRUE,
435,C,xrheum07,binary,"see crheum06 -> na, asked(-1)",-1,"na, asked",TRUE,
435,C,xrheum07,binary,see crheum06 -> no(1),1,no,FALSE,
435,C,xrheum07,binary,see crheum06 -> yes(2),2,yes,FALSE,
435,C,xrheum08,date,"see crheum06 -> na, wrong skip(-3)",-3,"na, wrong skip",TRUE,
435,C,xrheum08,date,"see crheum06 -> na, see CRHEUM01&02(-2)",-2,"na, see CRHEUM01&02",TRUE,
435,C,xrheum08,date,"see crheum06 -> na, asked(-1)",-1,"na, asked",TRUE,
435,C,xrheum08,date,see crheum06 -> no(1),1,no,FALSE,
435,C,xrheum08,date,see crheum06 -> yes(2),2,yes,FALSE,
435,C,xrheum09,binary,"na, wrong skip(-3)",-3,"na, wrong skip",TRUE,
435,C,xrheum09,binary,"na, see CRHEUM01&02(-2)",-2,"na, see CRHEUM01&02",TRUE,
435,C,xrheum09,binary,"na, asked(-1)",-1,"na, asked",TRUE,
435,C,xrheum09,binary,no(1),1,no,FALSE,
435,C,xrheum09,binary,yes(2),2,yes,FALSE,
435,C,xrheum10,binary,"na, wrong skip(-3)",-3,"na, wrong skip",TRUE,
435,C,xrheum10,binary,"na, see CRHEUM01(-2)",-2,"na, see CRHEUM01",TRUE,
435,C,xrheum10,binary,"na, asked(-1)",-1,"na, asked",TRUE,
435,C,xrheum10,binary,no(1),1,no,FALSE,
435,C,xrheum10,binary,yes(2),2,yes,FALSE,
435,C,xrheum11,ordinal,"na, wrong skip(-3)",-3,"na, wrong skip",TRUE,
435,C,xrheum11,ordinal,"na, see CRHEUM01&02(-2)",-2,"na, see CRHEUM01&02",TRUE,
435,C,xrheum11,ordinal,"na, asked(-1)",-1,"na, asked",TRUE,
435,C,xrheum11,ordinal,not at all(1),1,not at all,FALSE,
435,C,xrheum11,ordinal,sometimes(2),2,sometimes,FALSE,
435,C,xrheum11,ordinal,often(3),3,often,FALSE,
435,C,xrheum11,ordinal,always(4),4,always,FALSE,
435,C,xrheum12,categorical,"na, wrong skip(-3)",-3,"na, wrong skip",TRUE,
435,C,xrheum12,categorical,"na, see CRHEUM01&02(-2)",-2,"na, see CRHEUM01&02",TRUE,
435,C,xrheum12,categorical,"na, asked(-1)",-1,"na, asked",TRUE,
435,C,xrheum12,categorical,rheumatic hands(1),1,rheumatic hands,FALSE,
435,C,xrheum12,categorical,no rheumatic hands(2),2,no rheumatic hands,FALSE,
435,C,xrheum12,categorical,observation not possible(3),3,observation not possible,FALSE,
435,C,xrheum8a,binary,"na, wrong skip(-3)",-3,"na, wrong skip",TRUE,
435,C,xrheum8a,binary,"na, see CRHEUM01&02(-2)",-2,"na, see CRHEUM01&02",TRUE,
435,C,xrheum8a,binary,"na, asked(-1)",-1,"na, asked",TRUE,
435,C,xrheum8a,binary,not mentioned(1),1,not mentioned,FALSE,
435,C,xrheum8a,binary,mentioned(2),2,mentioned,FALSE,
435,C,xrheum8b,binary,"see crheum8a -> na, wrong skip(-3)",-3,"na, wrong skip",TRUE,
435,C,xrheum8b,binary,"see crheum8a -> na, see CRHEUM01&02(-2)",-2,"na, see CRHEUM01&02",TRUE,
435,C,xrheum8b,binary,"see crheum8a -> na, asked(-1)",-1,"na, asked",TRUE,
435,C,xrheum8b,binary,see crheum8a -> not mentioned(1),1,not mentioned,FALSE,
435,C,xrheum8b,binary,see crheum8a -> mentioned(2),2,mentioned,FALSE,
435,C,xrheum8c,binary,"see crheum8a -> na, wrong skip(-3)",-3,"na, wrong skip",TRUE,
435,C,xrheum8c,binary,"see crheum8a -> na, see CRHEUM01&02(-2)",-2,"na, see CRHEUM01&02",TRUE,
435,C,xrheum8c,binary,"see crheum8a -> na, asked(-1)",-1,"na, asked",TRUE,
435,C,xrheum8c,binary,see crheum8a -> not mentioned(1),1,not mentioned,FALSE,
435,C,xrheum8c,binary,see crheum8a -> mentioned(2),2,mentioned,FALSE,
435,C,xrheum8d,binary,"see crheum8a -> na, wrong skip(-3)",-3,"na, wrong skip",TRUE,
435,C,xrheum8d,binary,"see crheum8a -> na, see CRHEUM01&02(-2)",-2,"na, see CRHEUM01&02",TRUE,
435,C,xrheum8d,binary,"see crheum8a -> na, asked(-1)",-1,"na, asked",TRUE,
435,C,xrheum8d,binary,see crheum8a -> not mentioned(1),1,not mentioned,FALSE,
435,C,xrheum8d,binary,see crheum8a -> mentioned(2),2,mentioned,FALSE,
435,C,xrheum8e,binary,"see crheum8a -> na, wrong skip(-3)",-3,"na, wrong skip",TRUE,
435,C,xrheum8e,binary,"see crheum8a -> na, see CRHEUM01&02(-2)",-2,"na, see CRHEUM01&02",TRUE,
435,C,xrheum8e,binary,"see crheum8a -> na, asked(-1)",-1,"na, asked",TRUE,
435,C,xrheum8e,binary,see crheum8a -> not mentioned(1),1,not mentioned,FALSE,
435,C,xrheum8e,binary,see crheum8a -> mentioned(2),2,mentioned,FALSE,
435,C,xrheum8f,binary,"see crheum8a -> na, wrong skip(-3)",-3,"na, wrong skip",TRUE,
435,C,xrheum8f,binary,"see crheum8a -> na, see CRHEUM01&02(-2)",-2,"na, see CRHEUM01&02",TRUE,
435,C,xrheum8f,binary,"see crheum8a -> na, asked(-1)",-1,"na, asked",TRUE,
435,C,xrheum8f,binary,see crheum8a -> not mentioned(1),1,not mentioned,FALSE,
435,C,xrheum8f,binary,see crheum8a -> mentioned(2),2,mentioned,FALSE,
435,C,xrheum8g,binary,"see crheum8a -> na, wrong skip(-3)",-3,"na, wrong skip",TRUE,
435,C,xrheum8g,binary,"see crheum8a -> na, see CRHEUM01&02(-2)",-2,"na, see CRHEUM01&02",TRUE,
435,C,xrheum8g,binary,"see crheum8a -> na, asked(-1)",-1,"na, asked",TRUE,
435,C,xrheum8g,binary,see crheum8a -> not mentioned(1),1,not mentioned,FALSE,
435,C,xrheum8g,binary,see crheum8a -> mentioned(2),2,mentioned,FALSE,
435,C,xrheum8h,binary,"see crheum8a -> na, wrong skip(-3)",-3,"na, wrong skip",TRUE,
435,C,xrheum8h,binary,"see crheum8a -> na, see CRHEUM01&02(-2)",-2,"na, see CRHEUM01&02",TRUE,
435,C,xrheum8h,binary,"see crheum8a -> na, asked(-1)",-1,"na, asked",TRUE,
435,C,xrheum8h,binary,see crheum8a -> not mentioned(1),1,not mentioned,FALSE,
435,C,xrheum8h,binary,see crheum8a -> mentioned(2),2,mentioned,FALSE,
435,C,xrheum8i,binary,"see crheum8a -> na, wrong skip(-3)",-3,"na, wrong skip",TRUE,
435,C,xrheum8i,binary,"see crheum8a -> na, see CRHEUM01&02(-2)",-2,"na, see CRHEUM01&02",TRUE,
435,C,xrheum8i,binary,"see crheum8a -> na, asked(-1)",-1,"na, asked",TRUE,
435,C,xrheum8i,binary,see crheum8a -> not mentioned(1),1,not mentioned,FALSE,
435,C,xrheum8i,binary,see crheum8a -> mentioned(2),2,mentioned,FALSE,
435,C,xrheum9a,binary,"na, wrong skip(-3)",-3,"na, wrong skip",TRUE,
435,C,xrheum9a,binary,"na, see CRHEUM09(-2)",-2,"na, see CRHEUM09",TRUE,
435,C,xrheum9a,binary,"na, asked(-1)",-1,"na, asked",TRUE,
435,C,xrheum9a,binary,not mentioned(1),1,not mentioned,FALSE,
435,C,xrheum9a,binary,mentioned(2),2,mentioned,FALSE,
435,C,xrheum9b,binary,"see crheum9a -> na, wrong skip(-3)",-3,"na, wrong skip",TRUE,
435,C,xrheum9b,binary,"see crheum9a -> na, see CRHEUM09(-2)",-2,"na, see CRHEUM09",TRUE,
435,C,xrheum9b,binary,"see crheum9a -> na, asked(-1)",-1,"na, asked",TRUE,
435,C,xrheum9b,binary,see crheum9a -> not mentioned(1),1,not mentioned,FALSE,
435,C,xrheum9b,binary,see crheum9a -> mentioned(2),2,mentioned,FALSE,
435,C,xrheum9c,binary,"see crheum9a -> na, wrong skip(-3)",-3,"na, wrong skip",TRUE,
435,C,xrheum9c,binary,"see crheum9a -> na, see CRHEUM09(-2)",-2,"na, see CRHEUM09",TRUE,
435,C,xrheum9c,binary,"see crheum9a -> na, asked(-1)",-1,"na, asked",TRUE,
435,C,xrheum9c,binary,see crheum9a -> not mentioned(1),1,not mentioned,FALSE,
435,C,xrheum9c,binary,see crheum9a -> mentioned(2),2,mentioned,FALSE,
435,C,xrheum9d,binary,"see crheum9a -> na, wrong skip(-3)",-3,"na, wrong skip",TRUE,
435,C,xrheum9d,binary,"see crheum9a -> na, see CRHEUM09(-2)",-2,"na, see CRHEUM09",TRUE,
435,C,xrheum9d,binary,"see crheum9a -> na, asked(-1)",-1,"na, asked",TRUE,
435,C,xrheum9d,binary,see crheum9a -> not mentioned(1),1,not mentioned,FALSE,
435,C,xrheum9d,binary,see crheum9a -> mentioned(2),2,mentioned,FALSE,
435,C,xrheum9e,binary,"see crheum9a -> na, wrong skip(-3)",-3,"na, wrong skip",TRUE,
435,C,xrheum9e,binary,"see crheum9a -> na, see CRHEUM09(-2)",-2,"na, see CRHEUM09",TRUE,
435,C,xrheum9e,binary,"see crheum9a -> na, asked(-1)",-1,"na, asked",TRUE,
435,C,xrheum9e,binary,see crheum9a -> not mentioned(1),1,not mentioned,FALSE,
435,C,xrheum9e,binary,see crheum9a -> mentioned(2),2,mentioned,FALSE,
435,C,xrheum9f,binary,"see crheum9a -> na, wrong skip(-3)",-3,"na, wrong skip",TRUE,
435,C,xrheum9f,binary,"see crheum9a -> na, see CRHEUM09(-2)",-2,"na, see CRHEUM09",TRUE,
435,C,xrheum9f,binary,"see crheum9a -> na, asked(-1)",-1,"na, asked",TRUE,
435,C,xrheum9f,binary,see crheum9a -> not mentioned(1),1,not mentioned,FALSE,
435,C,xrheum9f,binary,see crheum9a -> mentioned(2),2,mentioned,FALSE,
435,C,xrheum9g,binary,"see crheum9a -> na, wrong skip(-3)",-3,"na, wrong skip",TRUE,
435,C,xrheum9g,binary,"see crheum9a -> na, see CRHEUM09(-2)",-2,"na, see CRHEUM09",TRUE,
435,C,xrheum9g,binary,"see crheum9a -> na, asked(-1)",-1,"na, asked",TRUE,
435,C,xrheum9g,binary,see crheum9a -> not mentioned(1),1,not mentioned,FALSE,
435,C,xrheum9g,binary,see crheum9a -> mentioned(2),2,mentioned,FALSE,
435,C,xrheum9h,binary,"see crheum9a -> na, wrong skip(-3)",-3,"na, wrong skip",TRUE,
435,C,xrheum9h,binary,"see crheum9a -> na, see CRHEUM09(-2)",-2,"na, see CRHEUM09",TRUE,
435,C,xrheum9h,binary,"see crheum9a -> na, asked(-1)",-1,"na, asked",TRUE,
435,C,xrheum9h,binary,see crheum9a -> not mentioned(1),1,not mentioned,FALSE,
435,C,xrheum9h,binary,see crheum9a -> mentioned(2),2,mentioned,FALSE,
435,C,xrheum9i,binary,"see crheum9a -> na, wrong skip(-3)",-3,"na, wrong skip",TRUE,
435,C,xrheum9i,binary,"see crheum9a -> na, see CRHEUM09(-2)",-2,"na, see CRHEUM09",TRUE,
435,C,xrheum9i,binary,"see crheum9a -> na, asked(-1)",-1,"na, asked",TRUE,
435,C,xrheum9i,binary,see crheum9a -> not mentioned(1),1,not mentioned,FALSE,
435,C,xrheum9i,binary,see crheum9a -> mentioned(2),2,mentioned,FALSE,
435,C,xrmch,categorical,valid data(-2),-2,valid data,TRUE,
435,C,xrmch,categorical,interview terminated(2),2,interview terminated,FALSE,
435,C,xrmch,categorical,refused test(4),4,refused test,FALSE,
435,Z,xartve8a,binary,-3,-3,"na, wrong skip",TRUE,
435,Z,xartve8a,binary,-2,-2,"na, see XARTVEI8",TRUE,
435,Z,xartve8a,binary,-1,-1,"na, asked",TRUE,
435,Z,xartve8a,binary,0,0,not mentioned,FALSE,
435,Z,xartve8a,binary,1,1,mentioned,FALSE,
435,Z,xartve8b,binary,-3,-3,"na, wrong skip",TRUE,
435,Z,xartve8b,binary,-2,-2,"na, see XARTVEI8",TRUE,
435,Z,xartve8b,binary,-1,-1,"na, asked",TRUE,
435,Z,xartve8b,binary,0,0,not mentioned,FALSE,
435,Z,xartve8b,binary,1,1,mentioned,FALSE,
435,Z,xartve8c,binary,-3,-3,"na, wrong skip",TRUE,
435,Z,xartve8c,binary,-2,-2,"na, see XARTVEI8",TRUE,
435,Z,xartve8c,binary,-1,-1,"na, asked",TRUE,
435,Z,xartve8c,binary,0,0,not mentioned,FALSE,
435,Z,xartve8c,binary,1,1,mentioned,FALSE,
435,Z,xartve8d,binary,-3,-3,"na, wrong skip",TRUE,
435,Z,xartve8d,binary,-2,-2,"na, see XARTVEI8",TRUE,
435,Z,xartve8d,binary,-1,-1,"na, asked",TRUE,
435,Z,xartve8d,binary,0,0,not mentioned,FALSE,
435,Z,xartve8d,binary,1,1,mentioned,FALSE,
435,Z,xartve8e,binary,-3,-3,"na, wrong skip",TRUE,
435,Z,xartve8e,binary,-2,-2,"na, see XARTVEI8",TRUE,
435,Z,xartve8e,binary,-1,-1,"na, asked",TRUE,
435,Z,xartve8e,binary,0,0,not mentioned,FALSE,
435,Z,xartve8e,binary,1,1,mentioned,FALSE,
435,Z,xartvei1,categorical,-5,-5,Arteries: disease or abnormalities status,TRUE,"Cross-wave coding conflict: -5 differs for B (na, interview terminated), C (na, see XRMCH)"
435,Z,xartvei1,categorical,-1,-1,"na, asked",TRUE,
435,Z,xartvei1,categorical,0,0,no,FALSE,"Cross-wave coding conflict: 0 differs for B (no), C (no, never)"
435,Z,xartvei1,categorical,1,1,Arteries: disease or abnormalities status,FALSE,"Cross-wave coding conflict: 1 differs for B (yes), C (no, BARTVEI1 yes)"
435,Z,xartvei1,categorical,2,2,"yes, BARTVEI1 no",FALSE,
435,Z,xartvei1,categorical,3,3,"yes, BARTVEI1 yes",FALSE,
435,Z,xartvei2,numeric,-3,-3,"na, wrong skip",TRUE,
435,Z,xartvei2,numeric,-2,-2,"na, see XARTVEI1",TRUE,
435,Z,xartvei2,numeric,-1,-1,"na, asked",TRUE,
435,Z,xartvei3,binary,-3,-3,"na, wrong skip",TRUE,
435,Z,xartvei3,binary,-2,-2,"na, see XARTVE1",TRUE,
435,Z,xartvei3,binary,-1,-1,"na, asked",TRUE,
435,Z,xartvei3,binary,0,0,no,FALSE,
435,Z,xartvei3,binary,1,1,Arteries: taking medication status,FALSE,"Cross-wave coding conflict: 1 differs for B (yes), C (no)"
435,Z,xartvei3,binary,2,2,yes,FALSE,
435,Z,xartvei4,categorical,-3,-3,"na, wrong skip",TRUE,
435,Z,xartvei4,categorical,-2,-2,"na, see XARTVEI1",TRUE,
435,Z,xartvei4,categorical,-1,-1,"na, asked",TRUE,
435,Z,xartvei4,categorical,0,0,no,FALSE,
435,Z,xartvei4,categorical,1,1,Arteries: treatment doctor status,FALSE,"Cross-wave coding conflict: 1 differs for B (yes, family physician), C (no)"
435,Z,xartvei4,categorical,2,2,yes,FALSE,"Cross-wave coding conflict: 2 differs for B (yes, specialist), C (yes, family physician)"
435,Z,xartvei4,categorical,3,3,"yes, specialist",FALSE,
435,Z,xartvei5,binary,-4,-4,"na, short version",TRUE,
435,Z,xartvei5,binary,-3,-3,"na, wrong skip",TRUE,
435,Z,xartvei5,binary,-2,-2,"na, see XARTVEI1",TRUE,
435,Z,xartvei5,binary,-1,-1,"na, asked",TRUE,
435,Z,xartvei5,binary,0,0,no,FALSE,
435,Z,xartvei5,binary,1,1,Arteries: pain when walking status,FALSE,"Cross-wave coding conflict: 1 differs for B (yes), C (no)"
435,Z,xartvei5,binary,2,2,yes,FALSE,
435,Z,xartvei6,numeric,-3,-3,"na, wrong skip",TRUE,
435,Z,xartvei6,numeric,-2,-2,"na, see XARTVEI5",TRUE,
435,Z,xartvei6,numeric,-1,-1,"na, asked",TRUE,
435,Z,xartvei7,binary,-3,-3,"na, wrong skip",TRUE,
435,Z,xartvei7,binary,-2,-2,"na, see XARTVEI5",TRUE,
435,Z,xartvei7,binary,-1,-1,"na, asked",TRUE,
435,Z,xartvei7,binary,0,0,no,FALSE,
435,Z,xartvei7,binary,1,1,Arteries: pain disappears standing still status,FALSE,"Cross-wave coding conflict: 1 differs for B (yes), C (see cartvei6, no)"
435,Z,xartvei7,binary,2,2,yes,FALSE,
435,Z,xartvei8,binary,-4,-4,"na, short version",TRUE,
435,Z,xartvei8,binary,-3,-3,"na, wrong skip",TRUE,
435,Z,xartvei8,binary,-2,-2,"na, see XARTVEI1",TRUE,
435,Z,xartvei8,binary,-1,-1,"na, asked",TRUE,
435,Z,xartvei8,binary,0,0,no,FALSE,
435,Z,xartvei8,binary,1,1,Arteries: surgery since last interview status,FALSE,"Cross-wave coding conflict: 1 differs for B (yes), C (no)"
435,Z,xartvei8,binary,2,2,yes,FALSE,
435,Z,xartvei9,ordinal,-3,-3,"na, wrong skip",TRUE,
435,Z,xartvei9,ordinal,-2,-2,Arteries: outdoors less often status,TRUE,"Cross-wave coding conflict: -2 differs for B (ries na, see BARTVEI1), C (na, see XARTVEI1)"
435,Z,xartvei9,ordinal,-1,-1,"na, asked",TRUE,
435,Z,xartvei9,ordinal,1,1,not at all,FALSE,
435,Z,xartvei9,ordinal,2,2,sometimes,FALSE,
435,Z,xartvei9,ordinal,3,3,often,FALSE,
435,Z,xartvei9,ordinal,4,4,always,FALSE,
435,Z,xcance5a,binary,-6,-6,"na, see XCANCER5",TRUE,
435,Z,xcance5a,binary,-4,-4,"na, short version",TRUE,
435,Z,xcance5a,binary,-3,-3,"na, wrong skip",TRUE,
435,Z,xcance5a,binary,-2,-2,"na, see XCANCER1",TRUE,
435,Z,xcance5a,binary,-1,-1,"na, asked",TRUE,
435,Z,xcance5a,binary,0,0,not mentioned,FALSE,
435,Z,xcance5a,binary,1,1,"Cancer: tumor, lungs status",FALSE,"Cross-wave coding conflict: 1 differs for B (mentioned), C (not mentioned)"
435,Z,xcance5a,binary,2,2,mentioned,FALSE,
435,Z,xcance5b,binary,-6,-6,"na, see XCANCER5",TRUE,
435,Z,xcance5b,binary,-4,-4,"na, short version",TRUE,
435,Z,xcance5b,binary,-3,-3,"na, wrong skip",TRUE,
435,Z,xcance5b,binary,-2,-2,"na, see XCANCER1",TRUE,
435,Z,xcance5b,binary,-1,-1,"na, asked",TRUE,
435,Z,xcance5b,binary,0,0,not mentioned,FALSE,
435,Z,xcance5b,binary,1,1,"Cancer: tumor, breast status",FALSE,"Cross-wave coding conflict: 1 differs for B (mentioned), C (not mentioned)"
435,Z,xcance5b,binary,2,2,mentioned,FALSE,
435,Z,xcance5c,binary,-7,-7,"not asked, male",TRUE,
435,Z,xcance5c,binary,-6,-6,"na, see XCANCER5",TRUE,
435,Z,xcance5c,binary,-4,-4,"na, short version",TRUE,
435,Z,xcance5c,binary,-3,-3,"na, wrong skip",TRUE,
435,Z,xcance5c,binary,-2,-2,"na, see XCANCER1",TRUE,
435,Z,xcance5c,binary,-1,-1,"na, asked",TRUE,
435,Z,xcance5c,binary,0,0,not mentioned,FALSE,
435,Z,xcance5c,binary,1,1,"Cancer: tumor, uterus status",FALSE,"Cross-wave coding conflict: 1 differs for B (mentioned), C (not mentioned)"
435,Z,xcance5c,binary,2,2,mentioned,FALSE,
435,Z,xcance5d,binary,-7,-7,"not asked, male",TRUE,
435,Z,xcance5d,binary,-6,-6,"na, see XCANCER5",TRUE,
435,Z,xcance5d,binary,-4,-4,"na, short version",TRUE,
435,Z,xcance5d,binary,-3,-3,"na, wrong skip",TRUE,
435,Z,xcance5d,binary,-2,-2,"na, see XCANCER1",TRUE,
435,Z,xcance5d,binary,-1,-1,"na, asked",TRUE,
435,Z,xcance5d,binary,0,0,not mentioned,FALSE,
435,Z,xcance5d,binary,1,1,"Cancer: tumor, cervix status",FALSE,"Cross-wave coding conflict: 1 differs for B (mentioned), C (not mentioned)"
435,Z,xcance5d,binary,2,2,mentioned,FALSE,
435,Z,xcance5e,binary,-6,-6,"na, see XCANCER5",TRUE,
435,Z,xcance5e,binary,-4,-4,"na, short version",TRUE,
435,Z,xcance5e,binary,-3,-3,"na, wrong skip",TRUE,
435,Z,xcance5e,binary,-2,-2,"na, see XCANCER1",TRUE,
435,Z,xcance5e,binary,-1,-1,"na, asked",TRUE,
435,Z,xcance5e,binary,0,0,not mentioned,FALSE,
435,Z,xcance5e,binary,1,1,"Cancer: tumor, intestines status",FALSE,"Cross-wave coding conflict: 1 differs for B (mentioned), C (not mentioned)"
435,Z,xcance5e,binary,2,2,mentioned,FALSE,
435,Z,xcance5f,binary,-7,-7,"not asked, female",TRUE,
435,Z,xcance5f,binary,-6,-6,"na, see XCANCER5",TRUE,
435,Z,xcance5f,binary,-4,-4,"na, short version",TRUE,
435,Z,xcance5f,binary,-3,-3,"na, wrong skip",TRUE,
435,Z,xcance5f,binary,-2,-2,"na, see XCANCER1",TRUE,
435,Z,xcance5f,binary,-1,-1,"na, asked",TRUE,
435,Z,xcance5f,binary,0,0,not mentioned,FALSE,
435,Z,xcance5f,binary,1,1,"Cancer: tumor, prostate status",FALSE,"Cross-wave coding conflict: 1 differs for B (mentioned), C (not mentioned)"
435,Z,xcance5f,binary,2,2,mentioned,FALSE,
435,Z,xcance5g,binary,-6,-6,"na, see XCANCER5",TRUE,
435,Z,xcance5g,binary,-4,-4,"na, short version",TRUE,
435,Z,xcance5g,binary,-3,-3,"na, wrong skip",TRUE,
435,Z,xcance5g,binary,-2,-2,"na, see XCANCER1",TRUE,
435,Z,xcance5g,binary,-1,-1,"na, asked",TRUE,
435,Z,xcance5g,binary,0,0,not mentioned,FALSE,
435,Z,xcance5g,binary,1,1,"Cancer: tumor, larynx status",FALSE,"Cross-wave coding conflict: 1 differs for B (mentioned), C (not mentioned)"
435,Z,xcance5g,binary,2,2,mentioned,FALSE,
435,Z,xcance5h,binary,-6,-6,"na, see XCANCER5",TRUE,
435,Z,xcance5h,binary,-4,-4,"na, short version",TRUE,
435,Z,xcance5h,binary,-3,-3,"na, wrong skip",TRUE,
435,Z,xcance5h,binary,-2,-2,"na, see XCANCER1",TRUE,
435,Z,xcance5h,binary,-1,-1,"na, asked",TRUE,
435,Z,xcance5h,binary,0,0,not mentioned,FALSE,
435,Z,xcance5h,binary,1,1,"Cancer: tumor, esophagus status",FALSE,"Cross-wave coding conflict: 1 differs for B (mentioned), C (not mentioned)"
435,Z,xcance5h,binary,2,2,mentioned,FALSE,
435,Z,xcance5i,binary,-6,-6,"na, see XCANCER5",TRUE,
435,Z,xcance5i,binary,-4,-4,"na, short version",TRUE,
435,Z,xcance5i,binary,-3,-3,"na, wrong skip",TRUE,
435,Z,xcance5i,binary,-2,-2,"na, see XCANCER1",TRUE,
435,Z,xcance5i,binary,-1,-1,"na, asked",TRUE,
435,Z,xcance5i,binary,0,0,not mentioned,FALSE,
435,Z,xcance5i,binary,1,1,"Cancer: tumor, stomach status",FALSE,"Cross-wave coding conflict: 1 differs for B (mentioned), C (not mentioned)"
435,Z,xcance5i,binary,2,2,mentioned,FALSE,
435,Z,xcance5j,binary,-6,-6,"na, see XCANCER5",TRUE,
435,Z,xcance5j,binary,-4,-4,"na, short version",TRUE,
435,Z,xcance5j,binary,-3,-3,"na, wrong skip",TRUE,
435,Z,xcance5j,binary,-2,-2,"na, see XCANCER1",TRUE,
435,Z,xcance5j,binary,-1,-1,"na, asked",TRUE,
435,Z,xcance5j,binary,0,0,not mentioned,FALSE,
435,Z,xcance5j,binary,1,1,"Cancer: tumor, blood status",FALSE,"Cross-wave coding conflict: 1 differs for B (mentioned), C (not mentioned)"
435,Z,xcance5j,binary,2,2,mentioned,FALSE,
435,Z,xcance5k,binary,-6,-6,"na, see XCANCER5",TRUE,
435,Z,xcance5k,binary,-4,-4,"na, short version",TRUE,
435,Z,xcance5k,binary,-3,-3,"na, wrong skip",TRUE,
435,Z,xcance5k,binary,-2,-2,"na, see XCANCER1",TRUE,
435,Z,xcance5k,binary,-1,-1,"na, asked",TRUE,
435,Z,xcance5k,binary,0,0,not mentioned,FALSE,
435,Z,xcance5k,binary,1,1,"Cancer: tumor, skin status",FALSE,"Cross-wave coding conflict: 1 differs for B (mentioned), C (not mentioned)"
435,Z,xcance5k,binary,2,2,mentioned,FALSE,
435,Z,xcance5l,binary,-6,-6,"na, see XCANCER5",TRUE,
435,Z,xcance5l,binary,-4,-4,"na, short version",TRUE,
435,Z,xcance5l,binary,-3,-3,"na, wrong skip",TRUE,
435,Z,xcance5l,binary,-2,-2,"na, see XCANCER1",TRUE,
435,Z,xcance5l,binary,-1,-1,"na, asked",TRUE,
435,Z,xcance5l,binary,0,0,not mentioned,FALSE,
435,Z,xcance5l,binary,1,1,"Cancer: tumor, other status",FALSE,"Cross-wave coding conflict: 1 differs for B (mentioned), C (not mentioned)"
435,Z,xcance5l,binary,2,2,mentioned,FALSE,
435,Z,xcance5m,numeric,-3,-3,"na, wrong skip",TRUE,
435,Z,xcance5m,numeric,-2,-2,"na, see XCANCE5L",TRUE,
435,Z,xcance5m,numeric,-1,-1,"na, asked",TRUE,
435,Z,xcance5m,numeric,0,0,to be coded,FALSE,
435,Z,xcance6a,binary,-3,-3,"na, wrong skip",TRUE,
435,Z,xcance6a,binary,-2,-2,"na, see XCANCER6",TRUE,
435,Z,xcance6a,binary,-1,-1,"na, asked",TRUE,
435,Z,xcance6a,binary,0,0,not mentioned,FALSE,
435,Z,xcance6a,binary,1,1,"Cancer: metastases, bone/skeleton status",FALSE,"Cross-wave coding conflict: 1 differs for B (mentioned), C (not mentioned)"
435,Z,xcance6a,binary,2,2,mentioned,FALSE,
435,Z,xcance6b,binary,-3,-3,"na, wrong skip",TRUE,
435,Z,xcance6b,binary,-2,-2,"na, see XCANCER6",TRUE,
435,Z,xcance6b,binary,-1,-1,"na, asked",TRUE,
435,Z,xcance6b,binary,0,0,not mentioned,FALSE,
435,Z,xcance6b,binary,1,1,"Cancer: metastases, liver status",FALSE,"Cross-wave coding conflict: 1 differs for B (mentioned), C (not mentioned)"
435,Z,xcance6b,binary,2,2,mentioned,FALSE,
435,Z,xcance6c,binary,-3,-3,"na, wrong skip",TRUE,
435,Z,xcance6c,binary,-2,-2,"na, see XCANCER6",TRUE,
435,Z,xcance6c,binary,-1,-1,"na, asked",TRUE,
435,Z,xcance6c,binary,0,0,not mentioned,FALSE,
435,Z,xcance6c,binary,1,1,"Cancer: metastases, brain status",FALSE,"Cross-wave coding conflict: 1 differs for B (mentioned), C (not mentioned)"
435,Z,xcance6c,binary,2,2,mentioned,FALSE,
435,Z,xcance6d,binary,-3,-3,"na, wrong skip",TRUE,
435,Z,xcance6d,binary,-2,-2,"na, see XCANCER6",TRUE,
435,Z,xcance6d,binary,-1,-1,"na, asked",TRUE,
435,Z,xcance6d,binary,0,0,not mentioned,FALSE,
435,Z,xcance6d,binary,1,1,"Cancer: metastases, lungs status",FALSE,"Cross-wave coding conflict: 1 differs for B (mentioned), C (not mentioned)"
435,Z,xcance6d,binary,2,2,mentioned,FALSE,
435,Z,xcance6e,binary,-3,-3,"na, wrong skip",TRUE,
435,Z,xcance6e,binary,-2,-2,"na, see XCANCER6",TRUE,
435,Z,xcance6e,binary,-1,-1,"na, asked",TRUE,
435,Z,xcance6e,binary,0,0,not mentioned,FALSE,
435,Z,xcance6e,binary,1,1,"Cancer: metastases, lymph nodes status",FALSE,"Cross-wave coding conflict: 1 differs for B (mentioned), C (not mentioned)"
435,Z,xcance6e,binary,2,2,mentioned,FALSE,
435,Z,xcance6f,binary,-3,-3,"na, wrong skip",TRUE,
435,Z,xcance6f,binary,-2,-2,"na, see XCANCER6",TRUE,
435,Z,xcance6f,binary,-1,-1,"na, asked",TRUE,
435,Z,xcance6f,binary,1,1,not mentioned,FALSE,
435,Z,xcance6f,binary,2,2,mentioned,FALSE,
435,Z,xcance6g,numeric,-3,-3,"na, wrong skip",TRUE,
435,Z,xcance6g,numeric,-2,-2,"na, see XCANCE6F",TRUE,
435,Z,xcance6g,numeric,-1,-1,"na, asked",TRUE,
435,Z,xcance6g,numeric,0,0,to be coded,FALSE,
435,Z,xcance7a,binary,-4,-4,"na, short version",TRUE,
435,Z,xcance7a,binary,-3,-3,"na, wrong skip",TRUE,
435,Z,xcance7a,binary,-2,-2,"na, see XCANCER1",TRUE,
435,Z,xcance7a,binary,-1,-1,"na, asked",TRUE,
435,Z,xcance7a,binary,0,0,not mentioned,FALSE,
435,Z,xcance7a,binary,1,1,"Cancer: surgery, since last interview status",FALSE,"Cross-wave coding conflict: 1 differs for B (mentioned), C (not mentioned)"
435,Z,xcance7a,binary,2,2,mentioned,FALSE,
435,Z,xcance7b,binary,-4,-4,"na, short version",TRUE,
435,Z,xcance7b,binary,-3,-3,"na, wrong skip",TRUE,
435,Z,xcance7b,binary,-2,-2,"Cancer: chemotherapy, since last interview status",TRUE,"Cross-wave coding conflict: -2 differs for B (na, see XCANCER1), C (na, see XCANCER6)"
435,Z,xcance7b,binary,-1,-1,"na, asked",TRUE,
435,Z,xcance7b,binary,0,0,not mentioned,FALSE,
435,Z,xcance7b,binary,1,1,"Cancer: chemotherapy, since last interview status",FALSE,"Cross-wave coding conflict: 1 differs for B (mentioned), C (not mentioned)"
435,Z,xcance7b,binary,2,2,mentioned,FALSE,
435,Z,xcance7c,binary,-4,-4,"na, short version",TRUE,
435,Z,xcance7c,binary,-3,-3,"na, wrong skip",TRUE,
435,Z,xcance7c,binary,-2,-2,"Cancer: radiotherapy, since last interview status",TRUE,"Cross-wave coding conflict: -2 differs for B (na, see XCANCER1), C (na, see XCANCER6)"
435,Z,xcance7c,binary,-1,-1,"na, asked",TRUE,
435,Z,xcance7c,binary,0,0,not mentioned,FALSE,
435,Z,xcance7c,binary,1,1,"Cancer: radiotherapy, since last interview status",FALSE,"Cross-wave coding conflict: 1 differs for B (mentioned), C (not mentioned)"
435,Z,xcance7c,binary,2,2,mentioned,FALSE,
435,Z,xcance7d,binary,-4,-4,"na, short version",TRUE,
435,Z,xcance7d,binary,-3,-3,"na, wrong skip",TRUE,
435,Z,xcance7d,binary,-2,-2,"Cancer: alternative treatment, since last interview status",TRUE,"Cross-wave coding conflict: -2 differs for B (na, see XCANCER1), C (na, see XCANCER6)"
435,Z,xcance7d,binary,-1,-1,"na, asked",TRUE,
435,Z,xcance7d,binary,0,0,not mentioned,FALSE,
435,Z,xcance7d,binary,1,1,"Cancer: alternative treatment, since last interview status",FALSE,"Cross-wave coding conflict: 1 differs for B (mentioned), C (not mentioned)"
435,Z,xcance7d,binary,2,2,mentioned,FALSE,
435,Z,xcancer1,categorical,-5,-5,Cancer status,TRUE,"Cross-wave coding conflict: -5 differs for B (na, interview terminated), C (na, see XRMCH)"
435,Z,xcancer1,categorical,-1,-1,"na, asked",TRUE,
435,Z,xcancer1,categorical,0,0,Cancer status,FALSE,"Cross-wave coding conflict: 0 differs for B (no), C (no never)"
435,Z,xcancer1,categorical,1,1,Cancer status,FALSE,"Cross-wave coding conflict: 1 differs for B (yes), C (no, BCANCER1 yes)"
435,Z,xcancer1,categorical,2,2,"yes, BCANCER1 no",FALSE,
435,Z,xcancer1,categorical,3,3,"yes, BCANCER1 yes",FALSE,
435,Z,xcancer2,numeric,-3,-3,"na, wrong skip",TRUE,
435,Z,xcancer2,numeric,-2,-2,"na, see XCANCER1",TRUE,
435,Z,xcancer2,numeric,-1,-1,"na, asked",TRUE,
435,Z,xcancer3,binary,-3,-3,"na, wrong skip",TRUE,
435,Z,xcancer3,binary,-2,-2,"na, see XCANCER1",TRUE,
435,Z,xcancer3,binary,-1,-1,"na, asked",TRUE,
435,Z,xcancer3,binary,0,0,no,FALSE,
435,Z,xcancer3,binary,1,1,Cancer: taking medication status,FALSE,"Cross-wave coding conflict: 1 differs for B (yes), C (no)"
435,Z,xcancer3,binary,2,2,yes,FALSE,
435,Z,xcancer4,categorical,-3,-3,"na, wrong skip",TRUE,
435,Z,xcancer4,categorical,-2,-2,"na, see XCANCER1",TRUE,
435,Z,xcancer4,categorical,-1,-1,"na, asked",TRUE,
435,Z,xcancer4,categorical,0,0,no,FALSE,
435,Z,xcancer4,categorical,1,1,Cancer: treatment doctor status,FALSE,"Cross-wave coding conflict: 1 differs for B (yes, family physician), C (no)"
435,Z,xcancer4,categorical,2,2,yes,FALSE,"Cross-wave coding conflict: 2 differs for B (yes, specialist), C (yes, family physician)"
435,Z,xcancer4,categorical,3,3,"yes, specialist",FALSE,
435,Z,xcancer5,binary,-3,-3,"na, wrong skip",TRUE,
435,Z,xcancer5,binary,-2,-2,"na, see XCANCER1",TRUE,
435,Z,xcancer5,binary,-1,-1,"na, asked",TRUE,
435,Z,xcancer5,binary,1,1,no,FALSE,
435,Z,xcancer5,binary,2,2,yes,FALSE,
435,Z,xcancer6,binary,-4,-4,"na, short version",TRUE,
435,Z,xcancer6,binary,-3,-3,"na, wrong skip",TRUE,
435,Z,xcancer6,binary,-2,-2,"na, see XCANCER1",TRUE,
435,Z,xcancer6,binary,-1,-1,"na, asked",TRUE,
435,Z,xcancer6,binary,0,0,not mentioned,FALSE,
435,Z,xcancer6,binary,1,1,Cancer: metastases since last interview status,FALSE,"Cross-wave coding conflict: 1 differs for B (mentioned), C (no)"
435,Z,xcancer6,binary,2,2,yes,FALSE,
435,Z,xcancer8,ordinal,-3,-3,"na, wrong skip",TRUE,
435,Z,xcancer8,ordinal,-2,-2,"na, see XCANCER1",TRUE,
435,Z,xcancer8,ordinal,-1,-1,"na, asked",TRUE,
435,Z,xcancer8,ordinal,1,1,not at all,FALSE,
435,Z,xcancer8,ordinal,2,2,sometimes,FALSE,
435,Z,xcancer8,ordinal,3,3,often,FALSE,
435,Z,xcancer8,ordinal,4,4,always,FALSE,
435,Z,xcara01,categorical,-5,-5,"CNSLD: asthma, chr bronch, emphysema status",TRUE,"Cross-wave coding conflict: -5 differs for B (na, interview terminated), C (na, see XRMCH)"
435,Z,xcara01,categorical,-1,-1,"na, asked",TRUE,
435,Z,xcara01,categorical,0,0,no,FALSE,"Cross-wave coding conflict: 0 differs for B (no), C (no, never)"
435,Z,xcara01,categorical,1,1,"CNSLD: asthma, chr bronch, emphysema status",FALSE,"Cross-wave coding conflict: 1 differs for B (yes), C (no, BCARA01 yes)"
435,Z,xcara01,categorical,2,2,"yes, BCARA01 no",FALSE,
435,Z,xcara01,categorical,3,3,"yes, BCARA01 yes",FALSE,
435,Z,xcara02,numeric,-3,-3,"na, wrong skip",TRUE,
435,Z,xcara02,numeric,-2,-2,"na, see XCARA01",TRUE,
435,Z,xcara02,numeric,-1,-1,"na, asked",TRUE,
435,Z,xcara03,binary,-3,-3,"na, wrong skip",TRUE,
435,Z,xcara03,binary,-2,-2,"na, see XCARA01",TRUE,
435,Z,xcara03,binary,-1,-1,"na, asked",TRUE,
435,Z,xcara03,binary,0,0,no,FALSE,
435,Z,xcara03,binary,1,1,CNSLD: taking medication status,FALSE,"Cross-wave coding conflict: 1 differs for B (yes), C (no)"
435,Z,xcara03,binary,2,2,yes,FALSE,
435,Z,xcara04,categorical,-3,-3,"na, wrong skip",TRUE,
435,Z,xcara04,categorical,-2,-2,"na, see XCARA01",TRUE,
435,Z,xcara04,categorical,-1,-1,"na, asked",TRUE,
435,Z,xcara04,categorical,0,0,no,FALSE,
435,Z,xcara04,categorical,1,1,CNSLD: treatment doctor status,FALSE,"Cross-wave coding conflict: 1 differs for B (yes, family physician), C (no)"
435,Z,xcara04,categorical,2,2,yes,FALSE,"Cross-wave coding conflict: 2 differs for B (yes, specialist), C (yes, family physician)"
435,Z,xcara04,categorical,3,3,"yes, specialist",FALSE,
435,Z,xcara05,binary,-4,-4,"na, short version",TRUE,
435,Z,xcara05,binary,-3,-3,"na, wrong skip",TRUE,
435,Z,xcara05,binary,-2,-2,"na, see XCARA01",TRUE,
435,Z,xcara05,binary,-1,-1,"na, asked",TRUE,
435,Z,xcara05,binary,0,0,no,FALSE,
435,Z,xcara05,binary,1,1,CNSLD: cough almost daily status,FALSE,"Cross-wave coding conflict: 1 differs for B (yes), C (no)"
435,Z,xcara05,binary,2,2,yes,FALSE,
435,Z,xcara06,binary,-4,-4,"na, short version",TRUE,
435,Z,xcara06,binary,-3,-3,"na, wrong skip",TRUE,
435,Z,xcara06,binary,-2,-2,"na, see XCARA01",TRUE,
435,Z,xcara06,binary,-1,-1,"na, asked",TRUE,
435,Z,xcara06,binary,0,0,no,FALSE,
435,Z,xcara06,binary,1,1,CNSLD: phlegm almost daily status,FALSE,"Cross-wave coding conflict: 1 differs for B (yes), C (no)"
435,Z,xcara06,binary,2,2,yes,FALSE,
435,Z,xcara07,numeric,-4,-4,"na, short version",TRUE,
435,Z,xcara07,numeric,-3,-3,"na, wrong skip",TRUE,
435,Z,xcara07,numeric,-2,-2,"na, see XCARA01",TRUE,
435,Z,xcara07,numeric,-1,-1,"na, asked",TRUE,
435,Z,xcara07,numeric,0,0,no,FALSE,
435,Z,xcara07,numeric,1,1,CNSLD: period increased phlegm past year status,FALSE,"Cross-wave coding conflict: 1 differs for B (yes), C (no)"
435,Z,xcara07,numeric,2,2,yes,FALSE,
435,Z,xcara08,numeric,-4,-4,"na, short version",TRUE,
435,Z,xcara08,numeric,-3,-3,"na, wrong skip",TRUE,
435,Z,xcara08,numeric,-2,-2,"na, see XCARA01",TRUE,
435,Z,xcara08,numeric,-1,-1,"na, asked",TRUE,
435,Z,xcara08,numeric,0,0,no,FALSE,
435,Z,xcara08,numeric,1,1,CNSLD: shortness of breath sometimes status,FALSE,"Cross-wave coding conflict: 1 differs for B (yes, with heavy exertion), C (no)"
435,Z,xcara08,numeric,2,2,yes,FALSE,"Cross-wave coding conflict: 2 differs for B (yes, with light exertion), C (yes, with heavy exertion)"
435,Z,xcara08,numeric,3,3,yes,FALSE,"Cross-wave coding conflict: 3 differs for B (yes, at rest), C (yes, with light exertion)"
435,Z,xcara08,numeric,4,4,"yes, at rest",FALSE,
435,Z,xcara09,binary,-4,-4,"na, short version",TRUE,
435,Z,xcara09,binary,-3,-3,"na, wrong skip",TRUE,
435,Z,xcara09,binary,-2,-2,"na, see XCARA01",TRUE,
435,Z,xcara09,binary,-1,-1,"na, asked",TRUE,
435,Z,xcara09,binary,0,0,no,FALSE,
435,Z,xcara09,binary,1,1,CNSLD: wheezing breath ever status,FALSE,"Cross-wave coding conflict: 1 differs for B (yes), C (no)"
435,Z,xcara09,binary,2,2,yes,FALSE,
435,Z,xcara10,binary,-4,-4,"na, short version",TRUE,
435,Z,xcara10,binary,-3,-3,"na, wrong skip",TRUE,
435,Z,xcara10,binary,-2,-2,"na, see XCARA01",TRUE,
435,Z,xcara10,binary,-1,-1,"na, asked",TRUE,
435,Z,xcara10,binary,0,0,no,FALSE,
435,Z,xcara10,binary,1,1,CNSLD: wheezing breath during rest status,FALSE,"Cross-wave coding conflict: 1 differs for B (yes), C (no)"
435,Z,xcara10,binary,2,2,yes,FALSE,
435,Z,xcara11,ordinal,-4,-4,"na, short version",TRUE,
435,Z,xcara11,ordinal,-3,-3,"na, wrong skip",TRUE,
435,Z,xcara11,ordinal,-2,-2,"na, see XCARA01",TRUE,
435,Z,xcara11,ordinal,-1,-1,"na, asked",TRUE,
435,Z,xcara11,ordinal,1,1,not at all,FALSE,
435,Z,xcara11,ordinal,2,2,sometimes,FALSE,
435,Z,xcara11,ordinal,3,3,often,FALSE,
435,Z,xcara11,ordinal,4,4,always,FALSE,
435,Z,xcara12,ordinal,-3,-3,"na, wrong skip",TRUE,
435,Z,xcara12,ordinal,-2,-2,"na, see XCARA01",TRUE,
435,Z,xcara12,ordinal,-1,-1,"na, asked",TRUE,
435,Z,xcara12,ordinal,1,1,not at all,FALSE,
435,Z,xcara12,ordinal,2,2,sometimes,FALSE,
435,Z,xcara12,ordinal,3,3,often,FALSE,
435,Z,xcara12,ordinal,4,4,always,FALSE,
435,Z,xcva01,categorical,-5,-5,CVA status,TRUE,"Cross-wave coding conflict: -5 differs for B (na, interview terminated), C (na, see XRMCH)"
435,Z,xcva01,categorical,-1,-1,"na, asked",TRUE,
435,Z,xcva01,categorical,0,0,CVA status,FALSE,"Cross-wave coding conflict: 0 differs for B (no), C (no never)"
435,Z,xcva01,categorical,1,1,CVA status,FALSE,"Cross-wave coding conflict: 1 differs for B (yes), C (no, BCVA01 yes)"
435,Z,xcva01,categorical,2,2,"yes, BCVA01 no",FALSE,
435,Z,xcva01,categorical,3,3,"yes, BCVA01 yes",FALSE,
435,Z,xcva02,numeric,-3,-3,"na, wrong skip",TRUE,
435,Z,xcva02,numeric,-2,-2,"na, see XCVA01",TRUE,
435,Z,xcva02,numeric,-1,-1,"na, asked",TRUE,
435,Z,xcva02,numeric,1,1,once,FALSE,
435,Z,xcva02,numeric,2,2,two times or more,FALSE,
435,Z,xcva02a,binary,-3,-3,"na, wrong skip",TRUE,
435,Z,xcva02a,binary,-2,-2,"na, see XCVA01",TRUE,
435,Z,xcva02a,binary,-1,-1,"na, asked",TRUE,
435,Z,xcva02a,binary,1,1,no,FALSE,
435,Z,xcva02a,binary,2,2,yes,FALSE,
435,Z,xcva02b,binary,-3,-3,"na, wrong skip",TRUE,
435,Z,xcva02b,binary,-2,-2,"na, see XCVA02A",TRUE,
435,Z,xcva02b,binary,-1,-1,"na, asked",TRUE,
435,Z,xcva02b,binary,1,1,once,FALSE,
435,Z,xcva02b,binary,2,2,two times or more,FALSE,
435,Z,xcva03,numeric,-3,-3,"na, wrong skip",TRUE,
435,Z,xcva03,numeric,-2,-2,"na, see XCVA02",TRUE,
435,Z,xcva03,numeric,-1,-1,"na, asked",TRUE,
435,Z,xcva03j,numeric,-3,-3,"na, wrong skip",TRUE,
435,Z,xcva03j,numeric,-2,-2,"na, see XCVA02B",TRUE,
435,Z,xcva03j,numeric,-1,-1,"na, asked",TRUE,
435,Z,xcva03m,date,-3,-3,"na, wrong skip",TRUE,
435,Z,xcva03m,date,-2,-2,"na, see XCVA02B",TRUE,
435,Z,xcva03m,date,-1,-1,"na, asked",TRUE,
435,Z,xcva04,numeric,-3,-3,"na, wrong skip",TRUE,
435,Z,xcva04,numeric,-2,-2,"na, see XCVA02",TRUE,
435,Z,xcva04,numeric,-1,-1,"na, asked",TRUE,
435,Z,xcva04j,numeric,-3,-3,"na, wrong skip",TRUE,
435,Z,xcva04j,numeric,-2,-2,"na, see XCVA02B",TRUE,
435,Z,xcva04j,numeric,-1,-1,"na, asked",TRUE,
435,Z,xcva04m,date,-3,-3,"na, wrong skip",TRUE,
435,Z,xcva04m,date,-2,-2,"na, see XCVA02B",TRUE,
435,Z,xcva04m,date,-1,-1,"na, asked",TRUE,
435,Z,xcva05,numeric,-3,-3,"na, wrong skip",TRUE,
435,Z,xcva05,numeric,-2,-2,"na, see XCVA02",TRUE,
435,Z,xcva05,numeric,-1,-1,"na, asked",TRUE,
435,Z,xcva05j,numeric,-3,-3,"na, wrong skip",TRUE,
435,Z,xcva05j,numeric,-2,-2,"na, see XCVA02B",TRUE,
435,Z,xcva05j,numeric,-1,-1,"na, asked",TRUE,
435,Z,xcva05m,date,-3,-3,"na, wrong skip",TRUE,
435,Z,xcva05m,date,-2,-2,"na, see XCVA02B",TRUE,
435,Z,xcva05m,date,-1,-1,"na, asked",TRUE,
435,Z,xcva06,binary,-3,-3,"na, wrong skip",TRUE,
435,Z,xcva06,binary,-2,-2,"na, see XCVA01",TRUE,
435,Z,xcva06,binary,-1,-1,"na, asked",TRUE,
435,Z,xcva06,binary,0,0,no,FALSE,
435,Z,xcva06,binary,1,1,CVA: taking medication status,FALSE,"Cross-wave coding conflict: 1 differs for B (yes), C (no)"
435,Z,xcva06,binary,2,2,yes,FALSE,
435,Z,xcva07,categorical,-3,-3,"na, wrong skip",TRUE,
435,Z,xcva07,categorical,-2,-2,"na, see XCVA01",TRUE,
435,Z,xcva07,categorical,-1,-1,"na, asked",TRUE,
435,Z,xcva07,categorical,0,0,no,FALSE,
435,Z,xcva07,categorical,1,1,CVA: treatment doctor status,FALSE,"Cross-wave coding conflict: 1 differs for B (yes, family physician), C (no)"
435,Z,xcva07,categorical,2,2,yes,FALSE,"Cross-wave coding conflict: 2 differs for B (yes, specialist), C (yes, family physician)"
435,Z,xcva07,categorical,3,3,"yes, specialist",FALSE,
435,Z,xcva08,binary,-4,-4,"na, short version",TRUE,
435,Z,xcva08,binary,-3,-3,"na, wrong skip",TRUE,
435,Z,xcva08,binary,-2,-2,"na, see XCVA01",TRUE,
435,Z,xcva08,binary,-1,-1,"na, asked",TRUE,
435,Z,xcva08,binary,0,0,no,FALSE,
435,Z,xcva08,binary,1,1,CVA: still problems with arms and legs status,FALSE,"Cross-wave coding conflict: 1 differs for B (yes), C (no)"
435,Z,xcva08,binary,2,2,yes,FALSE,
435,Z,xcva09,binary,-4,-4,"na, short version",TRUE,
435,Z,xcva09,binary,-3,-3,"na, wrong skip",TRUE,
435,Z,xcva09,binary,-2,-2,"na, see XCVA01",TRUE,
435,Z,xcva09,binary,-1,-1,"na, asked",TRUE,
435,Z,xcva09,binary,0,0,no,FALSE,
435,Z,xcva09,binary,1,1,CVA: still problems with vision status,FALSE,"Cross-wave coding conflict: 1 differs for B (yes), C (no)"
435,Z,xcva09,binary,2,2,yes,FALSE,
435,Z,xcva10,binary,-4,-4,"na, short version",TRUE,
435,Z,xcva10,binary,-3,-3,"na, wrong skip",TRUE,
435,Z,xcva10,binary,-2,-2,"na, see XCVA01",TRUE,
435,Z,xcva10,binary,-1,-1,"na, asked",TRUE,
435,Z,xcva10,binary,0,0,no,FALSE,
435,Z,xcva10,binary,1,1,CVA: still problems speech status,FALSE,"Cross-wave coding conflict: 1 differs for B (yes), C (no)"
435,Z,xcva10,binary,2,2,yes,FALSE,
435,Z,xcva11,binary,-4,-4,"na, short version",TRUE,
435,Z,xcva11,binary,-3,-3,"na, wrong skip",TRUE,
435,Z,xcva11,binary,-2,-2,"na, see XCVA01",TRUE,
435,Z,xcva11,binary,-1,-1,"na, asked",TRUE,
435,Z,xcva11,binary,0,0,no,FALSE,
435,Z,xcva11,binary,1,1,CVA: still problems understanding written text status,FALSE,"Cross-wave coding conflict: 1 differs for B (yes), C (no)"
435,Z,xcva11,binary,2,2,yes,FALSE,
435,Z,xcva12,ordinal,-3,-3,"na, wrong skip",TRUE,
435,Z,xcva12,ordinal,-2,-2,"na, see XCVA01",TRUE,
435,Z,xcva12,ordinal,-1,-1,"na, asked",TRUE,
435,Z,xcva12,ordinal,1,1,not at all,FALSE,
435,Z,xcva12,ordinal,2,2,sometimes,FALSE,
435,Z,xcva12,ordinal,3,3,often,FALSE,
435,Z,xcva12,ordinal,4,4,always,FALSE,
435,Z,xdiabe01,categorical,-5,-5,Diabetes status,TRUE,"Cross-wave coding conflict: -5 differs for B (na, interview terminated), C (na, see XRMCH)"
435,Z,xdiabe01,categorical,-1,-1,"na, asked",TRUE,
435,Z,xdiabe01,categorical,0,0,no,FALSE,"Cross-wave coding conflict: 0 differs for B (no), C (no, never)"
435,Z,xdiabe01,categorical,1,1,Diabetes status,FALSE,"Cross-wave coding conflict: 1 differs for B (yes), C (no, BDIABE01 yes)"
435,Z,xdiabe01,categorical,2,2,"yes, BDIABE01 no",FALSE,
435,Z,xdiabe01,categorical,3,3,"yes, BDIABE01 yes",FALSE,
435,Z,xdiabe02,numeric,-3,-3,"na, wrong skip",TRUE,
435,Z,xdiabe02,numeric,-2,-2,"na, see XDIABE01",TRUE,
435,Z,xdiabe02,numeric,-1,-1,"na, asked",TRUE,
435,Z,xdiabe03,categorical,-3,-3,"na, wrong skip",TRUE,
435,Z,xdiabe03,categorical,-2,-2,"na, see XDIABE01",TRUE,
435,Z,xdiabe03,categorical,-1,-1,"na, asked",TRUE,
435,Z,xdiabe03,categorical,0,0,no,FALSE,
435,Z,xdiabe03,categorical,1,1,Diabetes: taking medication status,FALSE,"Cross-wave coding conflict: 1 differs for B (yes, insulin injections), C (no)"
435,Z,xdiabe03,categorical,2,2,yes,FALSE,"Cross-wave coding conflict: 2 differs for B (yes, tablets only), C (yes, insulin injections)"
435,Z,xdiabe03,categorical,3,3,"yes, tablets only",FALSE,
435,Z,xdiabe04,categorical,-3,-3,"na, wrong skip",TRUE,
435,Z,xdiabe04,categorical,-2,-2,"na, see XDIABE01",TRUE,
435,Z,xdiabe04,categorical,-1,-1,"na, asked",TRUE,
435,Z,xdiabe04,categorical,0,0,no,FALSE,
435,Z,xdiabe04,categorical,1,1,Diabetes: treatment doctor status,FALSE,"Cross-wave coding conflict: 1 differs for B (yes, family physician), C (no)"
435,Z,xdiabe04,categorical,2,2,yes,FALSE,"Cross-wave coding conflict: 2 differs for B (yes, specialist), C (yes, family physician)"
435,Z,xdiabe04,categorical,3,3,"yes, specialist",FALSE,
435,Z,xdiabe05,binary,-4,-4,"na, short version",TRUE,
435,Z,xdiabe05,binary,-3,-3,"na, wrong skip",TRUE,
435,Z,xdiabe05,binary,-2,-2,"na, see XDIABE01",TRUE,
435,Z,xdiabe05,binary,-1,-1,"na, asked",TRUE,
435,Z,xdiabe05,binary,0,0,no,FALSE,
435,Z,xdiabe05,binary,1,1,Diabetes: treatment related eye problems status,FALSE,"Cross-wave coding conflict: 1 differs for B (yes), C (no)"
435,Z,xdiabe05,binary,2,2,yes,FALSE,
435,Z,xdiabe06,categorical,-3,-3,"na, wrong skip",TRUE,
435,Z,xdiabe06,categorical,-2,-2,"na, see XDIABE05",TRUE,
435,Z,xdiabe06,categorical,-1,-1,"na, asked",TRUE,
435,Z,xdiabe06,categorical,1,1,laser coagulation treatment,FALSE,
435,Z,xdiabe06,categorical,2,2,cataract surgery,FALSE,
435,Z,xdiabe06,categorical,3,3,both,FALSE,
435,Z,xdiabe06,categorical,4,4,other,FALSE,
435,Z,xdiabe07,binary,-6,-6,Diabetes: pain when walking status,TRUE,"Cross-wave coding conflict: -6 differs for B (already asked BARTVEI5), C (na, see XARTVEI1)"
435,Z,xdiabe07,binary,-4,-4,"na, short version",TRUE,
435,Z,xdiabe07,binary,-3,-3,"na, wrong skip",TRUE,
435,Z,xdiabe07,binary,-2,-2,"na, see XDIABE01",TRUE,
435,Z,xdiabe07,binary,-1,-1,"na, asked",TRUE,
435,Z,xdiabe07,binary,0,0,no,FALSE,
435,Z,xdiabe07,binary,1,1,Diabetes: pain when walking status,FALSE,"Cross-wave coding conflict: 1 differs for B (yes), C (no)"
435,Z,xdiabe07,binary,2,2,yes,FALSE,
435,Z,xdiabe08,numeric,-3,-3,"na, wrong skip",TRUE,
435,Z,xdiabe08,numeric,-2,-2,"na, see XDIABE07",TRUE,
435,Z,xdiabe08,numeric,-1,-1,"na, asked",TRUE,
435,Z,xdiabe09,binary,-3,-3,"na, wrong skip",TRUE,
435,Z,xdiabe09,binary,-2,-2,"na, see XDIABE07",TRUE,
435,Z,xdiabe09,binary,-1,-1,"na, asked",TRUE,
435,Z,xdiabe09,binary,0,0,no,FALSE,
435,Z,xdiabe09,binary,1,1,Diabetes: pain disappears standing still status,FALSE,"Cross-wave coding conflict: 1 differs for B (yes), C (see cdiabe08, no)"
435,Z,xdiabe09,binary,2,2,yes,FALSE,
435,Z,xdiabe10,binary,-4,-4,"na, short version",TRUE,
435,Z,xdiabe10,binary,-3,-3,"na, wrong skip",TRUE,
435,Z,xdiabe10,binary,-2,-2,"na, see XDIABE01",TRUE,
435,Z,xdiabe10,binary,-1,-1,"na, asked",TRUE,
435,Z,xdiabe10,binary,0,0,no,FALSE,
435,Z,xdiabe10,binary,1,1,Diabetes: pain in legs during rest status,FALSE,"Cross-wave coding conflict: 1 differs for B (yes), C (no)"
435,Z,xdiabe10,binary,2,2,yes,FALSE,
435,Z,xdiabe11,categorical,-6,-6,Diabetes: chest pain during exertion status,TRUE,"Cross-wave coding conflict: -6 differs for B (already asked BHART10), C (already asked CHART01)"
435,Z,xdiabe11,categorical,-4,-4,"na, short version",TRUE,
435,Z,xdiabe11,categorical,-3,-3,"na, wrong skip",TRUE,
435,Z,xdiabe11,categorical,-2,-2,"na, see XDIABE01",TRUE,
435,Z,xdiabe11,categorical,-1,-1,"na, asked",TRUE,
435,Z,xdiabe11,categorical,0,0,no,FALSE,
435,Z,xdiabe11,categorical,1,1,Diabetes: chest pain during exertion status,FALSE,"Cross-wave coding conflict: 1 differs for B (yes), C (no)"
435,Z,xdiabe11,categorical,2,2,Diabetes: chest pain during exertion status,FALSE,"Cross-wave coding conflict: 2 differs for B (no exertion: chest pain), C (yes)"
435,Z,xdiabe11,categorical,3,3,Diabetes: chest pain during exertion status,FALSE,"Cross-wave coding conflict: 3 differs for B (no exertion: pain legs), C (no exertion: chest pain)"
435,Z,xdiabe11,categorical,4,4,Diabetes: chest pain during exertion status,FALSE,"Cross-wave coding conflict: 4 differs for B (no exertion: shortness of breath), C (no exertion: pain legs)"
435,Z,xdiabe11,categorical,5,5,Diabetes: chest pain during exertion status,FALSE,"Cross-wave coding conflict: 5 differs for B (no exertion: joint complaints), C (no exertion: shortness of breath)"
435,Z,xdiabe11,categorical,6,6,Diabetes: chest pain during exertion status,FALSE,"Cross-wave coding conflict: 6 differs for B (no exertion: other reason), C (no exertion: joint complaints)"
435,Z,xdiabe11,categorical,7,7,no exertion: other reason,FALSE,
435,Z,xdiabe12,numeric,-3,-3,"na, wrong skip",TRUE,
435,Z,xdiabe12,numeric,-2,-2,"na, see XDIABE11",TRUE,
435,Z,xdiabe12,numeric,-1,-1,"na, asked",TRUE,
435,Z,xdiabe12,numeric,0,0,no,FALSE,
435,Z,xdiabe12,numeric,1,1,Diabetes: exertion pain disappears in 10 minutes status,FALSE,"Cross-wave coding conflict: 1 differs for B (yes), C (no)"
435,Z,xdiabe12,numeric,2,2,yes,FALSE,
435,Z,xdiabe13,ordinal,-3,-3,"na, wrong skip",TRUE,
435,Z,xdiabe13,ordinal,-2,-2,"na, see XDIABE01",TRUE,
435,Z,xdiabe13,ordinal,-1,-1,"na, asked",TRUE,
435,Z,xdiabe13,ordinal,1,1,not at all,FALSE,
435,Z,xdiabe13,ordinal,2,2,sometimes,FALSE,
435,Z,xdiabe13,ordinal,3,3,often,FALSE,
435,Z,xdiabe13,ordinal,4,4,always,FALSE,
435,Z,xdiabe6a,binary,-3,-3,"na, wrong skip",TRUE,
435,Z,xdiabe6a,binary,-2,-2,"na, see XDIABE05",TRUE,
435,Z,xdiabe6a,binary,-1,-1,"na, asked",TRUE,
435,Z,xdiabe6a,binary,0,0,not mentioned,FALSE,
435,Z,xdiabe6a,binary,1,1,mentioned,FALSE,
435,Z,xdiabe6b,binary,-3,-3,"na, wrong skip",TRUE,
435,Z,xdiabe6b,binary,-2,-2,"na, see XDIABE05",TRUE,
435,Z,xdiabe6b,binary,-1,-1,"na, asked",TRUE,
435,Z,xdiabe6b,binary,0,0,not mentioned,FALSE,
435,Z,xdiabe6b,binary,1,1,mentioned,FALSE,
435,Z,xdiabe6c,binary,-3,-3,"na, wrong skip",TRUE,
435,Z,xdiabe6c,binary,-2,-2,"na, see XDIABE05",TRUE,
435,Z,xdiabe6c,binary,-1,-1,"na, asked",TRUE,
435,Z,xdiabe6c,binary,0,0,not mentioned,FALSE,
435,Z,xdiabe6c,binary,1,1,mentioned,FALSE,
435,Z,xhart01,categorical,-5,-5,Heart: heart disease status,TRUE,"Cross-wave coding conflict: -5 differs for B (na, interview terminated), C (na, see XRMCH)"
435,Z,xhart01,categorical,-1,-1,"na, asked",TRUE,
435,Z,xhart01,categorical,0,0,no,FALSE,"Cross-wave coding conflict: 0 differs for B (no), C (no, never)"
435,Z,xhart01,categorical,1,1,Heart: heart disease status,FALSE,"Cross-wave coding conflict: 1 differs for B (yes), C (no, BHART01 yes)"
435,Z,xhart01,categorical,2,2,"yes, BHART01 no",FALSE,
435,Z,xhart01,categorical,3,3,"yes, BHART01 yes",FALSE,
435,Z,xhart02,numeric,-3,-3,"na, wrong skip",TRUE,
435,Z,xhart02,numeric,-2,-2,"na, see XHART01",TRUE,
435,Z,xhart02,numeric,-1,-1,"na, asked",TRUE,
435,Z,xhart03,binary,-3,-3,"na, wrong skip",TRUE,
435,Z,xhart03,binary,-2,-2,"na, see XHART01",TRUE,
435,Z,xhart03,binary,-1,-1,"na, asked",TRUE,
435,Z,xhart03,binary,0,0,no,FALSE,
435,Z,xhart03,binary,1,1,Heart: taking medication status,FALSE,"Cross-wave coding conflict: 1 differs for B (yes), C (see chart02, no)"
435,Z,xhart03,binary,2,2,yes,FALSE,
435,Z,xhart04,categorical,-3,-3,"na, wrong skip",TRUE,
435,Z,xhart04,categorical,-2,-2,"na, see XHART01",TRUE,
435,Z,xhart04,categorical,-1,-1,"na, asked",TRUE,
435,Z,xhart04,categorical,0,0,no,FALSE,
435,Z,xhart04,categorical,1,1,Heart: treatment doctor status,FALSE,"Cross-wave coding conflict: 1 differs for B (yes, family physician), C (no)"
435,Z,xhart04,categorical,2,2,yes,FALSE,"Cross-wave coding conflict: 2 differs for B (yes, specialist), C (yes, family physician)"
435,Z,xhart04,categorical,3,3,"yes, specialist",FALSE,
435,Z,xhart05,binary,-4,-4,"na, short version",TRUE,
435,Z,xhart05,binary,-3,-3,"na, wrong skip",TRUE,
435,Z,xhart05,binary,-2,-2,"na, see XHART01",TRUE,
435,Z,xhart05,binary,-1,-1,"na, asked",TRUE,
435,Z,xhart05,binary,0,0,no,FALSE,
435,Z,xhart05,binary,1,1,Heart: myocardial infarction since last interview status,FALSE,"Cross-wave coding conflict: 1 differs for B (yes), C (see chart02, no)"
435,Z,xhart05,binary,2,2,yes,FALSE,
435,Z,xhart06,numeric,-3,-3,"na, wrong skip",TRUE,
435,Z,xhart06,numeric,-2,-2,"na, see XHART05",TRUE,
435,Z,xhart06,numeric,-1,-1,"na, asked",TRUE,
435,Z,xhart06,numeric,1,1,once,FALSE,
435,Z,xhart06,numeric,2,2,two times or more,FALSE,
435,Z,xhart07,numeric,-3,-3,"na, wrong skip",TRUE,
435,Z,xhart07,numeric,-2,-2,"na, see XHART06",TRUE,
435,Z,xhart07,numeric,-1,-1,"na, asked",TRUE,
435,Z,xhart07j,numeric,-3,-3,"na, wrong skip",TRUE,
435,Z,xhart07j,numeric,-2,-2,"na, see XHART06",TRUE,
435,Z,xhart07j,numeric,-1,-1,"na, asked",TRUE,
435,Z,xhart07m,date,-3,-3,"na, wrong skip",TRUE,
435,Z,xhart07m,date,-2,-2,"na, see XHART06",TRUE,
435,Z,xhart07m,date,-1,-1,"na, asked",TRUE,
435,Z,xhart08,numeric,-3,-3,"na, wrong skip",TRUE,
435,Z,xhart08,numeric,-2,-2,"na, see XHART06",TRUE,
435,Z,xhart08,numeric,-1,-1,"na, asked",TRUE,
435,Z,xhart08j,numeric,-3,-3,"na, wrong skip",TRUE,
435,Z,xhart08j,numeric,-2,-2,"na, see XHART06",TRUE,
435,Z,xhart08j,numeric,-1,-1,"na, asked",TRUE,
435,Z,xhart08m,date,-3,-3,"na, wrong skip",TRUE,
435,Z,xhart08m,date,-2,-2,"na, see XHART06",TRUE,
435,Z,xhart08m,date,-1,-1,"na, asked",TRUE,
435,Z,xhart09,numeric,-3,-3,"na, wrong skip",TRUE,
435,Z,xhart09,numeric,-2,-2,"na, see XHART06",TRUE,
435,Z,xhart09,numeric,-1,-1,"na, asked",TRUE,
435,Z,xhart09j,numeric,-3,-3,"na, wrong skip",TRUE,
435,Z,xhart09j,numeric,-2,-2,"na, see XHART06",TRUE,
435,Z,xhart09j,numeric,-1,-1,"na, asked",TRUE,
435,Z,xhart09m,date,-3,-3,"na, wrong skip",TRUE,
435,Z,xhart09m,date,-2,-2,"na, see XHART06",TRUE,
435,Z,xhart09m,date,-1,-1,"na, asked",TRUE,
435,Z,xhart10,categorical,-4,-4,"na, short version",TRUE,
435,Z,xhart10,categorical,-3,-3,"na, wrong skip",TRUE,
435,Z,xhart10,categorical,-2,-2,"na, see XHART01",TRUE,
435,Z,xhart10,categorical,-1,-1,"na, asked",TRUE,
435,Z,xhart10,categorical,0,0,no,FALSE,
435,Z,xhart10,categorical,1,1,Heart: chest pain during exertion status,FALSE,"Cross-wave coding conflict: 1 differs for B (yes), C (no)"
435,Z,xhart10,categorical,2,2,Heart: chest pain during exertion status,FALSE,"Cross-wave coding conflict: 2 differs for B (no exertion: chest pain), C (yes)"
435,Z,xhart10,categorical,3,3,Heart: chest pain during exertion status,FALSE,"Cross-wave coding conflict: 3 differs for B (no exertion: pain legs), C (no exertion: chest pain)"
435,Z,xhart10,categorical,4,4,Heart: chest pain during exertion status,FALSE,"Cross-wave coding conflict: 4 differs for B (no exertion: shortness of breath), C (no exertion: pain legs)"
435,Z,xhart10,categorical,5,5,Heart: chest pain during exertion status,FALSE,"Cross-wave coding conflict: 5 differs for B (no exertion: joint complaints), C (no exertion: shortness of breath)"
435,Z,xhart10,categorical,6,6,Heart: chest pain during exertion status,FALSE,"Cross-wave coding conflict: 6 differs for B (no exertion: other reason), C (no exertion: joint complaints)"
435,Z,xhart10,categorical,7,7,no exertion: other reason,FALSE,
435,Z,xhart11,numeric,-3,-3,"na, wrong skip",TRUE,
435,Z,xhart11,numeric,-2,-2,"na, see XHART10",TRUE,
435,Z,xhart11,numeric,-1,-1,"na, asked",TRUE,
435,Z,xhart11,numeric,0,0,no,FALSE,
435,Z,xhart11,numeric,1,1,Heart: exertion pain disappears in 10 minutes status,FALSE,"Cross-wave coding conflict: 1 differs for B (yes), C (no)"
435,Z,xhart11,numeric,2,2,yes,FALSE,
435,Z,xhart12,binary,-4,-4,"na, short version",TRUE,
435,Z,xhart12,binary,-3,-3,"na, wrong skip",TRUE,
435,Z,xhart12,binary,-2,-2,"na, see XHART01",TRUE,
435,Z,xhart12,binary,-1,-1,"na, asked",TRUE,
435,Z,xhart12,binary,0,0,no,FALSE,
435,Z,xhart12,binary,1,1,Heart: >1 pillow for shortness of breath status,FALSE,"Cross-wave coding conflict: 1 differs for B (yes), C (no)"
435,Z,xhart12,binary,2,2,yes,FALSE,
435,Z,xhart13,binary,-3,-3,"na, wrong skip",TRUE,
435,Z,xhart13,binary,-2,-2,"Heart: edema morning; legs, feet, ankles status",TRUE,"Cross-wave coding conflict: -2 differs for B (na, see XHART06), C (na, see XHART01)"
435,Z,xhart13,binary,-1,-1,"na, asked",TRUE,
435,Z,xhart13,binary,1,1,no,FALSE,
435,Z,xhart13,binary,2,2,yes,FALSE,
435,Z,xhart14,binary,-3,-3,"na, wrong skip",TRUE,
435,Z,xhart14,binary,-2,-2,"Heart: edema evening; legs, feet, ankles status",TRUE,"Cross-wave coding conflict: -2 differs for B (na, see XHART06), C (na, see XHART01)"
435,Z,xhart14,binary,-1,-1,"na, asked",TRUE,
435,Z,xhart14,binary,1,1,no,FALSE,
435,Z,xhart14,binary,2,2,yes,FALSE,
435,Z,xhart15,binary,-3,-3,"na, wrong skip",TRUE,
435,Z,xhart15,binary,-2,-2,Heart: cardiac surgery since last interview status,TRUE,"Cross-wave coding conflict: -2 differs for B (na, see XHART06), C (na, see XHART01)"
435,Z,xhart15,binary,-1,-1,"na, asked",TRUE,
435,Z,xhart15,binary,1,1,no,FALSE,
435,Z,xhart15,binary,2,2,yes,FALSE,
435,Z,xhart15a,binary,-3,-3,"na, wrong skip",TRUE,
435,Z,xhart15a,binary,-2,-2,"na, see XHART15",TRUE,
435,Z,xhart15a,binary,-1,-1,"na, asked",TRUE,
435,Z,xhart15a,binary,0,0,not mentioned,FALSE,
435,Z,xhart15a,binary,1,1,mentioned,FALSE,
435,Z,xhart15b,binary,-3,-3,"na, wrong skip",TRUE,
435,Z,xhart15b,binary,-2,-2,"na, see XHART15",TRUE,
435,Z,xhart15b,binary,-1,-1,"na, asked",TRUE,
435,Z,xhart15b,binary,0,0,not mentioned,FALSE,
435,Z,xhart15b,binary,1,1,mentioned,FALSE,
435,Z,xhart15c,binary,-3,-3,"na, wrong skip",TRUE,
435,Z,xhart15c,binary,-2,-2,"na, see XHART15",TRUE,
435,Z,xhart15c,binary,-1,-1,"na, asked",TRUE,
435,Z,xhart15c,binary,0,0,not mentioned,FALSE,
435,Z,xhart15c,binary,1,1,mentioned,FALSE,
435,Z,xhart15d,binary,-3,-3,"na, wrong skip",TRUE,
435,Z,xhart15d,binary,-2,-2,"na, see XHART15",TRUE,
435,Z,xhart15d,binary,-1,-1,"na, asked",TRUE,
435,Z,xhart15d,binary,0,0,not mentioned,FALSE,
435,Z,xhart15d,binary,1,1,mentioned,FALSE,
435,Z,xhart15e,binary,-3,-3,"na, wrong skip",TRUE,
435,Z,xhart15e,binary,-2,-2,"na, see XHART15",TRUE,
435,Z,xhart15e,binary,-1,-1,"na, asked",TRUE,
435,Z,xhart15e,binary,0,0,not mentioned,FALSE,
435,Z,xhart15e,binary,1,1,mentioned,FALSE,
435,Z,xhart16,ordinal,-3,-3,"na, wrong skip",TRUE,
435,Z,xhart16,ordinal,-2,-2,"na, see XHART01",TRUE,
435,Z,xhart16,ordinal,-1,-1,"na, asked",TRUE,
435,Z,xhart16,ordinal,1,1,not at all,FALSE,
435,Z,xhart16,ordinal,2,2,sometimes,FALSE,
435,Z,xhart16,ordinal,3,3,often,FALSE,
435,Z,xhart16,ordinal,4,4,always,FALSE,
435,Z,xhbd1,binary,-5,-5,"na, see XRMCH",TRUE,
435,Z,xhbd1,binary,-1,-1,"na, asked",TRUE,
435,Z,xhbd1,binary,1,1,no,FALSE,
435,Z,xhbd1,binary,2,2,yes,FALSE,
435,Z,xhbd2,numeric,-3,-3,"na, wrong skip",TRUE,
435,Z,xhbd2,numeric,-2,-2,"na, see XHBD1",TRUE,
435,Z,xhbd2,numeric,-1,-1,"na, asked",TRUE,
435,Z,xhbd2a,binary,-3,-3,"na, wrong skip",TRUE,
435,Z,xhbd2a,binary,-2,-2,"na, see XHBD1",TRUE,
435,Z,xhbd2a,binary,-1,-1,"na, asked",TRUE,
435,Z,xhbd2a,binary,1,1,no,FALSE,
435,Z,xhbd2a,binary,2,2,yes,FALSE,
435,Z,xhbd3,categorical,-3,-3,"na, wrong skip",TRUE,
435,Z,xhbd3,categorical,-2,-2,"na, see XHBD1",TRUE,
435,Z,xhbd3,categorical,-1,-1,"na, asked",TRUE,
435,Z,xhbd3,categorical,1,1,no,FALSE,
435,Z,xhbd3,categorical,2,2,"yes, family physician",FALSE,
435,Z,xhbd3,categorical,3,3,"yes, specialist",FALSE,
435,Z,xincon1,categorical,-5,-5,Incontinence status,TRUE,"Cross-wave coding conflict: -5 differs for B (na, interview terminated), C (na, see XRMCH)"
435,Z,xincon1,categorical,-1,-1,"na, asked",TRUE,
435,Z,xincon1,categorical,0,0,Incontinence status,FALSE,"Cross-wave coding conflict: 0 differs for B (no), C (no never)"
435,Z,xincon1,categorical,1,1,Incontinence status,FALSE,"Cross-wave coding conflict: 1 differs for B (yes), C (no, BINCON1 yes)"
435,Z,xincon1,categorical,2,2,"yes, BINCON1 no",FALSE,
435,Z,xincon1,categorical,3,3,"yes, BINCON1 yes",FALSE,
435,Z,xincon2,numeric,-3,-3,"na, wrong skip",TRUE,
435,Z,xincon2,numeric,-2,-2,"na, see XINCON1",TRUE,
435,Z,xincon2,numeric,-1,-1,"na, asked",TRUE,
435,Z,xincon3,binary,-3,-3,"na, wrong skip",TRUE,
435,Z,xincon3,binary,-2,-2,"na, see XINCON1",TRUE,
435,Z,xincon3,binary,-1,-1,"na, asked",TRUE,
435,Z,xincon3,binary,0,0,no,FALSE,
435,Z,xincon3,binary,1,1,Incontinence: taking medication status,FALSE,"Cross-wave coding conflict: 1 differs for B (yes), C (no)"
435,Z,xincon3,binary,2,2,yes,FALSE,
435,Z,xincon4,categorical,-3,-3,"na, wrong skip",TRUE,
435,Z,xincon4,categorical,-2,-2,"na, see XINCON1",TRUE,
435,Z,xincon4,categorical,-1,-1,"na, asked",TRUE,
435,Z,xincon4,categorical,0,0,no,FALSE,
435,Z,xincon4,categorical,1,1,Incontinence: treatment doctor status,FALSE,"Cross-wave coding conflict: 1 differs for B (yes, family physician), C (no)"
435,Z,xincon4,categorical,2,2,yes,FALSE,"Cross-wave coding conflict: 2 differs for B (yes, specialist), C (yes, family physician)"
435,Z,xincon4,categorical,3,3,"yes, specialist",FALSE,
435,Z,xincon5,categorical,-4,-4,"na, short version",TRUE,
435,Z,xincon5,categorical,-3,-3,"na, wrong skip",TRUE,
435,Z,xincon5,categorical,-2,-2,"na, see XINCON1",TRUE,
435,Z,xincon5,categorical,-1,-1,"na, asked",TRUE,
435,Z,xincon5,categorical,1,1,2 times a month or less,FALSE,
435,Z,xincon5,categorical,2,2,3-4 times a month,FALSE,
435,Z,xincon5,categorical,3,3,a few times a week,FALSE,
435,Z,xincon5,categorical,4,4,daily,FALSE,
435,Z,xincon6,categorical,-4,-4,"na, short version",TRUE,
435,Z,xincon6,categorical,-3,-3,"na, wrong skip",TRUE,
435,Z,xincon6,categorical,-2,-2,"na, see XINCON1",TRUE,
435,Z,xincon6,categorical,-1,-1,"na, asked",TRUE,
435,Z,xincon6,categorical,0,0,no,FALSE,
435,Z,xincon6,categorical,1,1,Incontinence: use special material status,FALSE,"Cross-wave coding conflict: 1 differs for B (only by certain occasion), C (no)"
435,Z,xincon6,categorical,2,2,Incontinence: use special material status,FALSE,"Cross-wave coding conflict: 2 differs for B (yes, most of the time), C (only on certain occasion)"
435,Z,xincon6,categorical,3,3,"yes, most of the time",FALSE,
435,Z,xincon7,binary,-4,-4,"na, short version",TRUE,
435,Z,xincon7,binary,-3,-3,"na, wrong skip",TRUE,
435,Z,xincon7,binary,-2,-2,"na, see XINCON1",TRUE,
435,Z,xincon7,binary,-1,-1,"na, asked",TRUE,
435,Z,xincon7,binary,0,0,no,FALSE,
435,Z,xincon7,binary,1,1,Incontinence: surgery since last interview status,FALSE,"Cross-wave coding conflict: 1 differs for B (yes), C (no)"
435,Z,xincon7,binary,2,2,yes,FALSE,
435,Z,xincon8,ordinal,-3,-3,"na, wrong skip",TRUE,
435,Z,xincon8,ordinal,-2,-2,"na, see XINCON1",TRUE,
435,Z,xincon8,ordinal,-1,-1,"na, asked",TRUE,
435,Z,xincon8,ordinal,1,1,not at all,FALSE,
435,Z,xincon8,ordinal,2,2,sometimes,FALSE,
435,Z,xincon8,ordinal,3,3,often,FALSE,
435,Z,xincon8,ordinal,4,4,always,FALSE,
435,Z,xothsi01,binary,-5,-5,Other1: other chronic diseases status,TRUE,"Cross-wave coding conflict: -5 differs for B (na, interview terminated), C (na, see XRMCH)"
435,Z,xothsi01,binary,-1,-1,"na, asked",TRUE,
435,Z,xothsi01,binary,0,0,no,FALSE,
435,Z,xothsi01,binary,1,1,Other1: other chronic diseases status,FALSE,"Cross-wave coding conflict: 1 differs for B (yes), C (no)"
435,Z,xothsi01,binary,2,2,yes,FALSE,
435,Z,xothsi02,categorical,-3,-3,"na, wrong skip",TRUE,
435,Z,xothsi02,categorical,-2,-2,Other1: disease status,TRUE,"Cross-wave coding conflict: -2 differs for B (na, see XOTHSI01), C (na, see XOTH1)"
435,Z,xothsi02,categorical,-1,-1,"na, asked",TRUE,
435,Z,xothsi02,categorical,1,1,hypertension,FALSE,
435,Z,xothsi02,categorical,2,2,ulcer stomach or duodenum,FALSE,
435,Z,xothsi02,categorical,3,3,serious intestinal disease,FALSE,
435,Z,xothsi02,categorical,4,4,gall-stones/gall-bladder,FALSE,
435,Z,xothsi02,categorical,5,5,liver disease or cirrhosis,FALSE,
435,Z,xothsi02,categorical,6,6,inguinal hernia,FALSE,
435,Z,xothsi02,categorical,7,7,kidney stone,FALSE,
435,Z,xothsi02,categorical,8,8,kidney disease-serious,FALSE,
435,Z,xothsi02,categorical,9,9,chronic cystitis,FALSE,
435,Z,xothsi02,categorical,10,10,prostate complaints (males),FALSE,
435,Z,xothsi02,categorical,11,11,prolapse (females),FALSE,
435,Z,xothsi02,categorical,12,12,thyroid disease,FALSE,
435,Z,xothsi02,categorical,13,13,"back problems, hernia",FALSE,
435,Z,xothsi02,categorical,14,14,epilepsy,FALSE,
435,Z,xothsi02,categorical,15,15,dizziness with falling,FALSE,
435,Z,xothsi02,categorical,16,16,migraine,FALSE,
435,Z,xothsi02,categorical,17,17,serious skin disease,FALSE,
435,Z,xothsi02,categorical,18,18,decubitus-ulcer,FALSE,
435,Z,xothsi02,categorical,19,19,allergy/hay-fever,FALSE,
435,Z,xothsi02,categorical,20,20,serious consequences accident,FALSE,
435,Z,xothsi02,categorical,21,21,other serious consequences/burns,FALSE,
435,Z,xothsi02,categorical,22,22,consequences surgery/operations,FALSE,
435,Z,xothsi02,categorical,23,23,disease of nervous system,FALSE,
435,Z,xothsi02,categorical,24,24,"mental problems, incl. depression",FALSE,
435,Z,xothsi02,categorical,25,25,eye diseases,FALSE,
435,Z,xothsi02,categorical,26,26,ear diseases/hearing problems,FALSE,
435,Z,xothsi02,categorical,27,27,venous insufficiency/varicose veins,FALSE,
435,Z,xothsi02,categorical,28,28,anaemia,FALSE,
435,Z,xothsi02,categorical,29,29,chronic headaches (no migraine),FALSE,
435,Z,xothsi02,categorical,30,30,chronic neck-problems,FALSE,
435,Z,xothsi02,categorical,31,31,dizziness without falling,FALSE,
435,Z,xothsi02,categorical,32,32,congenital disorders,FALSE,
435,Z,xothsi02,categorical,33,33,hypercholesterolaemia,FALSE,
435,Z,xothsi02,categorical,34,34,gout,FALSE,
435,Z,xothsi02,categorical,35,35,menopausal complaints (females),FALSE,
435,Z,xothsi02,categorical,36,36,osteoporosis,FALSE,
435,Z,xothsi02,categorical,37,37,other pulmonary disease (no CNSLD),FALSE,
435,Z,xothsi02,categorical,38,38,systemic diseases,FALSE,
435,Z,xothsi02,categorical,39,39,other hormonal diseases (no diabetes/thyroid),FALSE,
435,Z,xothsi02,categorical,40,40,other urological disease (no incontinence),FALSE,
435,Z,xothsi02,categorical,41,41,other locomotor disease,FALSE,
435,Z,xothsi02,categorical,42,42,other vascular disease,FALSE,
435,Z,xothsi02,categorical,43,43,other neurological disease,FALSE,
435,Z,xothsi02,categorical,44,44,TIA,FALSE,
435,Z,xothsi02,categorical,45,45,other haematological disease,FALSE,
435,Z,xothsi02,categorical,46,46,pancreatitis-chronic,FALSE,
435,Z,xothsi02,categorical,47,47,no label,FALSE,
435,Z,xothsi02,categorical,48,48,addiction,FALSE,
435,Z,xothsi02,categorical,49,49,other chronic disease,FALSE,
435,Z,xothsi02,categorical,50,50,other non-chronic disease,FALSE,
435,Z,xothsi04,numeric,-3,-3,"na, wrong skip",TRUE,
435,Z,xothsi04,numeric,-2,-2,Other1: from which age status,TRUE,"Cross-wave coding conflict: -2 differs for B (na, see XOTHSI01), C (na, see XOTH1)"
435,Z,xothsi04,numeric,-1,-1,"na, asked",TRUE,
435,Z,xothsi05,binary,-3,-3,"na, wrong skip",TRUE,
435,Z,xothsi05,binary,-2,-2,Other1: taking medication status,TRUE,"Cross-wave coding conflict: -2 differs for B (na, see XOTHSI01), C (na, see XOTH1)"
435,Z,xothsi05,binary,-1,-1,"na, asked",TRUE,
435,Z,xothsi05,binary,0,0,no,FALSE,
435,Z,xothsi05,binary,1,1,Other1: taking medication status,FALSE,"Cross-wave coding conflict: 1 differs for B (yes), C (no)"
435,Z,xothsi05,binary,2,2,yes,FALSE,
435,Z,xothsi06,categorical,-3,-3,"na, wrong skip",TRUE,
435,Z,xothsi06,categorical,-2,-2,Other1: treatment doctor status,TRUE,"Cross-wave coding conflict: -2 differs for B (na, see XOTHSI01), C (na, see XOTH1)"
435,Z,xothsi06,categorical,-1,-1,"na, asked",TRUE,
435,Z,xothsi06,categorical,0,0,no,FALSE,
435,Z,xothsi06,categorical,1,1,Other1: treatment doctor status,FALSE,"Cross-wave coding conflict: 1 differs for B (yes, family physician), C (no)"
435,Z,xothsi06,categorical,2,2,yes,FALSE,"Cross-wave coding conflict: 2 differs for B (yes, specialist), C (yes, family physician)"
435,Z,xothsi06,categorical,3,3,"yes, specialist",FALSE,
435,Z,xothsi07,binary,-4,-4,"na, short version",TRUE,
435,Z,xothsi07,binary,-3,-3,"na, wrong skip",TRUE,
435,Z,xothsi07,binary,-2,-2,Other2: other chronic diseases status,TRUE,"Cross-wave coding conflict: -2 differs for B (na, see XOTHSI01), C (na, see XOTH1)"
435,Z,xothsi07,binary,-1,-1,"na, asked",TRUE,
435,Z,xothsi07,binary,0,0,no,FALSE,
435,Z,xothsi07,binary,1,1,Other2: other chronic diseases status,FALSE,"Cross-wave coding conflict: 1 differs for B (yes), C (no)"
435,Z,xothsi07,binary,2,2,yes,FALSE,
435,Z,xothsi08,categorical,-3,-3,"na, wrong skip",TRUE,
435,Z,xothsi08,categorical,-2,-2,Other2: disease status,TRUE,"Cross-wave coding conflict: -2 differs for B (na, see XOTHSI07), C (na, see XOTH71)"
435,Z,xothsi08,categorical,-1,-1,"na, asked",TRUE,
435,Z,xothsi08,categorical,1,1,hypertension,FALSE,
435,Z,xothsi08,categorical,2,2,ulcer stomach or duodenum,FALSE,
435,Z,xothsi08,categorical,3,3,serious intestinal disease,FALSE,
435,Z,xothsi08,categorical,4,4,gall-stones/gall-bladder,FALSE,
435,Z,xothsi08,categorical,5,5,liver disease or cirrhosis,FALSE,
435,Z,xothsi08,categorical,6,6,inguinal hernia,FALSE,
435,Z,xothsi08,categorical,7,7,kidney stone,FALSE,
435,Z,xothsi08,categorical,8,8,kidney disease-serious,FALSE,
435,Z,xothsi08,categorical,9,9,chronic cystitis,FALSE,
435,Z,xothsi08,categorical,10,10,prostate complaints (males),FALSE,
435,Z,xothsi08,categorical,11,11,prolapse (females),FALSE,
435,Z,xothsi08,categorical,12,12,thyroid disease,FALSE,
435,Z,xothsi08,categorical,13,13,"back problems, hernia",FALSE,
435,Z,xothsi08,categorical,14,14,epilepsy,FALSE,
435,Z,xothsi08,categorical,15,15,dizziness with falling,FALSE,
435,Z,xothsi08,categorical,16,16,migraine,FALSE,
435,Z,xothsi08,categorical,17,17,serious skin disease,FALSE,
435,Z,xothsi08,categorical,18,18,decubitus-ulcer,FALSE,
435,Z,xothsi08,categorical,19,19,allergy/hay-fever,FALSE,
435,Z,xothsi08,categorical,20,20,serious consequences accident,FALSE,
435,Z,xothsi08,categorical,21,21,other serious consequences/burns,FALSE,
435,Z,xothsi08,categorical,22,22,consequences surgery/operations,FALSE,
435,Z,xothsi08,categorical,23,23,disease of nervous system,FALSE,
435,Z,xothsi08,categorical,24,24,"mental problems, incl. depression",FALSE,
435,Z,xothsi08,categorical,25,25,eye diseases,FALSE,
435,Z,xothsi08,categorical,26,26,ear diseases/hearing problems,FALSE,
435,Z,xothsi08,categorical,27,27,venous insufficiency/varicose veins,FALSE,
435,Z,xothsi08,categorical,28,28,anaemia,FALSE,
435,Z,xothsi08,categorical,29,29,chronic headaches (no migraine),FALSE,
435,Z,xothsi08,categorical,30,30,chronic neck-problems,FALSE,
435,Z,xothsi08,categorical,31,31,dizziness without falling,FALSE,
435,Z,xothsi08,categorical,32,32,congenital disorders,FALSE,
435,Z,xothsi08,categorical,33,33,hypercholesterolaemia,FALSE,
435,Z,xothsi08,categorical,34,34,gout,FALSE,
435,Z,xothsi08,categorical,35,35,menopausal complaints (females),FALSE,
435,Z,xothsi08,categorical,36,36,osteoporosis,FALSE,
435,Z,xothsi08,categorical,37,37,other pulmonary disease (no CNSLD),FALSE,
435,Z,xothsi08,categorical,38,38,systemic diseases,FALSE,
435,Z,xothsi08,categorical,39,39,other hormonal diseases (no diabetes/thyroid),FALSE,
435,Z,xothsi08,categorical,40,40,other urological disease (no incontinence),FALSE,
435,Z,xothsi08,categorical,41,41,other locomotor disease,FALSE,
435,Z,xothsi08,categorical,42,42,other vascular disease,FALSE,
435,Z,xothsi08,categorical,43,43,other neurological disease,FALSE,
435,Z,xothsi08,categorical,44,44,TIA,FALSE,
435,Z,xothsi08,categorical,45,45,other haematological disease,FALSE,
435,Z,xothsi08,categorical,46,46,pancreatitis-chronic,FALSE,
435,Z,xothsi08,categorical,47,47,no label,FALSE,
435,Z,xothsi08,categorical,48,48,addiction,FALSE,
435,Z,xothsi08,categorical,49,49,other chronic disease,FALSE,
435,Z,xothsi08,categorical,50,50,other non-chronic disease,FALSE,
435,Z,xothsi10,numeric,-3,-3,"na, wrong skip",TRUE,
435,Z,xothsi10,numeric,-2,-2,Other2: from which age status,TRUE,"Cross-wave coding conflict: -2 differs for B (na, see XOTHSI07), C (na, see XOTH71)"
435,Z,xothsi10,numeric,-1,-1,"na, asked",TRUE,
435,Z,xothsi11,binary,-3,-3,"na, wrong skip",TRUE,
435,Z,xothsi11,binary,-2,-2,Other2: taking medication status,TRUE,"Cross-wave coding conflict: -2 differs for B (na, see XOTHSI07), C (na, see XOTH71)"
435,Z,xothsi11,binary,-1,-1,"na, asked",TRUE,
435,Z,xothsi11,binary,0,0,no,FALSE,
435,Z,xothsi11,binary,1,1,Other2: taking medication status,FALSE,"Cross-wave coding conflict: 1 differs for B (yes), C (no)"
435,Z,xothsi11,binary,2,2,yes,FALSE,
435,Z,xothsi12,categorical,-3,-3,"na, wrong skip",TRUE,
435,Z,xothsi12,categorical,-2,-2,Other2: treatment doctor status,TRUE,"Cross-wave coding conflict: -2 differs for B (na, see XOTHSI07), C (na, see XOTH71)"
435,Z,xothsi12,categorical,-1,-1,"na, asked",TRUE,
435,Z,xothsi12,categorical,0,0,no,FALSE,
435,Z,xothsi12,categorical,1,1,Other2: treatment doctor status,FALSE,"Cross-wave coding conflict: 1 differs for B (yes, family physician), C (no)"
435,Z,xothsi12,categorical,2,2,yes,FALSE,"Cross-wave coding conflict: 2 differs for B (yes, specialist), C (yes, family physician)"
435,Z,xothsi12,categorical,3,3,"yes, specialist",FALSE,
435,Z,xrheum01,categorical,-5,-5,Osteoarthritis/rheumatoid arthritis: osteoarthritis status,TRUE,"Cross-wave coding conflict: -5 differs for B (na, interview terminated), C (na, see XRMCH)"
435,Z,xrheum01,categorical,-1,-1,"na, asked",TRUE,
435,Z,xrheum01,categorical,0,0,Osteoarthritis/rheumatoid arthritis: osteoarthritis status,FALSE,"Cross-wave coding conflict: 0 differs for B (no), C (no never)"
435,Z,xrheum01,categorical,1,1,Osteoarthritis/rheumatoid arthritis: osteoarthritis status,FALSE,"Cross-wave coding conflict: 1 differs for B (yes), C (no, BRHEUM01 yes)"
435,Z,xrheum01,categorical,2,2,"yes, BRHEUM01 no",FALSE,
435,Z,xrheum01,categorical,3,3,"yes, BRHEUM01 yes",FALSE,
435,Z,xrheum02,categorical,-5,-5,status category,TRUE,"Cross-wave coding conflict: -5 differs for B (na, interview terminated), C (na, see XRMCH)"
435,Z,xrheum02,categorical,-1,-1,"na, asked",TRUE,
435,Z,xrheum02,categorical,0,0,status category,FALSE,"Cross-wave coding conflict: 0 differs for B (no), C (no never)"
435,Z,xrheum02,categorical,1,1,status category,FALSE,"Cross-wave coding conflict: 1 differs for B (yes), C (no, BRHEUM02 yes)"
435,Z,xrheum02,categorical,2,2,"yes, BRHEUM02 no",FALSE,
435,Z,xrheum02,categorical,3,3,"yes, BRHEUM02 yes",FALSE,
435,Z,xrheum03,numeric,-3,-3,"na, wrong skip",TRUE,
435,Z,xrheum03,numeric,-2,-2,"na, see XRHEUM01&02",TRUE,
435,Z,xrheum03,numeric,-1,-1,"na, asked",TRUE,
435,Z,xrheum04,binary,-3,-3,"na, wrong skip",TRUE,
435,Z,xrheum04,binary,-2,-2,"na, see XRHEUM01&02",TRUE,
435,Z,xrheum04,binary,-1,-1,"na, asked",TRUE,
435,Z,xrheum04,binary,0,0,no,FALSE,
435,Z,xrheum04,binary,1,1,Osteoarthritis/rheumatoid arthritis: taking medication status,FALSE,"Cross-wave coding conflict: 1 differs for B (yes), C (no)"
435,Z,xrheum04,binary,2,2,yes,FALSE,
435,Z,xrheum05,categorical,-3,-3,"na, wrong skip",TRUE,
435,Z,xrheum05,categorical,-2,-2,"na, see XRHEUM01&02",TRUE,
435,Z,xrheum05,categorical,-1,-1,"na, asked",TRUE,
435,Z,xrheum05,categorical,0,0,no,FALSE,
435,Z,xrheum05,categorical,1,1,Osteoarthritis/rheumatoid arthritis: treatment doctor status,FALSE,"Cross-wave coding conflict: 1 differs for B (yes, family physician), C (no)"
435,Z,xrheum05,categorical,2,2,yes,FALSE,"Cross-wave coding conflict: 2 differs for B (yes, specialist), C (yes, family physician)"
435,Z,xrheum05,categorical,3,3,"yes, specialist",FALSE,
435,Z,xrheum06,date,-4,-4,"na, short version",TRUE,
435,Z,xrheum06,date,-3,-3,"na, wrong skip",TRUE,
435,Z,xrheum06,date,-2,-2,"na, see XRHEUM01&02",TRUE,
435,Z,xrheum06,date,-1,-1,"na, asked",TRUE,
435,Z,xrheum06,date,0,0,no,FALSE,
435,Z,xrheum06,date,1,1,status category,FALSE,"Cross-wave coding conflict: 1 differs for B (yes), C (no)"
435,Z,xrheum06,date,2,2,yes,FALSE,
435,Z,xrheum07,date,-4,-4,"na, short version",TRUE,
435,Z,xrheum07,date,-3,-3,"na, wrong skip",TRUE,
435,Z,xrheum07,date,-2,-2,"na, see XRHEUM01&02",TRUE,
435,Z,xrheum07,date,-1,-1,"na, asked",TRUE,
435,Z,xrheum07,date,0,0,no,FALSE,
435,Z,xrheum07,date,1,1,status category,FALSE,"Cross-wave coding conflict: 1 differs for B (yes), C (no)"
435,Z,xrheum07,date,2,2,yes,FALSE,
435,Z,xrheum08,date,-4,-4,"na, short version",TRUE,
435,Z,xrheum08,date,-3,-3,"na, wrong skip",TRUE,
435,Z,xrheum08,date,-2,-2,"na, see XRHEUM01&02",TRUE,
435,Z,xrheum08,date,-1,-1,"na, asked",TRUE,
435,Z,xrheum08,date,0,0,no,FALSE,
435,Z,xrheum08,date,1,1,status category,FALSE,"Cross-wave coding conflict: 1 differs for B (yes), C (no)"
435,Z,xrheum08,date,2,2,yes,FALSE,
435,Z,xrheum09,binary,-4,-4,"na, short version",TRUE,
435,Z,xrheum09,binary,-3,-3,"na, wrong skip",TRUE,
435,Z,xrheum09,binary,-2,-2,"na, see XRHEUM01&02",TRUE,
435,Z,xrheum09,binary,-1,-1,"na, asked",TRUE,
435,Z,xrheum09,binary,0,0,no,FALSE,
435,Z,xrheum09,binary,1,1,status category,FALSE,"Cross-wave coding conflict: 1 differs for B (yes), C (no)"
435,Z,xrheum09,binary,2,2,yes,FALSE,
435,Z,xrheum10,binary,-3,-3,"na, wrong skip",TRUE,
435,Z,xrheum10,binary,-2,-2,Osteoarthritis/rheumatoid arthritis: joint prostheses status,TRUE,"Cross-wave coding conflict: -2 differs for B (na, see XRHEUM09), C (na, see XRHEUM01)"
435,Z,xrheum10,binary,-1,-1,"na, asked",TRUE,
435,Z,xrheum10,binary,0,0,not mentioned,FALSE,
435,Z,xrheum10,binary,1,1,Osteoarthritis/rheumatoid arthritis: joint prostheses status,FALSE,"Cross-wave coding conflict: 1 differs for B (mentioned), C (no)"
435,Z,xrheum10,binary,2,2,yes,FALSE,
435,Z,xrheum11,ordinal,-3,-3,"na, wrong skip",TRUE,
435,Z,xrheum11,ordinal,-2,-2,"na, see XRHEUM01&02",TRUE,
435,Z,xrheum11,ordinal,-1,-1,"na, asked",TRUE,
435,Z,xrheum11,ordinal,1,1,not at all,FALSE,
435,Z,xrheum11,ordinal,2,2,sometimes,FALSE,
435,Z,xrheum11,ordinal,3,3,often,FALSE,
435,Z,xrheum11,ordinal,4,4,always,FALSE,
435,Z,xrheum12,categorical,-3,-3,"na, wrong skip",TRUE,
435,Z,xrheum12,categorical,-2,-2,"na, see XRHEUM01&02",TRUE,
435,Z,xrheum12,categorical,-1,-1,"na, asked",TRUE,
435,Z,xrheum12,categorical,1,1,rheumatic hands,FALSE,
435,Z,xrheum12,categorical,2,2,no rheumatic hands,FALSE,
435,Z,xrheum12,categorical,3,3,observation not possible,FALSE,
435,Z,xrheum8a,binary,-4,-4,"na, short version",TRUE,
435,Z,xrheum8a,binary,-3,-3,"na, wrong skip",TRUE,
435,Z,xrheum8a,binary,-2,-2,"na, see XRHEUM01&02",TRUE,
435,Z,xrheum8a,binary,-1,-1,"na, asked",TRUE,
435,Z,xrheum8a,binary,0,0,no,FALSE,
435,Z,xrheum8a,binary,1,1,Osteoarthritis/rheumatoid arthritis: complaints fingers status,FALSE,"Cross-wave coding conflict: 1 differs for B (yes), C (not mentioned)"
435,Z,xrheum8a,binary,2,2,mentioned,FALSE,
435,Z,xrheum8b,binary,-4,-4,"na, short version",TRUE,
435,Z,xrheum8b,binary,-3,-3,"na, wrong skip",TRUE,
435,Z,xrheum8b,binary,-2,-2,"na, see XRHEUM01&02",TRUE,
435,Z,xrheum8b,binary,-1,-1,"na, asked",TRUE,
435,Z,xrheum8b,binary,0,0,no,FALSE,
435,Z,xrheum8b,binary,1,1,status category,FALSE,"Cross-wave coding conflict: 1 differs for B (yes), C (not mentioned)"
435,Z,xrheum8b,binary,2,2,mentioned,FALSE,
435,Z,xrheum8c,binary,-4,-4,"na, short version",TRUE,
435,Z,xrheum8c,binary,-3,-3,"na, wrong skip",TRUE,
435,Z,xrheum8c,binary,-2,-2,"na, see XRHEUM01&02",TRUE,
435,Z,xrheum8c,binary,-1,-1,"na, asked",TRUE,
435,Z,xrheum8c,binary,0,0,no,FALSE,
435,Z,xrheum8c,binary,1,1,Osteoarthritis/rheumatoid arthritis: complaints elbows status,FALSE,"Cross-wave coding conflict: 1 differs for B (yes), C (not mentioned)"
435,Z,xrheum8c,binary,2,2,mentioned,FALSE,
435,Z,xrheum8d,binary,-4,-4,"na, short version",TRUE,
435,Z,xrheum8d,binary,-3,-3,"na, wrong skip",TRUE,
435,Z,xrheum8d,binary,-2,-2,"na, see XRHEUM01&02",TRUE,
435,Z,xrheum8d,binary,-1,-1,"na, asked",TRUE,
435,Z,xrheum8d,binary,0,0,no,FALSE,
435,Z,xrheum8d,binary,1,1,status category,FALSE,"Cross-wave coding conflict: 1 differs for B (yes), C (not mentioned)"
435,Z,xrheum8d,binary,2,2,mentioned,FALSE,
435,Z,xrheum8e,binary,-4,-4,"na, short version",TRUE,
435,Z,xrheum8e,binary,-3,-3,"na, wrong skip",TRUE,
435,Z,xrheum8e,binary,-2,-2,"na, see XRHEUM01&02",TRUE,
435,Z,xrheum8e,binary,-1,-1,"na, asked",TRUE,
435,Z,xrheum8e,binary,0,0,no,FALSE,
435,Z,xrheum8e,binary,1,1,Osteoarthritis/rheumatoid arthritis: complaints toes status,FALSE,"Cross-wave coding conflict: 1 differs for B (yes), C (not mentioned)"
435,Z,xrheum8e,binary,2,2,mentioned,FALSE,
435,Z,xrheum8f,binary,-4,-4,"na, short version",TRUE,
435,Z,xrheum8f,binary,-3,-3,"na, wrong skip",TRUE,
435,Z,xrheum8f,binary,-2,-2,"na, see XRHEUM01&02",TRUE,
435,Z,xrheum8f,binary,-1,-1,"na, asked",TRUE,
435,Z,xrheum8f,binary,0,0,no,FALSE,
435,Z,xrheum8f,binary,1,1,status category,FALSE,"Cross-wave coding conflict: 1 differs for B (yes), C (not mentioned)"
435,Z,xrheum8f,binary,2,2,mentioned,FALSE,
435,Z,xrheum8g,binary,-4,-4,"na, short version",TRUE,
435,Z,xrheum8g,binary,-3,-3,"na, wrong skip",TRUE,
435,Z,xrheum8g,binary,-2,-2,"na, see XRHEUM01&02",TRUE,
435,Z,xrheum8g,binary,-1,-1,"na, asked",TRUE,
435,Z,xrheum8g,binary,0,0,no,FALSE,
435,Z,xrheum8g,binary,1,1,Osteoarthritis/rheumatoid arthritis: complaints knees status,FALSE,"Cross-wave coding conflict: 1 differs for B (yes), C (not mentioned)"
435,Z,xrheum8g,binary,2,2,mentioned,FALSE,
435,Z,xrheum8h,binary,-4,-4,"na, short version",TRUE,
435,Z,xrheum8h,binary,-3,-3,"na, wrong skip",TRUE,
435,Z,xrheum8h,binary,-2,-2,"na, see XRHEUM01&02",TRUE,
435,Z,xrheum8h,binary,-1,-1,"na, asked",TRUE,
435,Z,xrheum8h,binary,0,0,no,FALSE,
435,Z,xrheum8h,binary,1,1,Osteoarthritis/rheumatoid arthritis: complaints hip status,FALSE,"Cross-wave coding conflict: 1 differs for B (yes), C (not mentioned)"
435,Z,xrheum8h,binary,2,2,mentioned,FALSE,
435,Z,xrheum8i,binary,-4,-4,"na, short version",TRUE,
435,Z,xrheum8i,binary,-3,-3,"na, wrong skip",TRUE,
435,Z,xrheum8i,binary,-2,-2,"na, see XRHEUM01&02",TRUE,
435,Z,xrheum8i,binary,-1,-1,"na, asked",TRUE,
435,Z,xrheum8i,binary,0,0,no,FALSE,
435,Z,xrheum8i,binary,1,1,Osteoarthritis/rheumatoid arthritis: complaints neck status,FALSE,"Cross-wave coding conflict: 1 differs for B (yes), C (not mentioned)"
435,Z,xrheum8i,binary,2,2,mentioned,FALSE,
435,Z,xrheum9a,binary,-3,-3,"na, wrong skip",TRUE,
435,Z,xrheum9a,binary,-2,-2,"na, see XRHEUM09",TRUE,
435,Z,xrheum9a,binary,-1,-1,"na, asked",TRUE,
435,Z,xrheum9a,binary,0,0,not mentioned,FALSE,
435,Z,xrheum9a,binary,1,1,Osteoarthritis/rheumatoid arthritis: surgery fingers status,FALSE,"Cross-wave coding conflict: 1 differs for B (mentioned), C (not mentioned)"
435,Z,xrheum9a,binary,2,2,mentioned,FALSE,
435,Z,xrheum9b,binary,-3,-3,"na, wrong skip",TRUE,
435,Z,xrheum9b,binary,-2,-2,"na, see XRHEUM09",TRUE,
435,Z,xrheum9b,binary,-1,-1,"na, asked",TRUE,
435,Z,xrheum9b,binary,0,0,not mentioned,FALSE,
435,Z,xrheum9b,binary,1,1,Osteoarthritis/rheumatoid arthritis: surgery hand/wrist status,FALSE,"Cross-wave coding conflict: 1 differs for B (mentioned), C (not mentioned)"
435,Z,xrheum9b,binary,2,2,mentioned,FALSE,
435,Z,xrheum9c,binary,-3,-3,"na, wrong skip",TRUE,
435,Z,xrheum9c,binary,-2,-2,"na, see XRHEUM09",TRUE,
435,Z,xrheum9c,binary,-1,-1,"na, asked",TRUE,
435,Z,xrheum9c,binary,0,0,not mentioned,FALSE,
435,Z,xrheum9c,binary,1,1,Osteoarthritis/rheumatoid arthritis: surgery elbows status,FALSE,"Cross-wave coding conflict: 1 differs for B (mentioned), C (not mentioned)"
435,Z,xrheum9c,binary,2,2,mentioned,FALSE,
435,Z,xrheum9d,binary,-3,-3,"na, wrong skip",TRUE,
435,Z,xrheum9d,binary,-2,-2,"na, see XRHEUM09",TRUE,
435,Z,xrheum9d,binary,-1,-1,"na, asked",TRUE,
435,Z,xrheum9d,binary,0,0,not mentioned,FALSE,
435,Z,xrheum9d,binary,1,1,Osteoarthritis/rheumatoid arthritis: surgery shoulders status,FALSE,"Cross-wave coding conflict: 1 differs for B (mentioned), C (not mentioned)"
435,Z,xrheum9d,binary,2,2,mentioned,FALSE,
435,Z,xrheum9e,binary,-3,-3,"na, wrong skip",TRUE,
435,Z,xrheum9e,binary,-2,-2,"na, see XRHEUM09",TRUE,
435,Z,xrheum9e,binary,-1,-1,"na, asked",TRUE,
435,Z,xrheum9e,binary,0,0,not mentioned,FALSE,
435,Z,xrheum9e,binary,1,1,Osteoarthritis/rheumatoid arthritis: surgery toes since status,FALSE,"Cross-wave coding conflict: 1 differs for B (mentioned), C (not mentioned)"
435,Z,xrheum9e,binary,2,2,mentioned,FALSE,
435,Z,xrheum9f,binary,-3,-3,"na, wrong skip",TRUE,
435,Z,xrheum9f,binary,-2,-2,"na, see XRHEUM09",TRUE,
435,Z,xrheum9f,binary,-1,-1,"na, asked",TRUE,
435,Z,xrheum9f,binary,0,0,not mentioned,FALSE,
435,Z,xrheum9f,binary,1,1,status category,FALSE,"Cross-wave coding conflict: 1 differs for B (mentioned), C (not mentioned)"
435,Z,xrheum9f,binary,2,2,mentioned,FALSE,
435,Z,xrheum9g,binary,-3,-3,"na, wrong skip",TRUE,
435,Z,xrheum9g,binary,-2,-2,"na, see XRHEUM09",TRUE,
435,Z,xrheum9g,binary,-1,-1,"na, asked",TRUE,
435,Z,xrheum9g,binary,0,0,not mentioned,FALSE,
435,Z,xrheum9g,binary,1,1,Osteoarthritis/rheumatoid arthritis: surgery knees status,FALSE,"Cross-wave coding conflict: 1 differs for B (mentioned), C (not mentioned)"
435,Z,xrheum9g,binary,2,2,mentioned,FALSE,
435,Z,xrheum9h,binary,-3,-3,"na, wrong skip",TRUE,
435,Z,xrheum9h,binary,-2,-2,"na, see XRHEUM09",TRUE,
435,Z,xrheum9h,binary,-1,-1,"na, asked",TRUE,
435,Z,xrheum9h,binary,0,0,not mentioned,FALSE,
435,Z,xrheum9h,binary,1,1,Osteoarthritis/rheumatoid arthritis: surgery hip status,FALSE,"Cross-wave coding conflict: 1 differs for B (mentioned), C (not mentioned)"
435,Z,xrheum9h,binary,2,2,mentioned,FALSE,
435,Z,xrheum9i,binary,-3,-3,"na, wrong skip",TRUE,
435,Z,xrheum9i,binary,-2,-2,"na, see XRHEUM09",TRUE,
435,Z,xrheum9i,binary,-1,-1,"na, asked",TRUE,
435,Z,xrheum9i,binary,0,0,not mentioned,FALSE,
435,Z,xrheum9i,binary,1,1,Osteoarthritis/rheumatoid arthritis: surgery neck status,FALSE,"Cross-wave coding conflict: 1 differs for B (mentioned), C (not mentioned)"
435,Z,xrheum9i,binary,2,2,mentioned,FALSE,
435,Z,xrmch,categorical,-2,-2,valid data,TRUE,
435,Z,xrmch,categorical,1,1,interview terminated,FALSE,
435,Z,xrmch,categorical,2,2,Reason missing: chronic diseases status,FALSE,"Cross-wave coding conflict: 2 differs for B (short interview), C (interview terminated)"
435,Z,xrmch,categorical,4,4,refused test,FALSE,
