filecode,wave,canonical_name,variable_type,value_raw,value_numeric,value_label,is_missing,conflicts
247,B,mis247,categorical,no missings(0),0,no missings,FALSE,
247,B,mis247,categorical,support skip(4),4,support skip,FALSE,
247,B,mis247,categorical,support terminated(5),5,support terminated,FALSE,
247,B,mis247,categorical,characteristics skipped(40),40,characteristics skipped,FALSE,
247,B,mis247,categorical,>characteristics skipped(44),44,>characteristics skipped,FALSE,
247,B,mis247,categorical,>characteristics skipped(55),55,>characteristics skipped,FALSE,
247,B,mis247,categorical,size=0(111),111,size=0,FALSE,
247,B,mis247,categorical,>contactfrequency terminated(555),555,>contactfrequency terminated,FALSE,
247,B,mis247,categorical,contactfrequency skipped(444),444,contactfrequency skipped,FALSE,
247,B,mis247,categorical,short version(3333),3333,short version,FALSE,
247,B,mis247,categorical,refusal R/skip by Interviewer(4444),4444,refusal R/skip by Interviewer,FALSE,
247,B,mis247,categorical,terminated(5555),5555,terminated,FALSE,
247,B,mis247,categorical,damaged information(6666),6666,damaged information,FALSE,
247,B,nwsize,numeric,damaged information(-6),-6,damaged information,TRUE,
247,B,nwsize,numeric,terminated(-5),-5,terminated,TRUE,
247,B,nwsize,numeric,refusal R/skip by Interviewer(-4),-4,refusal R/skip by Interviewer,TRUE,
247,B,nwsize,numeric,short version(-3),-3,short version,TRUE,
247,B,nwsize,numeric,none(0),0,,FALSE,
247,B,nwsize,numeric,1 member(1),1,,FALSE,
247,B,nwsize,numeric,10 members(10),10,,FALSE,
247,B,nwsize,numeric,20 members(20),20,,FALSE,
247,B,nwsize,numeric,30 members(30),30,,FALSE,
247,B,nwsize,numeric,40 members(40),40,,FALSE,
247,B,nwsize,numeric,50 members(50),50,,FALSE,
247,B,nwsize,numeric,60 members(60),60,,FALSE,
247,B,nwsize,numeric,70 members(70),70,,FALSE,
247,B,nwsize,numeric,maximum(80),80,,FALSE,
247,B,sq,categorical,damaged information(-6),-6,damaged information,TRUE,
247,B,sq,categorical,terminated(-5),-5,terminated,TRUE,
247,B,sq,categorical,refusal R/skip by Interviewer(-4),-4,refusal R/skip by Interviewer,TRUE,
247,B,sq,categorical,short version(-3),-3,short version,TRUE,
247,B,sq,categorical,no members(-2),-2,no members,TRUE,
247,B,sq,categorical,no oth members(-1),-1,no oth members,TRUE,
247,B,ir,numeric,damaged information(-6),-6,damaged information,TRUE,
247,B,ir,numeric,terminated(-5),-5,terminated,TRUE,
247,B,ir,numeric,refusal R/skip by Interviewer(-4),-4,refusal R/skip by Interviewer,TRUE,
247,B,ir,numeric,short version(-3),-3,short version,TRUE,
247,B,ir,numeric,no oth members(-1),-1,no oth members,TRUE,
247,B,ir,numeric,no (other) members(0),0,,FALSE,
247,B,ir,numeric,maximum (9x4)(36),36,,FALSE,
247,B,ig,numeric,damaged information(-6),-6,damaged information,TRUE,
247,B,ig,numeric,terminated(-5),-5,terminated,TRUE,
247,B,ig,numeric,refusal R/skip by Interviewer(-4),-4,refusal R/skip by Interviewer,TRUE,
247,B,ig,numeric,short version(-3),-3,short version,TRUE,
247,B,ig,numeric,no oth members(-1),-1,no oth members,TRUE,
247,B,ig,numeric,no (other) members(0),0,,FALSE,
247,B,ig,numeric,maximum (9x4)(36),36,,FALSE,
247,B,er,numeric,damaged information(-6),-6,damaged information,TRUE,
247,B,er,numeric,terminated(-5),-5,terminated,TRUE,
247,B,er,numeric,refusal R/skip by Interviewer(-4),-4,refusal R/skip by Interviewer,TRUE,
247,B,er,numeric,short version(-3),-3,short version,TRUE,
247,B,er,numeric,no oth members(-1),-1,no oth members,TRUE,
247,B,er,numeric,no (other) members(0),0,,FALSE,
247,B,er,numeric,maximum (9x4)(36),36,,FALSE,
247,B,eg,numeric,damaged information(-6),-6,damaged information,TRUE,
247,B,eg,numeric,terminated(-5),-5,terminated,TRUE,
247,B,eg,numeric,refusal R/skip by Interviewer(-4),-4,refusal R/skip by Interviewer,TRUE,
247,B,eg,numeric,short version(-3),-3,short version,TRUE,
247,B,eg,numeric,no oth members(-1),-1,no oth members,TRUE,
247,B,eg,numeric,no (other) members(0),0,,FALSE,
247,B,eg,numeric,maximum (9x4)(36),36,,FALSE,
247,B,mir,numeric,damaged information(-6),-6,damaged information,TRUE,
247,B,mir,numeric,terminated(-5),-5,terminated,TRUE,
247,B,mir,numeric,refusal R/skip by Interviewer(-4),-4,refusal R/skip by Interviewer,TRUE,
247,B,mir,numeric,short version(-3),-3,short version,TRUE,
247,B,mir,numeric,no oth members(-1),-1,no oth members,TRUE,
247,B,mir,numeric,no members/never support(0),0,,FALSE,
247,B,mir,numeric,seldom(1),1,,FALSE,
247,B,mir,numeric,sometimes(2),2,,FALSE,
247,B,mir,numeric,often(3),3,,FALSE,
247,B,mig,numeric,damaged information(-6),-6,damaged information,TRUE,
247,B,mig,numeric,terminated(-5),-5,terminated,TRUE,
247,B,mig,numeric,refusal R/skip by Interviewer(-4),-4,refusal R/skip by Interviewer,TRUE,
247,B,mig,numeric,short version(-3),-3,short version,TRUE,
247,B,mig,numeric,no oth members(-1),-1,no oth members,TRUE,
247,B,mig,numeric,no members/never support(0),0,,FALSE,
247,B,mig,numeric,seldom(1),1,,FALSE,
247,B,mig,numeric,sometimes(2),2,,FALSE,
247,B,mig,numeric,often(3),3,,FALSE,
247,B,mer,numeric,damaged information(-6),-6,damaged information,TRUE,
247,B,mer,numeric,terminated(-5),-5,terminated,TRUE,
247,B,mer,numeric,refusal R/skip by Interviewer(-4),-4,refusal R/skip by Interviewer,TRUE,
247,B,mer,numeric,short version(-3),-3,short version,TRUE,
247,B,mer,numeric,no oth members(-1),-1,no oth members,TRUE,
247,B,mer,numeric,no members/never support(0),0,,FALSE,
247,B,mer,numeric,seldom(1),1,,FALSE,
247,B,mer,numeric,sometimes(2),2,,FALSE,
247,B,mer,numeric,often(3),3,,FALSE,
247,B,meg,numeric,damaged information(-6),-6,damaged information,TRUE,
247,B,meg,numeric,terminated(-5),-5,terminated,TRUE,
247,B,meg,numeric,refusal R/skip by Interviewer(-4),-4,refusal R/skip by Interviewer,TRUE,
247,B,meg,numeric,short version(-3),-3,short version,TRUE,
247,B,meg,numeric,no oth members(-1),-1,no oth members,TRUE,
247,B,meg,numeric,no members/never support(0),0,,FALSE,
247,B,meg,numeric,seldom(1),1,,FALSE,
247,B,meg,numeric,sometimes(2),2,,FALSE,
247,B,meg,numeric,often(3),3,,FALSE,
247,C,mis247,categorical,no missings(0),0,no missings,FALSE,
247,C,mis247,categorical,support skip(4),4,support skip,FALSE,
247,C,mis247,categorical,support terminated(5),5,support terminated,FALSE,
247,C,mis247,categorical,characteristics skipped(40),40,characteristics skipped,FALSE,
247,C,mis247,categorical,>characteristics skipped(44),44,>characteristics skipped,FALSE,
247,C,mis247,categorical,>characteristics skipped(55),55,>characteristics skipped,FALSE,
247,C,mis247,categorical,size=0(111),111,size=0,FALSE,
247,C,mis247,categorical,>contactfrequency terminated(555),555,>contactfrequency terminated,FALSE,
247,C,mis247,categorical,contactfrequency skipped(444),444,contactfrequency skipped,FALSE,
247,C,mis247,categorical,short version(3333),3333,short version,FALSE,
247,C,mis247,categorical,refusal R/skip by Interviewer(4444),4444,refusal R/skip by Interviewer,FALSE,
247,C,mis247,categorical,terminated(5555),5555,terminated,FALSE,
247,C,mis247,categorical,damaged information(6666),6666,damaged information,FALSE,
247,C,nwsize,numeric,damaged information(-6),-6,damaged information,TRUE,
247,C,nwsize,numeric,terminated(-5),-5,terminated,TRUE,
247,C,nwsize,numeric,refusal R/skip by Interviewer(-4),-4,refusal R/skip by Interviewer,TRUE,
247,C,nwsize,numeric,short version(-3),-3,short version,TRUE,
247,C,nwsize,numeric,none(0),0,,FALSE,
247,C,nwsize,numeric,1 member(1),1,,FALSE,
247,C,nwsize,numeric,10 members(10),10,,FALSE,
247,C,nwsize,numeric,20 members(20),20,,FALSE,
247,C,nwsize,numeric,30 members(30),30,,FALSE,
247,C,nwsize,numeric,40 members(40),40,,FALSE,
247,C,nwsize,numeric,50 members(50),50,,FALSE,
247,C,nwsize,numeric,60 members(60),60,,FALSE,
247,C,nwsize,numeric,70 members(70),70,,FALSE,
247,C,nwsize,numeric,maximum(80),80,,FALSE,
247,C,sq,categorical,damaged information(-6),-6,damaged information,TRUE,
247,C,sq,categorical,terminated(-5),-5,terminated,TRUE,
247,C,sq,categorical,refusal R/skip by Interviewer(-4),-4,refusal R/skip by Interviewer,TRUE,
247,C,sq,categorical,short version(-3),-3,short version,TRUE,
247,C,sq,categorical,no members(-2),-2,no members,TRUE,
247,C,sq,categorical,no oth members(-1),-1,no oth members,TRUE,
247,C,ir,numeric,damaged information(-6),-6,damaged information,TRUE,
247,C,ir,numeric,terminated(-5),-5,terminated,TRUE,
247,C,ir,numeric,refusal R/skip by Interviewer(-4),-4,refusal R/skip by Interviewer,TRUE,
247,C,ir,numeric,short version(-3),-3,short version,TRUE,
247,C,ir,numeric,no oth members(-1),-1,no oth members,TRUE,
247,C,ir,numeric,no (other) members(0),0,,FALSE,
247,C,ir,numeric,maximum (9x4)(36),36,,FALSE,
247,C,ig,numeric,damaged information(-6),-6,damaged information,TRUE,
247,C,ig,numeric,terminated(-5),-5,terminated,TRUE,
247,C,ig,numeric,refusal R/skip by Interviewer(-4),-4,refusal R/skip by Interviewer,TRUE,
247,C,ig,numeric,short version(-3),-3,short version,TRUE,
247,C,ig,numeric,no oth members(-1),-1,no oth members,TRUE,
247,C,ig,numeric,no (other) members(0),0,,FALSE,
247,C,ig,numeric,maximum (9x4)(36),36,,FALSE,
247,C,er,numeric,damaged information(-6),-6,damaged information,TRUE,
247,C,er,numeric,terminated(-5),-5,terminated,TRUE,
247,C,er,numeric,refusal R/skip by Interviewer(-4),-4,refusal R/skip by Interviewer,TRUE,
247,C,er,numeric,short version(-3),-3,short version,TRUE,
247,C,er,numeric,no oth members(-1),-1,no oth members,TRUE,
247,C,er,numeric,no (other) members(0),0,,FALSE,
247,C,er,numeric,maximum (9x4)(36),36,,FALSE,
247,C,eg,numeric,damaged information(-6),-6,damaged information,TRUE,
247,C,eg,numeric,terminated(-5),-5,terminated,TRUE,
247,C,eg,numeric,refusal R/skip by Interviewer(-4),-4,refusal R/skip by Interviewer,TRUE,
247,C,eg,numeric,short version(-3),-3,short version,TRUE,
247,C,eg,numeric,no oth members(-1),-1,no oth members,TRUE,
247,C,eg,numeric,no (other) members(0),0,,FALSE,
247,C,eg,numeric,maximum (9x4)(36),36,,FALSE,
247,C,mir,numeric,damaged information(-6),-6,damaged information,TRUE,
247,C,mir,numeric,terminated(-5),-5,terminated,TRUE,
247,C,mir,numeric,refusal R/skip by Interviewer(-4),-4,refusal R/skip by Interviewer,TRUE,
247,C,mir,numeric,short version(-3),-3,short version,TRUE,
247,C,mir,numeric,no oth members(-1),-1,no oth members,TRUE,
247,C,mir,numeric,no members/never support(0),0,,FALSE,
247,C,mir,numeric,seldom(1),1,,FALSE,
247,C,mir,numeric,sometimes(2),2,,FALSE,
247,C,mir,numeric,often(3),3,,FALSE,
247,C,mig,numeric,damaged information(-6),-6,damaged information,TRUE,
247,C,mig,numeric,terminated(-5),-5,terminated,TRUE,
247,C,mig,numeric,refusal R/skip by Interviewer(-4),-4,refusal R/skip by Interviewer,TRUE,
247,C,mig,numeric,short version(-3),-3,short version,TRUE,
247,C,mig,numeric,no oth members(-1),-1,no oth members,TRUE,
247,C,mig,numeric,no members/never support(0),0,,FALSE,
247,C,mig,numeric,seldom(1),1,,FALSE,
247,C,mig,numeric,sometimes(2),2,,FALSE,
247,C,mig,numeric,often(3),3,,FALSE,
247,C,mer,numeric,damaged information(-6),-6,damaged information,TRUE,
247,C,mer,numeric,terminated(-5),-5,terminated,TRUE,
247,C,mer,numeric,refusal R/skip by Interviewer(-4),-4,refusal R/skip by Interviewer,TRUE,
247,C,mer,numeric,short version(-3),-3,short version,TRUE,
247,C,mer,numeric,no oth members(-1),-1,no oth members,TRUE,
247,C,mer,numeric,no members/never support(0),0,,FALSE,
247,C,mer,numeric,seldom(1),1,,FALSE,
247,C,mer,numeric,sometimes(2),2,,FALSE,
247,C,mer,numeric,often(3),3,,FALSE,
247,C,meg,numeric,damaged information(-6),-6,damaged information,TRUE,
247,C,meg,numeric,terminated(-5),-5,terminated,TRUE,
247,C,meg,numeric,refusal R/skip by Interviewer(-4),-4,refusal R/skip by Interviewer,TRUE,
247,C,meg,numeric,short version(-3),-3,short version,TRUE,
247,C,meg,numeric,no oth members(-1),-1,no oth members,TRUE,
247,C,meg,numeric,no members/never support(0),0,,FALSE,
247,C,meg,numeric,seldom(1),1,,FALSE,
247,C,meg,numeric,sometimes(2),2,,FALSE,
247,C,meg,numeric,often(3),3,,FALSE,
247,C,confnum,numeric,terminated(-5),-5,terminated,TRUE,
247,C,confnum,numeric,refusal R/skip by Interviewer(-4),-4,refusal R/skip by Interviewer,TRUE,
247,C,confnum,numeric,short version(-3),-3,short version,TRUE,
247,C,confnum,numeric,no network members(-2),-2,no network members,TRUE,
247,C,confnum,numeric,no answer(-1),-1,no answer,TRUE,
247,C,confnum,numeric,no confidants(0),0,,FALSE,
247,C,confnum,numeric,1 confidant identified(1),1,,FALSE,
247,C,confnum,numeric,2 confidants identified(2),2,,FALSE,
247,C,confnum,numeric,3 confidants identified(3),3,,FALSE,
247,C,confnum,numeric,4 confidants identified(4),4,,FALSE,
247,C,confnum,numeric,5 confidants identified(5),5,,FALSE,
247,C,confnum,numeric,6 confidants identified(6),6,,FALSE,
247,C,confnum,numeric,7 confidants identified(7),7,,FALSE,
247,C,confnum,numeric,8 confidants identified(8),8,,FALSE,
247,C,confnum,numeric,9 confidants (maximum)(9),9,,FALSE,
247,C,confinf,categorical,terminated(-5),-5,terminated,TRUE,
247,C,confinf,categorical,refusal R/skip by Interviewer(-4),-4,refusal R/skip by Interviewer,TRUE,
247,C,confinf,categorical,short version(-3),-3,short version,TRUE,
247,C,confinf,categorical,no network members(-2),-2,no network members,TRUE,
247,C,confinf,categorical,no answer(-1),-1,no answer,TRUE,
247,C,confinf,categorical,no confidant available(1),1,no confidant available,FALSE,
247,C,confinf,categorical,confidant not necessary(2),2,confidant not necessary,FALSE,
247,C,confinf,categorical,confidant(s) identified(3),3,confidant(s) identified,FALSE,
247,C,confinf,categorical,"all are confidant, 0 identified(4)",4,"all are confidant, 0 identified",FALSE,
247,C,confinf,categorical,all are confidant + identified(5),5,all are confidant + identified,FALSE,
247,C,confinf,categorical,"other(s) not in network, 0 identified(6)",6,"other(s) not in network, 0 identified",FALSE,
247,C,confinf,categorical,other(s) not in network + identified(7),7,other(s) not in network + identified,FALSE,
247,D,mis247,categorical,no missings(0),0,no missings,FALSE,
247,D,mis247,categorical,support skip(4),4,support skip,FALSE,
247,D,mis247,categorical,support terminated(5),5,support terminated,FALSE,
247,D,mis247,categorical,characteristics skipped(40),40,characteristics skipped,FALSE,
247,D,mis247,categorical,>characteristics skipped(44),44,>characteristics skipped,FALSE,
247,D,mis247,categorical,>characteristics skipped(55),55,>characteristics skipped,FALSE,
247,D,mis247,categorical,size=0(111),111,size=0,FALSE,
247,D,mis247,categorical,>contactfrequency terminated(555),555,>contactfrequency terminated,FALSE,
247,D,mis247,categorical,contactfrequency skipped(444),444,contactfrequency skipped,FALSE,
247,D,mis247,categorical,short version(3333),3333,short version,FALSE,
247,D,mis247,categorical,refusal R/skip by Interviewer(4444),4444,refusal R/skip by Interviewer,FALSE,
247,D,mis247,categorical,terminated(5555),5555,terminated,FALSE,
247,D,mis247,categorical,damaged information(6666),6666,damaged information,FALSE,
247,D,nwsize,numeric,damaged information(-6),-6,damaged information,TRUE,
247,D,nwsize,numeric,terminated(-5),-5,terminated,TRUE,
247,D,nwsize,numeric,refusal R/skip by Interviewer(-4),-4,refusal R/skip by Interviewer,TRUE,
247,D,nwsize,numeric,short version(-3),-3,short version,TRUE,
247,D,nwsize,numeric,none(0),0,,FALSE,
247,D,nwsize,numeric,1 member(1),1,,FALSE,
247,D,nwsize,numeric,10 members(10),10,,FALSE,
247,D,nwsize,numeric,20 members(20),20,,FALSE,
247,D,nwsize,numeric,30 members(30),30,,FALSE,
247,D,nwsize,numeric,40 members(40),40,,FALSE,
247,D,nwsize,numeric,50 members(50),50,,FALSE,
247,D,nwsize,numeric,60 members(60),60,,FALSE,
247,D,nwsize,numeric,70 members(70),70,,FALSE,
247,D,nwsize,numeric,maximum(80),80,,FALSE,
247,D,sq,categorical,damaged information(-6),-6,damaged information,TRUE,
247,D,sq,categorical,terminated(-5),-5,terminated,TRUE,
247,D,sq,categorical,refusal R/skip by Interviewer(-4),-4,refusal R/skip by Interviewer,TRUE,
247,D,sq,categorical,short version(-3),-3,short version,TRUE,
247,D,sq,categorical,no members(-2),-2,no members,TRUE,
247,D,sq,categorical,no oth members(-1),-1,no oth members,TRUE,
247,D,ir,numeric,damaged information(-6),-6,damaged information,TRUE,
247,D,ir,numeric,terminated(-5),-5,terminated,TRUE,
247,D,ir,numeric,refusal R/skip by Interviewer(-4),-4,refusal R/skip by Interviewer,TRUE,
247,D,ir,numeric,short version(-3),-3,short version,TRUE,
247,D,ir,numeric,no oth members(-1),-1,no oth members,TRUE,
247,D,ir,numeric,no (other) members(0),0,,FALSE,
247,D,ir,numeric,maximum (9x4)(36),36,,FALSE,
247,D,ig,numeric,damaged information(-6),-6,damaged information,TRUE,
247,D,ig,numeric,terminated(-5),-5,terminated,TRUE,
247,D,ig,numeric,refusal R/skip by Interviewer(-4),-4,refusal R/skip by Interviewer,TRUE,
247,D,ig,numeric,short version(-3),-3,short version,TRUE,
247,D,ig,numeric,no oth members(-1),-1,no oth members,TRUE,
247,D,ig,numeric,no (other) members(0),0,,FALSE,
247,D,ig,numeric,maximum (9x4)(36),36,,FALSE,
247,D,er,numeric,damaged information(-6),-6,damaged information,TRUE,
247,D,er,numeric,terminated(-5),-5,terminated,TRUE,
247,D,er,numeric,refusal R/skip by Interviewer(-4),-4,refusal R/skip by Interviewer,TRUE,
247,D,er,numeric,short version(-3),-3,short version,TRUE,
247,D,er,numeric,no oth members(-1),-1,no oth members,TRUE,
247,D,er,numeric,no (other) members(0),0,,FALSE,
247,D,er,numeric,maximum (9x4)(36),36,,FALSE,
247,D,eg,numeric,damaged information(-6),-6,damaged information,TRUE,
247,D,eg,numeric,terminated(-5),-5,terminated,TRUE,
247,D,eg,numeric,refusal R/skip by Interviewer(-4),-4,refusal R/skip by Interviewer,TRUE,
247,D,eg,numeric,short version(-3),-3,short version,TRUE,
247,D,eg,numeric,no oth members(-1),-1,no oth members,TRUE,
247,D,eg,numeric,no (other) members(0),0,,FALSE,
247,D,eg,numeric,maximum (9x4)(36),36,,FALSE,
247,D,mir,numeric,damaged information(-6),-6,damaged information,TRUE,
247,D,mir,numeric,terminated(-5),-5,terminated,TRUE,
247,D,mir,numeric,refusal R/skip by Interviewer(-4),-4,refusal R/skip by Interviewer,TRUE,
247,D,mir,numeric,short version(-3),-3,short version,TRUE,
247,D,mir,numeric,no oth members(-1),-1,no oth members,TRUE,
247,D,mir,numeric,no members/never support(0),0,,FALSE,
247,D,mir,numeric,seldom(1),1,,FALSE,
247,D,mir,numeric,sometimes(2),2,,FALSE,
247,D,mir,numeric,often(3),3,,FALSE,
247,D,mig,numeric,damaged information(-6),-6,damaged information,TRUE,
247,D,mig,numeric,terminated(-5),-5,terminated,TRUE,
247,D,mig,numeric,refusal R/skip by Interviewer(-4),-4,refusal R/skip by Interviewer,TRUE,
247,D,mig,numeric,short version(-3),-3,short version,TRUE,
247,D,mig,numeric,no oth members(-1),-1,no oth members,TRUE,
247,D,mig,numeric,no members/never support(0),0,,FALSE,
247,D,mig,numeric,seldom(1),1,,FALSE,
247,D,mig,numeric,sometimes(2),2,,FALSE,
247,D,mig,numeric,often(3),3,,FALSE,
247,D,mer,numeric,damaged information(-6),-6,damaged information,TRUE,
247,D,mer,numeric,terminated(-5),-5,terminated,TRUE,
247,D,mer,numeric,refusal R/skip by Interviewer(-4),-4,refusal R/skip by Interviewer,TRUE,
247,D,mer,numeric,short version(-3),-3,short version,TRUE,
247,D,mer,numeric,no oth members(-1),-1,no oth members,TRUE,
247,D,mer,numeric,no members/never support(0),0,,FALSE,
247,D,mer,numeric,seldom(1),1,,FALSE,
247,D,mer,numeric,sometimes(2),2,,FALSE,
247,D,mer,numeric,often(3),3,,FALSE,
247,D,meg,numeric,damaged information(-6),-6,damaged information,TRUE,
247,D,meg,numeric,terminated(-5),-5,terminated,TRUE,
247,D,meg,numeric,refusal R/skip by Interviewer(-4),-4,refusal R/skip by Interviewer,TRUE,
247,D,meg,numeric,short version(-3),-3,short version,TRUE,
247,D,meg,numeric,no oth members(-1),-1,no oth members,TRUE,
247,D,meg,numeric,no members/never support(0),0,,FALSE,
247,D,meg,numeric,seldom(1),1,,FALSE,
247,D,meg,numeric,sometimes(2),2,,FALSE,
247,D,meg,numeric,often(3),3,,FALSE,
247,D,confnum,numeric,terminated(-5),-5,terminated,TRUE,
247,D,confnum,numeric,refusal R/skip by Interviewer(-4),-4,refusal R/skip by Interviewer,TRUE,
247,D,confnum,numeric,short version(-3),-3,short version,TRUE,
247,D,confnum,numeric,no network members(-2),-2,no network members,TRUE,
247,D,confnum,numeric,no answer(-1),-1,no answer,TRUE,
247,D,confnum,numeric,no confidants(0),0,,FALSE,
247,D,confnum,numeric,1 confidant identified(1),1,,FALSE,
247,D,confnum,numeric,2 confidants identified(2),2,,FALSE,
247,D,confnum,numeric,3 confidants identified(3),3,,FALSE,
247,D,confnum,numeric,4 confidants identified(4),4,,FALSE,
247,D,confnum,numeric,5 confidants identified(5),5,,FALSE,
247,D,confnum,numeric,6 confidants identified(6),6,,FALSE,
247,D,confnum,numeric,7 confidants identified(7),7,,FALSE,
247,D,confnum,numeric,8 confidants identified(8),8,,FALSE,
247,D,confnum,numeric,9 confidants (maximum)(9),9,,FALSE,
247,D,confinf,categorical,terminated(-5),-5,terminated,TRUE,
247,D,confinf,categorical,refusal R/skip by Interviewer(-4),-4,refusal R/skip by Interviewer,TRUE,
247,D,confinf,categorical,short version(-3),-3,short version,TRUE,
247,D,confinf,categorical,no network members(-2),-2,no network members,TRUE,
247,D,confinf,categorical,no answer(-1),-1,no answer,TRUE,
247,D,confinf,categorical,no confidant available(1),1,no confidant available,FALSE,
247,D,confinf,categorical,confidant not necessary(2),2,confidant not necessary,FALSE,
247,D,confinf,categorical,confidant(s) identified(3),3,confidant(s) identified,FALSE,
247,D,confinf,categorical,"all are confidant, 0 identified(4)",4,"all are confidant, 0 identified",FALSE,
247,D,confinf,categorical,all are confidant + identified(5),5,all are confidant + identified,FALSE,
247,D,confinf,categorical,"other(s) not in network, 0 identified(6)",6,"other(s) not in network, 0 identified",FALSE,
247,D,confinf,categorical,other(s) not in network + identified(7),7,other(s) not in network + identified,FALSE,
247,E,mis247,categorical,no missings(0),0,no missings,FALSE,
247,E,mis247,categorical,support skip(4),4,support skip,FALSE,
247,E,mis247,categorical,support terminated(5),5,support terminated,FALSE,
247,E,mis247,categorical,characteristics skipped(40),40,characteristics skipped,FALSE,
247,E,mis247,categorical,>characteristics skipped(44),44,>characteristics skipped,FALSE,
247,E,mis247,categorical,>characteristics skipped(55),55,>characteristics skipped,FALSE,
247,E,mis247,categorical,size=0(111),111,size=0,FALSE,
247,E,mis247,categorical,>contactfrequency terminated(555),555,>contactfrequency terminated,FALSE,
247,E,mis247,categorical,contactfrequency skipped(444),444,contactfrequency skipped,FALSE,
247,E,mis247,categorical,short version(3333),3333,short version,FALSE,
247,E,mis247,categorical,refusal R/skip by Interviewer(4444),4444,refusal R/skip by Interviewer,FALSE,
247,E,mis247,categorical,terminated(5555),5555,terminated,FALSE,
247,E,mis247,categorical,damaged information(6666),6666,damaged information,FALSE,
247,E,nwsize,numeric,damaged information(-6),-6,damaged information,TRUE,
247,E,nwsize,numeric,terminated(-5),-5,terminated,TRUE,
247,E,nwsize,numeric,refusal R/skip by Interviewer(-4),-4,refusal R/skip by Interviewer,TRUE,
247,E,nwsize,numeric,short version(-3),-3,short version,TRUE,
247,E,nwsize,numeric,none(0),0,,FALSE,
247,E,nwsize,numeric,1 member(1),1,,FALSE,
247,E,nwsize,numeric,10 members(10),10,,FALSE,
247,E,nwsize,numeric,20 members(20),20,,FALSE,
247,E,nwsize,numeric,30 members(30),30,,FALSE,
247,E,nwsize,numeric,40 members(40),40,,FALSE,
247,E,nwsize,numeric,50 members(50),50,,FALSE,
247,E,nwsize,numeric,60 members(60),60,,FALSE,
247,E,nwsize,numeric,70 members(70),70,,FALSE,
247,E,nwsize,numeric,maximum(80),80,,FALSE,
247,E,sq,categorical,damaged information(-6),-6,damaged information,TRUE,
247,E,sq,categorical,terminated(-5),-5,terminated,TRUE,
247,E,sq,categorical,refusal R/skip by Interviewer(-4),-4,refusal R/skip by Interviewer,TRUE,
247,E,sq,categorical,short version(-3),-3,short version,TRUE,
247,E,sq,categorical,no members(-2),-2,no members,TRUE,
247,E,sq,categorical,no oth members(-1),-1,no oth members,TRUE,
247,E,ir,numeric,damaged information(-6),-6,damaged information,TRUE,
247,E,ir,numeric,terminated(-5),-5,terminated,TRUE,
247,E,ir,numeric,refusal R/skip by Interviewer(-4),-4,refusal R/skip by Interviewer,TRUE,
247,E,ir,numeric,short version(-3),-3,short version,TRUE,
247,E,ir,numeric,no oth members(-1),-1,no oth members,TRUE,
247,E,ir,numeric,no (other) members(0),0,,FALSE,
247,E,ir,numeric,maximum (9x4)(36),36,,FALSE,
247,E,ig,numeric,damaged information(-6),-6,damaged information,TRUE,
247,E,ig,numeric,terminated(-5),-5,terminated,TRUE,
247,E,ig,numeric,refusal R/skip by Interviewer(-4),-4,refusal R/skip by Interviewer,TRUE,
247,E,ig,numeric,short version(-3),-3,short version,TRUE,
247,E,ig,numeric,no oth members(-1),-1,no oth members,TRUE,
247,E,ig,numeric,no (other) members(0),0,,FALSE,
247,E,ig,numeric,maximum (9x4)(36),36,,FALSE,
247,E,er,numeric,damaged information(-6),-6,damaged information,TRUE,
247,E,er,numeric,terminated(-5),-5,terminated,TRUE,
247,E,er,numeric,refusal R/skip by Interviewer(-4),-4,refusal R/skip by Interviewer,TRUE,
247,E,er,numeric,short version(-3),-3,short version,TRUE,
247,E,er,numeric,no oth members(-1),-1,no oth members,TRUE,
247,E,er,numeric,no (other) members(0),0,,FALSE,
247,E,er,numeric,maximum (9x4)(36),36,,FALSE,
247,E,eg,numeric,damaged information(-6),-6,damaged information,TRUE,
247,E,eg,numeric,terminated(-5),-5,terminated,TRUE,
247,E,eg,numeric,refusal R/skip by Interviewer(-4),-4,refusal R/skip by Interviewer,TRUE,
247,E,eg,numeric,short version(-3),-3,short version,TRUE,
247,E,eg,numeric,no oth members(-1),-1,no oth members,TRUE,
247,E,eg,numeric,no (other) members(0),0,,FALSE,
247,E,eg,numeric,maximum (9x4)(36),36,,FALSE,
247,E,mir,numeric,damaged information(-6),-6,damaged information,TRUE,
247,E,mir,numeric,terminated(-5),-5,terminated,TRUE,
247,E,mir,numeric,refusal R/skip by Interviewer(-4),-4,refusal R/skip by Interviewer,TRUE,
247,E,mir,numeric,short version(-3),-3,short version,TRUE,
247,E,mir,numeric,no oth members(-1),-1,no oth members,TRUE,
247,E,mir,numeric,no members/never support(0),0,,FALSE,
247,E,mir,numeric,seldom(1),1,,FALSE,
247,E,mir,numeric,sometimes(2),2,,FALSE,
247,E,mir,numeric,often(3),3,,FALSE,
247,E,mig,numeric,damaged information(-6),-6,damaged information,TRUE,
247,E,mig,numeric,terminated(-5),-5,terminated,TRUE,
247,E,mig,numeric,refusal R/skip by Interviewer(-4),-4,refusal R/skip by Interviewer,TRUE,
247,E,mig,numeric,short version(-3),-3,short version,TRUE,
247,E,mig,numeric,no oth members(-1),-1,no oth members,TRUE,
247,E,mig,numeric,no members/never support(0),0,,FALSE,
247,E,mig,numeric,seldom(1),1,,FALSE,
247,E,mig,numeric,sometimes(2),2,,FALSE,
247,E,mig,numeric,often(3),3,,FALSE,
247,E,mer,numeric,damaged information(-6),-6,damaged information,TRUE,
247,E,mer,numeric,terminated(-5),-5,terminated,TRUE,
247,E,mer,numeric,refusal R/skip by Interviewer(-4),-4,refusal R/skip by Interviewer,TRUE,
247,E,mer,numeric,short version(-3),-3,short version,TRUE,
247,E,mer,numeric,no oth members(-1),-1,no oth members,TRUE,
247,E,mer,numeric,no members/never support(0),0,,FALSE,
247,E,mer,numeric,seldom(1),1,,FALSE,
247,E,mer,numeric,sometimes(2),2,,FALSE,
247,E,mer,numeric,often(3),3,,FALSE,
247,E,meg,numeric,damaged information(-6),-6,damaged information,TRUE,
247,E,meg,numeric,terminated(-5),-5,terminated,TRUE,
247,E,meg,numeric,refusal R/skip by Interviewer(-4),-4,refusal R/skip by Interviewer,TRUE,
247,E,meg,numeric,short version(-3),-3,short version,TRUE,
247,E,meg,numeric,no oth members(-1),-1,no oth members,TRUE,
247,E,meg,numeric,no members/never support(0),0,,FALSE,
247,E,meg,numeric,seldom(1),1,,FALSE,
247,E,meg,numeric,sometimes(2),2,,FALSE,
247,E,meg,numeric,often(3),3,,FALSE,
247,E,confnum,numeric,terminated(-5),-5,terminated,TRUE,
247,E,confnum,numeric,refusal R/skip by Interviewer(-4),-4,refusal R/skip by Interviewer,TRUE,
247,E,confnum,numeric,short version(-3),-3,short version,TRUE,
247,E,confnum,numeric,no network members(-2),-2,no network members,TRUE,
247,E,confnum,numeric,no answer(-1),-1,no answer,TRUE,
247,E,confnum,numeric,no confidants(0),0,,FALSE,
247,E,confnum,numeric,1 confidant identified(1),1,,FALSE,
247,E,confnum,numeric,2 confidants identified(2),2,,FALSE,
247,E,confnum,numeric,3 confidants identified(3),3,,FALSE,
247,E,confnum,numeric,4 confidants identified(4),4,,FALSE,
247,E,confnum,numeric,5 confidants identified(5),5,,FALSE,
247,E,confnum,numeric,6 confidants identified(6),6,,FALSE,
247,E,confnum,numeric,7 confidants identified(7),7,,FALSE,
247,E,confnum,numeric,8 confidants identified(8),8,,FALSE,
247,E,confnum,numeric,9 confidants (maximum)(9),9,,FALSE,
247,E,confinf,categorical,terminated(-5),-5,terminated,TRUE,
247,E,confinf,categorical,refusal R/skip by Interviewer(-4),-4,refusal R/skip by Interviewer,TRUE,
247,E,confinf,categorical,short version(-3),-3,short version,TRUE,
247,E,confinf,categorical,no network members(-2),-2,no network members,TRUE,
247,E,confinf,categorical,no answer(-1),-1,no answer,TRUE,
247,E,confinf,categorical,no confidant available(1),1,no confidant available,FALSE,
247,E,confinf,categorical,confidant not necessary(2),2,confidant not necessary,FALSE,
247,E,confinf,categorical,confidant(s) identified(3),3,confidant(s) identified,FALSE,
247,E,confinf,categorical,"all are confidant, 0 identified(4)",4,"all are confidant, 0 identified",FALSE,
247,E,confinf,categorical,all are confidant + identified(5),5,all are confidant + identified,FALSE,
247,E,confinf,categorical,"other(s) not in network, 0 identified(6)",6,"other(s) not in network, 0 identified",FALSE,
247,E,confinf,categorical,other(s) not in network + identified(7),7,other(s) not in network + identified,FALSE,
247,2B,mis247,categorical,no missings(0),0,no missings,FALSE,
247,2B,mis247,categorical,support skip(4),4,support skip,FALSE,
247,2B,mis247,categorical,support terminated(5),5,support terminated,FALSE,
247,2B,mis247,categorical,characteristics skipped(40),40,characteristics skipped,FALSE,
247,2B,mis247,categorical,>characteristics skipped(44),44,>characteristics skipped,FALSE,
247,2B,mis247,categorical,>characteristics skipped(55),55,>characteristics skipped,FALSE,
247,2B,mis247,categorical,size=0(111),111,size=0,FALSE,
247,2B,mis247,categorical,>contactfrequency terminated(555),555,>contactfrequency terminated,FALSE,
247,2B,mis247,categorical,contactfrequency skipped(444),444,contactfrequency skipped,FALSE,
247,2B,mis247,categorical,short version(3333),3333,short version,FALSE,
247,2B,mis247,categorical,refusal R/skip by Interviewer(4444),4444,refusal R/skip by Interviewer,FALSE,
247,2B,mis247,categorical,terminated(5555),5555,terminated,FALSE,
247,2B,mis247,categorical,damaged information(6666),6666,damaged information,FALSE,
247,2B,nwsize,numeric,damaged information(-6),-6,damaged information,TRUE,
247,2B,nwsize,numeric,terminated(-5),-5,terminated,TRUE,
247,2B,nwsize,numeric,refusal R/skip by Interviewer(-4),-4,refusal R/skip by Interviewer,TRUE,
247,2B,nwsize,numeric,short version(-3),-3,short version,TRUE,
247,2B,nwsize,numeric,none(0),0,,FALSE,
247,2B,nwsize,numeric,1 member(1),1,,FALSE,
247,2B,nwsize,numeric,10 members(10),10,,FALSE,
247,2B,nwsize,numeric,20 members(20),20,,FALSE,
247,2B,nwsize,numeric,30 members(30),30,,FALSE,
247,2B,nwsize,numeric,40 members(40),40,,FALSE,
247,2B,nwsize,numeric,50 members(50),50,,FALSE,
247,2B,nwsize,numeric,60 members(60),60,,FALSE,
247,2B,nwsize,numeric,70 members(70),70,,FALSE,
247,2B,nwsize,numeric,maximum(80),80,,FALSE,
247,2B,sq,categorical,damaged information(-6),-6,damaged information,TRUE,
247,2B,sq,categorical,terminated(-5),-5,terminated,TRUE,
247,2B,sq,categorical,refusal R/skip by Interviewer(-4),-4,refusal R/skip by Interviewer,TRUE,
247,2B,sq,categorical,short version(-3),-3,short version,TRUE,
247,2B,sq,categorical,no members(-2),-2,no members,TRUE,
247,2B,sq,categorical,no oth members(-1),-1,no oth members,TRUE,
247,2B,ir,numeric,damaged information(-6),-6,damaged information,TRUE,
247,2B,ir,numeric,terminated(-5),-5,terminated,TRUE,
247,2B,ir,numeric,refusal R/skip by Interviewer(-4),-4,refusal R/skip by Interviewer,TRUE,
247,2B,ir,numeric,short version(-3),-3,short version,TRUE,
247,2B,ir,numeric,no oth members(-1),-1,no oth members,TRUE,
247,2B,ir,numeric,no (other) members(0),0,,FALSE,
247,2B,ir,numeric,maximum (9x4)(36),36,,FALSE,
247,2B,ig,numeric,damaged information(-6),-6,damaged information,TRUE,
247,2B,ig,numeric,terminated(-5),-5,terminated,TRUE,
247,2B,ig,numeric,refusal R/skip by Interviewer(-4),-4,refusal R/skip by Interviewer,TRUE,
247,2B,ig,numeric,short version(-3),-3,short version,TRUE,
247,2B,ig,numeric,no oth members(-1),-1,no oth members,TRUE,
247,2B,ig,numeric,no (other) members(0),0,,FALSE,
247,2B,ig,numeric,maximum (9x4)(36),36,,FALSE,
247,2B,er,numeric,damaged information(-6),-6,damaged information,TRUE,
247,2B,er,numeric,terminated(-5),-5,terminated,TRUE,
247,2B,er,numeric,refusal R/skip by Interviewer(-4),-4,refusal R/skip by Interviewer,TRUE,
247,2B,er,numeric,short version(-3),-3,short version,TRUE,
247,2B,er,numeric,no oth members(-1),-1,no oth members,TRUE,
247,2B,er,numeric,no (other) members(0),0,,FALSE,
247,2B,er,numeric,maximum (9x4)(36),36,,FALSE,
247,2B,eg,numeric,damaged information(-6),-6,damaged information,TRUE,
247,2B,eg,numeric,terminated(-5),-5,terminated,TRUE,
247,2B,eg,numeric,refusal R/skip by Interviewer(-4),-4,refusal R/skip by Interviewer,TRUE,
247,2B,eg,numeric,short version(-3),-3,short version,TRUE,
247,2B,eg,numeric,no oth members(-1),-1,no oth members,TRUE,
247,2B,eg,numeric,no (other) members(0),0,,FALSE,
247,2B,eg,numeric,maximum (9x4)(36),36,,FALSE,
247,2B,mir,numeric,damaged information(-6),-6,damaged information,TRUE,
247,2B,mir,numeric,terminated(-5),-5,terminated,TRUE,
247,2B,mir,numeric,refusal R/skip by Interviewer(-4),-4,refusal R/skip by Interviewer,TRUE,
247,2B,mir,numeric,short version(-3),-3,short version,TRUE,
247,2B,mir,numeric,no oth members(-1),-1,no oth members,TRUE,
247,2B,mir,numeric,no members/never support(0),0,,FALSE,
247,2B,mir,numeric,seldom(1),1,,FALSE,
247,2B,mir,numeric,sometimes(2),2,,FALSE,
247,2B,mir,numeric,often(3),3,,FALSE,
247,2B,mig,numeric,damaged information(-6),-6,damaged information,TRUE,
247,2B,mig,numeric,terminated(-5),-5,terminated,TRUE,
247,2B,mig,numeric,refusal R/skip by Interviewer(-4),-4,refusal R/skip by Interviewer,TRUE,
247,2B,mig,numeric,short version(-3),-3,short version,TRUE,
247,2B,mig,numeric,no oth members(-1),-1,no oth members,TRUE,
247,2B,mig,numeric,no members/never support(0),0,,FALSE,
247,2B,mig,numeric,seldom(1),1,,FALSE,
247,2B,mig,numeric,sometimes(2),2,,FALSE,
247,2B,mig,numeric,often(3),3,,FALSE,
247,2B,mer,numeric,damaged information(-6),-6,damaged information,TRUE,
247,2B,mer,numeric,terminated(-5),-5,terminated,TRUE,
247,2B,mer,numeric,refusal R/skip by Interviewer(-4),-4,refusal R/skip by Interviewer,TRUE,
247,2B,mer,numeric,short version(-3),-3,short version,TRUE,
247,2B,mer,numeric,no oth members(-1),-1,no oth members,TRUE,
247,2B,mer,numeric,no members/never support(0),0,,FALSE,
247,2B,mer,numeric,seldom(1),1,,FALSE,
247,2B,mer,numeric,sometimes(2),2,,FALSE,
247,2B,mer,numeric,often(3),3,,FALSE,
247,2B,meg,numeric,damaged information(-6),-6,damaged information,TRUE,
247,2B,meg,numeric,terminated(-5),-5,terminated,TRUE,
247,2B,meg,numeric,refusal R/skip by Interviewer(-4),-4,refusal R/skip by Interviewer,TRUE,
247,2B,meg,numeric,short version(-3),-3,short version,TRUE,
247,2B,meg,numeric,no oth members(-1),-1,no oth members,TRUE,
247,2B,meg,numeric,no members/never support(0),0,,FALSE,
247,2B,meg,numeric,seldom(1),1,,FALSE,
247,2B,meg,numeric,sometimes(2),2,,FALSE,
247,2B,meg,numeric,often(3),3,,FALSE,
247,2B,confnum,numeric,terminated(-5),-5,terminated,TRUE,
247,2B,confnum,numeric,refusal R/skip by Interviewer(-4),-4,refusal R/skip by Interviewer,TRUE,
247,2B,confnum,numeric,short version(-3),-3,short version,TRUE,
247,2B,confnum,numeric,no network members(-2),-2,no network members,TRUE,
247,2B,confnum,numeric,no answer(-1),-1,no answer,TRUE,
247,2B,confnum,numeric,no confidants(0),0,,FALSE,
247,2B,confnum,numeric,1 confidant identified(1),1,,FALSE,
247,2B,confnum,numeric,2 confidants identified(2),2,,FALSE,
247,2B,confnum,numeric,3 confidants identified(3),3,,FALSE,
247,2B,confnum,numeric,4 confidants identified(4),4,,FALSE,
247,2B,confnum,numeric,5 confidants identified(5),5,,FALSE,
247,2B,confnum,numeric,6 confidants identified(6),6,,FALSE,
247,2B,confnum,numeric,7 confidants identified(7),7,,FALSE,
247,2B,confnum,numeric,8 confidants identified(8),8,,FALSE,
247,2B,confnum,numeric,9 confidants (maximum)(9),9,,FALSE,
247,2B,confinf,categorical,terminated(-5),-5,terminated,TRUE,
247,2B,confinf,categorical,refusal R/skip by Interviewer(-4),-4,refusal R/skip by Interviewer,TRUE,
247,2B,confinf,categorical,short version(-3),-3,short version,TRUE,
247,2B,confinf,categorical,no network members(-2),-2,no network members,TRUE,
247,2B,confinf,categorical,no answer(-1),-1,no answer,TRUE,
247,2B,confinf,categorical,no confidant available(1),1,no confidant available,FALSE,
247,2B,confinf,categorical,confidant not necessary(2),2,confidant not necessary,FALSE,
247,2B,confinf,categorical,confidant(s) identified(3),3,confidant(s) identified,FALSE,
247,2B,confinf,categorical,"all are confidant, 0 identified(4)",4,"all are confidant, 0 identified",FALSE,
247,2B,confinf,categorical,all are confidant + identified(5),5,all are confidant + identified,FALSE,
247,2B,confinf,categorical,"other(s) not in network, 0 identified(6)",6,"other(s) not in network, 0 identified",FALSE,
247,2B,confinf,categorical,other(s) not in network + identified(7),7,other(s) not in network + identified,FALSE,
247,F,mis247,categorical,no missings(0),0,no missings,FALSE,
247,F,mis247,categorical,support skip(4),4,support skip,FALSE,
247,F,mis247,categorical,support terminated(5),5,support terminated,FALSE,
247,F,mis247,categorical,characteristics skipped(40),40,characteristics skipped,FALSE,
247,F,mis247,categorical,>characteristics skipped(44),44,>characteristics skipped,FALSE,
247,F,mis247,categorical,>characteristics skipped(55),55,>characteristics skipped,FALSE,
247,F,mis247,categorical,size=0(111),111,size=0,FALSE,
247,F,mis247,categorical,>contactfrequency terminated(555),555,>contactfrequency terminated,FALSE,
247,F,mis247,categorical,contactfrequency skipped(444),444,contactfrequency skipped,FALSE,
247,F,mis247,categorical,short version(3333),3333,short version,FALSE,
247,F,mis247,categorical,refusal R/skip by Interviewer(4444),4444,refusal R/skip by Interviewer,FALSE,
247,F,mis247,categorical,terminated(5555),5555,terminated,FALSE,
247,F,mis247,categorical,damaged information(6666),6666,damaged information,FALSE,
247,F,nwsize,numeric,damaged information(-6),-6,damaged information,TRUE,
247,F,nwsize,numeric,terminated(-5),-5,terminated,TRUE,
247,F,nwsize,numeric,refusal R/skip by Interviewer(-4),-4,refusal R/skip by Interviewer,TRUE,
247,F,nwsize,numeric,short version(-3),-3,short version,TRUE,
247,F,nwsize,numeric,none(0),0,,FALSE,
247,F,nwsize,numeric,1 member(1),1,,FALSE,
247,F,nwsize,numeric,10 members(10),10,,FALSE,
247,F,nwsize,numeric,20 members(20),20,,FALSE,
247,F,nwsize,numeric,30 members(30),30,,FALSE,
247,F,nwsize,numeric,40 members(40),40,,FALSE,
247,F,nwsize,numeric,50 members(50),50,,FALSE,
247,F,nwsize,numeric,60 members(60),60,,FALSE,
247,F,nwsize,numeric,70 members(70),70,,FALSE,
247,F,nwsize,numeric,maximum(80),80,,FALSE,
247,F,sq,categorical,damaged information(-6),-6,damaged information,TRUE,
247,F,sq,categorical,terminated(-5),-5,terminated,TRUE,
247,F,sq,categorical,refusal R/skip by Interviewer(-4),-4,refusal R/skip by Interviewer,TRUE,
247,F,sq,categorical,short version(-3),-3,short version,TRUE,
247,F,sq,categorical,no members(-2),-2,no members,TRUE,
247,F,sq,categorical,no oth members(-1),-1,no oth members,TRUE,
247,F,ir,numeric,damaged information(-6),-6,damaged information,TRUE,
247,F,ir,numeric,terminated(-5),-5,terminated,TRUE,
247,F,ir,numeric,refusal R/skip by Interviewer(-4),-4,refusal R/skip by Interviewer,TRUE,
247,F,ir,numeric,short version(-3),-3,short version,TRUE,
247,F,ir,numeric,no oth members(-1),-1,no oth members,TRUE,
247,F,ir,numeric,no (other) members(0),0,,FALSE,
247,F,ir,numeric,maximum (9x4)(36),36,,FALSE,
247,F,ig,numeric,damaged information(-6),-6,damaged information,TRUE,
247,F,ig,numeric,terminated(-5),-5,terminated,TRUE,
247,F,ig,numeric,refusal R/skip by Interviewer(-4),-4,refusal R/skip by Interviewer,TRUE,
247,F,ig,numeric,short version(-3),-3,short version,TRUE,
247,F,ig,numeric,no oth members(-1),-1,no oth members,TRUE,
247,F,ig,numeric,no (other) members(0),0,,FALSE,
247,F,ig,numeric,maximum (9x4)(36),36,,FALSE,
247,F,er,numeric,damaged information(-6),-6,damaged information,TRUE,
247,F,er,numeric,terminated(-5),-5,terminated,TRUE,
247,F,er,numeric,refusal R/skip by Interviewer(-4),-4,refusal R/skip by Interviewer,TRUE,
247,F,er,numeric,short version(-3),-3,short version,TRUE,
247,F,er,numeric,no oth members(-1),-1,no oth members,TRUE,
247,F,er,numeric,no (other) members(0),0,,FALSE,
247,F,er,numeric,maximum (9x4)(36),36,,FALSE,
247,F,eg,numeric,damaged information(-6),-6,damaged information,TRUE,
247,F,eg,numeric,terminated(-5),-5,terminated,TRUE,
247,F,eg,numeric,refusal R/skip by Interviewer(-4),-4,refusal R/skip by Interviewer,TRUE,
247,F,eg,numeric,short version(-3),-3,short version,TRUE,
247,F,eg,numeric,no oth members(-1),-1,no oth members,TRUE,
247,F,eg,numeric,no (other) members(0),0,,FALSE,
247,F,eg,numeric,maximum (9x4)(36),36,,FALSE,
247,F,mir,numeric,damaged information(-6),-6,damaged information,TRUE,
247,F,mir,numeric,terminated(-5),-5,terminated,TRUE,
247,F,mir,numeric,refusal R/skip by Interviewer(-4),-4,refusal R/skip by Interviewer,TRUE,
247,F,mir,numeric,short version(-3),-3,short version,TRUE,
247,F,mir,numeric,no oth members(-1),-1,no oth members,TRUE,
247,F,mir,numeric,no members/never support(0),0,,FALSE,
247,F,mir,numeric,seldom(1),1,,FALSE,
247,F,mir,numeric,sometimes(2),2,,FALSE,
247,F,mir,numeric,often(3),3,,FALSE,
247,F,mig,numeric,damaged information(-6),-6,damaged information,TRUE,
247,F,mig,numeric,terminated(-5),-5,terminated,TRUE,
247,F,mig,numeric,refusal R/skip by Interviewer(-4),-4,refusal R/skip by Interviewer,TRUE,
247,F,mig,numeric,short version(-3),-3,short version,TRUE,
247,F,mig,numeric,no oth members(-1),-1,no oth members,TRUE,
247,F,mig,numeric,no members/never support(0),0,,FALSE,
247,F,mig,numeric,seldom(1),1,,FALSE,
247,F,mig,numeric,sometimes(2),2,,FALSE,
247,F,mig,numeric,often(3),3,,FALSE,
247,F,mer,numeric,damaged information(-6),-6,damaged information,TRUE,
247,F,mer,numeric,terminated(-5),-5,terminated,TRUE,
247,F,mer,numeric,refusal R/skip by Interviewer(-4),-4,refusal R/skip by Interviewer,TRUE,
247,F,mer,numeric,short version(-3),-3,short version,TRUE,
247,F,mer,numeric,no oth members(-1),-1,no oth members,TRUE,
247,F,mer,numeric,no members/never support(0),0,,FALSE,
247,F,mer,numeric,seldom(1),1,,FALSE,
247,F,mer,numeric,sometimes(2),2,,FALSE,
247,F,mer,numeric,often(3),3,,FALSE,
247,F,meg,numeric,damaged information(-6),-6,damaged information,TRUE,
247,F,meg,numeric,terminated(-5),-5,terminated,TRUE,
247,F,meg,numeric,refusal R/skip by Interviewer(-4),-4,refusal R/skip by Interviewer,TRUE,
247,F,meg,numeric,short version(-3),-3,short version,TRUE,
247,F,meg,numeric,no oth members(-1),-1,no oth members,TRUE,
247,F,meg,numeric,no members/never support(0),0,,FALSE,
247,F,meg,numeric,seldom(1),1,,FALSE,
247,F,meg,numeric,sometimes(2),2,,FALSE,
247,F,meg,numeric,often(3),3,,FALSE,
247,F,confnum,numeric,terminated(-5),-5,terminated,TRUE,
247,F,confnum,numeric,refusal R/skip by Interviewer(-4),-4,refusal R/skip by Interviewer,TRUE,
247,F,confnum,numeric,short version(-3),-3,short version,TRUE,
247,F,confnum,numeric,no network members(-2),-2,no network members,TRUE,
247,F,confnum,numeric,no answer(-1),-1,no answer,TRUE,
247,F,confnum,numeric,no confidants(0),0,,FALSE,
247,F,confnum,numeric,1 confidant identified(1),1,,FALSE,
247,F,confnum,numeric,2 confidants identified(2),2,,FALSE,
247,F,confnum,numeric,3 confidants identified(3),3,,FALSE,
247,F,confnum,numeric,4 confidants identified(4),4,,FALSE,
247,F,confnum,numeric,5 confidants identified(5),5,,FALSE,
247,F,confnum,numeric,6 confidants identified(6),6,,FALSE,
247,F,confnum,numeric,7 confidants identified(7),7,,FALSE,
247,F,confnum,numeric,8 confidants identified(8),8,,FALSE,
247,F,confnum,numeric,9 confidants (maximum)(9),9,,FALSE,
247,F,confinf,categorical,terminated(-5),-5,terminated,TRUE,
247,F,confinf,categorical,refusal R/skip by Interviewer(-4),-4,refusal R/skip by Interviewer,TRUE,
247,F,confinf,categorical,short version(-3),-3,short version,TRUE,
247,F,confinf,categorical,no network members(-2),-2,no network members,TRUE,
247,F,confinf,categorical,no answer(-1),-1,no answer,TRUE,
247,F,confinf,categorical,no confidant available(1),1,no confidant available,FALSE,
247,F,confinf,categorical,confidant not necessary(2),2,confidant not necessary,FALSE,
247,F,confinf,categorical,confidant(s) identified(3),3,confidant(s) identified,FALSE,
247,F,confinf,categorical,"all are confidant, 0 identified(4)",4,"all are confidant, 0 identified",FALSE,
247,F,confinf,categorical,all are confidant + identified(5),5,all are confidant + identified,FALSE,
247,F,confinf,categorical,"other(s) not in network, 0 identified(6)",6,"other(s) not in network, 0 identified",FALSE,
247,F,confinf,categorical,other(s) not in network + identified(7),7,other(s) not in network + identified,FALSE,
247,G,mis247,categorical,no missings(0),0,no missings,FALSE,
247,G,mis247,categorical,support skip(4),4,support skip,FALSE,
247,G,mis247,categorical,support terminated(5),5,support terminated,FALSE,
247,G,mis247,categorical,characteristics skipped(40),40,characteristics skipped,FALSE,
247,G,mis247,categorical,>characteristics skipped(44),44,>characteristics skipped,FALSE,
247,G,mis247,categorical,>characteristics skipped(55),55,>characteristics skipped,FALSE,
247,G,mis247,categorical,size=0(111),111,size=0,FALSE,
247,G,mis247,categorical,>contactfrequency terminated(555),555,>contactfrequency terminated,FALSE,
247,G,mis247,categorical,contactfrequency skipped(444),444,contactfrequency skipped,FALSE,
247,G,mis247,categorical,short version(3333),3333,short version,FALSE,
247,G,mis247,categorical,refusal R/skip by Interviewer(4444),4444,refusal R/skip by Interviewer,FALSE,
247,G,mis247,categorical,terminated(5555),5555,terminated,FALSE,
247,G,mis247,categorical,damaged information(6666),6666,damaged information,FALSE,
247,G,nwsize,numeric,damaged information(-6),-6,damaged information,TRUE,
247,G,nwsize,numeric,terminated(-5),-5,terminated,TRUE,
247,G,nwsize,numeric,refusal R/skip by Interviewer(-4),-4,refusal R/skip by Interviewer,TRUE,
247,G,nwsize,numeric,short version(-3),-3,short version,TRUE,
247,G,nwsize,numeric,none(0),0,,FALSE,
247,G,nwsize,numeric,1 member(1),1,,FALSE,
247,G,nwsize,numeric,10 members(10),10,,FALSE,
247,G,nwsize,numeric,20 members(20),20,,FALSE,
247,G,nwsize,numeric,30 members(30),30,,FALSE,
247,G,nwsize,numeric,40 members(40),40,,FALSE,
247,G,nwsize,numeric,50 members(50),50,,FALSE,
247,G,nwsize,numeric,60 members(60),60,,FALSE,
247,G,nwsize,numeric,70 members(70),70,,FALSE,
247,G,nwsize,numeric,maximum(80),80,,FALSE,
247,G,sq,categorical,damaged information(-6),-6,damaged information,TRUE,
247,G,sq,categorical,terminated(-5),-5,terminated,TRUE,
247,G,sq,categorical,refusal R/skip by Interviewer(-4),-4,refusal R/skip by Interviewer,TRUE,
247,G,sq,categorical,short version(-3),-3,short version,TRUE,
247,G,sq,categorical,no members(-2),-2,no members,TRUE,
247,G,sq,categorical,no oth members(-1),-1,no oth members,TRUE,
247,G,ir,numeric,damaged information(-6),-6,damaged information,TRUE,
247,G,ir,numeric,terminated(-5),-5,terminated,TRUE,
247,G,ir,numeric,refusal R/skip by Interviewer(-4),-4,refusal R/skip by Interviewer,TRUE,
247,G,ir,numeric,short version(-3),-3,short version,TRUE,
247,G,ir,numeric,no oth members(-1),-1,no oth members,TRUE,
247,G,ir,numeric,no (other) members(0),0,,FALSE,
247,G,ir,numeric,maximum (9x4)(36),36,,FALSE,
247,G,ig,numeric,damaged information(-6),-6,damaged information,TRUE,
247,G,ig,numeric,terminated(-5),-5,terminated,TRUE,
247,G,ig,numeric,refusal R/skip by Interviewer(-4),-4,refusal R/skip by Interviewer,TRUE,
247,G,ig,numeric,short version(-3),-3,short version,TRUE,
247,G,ig,numeric,no oth members(-1),-1,no oth members,TRUE,
247,G,ig,numeric,no (other) members(0),0,,FALSE,
247,G,ig,numeric,maximum (9x4)(36),36,,FALSE,
247,G,er,numeric,damaged information(-6),-6,damaged information,TRUE,
247,G,er,numeric,terminated(-5),-5,terminated,TRUE,
247,G,er,numeric,refusal R/skip by Interviewer(-4),-4,refusal R/skip by Interviewer,TRUE,
247,G,er,numeric,short version(-3),-3,short version,TRUE,
247,G,er,numeric,no oth members(-1),-1,no oth members,TRUE,
247,G,er,numeric,no (other) members(0),0,,FALSE,
247,G,er,numeric,maximum (9x4)(36),36,,FALSE,
247,G,eg,numeric,damaged information(-6),-6,damaged information,TRUE,
247,G,eg,numeric,terminated(-5),-5,terminated,TRUE,
247,G,eg,numeric,refusal R/skip by Interviewer(-4),-4,refusal R/skip by Interviewer,TRUE,
247,G,eg,numeric,short version(-3),-3,short version,TRUE,
247,G,eg,numeric,no oth members(-1),-1,no oth members,TRUE,
247,G,eg,numeric,no (other) members(0),0,,FALSE,
247,G,eg,numeric,maximum (9x4)(36),36,,FALSE,
247,G,mir,numeric,damaged information(-6),-6,damaged information,TRUE,
247,G,mir,numeric,terminated(-5),-5,terminated,TRUE,
247,G,mir,numeric,refusal R/skip by Interviewer(-4),-4,refusal R/skip by Interviewer,TRUE,
247,G,mir,numeric,short version(-3),-3,short version,TRUE,
247,G,mir,numeric,no oth members(-1),-1,no oth members,TRUE,
247,G,mir,numeric,no members/never support(0),0,,FALSE,
247,G,mir,numeric,seldom(1),1,,FALSE,
247,G,mir,numeric,sometimes(2),2,,FALSE,
247,G,mir,numeric,often(3),3,,FALSE,
247,G,mig,numeric,damaged information(-6),-6,damaged information,TRUE,
247,G,mig,numeric,terminated(-5),-5,terminated,TRUE,
247,G,mig,numeric,refusal R/skip by Interviewer(-4),-4,refusal R/skip by Interviewer,TRUE,
247,G,mig,numeric,short version(-3),-3,short version,TRUE,
247,G,mig,numeric,no oth members(-1),-1,no oth members,TRUE,
247,G,mig,numeric,no members/never support(0),0,,FALSE,
247,G,mig,numeric,seldom(1),1,,FALSE,
247,G,mig,numeric,sometimes(2),2,,FALSE,
247,G,mig,numeric,often(3),3,,FALSE,
247,G,mer,numeric,damaged information(-6),-6,damaged information,TRUE,
247,G,mer,numeric,terminated(-5),-5,terminated,TRUE,
247,G,mer,numeric,refusal R/skip by Interviewer(-4),-4,refusal R/skip by Interviewer,TRUE,
247,G,mer,numeric,short version(-3),-3,short version,TRUE,
247,G,mer,numeric,no oth members(-1),-1,no oth members,TRUE,
247,G,mer,numeric,no members/never support(0),0,,FALSE,
247,G,mer,numeric,seldom(1),1,,FALSE,
247,G,mer,numeric,sometimes(2),2,,FALSE,
247,G,mer,numeric,often(3),3,,FALSE,
247,G,meg,numeric,damaged information(-6),-6,damaged information,TRUE,
247,G,meg,numeric,terminated(-5),-5,terminated,TRUE,
247,G,meg,numeric,refusal R/skip by Interviewer(-4),-4,refusal R/skip by Interviewer,TRUE,
247,G,meg,numeric,short version(-3),-3,short version,TRUE,
247,G,meg,numeric,no oth members(-1),-1,no oth members,TRUE,
247,G,meg,numeric,no members/never support(0),0,,FALSE,
247,G,meg,numeric,seldom(1),1,,FALSE,
247,G,meg,numeric,sometimes(2),2,,FALSE,
247,G,meg,numeric,often(3),3,,FALSE,
247,G,confnum,numeric,terminated(-5),-5,terminated,TRUE,
247,G,confnum,numeric,refusal R/skip by Interviewer(-4),-4,refusal R/skip by Interviewer,TRUE,
247,G,confnum,numeric,short version(-3),-3,short version,TRUE,
247,G,confnum,numeric,no network members(-2),-2,no network members,TRUE,
247,G,confnum,numeric,no answer(-1),-1,no answer,TRUE,
247,G,confnum,numeric,no confidants(0),0,,FALSE,
247,G,confnum,numeric,1 confidant identified(1),1,,FALSE,
247,G,confnum,numeric,2 confidants identified(2),2,,FALSE,
247,G,confnum,numeric,3 confidants identified(3),3,,FALSE,
247,G,confnum,numeric,4 confidants identified(4),4,,FALSE,
247,G,confnum,numeric,5 confidants identified(5),5,,FALSE,
247,G,confnum,numeric,6 confidants identified(6),6,,FALSE,
247,G,confnum,numeric,7 confidants identified(7),7,,FALSE,
247,G,confnum,numeric,8 confidants identified(8),8,,FALSE,
247,G,confnum,numeric,9 confidants (maximum)(9),9,,FALSE,
247,G,confinf,categorical,terminated(-5),-5,terminated,TRUE,
247,G,confinf,categorical,refusal R/skip by Interviewer(-4),-4,refusal R/skip by Interviewer,TRUE,
247,G,confinf,categorical,short version(-3),-3,short version,TRUE,
247,G,confinf,categorical,no network members(-2),-2,no network members,TRUE,
247,G,confinf,categorical,no answer(-1),-1,no answer,TRUE,
247,G,confinf,categorical,no confidant available(1),1,no confidant available,FALSE,
247,G,confinf,categorical,confidant not necessary(2),2,confidant not necessary,FALSE,
247,G,confinf,categorical,confidant(s) identified(3),3,confidant(s) identified,FALSE,
247,G,confinf,categorical,"all are confidant, 0 identified(4)",4,"all are confidant, 0 identified",FALSE,
247,G,confinf,categorical,all are confidant + identified(5),5,all are confidant + identified,FALSE,
247,G,confinf,categorical,"other(s) not in network, 0 identified(6)",6,"other(s) not in network, 0 identified",FALSE,
247,G,confinf,categorical,other(s) not in network + identified(7),7,other(s) not in network + identified,FALSE,
247,H,mis247,categorical,no missings(0),0,no missings,FALSE,
247,H,mis247,categorical,support skip(4),4,support skip,FALSE,
247,H,mis247,categorical,support terminated(5),5,support terminated,FALSE,
247,H,mis247,categorical,characteristics skipped(40),40,characteristics skipped,FALSE,
247,H,mis247,categorical,>characteristics skipped(44),44,>characteristics skipped,FALSE,
247,H,mis247,categorical,>characteristics skipped(55),55,>characteristics skipped,FALSE,
247,H,mis247,categorical,size=0(111),111,size=0,FALSE,
247,H,mis247,categorical,>contactfrequency terminated(555),555,>contactfrequency terminated,FALSE,
247,H,mis247,categorical,contactfrequency skipped(444),444,contactfrequency skipped,FALSE,
247,H,mis247,categorical,short version(3333),3333,short version,FALSE,
247,H,mis247,categorical,refusal R/skip by Interviewer(4444),4444,refusal R/skip by Interviewer,FALSE,
247,H,mis247,categorical,terminated(5555),5555,terminated,FALSE,
247,H,mis247,categorical,damaged information(6666),6666,damaged information,FALSE,
247,H,nwsize,numeric,damaged information(-6),-6,damaged information,TRUE,
247,H,nwsize,numeric,terminated(-5),-5,terminated,TRUE,
247,H,nwsize,numeric,refusal R/skip by Interviewer(-4),-4,refusal R/skip by Interviewer,TRUE,
247,H,nwsize,numeric,short version(-3),-3,short version,TRUE,
247,H,nwsize,numeric,none(0),0,,FALSE,
247,H,nwsize,numeric,1 member(1),1,,FALSE,
247,H,nwsize,numeric,10 members(10),10,,FALSE,
247,H,nwsize,numeric,20 members(20),20,,FALSE,
247,H,nwsize,numeric,30 members(30),30,,FALSE,
247,H,nwsize,numeric,40 members(40),40,,FALSE,
247,H,nwsize,numeric,50 members(50),50,,FALSE,
247,H,nwsize,numeric,60 members(60),60,,FALSE,
247,H,nwsize,numeric,70 members(70),70,,FALSE,
247,H,nwsize,numeric,maximum(80),80,,FALSE,
247,H,sq,categorical,damaged information(-6),-6,damaged information,TRUE,
247,H,sq,categorical,terminated(-5),-5,terminated,TRUE,
247,H,sq,categorical,refusal R/skip by Interviewer(-4),-4,refusal R/skip by Interviewer,TRUE,
247,H,sq,categorical,short version(-3),-3,short version,TRUE,
247,H,sq,categorical,no members(-2),-2,no members,TRUE,
247,H,sq,categorical,no oth members(-1),-1,no oth members,TRUE,
247,H,ir,numeric,damaged information(-6),-6,damaged information,TRUE,
247,H,ir,numeric,terminated(-5),-5,terminated,TRUE,
247,H,ir,numeric,refusal R/skip by Interviewer(-4),-4,refusal R/skip by Interviewer,TRUE,
247,H,ir,numeric,short version(-3),-3,short version,TRUE,
247,H,ir,numeric,no oth members(-1),-1,no oth members,TRUE,
247,H,ir,numeric,no (other) members(0),0,,FALSE,
247,H,ir,numeric,maximum (9x4)(36),36,,FALSE,
247,H,ig,numeric,damaged information(-6),-6,damaged information,TRUE,
247,H,ig,numeric,terminated(-5),-5,terminated,TRUE,
247,H,ig,numeric,refusal R/skip by Interviewer(-4),-4,refusal R/skip by Interviewer,TRUE,
247,H,ig,numeric,short version(-3),-3,short version,TRUE,
247,H,ig,numeric,no oth members(-1),-1,no oth members,TRUE,
247,H,ig,numeric,no (other) members(0),0,,FALSE,
247,H,ig,numeric,maximum (9x4)(36),36,,FALSE,
247,H,er,numeric,damaged information(-6),-6,damaged information,TRUE,
247,H,er,numeric,terminated(-5),-5,terminated,TRUE,
247,H,er,numeric,refusal R/skip by Interviewer(-4),-4,refusal R/skip by Interviewer,TRUE,
247,H,er,numeric,short version(-3),-3,short version,TRUE,
247,H,er,numeric,no oth members(-1),-1,no oth members,TRUE,
247,H,er,numeric,no (other) members(0),0,,FALSE,
247,H,er,numeric,maximum (9x4)(36),36,,FALSE,
247,H,eg,numeric,damaged information(-6),-6,damaged information,TRUE,
247,H,eg,numeric,terminated(-5),-5,terminated,TRUE,
247,H,eg,numeric,refusal R/skip by Interviewer(-4),-4,refusal R/skip by Interviewer,TRUE,
247,H,eg,numeric,short version(-3),-3,short version,TRUE,
247,H,eg,numeric,no oth members(-1),-1,no oth members,TRUE,
247,H,eg,numeric,no (other) members(0),0,,FALSE,
247,H,eg,numeric,maximum (9x4)(36),36,,FALSE,
247,H,mir,numeric,damaged information(-6),-6,damaged information,TRUE,
247,H,mir,numeric,terminated(-5),-5,terminated,TRUE,
247,H,mir,numeric,refusal R/skip by Interviewer(-4),-4,refusal R/skip by Interviewer,TRUE,
247,H,mir,numeric,short version(-3),-3,short version,TRUE,
247,H,mir,numeric,no oth members(-1),-1,no oth members,TRUE,
247,H,mir,numeric,no members/never support(0),0,,FALSE,
247,H,mir,numeric,seldom(1),1,,FALSE,
247,H,mir,numeric,sometimes(2),2,,FALSE,
247,H,mir,numeric,often(3),3,,FALSE,
247,H,mig,numeric,damaged information(-6),-6,damaged information,TRUE,
247,H,mig,numeric,terminated(-5),-5,terminated,TRUE,
247,H,mig,numeric,refusal R/skip by Interviewer(-4),-4,refusal R/skip by Interviewer,TRUE,
247,H,mig,numeric,short version(-3),-3,short version,TRUE,
247,H,mig,numeric,no oth members(-1),-1,no oth members,TRUE,
247,H,mig,numeric,no members/never support(0),0,,FALSE,
247,H,mig,numeric,seldom(1),1,,FALSE,
247,H,mig,numeric,sometimes(2),2,,FALSE,
247,H,mig,numeric,often(3),3,,FALSE,
247,H,mer,numeric,damaged information(-6),-6,damaged information,TRUE,
247,H,mer,numeric,terminated(-5),-5,terminated,TRUE,
247,H,mer,numeric,refusal R/skip by Interviewer(-4),-4,refusal R/skip by Interviewer,TRUE,
247,H,mer,numeric,short version(-3),-3,short version,TRUE,
247,H,mer,numeric,no oth members(-1),-1,no oth members,TRUE,
247,H,mer,numeric,no members/never support(0),0,,FALSE,
247,H,mer,numeric,seldom(1),1,,FALSE,
247,H,mer,numeric,sometimes(2),2,,FALSE,
247,H,mer,numeric,often(3),3,,FALSE,
247,H,meg,numeric,damaged information(-6),-6,damaged information,TRUE,
247,H,meg,numeric,terminated(-5),-5,terminated,TRUE,
247,H,meg,numeric,refusal R/skip by Interviewer(-4),-4,refusal R/skip by Interviewer,TRUE,
247,H,meg,numeric,short version(-3),-3,short version,TRUE,
247,H,meg,numeric,no oth members(-1),-1,no oth members,TRUE,
247,H,meg,numeric,no members/never support(0),0,,FALSE,
247,H,meg,numeric,seldom(1),1,,FALSE,
247,H,meg,numeric,sometimes(2),2,,FALSE,
247,H,meg,numeric,often(3),3,,FALSE,
247,H,confnum,numeric,terminated(-5),-5,terminated,TRUE,
247,H,confnum,numeric,refusal R/skip by Interviewer(-4),-4,refusal R/skip by Interviewer,TRUE,
247,H,confnum,numeric,short version(-3),-3,short version,TRUE,
247,H,confnum,numeric,no network members(-2),-2,no network members,TRUE,
247,H,confnum,numeric,no answer(-1),-1,no answer,TRUE,
247,H,confnum,numeric,no confidants(0),0,,FALSE,
247,H,confnum,numeric,1 confidant identified(1),1,,FALSE,
247,H,confnum,numeric,2 confidants identified(2),2,,FALSE,
247,H,confnum,numeric,3 confidants identified(3),3,,FALSE,
247,H,confnum,numeric,4 confidants identified(4),4,,FALSE,
247,H,confnum,numeric,5 confidants identified(5),5,,FALSE,
247,H,confnum,numeric,6 confidants identified(6),6,,FALSE,
247,H,confnum,numeric,7 confidants identified(7),7,,FALSE,
247,H,confnum,numeric,8 confidants identified(8),8,,FALSE,
247,H,confnum,numeric,9 confidants (maximum)(9),9,,FALSE,
247,H,confinf,categorical,terminated(-5),-5,terminated,TRUE,
247,H,confinf,categorical,refusal R/skip by Interviewer(-4),-4,refusal R/skip by Interviewer,TRUE,
247,H,confinf,categorical,short version(-3),-3,short version,TRUE,
247,H,confinf,categorical,no network members(-2),-2,no network members,TRUE,
247,H,confinf,categorical,no answer(-1),-1,no answer,TRUE,
247,H,confinf,categorical,no confidant available(1),1,no confidant available,FALSE,
247,H,confinf,categorical,confidant not necessary(2),2,confidant not necessary,FALSE,
247,H,confinf,categorical,confidant(s) identified(3),3,confidant(s) identified,FALSE,
247,H,confinf,categorical,"all are confidant, 0 identified(4)",4,"all are confidant, 0 identified",FALSE,
247,H,confinf,categorical,all are confidant + identified(5),5,all are confidant + identified,FALSE,
247,H,confinf,categorical,"other(s) not in network, 0 identified(6)",6,"other(s) not in network, 0 identified",FALSE,
247,H,confinf,categorical,other(s) not in network + identified(7),7,other(s) not in network + identified,FALSE,
247,3B,mis247,categorical,no missings(0),0,no missings,FALSE,
247,3B,mis247,categorical,support skip(4),4,support skip,FALSE,
247,3B,mis247,categorical,support terminated(5),5,support terminated,FALSE,
247,3B,mis247,categorical,characteristics skipped(40),40,characteristics skipped,FALSE,
247,3B,mis247,categorical,>characteristics skipped(44),44,>characteristics skipped,FALSE,
247,3B,mis247,categorical,>characteristics skipped(55),55,>characteristics skipped,FALSE,
247,3B,mis247,categorical,size=0(111),111,size=0,FALSE,
247,3B,mis247,categorical,>contactfrequency terminated(555),555,>contactfrequency terminated,FALSE,
247,3B,mis247,categorical,contactfrequency skipped(444),444,contactfrequency skipped,FALSE,
247,3B,mis247,categorical,short version(3333),3333,short version,FALSE,
247,3B,mis247,categorical,refusal R/skip by Interviewer(4444),4444,refusal R/skip by Interviewer,FALSE,
247,3B,mis247,categorical,terminated(5555),5555,terminated,FALSE,
247,3B,mis247,categorical,damaged information(6666),6666,damaged information,FALSE,
247,3B,nwsize,numeric,damaged information(-6),-6,damaged information,TRUE,
247,3B,nwsize,numeric,terminated(-5),-5,terminated,TRUE,
247,3B,nwsize,numeric,refusal R/skip by Interviewer(-4),-4,refusal R/skip by Interviewer,TRUE,
247,3B,nwsize,numeric,short version(-3),-3,short version,TRUE,
247,3B,nwsize,numeric,none(0),0,,FALSE,
247,3B,nwsize,numeric,1 member(1),1,,FALSE,
247,3B,nwsize,numeric,10 members(10),10,,FALSE,
247,3B,nwsize,numeric,20 members(20),20,,FALSE,
247,3B,nwsize,numeric,30 members(30),30,,FALSE,
247,3B,nwsize,numeric,40 members(40),40,,FALSE,
247,3B,nwsize,numeric,50 members(50),50,,FALSE,
247,3B,nwsize,numeric,60 members(60),60,,FALSE,
247,3B,nwsize,numeric,70 members(70),70,,FALSE,
247,3B,nwsize,numeric,maximum(80),80,,FALSE,
247,3B,sq,categorical,damaged information(-6),-6,damaged information,TRUE,
247,3B,sq,categorical,terminated(-5),-5,terminated,TRUE,
247,3B,sq,categorical,refusal R/skip by Interviewer(-4),-4,refusal R/skip by Interviewer,TRUE,
247,3B,sq,categorical,short version(-3),-3,short version,TRUE,
247,3B,sq,categorical,no members(-2),-2,no members,TRUE,
247,3B,sq,categorical,no oth members(-1),-1,no oth members,TRUE,
247,3B,ir,numeric,damaged information(-6),-6,damaged information,TRUE,
247,3B,ir,numeric,terminated(-5),-5,terminated,TRUE,
247,3B,ir,numeric,refusal R/skip by Interviewer(-4),-4,refusal R/skip by Interviewer,TRUE,
247,3B,ir,numeric,short version(-3),-3,short version,TRUE,
247,3B,ir,numeric,no oth members(-1),-1,no oth members,TRUE,
247,3B,ir,numeric,no (other) members(0),0,,FALSE,
247,3B,ir,numeric,maximum (9x4)(36),36,,FALSE,
247,3B,ig,numeric,damaged information(-6),-6,damaged information,TRUE,
247,3B,ig,numeric,terminated(-5),-5,terminated,TRUE,
247,3B,ig,numeric,refusal R/skip by Interviewer(-4),-4,refusal R/skip by Interviewer,TRUE,
247,3B,ig,numeric,short version(-3),-3,short version,TRUE,
247,3B,ig,numeric,no oth members(-1),-1,no oth members,TRUE,
247,3B,ig,numeric,no (other) members(0),0,,FALSE,
247,3B,ig,numeric,maximum (9x4)(36),36,,FALSE,
247,3B,er,numeric,damaged information(-6),-6,damaged information,TRUE,
247,3B,er,numeric,terminated(-5),-5,terminated,TRUE,
247,3B,er,numeric,refusal R/skip by Interviewer(-4),-4,refusal R/skip by Interviewer,TRUE,
247,3B,er,numeric,short version(-3),-3,short version,TRUE,
247,3B,er,numeric,no oth members(-1),-1,no oth members,TRUE,
247,3B,er,numeric,no (other) members(0),0,,FALSE,
247,3B,er,numeric,maximum (9x4)(36),36,,FALSE,
247,3B,eg,numeric,damaged information(-6),-6,damaged information,TRUE,
247,3B,eg,numeric,terminated(-5),-5,terminated,TRUE,
247,3B,eg,numeric,refusal R/skip by Interviewer(-4),-4,refusal R/skip by Interviewer,TRUE,
247,3B,eg,numeric,short version(-3),-3,short version,TRUE,
247,3B,eg,numeric,no oth members(-1),-1,no oth members,TRUE,
247,3B,eg,numeric,no (other) members(0),0,,FALSE,
247,3B,eg,numeric,maximum (9x4)(36),36,,FALSE,
247,3B,mir,numeric,damaged information(-6),-6,damaged information,TRUE,
247,3B,mir,numeric,terminated(-5),-5,terminated,TRUE,
247,3B,mir,numeric,refusal R/skip by Interviewer(-4),-4,refusal R/skip by Interviewer,TRUE,
247,3B,mir,numeric,short version(-3),-3,short version,TRUE,
247,3B,mir,numeric,no oth members(-1),-1,no oth members,TRUE,
247,3B,mir,numeric,no members/never support(0),0,,FALSE,
247,3B,mir,numeric,seldom(1),1,,FALSE,
247,3B,mir,numeric,sometimes(2),2,,FALSE,
247,3B,mir,numeric,often(3),3,,FALSE,
247,3B,mig,numeric,damaged information(-6),-6,damaged information,TRUE,
247,3B,mig,numeric,terminated(-5),-5,terminated,TRUE,
247,3B,mig,numeric,refusal R/skip by Interviewer(-4),-4,refusal R/skip by Interviewer,TRUE,
247,3B,mig,numeric,short version(-3),-3,short version,TRUE,
247,3B,mig,numeric,no oth members(-1),-1,no oth members,TRUE,
247,3B,mig,numeric,no members/never support(0),0,,FALSE,
247,3B,mig,numeric,seldom(1),1,,FALSE,
247,3B,mig,numeric,sometimes(2),2,,FALSE,
247,3B,mig,numeric,often(3),3,,FALSE,
247,3B,mer,numeric,damaged information(-6),-6,damaged information,TRUE,
247,3B,mer,numeric,terminated(-5),-5,terminated,TRUE,
247,3B,mer,numeric,refusal R/skip by Interviewer(-4),-4,refusal R/skip by Interviewer,TRUE,
247,3B,mer,numeric,short version(-3),-3,short version,TRUE,
247,3B,mer,numeric,no oth members(-1),-1,no oth members,TRUE,
247,3B,mer,numeric,no members/never support(0),0,,FALSE,
247,3B,mer,numeric,seldom(1),1,,FALSE,
247,3B,mer,numeric,sometimes(2),2,,FALSE,
247,3B,mer,numeric,often(3),3,,FALSE,
247,3B,meg,numeric,damaged information(-6),-6,damaged information,TRUE,
247,3B,meg,numeric,terminated(-5),-5,terminated,TRUE,
247,3B,meg,numeric,refusal R/skip by Interviewer(-4),-4,refusal R/skip by Interviewer,TRUE,
247,3B,meg,numeric,short version(-3),-3,short version,TRUE,
247,3B,meg,numeric,no oth members(-1),-1,no oth members,TRUE,
247,3B,meg,numeric,no members/never support(0),0,,FALSE,
247,3B,meg,numeric,seldom(1),1,,FALSE,
247,3B,meg,numeric,sometimes(2),2,,FALSE,
247,3B,meg,numeric,often(3),3,,FALSE,
247,3B,confnum,numeric,terminated(-5),-5,terminated,TRUE,
247,3B,confnum,numeric,refusal R/skip by Interviewer(-4),-4,refusal R/skip by Interviewer,TRUE,
247,3B,confnum,numeric,short version(-3),-3,short version,TRUE,
247,3B,confnum,numeric,no network members(-2),-2,no network members,TRUE,
247,3B,confnum,numeric,no answer(-1),-1,no answer,TRUE,
247,3B,confnum,numeric,no confidants(0),0,,FALSE,
247,3B,confnum,numeric,1 confidant identified(1),1,,FALSE,
247,3B,confnum,numeric,2 confidants identified(2),2,,FALSE,
247,3B,confnum,numeric,3 confidants identified(3),3,,FALSE,
247,3B,confnum,numeric,4 confidants identified(4),4,,FALSE,
247,3B,confnum,numeric,5 confidants identified(5),5,,FALSE,
247,3B,confnum,numeric,6 confidants identified(6),6,,FALSE,
247,3B,confnum,numeric,7 confidants identified(7),7,,FALSE,
247,3B,confnum,numeric,8 confidants identified(8),8,,FALSE,
247,3B,confnum,numeric,9 confidants (maximum)(9),9,,FALSE,
247,3B,confinf,categorical,terminated(-5),-5,terminated,TRUE,
247,3B,confinf,categorical,refusal R/skip by Interviewer(-4),-4,refusal R/skip by Interviewer,TRUE,
247,3B,confinf,categorical,short version(-3),-3,short version,TRUE,
247,3B,confinf,categorical,no network members(-2),-2,no network members,TRUE,
247,3B,confinf,categorical,no answer(-1),-1,no answer,TRUE,
247,3B,confinf,categorical,no confidant available(1),1,no confidant available,FALSE,
247,3B,confinf,categorical,confidant not necessary(2),2,confidant not necessary,FALSE,
247,3B,confinf,categorical,confidant(s) identified(3),3,confidant(s) identified,FALSE,
247,3B,confinf,categorical,"all are confidant, 0 identified(4)",4,"all are confidant, 0 identified",FALSE,
247,3B,confinf,categorical,all are confidant + identified(5),5,all are confidant + identified,FALSE,
247,3B,confinf,categorical,"other(s) not in network, 0 identified(6)",6,"other(s) not in network, 0 identified",FALSE,
247,3B,confinf,categorical,other(s) not in network + identified(7),7,other(s) not in network + identified,FALSE,
247,I,mis247,categorical,no missings(0),0,no missings,FALSE,
247,I,mis247,categorical,support skip(4),4,support skip,FALSE,
247,I,mis247,categorical,support terminated(5),5,support terminated,FALSE,
247,I,mis247,categorical,characteristics skipped(40),40,characteristics skipped,FALSE,
247,I,mis247,categorical,>characteristics skipped(44),44,>characteristics skipped,FALSE,
247,I,mis247,categorical,>characteristics skipped(55),55,>characteristics skipped,FALSE,
247,I,mis247,categorical,size=0(111),111,size=0,FALSE,
247,I,mis247,categorical,>contactfrequency terminated(555),555,>contactfrequency terminated,FALSE,
247,I,mis247,categorical,contactfrequency skipped(444),444,contactfrequency skipped,FALSE,
247,I,mis247,categorical,short version(3333),3333,short version,FALSE,
247,I,mis247,categorical,refusal R/skip by Interviewer(4444),4444,refusal R/skip by Interviewer,FALSE,
247,I,mis247,categorical,terminated(5555),5555,terminated,FALSE,
247,I,mis247,categorical,damaged information(6666),6666,damaged information,FALSE,
247,I,nwsize,numeric,damaged information(-6),-6,damaged information,TRUE,
247,I,nwsize,numeric,terminated(-5),-5,terminated,TRUE,
247,I,nwsize,numeric,refusal R/skip by Interviewer(-4),-4,refusal R/skip by Interviewer,TRUE,
247,I,nwsize,numeric,short version(-3),-3,short version,TRUE,
247,I,nwsize,numeric,none(0),0,,FALSE,
247,I,nwsize,numeric,1 member(1),1,,FALSE,
247,I,nwsize,numeric,10 members(10),10,,FALSE,
247,I,nwsize,numeric,20 members(20),20,,FALSE,
247,I,nwsize,numeric,30 members(30),30,,FALSE,
247,I,nwsize,numeric,40 members(40),40,,FALSE,
247,I,nwsize,numeric,50 members(50),50,,FALSE,
247,I,nwsize,numeric,60 members(60),60,,FALSE,
247,I,nwsize,numeric,70 members(70),70,,FALSE,
247,I,nwsize,numeric,maximum(80),80,,FALSE,
247,I,sq,categorical,damaged information(-6),-6,damaged information,TRUE,
247,I,sq,categorical,terminated(-5),-5,terminated,TRUE,
247,I,sq,categorical,refusal R/skip by Interviewer(-4),-4,refusal R/skip by Interviewer,TRUE,
247,I,sq,categorical,short version(-3),-3,short version,TRUE,
247,I,sq,categorical,no members(-2),-2,no members,TRUE,
247,I,sq,categorical,no oth members(-1),-1,no oth members,TRUE,
247,I,ir,numeric,damaged information(-6),-6,damaged information,TRUE,
247,I,ir,numeric,terminated(-5),-5,terminated,TRUE,
247,I,ir,numeric,refusal R/skip by Interviewer(-4),-4,refusal R/skip by Interviewer,TRUE,
247,I,ir,numeric,short version(-3),-3,short version,TRUE,
247,I,ir,numeric,no oth members(-1),-1,no oth members,TRUE,
247,I,ir,numeric,no (other) members(0),0,,FALSE,
247,I,ir,numeric,maximum (9x4)(36),36,,FALSE,
247,I,ig,numeric,damaged information(-6),-6,damaged information,TRUE,
247,I,ig,numeric,terminated(-5),-5,terminated,TRUE,
247,I,ig,numeric,refusal R/skip by Interviewer(-4),-4,refusal R/skip by Interviewer,TRUE,
247,I,ig,numeric,short version(-3),-3,short version,TRUE,
247,I,ig,numeric,no oth members(-1),-1,no oth members,TRUE,
247,I,ig,numeric,no (other) members(0),0,,FALSE,
247,I,ig,numeric,maximum (9x4)(36),36,,FALSE,
247,I,er,numeric,damaged information(-6),-6,damaged information,TRUE,
247,I,er,numeric,terminated(-5),-5,terminated,TRUE,
247,I,er,numeric,refusal R/skip by Interviewer(-4),-4,refusal R/skip by Interviewer,TRUE,
247,I,er,numeric,short version(-3),-3,short version,TRUE,
247,I,er,numeric,no oth members(-1),-1,no oth members,TRUE,
247,I,er,numeric,no (other) members(0),0,,FALSE,
247,I,er,numeric,maximum (9x4)(36),36,,FALSE,
247,I,eg,numeric,damaged information(-6),-6,damaged information,TRUE,
247,I,eg,numeric,terminated(-5),-5,terminated,TRUE,
247,I,eg,numeric,refusal R/skip by Interviewer(-4),-4,refusal R/skip by Interviewer,TRUE,
247,I,eg,numeric,short version(-3),-3,short version,TRUE,
247,I,eg,numeric,no oth members(-1),-1,no oth members,TRUE,
247,I,eg,numeric,no (other) members(0),0,,FALSE,
247,I,eg,numeric,maximum (9x4)(36),36,,FALSE,
247,I,mir,numeric,damaged information(-6),-6,damaged information,TRUE,
247,I,mir,numeric,terminated(-5),-5,terminated,TRUE,
247,I,mir,numeric,refusal R/skip by Interviewer(-4),-4,refusal R/skip by Interviewer,TRUE,
247,I,mir,numeric,short version(-3),-3,short version,TRUE,
247,I,mir,numeric,no oth members(-1),-1,no oth members,TRUE,
247,I,mir,numeric,no members/never support(0),0,,FALSE,
247,I,mir,numeric,seldom(1),1,,FALSE,
247,I,mir,numeric,sometimes(2),2,,FALSE,
247,I,mir,numeric,often(3),3,,FALSE,
247,I,mig,numeric,damaged information(-6),-6,damaged information,TRUE,
247,I,mig,numeric,terminated(-5),-5,terminated,TRUE,
247,I,mig,numeric,refusal R/skip by Interviewer(-4),-4,refusal R/skip by Interviewer,TRUE,
247,I,mig,numeric,short version(-3),-3,short version,TRUE,
247,I,mig,numeric,no oth members(-1),-1,no oth members,TRUE,
247,I,mig,numeric,no members/never support(0),0,,FALSE,
247,I,mig,numeric,seldom(1),1,,FALSE,
247,I,mig,numeric,sometimes(2),2,,FALSE,
247,I,mig,numeric,often(3),3,,FALSE,
247,I,mer,numeric,damaged information(-6),-6,damaged information,TRUE,
247,I,mer,numeric,terminated(-5),-5,terminated,TRUE,
247,I,mer,numeric,refusal R/skip by Interviewer(-4),-4,refusal R/skip by Interviewer,TRUE,
247,I,mer,numeric,short version(-3),-3,short version,TRUE,
247,I,mer,numeric,no oth members(-1),-1,no oth members,TRUE,
247,I,mer,numeric,no members/never support(0),0,,FALSE,
247,I,mer,numeric,seldom(1),1,,FALSE,
247,I,mer,numeric,sometimes(2),2,,FALSE,
247,I,mer,numeric,often(3),3,,FALSE,
247,I,meg,numeric,damaged information(-6),-6,damaged information,TRUE,
247,I,meg,numeric,terminated(-5),-5,terminated,TRUE,
247,I,meg,numeric,refusal R/skip by Interviewer(-4),-4,refusal R/skip by Interviewer,TRUE,
247,I,meg,numeric,short version(-3),-3,short version,TRUE,
247,I,meg,numeric,no oth members(-1),-1,no oth members,TRUE,
247,I,meg,numeric,no members/never support(0),0,,FALSE,
247,I,meg,numeric,seldom(1),1,,FALSE,
247,I,meg,numeric,sometimes(2),2,,FALSE,
247,I,meg,numeric,often(3),3,,FALSE,
247,I,confnum,numeric,terminated(-5),-5,terminated,TRUE,
247,I,confnum,numeric,refusal R/skip by Interviewer(-4),-4,refusal R/skip by Interviewer,TRUE,
247,I,confnum,numeric,short version(-3),-3,short version,TRUE,
247,I,confnum,numeric,no network members(-2),-2,no network members,TRUE,
247,I,confnum,numeric,no answer(-1),-1,no answer,TRUE,
247,I,confnum,numeric,no confidants(0),0,,FALSE,
247,I,confnum,numeric,1 confidant identified(1),1,,FALSE,
247,I,confnum,numeric,2 confidants identified(2),2,,FALSE,
247,I,confnum,numeric,3 confidants identified(3),3,,FALSE,
247,I,confnum,numeric,4 confidants identified(4),4,,FALSE,
247,I,confnum,numeric,5 confidants identified(5),5,,FALSE,
247,I,confnum,numeric,6 confidants identified(6),6,,FALSE,
247,I,confnum,numeric,7 confidants identified(7),7,,FALSE,
247,I,confnum,numeric,8 confidants identified(8),8,,FALSE,
247,I,confnum,numeric,9 confidants (maximum)(9),9,,FALSE,
247,I,confinf,categorical,terminated(-5),-5,terminated,TRUE,
247,I,confinf,categorical,refusal R/skip by Interviewer(-4),-4,refusal R/skip by Interviewer,TRUE,
247,I,confinf,categorical,short version(-3),-3,short version,TRUE,
247,I,confinf,categorical,no network members(-2),-2,no network members,TRUE,
247,I,confinf,categorical,no answer(-1),-1,no answer,TRUE,
247,I,confinf,categorical,no confidant available(1),1,no confidant available,FALSE,
247,I,confinf,categorical,confidant not necessary(2),2,confidant not necessary,FALSE,
247,I,confinf,categorical,confidant(s) identified(3),3,confidant(s) identified,FALSE,
247,I,confinf,categorical,"all are confidant, 0 identified(4)",4,"all are confidant, 0 identified",FALSE,
247,I,confinf,categorical,all are confidant + identified(5),5,all are confidant + identified,FALSE,
247,I,confinf,categorical,"other(s) not in network, 0 identified(6)",6,"other(s) not in network, 0 identified",FALSE,
247,I,confinf,categorical,other(s) not in network + identified(7),7,other(s) not in network + identified,FALSE,
247,J,mis247,categorical,no missings(0),0,no missings,FALSE,
247,J,mis247,categorical,support skip(4),4,support skip,FALSE,
247,J,mis247,categorical,support terminated(5),5,support terminated,FALSE,
247,J,mis247,categorical,characteristics skipped(40),40,characteristics skipped,FALSE,
247,J,mis247,categorical,>characteristics skipped(44),44,>characteristics skipped,FALSE,
247,J,mis247,categorical,>characteristics skipped(55),55,>characteristics skipped,FALSE,
247,J,mis247,categorical,size=0(111),111,size=0,FALSE,
247,J,mis247,categorical,>contactfrequency terminated(555),555,>contactfrequency terminated,FALSE,
247,J,mis247,categorical,contactfrequency skipped(444),444,contactfrequency skipped,FALSE,
247,J,mis247,categorical,short version(3333),3333,short version,FALSE,
247,J,mis247,categorical,refusal R/skip by Interviewer(4444),4444,refusal R/skip by Interviewer,FALSE,
247,J,mis247,categorical,terminated(5555),5555,terminated,FALSE,
247,J,mis247,categorical,damaged information(6666),6666,damaged information,FALSE,
247,J,nwsize,numeric,damaged information(-6),-6,damaged information,TRUE,
247,J,nwsize,numeric,terminated(-5),-5,terminated,TRUE,
247,J,nwsize,numeric,refusal R/skip by Interviewer(-4),-4,refusal R/skip by Interviewer,TRUE,
247,J,nwsize,numeric,short version(-3),-3,short version,TRUE,
247,J,nwsize,numeric,none(0),0,,FALSE,
247,J,nwsize,numeric,1 member(1),1,,FALSE,
247,J,nwsize,numeric,10 members(10),10,,FALSE,
247,J,nwsize,numeric,20 members(20),20,,FALSE,
247,J,nwsize,numeric,30 members(30),30,,FALSE,
247,J,nwsize,numeric,40 members(40),40,,FALSE,
247,J,nwsize,numeric,50 members(50),50,,FALSE,
247,J,nwsize,numeric,60 members(60),60,,FALSE,
247,J,nwsize,numeric,70 members(70),70,,FALSE,
247,J,nwsize,numeric,maximum(80),80,,FALSE,
247,J,sq,categorical,damaged information(-6),-6,damaged information,TRUE,
247,J,sq,categorical,terminated(-5),-5,terminated,TRUE,
247,J,sq,categorical,refusal R/skip by Interviewer(-4),-4,refusal R/skip by Interviewer,TRUE,
247,J,sq,categorical,short version(-3),-3,short version,TRUE,
247,J,sq,categorical,no members(-2),-2,no members,TRUE,
247,J,sq,categorical,no oth members(-1),-1,no oth members,TRUE,
247,J,ir,numeric,damaged information(-6),-6,damaged information,TRUE,
247,J,ir,numeric,terminated(-5),-5,terminated,TRUE,
247,J,ir,numeric,refusal R/skip by Interviewer(-4),-4,refusal R/skip by Interviewer,TRUE,
247,J,ir,numeric,short version(-3),-3,short version,TRUE,
247,J,ir,numeric,no oth members(-1),-1,no oth members,TRUE,
247,J,ir,numeric,no (other) members(0),0,,FALSE,
247,J,ir,numeric,maximum (9x4)(36),36,,FALSE,
247,J,ig,numeric,damaged information(-6),-6,damaged information,TRUE,
247,J,ig,numeric,terminated(-5),-5,terminated,TRUE,
247,J,ig,numeric,refusal R/skip by Interviewer(-4),-4,refusal R/skip by Interviewer,TRUE,
247,J,ig,numeric,short version(-3),-3,short version,TRUE,
247,J,ig,numeric,no oth members(-1),-1,no oth members,TRUE,
247,J,ig,numeric,no (other) members(0),0,,FALSE,
247,J,ig,numeric,maximum (9x4)(36),36,,FALSE,
247,J,er,numeric,damaged information(-6),-6,damaged information,TRUE,
247,J,er,numeric,terminated(-5),-5,terminated,TRUE,
247,J,er,numeric,refusal R/skip by Interviewer(-4),-4,refusal R/skip by Interviewer,TRUE,
247,J,er,numeric,short version(-3),-3,short version,TRUE,
247,J,er,numeric,no oth members(-1),-1,no oth members,TRUE,
247,J,er,numeric,no (other) members(0),0,,FALSE,
247,J,er,numeric,maximum (9x4)(36),36,,FALSE,
247,J,eg,numeric,damaged information(-6),-6,damaged information,TRUE,
247,J,eg,numeric,terminated(-5),-5,terminated,TRUE,
247,J,eg,numeric,refusal R/skip by Interviewer(-4),-4,refusal R/skip by Interviewer,TRUE,
247,J,eg,numeric,short version(-3),-3,short version,TRUE,
247,J,eg,numeric,no oth members(-1),-1,no oth members,TRUE,
247,J,eg,numeric,no (other) members(0),0,,FALSE,
247,J,eg,numeric,maximum (9x4)(36),36,,FALSE,
247,J,mir,numeric,damaged information(-6),-6,damaged information,TRUE,
247,J,mir,numeric,terminated(-5),-5,terminated,TRUE,
247,J,mir,numeric,refusal R/skip by Interviewer(-4),-4,refusal R/skip by Interviewer,TRUE,
247,J,mir,numeric,short version(-3),-3,short version,TRUE,
247,J,mir,numeric,no oth members(-1),-1,no oth members,TRUE,
247,J,mir,numeric,no members/never support(0),0,,FALSE,
247,J,mir,numeric,seldom(1),1,,FALSE,
247,J,mir,numeric,sometimes(2),2,,FALSE,
247,J,mir,numeric,often(3),3,,FALSE,
247,J,mig,numeric,damaged information(-6),-6,damaged information,TRUE,
247,J,mig,numeric,terminated(-5),-5,terminated,TRUE,
247,J,mig,numeric,refusal R/skip by Interviewer(-4),-4,refusal R/skip by Interviewer,TRUE,
247,J,mig,numeric,short version(-3),-3,short version,TRUE,
247,J,mig,numeric,no oth members(-1),-1,no oth members,TRUE,
247,J,mig,numeric,no members/never support(0),0,,FALSE,
247,J,mig,numeric,seldom(1),1,,FALSE,
247,J,mig,numeric,sometimes(2),2,,FALSE,
247,J,mig,numeric,often(3),3,,FALSE,
247,J,mer,numeric,damaged information(-6),-6,damaged information,TRUE,
247,J,mer,numeric,terminated(-5),-5,terminated,TRUE,
247,J,mer,numeric,refusal R/skip by Interviewer(-4),-4,refusal R/skip by Interviewer,TRUE,
247,J,mer,numeric,short version(-3),-3,short version,TRUE,
247,J,mer,numeric,no oth members(-1),-1,no oth members,TRUE,
247,J,mer,numeric,no members/never support(0),0,,FALSE,
247,J,mer,numeric,seldom(1),1,,FALSE,
247,J,mer,numeric,sometimes(2),2,,FALSE,
247,J,mer,numeric,often(3),3,,FALSE,
247,J,meg,numeric,damaged information(-6),-6,damaged information,TRUE,
247,J,meg,numeric,terminated(-5),-5,terminated,TRUE,
247,J,meg,numeric,refusal R/skip by Interviewer(-4),-4,refusal R/skip by Interviewer,TRUE,
247,J,meg,numeric,short version(-3),-3,short version,TRUE,
247,J,meg,numeric,no oth members(-1),-1,no oth members,TRUE,
247,J,meg,numeric,no members/never support(0),0,,FALSE,
247,J,meg,numeric,seldom(1),1,,FALSE,
247,J,meg,numeric,sometimes(2),2,,FALSE,
247,J,meg,numeric,often(3),3,,FALSE,
247,J,confnum,numeric,terminated(-5),-5,terminated,TRUE,
247,J,confnum,numeric,refusal R/skip by Interviewer(-4),-4,refusal R/skip by Interviewer,TRUE,
247,J,confnum,numeric,short version(-3),-3,short version,TRUE,
247,J,confnum,numeric,no network members(-2),-2,no network members,TRUE,
247,J,confnum,numeric,no answer(-1),-1,no answer,TRUE,
247,J,confnum,numeric,no confidants(0),0,,FALSE,
247,J,confnum,numeric,1 confidant identified(1),1,,FALSE,
247,J,confnum,numeric,2 confidants identified(2),2,,FALSE,
247,J,confnum,numeric,3 confidants identified(3),3,,FALSE,
247,J,confnum,numeric,4 confidants identified(4),4,,FALSE,
247,J,confnum,numeric,5 confidants identified(5),5,,FALSE,
247,J,confnum,numeric,6 confidants identified(6),6,,FALSE,
247,J,confnum,numeric,7 confidants identified(7),7,,FALSE,
247,J,confnum,numeric,8 confidants identified(8),8,,FALSE,
247,J,confnum,numeric,9 confidants (maximum)(9),9,,FALSE,
247,J,confinf,categorical,terminated(-5),-5,terminated,TRUE,
247,J,confinf,categorical,refusal R/skip by Interviewer(-4),-4,refusal R/skip by Interviewer,TRUE,
247,J,confinf,categorical,short version(-3),-3,short version,TRUE,
247,J,confinf,categorical,no network members(-2),-2,no network members,TRUE,
247,J,confinf,categorical,no answer(-1),-1,no answer,TRUE,
247,J,confinf,categorical,no confidant available(1),1,no confidant available,FALSE,
247,J,confinf,categorical,confidant not necessary(2),2,confidant not necessary,FALSE,
247,J,confinf,categorical,confidant(s) identified(3),3,confidant(s) identified,FALSE,
247,J,confinf,categorical,"all are confidant, 0 identified(4)",4,"all are confidant, 0 identified",FALSE,
247,J,confinf,categorical,all are confidant + identified(5),5,all are confidant + identified,FALSE,
247,J,confinf,categorical,"other(s) not in network, 0 identified(6)",6,"other(s) not in network, 0 identified",FALSE,
247,J,confinf,categorical,other(s) not in network + identified(7),7,other(s) not in network + identified,FALSE,
247,J,nwdiversity,numeric,telephone interview(-8),-8,telephone interview,TRUE,
247,J,nwdiversity,numeric,proxy interview(-7),-7,proxy interview,TRUE,
247,J,nwdiversity,numeric,damaged information(-6),-6,damaged information,TRUE,
247,J,nwdiversity,numeric,terminated(-5),-5,terminated,TRUE,
247,J,nwdiversity,numeric,refusal R/skip by Interviewer(-4),-4,refusal R/skip by Interviewer,TRUE,
247,J,nwdiversity,numeric,short version(-3),-3,short version,TRUE,
247,J,nwpctnonkin,numeric,telephone interview(-8),-8,telephone interview,TRUE,
247,J,nwpctnonkin,numeric,proxy interview(-7),-7,proxy interview,TRUE,
247,J,nwpctnonkin,numeric,damaged information(-6),-6,damaged information,TRUE,
247,J,nwpctnonkin,numeric,terminated(-5),-5,terminated,TRUE,
247,J,nwpctnonkin,numeric,refusal R/skip by Interviewer(-4),-4,refusal R/skip by Interviewer,TRUE,
247,J,nwpctnonkin,numeric,short version(-3),-3,short version,TRUE,
247,J,nwpctnonkin,numeric,kin only | no network members(0),0,,FALSE,
247,J,nwpctnonkin,numeric,non-kin only(100),100,,FALSE,
247,J,nwdaily,ordinal,telephone interview(-8),-8,telephone interview,TRUE,
247,J,nwdaily,ordinal,proxy interview(-7),-7,proxy interview,TRUE,
247,J,nwdaily,ordinal,damaged information(-6),-6,damaged information,TRUE,
247,J,nwdaily,ordinal,terminated(-5),-5,terminated,TRUE,
247,J,nwdaily,ordinal,refusal R/skip by Interviewer(-4),-4,refusal R/skip by Interviewer,TRUE,
247,J,nwdaily,ordinal,short version(-3),-3,short version,TRUE,
247,J,nwdaily,ordinal,no network members(0),0,no network members,FALSE,
247,J,nwdaily,ordinal,weekly contact(1),1,weekly contact,FALSE,
247,J,nwdaily,ordinal,several times/week(2),2,several times/week,FALSE,
247,J,nwdaily,ordinal,daily contact w/ other than partner(3),3,daily contact w/ other than partner,FALSE,
247,J,nwdaily,ordinal,partner: living w/ | daily contact(4),4,partner: living w/ | daily contact,FALSE,
247,J,nwconftype,categorical,terminated(-5),-5,terminated,TRUE,
247,J,nwconftype,categorical,refusal R/skip by Interviewer(-4),-4,refusal R/skip by Interviewer,TRUE,
247,J,nwconftype,categorical,short version(-3),-3,short version,TRUE,
247,J,nwconftype,categorical,not asked (observation LSNa; LASAb)(-2),-2,not asked (observation LSNa; LASAb),TRUE,
247,J,nwconftype,categorical,no answer(-1),-1,no answer,TRUE,
247,J,nwconftype,categorical,no network members; no confidant available; confidant not necessary(0),0,no network members; no confidant available; confidant not necessary,FALSE,
247,J,nwconftype,categorical,partner is #1 among confidants(1),1,partner is #1 among confidants,FALSE,
247,J,nwconftype,categorical,partner among confidants(2),2,partner among confidants,FALSE,
247,J,nwconftype,categorical,biological child among confidants(3),3,biological child among confidants,FALSE,
247,J,nwconftype,categorical,non-biological child/child-in-law(4),4,non-biological child/child-in-law,FALSE,
247,J,nwconftype,categorical,other kin(5),5,other kin,FALSE,
247,J,nwconftype,categorical,friend(6),6,friend,FALSE,
247,J,nwconftype,categorical,other non-kin/all network members/person not in network(7),7,other non-kin/all network members/person not in network,FALSE,
247,K,mis247,categorical,no missings(0),0,no missings,FALSE,
247,K,mis247,categorical,support skip(4),4,support skip,FALSE,
247,K,mis247,categorical,support terminated(5),5,support terminated,FALSE,
247,K,mis247,categorical,characteristics skipped(40),40,characteristics skipped,FALSE,
247,K,mis247,categorical,>characteristics skipped(44),44,>characteristics skipped,FALSE,
247,K,mis247,categorical,>characteristics skipped(55),55,>characteristics skipped,FALSE,
247,K,mis247,categorical,size=0(111),111,size=0,FALSE,
247,K,mis247,categorical,>contactfrequency terminated(555),555,>contactfrequency terminated,FALSE,
247,K,mis247,categorical,contactfrequency skipped(444),444,contactfrequency skipped,FALSE,
247,K,mis247,categorical,short version(3333),3333,short version,FALSE,
247,K,mis247,categorical,refusal R/skip by Interviewer(4444),4444,refusal R/skip by Interviewer,FALSE,
247,K,mis247,categorical,terminated(5555),5555,terminated,FALSE,
247,K,mis247,categorical,damaged information(6666),6666,damaged information,FALSE,
247,K,nwsize,numeric,damaged information(-6),-6,damaged information,TRUE,
247,K,nwsize,numeric,terminated(-5),-5,terminated,TRUE,
247,K,nwsize,numeric,refusal R/skip by Interviewer(-4),-4,refusal R/skip by Interviewer,TRUE,
247,K,nwsize,numeric,short version(-3),-3,short version,TRUE,
247,K,nwsize,numeric,none(0),0,,FALSE,
247,K,nwsize,numeric,1 member(1),1,,FALSE,
247,K,nwsize,numeric,10 members(10),10,,FALSE,
247,K,nwsize,numeric,20 members(20),20,,FALSE,
247,K,nwsize,numeric,30 members(30),30,,FALSE,
247,K,nwsize,numeric,40 members(40),40,,FALSE,
247,K,nwsize,numeric,50 members(50),50,,FALSE,
247,K,nwsize,numeric,60 members(60),60,,FALSE,
247,K,nwsize,numeric,70 members(70),70,,FALSE,
247,K,nwsize,numeric,maximum(80),80,,FALSE,
247,K,sq,categorical,damaged information(-6),-6,damaged information,TRUE,
247,K,sq,categorical,terminated(-5),-5,terminated,TRUE,
247,K,sq,categorical,refusal R/skip by Interviewer(-4),-4,refusal R/skip by Interviewer,TRUE,
247,K,sq,categorical,short version(-3),-3,short version,TRUE,
247,K,sq,categorical,no members(-2),-2,no members,TRUE,
247,K,sq,categorical,no oth members(-1),-1,no oth members,TRUE,
247,K,ir,numeric,damaged information(-6),-6,damaged information,TRUE,
247,K,ir,numeric,terminated(-5),-5,terminated,TRUE,
247,K,ir,numeric,refusal R/skip by Interviewer(-4),-4,refusal R/skip by Interviewer,TRUE,
247,K,ir,numeric,short version(-3),-3,short version,TRUE,
247,K,ir,numeric,no oth members(-1),-1,no oth members,TRUE,
247,K,ir,numeric,no (other) members(0),0,,FALSE,
247,K,ir,numeric,maximum (9x4)(36),36,,FALSE,
247,K,ig,numeric,damaged information(-6),-6,damaged information,TRUE,
247,K,ig,numeric,terminated(-5),-5,terminated,TRUE,
247,K,ig,numeric,refusal R/skip by Interviewer(-4),-4,refusal R/skip by Interviewer,TRUE,
247,K,ig,numeric,short version(-3),-3,short version,TRUE,
247,K,ig,numeric,no oth members(-1),-1,no oth members,TRUE,
247,K,ig,numeric,no (other) members(0),0,,FALSE,
247,K,ig,numeric,maximum (9x4)(36),36,,FALSE,
247,K,er,numeric,damaged information(-6),-6,damaged information,TRUE,
247,K,er,numeric,terminated(-5),-5,terminated,TRUE,
247,K,er,numeric,refusal R/skip by Interviewer(-4),-4,refusal R/skip by Interviewer,TRUE,
247,K,er,numeric,short version(-3),-3,short version,TRUE,
247,K,er,numeric,no oth members(-1),-1,no oth members,TRUE,
247,K,er,numeric,no (other) members(0),0,,FALSE,
247,K,er,numeric,maximum (9x4)(36),36,,FALSE,
247,K,eg,numeric,damaged information(-6),-6,damaged information,TRUE,
247,K,eg,numeric,terminated(-5),-5,terminated,TRUE,
247,K,eg,numeric,refusal R/skip by Interviewer(-4),-4,refusal R/skip by Interviewer,TRUE,
247,K,eg,numeric,short version(-3),-3,short version,TRUE,
247,K,eg,numeric,no oth members(-1),-1,no oth members,TRUE,
247,K,eg,numeric,no (other) members(0),0,,FALSE,
247,K,eg,numeric,maximum (9x4)(36),36,,FALSE,
247,K,mir,numeric,damaged information(-6),-6,damaged information,TRUE,
247,K,mir,numeric,terminated(-5),-5,terminated,TRUE,
247,K,mir,numeric,refusal R/skip by Interviewer(-4),-4,refusal R/skip by Interviewer,TRUE,
247,K,mir,numeric,short version(-3),-3,short version,TRUE,
247,K,mir,numeric,no oth members(-1),-1,no oth members,TRUE,
247,K,mir,numeric,no members/never support(0),0,,FALSE,
247,K,mir,numeric,seldom(1),1,,FALSE,
247,K,mir,numeric,sometimes(2),2,,FALSE,
247,K,mir,numeric,often(3),3,,FALSE,
247,K,mig,numeric,damaged information(-6),-6,damaged information,TRUE,
247,K,mig,numeric,terminated(-5),-5,terminated,TRUE,
247,K,mig,numeric,refusal R/skip by Interviewer(-4),-4,refusal R/skip by Interviewer,TRUE,
247,K,mig,numeric,short version(-3),-3,short version,TRUE,
247,K,mig,numeric,no oth members(-1),-1,no oth members,TRUE,
247,K,mig,numeric,no members/never support(0),0,,FALSE,
247,K,mig,numeric,seldom(1),1,,FALSE,
247,K,mig,numeric,sometimes(2),2,,FALSE,
247,K,mig,numeric,often(3),3,,FALSE,
247,K,mer,numeric,damaged information(-6),-6,damaged information,TRUE,
247,K,mer,numeric,terminated(-5),-5,terminated,TRUE,
247,K,mer,numeric,refusal R/skip by Interviewer(-4),-4,refusal R/skip by Interviewer,TRUE,
247,K,mer,numeric,short version(-3),-3,short version,TRUE,
247,K,mer,numeric,no oth members(-1),-1,no oth members,TRUE,
247,K,mer,numeric,no members/never support(0),0,,FALSE,
247,K,mer,numeric,seldom(1),1,,FALSE,
247,K,mer,numeric,sometimes(2),2,,FALSE,
247,K,mer,numeric,often(3),3,,FALSE,
247,K,meg,numeric,damaged information(-6),-6,damaged information,TRUE,
247,K,meg,numeric,terminated(-5),-5,terminated,TRUE,
247,K,meg,numeric,refusal R/skip by Interviewer(-4),-4,refusal R/skip by Interviewer,TRUE,
247,K,meg,numeric,short version(-3),-3,short version,TRUE,
247,K,meg,numeric,no oth members(-1),-1,no oth members,TRUE,
247,K,meg,numeric,no members/never support(0),0,,FALSE,
247,K,meg,numeric,seldom(1),1,,FALSE,
247,K,meg,numeric,sometimes(2),2,,FALSE,
247,K,meg,numeric,often(3),3,,FALSE,
247,K,confnum,numeric,terminated(-5),-5,terminated,TRUE,
247,K,confnum,numeric,refusal R/skip by Interviewer(-4),-4,refusal R/skip by Interviewer,TRUE,
247,K,confnum,numeric,short version(-3),-3,short version,TRUE,
247,K,confnum,numeric,no network members(-2),-2,no network members,TRUE,
247,K,confnum,numeric,no answer(-1),-1,no answer,TRUE,
247,K,confnum,numeric,no confidants(0),0,,FALSE,
247,K,confnum,numeric,1 confidant identified(1),1,,FALSE,
247,K,confnum,numeric,2 confidants identified(2),2,,FALSE,
247,K,confnum,numeric,3 confidants identified(3),3,,FALSE,
247,K,confnum,numeric,4 confidants identified(4),4,,FALSE,
247,K,confnum,numeric,5 confidants identified(5),5,,FALSE,
247,K,confnum,numeric,6 confidants identified(6),6,,FALSE,
247,K,confnum,numeric,7 confidants identified(7),7,,FALSE,
247,K,confnum,numeric,8 confidants identified(8),8,,FALSE,
247,K,confnum,numeric,9 confidants (maximum)(9),9,,FALSE,
247,K,confinf,categorical,terminated(-5),-5,terminated,TRUE,
247,K,confinf,categorical,refusal R/skip by Interviewer(-4),-4,refusal R/skip by Interviewer,TRUE,
247,K,confinf,categorical,short version(-3),-3,short version,TRUE,
247,K,confinf,categorical,no network members(-2),-2,no network members,TRUE,
247,K,confinf,categorical,no answer(-1),-1,no answer,TRUE,
247,K,confinf,categorical,no confidant available(1),1,no confidant available,FALSE,
247,K,confinf,categorical,confidant not necessary(2),2,confidant not necessary,FALSE,
247,K,confinf,categorical,confidant(s) identified(3),3,confidant(s) identified,FALSE,
247,K,confinf,categorical,"all are confidant, 0 identified(4)",4,"all are confidant, 0 identified",FALSE,
247,K,confinf,categorical,all are confidant + identified(5),5,all are confidant + identified,FALSE,
247,K,confinf,categorical,"other(s) not in network, 0 identified(6)",6,"other(s) not in network, 0 identified",FALSE,
247,K,confinf,categorical,other(s) not in network + identified(7),7,other(s) not in network + identified,FALSE,
247,K,nwdiversity,numeric,telephone interview(-8),-8,telephone interview,TRUE,
247,K,nwdiversity,numeric,proxy interview(-7),-7,proxy interview,TRUE,
247,K,nwdiversity,numeric,damaged information(-6),-6,damaged information,TRUE,
247,K,nwdiversity,numeric,terminated(-5),-5,terminated,TRUE,
247,K,nwdiversity,numeric,refusal R/skip by Interviewer(-4),-4,refusal R/skip by Interviewer,TRUE,
247,K,nwdiversity,numeric,short version(-3),-3,short version,TRUE,
247,K,nwpctnonkin,numeric,telephone interview(-8),-8,telephone interview,TRUE,
247,K,nwpctnonkin,numeric,proxy interview(-7),-7,proxy interview,TRUE,
247,K,nwpctnonkin,numeric,damaged information(-6),-6,damaged information,TRUE,
247,K,nwpctnonkin,numeric,terminated(-5),-5,terminated,TRUE,
247,K,nwpctnonkin,numeric,refusal R/skip by Interviewer(-4),-4,refusal R/skip by Interviewer,TRUE,
247,K,nwpctnonkin,numeric,short version(-3),-3,short version,TRUE,
247,K,nwpctnonkin,numeric,kin only | no network members(0),0,,FALSE,
247,K,nwpctnonkin,numeric,non-kin only(100),100,,FALSE,
247,K,nwdaily,ordinal,telephone interview(-8),-8,telephone interview,TRUE,
247,K,nwdaily,ordinal,proxy interview(-7),-7,proxy interview,TRUE,
247,K,nwdaily,ordinal,damaged information(-6),-6,damaged information,TRUE,
247,K,nwdaily,ordinal,terminated(-5),-5,terminated,TRUE,
247,K,nwdaily,ordinal,refusal R/skip by Interviewer(-4),-4,refusal R/skip by Interviewer,TRUE,
247,K,nwdaily,ordinal,short version(-3),-3,short version,TRUE,
247,K,nwdaily,ordinal,no network members(0),0,no network members,FALSE,
247,K,nwdaily,ordinal,weekly contact(1),1,weekly contact,FALSE,
247,K,nwdaily,ordinal,several times/week(2),2,several times/week,FALSE,
247,K,nwdaily,ordinal,daily contact w/ other than partner(3),3,daily contact w/ other than partner,FALSE,
247,K,nwdaily,ordinal,partner: living w/ | daily contact(4),4,partner: living w/ | daily contact,FALSE,
247,K,nwconftype,categorical,terminated(-5),-5,terminated,TRUE,
247,K,nwconftype,categorical,refusal R/skip by Interviewer(-4),-4,refusal R/skip by Interviewer,TRUE,
247,K,nwconftype,categorical,short version(-3),-3,short version,TRUE,
247,K,nwconftype,categorical,not asked (observation LSNa; LASAb)(-2),-2,not asked (observation LSNa; LASAb),TRUE,
247,K,nwconftype,categorical,no answer(-1),-1,no answer,TRUE,
247,K,nwconftype,categorical,no network members; no confidant available; confidant not necessary(0),0,no network members; no confidant available; confidant not necessary,FALSE,
247,K,nwconftype,categorical,partner is #1 among confidants(1),1,partner is #1 among confidants,FALSE,
247,K,nwconftype,categorical,partner among confidants(2),2,partner among confidants,FALSE,
247,K,nwconftype,categorical,biological child among confidants(3),3,biological child among confidants,FALSE,
247,K,nwconftype,categorical,non-biological child/child-in-law(4),4,non-biological child/child-in-law,FALSE,
247,K,nwconftype,categorical,other kin(5),5,other kin,FALSE,
247,K,nwconftype,categorical,friend(6),6,friend,FALSE,
247,K,nwconftype,categorical,other non-kin/all network members/person not in network(7),7,other non-kin/all network members/person not in network,FALSE,
247,Z,mis247,categorical,0,0,no missings,FALSE,
247,Z,mis247,categorical,4,4,support skip,FALSE,
247,Z,mis247,categorical,5,5,support terminated,FALSE,
247,Z,mis247,categorical,40,40,characteristics skipped,FALSE,
247,Z,mis247,categorical,44,44,>characteristics skipped,FALSE,
247,Z,mis247,categorical,55,55,>characteristics skipped,FALSE,
247,Z,mis247,categorical,111,111,size=0,FALSE,
247,Z,mis247,categorical,555,555,>contactfrequency terminated,FALSE,
247,Z,mis247,categorical,444,444,contactfrequency skipped,FALSE,
247,Z,mis247,categorical,3333,3333,short version,FALSE,
247,Z,mis247,categorical,4444,4444,refusal R/skip by Interviewer,FALSE,
247,Z,mis247,categorical,5555,5555,terminated,FALSE,
247,Z,mis247,categorical,6666,6666,damaged information,FALSE,
247,Z,nwsize,numeric,-6,-6,damaged information,TRUE,
247,Z,nwsize,numeric,-5,-5,terminated,TRUE,
247,Z,nwsize,numeric,-4,-4,refusal R/skip by Interviewer,TRUE,
247,Z,nwsize,numeric,-3,-3,short version,TRUE,
247,Z,nwsize,numeric,0,0,,FALSE,
247,Z,nwsize,numeric,1,1,,FALSE,
247,Z,nwsize,numeric,10,10,,FALSE,
247,Z,nwsize,numeric,20,20,,FALSE,
247,Z,nwsize,numeric,30,30,,FALSE,
247,Z,nwsize,numeric,40,40,,FALSE,
247,Z,nwsize,numeric,50,50,,FALSE,
247,Z,nwsize,numeric,60,60,,FALSE,
247,Z,nwsize,numeric,70,70,,FALSE,
247,Z,nwsize,numeric,80,80,,FALSE,
247,Z,sq,categorical,-6,-6,damaged information,TRUE,
247,Z,sq,categorical,-5,-5,terminated,TRUE,
247,Z,sq,categorical,-4,-4,refusal R/skip by Interviewer,TRUE,
247,Z,sq,categorical,-3,-3,short version,TRUE,
247,Z,sq,categorical,-2,-2,no members,TRUE,
247,Z,sq,categorical,-1,-1,no oth members,TRUE,
247,Z,ir,numeric,-6,-6,damaged information,TRUE,
247,Z,ir,numeric,-5,-5,terminated,TRUE,
247,Z,ir,numeric,-4,-4,refusal R/skip by Interviewer,TRUE,
247,Z,ir,numeric,-3,-3,short version,TRUE,
247,Z,ir,numeric,-1,-1,no oth members,TRUE,
247,Z,ir,numeric,0,0,,FALSE,
247,Z,ir,numeric,36,36,,FALSE,
247,Z,ig,numeric,-6,-6,damaged information,TRUE,
247,Z,ig,numeric,-5,-5,terminated,TRUE,
247,Z,ig,numeric,-4,-4,refusal R/skip by Interviewer,TRUE,
247,Z,ig,numeric,-3,-3,short version,TRUE,
247,Z,ig,numeric,-1,-1,no oth members,TRUE,
247,Z,ig,numeric,0,0,,FALSE,
247,Z,ig,numeric,36,36,,FALSE,
247,Z,er,numeric,-6,-6,damaged information,TRUE,
247,Z,er,numeric,-5,-5,terminated,TRUE,
247,Z,er,numeric,-4,-4,refusal R/skip by Interviewer,TRUE,
247,Z,er,numeric,-3,-3,short version,TRUE,
247,Z,er,numeric,-1,-1,no oth members,TRUE,
247,Z,er,numeric,0,0,,FALSE,
247,Z,er,numeric,36,36,,FALSE,
247,Z,eg,numeric,-6,-6,damaged information,TRUE,
247,Z,eg,numeric,-5,-5,terminated,TRUE,
247,Z,eg,numeric,-4,-4,refusal R/skip by Interviewer,TRUE,
247,Z,eg,numeric,-3,-3,short version,TRUE,
247,Z,eg,numeric,-1,-1,no oth members,TRUE,
247,Z,eg,numeric,0,0,,FALSE,
247,Z,eg,numeric,36,36,,FALSE,
247,Z,mir,numeric,-6,-6,damaged information,TRUE,
247,Z,mir,numeric,-5,-5,terminated,TRUE,
247,Z,mir,numeric,-4,-4,refusal R/skip by Interviewer,TRUE,
247,Z,mir,numeric,-3,-3,short version,TRUE,
247,Z,mir,numeric,-1,-1,no oth members,TRUE,
247,Z,mir,numeric,0,0,,FALSE,
247,Z,mir,numeric,1,1,,FALSE,
247,Z,mir,numeric,2,2,,FALSE,
247,Z,mir,numeric,3,3,,FALSE,
247,Z,mig,numeric,-6,-6,damaged information,TRUE,
247,Z,mig,numeric,-5,-5,terminated,TRUE,
247,Z,mig,numeric,-4,-4,refusal R/skip by Interviewer,TRUE,
247,Z,mig,numeric,-3,-3,short version,TRUE,
247,Z,mig,numeric,-1,-1,no oth members,TRUE,
247,Z,mig,numeric,0,0,,FALSE,
247,Z,mig,numeric,1,1,,FALSE,
247,Z,mig,numeric,2,2,,FALSE,
247,Z,mig,numeric,3,3,,FALSE,
247,Z,mer,numeric,-6,-6,damaged information,TRUE,
247,Z,mer,numeric,-5,-5,terminated,TRUE,
247,Z,mer,numeric,-4,-4,refusal R/skip by Interviewer,TRUE,
247,Z,mer,numeric,-3,-3,short version,TRUE,
247,Z,mer,numeric,-1,-1,no oth members,TRUE,
247,Z,mer,numeric,0,0,,FALSE,
247,Z,mer,numeric,1,1,,FALSE,
247,Z,mer,numeric,2,2,,FALSE,
247,Z,mer,numeric,3,3,,FALSE,
247,Z,meg,numeric,-6,-6,damaged information,TRUE,
247,Z,meg,numeric,-5,-5,terminated,TRUE,
247,Z,meg,numeric,-4,-4,refusal R/skip by Interviewer,TRUE,
247,Z,meg,numeric,-3,-3,short version,TRUE,
247,Z,meg,numeric,-1,-1,no oth members,TRUE,
247,Z,meg,numeric,0,0,,FALSE,
247,Z,meg,numeric,1,1,,FALSE,
247,Z,meg,numeric,2,2,,FALSE,
247,Z,meg,numeric,3,3,,FALSE,
247,Z,confnum,numeric,-5,-5,terminated,TRUE,
247,Z,confnum,numeric,-4,-4,refusal R/skip by Interviewer,TRUE,
247,Z,confnum,numeric,-3,-3,short version,TRUE,
247,Z,confnum,numeric,-2,-2,no network members,TRUE,
247,Z,confnum,numeric,-1,-1,no answer,TRUE,
247,Z,confnum,numeric,0,0,,FALSE,
247,Z,confnum,numeric,1,1,,FALSE,
247,Z,confnum,numeric,2,2,,FALSE,
247,Z,confnum,numeric,3,3,,FALSE,
247,Z,confnum,numeric,4,4,,FALSE,
247,Z,confnum,numeric,5,5,,FALSE,
247,Z,confnum,numeric,6,6,,FALSE,
247,Z,confnum,numeric,7,7,,FALSE,
247,Z,confnum,numeric,8,8,,FALSE,
247,Z,confnum,numeric,9,9,,FALSE,
247,Z,confinf,categorical,-5,-5,terminated,TRUE,
247,Z,confinf,categorical,-4,-4,refusal R/skip by Interviewer,TRUE,
247,Z,confinf,categorical,-3,-3,short version,TRUE,
247,Z,confinf,categorical,-2,-2,no network members,TRUE,
247,Z,confinf,categorical,-1,-1,no answer,TRUE,
247,Z,confinf,categorical,1,1,no confidant available,FALSE,
247,Z,confinf,categorical,2,2,confidant not necessary,FALSE,
247,Z,confinf,categorical,3,3,confidant(s) identified,FALSE,
247,Z,confinf,categorical,4,4,"all are confidant, 0 identified",FALSE,
247,Z,confinf,categorical,5,5,all are confidant + identified,FALSE,
247,Z,confinf,categorical,6,6,"other(s) not in network, 0 identified",FALSE,
247,Z,confinf,categorical,7,7,other(s) not in network + identified,FALSE,
247,Z,nwdiversity,numeric,-8,-8,telephone interview,TRUE,
247,Z,nwdiversity,numeric,-7,-7,proxy interview,TRUE,
247,Z,nwdiversity,numeric,-6,-6,damaged information,TRUE,
247,Z,nwdiversity,numeric,-5,-5,terminated,TRUE,
247,Z,nwdiversity,numeric,-4,-4,refusal R/skip by Interviewer,TRUE,
247,Z,nwdiversity,numeric,-3,-3,short version,TRUE,
247,Z,nwpctnonkin,numeric,-8,-8,telephone interview,TRUE,
247,Z,nwpctnonkin,numeric,-7,-7,proxy interview,TRUE,
247,Z,nwpctnonkin,numeric,-6,-6,damaged information,TRUE,
247,Z,nwpctnonkin,numeric,-5,-5,terminated,TRUE,
247,Z,nwpctnonkin,numeric,-4,-4,refusal R/skip by Interviewer,TRUE,
247,Z,nwpctnonkin,numeric,-3,-3,short version,TRUE,
247,Z,nwpctnonkin,numeric,0,0,,FALSE,
247,Z,nwpctnonkin,numeric,100,100,,FALSE,
247,Z,nwdaily,ordinal,-8,-8,telephone interview,TRUE,
247,Z,nwdaily,ordinal,-7,-7,proxy interview,TRUE,
247,Z,nwdaily,ordinal,-6,-6,damaged information,TRUE,
247,Z,nwdaily,ordinal,-5,-5,terminated,TRUE,
247,Z,nwdaily,ordinal,-4,-4,refusal R/skip by Interviewer,TRUE,
247,Z,nwdaily,ordinal,-3,-3,short version,TRUE,
247,Z,nwdaily,ordinal,0,0,no network members,FALSE,
247,Z,nwdaily,ordinal,1,1,weekly contact,FALSE,
247,Z,nwdaily,ordinal,2,2,several times/week,FALSE,
247,Z,nwdaily,ordinal,3,3,daily contact w/ other than partner,FALSE,
247,Z,nwdaily,ordinal,4,4,partner: living w/ | daily contact,FALSE,
247,Z,nwconftype,categorical,-5,-5,terminated,TRUE,
247,Z,nwconftype,categorical,-4,-4,refusal R/skip by Interviewer,TRUE,
247,Z,nwconftype,categorical,-3,-3,short version,TRUE,
247,Z,nwconftype,categorical,-2,-2,not asked (observation LSNa; LASAb),TRUE,
247,Z,nwconftype,categorical,-1,-1,no answer,TRUE,
247,Z,nwconftype,categorical,0,0,no network members; no confidant available; confidant not necessary,FALSE,
247,Z,nwconftype,categorical,1,1,partner is #1 among confidants,FALSE,
247,Z,nwconftype,categorical,2,2,partner among confidants,FALSE,
247,Z,nwconftype,categorical,3,3,biological child among confidants,FALSE,
247,Z,nwconftype,categorical,4,4,non-biological child/child-in-law,FALSE,
247,Z,nwconftype,categorical,5,5,other kin,FALSE,
247,Z,nwconftype,categorical,6,6,friend,FALSE,
247,Z,nwconftype,categorical,7,7,other non-kin/all network members/person not in network,FALSE,
