filecode,wave,canonical_name,variable_type,value_raw,value_numeric,value_label,is_missing,conflicts
028,B,alcos01,ordinal,"na, see BRMALC in LASAB228(-2)",-2,"na, see BRMALC in LASAB228",TRUE,
028,B,alcos01,ordinal,"na, asked(-1)",-1,"na, asked",TRUE,
028,B,alcos01,ordinal,strongly disagree(1),1,strongly disagree,FALSE,
028,B,alcos01,ordinal,disagree(2),2,disagree,FALSE,
028,B,alcos01,ordinal,no disagreement/agreement(3),3,no disagreement/agreement,FALSE,
028,B,alcos01,ordinal,agree(4),4,agree,FALSE,
028,B,alcos01,ordinal,strongly agree(5),5,strongly agree,FALSE,
028,B,alcos02,ordinal,"see balcos01 -> na, see BRMALC in LASAB228(-2)",-2,"na, see BRMALC in LASAB228",TRUE,
028,B,alcos02,ordinal,"see balcos01 -> na, asked(-1)",-1,"na, asked",TRUE,
028,B,alcos02,ordinal,see balcos01 -> strongly disagree(1),1,strongly disagree,FALSE,
028,B,alcos02,ordinal,see balcos01 -> disagree(2),2,disagree,FALSE,
028,B,alcos02,ordinal,see balcos01 -> no disagreement/agreement(3),3,no disagreement/agreement,FALSE,
028,B,alcos02,ordinal,see balcos01 -> agree(4),4,agree,FALSE,
028,B,alcos02,ordinal,see balcos01 -> strongly agree(5),5,strongly agree,FALSE,
028,B,alcos03,ordinal,"see balcos01 -> na, see BRMALC in LASAB228(-2)",-2,"na, see BRMALC in LASAB228",TRUE,
028,B,alcos03,ordinal,"see balcos01 -> na, asked(-1)",-1,"na, asked",TRUE,
028,B,alcos03,ordinal,see balcos01 -> strongly disagree(1),1,strongly disagree,FALSE,
028,B,alcos03,ordinal,see balcos01 -> disagree(2),2,disagree,FALSE,
028,B,alcos03,ordinal,see balcos01 -> no disagreement/agreement(3),3,no disagreement/agreement,FALSE,
028,B,alcos03,ordinal,see balcos01 -> agree(4),4,agree,FALSE,
028,B,alcos03,ordinal,see balcos01 -> strongly agree(5),5,strongly agree,FALSE,
028,B,alcos04,ordinal,"see balcos01 -> na, see BRMALC in LASAB228(-2)",-2,"na, see BRMALC in LASAB228",TRUE,
028,B,alcos04,ordinal,"see balcos01 -> na, asked(-1)",-1,"na, asked",TRUE,
028,B,alcos04,ordinal,see balcos01 -> strongly disagree(1),1,strongly disagree,FALSE,
028,B,alcos04,ordinal,see balcos01 -> disagree(2),2,disagree,FALSE,
028,B,alcos04,ordinal,see balcos01 -> no disagreement/agreement(3),3,no disagreement/agreement,FALSE,
028,B,alcos04,ordinal,see balcos01 -> agree(4),4,agree,FALSE,
028,B,alcos04,ordinal,see balcos01 -> strongly agree(5),5,strongly agree,FALSE,
028,B,alcos05,ordinal,"see balcos01 -> na, see BRMALC in LASAB228(-2)",-2,"na, see BRMALC in LASAB228",TRUE,
028,B,alcos05,ordinal,"see balcos01 -> na, asked(-1)",-1,"na, asked",TRUE,
028,B,alcos05,ordinal,see balcos01 -> strongly disagree(1),1,strongly disagree,FALSE,
028,B,alcos05,ordinal,see balcos01 -> disagree(2),2,disagree,FALSE,
028,B,alcos05,ordinal,see balcos01 -> no disagreement/agreement(3),3,no disagreement/agreement,FALSE,
028,B,alcos05,ordinal,see balcos01 -> agree(4),4,agree,FALSE,
028,B,alcos05,ordinal,see balcos01 -> strongly agree(5),5,strongly agree,FALSE,
028,B,alcos06,ordinal,"see balcos01 -> na, see BRMALC in LASAB228(-2)",-2,"na, see BRMALC in LASAB228",TRUE,
028,B,alcos06,ordinal,"see balcos01 -> na, asked(-1)",-1,"na, asked",TRUE,
028,B,alcos06,ordinal,see balcos01 -> strongly disagree(1),1,strongly disagree,FALSE,
028,B,alcos06,ordinal,see balcos01 -> disagree(2),2,disagree,FALSE,
028,B,alcos06,ordinal,see balcos01 -> no disagreement/agreement(3),3,no disagreement/agreement,FALSE,
028,B,alcos06,ordinal,see balcos01 -> agree(4),4,agree,FALSE,
028,B,alcos06,ordinal,see balcos01 -> strongly agree(5),5,strongly agree,FALSE,
028,B,alcos07,ordinal,"see balcos01 -> na, see BRMALC in LASAB228(-2)",-2,"na, see BRMALC in LASAB228",TRUE,
028,B,alcos07,ordinal,"see balcos01 -> na, asked(-1)",-1,"na, asked",TRUE,
028,B,alcos07,ordinal,see balcos01 -> strongly disagree(1),1,strongly disagree,FALSE,
028,B,alcos07,ordinal,see balcos01 -> disagree(2),2,disagree,FALSE,
028,B,alcos07,ordinal,see balcos01 -> no disagreement/agreement(3),3,no disagreement/agreement,FALSE,
028,B,alcos07,ordinal,see balcos01 -> agree(4),4,agree,FALSE,
028,B,alcos07,ordinal,see balcos01 -> strongly agree(5),5,strongly agree,FALSE,
028,B,alcos08,ordinal,"see balcos01 -> na, see BRMALC in LASAB228(-2)",-2,"na, see BRMALC in LASAB228",TRUE,
028,B,alcos08,ordinal,"see balcos01 -> na, asked(-1)",-1,"na, asked",TRUE,
028,B,alcos08,ordinal,see balcos01 -> strongly disagree(1),1,strongly disagree,FALSE,
028,B,alcos08,ordinal,see balcos01 -> disagree(2),2,disagree,FALSE,
028,B,alcos08,ordinal,see balcos01 -> no disagreement/agreement(3),3,no disagreement/agreement,FALSE,
028,B,alcos08,ordinal,see balcos01 -> agree(4),4,agree,FALSE,
028,B,alcos08,ordinal,see balcos01 -> strongly agree(5),5,strongly agree,FALSE,
028,B,alcos09,ordinal,"see balcos01 -> na, see BRMALC in LASAB228(-2)",-2,"na, see BRMALC in LASAB228",TRUE,
028,B,alcos09,ordinal,"see balcos01 -> na, asked(-1)",-1,"na, asked",TRUE,
028,B,alcos09,ordinal,see balcos01 -> strongly disagree(1),1,strongly disagree,FALSE,
028,B,alcos09,ordinal,see balcos01 -> disagree(2),2,disagree,FALSE,
028,B,alcos09,ordinal,see balcos01 -> no disagreement/agreement(3),3,no disagreement/agreement,FALSE,
028,B,alcos09,ordinal,see balcos01 -> agree(4),4,agree,FALSE,
028,B,alcos09,ordinal,see balcos01 -> strongly agree(5),5,strongly agree,FALSE,
028,B,alcos10,ordinal,"see balcos01 -> na, see BRMALC in LASAB228(-2)",-2,"na, see BRMALC in LASAB228",TRUE,
028,B,alcos10,ordinal,"see balcos01 -> na, asked(-1)",-1,"na, asked",TRUE,
028,B,alcos10,ordinal,see balcos01 -> strongly disagree(1),1,strongly disagree,FALSE,
028,B,alcos10,ordinal,see balcos01 -> disagree(2),2,disagree,FALSE,
028,B,alcos10,ordinal,see balcos01 -> no disagreement/agreement(3),3,no disagreement/agreement,FALSE,
028,B,alcos10,ordinal,see balcos01 -> agree(4),4,agree,FALSE,
028,B,alcos10,ordinal,see balcos01 -> strongly agree(5),5,strongly agree,FALSE,
028,B,alcos11,ordinal,"see balcos01 -> na, see BRMALC in LASAB228(-2)",-2,"na, see BRMALC in LASAB228",TRUE,
028,B,alcos11,ordinal,"see balcos01 -> na, asked(-1)",-1,"na, asked",TRUE,
028,B,alcos11,ordinal,see balcos01 -> strongly disagree(1),1,strongly disagree,FALSE,
028,B,alcos11,ordinal,see balcos01 -> disagree(2),2,disagree,FALSE,
028,B,alcos11,ordinal,see balcos01 -> no disagreement/agreement(3),3,no disagreement/agreement,FALSE,
028,B,alcos11,ordinal,see balcos01 -> agree(4),4,agree,FALSE,
028,B,alcos11,ordinal,see balcos01 -> strongly agree(5),5,strongly agree,FALSE,
028,B,alcos12,ordinal,"see balcos01 -> na, see BRMALC in LASAB228(-2)",-2,"na, see BRMALC in LASAB228",TRUE,
028,B,alcos12,ordinal,"see balcos01 -> na, asked(-1)",-1,"na, asked",TRUE,
028,B,alcos12,ordinal,see balcos01 -> strongly disagree(1),1,strongly disagree,FALSE,
028,B,alcos12,ordinal,see balcos01 -> disagree(2),2,disagree,FALSE,
028,B,alcos12,ordinal,see balcos01 -> no disagreement/agreement(3),3,no disagreement/agreement,FALSE,
028,B,alcos12,ordinal,see balcos01 -> agree(4),4,agree,FALSE,
028,B,alcos12,ordinal,see balcos01 -> strongly agree(5),5,strongly agree,FALSE,
028,B,alcmv,numeric,"na, see BRMALC in LASAB228(-2)",-2,"na, see BRMALC in LASAB228",TRUE,
028,B,initmv,numeric,"na, see BRMALC in LASAB228(-2)",-2,"na, see BRMALC in LASAB228",TRUE,
028,B,advemv,numeric,"na, see BRMALC in LASAB228(-2)",-2,"na, see BRMALC in LASAB228",TRUE,
028,B,compmv,numeric,"na, see BRMALC in LASAB228(-2)",-2,"na, see BRMALC in LASAB228",TRUE,
028,C,alcos01,ordinal,"na, see C/D/E/B/F/G/H/B/I/J/KRMALC in LASAC/D/E/2B/F/G/H/3B/I/J/K228(-2)",-2,"na, see C/D/E/B/F/G/H/B/I/J/KRMALC in LASAC/D/E/2B/F/G/H/3B/I/J/K228",TRUE,
028,C,alcos01,ordinal,"na, asked(-1)",-1,"na, asked",TRUE,
028,C,alcos01,ordinal,strongly disagree(1),1,strongly disagree,FALSE,
028,C,alcos01,ordinal,disagree(2),2,disagree,FALSE,
028,C,alcos01,ordinal,no disagreement/ agreement(3),3,no disagreement/ agreement,FALSE,
028,C,alcos01,ordinal,agree(4),4,agree,FALSE,
028,C,alcos01,ordinal,strongly agree(5),5,strongly agree,FALSE,
028,C,alcos02,ordinal,"see calcos01 -> na, see C/D/E/B/F/G/H/B/I/J/KRMALC in LASAC/D/E/2B/F/G/H/3B/I/J/K228(-2)",-2,"na, see C/D/E/B/F/G/H/B/I/J/KRMALC in LASAC/D/E/2B/F/G/H/3B/I/J/K228",TRUE,
028,C,alcos02,ordinal,"see calcos01 -> na, asked(-1)",-1,"na, asked",TRUE,
028,C,alcos02,ordinal,see calcos01 -> strongly disagree(1),1,strongly disagree,FALSE,
028,C,alcos02,ordinal,see calcos01 -> disagree(2),2,disagree,FALSE,
028,C,alcos02,ordinal,see calcos01 -> no disagreement/ agreement(3),3,no disagreement/ agreement,FALSE,
028,C,alcos02,ordinal,see calcos01 -> agree(4),4,agree,FALSE,
028,C,alcos02,ordinal,see calcos01 -> strongly agree(5),5,strongly agree,FALSE,
028,C,alcos03,ordinal,"see calcos01 -> na, see C/D/E/B/F/G/H/B/I/J/KRMALC in LASAC/D/E/2B/F/G/H/3B/I/J/K228(-2)",-2,"na, see C/D/E/B/F/G/H/B/I/J/KRMALC in LASAC/D/E/2B/F/G/H/3B/I/J/K228",TRUE,
028,C,alcos03,ordinal,"see calcos01 -> na, asked(-1)",-1,"na, asked",TRUE,
028,C,alcos03,ordinal,see calcos01 -> strongly disagree(1),1,strongly disagree,FALSE,
028,C,alcos03,ordinal,see calcos01 -> disagree(2),2,disagree,FALSE,
028,C,alcos03,ordinal,see calcos01 -> no disagreement/ agreement(3),3,no disagreement/ agreement,FALSE,
028,C,alcos03,ordinal,see calcos01 -> agree(4),4,agree,FALSE,
028,C,alcos03,ordinal,see calcos01 -> strongly agree(5),5,strongly agree,FALSE,
028,C,alcos04,ordinal,"see calcos01 -> na, see C/D/E/B/F/G/H/B/I/J/KRMALC in LASAC/D/E/2B/F/G/H/3B/I/J/K228(-2)",-2,"na, see C/D/E/B/F/G/H/B/I/J/KRMALC in LASAC/D/E/2B/F/G/H/3B/I/J/K228",TRUE,
028,C,alcos04,ordinal,"see calcos01 -> na, asked(-1)",-1,"na, asked",TRUE,
028,C,alcos04,ordinal,see calcos01 -> strongly disagree(1),1,strongly disagree,FALSE,
028,C,alcos04,ordinal,see calcos01 -> disagree(2),2,disagree,FALSE,
028,C,alcos04,ordinal,see calcos01 -> no disagreement/ agreement(3),3,no disagreement/ agreement,FALSE,
028,C,alcos04,ordinal,see calcos01 -> agree(4),4,agree,FALSE,
028,C,alcos04,ordinal,see calcos01 -> strongly agree(5),5,strongly agree,FALSE,
028,C,alcos05,ordinal,"see calcos01 -> na, see C/D/E/B/F/G/H/B/I/J/KRMALC in LASAC/D/E/2B/F/G/H/3B/I/J/K228(-2)",-2,"na, see C/D/E/B/F/G/H/B/I/J/KRMALC in LASAC/D/E/2B/F/G/H/3B/I/J/K228",TRUE,
028,C,alcos05,ordinal,"see calcos01 -> na, asked(-1)",-1,"na, asked",TRUE,
028,C,alcos05,ordinal,see calcos01 -> strongly disagree(1),1,strongly disagree,FALSE,
028,C,alcos05,ordinal,see calcos01 -> disagree(2),2,disagree,FALSE,
028,C,alcos05,ordinal,see calcos01 -> no disagreement/ agreement(3),3,no disagreement/ agreement,FALSE,
028,C,alcos05,ordinal,see calcos01 -> agree(4),4,agree,FALSE,
028,C,alcos05,ordinal,see calcos01 -> strongly agree(5),5,strongly agree,FALSE,
028,C,alcos06,ordinal,"see calcos01 -> na, see C/D/E/B/F/G/H/B/I/J/KRMALC in LASAC/D/E/2B/F/G/H/3B/I/J/K228(-2)",-2,"na, see C/D/E/B/F/G/H/B/I/J/KRMALC in LASAC/D/E/2B/F/G/H/3B/I/J/K228",TRUE,
028,C,alcos06,ordinal,"see calcos01 -> na, asked(-1)",-1,"na, asked",TRUE,
028,C,alcos06,ordinal,see calcos01 -> strongly disagree(1),1,strongly disagree,FALSE,
028,C,alcos06,ordinal,see calcos01 -> disagree(2),2,disagree,FALSE,
028,C,alcos06,ordinal,see calcos01 -> no disagreement/ agreement(3),3,no disagreement/ agreement,FALSE,
028,C,alcos06,ordinal,see calcos01 -> agree(4),4,agree,FALSE,
028,C,alcos06,ordinal,see calcos01 -> strongly agree(5),5,strongly agree,FALSE,
028,C,alcos07,ordinal,"see calcos01 -> na, see C/D/E/B/F/G/H/B/I/J/KRMALC in LASAC/D/E/2B/F/G/H/3B/I/J/K228(-2)",-2,"na, see C/D/E/B/F/G/H/B/I/J/KRMALC in LASAC/D/E/2B/F/G/H/3B/I/J/K228",TRUE,
028,C,alcos07,ordinal,"see calcos01 -> na, asked(-1)",-1,"na, asked",TRUE,
028,C,alcos07,ordinal,see calcos01 -> strongly disagree(1),1,strongly disagree,FALSE,
028,C,alcos07,ordinal,see calcos01 -> disagree(2),2,disagree,FALSE,
028,C,alcos07,ordinal,see calcos01 -> no disagreement/ agreement(3),3,no disagreement/ agreement,FALSE,
028,C,alcos07,ordinal,see calcos01 -> agree(4),4,agree,FALSE,
028,C,alcos07,ordinal,see calcos01 -> strongly agree(5),5,strongly agree,FALSE,
028,C,alcos08,ordinal,"see calcos01 -> na, see C/D/E/B/F/G/H/B/I/J/KRMALC in LASAC/D/E/2B/F/G/H/3B/I/J/K228(-2)",-2,"na, see C/D/E/B/F/G/H/B/I/J/KRMALC in LASAC/D/E/2B/F/G/H/3B/I/J/K228",TRUE,
028,C,alcos08,ordinal,"see calcos01 -> na, asked(-1)",-1,"na, asked",TRUE,
028,C,alcos08,ordinal,see calcos01 -> strongly disagree(1),1,strongly disagree,FALSE,
028,C,alcos08,ordinal,see calcos01 -> disagree(2),2,disagree,FALSE,
028,C,alcos08,ordinal,see calcos01 -> no disagreement/ agreement(3),3,no disagreement/ agreement,FALSE,
028,C,alcos08,ordinal,see calcos01 -> agree(4),4,agree,FALSE,
028,C,alcos08,ordinal,see calcos01 -> strongly agree(5),5,strongly agree,FALSE,
028,C,alcos09,ordinal,"see calcos01 -> na, see C/D/E/B/F/G/H/B/I/J/KRMALC in LASAC/D/E/2B/F/G/H/3B/I/J/K228(-2)",-2,"na, see C/D/E/B/F/G/H/B/I/J/KRMALC in LASAC/D/E/2B/F/G/H/3B/I/J/K228",TRUE,
028,C,alcos09,ordinal,"see calcos01 -> na, asked(-1)",-1,"na, asked",TRUE,
028,C,alcos09,ordinal,see calcos01 -> strongly disagree(1),1,strongly disagree,FALSE,
028,C,alcos09,ordinal,see calcos01 -> disagree(2),2,disagree,FALSE,
028,C,alcos09,ordinal,see calcos01 -> no disagreement/ agreement(3),3,no disagreement/ agreement,FALSE,
028,C,alcos09,ordinal,see calcos01 -> agree(4),4,agree,FALSE,
028,C,alcos09,ordinal,see calcos01 -> strongly agree(5),5,strongly agree,FALSE,
028,C,alcos10,ordinal,"see calcos01 -> na, see C/D/E/B/F/G/H/B/I/J/KRMALC in LASAC/D/E/2B/F/G/H/3B/I/J/K228(-2)",-2,"na, see C/D/E/B/F/G/H/B/I/J/KRMALC in LASAC/D/E/2B/F/G/H/3B/I/J/K228",TRUE,
028,C,alcos10,ordinal,"see calcos01 -> na, asked(-1)",-1,"na, asked",TRUE,
028,C,alcos10,ordinal,see calcos01 -> strongly disagree(1),1,strongly disagree,FALSE,
028,C,alcos10,ordinal,see calcos01 -> disagree(2),2,disagree,FALSE,
028,C,alcos10,ordinal,see calcos01 -> no disagreement/ agreement(3),3,no disagreement/ agreement,FALSE,
028,C,alcos10,ordinal,see calcos01 -> agree(4),4,agree,FALSE,
028,C,alcos10,ordinal,see calcos01 -> strongly agree(5),5,strongly agree,FALSE,
028,C,alcos11,ordinal,"see calcos01 -> na, see C/D/E/B/F/G/H/B/I/J/KRMALC in LASAC/D/E/2B/F/G/H/3B/I/J/K228(-2)",-2,"na, see C/D/E/B/F/G/H/B/I/J/KRMALC in LASAC/D/E/2B/F/G/H/3B/I/J/K228",TRUE,
028,C,alcos11,ordinal,"see calcos01 -> na, asked(-1)",-1,"na, asked",TRUE,
028,C,alcos11,ordinal,see calcos01 -> strongly disagree(1),1,strongly disagree,FALSE,
028,C,alcos11,ordinal,see calcos01 -> disagree(2),2,disagree,FALSE,
028,C,alcos11,ordinal,see calcos01 -> no disagreement/ agreement(3),3,no disagreement/ agreement,FALSE,
028,C,alcos11,ordinal,see calcos01 -> agree(4),4,agree,FALSE,
028,C,alcos11,ordinal,see calcos01 -> strongly agree(5),5,strongly agree,FALSE,
028,C,alcos12,ordinal,"see calcos01 -> na, see C/D/E/B/F/G/H/B/I/J/KRMALC in LASAC/D/E/2B/F/G/H/3B/I/J/K228(-2)",-2,"na, see C/D/E/B/F/G/H/B/I/J/KRMALC in LASAC/D/E/2B/F/G/H/3B/I/J/K228",TRUE,
028,C,alcos12,ordinal,"see calcos01 -> na, asked(-1)",-1,"na, asked",TRUE,
028,C,alcos12,ordinal,see calcos01 -> strongly disagree(1),1,strongly disagree,FALSE,
028,C,alcos12,ordinal,see calcos01 -> disagree(2),2,disagree,FALSE,
028,C,alcos12,ordinal,see calcos01 -> no disagreement/ agreement(3),3,no disagreement/ agreement,FALSE,
028,C,alcos12,ordinal,see calcos01 -> agree(4),4,agree,FALSE,
028,C,alcos12,ordinal,see calcos01 -> strongly agree(5),5,strongly agree,FALSE,
028,C,alcmv,numeric,no valid data(-2),-2,no valid data,TRUE,
028,C,initmv,numeric,no valid data(-2),-2,no valid data,TRUE,
028,C,advemv,numeric,no valid data(-2),-2,no valid data,TRUE,
028,C,compmv,numeric,no valid data(-2),-2,no valid data,TRUE,
028,D,alcos01,ordinal,"na, see C/D/E/B/F/G/H/B/I/J/KRMALC in LASAC/D/E/2B/F/G/H/3B/I/J/K228(-2)",-2,"na, see C/D/E/B/F/G/H/B/I/J/KRMALC in LASAC/D/E/2B/F/G/H/3B/I/J/K228",TRUE,
028,D,alcos01,ordinal,"na, asked(-1)",-1,"na, asked",TRUE,
028,D,alcos01,ordinal,strongly disagree(1),1,strongly disagree,FALSE,
028,D,alcos01,ordinal,disagree(2),2,disagree,FALSE,
028,D,alcos01,ordinal,no disagreement/ agreement(3),3,no disagreement/ agreement,FALSE,
028,D,alcos01,ordinal,agree(4),4,agree,FALSE,
028,D,alcos01,ordinal,strongly agree(5),5,strongly agree,FALSE,
028,D,alcos02,ordinal,"see dalcos01 -> na, see C/D/E/B/F/G/H/B/I/J/KRMALC in LASAC/D/E/2B/F/G/H/3B/I/J/K228(-2)",-2,"na, see C/D/E/B/F/G/H/B/I/J/KRMALC in LASAC/D/E/2B/F/G/H/3B/I/J/K228",TRUE,
028,D,alcos02,ordinal,"see dalcos01 -> na, asked(-1)",-1,"na, asked",TRUE,
028,D,alcos02,ordinal,see dalcos01 -> strongly disagree(1),1,strongly disagree,FALSE,
028,D,alcos02,ordinal,see dalcos01 -> disagree(2),2,disagree,FALSE,
028,D,alcos02,ordinal,see dalcos01 -> no disagreement/ agreement(3),3,no disagreement/ agreement,FALSE,
028,D,alcos02,ordinal,see dalcos01 -> agree(4),4,agree,FALSE,
028,D,alcos02,ordinal,see dalcos01 -> strongly agree(5),5,strongly agree,FALSE,
028,D,alcos03,ordinal,"see dalcos01 -> na, see C/D/E/B/F/G/H/B/I/J/KRMALC in LASAC/D/E/2B/F/G/H/3B/I/J/K228(-2)",-2,"na, see C/D/E/B/F/G/H/B/I/J/KRMALC in LASAC/D/E/2B/F/G/H/3B/I/J/K228",TRUE,
028,D,alcos03,ordinal,"see dalcos01 -> na, asked(-1)",-1,"na, asked",TRUE,
028,D,alcos03,ordinal,see dalcos01 -> strongly disagree(1),1,strongly disagree,FALSE,
028,D,alcos03,ordinal,see dalcos01 -> disagree(2),2,disagree,FALSE,
028,D,alcos03,ordinal,see dalcos01 -> no disagreement/ agreement(3),3,no disagreement/ agreement,FALSE,
028,D,alcos03,ordinal,see dalcos01 -> agree(4),4,agree,FALSE,
028,D,alcos03,ordinal,see dalcos01 -> strongly agree(5),5,strongly agree,FALSE,
028,D,alcos04,ordinal,"see dalcos01 -> na, see C/D/E/B/F/G/H/B/I/J/KRMALC in LASAC/D/E/2B/F/G/H/3B/I/J/K228(-2)",-2,"na, see C/D/E/B/F/G/H/B/I/J/KRMALC in LASAC/D/E/2B/F/G/H/3B/I/J/K228",TRUE,
028,D,alcos04,ordinal,"see dalcos01 -> na, asked(-1)",-1,"na, asked",TRUE,
028,D,alcos04,ordinal,see dalcos01 -> strongly disagree(1),1,strongly disagree,FALSE,
028,D,alcos04,ordinal,see dalcos01 -> disagree(2),2,disagree,FALSE,
028,D,alcos04,ordinal,see dalcos01 -> no disagreement/ agreement(3),3,no disagreement/ agreement,FALSE,
028,D,alcos04,ordinal,see dalcos01 -> agree(4),4,agree,FALSE,
028,D,alcos04,ordinal,see dalcos01 -> strongly agree(5),5,strongly agree,FALSE,
028,D,alcos05,ordinal,"see dalcos01 -> na, see C/D/E/B/F/G/H/B/I/J/KRMALC in LASAC/D/E/2B/F/G/H/3B/I/J/K228(-2)",-2,"na, see C/D/E/B/F/G/H/B/I/J/KRMALC in LASAC/D/E/2B/F/G/H/3B/I/J/K228",TRUE,
028,D,alcos05,ordinal,"see dalcos01 -> na, asked(-1)",-1,"na, asked",TRUE,
028,D,alcos05,ordinal,see dalcos01 -> strongly disagree(1),1,strongly disagree,FALSE,
028,D,alcos05,ordinal,see dalcos01 -> disagree(2),2,disagree,FALSE,
028,D,alcos05,ordinal,see dalcos01 -> no disagreement/ agreement(3),3,no disagreement/ agreement,FALSE,
028,D,alcos05,ordinal,see dalcos01 -> agree(4),4,agree,FALSE,
028,D,alcos05,ordinal,see dalcos01 -> strongly agree(5),5,strongly agree,FALSE,
028,D,alcos06,ordinal,"see dalcos01 -> na, see C/D/E/B/F/G/H/B/I/J/KRMALC in LASAC/D/E/2B/F/G/H/3B/I/J/K228(-2)",-2,"na, see C/D/E/B/F/G/H/B/I/J/KRMALC in LASAC/D/E/2B/F/G/H/3B/I/J/K228",TRUE,
028,D,alcos06,ordinal,"see dalcos01 -> na, asked(-1)",-1,"na, asked",TRUE,
028,D,alcos06,ordinal,see dalcos01 -> strongly disagree(1),1,strongly disagree,FALSE,
028,D,alcos06,ordinal,see dalcos01 -> disagree(2),2,disagree,FALSE,
028,D,alcos06,ordinal,see dalcos01 -> no disagreement/ agreement(3),3,no disagreement/ agreement,FALSE,
028,D,alcos06,ordinal,see dalcos01 -> agree(4),4,agree,FALSE,
028,D,alcos06,ordinal,see dalcos01 -> strongly agree(5),5,strongly agree,FALSE,
028,D,alcos07,ordinal,"see dalcos01 -> na, see C/D/E/B/F/G/H/B/I/J/KRMALC in LASAC/D/E/2B/F/G/H/3B/I/J/K228(-2)",-2,"na, see C/D/E/B/F/G/H/B/I/J/KRMALC in LASAC/D/E/2B/F/G/H/3B/I/J/K228",TRUE,
028,D,alcos07,ordinal,"see dalcos01 -> na, asked(-1)",-1,"na, asked",TRUE,
028,D,alcos07,ordinal,see dalcos01 -> strongly disagree(1),1,strongly disagree,FALSE,
028,D,alcos07,ordinal,see dalcos01 -> disagree(2),2,disagree,FALSE,
028,D,alcos07,ordinal,see dalcos01 -> no disagreement/ agreement(3),3,no disagreement/ agreement,FALSE,
028,D,alcos07,ordinal,see dalcos01 -> agree(4),4,agree,FALSE,
028,D,alcos07,ordinal,see dalcos01 -> strongly agree(5),5,strongly agree,FALSE,
028,D,alcos08,ordinal,"see dalcos01 -> na, see C/D/E/B/F/G/H/B/I/J/KRMALC in LASAC/D/E/2B/F/G/H/3B/I/J/K228(-2)",-2,"na, see C/D/E/B/F/G/H/B/I/J/KRMALC in LASAC/D/E/2B/F/G/H/3B/I/J/K228",TRUE,
028,D,alcos08,ordinal,"see dalcos01 -> na, asked(-1)",-1,"na, asked",TRUE,
028,D,alcos08,ordinal,see dalcos01 -> strongly disagree(1),1,strongly disagree,FALSE,
028,D,alcos08,ordinal,see dalcos01 -> disagree(2),2,disagree,FALSE,
028,D,alcos08,ordinal,see dalcos01 -> no disagreement/ agreement(3),3,no disagreement/ agreement,FALSE,
028,D,alcos08,ordinal,see dalcos01 -> agree(4),4,agree,FALSE,
028,D,alcos08,ordinal,see dalcos01 -> strongly agree(5),5,strongly agree,FALSE,
028,D,alcos09,ordinal,"see dalcos01 -> na, see C/D/E/B/F/G/H/B/I/J/KRMALC in LASAC/D/E/2B/F/G/H/3B/I/J/K228(-2)",-2,"na, see C/D/E/B/F/G/H/B/I/J/KRMALC in LASAC/D/E/2B/F/G/H/3B/I/J/K228",TRUE,
028,D,alcos09,ordinal,"see dalcos01 -> na, asked(-1)",-1,"na, asked",TRUE,
028,D,alcos09,ordinal,see dalcos01 -> strongly disagree(1),1,strongly disagree,FALSE,
028,D,alcos09,ordinal,see dalcos01 -> disagree(2),2,disagree,FALSE,
028,D,alcos09,ordinal,see dalcos01 -> no disagreement/ agreement(3),3,no disagreement/ agreement,FALSE,
028,D,alcos09,ordinal,see dalcos01 -> agree(4),4,agree,FALSE,
028,D,alcos09,ordinal,see dalcos01 -> strongly agree(5),5,strongly agree,FALSE,
028,D,alcos10,ordinal,"see dalcos01 -> na, see C/D/E/B/F/G/H/B/I/J/KRMALC in LASAC/D/E/2B/F/G/H/3B/I/J/K228(-2)",-2,"na, see C/D/E/B/F/G/H/B/I/J/KRMALC in LASAC/D/E/2B/F/G/H/3B/I/J/K228",TRUE,
028,D,alcos10,ordinal,"see dalcos01 -> na, asked(-1)",-1,"na, asked",TRUE,
028,D,alcos10,ordinal,see dalcos01 -> strongly disagree(1),1,strongly disagree,FALSE,
028,D,alcos10,ordinal,see dalcos01 -> disagree(2),2,disagree,FALSE,
028,D,alcos10,ordinal,see dalcos01 -> no disagreement/ agreement(3),3,no disagreement/ agreement,FALSE,
028,D,alcos10,ordinal,see dalcos01 -> agree(4),4,agree,FALSE,
028,D,alcos10,ordinal,see dalcos01 -> strongly agree(5),5,strongly agree,FALSE,
028,D,alcos11,ordinal,"see dalcos01 -> na, see C/D/E/B/F/G/H/B/I/J/KRMALC in LASAC/D/E/2B/F/G/H/3B/I/J/K228(-2)",-2,"na, see C/D/E/B/F/G/H/B/I/J/KRMALC in LASAC/D/E/2B/F/G/H/3B/I/J/K228",TRUE,
028,D,alcos11,ordinal,"see dalcos01 -> na, asked(-1)",-1,"na, asked",TRUE,
028,D,alcos11,ordinal,see dalcos01 -> strongly disagree(1),1,strongly disagree,FALSE,
028,D,alcos11,ordinal,see dalcos01 -> disagree(2),2,disagree,FALSE,
028,D,alcos11,ordinal,see dalcos01 -> no disagreement/ agreement(3),3,no disagreement/ agreement,FALSE,
028,D,alcos11,ordinal,see dalcos01 -> agree(4),4,agree,FALSE,
028,D,alcos11,ordinal,see dalcos01 -> strongly agree(5),5,strongly agree,FALSE,
028,D,alcos12,ordinal,"see dalcos01 -> na, see C/D/E/B/F/G/H/B/I/J/KRMALC in LASAC/D/E/2B/F/G/H/3B/I/J/K228(-2)",-2,"na, see C/D/E/B/F/G/H/B/I/J/KRMALC in LASAC/D/E/2B/F/G/H/3B/I/J/K228",TRUE,
028,D,alcos12,ordinal,"see dalcos01 -> na, asked(-1)",-1,"na, asked",TRUE,
028,D,alcos12,ordinal,see dalcos01 -> strongly disagree(1),1,strongly disagree,FALSE,
028,D,alcos12,ordinal,see dalcos01 -> disagree(2),2,disagree,FALSE,
028,D,alcos12,ordinal,see dalcos01 -> no disagreement/ agreement(3),3,no disagreement/ agreement,FALSE,
028,D,alcos12,ordinal,see dalcos01 -> agree(4),4,agree,FALSE,
028,D,alcos12,ordinal,see dalcos01 -> strongly agree(5),5,strongly agree,FALSE,
028,D,alcmv,numeric,no valid data(-2),-2,no valid data,TRUE,
028,D,initmv,numeric,no valid data(-2),-2,no valid data,TRUE,
028,D,advemv,numeric,no valid data(-2),-2,no valid data,TRUE,
028,D,compmv,numeric,no valid data(-2),-2,no valid data,TRUE,
028,E,alcos01,ordinal,"na, see C/D/E/B/F/G/H/B/I/J/KRMALC in LASAC/D/E/2B/F/G/H/3B/I/J/K228(-2)",-2,"na, see C/D/E/B/F/G/H/B/I/J/KRMALC in LASAC/D/E/2B/F/G/H/3B/I/J/K228",TRUE,
028,E,alcos01,ordinal,"na, asked(-1)",-1,"na, asked",TRUE,
028,E,alcos01,ordinal,strongly disagree(1),1,strongly disagree,FALSE,
028,E,alcos01,ordinal,disagree(2),2,disagree,FALSE,
028,E,alcos01,ordinal,no disagreement/ agreement(3),3,no disagreement/ agreement,FALSE,
028,E,alcos01,ordinal,agree(4),4,agree,FALSE,
028,E,alcos01,ordinal,strongly agree(5),5,strongly agree,FALSE,
028,E,alcos02,ordinal,"see ealcos01 -> na, see C/D/E/B/F/G/H/B/I/J/KRMALC in LASAC/D/E/2B/F/G/H/3B/I/J/K228(-2)",-2,"na, see C/D/E/B/F/G/H/B/I/J/KRMALC in LASAC/D/E/2B/F/G/H/3B/I/J/K228",TRUE,
028,E,alcos02,ordinal,"see ealcos01 -> na, asked(-1)",-1,"na, asked",TRUE,
028,E,alcos02,ordinal,see ealcos01 -> strongly disagree(1),1,strongly disagree,FALSE,
028,E,alcos02,ordinal,see ealcos01 -> disagree(2),2,disagree,FALSE,
028,E,alcos02,ordinal,see ealcos01 -> no disagreement/ agreement(3),3,no disagreement/ agreement,FALSE,
028,E,alcos02,ordinal,see ealcos01 -> agree(4),4,agree,FALSE,
028,E,alcos02,ordinal,see ealcos01 -> strongly agree(5),5,strongly agree,FALSE,
028,E,alcos03,ordinal,"see ealcos01 -> na, see C/D/E/B/F/G/H/B/I/J/KRMALC in LASAC/D/E/2B/F/G/H/3B/I/J/K228(-2)",-2,"na, see C/D/E/B/F/G/H/B/I/J/KRMALC in LASAC/D/E/2B/F/G/H/3B/I/J/K228",TRUE,
028,E,alcos03,ordinal,"see ealcos01 -> na, asked(-1)",-1,"na, asked",TRUE,
028,E,alcos03,ordinal,see ealcos01 -> strongly disagree(1),1,strongly disagree,FALSE,
028,E,alcos03,ordinal,see ealcos01 -> disagree(2),2,disagree,FALSE,
028,E,alcos03,ordinal,see ealcos01 -> no disagreement/ agreement(3),3,no disagreement/ agreement,FALSE,
028,E,alcos03,ordinal,see ealcos01 -> agree(4),4,agree,FALSE,
028,E,alcos03,ordinal,see ealcos01 -> strongly agree(5),5,strongly agree,FALSE,
028,E,alcos04,ordinal,"see ealcos01 -> na, see C/D/E/B/F/G/H/B/I/J/KRMALC in LASAC/D/E/2B/F/G/H/3B/I/J/K228(-2)",-2,"na, see C/D/E/B/F/G/H/B/I/J/KRMALC in LASAC/D/E/2B/F/G/H/3B/I/J/K228",TRUE,
028,E,alcos04,ordinal,"see ealcos01 -> na, asked(-1)",-1,"na, asked",TRUE,
028,E,alcos04,ordinal,see ealcos01 -> strongly disagree(1),1,strongly disagree,FALSE,
028,E,alcos04,ordinal,see ealcos01 -> disagree(2),2,disagree,FALSE,
028,E,alcos04,ordinal,see ealcos01 -> no disagreement/ agreement(3),3,no disagreement/ agreement,FALSE,
028,E,alcos04,ordinal,see ealcos01 -> agree(4),4,agree,FALSE,
028,E,alcos04,ordinal,see ealcos01 -> strongly agree(5),5,strongly agree,FALSE,
028,E,alcos05,ordinal,"see ealcos01 -> na, see C/D/E/B/F/G/H/B/I/J/KRMALC in LASAC/D/E/2B/F/G/H/3B/I/J/K228(-2)",-2,"na, see C/D/E/B/F/G/H/B/I/J/KRMALC in LASAC/D/E/2B/F/G/H/3B/I/J/K228",TRUE,
028,E,alcos05,ordinal,"see ealcos01 -> na, asked(-1)",-1,"na, asked",TRUE,
028,E,alcos05,ordinal,see ealcos01 -> strongly disagree(1),1,strongly disagree,FALSE,
028,E,alcos05,ordinal,see ealcos01 -> disagree(2),2,disagree,FALSE,
028,E,alcos05,ordinal,see ealcos01 -> no disagreement/ agreement(3),3,no disagreement/ agreement,FALSE,
028,E,alcos05,ordinal,see ealcos01 -> agree(4),4,agree,FALSE,
028,E,alcos05,ordinal,see ealcos01 -> strongly agree(5),5,strongly agree,FALSE,
028,E,alcos06,ordinal,"see ealcos01 -> na, see C/D/E/B/F/G/H/B/I/J/KRMALC in LASAC/D/E/2B/F/G/H/3B/I/J/K228(-2)",-2,"na, see C/D/E/B/F/G/H/B/I/J/KRMALC in LASAC/D/E/2B/F/G/H/3B/I/J/K228",TRUE,
028,E,alcos06,ordinal,"see ealcos01 -> na, asked(-1)",-1,"na, asked",TRUE,
028,E,alcos06,ordinal,see ealcos01 -> strongly disagree(1),1,strongly disagree,FALSE,
028,E,alcos06,ordinal,see ealcos01 -> disagree(2),2,disagree,FALSE,
028,E,alcos06,ordinal,see ealcos01 -> no disagreement/ agreement(3),3,no disagreement/ agreement,FALSE,
028,E,alcos06,ordinal,see ealcos01 -> agree(4),4,agree,FALSE,
028,E,alcos06,ordinal,see ealcos01 -> strongly agree(5),5,strongly agree,FALSE,
028,E,alcos07,ordinal,"see ealcos01 -> na, see C/D/E/B/F/G/H/B/I/J/KRMALC in LASAC/D/E/2B/F/G/H/3B/I/J/K228(-2)",-2,"na, see C/D/E/B/F/G/H/B/I/J/KRMALC in LASAC/D/E/2B/F/G/H/3B/I/J/K228",TRUE,
028,E,alcos07,ordinal,"see ealcos01 -> na, asked(-1)",-1,"na, asked",TRUE,
028,E,alcos07,ordinal,see ealcos01 -> strongly disagree(1),1,strongly disagree,FALSE,
028,E,alcos07,ordinal,see ealcos01 -> disagree(2),2,disagree,FALSE,
028,E,alcos07,ordinal,see ealcos01 -> no disagreement/ agreement(3),3,no disagreement/ agreement,FALSE,
028,E,alcos07,ordinal,see ealcos01 -> agree(4),4,agree,FALSE,
028,E,alcos07,ordinal,see ealcos01 -> strongly agree(5),5,strongly agree,FALSE,
028,E,alcos08,ordinal,"see ealcos01 -> na, see C/D/E/B/F/G/H/B/I/J/KRMALC in LASAC/D/E/2B/F/G/H/3B/I/J/K228(-2)",-2,"na, see C/D/E/B/F/G/H/B/I/J/KRMALC in LASAC/D/E/2B/F/G/H/3B/I/J/K228",TRUE,
028,E,alcos08,ordinal,"see ealcos01 -> na, asked(-1)",-1,"na, asked",TRUE,
028,E,alcos08,ordinal,see ealcos01 -> strongly disagree(1),1,strongly disagree,FALSE,
028,E,alcos08,ordinal,see ealcos01 -> disagree(2),2,disagree,FALSE,
028,E,alcos08,ordinal,see ealcos01 -> no disagreement/ agreement(3),3,no disagreement/ agreement,FALSE,
028,E,alcos08,ordinal,see ealcos01 -> agree(4),4,agree,FALSE,
028,E,alcos08,ordinal,see ealcos01 -> strongly agree(5),5,strongly agree,FALSE,
028,E,alcos09,ordinal,"see ealcos01 -> na, see C/D/E/B/F/G/H/B/I/J/KRMALC in LASAC/D/E/2B/F/G/H/3B/I/J/K228(-2)",-2,"na, see C/D/E/B/F/G/H/B/I/J/KRMALC in LASAC/D/E/2B/F/G/H/3B/I/J/K228",TRUE,
028,E,alcos09,ordinal,"see ealcos01 -> na, asked(-1)",-1,"na, asked",TRUE,
028,E,alcos09,ordinal,see ealcos01 -> strongly disagree(1),1,strongly disagree,FALSE,
028,E,alcos09,ordinal,see ealcos01 -> disagree(2),2,disagree,FALSE,
028,E,alcos09,ordinal,see ealcos01 -> no disagreement/ agreement(3),3,no disagreement/ agreement,FALSE,
028,E,alcos09,ordinal,see ealcos01 -> agree(4),4,agree,FALSE,
028,E,alcos09,ordinal,see ealcos01 -> strongly agree(5),5,strongly agree,FALSE,
028,E,alcos10,ordinal,"see ealcos01 -> na, see C/D/E/B/F/G/H/B/I/J/KRMALC in LASAC/D/E/2B/F/G/H/3B/I/J/K228(-2)",-2,"na, see C/D/E/B/F/G/H/B/I/J/KRMALC in LASAC/D/E/2B/F/G/H/3B/I/J/K228",TRUE,
028,E,alcos10,ordinal,"see ealcos01 -> na, asked(-1)",-1,"na, asked",TRUE,
028,E,alcos10,ordinal,see ealcos01 -> strongly disagree(1),1,strongly disagree,FALSE,
028,E,alcos10,ordinal,see ealcos01 -> disagree(2),2,disagree,FALSE,
028,E,alcos10,ordinal,see ealcos01 -> no disagreement/ agreement(3),3,no disagreement/ agreement,FALSE,
028,E,alcos10,ordinal,see ealcos01 -> agree(4),4,agree,FALSE,
028,E,alcos10,ordinal,see ealcos01 -> strongly agree(5),5,strongly agree,FALSE,
028,E,alcos11,ordinal,"see ealcos01 -> na, see C/D/E/B/F/G/H/B/I/J/KRMALC in LASAC/D/E/2B/F/G/H/3B/I/J/K228(-2)",-2,"na, see C/D/E/B/F/G/H/B/I/J/KRMALC in LASAC/D/E/2B/F/G/H/3B/I/J/K228",TRUE,
028,E,alcos11,ordinal,"see ealcos01 -> na, asked(-1)",-1,"na, asked",TRUE,
028,E,alcos11,ordinal,see ealcos01 -> strongly disagree(1),1,strongly disagree,FALSE,
028,E,alcos11,ordinal,see ealcos01 -> disagree(2),2,disagree,FALSE,
028,E,alcos11,ordinal,see ealcos01 -> no disagreement/ agreement(3),3,no disagreement/ agreement,FALSE,
028,E,alcos11,ordinal,see ealcos01 -> agree(4),4,agree,FALSE,
028,E,alcos11,ordinal,see ealcos01 -> strongly agree(5),5,strongly agree,FALSE,
028,E,alcos12,ordinal,"see ealcos01 -> na, see C/D/E/B/F/G/H/B/I/J/KRMALC in LASAC/D/E/2B/F/G/H/3B/I/J/K228(-2)",-2,"na, see C/D/E/B/F/G/H/B/I/J/KRMALC in LASAC/D/E/2B/F/G/H/3B/I/J/K228",TRUE,
028,E,alcos12,ordinal,"see ealcos01 -> na, asked(-1)",-1,"na, asked",TRUE,
028,E,alcos12,ordinal,see ealcos01 -> strongly disagree(1),1,strongly disagree,FALSE,
028,E,alcos12,ordinal,see ealcos01 -> disagree(2),2,disagree,FALSE,
028,E,alcos12,ordinal,see ealcos01 -> no disagreement/ agreement(3),3,no disagreement/ agreement,FALSE,
028,E,alcos12,ordinal,see ealcos01 -> agree(4),4,agree,FALSE,
028,E,alcos12,ordinal,see ealcos01 -> strongly agree(5),5,strongly agree,FALSE,
028,E,alcmv,numeric,no valid data(-2),-2,no valid data,TRUE,
028,E,initmv,numeric,no valid data(-2),-2,no valid data,TRUE,
028,E,advemv,numeric,no valid data(-2),-2,no valid data,TRUE,
028,E,compmv,numeric,no valid data(-2),-2,no valid data,TRUE,
028,2B,alcos01,ordinal,"na, see C/D/E/B/F/G/H/B/I/J/KRMALC in LASAC/D/E/2B/F/G/H/3B/I/J/K228(-2)",-2,"na, see C/D/E/B/F/G/H/B/I/J/KRMALC in LASAC/D/E/2B/F/G/H/3B/I/J/K228",TRUE,
028,2B,alcos01,ordinal,"na, asked(-1)",-1,"na, asked",TRUE,
028,2B,alcos01,ordinal,strongly disagree(1),1,strongly disagree,FALSE,
028,2B,alcos01,ordinal,disagree(2),2,disagree,FALSE,
028,2B,alcos01,ordinal,no disagreement/ agreement(3),3,no disagreement/ agreement,FALSE,
028,2B,alcos01,ordinal,agree(4),4,agree,FALSE,
028,2B,alcos01,ordinal,strongly agree(5),5,strongly agree,FALSE,
028,2B,alcos02,ordinal,"see balcos01 -> na, see C/D/E/B/F/G/H/B/I/J/KRMALC in LASAC/D/E/2B/F/G/H/3B/I/J/K228(-2)",-2,"na, see C/D/E/B/F/G/H/B/I/J/KRMALC in LASAC/D/E/2B/F/G/H/3B/I/J/K228",TRUE,
028,2B,alcos02,ordinal,"see balcos01 -> na, asked(-1)",-1,"na, asked",TRUE,
028,2B,alcos02,ordinal,see balcos01 -> strongly disagree(1),1,strongly disagree,FALSE,
028,2B,alcos02,ordinal,see balcos01 -> disagree(2),2,disagree,FALSE,
028,2B,alcos02,ordinal,see balcos01 -> no disagreement/ agreement(3),3,no disagreement/ agreement,FALSE,
028,2B,alcos02,ordinal,see balcos01 -> agree(4),4,agree,FALSE,
028,2B,alcos02,ordinal,see balcos01 -> strongly agree(5),5,strongly agree,FALSE,
028,2B,alcos03,ordinal,"see balcos01 -> na, see C/D/E/B/F/G/H/B/I/J/KRMALC in LASAC/D/E/2B/F/G/H/3B/I/J/K228(-2)",-2,"na, see C/D/E/B/F/G/H/B/I/J/KRMALC in LASAC/D/E/2B/F/G/H/3B/I/J/K228",TRUE,
028,2B,alcos03,ordinal,"see balcos01 -> na, asked(-1)",-1,"na, asked",TRUE,
028,2B,alcos03,ordinal,see balcos01 -> strongly disagree(1),1,strongly disagree,FALSE,
028,2B,alcos03,ordinal,see balcos01 -> disagree(2),2,disagree,FALSE,
028,2B,alcos03,ordinal,see balcos01 -> no disagreement/ agreement(3),3,no disagreement/ agreement,FALSE,
028,2B,alcos03,ordinal,see balcos01 -> agree(4),4,agree,FALSE,
028,2B,alcos03,ordinal,see balcos01 -> strongly agree(5),5,strongly agree,FALSE,
028,2B,alcos04,ordinal,"see balcos01 -> na, see C/D/E/B/F/G/H/B/I/J/KRMALC in LASAC/D/E/2B/F/G/H/3B/I/J/K228(-2)",-2,"na, see C/D/E/B/F/G/H/B/I/J/KRMALC in LASAC/D/E/2B/F/G/H/3B/I/J/K228",TRUE,
028,2B,alcos04,ordinal,"see balcos01 -> na, asked(-1)",-1,"na, asked",TRUE,
028,2B,alcos04,ordinal,see balcos01 -> strongly disagree(1),1,strongly disagree,FALSE,
028,2B,alcos04,ordinal,see balcos01 -> disagree(2),2,disagree,FALSE,
028,2B,alcos04,ordinal,see balcos01 -> no disagreement/ agreement(3),3,no disagreement/ agreement,FALSE,
028,2B,alcos04,ordinal,see balcos01 -> agree(4),4,agree,FALSE,
028,2B,alcos04,ordinal,see balcos01 -> strongly agree(5),5,strongly agree,FALSE,
028,2B,alcos05,ordinal,"see balcos01 -> na, see C/D/E/B/F/G/H/B/I/J/KRMALC in LASAC/D/E/2B/F/G/H/3B/I/J/K228(-2)",-2,"na, see C/D/E/B/F/G/H/B/I/J/KRMALC in LASAC/D/E/2B/F/G/H/3B/I/J/K228",TRUE,
028,2B,alcos05,ordinal,"see balcos01 -> na, asked(-1)",-1,"na, asked",TRUE,
028,2B,alcos05,ordinal,see balcos01 -> strongly disagree(1),1,strongly disagree,FALSE,
028,2B,alcos05,ordinal,see balcos01 -> disagree(2),2,disagree,FALSE,
028,2B,alcos05,ordinal,see balcos01 -> no disagreement/ agreement(3),3,no disagreement/ agreement,FALSE,
028,2B,alcos05,ordinal,see balcos01 -> agree(4),4,agree,FALSE,
028,2B,alcos05,ordinal,see balcos01 -> strongly agree(5),5,strongly agree,FALSE,
028,2B,alcos06,ordinal,"see balcos01 -> na, see C/D/E/B/F/G/H/B/I/J/KRMALC in LASAC/D/E/2B/F/G/H/3B/I/J/K228(-2)",-2,"na, see C/D/E/B/F/G/H/B/I/J/KRMALC in LASAC/D/E/2B/F/G/H/3B/I/J/K228",TRUE,
028,2B,alcos06,ordinal,"see balcos01 -> na, asked(-1)",-1,"na, asked",TRUE,
028,2B,alcos06,ordinal,see balcos01 -> strongly disagree(1),1,strongly disagree,FALSE,
028,2B,alcos06,ordinal,see balcos01 -> disagree(2),2,disagree,FALSE,
028,2B,alcos06,ordinal,see balcos01 -> no disagreement/ agreement(3),3,no disagreement/ agreement,FALSE,
028,2B,alcos06,ordinal,see balcos01 -> agree(4),4,agree,FALSE,
028,2B,alcos06,ordinal,see balcos01 -> strongly agree(5),5,strongly agree,FALSE,
028,2B,alcos07,ordinal,"see balcos01 -> na, see C/D/E/B/F/G/H/B/I/J/KRMALC in LASAC/D/E/2B/F/G/H/3B/I/J/K228(-2)",-2,"na, see C/D/E/B/F/G/H/B/I/J/KRMALC in LASAC/D/E/2B/F/G/H/3B/I/J/K228",TRUE,
028,2B,alcos07,ordinal,"see balcos01 -> na, asked(-1)",-1,"na, asked",TRUE,
028,2B,alcos07,ordinal,see balcos01 -> strongly disagree(1),1,strongly disagree,FALSE,
028,2B,alcos07,ordinal,see balcos01 -> disagree(2),2,disagree,FALSE,
028,2B,alcos07,ordinal,see balcos01 -> no disagreement/ agreement(3),3,no disagreement/ agreement,FALSE,
028,2B,alcos07,ordinal,see balcos01 -> agree(4),4,agree,FALSE,
028,2B,alcos07,ordinal,see balcos01 -> strongly agree(5),5,strongly agree,FALSE,
028,2B,alcos08,ordinal,"see balcos01 -> na, see C/D/E/B/F/G/H/B/I/J/KRMALC in LASAC/D/E/2B/F/G/H/3B/I/J/K228(-2)",-2,"na, see C/D/E/B/F/G/H/B/I/J/KRMALC in LASAC/D/E/2B/F/G/H/3B/I/J/K228",TRUE,
028,2B,alcos08,ordinal,"see balcos01 -> na, asked(-1)",-1,"na, asked",TRUE,
028,2B,alcos08,ordinal,see balcos01 -> strongly disagree(1),1,strongly disagree,FALSE,
028,2B,alcos08,ordinal,see balcos01 -> disagree(2),2,disagree,FALSE,
028,2B,alcos08,ordinal,see balcos01 -> no disagreement/ agreement(3),3,no disagreement/ agreement,FALSE,
028,2B,alcos08,ordinal,see balcos01 -> agree(4),4,agree,FALSE,
028,2B,alcos08,ordinal,see balcos01 -> strongly agree(5),5,strongly agree,FALSE,
028,2B,alcos09,ordinal,"see balcos01 -> na, see C/D/E/B/F/G/H/B/I/J/KRMALC in LASAC/D/E/2B/F/G/H/3B/I/J/K228(-2)",-2,"na, see C/D/E/B/F/G/H/B/I/J/KRMALC in LASAC/D/E/2B/F/G/H/3B/I/J/K228",TRUE,
028,2B,alcos09,ordinal,"see balcos01 -> na, asked(-1)",-1,"na, asked",TRUE,
028,2B,alcos09,ordinal,see balcos01 -> strongly disagree(1),1,strongly disagree,FALSE,
028,2B,alcos09,ordinal,see balcos01 -> disagree(2),2,disagree,FALSE,
028,2B,alcos09,ordinal,see balcos01 -> no disagreement/ agreement(3),3,no disagreement/ agreement,FALSE,
028,2B,alcos09,ordinal,see balcos01 -> agree(4),4,agree,FALSE,
028,2B,alcos09,ordinal,see balcos01 -> strongly agree(5),5,strongly agree,FALSE,
028,2B,alcos10,ordinal,"see balcos01 -> na, see C/D/E/B/F/G/H/B/I/J/KRMALC in LASAC/D/E/2B/F/G/H/3B/I/J/K228(-2)",-2,"na, see C/D/E/B/F/G/H/B/I/J/KRMALC in LASAC/D/E/2B/F/G/H/3B/I/J/K228",TRUE,
028,2B,alcos10,ordinal,"see balcos01 -> na, asked(-1)",-1,"na, asked",TRUE,
028,2B,alcos10,ordinal,see balcos01 -> strongly disagree(1),1,strongly disagree,FALSE,
028,2B,alcos10,ordinal,see balcos01 -> disagree(2),2,disagree,FALSE,
028,2B,alcos10,ordinal,see balcos01 -> no disagreement/ agreement(3),3,no disagreement/ agreement,FALSE,
028,2B,alcos10,ordinal,see balcos01 -> agree(4),4,agree,FALSE,
028,2B,alcos10,ordinal,see balcos01 -> strongly agree(5),5,strongly agree,FALSE,
028,2B,alcos11,ordinal,"see balcos01 -> na, see C/D/E/B/F/G/H/B/I/J/KRMALC in LASAC/D/E/2B/F/G/H/3B/I/J/K228(-2)",-2,"na, see C/D/E/B/F/G/H/B/I/J/KRMALC in LASAC/D/E/2B/F/G/H/3B/I/J/K228",TRUE,
028,2B,alcos11,ordinal,"see balcos01 -> na, asked(-1)",-1,"na, asked",TRUE,
028,2B,alcos11,ordinal,see balcos01 -> strongly disagree(1),1,strongly disagree,FALSE,
028,2B,alcos11,ordinal,see balcos01 -> disagree(2),2,disagree,FALSE,
028,2B,alcos11,ordinal,see balcos01 -> no disagreement/ agreement(3),3,no disagreement/ agreement,FALSE,
028,2B,alcos11,ordinal,see balcos01 -> agree(4),4,agree,FALSE,
028,2B,alcos11,ordinal,see balcos01 -> strongly agree(5),5,strongly agree,FALSE,
028,2B,alcos12,ordinal,"see balcos01 -> na, see C/D/E/B/F/G/H/B/I/J/KRMALC in LASAC/D/E/2B/F/G/H/3B/I/J/K228(-2)",-2,"na, see C/D/E/B/F/G/H/B/I/J/KRMALC in LASAC/D/E/2B/F/G/H/3B/I/J/K228",TRUE,
028,2B,alcos12,ordinal,"see balcos01 -> na, asked(-1)",-1,"na, asked",TRUE,
028,2B,alcos12,ordinal,see balcos01 -> strongly disagree(1),1,strongly disagree,FALSE,
028,2B,alcos12,ordinal,see balcos01 -> disagree(2),2,disagree,FALSE,
028,2B,alcos12,ordinal,see balcos01 -> no disagreement/ agreement(3),3,no disagreement/ agreement,FALSE,
028,2B,alcos12,ordinal,see balcos01 -> agree(4),4,agree,FALSE,
028,2B,alcos12,ordinal,see balcos01 -> strongly agree(5),5,strongly agree,FALSE,
028,2B,alcmv,numeric,no valid data(-2),-2,no valid data,TRUE,
028,2B,initmv,numeric,no valid data(-2),-2,no valid data,TRUE,
028,2B,advemv,numeric,no valid data(-2),-2,no valid data,TRUE,
028,2B,compmv,numeric,no valid data(-2),-2,no valid data,TRUE,
028,F,alcos01,ordinal,"na, see C/D/E/B/F/G/H/B/I/J/KRMALC in LASAC/D/E/2B/F/G/H/3B/I/J/K228(-2)",-2,"na, see C/D/E/B/F/G/H/B/I/J/KRMALC in LASAC/D/E/2B/F/G/H/3B/I/J/K228",TRUE,
028,F,alcos01,ordinal,"na, asked(-1)",-1,"na, asked",TRUE,
028,F,alcos01,ordinal,strongly disagree(1),1,strongly disagree,FALSE,
028,F,alcos01,ordinal,disagree(2),2,disagree,FALSE,
028,F,alcos01,ordinal,no disagreement/ agreement(3),3,no disagreement/ agreement,FALSE,
028,F,alcos01,ordinal,agree(4),4,agree,FALSE,
028,F,alcos01,ordinal,strongly agree(5),5,strongly agree,FALSE,
028,F,alcos02,ordinal,"see falcos01 -> na, see C/D/E/B/F/G/H/B/I/J/KRMALC in LASAC/D/E/2B/F/G/H/3B/I/J/K228(-2)",-2,"na, see C/D/E/B/F/G/H/B/I/J/KRMALC in LASAC/D/E/2B/F/G/H/3B/I/J/K228",TRUE,
028,F,alcos02,ordinal,"see falcos01 -> na, asked(-1)",-1,"na, asked",TRUE,
028,F,alcos02,ordinal,see falcos01 -> strongly disagree(1),1,strongly disagree,FALSE,
028,F,alcos02,ordinal,see falcos01 -> disagree(2),2,disagree,FALSE,
028,F,alcos02,ordinal,see falcos01 -> no disagreement/ agreement(3),3,no disagreement/ agreement,FALSE,
028,F,alcos02,ordinal,see falcos01 -> agree(4),4,agree,FALSE,
028,F,alcos02,ordinal,see falcos01 -> strongly agree(5),5,strongly agree,FALSE,
028,F,alcos03,ordinal,"see falcos01 -> na, see C/D/E/B/F/G/H/B/I/J/KRMALC in LASAC/D/E/2B/F/G/H/3B/I/J/K228(-2)",-2,"na, see C/D/E/B/F/G/H/B/I/J/KRMALC in LASAC/D/E/2B/F/G/H/3B/I/J/K228",TRUE,
028,F,alcos03,ordinal,"see falcos01 -> na, asked(-1)",-1,"na, asked",TRUE,
028,F,alcos03,ordinal,see falcos01 -> strongly disagree(1),1,strongly disagree,FALSE,
028,F,alcos03,ordinal,see falcos01 -> disagree(2),2,disagree,FALSE,
028,F,alcos03,ordinal,see falcos01 -> no disagreement/ agreement(3),3,no disagreement/ agreement,FALSE,
028,F,alcos03,ordinal,see falcos01 -> agree(4),4,agree,FALSE,
028,F,alcos03,ordinal,see falcos01 -> strongly agree(5),5,strongly agree,FALSE,
028,F,alcos04,ordinal,"see falcos01 -> na, see C/D/E/B/F/G/H/B/I/J/KRMALC in LASAC/D/E/2B/F/G/H/3B/I/J/K228(-2)",-2,"na, see C/D/E/B/F/G/H/B/I/J/KRMALC in LASAC/D/E/2B/F/G/H/3B/I/J/K228",TRUE,
028,F,alcos04,ordinal,"see falcos01 -> na, asked(-1)",-1,"na, asked",TRUE,
028,F,alcos04,ordinal,see falcos01 -> strongly disagree(1),1,strongly disagree,FALSE,
028,F,alcos04,ordinal,see falcos01 -> disagree(2),2,disagree,FALSE,
028,F,alcos04,ordinal,see falcos01 -> no disagreement/ agreement(3),3,no disagreement/ agreement,FALSE,
028,F,alcos04,ordinal,see falcos01 -> agree(4),4,agree,FALSE,
028,F,alcos04,ordinal,see falcos01 -> strongly agree(5),5,strongly agree,FALSE,
028,F,alcos05,ordinal,"see falcos01 -> na, see C/D/E/B/F/G/H/B/I/J/KRMALC in LASAC/D/E/2B/F/G/H/3B/I/J/K228(-2)",-2,"na, see C/D/E/B/F/G/H/B/I/J/KRMALC in LASAC/D/E/2B/F/G/H/3B/I/J/K228",TRUE,
028,F,alcos05,ordinal,"see falcos01 -> na, asked(-1)",-1,"na, asked",TRUE,
028,F,alcos05,ordinal,see falcos01 -> strongly disagree(1),1,strongly disagree,FALSE,
028,F,alcos05,ordinal,see falcos01 -> disagree(2),2,disagree,FALSE,
028,F,alcos05,ordinal,see falcos01 -> no disagreement/ agreement(3),3,no disagreement/ agreement,FALSE,
028,F,alcos05,ordinal,see falcos01 -> agree(4),4,agree,FALSE,
028,F,alcos05,ordinal,see falcos01 -> strongly agree(5),5,strongly agree,FALSE,
028,F,alcos06,ordinal,"see falcos01 -> na, see C/D/E/B/F/G/H/B/I/J/KRMALC in LASAC/D/E/2B/F/G/H/3B/I/J/K228(-2)",-2,"na, see C/D/E/B/F/G/H/B/I/J/KRMALC in LASAC/D/E/2B/F/G/H/3B/I/J/K228",TRUE,
028,F,alcos06,ordinal,"see falcos01 -> na, asked(-1)",-1,"na, asked",TRUE,
028,F,alcos06,ordinal,see falcos01 -> strongly disagree(1),1,strongly disagree,FALSE,
028,F,alcos06,ordinal,see falcos01 -> disagree(2),2,disagree,FALSE,
028,F,alcos06,ordinal,see falcos01 -> no disagreement/ agreement(3),3,no disagreement/ agreement,FALSE,
028,F,alcos06,ordinal,see falcos01 -> agree(4),4,agree,FALSE,
028,F,alcos06,ordinal,see falcos01 -> strongly agree(5),5,strongly agree,FALSE,
028,F,alcos07,ordinal,"see falcos01 -> na, see C/D/E/B/F/G/H/B/I/J/KRMALC in LASAC/D/E/2B/F/G/H/3B/I/J/K228(-2)",-2,"na, see C/D/E/B/F/G/H/B/I/J/KRMALC in LASAC/D/E/2B/F/G/H/3B/I/J/K228",TRUE,
028,F,alcos07,ordinal,"see falcos01 -> na, asked(-1)",-1,"na, asked",TRUE,
028,F,alcos07,ordinal,see falcos01 -> strongly disagree(1),1,strongly disagree,FALSE,
028,F,alcos07,ordinal,see falcos01 -> disagree(2),2,disagree,FALSE,
028,F,alcos07,ordinal,see falcos01 -> no disagreement/ agreement(3),3,no disagreement/ agreement,FALSE,
028,F,alcos07,ordinal,see falcos01 -> agree(4),4,agree,FALSE,
028,F,alcos07,ordinal,see falcos01 -> strongly agree(5),5,strongly agree,FALSE,
028,F,alcos08,ordinal,"see falcos01 -> na, see C/D/E/B/F/G/H/B/I/J/KRMALC in LASAC/D/E/2B/F/G/H/3B/I/J/K228(-2)",-2,"na, see C/D/E/B/F/G/H/B/I/J/KRMALC in LASAC/D/E/2B/F/G/H/3B/I/J/K228",TRUE,
028,F,alcos08,ordinal,"see falcos01 -> na, asked(-1)",-1,"na, asked",TRUE,
028,F,alcos08,ordinal,see falcos01 -> strongly disagree(1),1,strongly disagree,FALSE,
028,F,alcos08,ordinal,see falcos01 -> disagree(2),2,disagree,FALSE,
028,F,alcos08,ordinal,see falcos01 -> no disagreement/ agreement(3),3,no disagreement/ agreement,FALSE,
028,F,alcos08,ordinal,see falcos01 -> agree(4),4,agree,FALSE,
028,F,alcos08,ordinal,see falcos01 -> strongly agree(5),5,strongly agree,FALSE,
028,F,alcos09,ordinal,"see falcos01 -> na, see C/D/E/B/F/G/H/B/I/J/KRMALC in LASAC/D/E/2B/F/G/H/3B/I/J/K228(-2)",-2,"na, see C/D/E/B/F/G/H/B/I/J/KRMALC in LASAC/D/E/2B/F/G/H/3B/I/J/K228",TRUE,
028,F,alcos09,ordinal,"see falcos01 -> na, asked(-1)",-1,"na, asked",TRUE,
028,F,alcos09,ordinal,see falcos01 -> strongly disagree(1),1,strongly disagree,FALSE,
028,F,alcos09,ordinal,see falcos01 -> disagree(2),2,disagree,FALSE,
028,F,alcos09,ordinal,see falcos01 -> no disagreement/ agreement(3),3,no disagreement/ agreement,FALSE,
028,F,alcos09,ordinal,see falcos01 -> agree(4),4,agree,FALSE,
028,F,alcos09,ordinal,see falcos01 -> strongly agree(5),5,strongly agree,FALSE,
028,F,alcos10,ordinal,"see falcos01 -> na, see C/D/E/B/F/G/H/B/I/J/KRMALC in LASAC/D/E/2B/F/G/H/3B/I/J/K228(-2)",-2,"na, see C/D/E/B/F/G/H/B/I/J/KRMALC in LASAC/D/E/2B/F/G/H/3B/I/J/K228",TRUE,
028,F,alcos10,ordinal,"see falcos01 -> na, asked(-1)",-1,"na, asked",TRUE,
028,F,alcos10,ordinal,see falcos01 -> strongly disagree(1),1,strongly disagree,FALSE,
028,F,alcos10,ordinal,see falcos01 -> disagree(2),2,disagree,FALSE,
028,F,alcos10,ordinal,see falcos01 -> no disagreement/ agreement(3),3,no disagreement/ agreement,FALSE,
028,F,alcos10,ordinal,see falcos01 -> agree(4),4,agree,FALSE,
028,F,alcos10,ordinal,see falcos01 -> strongly agree(5),5,strongly agree,FALSE,
028,F,alcos11,ordinal,"see falcos01 -> na, see C/D/E/B/F/G/H/B/I/J/KRMALC in LASAC/D/E/2B/F/G/H/3B/I/J/K228(-2)",-2,"na, see C/D/E/B/F/G/H/B/I/J/KRMALC in LASAC/D/E/2B/F/G/H/3B/I/J/K228",TRUE,
028,F,alcos11,ordinal,"see falcos01 -> na, asked(-1)",-1,"na, asked",TRUE,
028,F,alcos11,ordinal,see falcos01 -> strongly disagree(1),1,strongly disagree,FALSE,
028,F,alcos11,ordinal,see falcos01 -> disagree(2),2,disagree,FALSE,
028,F,alcos11,ordinal,see falcos01 -> no disagreement/ agreement(3),3,no disagreement/ agreement,FALSE,
028,F,alcos11,ordinal,see falcos01 -> agree(4),4,agree,FALSE,
028,F,alcos11,ordinal,see falcos01 -> strongly agree(5),5,strongly agree,FALSE,
028,F,alcos12,ordinal,"see falcos01 -> na, see C/D/E/B/F/G/H/B/I/J/KRMALC in LASAC/D/E/2B/F/G/H/3B/I/J/K228(-2)",-2,"na, see C/D/E/B/F/G/H/B/I/J/KRMALC in LASAC/D/E/2B/F/G/H/3B/I/J/K228",TRUE,
028,F,alcos12,ordinal,"see falcos01 -> na, asked(-1)",-1,"na, asked",TRUE,
028,F,alcos12,ordinal,see falcos01 -> strongly disagree(1),1,strongly disagree,FALSE,
028,F,alcos12,ordinal,see falcos01 -> disagree(2),2,disagree,FALSE,
028,F,alcos12,ordinal,see falcos01 -> no disagreement/ agreement(3),3,no disagreement/ agreement,FALSE,
028,F,alcos12,ordinal,see falcos01 -> agree(4),4,agree,FALSE,
028,F,alcos12,ordinal,see falcos01 -> strongly agree(5),5,strongly agree,FALSE,
028,F,alcmv,numeric,no valid data(-2),-2,no valid data,TRUE,
028,F,initmv,numeric,no valid data(-2),-2,no valid data,TRUE,
028,F,advemv,numeric,no valid data(-2),-2,no valid data,TRUE,
028,F,compmv,numeric,no valid data(-2),-2,no valid data,TRUE,
028,G,alcos01,ordinal,"na, see C/D/E/B/F/G/H/B/I/J/KRMALC in LASAC/D/E/2B/F/G/H/3B/I/J/K228(-2)",-2,"na, see C/D/E/B/F/G/H/B/I/J/KRMALC in LASAC/D/E/2B/F/G/H/3B/I/J/K228",TRUE,
028,G,alcos01,ordinal,"na, asked(-1)",-1,"na, asked",TRUE,
028,G,alcos01,ordinal,strongly disagree(1),1,strongly disagree,FALSE,
028,G,alcos01,ordinal,disagree(2),2,disagree,FALSE,
028,G,alcos01,ordinal,no disagreement/ agreement(3),3,no disagreement/ agreement,FALSE,
028,G,alcos01,ordinal,agree(4),4,agree,FALSE,
028,G,alcos01,ordinal,strongly agree(5),5,strongly agree,FALSE,
028,G,alcos02,ordinal,"see galcos01 -> na, see C/D/E/B/F/G/H/B/I/J/KRMALC in LASAC/D/E/2B/F/G/H/3B/I/J/K228(-2)",-2,"na, see C/D/E/B/F/G/H/B/I/J/KRMALC in LASAC/D/E/2B/F/G/H/3B/I/J/K228",TRUE,
028,G,alcos02,ordinal,"see galcos01 -> na, asked(-1)",-1,"na, asked",TRUE,
028,G,alcos02,ordinal,see galcos01 -> strongly disagree(1),1,strongly disagree,FALSE,
028,G,alcos02,ordinal,see galcos01 -> disagree(2),2,disagree,FALSE,
028,G,alcos02,ordinal,see galcos01 -> no disagreement/ agreement(3),3,no disagreement/ agreement,FALSE,
028,G,alcos02,ordinal,see galcos01 -> agree(4),4,agree,FALSE,
028,G,alcos02,ordinal,see galcos01 -> strongly agree(5),5,strongly agree,FALSE,
028,G,alcos03,ordinal,"see galcos01 -> na, see C/D/E/B/F/G/H/B/I/J/KRMALC in LASAC/D/E/2B/F/G/H/3B/I/J/K228(-2)",-2,"na, see C/D/E/B/F/G/H/B/I/J/KRMALC in LASAC/D/E/2B/F/G/H/3B/I/J/K228",TRUE,
028,G,alcos03,ordinal,"see galcos01 -> na, asked(-1)",-1,"na, asked",TRUE,
028,G,alcos03,ordinal,see galcos01 -> strongly disagree(1),1,strongly disagree,FALSE,
028,G,alcos03,ordinal,see galcos01 -> disagree(2),2,disagree,FALSE,
028,G,alcos03,ordinal,see galcos01 -> no disagreement/ agreement(3),3,no disagreement/ agreement,FALSE,
028,G,alcos03,ordinal,see galcos01 -> agree(4),4,agree,FALSE,
028,G,alcos03,ordinal,see galcos01 -> strongly agree(5),5,strongly agree,FALSE,
028,G,alcos04,ordinal,"see galcos01 -> na, see C/D/E/B/F/G/H/B/I/J/KRMALC in LASAC/D/E/2B/F/G/H/3B/I/J/K228(-2)",-2,"na, see C/D/E/B/F/G/H/B/I/J/KRMALC in LASAC/D/E/2B/F/G/H/3B/I/J/K228",TRUE,
028,G,alcos04,ordinal,"see galcos01 -> na, asked(-1)",-1,"na, asked",TRUE,
028,G,alcos04,ordinal,see galcos01 -> strongly disagree(1),1,strongly disagree,FALSE,
028,G,alcos04,ordinal,see galcos01 -> disagree(2),2,disagree,FALSE,
028,G,alcos04,ordinal,see galcos01 -> no disagreement/ agreement(3),3,no disagreement/ agreement,FALSE,
028,G,alcos04,ordinal,see galcos01 -> agree(4),4,agree,FALSE,
028,G,alcos04,ordinal,see galcos01 -> strongly agree(5),5,strongly agree,FALSE,
028,G,alcos05,ordinal,"see galcos01 -> na, see C/D/E/B/F/G/H/B/I/J/KRMALC in LASAC/D/E/2B/F/G/H/3B/I/J/K228(-2)",-2,"na, see C/D/E/B/F/G/H/B/I/J/KRMALC in LASAC/D/E/2B/F/G/H/3B/I/J/K228",TRUE,
028,G,alcos05,ordinal,"see galcos01 -> na, asked(-1)",-1,"na, asked",TRUE,
028,G,alcos05,ordinal,see galcos01 -> strongly disagree(1),1,strongly disagree,FALSE,
028,G,alcos05,ordinal,see galcos01 -> disagree(2),2,disagree,FALSE,
028,G,alcos05,ordinal,see galcos01 -> no disagreement/ agreement(3),3,no disagreement/ agreement,FALSE,
028,G,alcos05,ordinal,see galcos01 -> agree(4),4,agree,FALSE,
028,G,alcos05,ordinal,see galcos01 -> strongly agree(5),5,strongly agree,FALSE,
028,G,alcos06,ordinal,"see galcos01 -> na, see C/D/E/B/F/G/H/B/I/J/KRMALC in LASAC/D/E/2B/F/G/H/3B/I/J/K228(-2)",-2,"na, see C/D/E/B/F/G/H/B/I/J/KRMALC in LASAC/D/E/2B/F/G/H/3B/I/J/K228",TRUE,
028,G,alcos06,ordinal,"see galcos01 -> na, asked(-1)",-1,"na, asked",TRUE,
028,G,alcos06,ordinal,see galcos01 -> strongly disagree(1),1,strongly disagree,FALSE,
028,G,alcos06,ordinal,see galcos01 -> disagree(2),2,disagree,FALSE,
028,G,alcos06,ordinal,see galcos01 -> no disagreement/ agreement(3),3,no disagreement/ agreement,FALSE,
028,G,alcos06,ordinal,see galcos01 -> agree(4),4,agree,FALSE,
028,G,alcos06,ordinal,see galcos01 -> strongly agree(5),5,strongly agree,FALSE,
028,G,alcos07,ordinal,"see galcos01 -> na, see C/D/E/B/F/G/H/B/I/J/KRMALC in LASAC/D/E/2B/F/G/H/3B/I/J/K228(-2)",-2,"na, see C/D/E/B/F/G/H/B/I/J/KRMALC in LASAC/D/E/2B/F/G/H/3B/I/J/K228",TRUE,
028,G,alcos07,ordinal,"see galcos01 -> na, asked(-1)",-1,"na, asked",TRUE,
028,G,alcos07,ordinal,see galcos01 -> strongly disagree(1),1,strongly disagree,FALSE,
028,G,alcos07,ordinal,see galcos01 -> disagree(2),2,disagree,FALSE,
028,G,alcos07,ordinal,see galcos01 -> no disagreement/ agreement(3),3,no disagreement/ agreement,FALSE,
028,G,alcos07,ordinal,see galcos01 -> agree(4),4,agree,FALSE,
028,G,alcos07,ordinal,see galcos01 -> strongly agree(5),5,strongly agree,FALSE,
028,G,alcos08,ordinal,"see galcos01 -> na, see C/D/E/B/F/G/H/B/I/J/KRMALC in LASAC/D/E/2B/F/G/H/3B/I/J/K228(-2)",-2,"na, see C/D/E/B/F/G/H/B/I/J/KRMALC in LASAC/D/E/2B/F/G/H/3B/I/J/K228",TRUE,
028,G,alcos08,ordinal,"see galcos01 -> na, asked(-1)",-1,"na, asked",TRUE,
028,G,alcos08,ordinal,see galcos01 -> strongly disagree(1),1,strongly disagree,FALSE,
028,G,alcos08,ordinal,see galcos01 -> disagree(2),2,disagree,FALSE,
028,G,alcos08,ordinal,see galcos01 -> no disagreement/ agreement(3),3,no disagreement/ agreement,FALSE,
028,G,alcos08,ordinal,see galcos01 -> agree(4),4,agree,FALSE,
028,G,alcos08,ordinal,see galcos01 -> strongly agree(5),5,strongly agree,FALSE,
028,G,alcos09,ordinal,"see galcos01 -> na, see C/D/E/B/F/G/H/B/I/J/KRMALC in LASAC/D/E/2B/F/G/H/3B/I/J/K228(-2)",-2,"na, see C/D/E/B/F/G/H/B/I/J/KRMALC in LASAC/D/E/2B/F/G/H/3B/I/J/K228",TRUE,
028,G,alcos09,ordinal,"see galcos01 -> na, asked(-1)",-1,"na, asked",TRUE,
028,G,alcos09,ordinal,see galcos01 -> strongly disagree(1),1,strongly disagree,FALSE,
028,G,alcos09,ordinal,see galcos01 -> disagree(2),2,disagree,FALSE,
028,G,alcos09,ordinal,see galcos01 -> no disagreement/ agreement(3),3,no disagreement/ agreement,FALSE,
028,G,alcos09,ordinal,see galcos01 -> agree(4),4,agree,FALSE,
028,G,alcos09,ordinal,see galcos01 -> strongly agree(5),5,strongly agree,FALSE,
028,G,alcos10,ordinal,"see galcos01 -> na, see C/D/E/B/F/G/H/B/I/J/KRMALC in LASAC/D/E/2B/F/G/H/3B/I/J/K228(-2)",-2,"na, see C/D/E/B/F/G/H/B/I/J/KRMALC in LASAC/D/E/2B/F/G/H/3B/I/J/K228",TRUE,
028,G,alcos10,ordinal,"see galcos01 -> na, asked(-1)",-1,"na, asked",TRUE,
028,G,alcos10,ordinal,see galcos01 -> strongly disagree(1),1,strongly disagree,FALSE,
028,G,alcos10,ordinal,see galcos01 -> disagree(2),2,disagree,FALSE,
028,G,alcos10,ordinal,see galcos01 -> no disagreement/ agreement(3),3,no disagreement/ agreement,FALSE,
028,G,alcos10,ordinal,see galcos01 -> agree(4),4,agree,FALSE,
028,G,alcos10,ordinal,see galcos01 -> strongly agree(5),5,strongly agree,FALSE,
028,G,alcos11,ordinal,"see galcos01 -> na, see C/D/E/B/F/G/H/B/I/J/KRMALC in LASAC/D/E/2B/F/G/H/3B/I/J/K228(-2)",-2,"na, see C/D/E/B/F/G/H/B/I/J/KRMALC in LASAC/D/E/2B/F/G/H/3B/I/J/K228",TRUE,
028,G,alcos11,ordinal,"see galcos01 -> na, asked(-1)",-1,"na, asked",TRUE,
028,G,alcos11,ordinal,see galcos01 -> strongly disagree(1),1,strongly disagree,FALSE,
028,G,alcos11,ordinal,see galcos01 -> disagree(2),2,disagree,FALSE,
028,G,alcos11,ordinal,see galcos01 -> no disagreement/ agreement(3),3,no disagreement/ agreement,FALSE,
028,G,alcos11,ordinal,see galcos01 -> agree(4),4,agree,FALSE,
028,G,alcos11,ordinal,see galcos01 -> strongly agree(5),5,strongly agree,FALSE,
028,G,alcos12,ordinal,"see galcos01 -> na, see C/D/E/B/F/G/H/B/I/J/KRMALC in LASAC/D/E/2B/F/G/H/3B/I/J/K228(-2)",-2,"na, see C/D/E/B/F/G/H/B/I/J/KRMALC in LASAC/D/E/2B/F/G/H/3B/I/J/K228",TRUE,
028,G,alcos12,ordinal,"see galcos01 -> na, asked(-1)",-1,"na, asked",TRUE,
028,G,alcos12,ordinal,see galcos01 -> strongly disagree(1),1,strongly disagree,FALSE,
028,G,alcos12,ordinal,see galcos01 -> disagree(2),2,disagree,FALSE,
028,G,alcos12,ordinal,see galcos01 -> no disagreement/ agreement(3),3,no disagreement/ agreement,FALSE,
028,G,alcos12,ordinal,see galcos01 -> agree(4),4,agree,FALSE,
028,G,alcos12,ordinal,see galcos01 -> strongly agree(5),5,strongly agree,FALSE,
028,G,alcmv,numeric,no valid data(-2),-2,no valid data,TRUE,
028,G,initmv,numeric,no valid data(-2),-2,no valid data,TRUE,
028,G,advemv,numeric,no valid data(-2),-2,no valid data,TRUE,
028,G,compmv,numeric,no valid data(-2),-2,no valid data,TRUE,
028,H,alcos01,ordinal,"na, see C/D/E/B/F/G/H/B/I/J/KRMALC in LASAC/D/E/2B/F/G/H/3B/I/J/K228(-2)",-2,"na, see C/D/E/B/F/G/H/B/I/J/KRMALC in LASAC/D/E/2B/F/G/H/3B/I/J/K228",TRUE,
028,H,alcos01,ordinal,"na, asked(-1)",-1,"na, asked",TRUE,
028,H,alcos01,ordinal,strongly disagree(1),1,strongly disagree,FALSE,
028,H,alcos01,ordinal,disagree(2),2,disagree,FALSE,
028,H,alcos01,ordinal,no disagreement/ agreement(3),3,no disagreement/ agreement,FALSE,
028,H,alcos01,ordinal,agree(4),4,agree,FALSE,
028,H,alcos01,ordinal,strongly agree(5),5,strongly agree,FALSE,
028,H,alcos02,ordinal,"see halcos01 -> na, see C/D/E/B/F/G/H/B/I/J/KRMALC in LASAC/D/E/2B/F/G/H/3B/I/J/K228(-2)",-2,"na, see C/D/E/B/F/G/H/B/I/J/KRMALC in LASAC/D/E/2B/F/G/H/3B/I/J/K228",TRUE,
028,H,alcos02,ordinal,"see halcos01 -> na, asked(-1)",-1,"na, asked",TRUE,
028,H,alcos02,ordinal,see halcos01 -> strongly disagree(1),1,strongly disagree,FALSE,
028,H,alcos02,ordinal,see halcos01 -> disagree(2),2,disagree,FALSE,
028,H,alcos02,ordinal,see halcos01 -> no disagreement/ agreement(3),3,no disagreement/ agreement,FALSE,
028,H,alcos02,ordinal,see halcos01 -> agree(4),4,agree,FALSE,
028,H,alcos02,ordinal,see halcos01 -> strongly agree(5),5,strongly agree,FALSE,
028,H,alcos03,ordinal,"see halcos01 -> na, see C/D/E/B/F/G/H/B/I/J/KRMALC in LASAC/D/E/2B/F/G/H/3B/I/J/K228(-2)",-2,"na, see C/D/E/B/F/G/H/B/I/J/KRMALC in LASAC/D/E/2B/F/G/H/3B/I/J/K228",TRUE,
028,H,alcos03,ordinal,"see halcos01 -> na, asked(-1)",-1,"na, asked",TRUE,
028,H,alcos03,ordinal,see halcos01 -> strongly disagree(1),1,strongly disagree,FALSE,
028,H,alcos03,ordinal,see halcos01 -> disagree(2),2,disagree,FALSE,
028,H,alcos03,ordinal,see halcos01 -> no disagreement/ agreement(3),3,no disagreement/ agreement,FALSE,
028,H,alcos03,ordinal,see halcos01 -> agree(4),4,agree,FALSE,
028,H,alcos03,ordinal,see halcos01 -> strongly agree(5),5,strongly agree,FALSE,
028,H,alcos04,ordinal,"see halcos01 -> na, see C/D/E/B/F/G/H/B/I/J/KRMALC in LASAC/D/E/2B/F/G/H/3B/I/J/K228(-2)",-2,"na, see C/D/E/B/F/G/H/B/I/J/KRMALC in LASAC/D/E/2B/F/G/H/3B/I/J/K228",TRUE,
028,H,alcos04,ordinal,"see halcos01 -> na, asked(-1)",-1,"na, asked",TRUE,
028,H,alcos04,ordinal,see halcos01 -> strongly disagree(1),1,strongly disagree,FALSE,
028,H,alcos04,ordinal,see halcos01 -> disagree(2),2,disagree,FALSE,
028,H,alcos04,ordinal,see halcos01 -> no disagreement/ agreement(3),3,no disagreement/ agreement,FALSE,
028,H,alcos04,ordinal,see halcos01 -> agree(4),4,agree,FALSE,
028,H,alcos04,ordinal,see halcos01 -> strongly agree(5),5,strongly agree,FALSE,
028,H,alcos05,ordinal,"see halcos01 -> na, see C/D/E/B/F/G/H/B/I/J/KRMALC in LASAC/D/E/2B/F/G/H/3B/I/J/K228(-2)",-2,"na, see C/D/E/B/F/G/H/B/I/J/KRMALC in LASAC/D/E/2B/F/G/H/3B/I/J/K228",TRUE,
028,H,alcos05,ordinal,"see halcos01 -> na, asked(-1)",-1,"na, asked",TRUE,
028,H,alcos05,ordinal,see halcos01 -> strongly disagree(1),1,strongly disagree,FALSE,
028,H,alcos05,ordinal,see halcos01 -> disagree(2),2,disagree,FALSE,
028,H,alcos05,ordinal,see halcos01 -> no disagreement/ agreement(3),3,no disagreement/ agreement,FALSE,
028,H,alcos05,ordinal,see halcos01 -> agree(4),4,agree,FALSE,
028,H,alcos05,ordinal,see halcos01 -> strongly agree(5),5,strongly agree,FALSE,
028,H,alcos06,ordinal,"see halcos01 -> na, see C/D/E/B/F/G/H/B/I/J/KRMALC in LASAC/D/E/2B/F/G/H/3B/I/J/K228(-2)",-2,"na, see C/D/E/B/F/G/H/B/I/J/KRMALC in LASAC/D/E/2B/F/G/H/3B/I/J/K228",TRUE,
028,H,alcos06,ordinal,"see halcos01 -> na, asked(-1)",-1,"na, asked",TRUE,
028,H,alcos06,ordinal,see halcos01 -> strongly disagree(1),1,strongly disagree,FALSE,
028,H,alcos06,ordinal,see halcos01 -> disagree(2),2,disagree,FALSE,
028,H,alcos06,ordinal,see halcos01 -> no disagreement/ agreement(3),3,no disagreement/ agreement,FALSE,
028,H,alcos06,ordinal,see halcos01 -> agree(4),4,agree,FALSE,
028,H,alcos06,ordinal,see halcos01 -> strongly agree(5),5,strongly agree,FALSE,
028,H,alcos07,ordinal,"see halcos01 -> na, see C/D/E/B/F/G/H/B/I/J/KRMALC in LASAC/D/E/2B/F/G/H/3B/I/J/K228(-2)",-2,"na, see C/D/E/B/F/G/H/B/I/J/KRMALC in LASAC/D/E/2B/F/G/H/3B/I/J/K228",TRUE,
028,H,alcos07,ordinal,"see halcos01 -> na, asked(-1)",-1,"na, asked",TRUE,
028,H,alcos07,ordinal,see halcos01 -> strongly disagree(1),1,strongly disagree,FALSE,
028,H,alcos07,ordinal,see halcos01 -> disagree(2),2,disagree,FALSE,
028,H,alcos07,ordinal,see halcos01 -> no disagreement/ agreement(3),3,no disagreement/ agreement,FALSE,
028,H,alcos07,ordinal,see halcos01 -> agree(4),4,agree,FALSE,
028,H,alcos07,ordinal,see halcos01 -> strongly agree(5),5,strongly agree,FALSE,
028,H,alcos08,ordinal,"see halcos01 -> na, see C/D/E/B/F/G/H/B/I/J/KRMALC in LASAC/D/E/2B/F/G/H/3B/I/J/K228(-2)",-2,"na, see C/D/E/B/F/G/H/B/I/J/KRMALC in LASAC/D/E/2B/F/G/H/3B/I/J/K228",TRUE,
028,H,alcos08,ordinal,"see halcos01 -> na, asked(-1)",-1,"na, asked",TRUE,
028,H,alcos08,ordinal,see halcos01 -> strongly disagree(1),1,strongly disagree,FALSE,
028,H,alcos08,ordinal,see halcos01 -> disagree(2),2,disagree,FALSE,
028,H,alcos08,ordinal,see halcos01 -> no disagreement/ agreement(3),3,no disagreement/ agreement,FALSE,
028,H,alcos08,ordinal,see halcos01 -> agree(4),4,agree,FALSE,
028,H,alcos08,ordinal,see halcos01 -> strongly agree(5),5,strongly agree,FALSE,
028,H,alcos09,ordinal,"see halcos01 -> na, see C/D/E/B/F/G/H/B/I/J/KRMALC in LASAC/D/E/2B/F/G/H/3B/I/J/K228(-2)",-2,"na, see C/D/E/B/F/G/H/B/I/J/KRMALC in LASAC/D/E/2B/F/G/H/3B/I/J/K228",TRUE,
028,H,alcos09,ordinal,"see halcos01 -> na, asked(-1)",-1,"na, asked",TRUE,
028,H,alcos09,ordinal,see halcos01 -> strongly disagree(1),1,strongly disagree,FALSE,
028,H,alcos09,ordinal,see halcos01 -> disagree(2),2,disagree,FALSE,
028,H,alcos09,ordinal,see halcos01 -> no disagreement/ agreement(3),3,no disagreement/ agreement,FALSE,
028,H,alcos09,ordinal,see halcos01 -> agree(4),4,agree,FALSE,
028,H,alcos09,ordinal,see halcos01 -> strongly agree(5),5,strongly agree,FALSE,
028,H,alcos10,ordinal,"see halcos01 -> na, see C/D/E/B/F/G/H/B/I/J/KRMALC in LASAC/D/E/2B/F/G/H/3B/I/J/K228(-2)",-2,"na, see C/D/E/B/F/G/H/B/I/J/KRMALC in LASAC/D/E/2B/F/G/H/3B/I/J/K228",TRUE,
028,H,alcos10,ordinal,"see halcos01 -> na, asked(-1)",-1,"na, asked",TRUE,
028,H,alcos10,ordinal,see halcos01 -> strongly disagree(1),1,strongly disagree,FALSE,
028,H,alcos10,ordinal,see halcos01 -> disagree(2),2,disagree,FALSE,
028,H,alcos10,ordinal,see halcos01 -> no disagreement/ agreement(3),3,no disagreement/ agreement,FALSE,
028,H,alcos10,ordinal,see halcos01 -> agree(4),4,agree,FALSE,
028,H,alcos10,ordinal,see halcos01 -> strongly agree(5),5,strongly agree,FALSE,
028,H,alcos11,ordinal,"see halcos01 -> na, see C/D/E/B/F/G/H/B/I/J/KRMALC in LASAC/D/E/2B/F/G/H/3B/I/J/K228(-2)",-2,"na, see C/D/E/B/F/G/H/B/I/J/KRMALC in LASAC/D/E/2B/F/G/H/3B/I/J/K228",TRUE,
028,H,alcos11,ordinal,"see halcos01 -> na, asked(-1)",-1,"na, asked",TRUE,
028,H,alcos11,ordinal,see halcos01 -> strongly disagree(1),1,strongly disagree,FALSE,
028,H,alcos11,ordinal,see halcos01 -> disagree(2),2,disagree,FALSE,
028,H,alcos11,ordinal,see halcos01 -> no disagreement/ agreement(3),3,no disagreement/ agreement,FALSE,
028,H,alcos11,ordinal,see halcos01 -> agree(4),4,agree,FALSE,
028,H,alcos11,ordinal,see halcos01 -> strongly agree(5),5,strongly agree,FALSE,
028,H,alcos12,ordinal,"see halcos01 -> na, see C/D/E/B/F/G/H/B/I/J/KRMALC in LASAC/D/E/2B/F/G/H/3B/I/J/K228(-2)",-2,"na, see C/D/E/B/F/G/H/B/I/J/KRMALC in LASAC/D/E/2B/F/G/H/3B/I/J/K228",TRUE,
028,H,alcos12,ordinal,"see halcos01 -> na, asked(-1)",-1,"na, asked",TRUE,
028,H,alcos12,ordinal,see halcos01 -> strongly disagree(1),1,strongly disagree,FALSE,
028,H,alcos12,ordinal,see halcos01 -> disagree(2),2,disagree,FALSE,
028,H,alcos12,ordinal,see halcos01 -> no disagreement/ agreement(3),3,no disagreement/ agreement,FALSE,
028,H,alcos12,ordinal,see halcos01 -> agree(4),4,agree,FALSE,
028,H,alcos12,ordinal,see halcos01 -> strongly agree(5),5,strongly agree,FALSE,
028,H,alcmv,numeric,no valid data(-2),-2,no valid data,TRUE,
028,H,initmv,numeric,no valid data(-2),-2,no valid data,TRUE,
028,H,advemv,numeric,no valid data(-2),-2,no valid data,TRUE,
028,H,compmv,numeric,no valid data(-2),-2,no valid data,TRUE,
028,3B,alcos01,ordinal,"na, see C/D/E/B/F/G/H/B/I/J/KRMALC in LASAC/D/E/2B/F/G/H/3B/I/J/K228(-2)",-2,"na, see C/D/E/B/F/G/H/B/I/J/KRMALC in LASAC/D/E/2B/F/G/H/3B/I/J/K228",TRUE,
028,3B,alcos01,ordinal,"na, asked(-1)",-1,"na, asked",TRUE,
028,3B,alcos01,ordinal,strongly disagree(1),1,strongly disagree,FALSE,
028,3B,alcos01,ordinal,disagree(2),2,disagree,FALSE,
028,3B,alcos01,ordinal,no disagreement/ agreement(3),3,no disagreement/ agreement,FALSE,
028,3B,alcos01,ordinal,agree(4),4,agree,FALSE,
028,3B,alcos01,ordinal,strongly agree(5),5,strongly agree,FALSE,
028,3B,alcos02,ordinal,"see balcos01 -> na, see C/D/E/B/F/G/H/B/I/J/KRMALC in LASAC/D/E/2B/F/G/H/3B/I/J/K228(-2)",-2,"na, see C/D/E/B/F/G/H/B/I/J/KRMALC in LASAC/D/E/2B/F/G/H/3B/I/J/K228",TRUE,
028,3B,alcos02,ordinal,"see balcos01 -> na, asked(-1)",-1,"na, asked",TRUE,
028,3B,alcos02,ordinal,see balcos01 -> strongly disagree(1),1,strongly disagree,FALSE,
028,3B,alcos02,ordinal,see balcos01 -> disagree(2),2,disagree,FALSE,
028,3B,alcos02,ordinal,see balcos01 -> no disagreement/ agreement(3),3,no disagreement/ agreement,FALSE,
028,3B,alcos02,ordinal,see balcos01 -> agree(4),4,agree,FALSE,
028,3B,alcos02,ordinal,see balcos01 -> strongly agree(5),5,strongly agree,FALSE,
028,3B,alcos03,ordinal,"see balcos01 -> na, see C/D/E/B/F/G/H/B/I/J/KRMALC in LASAC/D/E/2B/F/G/H/3B/I/J/K228(-2)",-2,"na, see C/D/E/B/F/G/H/B/I/J/KRMALC in LASAC/D/E/2B/F/G/H/3B/I/J/K228",TRUE,
028,3B,alcos03,ordinal,"see balcos01 -> na, asked(-1)",-1,"na, asked",TRUE,
028,3B,alcos03,ordinal,see balcos01 -> strongly disagree(1),1,strongly disagree,FALSE,
028,3B,alcos03,ordinal,see balcos01 -> disagree(2),2,disagree,FALSE,
028,3B,alcos03,ordinal,see balcos01 -> no disagreement/ agreement(3),3,no disagreement/ agreement,FALSE,
028,3B,alcos03,ordinal,see balcos01 -> agree(4),4,agree,FALSE,
028,3B,alcos03,ordinal,see balcos01 -> strongly agree(5),5,strongly agree,FALSE,
028,3B,alcos04,ordinal,"see balcos01 -> na, see C/D/E/B/F/G/H/B/I/J/KRMALC in LASAC/D/E/2B/F/G/H/3B/I/J/K228(-2)",-2,"na, see C/D/E/B/F/G/H/B/I/J/KRMALC in LASAC/D/E/2B/F/G/H/3B/I/J/K228",TRUE,
028,3B,alcos04,ordinal,"see balcos01 -> na, asked(-1)",-1,"na, asked",TRUE,
028,3B,alcos04,ordinal,see balcos01 -> strongly disagree(1),1,strongly disagree,FALSE,
028,3B,alcos04,ordinal,see balcos01 -> disagree(2),2,disagree,FALSE,
028,3B,alcos04,ordinal,see balcos01 -> no disagreement/ agreement(3),3,no disagreement/ agreement,FALSE,
028,3B,alcos04,ordinal,see balcos01 -> agree(4),4,agree,FALSE,
028,3B,alcos04,ordinal,see balcos01 -> strongly agree(5),5,strongly agree,FALSE,
028,3B,alcos05,ordinal,"see balcos01 -> na, see C/D/E/B/F/G/H/B/I/J/KRMALC in LASAC/D/E/2B/F/G/H/3B/I/J/K228(-2)",-2,"na, see C/D/E/B/F/G/H/B/I/J/KRMALC in LASAC/D/E/2B/F/G/H/3B/I/J/K228",TRUE,
028,3B,alcos05,ordinal,"see balcos01 -> na, asked(-1)",-1,"na, asked",TRUE,
028,3B,alcos05,ordinal,see balcos01 -> strongly disagree(1),1,strongly disagree,FALSE,
028,3B,alcos05,ordinal,see balcos01 -> disagree(2),2,disagree,FALSE,
028,3B,alcos05,ordinal,see balcos01 -> no disagreement/ agreement(3),3,no disagreement/ agreement,FALSE,
028,3B,alcos05,ordinal,see balcos01 -> agree(4),4,agree,FALSE,
028,3B,alcos05,ordinal,see balcos01 -> strongly agree(5),5,strongly agree,FALSE,
028,3B,alcos06,ordinal,"see balcos01 -> na, see C/D/E/B/F/G/H/B/I/J/KRMALC in LASAC/D/E/2B/F/G/H/3B/I/J/K228(-2)",-2,"na, see C/D/E/B/F/G/H/B/I/J/KRMALC in LASAC/D/E/2B/F/G/H/3B/I/J/K228",TRUE,
028,3B,alcos06,ordinal,"see balcos01 -> na, asked(-1)",-1,"na, asked",TRUE,
028,3B,alcos06,ordinal,see balcos01 -> strongly disagree(1),1,strongly disagree,FALSE,
028,3B,alcos06,ordinal,see balcos01 -> disagree(2),2,disagree,FALSE,
028,3B,alcos06,ordinal,see balcos01 -> no disagreement/ agreement(3),3,no disagreement/ agreement,FALSE,
028,3B,alcos06,ordinal,see balcos01 -> agree(4),4,agree,FALSE,
028,3B,alcos06,ordinal,see balcos01 -> strongly agree(5),5,strongly agree,FALSE,
028,3B,alcos07,ordinal,"see balcos01 -> na, see C/D/E/B/F/G/H/B/I/J/KRMALC in LASAC/D/E/2B/F/G/H/3B/I/J/K228(-2)",-2,"na, see C/D/E/B/F/G/H/B/I/J/KRMALC in LASAC/D/E/2B/F/G/H/3B/I/J/K228",TRUE,
028,3B,alcos07,ordinal,"see balcos01 -> na, asked(-1)",-1,"na, asked",TRUE,
028,3B,alcos07,ordinal,see balcos01 -> strongly disagree(1),1,strongly disagree,FALSE,
028,3B,alcos07,ordinal,see balcos01 -> disagree(2),2,disagree,FALSE,
028,3B,alcos07,ordinal,see balcos01 -> no disagreement/ agreement(3),3,no disagreement/ agreement,FALSE,
028,3B,alcos07,ordinal,see balcos01 -> agree(4),4,agree,FALSE,
028,3B,alcos07,ordinal,see balcos01 -> strongly agree(5),5,strongly agree,FALSE,
028,3B,alcos08,ordinal,"see balcos01 -> na, see C/D/E/B/F/G/H/B/I/J/KRMALC in LASAC/D/E/2B/F/G/H/3B/I/J/K228(-2)",-2,"na, see C/D/E/B/F/G/H/B/I/J/KRMALC in LASAC/D/E/2B/F/G/H/3B/I/J/K228",TRUE,
028,3B,alcos08,ordinal,"see balcos01 -> na, asked(-1)",-1,"na, asked",TRUE,
028,3B,alcos08,ordinal,see balcos01 -> strongly disagree(1),1,strongly disagree,FALSE,
028,3B,alcos08,ordinal,see balcos01 -> disagree(2),2,disagree,FALSE,
028,3B,alcos08,ordinal,see balcos01 -> no disagreement/ agreement(3),3,no disagreement/ agreement,FALSE,
028,3B,alcos08,ordinal,see balcos01 -> agree(4),4,agree,FALSE,
028,3B,alcos08,ordinal,see balcos01 -> strongly agree(5),5,strongly agree,FALSE,
028,3B,alcos09,ordinal,"see balcos01 -> na, see C/D/E/B/F/G/H/B/I/J/KRMALC in LASAC/D/E/2B/F/G/H/3B/I/J/K228(-2)",-2,"na, see C/D/E/B/F/G/H/B/I/J/KRMALC in LASAC/D/E/2B/F/G/H/3B/I/J/K228",TRUE,
028,3B,alcos09,ordinal,"see balcos01 -> na, asked(-1)",-1,"na, asked",TRUE,
028,3B,alcos09,ordinal,see balcos01 -> strongly disagree(1),1,strongly disagree,FALSE,
028,3B,alcos09,ordinal,see balcos01 -> disagree(2),2,disagree,FALSE,
028,3B,alcos09,ordinal,see balcos01 -> no disagreement/ agreement(3),3,no disagreement/ agreement,FALSE,
028,3B,alcos09,ordinal,see balcos01 -> agree(4),4,agree,FALSE,
028,3B,alcos09,ordinal,see balcos01 -> strongly agree(5),5,strongly agree,FALSE,
028,3B,alcos10,ordinal,"see balcos01 -> na, see C/D/E/B/F/G/H/B/I/J/KRMALC in LASAC/D/E/2B/F/G/H/3B/I/J/K228(-2)",-2,"na, see C/D/E/B/F/G/H/B/I/J/KRMALC in LASAC/D/E/2B/F/G/H/3B/I/J/K228",TRUE,
028,3B,alcos10,ordinal,"see balcos01 -> na, asked(-1)",-1,"na, asked",TRUE,
028,3B,alcos10,ordinal,see balcos01 -> strongly disagree(1),1,strongly disagree,FALSE,
028,3B,alcos10,ordinal,see balcos01 -> disagree(2),2,disagree,FALSE,
028,3B,alcos10,ordinal,see balcos01 -> no disagreement/ agreement(3),3,no disagreement/ agreement,FALSE,
028,3B,alcos10,ordinal,see balcos01 -> agree(4),4,agree,FALSE,
028,3B,alcos10,ordinal,see balcos01 -> strongly agree(5),5,strongly agree,FALSE,
028,3B,alcos11,ordinal,"see balcos01 -> na, see C/D/E/B/F/G/H/B/I/J/KRMALC in LASAC/D/E/2B/F/G/H/3B/I/J/K228(-2)",-2,"na, see C/D/E/B/F/G/H/B/I/J/KRMALC in LASAC/D/E/2B/F/G/H/3B/I/J/K228",TRUE,
028,3B,alcos11,ordinal,"see balcos01 -> na, asked(-1)",-1,"na, asked",TRUE,
028,3B,alcos11,ordinal,see balcos01 -> strongly disagree(1),1,strongly disagree,FALSE,
028,3B,alcos11,ordinal,see balcos01 -> disagree(2),2,disagree,FALSE,
028,3B,alcos11,ordinal,see balcos01 -> no disagreement/ agreement(3),3,no disagreement/ agreement,FALSE,
028,3B,alcos11,ordinal,see balcos01 -> agree(4),4,agree,FALSE,
028,3B,alcos11,ordinal,see balcos01 -> strongly agree(5),5,strongly agree,FALSE,
028,3B,alcos12,ordinal,"see balcos01 -> na, see C/D/E/B/F/G/H/B/I/J/KRMALC in LASAC/D/E/2B/F/G/H/3B/I/J/K228(-2)",-2,"na, see C/D/E/B/F/G/H/B/I/J/KRMALC in LASAC/D/E/2B/F/G/H/3B/I/J/K228",TRUE,
028,3B,alcos12,ordinal,"see balcos01 -> na, asked(-1)",-1,"na, asked",TRUE,
028,3B,alcos12,ordinal,see balcos01 -> strongly disagree(1),1,strongly disagree,FALSE,
028,3B,alcos12,ordinal,see balcos01 -> disagree(2),2,disagree,FALSE,
028,3B,alcos12,ordinal,see balcos01 -> no disagreement/ agreement(3),3,no disagreement/ agreement,FALSE,
028,3B,alcos12,ordinal,see balcos01 -> agree(4),4,agree,FALSE,
028,3B,alcos12,ordinal,see balcos01 -> strongly agree(5),5,strongly agree,FALSE,
028,3B,alcmv,numeric,no valid data(-2),-2,no valid data,TRUE,
028,3B,initmv,numeric,no valid data(-2),-2,no valid data,TRUE,
028,3B,advemv,numeric,no valid data(-2),-2,no valid data,TRUE,
028,3B,compmv,numeric,no valid data(-2),-2,no valid data,TRUE,
028,I,alcos01,ordinal,"na, see C/D/E/B/F/G/H/B/I/J/KRMALC in LASAC/D/E/2B/F/G/H/3B/I/J/K228(-2)",-2,"na, see C/D/E/B/F/G/H/B/I/J/KRMALC in LASAC/D/E/2B/F/G/H/3B/I/J/K228",TRUE,
028,I,alcos01,ordinal,"na, asked(-1)",-1,"na, asked",TRUE,
028,I,alcos01,ordinal,strongly disagree(1),1,strongly disagree,FALSE,
028,I,alcos01,ordinal,disagree(2),2,disagree,FALSE,
028,I,alcos01,ordinal,no disagreement/ agreement(3),3,no disagreement/ agreement,FALSE,
028,I,alcos01,ordinal,agree(4),4,agree,FALSE,
028,I,alcos01,ordinal,strongly agree(5),5,strongly agree,FALSE,
028,I,alcos02,ordinal,"see ialcos01 -> na, see C/D/E/B/F/G/H/B/I/J/KRMALC in LASAC/D/E/2B/F/G/H/3B/I/J/K228(-2)",-2,"na, see C/D/E/B/F/G/H/B/I/J/KRMALC in LASAC/D/E/2B/F/G/H/3B/I/J/K228",TRUE,
028,I,alcos02,ordinal,"see ialcos01 -> na, asked(-1)",-1,"na, asked",TRUE,
028,I,alcos02,ordinal,see ialcos01 -> strongly disagree(1),1,strongly disagree,FALSE,
028,I,alcos02,ordinal,see ialcos01 -> disagree(2),2,disagree,FALSE,
028,I,alcos02,ordinal,see ialcos01 -> no disagreement/ agreement(3),3,no disagreement/ agreement,FALSE,
028,I,alcos02,ordinal,see ialcos01 -> agree(4),4,agree,FALSE,
028,I,alcos02,ordinal,see ialcos01 -> strongly agree(5),5,strongly agree,FALSE,
028,I,alcos03,ordinal,"see ialcos01 -> na, see C/D/E/B/F/G/H/B/I/J/KRMALC in LASAC/D/E/2B/F/G/H/3B/I/J/K228(-2)",-2,"na, see C/D/E/B/F/G/H/B/I/J/KRMALC in LASAC/D/E/2B/F/G/H/3B/I/J/K228",TRUE,
028,I,alcos03,ordinal,"see ialcos01 -> na, asked(-1)",-1,"na, asked",TRUE,
028,I,alcos03,ordinal,see ialcos01 -> strongly disagree(1),1,strongly disagree,FALSE,
028,I,alcos03,ordinal,see ialcos01 -> disagree(2),2,disagree,FALSE,
028,I,alcos03,ordinal,see ialcos01 -> no disagreement/ agreement(3),3,no disagreement/ agreement,FALSE,
028,I,alcos03,ordinal,see ialcos01 -> agree(4),4,agree,FALSE,
028,I,alcos03,ordinal,see ialcos01 -> strongly agree(5),5,strongly agree,FALSE,
028,I,alcos04,ordinal,"see ialcos01 -> na, see C/D/E/B/F/G/H/B/I/J/KRMALC in LASAC/D/E/2B/F/G/H/3B/I/J/K228(-2)",-2,"na, see C/D/E/B/F/G/H/B/I/J/KRMALC in LASAC/D/E/2B/F/G/H/3B/I/J/K228",TRUE,
028,I,alcos04,ordinal,"see ialcos01 -> na, asked(-1)",-1,"na, asked",TRUE,
028,I,alcos04,ordinal,see ialcos01 -> strongly disagree(1),1,strongly disagree,FALSE,
028,I,alcos04,ordinal,see ialcos01 -> disagree(2),2,disagree,FALSE,
028,I,alcos04,ordinal,see ialcos01 -> no disagreement/ agreement(3),3,no disagreement/ agreement,FALSE,
028,I,alcos04,ordinal,see ialcos01 -> agree(4),4,agree,FALSE,
028,I,alcos04,ordinal,see ialcos01 -> strongly agree(5),5,strongly agree,FALSE,
028,I,alcos05,ordinal,"see ialcos01 -> na, see C/D/E/B/F/G/H/B/I/J/KRMALC in LASAC/D/E/2B/F/G/H/3B/I/J/K228(-2)",-2,"na, see C/D/E/B/F/G/H/B/I/J/KRMALC in LASAC/D/E/2B/F/G/H/3B/I/J/K228",TRUE,
028,I,alcos05,ordinal,"see ialcos01 -> na, asked(-1)",-1,"na, asked",TRUE,
028,I,alcos05,ordinal,see ialcos01 -> strongly disagree(1),1,strongly disagree,FALSE,
028,I,alcos05,ordinal,see ialcos01 -> disagree(2),2,disagree,FALSE,
028,I,alcos05,ordinal,see ialcos01 -> no disagreement/ agreement(3),3,no disagreement/ agreement,FALSE,
028,I,alcos05,ordinal,see ialcos01 -> agree(4),4,agree,FALSE,
028,I,alcos05,ordinal,see ialcos01 -> strongly agree(5),5,strongly agree,FALSE,
028,I,alcos06,ordinal,"see ialcos01 -> na, see C/D/E/B/F/G/H/B/I/J/KRMALC in LASAC/D/E/2B/F/G/H/3B/I/J/K228(-2)",-2,"na, see C/D/E/B/F/G/H/B/I/J/KRMALC in LASAC/D/E/2B/F/G/H/3B/I/J/K228",TRUE,
028,I,alcos06,ordinal,"see ialcos01 -> na, asked(-1)",-1,"na, asked",TRUE,
028,I,alcos06,ordinal,see ialcos01 -> strongly disagree(1),1,strongly disagree,FALSE,
028,I,alcos06,ordinal,see ialcos01 -> disagree(2),2,disagree,FALSE,
028,I,alcos06,ordinal,see ialcos01 -> no disagreement/ agreement(3),3,no disagreement/ agreement,FALSE,
028,I,alcos06,ordinal,see ialcos01 -> agree(4),4,agree,FALSE,
028,I,alcos06,ordinal,see ialcos01 -> strongly agree(5),5,strongly agree,FALSE,
028,I,alcos07,ordinal,"see ialcos01 -> na, see C/D/E/B/F/G/H/B/I/J/KRMALC in LASAC/D/E/2B/F/G/H/3B/I/J/K228(-2)",-2,"na, see C/D/E/B/F/G/H/B/I/J/KRMALC in LASAC/D/E/2B/F/G/H/3B/I/J/K228",TRUE,
028,I,alcos07,ordinal,"see ialcos01 -> na, asked(-1)",-1,"na, asked",TRUE,
028,I,alcos07,ordinal,see ialcos01 -> strongly disagree(1),1,strongly disagree,FALSE,
028,I,alcos07,ordinal,see ialcos01 -> disagree(2),2,disagree,FALSE,
028,I,alcos07,ordinal,see ialcos01 -> no disagreement/ agreement(3),3,no disagreement/ agreement,FALSE,
028,I,alcos07,ordinal,see ialcos01 -> agree(4),4,agree,FALSE,
028,I,alcos07,ordinal,see ialcos01 -> strongly agree(5),5,strongly agree,FALSE,
028,I,alcos08,ordinal,"see ialcos01 -> na, see C/D/E/B/F/G/H/B/I/J/KRMALC in LASAC/D/E/2B/F/G/H/3B/I/J/K228(-2)",-2,"na, see C/D/E/B/F/G/H/B/I/J/KRMALC in LASAC/D/E/2B/F/G/H/3B/I/J/K228",TRUE,
028,I,alcos08,ordinal,"see ialcos01 -> na, asked(-1)",-1,"na, asked",TRUE,
028,I,alcos08,ordinal,see ialcos01 -> strongly disagree(1),1,strongly disagree,FALSE,
028,I,alcos08,ordinal,see ialcos01 -> disagree(2),2,disagree,FALSE,
028,I,alcos08,ordinal,see ialcos01 -> no disagreement/ agreement(3),3,no disagreement/ agreement,FALSE,
028,I,alcos08,ordinal,see ialcos01 -> agree(4),4,agree,FALSE,
028,I,alcos08,ordinal,see ialcos01 -> strongly agree(5),5,strongly agree,FALSE,
028,I,alcos09,ordinal,"see ialcos01 -> na, see C/D/E/B/F/G/H/B/I/J/KRMALC in LASAC/D/E/2B/F/G/H/3B/I/J/K228(-2)",-2,"na, see C/D/E/B/F/G/H/B/I/J/KRMALC in LASAC/D/E/2B/F/G/H/3B/I/J/K228",TRUE,
028,I,alcos09,ordinal,"see ialcos01 -> na, asked(-1)",-1,"na, asked",TRUE,
028,I,alcos09,ordinal,see ialcos01 -> strongly disagree(1),1,strongly disagree,FALSE,
028,I,alcos09,ordinal,see ialcos01 -> disagree(2),2,disagree,FALSE,
028,I,alcos09,ordinal,see ialcos01 -> no disagreement/ agreement(3),3,no disagreement/ agreement,FALSE,
028,I,alcos09,ordinal,see ialcos01 -> agree(4),4,agree,FALSE,
028,I,alcos09,ordinal,see ialcos01 -> strongly agree(5),5,strongly agree,FALSE,
028,I,alcos10,ordinal,"see ialcos01 -> na, see C/D/E/B/F/G/H/B/I/J/KRMALC in LASAC/D/E/2B/F/G/H/3B/I/J/K228(-2)",-2,"na, see C/D/E/B/F/G/H/B/I/J/KRMALC in LASAC/D/E/2B/F/G/H/3B/I/J/K228",TRUE,
028,I,alcos10,ordinal,"see ialcos01 -> na, asked(-1)",-1,"na, asked",TRUE,
028,I,alcos10,ordinal,see ialcos01 -> strongly disagree(1),1,strongly disagree,FALSE,
028,I,alcos10,ordinal,see ialcos01 -> disagree(2),2,disagree,FALSE,
028,I,alcos10,ordinal,see ialcos01 -> no disagreement/ agreement(3),3,no disagreement/ agreement,FALSE,
028,I,alcos10,ordinal,see ialcos01 -> agree(4),4,agree,FALSE,
028,I,alcos10,ordinal,see ialcos01 -> strongly agree(5),5,strongly agree,FALSE,
028,I,alcos11,ordinal,"see ialcos01 -> na, see C/D/E/B/F/G/H/B/I/J/KRMALC in LASAC/D/E/2B/F/G/H/3B/I/J/K228(-2)",-2,"na, see C/D/E/B/F/G/H/B/I/J/KRMALC in LASAC/D/E/2B/F/G/H/3B/I/J/K228",TRUE,
028,I,alcos11,ordinal,"see ialcos01 -> na, asked(-1)",-1,"na, asked",TRUE,
028,I,alcos11,ordinal,see ialcos01 -> strongly disagree(1),1,strongly disagree,FALSE,
028,I,alcos11,ordinal,see ialcos01 -> disagree(2),2,disagree,FALSE,
028,I,alcos11,ordinal,see ialcos01 -> no disagreement/ agreement(3),3,no disagreement/ agreement,FALSE,
028,I,alcos11,ordinal,see ialcos01 -> agree(4),4,agree,FALSE,
028,I,alcos11,ordinal,see ialcos01 -> strongly agree(5),5,strongly agree,FALSE,
028,I,alcos12,ordinal,"see ialcos01 -> na, see C/D/E/B/F/G/H/B/I/J/KRMALC in LASAC/D/E/2B/F/G/H/3B/I/J/K228(-2)",-2,"na, see C/D/E/B/F/G/H/B/I/J/KRMALC in LASAC/D/E/2B/F/G/H/3B/I/J/K228",TRUE,
028,I,alcos12,ordinal,"see ialcos01 -> na, asked(-1)",-1,"na, asked",TRUE,
028,I,alcos12,ordinal,see ialcos01 -> strongly disagree(1),1,strongly disagree,FALSE,
028,I,alcos12,ordinal,see ialcos01 -> disagree(2),2,disagree,FALSE,
028,I,alcos12,ordinal,see ialcos01 -> no disagreement/ agreement(3),3,no disagreement/ agreement,FALSE,
028,I,alcos12,ordinal,see ialcos01 -> agree(4),4,agree,FALSE,
028,I,alcos12,ordinal,see ialcos01 -> strongly agree(5),5,strongly agree,FALSE,
028,I,alcmv,numeric,no valid data(-2),-2,no valid data,TRUE,
028,I,initmv,numeric,no valid data(-2),-2,no valid data,TRUE,
028,I,advemv,numeric,no valid data(-2),-2,no valid data,TRUE,
028,I,compmv,numeric,no valid data(-2),-2,no valid data,TRUE,
028,J,alcos01,ordinal,"na, see C/D/E/B/F/G/H/B/I/J/KRMALC in LASAC/D/E/2B/F/G/H/3B/I/J/K228(-2)",-2,"na, see C/D/E/B/F/G/H/B/I/J/KRMALC in LASAC/D/E/2B/F/G/H/3B/I/J/K228",TRUE,
028,J,alcos01,ordinal,"na, asked(-1)",-1,"na, asked",TRUE,
028,J,alcos01,ordinal,strongly disagree(1),1,strongly disagree,FALSE,
028,J,alcos01,ordinal,disagree(2),2,disagree,FALSE,
028,J,alcos01,ordinal,no disagreement/ agreement(3),3,no disagreement/ agreement,FALSE,
028,J,alcos01,ordinal,agree(4),4,agree,FALSE,
028,J,alcos01,ordinal,strongly agree(5),5,strongly agree,FALSE,
028,J,alcos02,ordinal,"see jalcos01 -> na, see C/D/E/B/F/G/H/B/I/J/KRMALC in LASAC/D/E/2B/F/G/H/3B/I/J/K228(-2)",-2,"na, see C/D/E/B/F/G/H/B/I/J/KRMALC in LASAC/D/E/2B/F/G/H/3B/I/J/K228",TRUE,
028,J,alcos02,ordinal,"see jalcos01 -> na, asked(-1)",-1,"na, asked",TRUE,
028,J,alcos02,ordinal,see jalcos01 -> strongly disagree(1),1,strongly disagree,FALSE,
028,J,alcos02,ordinal,see jalcos01 -> disagree(2),2,disagree,FALSE,
028,J,alcos02,ordinal,see jalcos01 -> no disagreement/ agreement(3),3,no disagreement/ agreement,FALSE,
028,J,alcos02,ordinal,see jalcos01 -> agree(4),4,agree,FALSE,
028,J,alcos02,ordinal,see jalcos01 -> strongly agree(5),5,strongly agree,FALSE,
028,J,alcos03,ordinal,"see jalcos01 -> na, see C/D/E/B/F/G/H/B/I/J/KRMALC in LASAC/D/E/2B/F/G/H/3B/I/J/K228(-2)",-2,"na, see C/D/E/B/F/G/H/B/I/J/KRMALC in LASAC/D/E/2B/F/G/H/3B/I/J/K228",TRUE,
028,J,alcos03,ordinal,"see jalcos01 -> na, asked(-1)",-1,"na, asked",TRUE,
028,J,alcos03,ordinal,see jalcos01 -> strongly disagree(1),1,strongly disagree,FALSE,
028,J,alcos03,ordinal,see jalcos01 -> disagree(2),2,disagree,FALSE,
028,J,alcos03,ordinal,see jalcos01 -> no disagreement/ agreement(3),3,no disagreement/ agreement,FALSE,
028,J,alcos03,ordinal,see jalcos01 -> agree(4),4,agree,FALSE,
028,J,alcos03,ordinal,see jalcos01 -> strongly agree(5),5,strongly agree,FALSE,
028,J,alcos04,ordinal,"see jalcos01 -> na, see C/D/E/B/F/G/H/B/I/J/KRMALC in LASAC/D/E/2B/F/G/H/3B/I/J/K228(-2)",-2,"na, see C/D/E/B/F/G/H/B/I/J/KRMALC in LASAC/D/E/2B/F/G/H/3B/I/J/K228",TRUE,
028,J,alcos04,ordinal,"see jalcos01 -> na, asked(-1)",-1,"na, asked",TRUE,
028,J,alcos04,ordinal,see jalcos01 -> strongly disagree(1),1,strongly disagree,FALSE,
028,J,alcos04,ordinal,see jalcos01 -> disagree(2),2,disagree,FALSE,
028,J,alcos04,ordinal,see jalcos01 -> no disagreement/ agreement(3),3,no disagreement/ agreement,FALSE,
028,J,alcos04,ordinal,see jalcos01 -> agree(4),4,agree,FALSE,
028,J,alcos04,ordinal,see jalcos01 -> strongly agree(5),5,strongly agree,FALSE,
028,J,alcos05,ordinal,"see jalcos01 -> na, see C/D/E/B/F/G/H/B/I/J/KRMALC in LASAC/D/E/2B/F/G/H/3B/I/J/K228(-2)",-2,"na, see C/D/E/B/F/G/H/B/I/J/KRMALC in LASAC/D/E/2B/F/G/H/3B/I/J/K228",TRUE,
028,J,alcos05,ordinal,"see jalcos01 -> na, asked(-1)",-1,"na, asked",TRUE,
028,J,alcos05,ordinal,see jalcos01 -> strongly disagree(1),1,strongly disagree,FALSE,
028,J,alcos05,ordinal,see jalcos01 -> disagree(2),2,disagree,FALSE,
028,J,alcos05,ordinal,see jalcos01 -> no disagreement/ agreement(3),3,no disagreement/ agreement,FALSE,
028,J,alcos05,ordinal,see jalcos01 -> agree(4),4,agree,FALSE,
028,J,alcos05,ordinal,see jalcos01 -> strongly agree(5),5,strongly agree,FALSE,
028,J,alcos06,ordinal,"see jalcos01 -> na, see C/D/E/B/F/G/H/B/I/J/KRMALC in LASAC/D/E/2B/F/G/H/3B/I/J/K228(-2)",-2,"na, see C/D/E/B/F/G/H/B/I/J/KRMALC in LASAC/D/E/2B/F/G/H/3B/I/J/K228",TRUE,
028,J,alcos06,ordinal,"see jalcos01 -> na, asked(-1)",-1,"na, asked",TRUE,
028,J,alcos06,ordinal,see jalcos01 -> strongly disagree(1),1,strongly disagree,FALSE,
028,J,alcos06,ordinal,see jalcos01 -> disagree(2),2,disagree,FALSE,
028,J,alcos06,ordinal,see jalcos01 -> no disagreement/ agreement(3),3,no disagreement/ agreement,FALSE,
028,J,alcos06,ordinal,see jalcos01 -> agree(4),4,agree,FALSE,
028,J,alcos06,ordinal,see jalcos01 -> strongly agree(5),5,strongly agree,FALSE,
028,J,alcos07,ordinal,"see jalcos01 -> na, see C/D/E/B/F/G/H/B/I/J/KRMALC in LASAC/D/E/2B/F/G/H/3B/I/J/K228(-2)",-2,"na, see C/D/E/B/F/G/H/B/I/J/KRMALC in LASAC/D/E/2B/F/G/H/3B/I/J/K228",TRUE,
028,J,alcos07,ordinal,"see jalcos01 -> na, asked(-1)",-1,"na, asked",TRUE,
028,J,alcos07,ordinal,see jalcos01 -> strongly disagree(1),1,strongly disagree,FALSE,
028,J,alcos07,ordinal,see jalcos01 -> disagree(2),2,disagree,FALSE,
028,J,alcos07,ordinal,see jalcos01 -> no disagreement/ agreement(3),3,no disagreement/ agreement,FALSE,
028,J,alcos07,ordinal,see jalcos01 -> agree(4),4,agree,FALSE,
028,J,alcos07,ordinal,see jalcos01 -> strongly agree(5),5,strongly agree,FALSE,
028,J,alcos08,ordinal,"see jalcos01 -> na, see C/D/E/B/F/G/H/B/I/J/KRMALC in LASAC/D/E/2B/F/G/H/3B/I/J/K228(-2)",-2,"na, see C/D/E/B/F/G/H/B/I/J/KRMALC in LASAC/D/E/2B/F/G/H/3B/I/J/K228",TRUE,
028,J,alcos08,ordinal,"see jalcos01 -> na, asked(-1)",-1,"na, asked",TRUE,
028,J,alcos08,ordinal,see jalcos01 -> strongly disagree(1),1,strongly disagree,FALSE,
028,J,alcos08,ordinal,see jalcos01 -> disagree(2),2,disagree,FALSE,
028,J,alcos08,ordinal,see jalcos01 -> no disagreement/ agreement(3),3,no disagreement/ agreement,FALSE,
028,J,alcos08,ordinal,see jalcos01 -> agree(4),4,agree,FALSE,
028,J,alcos08,ordinal,see jalcos01 -> strongly agree(5),5,strongly agree,FALSE,
028,J,alcos09,ordinal,"see jalcos01 -> na, see C/D/E/B/F/G/H/B/I/J/KRMALC in LASAC/D/E/2B/F/G/H/3B/I/J/K228(-2)",-2,"na, see C/D/E/B/F/G/H/B/I/J/KRMALC in LASAC/D/E/2B/F/G/H/3B/I/J/K228",TRUE,
028,J,alcos09,ordinal,"see jalcos01 -> na, asked(-1)",-1,"na, asked",TRUE,
028,J,alcos09,ordinal,see jalcos01 -> strongly disagree(1),1,strongly disagree,FALSE,
028,J,alcos09,ordinal,see jalcos01 -> disagree(2),2,disagree,FALSE,
028,J,alcos09,ordinal,see jalcos01 -> no disagreement/ agreement(3),3,no disagreement/ agreement,FALSE,
028,J,alcos09,ordinal,see jalcos01 -> agree(4),4,agree,FALSE,
028,J,alcos09,ordinal,see jalcos01 -> strongly agree(5),5,strongly agree,FALSE,
028,J,alcos10,ordinal,"see jalcos01 -> na, see C/D/E/B/F/G/H/B/I/J/KRMALC in LASAC/D/E/2B/F/G/H/3B/I/J/K228(-2)",-2,"na, see C/D/E/B/F/G/H/B/I/J/KRMALC in LASAC/D/E/2B/F/G/H/3B/I/J/K228",TRUE,
028,J,alcos10,ordinal,"see jalcos01 -> na, asked(-1)",-1,"na, asked",TRUE,
028,J,alcos10,ordinal,see jalcos01 -> strongly disagree(1),1,strongly disagree,FALSE,
028,J,alcos10,ordinal,see jalcos01 -> disagree(2),2,disagree,FALSE,
028,J,alcos10,ordinal,see jalcos01 -> no disagreement/ agreement(3),3,no disagreement/ agreement,FALSE,
028,J,alcos10,ordinal,see jalcos01 -> agree(4),4,agree,FALSE,
028,J,alcos10,ordinal,see jalcos01 -> strongly agree(5),5,strongly agree,FALSE,
028,J,alcos11,ordinal,"see jalcos01 -> na, see C/D/E/B/F/G/H/B/I/J/KRMALC in LASAC/D/E/2B/F/G/H/3B/I/J/K228(-2)",-2,"na, see C/D/E/B/F/G/H/B/I/J/KRMALC in LASAC/D/E/2B/F/G/H/3B/I/J/K228",TRUE,
028,J,alcos11,ordinal,"see jalcos01 -> na, asked(-1)",-1,"na, asked",TRUE,
028,J,alcos11,ordinal,see jalcos01 -> strongly disagree(1),1,strongly disagree,FALSE,
028,J,alcos11,ordinal,see jalcos01 -> disagree(2),2,disagree,FALSE,
028,J,alcos11,ordinal,see jalcos01 -> no disagreement/ agreement(3),3,no disagreement/ agreement,FALSE,
028,J,alcos11,ordinal,see jalcos01 -> agree(4),4,agree,FALSE,
028,J,alcos11,ordinal,see jalcos01 -> strongly agree(5),5,strongly agree,FALSE,
028,J,alcos12,ordinal,"see jalcos01 -> na, see C/D/E/B/F/G/H/B/I/J/KRMALC in LASAC/D/E/2B/F/G/H/3B/I/J/K228(-2)",-2,"na, see C/D/E/B/F/G/H/B/I/J/KRMALC in LASAC/D/E/2B/F/G/H/3B/I/J/K228",TRUE,
028,J,alcos12,ordinal,"see jalcos01 -> na, asked(-1)",-1,"na, asked",TRUE,
028,J,alcos12,ordinal,see jalcos01 -> strongly disagree(1),1,strongly disagree,FALSE,
028,J,alcos12,ordinal,see jalcos01 -> disagree(2),2,disagree,FALSE,
028,J,alcos12,ordinal,see jalcos01 -> no disagreement/ agreement(3),3,no disagreement/ agreement,FALSE,
028,J,alcos12,ordinal,see jalcos01 -> agree(4),4,agree,FALSE,
028,J,alcos12,ordinal,see jalcos01 -> strongly agree(5),5,strongly agree,FALSE,
028,J,alcmv,numeric,no valid data(-2),-2,no valid data,TRUE,
028,J,initmv,numeric,no valid data(-2),-2,no valid data,TRUE,
028,J,advemv,numeric,no valid data(-2),-2,no valid data,TRUE,
028,J,compmv,numeric,no valid data(-2),-2,no valid data,TRUE,
028,K,alcos01,ordinal,"na, see C/D/E/B/F/G/H/B/I/J/KRMALC in LASAC/D/E/2B/F/G/H/3B/I/J/K228(-2)",-2,"na, see C/D/E/B/F/G/H/B/I/J/KRMALC in LASAC/D/E/2B/F/G/H/3B/I/J/K228",TRUE,
028,K,alcos01,ordinal,"na, asked(-1)",-1,"na, asked",TRUE,
028,K,alcos01,ordinal,strongly disagree(1),1,strongly disagree,FALSE,
028,K,alcos01,ordinal,disagree(2),2,disagree,FALSE,
028,K,alcos01,ordinal,no disagreement/ agreement(3),3,no disagreement/ agreement,FALSE,
028,K,alcos01,ordinal,agree(4),4,agree,FALSE,
028,K,alcos01,ordinal,strongly agree(5),5,strongly agree,FALSE,
028,K,alcos02,ordinal,"see kalcos01 -> na, see C/D/E/B/F/G/H/B/I/J/KRMALC in LASAC/D/E/2B/F/G/H/3B/I/J/K228(-2)",-2,"na, see C/D/E/B/F/G/H/B/I/J/KRMALC in LASAC/D/E/2B/F/G/H/3B/I/J/K228",TRUE,
028,K,alcos02,ordinal,"see kalcos01 -> na, asked(-1)",-1,"na, asked",TRUE,
028,K,alcos02,ordinal,see kalcos01 -> strongly disagree(1),1,strongly disagree,FALSE,
028,K,alcos02,ordinal,see kalcos01 -> disagree(2),2,disagree,FALSE,
028,K,alcos02,ordinal,see kalcos01 -> no disagreement/ agreement(3),3,no disagreement/ agreement,FALSE,
028,K,alcos02,ordinal,see kalcos01 -> agree(4),4,agree,FALSE,
028,K,alcos02,ordinal,see kalcos01 -> strongly agree(5),5,strongly agree,FALSE,
028,K,alcos03,ordinal,"see kalcos01 -> na, see C/D/E/B/F/G/H/B/I/J/KRMALC in LASAC/D/E/2B/F/G/H/3B/I/J/K228(-2)",-2,"na, see C/D/E/B/F/G/H/B/I/J/KRMALC in LASAC/D/E/2B/F/G/H/3B/I/J/K228",TRUE,
028,K,alcos03,ordinal,"see kalcos01 -> na, asked(-1)",-1,"na, asked",TRUE,
028,K,alcos03,ordinal,see kalcos01 -> strongly disagree(1),1,strongly disagree,FALSE,
028,K,alcos03,ordinal,see kalcos01 -> disagree(2),2,disagree,FALSE,
028,K,alcos03,ordinal,see kalcos01 -> no disagreement/ agreement(3),3,no disagreement/ agreement,FALSE,
028,K,alcos03,ordinal,see kalcos01 -> agree(4),4,agree,FALSE,
028,K,alcos03,ordinal,see kalcos01 -> strongly agree(5),5,strongly agree,FALSE,
028,K,alcos04,ordinal,"see kalcos01 -> na, see C/D/E/B/F/G/H/B/I/J/KRMALC in LASAC/D/E/2B/F/G/H/3B/I/J/K228(-2)",-2,"na, see C/D/E/B/F/G/H/B/I/J/KRMALC in LASAC/D/E/2B/F/G/H/3B/I/J/K228",TRUE,
028,K,alcos04,ordinal,"see kalcos01 -> na, asked(-1)",-1,"na, asked",TRUE,
028,K,alcos04,ordinal,see kalcos01 -> strongly disagree(1),1,strongly disagree,FALSE,
028,K,alcos04,ordinal,see kalcos01 -> disagree(2),2,disagree,FALSE,
028,K,alcos04,ordinal,see kalcos01 -> no disagreement/ agreement(3),3,no disagreement/ agreement,FALSE,
028,K,alcos04,ordinal,see kalcos01 -> agree(4),4,agree,FALSE,
028,K,alcos04,ordinal,see kalcos01 -> strongly agree(5),5,strongly agree,FALSE,
028,K,alcos05,ordinal,"see kalcos01 -> na, see C/D/E/B/F/G/H/B/I/J/KRMALC in LASAC/D/E/2B/F/G/H/3B/I/J/K228(-2)",-2,"na, see C/D/E/B/F/G/H/B/I/J/KRMALC in LASAC/D/E/2B/F/G/H/3B/I/J/K228",TRUE,
028,K,alcos05,ordinal,"see kalcos01 -> na, asked(-1)",-1,"na, asked",TRUE,
028,K,alcos05,ordinal,see kalcos01 -> strongly disagree(1),1,strongly disagree,FALSE,
028,K,alcos05,ordinal,see kalcos01 -> disagree(2),2,disagree,FALSE,
028,K,alcos05,ordinal,see kalcos01 -> no disagreement/ agreement(3),3,no disagreement/ agreement,FALSE,
028,K,alcos05,ordinal,see kalcos01 -> agree(4),4,agree,FALSE,
028,K,alcos05,ordinal,see kalcos01 -> strongly agree(5),5,strongly agree,FALSE,
028,K,alcos06,ordinal,"see kalcos01 -> na, see C/D/E/B/F/G/H/B/I/J/KRMALC in LASAC/D/E/2B/F/G/H/3B/I/J/K228(-2)",-2,"na, see C/D/E/B/F/G/H/B/I/J/KRMALC in LASAC/D/E/2B/F/G/H/3B/I/J/K228",TRUE,
028,K,alcos06,ordinal,"see kalcos01 -> na, asked(-1)",-1,"na, asked",TRUE,
028,K,alcos06,ordinal,see kalcos01 -> strongly disagree(1),1,strongly disagree,FALSE,
028,K,alcos06,ordinal,see kalcos01 -> disagree(2),2,disagree,FALSE,
028,K,alcos06,ordinal,see kalcos01 -> no disagreement/ agreement(3),3,no disagreement/ agreement,FALSE,
028,K,alcos06,ordinal,see kalcos01 -> agree(4),4,agree,FALSE,
028,K,alcos06,ordinal,see kalcos01 -> strongly agree(5),5,strongly agree,FALSE,
028,K,alcos07,ordinal,"see kalcos01 -> na, see C/D/E/B/F/G/H/B/I/J/KRMALC in LASAC/D/E/2B/F/G/H/3B/I/J/K228(-2)",-2,"na, see C/D/E/B/F/G/H/B/I/J/KRMALC in LASAC/D/E/2B/F/G/H/3B/I/J/K228",TRUE,
028,K,alcos07,ordinal,"see kalcos01 -> na, asked(-1)",-1,"na, asked",TRUE,
028,K,alcos07,ordinal,see kalcos01 -> strongly disagree(1),1,strongly disagree,FALSE,
028,K,alcos07,ordinal,see kalcos01 -> disagree(2),2,disagree,FALSE,
028,K,alcos07,ordinal,see kalcos01 -> no disagreement/ agreement(3),3,no disagreement/ agreement,FALSE,
028,K,alcos07,ordinal,see kalcos01 -> agree(4),4,agree,FALSE,
028,K,alcos07,ordinal,see kalcos01 -> strongly agree(5),5,strongly agree,FALSE,
028,K,alcos08,ordinal,"see kalcos01 -> na, see C/D/E/B/F/G/H/B/I/J/KRMALC in LASAC/D/E/2B/F/G/H/3B/I/J/K228(-2)",-2,"na, see C/D/E/B/F/G/H/B/I/J/KRMALC in LASAC/D/E/2B/F/G/H/3B/I/J/K228",TRUE,
028,K,alcos08,ordinal,"see kalcos01 -> na, asked(-1)",-1,"na, asked",TRUE,
028,K,alcos08,ordinal,see kalcos01 -> strongly disagree(1),1,strongly disagree,FALSE,
028,K,alcos08,ordinal,see kalcos01 -> disagree(2),2,disagree,FALSE,
028,K,alcos08,ordinal,see kalcos01 -> no disagreement/ agreement(3),3,no disagreement/ agreement,FALSE,
028,K,alcos08,ordinal,see kalcos01 -> agree(4),4,agree,FALSE,
028,K,alcos08,ordinal,see kalcos01 -> strongly agree(5),5,strongly agree,FALSE,
028,K,alcos09,ordinal,"see kalcos01 -> na, see C/D/E/B/F/G/H/B/I/J/KRMALC in LASAC/D/E/2B/F/G/H/3B/I/J/K228(-2)",-2,"na, see C/D/E/B/F/G/H/B/I/J/KRMALC in LASAC/D/E/2B/F/G/H/3B/I/J/K228",TRUE,
028,K,alcos09,ordinal,"see kalcos01 -> na, asked(-1)",-1,"na, asked",TRUE,
028,K,alcos09,ordinal,see kalcos01 -> strongly disagree(1),1,strongly disagree,FALSE,
028,K,alcos09,ordinal,see kalcos01 -> disagree(2),2,disagree,FALSE,
028,K,alcos09,ordinal,see kalcos01 -> no disagreement/ agreement(3),3,no disagreement/ agreement,FALSE,
028,K,alcos09,ordinal,see kalcos01 -> agree(4),4,agree,FALSE,
028,K,alcos09,ordinal,see kalcos01 -> strongly agree(5),5,strongly agree,FALSE,
028,K,alcos10,ordinal,"see kalcos01 -> na, see C/D/E/B/F/G/H/B/I/J/KRMALC in LASAC/D/E/2B/F/G/H/3B/I/J/K228(-2)",-2,"na, see C/D/E/B/F/G/H/B/I/J/KRMALC in LASAC/D/E/2B/F/G/H/3B/I/J/K228",TRUE,
028,K,alcos10,ordinal,"see kalcos01 -> na, asked(-1)",-1,"na, asked",TRUE,
028,K,alcos10,ordinal,see kalcos01 -> strongly disagree(1),1,strongly disagree,FALSE,
028,K,alcos10,ordinal,see kalcos01 -> disagree(2),2,disagree,FALSE,
028,K,alcos10,ordinal,see kalcos01 -> no disagreement/ agreement(3),3,no disagreement/ agreement,FALSE,
028,K,alcos10,ordinal,see kalcos01 -> agree(4),4,agree,FALSE,
028,K,alcos10,ordinal,see kalcos01 -> strongly agree(5),5,strongly agree,FALSE,
028,K,alcos11,ordinal,"see kalcos01 -> na, see C/D/E/B/F/G/H/B/I/J/KRMALC in LASAC/D/E/2B/F/G/H/3B/I/J/K228(-2)",-2,"na, see C/D/E/B/F/G/H/B/I/J/KRMALC in LASAC/D/E/2B/F/G/H/3B/I/J/K228",TRUE,
028,K,alcos11,ordinal,"see kalcos01 -> na, asked(-1)",-1,"na, asked",TRUE,
028,K,alcos11,ordinal,see kalcos01 -> strongly disagree(1),1,strongly disagree,FALSE,
028,K,alcos11,ordinal,see kalcos01 -> disagree(2),2,disagree,FALSE,
028,K,alcos11,ordinal,see kalcos01 -> no disagreement/ agreement(3),3,no disagreement/ agreement,FALSE,
028,K,alcos11,ordinal,see kalcos01 -> agree(4),4,agree,FALSE,
028,K,alcos11,ordinal,see kalcos01 -> strongly agree(5),5,strongly agree,FALSE,
028,K,alcos12,ordinal,"see kalcos01 -> na, see C/D/E/B/F/G/H/B/I/J/KRMALC in LASAC/D/E/2B/F/G/H/3B/I/J/K228(-2)",-2,"na, see C/D/E/B/F/G/H/B/I/J/KRMALC in LASAC/D/E/2B/F/G/H/3B/I/J/K228",TRUE,
028,K,alcos12,ordinal,"see kalcos01 -> na, asked(-1)",-1,"na, asked",TRUE,
028,K,alcos12,ordinal,see kalcos01 -> strongly disagree(1),1,strongly disagree,FALSE,
028,K,alcos12,ordinal,see kalcos01 -> disagree(2),2,disagree,FALSE,
028,K,alcos12,ordinal,see kalcos01 -> no disagreement/ agreement(3),3,no disagreement/ agreement,FALSE,
028,K,alcos12,ordinal,see kalcos01 -> agree(4),4,agree,FALSE,
028,K,alcos12,ordinal,see kalcos01 -> strongly agree(5),5,strongly agree,FALSE,
028,K,alcmv,numeric,no valid data(-2),-2,no valid data,TRUE,
028,K,initmv,numeric,no valid data(-2),-2,no valid data,TRUE,
028,K,advemv,numeric,no valid data(-2),-2,no valid data,TRUE,
028,K,compmv,numeric,no valid data(-2),-2,no valid data,TRUE,
028,Z,advemv,numeric,-2,-2,not available,TRUE,"Cross-wave coding conflict: -2 differs for B (not available, routing), C/D/E/2B/F/G/H/3B/I/J/K (not available, no valid data)"
028,Z,alcmv,numeric,-2,-2,not available,TRUE,"Cross-wave coding conflict: -2 differs for B (not available, routing), C/D/E/2B/F/G/H/3B/I/J/K (not available, no valid data)"
028,Z,alcos01,ordinal,-2,-2,"not available, routing",TRUE,
028,Z,alcos01,ordinal,-1,-1,"not available, asked",TRUE,
028,Z,alcos01,ordinal,1,1,strongly disagree,FALSE,
028,Z,alcos01,ordinal,2,2,disagree,FALSE,
028,Z,alcos01,ordinal,3,3,no disagreement/agreement,FALSE,
028,Z,alcos01,ordinal,4,4,agree,FALSE,
028,Z,alcos01,ordinal,5,5,strongly agree,FALSE,
028,Z,alcos02,ordinal,-2,-2,"not available, routing",TRUE,
028,Z,alcos02,ordinal,-1,-1,"not available, asked",TRUE,
028,Z,alcos02,ordinal,1,1,strongly disagree,FALSE,
028,Z,alcos02,ordinal,2,2,disagree,FALSE,
028,Z,alcos02,ordinal,3,3,no disagreement/agreement,FALSE,
028,Z,alcos02,ordinal,4,4,agree,FALSE,
028,Z,alcos02,ordinal,5,5,strongly agree,FALSE,
028,Z,alcos03,ordinal,-2,-2,"not available, routing",TRUE,
028,Z,alcos03,ordinal,-1,-1,"not available, asked",TRUE,
028,Z,alcos03,ordinal,1,1,strongly disagree,FALSE,
028,Z,alcos03,ordinal,2,2,disagree,FALSE,
028,Z,alcos03,ordinal,3,3,no disagreement/agreement,FALSE,
028,Z,alcos03,ordinal,4,4,agree,FALSE,
028,Z,alcos03,ordinal,5,5,strongly agree,FALSE,
028,Z,alcos04,ordinal,-2,-2,"not available, routing",TRUE,
028,Z,alcos04,ordinal,-1,-1,"not available, asked",TRUE,
028,Z,alcos04,ordinal,1,1,strongly disagree,FALSE,
028,Z,alcos04,ordinal,2,2,disagree,FALSE,
028,Z,alcos04,ordinal,3,3,no disagreement/agreement,FALSE,
028,Z,alcos04,ordinal,4,4,agree,FALSE,
028,Z,alcos04,ordinal,5,5,strongly agree,FALSE,
028,Z,alcos05,ordinal,-2,-2,"not available, routing",TRUE,
028,Z,alcos05,ordinal,-1,-1,"not available, asked",TRUE,
028,Z,alcos05,ordinal,1,1,strongly disagree,FALSE,
028,Z,alcos05,ordinal,2,2,disagree,FALSE,
028,Z,alcos05,ordinal,3,3,no disagreement/agreement,FALSE,
028,Z,alcos05,ordinal,4,4,agree,FALSE,
028,Z,alcos05,ordinal,5,5,strongly agree,FALSE,
028,Z,alcos06,ordinal,-2,-2,"not available, routing",TRUE,
028,Z,alcos06,ordinal,-1,-1,"not available, asked",TRUE,
028,Z,alcos06,ordinal,1,1,strongly disagree,FALSE,
028,Z,alcos06,ordinal,2,2,disagree,FALSE,
028,Z,alcos06,ordinal,3,3,no disagreement/agreement,FALSE,
028,Z,alcos06,ordinal,4,4,agree,FALSE,
028,Z,alcos06,ordinal,5,5,strongly agree,FALSE,
028,Z,alcos07,ordinal,-2,-2,"not available, routing",TRUE,
028,Z,alcos07,ordinal,-1,-1,"not available, asked",TRUE,
028,Z,alcos07,ordinal,1,1,strongly disagree,FALSE,
028,Z,alcos07,ordinal,2,2,disagree,FALSE,
028,Z,alcos07,ordinal,3,3,no disagreement/agreement,FALSE,
028,Z,alcos07,ordinal,4,4,agree,FALSE,
028,Z,alcos07,ordinal,5,5,strongly agree,FALSE,
028,Z,alcos08,ordinal,-2,-2,"not available, routing",TRUE,
028,Z,alcos08,ordinal,-1,-1,"not available, asked",TRUE,
028,Z,alcos08,ordinal,1,1,strongly disagree,FALSE,
028,Z,alcos08,ordinal,2,2,disagree,FALSE,
028,Z,alcos08,ordinal,3,3,no disagreement/agreement,FALSE,
028,Z,alcos08,ordinal,4,4,agree,FALSE,
028,Z,alcos08,ordinal,5,5,strongly agree,FALSE,
028,Z,alcos09,ordinal,-2,-2,"not available, routing",TRUE,
028,Z,alcos09,ordinal,-1,-1,"not available, asked",TRUE,
028,Z,alcos09,ordinal,1,1,strongly disagree,FALSE,
028,Z,alcos09,ordinal,2,2,disagree,FALSE,
028,Z,alcos09,ordinal,3,3,no disagreement/agreement,FALSE,
028,Z,alcos09,ordinal,4,4,agree,FALSE,
028,Z,alcos09,ordinal,5,5,strongly agree,FALSE,
028,Z,alcos10,ordinal,-2,-2,"not available, routing",TRUE,
028,Z,alcos10,ordinal,-1,-1,"not available, asked",TRUE,
028,Z,alcos10,ordinal,1,1,strongly disagree,FALSE,
028,Z,alcos10,ordinal,2,2,disagree,FALSE,
028,Z,alcos10,ordinal,3,3,no disagreement/agreement,FALSE,
028,Z,alcos10,ordinal,4,4,agree,FALSE,
028,Z,alcos10,ordinal,5,5,strongly agree,FALSE,
028,Z,alcos11,ordinal,-2,-2,"not available, routing",TRUE,
028,Z,alcos11,ordinal,-1,-1,"not available, asked",TRUE,
028,Z,alcos11,ordinal,1,1,strongly disagree,FALSE,
028,Z,alcos11,ordinal,2,2,disagree,FALSE,
028,Z,alcos11,ordinal,3,3,no disagreement/agreement,FALSE,
028,Z,alcos11,ordinal,4,4,agree,FALSE,
028,Z,alcos11,ordinal,5,5,strongly agree,FALSE,
028,Z,alcos12,ordinal,-2,-2,"not available, routing",TRUE,
028,Z,alcos12,ordinal,-1,-1,"not available, asked",TRUE,
028,Z,alcos12,ordinal,1,1,strongly disagree,FALSE,
028,Z,alcos12,ordinal,2,2,disagree,FALSE,
028,Z,alcos12,ordinal,3,3,no disagreement/agreement,FALSE,
028,Z,alcos12,ordinal,4,4,agree,FALSE,
028,Z,alcos12,ordinal,5,5,strongly agree,FALSE,
028,Z,compmv,numeric,-2,-2,not available,TRUE,"Cross-wave coding conflict: -2 differs for B (not available, routing), C/D/E/2B/F/G/H/3B/I/J/K (not available, no valid data)"
028,Z,initmv,numeric,-2,-2,not available,TRUE,"Cross-wave coding conflict: -2 differs for B (not available, routing), C/D/E/2B/F/G/H/3B/I/J/K (not available, no valid data)"
