filecode,wave,canonical_name,variable_type,value_raw,value_numeric,value_label,is_missing,conflicts
189,E,mrioyn,categorical,"na, asked(-1)",-1,"na, asked",TRUE,
189,E,mrioyn,categorical,no(1),1,no,FALSE,
189,E,mrioyn,categorical,"no, but expect one soon(2)",2,"no, but expect one soon",FALSE,
189,E,mrioyn,categorical,yes(3),3,yes,FALSE,
189,E,mrioyn,categorical,answer 2 + 3(4),4,answer 2 + 3,FALSE,
189,E,mappli,binary,"na, routing(-2)",-2,"na, routing",TRUE,
189,E,mappli,binary,"na, asked(-1)",-1,"na, asked",TRUE,
189,E,mappli,binary,no(1),1,no,FALSE,
189,E,mappli,binary,yes(2),2,yes,FALSE,
189,E,madapt,binary,"see emappli -> na, routing(-2)",-2,"na, routing",TRUE,
189,E,madapt,binary,"see emappli -> na, asked(-1)",-1,"na, asked",TRUE,
189,E,madapt,binary,see emappli -> no(1),1,no,FALSE,
189,E,madapt,binary,see emappli -> yes(2),2,yes,FALSE,
189,E,mmeal,binary,"see emappli -> na, routing(-2)",-2,"na, routing",TRUE,
189,E,mmeal,binary,"see emappli -> na, asked(-1)",-1,"na, asked",TRUE,
189,E,mmeal,binary,see emappli -> no(1),1,no,FALSE,
189,E,mmeal,binary,see emappli -> yes(2),2,yes,FALSE,
189,E,mhomeca,binary,"see emappli -> na, routing(-2)",-2,"na, routing",TRUE,
189,E,mhomeca,binary,"see emappli -> na, asked(-1)",-1,"na, asked",TRUE,
189,E,mhomeca,binary,see emappli -> no(1),1,no,FALSE,
189,E,mhomeca,binary,see emappli -> yes(2),2,yes,FALSE,
189,E,mpersca,binary,"see emappli -> na, routing(-2)",-2,"na, routing",TRUE,
189,E,mpersca,binary,"see emappli -> na, asked(-1)",-1,"na, asked",TRUE,
189,E,mpersca,binary,see emappli -> no(1),1,no,FALSE,
189,E,mpersca,binary,see emappli -> yes(2),2,yes,FALSE,
189,E,mdomeca,binary,"see emappli -> na, routing(-2)",-2,"na, routing",TRUE,
189,E,mdomeca,binary,"see emappli -> na, asked(-1)",-1,"na, asked",TRUE,
189,E,mdomeca,binary,see emappli -> no(1),1,no,FALSE,
189,E,mdomeca,binary,see emappli -> yes(2),2,yes,FALSE,
189,E,mdistr,binary,"see emappli -> na, routing(-2)",-2,"na, routing",TRUE,
189,E,mdistr,binary,"see emappli -> na, asked(-1)",-1,"na, asked",TRUE,
189,E,mdistr,binary,see emappli -> no(1),1,no,FALSE,
189,E,mdistr,binary,see emappli -> yes(2),2,yes,FALSE,
189,E,melderl,binary,"see emappli -> na, routing(-2)",-2,"na, routing",TRUE,
189,E,melderl,binary,"see emappli -> na, asked(-1)",-1,"na, asked",TRUE,
189,E,melderl,binary,see emappli -> no(1),1,no,FALSE,
189,E,melderl,binary,see emappli -> yes(2),2,yes,FALSE,
189,E,mnursin,binary,"see emappli -> na, routing(-2)",-2,"na, routing",TRUE,
189,E,mnursin,binary,"see emappli -> na, asked(-1)",-1,"na, asked",TRUE,
189,E,mnursin,binary,see emappli -> no(1),1,no,FALSE,
189,E,mnursin,binary,see emappli -> yes(2),2,yes,FALSE,
189,E,mriooth,binary,"see emappli -> na, routing(-2)",-2,"na, routing",TRUE,
189,E,mriooth,binary,"see emappli -> na, asked(-1)",-1,"na, asked",TRUE,
189,E,mriooth,binary,see emappli -> no(1),1,no,FALSE,
189,E,mriooth,binary,see emappli -> yes(2),2,yes,FALSE,
189,E,mmealn,numeric,"na, routing(-2)",-2,"na, routing",TRUE,
189,E,mmealn,numeric,"na, asked(-1)",-1,"na, asked",TRUE,
189,E,mpersch,numeric,"na, routing(-2)",-2,"na, routing",TRUE,
189,E,mpersch,numeric,"na, asked(-1)",-1,"na, asked",TRUE,
189,E,mdomech,numeric,"na, routing(-2)",-2,"na, routing",TRUE,
189,E,mdomech,numeric,"na, asked(-1)",-1,"na, asked",TRUE,
189,E,mdistrh,numeric,"na, routing(-2)",-2,"na, routing",TRUE,
189,E,mdistrh,numeric,"na, asked(-1)",-1,"na, asked",TRUE,
189,E,melderh,numeric,"na, routing(-2)",-2,"na, routing",TRUE,
189,E,melderh,numeric,"na, asked(-1)",-1,"na, asked",TRUE,
189,E,mnursh,numeric,"na, routing(-2)",-2,"na, routing",TRUE,
189,E,mnursh,numeric,"na, asked(-1)",-1,"na, asked",TRUE,
189,E,meldedn,categorical,"na, routing(-2)",-2,"na, routing",TRUE,
189,E,meldedn,categorical,"na, asked(-1)",-1,"na, asked",TRUE,
189,E,meldedn,categorical,day treatment(1),1,day treatment,FALSE,
189,E,meldedn,categorical,night treatment(2),2,night treatment,FALSE,
189,E,meldedn,categorical,both(3),3,both,FALSE,
189,E,mnursdn,categorical,"see emeldedn -> na, routing(-2)",-2,"na, routing",TRUE,
189,E,mnursdn,categorical,"see emeldedn -> na, asked(-1)",-1,"na, asked",TRUE,
189,E,mnursdn,categorical,see emeldedn -> day treatment(1),1,day treatment,FALSE,
189,E,mnursdn,categorical,see emeldedn -> night treatment(2),2,night treatment,FALSE,
189,E,mnursdn,categorical,see emeldedn -> both(3),3,both,FALSE,
189,E,mnurdep,binary,"na, routing(-2)",-2,"na, routing",TRUE,
189,E,mnurdep,binary,"na, asked(-1)",-1,"na, asked",TRUE,
189,E,mnurdep,binary,somatic(1),1,somatic,FALSE,
189,E,mnurdep,binary,psychogeriatric(2),2,psychogeriatric,FALSE,
189,E,murgyn,ordinal,"na, routing(-2)",-2,"na, routing",TRUE,
189,E,murgyn,ordinal,"na, asked(-1)",-1,"na, asked",TRUE,
189,E,murgyn,ordinal,no(1),1,no,FALSE,
189,E,murgyn,ordinal,"yes, urgent(2)",2,"yes, urgent",FALSE,
189,E,murgyn,ordinal,"yes, very urgent(3)",3,"yes, very urgent",FALSE,
189,F,mrioyn,categorical,"na, asked(-1)",-1,"na, asked",TRUE,
189,F,mrioyn,categorical,no(1),1,no,FALSE,
189,F,mrioyn,categorical,"no, but expect one soon(2)",2,"no, but expect one soon",FALSE,
189,F,mrioyn,categorical,yes(3),3,yes,FALSE,
189,F,mappli,binary,"na, routing(-2)",-2,"na, routing",TRUE,
189,F,mappli,binary,"na, asked(-1)",-1,"na, asked",TRUE,
189,F,mappli,binary,no(1),1,no,FALSE,
189,F,mappli,binary,yes(2),2,yes,FALSE,
189,F,madapt,binary,"see fmappli -> na, routing(-2)",-2,"na, routing",TRUE,
189,F,madapt,binary,"see fmappli -> na, asked(-1)",-1,"na, asked",TRUE,
189,F,madapt,binary,see fmappli -> no(1),1,no,FALSE,
189,F,madapt,binary,see fmappli -> yes(2),2,yes,FALSE,
189,F,mmeal,binary,"see fmappli -> na, routing(-2)",-2,"na, routing",TRUE,
189,F,mmeal,binary,"see fmappli -> na, asked(-1)",-1,"na, asked",TRUE,
189,F,mmeal,binary,see fmappli -> no(1),1,no,FALSE,
189,F,mmeal,binary,see fmappli -> yes(2),2,yes,FALSE,
189,F,mdomeca,binary,"see fmappli -> na, routing(-2)",-2,"na, routing",TRUE,
189,F,mdomeca,binary,"see fmappli -> na, asked(-1)",-1,"na, asked",TRUE,
189,F,mdomeca,binary,see fmappli -> no(1),1,no,FALSE,
189,F,mdomeca,binary,see fmappli -> yes(2),2,yes,FALSE,
189,F,mpersca,binary,"see fmappli -> na, routing(-2)",-2,"na, routing",TRUE,
189,F,mpersca,binary,"see fmappli -> na, asked(-1)",-1,"na, asked",TRUE,
189,F,mpersca,binary,see fmappli -> no(1),1,no,FALSE,
189,F,mpersca,binary,see fmappli -> yes(2),2,yes,FALSE,
189,F,mdistr,binary,"see fmappli -> na, routing(-2)",-2,"na, routing",TRUE,
189,F,mdistr,binary,"see fmappli -> na, asked(-1)",-1,"na, asked",TRUE,
189,F,mdistr,binary,see fmappli -> no(1),1,no,FALSE,
189,F,mdistr,binary,see fmappli -> yes(2),2,yes,FALSE,
189,F,mistay,binary,"see fmappli -> na, routing(-2)",-2,"na, routing",TRUE,
189,F,mistay,binary,"see fmappli -> na, asked(-1)",-1,"na, asked",TRUE,
189,F,mistay,binary,see fmappli -> no(1),1,no,FALSE,
189,F,mistay,binary,see fmappli -> yes(2),2,yes,FALSE,
189,F,melderl,binary,"see fmappli -> na, routing(-2)",-2,"na, routing",TRUE,
189,F,melderl,binary,"see fmappli -> na, asked(-1)",-1,"na, asked",TRUE,
189,F,melderl,binary,see fmappli -> no(1),1,no,FALSE,
189,F,melderl,binary,see fmappli -> yes(2),2,yes,FALSE,
189,F,mnursin,binary,"see fmappli -> na, routing(-2)",-2,"na, routing",TRUE,
189,F,mnursin,binary,"see fmappli -> na, asked(-1)",-1,"na, asked",TRUE,
189,F,mnursin,binary,see fmappli -> no(1),1,no,FALSE,
189,F,mnursin,binary,see fmappli -> yes(2),2,yes,FALSE,
189,F,midn,binary,"see fmappli -> na, routing(-2)",-2,"na, routing",TRUE,
189,F,midn,binary,"see fmappli -> na, asked(-1)",-1,"na, asked",TRUE,
189,F,midn,binary,see fmappli -> no(1),1,no,FALSE,
189,F,midn,binary,see fmappli -> yes(2),2,yes,FALSE,
189,F,meldedn,binary,"see fmappli -> na, routing(-2)",-2,"na, routing",TRUE,
189,F,meldedn,binary,"see fmappli -> na, asked(-1)",-1,"na, asked",TRUE,
189,F,meldedn,binary,see fmappli -> no(1),1,no,FALSE,
189,F,meldedn,binary,see fmappli -> yes(2),2,yes,FALSE,
189,F,mnursdn,binary,"see fmappli -> na, routing(-2)",-2,"na, routing",TRUE,
189,F,mnursdn,binary,"see fmappli -> na, asked(-1)",-1,"na, asked",TRUE,
189,F,mnursdn,binary,see fmappli -> no(1),1,no,FALSE,
189,F,mnursdn,binary,see fmappli -> yes(2),2,yes,FALSE,
189,F,mriooth,binary,"see fmappli -> na, routing(-2)",-2,"na, routing",TRUE,
189,F,mriooth,binary,"see fmappli -> na, asked(-1)",-1,"na, asked",TRUE,
189,F,mriooth,binary,see fmappli -> no(1),1,no,FALSE,
189,F,mriooth,binary,see fmappli -> yes(2),2,yes,FALSE,
189,F,miosg,binary,"see fmappli -> na, routing(-2)",-2,"na, routing",TRUE,
189,F,miosg,binary,"see fmappli -> na, asked(-1)",-1,"na, asked",TRUE,
189,F,miosg,binary,see fmappli -> no(1),1,no,FALSE,
189,F,miosg,binary,see fmappli -> yes(2),2,yes,FALSE,
189,F,mioag,binary,"see fmappli -> na, routing(-2)",-2,"na, routing",TRUE,
189,F,mioag,binary,"see fmappli -> na, asked(-1)",-1,"na, asked",TRUE,
189,F,mioag,binary,see fmappli -> no(1),1,no,FALSE,
189,F,mioag,binary,see fmappli -> yes(2),2,yes,FALSE,
189,F,miotr,binary,"see fmappli -> na, routing(-2)",-2,"na, routing",TRUE,
189,F,miotr,binary,"see fmappli -> na, asked(-1)",-1,"na, asked",TRUE,
189,F,miotr,binary,see fmappli -> no(1),1,no,FALSE,
189,F,miotr,binary,see fmappli -> yes(2),2,yes,FALSE,
189,F,miose,binary,"see fmappli -> na, routing(-2)",-2,"na, routing",TRUE,
189,F,miose,binary,"see fmappli -> na, asked(-1)",-1,"na, asked",TRUE,
189,F,miose,binary,see fmappli -> no(1),1,no,FALSE,
189,F,miose,binary,see fmappli -> yes(2),2,yes,FALSE,
189,F,murgyn,binary,"see fmappli -> na, routing(-2)",-2,"na, routing",TRUE,
189,F,murgyn,binary,"see fmappli -> na, asked(-1)",-1,"na, asked",TRUE,
189,F,murgyn,binary,see fmappli -> no(1),1,no,FALSE,
189,F,murgyn,binary,see fmappli -> yes(2),2,yes,FALSE,
189,F,mmealn,numeric,"na, routing(-2)",-2,"na, routing",TRUE,
189,F,mmealn,numeric,"na, asked(-1)",-1,"na, asked",TRUE,
189,F,mdomech,numeric,"na, routing(-2)",-2,"na, routing",TRUE,
189,F,mdomech,numeric,"na, asked(-1)",-1,"na, asked",TRUE,
189,F,mpersch,numeric,"na, routing(-2)",-2,"na, routing",TRUE,
189,F,mpersch,numeric,"na, asked(-1)",-1,"na, asked",TRUE,
189,F,mdistrh,numeric,"na, routing(-2)",-2,"na, routing",TRUE,
189,F,mdistrh,numeric,"na, asked(-1)",-1,"na, asked",TRUE,
189,F,miosgh,numeric,"na, routing(-2)",-2,"na, routing",TRUE,
189,F,miosgh,numeric,"na, asked(-1)",-1,"na, asked",TRUE,
189,F,mioagh,numeric,"na, routing(-2)",-2,"na, routing",TRUE,
189,F,mioagh,numeric,"na, asked(-1)",-1,"na, asked",TRUE,
189,F,miotrh,numeric,"na, routing(-2)",-2,"na, routing",TRUE,
189,F,miotrh,numeric,"na, asked(-1)",-1,"na, asked",TRUE,
189,F,mioseh,numeric,"na, routing(-2)",-2,"na, routing",TRUE,
189,F,mioseh,numeric,"na, asked(-1)",-1,"na, asked",TRUE,
189,F,mnurdep,binary,"na, routing(-2)",-2,"na, routing",TRUE,
189,F,mnurdep,binary,"na, asked(-1)",-1,"na, asked",TRUE,
189,F,mnurdep,binary,somatic(1),1,somatic,FALSE,
189,F,mnurdep,binary,psychogeriatric(2),2,psychogeriatric,FALSE,
189,F,medntyp,categorical,"na, routing(-2)",-2,"na, routing",TRUE,
189,F,medntyp,categorical,"na, asked(-1)",-1,"na, asked",TRUE,
189,F,medntyp,categorical,day treatment(1),1,day treatment,FALSE,
189,F,medntyp,categorical,night treatment(2),2,night treatment,FALSE,
189,F,medntyp,categorical,both(3),3,both,FALSE,
189,F,mndndep,binary,"see fmnurdep -> na, routing(-2)",-2,"na, routing",TRUE,
189,F,mndndep,binary,"see fmnurdep -> na, asked(-1)",-1,"na, asked",TRUE,
189,F,mndndep,binary,see fmnurdep -> somatic(1),1,somatic,FALSE,
189,F,mndndep,binary,see fmnurdep -> psychogeriatric(2),2,psychogeriatric,FALSE,
189,F,mndntyp,categorical,"see fmedntyp -> na, routing(-2)",-2,"na, routing",TRUE,
189,F,mndntyp,categorical,"see fmedntyp -> na, asked(-1)",-1,"na, asked",TRUE,
189,F,mndntyp,categorical,see fmedntyp -> day treatment(1),1,day treatment,FALSE,
189,F,mndntyp,categorical,see fmedntyp -> night treatment(2),2,night treatment,FALSE,
189,F,mndntyp,categorical,see fmedntyp -> both(3),3,both,FALSE,
189,F,mitypc,binary,"na, routing(-2)",-2,"na, routing",TRUE,
189,F,mitypc,binary,"na, asked(-1)",-1,"na, asked",TRUE,
189,F,mitypc,binary,care paid by org(1),1,care paid by org,FALSE,
189,F,mitypc,binary,care paid with pgb(2),2,care paid with pgb,FALSE,
189,F,mpgbp,binary,"na, routing(-2)",-2,"na, routing",TRUE,
189,F,mpgbp,binary,"na, asked(-1)",-1,"na, asked",TRUE,
189,F,mpgbp,binary,not mentioned(0),0,not mentioned,FALSE,
189,F,mpgbp,binary,mentioned(1),1,mentioned,FALSE,
189,F,mpgbpt,categorical,"na, routing(-2)",-2,"na, routing",TRUE,
189,F,mpgbpt,categorical,"na, asked(-1)",-1,"na, asked",TRUE,
189,F,mpgbpt,categorical,domestic care(1),1,domestic care,FALSE,
189,F,mpgbpt,categorical,personal care(2),2,personal care,FALSE,
189,F,mpgbpt,categorical,both(3),3,both,FALSE,
189,F,mpgbhf,binary,"na, routing(-2)",-2,"na, routing",TRUE,
189,F,mpgbhf,binary,"na, asked(-1)",-1,"na, asked",TRUE,
189,F,mpgbhf,binary,not mentioned(0),0,not mentioned,FALSE,
189,F,mpgbhf,binary,mentioned(1),1,mentioned,FALSE,
189,F,mpgbhft,categorical,"na, routing(-2)",-2,"na, routing",TRUE,
189,F,mpgbhft,categorical,"na, asked(-1)",-1,"na, asked",TRUE,
189,F,mpgbhft,categorical,domestic care(1),1,domestic care,FALSE,
189,F,mpgbhft,categorical,personal care(2),2,personal care,FALSE,
189,F,mpgbhft,categorical,both(3),3,both,FALSE,
189,F,mpgbca,binary,"na, routing(-2)",-2,"na, routing",TRUE,
189,F,mpgbca,binary,"na, asked(-1)",-1,"na, asked",TRUE,
189,F,mpgbca,binary,not mentioned(0),0,not mentioned,FALSE,
189,F,mpgbca,binary,mentioned(1),1,mentioned,FALSE,
189,F,mpgbcat,categorical,"na, routing(-2)",-2,"na, routing",TRUE,
189,F,mpgbcat,categorical,"na, asked(-1)",-1,"na, asked",TRUE,
189,F,mpgbcat,categorical,domestic care(1),1,domestic care,FALSE,
189,F,mpgbcat,categorical,personal care(2),2,personal care,FALSE,
189,F,mpgbcat,categorical,both(3),3,both,FALSE,
189,F,mpgbfa,binary,"na, routing(-2)",-2,"na, routing",TRUE,
189,F,mpgbfa,binary,"na, asked(-1)",-1,"na, asked",TRUE,
189,F,mpgbfa,binary,not mentioned(0),0,not mentioned,FALSE,
189,F,mpgbfa,binary,mentioned(1),1,mentioned,FALSE,
189,F,mpgbfat,categorical,"na, routing(-2)",-2,"na, routing",TRUE,
189,F,mpgbfat,categorical,"na, asked(-1)",-1,"na, asked",TRUE,
189,F,mpgbfat,categorical,domestic care(1),1,domestic care,FALSE,
189,F,mpgbfat,categorical,personal care(2),2,personal care,FALSE,
189,F,mpgbfat,categorical,both(3),3,both,FALSE,
189,F,mpgbf,binary,"na, routing(-2)",-2,"na, routing",TRUE,
189,F,mpgbf,binary,"na, asked(-1)",-1,"na, asked",TRUE,
189,F,mpgbf,binary,not mentioned(0),0,not mentioned,FALSE,
189,F,mpgbf,binary,mentioned(1),1,mentioned,FALSE,
189,F,mpgbft,categorical,"na, routing(-2)",-2,"na, routing",TRUE,
189,F,mpgbft,categorical,"na, asked(-1)",-1,"na, asked",TRUE,
189,F,mpgbft,categorical,domestic care(1),1,domestic care,FALSE,
189,F,mpgbft,categorical,personal care(2),2,personal care,FALSE,
189,F,mpgbft,categorical,both(3),3,both,FALSE,
189,F,mpgbn,binary,"na, routing(-2)",-2,"na, routing",TRUE,
189,F,mpgbn,binary,"na, asked(-1)",-1,"na, asked",TRUE,
189,F,mpgbn,binary,not mentioned(0),0,not mentioned,FALSE,
189,F,mpgbn,binary,mentioned(1),1,mentioned,FALSE,
189,F,mpgbnt,categorical,"na, routing(-2)",-2,"na, routing",TRUE,
189,F,mpgbnt,categorical,"na, asked(-1)",-1,"na, asked",TRUE,
189,F,mpgbnt,categorical,domestic care(1),1,domestic care,FALSE,
189,F,mpgbnt,categorical,personal care(2),2,personal care,FALSE,
189,F,mpgbnt,categorical,both(3),3,both,FALSE,
189,F,mpgbpc,binary,"na, routing(-2)",-2,"na, routing",TRUE,
189,F,mpgbpc,binary,"na, asked(-1)",-1,"na, asked",TRUE,
189,F,mpgbpc,binary,not mentioned(0),0,not mentioned,FALSE,
189,F,mpgbpc,binary,mentioned(1),1,mentioned,FALSE,
189,F,mpgbpct,categorical,"na, routing(-2)",-2,"na, routing",TRUE,
189,F,mpgbpct,categorical,"na, asked(-1)",-1,"na, asked",TRUE,
189,F,mpgbpct,categorical,domestic care(1),1,domestic care,FALSE,
189,F,mpgbpct,categorical,personal care(2),2,personal care,FALSE,
189,F,mpgbpct,categorical,both(3),3,both,FALSE,
189,F,mpgbhc,binary,"na, routing(-2)",-2,"na, routing",TRUE,
189,F,mpgbhc,binary,"na, asked(-1)",-1,"na, asked",TRUE,
189,F,mpgbhc,binary,not mentioned(0),0,not mentioned,FALSE,
189,F,mpgbhc,binary,mentioned(1),1,mentioned,FALSE,
189,F,mpgbhct,categorical,"na, routing(-2)",-2,"na, routing",TRUE,
189,F,mpgbhct,categorical,"na, asked(-1)",-1,"na, asked",TRUE,
189,F,mpgbhct,categorical,domestic care(1),1,domestic care,FALSE,
189,F,mpgbhct,categorical,personal care(2),2,personal care,FALSE,
189,F,mpgbhct,categorical,both(3),3,both,FALSE,
189,F,mpgbo,binary,"na, routing(-2)",-2,"na, routing",TRUE,
189,F,mpgbo,binary,"na, asked(-1)",-1,"na, asked",TRUE,
189,F,mpgbo,binary,not mentioned(0),0,not mentioned,FALSE,
189,F,mpgbo,binary,mentioned(1),1,mentioned,FALSE,
189,F,mpgbot,categorical,"na, routing(-2)",-2,"na, routing",TRUE,
189,F,mpgbot,categorical,"na, asked(-1)",-1,"na, asked",TRUE,
189,F,mpgbot,categorical,domestic care(1),1,domestic care,FALSE,
189,F,mpgbot,categorical,personal care(2),2,personal care,FALSE,
189,F,mpgbot,categorical,both(3),3,both,FALSE,
189,F,mpgbadm,categorical,"na, routing(-2)",-2,"na, routing",TRUE,
189,F,mpgbadm,categorical,"na, asked(-1)",-1,"na, asked",TRUE,
189,F,mpgbadm,categorical,R self(1),1,R self,FALSE,
189,F,mpgbadm,categorical,spouse(2),2,spouse,FALSE,
189,F,mpgbadm,categorical,child(ren)(3),3,child(ren),FALSE,
189,F,mpgbadm,categorical,private help(4),4,private help,FALSE,
189,F,mpgbadm,categorical,other(5),5,other,FALSE,
189,G,mrioyn,categorical,"na, asked(-1)",-1,"na, asked",TRUE,
189,G,mrioyn,categorical,no(1),1,no,FALSE,
189,G,mrioyn,categorical,"yes, not approved yet(2)",2,"yes, not approved yet",FALSE,
189,G,mrioyn,categorical,"yes, approved(3)",3,"yes, approved",FALSE,
189,G,mpersca,binary,"na, routing(-2)",-2,"na, routing",TRUE,
189,G,mpersca,binary,"na, asked(-1)",-1,"na, asked",TRUE,
189,G,mpersca,binary,no(1),1,no,FALSE,
189,G,mpersca,binary,yes(2),2,yes,FALSE,
189,G,mdistr,binary,"na, routing(-2)",-2,"na, routing",TRUE,
189,G,mdistr,binary,"na, asked(-1)",-1,"na, asked",TRUE,
189,G,mdistr,binary,no(1),1,no,FALSE,
189,G,mdistr,binary,yes(2),2,yes,FALSE,
189,G,mother,binary,"na, routing(-2)",-2,"na, routing",TRUE,
189,G,mother,binary,"na, asked(-1)",-1,"na, asked",TRUE,
189,G,mother,binary,no(1),1,no,FALSE,
189,G,mother,binary,yes(2),2,yes,FALSE,
189,G,murgyn,binary,"na, routing(-2)",-2,"na, routing",TRUE,
189,G,murgyn,binary,"na, asked(-1)",-1,"na, asked",TRUE,
189,G,murgyn,binary,no(1),1,no,FALSE,
189,G,murgyn,binary,yes(2),2,yes,FALSE,
189,G,mpgbdev,binary,"na, routing(-2)",-2,"na, routing",TRUE,
189,G,mpgbdev,binary,"na, asked(-1)",-1,"na, asked",TRUE,
189,G,mpgbdev,binary,no(1),1,no,FALSE,
189,G,mpgbdev,binary,yes(2),2,yes,FALSE,
189,G,mpersch,numeric,"na, routing(-2)",-2,"na, routing",TRUE,
189,G,mpersch,numeric,"na, asked(-1)",-1,"na, asked",TRUE,
189,G,mdistrh,numeric,"na, routing(-2)",-2,"na, routing",TRUE,
189,G,mdistrh,numeric,"na, asked(-1)",-1,"na, asked",TRUE,
189,G,motherh,numeric,"na, routing(-2)",-2,"na, routing",TRUE,
189,G,motherh,numeric,"na, asked(-1)",-1,"na, asked",TRUE,
189,G,mshstay,categorical,"na, routing(-2)",-2,"na, routing",TRUE,
189,G,mshstay,categorical,"na, asked(-1)",-1,"na, asked",TRUE,
189,G,mshstay,categorical,no(1),1,no,FALSE,
189,G,mshstay,categorical,"yes, elderly home(2)",2,"yes, elderly home",FALSE,
189,G,mshstay,categorical,"yes, nursing home, somatic(3)",3,"yes, nursing home, somatic",FALSE,
189,G,mshstay,categorical,"yes, nursing home, psychogeriatric(4)",4,"yes, nursing home, psychogeriatric",FALSE,
189,G,mlstay,categorical,"see gmshstay -> na, routing(-2)",-2,"na, routing",TRUE,
189,G,mlstay,categorical,"see gmshstay -> na, asked(-1)",-1,"na, asked",TRUE,
189,G,mlstay,categorical,see gmshstay -> no(1),1,no,FALSE,
189,G,mlstay,categorical,"see gmshstay -> yes, elderly home(2)",2,"yes, elderly home",FALSE,
189,G,mlstay,categorical,"see gmshstay -> yes, nursing home, somatic(3)",3,"yes, nursing home, somatic",FALSE,
189,G,mlstay,categorical,"see gmshstay -> yes, nursing home, psychogeriatric(4)",4,"yes, nursing home, psychogeriatric",FALSE,
189,G,mdtreat,categorical,"see gmshstay -> na, routing(-2)",-2,"na, routing",TRUE,
189,G,mdtreat,categorical,"see gmshstay -> na, asked(-1)",-1,"na, asked",TRUE,
189,G,mdtreat,categorical,see gmshstay -> no(1),1,no,FALSE,
189,G,mdtreat,categorical,"see gmshstay -> yes, elderly home(2)",2,"yes, elderly home",FALSE,
189,G,mdtreat,categorical,"see gmshstay -> yes, nursing home, somatic(3)",3,"yes, nursing home, somatic",FALSE,
189,G,mdtreat,categorical,"see gmshstay -> yes, nursing home, psychogeriatric(4)",4,"yes, nursing home, psychogeriatric",FALSE,
189,G,mntreat,categorical,"see gmshstay -> na, routing(-2)",-2,"na, routing",TRUE,
189,G,mntreat,categorical,"see gmshstay -> na, asked(-1)",-1,"na, asked",TRUE,
189,G,mntreat,categorical,see gmshstay -> no(1),1,no,FALSE,
189,G,mntreat,categorical,"see gmshstay -> yes, elderly home(2)",2,"yes, elderly home",FALSE,
189,G,mntreat,categorical,"see gmshstay -> yes, nursing home, somatic(3)",3,"yes, nursing home, somatic",FALSE,
189,G,mntreat,categorical,"see gmshstay -> yes, nursing home, psychogeriatric(4)",4,"yes, nursing home, psychogeriatric",FALSE,
189,G,mitypc,binary,"na, routing(-2)",-2,"na, routing",TRUE,
189,G,mitypc,binary,"na, asked(-1)",-1,"na, asked",TRUE,
189,G,mitypc,binary,home care service(1),1,home care service,FALSE,
189,G,mitypc,binary,PGB(2),2,PGB,FALSE,
189,G,mpgbph,binary,"na, routing(-2)",-2,"na, routing",TRUE,
189,G,mpgbph,binary,"na, asked(-1)",-1,"na, asked",TRUE,
189,G,mpgbph,binary,not mentioned(0),0,not mentioned,FALSE,
189,G,mpgbph,binary,mentioned(1),1,mentioned,FALSE,
189,G,mpgbpc,binary,"see gmpgbph -> na, routing(-2)",-2,"na, routing",TRUE,
189,G,mpgbpc,binary,"see gmpgbph -> na, asked(-1)",-1,"na, asked",TRUE,
189,G,mpgbpc,binary,see gmpgbph -> not mentioned(0),0,not mentioned,FALSE,
189,G,mpgbpc,binary,see gmpgbph -> mentioned(1),1,mentioned,FALSE,
189,G,mpgbpg,binary,"see gmpgbph -> na, routing(-2)",-2,"na, routing",TRUE,
189,G,mpgbpg,binary,"see gmpgbph -> na, asked(-1)",-1,"na, asked",TRUE,
189,G,mpgbpg,binary,see gmpgbph -> not mentioned(0),0,not mentioned,FALSE,
189,G,mpgbpg,binary,see gmpgbph -> mentioned(1),1,mentioned,FALSE,
189,G,mpgbhmh,binary,"see gmpgbph -> na, routing(-2)",-2,"na, routing",TRUE,
189,G,mpgbhmh,binary,"see gmpgbph -> na, asked(-1)",-1,"na, asked",TRUE,
189,G,mpgbhmh,binary,see gmpgbph -> not mentioned(0),0,not mentioned,FALSE,
189,G,mpgbhmh,binary,see gmpgbph -> mentioned(1),1,mentioned,FALSE,
189,G,mpgbhmc,binary,"see gmpgbph -> na, routing(-2)",-2,"na, routing",TRUE,
189,G,mpgbhmc,binary,"see gmpgbph -> na, asked(-1)",-1,"na, asked",TRUE,
189,G,mpgbhmc,binary,see gmpgbph -> not mentioned(0),0,not mentioned,FALSE,
189,G,mpgbhmc,binary,see gmpgbph -> mentioned(1),1,mentioned,FALSE,
189,G,mpgbhmg,binary,"see gmpgbph -> na, routing(-2)",-2,"na, routing",TRUE,
189,G,mpgbhmg,binary,"see gmpgbph -> na, asked(-1)",-1,"na, asked",TRUE,
189,G,mpgbhmg,binary,see gmpgbph -> not mentioned(0),0,not mentioned,FALSE,
189,G,mpgbhmg,binary,see gmpgbph -> mentioned(1),1,mentioned,FALSE,
189,G,mpgbchh,binary,"see gmpgbph -> na, routing(-2)",-2,"na, routing",TRUE,
189,G,mpgbchh,binary,"see gmpgbph -> na, asked(-1)",-1,"na, asked",TRUE,
189,G,mpgbchh,binary,see gmpgbph -> not mentioned(0),0,not mentioned,FALSE,
189,G,mpgbchh,binary,see gmpgbph -> mentioned(1),1,mentioned,FALSE,
189,G,mpgbchc,binary,"see gmpgbph -> na, routing(-2)",-2,"na, routing",TRUE,
189,G,mpgbchc,binary,"see gmpgbph -> na, asked(-1)",-1,"na, asked",TRUE,
189,G,mpgbchc,binary,see gmpgbph -> not mentioned(0),0,not mentioned,FALSE,
189,G,mpgbchc,binary,see gmpgbph -> mentioned(1),1,mentioned,FALSE,
189,G,mpgbchg,binary,"see gmpgbph -> na, routing(-2)",-2,"na, routing",TRUE,
189,G,mpgbchg,binary,"see gmpgbph -> na, asked(-1)",-1,"na, asked",TRUE,
189,G,mpgbchg,binary,see gmpgbph -> not mentioned(0),0,not mentioned,FALSE,
189,G,mpgbchg,binary,see gmpgbph -> mentioned(1),1,mentioned,FALSE,
189,G,mpgbrlh,binary,"see gmpgbph -> na, routing(-2)",-2,"na, routing",TRUE,
189,G,mpgbrlh,binary,"see gmpgbph -> na, asked(-1)",-1,"na, asked",TRUE,
189,G,mpgbrlh,binary,see gmpgbph -> not mentioned(0),0,not mentioned,FALSE,
189,G,mpgbrlh,binary,see gmpgbph -> mentioned(1),1,mentioned,FALSE,
189,G,mpgbrlc,binary,"see gmpgbph -> na, routing(-2)",-2,"na, routing",TRUE,
189,G,mpgbrlc,binary,"see gmpgbph -> na, asked(-1)",-1,"na, asked",TRUE,
189,G,mpgbrlc,binary,see gmpgbph -> not mentioned(0),0,not mentioned,FALSE,
189,G,mpgbrlc,binary,see gmpgbph -> mentioned(1),1,mentioned,FALSE,
189,G,mpgbrlg,binary,"see gmpgbph -> na, routing(-2)",-2,"na, routing",TRUE,
189,G,mpgbrlg,binary,"see gmpgbph -> na, asked(-1)",-1,"na, asked",TRUE,
189,G,mpgbrlg,binary,see gmpgbph -> not mentioned(0),0,not mentioned,FALSE,
189,G,mpgbrlg,binary,see gmpgbph -> mentioned(1),1,mentioned,FALSE,
189,G,mpgbfrh,binary,"see gmpgbph -> na, routing(-2)",-2,"na, routing",TRUE,
189,G,mpgbfrh,binary,"see gmpgbph -> na, asked(-1)",-1,"na, asked",TRUE,
189,G,mpgbfrh,binary,see gmpgbph -> not mentioned(0),0,not mentioned,FALSE,
189,G,mpgbfrh,binary,see gmpgbph -> mentioned(1),1,mentioned,FALSE,
189,G,mpgbfrc,binary,"see gmpgbph -> na, routing(-2)",-2,"na, routing",TRUE,
189,G,mpgbfrc,binary,"see gmpgbph -> na, asked(-1)",-1,"na, asked",TRUE,
189,G,mpgbfrc,binary,see gmpgbph -> not mentioned(0),0,not mentioned,FALSE,
189,G,mpgbfrc,binary,see gmpgbph -> mentioned(1),1,mentioned,FALSE,
189,G,mpgbfrg,binary,"see gmpgbph -> na, routing(-2)",-2,"na, routing",TRUE,
189,G,mpgbfrg,binary,"see gmpgbph -> na, asked(-1)",-1,"na, asked",TRUE,
189,G,mpgbfrg,binary,see gmpgbph -> not mentioned(0),0,not mentioned,FALSE,
189,G,mpgbfrg,binary,see gmpgbph -> mentioned(1),1,mentioned,FALSE,
189,G,mpgbnbh,binary,"see gmpgbph -> na, routing(-2)",-2,"na, routing",TRUE,
189,G,mpgbnbh,binary,"see gmpgbph -> na, asked(-1)",-1,"na, asked",TRUE,
189,G,mpgbnbh,binary,see gmpgbph -> not mentioned(0),0,not mentioned,FALSE,
189,G,mpgbnbh,binary,see gmpgbph -> mentioned(1),1,mentioned,FALSE,
189,G,mpgbnbc,binary,"see gmpgbph -> na, routing(-2)",-2,"na, routing",TRUE,
189,G,mpgbnbc,binary,"see gmpgbph -> na, asked(-1)",-1,"na, asked",TRUE,
189,G,mpgbnbc,binary,see gmpgbph -> not mentioned(0),0,not mentioned,FALSE,
189,G,mpgbnbc,binary,see gmpgbph -> mentioned(1),1,mentioned,FALSE,
189,G,mpgbnbg,binary,"see gmpgbph -> na, routing(-2)",-2,"na, routing",TRUE,
189,G,mpgbnbg,binary,"see gmpgbph -> na, asked(-1)",-1,"na, asked",TRUE,
189,G,mpgbnbg,binary,see gmpgbph -> not mentioned(0),0,not mentioned,FALSE,
189,G,mpgbnbg,binary,see gmpgbph -> mentioned(1),1,mentioned,FALSE,
189,G,mpgbphh,binary,"see gmpgbph -> na, routing(-2)",-2,"na, routing",TRUE,
189,G,mpgbphh,binary,"see gmpgbph -> na, asked(-1)",-1,"na, asked",TRUE,
189,G,mpgbphh,binary,see gmpgbph -> not mentioned(0),0,not mentioned,FALSE,
189,G,mpgbphh,binary,see gmpgbph -> mentioned(1),1,mentioned,FALSE,
189,G,mpgbphc,binary,"see gmpgbph -> na, routing(-2)",-2,"na, routing",TRUE,
189,G,mpgbphc,binary,"see gmpgbph -> na, asked(-1)",-1,"na, asked",TRUE,
189,G,mpgbphc,binary,see gmpgbph -> not mentioned(0),0,not mentioned,FALSE,
189,G,mpgbphc,binary,see gmpgbph -> mentioned(1),1,mentioned,FALSE,
189,G,mpgbphg,binary,"see gmpgbph -> na, routing(-2)",-2,"na, routing",TRUE,
189,G,mpgbphg,binary,"see gmpgbph -> na, asked(-1)",-1,"na, asked",TRUE,
189,G,mpgbphg,binary,see gmpgbph -> not mentioned(0),0,not mentioned,FALSE,
189,G,mpgbphg,binary,see gmpgbph -> mentioned(1),1,mentioned,FALSE,
189,G,mpgbhch,binary,"see gmpgbph -> na, routing(-2)",-2,"na, routing",TRUE,
189,G,mpgbhch,binary,"see gmpgbph -> na, asked(-1)",-1,"na, asked",TRUE,
189,G,mpgbhch,binary,see gmpgbph -> not mentioned(0),0,not mentioned,FALSE,
189,G,mpgbhch,binary,see gmpgbph -> mentioned(1),1,mentioned,FALSE,
189,G,mpgbhcc,binary,"see gmpgbph -> na, routing(-2)",-2,"na, routing",TRUE,
189,G,mpgbhcc,binary,"see gmpgbph -> na, asked(-1)",-1,"na, asked",TRUE,
189,G,mpgbhcc,binary,see gmpgbph -> not mentioned(0),0,not mentioned,FALSE,
189,G,mpgbhcc,binary,see gmpgbph -> mentioned(1),1,mentioned,FALSE,
189,G,mpgbhcg,binary,"see gmpgbph -> na, routing(-2)",-2,"na, routing",TRUE,
189,G,mpgbhcg,binary,"see gmpgbph -> na, asked(-1)",-1,"na, asked",TRUE,
189,G,mpgbhcg,binary,see gmpgbph -> not mentioned(0),0,not mentioned,FALSE,
189,G,mpgbhcg,binary,see gmpgbph -> mentioned(1),1,mentioned,FALSE,
189,G,mpgbrch,binary,"see gmpgbph -> na, routing(-2)",-2,"na, routing",TRUE,
189,G,mpgbrch,binary,"see gmpgbph -> na, asked(-1)",-1,"na, asked",TRUE,
189,G,mpgbrch,binary,see gmpgbph -> not mentioned(0),0,not mentioned,FALSE,
189,G,mpgbrch,binary,see gmpgbph -> mentioned(1),1,mentioned,FALSE,
189,G,mpgbrcc,binary,"see gmpgbph -> na, routing(-2)",-2,"na, routing",TRUE,
189,G,mpgbrcc,binary,"see gmpgbph -> na, asked(-1)",-1,"na, asked",TRUE,
189,G,mpgbrcc,binary,see gmpgbph -> not mentioned(0),0,not mentioned,FALSE,
189,G,mpgbrcc,binary,see gmpgbph -> mentioned(1),1,mentioned,FALSE,
189,G,mpgbrcg,binary,"see gmpgbph -> na, routing(-2)",-2,"na, routing",TRUE,
189,G,mpgbrcg,binary,"see gmpgbph -> na, asked(-1)",-1,"na, asked",TRUE,
189,G,mpgbrcg,binary,see gmpgbph -> not mentioned(0),0,not mentioned,FALSE,
189,G,mpgbrcg,binary,see gmpgbph -> mentioned(1),1,mentioned,FALSE,
189,G,mpgboth,binary,"see gmpgbph -> na, routing(-2)",-2,"na, routing",TRUE,
189,G,mpgboth,binary,"see gmpgbph -> na, asked(-1)",-1,"na, asked",TRUE,
189,G,mpgboth,binary,see gmpgbph -> not mentioned(0),0,not mentioned,FALSE,
189,G,mpgboth,binary,see gmpgbph -> mentioned(1),1,mentioned,FALSE,
189,G,mpgbotc,binary,"see gmpgbph -> na, routing(-2)",-2,"na, routing",TRUE,
189,G,mpgbotc,binary,"see gmpgbph -> na, asked(-1)",-1,"na, asked",TRUE,
189,G,mpgbotc,binary,see gmpgbph -> not mentioned(0),0,not mentioned,FALSE,
189,G,mpgbotc,binary,see gmpgbph -> mentioned(1),1,mentioned,FALSE,
189,G,mpgbotg,binary,"see gmpgbph -> na, routing(-2)",-2,"na, routing",TRUE,
189,G,mpgbotg,binary,"see gmpgbph -> na, asked(-1)",-1,"na, asked",TRUE,
189,G,mpgbotg,binary,see gmpgbph -> not mentioned(0),0,not mentioned,FALSE,
189,G,mpgbotg,binary,see gmpgbph -> mentioned(1),1,mentioned,FALSE,
189,G,mpgbadm,categorical,"na, routing(-2)",-2,"na, routing",TRUE,
189,G,mpgbadm,categorical,"na, asked(-1)",-1,"na, asked",TRUE,
189,G,mpgbadm,categorical,respondent(1),1,respondent,FALSE,
189,G,mpgbadm,categorical,spouse(2),2,spouse,FALSE,
189,G,mpgbadm,categorical,child(ren)(3),3,child(ren),FALSE,
189,G,mpgbadm,categorical,private help(4),4,private help,FALSE,
189,G,mpgbadm,categorical,other(5),5,other,FALSE,
189,H,mcizyn,categorical,section not done(-5),-5,section not done,TRUE,
189,H,mcizyn,categorical,no(1),1,no,FALSE,
189,H,mcizyn,categorical,"yes, declined(2)",2,"yes, declined",FALSE,
189,H,mcizyn,categorical,"yes, not approved yet(3)",3,"yes, not approved yet",FALSE,
189,H,mcizyn,categorical,"yes, approved(4)",4,"yes, approved",FALSE,
189,H,mcizna,categorical,"na, routing(-2)",-2,"na, routing",TRUE,
189,H,mcizna,categorical,"na, asked(-1)",-1,"na, asked",TRUE,
189,H,mcizna,categorical,not needed(1),1,not needed,FALSE,
189,H,mcizna,categorical,prefer self-regulation(2),2,prefer self-regulation,FALSE,
189,H,mcizna,categorical,did not know(3),3,did not know,FALSE,
189,H,mcizna,categorical,do not dare/not able(4),4,do not dare/not able,FALSE,
189,H,mcizna,categorical,other reason(5),5,other reason,FALSE,
189,H,mcizrd,categorical,"na, routing(-2)",-2,"na, routing",TRUE,
189,H,mcizrd,categorical,"na, asked(-1)",-1,"na, asked",TRUE,
189,H,mcizrd,categorical,must rely on informal network(1),1,must rely on informal network,FALSE,
189,H,mcizrd,categorical,need for help not strong enough(2),2,need for help not strong enough,FALSE,
189,H,mcizrd,categorical,other reason(3),3,other reason,FALSE,
189,H,mpersca,binary,"na, routing(-2)",-2,"na, routing",TRUE,
189,H,mpersca,binary,"na, asked(-1)",-1,"na, asked",TRUE,
189,H,mpersca,binary,no(1),1,no,FALSE,
189,H,mpersca,binary,yes(2),2,yes,FALSE,
189,H,mdistr,binary,"na, routing(-2)",-2,"na, routing",TRUE,
189,H,mdistr,binary,"na, asked(-1)",-1,"na, asked",TRUE,
189,H,mdistr,binary,no(1),1,no,FALSE,
189,H,mdistr,binary,yes(2),2,yes,FALSE,
189,H,mother,binary,"na, routing(-2)",-2,"na, routing",TRUE,
189,H,mother,binary,"na, asked(-1)",-1,"na, asked",TRUE,
189,H,mother,binary,no(1),1,no,FALSE,
189,H,mother,binary,yes(2),2,yes,FALSE,
189,H,murgyn,binary,"na, routing(-2)",-2,"na, routing",TRUE,
189,H,murgyn,binary,"na, asked(-1)",-1,"na, asked",TRUE,
189,H,murgyn,binary,no(1),1,no,FALSE,
189,H,murgyn,binary,yes(2),2,yes,FALSE,
189,H,mpgbdev,binary,"na, routing(-2)",-2,"na, routing",TRUE,
189,H,mpgbdev,binary,"na, asked(-1)",-1,"na, asked",TRUE,
189,H,mpgbdev,binary,no(1),1,no,FALSE,
189,H,mpgbdev,binary,yes(2),2,yes,FALSE,
189,H,mpersch,numeric,"na, routing(-2)",-2,"na, routing",TRUE,
189,H,mpersch,numeric,"na, asked(-1)",-1,"na, asked",TRUE,
189,H,mdistrh,numeric,"na, routing(-2)",-2,"na, routing",TRUE,
189,H,mdistrh,numeric,"na, asked(-1)",-1,"na, asked",TRUE,
189,H,motherh,numeric,"na, routing(-2)",-2,"na, routing",TRUE,
189,H,motherh,numeric,"na, asked(-1)",-1,"na, asked",TRUE,
189,H,mshstay,categorical,"na, routing(-2)",-2,"na, routing",TRUE,
189,H,mshstay,categorical,"na, asked(-1)",-1,"na, asked",TRUE,
189,H,mshstay,categorical,no(1),1,no,FALSE,
189,H,mshstay,categorical,"yes, elderly home(2)",2,"yes, elderly home",FALSE,
189,H,mshstay,categorical,"yes, nursing home, somatic(3)",3,"yes, nursing home, somatic",FALSE,
189,H,mshstay,categorical,"yes, nursing home, psychogeriatric(4)",4,"yes, nursing home, psychogeriatric",FALSE,
189,H,mlstay,categorical,"see hmshstay -> na, routing(-2)",-2,"na, routing",TRUE,
189,H,mlstay,categorical,"see hmshstay -> na, asked(-1)",-1,"na, asked",TRUE,
189,H,mlstay,categorical,see hmshstay -> no(1),1,no,FALSE,
189,H,mlstay,categorical,"see hmshstay -> yes, elderly home(2)",2,"yes, elderly home",FALSE,
189,H,mlstay,categorical,"see hmshstay -> yes, nursing home, somatic(3)",3,"yes, nursing home, somatic",FALSE,
189,H,mlstay,categorical,"see hmshstay -> yes, nursing home, psychogeriatric(4)",4,"yes, nursing home, psychogeriatric",FALSE,
189,H,mdtreat,categorical,"see hmshstay -> na, routing(-2)",-2,"na, routing",TRUE,
189,H,mdtreat,categorical,"see hmshstay -> na, asked(-1)",-1,"na, asked",TRUE,
189,H,mdtreat,categorical,see hmshstay -> no(1),1,no,FALSE,
189,H,mdtreat,categorical,"see hmshstay -> yes, elderly home(2)",2,"yes, elderly home",FALSE,
189,H,mdtreat,categorical,"see hmshstay -> yes, nursing home, somatic(3)",3,"yes, nursing home, somatic",FALSE,
189,H,mdtreat,categorical,"see hmshstay -> yes, nursing home, psychogeriatric(4)",4,"yes, nursing home, psychogeriatric",FALSE,
189,H,mntreat,categorical,"see hmshstay -> na, routing(-2)",-2,"na, routing",TRUE,
189,H,mntreat,categorical,"see hmshstay -> na, asked(-1)",-1,"na, asked",TRUE,
189,H,mntreat,categorical,see hmshstay -> no(1),1,no,FALSE,
189,H,mntreat,categorical,"see hmshstay -> yes, elderly home(2)",2,"yes, elderly home",FALSE,
189,H,mntreat,categorical,"see hmshstay -> yes, nursing home, somatic(3)",3,"yes, nursing home, somatic",FALSE,
189,H,mntreat,categorical,"see hmshstay -> yes, nursing home, psychogeriatric(4)",4,"yes, nursing home, psychogeriatric",FALSE,
189,H,mitypc,binary,"na, routing(-2)",-2,"na, routing",TRUE,
189,H,mitypc,binary,"na, asked(-1)",-1,"na, asked",TRUE,
189,H,mitypc,binary,home care service(1),1,home care service,FALSE,
189,H,mitypc,binary,PGB(2),2,PGB,FALSE,
189,H,mpgbph,binary,"na, routing(-2)",-2,"na, routing",TRUE,
189,H,mpgbph,binary,"na, asked(-1)",-1,"na, asked",TRUE,
189,H,mpgbph,binary,not mentioned(0),0,not mentioned,FALSE,
189,H,mpgbph,binary,mentioned(1),1,mentioned,FALSE,
189,H,mpgbpc,binary,"see hmpgbph -> na, routing(-2)",-2,"na, routing",TRUE,
189,H,mpgbpc,binary,"see hmpgbph -> na, asked(-1)",-1,"na, asked",TRUE,
189,H,mpgbpc,binary,see hmpgbph -> not mentioned(0),0,not mentioned,FALSE,
189,H,mpgbpc,binary,see hmpgbph -> mentioned(1),1,mentioned,FALSE,
189,H,mpgbpg,binary,"see hmpgbph -> na, routing(-2)",-2,"na, routing",TRUE,
189,H,mpgbpg,binary,"see hmpgbph -> na, asked(-1)",-1,"na, asked",TRUE,
189,H,mpgbpg,binary,see hmpgbph -> not mentioned(0),0,not mentioned,FALSE,
189,H,mpgbpg,binary,see hmpgbph -> mentioned(1),1,mentioned,FALSE,
189,H,mpgbhmh,binary,"see hmpgbph -> na, routing(-2)",-2,"na, routing",TRUE,
189,H,mpgbhmh,binary,"see hmpgbph -> na, asked(-1)",-1,"na, asked",TRUE,
189,H,mpgbhmh,binary,see hmpgbph -> not mentioned(0),0,not mentioned,FALSE,
189,H,mpgbhmh,binary,see hmpgbph -> mentioned(1),1,mentioned,FALSE,
189,H,mpgbhmc,binary,"see hmpgbph -> na, routing(-2)",-2,"na, routing",TRUE,
189,H,mpgbhmc,binary,"see hmpgbph -> na, asked(-1)",-1,"na, asked",TRUE,
189,H,mpgbhmc,binary,see hmpgbph -> not mentioned(0),0,not mentioned,FALSE,
189,H,mpgbhmc,binary,see hmpgbph -> mentioned(1),1,mentioned,FALSE,
189,H,mpgbhmg,binary,"see hmpgbph -> na, routing(-2)",-2,"na, routing",TRUE,
189,H,mpgbhmg,binary,"see hmpgbph -> na, asked(-1)",-1,"na, asked",TRUE,
189,H,mpgbhmg,binary,see hmpgbph -> not mentioned(0),0,not mentioned,FALSE,
189,H,mpgbhmg,binary,see hmpgbph -> mentioned(1),1,mentioned,FALSE,
189,H,mpgbchh,binary,"see hmpgbph -> na, routing(-2)",-2,"na, routing",TRUE,
189,H,mpgbchh,binary,"see hmpgbph -> na, asked(-1)",-1,"na, asked",TRUE,
189,H,mpgbchh,binary,see hmpgbph -> not mentioned(0),0,not mentioned,FALSE,
189,H,mpgbchh,binary,see hmpgbph -> mentioned(1),1,mentioned,FALSE,
189,H,mpgbchc,binary,"see hmpgbph -> na, routing(-2)",-2,"na, routing",TRUE,
189,H,mpgbchc,binary,"see hmpgbph -> na, asked(-1)",-1,"na, asked",TRUE,
189,H,mpgbchc,binary,see hmpgbph -> not mentioned(0),0,not mentioned,FALSE,
189,H,mpgbchc,binary,see hmpgbph -> mentioned(1),1,mentioned,FALSE,
189,H,mpgbchg,binary,"see hmpgbph -> na, routing(-2)",-2,"na, routing",TRUE,
189,H,mpgbchg,binary,"see hmpgbph -> na, asked(-1)",-1,"na, asked",TRUE,
189,H,mpgbchg,binary,see hmpgbph -> not mentioned(0),0,not mentioned,FALSE,
189,H,mpgbchg,binary,see hmpgbph -> mentioned(1),1,mentioned,FALSE,
189,H,mpgbrlh,binary,"see hmpgbph -> na, routing(-2)",-2,"na, routing",TRUE,
189,H,mpgbrlh,binary,"see hmpgbph -> na, asked(-1)",-1,"na, asked",TRUE,
189,H,mpgbrlh,binary,see hmpgbph -> not mentioned(0),0,not mentioned,FALSE,
189,H,mpgbrlh,binary,see hmpgbph -> mentioned(1),1,mentioned,FALSE,
189,H,mpgbrlc,binary,"see hmpgbph -> na, routing(-2)",-2,"na, routing",TRUE,
189,H,mpgbrlc,binary,"see hmpgbph -> na, asked(-1)",-1,"na, asked",TRUE,
189,H,mpgbrlc,binary,see hmpgbph -> not mentioned(0),0,not mentioned,FALSE,
189,H,mpgbrlc,binary,see hmpgbph -> mentioned(1),1,mentioned,FALSE,
189,H,mpgbrlg,binary,"see hmpgbph -> na, routing(-2)",-2,"na, routing",TRUE,
189,H,mpgbrlg,binary,"see hmpgbph -> na, asked(-1)",-1,"na, asked",TRUE,
189,H,mpgbrlg,binary,see hmpgbph -> not mentioned(0),0,not mentioned,FALSE,
189,H,mpgbrlg,binary,see hmpgbph -> mentioned(1),1,mentioned,FALSE,
189,H,mpgbfrh,binary,"see hmpgbph -> na, routing(-2)",-2,"na, routing",TRUE,
189,H,mpgbfrh,binary,"see hmpgbph -> na, asked(-1)",-1,"na, asked",TRUE,
189,H,mpgbfrh,binary,see hmpgbph -> not mentioned(0),0,not mentioned,FALSE,
189,H,mpgbfrh,binary,see hmpgbph -> mentioned(1),1,mentioned,FALSE,
189,H,mpgbfrc,binary,"see hmpgbph -> na, routing(-2)",-2,"na, routing",TRUE,
189,H,mpgbfrc,binary,"see hmpgbph -> na, asked(-1)",-1,"na, asked",TRUE,
189,H,mpgbfrc,binary,see hmpgbph -> not mentioned(0),0,not mentioned,FALSE,
189,H,mpgbfrc,binary,see hmpgbph -> mentioned(1),1,mentioned,FALSE,
189,H,mpgbfrg,binary,"see hmpgbph -> na, routing(-2)",-2,"na, routing",TRUE,
189,H,mpgbfrg,binary,"see hmpgbph -> na, asked(-1)",-1,"na, asked",TRUE,
189,H,mpgbfrg,binary,see hmpgbph -> not mentioned(0),0,not mentioned,FALSE,
189,H,mpgbfrg,binary,see hmpgbph -> mentioned(1),1,mentioned,FALSE,
189,H,mpgbnbh,binary,"see hmpgbph -> na, routing(-2)",-2,"na, routing",TRUE,
189,H,mpgbnbh,binary,"see hmpgbph -> na, asked(-1)",-1,"na, asked",TRUE,
189,H,mpgbnbh,binary,see hmpgbph -> not mentioned(0),0,not mentioned,FALSE,
189,H,mpgbnbh,binary,see hmpgbph -> mentioned(1),1,mentioned,FALSE,
189,H,mpgbnbc,binary,"see hmpgbph -> na, routing(-2)",-2,"na, routing",TRUE,
189,H,mpgbnbc,binary,"see hmpgbph -> na, asked(-1)",-1,"na, asked",TRUE,
189,H,mpgbnbc,binary,see hmpgbph -> not mentioned(0),0,not mentioned,FALSE,
189,H,mpgbnbc,binary,see hmpgbph -> mentioned(1),1,mentioned,FALSE,
189,H,mpgbnbg,binary,"see hmpgbph -> na, routing(-2)",-2,"na, routing",TRUE,
189,H,mpgbnbg,binary,"see hmpgbph -> na, asked(-1)",-1,"na, asked",TRUE,
189,H,mpgbnbg,binary,see hmpgbph -> not mentioned(0),0,not mentioned,FALSE,
189,H,mpgbnbg,binary,see hmpgbph -> mentioned(1),1,mentioned,FALSE,
189,H,mpgbphh,binary,"see hmpgbph -> na, routing(-2)",-2,"na, routing",TRUE,
189,H,mpgbphh,binary,"see hmpgbph -> na, asked(-1)",-1,"na, asked",TRUE,
189,H,mpgbphh,binary,see hmpgbph -> not mentioned(0),0,not mentioned,FALSE,
189,H,mpgbphh,binary,see hmpgbph -> mentioned(1),1,mentioned,FALSE,
189,H,mpgbphc,binary,"see hmpgbph -> na, routing(-2)",-2,"na, routing",TRUE,
189,H,mpgbphc,binary,"see hmpgbph -> na, asked(-1)",-1,"na, asked",TRUE,
189,H,mpgbphc,binary,see hmpgbph -> not mentioned(0),0,not mentioned,FALSE,
189,H,mpgbphc,binary,see hmpgbph -> mentioned(1),1,mentioned,FALSE,
189,H,mpgbphg,binary,"see hmpgbph -> na, routing(-2)",-2,"na, routing",TRUE,
189,H,mpgbphg,binary,"see hmpgbph -> na, asked(-1)",-1,"na, asked",TRUE,
189,H,mpgbphg,binary,see hmpgbph -> not mentioned(0),0,not mentioned,FALSE,
189,H,mpgbphg,binary,see hmpgbph -> mentioned(1),1,mentioned,FALSE,
189,H,mpgbhch,binary,"see hmpgbph -> na, routing(-2)",-2,"na, routing",TRUE,
189,H,mpgbhch,binary,"see hmpgbph -> na, asked(-1)",-1,"na, asked",TRUE,
189,H,mpgbhch,binary,see hmpgbph -> not mentioned(0),0,not mentioned,FALSE,
189,H,mpgbhch,binary,see hmpgbph -> mentioned(1),1,mentioned,FALSE,
189,H,mpgbhcc,binary,"see hmpgbph -> na, routing(-2)",-2,"na, routing",TRUE,
189,H,mpgbhcc,binary,"see hmpgbph -> na, asked(-1)",-1,"na, asked",TRUE,
189,H,mpgbhcc,binary,see hmpgbph -> not mentioned(0),0,not mentioned,FALSE,
189,H,mpgbhcc,binary,see hmpgbph -> mentioned(1),1,mentioned,FALSE,
189,H,mpgbhcg,binary,"see hmpgbph -> na, routing(-2)",-2,"na, routing",TRUE,
189,H,mpgbhcg,binary,"see hmpgbph -> na, asked(-1)",-1,"na, asked",TRUE,
189,H,mpgbhcg,binary,see hmpgbph -> not mentioned(0),0,not mentioned,FALSE,
189,H,mpgbhcg,binary,see hmpgbph -> mentioned(1),1,mentioned,FALSE,
189,H,mpgbrch,binary,"see hmpgbph -> na, routing(-2)",-2,"na, routing",TRUE,
189,H,mpgbrch,binary,"see hmpgbph -> na, asked(-1)",-1,"na, asked",TRUE,
189,H,mpgbrch,binary,see hmpgbph -> not mentioned(0),0,not mentioned,FALSE,
189,H,mpgbrch,binary,see hmpgbph -> mentioned(1),1,mentioned,FALSE,
189,H,mpgbrcc,binary,"see hmpgbph -> na, routing(-2)",-2,"na, routing",TRUE,
189,H,mpgbrcc,binary,"see hmpgbph -> na, asked(-1)",-1,"na, asked",TRUE,
189,H,mpgbrcc,binary,see hmpgbph -> not mentioned(0),0,not mentioned,FALSE,
189,H,mpgbrcc,binary,see hmpgbph -> mentioned(1),1,mentioned,FALSE,
189,H,mpgbrcg,binary,"see hmpgbph -> na, routing(-2)",-2,"na, routing",TRUE,
189,H,mpgbrcg,binary,"see hmpgbph -> na, asked(-1)",-1,"na, asked",TRUE,
189,H,mpgbrcg,binary,see hmpgbph -> not mentioned(0),0,not mentioned,FALSE,
189,H,mpgbrcg,binary,see hmpgbph -> mentioned(1),1,mentioned,FALSE,
189,H,mpgboth,binary,"see hmpgbph -> na, routing(-2)",-2,"na, routing",TRUE,
189,H,mpgboth,binary,"see hmpgbph -> na, asked(-1)",-1,"na, asked",TRUE,
189,H,mpgboth,binary,see hmpgbph -> not mentioned(0),0,not mentioned,FALSE,
189,H,mpgboth,binary,see hmpgbph -> mentioned(1),1,mentioned,FALSE,
189,H,mpgbotc,binary,"see hmpgbph -> na, routing(-2)",-2,"na, routing",TRUE,
189,H,mpgbotc,binary,"see hmpgbph -> na, asked(-1)",-1,"na, asked",TRUE,
189,H,mpgbotc,binary,see hmpgbph -> not mentioned(0),0,not mentioned,FALSE,
189,H,mpgbotc,binary,see hmpgbph -> mentioned(1),1,mentioned,FALSE,
189,H,mpgbotg,binary,"see hmpgbph -> na, routing(-2)",-2,"na, routing",TRUE,
189,H,mpgbotg,binary,"see hmpgbph -> na, asked(-1)",-1,"na, asked",TRUE,
189,H,mpgbotg,binary,see hmpgbph -> not mentioned(0),0,not mentioned,FALSE,
189,H,mpgbotg,binary,see hmpgbph -> mentioned(1),1,mentioned,FALSE,
189,H,mpgbas,binary,"see hmpgbph -> na, routing(-2)",-2,"na, routing",TRUE,
189,H,mpgbas,binary,"see hmpgbph -> na, asked(-1)",-1,"na, asked",TRUE,
189,H,mpgbas,binary,see hmpgbph -> not mentioned(0),0,not mentioned,FALSE,
189,H,mpgbas,binary,see hmpgbph -> mentioned(1),1,mentioned,FALSE,
189,H,mpgbap,binary,"see hmpgbph -> na, routing(-2)",-2,"na, routing",TRUE,
189,H,mpgbap,binary,"see hmpgbph -> na, asked(-1)",-1,"na, asked",TRUE,
189,H,mpgbap,binary,see hmpgbph -> not mentioned(0),0,not mentioned,FALSE,
189,H,mpgbap,binary,see hmpgbph -> mentioned(1),1,mentioned,FALSE,
189,H,mpgbac,binary,"see hmpgbph -> na, routing(-2)",-2,"na, routing",TRUE,
189,H,mpgbac,binary,"see hmpgbph -> na, asked(-1)",-1,"na, asked",TRUE,
189,H,mpgbac,binary,see hmpgbph -> not mentioned(0),0,not mentioned,FALSE,
189,H,mpgbac,binary,see hmpgbph -> mentioned(1),1,mentioned,FALSE,
189,H,mpgbaph,binary,"see hmpgbph -> na, routing(-2)",-2,"na, routing",TRUE,
189,H,mpgbaph,binary,"see hmpgbph -> na, asked(-1)",-1,"na, asked",TRUE,
189,H,mpgbaph,binary,see hmpgbph -> not mentioned(0),0,not mentioned,FALSE,
189,H,mpgbaph,binary,see hmpgbph -> mentioned(1),1,mentioned,FALSE,
189,H,mpgbao,binary,"see hmpgbph -> na, routing(-2)",-2,"na, routing",TRUE,
189,H,mpgbao,binary,"see hmpgbph -> na, asked(-1)",-1,"na, asked",TRUE,
189,H,mpgbao,binary,see hmpgbph -> not mentioned(0),0,not mentioned,FALSE,
189,H,mpgbao,binary,see hmpgbph -> mentioned(1),1,mentioned,FALSE,
189,I,mitraa,binary,section not done(-3),-3,section not done,TRUE,
189,I,mitraa,binary,"na, asked(-1)",-1,"na, asked",TRUE,
189,I,mitraa,binary,no(1),1,no,FALSE,
189,I,mitraa,binary,yes(2),2,yes,FALSE,
189,I,mihada,binary,section not done(-3),-3,section not done,TRUE,
189,I,mihada,binary,"na, asked(-1)",-1,"na, asked",TRUE,
189,I,mihada,binary,no(1),1,no,FALSE,
189,I,mihada,binary,yes(2),2,yes,FALSE,
189,I,miguia,binary,section not done(-3),-3,section not done,TRUE,
189,I,miguia,binary,"na, asked(-1)",-1,"na, asked",TRUE,
189,I,miguia,binary,no(1),1,no,FALSE,
189,I,miguia,binary,yes(2),2,yes,FALSE,
189,I,midaca,binary,section not done(-3),-3,section not done,TRUE,
189,I,midaca,binary,"na, asked(-1)",-1,"na, asked",TRUE,
189,I,midaca,binary,no(1),1,no,FALSE,
189,I,midaca,binary,yes(2),2,yes,FALSE,
189,I,mihhaa,binary,section not done(-3),-3,section not done,TRUE,
189,I,mihhaa,binary,"na, asked(-1)",-1,"na, asked",TRUE,
189,I,mihhaa,binary,no(1),1,no,FALSE,
189,I,mihhaa,binary,yes(2),2,yes,FALSE,
189,I,mipca,binary,section not done(-3),-3,section not done,TRUE,
189,I,mipca,binary,"na, asked(-1)",-1,"na, asked",TRUE,
189,I,mipca,binary,no(1),1,no,FALSE,
189,I,mipca,binary,yes(2),2,yes,FALSE,
189,I,minura,binary,section not done(-3),-3,section not done,TRUE,
189,I,minura,binary,"na, asked(-1)",-1,"na, asked",TRUE,
189,I,minura,binary,no(1),1,no,FALSE,
189,I,minura,binary,yes(2),2,yes,FALSE,
189,I,mintca,binary,section not done(-3),-3,section not done,TRUE,
189,I,mintca,binary,"na, asked(-1)",-1,"na, asked",TRUE,
189,I,mintca,binary,no(1),1,no,FALSE,
189,I,mintca,binary,yes(2),2,yes,FALSE,
189,I,missca,binary,section not done(-3),-3,section not done,TRUE,
189,I,missca,binary,"na, asked(-1)",-1,"na, asked",TRUE,
189,I,missca,binary,no(1),1,no,FALSE,
189,I,missca,binary,yes(2),2,yes,FALSE,
189,I,mi24ca,binary,section not done(-3),-3,section not done,TRUE,
189,I,mi24ca,binary,"na, asked(-1)",-1,"na, asked",TRUE,
189,I,mi24ca,binary,no(1),1,no,FALSE,
189,I,mi24ca,binary,yes(2),2,yes,FALSE,
189,I,miotha,binary,section not done(-3),-3,section not done,TRUE,
189,I,miotha,binary,"na, asked(-1)",-1,"na, asked",TRUE,
189,I,miotha,binary,no(1),1,no,FALSE,
189,I,miotha,binary,yes(2),2,yes,FALSE,
189,I,mitrag,categorical,"na, see IMITRAA(-2)",-2,"na, see IMITRAA",TRUE,
189,I,mitrag,categorical,"na, asked(-1)",-1,"na, asked",TRUE,
189,I,mitrag,categorical,no(1),1,no,FALSE,
189,I,mitrag,categorical,yes(2),2,yes,FALSE,
189,I,mitrag,categorical,under consideration(3),3,under consideration,FALSE,
189,I,mitrag,categorical,withdrawn(4),4,withdrawn,FALSE,
189,I,mihadg,categorical,"na, see IMIHADA(-2)",-2,"na, see IMIHADA",TRUE,
189,I,mihadg,categorical,"na, asked(-1)",-1,"na, asked",TRUE,
189,I,mihadg,categorical,no(1),1,no,FALSE,
189,I,mihadg,categorical,yes(2),2,yes,FALSE,
189,I,mihadg,categorical,under consideration(3),3,under consideration,FALSE,
189,I,mihadg,categorical,withdrawn(4),4,withdrawn,FALSE,
189,I,miguig,categorical,"na, see IMIGUIA(-2)",-2,"na, see IMIGUIA",TRUE,
189,I,miguig,categorical,"na, asked(-1)",-1,"na, asked",TRUE,
189,I,miguig,categorical,no(1),1,no,FALSE,
189,I,miguig,categorical,yes(2),2,yes,FALSE,
189,I,miguig,categorical,under consideration(3),3,under consideration,FALSE,
189,I,miguig,categorical,withdrawn(4),4,withdrawn,FALSE,
189,I,midacg,categorical,"na, see IMIDACA(-2)",-2,"na, see IMIDACA",TRUE,
189,I,midacg,categorical,"na, asked(-1)",-1,"na, asked",TRUE,
189,I,midacg,categorical,no(1),1,no,FALSE,
189,I,midacg,categorical,yes(2),2,yes,FALSE,
189,I,midacg,categorical,under consideration(3),3,under consideration,FALSE,
189,I,midacg,categorical,withdrawn(4),4,withdrawn,FALSE,
189,I,mihhag,categorical,"na, see IMIHHAA(-2)",-2,"na, see IMIHHAA",TRUE,
189,I,mihhag,categorical,"na, asked(-1)",-1,"na, asked",TRUE,
189,I,mihhag,categorical,no(1),1,no,FALSE,
189,I,mihhag,categorical,yes(2),2,yes,FALSE,
189,I,mihhag,categorical,under consideration(3),3,under consideration,FALSE,
189,I,mihhag,categorical,withdrawn(4),4,withdrawn,FALSE,
189,I,mipcg,categorical,"na, see IMIPCA(-2)",-2,"na, see IMIPCA",TRUE,
189,I,mipcg,categorical,"na, asked(-1)",-1,"na, asked",TRUE,
189,I,mipcg,categorical,no(1),1,no,FALSE,
189,I,mipcg,categorical,yes(2),2,yes,FALSE,
189,I,mipcg,categorical,under consideration(3),3,under consideration,FALSE,
189,I,mipcg,categorical,withdrawn(4),4,withdrawn,FALSE,
189,I,minurg,categorical,"na, see IMINURA(-2)",-2,"na, see IMINURA",TRUE,
189,I,minurg,categorical,"na, asked(-1)",-1,"na, asked",TRUE,
189,I,minurg,categorical,no(1),1,no,FALSE,
189,I,minurg,categorical,yes(2),2,yes,FALSE,
189,I,minurg,categorical,under consideration(3),3,under consideration,FALSE,
189,I,minurg,categorical,withdrawn(4),4,withdrawn,FALSE,
189,I,mintcg,categorical,"na, see IMINTCA(-2)",-2,"na, see IMINTCA",TRUE,
189,I,mintcg,categorical,"na, asked(-1)",-1,"na, asked",TRUE,
189,I,mintcg,categorical,no(1),1,no,FALSE,
189,I,mintcg,categorical,yes(2),2,yes,FALSE,
189,I,mintcg,categorical,under consideration(3),3,under consideration,FALSE,
189,I,mintcg,categorical,withdrawn(4),4,withdrawn,FALSE,
189,I,misscg,categorical,"na, see IMISSCA(-2)",-2,"na, see IMISSCA",TRUE,
189,I,misscg,categorical,"na, asked(-1)",-1,"na, asked",TRUE,
189,I,misscg,categorical,no(1),1,no,FALSE,
189,I,misscg,categorical,yes(2),2,yes,FALSE,
189,I,misscg,categorical,under consideration(3),3,under consideration,FALSE,
189,I,misscg,categorical,withdrawn(4),4,withdrawn,FALSE,
189,I,mi24cg,categorical,"na, see IMI24CA(-2)",-2,"na, see IMI24CA",TRUE,
189,I,mi24cg,categorical,"na, asked(-1)",-1,"na, asked",TRUE,
189,I,mi24cg,categorical,no(1),1,no,FALSE,
189,I,mi24cg,categorical,yes(2),2,yes,FALSE,
189,I,mi24cg,categorical,under consideration(3),3,under consideration,FALSE,
189,I,mi24cg,categorical,withdrawn(4),4,withdrawn,FALSE,
189,I,miothg,categorical,"na, see IMIOTHA(-2)",-2,"na, see IMIOTHA",TRUE,
189,I,miothg,categorical,"na, asked(-1)",-1,"na, asked",TRUE,
189,I,miothg,categorical,no(1),1,no,FALSE,
189,I,miothg,categorical,yes(2),2,yes,FALSE,
189,I,miothg,categorical,under consideration(3),3,under consideration,FALSE,
189,I,miothg,categorical,withdrawn(4),4,withdrawn,FALSE,
189,I,mitrard,categorical,"na, see IMITRAG(-2)",-2,"na, see IMITRAG",TRUE,
189,I,mitrard,categorical,"na, asked(-1)",-1,"na, asked",TRUE,
189,I,mitrard,categorical,informal network should help(1),1,informal network should help,FALSE,
189,I,mitrard,categorical,need for care is not serious enough(2),2,need for care is not serious enough,FALSE,
189,I,mitrard,categorical,other(3),3,other,FALSE,
189,I,mihadrd,categorical,"na, see IMIHADG(-2)",-2,"na, see IMIHADG",TRUE,
189,I,mihadrd,categorical,"na, asked(-1)",-1,"na, asked",TRUE,
189,I,mihadrd,categorical,informal network should help(1),1,informal network should help,FALSE,
189,I,mihadrd,categorical,need for care is not serious enough(2),2,need for care is not serious enough,FALSE,
189,I,mihadrd,categorical,other(3),3,other,FALSE,
189,I,miguird,categorical,"na, see IMIGUIG(-2)",-2,"na, see IMIGUIG",TRUE,
189,I,miguird,categorical,"na, asked(-1)",-1,"na, asked",TRUE,
189,I,miguird,categorical,informal network should help(1),1,informal network should help,FALSE,
189,I,miguird,categorical,need for care is not serious enough(2),2,need for care is not serious enough,FALSE,
189,I,miguird,categorical,other(3),3,other,FALSE,
189,I,midacrd,categorical,"na, see IMIDACG(-2)",-2,"na, see IMIDACG",TRUE,
189,I,midacrd,categorical,"na, asked(-1)",-1,"na, asked",TRUE,
189,I,midacrd,categorical,informal network should help(1),1,informal network should help,FALSE,
189,I,midacrd,categorical,need for care is not serious enough(2),2,need for care is not serious enough,FALSE,
189,I,midacrd,categorical,other(3),3,other,FALSE,
189,I,mihhard,categorical,"na, see IMIHHAG(-2)",-2,"na, see IMIHHAG",TRUE,
189,I,mihhard,categorical,"na, asked(-1)",-1,"na, asked",TRUE,
189,I,mihhard,categorical,informal network should help(1),1,informal network should help,FALSE,
189,I,mihhard,categorical,need for care is not serious enough(2),2,need for care is not serious enough,FALSE,
189,I,mihhard,categorical,other(3),3,other,FALSE,
189,I,mipcrd,categorical,"na, see IMIPCG(-2)",-2,"na, see IMIPCG",TRUE,
189,I,mipcrd,categorical,"na, asked(-1)",-1,"na, asked",TRUE,
189,I,mipcrd,categorical,informal network should help(1),1,informal network should help,FALSE,
189,I,mipcrd,categorical,need for care is not serious enough(2),2,need for care is not serious enough,FALSE,
189,I,mipcrd,categorical,other(3),3,other,FALSE,
189,I,minurrd,categorical,"na, see IMINURG(-2)",-2,"na, see IMINURG",TRUE,
189,I,minurrd,categorical,"na, asked(-1)",-1,"na, asked",TRUE,
189,I,minurrd,categorical,informal network should help(1),1,informal network should help,FALSE,
189,I,minurrd,categorical,need for care is not serious enough(2),2,need for care is not serious enough,FALSE,
189,I,minurrd,categorical,other(3),3,other,FALSE,
189,I,mintcrd,categorical,"na, see IMINTCG(-2)",-2,"na, see IMINTCG",TRUE,
189,I,mintcrd,categorical,"na, asked(-1)",-1,"na, asked",TRUE,
189,I,mintcrd,categorical,informal network should help(1),1,informal network should help,FALSE,
189,I,mintcrd,categorical,need for care is not serious enough(2),2,need for care is not serious enough,FALSE,
189,I,mintcrd,categorical,other(3),3,other,FALSE,
189,I,misscrd,categorical,"na, see IMISSCG(-2)",-2,"na, see IMISSCG",TRUE,
189,I,misscrd,categorical,"na, asked(-1)",-1,"na, asked",TRUE,
189,I,misscrd,categorical,informal network should help(1),1,informal network should help,FALSE,
189,I,misscrd,categorical,need for care is not serious enough(2),2,need for care is not serious enough,FALSE,
189,I,misscrd,categorical,other(3),3,other,FALSE,
189,I,mi24crd,categorical,"na, see IMI24CG(-2)",-2,"na, see IMI24CG",TRUE,
189,I,mi24crd,categorical,"na, asked(-1)",-1,"na, asked",TRUE,
189,I,mi24crd,categorical,informal network should help(1),1,informal network should help,FALSE,
189,I,mi24crd,categorical,need for care is not serious enough(2),2,need for care is not serious enough,FALSE,
189,I,mi24crd,categorical,other(3),3,other,FALSE,
189,I,miothrd,categorical,"na, see IMIOTHG(-2)",-2,"na, see IMIOTHG",TRUE,
189,I,miothrd,categorical,"na, asked(-1)",-1,"na, asked",TRUE,
189,I,miothrd,categorical,informal network should help(1),1,informal network should help,FALSE,
189,I,miothrd,categorical,need for care is not serious enough(2),2,need for care is not serious enough,FALSE,
189,I,miothrd,categorical,other(3),3,other,FALSE,
189,I,miguim,numeric,"na, see IMIGUIA(-2)",-2,"na, see IMIGUIA",TRUE,
189,I,miguim,numeric,"na, asked(-1)",-1,"na, asked",TRUE,
189,I,midacm,numeric,"na, see IMIDACA(-2)",-2,"na, see IMIDACA",TRUE,
189,I,midacm,numeric,"na, asked(-1)",-1,"na, asked",TRUE,
189,I,mihham,numeric,"na, see IMIHHAA(-2)",-2,"na, see IMIHHAA",TRUE,
189,I,mihham,numeric,"na, asked(-1)",-1,"na, asked",TRUE,
189,I,mipcm,numeric,"na, see IMIPCA(-2)",-2,"na, see IMIPCA",TRUE,
189,I,mipcm,numeric,"na, asked(-1)",-1,"na, asked",TRUE,
189,I,minurm,numeric,"na, see IMINURA(-2)",-2,"na, see IMINURA",TRUE,
189,I,minurm,numeric,"na, asked(-1)",-1,"na, asked",TRUE,
189,I,mintcm,numeric,"na, see IMINTCA(-2)",-2,"na, see IMINTCA",TRUE,
189,I,mintcm,numeric,"na, asked(-1)",-1,"na, asked",TRUE,
189,I,misscd,numeric,"na, see IMISSCA(-2)",-2,"na, see IMISSCA",TRUE,
189,I,misscd,numeric,"na, asked(-1)",-1,"na, asked",TRUE,
189,I,mi24cm,numeric,"na, see IMI24CA(-2)",-2,"na, see IMI24CA",TRUE,
189,I,mi24cm,numeric,"na, asked(-1)",-1,"na, asked",TRUE,
189,I,miothm,numeric,"na, see IMIOTHA(-2)",-2,"na, see IMIOTHA",TRUE,
189,I,miothm,numeric,"na, asked(-1)",-1,"na, asked",TRUE,
189,I,mindnat,binary,section not done(-3),-3,section not done,TRUE,
189,I,mindnat,binary,"na, no contact about services(-2)",-2,"na, no contact about services",TRUE,
189,I,mindnat,binary,not mentioned(0),0,not mentioned,FALSE,
189,I,mindnat,binary,mentioned(1),1,mentioned,FALSE,
189,I,mindpgb,binary,section not done(-3),-3,section not done,TRUE,
189,I,mindpgb,binary,"na, no contact about services(-2)",-2,"na, no contact about services",TRUE,
189,I,mindpgb,binary,not mentioned(0),0,not mentioned,FALSE,
189,I,mindpgb,binary,mentioned(1),1,mentioned,FALSE,
189,I,mppgbpa,binary,"na, see IMINDPGB(-2)",-2,"na, see IMINDPGB",TRUE,
189,I,mppgbpa,binary,not mentioned(0),0,not mentioned,FALSE,
189,I,mppgbpa,binary,mentioned(1),1,mentioned,FALSE,
189,I,mppgbrc,binary,"na, see IMINDPGB(-2)",-2,"na, see IMINDPGB",TRUE,
189,I,mppgbrc,binary,not mentioned(0),0,not mentioned,FALSE,
189,I,mppgbrc,binary,mentioned(1),1,mentioned,FALSE,
189,I,mppgbro,binary,"na, see IMINDPGB(-2)",-2,"na, see IMINDPGB",TRUE,
189,I,mppgbro,binary,not mentioned(0),0,not mentioned,FALSE,
189,I,mppgbro,binary,mentioned(1),1,mentioned,FALSE,
189,I,mppgbfo,binary,"na, see IMINDPGB(-2)",-2,"na, see IMINDPGB",TRUE,
189,I,mppgbfo,binary,not mentioned(0),0,not mentioned,FALSE,
189,I,mppgbfo,binary,mentioned(1),1,mentioned,FALSE,
189,I,mppgbnf,binary,"na, see IMINDPGB(-2)",-2,"na, see IMINDPGB",TRUE,
189,I,mppgbnf,binary,not mentioned(0),0,not mentioned,FALSE,
189,I,mppgbnf,binary,mentioned(1),1,mentioned,FALSE,
189,I,mppgbvo,binary,"na, see IMINDPGB(-2)",-2,"na, see IMINDPGB",TRUE,
189,I,mppgbvo,binary,not mentioned(0),0,not mentioned,FALSE,
189,I,mppgbvo,binary,mentioned(1),1,mentioned,FALSE,
189,I,mppgbdn,binary,"na, see IMINDPGB(-2)",-2,"na, see IMINDPGB",TRUE,
189,I,mppgbdn,binary,not mentioned(0),0,not mentioned,FALSE,
189,I,mppgbdn,binary,mentioned(1),1,mentioned,FALSE,
189,I,mppgbpc,binary,"na, see IMINDPGB(-2)",-2,"na, see IMINDPGB",TRUE,
189,I,mppgbpc,binary,not mentioned(0),0,not mentioned,FALSE,
189,I,mppgbpc,binary,mentioned(1),1,mentioned,FALSE,
189,I,mppgbph,binary,"na, see IMINDPGB(-2)",-2,"na, see IMINDPGB",TRUE,
189,I,mppgbph,binary,not mentioned(0),0,not mentioned,FALSE,
189,I,mppgbph,binary,mentioned(1),1,mentioned,FALSE,
189,I,mppgbot,binary,"na, see IMINDPGB(-2)",-2,"na, see IMINDPGB",TRUE,
189,I,mppgbot,binary,not mentioned(0),0,not mentioned,FALSE,
189,I,mppgbot,binary,mentioned(1),1,mentioned,FALSE,
189,I,mpgbas,binary,"na, see IMINDPGB(-2)",-2,"na, see IMINDPGB",TRUE,
189,I,mpgbas,binary,not mentioned(0),0,not mentioned,FALSE,
189,I,mpgbas,binary,mentioned(1),1,mentioned,FALSE,
189,I,mpgbap,binary,"na, see IMINDPGB(-2)",-2,"na, see IMINDPGB",TRUE,
189,I,mpgbap,binary,not mentioned(0),0,not mentioned,FALSE,
189,I,mpgbap,binary,mentioned(1),1,mentioned,FALSE,
189,I,mpgbac,binary,"na, see IMINDPGB(-2)",-2,"na, see IMINDPGB",TRUE,
189,I,mpgbac,binary,not mentioned(0),0,not mentioned,FALSE,
189,I,mpgbac,binary,mentioned(1),1,mentioned,FALSE,
189,I,mpgbaph,binary,"na, see IMINDPGB(-2)",-2,"na, see IMINDPGB",TRUE,
189,I,mpgbaph,binary,not mentioned(0),0,not mentioned,FALSE,
189,I,mpgbaph,binary,mentioned(1),1,mentioned,FALSE,
189,I,mpgbao,binary,"na, see IMINDPGB(-2)",-2,"na, see IMINDPGB",TRUE,
189,I,mpgbao,binary,not mentioned(0),0,not mentioned,FALSE,
189,I,mpgbao,binary,mentioned(1),1,mentioned,FALSE,
189,J,mitraa,binary,section not done(-3),-3,section not done,TRUE,
189,J,mitraa,binary,"na, no contact about services(-2)",-2,"na, no contact about services",TRUE,
189,J,mitraa,binary,"na, asked(-1)",-1,"na, asked",TRUE,
189,J,mitraa,binary,no(1),1,no,FALSE,
189,J,mitraa,binary,yes(2),2,yes,FALSE,
189,J,mihada,binary,section not done(-3),-3,section not done,TRUE,
189,J,mihada,binary,"na, no contact about services(-2)",-2,"na, no contact about services",TRUE,
189,J,mihada,binary,"na, asked(-1)",-1,"na, asked",TRUE,
189,J,mihada,binary,no(1),1,no,FALSE,
189,J,mihada,binary,yes(2),2,yes,FALSE,
189,J,miguia,binary,section not done(-3),-3,section not done,TRUE,
189,J,miguia,binary,"na, no contact about services(-2)",-2,"na, no contact about services",TRUE,
189,J,miguia,binary,"na, asked(-1)",-1,"na, asked",TRUE,
189,J,miguia,binary,no(1),1,no,FALSE,
189,J,miguia,binary,yes(2),2,yes,FALSE,
189,J,midaca,binary,section not done(-3),-3,section not done,TRUE,
189,J,midaca,binary,"na, no contact about services(-2)",-2,"na, no contact about services",TRUE,
189,J,midaca,binary,"na, asked(-1)",-1,"na, asked",TRUE,
189,J,midaca,binary,no(1),1,no,FALSE,
189,J,midaca,binary,yes(2),2,yes,FALSE,
189,J,mihhaa,binary,section not done(-3),-3,section not done,TRUE,
189,J,mihhaa,binary,"na, no contact about services(-2)",-2,"na, no contact about services",TRUE,
189,J,mihhaa,binary,"na, asked(-1)",-1,"na, asked",TRUE,
189,J,mihhaa,binary,no(1),1,no,FALSE,
189,J,mihhaa,binary,yes(2),2,yes,FALSE,
189,J,mipca,binary,section not done(-3),-3,section not done,TRUE,
189,J,mipca,binary,"na, no contact about services(-2)",-2,"na, no contact about services",TRUE,
189,J,mipca,binary,"na, asked(-1)",-1,"na, asked",TRUE,
189,J,mipca,binary,no(1),1,no,FALSE,
189,J,mipca,binary,yes(2),2,yes,FALSE,
189,J,minura,binary,section not done(-3),-3,section not done,TRUE,
189,J,minura,binary,"na, no contact about services(-2)",-2,"na, no contact about services",TRUE,
189,J,minura,binary,"na, asked(-1)",-1,"na, asked",TRUE,
189,J,minura,binary,no(1),1,no,FALSE,
189,J,minura,binary,yes(2),2,yes,FALSE,
189,J,mintca,binary,section not done(-3),-3,section not done,TRUE,
189,J,mintca,binary,"na, no contact about services(-2)",-2,"na, no contact about services",TRUE,
189,J,mintca,binary,"na, asked(-1)",-1,"na, asked",TRUE,
189,J,mintca,binary,no(1),1,no,FALSE,
189,J,mintca,binary,yes(2),2,yes,FALSE,
189,J,missca,binary,section not done(-3),-3,section not done,TRUE,
189,J,missca,binary,"na, no contact about services(-2)",-2,"na, no contact about services",TRUE,
189,J,missca,binary,"na, asked(-1)",-1,"na, asked",TRUE,
189,J,missca,binary,no(1),1,no,FALSE,
189,J,missca,binary,yes(2),2,yes,FALSE,
189,J,mi24ca,binary,section not done(-3),-3,section not done,TRUE,
189,J,mi24ca,binary,"na, no contact about services(-2)",-2,"na, no contact about services",TRUE,
189,J,mi24ca,binary,"na, asked(-1)",-1,"na, asked",TRUE,
189,J,mi24ca,binary,no(1),1,no,FALSE,
189,J,mi24ca,binary,yes(2),2,yes,FALSE,
189,J,miotha,binary,section not done(-3),-3,section not done,TRUE,
189,J,miotha,binary,"na, no contact about services(-2)",-2,"na, no contact about services",TRUE,
189,J,miotha,binary,"na, asked(-1)",-1,"na, asked",TRUE,
189,J,miotha,binary,no(1),1,no,FALSE,
189,J,miotha,binary,yes(2),2,yes,FALSE,
189,J,mitrag,categorical,"na, see JMITRAA(-2)",-2,"na, see JMITRAA",TRUE,
189,J,mitrag,categorical,"na, asked(-1)",-1,"na, asked",TRUE,
189,J,mitrag,categorical,no(1),1,no,FALSE,
189,J,mitrag,categorical,yes(2),2,yes,FALSE,
189,J,mitrag,categorical,under consideration(3),3,under consideration,FALSE,
189,J,mitrag,categorical,withdrawn(4),4,withdrawn,FALSE,
189,J,mihadg,categorical,"na, see JMIHADA(-2)",-2,"na, see JMIHADA",TRUE,
189,J,mihadg,categorical,"na, asked(-1)",-1,"na, asked",TRUE,
189,J,mihadg,categorical,no(1),1,no,FALSE,
189,J,mihadg,categorical,yes(2),2,yes,FALSE,
189,J,mihadg,categorical,under consideration(3),3,under consideration,FALSE,
189,J,mihadg,categorical,withdrawn(4),4,withdrawn,FALSE,
189,J,miguig,categorical,"na, see JMIGUIA(-2)",-2,"na, see JMIGUIA",TRUE,
189,J,miguig,categorical,"na, asked(-1)",-1,"na, asked",TRUE,
189,J,miguig,categorical,no(1),1,no,FALSE,
189,J,miguig,categorical,yes(2),2,yes,FALSE,
189,J,miguig,categorical,under consideration(3),3,under consideration,FALSE,
189,J,miguig,categorical,withdrawn(4),4,withdrawn,FALSE,
189,J,midacg,categorical,"na, see JMIDACA(-2)",-2,"na, see JMIDACA",TRUE,
189,J,midacg,categorical,"na, asked(-1)",-1,"na, asked",TRUE,
189,J,midacg,categorical,no(1),1,no,FALSE,
189,J,midacg,categorical,yes(2),2,yes,FALSE,
189,J,midacg,categorical,under consideration(3),3,under consideration,FALSE,
189,J,midacg,categorical,withdrawn(4),4,withdrawn,FALSE,
189,J,mihhag,categorical,"na, see JMIHHAA(-2)",-2,"na, see JMIHHAA",TRUE,
189,J,mihhag,categorical,"na, asked(-1)",-1,"na, asked",TRUE,
189,J,mihhag,categorical,no(1),1,no,FALSE,
189,J,mihhag,categorical,yes(2),2,yes,FALSE,
189,J,mihhag,categorical,under consideration(3),3,under consideration,FALSE,
189,J,mihhag,categorical,withdrawn(4),4,withdrawn,FALSE,
189,J,mipcg,categorical,"na, see JMIPCA(-2)",-2,"na, see JMIPCA",TRUE,
189,J,mipcg,categorical,"na, asked(-1)",-1,"na, asked",TRUE,
189,J,mipcg,categorical,no(1),1,no,FALSE,
189,J,mipcg,categorical,yes(2),2,yes,FALSE,
189,J,mipcg,categorical,under consideration(3),3,under consideration,FALSE,
189,J,mipcg,categorical,withdrawn(4),4,withdrawn,FALSE,
189,J,minurg,categorical,"na, see JMINURA(-2)",-2,"na, see JMINURA",TRUE,
189,J,minurg,categorical,"na, asked(-1)",-1,"na, asked",TRUE,
189,J,minurg,categorical,no(1),1,no,FALSE,
189,J,minurg,categorical,yes(2),2,yes,FALSE,
189,J,minurg,categorical,under consideration(3),3,under consideration,FALSE,
189,J,minurg,categorical,withdrawn(4),4,withdrawn,FALSE,
189,J,mintcg,categorical,"na, see JMINTCA(-2)",-2,"na, see JMINTCA",TRUE,
189,J,mintcg,categorical,"na, asked(-1)",-1,"na, asked",TRUE,
189,J,mintcg,categorical,no(1),1,no,FALSE,
189,J,mintcg,categorical,yes(2),2,yes,FALSE,
189,J,mintcg,categorical,under consideration(3),3,under consideration,FALSE,
189,J,mintcg,categorical,withdrawn(4),4,withdrawn,FALSE,
189,J,misscg,categorical,"na, see JMISSCA(-2)",-2,"na, see JMISSCA",TRUE,
189,J,misscg,categorical,"na, asked(-1)",-1,"na, asked",TRUE,
189,J,misscg,categorical,no(1),1,no,FALSE,
189,J,misscg,categorical,yes(2),2,yes,FALSE,
189,J,misscg,categorical,under consideration(3),3,under consideration,FALSE,
189,J,misscg,categorical,withdrawn(4),4,withdrawn,FALSE,
189,J,mi24cg,categorical,"na, see JMI24CA(-2)",-2,"na, see JMI24CA",TRUE,
189,J,mi24cg,categorical,"na, asked(-1)",-1,"na, asked",TRUE,
189,J,mi24cg,categorical,no(1),1,no,FALSE,
189,J,mi24cg,categorical,yes(2),2,yes,FALSE,
189,J,mi24cg,categorical,under consideration(3),3,under consideration,FALSE,
189,J,mi24cg,categorical,withdrawn(4),4,withdrawn,FALSE,
189,J,miothg,categorical,"na, see JMIOTHA(-2)",-2,"na, see JMIOTHA",TRUE,
189,J,miothg,categorical,"na, asked(-1)",-1,"na, asked",TRUE,
189,J,miothg,categorical,no(1),1,no,FALSE,
189,J,miothg,categorical,yes(2),2,yes,FALSE,
189,J,miothg,categorical,under consideration(3),3,under consideration,FALSE,
189,J,miothg,categorical,withdrawn(4),4,withdrawn,FALSE,
189,J,mitrard,categorical,"na, see JMITRAG(-2)",-2,"na, see JMITRAG",TRUE,
189,J,mitrard,categorical,"na, asked(-1)",-1,"na, asked",TRUE,
189,J,mitrard,categorical,informal network should help(1),1,informal network should help,FALSE,
189,J,mitrard,categorical,need for care is not serious enough(2),2,need for care is not serious enough,FALSE,
189,J,mitrard,categorical,other(3),3,other,FALSE,
189,J,mihadrd,categorical,"na, see JMIHADG(-2)",-2,"na, see JMIHADG",TRUE,
189,J,mihadrd,categorical,"na, asked(-1)",-1,"na, asked",TRUE,
189,J,mihadrd,categorical,informal network should help(1),1,informal network should help,FALSE,
189,J,mihadrd,categorical,need for care is not serious enough(2),2,need for care is not serious enough,FALSE,
189,J,mihadrd,categorical,other(3),3,other,FALSE,
189,J,miguird,categorical,"na, see JMIGUIG(-2)",-2,"na, see JMIGUIG",TRUE,
189,J,miguird,categorical,"na, asked(-1)",-1,"na, asked",TRUE,
189,J,miguird,categorical,informal network should help(1),1,informal network should help,FALSE,
189,J,miguird,categorical,need for care is not serious enough(2),2,need for care is not serious enough,FALSE,
189,J,miguird,categorical,other(3),3,other,FALSE,
189,J,midacrd,categorical,"na, see JMIDACG(-2)",-2,"na, see JMIDACG",TRUE,
189,J,midacrd,categorical,"na, asked(-1)",-1,"na, asked",TRUE,
189,J,midacrd,categorical,informal network should help(1),1,informal network should help,FALSE,
189,J,midacrd,categorical,need for care is not serious enough(2),2,need for care is not serious enough,FALSE,
189,J,midacrd,categorical,other(3),3,other,FALSE,
189,J,mihhard,categorical,"na, see JMIHHAG(-2)",-2,"na, see JMIHHAG",TRUE,
189,J,mihhard,categorical,"na, asked(-1)",-1,"na, asked",TRUE,
189,J,mihhard,categorical,informal network should help(1),1,informal network should help,FALSE,
189,J,mihhard,categorical,need for care is not serious enough(2),2,need for care is not serious enough,FALSE,
189,J,mihhard,categorical,other(3),3,other,FALSE,
189,J,mipcrd,categorical,"na, see JMIPCG(-2)",-2,"na, see JMIPCG",TRUE,
189,J,mipcrd,categorical,"na, asked(-1)",-1,"na, asked",TRUE,
189,J,mipcrd,categorical,informal network should help(1),1,informal network should help,FALSE,
189,J,mipcrd,categorical,need for care is not serious enough(2),2,need for care is not serious enough,FALSE,
189,J,mipcrd,categorical,other(3),3,other,FALSE,
189,J,minurrd,categorical,"na, see JMINURG(-2)",-2,"na, see JMINURG",TRUE,
189,J,minurrd,categorical,"na, asked(-1)",-1,"na, asked",TRUE,
189,J,minurrd,categorical,informal network should help(1),1,informal network should help,FALSE,
189,J,minurrd,categorical,need for care is not serious enough(2),2,need for care is not serious enough,FALSE,
189,J,minurrd,categorical,other(3),3,other,FALSE,
189,J,mintcrd,categorical,"na, see JMINTCG(-2)",-2,"na, see JMINTCG",TRUE,
189,J,mintcrd,categorical,"na, asked(-1)",-1,"na, asked",TRUE,
189,J,mintcrd,categorical,informal network should help(1),1,informal network should help,FALSE,
189,J,mintcrd,categorical,need for care is not serious enough(2),2,need for care is not serious enough,FALSE,
189,J,mintcrd,categorical,other(3),3,other,FALSE,
189,J,misscrd,categorical,"na, see JMISSCG(-2)",-2,"na, see JMISSCG",TRUE,
189,J,misscrd,categorical,"na, asked(-1)",-1,"na, asked",TRUE,
189,J,misscrd,categorical,informal network should help(1),1,informal network should help,FALSE,
189,J,misscrd,categorical,need for care is not serious enough(2),2,need for care is not serious enough,FALSE,
189,J,misscrd,categorical,other(3),3,other,FALSE,
189,J,mi24crd,categorical,"na, see JMI24CG(-2)",-2,"na, see JMI24CG",TRUE,
189,J,mi24crd,categorical,"na, asked(-1)",-1,"na, asked",TRUE,
189,J,mi24crd,categorical,informal network should help(1),1,informal network should help,FALSE,
189,J,mi24crd,categorical,need for care is not serious enough(2),2,need for care is not serious enough,FALSE,
189,J,mi24crd,categorical,other(3),3,other,FALSE,
189,J,miothrd,categorical,"na, see JMIOTHG(-2)",-2,"na, see JMIOTHG",TRUE,
189,J,miothrd,categorical,"na, asked(-1)",-1,"na, asked",TRUE,
189,J,miothrd,categorical,informal network should help(1),1,informal network should help,FALSE,
189,J,miothrd,categorical,need for care is not serious enough(2),2,need for care is not serious enough,FALSE,
189,J,miothrd,categorical,other(3),3,other,FALSE,
189,J,mitrarw,categorical,"na, see JMITRAG(-2)",-2,"na, see JMITRAG",TRUE,
189,J,mitrarw,categorical,"na, asked(-1)",-1,"na, asked",TRUE,
189,J,mitrarw,categorical,informal network should help(1),1,informal network should help,FALSE,
189,J,mitrarw,categorical,need for care is not serious enough(2),2,need for care is not serious enough,FALSE,
189,J,mitrarw,categorical,other(3),3,other,FALSE,
189,J,mihadrw,categorical,"na, see JMIHADG(-2)",-2,"na, see JMIHADG",TRUE,
189,J,mihadrw,categorical,"na, asked(-1)",-1,"na, asked",TRUE,
189,J,mihadrw,categorical,informal network should help(1),1,informal network should help,FALSE,
189,J,mihadrw,categorical,need for care is not serious enough(2),2,need for care is not serious enough,FALSE,
189,J,mihadrw,categorical,other(3),3,other,FALSE,
189,J,miguirw,categorical,"na, see JMIGUIG(-2)",-2,"na, see JMIGUIG",TRUE,
189,J,miguirw,categorical,"na, asked(-1)",-1,"na, asked",TRUE,
189,J,miguirw,categorical,informal network should help(1),1,informal network should help,FALSE,
189,J,miguirw,categorical,need for care is not serious enough(2),2,need for care is not serious enough,FALSE,
189,J,miguirw,categorical,other(3),3,other,FALSE,
189,J,midacrw,categorical,"na, see JMIDACG(-2)",-2,"na, see JMIDACG",TRUE,
189,J,midacrw,categorical,"na, asked(-1)",-1,"na, asked",TRUE,
189,J,midacrw,categorical,informal network should help(1),1,informal network should help,FALSE,
189,J,midacrw,categorical,need for care is not serious enough(2),2,need for care is not serious enough,FALSE,
189,J,midacrw,categorical,other(3),3,other,FALSE,
189,J,mihharw,categorical,"na, see JMIHHAG(-2)",-2,"na, see JMIHHAG",TRUE,
189,J,mihharw,categorical,"na, asked(-1)",-1,"na, asked",TRUE,
189,J,mihharw,categorical,informal network should help(1),1,informal network should help,FALSE,
189,J,mihharw,categorical,need for care is not serious enough(2),2,need for care is not serious enough,FALSE,
189,J,mihharw,categorical,other(3),3,other,FALSE,
189,J,mipcrw,categorical,"na, see JMIPCG(-2)",-2,"na, see JMIPCG",TRUE,
189,J,mipcrw,categorical,"na, asked(-1)",-1,"na, asked",TRUE,
189,J,mipcrw,categorical,informal network should help(1),1,informal network should help,FALSE,
189,J,mipcrw,categorical,need for care is not serious enough(2),2,need for care is not serious enough,FALSE,
189,J,mipcrw,categorical,other(3),3,other,FALSE,
189,J,minurrw,categorical,"na, see JMINURG(-2)",-2,"na, see JMINURG",TRUE,
189,J,minurrw,categorical,"na, asked(-1)",-1,"na, asked",TRUE,
189,J,minurrw,categorical,informal network should help(1),1,informal network should help,FALSE,
189,J,minurrw,categorical,need for care is not serious enough(2),2,need for care is not serious enough,FALSE,
189,J,minurrw,categorical,other(3),3,other,FALSE,
189,J,mintcrw,categorical,"na, see JMINTCG(-2)",-2,"na, see JMINTCG",TRUE,
189,J,mintcrw,categorical,"na, asked(-1)",-1,"na, asked",TRUE,
189,J,mintcrw,categorical,informal network should help(1),1,informal network should help,FALSE,
189,J,mintcrw,categorical,need for care is not serious enough(2),2,need for care is not serious enough,FALSE,
189,J,mintcrw,categorical,other(3),3,other,FALSE,
189,J,misscrw,categorical,"na, see JMISSCG(-2)",-2,"na, see JMISSCG",TRUE,
189,J,misscrw,categorical,"na, asked(-1)",-1,"na, asked",TRUE,
189,J,misscrw,categorical,informal network should help(1),1,informal network should help,FALSE,
189,J,misscrw,categorical,need for care is not serious enough(2),2,need for care is not serious enough,FALSE,
189,J,misscrw,categorical,other(3),3,other,FALSE,
189,J,mi24crw,categorical,"na, see JMI24CG(-2)",-2,"na, see JMI24CG",TRUE,
189,J,mi24crw,categorical,"na, asked(-1)",-1,"na, asked",TRUE,
189,J,mi24crw,categorical,informal network should help(1),1,informal network should help,FALSE,
189,J,mi24crw,categorical,need for care is not serious enough(2),2,need for care is not serious enough,FALSE,
189,J,mi24crw,categorical,other(3),3,other,FALSE,
189,J,miothrw,categorical,"na, see JMIOTHG(-2)",-2,"na, see JMIOTHG",TRUE,
189,J,miothrw,categorical,"na, asked(-1)",-1,"na, asked",TRUE,
189,J,miothrw,categorical,informal network should help(1),1,informal network should help,FALSE,
189,J,miothrw,categorical,need for care is not serious enough(2),2,need for care is not serious enough,FALSE,
189,J,miothrw,categorical,other(3),3,other,FALSE,
189,J,miguih,numeric,"na, see JMIGUIA(-2)",-2,"na, see JMIGUIA",TRUE,
189,J,miguih,numeric,"na, asked(-1)",-1,"na, asked",TRUE,
189,J,midach,numeric,"na, see JMIDACA(-2)",-2,"na, see JMIDACA",TRUE,
189,J,midach,numeric,"na, asked(-1)",-1,"na, asked",TRUE,
189,J,mihhah,numeric,"na, see JMIHHAA(-2)",-2,"na, see JMIHHAA",TRUE,
189,J,mihhah,numeric,"na, asked(-1)",-1,"na, asked",TRUE,
189,J,mipch,numeric,"na, see JMIPCA(-2)",-2,"na, see JMIPCA",TRUE,
189,J,mipch,numeric,"na, asked(-1)",-1,"na, asked",TRUE,
189,J,minurh,numeric,"na, see JMINURA(-2)",-2,"na, see JMINURA",TRUE,
189,J,minurh,numeric,"na, asked(-1)",-1,"na, asked",TRUE,
189,J,miguim,numeric,"na, see JMIGUIA(-2)",-2,"na, see JMIGUIA",TRUE,
189,J,miguim,numeric,"na, asked(-1)",-1,"na, asked",TRUE,
189,J,midacm,numeric,"na, see JMIDACA(-2)",-2,"na, see JMIDACA",TRUE,
189,J,midacm,numeric,"na, asked(-1)",-1,"na, asked",TRUE,
189,J,mihham,numeric,"na, see JMIHHAA(-2)",-2,"na, see JMIHHAA",TRUE,
189,J,mihham,numeric,"na, asked(-1)",-1,"na, asked",TRUE,
189,J,mipcm,numeric,"na, see JMIPCA(-2)",-2,"na, see JMIPCA",TRUE,
189,J,mipcm,numeric,"na, asked(-1)",-1,"na, asked",TRUE,
189,J,minurm,numeric,"na, see JMINURA(-2)",-2,"na, see JMINURA",TRUE,
189,J,minurm,numeric,"na, asked(-1)",-1,"na, asked",TRUE,
189,J,mintch,numeric,"na, see JMINTCA(-2)",-2,"na, see JMINTCA",TRUE,
189,J,mintch,numeric,"na, asked(-1)",-1,"na, asked",TRUE,
189,J,mintcm,numeric,"na, see JMINTCA(-2)",-2,"na, see JMINTCA",TRUE,
189,J,mintcm,numeric,"na, asked(-1)",-1,"na, asked",TRUE,
189,J,misscd,numeric,"na, see JMISSCA(-2)",-2,"na, see JMISSCA",TRUE,
189,J,misscd,numeric,"na, asked(-1)",-1,"na, asked",TRUE,
189,J,mi24ch,numeric,"na, see JMI24CA(-2)",-2,"na, see JMI24CA",TRUE,
189,J,mi24ch,numeric,"na, asked(-1)",-1,"na, asked",TRUE,
189,J,mi24cm,numeric,"na, see JMI24CA(-2)",-2,"na, see JMI24CA",TRUE,
189,J,mi24cm,numeric,"na, asked(-1)",-1,"na, asked",TRUE,
189,J,miothh,numeric,"na, see JMIOTHA(-2)",-2,"na, see JMIOTHA",TRUE,
189,J,miothh,numeric,"na, asked(-1)",-1,"na, asked",TRUE,
189,J,miothm,numeric,"na, see JMIOTHA(-2)",-2,"na, see JMIOTHA",TRUE,
189,J,miothm,numeric,"na, asked(-1)",-1,"na, asked",TRUE,
189,J,mindtype,categorical,section not done(-3),-3,section not done,TRUE,
189,J,mindtype,categorical,"na, no contact about services(-2)",-2,"na, no contact about services",TRUE,
189,J,mindtype,categorical,"na, asked(-1)",-1,"na, asked",TRUE,
189,J,mindtype,categorical,in kind(1),1,in kind,FALSE,
189,J,mindtype,categorical,Personal budget (PGB)(2),2,Personal budget (PGB),FALSE,
189,J,mindtype,categorical,both(3),3,both,FALSE,
189,J,mppgbpa,binary,"na, see J/KMINDTYPE(-2)",-2,"na, see J/KMINDTYPE",TRUE,
189,J,mppgbpa,binary,not mentioned(0),0,not mentioned,FALSE,
189,J,mppgbpa,binary,mentioned(1),1,mentioned,FALSE,
189,J,mppgbrc,binary,"na, see J/KMINDTYPE(-2)",-2,"na, see J/KMINDTYPE",TRUE,
189,J,mppgbrc,binary,not mentioned(0),0,not mentioned,FALSE,
189,J,mppgbrc,binary,mentioned(1),1,mentioned,FALSE,
189,J,mppgbro,binary,"na, see J/KMINDTYPE(-2)",-2,"na, see J/KMINDTYPE",TRUE,
189,J,mppgbro,binary,not mentioned(0),0,not mentioned,FALSE,
189,J,mppgbro,binary,mentioned(1),1,mentioned,FALSE,
189,J,mppgbfo,binary,"na, see J/KMINDTYPE(-2)",-2,"na, see J/KMINDTYPE",TRUE,
189,J,mppgbfo,binary,not mentioned(0),0,not mentioned,FALSE,
189,J,mppgbfo,binary,mentioned(1),1,mentioned,FALSE,
189,J,mppgbnf,binary,"na, see J/KMINDTYPE(-2)",-2,"na, see J/KMINDTYPE",TRUE,
189,J,mppgbnf,binary,not mentioned(0),0,not mentioned,FALSE,
189,J,mppgbnf,binary,mentioned(1),1,mentioned,FALSE,
189,J,mppgbvo,binary,"na, see J/KMINDTYPE(-2)",-2,"na, see J/KMINDTYPE",TRUE,
189,J,mppgbvo,binary,not mentioned(0),0,not mentioned,FALSE,
189,J,mppgbvo,binary,mentioned(1),1,mentioned,FALSE,
189,J,mppgbdn,binary,"na, see J/KMINDTYPE(-2)",-2,"na, see J/KMINDTYPE",TRUE,
189,J,mppgbdn,binary,not mentioned(0),0,not mentioned,FALSE,
189,J,mppgbdn,binary,mentioned(1),1,mentioned,FALSE,
189,J,mppgbpc,binary,"na, see J/KMINDTYPE(-2)",-2,"na, see J/KMINDTYPE",TRUE,
189,J,mppgbpc,binary,not mentioned(0),0,not mentioned,FALSE,
189,J,mppgbpc,binary,mentioned(1),1,mentioned,FALSE,
189,J,mppgbph,binary,"na, see J/KMINDTYPE(-2)",-2,"na, see J/KMINDTYPE",TRUE,
189,J,mppgbph,binary,not mentioned(0),0,not mentioned,FALSE,
189,J,mppgbph,binary,mentioned(1),1,mentioned,FALSE,
189,J,mppgbot,binary,"na, see J/KMINDTYPE(-2)",-2,"na, see J/KMINDTYPE",TRUE,
189,J,mppgbot,binary,not mentioned(0),0,not mentioned,FALSE,
189,J,mppgbot,binary,mentioned(1),1,mentioned,FALSE,
189,J,mpgbas,binary,"na, see J/KMINDTYPE(-2)",-2,"na, see J/KMINDTYPE",TRUE,
189,J,mpgbas,binary,not mentioned(0),0,not mentioned,FALSE,
189,J,mpgbas,binary,mentioned(1),1,mentioned,FALSE,
189,J,mpgbap,binary,"na, see J/KMINDTYPE(-2)",-2,"na, see J/KMINDTYPE",TRUE,
189,J,mpgbap,binary,not mentioned(0),0,not mentioned,FALSE,
189,J,mpgbap,binary,mentioned(1),1,mentioned,FALSE,
189,J,mpgbac,binary,"na, see J/KMINDTYPE(-2)",-2,"na, see J/KMINDTYPE",TRUE,
189,J,mpgbac,binary,not mentioned(0),0,not mentioned,FALSE,
189,J,mpgbac,binary,mentioned(1),1,mentioned,FALSE,
189,J,mpgbaph,binary,"na, see J/KMINDTYPE(-2)",-2,"na, see J/KMINDTYPE",TRUE,
189,J,mpgbaph,binary,not mentioned(0),0,not mentioned,FALSE,
189,J,mpgbaph,binary,mentioned(1),1,mentioned,FALSE,
189,J,mpgbao,binary,"na, see J/KMINDTYPE(-2)",-2,"na, see J/KMINDTYPE",TRUE,
189,J,mpgbao,binary,not mentioned(0),0,not mentioned,FALSE,
189,J,mpgbao,binary,mentioned(1),1,mentioned,FALSE,
189,K,mitraa,binary,section not done(-3),-3,section not done,TRUE,
189,K,mitraa,binary,"na, no contact about services(-2)",-2,"na, no contact about services",TRUE,
189,K,mitraa,binary,"na, asked(-1)",-1,"na, asked",TRUE,
189,K,mitraa,binary,no(1),1,no,FALSE,
189,K,mitraa,binary,yes(2),2,yes,FALSE,
189,K,mihada,binary,section not done(-3),-3,section not done,TRUE,
189,K,mihada,binary,"na, no contact about services(-2)",-2,"na, no contact about services",TRUE,
189,K,mihada,binary,"na, asked(-1)",-1,"na, asked",TRUE,
189,K,mihada,binary,no(1),1,no,FALSE,
189,K,mihada,binary,yes(2),2,yes,FALSE,
189,K,miguia,binary,section not done(-3),-3,section not done,TRUE,
189,K,miguia,binary,"na, no contact about services(-2)",-2,"na, no contact about services",TRUE,
189,K,miguia,binary,"na, asked(-1)",-1,"na, asked",TRUE,
189,K,miguia,binary,no(1),1,no,FALSE,
189,K,miguia,binary,yes(2),2,yes,FALSE,
189,K,midaca,binary,section not done(-3),-3,section not done,TRUE,
189,K,midaca,binary,"na, no contact about services(-2)",-2,"na, no contact about services",TRUE,
189,K,midaca,binary,"na, asked(-1)",-1,"na, asked",TRUE,
189,K,midaca,binary,no(1),1,no,FALSE,
189,K,midaca,binary,yes(2),2,yes,FALSE,
189,K,mihhaa,binary,section not done(-3),-3,section not done,TRUE,
189,K,mihhaa,binary,"na, no contact about services(-2)",-2,"na, no contact about services",TRUE,
189,K,mihhaa,binary,"na, asked(-1)",-1,"na, asked",TRUE,
189,K,mihhaa,binary,no(1),1,no,FALSE,
189,K,mihhaa,binary,yes(2),2,yes,FALSE,
189,K,mipca,binary,section not done(-3),-3,section not done,TRUE,
189,K,mipca,binary,"na, no contact about services(-2)",-2,"na, no contact about services",TRUE,
189,K,mipca,binary,"na, asked(-1)",-1,"na, asked",TRUE,
189,K,mipca,binary,no(1),1,no,FALSE,
189,K,mipca,binary,yes(2),2,yes,FALSE,
189,K,minura,binary,section not done(-3),-3,section not done,TRUE,
189,K,minura,binary,"na, no contact about services(-2)",-2,"na, no contact about services",TRUE,
189,K,minura,binary,"na, asked(-1)",-1,"na, asked",TRUE,
189,K,minura,binary,no(1),1,no,FALSE,
189,K,minura,binary,yes(2),2,yes,FALSE,
189,K,mintca,binary,section not done(-3),-3,section not done,TRUE,
189,K,mintca,binary,"na, no contact about services(-2)",-2,"na, no contact about services",TRUE,
189,K,mintca,binary,"na, asked(-1)",-1,"na, asked",TRUE,
189,K,mintca,binary,no(1),1,no,FALSE,
189,K,mintca,binary,yes(2),2,yes,FALSE,
189,K,missca,binary,section not done(-3),-3,section not done,TRUE,
189,K,missca,binary,"na, no contact about services(-2)",-2,"na, no contact about services",TRUE,
189,K,missca,binary,"na, asked(-1)",-1,"na, asked",TRUE,
189,K,missca,binary,no(1),1,no,FALSE,
189,K,missca,binary,yes(2),2,yes,FALSE,
189,K,mi24ca,binary,section not done(-3),-3,section not done,TRUE,
189,K,mi24ca,binary,"na, no contact about services(-2)",-2,"na, no contact about services",TRUE,
189,K,mi24ca,binary,"na, asked(-1)",-1,"na, asked",TRUE,
189,K,mi24ca,binary,no(1),1,no,FALSE,
189,K,mi24ca,binary,yes(2),2,yes,FALSE,
189,K,miotha,binary,section not done(-3),-3,section not done,TRUE,
189,K,miotha,binary,"na, no contact about services(-2)",-2,"na, no contact about services",TRUE,
189,K,miotha,binary,"na, asked(-1)",-1,"na, asked",TRUE,
189,K,miotha,binary,no(1),1,no,FALSE,
189,K,miotha,binary,yes(2),2,yes,FALSE,
189,K,mitrag,categorical,"na, see KMITRAA(-2)",-2,"na, see KMITRAA",TRUE,
189,K,mitrag,categorical,"na, asked(-1)",-1,"na, asked",TRUE,
189,K,mitrag,categorical,no(1),1,no,FALSE,
189,K,mitrag,categorical,yes(2),2,yes,FALSE,
189,K,mitrag,categorical,under consideration(3),3,under consideration,FALSE,
189,K,mitrag,categorical,withdrawn(4),4,withdrawn,FALSE,
189,K,mihadg,categorical,"na, see KMIHADA(-2)",-2,"na, see KMIHADA",TRUE,
189,K,mihadg,categorical,"na, asked(-1)",-1,"na, asked",TRUE,
189,K,mihadg,categorical,no(1),1,no,FALSE,
189,K,mihadg,categorical,yes(2),2,yes,FALSE,
189,K,mihadg,categorical,under consideration(3),3,under consideration,FALSE,
189,K,mihadg,categorical,withdrawn(4),4,withdrawn,FALSE,
189,K,miguig,categorical,"na, see KMIGUIA(-2)",-2,"na, see KMIGUIA",TRUE,
189,K,miguig,categorical,"na, asked(-1)",-1,"na, asked",TRUE,
189,K,miguig,categorical,no(1),1,no,FALSE,
189,K,miguig,categorical,yes(2),2,yes,FALSE,
189,K,miguig,categorical,under consideration(3),3,under consideration,FALSE,
189,K,miguig,categorical,withdrawn(4),4,withdrawn,FALSE,
189,K,midacg,categorical,"na, see KMIDACA(-2)",-2,"na, see KMIDACA",TRUE,
189,K,midacg,categorical,"na, asked(-1)",-1,"na, asked",TRUE,
189,K,midacg,categorical,no(1),1,no,FALSE,
189,K,midacg,categorical,yes(2),2,yes,FALSE,
189,K,midacg,categorical,under consideration(3),3,under consideration,FALSE,
189,K,midacg,categorical,withdrawn(4),4,withdrawn,FALSE,
189,K,mihhag,categorical,"na, see KMIHHAA(-2)",-2,"na, see KMIHHAA",TRUE,
189,K,mihhag,categorical,"na, asked(-1)",-1,"na, asked",TRUE,
189,K,mihhag,categorical,no(1),1,no,FALSE,
189,K,mihhag,categorical,yes(2),2,yes,FALSE,
189,K,mihhag,categorical,under consideration(3),3,under consideration,FALSE,
189,K,mihhag,categorical,withdrawn(4),4,withdrawn,FALSE,
189,K,mipcg,categorical,"na, see KMIPCA(-2)",-2,"na, see KMIPCA",TRUE,
189,K,mipcg,categorical,"na, asked(-1)",-1,"na, asked",TRUE,
189,K,mipcg,categorical,no(1),1,no,FALSE,
189,K,mipcg,categorical,yes(2),2,yes,FALSE,
189,K,mipcg,categorical,under consideration(3),3,under consideration,FALSE,
189,K,mipcg,categorical,withdrawn(4),4,withdrawn,FALSE,
189,K,minurg,categorical,"na, see KMINURA(-2)",-2,"na, see KMINURA",TRUE,
189,K,minurg,categorical,"na, asked(-1)",-1,"na, asked",TRUE,
189,K,minurg,categorical,no(1),1,no,FALSE,
189,K,minurg,categorical,yes(2),2,yes,FALSE,
189,K,minurg,categorical,under consideration(3),3,under consideration,FALSE,
189,K,minurg,categorical,withdrawn(4),4,withdrawn,FALSE,
189,K,mintcg,categorical,"na, see KMINTCA(-2)",-2,"na, see KMINTCA",TRUE,
189,K,mintcg,categorical,"na, asked(-1)",-1,"na, asked",TRUE,
189,K,mintcg,categorical,no(1),1,no,FALSE,
189,K,mintcg,categorical,yes(2),2,yes,FALSE,
189,K,mintcg,categorical,under consideration(3),3,under consideration,FALSE,
189,K,mintcg,categorical,withdrawn(4),4,withdrawn,FALSE,
189,K,misscg,categorical,"na, see KMISSCA(-2)",-2,"na, see KMISSCA",TRUE,
189,K,misscg,categorical,"na, asked(-1)",-1,"na, asked",TRUE,
189,K,misscg,categorical,no(1),1,no,FALSE,
189,K,misscg,categorical,yes(2),2,yes,FALSE,
189,K,misscg,categorical,under consideration(3),3,under consideration,FALSE,
189,K,misscg,categorical,withdrawn(4),4,withdrawn,FALSE,
189,K,mi24cg,categorical,"na, see KMI24CA(-2)",-2,"na, see KMI24CA",TRUE,
189,K,mi24cg,categorical,"na, asked(-1)",-1,"na, asked",TRUE,
189,K,mi24cg,categorical,no(1),1,no,FALSE,
189,K,mi24cg,categorical,yes(2),2,yes,FALSE,
189,K,mi24cg,categorical,under consideration(3),3,under consideration,FALSE,
189,K,mi24cg,categorical,withdrawn(4),4,withdrawn,FALSE,
189,K,miothg,categorical,"na, see KMIOTHA(-2)",-2,"na, see KMIOTHA",TRUE,
189,K,miothg,categorical,"na, asked(-1)",-1,"na, asked",TRUE,
189,K,miothg,categorical,no(1),1,no,FALSE,
189,K,miothg,categorical,yes(2),2,yes,FALSE,
189,K,miothg,categorical,under consideration(3),3,under consideration,FALSE,
189,K,miothg,categorical,withdrawn(4),4,withdrawn,FALSE,
189,K,mitrard,categorical,"na, see KMITRAG(-2)",-2,"na, see KMITRAG",TRUE,
189,K,mitrard,categorical,"na, asked(-1)",-1,"na, asked",TRUE,
189,K,mitrard,categorical,informal network should help(1),1,informal network should help,FALSE,
189,K,mitrard,categorical,need for care is not serious enough(2),2,need for care is not serious enough,FALSE,
189,K,mitrard,categorical,other(3),3,other,FALSE,
189,K,mihadrd,categorical,"na, see KMIHADG(-2)",-2,"na, see KMIHADG",TRUE,
189,K,mihadrd,categorical,"na, asked(-1)",-1,"na, asked",TRUE,
189,K,mihadrd,categorical,informal network should help(1),1,informal network should help,FALSE,
189,K,mihadrd,categorical,need for care is not serious enough(2),2,need for care is not serious enough,FALSE,
189,K,mihadrd,categorical,other(3),3,other,FALSE,
189,K,miguird,categorical,"na, see KMIGUIG(-2)",-2,"na, see KMIGUIG",TRUE,
189,K,miguird,categorical,"na, asked(-1)",-1,"na, asked",TRUE,
189,K,miguird,categorical,informal network should help(1),1,informal network should help,FALSE,
189,K,miguird,categorical,need for care is not serious enough(2),2,need for care is not serious enough,FALSE,
189,K,miguird,categorical,other(3),3,other,FALSE,
189,K,midacrd,categorical,"na, see KMIDACG(-2)",-2,"na, see KMIDACG",TRUE,
189,K,midacrd,categorical,"na, asked(-1)",-1,"na, asked",TRUE,
189,K,midacrd,categorical,informal network should help(1),1,informal network should help,FALSE,
189,K,midacrd,categorical,need for care is not serious enough(2),2,need for care is not serious enough,FALSE,
189,K,midacrd,categorical,other(3),3,other,FALSE,
189,K,mihhard,categorical,"na, see KMIHHAG(-2)",-2,"na, see KMIHHAG",TRUE,
189,K,mihhard,categorical,"na, asked(-1)",-1,"na, asked",TRUE,
189,K,mihhard,categorical,informal network should help(1),1,informal network should help,FALSE,
189,K,mihhard,categorical,need for care is not serious enough(2),2,need for care is not serious enough,FALSE,
189,K,mihhard,categorical,other(3),3,other,FALSE,
189,K,mipcrd,categorical,"na, see KMIPCG(-2)",-2,"na, see KMIPCG",TRUE,
189,K,mipcrd,categorical,"na, asked(-1)",-1,"na, asked",TRUE,
189,K,mipcrd,categorical,informal network should help(1),1,informal network should help,FALSE,
189,K,mipcrd,categorical,need for care is not serious enough(2),2,need for care is not serious enough,FALSE,
189,K,mipcrd,categorical,other(3),3,other,FALSE,
189,K,minurrd,categorical,"na, see KMINURG(-2)",-2,"na, see KMINURG",TRUE,
189,K,minurrd,categorical,"na, asked(-1)",-1,"na, asked",TRUE,
189,K,minurrd,categorical,informal network should help(1),1,informal network should help,FALSE,
189,K,minurrd,categorical,need for care is not serious enough(2),2,need for care is not serious enough,FALSE,
189,K,minurrd,categorical,other(3),3,other,FALSE,
189,K,mintcrd,categorical,"na, see KMINTCG(-2)",-2,"na, see KMINTCG",TRUE,
189,K,mintcrd,categorical,"na, asked(-1)",-1,"na, asked",TRUE,
189,K,mintcrd,categorical,informal network should help(1),1,informal network should help,FALSE,
189,K,mintcrd,categorical,need for care is not serious enough(2),2,need for care is not serious enough,FALSE,
189,K,mintcrd,categorical,other(3),3,other,FALSE,
189,K,misscrd,categorical,"na, see KMISSCG(-2)",-2,"na, see KMISSCG",TRUE,
189,K,misscrd,categorical,"na, asked(-1)",-1,"na, asked",TRUE,
189,K,misscrd,categorical,informal network should help(1),1,informal network should help,FALSE,
189,K,misscrd,categorical,need for care is not serious enough(2),2,need for care is not serious enough,FALSE,
189,K,misscrd,categorical,other(3),3,other,FALSE,
189,K,mi24crd,categorical,"na, see KMI24CG(-2)",-2,"na, see KMI24CG",TRUE,
189,K,mi24crd,categorical,"na, asked(-1)",-1,"na, asked",TRUE,
189,K,mi24crd,categorical,informal network should help(1),1,informal network should help,FALSE,
189,K,mi24crd,categorical,need for care is not serious enough(2),2,need for care is not serious enough,FALSE,
189,K,mi24crd,categorical,other(3),3,other,FALSE,
189,K,miothrd,categorical,"na, see KMIOTHG(-2)",-2,"na, see KMIOTHG",TRUE,
189,K,miothrd,categorical,"na, asked(-1)",-1,"na, asked",TRUE,
189,K,miothrd,categorical,informal network should help(1),1,informal network should help,FALSE,
189,K,miothrd,categorical,need for care is not serious enough(2),2,need for care is not serious enough,FALSE,
189,K,miothrd,categorical,other(3),3,other,FALSE,
189,K,mitrarw,categorical,"na, see KMITRAG(-2)",-2,"na, see KMITRAG",TRUE,
189,K,mitrarw,categorical,"na, asked(-1)",-1,"na, asked",TRUE,
189,K,mitrarw,categorical,informal network should help(1),1,informal network should help,FALSE,
189,K,mitrarw,categorical,need for care is not serious enough(2),2,need for care is not serious enough,FALSE,
189,K,mitrarw,categorical,other(3),3,other,FALSE,
189,K,mihadrw,categorical,"na, see KMIHADG(-2)",-2,"na, see KMIHADG",TRUE,
189,K,mihadrw,categorical,"na, asked(-1)",-1,"na, asked",TRUE,
189,K,mihadrw,categorical,informal network should help(1),1,informal network should help,FALSE,
189,K,mihadrw,categorical,need for care is not serious enough(2),2,need for care is not serious enough,FALSE,
189,K,mihadrw,categorical,other(3),3,other,FALSE,
189,K,miguirw,categorical,"na, see KMIGUIG(-2)",-2,"na, see KMIGUIG",TRUE,
189,K,miguirw,categorical,"na, asked(-1)",-1,"na, asked",TRUE,
189,K,miguirw,categorical,informal network should help(1),1,informal network should help,FALSE,
189,K,miguirw,categorical,need for care is not serious enough(2),2,need for care is not serious enough,FALSE,
189,K,miguirw,categorical,other(3),3,other,FALSE,
189,K,midacrw,categorical,"na, see KMIDACG(-2)",-2,"na, see KMIDACG",TRUE,
189,K,midacrw,categorical,"na, asked(-1)",-1,"na, asked",TRUE,
189,K,midacrw,categorical,informal network should help(1),1,informal network should help,FALSE,
189,K,midacrw,categorical,need for care is not serious enough(2),2,need for care is not serious enough,FALSE,
189,K,midacrw,categorical,other(3),3,other,FALSE,
189,K,mihharw,categorical,"na, see KMIHHAG(-2)",-2,"na, see KMIHHAG",TRUE,
189,K,mihharw,categorical,"na, asked(-1)",-1,"na, asked",TRUE,
189,K,mihharw,categorical,informal network should help(1),1,informal network should help,FALSE,
189,K,mihharw,categorical,need for care is not serious enough(2),2,need for care is not serious enough,FALSE,
189,K,mihharw,categorical,other(3),3,other,FALSE,
189,K,mipcrw,categorical,"na, see KMIPCG(-2)",-2,"na, see KMIPCG",TRUE,
189,K,mipcrw,categorical,"na, asked(-1)",-1,"na, asked",TRUE,
189,K,mipcrw,categorical,informal network should help(1),1,informal network should help,FALSE,
189,K,mipcrw,categorical,need for care is not serious enough(2),2,need for care is not serious enough,FALSE,
189,K,mipcrw,categorical,other(3),3,other,FALSE,
189,K,minurrw,categorical,"na, see KMINURG(-2)",-2,"na, see KMINURG",TRUE,
189,K,minurrw,categorical,"na, asked(-1)",-1,"na, asked",TRUE,
189,K,minurrw,categorical,informal network should help(1),1,informal network should help,FALSE,
189,K,minurrw,categorical,need for care is not serious enough(2),2,need for care is not serious enough,FALSE,
189,K,minurrw,categorical,other(3),3,other,FALSE,
189,K,mintcrw,categorical,"na, see KMINTCG(-2)",-2,"na, see KMINTCG",TRUE,
189,K,mintcrw,categorical,"na, asked(-1)",-1,"na, asked",TRUE,
189,K,mintcrw,categorical,informal network should help(1),1,informal network should help,FALSE,
189,K,mintcrw,categorical,need for care is not serious enough(2),2,need for care is not serious enough,FALSE,
189,K,mintcrw,categorical,other(3),3,other,FALSE,
189,K,misscrw,categorical,"na, see KMISSCG(-2)",-2,"na, see KMISSCG",TRUE,
189,K,misscrw,categorical,"na, asked(-1)",-1,"na, asked",TRUE,
189,K,misscrw,categorical,informal network should help(1),1,informal network should help,FALSE,
189,K,misscrw,categorical,need for care is not serious enough(2),2,need for care is not serious enough,FALSE,
189,K,misscrw,categorical,other(3),3,other,FALSE,
189,K,mi24crw,categorical,"na, see KMI24CG(-2)",-2,"na, see KMI24CG",TRUE,
189,K,mi24crw,categorical,"na, asked(-1)",-1,"na, asked",TRUE,
189,K,mi24crw,categorical,informal network should help(1),1,informal network should help,FALSE,
189,K,mi24crw,categorical,need for care is not serious enough(2),2,need for care is not serious enough,FALSE,
189,K,mi24crw,categorical,other(3),3,other,FALSE,
189,K,miothrw,categorical,"na, see KMIOTHG(-2)",-2,"na, see KMIOTHG",TRUE,
189,K,miothrw,categorical,"na, asked(-1)",-1,"na, asked",TRUE,
189,K,miothrw,categorical,informal network should help(1),1,informal network should help,FALSE,
189,K,miothrw,categorical,need for care is not serious enough(2),2,need for care is not serious enough,FALSE,
189,K,miothrw,categorical,other(3),3,other,FALSE,
189,K,miguih,numeric,"na, see KMIGUIA(-2)",-2,"na, see KMIGUIA",TRUE,
189,K,miguih,numeric,"na, asked(-1)",-1,"na, asked",TRUE,
189,K,midach,numeric,"na, see KMIDACA(-2)",-2,"na, see KMIDACA",TRUE,
189,K,midach,numeric,"na, asked(-1)",-1,"na, asked",TRUE,
189,K,mihhah,numeric,"na, see KMIHHAA(-2)",-2,"na, see KMIHHAA",TRUE,
189,K,mihhah,numeric,"na, asked(-1)",-1,"na, asked",TRUE,
189,K,mipch,numeric,"na, see KMIPCA(-2)",-2,"na, see KMIPCA",TRUE,
189,K,mipch,numeric,"na, asked(-1)",-1,"na, asked",TRUE,
189,K,minurh,numeric,"na, see KMINURA(-2)",-2,"na, see KMINURA",TRUE,
189,K,minurh,numeric,"na, asked(-1)",-1,"na, asked",TRUE,
189,K,miguim,numeric,"na, see KMIGUIA(-2)",-2,"na, see KMIGUIA",TRUE,
189,K,miguim,numeric,"na, asked(-1)",-1,"na, asked",TRUE,
189,K,midacm,numeric,"na, see KMIDACA(-2)",-2,"na, see KMIDACA",TRUE,
189,K,midacm,numeric,"na, asked(-1)",-1,"na, asked",TRUE,
189,K,mihham,numeric,"na, see KMIHHAA(-2)",-2,"na, see KMIHHAA",TRUE,
189,K,mihham,numeric,"na, asked(-1)",-1,"na, asked",TRUE,
189,K,mipcm,numeric,"na, see KMIPCA(-2)",-2,"na, see KMIPCA",TRUE,
189,K,mipcm,numeric,"na, asked(-1)",-1,"na, asked",TRUE,
189,K,minurm,numeric,"na, see KMINURA(-2)",-2,"na, see KMINURA",TRUE,
189,K,minurm,numeric,"na, asked(-1)",-1,"na, asked",TRUE,
189,K,mintcn,numeric,"na, see KMINTCA(-2)",-2,"na, see KMINTCA",TRUE,
189,K,mintcn,numeric,"na, asked(-1)",-1,"na, asked",TRUE,
189,K,mintcc,string,,,,,
189,K,misshd,numeric,"na, see KMISSCA(-2)",-2,"na, see KMISSCA",TRUE,
189,K,misshd,numeric,"na, asked(-1)",-1,"na, asked",TRUE,
189,K,missn,numeric,"na, see KMISSCA(-2)",-2,"na, see KMISSCA",TRUE,
189,K,missn,numeric,"na, asked(-1)",-1,"na, asked",TRUE,
189,K,mindtype,categorical,section not done(-3),-3,section not done,TRUE,
189,K,mindtype,categorical,"na, no contact about services(-2)",-2,"na, no contact about services",TRUE,
189,K,mindtype,categorical,"na, asked(-1)",-1,"na, asked",TRUE,
189,K,mindtype,categorical,in kind(1),1,in kind,FALSE,
189,K,mindtype,categorical,Personal budget (PGB)(2),2,Personal budget (PGB),FALSE,
189,K,mindtype,categorical,both(3),3,both,FALSE,
189,K,mppgbpa,binary,"na, see J/KMINDTYPE(-2)",-2,"na, see J/KMINDTYPE",TRUE,
189,K,mppgbpa,binary,not mentioned(0),0,not mentioned,FALSE,
189,K,mppgbpa,binary,mentioned(1),1,mentioned,FALSE,
189,K,mppgbrc,binary,"na, see J/KMINDTYPE(-2)",-2,"na, see J/KMINDTYPE",TRUE,
189,K,mppgbrc,binary,not mentioned(0),0,not mentioned,FALSE,
189,K,mppgbrc,binary,mentioned(1),1,mentioned,FALSE,
189,K,mppgbro,binary,"na, see J/KMINDTYPE(-2)",-2,"na, see J/KMINDTYPE",TRUE,
189,K,mppgbro,binary,not mentioned(0),0,not mentioned,FALSE,
189,K,mppgbro,binary,mentioned(1),1,mentioned,FALSE,
189,K,mppgbfo,binary,"na, see J/KMINDTYPE(-2)",-2,"na, see J/KMINDTYPE",TRUE,
189,K,mppgbfo,binary,not mentioned(0),0,not mentioned,FALSE,
189,K,mppgbfo,binary,mentioned(1),1,mentioned,FALSE,
189,K,mppgbnf,binary,"na, see J/KMINDTYPE(-2)",-2,"na, see J/KMINDTYPE",TRUE,
189,K,mppgbnf,binary,not mentioned(0),0,not mentioned,FALSE,
189,K,mppgbnf,binary,mentioned(1),1,mentioned,FALSE,
189,K,mppgbvo,binary,"na, see J/KMINDTYPE(-2)",-2,"na, see J/KMINDTYPE",TRUE,
189,K,mppgbvo,binary,not mentioned(0),0,not mentioned,FALSE,
189,K,mppgbvo,binary,mentioned(1),1,mentioned,FALSE,
189,K,mppgbdn,binary,"na, see J/KMINDTYPE(-2)",-2,"na, see J/KMINDTYPE",TRUE,
189,K,mppgbdn,binary,not mentioned(0),0,not mentioned,FALSE,
189,K,mppgbdn,binary,mentioned(1),1,mentioned,FALSE,
189,K,mppgbpc,binary,"na, see J/KMINDTYPE(-2)",-2,"na, see J/KMINDTYPE",TRUE,
189,K,mppgbpc,binary,not mentioned(0),0,not mentioned,FALSE,
189,K,mppgbpc,binary,mentioned(1),1,mentioned,FALSE,
189,K,mppgbph,binary,"na, see J/KMINDTYPE(-2)",-2,"na, see J/KMINDTYPE",TRUE,
189,K,mppgbph,binary,not mentioned(0),0,not mentioned,FALSE,
189,K,mppgbph,binary,mentioned(1),1,mentioned,FALSE,
189,K,mppgbot,binary,"na, see J/KMINDTYPE(-2)",-2,"na, see J/KMINDTYPE",TRUE,
189,K,mppgbot,binary,not mentioned(0),0,not mentioned,FALSE,
189,K,mppgbot,binary,mentioned(1),1,mentioned,FALSE,
189,K,mpgbas,binary,"na, see J/KMINDTYPE(-2)",-2,"na, see J/KMINDTYPE",TRUE,
189,K,mpgbas,binary,not mentioned(0),0,not mentioned,FALSE,
189,K,mpgbas,binary,mentioned(1),1,mentioned,FALSE,
189,K,mpgbap,binary,"na, see J/KMINDTYPE(-2)",-2,"na, see J/KMINDTYPE",TRUE,
189,K,mpgbap,binary,not mentioned(0),0,not mentioned,FALSE,
189,K,mpgbap,binary,mentioned(1),1,mentioned,FALSE,
189,K,mpgbac,binary,"na, see J/KMINDTYPE(-2)",-2,"na, see J/KMINDTYPE",TRUE,
189,K,mpgbac,binary,not mentioned(0),0,not mentioned,FALSE,
189,K,mpgbac,binary,mentioned(1),1,mentioned,FALSE,
189,K,mpgbaph,binary,"na, see J/KMINDTYPE(-2)",-2,"na, see J/KMINDTYPE",TRUE,
189,K,mpgbaph,binary,not mentioned(0),0,not mentioned,FALSE,
189,K,mpgbaph,binary,mentioned(1),1,mentioned,FALSE,
189,K,mpgbao,binary,"na, see J/KMINDTYPE(-2)",-2,"na, see J/KMINDTYPE",TRUE,
189,K,mpgbao,binary,not mentioned(0),0,not mentioned,FALSE,
189,K,mpgbao,binary,mentioned(1),1,mentioned,FALSE,
189,Z,madapt,binary,-2,-2,"na, routing",TRUE,
189,Z,madapt,binary,-1,-1,"na, asked",TRUE,
189,Z,madapt,binary,1,1,no,FALSE,
189,Z,madapt,binary,2,2,yes,FALSE,
189,Z,mappli,binary,-2,-2,"na, routing",TRUE,
189,Z,mappli,binary,-1,-1,"na, asked",TRUE,
189,Z,mappli,binary,1,1,no,FALSE,
189,Z,mappli,binary,2,2,yes,FALSE,
189,Z,mcizna,categorical,-2,-2,"na, routing",TRUE,
189,Z,mcizna,categorical,-1,-1,"na, asked",TRUE,
189,Z,mcizna,categorical,1,1,not needed,FALSE,
189,Z,mcizna,categorical,2,2,prefer self-regulation,FALSE,
189,Z,mcizna,categorical,3,3,did not know,FALSE,
189,Z,mcizna,categorical,4,4,do not dare/not able,FALSE,
189,Z,mcizna,categorical,5,5,other reason,FALSE,
189,Z,mcizrd,categorical,-2,-2,"na, routing",TRUE,
189,Z,mcizrd,categorical,-1,-1,"na, asked",TRUE,
189,Z,mcizrd,categorical,1,1,must rely on informal network,FALSE,
189,Z,mcizrd,categorical,2,2,need for help not strong enough,FALSE,
189,Z,mcizrd,categorical,3,3,other reason,FALSE,
189,Z,mcizyn,categorical,-5,-5,section not done,TRUE,
189,Z,mcizyn,categorical,1,1,no,FALSE,
189,Z,mcizyn,categorical,2,2,"yes, declined",FALSE,
189,Z,mcizyn,categorical,3,3,"yes, not approved yet",FALSE,
189,Z,mcizyn,categorical,4,4,yes,FALSE,
189,Z,mdistr,binary,-2,-2,"na, routing",TRUE,
189,Z,mdistr,binary,-1,-1,"na, asked",TRUE,
189,Z,mdistr,binary,1,1,no,FALSE,
189,Z,mdistr,binary,2,2,yes,FALSE,
189,Z,mdistrh,numeric,-2,-2,"na, routing",TRUE,
189,Z,mdistrh,numeric,-1,-1,"na, asked",TRUE,
189,Z,mdomeca,binary,-2,-2,"na, routing",TRUE,
189,Z,mdomeca,binary,-1,-1,"na, asked",TRUE,
189,Z,mdomeca,binary,1,1,no,FALSE,
189,Z,mdomeca,binary,2,2,yes,FALSE,
189,Z,mdomech,numeric,-2,-2,"na, routing",TRUE,
189,Z,mdomech,numeric,-1,-1,"na, asked",TRUE,
189,Z,mdtreat,categorical,-2,-2,"na, routing",TRUE,
189,Z,mdtreat,categorical,-1,-1,"na, asked",TRUE,
189,Z,mdtreat,categorical,1,1,no,FALSE,
189,Z,mdtreat,categorical,2,2,"yes, elderly home",FALSE,
189,Z,mdtreat,categorical,3,3,"yes, nursing home, somatic",FALSE,
189,Z,mdtreat,categorical,4,4,"yes, nursing home, psychogeriatric",FALSE,
189,Z,medntyp,categorical,-2,-2,"na, routing",TRUE,
189,Z,medntyp,categorical,-1,-1,"na, asked",TRUE,
189,Z,medntyp,categorical,1,1,day treatment,FALSE,
189,Z,medntyp,categorical,2,2,night treatment,FALSE,
189,Z,medntyp,categorical,3,3,both,FALSE,
189,Z,meldedn,unknown,-2,-2,"na, routing",TRUE,
189,Z,meldedn,unknown,-1,-1,"na, asked",TRUE,
189,Z,meldedn,unknown,1,1,no,FALSE,
189,Z,meldedn,unknown,2,2,yes,FALSE,
189,Z,meldedn,unknown,3,3,both,FALSE,
189,Z,melderh,numeric,-2,-2,"na, routing",TRUE,
189,Z,melderh,numeric,-1,-1,"na, asked",TRUE,
189,Z,melderl,binary,-2,-2,"na, routing",TRUE,
189,Z,melderl,binary,-1,-1,"na, asked",TRUE,
189,Z,melderl,binary,1,1,no,FALSE,
189,Z,melderl,binary,2,2,yes,FALSE,
189,Z,mhomeca,binary,-2,-2,"na, routing",TRUE,
189,Z,mhomeca,binary,-1,-1,"na, asked",TRUE,
189,Z,mhomeca,binary,1,1,no,FALSE,
189,Z,mhomeca,binary,2,2,yes,FALSE,
189,Z,mi24ca,binary,-3,-3,section not done,TRUE,
189,Z,mi24ca,binary,-2,-2,"na, no contact about services",TRUE,
189,Z,mi24ca,binary,-1,-1,"na, asked",TRUE,
189,Z,mi24ca,binary,1,1,no,FALSE,
189,Z,mi24ca,binary,2,2,yes,FALSE,
189,Z,mi24cg,categorical,-2,-2,no valid data,TRUE,
189,Z,mi24cg,categorical,-1,-1,"na, asked",TRUE,
189,Z,mi24cg,categorical,1,1,no,FALSE,
189,Z,mi24cg,categorical,2,2,yes,FALSE,
189,Z,mi24cg,categorical,3,3,under consideration,FALSE,
189,Z,mi24cg,categorical,4,4,withdrawn,FALSE,
189,Z,mi24ch,numeric,-2,-2,no valid data,TRUE,
189,Z,mi24ch,numeric,-1,-1,"na, asked",TRUE,
189,Z,mi24cm,numeric,-2,-2,no valid data,TRUE,
189,Z,mi24cm,numeric,-1,-1,"na, asked",TRUE,
189,Z,mi24crd,categorical,-2,-2,no valid data,TRUE,
189,Z,mi24crd,categorical,-1,-1,"na, asked",TRUE,
189,Z,mi24crd,categorical,1,1,informal network should help,FALSE,
189,Z,mi24crd,categorical,2,2,need for care is not serious enough,FALSE,
189,Z,mi24crd,categorical,3,3,other,FALSE,
189,Z,mi24crw,categorical,-2,-2,no valid data,TRUE,
189,Z,mi24crw,categorical,-1,-1,"na, asked",TRUE,
189,Z,mi24crw,categorical,1,1,informal network should help,FALSE,
189,Z,mi24crw,categorical,2,2,need for care is not serious enough,FALSE,
189,Z,mi24crw,categorical,3,3,other,FALSE,
189,Z,midaca,binary,-3,-3,section not done,TRUE,
189,Z,midaca,binary,-2,-2,"na, no contact about services",TRUE,
189,Z,midaca,binary,-1,-1,"na, asked",TRUE,
189,Z,midaca,binary,1,1,no,FALSE,
189,Z,midaca,binary,2,2,yes,FALSE,
189,Z,midacg,categorical,-2,-2,no valid data,TRUE,
189,Z,midacg,categorical,-1,-1,"na, asked",TRUE,
189,Z,midacg,categorical,1,1,no,FALSE,
189,Z,midacg,categorical,2,2,yes,FALSE,
189,Z,midacg,categorical,3,3,under consideration,FALSE,
189,Z,midacg,categorical,4,4,withdrawn,FALSE,
189,Z,midach,numeric,-2,-2,no valid data,TRUE,
189,Z,midach,numeric,-1,-1,"na, asked",TRUE,
189,Z,midacm,numeric,-2,-2,no valid data,TRUE,
189,Z,midacm,numeric,-1,-1,"na, asked",TRUE,
189,Z,midacrd,categorical,-2,-2,no valid data,TRUE,
189,Z,midacrd,categorical,-1,-1,"na, asked",TRUE,
189,Z,midacrd,categorical,1,1,informal network should help,FALSE,
189,Z,midacrd,categorical,2,2,need for care is not serious enough,FALSE,
189,Z,midacrd,categorical,3,3,other,FALSE,
189,Z,midacrw,categorical,-2,-2,no valid data,TRUE,
189,Z,midacrw,categorical,-1,-1,"na, asked",TRUE,
189,Z,midacrw,categorical,1,1,informal network should help,FALSE,
189,Z,midacrw,categorical,2,2,need for care is not serious enough,FALSE,
189,Z,midacrw,categorical,3,3,other,FALSE,
189,Z,midn,binary,-2,-2,"na, routing",TRUE,
189,Z,midn,binary,-1,-1,"na, asked",TRUE,
189,Z,midn,binary,1,1,no,FALSE,
189,Z,midn,binary,2,2,yes,FALSE,
189,Z,miguia,binary,-3,-3,section not done,TRUE,
189,Z,miguia,binary,-2,-2,"na, no contact about services",TRUE,
189,Z,miguia,binary,-1,-1,"na, asked",TRUE,
189,Z,miguia,binary,1,1,no,FALSE,
189,Z,miguia,binary,2,2,yes,FALSE,
189,Z,miguig,categorical,-2,-2,no valid data,TRUE,
189,Z,miguig,categorical,-1,-1,"na, asked",TRUE,
189,Z,miguig,categorical,1,1,no,FALSE,
189,Z,miguig,categorical,2,2,yes,FALSE,
189,Z,miguig,categorical,3,3,under consideration,FALSE,
189,Z,miguig,categorical,4,4,withdrawn,FALSE,
189,Z,miguih,numeric,-2,-2,no valid data,TRUE,
189,Z,miguih,numeric,-1,-1,"na, asked",TRUE,
189,Z,miguim,numeric,-2,-2,no valid data,TRUE,
189,Z,miguim,numeric,-1,-1,"na, asked",TRUE,
189,Z,miguird,categorical,-2,-2,no valid data,TRUE,
189,Z,miguird,categorical,-1,-1,"na, asked",TRUE,
189,Z,miguird,categorical,1,1,informal network should help,FALSE,
189,Z,miguird,categorical,2,2,need for care is not serious enough,FALSE,
189,Z,miguird,categorical,3,3,other,FALSE,
189,Z,miguirw,categorical,-2,-2,no valid data,TRUE,
189,Z,miguirw,categorical,-1,-1,"na, asked",TRUE,
189,Z,miguirw,categorical,1,1,informal network should help,FALSE,
189,Z,miguirw,categorical,2,2,need for care is not serious enough,FALSE,
189,Z,miguirw,categorical,3,3,other,FALSE,
189,Z,mihada,binary,-3,-3,section not done,TRUE,
189,Z,mihada,binary,-2,-2,"na, no contact about services",TRUE,
189,Z,mihada,binary,-1,-1,"na, asked",TRUE,
189,Z,mihada,binary,1,1,no,FALSE,
189,Z,mihada,binary,2,2,yes,FALSE,
189,Z,mihadg,categorical,-2,-2,no valid data,TRUE,
189,Z,mihadg,categorical,-1,-1,"na, asked",TRUE,
189,Z,mihadg,categorical,1,1,no,FALSE,
189,Z,mihadg,categorical,2,2,yes,FALSE,
189,Z,mihadg,categorical,3,3,under consideration,FALSE,
189,Z,mihadg,categorical,4,4,withdrawn,FALSE,
189,Z,mihadrd,categorical,-2,-2,no valid data,TRUE,
189,Z,mihadrd,categorical,-1,-1,"na, asked",TRUE,
189,Z,mihadrd,categorical,1,1,informal network should help,FALSE,
189,Z,mihadrd,categorical,2,2,need for care is not serious enough,FALSE,
189,Z,mihadrd,categorical,3,3,other,FALSE,
189,Z,mihadrw,categorical,-2,-2,no valid data,TRUE,
189,Z,mihadrw,categorical,-1,-1,"na, asked",TRUE,
189,Z,mihadrw,categorical,1,1,informal network should help,FALSE,
189,Z,mihadrw,categorical,2,2,need for care is not serious enough,FALSE,
189,Z,mihadrw,categorical,3,3,other,FALSE,
189,Z,mihhaa,binary,-3,-3,section not done,TRUE,
189,Z,mihhaa,binary,-2,-2,"na, no contact about services",TRUE,
189,Z,mihhaa,binary,-1,-1,"na, asked",TRUE,
189,Z,mihhaa,binary,1,1,no,FALSE,
189,Z,mihhaa,binary,2,2,yes,FALSE,
189,Z,mihhag,categorical,-2,-2,no valid data,TRUE,
189,Z,mihhag,categorical,-1,-1,"na, asked",TRUE,
189,Z,mihhag,categorical,1,1,no,FALSE,
189,Z,mihhag,categorical,2,2,yes,FALSE,
189,Z,mihhag,categorical,3,3,under consideration,FALSE,
189,Z,mihhag,categorical,4,4,withdrawn,FALSE,
189,Z,mihhah,numeric,-2,-2,no valid data,TRUE,
189,Z,mihhah,numeric,-1,-1,"na, asked",TRUE,
189,Z,mihham,numeric,-2,-2,no valid data,TRUE,
189,Z,mihham,numeric,-1,-1,"na, asked",TRUE,
189,Z,mihhard,categorical,-2,-2,no valid data,TRUE,
189,Z,mihhard,categorical,-1,-1,"na, asked",TRUE,
189,Z,mihhard,categorical,1,1,informal network should help,FALSE,
189,Z,mihhard,categorical,2,2,need for care is not serious enough,FALSE,
189,Z,mihhard,categorical,3,3,other,FALSE,
189,Z,mihharw,categorical,-2,-2,no valid data,TRUE,
189,Z,mihharw,categorical,-1,-1,"na, asked",TRUE,
189,Z,mihharw,categorical,1,1,informal network should help,FALSE,
189,Z,mihharw,categorical,2,2,need for care is not serious enough,FALSE,
189,Z,mihharw,categorical,3,3,other,FALSE,
189,Z,mindnat,binary,-3,-3,section not done,TRUE,
189,Z,mindnat,binary,-2,-2,"na, no contact about services",TRUE,
189,Z,mindnat,binary,0,0,not mentioned,FALSE,
189,Z,mindnat,binary,1,1,mentioned,FALSE,
189,Z,mindpgb,binary,-3,-3,section not done,TRUE,
189,Z,mindpgb,binary,-2,-2,"na, no contact about services",TRUE,
189,Z,mindpgb,binary,0,0,not mentioned,FALSE,
189,Z,mindpgb,binary,1,1,mentioned,FALSE,
189,Z,mindtype,categorical,-3,-3,section not done,TRUE,
189,Z,mindtype,categorical,-2,-2,"na, no contact about services",TRUE,
189,Z,mindtype,categorical,-1,-1,"na, asked",TRUE,
189,Z,mindtype,categorical,1,1,in kind,FALSE,
189,Z,mindtype,categorical,2,2,Personal budget (PGB),FALSE,
189,Z,mindtype,categorical,3,3,both,FALSE,
189,Z,mintca,binary,-3,-3,section not done,TRUE,
189,Z,mintca,binary,-2,-2,"na, no contact about services",TRUE,
189,Z,mintca,binary,-1,-1,"na, asked",TRUE,
189,Z,mintca,binary,1,1,no,FALSE,
189,Z,mintca,binary,2,2,yes,FALSE,
189,Z,mintcc,string,,,,,
189,Z,mintcg,categorical,-2,-2,no valid data,TRUE,
189,Z,mintcg,categorical,-1,-1,"na, asked",TRUE,
189,Z,mintcg,categorical,1,1,no,FALSE,
189,Z,mintcg,categorical,2,2,yes,FALSE,
189,Z,mintcg,categorical,3,3,under consideration,FALSE,
189,Z,mintcg,categorical,4,4,withdrawn,FALSE,
189,Z,mintch,numeric,-2,-2,no valid data,TRUE,
189,Z,mintch,numeric,-1,-1,"na, asked",TRUE,
189,Z,mintcm,numeric,-2,-2,no valid data,TRUE,
189,Z,mintcm,numeric,-1,-1,"na, asked",TRUE,
189,Z,mintcn,numeric,-2,-2,no valid data,TRUE,
189,Z,mintcn,numeric,-1,-1,"na, asked",TRUE,
189,Z,mintcrd,categorical,-2,-2,no valid data,TRUE,
189,Z,mintcrd,categorical,-1,-1,"na, asked",TRUE,
189,Z,mintcrd,categorical,1,1,informal network should help,FALSE,
189,Z,mintcrd,categorical,2,2,need for care is not serious enough,FALSE,
189,Z,mintcrd,categorical,3,3,other,FALSE,
189,Z,mintcrw,categorical,-2,-2,no valid data,TRUE,
189,Z,mintcrw,categorical,-1,-1,"na, asked",TRUE,
189,Z,mintcrw,categorical,1,1,informal network should help,FALSE,
189,Z,mintcrw,categorical,2,2,need for care is not serious enough,FALSE,
189,Z,mintcrw,categorical,3,3,other,FALSE,
189,Z,minura,binary,-3,-3,section not done,TRUE,
189,Z,minura,binary,-2,-2,"na, no contact about services",TRUE,
189,Z,minura,binary,-1,-1,"na, asked",TRUE,
189,Z,minura,binary,1,1,no,FALSE,
189,Z,minura,binary,2,2,yes,FALSE,
189,Z,minurg,categorical,-2,-2,no valid data,TRUE,
189,Z,minurg,categorical,-1,-1,"na, asked",TRUE,
189,Z,minurg,categorical,1,1,no,FALSE,
189,Z,minurg,categorical,2,2,yes,FALSE,
189,Z,minurg,categorical,3,3,under consideration,FALSE,
189,Z,minurg,categorical,4,4,withdrawn,FALSE,
189,Z,minurh,numeric,-2,-2,no valid data,TRUE,
189,Z,minurh,numeric,-1,-1,"na, asked",TRUE,
189,Z,minurm,numeric,-2,-2,no valid data,TRUE,
189,Z,minurm,numeric,-1,-1,"na, asked",TRUE,
189,Z,minurrd,categorical,-2,-2,no valid data,TRUE,
189,Z,minurrd,categorical,-1,-1,"na, asked",TRUE,
189,Z,minurrd,categorical,1,1,informal network should help,FALSE,
189,Z,minurrd,categorical,2,2,need for care is not serious enough,FALSE,
189,Z,minurrd,categorical,3,3,other,FALSE,
189,Z,minurrw,categorical,-2,-2,no valid data,TRUE,
189,Z,minurrw,categorical,-1,-1,"na, asked",TRUE,
189,Z,minurrw,categorical,1,1,informal network should help,FALSE,
189,Z,minurrw,categorical,2,2,need for care is not serious enough,FALSE,
189,Z,minurrw,categorical,3,3,other,FALSE,
189,Z,mioag,binary,-2,-2,"na, routing",TRUE,
189,Z,mioag,binary,-1,-1,"na, asked",TRUE,
189,Z,mioag,binary,1,1,no,FALSE,
189,Z,mioag,binary,2,2,yes,FALSE,
189,Z,mioagh,numeric,-2,-2,"na, routing",TRUE,
189,Z,mioagh,numeric,-1,-1,"na, asked",TRUE,
189,Z,miose,binary,-2,-2,"na, routing",TRUE,
189,Z,miose,binary,-1,-1,"na, asked",TRUE,
189,Z,miose,binary,1,1,no,FALSE,
189,Z,miose,binary,2,2,yes,FALSE,
189,Z,mioseh,numeric,-2,-2,"na, routing",TRUE,
189,Z,mioseh,numeric,-1,-1,"na, asked",TRUE,
189,Z,miosg,binary,-2,-2,"na, routing",TRUE,
189,Z,miosg,binary,-1,-1,"na, asked",TRUE,
189,Z,miosg,binary,1,1,no,FALSE,
189,Z,miosg,binary,2,2,yes,FALSE,
189,Z,miosgh,numeric,-2,-2,"na, routing",TRUE,
189,Z,miosgh,numeric,-1,-1,"na, asked",TRUE,
189,Z,miotha,binary,-3,-3,section not done,TRUE,
189,Z,miotha,binary,-2,-2,"na, no contact about services",TRUE,
189,Z,miotha,binary,-1,-1,"na, asked",TRUE,
189,Z,miotha,binary,1,1,no,FALSE,
189,Z,miotha,binary,2,2,yes,FALSE,
189,Z,miothg,categorical,-2,-2,no valid data,TRUE,
189,Z,miothg,categorical,-1,-1,"na, asked",TRUE,
189,Z,miothg,categorical,1,1,no,FALSE,
189,Z,miothg,categorical,2,2,yes,FALSE,
189,Z,miothg,categorical,3,3,under consideration,FALSE,
189,Z,miothg,categorical,4,4,withdrawn,FALSE,
189,Z,miothh,numeric,-2,-2,no valid data,TRUE,
189,Z,miothh,numeric,-1,-1,"na, asked",TRUE,
189,Z,miothm,numeric,-2,-2,no valid data,TRUE,
189,Z,miothm,numeric,-1,-1,"na, asked",TRUE,
189,Z,miothrd,categorical,-2,-2,no valid data,TRUE,
189,Z,miothrd,categorical,-1,-1,"na, asked",TRUE,
189,Z,miothrd,categorical,1,1,informal network should help,FALSE,
189,Z,miothrd,categorical,2,2,need for care is not serious enough,FALSE,
189,Z,miothrd,categorical,3,3,other,FALSE,
189,Z,miothrw,categorical,-2,-2,no valid data,TRUE,
189,Z,miothrw,categorical,-1,-1,"na, asked",TRUE,
189,Z,miothrw,categorical,1,1,informal network should help,FALSE,
189,Z,miothrw,categorical,2,2,need for care is not serious enough,FALSE,
189,Z,miothrw,categorical,3,3,other,FALSE,
189,Z,miotr,binary,-2,-2,"na, routing",TRUE,
189,Z,miotr,binary,-1,-1,"na, asked",TRUE,
189,Z,miotr,binary,1,1,no,FALSE,
189,Z,miotr,binary,2,2,yes,FALSE,
189,Z,miotrh,numeric,-2,-2,"na, routing",TRUE,
189,Z,miotrh,numeric,-1,-1,"na, asked",TRUE,
189,Z,mipca,binary,-3,-3,section not done,TRUE,
189,Z,mipca,binary,-2,-2,"na, no contact about services",TRUE,
189,Z,mipca,binary,-1,-1,"na, asked",TRUE,
189,Z,mipca,binary,1,1,no,FALSE,
189,Z,mipca,binary,2,2,yes,FALSE,
189,Z,mipcg,categorical,-2,-2,no valid data,TRUE,
189,Z,mipcg,categorical,-1,-1,"na, asked",TRUE,
189,Z,mipcg,categorical,1,1,no,FALSE,
189,Z,mipcg,categorical,2,2,yes,FALSE,
189,Z,mipcg,categorical,3,3,under consideration,FALSE,
189,Z,mipcg,categorical,4,4,withdrawn,FALSE,
189,Z,mipch,numeric,-2,-2,no valid data,TRUE,
189,Z,mipch,numeric,-1,-1,"na, asked",TRUE,
189,Z,mipcm,numeric,-2,-2,no valid data,TRUE,
189,Z,mipcm,numeric,-1,-1,"na, asked",TRUE,
189,Z,mipcrd,categorical,-2,-2,no valid data,TRUE,
189,Z,mipcrd,categorical,-1,-1,"na, asked",TRUE,
189,Z,mipcrd,categorical,1,1,informal network should help,FALSE,
189,Z,mipcrd,categorical,2,2,need for care is not serious enough,FALSE,
189,Z,mipcrd,categorical,3,3,other,FALSE,
189,Z,mipcrw,categorical,-2,-2,no valid data,TRUE,
189,Z,mipcrw,categorical,-1,-1,"na, asked",TRUE,
189,Z,mipcrw,categorical,1,1,informal network should help,FALSE,
189,Z,mipcrw,categorical,2,2,need for care is not serious enough,FALSE,
189,Z,mipcrw,categorical,3,3,other,FALSE,
189,Z,missca,binary,-3,-3,section not done,TRUE,
189,Z,missca,binary,-2,-2,"na, no contact about services",TRUE,
189,Z,missca,binary,-1,-1,"na, asked",TRUE,
189,Z,missca,binary,1,1,no,FALSE,
189,Z,missca,binary,2,2,yes,FALSE,
189,Z,misscd,numeric,-2,-2,no valid data,TRUE,
189,Z,misscd,numeric,-1,-1,"na, asked",TRUE,
189,Z,misscg,categorical,-2,-2,no valid data,TRUE,
189,Z,misscg,categorical,-1,-1,"na, asked",TRUE,
189,Z,misscg,categorical,1,1,no,FALSE,
189,Z,misscg,categorical,2,2,yes,FALSE,
189,Z,misscg,categorical,3,3,under consideration,FALSE,
189,Z,misscg,categorical,4,4,withdrawn,FALSE,
189,Z,misscrd,categorical,-2,-2,no valid data,TRUE,
189,Z,misscrd,categorical,-1,-1,"na, asked",TRUE,
189,Z,misscrd,categorical,1,1,informal network should help,FALSE,
189,Z,misscrd,categorical,2,2,need for care is not serious enough,FALSE,
189,Z,misscrd,categorical,3,3,other,FALSE,
189,Z,misscrw,categorical,-2,-2,no valid data,TRUE,
189,Z,misscrw,categorical,-1,-1,"na, asked",TRUE,
189,Z,misscrw,categorical,1,1,informal network should help,FALSE,
189,Z,misscrw,categorical,2,2,need for care is not serious enough,FALSE,
189,Z,misscrw,categorical,3,3,other,FALSE,
189,Z,misshd,numeric,-2,-2,no valid data,TRUE,
189,Z,misshd,numeric,-1,-1,"na, asked",TRUE,
189,Z,missn,numeric,-2,-2,no valid data,TRUE,
189,Z,missn,numeric,-1,-1,"na, asked",TRUE,
189,Z,mistay,binary,-2,-2,"na, routing",TRUE,
189,Z,mistay,binary,-1,-1,"na, asked",TRUE,
189,Z,mistay,binary,1,1,no,FALSE,
189,Z,mistay,binary,2,2,yes,FALSE,
189,Z,mitraa,binary,-3,-3,section not done,TRUE,
189,Z,mitraa,binary,-2,-2,"na, no contact about services",TRUE,
189,Z,mitraa,binary,-1,-1,"na, asked",TRUE,
189,Z,mitraa,binary,1,1,no,FALSE,
189,Z,mitraa,binary,2,2,yes,FALSE,
189,Z,mitrag,categorical,-2,-2,no valid data,TRUE,
189,Z,mitrag,categorical,-1,-1,"na, asked",TRUE,
189,Z,mitrag,categorical,1,1,no,FALSE,
189,Z,mitrag,categorical,2,2,yes,FALSE,
189,Z,mitrag,categorical,3,3,under consideration,FALSE,
189,Z,mitrag,categorical,4,4,withdrawn,FALSE,
189,Z,mitrard,categorical,-2,-2,no valid data,TRUE,
189,Z,mitrard,categorical,-1,-1,"na, asked",TRUE,
189,Z,mitrard,categorical,1,1,informal network should help,FALSE,
189,Z,mitrard,categorical,2,2,need for care is not serious enough,FALSE,
189,Z,mitrard,categorical,3,3,other,FALSE,
189,Z,mitrarw,categorical,-2,-2,no valid data,TRUE,
189,Z,mitrarw,categorical,-1,-1,"na, asked",TRUE,
189,Z,mitrarw,categorical,1,1,informal network should help,FALSE,
189,Z,mitrarw,categorical,2,2,need for care is not serious enough,FALSE,
189,Z,mitrarw,categorical,3,3,other,FALSE,
189,Z,mitypc,binary,-2,-2,"na, routing",TRUE,
189,Z,mitypc,binary,-1,-1,"na, asked",TRUE,
189,Z,mitypc,binary,1,1,care paid by org,FALSE,
189,Z,mitypc,binary,2,2,PGB,FALSE,
189,Z,mlstay,categorical,-2,-2,"na, routing",TRUE,
189,Z,mlstay,categorical,-1,-1,"na, asked",TRUE,
189,Z,mlstay,categorical,1,1,no,FALSE,
189,Z,mlstay,categorical,2,2,"yes, elderly home",FALSE,
189,Z,mlstay,categorical,3,3,"yes, nursing home, somatic",FALSE,
189,Z,mlstay,categorical,4,4,"yes, nursing home, psychogeriatric",FALSE,
189,Z,mmeal,binary,-2,-2,"na, routing",TRUE,
189,Z,mmeal,binary,-1,-1,"na, asked",TRUE,
189,Z,mmeal,binary,1,1,no,FALSE,
189,Z,mmeal,binary,2,2,yes,FALSE,
189,Z,mmealn,numeric,-2,-2,"na, routing",TRUE,
189,Z,mmealn,numeric,-1,-1,"na, asked",TRUE,
189,Z,mndndep,binary,-2,-2,"na, routing",TRUE,
189,Z,mndndep,binary,-1,-1,"na, asked",TRUE,
189,Z,mndndep,binary,1,1,somatic,FALSE,
189,Z,mndndep,binary,2,2,psychogeriatric,FALSE,
189,Z,mndntyp,categorical,-2,-2,"na, routing",TRUE,
189,Z,mndntyp,categorical,-1,-1,"na, asked",TRUE,
189,Z,mndntyp,categorical,1,1,day treatment,FALSE,
189,Z,mndntyp,categorical,2,2,night treatment,FALSE,
189,Z,mndntyp,categorical,3,3,both,FALSE,
189,Z,mntreat,categorical,-2,-2,"na, routing",TRUE,
189,Z,mntreat,categorical,-1,-1,"na, asked",TRUE,
189,Z,mntreat,categorical,1,1,no,FALSE,
189,Z,mntreat,categorical,2,2,"yes, elderly home",FALSE,
189,Z,mntreat,categorical,3,3,"yes, nursing home, somatic",FALSE,
189,Z,mntreat,categorical,4,4,"yes, nursing home, psychogeriatric",FALSE,
189,Z,mnurdep,binary,-2,-2,"na, routing",TRUE,
189,Z,mnurdep,binary,-1,-1,"na, asked",TRUE,
189,Z,mnurdep,binary,1,1,somatic,FALSE,
189,Z,mnurdep,binary,2,2,psychogeriatric,FALSE,
189,Z,mnursdn,unknown,-2,-2,"na, routing",TRUE,
189,Z,mnursdn,unknown,-1,-1,"na, asked",TRUE,
189,Z,mnursdn,unknown,1,1,no,FALSE,
189,Z,mnursdn,unknown,2,2,yes,FALSE,
189,Z,mnursdn,unknown,3,3,both,FALSE,
189,Z,mnursh,numeric,-2,-2,"na, routing",TRUE,
189,Z,mnursh,numeric,-1,-1,"na, asked",TRUE,
189,Z,mnursin,binary,-2,-2,"na, routing",TRUE,
189,Z,mnursin,binary,-1,-1,"na, asked",TRUE,
189,Z,mnursin,binary,1,1,no,FALSE,
189,Z,mnursin,binary,2,2,yes,FALSE,
189,Z,mother,binary,-2,-2,"na, routing",TRUE,
189,Z,mother,binary,-1,-1,"na, asked",TRUE,
189,Z,mother,binary,1,1,no,FALSE,
189,Z,mother,binary,2,2,yes,FALSE,
189,Z,motherh,numeric,-2,-2,"na, routing",TRUE,
189,Z,motherh,numeric,-1,-1,"na, asked",TRUE,
189,Z,mpersca,binary,-2,-2,"na, routing",TRUE,
189,Z,mpersca,binary,-1,-1,"na, asked",TRUE,
189,Z,mpersca,binary,1,1,no,FALSE,
189,Z,mpersca,binary,2,2,yes,FALSE,
189,Z,mpersch,numeric,-2,-2,"na, routing",TRUE,
189,Z,mpersch,numeric,-1,-1,"na, asked",TRUE,
189,Z,mpgbac,binary,-2,-2,not applicable based on routing/PGB indication status,TRUE,"Cross-wave coding conflict: -2 differs for H (routing), I/J/K (not applicable based on PGB indication status)"
189,Z,mpgbac,binary,-1,-1,"na, asked",TRUE,
189,Z,mpgbac,binary,0,0,not mentioned,FALSE,
189,Z,mpgbac,binary,1,1,mentioned,FALSE,
189,Z,mpgbadm,categorical,-2,-2,"na, routing",TRUE,
189,Z,mpgbadm,categorical,-1,-1,"na, asked",TRUE,
189,Z,mpgbadm,categorical,1,1,respondent,FALSE,
189,Z,mpgbadm,categorical,2,2,spouse,FALSE,
189,Z,mpgbadm,categorical,3,3,child(ren),FALSE,
189,Z,mpgbadm,categorical,4,4,private help,FALSE,
189,Z,mpgbadm,categorical,5,5,other,FALSE,
189,Z,mpgbao,binary,-2,-2,not applicable based on routing/PGB indication status,TRUE,"Cross-wave coding conflict: -2 differs for H (routing), I/J/K (not applicable based on PGB indication status)"
189,Z,mpgbao,binary,-1,-1,"na, asked",TRUE,
189,Z,mpgbao,binary,0,0,not mentioned,FALSE,
189,Z,mpgbao,binary,1,1,mentioned,FALSE,
189,Z,mpgbap,binary,-2,-2,not applicable based on routing/PGB indication status,TRUE,"Cross-wave coding conflict: -2 differs for H (routing), I/J/K (not applicable based on PGB indication status)"
189,Z,mpgbap,binary,-1,-1,"na, asked",TRUE,
189,Z,mpgbap,binary,0,0,not mentioned,FALSE,
189,Z,mpgbap,binary,1,1,mentioned,FALSE,
189,Z,mpgbaph,binary,-2,-2,not applicable based on routing/PGB indication status,TRUE,"Cross-wave coding conflict: -2 differs for H (routing), I/J/K (not applicable based on PGB indication status)"
189,Z,mpgbaph,binary,-1,-1,"na, asked",TRUE,
189,Z,mpgbaph,binary,0,0,not mentioned,FALSE,
189,Z,mpgbaph,binary,1,1,mentioned,FALSE,
189,Z,mpgbas,binary,-2,-2,not applicable based on routing/PGB indication status,TRUE,"Cross-wave coding conflict: -2 differs for H (routing), I/J/K (not applicable based on PGB indication status)"
189,Z,mpgbas,binary,-1,-1,"na, asked",TRUE,
189,Z,mpgbas,binary,0,0,not mentioned,FALSE,
189,Z,mpgbas,binary,1,1,mentioned,FALSE,
189,Z,mpgbca,binary,-2,-2,"na, routing",TRUE,
189,Z,mpgbca,binary,-1,-1,"na, asked",TRUE,
189,Z,mpgbca,binary,0,0,not mentioned,FALSE,
189,Z,mpgbca,binary,1,1,mentioned,FALSE,
189,Z,mpgbcat,categorical,-2,-2,"na, routing",TRUE,
189,Z,mpgbcat,categorical,-1,-1,"na, asked",TRUE,
189,Z,mpgbcat,categorical,1,1,domestic care,FALSE,
189,Z,mpgbcat,categorical,2,2,personal care,FALSE,
189,Z,mpgbcat,categorical,3,3,both,FALSE,
189,Z,mpgbchc,binary,-2,-2,"na, routing",TRUE,
189,Z,mpgbchc,binary,-1,-1,"na, asked",TRUE,
189,Z,mpgbchc,binary,0,0,not mentioned,FALSE,
189,Z,mpgbchc,binary,1,1,mentioned,FALSE,
189,Z,mpgbchg,binary,-2,-2,"na, routing",TRUE,
189,Z,mpgbchg,binary,-1,-1,"na, asked",TRUE,
189,Z,mpgbchg,binary,0,0,not mentioned,FALSE,
189,Z,mpgbchg,binary,1,1,mentioned,FALSE,
189,Z,mpgbchh,binary,-2,-2,"na, routing",TRUE,
189,Z,mpgbchh,binary,-1,-1,"na, asked",TRUE,
189,Z,mpgbchh,binary,0,0,not mentioned,FALSE,
189,Z,mpgbchh,binary,1,1,mentioned,FALSE,
189,Z,mpgbdev,binary,-2,-2,"na, routing",TRUE,
189,Z,mpgbdev,binary,-1,-1,"na, asked",TRUE,
189,Z,mpgbdev,binary,1,1,no,FALSE,
189,Z,mpgbdev,binary,2,2,yes,FALSE,
189,Z,mpgbf,binary,-2,-2,"na, routing",TRUE,
189,Z,mpgbf,binary,-1,-1,"na, asked",TRUE,
189,Z,mpgbf,binary,0,0,not mentioned,FALSE,
189,Z,mpgbf,binary,1,1,mentioned,FALSE,
189,Z,mpgbfa,binary,-2,-2,"na, routing",TRUE,
189,Z,mpgbfa,binary,-1,-1,"na, asked",TRUE,
189,Z,mpgbfa,binary,0,0,not mentioned,FALSE,
189,Z,mpgbfa,binary,1,1,mentioned,FALSE,
189,Z,mpgbfat,categorical,-2,-2,"na, routing",TRUE,
189,Z,mpgbfat,categorical,-1,-1,"na, asked",TRUE,
189,Z,mpgbfat,categorical,1,1,domestic care,FALSE,
189,Z,mpgbfat,categorical,2,2,personal care,FALSE,
189,Z,mpgbfat,categorical,3,3,both,FALSE,
189,Z,mpgbfrc,binary,-2,-2,"na, routing",TRUE,
189,Z,mpgbfrc,binary,-1,-1,"na, asked",TRUE,
189,Z,mpgbfrc,binary,0,0,not mentioned,FALSE,
189,Z,mpgbfrc,binary,1,1,mentioned,FALSE,
189,Z,mpgbfrg,binary,-2,-2,"na, routing",TRUE,
189,Z,mpgbfrg,binary,-1,-1,"na, asked",TRUE,
189,Z,mpgbfrg,binary,0,0,not mentioned,FALSE,
189,Z,mpgbfrg,binary,1,1,mentioned,FALSE,
189,Z,mpgbfrh,binary,-2,-2,"na, routing",TRUE,
189,Z,mpgbfrh,binary,-1,-1,"na, asked",TRUE,
189,Z,mpgbfrh,binary,0,0,not mentioned,FALSE,
189,Z,mpgbfrh,binary,1,1,mentioned,FALSE,
189,Z,mpgbft,categorical,-2,-2,"na, routing",TRUE,
189,Z,mpgbft,categorical,-1,-1,"na, asked",TRUE,
189,Z,mpgbft,categorical,1,1,domestic care,FALSE,
189,Z,mpgbft,categorical,2,2,personal care,FALSE,
189,Z,mpgbft,categorical,3,3,both,FALSE,
189,Z,mpgbhc,binary,-2,-2,"na, routing",TRUE,
189,Z,mpgbhc,binary,-1,-1,"na, asked",TRUE,
189,Z,mpgbhc,binary,0,0,not mentioned,FALSE,
189,Z,mpgbhc,binary,1,1,mentioned,FALSE,
189,Z,mpgbhcc,binary,-2,-2,"na, routing",TRUE,
189,Z,mpgbhcc,binary,-1,-1,"na, asked",TRUE,
189,Z,mpgbhcc,binary,0,0,not mentioned,FALSE,
189,Z,mpgbhcc,binary,1,1,mentioned,FALSE,
189,Z,mpgbhcg,binary,-2,-2,"na, routing",TRUE,
189,Z,mpgbhcg,binary,-1,-1,"na, asked",TRUE,
189,Z,mpgbhcg,binary,0,0,not mentioned,FALSE,
189,Z,mpgbhcg,binary,1,1,mentioned,FALSE,
189,Z,mpgbhch,binary,-2,-2,"na, routing",TRUE,
189,Z,mpgbhch,binary,-1,-1,"na, asked",TRUE,
189,Z,mpgbhch,binary,0,0,not mentioned,FALSE,
189,Z,mpgbhch,binary,1,1,mentioned,FALSE,
189,Z,mpgbhct,categorical,-2,-2,"na, routing",TRUE,
189,Z,mpgbhct,categorical,-1,-1,"na, asked",TRUE,
189,Z,mpgbhct,categorical,1,1,domestic care,FALSE,
189,Z,mpgbhct,categorical,2,2,personal care,FALSE,
189,Z,mpgbhct,categorical,3,3,both,FALSE,
189,Z,mpgbhf,binary,-2,-2,"na, routing",TRUE,
189,Z,mpgbhf,binary,-1,-1,"na, asked",TRUE,
189,Z,mpgbhf,binary,0,0,not mentioned,FALSE,
189,Z,mpgbhf,binary,1,1,mentioned,FALSE,
189,Z,mpgbhft,categorical,-2,-2,"na, routing",TRUE,
189,Z,mpgbhft,categorical,-1,-1,"na, asked",TRUE,
189,Z,mpgbhft,categorical,1,1,domestic care,FALSE,
189,Z,mpgbhft,categorical,2,2,personal care,FALSE,
189,Z,mpgbhft,categorical,3,3,both,FALSE,
189,Z,mpgbhmc,binary,-2,-2,"na, routing",TRUE,
189,Z,mpgbhmc,binary,-1,-1,"na, asked",TRUE,
189,Z,mpgbhmc,binary,0,0,not mentioned,FALSE,
189,Z,mpgbhmc,binary,1,1,mentioned,FALSE,
189,Z,mpgbhmg,binary,-2,-2,"na, routing",TRUE,
189,Z,mpgbhmg,binary,-1,-1,"na, asked",TRUE,
189,Z,mpgbhmg,binary,0,0,not mentioned,FALSE,
189,Z,mpgbhmg,binary,1,1,mentioned,FALSE,
189,Z,mpgbhmh,binary,-2,-2,"na, routing",TRUE,
189,Z,mpgbhmh,binary,-1,-1,"na, asked",TRUE,
189,Z,mpgbhmh,binary,0,0,not mentioned,FALSE,
189,Z,mpgbhmh,binary,1,1,mentioned,FALSE,
189,Z,mpgbn,binary,-2,-2,"na, routing",TRUE,
189,Z,mpgbn,binary,-1,-1,"na, asked",TRUE,
189,Z,mpgbn,binary,0,0,not mentioned,FALSE,
189,Z,mpgbn,binary,1,1,mentioned,FALSE,
189,Z,mpgbnbc,binary,-2,-2,"na, routing",TRUE,
189,Z,mpgbnbc,binary,-1,-1,"na, asked",TRUE,
189,Z,mpgbnbc,binary,0,0,not mentioned,FALSE,
189,Z,mpgbnbc,binary,1,1,mentioned,FALSE,
189,Z,mpgbnbg,binary,-2,-2,"na, routing",TRUE,
189,Z,mpgbnbg,binary,-1,-1,"na, asked",TRUE,
189,Z,mpgbnbg,binary,0,0,not mentioned,FALSE,
189,Z,mpgbnbg,binary,1,1,mentioned,FALSE,
189,Z,mpgbnbh,binary,-2,-2,"na, routing",TRUE,
189,Z,mpgbnbh,binary,-1,-1,"na, asked",TRUE,
189,Z,mpgbnbh,binary,0,0,not mentioned,FALSE,
189,Z,mpgbnbh,binary,1,1,mentioned,FALSE,
189,Z,mpgbnt,categorical,-2,-2,"na, routing",TRUE,
189,Z,mpgbnt,categorical,-1,-1,"na, asked",TRUE,
189,Z,mpgbnt,categorical,1,1,domestic care,FALSE,
189,Z,mpgbnt,categorical,2,2,personal care,FALSE,
189,Z,mpgbnt,categorical,3,3,both,FALSE,
189,Z,mpgbo,binary,-2,-2,"na, routing",TRUE,
189,Z,mpgbo,binary,-1,-1,"na, asked",TRUE,
189,Z,mpgbo,binary,0,0,not mentioned,FALSE,
189,Z,mpgbo,binary,1,1,mentioned,FALSE,
189,Z,mpgbot,categorical,-2,-2,"na, routing",TRUE,
189,Z,mpgbot,categorical,-1,-1,"na, asked",TRUE,
189,Z,mpgbot,categorical,1,1,domestic care,FALSE,
189,Z,mpgbot,categorical,2,2,personal care,FALSE,
189,Z,mpgbot,categorical,3,3,both,FALSE,
189,Z,mpgbotc,binary,-2,-2,"na, routing",TRUE,
189,Z,mpgbotc,binary,-1,-1,"na, asked",TRUE,
189,Z,mpgbotc,binary,0,0,not mentioned,FALSE,
189,Z,mpgbotc,binary,1,1,mentioned,FALSE,
189,Z,mpgbotg,binary,-2,-2,"na, routing",TRUE,
189,Z,mpgbotg,binary,-1,-1,"na, asked",TRUE,
189,Z,mpgbotg,binary,0,0,not mentioned,FALSE,
189,Z,mpgbotg,binary,1,1,mentioned,FALSE,
189,Z,mpgboth,binary,-2,-2,"na, routing",TRUE,
189,Z,mpgboth,binary,-1,-1,"na, asked",TRUE,
189,Z,mpgboth,binary,0,0,not mentioned,FALSE,
189,Z,mpgboth,binary,1,1,mentioned,FALSE,
189,Z,mpgbp,binary,-2,-2,"na, routing",TRUE,
189,Z,mpgbp,binary,-1,-1,"na, asked",TRUE,
189,Z,mpgbp,binary,0,0,not mentioned,FALSE,
189,Z,mpgbp,binary,1,1,mentioned,FALSE,
189,Z,mpgbpc,binary,-2,-2,"na, routing",TRUE,
189,Z,mpgbpc,binary,-1,-1,"na, asked",TRUE,
189,Z,mpgbpc,binary,0,0,not mentioned,FALSE,
189,Z,mpgbpc,binary,1,1,mentioned,FALSE,
189,Z,mpgbpct,categorical,-2,-2,"na, routing",TRUE,
189,Z,mpgbpct,categorical,-1,-1,"na, asked",TRUE,
189,Z,mpgbpct,categorical,1,1,domestic care,FALSE,
189,Z,mpgbpct,categorical,2,2,personal care,FALSE,
189,Z,mpgbpct,categorical,3,3,both,FALSE,
189,Z,mpgbpg,binary,-2,-2,"na, routing",TRUE,
189,Z,mpgbpg,binary,-1,-1,"na, asked",TRUE,
189,Z,mpgbpg,binary,0,0,not mentioned,FALSE,
189,Z,mpgbpg,binary,1,1,mentioned,FALSE,
189,Z,mpgbph,binary,-2,-2,"na, routing",TRUE,
189,Z,mpgbph,binary,-1,-1,"na, asked",TRUE,
189,Z,mpgbph,binary,0,0,not mentioned,FALSE,
189,Z,mpgbph,binary,1,1,mentioned,FALSE,
189,Z,mpgbphc,binary,-2,-2,"na, routing",TRUE,
189,Z,mpgbphc,binary,-1,-1,"na, asked",TRUE,
189,Z,mpgbphc,binary,0,0,not mentioned,FALSE,
189,Z,mpgbphc,binary,1,1,mentioned,FALSE,
189,Z,mpgbphg,binary,-2,-2,"na, routing",TRUE,
189,Z,mpgbphg,binary,-1,-1,"na, asked",TRUE,
189,Z,mpgbphg,binary,0,0,not mentioned,FALSE,
189,Z,mpgbphg,binary,1,1,mentioned,FALSE,
189,Z,mpgbphh,binary,-2,-2,"na, routing",TRUE,
189,Z,mpgbphh,binary,-1,-1,"na, asked",TRUE,
189,Z,mpgbphh,binary,0,0,not mentioned,FALSE,
189,Z,mpgbphh,binary,1,1,mentioned,FALSE,
189,Z,mpgbpt,categorical,-2,-2,"na, routing",TRUE,
189,Z,mpgbpt,categorical,-1,-1,"na, asked",TRUE,
189,Z,mpgbpt,categorical,1,1,domestic care,FALSE,
189,Z,mpgbpt,categorical,2,2,personal care,FALSE,
189,Z,mpgbpt,categorical,3,3,both,FALSE,
189,Z,mpgbrcc,binary,-2,-2,"na, routing",TRUE,
189,Z,mpgbrcc,binary,-1,-1,"na, asked",TRUE,
189,Z,mpgbrcc,binary,0,0,not mentioned,FALSE,
189,Z,mpgbrcc,binary,1,1,mentioned,FALSE,
189,Z,mpgbrcg,binary,-2,-2,"na, routing",TRUE,
189,Z,mpgbrcg,binary,-1,-1,"na, asked",TRUE,
189,Z,mpgbrcg,binary,0,0,not mentioned,FALSE,
189,Z,mpgbrcg,binary,1,1,mentioned,FALSE,
189,Z,mpgbrch,binary,-2,-2,"na, routing",TRUE,
189,Z,mpgbrch,binary,-1,-1,"na, asked",TRUE,
189,Z,mpgbrch,binary,0,0,not mentioned,FALSE,
189,Z,mpgbrch,binary,1,1,mentioned,FALSE,
189,Z,mpgbrlc,binary,-2,-2,"na, routing",TRUE,
189,Z,mpgbrlc,binary,-1,-1,"na, asked",TRUE,
189,Z,mpgbrlc,binary,0,0,not mentioned,FALSE,
189,Z,mpgbrlc,binary,1,1,mentioned,FALSE,
189,Z,mpgbrlg,binary,-2,-2,"na, routing",TRUE,
189,Z,mpgbrlg,binary,-1,-1,"na, asked",TRUE,
189,Z,mpgbrlg,binary,0,0,not mentioned,FALSE,
189,Z,mpgbrlg,binary,1,1,mentioned,FALSE,
189,Z,mpgbrlh,binary,-2,-2,"na, routing",TRUE,
189,Z,mpgbrlh,binary,-1,-1,"na, asked",TRUE,
189,Z,mpgbrlh,binary,0,0,not mentioned,FALSE,
189,Z,mpgbrlh,binary,1,1,mentioned,FALSE,
189,Z,mppgbdn,binary,-2,-2,no valid data,TRUE,
189,Z,mppgbdn,binary,0,0,not mentioned,FALSE,
189,Z,mppgbdn,binary,1,1,mentioned,FALSE,
189,Z,mppgbfo,binary,-2,-2,no valid data,TRUE,
189,Z,mppgbfo,binary,0,0,not mentioned,FALSE,
189,Z,mppgbfo,binary,1,1,mentioned,FALSE,
189,Z,mppgbnf,binary,-2,-2,no valid data,TRUE,
189,Z,mppgbnf,binary,0,0,not mentioned,FALSE,
189,Z,mppgbnf,binary,1,1,mentioned,FALSE,
189,Z,mppgbot,binary,-2,-2,no valid data,TRUE,
189,Z,mppgbot,binary,0,0,not mentioned,FALSE,
189,Z,mppgbot,binary,1,1,mentioned,FALSE,
189,Z,mppgbpa,binary,-2,-2,no valid data,TRUE,
189,Z,mppgbpa,binary,0,0,not mentioned,FALSE,
189,Z,mppgbpa,binary,1,1,mentioned,FALSE,
189,Z,mppgbpc,binary,-2,-2,no valid data,TRUE,
189,Z,mppgbpc,binary,0,0,not mentioned,FALSE,
189,Z,mppgbpc,binary,1,1,mentioned,FALSE,
189,Z,mppgbph,binary,-2,-2,no valid data,TRUE,
189,Z,mppgbph,binary,0,0,not mentioned,FALSE,
189,Z,mppgbph,binary,1,1,mentioned,FALSE,
189,Z,mppgbrc,binary,-2,-2,no valid data,TRUE,
189,Z,mppgbrc,binary,0,0,not mentioned,FALSE,
189,Z,mppgbrc,binary,1,1,mentioned,FALSE,
189,Z,mppgbro,binary,-2,-2,no valid data,TRUE,
189,Z,mppgbro,binary,0,0,not mentioned,FALSE,
189,Z,mppgbro,binary,1,1,mentioned,FALSE,
189,Z,mppgbvo,binary,-2,-2,no valid data,TRUE,
189,Z,mppgbvo,binary,0,0,not mentioned,FALSE,
189,Z,mppgbvo,binary,1,1,mentioned,FALSE,
189,Z,mriooth,binary,-2,-2,"na, routing",TRUE,
189,Z,mriooth,binary,-1,-1,"na, asked",TRUE,
189,Z,mriooth,binary,1,1,no,FALSE,
189,Z,mriooth,binary,2,2,yes,FALSE,
189,Z,mrioyn,categorical,-1,-1,"na, asked",TRUE,
189,Z,mrioyn,categorical,1,1,no,FALSE,
189,Z,mrioyn,categorical,2,2,indication/application not yet finalized,FALSE,"Cross-wave coding conflict: 2 differs for E/F (no, but indication expected soon), G (yes, application not yet approved)"
189,Z,mrioyn,categorical,3,3,yes,FALSE,
189,Z,mrioyn,categorical,4,4,answer 2 + 3,FALSE,
189,Z,mshstay,categorical,-2,-2,"na, routing",TRUE,
189,Z,mshstay,categorical,-1,-1,"na, asked",TRUE,
189,Z,mshstay,categorical,1,1,no,FALSE,
189,Z,mshstay,categorical,2,2,"yes, elderly home",FALSE,
189,Z,mshstay,categorical,3,3,"yes, nursing home, somatic",FALSE,
189,Z,mshstay,categorical,4,4,"yes, nursing home, psychogeriatric",FALSE,
189,Z,murgyn,unknown,-2,-2,"na, routing",TRUE,
189,Z,murgyn,unknown,-1,-1,"na, asked",TRUE,
189,Z,murgyn,unknown,1,1,no,FALSE,
189,Z,murgyn,unknown,2,2,yes,FALSE,
189,Z,murgyn,unknown,3,3,"yes, very urgent",FALSE,
