filecode,wave,canonical_name,variable_type,value_raw,value_numeric,value_label,is_missing,conflicts
034,B,button1,categorical,"na, see BRMPF(-2)",-2,"na, see BRMPF",TRUE,
034,B,button1,categorical,"na, asked(-1)",-1,"na, asked",TRUE,
034,B,button1,categorical,completed without help(1),1,completed without help,FALSE,
034,B,button1,categorical,completed with help(2),2,completed with help,FALSE,
034,B,button1,categorical,terminated(3),3,terminated,FALSE,
034,B,button1,categorical,not done(4),4,not done,FALSE,
034,B,button2,categorical,"na, wrong skip(-3)",-3,"na, wrong skip",TRUE,
034,B,button2,categorical,"na, see BBUTTON1(-2)",-2,"na, see BBUTTON1",TRUE,
034,B,button2,categorical,"na, asked(-1)",-1,"na, asked",TRUE,
034,B,button2,categorical,completed without help(1),1,completed without help,FALSE,
034,B,button2,categorical,completed with help(2),2,completed with help,FALSE,
034,B,button2,categorical,terminated(3),3,terminated,FALSE,
034,B,button2,categorical,not done(4),4,not done,FALSE,
034,B,button2,categorical,wrong buttonhole(5),5,wrong buttonhole,FALSE,
034,B,button3,numeric,"na, no measuring(-6)",-6,"na, no measuring",TRUE,
034,B,button3,numeric,"na, wrong skip(-3)",-3,"na, wrong skip",TRUE,
034,B,button3,numeric,"na, see BBUTTON2(-2)",-2,"na, see BBUTTON2",TRUE,
034,B,button3,numeric,"na, asked(-1)",-1,"na, asked",TRUE,
034,B,cardig1,categorical,"na, test not done(-6)",-6,"na, test not done",TRUE,
034,B,cardig1,categorical,"na, see BRMPF(-2)",-2,"na, see BRMPF",TRUE,
034,B,cardig1,categorical,"na, asked(-1)",-1,"na, asked",TRUE,
034,B,cardig1,categorical,completed without help(1),1,completed without help,FALSE,
034,B,cardig1,categorical,completed with help(2),2,completed with help,FALSE,
034,B,cardig1,categorical,terminated(3),3,terminated,FALSE,
034,B,cardig1,categorical,not done(4),4,not done,FALSE,
034,B,cardig2,categorical,"na, wrong skip(-3)",-3,"na, wrong skip",TRUE,
034,B,cardig2,categorical,"na, see BCARDIG1(-2)",-2,"na, see BCARDIG1",TRUE,
034,B,cardig2,categorical,"na, asked(-1)",-1,"na, asked",TRUE,
034,B,cardig2,categorical,completed without help(1),1,completed without help,FALSE,
034,B,cardig2,categorical,completed with help(2),2,completed with help,FALSE,
034,B,cardig2,categorical,terminated(3),3,terminated,FALSE,
034,B,cardig2,categorical,not done(4),4,not done,FALSE,
034,B,cardig3,categorical,"na, wrong skip(-3)",-3,"na, wrong skip",TRUE,
034,B,cardig3,categorical,"na, see BCARDIG2(-2)",-2,"na, see BCARDIG2",TRUE,
034,B,cardig3,categorical,"na, asked(-1)",-1,"na, asked",TRUE,
034,B,cardig3,categorical,completed without help(1),1,completed without help,FALSE,
034,B,cardig3,categorical,completed with help(2),2,completed with help,FALSE,
034,B,cardig3,categorical,terminated(3),3,terminated,FALSE,
034,B,cardig3,categorical,not done(4),4,not done,FALSE,
034,B,cardig4,numeric,"na, no measuring(-6)",-6,"na, no measuring",TRUE,
034,B,cardig4,numeric,"na, wrong skip(-3)",-3,"na, wrong skip",TRUE,
034,B,cardig4,numeric,"na, see BCARDIG3(-2)",-2,"na, see BCARDIG3",TRUE,
034,B,cardig4,numeric,"na, asked(-1)",-1,"na, asked",TRUE,
034,B,cardig7,categorical,"na, wrong skip(-3)",-3,"na, wrong skip",TRUE,
034,B,cardig7,categorical,"na, see BCARDIG1(-2)",-2,"na, see BCARDIG1",TRUE,
034,B,cardig7,categorical,"na, asked(-1)",-1,"na, asked",TRUE,
034,B,cardig7,categorical,completed without help(1),1,completed without help,FALSE,
034,B,cardig7,categorical,completed with help(2),2,completed with help,FALSE,
034,B,cardig7,categorical,terminated(3),3,terminated,FALSE,
034,B,cardig7,categorical,not done(4),4,not done,FALSE,
034,B,cardig8,numeric,"na, wrong skip(-3)",-3,"na, wrong skip",TRUE,
034,B,cardig8,numeric,"na, see BCARDIG7(-2)",-2,"na, see BCARDIG7",TRUE,
034,B,cardig8,numeric,"na, asked(-1)",-1,"na, asked",TRUE,
034,B,chair1,binary,"na, see BRMPF(-2)",-2,"na, see BRMPF",TRUE,
034,B,chair1,binary,"na, asked(-1)",-1,"na, asked",TRUE,
034,B,chair1,binary,no(1),1,no,FALSE,
034,B,chair1,binary,yes(2),2,yes,FALSE,
034,B,chair2,binary,"na, wrong skip(-3)",-3,"na, wrong skip",TRUE,
034,B,chair2,binary,"na, see BCHAIR1(-2)",-2,"na, see BCHAIR1",TRUE,
034,B,chair2,binary,"na, asked(-1)",-1,"na, asked",TRUE,
034,B,chair2,binary,no(1),1,no,FALSE,
034,B,chair2,binary,yes(2),2,yes,FALSE,
034,B,chair3,categorical,"na, wrong skip(-3)",-3,"na, wrong skip",TRUE,
034,B,chair3,categorical,"na, see BCHAIR2(-2)",-2,"na, see BCHAIR2",TRUE,
034,B,chair3,categorical,"na, asked(-1)",-1,"na, asked",TRUE,
034,B,chair3,categorical,slides forward without using arms(1),1,slides forward without using arms,FALSE,
034,B,chair3,categorical,slides forward using arms(2),2,slides forward using arms,FALSE,
034,B,chair3,categorical,cannot slide forward(3),3,cannot slide forward,FALSE,
034,B,chair3,categorical,not done/terminated(4),4,not done/terminated,FALSE,
034,B,chair4,categorical,"na, wrong skip(-3)",-3,"na, wrong skip",TRUE,
034,B,chair4,categorical,"na, see BCHAIR2(-2)",-2,"na, see BCHAIR2",TRUE,
034,B,chair4,categorical,"na, asked(-1)",-1,"na, asked",TRUE,
034,B,chair4,categorical,succeeded without using arms(1),1,succeeded without using arms,FALSE,
034,B,chair4,categorical,succeeded using arms(2),2,succeeded using arms,FALSE,
034,B,chair4,categorical,cannot(3),3,cannot,FALSE,
034,B,chair5,categorical,"na, wrong skip(-3)",-3,"na, wrong skip",TRUE,
034,B,chair5,categorical,"na, see BCHAIR4(-2)",-2,"na, see BCHAIR4",TRUE,
034,B,chair5,categorical,"na, asked(-1)",-1,"na, asked",TRUE,
034,B,chair5,categorical,no: five times completed(1),1,no: five times completed,FALSE,
034,B,chair5,categorical,no: less than five times(2),2,no: less than five times,FALSE,
034,B,chair5,categorical,yes: less than five times(3),3,yes: less than five times,FALSE,
034,B,chair6,numeric,"na, no measuring(-6)",-6,"na, no measuring",TRUE,
034,B,chair6,numeric,"na, wrong skip(-3)",-3,"na, wrong skip",TRUE,
034,B,chair6,numeric,"na, see BCHAIR4(-2)",-2,"na, see BCHAIR4",TRUE,
034,B,chair6,numeric,"na, asked(-1)",-1,"na, asked",TRUE,
034,B,chair7,numeric,"see bchair6 -> na, no measuring(-6)",-6,"na, no measuring",TRUE,
034,B,chair7,numeric,"see bchair6 -> na, wrong skip(-3)",-3,"na, wrong skip",TRUE,
034,B,chair7,numeric,"see bchair6 -> na, see BCHAIR4(-2)",-2,"na, see BCHAIR4",TRUE,
034,B,chair7,numeric,"see bchair6 -> na, asked(-1)",-1,"na, asked",TRUE,
034,B,chair8,numeric,"na, wrong skip(-3)",-3,"na, wrong skip",TRUE,
034,B,chair8,numeric,"na, see BCHAIR4(-2)",-2,"na, see BCHAIR4",TRUE,
034,B,chair8,numeric,"na, asked(-1)",-1,"na, asked",TRUE,
034,B,chair9,binary,"na, wrong skip(-3)",-3,"na, wrong skip",TRUE,
034,B,chair9,binary,"na, see BCHAIR4(-2)",-2,"na, see BCHAIR4",TRUE,
034,B,chair9,binary,"na, asked(-1)",-1,"na, asked",TRUE,
034,B,chair9,binary,no(1),1,no,FALSE,
034,B,chair9,binary,yes(2),2,yes,FALSE,
034,B,rmpf,categorical,valid score(-2),-2,valid score,TRUE,
034,B,rmpf,categorical,short version(1),1,short version,FALSE,
034,B,rmpf,categorical,interview terminated(2),2,interview terminated,FALSE,
034,B,walk01,categorical,"na, see BRMPF(-2)",-2,"na, see BRMPF",TRUE,
034,B,walk01,categorical,"na, asked(-1)",-1,"na, asked",TRUE,
034,B,walk01,categorical,no restrictions(1),1,no restrictions,FALSE,
034,B,walk01,categorical,in wheelchair(2),2,in wheelchair,FALSE,
034,B,walk01,categorical,recent surgery(3),3,recent surgery,FALSE,
034,B,walk01,categorical,recent accident(4),4,recent accident,FALSE,
034,B,walk01,categorical,other(5),5,other,FALSE,
034,B,walk02,categorical,"na, wrong skip(-3)",-3,"na, wrong skip",TRUE,
034,B,walk02,categorical,"na, see BWALK01(-2)",-2,"na, see BWALK01",TRUE,
034,B,walk02,categorical,"na, asked(-1)",-1,"na, asked",TRUE,
034,B,walk02,categorical,respondent already walked(1),1,respondent already walked,FALSE,
034,B,walk02,categorical,can walk (with aid)(2),2,can walk (with aid),FALSE,
034,B,walk02,categorical,can walk with aid not available(3),3,can walk with aid not available,FALSE,
034,B,walk02,categorical,cannot walk(4),4,cannot walk,FALSE,
034,B,walk03,categorical,"na, wrong skip(-3)",-3,"na, wrong skip",TRUE,
034,B,walk03,categorical,"na, see BWALK01 & 02(-2)",-2,"na, see BWALK01 & 02",TRUE,
034,B,walk03,categorical,"na, asked(-1)",-1,"na, asked",TRUE,
034,B,walk03,categorical,no(1),1,no,FALSE,
034,B,walk03,categorical,yes(2),2,yes,FALSE,
034,B,walk03,categorical,terminated(3),3,terminated,FALSE,
034,B,walk04,numeric,"na, no measuring(-6)",-6,"na, no measuring",TRUE,
034,B,walk04,numeric,"na, wrong skip(-3)",-3,"na, wrong skip",TRUE,
034,B,walk04,numeric,"na, see BWALK03(-2)",-2,"na, see BWALK03",TRUE,
034,B,walk04,numeric,"na, asked(-1)",-1,"na, asked",TRUE,
034,B,walk05,numeric,"see bwalk4 -> na, no measuring(-6)",-6,"na, no measuring",TRUE,
034,B,walk05,numeric,"see bwalk4 -> na, wrong skip(-3)",-3,"na, wrong skip",TRUE,
034,B,walk05,numeric,"see bwalk4 -> na, see BWALK03(-2)",-2,"na, see BWALK03",TRUE,
034,B,walk05,numeric,"see bwalk4 -> na, asked(-1)",-1,"na, asked",TRUE,
034,B,walk06,categorical,"na, wrong skip(-3)",-3,"na, wrong skip",TRUE,
034,B,walk06,categorical,"na, see BWALK02(-2)",-2,"na, see BWALK02",TRUE,
034,B,walk06,categorical,"na, asked(-1)",-1,"na, asked",TRUE,
034,B,walk06,categorical,walkingbar(1),1,walkingbar,FALSE,
034,B,walk06,categorical,stick(2),2,stick,FALSE,
034,B,walk06,categorical,other(3),3,other,FALSE,
034,B,walk06,categorical,none(4),4,none,FALSE,
034,B,walk07,ordinal,"na, wrong skip(-3)",-3,"na, wrong skip",TRUE,
034,B,walk07,ordinal,"na, see BWALK02(-2)",-2,"na, see BWALK02",TRUE,
034,B,walk07,ordinal,"na, asked(-1)",-1,"na, asked",TRUE,
034,B,walk07,ordinal,no(1),1,no,FALSE,
034,B,walk07,ordinal,yes(2),2,yes,FALSE,
034,B,walk08,categorical,"na, wrong skip(-3)",-3,"na, wrong skip",TRUE,
034,B,walk08,categorical,"na, see BWALK02(-2)",-2,"na, see BWALK02",TRUE,
034,B,walk08,categorical,"na, asked(-1)",-1,"na, asked",TRUE,
034,B,walk08,categorical,parquet/tiles(1),1,parquet/tiles,FALSE,
034,B,walk08,categorical,low carpet(2),2,low carpet,FALSE,
034,B,walk08,categorical,high carpet(3),3,high carpet,FALSE,
034,B,walk08,categorical,not done/terminated(4),4,not done/terminated,FALSE,
034,B,walk09,categorical,"na, wrong skip(-3)",-3,"na, wrong skip",TRUE,
034,B,walk09,categorical,"na, see BWALK03(-2)",-2,"na, see BWALK03",TRUE,
034,B,walk09,categorical,"na, asked(-1)",-1,"na, asked",TRUE,
034,B,walk09,categorical,no(0),0,no,FALSE,
034,B,walk09,categorical,yes(1),1,yes,FALSE,
034,B,walk10,binary,"na, wrong skip(-3)",-3,"na, wrong skip",TRUE,
034,B,walk10,binary,"na, see BWALK09(-2)",-2,"na, see BWALK09",TRUE,
034,B,walk10,binary,"na, asked(-1)",-1,"na, asked",TRUE,
034,B,walk10,binary,not mentioned(0),0,not mentioned,FALSE,
034,B,walk10,binary,mentioned(1),1,mentioned,FALSE,
034,B,walk11,binary,"see bwalk10 -> na, wrong skip(-3)",-3,"na, wrong skip",TRUE,
034,B,walk11,binary,"see bwalk10 -> na, see BWALK09(-2)",-2,"na, see BWALK09",TRUE,
034,B,walk11,binary,"see bwalk10 -> na, asked(-1)",-1,"na, asked",TRUE,
034,B,walk11,binary,see bwalk10 -> not mentioned(0),0,not mentioned,FALSE,
034,B,walk11,binary,see bwalk10 -> mentioned(1),1,mentioned,FALSE,
034,B,walk12,binary,"see bwalk10 -> na, wrong skip(-3)",-3,"na, wrong skip",TRUE,
034,B,walk12,binary,"see bwalk10 -> na, see BWALK09(-2)",-2,"na, see BWALK09",TRUE,
034,B,walk12,binary,"see bwalk10 -> na, asked(-1)",-1,"na, asked",TRUE,
034,B,walk12,binary,see bwalk10 -> not mentioned(0),0,not mentioned,FALSE,
034,B,walk12,binary,see bwalk10 -> mentioned(1),1,mentioned,FALSE,
034,B,walk13,binary,"see bwalk10 -> na, wrong skip(-3)",-3,"na, wrong skip",TRUE,
034,B,walk13,binary,"see bwalk10 -> na, see BWALK09(-2)",-2,"na, see BWALK09",TRUE,
034,B,walk13,binary,"see bwalk10 -> na, asked(-1)",-1,"na, asked",TRUE,
034,B,walk13,binary,see bwalk10 -> not mentioned(0),0,not mentioned,FALSE,
034,B,walk13,binary,see bwalk10 -> mentioned(1),1,mentioned,FALSE,
034,B,walk14,binary,"see bwalk10 -> na, wrong skip(-3)",-3,"na, wrong skip",TRUE,
034,B,walk14,binary,"see bwalk10 -> na, see BWALK09(-2)",-2,"na, see BWALK09",TRUE,
034,B,walk14,binary,"see bwalk10 -> na, asked(-1)",-1,"na, asked",TRUE,
034,B,walk14,binary,see bwalk10 -> not mentioned(0),0,not mentioned,FALSE,
034,B,walk14,binary,see bwalk10 -> mentioned(1),1,mentioned,FALSE,
034,B,walk15,binary,"see bwalk10 -> na, wrong skip(-3)",-3,"na, wrong skip",TRUE,
034,B,walk15,binary,"see bwalk10 -> na, see BWALK09(-2)",-2,"na, see BWALK09",TRUE,
034,B,walk15,binary,"see bwalk10 -> na, asked(-1)",-1,"na, asked",TRUE,
034,B,walk15,binary,see bwalk10 -> not mentioned(0),0,not mentioned,FALSE,
034,B,walk15,binary,see bwalk10 -> mentioned(1),1,mentioned,FALSE,
034,B,walk16,binary,"see bwalk10 -> na, wrong skip(-3)",-3,"na, wrong skip",TRUE,
034,B,walk16,binary,"see bwalk10 -> na, see BWALK09(-2)",-2,"na, see BWALK09",TRUE,
034,B,walk16,binary,"see bwalk10 -> na, asked(-1)",-1,"na, asked",TRUE,
034,B,walk16,binary,see bwalk10 -> not mentioned(0),0,not mentioned,FALSE,
034,B,walk16,binary,see bwalk10 -> mentioned(1),1,mentioned,FALSE,
034,B,walk17,binary,"see bwalk10 -> na, wrong skip(-3)",-3,"na, wrong skip",TRUE,
034,B,walk17,binary,"see bwalk10 -> na, see BWALK09(-2)",-2,"na, see BWALK09",TRUE,
034,B,walk17,binary,"see bwalk10 -> na, asked(-1)",-1,"na, asked",TRUE,
034,B,walk17,binary,see bwalk10 -> not mentioned(0),0,not mentioned,FALSE,
034,B,walk17,binary,see bwalk10 -> mentioned(1),1,mentioned,FALSE,
034,B,walk18,binary,"see bwalk10 -> na, wrong skip(-3)",-3,"na, wrong skip",TRUE,
034,B,walk18,binary,"see bwalk10 -> na, see BWALK09(-2)",-2,"na, see BWALK09",TRUE,
034,B,walk18,binary,"see bwalk10 -> na, asked(-1)",-1,"na, asked",TRUE,
034,B,walk18,binary,see bwalk10 -> not mentioned(0),0,not mentioned,FALSE,
034,B,walk18,binary,see bwalk10 -> mentioned(1),1,mentioned,FALSE,
034,B,walk19,categorical,"na, wrong skip(-3)",-3,"na, wrong skip",TRUE,
034,B,walk19,categorical,"na, see BWALK03(-2)",-2,"na, see BWALK03",TRUE,
034,B,walk19,categorical,"na, asked(-1)",-1,"na, asked",TRUE,
034,B,walk19,categorical,not enough room/time(1),1,not enough room/time,FALSE,
034,B,walk19,categorical,R refused(2),2,R refused,FALSE,
034,B,walk19,categorical,exercise not safe(3),3,exercise not safe,FALSE,
034,B,walk19,categorical,physically not capable(4),4,physically not capable,FALSE,
034,B,walk19,categorical,R did not understand(5),5,R did not understand,FALSE,
034,B,walk19,categorical,other(6),6,other,FALSE,
034,C,cardig1,categorical,"na, technical missing(-7)",-7,"na, technical missing",TRUE,
034,C,cardig1,categorical,"na, test not done(-6)",-6,"na, test not done",TRUE,
034,C,cardig1,categorical,"na, wrong skip(-3)",-3,"na, wrong skip",TRUE,
034,C,cardig1,categorical,"na, see C/D/E/B/F/G/H/B/I/J/KRMPF(-2)",-2,"na, see C/D/E/B/F/G/H/B/I/J/KRMPF",TRUE,
034,C,cardig1,categorical,"na, asked(-1)",-1,"na, asked",TRUE,
034,C,cardig1,categorical,completed without help(1),1,completed without help,FALSE,
034,C,cardig1,categorical,completed with help(2),2,completed with help,FALSE,
034,C,cardig1,categorical,terminated(3),3,terminated,FALSE,
034,C,cardig1,categorical,not done(4),4,not done,FALSE,
034,C,cardig2,categorical,"na, wrong skip(-3)",-3,"na, wrong skip",TRUE,
034,C,cardig2,categorical,"na, see C/D/E/B/F/G/H/BCARDIG1(-2)",-2,"na, see C/D/E/B/F/G/H/BCARDIG1",TRUE,
034,C,cardig2,categorical,"na, asked(-1)",-1,"na, asked",TRUE,
034,C,cardig2,categorical,completed without help(1),1,completed without help,FALSE,
034,C,cardig2,categorical,completed with help(2),2,completed with help,FALSE,
034,C,cardig2,categorical,terminated(3),3,terminated,FALSE,
034,C,cardig2,categorical,not done(4),4,not done,FALSE,
034,C,cardig3,categorical,"na, wrong skip(-3)",-3,"na, wrong skip",TRUE,
034,C,cardig3,categorical,"na, see C/D/E/B/F/G/H/BCARDIG2(-2)",-2,"na, see C/D/E/B/F/G/H/BCARDIG2",TRUE,
034,C,cardig3,categorical,"na, asked(-1)",-1,"na, asked",TRUE,
034,C,cardig3,categorical,completed without help(1),1,completed without help,FALSE,
034,C,cardig3,categorical,completed with help(2),2,completed with help,FALSE,
034,C,cardig3,categorical,terminated(3),3,terminated,FALSE,
034,C,cardig3,categorical,not done(4),4,not done,FALSE,
034,C,cardig4,numeric,"na, no measurement(-6)",-6,"na, no measurement",TRUE,
034,C,cardig4,numeric,"na, wrong skip(-3)",-3,"na, wrong skip",TRUE,
034,C,cardig4,numeric,"na, see C/D/E/B/F/G/H/B/I/J/KCARDIG1(-2)",-2,"na, see C/D/E/B/F/G/H/B/I/J/KCARDIG1",TRUE,
034,C,cardig4,numeric,no (valid) answer(-1),-1,no (valid) answer,TRUE,
034,C,cardig5,categorical,"na, see C/D/E/B/F/G/H/B/I/J/KCARDIG1(-2)",-2,"na, see C/D/E/B/F/G/H/B/I/J/KCARDIG1",TRUE,
034,C,cardig5,categorical,"na, asked(-1)",-1,"na, asked",TRUE,
034,C,cardig5,categorical,completed without help(1),1,completed without help,FALSE,
034,C,cardig5,categorical,completed with help(2),2,completed with help,FALSE,
034,C,cardig5,categorical,terminated(3),3,terminated,FALSE,
034,C,cardig5,categorical,not done(4),4,not done,FALSE,
034,C,cardig6,categorical,"na, see C/D/E/B/F/G/H/BCARDIG5(-2)",-2,"na, see C/D/E/B/F/G/H/BCARDIG5",TRUE,
034,C,cardig6,categorical,"na, asked(-1)",-1,"na, asked",TRUE,
034,C,cardig6,categorical,completed without help(1),1,completed without help,FALSE,
034,C,cardig6,categorical,completed with help(2),2,completed with help,FALSE,
034,C,cardig6,categorical,terminated(3),3,terminated,FALSE,
034,C,cardig6,categorical,not done(4),4,not done,FALSE,
034,C,cardig7,categorical,"na, see C/D/E/B/F/G/H/BCARDIG6(-2)",-2,"na, see C/D/E/B/F/G/H/BCARDIG6",TRUE,
034,C,cardig7,categorical,"na, asked(-1)",-1,"na, asked",TRUE,
034,C,cardig7,categorical,completed without help(1),1,completed without help,FALSE,
034,C,cardig7,categorical,completed with help(2),2,completed with help,FALSE,
034,C,cardig7,categorical,terminated(3),3,terminated,FALSE,
034,C,cardig7,categorical,not done(4),4,not done,FALSE,
034,C,cardig8,numeric,"na, no measurement(-6)",-6,"na, no measurement",TRUE,
034,C,cardig8,numeric,"na, wrong skip(-3)",-3,"na, wrong skip",TRUE,
034,C,cardig8,numeric,"na, see C/D/E/B/F/G/H/B/I/J/KCARDIG5(-2)",-2,"na, see C/D/E/B/F/G/H/B/I/J/KCARDIG5",TRUE,
034,C,cardig8,numeric,no (valid) answer(-1),-1,no (valid) answer,TRUE,
034,C,cardig9,categorical,"na, wrong skip(-3)",-3,"na, wrong skip",TRUE,
034,C,cardig9,categorical,"na, see CCARDIG1(-2)",-2,"na, see CCARDIG1",TRUE,
034,C,cardig9,categorical,"na, asked(-1)",-1,"na, asked",TRUE,
034,C,cardig9,categorical,standing(1),1,standing,FALSE,
034,C,cardig9,categorical,sitting(2),2,sitting,FALSE,
034,C,chair1,binary,"na, test not done(-6)",-6,"na, test not done",TRUE,
034,C,chair1,binary,"na, wrong skip(-3)",-3,"na, wrong skip",TRUE,
034,C,chair1,binary,"na, see C/D/E/B/F/G/H/B/B/I/J/KRMPF(-2)",-2,"na, see C/D/E/B/F/G/H/B/B/I/J/KRMPF",TRUE,
034,C,chair1,binary,"na, asked(-1)",-1,"na, asked",TRUE,
034,C,chair1,binary,no(1),1,no,FALSE,
034,C,chair1,binary,yes(2),2,yes,FALSE,
034,C,chair2,binary,"na, wrong skip(-3)",-3,"na, wrong skip",TRUE,
034,C,chair2,binary,"na, see C/D/E/B/F/G/H/B/B/I/J/KCHAIR1(-2)",-2,"na, see C/D/E/B/F/G/H/B/B/I/J/KCHAIR1",TRUE,
034,C,chair2,binary,"na, asked(-1)",-1,"na, asked",TRUE,
034,C,chair2,binary,no(1),1,no,FALSE,
034,C,chair2,binary,yes(2),2,yes,FALSE,
034,C,chair3,categorical,"na, wrong skip(-3)",-3,"na, wrong skip",TRUE,
034,C,chair3,categorical,"na, see C/D/E/B/F/G/H/B/B/I/J/KCHAIR1&2(-2)",-2,"na, see C/D/E/B/F/G/H/B/B/I/J/KCHAIR1&2",TRUE,
034,C,chair3,categorical,"na, asked(-1)",-1,"na, asked",TRUE,
034,C,chair3,categorical,slides forward without using arms(1),1,slides forward without using arms,FALSE,
034,C,chair3,categorical,slides forward using arms(2),2,slides forward using arms,FALSE,
034,C,chair3,categorical,cannot slide forward(3),3,cannot slide forward,FALSE,
034,C,chair3,categorical,not done/terminated(4),4,not done/terminated,FALSE,
034,C,chair4,categorical,"na, wrong skip(-3)",-3,"na, wrong skip",TRUE,
034,C,chair4,categorical,"na, see C/D/E/B/F/G/H/B/B/I/J/KCHAIR1&2(-2)",-2,"na, see C/D/E/B/F/G/H/B/B/I/J/KCHAIR1&2",TRUE,
034,C,chair4,categorical,"na, asked(-1)",-1,"na, asked",TRUE,
034,C,chair4,categorical,succeeded without using arms(1),1,succeeded without using arms,FALSE,
034,C,chair4,categorical,succeeded using arms(2),2,succeeded using arms,FALSE,
034,C,chair4,categorical,cannot(3),3,cannot,FALSE,
034,C,chair5,categorical,"na, test not done(-6)",-6,"na, test not done",TRUE,
034,C,chair5,categorical,"na, wrong skip(-3)",-3,"na, wrong skip",TRUE,
034,C,chair5,categorical,"na, see C/D/E/B/F/G/H/B/B/I/J/KCHAIR4(-2)",-2,"na, see C/D/E/B/F/G/H/B/B/I/J/KCHAIR4",TRUE,
034,C,chair5,categorical,"na, asked(-1)",-1,"na, asked",TRUE,
034,C,chair5,categorical,no: five times completed(1),1,no: five times completed,FALSE,
034,C,chair5,categorical,no: less than five times(2),2,no: less than five times,FALSE,
034,C,chair5,categorical,yes: less than five times(3),3,yes: less than five times,FALSE,
034,C,chair6,numeric,"na, no measurement(-6)",-6,"na, no measurement",TRUE,
034,C,chair6,numeric,"na, wrong skip(-3)",-3,"na, wrong skip",TRUE,
034,C,chair6,numeric,"na, see C/D/E/B/F/G/H/B/B/I/J/KCHAIR5(-2)",-2,"na, see C/D/E/B/F/G/H/B/B/I/J/KCHAIR5",TRUE,
034,C,chair6,numeric,"na, asked(-1)",-1,"na, asked",TRUE,
034,C,chair7,numeric,"see c/d/e/b/f/g/h/b/b/i/j/kchair6 -> na, no measurement(-6)",-6,"na, no measurement",TRUE,
034,C,chair7,numeric,"see c/d/e/b/f/g/h/b/b/i/j/kchair6 -> na, wrong skip(-3)",-3,"na, wrong skip",TRUE,
034,C,chair7,numeric,"see c/d/e/b/f/g/h/b/b/i/j/kchair6 -> na, see C/D/E/B/F/G/H/B/B/I/J/KCHAIR5(-2)",-2,"na, see C/D/E/B/F/G/H/B/B/I/J/KCHAIR5",TRUE,
034,C,chair7,numeric,"see c/d/e/b/f/g/h/b/b/i/j/kchair6 -> na, asked(-1)",-1,"na, asked",TRUE,
034,C,chair8,numeric,"na, no measurement(-6)",-6,"na, no measurement",TRUE,
034,C,chair8,numeric,"na, wrong skip(-3)",-3,"na, wrong skip",TRUE,
034,C,chair8,numeric,"na, see C/D/E/B/F/G/HCHAIR5(-2)",-2,"na, see C/D/E/B/F/G/HCHAIR5",TRUE,
034,C,chair8,numeric,"na, asked(-1)",-1,"na, asked",TRUE,
034,C,chair9,binary,"na, wrong skip(-3)",-3,"na, wrong skip",TRUE,
034,C,chair9,binary,"na, see C/D/E/B/F/G/HCHAIR5(-2)",-2,"na, see C/D/E/B/F/G/HCHAIR5",TRUE,
034,C,chair9,binary,"na, asked(-1)",-1,"na, asked",TRUE,
034,C,chair9,binary,no(1),1,no,FALSE,
034,C,chair9,binary,yes(2),2,yes,FALSE,
034,C,rmpf,categorical,valid score(-2),-2,valid score,TRUE,
034,C,rmpf,categorical,short version(1),1,short version,FALSE,
034,C,rmpf,categorical,interview terminated(2),2,interview terminated,FALSE,
034,C,tandem1,categorical,"na, test not done(-6)",-6,"na, test not done",TRUE,
034,C,tandem1,categorical,"na, wrong skip(-3)",-3,"na, wrong skip",TRUE,
034,C,tandem1,categorical,"na, see C/D/E/F/G/H/B/B/I/J/KRMPF(-2)",-2,"na, see C/D/E/F/G/H/B/B/I/J/KRMPF",TRUE,
034,C,tandem1,categorical,"na, asked(-1)",-1,"na, asked",TRUE,
034,C,tandem1,categorical,normal test(1),1,normal test,FALSE,
034,C,tandem1,categorical,not capable(2),2,not capable,FALSE,
034,C,tandem1,categorical,falls almost direct(3),3,falls almost direct,FALSE,
034,C,tandem1,categorical,stops within 3 sec.(4),4,stops within 3 sec.,FALSE,
034,C,tandem1,categorical,refusal(5),5,refusal,FALSE,
034,C,tandem1,categorical,physical impossible(6),6,physical impossible,FALSE,
034,C,tandem2,numeric,"na, wrong skip(-3)",-3,"na, wrong skip",TRUE,
034,C,tandem2,numeric,"na, see C/D/E/F/G/H/B/B/I/J/KTANDEM1(-2)",-2,"na, see C/D/E/F/G/H/B/B/I/J/KTANDEM1",TRUE,
034,C,tandem2,numeric,"na, asked(-1)",-1,"na, asked",TRUE,
034,C,walk01,categorical,"na, test not done(-6)",-6,"na, test not done",TRUE,
034,C,walk01,categorical,"na, wrong skip(-3)",-3,"na, wrong skip",TRUE,
034,C,walk01,categorical,"na, see C/D/E/B/F/G/H/B/B/I/J/KRMPF(-2)",-2,"na, see C/D/E/B/F/G/H/B/B/I/J/KRMPF",TRUE,
034,C,walk01,categorical,"na, asked(-1)",-1,"na, asked",TRUE,
034,C,walk01,categorical,no restrictions(1),1,no restrictions,FALSE,
034,C,walk01,categorical,in wheelchair(2),2,in wheelchair,FALSE,
034,C,walk01,categorical,recent surgery(3),3,recent surgery,FALSE,
034,C,walk01,categorical,recent accident(4),4,recent accident,FALSE,
034,C,walk01,categorical,other(5),5,other,FALSE,
034,C,walk02,categorical,"na, wrong skip(-3)",-3,"na, wrong skip",TRUE,
034,C,walk02,categorical,"na, see C/D/E/B/F/G/H/B/B/I/J/KWALK01(-2)",-2,"na, see C/D/E/B/F/G/H/B/B/I/J/KWALK01",TRUE,
034,C,walk02,categorical,"na, asked(-1)",-1,"na, asked",TRUE,
034,C,walk02,categorical,respondent already walked(1),1,respondent already walked,FALSE,
034,C,walk02,categorical,can walk (with aid)(2),2,can walk (with aid),FALSE,
034,C,walk02,categorical,can walk with aid not available(3),3,can walk with aid not available,FALSE,
034,C,walk02,categorical,cannot walk(4),4,cannot walk,FALSE,
034,C,walk03,categorical,"na, wrong skip(-3)",-3,"na, wrong skip",TRUE,
034,C,walk03,categorical,"na, see C/D/E/B/F/G/H/B/B/I/J/KWALK01&02(-2)",-2,"na, see C/D/E/B/F/G/H/B/B/I/J/KWALK01&02",TRUE,
034,C,walk03,categorical,"na, asked(-1)",-1,"na, asked",TRUE,
034,C,walk03,categorical,no(1),1,no,FALSE,
034,C,walk03,categorical,yes(2),2,yes,FALSE,
034,C,walk03,categorical,terminated(3),3,terminated,FALSE,
034,C,walk04,numeric,"na, no measurement(-6)",-6,"na, no measurement",TRUE,
034,C,walk04,numeric,"na, see C/D/E/B/F/G/H/B/B/I/J/KWALK03(-2)",-2,"na, see C/D/E/B/F/G/H/B/B/I/J/KWALK03",TRUE,
034,C,walk04,numeric,no (valid) answer(-1),-1,no (valid) answer,TRUE,
034,C,walk05,numeric,"na, no measurement (-6)",-6,"na, no measurement",TRUE,
034,C,walk05,numeric,"na, see C/D/E/B/F/GWALK03(-2)",-2,"na, see C/D/E/B/F/GWALK03",TRUE,
034,C,walk05,numeric,no (valid) answer(-1),-1,no (valid) answer,TRUE,
034,C,walk06,categorical,"na, see CWALK03(-2)",-2,"na, see CWALK03",TRUE,
034,C,walk06,categorical,"na, asked(-1)",-1,"na, asked",TRUE,
034,C,walk06,categorical,walkingbar(1),1,walkingbar,FALSE,
034,C,walk06,categorical,stick(2),2,stick,FALSE,
034,C,walk06,categorical,other(3),3,other,FALSE,
034,C,walk06,categorical,none(4),4,none,FALSE,
034,C,walk07,ordinal,"na, wrong skip(-6)",-6,"na, wrong skip",TRUE,
034,C,walk07,ordinal,"na, see C/D/E/B/F/G/HWALK03(-2)",-2,"na, see C/D/E/B/F/G/HWALK03",TRUE,
034,C,walk07,ordinal,"na, asked(-1)",-1,"na, asked",TRUE,
034,C,walk07,ordinal,no(1),1,no,FALSE,
034,C,walk07,ordinal,yes(2),2,yes,FALSE,
034,C,walk08,categorical,"na, wrong skip(-3)",-3,"na, wrong skip",TRUE,
034,C,walk08,categorical,"na, see C/D/E/B/F/G/HWALK03(-2)",-2,"na, see C/D/E/B/F/G/HWALK03",TRUE,
034,C,walk08,categorical,"na, asked(-1)",-1,"na, asked",TRUE,
034,C,walk08,categorical,parquet/tiles(1),1,parquet/tiles,FALSE,
034,C,walk08,categorical,low carpet(2),2,low carpet,FALSE,
034,C,walk08,categorical,high carpet(3),3,high carpet,FALSE,
034,C,walk08,categorical,not done/terminated(4),4,not done/terminated,FALSE,
034,C,walk09,categorical,"na, wrong skip(-3)",-3,"na, wrong skip",TRUE,
034,C,walk09,categorical,"na, see C/D/E/B/F/GWALK03(-2)",-2,"na, see C/D/E/B/F/GWALK03",TRUE,
034,C,walk09,categorical,"na, asked(-1)",-1,"na, asked",TRUE,
034,C,walk09,categorical,no(0),0,no,FALSE,
034,C,walk09,categorical,yes(1),1,yes,FALSE,
034,C,walk10,binary,"na, wrong skip(-3)",-3,"na, wrong skip",TRUE,
034,C,walk10,binary,"na, see C/D/E/B/F/G/H/B/B/I/J/KWALK09(-2)",-2,"na, see C/D/E/B/F/G/H/B/B/I/J/KWALK09",TRUE,
034,C,walk10,binary,"na, asked(-1)",-1,"na, asked",TRUE,
034,C,walk10,binary,not mentioned(0),0,not mentioned,FALSE,
034,C,walk10,binary,mentioned(1),1,mentioned,FALSE,
034,C,walk11,binary,"see c/d/e/b/f/g/h/b/b/i/j/kwalk10 -> na, wrong skip(-3)",-3,"na, wrong skip",TRUE,
034,C,walk11,binary,"see c/d/e/b/f/g/h/b/b/i/j/kwalk10 -> na, see C/D/E/B/F/G/H/B/B/I/J/KWALK09(-2)",-2,"na, see C/D/E/B/F/G/H/B/B/I/J/KWALK09",TRUE,
034,C,walk11,binary,"see c/d/e/b/f/g/h/b/b/i/j/kwalk10 -> na, asked(-1)",-1,"na, asked",TRUE,
034,C,walk11,binary,see c/d/e/b/f/g/h/b/b/i/j/kwalk10 -> not mentioned(0),0,not mentioned,FALSE,
034,C,walk11,binary,see c/d/e/b/f/g/h/b/b/i/j/kwalk10 -> mentioned(1),1,mentioned,FALSE,
034,C,walk12,binary,"see c/d/e/b/f/g/h/b/b/i/j/kwalk10 -> na, wrong skip(-3)",-3,"na, wrong skip",TRUE,
034,C,walk12,binary,"see c/d/e/b/f/g/h/b/b/i/j/kwalk10 -> na, see C/D/E/B/F/G/H/B/B/I/J/KWALK09(-2)",-2,"na, see C/D/E/B/F/G/H/B/B/I/J/KWALK09",TRUE,
034,C,walk12,binary,"see c/d/e/b/f/g/h/b/b/i/j/kwalk10 -> na, asked(-1)",-1,"na, asked",TRUE,
034,C,walk12,binary,see c/d/e/b/f/g/h/b/b/i/j/kwalk10 -> not mentioned(0),0,not mentioned,FALSE,
034,C,walk12,binary,see c/d/e/b/f/g/h/b/b/i/j/kwalk10 -> mentioned(1),1,mentioned,FALSE,
034,C,walk13,binary,"see c/d/e/b/f/g/h/b/b/i/j/kwalk10 -> na, wrong skip(-3)",-3,"na, wrong skip",TRUE,
034,C,walk13,binary,"see c/d/e/b/f/g/h/b/b/i/j/kwalk10 -> na, see C/D/E/B/F/G/H/B/B/I/J/KWALK09(-2)",-2,"na, see C/D/E/B/F/G/H/B/B/I/J/KWALK09",TRUE,
034,C,walk13,binary,"see c/d/e/b/f/g/h/b/b/i/j/kwalk10 -> na, asked(-1)",-1,"na, asked",TRUE,
034,C,walk13,binary,see c/d/e/b/f/g/h/b/b/i/j/kwalk10 -> not mentioned(0),0,not mentioned,FALSE,
034,C,walk13,binary,see c/d/e/b/f/g/h/b/b/i/j/kwalk10 -> mentioned(1),1,mentioned,FALSE,
034,C,walk14,binary,"see c/d/e/b/f/g/h/b/b/i/j/kwalk10 -> na, wrong skip(-3)",-3,"na, wrong skip",TRUE,
034,C,walk14,binary,"see c/d/e/b/f/g/h/b/b/i/j/kwalk10 -> na, see C/D/E/B/F/G/H/B/B/I/J/KWALK09(-2)",-2,"na, see C/D/E/B/F/G/H/B/B/I/J/KWALK09",TRUE,
034,C,walk14,binary,"see c/d/e/b/f/g/h/b/b/i/j/kwalk10 -> na, asked(-1)",-1,"na, asked",TRUE,
034,C,walk14,binary,see c/d/e/b/f/g/h/b/b/i/j/kwalk10 -> not mentioned(0),0,not mentioned,FALSE,
034,C,walk14,binary,see c/d/e/b/f/g/h/b/b/i/j/kwalk10 -> mentioned(1),1,mentioned,FALSE,
034,C,walk15,binary,"see c/d/e/b/f/g/h/b/b/i/j/kwalk10 -> na, wrong skip(-3)",-3,"na, wrong skip",TRUE,
034,C,walk15,binary,"see c/d/e/b/f/g/h/b/b/i/j/kwalk10 -> na, see C/D/E/B/F/G/H/B/B/I/J/KWALK09(-2)",-2,"na, see C/D/E/B/F/G/H/B/B/I/J/KWALK09",TRUE,
034,C,walk15,binary,"see c/d/e/b/f/g/h/b/b/i/j/kwalk10 -> na, asked(-1)",-1,"na, asked",TRUE,
034,C,walk15,binary,see c/d/e/b/f/g/h/b/b/i/j/kwalk10 -> not mentioned(0),0,not mentioned,FALSE,
034,C,walk15,binary,see c/d/e/b/f/g/h/b/b/i/j/kwalk10 -> mentioned(1),1,mentioned,FALSE,
034,C,walk16,binary,"see c/d/e/b/f/g/h/b/b/i/j/kwalk10 -> na, wrong skip(-3)",-3,"na, wrong skip",TRUE,
034,C,walk16,binary,"see c/d/e/b/f/g/h/b/b/i/j/kwalk10 -> na, see C/D/E/B/F/G/H/B/B/I/J/KWALK09(-2)",-2,"na, see C/D/E/B/F/G/H/B/B/I/J/KWALK09",TRUE,
034,C,walk16,binary,"see c/d/e/b/f/g/h/b/b/i/j/kwalk10 -> na, asked(-1)",-1,"na, asked",TRUE,
034,C,walk16,binary,see c/d/e/b/f/g/h/b/b/i/j/kwalk10 -> not mentioned(0),0,not mentioned,FALSE,
034,C,walk16,binary,see c/d/e/b/f/g/h/b/b/i/j/kwalk10 -> mentioned(1),1,mentioned,FALSE,
034,C,walk17,binary,"see c/d/e/b/f/g/h/b/b/i/j/kwalk10 -> na, wrong skip(-3)",-3,"na, wrong skip",TRUE,
034,C,walk17,binary,"see c/d/e/b/f/g/h/b/b/i/j/kwalk10 -> na, see C/D/E/B/F/G/H/B/B/I/J/KWALK09(-2)",-2,"na, see C/D/E/B/F/G/H/B/B/I/J/KWALK09",TRUE,
034,C,walk17,binary,"see c/d/e/b/f/g/h/b/b/i/j/kwalk10 -> na, asked(-1)",-1,"na, asked",TRUE,
034,C,walk17,binary,see c/d/e/b/f/g/h/b/b/i/j/kwalk10 -> not mentioned(0),0,not mentioned,FALSE,
034,C,walk17,binary,see c/d/e/b/f/g/h/b/b/i/j/kwalk10 -> mentioned(1),1,mentioned,FALSE,
034,C,walk18,binary,"na, wrong skip(-3)",-3,"na, wrong skip",TRUE,
034,C,walk18,binary,"na, see C/D/E/B/F/G/H/B/B/I/J/KWALK09(-2)",-2,"na, see C/D/E/B/F/G/H/B/B/I/J/KWALK09",TRUE,
034,C,walk18,binary,"na, asked(-1)",-1,"na, asked",TRUE,
034,C,walk18,binary,not mentioned(0),0,not mentioned,FALSE,
034,C,walk18,binary,mentioned(1),1,mentioned,FALSE,
034,C,walk19,categorical,"na, wrong skip(-3)",-3,"na, wrong skip",TRUE,
034,C,walk19,categorical,"na, see C/D/E/B/F/G/H/B/B/I/J/KWALK03(-2)",-2,"na, see C/D/E/B/F/G/H/B/B/I/J/KWALK03",TRUE,
034,C,walk19,categorical,"na, asked(-1)",-1,"na, asked",TRUE,
034,C,walk19,categorical,not enough room/time(1),1,not enough room/time,FALSE,
034,C,walk19,categorical,R refused(2),2,R refused,FALSE,
034,C,walk19,categorical,exercise not safe(3),3,exercise not safe,FALSE,
034,C,walk19,categorical,physically not capable(4),4,physically not capable,FALSE,
034,C,walk19,categorical,R did not understand(5),5,R did not understand,FALSE,
034,C,walk19,categorical,other(6),6,other,FALSE,
034,D,cardig1,categorical,"na, technical missing(-7)",-7,"na, technical missing",TRUE,
034,D,cardig1,categorical,"na, test not done(-6)",-6,"na, test not done",TRUE,
034,D,cardig1,categorical,"na, wrong skip(-3)",-3,"na, wrong skip",TRUE,
034,D,cardig1,categorical,"na, see C/D/E/B/F/G/H/B/I/J/KRMPF(-2)",-2,"na, see C/D/E/B/F/G/H/B/I/J/KRMPF",TRUE,
034,D,cardig1,categorical,"na, asked(-1)",-1,"na, asked",TRUE,
034,D,cardig1,categorical,completed without help(1),1,completed without help,FALSE,
034,D,cardig1,categorical,completed with help(2),2,completed with help,FALSE,
034,D,cardig1,categorical,terminated(3),3,terminated,FALSE,
034,D,cardig1,categorical,not done(4),4,not done,FALSE,
034,D,cardig2,categorical,"na, wrong skip(-3)",-3,"na, wrong skip",TRUE,
034,D,cardig2,categorical,"na, see C/D/E/B/F/G/H/BCARDIG1(-2)",-2,"na, see C/D/E/B/F/G/H/BCARDIG1",TRUE,
034,D,cardig2,categorical,"na, asked(-1)",-1,"na, asked",TRUE,
034,D,cardig2,categorical,completed without help(1),1,completed without help,FALSE,
034,D,cardig2,categorical,completed with help(2),2,completed with help,FALSE,
034,D,cardig2,categorical,terminated(3),3,terminated,FALSE,
034,D,cardig2,categorical,not done(4),4,not done,FALSE,
034,D,cardig3,categorical,"na, wrong skip(-3)",-3,"na, wrong skip",TRUE,
034,D,cardig3,categorical,"na, see C/D/E/B/F/G/H/BCARDIG2(-2)",-2,"na, see C/D/E/B/F/G/H/BCARDIG2",TRUE,
034,D,cardig3,categorical,"na, asked(-1)",-1,"na, asked",TRUE,
034,D,cardig3,categorical,completed without help(1),1,completed without help,FALSE,
034,D,cardig3,categorical,completed with help(2),2,completed with help,FALSE,
034,D,cardig3,categorical,terminated(3),3,terminated,FALSE,
034,D,cardig3,categorical,not done(4),4,not done,FALSE,
034,D,cardig4,numeric,"na, no measurement(-6)",-6,"na, no measurement",TRUE,
034,D,cardig4,numeric,"na, wrong skip(-3)",-3,"na, wrong skip",TRUE,
034,D,cardig4,numeric,"na, see C/D/E/B/F/G/H/B/I/J/KCARDIG1(-2)",-2,"na, see C/D/E/B/F/G/H/B/I/J/KCARDIG1",TRUE,
034,D,cardig4,numeric,no (valid) answer(-1),-1,no (valid) answer,TRUE,
034,D,cardig5,categorical,"na, see C/D/E/B/F/G/H/B/I/J/KCARDIG1(-2)",-2,"na, see C/D/E/B/F/G/H/B/I/J/KCARDIG1",TRUE,
034,D,cardig5,categorical,"na, asked(-1)",-1,"na, asked",TRUE,
034,D,cardig5,categorical,completed without help(1),1,completed without help,FALSE,
034,D,cardig5,categorical,completed with help(2),2,completed with help,FALSE,
034,D,cardig5,categorical,terminated(3),3,terminated,FALSE,
034,D,cardig5,categorical,not done(4),4,not done,FALSE,
034,D,cardig6,categorical,"na, see C/D/E/B/F/G/H/BCARDIG5(-2)",-2,"na, see C/D/E/B/F/G/H/BCARDIG5",TRUE,
034,D,cardig6,categorical,"na, asked(-1)",-1,"na, asked",TRUE,
034,D,cardig6,categorical,completed without help(1),1,completed without help,FALSE,
034,D,cardig6,categorical,completed with help(2),2,completed with help,FALSE,
034,D,cardig6,categorical,terminated(3),3,terminated,FALSE,
034,D,cardig6,categorical,not done(4),4,not done,FALSE,
034,D,cardig7,categorical,"na, see C/D/E/B/F/G/H/BCARDIG6(-2)",-2,"na, see C/D/E/B/F/G/H/BCARDIG6",TRUE,
034,D,cardig7,categorical,"na, asked(-1)",-1,"na, asked",TRUE,
034,D,cardig7,categorical,completed without help(1),1,completed without help,FALSE,
034,D,cardig7,categorical,completed with help(2),2,completed with help,FALSE,
034,D,cardig7,categorical,terminated(3),3,terminated,FALSE,
034,D,cardig7,categorical,not done(4),4,not done,FALSE,
034,D,cardig8,numeric,"na, no measurement(-6)",-6,"na, no measurement",TRUE,
034,D,cardig8,numeric,"na, wrong skip(-3)",-3,"na, wrong skip",TRUE,
034,D,cardig8,numeric,"na, see C/D/E/B/F/G/H/B/I/J/KCARDIG5(-2)",-2,"na, see C/D/E/B/F/G/H/B/I/J/KCARDIG5",TRUE,
034,D,cardig8,numeric,no (valid) answer(-1),-1,no (valid) answer,TRUE,
034,D,cardig9,categorical,"na, wrong skip(-3)",-3,"na, wrong skip",TRUE,
034,D,cardig9,categorical,"na, see D/E/BCARDIG1(-2)",-2,"na, see D/E/BCARDIG1",TRUE,
034,D,cardig9,categorical,"na, asked(-1)",-1,"na, asked",TRUE,
034,D,cardig9,categorical,standing(1),1,standing,FALSE,
034,D,cardig9,categorical,sitting(2),2,sitting,FALSE,
034,D,cardig9,categorical,otherway(3),3,otherway,FALSE,
034,D,chair1,binary,"na, test not done(-6)",-6,"na, test not done",TRUE,
034,D,chair1,binary,"na, wrong skip(-3)",-3,"na, wrong skip",TRUE,
034,D,chair1,binary,"na, see C/D/E/B/F/G/H/B/B/I/J/KRMPF(-2)",-2,"na, see C/D/E/B/F/G/H/B/B/I/J/KRMPF",TRUE,
034,D,chair1,binary,"na, asked(-1)",-1,"na, asked",TRUE,
034,D,chair1,binary,no(1),1,no,FALSE,
034,D,chair1,binary,yes(2),2,yes,FALSE,
034,D,chair2,binary,"na, wrong skip(-3)",-3,"na, wrong skip",TRUE,
034,D,chair2,binary,"na, see C/D/E/B/F/G/H/B/B/I/J/KCHAIR1(-2)",-2,"na, see C/D/E/B/F/G/H/B/B/I/J/KCHAIR1",TRUE,
034,D,chair2,binary,"na, asked(-1)",-1,"na, asked",TRUE,
034,D,chair2,binary,no(1),1,no,FALSE,
034,D,chair2,binary,yes(2),2,yes,FALSE,
034,D,chair3,categorical,"na, wrong skip(-3)",-3,"na, wrong skip",TRUE,
034,D,chair3,categorical,"na, see C/D/E/B/F/G/H/B/B/I/J/KCHAIR1&2(-2)",-2,"na, see C/D/E/B/F/G/H/B/B/I/J/KCHAIR1&2",TRUE,
034,D,chair3,categorical,"na, asked(-1)",-1,"na, asked",TRUE,
034,D,chair3,categorical,slides forward without using arms(1),1,slides forward without using arms,FALSE,
034,D,chair3,categorical,slides forward using arms(2),2,slides forward using arms,FALSE,
034,D,chair3,categorical,cannot slide forward(3),3,cannot slide forward,FALSE,
034,D,chair3,categorical,not done/terminated(4),4,not done/terminated,FALSE,
034,D,chair4,categorical,"na, wrong skip(-3)",-3,"na, wrong skip",TRUE,
034,D,chair4,categorical,"na, see C/D/E/B/F/G/H/B/B/I/J/KCHAIR1&2(-2)",-2,"na, see C/D/E/B/F/G/H/B/B/I/J/KCHAIR1&2",TRUE,
034,D,chair4,categorical,"na, asked(-1)",-1,"na, asked",TRUE,
034,D,chair4,categorical,succeeded without using arms(1),1,succeeded without using arms,FALSE,
034,D,chair4,categorical,succeeded using arms(2),2,succeeded using arms,FALSE,
034,D,chair4,categorical,cannot(3),3,cannot,FALSE,
034,D,chair5,categorical,"na, test not done(-6)",-6,"na, test not done",TRUE,
034,D,chair5,categorical,"na, wrong skip(-3)",-3,"na, wrong skip",TRUE,
034,D,chair5,categorical,"na, see C/D/E/B/F/G/H/B/B/I/J/KCHAIR4(-2)",-2,"na, see C/D/E/B/F/G/H/B/B/I/J/KCHAIR4",TRUE,
034,D,chair5,categorical,"na, asked(-1)",-1,"na, asked",TRUE,
034,D,chair5,categorical,no: five times completed(1),1,no: five times completed,FALSE,
034,D,chair5,categorical,no: less than five times(2),2,no: less than five times,FALSE,
034,D,chair5,categorical,yes: less than five times(3),3,yes: less than five times,FALSE,
034,D,chair6,numeric,"na, no measurement(-6)",-6,"na, no measurement",TRUE,
034,D,chair6,numeric,"na, wrong skip(-3)",-3,"na, wrong skip",TRUE,
034,D,chair6,numeric,"na, see C/D/E/B/F/G/H/B/B/I/J/KCHAIR5(-2)",-2,"na, see C/D/E/B/F/G/H/B/B/I/J/KCHAIR5",TRUE,
034,D,chair6,numeric,"na, asked(-1)",-1,"na, asked",TRUE,
034,D,chair7,numeric,"see c/d/e/b/f/g/h/b/b/i/j/kchair6 -> na, no measurement(-6)",-6,"na, no measurement",TRUE,
034,D,chair7,numeric,"see c/d/e/b/f/g/h/b/b/i/j/kchair6 -> na, wrong skip(-3)",-3,"na, wrong skip",TRUE,
034,D,chair7,numeric,"see c/d/e/b/f/g/h/b/b/i/j/kchair6 -> na, see C/D/E/B/F/G/H/B/B/I/J/KCHAIR5(-2)",-2,"na, see C/D/E/B/F/G/H/B/B/I/J/KCHAIR5",TRUE,
034,D,chair7,numeric,"see c/d/e/b/f/g/h/b/b/i/j/kchair6 -> na, asked(-1)",-1,"na, asked",TRUE,
034,D,chair8,numeric,"na, no measurement(-6)",-6,"na, no measurement",TRUE,
034,D,chair8,numeric,"na, wrong skip(-3)",-3,"na, wrong skip",TRUE,
034,D,chair8,numeric,"na, see C/D/E/B/F/G/HCHAIR5(-2)",-2,"na, see C/D/E/B/F/G/HCHAIR5",TRUE,
034,D,chair8,numeric,"na, asked(-1)",-1,"na, asked",TRUE,
034,D,chair9,binary,"na, wrong skip(-3)",-3,"na, wrong skip",TRUE,
034,D,chair9,binary,"na, see C/D/E/B/F/G/HCHAIR5(-2)",-2,"na, see C/D/E/B/F/G/HCHAIR5",TRUE,
034,D,chair9,binary,"na, asked(-1)",-1,"na, asked",TRUE,
034,D,chair9,binary,no(1),1,no,FALSE,
034,D,chair9,binary,yes(2),2,yes,FALSE,
034,D,rmpf,categorical,valid data(-2),-2,valid data,TRUE,
034,D,rmpf,categorical,short interview(1),1,short interview,FALSE,
034,D,rmpf,categorical,interview terminated(2),2,interview terminated,FALSE,
034,D,tandem1,categorical,"na, test not done(-6)",-6,"na, test not done",TRUE,
034,D,tandem1,categorical,"na, wrong skip(-3)",-3,"na, wrong skip",TRUE,
034,D,tandem1,categorical,"na, see C/D/E/F/G/H/B/B/I/J/KRMPF(-2)",-2,"na, see C/D/E/F/G/H/B/B/I/J/KRMPF",TRUE,
034,D,tandem1,categorical,"na, asked(-1)",-1,"na, asked",TRUE,
034,D,tandem1,categorical,normal test(1),1,normal test,FALSE,
034,D,tandem1,categorical,not capable(2),2,not capable,FALSE,
034,D,tandem1,categorical,falls almost direct(3),3,falls almost direct,FALSE,
034,D,tandem1,categorical,stops within 3 sec.(4),4,stops within 3 sec.,FALSE,
034,D,tandem1,categorical,refusal(5),5,refusal,FALSE,
034,D,tandem1,categorical,physical impossible(6),6,physical impossible,FALSE,
034,D,tandem2,numeric,"na, wrong skip(-3)",-3,"na, wrong skip",TRUE,
034,D,tandem2,numeric,"na, see C/D/E/F/G/H/B/B/I/J/KTANDEM1(-2)",-2,"na, see C/D/E/F/G/H/B/B/I/J/KTANDEM1",TRUE,
034,D,tandem2,numeric,"na, asked(-1)",-1,"na, asked",TRUE,
034,D,walk01,categorical,"na, test not done(-6)",-6,"na, test not done",TRUE,
034,D,walk01,categorical,"na, wrong skip(-3)",-3,"na, wrong skip",TRUE,
034,D,walk01,categorical,"na, see C/D/E/B/F/G/H/B/B/I/J/KRMPF(-2)",-2,"na, see C/D/E/B/F/G/H/B/B/I/J/KRMPF",TRUE,
034,D,walk01,categorical,"na, asked(-1)",-1,"na, asked",TRUE,
034,D,walk01,categorical,no restrictions(1),1,no restrictions,FALSE,
034,D,walk01,categorical,in wheelchair(2),2,in wheelchair,FALSE,
034,D,walk01,categorical,recent surgery(3),3,recent surgery,FALSE,
034,D,walk01,categorical,recent accident(4),4,recent accident,FALSE,
034,D,walk01,categorical,other(5),5,other,FALSE,
034,D,walk02,categorical,"na, wrong skip(-3)",-3,"na, wrong skip",TRUE,
034,D,walk02,categorical,"na, see C/D/E/B/F/G/H/B/B/I/J/KWALK01(-2)",-2,"na, see C/D/E/B/F/G/H/B/B/I/J/KWALK01",TRUE,
034,D,walk02,categorical,"na, asked(-1)",-1,"na, asked",TRUE,
034,D,walk02,categorical,respondent already walked(1),1,respondent already walked,FALSE,
034,D,walk02,categorical,can walk (with aid)(2),2,can walk (with aid),FALSE,
034,D,walk02,categorical,can walk with aid not available(3),3,can walk with aid not available,FALSE,
034,D,walk02,categorical,cannot walk(4),4,cannot walk,FALSE,
034,D,walk03,categorical,"na, wrong skip(-3)",-3,"na, wrong skip",TRUE,
034,D,walk03,categorical,"na, see C/D/E/B/F/G/H/B/B/I/J/KWALK01&02(-2)",-2,"na, see C/D/E/B/F/G/H/B/B/I/J/KWALK01&02",TRUE,
034,D,walk03,categorical,"na, asked(-1)",-1,"na, asked",TRUE,
034,D,walk03,categorical,no(1),1,no,FALSE,
034,D,walk03,categorical,yes(2),2,yes,FALSE,
034,D,walk03,categorical,terminated(3),3,terminated,FALSE,
034,D,walk04,numeric,"na, no measurement(-6)",-6,"na, no measurement",TRUE,
034,D,walk04,numeric,"na, see C/D/E/B/F/G/H/B/B/I/J/KWALK03(-2)",-2,"na, see C/D/E/B/F/G/H/B/B/I/J/KWALK03",TRUE,
034,D,walk04,numeric,no (valid) answer(-1),-1,no (valid) answer,TRUE,
034,D,walk05,numeric,"na, no measurement (-6)",-6,"na, no measurement",TRUE,
034,D,walk05,numeric,"na, see C/D/E/B/F/GWALK03(-2)",-2,"na, see C/D/E/B/F/GWALK03",TRUE,
034,D,walk05,numeric,no (valid) answer(-1),-1,no (valid) answer,TRUE,
034,D,walk06,categorical,"na, see DWALK03(-2)",-2,"na, see DWALK03",TRUE,
034,D,walk06,categorical,"na, asked(-1)",-1,"na, asked",TRUE,
034,D,walk06,categorical,walkingbar(1),1,walkingbar,FALSE,
034,D,walk06,categorical,stick(2),2,stick,FALSE,
034,D,walk06,categorical,rollator(3),3,rollator,FALSE,
034,D,walk06,categorical,other(4),4,other,FALSE,
034,D,walk06,categorical,none(5),5,none,FALSE,
034,D,walk07,ordinal,"na, wrong skip(-6)",-6,"na, wrong skip",TRUE,
034,D,walk07,ordinal,"na, see C/D/E/B/F/G/HWALK03(-2)",-2,"na, see C/D/E/B/F/G/HWALK03",TRUE,
034,D,walk07,ordinal,"na, asked(-1)",-1,"na, asked",TRUE,
034,D,walk07,ordinal,no(1),1,no,FALSE,
034,D,walk07,ordinal,yes(2),2,yes,FALSE,
034,D,walk08,categorical,"na, wrong skip(-3)",-3,"na, wrong skip",TRUE,
034,D,walk08,categorical,"na, see C/D/E/B/F/G/HWALK03(-2)",-2,"na, see C/D/E/B/F/G/HWALK03",TRUE,
034,D,walk08,categorical,"na, asked(-1)",-1,"na, asked",TRUE,
034,D,walk08,categorical,parquet/tiles(1),1,parquet/tiles,FALSE,
034,D,walk08,categorical,low carpet(2),2,low carpet,FALSE,
034,D,walk08,categorical,high carpet(3),3,high carpet,FALSE,
034,D,walk08,categorical,not done/terminated(4),4,not done/terminated,FALSE,
034,D,walk09,categorical,"na, wrong skip(-3)",-3,"na, wrong skip",TRUE,
034,D,walk09,categorical,"na, see C/D/E/B/F/GWALK03(-2)",-2,"na, see C/D/E/B/F/GWALK03",TRUE,
034,D,walk09,categorical,"na, asked(-1)",-1,"na, asked",TRUE,
034,D,walk09,categorical,no(0),0,no,FALSE,
034,D,walk09,categorical,yes(1),1,yes,FALSE,
034,D,walk10,binary,"na, wrong skip(-3)",-3,"na, wrong skip",TRUE,
034,D,walk10,binary,"na, see C/D/E/B/F/G/H/B/B/I/J/KWALK09(-2)",-2,"na, see C/D/E/B/F/G/H/B/B/I/J/KWALK09",TRUE,
034,D,walk10,binary,"na, asked(-1)",-1,"na, asked",TRUE,
034,D,walk10,binary,not mentioned(0),0,not mentioned,FALSE,
034,D,walk10,binary,mentioned(1),1,mentioned,FALSE,
034,D,walk11,binary,"see c/d/e/b/f/g/h/b/b/i/j/kwalk10 -> na, wrong skip(-3)",-3,"na, wrong skip",TRUE,
034,D,walk11,binary,"see c/d/e/b/f/g/h/b/b/i/j/kwalk10 -> na, see C/D/E/B/F/G/H/B/B/I/J/KWALK09(-2)",-2,"na, see C/D/E/B/F/G/H/B/B/I/J/KWALK09",TRUE,
034,D,walk11,binary,"see c/d/e/b/f/g/h/b/b/i/j/kwalk10 -> na, asked(-1)",-1,"na, asked",TRUE,
034,D,walk11,binary,see c/d/e/b/f/g/h/b/b/i/j/kwalk10 -> not mentioned(0),0,not mentioned,FALSE,
034,D,walk11,binary,see c/d/e/b/f/g/h/b/b/i/j/kwalk10 -> mentioned(1),1,mentioned,FALSE,
034,D,walk12,binary,"see c/d/e/b/f/g/h/b/b/i/j/kwalk10 -> na, wrong skip(-3)",-3,"na, wrong skip",TRUE,
034,D,walk12,binary,"see c/d/e/b/f/g/h/b/b/i/j/kwalk10 -> na, see C/D/E/B/F/G/H/B/B/I/J/KWALK09(-2)",-2,"na, see C/D/E/B/F/G/H/B/B/I/J/KWALK09",TRUE,
034,D,walk12,binary,"see c/d/e/b/f/g/h/b/b/i/j/kwalk10 -> na, asked(-1)",-1,"na, asked",TRUE,
034,D,walk12,binary,see c/d/e/b/f/g/h/b/b/i/j/kwalk10 -> not mentioned(0),0,not mentioned,FALSE,
034,D,walk12,binary,see c/d/e/b/f/g/h/b/b/i/j/kwalk10 -> mentioned(1),1,mentioned,FALSE,
034,D,walk13,binary,"see c/d/e/b/f/g/h/b/b/i/j/kwalk10 -> na, wrong skip(-3)",-3,"na, wrong skip",TRUE,
034,D,walk13,binary,"see c/d/e/b/f/g/h/b/b/i/j/kwalk10 -> na, see C/D/E/B/F/G/H/B/B/I/J/KWALK09(-2)",-2,"na, see C/D/E/B/F/G/H/B/B/I/J/KWALK09",TRUE,
034,D,walk13,binary,"see c/d/e/b/f/g/h/b/b/i/j/kwalk10 -> na, asked(-1)",-1,"na, asked",TRUE,
034,D,walk13,binary,see c/d/e/b/f/g/h/b/b/i/j/kwalk10 -> not mentioned(0),0,not mentioned,FALSE,
034,D,walk13,binary,see c/d/e/b/f/g/h/b/b/i/j/kwalk10 -> mentioned(1),1,mentioned,FALSE,
034,D,walk14,binary,"see c/d/e/b/f/g/h/b/b/i/j/kwalk10 -> na, wrong skip(-3)",-3,"na, wrong skip",TRUE,
034,D,walk14,binary,"see c/d/e/b/f/g/h/b/b/i/j/kwalk10 -> na, see C/D/E/B/F/G/H/B/B/I/J/KWALK09(-2)",-2,"na, see C/D/E/B/F/G/H/B/B/I/J/KWALK09",TRUE,
034,D,walk14,binary,"see c/d/e/b/f/g/h/b/b/i/j/kwalk10 -> na, asked(-1)",-1,"na, asked",TRUE,
034,D,walk14,binary,see c/d/e/b/f/g/h/b/b/i/j/kwalk10 -> not mentioned(0),0,not mentioned,FALSE,
034,D,walk14,binary,see c/d/e/b/f/g/h/b/b/i/j/kwalk10 -> mentioned(1),1,mentioned,FALSE,
034,D,walk15,binary,"see c/d/e/b/f/g/h/b/b/i/j/kwalk10 -> na, wrong skip(-3)",-3,"na, wrong skip",TRUE,
034,D,walk15,binary,"see c/d/e/b/f/g/h/b/b/i/j/kwalk10 -> na, see C/D/E/B/F/G/H/B/B/I/J/KWALK09(-2)",-2,"na, see C/D/E/B/F/G/H/B/B/I/J/KWALK09",TRUE,
034,D,walk15,binary,"see c/d/e/b/f/g/h/b/b/i/j/kwalk10 -> na, asked(-1)",-1,"na, asked",TRUE,
034,D,walk15,binary,see c/d/e/b/f/g/h/b/b/i/j/kwalk10 -> not mentioned(0),0,not mentioned,FALSE,
034,D,walk15,binary,see c/d/e/b/f/g/h/b/b/i/j/kwalk10 -> mentioned(1),1,mentioned,FALSE,
034,D,walk16,binary,"see c/d/e/b/f/g/h/b/b/i/j/kwalk10 -> na, wrong skip(-3)",-3,"na, wrong skip",TRUE,
034,D,walk16,binary,"see c/d/e/b/f/g/h/b/b/i/j/kwalk10 -> na, see C/D/E/B/F/G/H/B/B/I/J/KWALK09(-2)",-2,"na, see C/D/E/B/F/G/H/B/B/I/J/KWALK09",TRUE,
034,D,walk16,binary,"see c/d/e/b/f/g/h/b/b/i/j/kwalk10 -> na, asked(-1)",-1,"na, asked",TRUE,
034,D,walk16,binary,see c/d/e/b/f/g/h/b/b/i/j/kwalk10 -> not mentioned(0),0,not mentioned,FALSE,
034,D,walk16,binary,see c/d/e/b/f/g/h/b/b/i/j/kwalk10 -> mentioned(1),1,mentioned,FALSE,
034,D,walk17,binary,"see c/d/e/b/f/g/h/b/b/i/j/kwalk10 -> na, wrong skip(-3)",-3,"na, wrong skip",TRUE,
034,D,walk17,binary,"see c/d/e/b/f/g/h/b/b/i/j/kwalk10 -> na, see C/D/E/B/F/G/H/B/B/I/J/KWALK09(-2)",-2,"na, see C/D/E/B/F/G/H/B/B/I/J/KWALK09",TRUE,
034,D,walk17,binary,"see c/d/e/b/f/g/h/b/b/i/j/kwalk10 -> na, asked(-1)",-1,"na, asked",TRUE,
034,D,walk17,binary,see c/d/e/b/f/g/h/b/b/i/j/kwalk10 -> not mentioned(0),0,not mentioned,FALSE,
034,D,walk17,binary,see c/d/e/b/f/g/h/b/b/i/j/kwalk10 -> mentioned(1),1,mentioned,FALSE,
034,D,walk18,binary,"na, wrong skip(-3)",-3,"na, wrong skip",TRUE,
034,D,walk18,binary,"na, see C/D/E/B/F/G/H/B/B/I/J/KWALK09(-2)",-2,"na, see C/D/E/B/F/G/H/B/B/I/J/KWALK09",TRUE,
034,D,walk18,binary,"na, asked(-1)",-1,"na, asked",TRUE,
034,D,walk18,binary,not mentioned(0),0,not mentioned,FALSE,
034,D,walk18,binary,mentioned(1),1,mentioned,FALSE,
034,D,walk19,categorical,"na, wrong skip(-3)",-3,"na, wrong skip",TRUE,
034,D,walk19,categorical,"na, see C/D/E/B/F/G/H/B/B/I/J/KWALK03(-2)",-2,"na, see C/D/E/B/F/G/H/B/B/I/J/KWALK03",TRUE,
034,D,walk19,categorical,"na, asked(-1)",-1,"na, asked",TRUE,
034,D,walk19,categorical,not enough room/time(1),1,not enough room/time,FALSE,
034,D,walk19,categorical,R refused(2),2,R refused,FALSE,
034,D,walk19,categorical,exercise not safe(3),3,exercise not safe,FALSE,
034,D,walk19,categorical,physically not capable(4),4,physically not capable,FALSE,
034,D,walk19,categorical,R did not understand(5),5,R did not understand,FALSE,
034,D,walk19,categorical,other(6),6,other,FALSE,
034,E,cardig1,categorical,"na, technical missing(-7)",-7,"na, technical missing",TRUE,
034,E,cardig1,categorical,"na, test not done(-6)",-6,"na, test not done",TRUE,
034,E,cardig1,categorical,"na, wrong skip(-3)",-3,"na, wrong skip",TRUE,
034,E,cardig1,categorical,"na, see C/D/E/B/F/G/H/B/I/J/KRMPF(-2)",-2,"na, see C/D/E/B/F/G/H/B/I/J/KRMPF",TRUE,
034,E,cardig1,categorical,"na, asked(-1)",-1,"na, asked",TRUE,
034,E,cardig1,categorical,completed without help(1),1,completed without help,FALSE,
034,E,cardig1,categorical,completed with help(2),2,completed with help,FALSE,
034,E,cardig1,categorical,terminated(3),3,terminated,FALSE,
034,E,cardig1,categorical,not done(4),4,not done,FALSE,
034,E,cardig2,categorical,"na, wrong skip(-3)",-3,"na, wrong skip",TRUE,
034,E,cardig2,categorical,"na, see C/D/E/B/F/G/H/BCARDIG1(-2)",-2,"na, see C/D/E/B/F/G/H/BCARDIG1",TRUE,
034,E,cardig2,categorical,"na, asked(-1)",-1,"na, asked",TRUE,
034,E,cardig2,categorical,completed without help(1),1,completed without help,FALSE,
034,E,cardig2,categorical,completed with help(2),2,completed with help,FALSE,
034,E,cardig2,categorical,terminated(3),3,terminated,FALSE,
034,E,cardig2,categorical,not done(4),4,not done,FALSE,
034,E,cardig3,categorical,"na, wrong skip(-3)",-3,"na, wrong skip",TRUE,
034,E,cardig3,categorical,"na, see C/D/E/B/F/G/H/BCARDIG2(-2)",-2,"na, see C/D/E/B/F/G/H/BCARDIG2",TRUE,
034,E,cardig3,categorical,"na, asked(-1)",-1,"na, asked",TRUE,
034,E,cardig3,categorical,completed without help(1),1,completed without help,FALSE,
034,E,cardig3,categorical,completed with help(2),2,completed with help,FALSE,
034,E,cardig3,categorical,terminated(3),3,terminated,FALSE,
034,E,cardig3,categorical,not done(4),4,not done,FALSE,
034,E,cardig4,numeric,"na, no measurement(-6)",-6,"na, no measurement",TRUE,
034,E,cardig4,numeric,"na, wrong skip(-3)",-3,"na, wrong skip",TRUE,
034,E,cardig4,numeric,"na, see C/D/E/B/F/G/H/B/I/J/KCARDIG1(-2)",-2,"na, see C/D/E/B/F/G/H/B/I/J/KCARDIG1",TRUE,
034,E,cardig4,numeric,no (valid) answer(-1),-1,no (valid) answer,TRUE,
034,E,cardig5,categorical,"na, see C/D/E/B/F/G/H/B/I/J/KCARDIG1(-2)",-2,"na, see C/D/E/B/F/G/H/B/I/J/KCARDIG1",TRUE,
034,E,cardig5,categorical,"na, asked(-1)",-1,"na, asked",TRUE,
034,E,cardig5,categorical,completed without help(1),1,completed without help,FALSE,
034,E,cardig5,categorical,completed with help(2),2,completed with help,FALSE,
034,E,cardig5,categorical,terminated(3),3,terminated,FALSE,
034,E,cardig5,categorical,not done(4),4,not done,FALSE,
034,E,cardig6,categorical,"na, see C/D/E/B/F/G/H/BCARDIG5(-2)",-2,"na, see C/D/E/B/F/G/H/BCARDIG5",TRUE,
034,E,cardig6,categorical,"na, asked(-1)",-1,"na, asked",TRUE,
034,E,cardig6,categorical,completed without help(1),1,completed without help,FALSE,
034,E,cardig6,categorical,completed with help(2),2,completed with help,FALSE,
034,E,cardig6,categorical,terminated(3),3,terminated,FALSE,
034,E,cardig6,categorical,not done(4),4,not done,FALSE,
034,E,cardig7,categorical,"na, see C/D/E/B/F/G/H/BCARDIG6(-2)",-2,"na, see C/D/E/B/F/G/H/BCARDIG6",TRUE,
034,E,cardig7,categorical,"na, asked(-1)",-1,"na, asked",TRUE,
034,E,cardig7,categorical,completed without help(1),1,completed without help,FALSE,
034,E,cardig7,categorical,completed with help(2),2,completed with help,FALSE,
034,E,cardig7,categorical,terminated(3),3,terminated,FALSE,
034,E,cardig7,categorical,not done(4),4,not done,FALSE,
034,E,cardig8,numeric,"na, no measurement(-6)",-6,"na, no measurement",TRUE,
034,E,cardig8,numeric,"na, wrong skip(-3)",-3,"na, wrong skip",TRUE,
034,E,cardig8,numeric,"na, see C/D/E/B/F/G/H/B/I/J/KCARDIG5(-2)",-2,"na, see C/D/E/B/F/G/H/B/I/J/KCARDIG5",TRUE,
034,E,cardig8,numeric,no (valid) answer(-1),-1,no (valid) answer,TRUE,
034,E,cardig9,categorical,"na, wrong skip(-3)",-3,"na, wrong skip",TRUE,
034,E,cardig9,categorical,"na, see D/E/BCARDIG1(-2)",-2,"na, see D/E/BCARDIG1",TRUE,
034,E,cardig9,categorical,"na, asked(-1)",-1,"na, asked",TRUE,
034,E,cardig9,categorical,standing(1),1,standing,FALSE,
034,E,cardig9,categorical,sitting(2),2,sitting,FALSE,
034,E,cardig9,categorical,otherway(3),3,otherway,FALSE,
034,E,chair1,binary,"na, test not done(-6)",-6,"na, test not done",TRUE,
034,E,chair1,binary,"na, wrong skip(-3)",-3,"na, wrong skip",TRUE,
034,E,chair1,binary,"na, see C/D/E/B/F/G/H/B/B/I/J/KRMPF(-2)",-2,"na, see C/D/E/B/F/G/H/B/B/I/J/KRMPF",TRUE,
034,E,chair1,binary,"na, asked(-1)",-1,"na, asked",TRUE,
034,E,chair1,binary,no(1),1,no,FALSE,
034,E,chair1,binary,yes(2),2,yes,FALSE,
034,E,chair2,binary,"na, wrong skip(-3)",-3,"na, wrong skip",TRUE,
034,E,chair2,binary,"na, see C/D/E/B/F/G/H/B/B/I/J/KCHAIR1(-2)",-2,"na, see C/D/E/B/F/G/H/B/B/I/J/KCHAIR1",TRUE,
034,E,chair2,binary,"na, asked(-1)",-1,"na, asked",TRUE,
034,E,chair2,binary,no(1),1,no,FALSE,
034,E,chair2,binary,yes(2),2,yes,FALSE,
034,E,chair3,categorical,"na, wrong skip(-3)",-3,"na, wrong skip",TRUE,
034,E,chair3,categorical,"na, see C/D/E/B/F/G/H/B/B/I/J/KCHAIR1&2(-2)",-2,"na, see C/D/E/B/F/G/H/B/B/I/J/KCHAIR1&2",TRUE,
034,E,chair3,categorical,"na, asked(-1)",-1,"na, asked",TRUE,
034,E,chair3,categorical,slides forward without using arms(1),1,slides forward without using arms,FALSE,
034,E,chair3,categorical,slides forward using arms(2),2,slides forward using arms,FALSE,
034,E,chair3,categorical,cannot slide forward(3),3,cannot slide forward,FALSE,
034,E,chair3,categorical,not done/terminated(4),4,not done/terminated,FALSE,
034,E,chair4,categorical,"na, wrong skip(-3)",-3,"na, wrong skip",TRUE,
034,E,chair4,categorical,"na, see C/D/E/B/F/G/H/B/B/I/J/KCHAIR1&2(-2)",-2,"na, see C/D/E/B/F/G/H/B/B/I/J/KCHAIR1&2",TRUE,
034,E,chair4,categorical,"na, asked(-1)",-1,"na, asked",TRUE,
034,E,chair4,categorical,succeeded without using arms(1),1,succeeded without using arms,FALSE,
034,E,chair4,categorical,succeeded using arms(2),2,succeeded using arms,FALSE,
034,E,chair4,categorical,cannot(3),3,cannot,FALSE,
034,E,chair5,categorical,"na, test not done(-6)",-6,"na, test not done",TRUE,
034,E,chair5,categorical,"na, wrong skip(-3)",-3,"na, wrong skip",TRUE,
034,E,chair5,categorical,"na, see C/D/E/B/F/G/H/B/B/I/J/KCHAIR4(-2)",-2,"na, see C/D/E/B/F/G/H/B/B/I/J/KCHAIR4",TRUE,
034,E,chair5,categorical,"na, asked(-1)",-1,"na, asked",TRUE,
034,E,chair5,categorical,no: five times completed(1),1,no: five times completed,FALSE,
034,E,chair5,categorical,no: less than five times(2),2,no: less than five times,FALSE,
034,E,chair5,categorical,yes: less than five times(3),3,yes: less than five times,FALSE,
034,E,chair6,numeric,"na, no measurement(-6)",-6,"na, no measurement",TRUE,
034,E,chair6,numeric,"na, wrong skip(-3)",-3,"na, wrong skip",TRUE,
034,E,chair6,numeric,"na, see C/D/E/B/F/G/H/B/B/I/J/KCHAIR5(-2)",-2,"na, see C/D/E/B/F/G/H/B/B/I/J/KCHAIR5",TRUE,
034,E,chair6,numeric,"na, asked(-1)",-1,"na, asked",TRUE,
034,E,chair7,numeric,"see c/d/e/b/f/g/h/b/b/i/j/kchair6 -> na, no measurement(-6)",-6,"na, no measurement",TRUE,
034,E,chair7,numeric,"see c/d/e/b/f/g/h/b/b/i/j/kchair6 -> na, wrong skip(-3)",-3,"na, wrong skip",TRUE,
034,E,chair7,numeric,"see c/d/e/b/f/g/h/b/b/i/j/kchair6 -> na, see C/D/E/B/F/G/H/B/B/I/J/KCHAIR5(-2)",-2,"na, see C/D/E/B/F/G/H/B/B/I/J/KCHAIR5",TRUE,
034,E,chair7,numeric,"see c/d/e/b/f/g/h/b/b/i/j/kchair6 -> na, asked(-1)",-1,"na, asked",TRUE,
034,E,chair8,numeric,"na, no measurement(-6)",-6,"na, no measurement",TRUE,
034,E,chair8,numeric,"na, wrong skip(-3)",-3,"na, wrong skip",TRUE,
034,E,chair8,numeric,"na, see C/D/E/B/F/G/HCHAIR5(-2)",-2,"na, see C/D/E/B/F/G/HCHAIR5",TRUE,
034,E,chair8,numeric,"na, asked(-1)",-1,"na, asked",TRUE,
034,E,chair9,binary,"na, wrong skip(-3)",-3,"na, wrong skip",TRUE,
034,E,chair9,binary,"na, see C/D/E/B/F/G/HCHAIR5(-2)",-2,"na, see C/D/E/B/F/G/HCHAIR5",TRUE,
034,E,chair9,binary,"na, asked(-1)",-1,"na, asked",TRUE,
034,E,chair9,binary,no(1),1,no,FALSE,
034,E,chair9,binary,yes(2),2,yes,FALSE,
034,E,rmpf,categorical,valid data(-2),-2,valid data,TRUE,
034,E,rmpf,categorical,short interview(1),1,short interview,FALSE,
034,E,rmpf,categorical,interview terminated(2),2,interview terminated,FALSE,
034,E,tandem1,categorical,"na, test not done(-6)",-6,"na, test not done",TRUE,
034,E,tandem1,categorical,"na, wrong skip(-3)",-3,"na, wrong skip",TRUE,
034,E,tandem1,categorical,"na, see C/D/E/F/G/H/B/B/I/J/KRMPF(-2)",-2,"na, see C/D/E/F/G/H/B/B/I/J/KRMPF",TRUE,
034,E,tandem1,categorical,"na, asked(-1)",-1,"na, asked",TRUE,
034,E,tandem1,categorical,normal test(1),1,normal test,FALSE,
034,E,tandem1,categorical,not capable(2),2,not capable,FALSE,
034,E,tandem1,categorical,falls almost direct(3),3,falls almost direct,FALSE,
034,E,tandem1,categorical,stops within 3 sec.(4),4,stops within 3 sec.,FALSE,
034,E,tandem1,categorical,refusal(5),5,refusal,FALSE,
034,E,tandem1,categorical,physical impossible(6),6,physical impossible,FALSE,
034,E,tandem2,numeric,"na, wrong skip(-3)",-3,"na, wrong skip",TRUE,
034,E,tandem2,numeric,"na, see C/D/E/F/G/H/B/B/I/J/KTANDEM1(-2)",-2,"na, see C/D/E/F/G/H/B/B/I/J/KTANDEM1",TRUE,
034,E,tandem2,numeric,"na, asked(-1)",-1,"na, asked",TRUE,
034,E,walk01,categorical,"na, test not done(-6)",-6,"na, test not done",TRUE,
034,E,walk01,categorical,"na, wrong skip(-3)",-3,"na, wrong skip",TRUE,
034,E,walk01,categorical,"na, see C/D/E/B/F/G/H/B/B/I/J/KRMPF(-2)",-2,"na, see C/D/E/B/F/G/H/B/B/I/J/KRMPF",TRUE,
034,E,walk01,categorical,"na, asked(-1)",-1,"na, asked",TRUE,
034,E,walk01,categorical,no restrictions(1),1,no restrictions,FALSE,
034,E,walk01,categorical,in wheelchair(2),2,in wheelchair,FALSE,
034,E,walk01,categorical,recent surgery(3),3,recent surgery,FALSE,
034,E,walk01,categorical,recent accident(4),4,recent accident,FALSE,
034,E,walk01,categorical,other(5),5,other,FALSE,
034,E,walk02,categorical,"na, wrong skip(-3)",-3,"na, wrong skip",TRUE,
034,E,walk02,categorical,"na, see C/D/E/B/F/G/H/B/B/I/J/KWALK01(-2)",-2,"na, see C/D/E/B/F/G/H/B/B/I/J/KWALK01",TRUE,
034,E,walk02,categorical,"na, asked(-1)",-1,"na, asked",TRUE,
034,E,walk02,categorical,respondent already walked(1),1,respondent already walked,FALSE,
034,E,walk02,categorical,can walk (with aid)(2),2,can walk (with aid),FALSE,
034,E,walk02,categorical,can walk with aid not available(3),3,can walk with aid not available,FALSE,
034,E,walk02,categorical,cannot walk(4),4,cannot walk,FALSE,
034,E,walk03,categorical,"na, wrong skip(-3)",-3,"na, wrong skip",TRUE,
034,E,walk03,categorical,"na, see C/D/E/B/F/G/H/B/B/I/J/KWALK01&02(-2)",-2,"na, see C/D/E/B/F/G/H/B/B/I/J/KWALK01&02",TRUE,
034,E,walk03,categorical,"na, asked(-1)",-1,"na, asked",TRUE,
034,E,walk03,categorical,no(1),1,no,FALSE,
034,E,walk03,categorical,yes(2),2,yes,FALSE,
034,E,walk03,categorical,terminated(3),3,terminated,FALSE,
034,E,walk04,numeric,"na, no measurement(-6)",-6,"na, no measurement",TRUE,
034,E,walk04,numeric,"na, see C/D/E/B/F/G/H/B/B/I/J/KWALK03(-2)",-2,"na, see C/D/E/B/F/G/H/B/B/I/J/KWALK03",TRUE,
034,E,walk04,numeric,no (valid) answer(-1),-1,no (valid) answer,TRUE,
034,E,walk05,numeric,"na, no measurement (-6)",-6,"na, no measurement",TRUE,
034,E,walk05,numeric,"na, see C/D/E/B/F/GWALK03(-2)",-2,"na, see C/D/E/B/F/GWALK03",TRUE,
034,E,walk05,numeric,no (valid) answer(-1),-1,no (valid) answer,TRUE,
034,E,walk06,categorical,"na, see E/B/F/G/H/B/B/I/JWALK03(-2)",-2,"na, see E/B/F/G/H/B/B/I/JWALK03",TRUE,
034,E,walk06,categorical,"na, asked(-1)",-1,"na, asked",TRUE,
034,E,walk06,categorical,walkingbar(1),1,walkingbar,FALSE,
034,E,walk06,categorical,stick(2),2,stick,FALSE,
034,E,walk06,categorical,rollator(3),3,rollator,FALSE,
034,E,walk06,categorical,leaning on objects/interviewer(4),4,leaning on objects/interviewer,FALSE,
034,E,walk06,categorical,other(5),5,other,FALSE,
034,E,walk06,categorical,none(6),6,none,FALSE,
034,E,walk07,ordinal,"na, wrong skip(-6)",-6,"na, wrong skip",TRUE,
034,E,walk07,ordinal,"na, see C/D/E/B/F/G/HWALK03(-2)",-2,"na, see C/D/E/B/F/G/HWALK03",TRUE,
034,E,walk07,ordinal,"na, asked(-1)",-1,"na, asked",TRUE,
034,E,walk07,ordinal,no(1),1,no,FALSE,
034,E,walk07,ordinal,yes(2),2,yes,FALSE,
034,E,walk08,categorical,"na, wrong skip(-3)",-3,"na, wrong skip",TRUE,
034,E,walk08,categorical,"na, see C/D/E/B/F/G/HWALK03(-2)",-2,"na, see C/D/E/B/F/G/HWALK03",TRUE,
034,E,walk08,categorical,"na, asked(-1)",-1,"na, asked",TRUE,
034,E,walk08,categorical,parquet/tiles(1),1,parquet/tiles,FALSE,
034,E,walk08,categorical,low carpet(2),2,low carpet,FALSE,
034,E,walk08,categorical,high carpet(3),3,high carpet,FALSE,
034,E,walk08,categorical,not done/terminated(4),4,not done/terminated,FALSE,
034,E,walk09,categorical,"na, wrong skip(-3)",-3,"na, wrong skip",TRUE,
034,E,walk09,categorical,"na, see C/D/E/B/F/GWALK03(-2)",-2,"na, see C/D/E/B/F/GWALK03",TRUE,
034,E,walk09,categorical,"na, asked(-1)",-1,"na, asked",TRUE,
034,E,walk09,categorical,no(0),0,no,FALSE,
034,E,walk09,categorical,yes(1),1,yes,FALSE,
034,E,walk10,binary,"na, wrong skip(-3)",-3,"na, wrong skip",TRUE,
034,E,walk10,binary,"na, see C/D/E/B/F/G/H/B/B/I/J/KWALK09(-2)",-2,"na, see C/D/E/B/F/G/H/B/B/I/J/KWALK09",TRUE,
034,E,walk10,binary,"na, asked(-1)",-1,"na, asked",TRUE,
034,E,walk10,binary,not mentioned(0),0,not mentioned,FALSE,
034,E,walk10,binary,mentioned(1),1,mentioned,FALSE,
034,E,walk11,binary,"see c/d/e/b/f/g/h/b/b/i/j/kwalk10 -> na, wrong skip(-3)",-3,"na, wrong skip",TRUE,
034,E,walk11,binary,"see c/d/e/b/f/g/h/b/b/i/j/kwalk10 -> na, see C/D/E/B/F/G/H/B/B/I/J/KWALK09(-2)",-2,"na, see C/D/E/B/F/G/H/B/B/I/J/KWALK09",TRUE,
034,E,walk11,binary,"see c/d/e/b/f/g/h/b/b/i/j/kwalk10 -> na, asked(-1)",-1,"na, asked",TRUE,
034,E,walk11,binary,see c/d/e/b/f/g/h/b/b/i/j/kwalk10 -> not mentioned(0),0,not mentioned,FALSE,
034,E,walk11,binary,see c/d/e/b/f/g/h/b/b/i/j/kwalk10 -> mentioned(1),1,mentioned,FALSE,
034,E,walk12,binary,"see c/d/e/b/f/g/h/b/b/i/j/kwalk10 -> na, wrong skip(-3)",-3,"na, wrong skip",TRUE,
034,E,walk12,binary,"see c/d/e/b/f/g/h/b/b/i/j/kwalk10 -> na, see C/D/E/B/F/G/H/B/B/I/J/KWALK09(-2)",-2,"na, see C/D/E/B/F/G/H/B/B/I/J/KWALK09",TRUE,
034,E,walk12,binary,"see c/d/e/b/f/g/h/b/b/i/j/kwalk10 -> na, asked(-1)",-1,"na, asked",TRUE,
034,E,walk12,binary,see c/d/e/b/f/g/h/b/b/i/j/kwalk10 -> not mentioned(0),0,not mentioned,FALSE,
034,E,walk12,binary,see c/d/e/b/f/g/h/b/b/i/j/kwalk10 -> mentioned(1),1,mentioned,FALSE,
034,E,walk13,binary,"see c/d/e/b/f/g/h/b/b/i/j/kwalk10 -> na, wrong skip(-3)",-3,"na, wrong skip",TRUE,
034,E,walk13,binary,"see c/d/e/b/f/g/h/b/b/i/j/kwalk10 -> na, see C/D/E/B/F/G/H/B/B/I/J/KWALK09(-2)",-2,"na, see C/D/E/B/F/G/H/B/B/I/J/KWALK09",TRUE,
034,E,walk13,binary,"see c/d/e/b/f/g/h/b/b/i/j/kwalk10 -> na, asked(-1)",-1,"na, asked",TRUE,
034,E,walk13,binary,see c/d/e/b/f/g/h/b/b/i/j/kwalk10 -> not mentioned(0),0,not mentioned,FALSE,
034,E,walk13,binary,see c/d/e/b/f/g/h/b/b/i/j/kwalk10 -> mentioned(1),1,mentioned,FALSE,
034,E,walk14,binary,"see c/d/e/b/f/g/h/b/b/i/j/kwalk10 -> na, wrong skip(-3)",-3,"na, wrong skip",TRUE,
034,E,walk14,binary,"see c/d/e/b/f/g/h/b/b/i/j/kwalk10 -> na, see C/D/E/B/F/G/H/B/B/I/J/KWALK09(-2)",-2,"na, see C/D/E/B/F/G/H/B/B/I/J/KWALK09",TRUE,
034,E,walk14,binary,"see c/d/e/b/f/g/h/b/b/i/j/kwalk10 -> na, asked(-1)",-1,"na, asked",TRUE,
034,E,walk14,binary,see c/d/e/b/f/g/h/b/b/i/j/kwalk10 -> not mentioned(0),0,not mentioned,FALSE,
034,E,walk14,binary,see c/d/e/b/f/g/h/b/b/i/j/kwalk10 -> mentioned(1),1,mentioned,FALSE,
034,E,walk15,binary,"see c/d/e/b/f/g/h/b/b/i/j/kwalk10 -> na, wrong skip(-3)",-3,"na, wrong skip",TRUE,
034,E,walk15,binary,"see c/d/e/b/f/g/h/b/b/i/j/kwalk10 -> na, see C/D/E/B/F/G/H/B/B/I/J/KWALK09(-2)",-2,"na, see C/D/E/B/F/G/H/B/B/I/J/KWALK09",TRUE,
034,E,walk15,binary,"see c/d/e/b/f/g/h/b/b/i/j/kwalk10 -> na, asked(-1)",-1,"na, asked",TRUE,
034,E,walk15,binary,see c/d/e/b/f/g/h/b/b/i/j/kwalk10 -> not mentioned(0),0,not mentioned,FALSE,
034,E,walk15,binary,see c/d/e/b/f/g/h/b/b/i/j/kwalk10 -> mentioned(1),1,mentioned,FALSE,
034,E,walk16,binary,"see c/d/e/b/f/g/h/b/b/i/j/kwalk10 -> na, wrong skip(-3)",-3,"na, wrong skip",TRUE,
034,E,walk16,binary,"see c/d/e/b/f/g/h/b/b/i/j/kwalk10 -> na, see C/D/E/B/F/G/H/B/B/I/J/KWALK09(-2)",-2,"na, see C/D/E/B/F/G/H/B/B/I/J/KWALK09",TRUE,
034,E,walk16,binary,"see c/d/e/b/f/g/h/b/b/i/j/kwalk10 -> na, asked(-1)",-1,"na, asked",TRUE,
034,E,walk16,binary,see c/d/e/b/f/g/h/b/b/i/j/kwalk10 -> not mentioned(0),0,not mentioned,FALSE,
034,E,walk16,binary,see c/d/e/b/f/g/h/b/b/i/j/kwalk10 -> mentioned(1),1,mentioned,FALSE,
034,E,walk17,binary,"see c/d/e/b/f/g/h/b/b/i/j/kwalk10 -> na, wrong skip(-3)",-3,"na, wrong skip",TRUE,
034,E,walk17,binary,"see c/d/e/b/f/g/h/b/b/i/j/kwalk10 -> na, see C/D/E/B/F/G/H/B/B/I/J/KWALK09(-2)",-2,"na, see C/D/E/B/F/G/H/B/B/I/J/KWALK09",TRUE,
034,E,walk17,binary,"see c/d/e/b/f/g/h/b/b/i/j/kwalk10 -> na, asked(-1)",-1,"na, asked",TRUE,
034,E,walk17,binary,see c/d/e/b/f/g/h/b/b/i/j/kwalk10 -> not mentioned(0),0,not mentioned,FALSE,
034,E,walk17,binary,see c/d/e/b/f/g/h/b/b/i/j/kwalk10 -> mentioned(1),1,mentioned,FALSE,
034,E,walk18,binary,"na, wrong skip(-3)",-3,"na, wrong skip",TRUE,
034,E,walk18,binary,"na, see C/D/E/B/F/G/H/B/B/I/J/KWALK09(-2)",-2,"na, see C/D/E/B/F/G/H/B/B/I/J/KWALK09",TRUE,
034,E,walk18,binary,"na, asked(-1)",-1,"na, asked",TRUE,
034,E,walk18,binary,not mentioned(0),0,not mentioned,FALSE,
034,E,walk18,binary,mentioned(1),1,mentioned,FALSE,
034,E,walk19,categorical,"na, wrong skip(-3)",-3,"na, wrong skip",TRUE,
034,E,walk19,categorical,"na, see C/D/E/B/F/G/H/B/B/I/J/KWALK03(-2)",-2,"na, see C/D/E/B/F/G/H/B/B/I/J/KWALK03",TRUE,
034,E,walk19,categorical,"na, asked(-1)",-1,"na, asked",TRUE,
034,E,walk19,categorical,not enough room/time(1),1,not enough room/time,FALSE,
034,E,walk19,categorical,R refused(2),2,R refused,FALSE,
034,E,walk19,categorical,exercise not safe(3),3,exercise not safe,FALSE,
034,E,walk19,categorical,physically not capable(4),4,physically not capable,FALSE,
034,E,walk19,categorical,R did not understand(5),5,R did not understand,FALSE,
034,E,walk19,categorical,other(6),6,other,FALSE,
034,2B,cardig1,categorical,"na, technical missing(-7)",-7,"na, technical missing",TRUE,
034,2B,cardig1,categorical,"na, test not done(-6)",-6,"na, test not done",TRUE,
034,2B,cardig1,categorical,"na, wrong skip(-3)",-3,"na, wrong skip",TRUE,
034,2B,cardig1,categorical,"na, see C/D/E/B/F/G/H/B/I/J/KRMPF(-2)",-2,"na, see C/D/E/B/F/G/H/B/I/J/KRMPF",TRUE,
034,2B,cardig1,categorical,"na, asked(-1)",-1,"na, asked",TRUE,
034,2B,cardig1,categorical,completed without help(1),1,completed without help,FALSE,
034,2B,cardig1,categorical,completed with help(2),2,completed with help,FALSE,
034,2B,cardig1,categorical,terminated(3),3,terminated,FALSE,
034,2B,cardig1,categorical,not done(4),4,not done,FALSE,
034,2B,cardig2,categorical,"na, wrong skip(-3)",-3,"na, wrong skip",TRUE,
034,2B,cardig2,categorical,"na, see C/D/E/B/F/G/H/BCARDIG1(-2)",-2,"na, see C/D/E/B/F/G/H/BCARDIG1",TRUE,
034,2B,cardig2,categorical,"na, asked(-1)",-1,"na, asked",TRUE,
034,2B,cardig2,categorical,completed without help(1),1,completed without help,FALSE,
034,2B,cardig2,categorical,completed with help(2),2,completed with help,FALSE,
034,2B,cardig2,categorical,terminated(3),3,terminated,FALSE,
034,2B,cardig2,categorical,not done(4),4,not done,FALSE,
034,2B,cardig3,categorical,"na, wrong skip(-3)",-3,"na, wrong skip",TRUE,
034,2B,cardig3,categorical,"na, see C/D/E/B/F/G/H/BCARDIG2(-2)",-2,"na, see C/D/E/B/F/G/H/BCARDIG2",TRUE,
034,2B,cardig3,categorical,"na, asked(-1)",-1,"na, asked",TRUE,
034,2B,cardig3,categorical,completed without help(1),1,completed without help,FALSE,
034,2B,cardig3,categorical,completed with help(2),2,completed with help,FALSE,
034,2B,cardig3,categorical,terminated(3),3,terminated,FALSE,
034,2B,cardig3,categorical,not done(4),4,not done,FALSE,
034,2B,cardig4,numeric,"na, no measurement(-6)",-6,"na, no measurement",TRUE,
034,2B,cardig4,numeric,"na, wrong skip(-3)",-3,"na, wrong skip",TRUE,
034,2B,cardig4,numeric,"na, see C/D/E/B/F/G/H/B/I/J/KCARDIG1(-2)",-2,"na, see C/D/E/B/F/G/H/B/I/J/KCARDIG1",TRUE,
034,2B,cardig4,numeric,no (valid) answer(-1),-1,no (valid) answer,TRUE,
034,2B,cardig5,categorical,"na, see C/D/E/B/F/G/H/B/I/J/KCARDIG1(-2)",-2,"na, see C/D/E/B/F/G/H/B/I/J/KCARDIG1",TRUE,
034,2B,cardig5,categorical,"na, asked(-1)",-1,"na, asked",TRUE,
034,2B,cardig5,categorical,completed without help(1),1,completed without help,FALSE,
034,2B,cardig5,categorical,completed with help(2),2,completed with help,FALSE,
034,2B,cardig5,categorical,terminated(3),3,terminated,FALSE,
034,2B,cardig5,categorical,not done(4),4,not done,FALSE,
034,2B,cardig6,categorical,"na, see C/D/E/B/F/G/H/BCARDIG5(-2)",-2,"na, see C/D/E/B/F/G/H/BCARDIG5",TRUE,
034,2B,cardig6,categorical,"na, asked(-1)",-1,"na, asked",TRUE,
034,2B,cardig6,categorical,completed without help(1),1,completed without help,FALSE,
034,2B,cardig6,categorical,completed with help(2),2,completed with help,FALSE,
034,2B,cardig6,categorical,terminated(3),3,terminated,FALSE,
034,2B,cardig6,categorical,not done(4),4,not done,FALSE,
034,2B,cardig7,categorical,"na, see C/D/E/B/F/G/H/BCARDIG6(-2)",-2,"na, see C/D/E/B/F/G/H/BCARDIG6",TRUE,
034,2B,cardig7,categorical,"na, asked(-1)",-1,"na, asked",TRUE,
034,2B,cardig7,categorical,completed without help(1),1,completed without help,FALSE,
034,2B,cardig7,categorical,completed with help(2),2,completed with help,FALSE,
034,2B,cardig7,categorical,terminated(3),3,terminated,FALSE,
034,2B,cardig7,categorical,not done(4),4,not done,FALSE,
034,2B,cardig8,numeric,"na, no measurement(-6)",-6,"na, no measurement",TRUE,
034,2B,cardig8,numeric,"na, wrong skip(-3)",-3,"na, wrong skip",TRUE,
034,2B,cardig8,numeric,"na, see C/D/E/B/F/G/H/B/I/J/KCARDIG5(-2)",-2,"na, see C/D/E/B/F/G/H/B/I/J/KCARDIG5",TRUE,
034,2B,cardig8,numeric,no (valid) answer(-1),-1,no (valid) answer,TRUE,
034,2B,cardig9,categorical,"na, wrong skip(-3)",-3,"na, wrong skip",TRUE,
034,2B,cardig9,categorical,"na, see D/E/BCARDIG1(-2)",-2,"na, see D/E/BCARDIG1",TRUE,
034,2B,cardig9,categorical,"na, asked(-1)",-1,"na, asked",TRUE,
034,2B,cardig9,categorical,standing(1),1,standing,FALSE,
034,2B,cardig9,categorical,sitting(2),2,sitting,FALSE,
034,2B,cardig9,categorical,otherway(3),3,otherway,FALSE,
034,2B,chair1,binary,"na, test not done(-6)",-6,"na, test not done",TRUE,
034,2B,chair1,binary,"na, wrong skip(-3)",-3,"na, wrong skip",TRUE,
034,2B,chair1,binary,"na, see C/D/E/B/F/G/H/B/B/I/J/KRMPF(-2)",-2,"na, see C/D/E/B/F/G/H/B/B/I/J/KRMPF",TRUE,
034,2B,chair1,binary,"na, asked(-1)",-1,"na, asked",TRUE,
034,2B,chair1,binary,no(1),1,no,FALSE,
034,2B,chair1,binary,yes(2),2,yes,FALSE,
034,2B,chair2,binary,"na, wrong skip(-3)",-3,"na, wrong skip",TRUE,
034,2B,chair2,binary,"na, see C/D/E/B/F/G/H/B/B/I/J/KCHAIR1(-2)",-2,"na, see C/D/E/B/F/G/H/B/B/I/J/KCHAIR1",TRUE,
034,2B,chair2,binary,"na, asked(-1)",-1,"na, asked",TRUE,
034,2B,chair2,binary,no(1),1,no,FALSE,
034,2B,chair2,binary,yes(2),2,yes,FALSE,
034,2B,chair3,categorical,"na, wrong skip(-3)",-3,"na, wrong skip",TRUE,
034,2B,chair3,categorical,"na, see C/D/E/B/F/G/H/B/B/I/J/KCHAIR1&2(-2)",-2,"na, see C/D/E/B/F/G/H/B/B/I/J/KCHAIR1&2",TRUE,
034,2B,chair3,categorical,"na, asked(-1)",-1,"na, asked",TRUE,
034,2B,chair3,categorical,slides forward without using arms(1),1,slides forward without using arms,FALSE,
034,2B,chair3,categorical,slides forward using arms(2),2,slides forward using arms,FALSE,
034,2B,chair3,categorical,cannot slide forward(3),3,cannot slide forward,FALSE,
034,2B,chair3,categorical,not done/terminated(4),4,not done/terminated,FALSE,
034,2B,chair4,categorical,"na, wrong skip(-3)",-3,"na, wrong skip",TRUE,
034,2B,chair4,categorical,"na, see C/D/E/B/F/G/H/B/B/I/J/KCHAIR1&2(-2)",-2,"na, see C/D/E/B/F/G/H/B/B/I/J/KCHAIR1&2",TRUE,
034,2B,chair4,categorical,"na, asked(-1)",-1,"na, asked",TRUE,
034,2B,chair4,categorical,succeeded without using arms(1),1,succeeded without using arms,FALSE,
034,2B,chair4,categorical,succeeded using arms(2),2,succeeded using arms,FALSE,
034,2B,chair4,categorical,cannot(3),3,cannot,FALSE,
034,2B,chair5,categorical,"na, test not done(-6)",-6,"na, test not done",TRUE,
034,2B,chair5,categorical,"na, wrong skip(-3)",-3,"na, wrong skip",TRUE,
034,2B,chair5,categorical,"na, see C/D/E/B/F/G/H/B/B/I/J/KCHAIR4(-2)",-2,"na, see C/D/E/B/F/G/H/B/B/I/J/KCHAIR4",TRUE,
034,2B,chair5,categorical,"na, asked(-1)",-1,"na, asked",TRUE,
034,2B,chair5,categorical,no: five times completed(1),1,no: five times completed,FALSE,
034,2B,chair5,categorical,no: less than five times(2),2,no: less than five times,FALSE,
034,2B,chair5,categorical,yes: less than five times(3),3,yes: less than five times,FALSE,
034,2B,chair6,numeric,"na, no measurement(-6)",-6,"na, no measurement",TRUE,
034,2B,chair6,numeric,"na, wrong skip(-3)",-3,"na, wrong skip",TRUE,
034,2B,chair6,numeric,"na, see C/D/E/B/F/G/H/B/B/I/J/KCHAIR5(-2)",-2,"na, see C/D/E/B/F/G/H/B/B/I/J/KCHAIR5",TRUE,
034,2B,chair6,numeric,"na, asked(-1)",-1,"na, asked",TRUE,
034,2B,chair7,numeric,"see c/d/e/b/f/g/h/b/b/i/j/kchair6 -> na, no measurement(-6)",-6,"na, no measurement",TRUE,
034,2B,chair7,numeric,"see c/d/e/b/f/g/h/b/b/i/j/kchair6 -> na, wrong skip(-3)",-3,"na, wrong skip",TRUE,
034,2B,chair7,numeric,"see c/d/e/b/f/g/h/b/b/i/j/kchair6 -> na, see C/D/E/B/F/G/H/B/B/I/J/KCHAIR5(-2)",-2,"na, see C/D/E/B/F/G/H/B/B/I/J/KCHAIR5",TRUE,
034,2B,chair7,numeric,"see c/d/e/b/f/g/h/b/b/i/j/kchair6 -> na, asked(-1)",-1,"na, asked",TRUE,
034,2B,chair8,numeric,"na, no measurement(-6)",-6,"na, no measurement",TRUE,
034,2B,chair8,numeric,"na, wrong skip(-3)",-3,"na, wrong skip",TRUE,
034,2B,chair8,numeric,"na, see C/D/E/B/F/G/HCHAIR5(-2)",-2,"na, see C/D/E/B/F/G/HCHAIR5",TRUE,
034,2B,chair8,numeric,"na, asked(-1)",-1,"na, asked",TRUE,
034,2B,chair9,binary,"na, wrong skip(-3)",-3,"na, wrong skip",TRUE,
034,2B,chair9,binary,"na, see C/D/E/B/F/G/HCHAIR5(-2)",-2,"na, see C/D/E/B/F/G/HCHAIR5",TRUE,
034,2B,chair9,binary,"na, asked(-1)",-1,"na, asked",TRUE,
034,2B,chair9,binary,no(1),1,no,FALSE,
034,2B,chair9,binary,yes(2),2,yes,FALSE,
034,2B,rmpf,categorical,valid data(-2),-2,valid data,TRUE,
034,2B,rmpf,categorical,short interview(1),1,short interview,FALSE,
034,2B,rmpf,categorical,interview terminated(2),2,interview terminated,FALSE,
034,2B,walk01,categorical,"na, test not done(-6)",-6,"na, test not done",TRUE,
034,2B,walk01,categorical,"na, wrong skip(-3)",-3,"na, wrong skip",TRUE,
034,2B,walk01,categorical,"na, see C/D/E/B/F/G/H/B/B/I/J/KRMPF(-2)",-2,"na, see C/D/E/B/F/G/H/B/B/I/J/KRMPF",TRUE,
034,2B,walk01,categorical,"na, asked(-1)",-1,"na, asked",TRUE,
034,2B,walk01,categorical,no restrictions(1),1,no restrictions,FALSE,
034,2B,walk01,categorical,in wheelchair(2),2,in wheelchair,FALSE,
034,2B,walk01,categorical,recent surgery(3),3,recent surgery,FALSE,
034,2B,walk01,categorical,recent accident(4),4,recent accident,FALSE,
034,2B,walk01,categorical,other(5),5,other,FALSE,
034,2B,walk02,categorical,"na, wrong skip(-3)",-3,"na, wrong skip",TRUE,
034,2B,walk02,categorical,"na, see C/D/E/B/F/G/H/B/B/I/J/KWALK01(-2)",-2,"na, see C/D/E/B/F/G/H/B/B/I/J/KWALK01",TRUE,
034,2B,walk02,categorical,"na, asked(-1)",-1,"na, asked",TRUE,
034,2B,walk02,categorical,respondent already walked(1),1,respondent already walked,FALSE,
034,2B,walk02,categorical,can walk (with aid)(2),2,can walk (with aid),FALSE,
034,2B,walk02,categorical,can walk with aid not available(3),3,can walk with aid not available,FALSE,
034,2B,walk02,categorical,cannot walk(4),4,cannot walk,FALSE,
034,2B,walk03,categorical,"na, wrong skip(-3)",-3,"na, wrong skip",TRUE,
034,2B,walk03,categorical,"na, see C/D/E/B/F/G/H/B/B/I/J/KWALK01&02(-2)",-2,"na, see C/D/E/B/F/G/H/B/B/I/J/KWALK01&02",TRUE,
034,2B,walk03,categorical,"na, asked(-1)",-1,"na, asked",TRUE,
034,2B,walk03,categorical,no(1),1,no,FALSE,
034,2B,walk03,categorical,yes(2),2,yes,FALSE,
034,2B,walk03,categorical,terminated(3),3,terminated,FALSE,
034,2B,walk04,numeric,"na, no measurement(-6)",-6,"na, no measurement",TRUE,
034,2B,walk04,numeric,"na, see C/D/E/B/F/G/H/B/B/I/J/KWALK03(-2)",-2,"na, see C/D/E/B/F/G/H/B/B/I/J/KWALK03",TRUE,
034,2B,walk04,numeric,no (valid) answer(-1),-1,no (valid) answer,TRUE,
034,2B,walk05,numeric,"na, no measurement (-6)",-6,"na, no measurement",TRUE,
034,2B,walk05,numeric,"na, see C/D/E/B/F/GWALK03(-2)",-2,"na, see C/D/E/B/F/GWALK03",TRUE,
034,2B,walk05,numeric,no (valid) answer(-1),-1,no (valid) answer,TRUE,
034,2B,walk06,categorical,"na, see E/B/F/G/H/B/B/I/JWALK03(-2)",-2,"na, see E/B/F/G/H/B/B/I/JWALK03",TRUE,
034,2B,walk06,categorical,"na, asked(-1)",-1,"na, asked",TRUE,
034,2B,walk06,categorical,walkingbar(1),1,walkingbar,FALSE,
034,2B,walk06,categorical,stick(2),2,stick,FALSE,
034,2B,walk06,categorical,rollator(3),3,rollator,FALSE,
034,2B,walk06,categorical,leaning on objects/interviewer(4),4,leaning on objects/interviewer,FALSE,
034,2B,walk06,categorical,other(5),5,other,FALSE,
034,2B,walk06,categorical,none(6),6,none,FALSE,
034,2B,walk07,ordinal,"na, wrong skip(-6)",-6,"na, wrong skip",TRUE,
034,2B,walk07,ordinal,"na, see C/D/E/B/F/G/HWALK03(-2)",-2,"na, see C/D/E/B/F/G/HWALK03",TRUE,
034,2B,walk07,ordinal,"na, asked(-1)",-1,"na, asked",TRUE,
034,2B,walk07,ordinal,no(1),1,no,FALSE,
034,2B,walk07,ordinal,yes(2),2,yes,FALSE,
034,2B,walk08,categorical,"na, wrong skip(-3)",-3,"na, wrong skip",TRUE,
034,2B,walk08,categorical,"na, see C/D/E/B/F/G/HWALK03(-2)",-2,"na, see C/D/E/B/F/G/HWALK03",TRUE,
034,2B,walk08,categorical,"na, asked(-1)",-1,"na, asked",TRUE,
034,2B,walk08,categorical,parquet/tiles(1),1,parquet/tiles,FALSE,
034,2B,walk08,categorical,low carpet(2),2,low carpet,FALSE,
034,2B,walk08,categorical,high carpet(3),3,high carpet,FALSE,
034,2B,walk08,categorical,not done/terminated(4),4,not done/terminated,FALSE,
034,2B,walk09,categorical,"na, wrong skip(-3)",-3,"na, wrong skip",TRUE,
034,2B,walk09,categorical,"na, see C/D/E/B/F/GWALK03(-2)",-2,"na, see C/D/E/B/F/GWALK03",TRUE,
034,2B,walk09,categorical,"na, asked(-1)",-1,"na, asked",TRUE,
034,2B,walk09,categorical,no(0),0,no,FALSE,
034,2B,walk09,categorical,yes(1),1,yes,FALSE,
034,2B,walk10,binary,"na, wrong skip(-3)",-3,"na, wrong skip",TRUE,
034,2B,walk10,binary,"na, see C/D/E/B/F/G/H/B/B/I/J/KWALK09(-2)",-2,"na, see C/D/E/B/F/G/H/B/B/I/J/KWALK09",TRUE,
034,2B,walk10,binary,"na, asked(-1)",-1,"na, asked",TRUE,
034,2B,walk10,binary,not mentioned(0),0,not mentioned,FALSE,
034,2B,walk10,binary,mentioned(1),1,mentioned,FALSE,
034,2B,walk11,binary,"see c/d/e/b/f/g/h/b/b/i/j/kwalk10 -> na, wrong skip(-3)",-3,"na, wrong skip",TRUE,
034,2B,walk11,binary,"see c/d/e/b/f/g/h/b/b/i/j/kwalk10 -> na, see C/D/E/B/F/G/H/B/B/I/J/KWALK09(-2)",-2,"na, see C/D/E/B/F/G/H/B/B/I/J/KWALK09",TRUE,
034,2B,walk11,binary,"see c/d/e/b/f/g/h/b/b/i/j/kwalk10 -> na, asked(-1)",-1,"na, asked",TRUE,
034,2B,walk11,binary,see c/d/e/b/f/g/h/b/b/i/j/kwalk10 -> not mentioned(0),0,not mentioned,FALSE,
034,2B,walk11,binary,see c/d/e/b/f/g/h/b/b/i/j/kwalk10 -> mentioned(1),1,mentioned,FALSE,
034,2B,walk12,binary,"see c/d/e/b/f/g/h/b/b/i/j/kwalk10 -> na, wrong skip(-3)",-3,"na, wrong skip",TRUE,
034,2B,walk12,binary,"see c/d/e/b/f/g/h/b/b/i/j/kwalk10 -> na, see C/D/E/B/F/G/H/B/B/I/J/KWALK09(-2)",-2,"na, see C/D/E/B/F/G/H/B/B/I/J/KWALK09",TRUE,
034,2B,walk12,binary,"see c/d/e/b/f/g/h/b/b/i/j/kwalk10 -> na, asked(-1)",-1,"na, asked",TRUE,
034,2B,walk12,binary,see c/d/e/b/f/g/h/b/b/i/j/kwalk10 -> not mentioned(0),0,not mentioned,FALSE,
034,2B,walk12,binary,see c/d/e/b/f/g/h/b/b/i/j/kwalk10 -> mentioned(1),1,mentioned,FALSE,
034,2B,walk13,binary,"see c/d/e/b/f/g/h/b/b/i/j/kwalk10 -> na, wrong skip(-3)",-3,"na, wrong skip",TRUE,
034,2B,walk13,binary,"see c/d/e/b/f/g/h/b/b/i/j/kwalk10 -> na, see C/D/E/B/F/G/H/B/B/I/J/KWALK09(-2)",-2,"na, see C/D/E/B/F/G/H/B/B/I/J/KWALK09",TRUE,
034,2B,walk13,binary,"see c/d/e/b/f/g/h/b/b/i/j/kwalk10 -> na, asked(-1)",-1,"na, asked",TRUE,
034,2B,walk13,binary,see c/d/e/b/f/g/h/b/b/i/j/kwalk10 -> not mentioned(0),0,not mentioned,FALSE,
034,2B,walk13,binary,see c/d/e/b/f/g/h/b/b/i/j/kwalk10 -> mentioned(1),1,mentioned,FALSE,
034,2B,walk14,binary,"see c/d/e/b/f/g/h/b/b/i/j/kwalk10 -> na, wrong skip(-3)",-3,"na, wrong skip",TRUE,
034,2B,walk14,binary,"see c/d/e/b/f/g/h/b/b/i/j/kwalk10 -> na, see C/D/E/B/F/G/H/B/B/I/J/KWALK09(-2)",-2,"na, see C/D/E/B/F/G/H/B/B/I/J/KWALK09",TRUE,
034,2B,walk14,binary,"see c/d/e/b/f/g/h/b/b/i/j/kwalk10 -> na, asked(-1)",-1,"na, asked",TRUE,
034,2B,walk14,binary,see c/d/e/b/f/g/h/b/b/i/j/kwalk10 -> not mentioned(0),0,not mentioned,FALSE,
034,2B,walk14,binary,see c/d/e/b/f/g/h/b/b/i/j/kwalk10 -> mentioned(1),1,mentioned,FALSE,
034,2B,walk15,binary,"see c/d/e/b/f/g/h/b/b/i/j/kwalk10 -> na, wrong skip(-3)",-3,"na, wrong skip",TRUE,
034,2B,walk15,binary,"see c/d/e/b/f/g/h/b/b/i/j/kwalk10 -> na, see C/D/E/B/F/G/H/B/B/I/J/KWALK09(-2)",-2,"na, see C/D/E/B/F/G/H/B/B/I/J/KWALK09",TRUE,
034,2B,walk15,binary,"see c/d/e/b/f/g/h/b/b/i/j/kwalk10 -> na, asked(-1)",-1,"na, asked",TRUE,
034,2B,walk15,binary,see c/d/e/b/f/g/h/b/b/i/j/kwalk10 -> not mentioned(0),0,not mentioned,FALSE,
034,2B,walk15,binary,see c/d/e/b/f/g/h/b/b/i/j/kwalk10 -> mentioned(1),1,mentioned,FALSE,
034,2B,walk16,binary,"see c/d/e/b/f/g/h/b/b/i/j/kwalk10 -> na, wrong skip(-3)",-3,"na, wrong skip",TRUE,
034,2B,walk16,binary,"see c/d/e/b/f/g/h/b/b/i/j/kwalk10 -> na, see C/D/E/B/F/G/H/B/B/I/J/KWALK09(-2)",-2,"na, see C/D/E/B/F/G/H/B/B/I/J/KWALK09",TRUE,
034,2B,walk16,binary,"see c/d/e/b/f/g/h/b/b/i/j/kwalk10 -> na, asked(-1)",-1,"na, asked",TRUE,
034,2B,walk16,binary,see c/d/e/b/f/g/h/b/b/i/j/kwalk10 -> not mentioned(0),0,not mentioned,FALSE,
034,2B,walk16,binary,see c/d/e/b/f/g/h/b/b/i/j/kwalk10 -> mentioned(1),1,mentioned,FALSE,
034,2B,walk17,binary,"see c/d/e/b/f/g/h/b/b/i/j/kwalk10 -> na, wrong skip(-3)",-3,"na, wrong skip",TRUE,
034,2B,walk17,binary,"see c/d/e/b/f/g/h/b/b/i/j/kwalk10 -> na, see C/D/E/B/F/G/H/B/B/I/J/KWALK09(-2)",-2,"na, see C/D/E/B/F/G/H/B/B/I/J/KWALK09",TRUE,
034,2B,walk17,binary,"see c/d/e/b/f/g/h/b/b/i/j/kwalk10 -> na, asked(-1)",-1,"na, asked",TRUE,
034,2B,walk17,binary,see c/d/e/b/f/g/h/b/b/i/j/kwalk10 -> not mentioned(0),0,not mentioned,FALSE,
034,2B,walk17,binary,see c/d/e/b/f/g/h/b/b/i/j/kwalk10 -> mentioned(1),1,mentioned,FALSE,
034,2B,walk18,binary,"na, wrong skip(-3)",-3,"na, wrong skip",TRUE,
034,2B,walk18,binary,"na, see C/D/E/B/F/G/H/B/B/I/J/KWALK09(-2)",-2,"na, see C/D/E/B/F/G/H/B/B/I/J/KWALK09",TRUE,
034,2B,walk18,binary,"na, asked(-1)",-1,"na, asked",TRUE,
034,2B,walk18,binary,not mentioned(0),0,not mentioned,FALSE,
034,2B,walk18,binary,mentioned(1),1,mentioned,FALSE,
034,2B,walk19,categorical,"na, wrong skip(-3)",-3,"na, wrong skip",TRUE,
034,2B,walk19,categorical,"na, see C/D/E/B/F/G/H/B/B/I/J/KWALK03(-2)",-2,"na, see C/D/E/B/F/G/H/B/B/I/J/KWALK03",TRUE,
034,2B,walk19,categorical,"na, asked(-1)",-1,"na, asked",TRUE,
034,2B,walk19,categorical,not enough room/time(1),1,not enough room/time,FALSE,
034,2B,walk19,categorical,R refused(2),2,R refused,FALSE,
034,2B,walk19,categorical,exercise not safe(3),3,exercise not safe,FALSE,
034,2B,walk19,categorical,physically not capable(4),4,physically not capable,FALSE,
034,2B,walk19,categorical,R did not understand(5),5,R did not understand,FALSE,
034,2B,walk19,categorical,other(6),6,other,FALSE,
034,F,cardig1,categorical,"na, technical missing(-7)",-7,"na, technical missing",TRUE,
034,F,cardig1,categorical,"na, test not done(-6)",-6,"na, test not done",TRUE,
034,F,cardig1,categorical,"na, wrong skip(-3)",-3,"na, wrong skip",TRUE,
034,F,cardig1,categorical,"na, see C/D/E/B/F/G/H/B/I/J/KRMPF(-2)",-2,"na, see C/D/E/B/F/G/H/B/I/J/KRMPF",TRUE,
034,F,cardig1,categorical,"na, asked(-1)",-1,"na, asked",TRUE,
034,F,cardig1,categorical,completed without help(1),1,completed without help,FALSE,
034,F,cardig1,categorical,completed with help(2),2,completed with help,FALSE,
034,F,cardig1,categorical,terminated(3),3,terminated,FALSE,
034,F,cardig1,categorical,not done(4),4,not done,FALSE,
034,F,cardig2,categorical,"na, wrong skip(-3)",-3,"na, wrong skip",TRUE,
034,F,cardig2,categorical,"na, see C/D/E/B/F/G/H/BCARDIG1(-2)",-2,"na, see C/D/E/B/F/G/H/BCARDIG1",TRUE,
034,F,cardig2,categorical,"na, asked(-1)",-1,"na, asked",TRUE,
034,F,cardig2,categorical,completed without help(1),1,completed without help,FALSE,
034,F,cardig2,categorical,completed with help(2),2,completed with help,FALSE,
034,F,cardig2,categorical,terminated(3),3,terminated,FALSE,
034,F,cardig2,categorical,not done(4),4,not done,FALSE,
034,F,cardig3,categorical,"na, wrong skip(-3)",-3,"na, wrong skip",TRUE,
034,F,cardig3,categorical,"na, see C/D/E/B/F/G/H/BCARDIG2(-2)",-2,"na, see C/D/E/B/F/G/H/BCARDIG2",TRUE,
034,F,cardig3,categorical,"na, asked(-1)",-1,"na, asked",TRUE,
034,F,cardig3,categorical,completed without help(1),1,completed without help,FALSE,
034,F,cardig3,categorical,completed with help(2),2,completed with help,FALSE,
034,F,cardig3,categorical,terminated(3),3,terminated,FALSE,
034,F,cardig3,categorical,not done(4),4,not done,FALSE,
034,F,cardig4,numeric,"na, no measurement(-6)",-6,"na, no measurement",TRUE,
034,F,cardig4,numeric,"na, wrong skip(-3)",-3,"na, wrong skip",TRUE,
034,F,cardig4,numeric,"na, see C/D/E/B/F/G/H/B/I/J/KCARDIG1(-2)",-2,"na, see C/D/E/B/F/G/H/B/I/J/KCARDIG1",TRUE,
034,F,cardig4,numeric,no (valid) answer(-1),-1,no (valid) answer,TRUE,
034,F,cardig5,categorical,"na, see C/D/E/B/F/G/H/B/I/J/KCARDIG1(-2)",-2,"na, see C/D/E/B/F/G/H/B/I/J/KCARDIG1",TRUE,
034,F,cardig5,categorical,"na, asked(-1)",-1,"na, asked",TRUE,
034,F,cardig5,categorical,completed without help(1),1,completed without help,FALSE,
034,F,cardig5,categorical,completed with help(2),2,completed with help,FALSE,
034,F,cardig5,categorical,terminated(3),3,terminated,FALSE,
034,F,cardig5,categorical,not done(4),4,not done,FALSE,
034,F,cardig6,categorical,"na, see C/D/E/B/F/G/H/BCARDIG5(-2)",-2,"na, see C/D/E/B/F/G/H/BCARDIG5",TRUE,
034,F,cardig6,categorical,"na, asked(-1)",-1,"na, asked",TRUE,
034,F,cardig6,categorical,completed without help(1),1,completed without help,FALSE,
034,F,cardig6,categorical,completed with help(2),2,completed with help,FALSE,
034,F,cardig6,categorical,terminated(3),3,terminated,FALSE,
034,F,cardig6,categorical,not done(4),4,not done,FALSE,
034,F,cardig7,categorical,"na, see C/D/E/B/F/G/H/BCARDIG6(-2)",-2,"na, see C/D/E/B/F/G/H/BCARDIG6",TRUE,
034,F,cardig7,categorical,"na, asked(-1)",-1,"na, asked",TRUE,
034,F,cardig7,categorical,completed without help(1),1,completed without help,FALSE,
034,F,cardig7,categorical,completed with help(2),2,completed with help,FALSE,
034,F,cardig7,categorical,terminated(3),3,terminated,FALSE,
034,F,cardig7,categorical,not done(4),4,not done,FALSE,
034,F,cardig8,numeric,"na, no measurement(-6)",-6,"na, no measurement",TRUE,
034,F,cardig8,numeric,"na, wrong skip(-3)",-3,"na, wrong skip",TRUE,
034,F,cardig8,numeric,"na, see C/D/E/B/F/G/H/B/I/J/KCARDIG5(-2)",-2,"na, see C/D/E/B/F/G/H/B/I/J/KCARDIG5",TRUE,
034,F,cardig8,numeric,no (valid) answer(-1),-1,no (valid) answer,TRUE,
034,F,cardig9,categorical,"na, wrong skip(-3)",-3,"na, wrong skip",TRUE,
034,F,cardig9,categorical,"na, see F/G/H/3B/I/J/KCARDIG1(-2)",-2,"na, see F/G/H/3B/I/J/KCARDIG1",TRUE,
034,F,cardig9,categorical,"na, asked(-1)",-1,"na, asked",TRUE,
034,F,cardig9,categorical,standing(1),1,standing,FALSE,
034,F,cardig9,categorical,sitting(2),2,sitting,FALSE,
034,F,cardig9,categorical,test not done(3),3,test not done,FALSE,
034,F,cardig9,categorical,other way(4),4,other way,FALSE,
034,F,chair1,binary,"na, test not done(-6)",-6,"na, test not done",TRUE,
034,F,chair1,binary,"na, wrong skip(-3)",-3,"na, wrong skip",TRUE,
034,F,chair1,binary,"na, see C/D/E/B/F/G/H/B/B/I/J/KRMPF(-2)",-2,"na, see C/D/E/B/F/G/H/B/B/I/J/KRMPF",TRUE,
034,F,chair1,binary,"na, asked(-1)",-1,"na, asked",TRUE,
034,F,chair1,binary,no(1),1,no,FALSE,
034,F,chair1,binary,yes(2),2,yes,FALSE,
034,F,chair2,binary,"na, wrong skip(-3)",-3,"na, wrong skip",TRUE,
034,F,chair2,binary,"na, see C/D/E/B/F/G/H/B/B/I/J/KCHAIR1(-2)",-2,"na, see C/D/E/B/F/G/H/B/B/I/J/KCHAIR1",TRUE,
034,F,chair2,binary,"na, asked(-1)",-1,"na, asked",TRUE,
034,F,chair2,binary,no(1),1,no,FALSE,
034,F,chair2,binary,yes(2),2,yes,FALSE,
034,F,chair3,categorical,"na, wrong skip(-3)",-3,"na, wrong skip",TRUE,
034,F,chair3,categorical,"na, see C/D/E/B/F/G/H/B/B/I/J/KCHAIR1&2(-2)",-2,"na, see C/D/E/B/F/G/H/B/B/I/J/KCHAIR1&2",TRUE,
034,F,chair3,categorical,"na, asked(-1)",-1,"na, asked",TRUE,
034,F,chair3,categorical,slides forward without using arms(1),1,slides forward without using arms,FALSE,
034,F,chair3,categorical,slides forward using arms(2),2,slides forward using arms,FALSE,
034,F,chair3,categorical,cannot slide forward(3),3,cannot slide forward,FALSE,
034,F,chair3,categorical,not done/terminated(4),4,not done/terminated,FALSE,
034,F,chair4,categorical,"na, wrong skip(-3)",-3,"na, wrong skip",TRUE,
034,F,chair4,categorical,"na, see C/D/E/B/F/G/H/B/B/I/J/KCHAIR1&2(-2)",-2,"na, see C/D/E/B/F/G/H/B/B/I/J/KCHAIR1&2",TRUE,
034,F,chair4,categorical,"na, asked(-1)",-1,"na, asked",TRUE,
034,F,chair4,categorical,succeeded without using arms(1),1,succeeded without using arms,FALSE,
034,F,chair4,categorical,succeeded using arms(2),2,succeeded using arms,FALSE,
034,F,chair4,categorical,cannot(3),3,cannot,FALSE,
034,F,chair4,categorical,not done/terminated(4),4,not done/terminated,FALSE,
034,F,chair5,categorical,"na, test not done(-6)",-6,"na, test not done",TRUE,
034,F,chair5,categorical,"na, wrong skip(-3)",-3,"na, wrong skip",TRUE,
034,F,chair5,categorical,"na, see C/D/E/B/F/G/H/B/B/I/J/KCHAIR4(-2)",-2,"na, see C/D/E/B/F/G/H/B/B/I/J/KCHAIR4",TRUE,
034,F,chair5,categorical,"na, asked(-1)",-1,"na, asked",TRUE,
034,F,chair5,categorical,no: five times completed(1),1,no: five times completed,FALSE,
034,F,chair5,categorical,no: less than five times(2),2,no: less than five times,FALSE,
034,F,chair5,categorical,yes: less than five times(3),3,yes: less than five times,FALSE,
034,F,chair6,numeric,"na, no measurement(-6)",-6,"na, no measurement",TRUE,
034,F,chair6,numeric,"na, wrong skip(-3)",-3,"na, wrong skip",TRUE,
034,F,chair6,numeric,"na, see C/D/E/B/F/G/H/B/B/I/J/KCHAIR5(-2)",-2,"na, see C/D/E/B/F/G/H/B/B/I/J/KCHAIR5",TRUE,
034,F,chair6,numeric,"na, asked(-1)",-1,"na, asked",TRUE,
034,F,chair7,numeric,"see c/d/e/b/f/g/h/b/b/i/j/kchair6 -> na, no measurement(-6)",-6,"na, no measurement",TRUE,
034,F,chair7,numeric,"see c/d/e/b/f/g/h/b/b/i/j/kchair6 -> na, wrong skip(-3)",-3,"na, wrong skip",TRUE,
034,F,chair7,numeric,"see c/d/e/b/f/g/h/b/b/i/j/kchair6 -> na, see C/D/E/B/F/G/H/B/B/I/J/KCHAIR5(-2)",-2,"na, see C/D/E/B/F/G/H/B/B/I/J/KCHAIR5",TRUE,
034,F,chair7,numeric,"see c/d/e/b/f/g/h/b/b/i/j/kchair6 -> na, asked(-1)",-1,"na, asked",TRUE,
034,F,chair8,numeric,"na, no measurement(-6)",-6,"na, no measurement",TRUE,
034,F,chair8,numeric,"na, wrong skip(-3)",-3,"na, wrong skip",TRUE,
034,F,chair8,numeric,"na, see C/D/E/B/F/G/HCHAIR5(-2)",-2,"na, see C/D/E/B/F/G/HCHAIR5",TRUE,
034,F,chair8,numeric,"na, asked(-1)",-1,"na, asked",TRUE,
034,F,chair9,binary,"na, wrong skip(-3)",-3,"na, wrong skip",TRUE,
034,F,chair9,binary,"na, see C/D/E/B/F/G/HCHAIR5(-2)",-2,"na, see C/D/E/B/F/G/HCHAIR5",TRUE,
034,F,chair9,binary,"na, asked(-1)",-1,"na, asked",TRUE,
034,F,chair9,binary,no(1),1,no,FALSE,
034,F,chair9,binary,yes(2),2,yes,FALSE,
034,F,rmpf,categorical,valid data(-2),-2,valid data,TRUE,
034,F,rmpf,categorical,short interview(1),1,short interview,FALSE,
034,F,rmpf,categorical,interview terminated(2),2,interview terminated,FALSE,
034,F,tandem1,categorical,"na, test not done(-6)",-6,"na, test not done",TRUE,
034,F,tandem1,categorical,"na, wrong skip(-3)",-3,"na, wrong skip",TRUE,
034,F,tandem1,categorical,"na, see C/D/E/F/G/H/B/B/I/J/KRMPF(-2)",-2,"na, see C/D/E/F/G/H/B/B/I/J/KRMPF",TRUE,
034,F,tandem1,categorical,"na, asked(-1)",-1,"na, asked",TRUE,
034,F,tandem1,categorical,normal test(1),1,normal test,FALSE,
034,F,tandem1,categorical,not capable(2),2,not capable,FALSE,
034,F,tandem1,categorical,falls almost direct(3),3,falls almost direct,FALSE,
034,F,tandem1,categorical,stops within 3 sec.(4),4,stops within 3 sec.,FALSE,
034,F,tandem1,categorical,refusal(5),5,refusal,FALSE,
034,F,tandem1,categorical,physical impossible(6),6,physical impossible,FALSE,
034,F,tandem2,numeric,"na, wrong skip(-3)",-3,"na, wrong skip",TRUE,
034,F,tandem2,numeric,"na, see C/D/E/F/G/H/B/B/I/J/KTANDEM1(-2)",-2,"na, see C/D/E/F/G/H/B/B/I/J/KTANDEM1",TRUE,
034,F,tandem2,numeric,"na, asked(-1)",-1,"na, asked",TRUE,
034,F,walk01,categorical,"na, test not done(-6)",-6,"na, test not done",TRUE,
034,F,walk01,categorical,"na, wrong skip(-3)",-3,"na, wrong skip",TRUE,
034,F,walk01,categorical,"na, see C/D/E/B/F/G/H/B/B/I/J/KRMPF(-2)",-2,"na, see C/D/E/B/F/G/H/B/B/I/J/KRMPF",TRUE,
034,F,walk01,categorical,"na, asked(-1)",-1,"na, asked",TRUE,
034,F,walk01,categorical,no restrictions(1),1,no restrictions,FALSE,
034,F,walk01,categorical,in wheelchair(2),2,in wheelchair,FALSE,
034,F,walk01,categorical,recent surgery(3),3,recent surgery,FALSE,
034,F,walk01,categorical,recent accident(4),4,recent accident,FALSE,
034,F,walk01,categorical,other(5),5,other,FALSE,
034,F,walk02,categorical,"na, wrong skip(-3)",-3,"na, wrong skip",TRUE,
034,F,walk02,categorical,"na, see C/D/E/B/F/G/H/B/B/I/J/KWALK01(-2)",-2,"na, see C/D/E/B/F/G/H/B/B/I/J/KWALK01",TRUE,
034,F,walk02,categorical,"na, asked(-1)",-1,"na, asked",TRUE,
034,F,walk02,categorical,respondent already walked(1),1,respondent already walked,FALSE,
034,F,walk02,categorical,can walk (with aid)(2),2,can walk (with aid),FALSE,
034,F,walk02,categorical,can walk with aid not available(3),3,can walk with aid not available,FALSE,
034,F,walk02,categorical,cannot walk(4),4,cannot walk,FALSE,
034,F,walk03,categorical,"na, wrong skip(-3)",-3,"na, wrong skip",TRUE,
034,F,walk03,categorical,"na, see C/D/E/B/F/G/H/B/B/I/J/KWALK01&02(-2)",-2,"na, see C/D/E/B/F/G/H/B/B/I/J/KWALK01&02",TRUE,
034,F,walk03,categorical,"na, asked(-1)",-1,"na, asked",TRUE,
034,F,walk03,categorical,no(1),1,no,FALSE,
034,F,walk03,categorical,yes(2),2,yes,FALSE,
034,F,walk03,categorical,terminated(3),3,terminated,FALSE,
034,F,walk04,numeric,"na, no measurement(-6)",-6,"na, no measurement",TRUE,
034,F,walk04,numeric,"na, see C/D/E/B/F/G/H/B/B/I/J/KWALK03(-2)",-2,"na, see C/D/E/B/F/G/H/B/B/I/J/KWALK03",TRUE,
034,F,walk04,numeric,no (valid) answer(-1),-1,no (valid) answer,TRUE,
034,F,walk05,numeric,"na, no measurement (-6)",-6,"na, no measurement",TRUE,
034,F,walk05,numeric,"na, see C/D/E/B/F/GWALK03(-2)",-2,"na, see C/D/E/B/F/GWALK03",TRUE,
034,F,walk05,numeric,no (valid) answer(-1),-1,no (valid) answer,TRUE,
034,F,walk06,categorical,"na, see E/B/F/G/H/B/B/I/JWALK03(-2)",-2,"na, see E/B/F/G/H/B/B/I/JWALK03",TRUE,
034,F,walk06,categorical,"na, asked(-1)",-1,"na, asked",TRUE,
034,F,walk06,categorical,walkingbar(1),1,walkingbar,FALSE,
034,F,walk06,categorical,stick(2),2,stick,FALSE,
034,F,walk06,categorical,rollator(3),3,rollator,FALSE,
034,F,walk06,categorical,leaning on objects/interviewer(4),4,leaning on objects/interviewer,FALSE,
034,F,walk06,categorical,other(5),5,other,FALSE,
034,F,walk06,categorical,none(6),6,none,FALSE,
034,F,walk07,ordinal,"na, wrong skip(-6)",-6,"na, wrong skip",TRUE,
034,F,walk07,ordinal,"na, see C/D/E/B/F/G/HWALK03(-2)",-2,"na, see C/D/E/B/F/G/HWALK03",TRUE,
034,F,walk07,ordinal,"na, asked(-1)",-1,"na, asked",TRUE,
034,F,walk07,ordinal,no(1),1,no,FALSE,
034,F,walk07,ordinal,yes(2),2,yes,FALSE,
034,F,walk08,categorical,"na, wrong skip(-3)",-3,"na, wrong skip",TRUE,
034,F,walk08,categorical,"na, see C/D/E/B/F/G/HWALK03(-2)",-2,"na, see C/D/E/B/F/G/HWALK03",TRUE,
034,F,walk08,categorical,"na, asked(-1)",-1,"na, asked",TRUE,
034,F,walk08,categorical,parquet/tiles(1),1,parquet/tiles,FALSE,
034,F,walk08,categorical,low carpet(2),2,low carpet,FALSE,
034,F,walk08,categorical,high carpet(3),3,high carpet,FALSE,
034,F,walk08,categorical,not done/terminated(4),4,not done/terminated,FALSE,
034,F,walk09,categorical,"na, wrong skip(-3)",-3,"na, wrong skip",TRUE,
034,F,walk09,categorical,"na, see C/D/E/B/F/GWALK03(-2)",-2,"na, see C/D/E/B/F/GWALK03",TRUE,
034,F,walk09,categorical,"na, asked(-1)",-1,"na, asked",TRUE,
034,F,walk09,categorical,no(0),0,no,FALSE,
034,F,walk09,categorical,yes(1),1,yes,FALSE,
034,F,walk10,binary,"na, wrong skip(-3)",-3,"na, wrong skip",TRUE,
034,F,walk10,binary,"na, see C/D/E/B/F/G/H/B/B/I/J/KWALK09(-2)",-2,"na, see C/D/E/B/F/G/H/B/B/I/J/KWALK09",TRUE,
034,F,walk10,binary,"na, asked(-1)",-1,"na, asked",TRUE,
034,F,walk10,binary,not mentioned(0),0,not mentioned,FALSE,
034,F,walk10,binary,mentioned(1),1,mentioned,FALSE,
034,F,walk11,binary,"see c/d/e/b/f/g/h/b/b/i/j/kwalk10 -> na, wrong skip(-3)",-3,"na, wrong skip",TRUE,
034,F,walk11,binary,"see c/d/e/b/f/g/h/b/b/i/j/kwalk10 -> na, see C/D/E/B/F/G/H/B/B/I/J/KWALK09(-2)",-2,"na, see C/D/E/B/F/G/H/B/B/I/J/KWALK09",TRUE,
034,F,walk11,binary,"see c/d/e/b/f/g/h/b/b/i/j/kwalk10 -> na, asked(-1)",-1,"na, asked",TRUE,
034,F,walk11,binary,see c/d/e/b/f/g/h/b/b/i/j/kwalk10 -> not mentioned(0),0,not mentioned,FALSE,
034,F,walk11,binary,see c/d/e/b/f/g/h/b/b/i/j/kwalk10 -> mentioned(1),1,mentioned,FALSE,
034,F,walk12,binary,"see c/d/e/b/f/g/h/b/b/i/j/kwalk10 -> na, wrong skip(-3)",-3,"na, wrong skip",TRUE,
034,F,walk12,binary,"see c/d/e/b/f/g/h/b/b/i/j/kwalk10 -> na, see C/D/E/B/F/G/H/B/B/I/J/KWALK09(-2)",-2,"na, see C/D/E/B/F/G/H/B/B/I/J/KWALK09",TRUE,
034,F,walk12,binary,"see c/d/e/b/f/g/h/b/b/i/j/kwalk10 -> na, asked(-1)",-1,"na, asked",TRUE,
034,F,walk12,binary,see c/d/e/b/f/g/h/b/b/i/j/kwalk10 -> not mentioned(0),0,not mentioned,FALSE,
034,F,walk12,binary,see c/d/e/b/f/g/h/b/b/i/j/kwalk10 -> mentioned(1),1,mentioned,FALSE,
034,F,walk13,binary,"see c/d/e/b/f/g/h/b/b/i/j/kwalk10 -> na, wrong skip(-3)",-3,"na, wrong skip",TRUE,
034,F,walk13,binary,"see c/d/e/b/f/g/h/b/b/i/j/kwalk10 -> na, see C/D/E/B/F/G/H/B/B/I/J/KWALK09(-2)",-2,"na, see C/D/E/B/F/G/H/B/B/I/J/KWALK09",TRUE,
034,F,walk13,binary,"see c/d/e/b/f/g/h/b/b/i/j/kwalk10 -> na, asked(-1)",-1,"na, asked",TRUE,
034,F,walk13,binary,see c/d/e/b/f/g/h/b/b/i/j/kwalk10 -> not mentioned(0),0,not mentioned,FALSE,
034,F,walk13,binary,see c/d/e/b/f/g/h/b/b/i/j/kwalk10 -> mentioned(1),1,mentioned,FALSE,
034,F,walk14,binary,"see c/d/e/b/f/g/h/b/b/i/j/kwalk10 -> na, wrong skip(-3)",-3,"na, wrong skip",TRUE,
034,F,walk14,binary,"see c/d/e/b/f/g/h/b/b/i/j/kwalk10 -> na, see C/D/E/B/F/G/H/B/B/I/J/KWALK09(-2)",-2,"na, see C/D/E/B/F/G/H/B/B/I/J/KWALK09",TRUE,
034,F,walk14,binary,"see c/d/e/b/f/g/h/b/b/i/j/kwalk10 -> na, asked(-1)",-1,"na, asked",TRUE,
034,F,walk14,binary,see c/d/e/b/f/g/h/b/b/i/j/kwalk10 -> not mentioned(0),0,not mentioned,FALSE,
034,F,walk14,binary,see c/d/e/b/f/g/h/b/b/i/j/kwalk10 -> mentioned(1),1,mentioned,FALSE,
034,F,walk15,binary,"see c/d/e/b/f/g/h/b/b/i/j/kwalk10 -> na, wrong skip(-3)",-3,"na, wrong skip",TRUE,
034,F,walk15,binary,"see c/d/e/b/f/g/h/b/b/i/j/kwalk10 -> na, see C/D/E/B/F/G/H/B/B/I/J/KWALK09(-2)",-2,"na, see C/D/E/B/F/G/H/B/B/I/J/KWALK09",TRUE,
034,F,walk15,binary,"see c/d/e/b/f/g/h/b/b/i/j/kwalk10 -> na, asked(-1)",-1,"na, asked",TRUE,
034,F,walk15,binary,see c/d/e/b/f/g/h/b/b/i/j/kwalk10 -> not mentioned(0),0,not mentioned,FALSE,
034,F,walk15,binary,see c/d/e/b/f/g/h/b/b/i/j/kwalk10 -> mentioned(1),1,mentioned,FALSE,
034,F,walk16,binary,"see c/d/e/b/f/g/h/b/b/i/j/kwalk10 -> na, wrong skip(-3)",-3,"na, wrong skip",TRUE,
034,F,walk16,binary,"see c/d/e/b/f/g/h/b/b/i/j/kwalk10 -> na, see C/D/E/B/F/G/H/B/B/I/J/KWALK09(-2)",-2,"na, see C/D/E/B/F/G/H/B/B/I/J/KWALK09",TRUE,
034,F,walk16,binary,"see c/d/e/b/f/g/h/b/b/i/j/kwalk10 -> na, asked(-1)",-1,"na, asked",TRUE,
034,F,walk16,binary,see c/d/e/b/f/g/h/b/b/i/j/kwalk10 -> not mentioned(0),0,not mentioned,FALSE,
034,F,walk16,binary,see c/d/e/b/f/g/h/b/b/i/j/kwalk10 -> mentioned(1),1,mentioned,FALSE,
034,F,walk17,binary,"see c/d/e/b/f/g/h/b/b/i/j/kwalk10 -> na, wrong skip(-3)",-3,"na, wrong skip",TRUE,
034,F,walk17,binary,"see c/d/e/b/f/g/h/b/b/i/j/kwalk10 -> na, see C/D/E/B/F/G/H/B/B/I/J/KWALK09(-2)",-2,"na, see C/D/E/B/F/G/H/B/B/I/J/KWALK09",TRUE,
034,F,walk17,binary,"see c/d/e/b/f/g/h/b/b/i/j/kwalk10 -> na, asked(-1)",-1,"na, asked",TRUE,
034,F,walk17,binary,see c/d/e/b/f/g/h/b/b/i/j/kwalk10 -> not mentioned(0),0,not mentioned,FALSE,
034,F,walk17,binary,see c/d/e/b/f/g/h/b/b/i/j/kwalk10 -> mentioned(1),1,mentioned,FALSE,
034,F,walk18,binary,"na, wrong skip(-3)",-3,"na, wrong skip",TRUE,
034,F,walk18,binary,"na, see C/D/E/B/F/G/H/B/B/I/J/KWALK09(-2)",-2,"na, see C/D/E/B/F/G/H/B/B/I/J/KWALK09",TRUE,
034,F,walk18,binary,"na, asked(-1)",-1,"na, asked",TRUE,
034,F,walk18,binary,not mentioned(0),0,not mentioned,FALSE,
034,F,walk18,binary,mentioned(1),1,mentioned,FALSE,
034,F,walk19,categorical,"na, wrong skip(-3)",-3,"na, wrong skip",TRUE,
034,F,walk19,categorical,"na, see C/D/E/B/F/G/H/B/B/I/J/KWALK03(-2)",-2,"na, see C/D/E/B/F/G/H/B/B/I/J/KWALK03",TRUE,
034,F,walk19,categorical,"na, asked(-1)",-1,"na, asked",TRUE,
034,F,walk19,categorical,not enough room/time(1),1,not enough room/time,FALSE,
034,F,walk19,categorical,R refused(2),2,R refused,FALSE,
034,F,walk19,categorical,exercise not safe(3),3,exercise not safe,FALSE,
034,F,walk19,categorical,physically not capable(4),4,physically not capable,FALSE,
034,F,walk19,categorical,R did not understand(5),5,R did not understand,FALSE,
034,F,walk19,categorical,other(6),6,other,FALSE,
034,G,cardig1,categorical,"na, technical missing(-7)",-7,"na, technical missing",TRUE,
034,G,cardig1,categorical,"na, test not done(-6)",-6,"na, test not done",TRUE,
034,G,cardig1,categorical,"na, wrong skip(-3)",-3,"na, wrong skip",TRUE,
034,G,cardig1,categorical,"na, see C/D/E/B/F/G/H/B/I/J/KRMPF(-2)",-2,"na, see C/D/E/B/F/G/H/B/I/J/KRMPF",TRUE,
034,G,cardig1,categorical,"na, asked(-1)",-1,"na, asked",TRUE,
034,G,cardig1,categorical,completed without help(1),1,completed without help,FALSE,
034,G,cardig1,categorical,completed with help(2),2,completed with help,FALSE,
034,G,cardig1,categorical,terminated(3),3,terminated,FALSE,
034,G,cardig1,categorical,not done(4),4,not done,FALSE,
034,G,cardig2,categorical,"na, wrong skip(-3)",-3,"na, wrong skip",TRUE,
034,G,cardig2,categorical,"na, see C/D/E/B/F/G/H/BCARDIG1(-2)",-2,"na, see C/D/E/B/F/G/H/BCARDIG1",TRUE,
034,G,cardig2,categorical,"na, asked(-1)",-1,"na, asked",TRUE,
034,G,cardig2,categorical,completed without help(1),1,completed without help,FALSE,
034,G,cardig2,categorical,completed with help(2),2,completed with help,FALSE,
034,G,cardig2,categorical,terminated(3),3,terminated,FALSE,
034,G,cardig2,categorical,not done(4),4,not done,FALSE,
034,G,cardig3,categorical,"na, wrong skip(-3)",-3,"na, wrong skip",TRUE,
034,G,cardig3,categorical,"na, see C/D/E/B/F/G/H/BCARDIG2(-2)",-2,"na, see C/D/E/B/F/G/H/BCARDIG2",TRUE,
034,G,cardig3,categorical,"na, asked(-1)",-1,"na, asked",TRUE,
034,G,cardig3,categorical,completed without help(1),1,completed without help,FALSE,
034,G,cardig3,categorical,completed with help(2),2,completed with help,FALSE,
034,G,cardig3,categorical,terminated(3),3,terminated,FALSE,
034,G,cardig3,categorical,not done(4),4,not done,FALSE,
034,G,cardig4,numeric,"na, no measurement(-6)",-6,"na, no measurement",TRUE,
034,G,cardig4,numeric,"na, wrong skip(-3)",-3,"na, wrong skip",TRUE,
034,G,cardig4,numeric,"na, see C/D/E/B/F/G/H/B/I/J/KCARDIG1(-2)",-2,"na, see C/D/E/B/F/G/H/B/I/J/KCARDIG1",TRUE,
034,G,cardig4,numeric,no (valid) answer(-1),-1,no (valid) answer,TRUE,
034,G,cardig5,categorical,"na, see C/D/E/B/F/G/H/B/I/J/KCARDIG1(-2)",-2,"na, see C/D/E/B/F/G/H/B/I/J/KCARDIG1",TRUE,
034,G,cardig5,categorical,"na, asked(-1)",-1,"na, asked",TRUE,
034,G,cardig5,categorical,completed without help(1),1,completed without help,FALSE,
034,G,cardig5,categorical,completed with help(2),2,completed with help,FALSE,
034,G,cardig5,categorical,terminated(3),3,terminated,FALSE,
034,G,cardig5,categorical,not done(4),4,not done,FALSE,
034,G,cardig6,categorical,"na, see C/D/E/B/F/G/H/BCARDIG5(-2)",-2,"na, see C/D/E/B/F/G/H/BCARDIG5",TRUE,
034,G,cardig6,categorical,"na, asked(-1)",-1,"na, asked",TRUE,
034,G,cardig6,categorical,completed without help(1),1,completed without help,FALSE,
034,G,cardig6,categorical,completed with help(2),2,completed with help,FALSE,
034,G,cardig6,categorical,terminated(3),3,terminated,FALSE,
034,G,cardig6,categorical,not done(4),4,not done,FALSE,
034,G,cardig7,categorical,"na, see C/D/E/B/F/G/H/BCARDIG6(-2)",-2,"na, see C/D/E/B/F/G/H/BCARDIG6",TRUE,
034,G,cardig7,categorical,"na, asked(-1)",-1,"na, asked",TRUE,
034,G,cardig7,categorical,completed without help(1),1,completed without help,FALSE,
034,G,cardig7,categorical,completed with help(2),2,completed with help,FALSE,
034,G,cardig7,categorical,terminated(3),3,terminated,FALSE,
034,G,cardig7,categorical,not done(4),4,not done,FALSE,
034,G,cardig8,numeric,"na, no measurement(-6)",-6,"na, no measurement",TRUE,
034,G,cardig8,numeric,"na, wrong skip(-3)",-3,"na, wrong skip",TRUE,
034,G,cardig8,numeric,"na, see C/D/E/B/F/G/H/B/I/J/KCARDIG5(-2)",-2,"na, see C/D/E/B/F/G/H/B/I/J/KCARDIG5",TRUE,
034,G,cardig8,numeric,no (valid) answer(-1),-1,no (valid) answer,TRUE,
034,G,cardig9,categorical,"na, wrong skip(-3)",-3,"na, wrong skip",TRUE,
034,G,cardig9,categorical,"na, see F/G/H/3B/I/J/KCARDIG1(-2)",-2,"na, see F/G/H/3B/I/J/KCARDIG1",TRUE,
034,G,cardig9,categorical,"na, asked(-1)",-1,"na, asked",TRUE,
034,G,cardig9,categorical,standing(1),1,standing,FALSE,
034,G,cardig9,categorical,sitting(2),2,sitting,FALSE,
034,G,cardig9,categorical,test not done(3),3,test not done,FALSE,
034,G,cardig9,categorical,other way(4),4,other way,FALSE,
034,G,chair1,binary,"na, test not done(-6)",-6,"na, test not done",TRUE,
034,G,chair1,binary,"na, wrong skip(-3)",-3,"na, wrong skip",TRUE,
034,G,chair1,binary,"na, see C/D/E/B/F/G/H/B/B/I/J/KRMPF(-2)",-2,"na, see C/D/E/B/F/G/H/B/B/I/J/KRMPF",TRUE,
034,G,chair1,binary,"na, asked(-1)",-1,"na, asked",TRUE,
034,G,chair1,binary,no(1),1,no,FALSE,
034,G,chair1,binary,yes(2),2,yes,FALSE,
034,G,chair2,binary,"na, wrong skip(-3)",-3,"na, wrong skip",TRUE,
034,G,chair2,binary,"na, see C/D/E/B/F/G/H/B/B/I/J/KCHAIR1(-2)",-2,"na, see C/D/E/B/F/G/H/B/B/I/J/KCHAIR1",TRUE,
034,G,chair2,binary,"na, asked(-1)",-1,"na, asked",TRUE,
034,G,chair2,binary,no(1),1,no,FALSE,
034,G,chair2,binary,yes(2),2,yes,FALSE,
034,G,chair3,categorical,"na, wrong skip(-3)",-3,"na, wrong skip",TRUE,
034,G,chair3,categorical,"na, see C/D/E/B/F/G/H/B/B/I/J/KCHAIR1&2(-2)",-2,"na, see C/D/E/B/F/G/H/B/B/I/J/KCHAIR1&2",TRUE,
034,G,chair3,categorical,"na, asked(-1)",-1,"na, asked",TRUE,
034,G,chair3,categorical,slides forward without using arms(1),1,slides forward without using arms,FALSE,
034,G,chair3,categorical,slides forward using arms(2),2,slides forward using arms,FALSE,
034,G,chair3,categorical,cannot slide forward(3),3,cannot slide forward,FALSE,
034,G,chair3,categorical,not done/terminated(4),4,not done/terminated,FALSE,
034,G,chair4,categorical,"na, wrong skip(-3)",-3,"na, wrong skip",TRUE,
034,G,chair4,categorical,"na, see C/D/E/B/F/G/H/B/B/I/J/KCHAIR1&2(-2)",-2,"na, see C/D/E/B/F/G/H/B/B/I/J/KCHAIR1&2",TRUE,
034,G,chair4,categorical,"na, asked(-1)",-1,"na, asked",TRUE,
034,G,chair4,categorical,succeeded without using arms(1),1,succeeded without using arms,FALSE,
034,G,chair4,categorical,succeeded using arms(2),2,succeeded using arms,FALSE,
034,G,chair4,categorical,cannot(3),3,cannot,FALSE,
034,G,chair4,categorical,not done/terminated(4),4,not done/terminated,FALSE,
034,G,chair5,categorical,"na, test not done(-6)",-6,"na, test not done",TRUE,
034,G,chair5,categorical,"na, wrong skip(-3)",-3,"na, wrong skip",TRUE,
034,G,chair5,categorical,"na, see C/D/E/B/F/G/H/B/B/I/J/KCHAIR4(-2)",-2,"na, see C/D/E/B/F/G/H/B/B/I/J/KCHAIR4",TRUE,
034,G,chair5,categorical,"na, asked(-1)",-1,"na, asked",TRUE,
034,G,chair5,categorical,no: five times completed(1),1,no: five times completed,FALSE,
034,G,chair5,categorical,no: less than five times(2),2,no: less than five times,FALSE,
034,G,chair5,categorical,yes: less than five times(3),3,yes: less than five times,FALSE,
034,G,chair6,numeric,"na, no measurement(-6)",-6,"na, no measurement",TRUE,
034,G,chair6,numeric,"na, wrong skip(-3)",-3,"na, wrong skip",TRUE,
034,G,chair6,numeric,"na, see C/D/E/B/F/G/H/B/B/I/J/KCHAIR5(-2)",-2,"na, see C/D/E/B/F/G/H/B/B/I/J/KCHAIR5",TRUE,
034,G,chair6,numeric,"na, asked(-1)",-1,"na, asked",TRUE,
034,G,chair7,numeric,"see c/d/e/b/f/g/h/b/b/i/j/kchair6 -> na, no measurement(-6)",-6,"na, no measurement",TRUE,
034,G,chair7,numeric,"see c/d/e/b/f/g/h/b/b/i/j/kchair6 -> na, wrong skip(-3)",-3,"na, wrong skip",TRUE,
034,G,chair7,numeric,"see c/d/e/b/f/g/h/b/b/i/j/kchair6 -> na, see C/D/E/B/F/G/H/B/B/I/J/KCHAIR5(-2)",-2,"na, see C/D/E/B/F/G/H/B/B/I/J/KCHAIR5",TRUE,
034,G,chair7,numeric,"see c/d/e/b/f/g/h/b/b/i/j/kchair6 -> na, asked(-1)",-1,"na, asked",TRUE,
034,G,chair8,numeric,"na, no measurement(-6)",-6,"na, no measurement",TRUE,
034,G,chair8,numeric,"na, wrong skip(-3)",-3,"na, wrong skip",TRUE,
034,G,chair8,numeric,"na, see C/D/E/B/F/G/HCHAIR5(-2)",-2,"na, see C/D/E/B/F/G/HCHAIR5",TRUE,
034,G,chair8,numeric,"na, asked(-1)",-1,"na, asked",TRUE,
034,G,chair9,binary,"na, wrong skip(-3)",-3,"na, wrong skip",TRUE,
034,G,chair9,binary,"na, see C/D/E/B/F/G/HCHAIR5(-2)",-2,"na, see C/D/E/B/F/G/HCHAIR5",TRUE,
034,G,chair9,binary,"na, asked(-1)",-1,"na, asked",TRUE,
034,G,chair9,binary,no(1),1,no,FALSE,
034,G,chair9,binary,yes(2),2,yes,FALSE,
034,G,rmpf,categorical,valid data(-2),-2,valid data,TRUE,
034,G,rmpf,categorical,short interview(1),1,short interview,FALSE,
034,G,rmpf,categorical,interview terminated(2),2,interview terminated,FALSE,
034,G,tandem1,categorical,"na, test not done(-6)",-6,"na, test not done",TRUE,
034,G,tandem1,categorical,"na, wrong skip(-3)",-3,"na, wrong skip",TRUE,
034,G,tandem1,categorical,"na, see C/D/E/F/G/H/B/B/I/J/KRMPF(-2)",-2,"na, see C/D/E/F/G/H/B/B/I/J/KRMPF",TRUE,
034,G,tandem1,categorical,"na, asked(-1)",-1,"na, asked",TRUE,
034,G,tandem1,categorical,normal test(1),1,normal test,FALSE,
034,G,tandem1,categorical,not capable(2),2,not capable,FALSE,
034,G,tandem1,categorical,falls almost direct(3),3,falls almost direct,FALSE,
034,G,tandem1,categorical,stops within 3 sec.(4),4,stops within 3 sec.,FALSE,
034,G,tandem1,categorical,refusal(5),5,refusal,FALSE,
034,G,tandem1,categorical,physical impossible(6),6,physical impossible,FALSE,
034,G,tandem2,numeric,"na, wrong skip(-3)",-3,"na, wrong skip",TRUE,
034,G,tandem2,numeric,"na, see C/D/E/F/G/H/B/B/I/J/KTANDEM1(-2)",-2,"na, see C/D/E/F/G/H/B/B/I/J/KTANDEM1",TRUE,
034,G,tandem2,numeric,"na, asked(-1)",-1,"na, asked",TRUE,
034,G,walk01,categorical,"na, test not done(-6)",-6,"na, test not done",TRUE,
034,G,walk01,categorical,"na, wrong skip(-3)",-3,"na, wrong skip",TRUE,
034,G,walk01,categorical,"na, see C/D/E/B/F/G/H/B/B/I/J/KRMPF(-2)",-2,"na, see C/D/E/B/F/G/H/B/B/I/J/KRMPF",TRUE,
034,G,walk01,categorical,"na, asked(-1)",-1,"na, asked",TRUE,
034,G,walk01,categorical,no restrictions(1),1,no restrictions,FALSE,
034,G,walk01,categorical,in wheelchair(2),2,in wheelchair,FALSE,
034,G,walk01,categorical,recent surgery(3),3,recent surgery,FALSE,
034,G,walk01,categorical,recent accident(4),4,recent accident,FALSE,
034,G,walk01,categorical,other(5),5,other,FALSE,
034,G,walk02,categorical,"na, wrong skip(-3)",-3,"na, wrong skip",TRUE,
034,G,walk02,categorical,"na, see C/D/E/B/F/G/H/B/B/I/J/KWALK01(-2)",-2,"na, see C/D/E/B/F/G/H/B/B/I/J/KWALK01",TRUE,
034,G,walk02,categorical,"na, asked(-1)",-1,"na, asked",TRUE,
034,G,walk02,categorical,respondent already walked(1),1,respondent already walked,FALSE,
034,G,walk02,categorical,can walk (with aid)(2),2,can walk (with aid),FALSE,
034,G,walk02,categorical,can walk with aid not available(3),3,can walk with aid not available,FALSE,
034,G,walk02,categorical,cannot walk(4),4,cannot walk,FALSE,
034,G,walk03,categorical,"na, wrong skip(-3)",-3,"na, wrong skip",TRUE,
034,G,walk03,categorical,"na, see C/D/E/B/F/G/H/B/B/I/J/KWALK01&02(-2)",-2,"na, see C/D/E/B/F/G/H/B/B/I/J/KWALK01&02",TRUE,
034,G,walk03,categorical,"na, asked(-1)",-1,"na, asked",TRUE,
034,G,walk03,categorical,no(1),1,no,FALSE,
034,G,walk03,categorical,yes(2),2,yes,FALSE,
034,G,walk03,categorical,terminated(3),3,terminated,FALSE,
034,G,walk04,numeric,"na, no measurement(-6)",-6,"na, no measurement",TRUE,
034,G,walk04,numeric,"na, see C/D/E/B/F/G/H/B/B/I/J/KWALK03(-2)",-2,"na, see C/D/E/B/F/G/H/B/B/I/J/KWALK03",TRUE,
034,G,walk04,numeric,no (valid) answer(-1),-1,no (valid) answer,TRUE,
034,G,walk05,numeric,"na, no measurement (-6)",-6,"na, no measurement",TRUE,
034,G,walk05,numeric,"na, see C/D/E/B/F/GWALK03(-2)",-2,"na, see C/D/E/B/F/GWALK03",TRUE,
034,G,walk05,numeric,no (valid) answer(-1),-1,no (valid) answer,TRUE,
034,G,walk06,categorical,"na, see E/B/F/G/H/B/B/I/JWALK03(-2)",-2,"na, see E/B/F/G/H/B/B/I/JWALK03",TRUE,
034,G,walk06,categorical,"na, asked(-1)",-1,"na, asked",TRUE,
034,G,walk06,categorical,walkingbar(1),1,walkingbar,FALSE,
034,G,walk06,categorical,stick(2),2,stick,FALSE,
034,G,walk06,categorical,rollator(3),3,rollator,FALSE,
034,G,walk06,categorical,leaning on objects/interviewer(4),4,leaning on objects/interviewer,FALSE,
034,G,walk06,categorical,other(5),5,other,FALSE,
034,G,walk06,categorical,none(6),6,none,FALSE,
034,G,walk07,ordinal,"na, wrong skip(-6)",-6,"na, wrong skip",TRUE,
034,G,walk07,ordinal,"na, see C/D/E/B/F/G/HWALK03(-2)",-2,"na, see C/D/E/B/F/G/HWALK03",TRUE,
034,G,walk07,ordinal,"na, asked(-1)",-1,"na, asked",TRUE,
034,G,walk07,ordinal,no(1),1,no,FALSE,
034,G,walk07,ordinal,yes(2),2,yes,FALSE,
034,G,walk08,categorical,"na, wrong skip(-3)",-3,"na, wrong skip",TRUE,
034,G,walk08,categorical,"na, see C/D/E/B/F/G/HWALK03(-2)",-2,"na, see C/D/E/B/F/G/HWALK03",TRUE,
034,G,walk08,categorical,"na, asked(-1)",-1,"na, asked",TRUE,
034,G,walk08,categorical,parquet/tiles(1),1,parquet/tiles,FALSE,
034,G,walk08,categorical,low carpet(2),2,low carpet,FALSE,
034,G,walk08,categorical,high carpet(3),3,high carpet,FALSE,
034,G,walk08,categorical,not done/terminated(4),4,not done/terminated,FALSE,
034,G,walk09,categorical,"na, wrong skip(-3)",-3,"na, wrong skip",TRUE,
034,G,walk09,categorical,"na, see C/D/E/B/F/GWALK03(-2)",-2,"na, see C/D/E/B/F/GWALK03",TRUE,
034,G,walk09,categorical,"na, asked(-1)",-1,"na, asked",TRUE,
034,G,walk09,categorical,no(0),0,no,FALSE,
034,G,walk09,categorical,yes(1),1,yes,FALSE,
034,G,walk10,binary,"na, wrong skip(-3)",-3,"na, wrong skip",TRUE,
034,G,walk10,binary,"na, see C/D/E/B/F/G/H/B/B/I/J/KWALK09(-2)",-2,"na, see C/D/E/B/F/G/H/B/B/I/J/KWALK09",TRUE,
034,G,walk10,binary,"na, asked(-1)",-1,"na, asked",TRUE,
034,G,walk10,binary,not mentioned(0),0,not mentioned,FALSE,
034,G,walk10,binary,mentioned(1),1,mentioned,FALSE,
034,G,walk11,binary,"see c/d/e/b/f/g/h/b/b/i/j/kwalk10 -> na, wrong skip(-3)",-3,"na, wrong skip",TRUE,
034,G,walk11,binary,"see c/d/e/b/f/g/h/b/b/i/j/kwalk10 -> na, see C/D/E/B/F/G/H/B/B/I/J/KWALK09(-2)",-2,"na, see C/D/E/B/F/G/H/B/B/I/J/KWALK09",TRUE,
034,G,walk11,binary,"see c/d/e/b/f/g/h/b/b/i/j/kwalk10 -> na, asked(-1)",-1,"na, asked",TRUE,
034,G,walk11,binary,see c/d/e/b/f/g/h/b/b/i/j/kwalk10 -> not mentioned(0),0,not mentioned,FALSE,
034,G,walk11,binary,see c/d/e/b/f/g/h/b/b/i/j/kwalk10 -> mentioned(1),1,mentioned,FALSE,
034,G,walk12,binary,"see c/d/e/b/f/g/h/b/b/i/j/kwalk10 -> na, wrong skip(-3)",-3,"na, wrong skip",TRUE,
034,G,walk12,binary,"see c/d/e/b/f/g/h/b/b/i/j/kwalk10 -> na, see C/D/E/B/F/G/H/B/B/I/J/KWALK09(-2)",-2,"na, see C/D/E/B/F/G/H/B/B/I/J/KWALK09",TRUE,
034,G,walk12,binary,"see c/d/e/b/f/g/h/b/b/i/j/kwalk10 -> na, asked(-1)",-1,"na, asked",TRUE,
034,G,walk12,binary,see c/d/e/b/f/g/h/b/b/i/j/kwalk10 -> not mentioned(0),0,not mentioned,FALSE,
034,G,walk12,binary,see c/d/e/b/f/g/h/b/b/i/j/kwalk10 -> mentioned(1),1,mentioned,FALSE,
034,G,walk13,binary,"see c/d/e/b/f/g/h/b/b/i/j/kwalk10 -> na, wrong skip(-3)",-3,"na, wrong skip",TRUE,
034,G,walk13,binary,"see c/d/e/b/f/g/h/b/b/i/j/kwalk10 -> na, see C/D/E/B/F/G/H/B/B/I/J/KWALK09(-2)",-2,"na, see C/D/E/B/F/G/H/B/B/I/J/KWALK09",TRUE,
034,G,walk13,binary,"see c/d/e/b/f/g/h/b/b/i/j/kwalk10 -> na, asked(-1)",-1,"na, asked",TRUE,
034,G,walk13,binary,see c/d/e/b/f/g/h/b/b/i/j/kwalk10 -> not mentioned(0),0,not mentioned,FALSE,
034,G,walk13,binary,see c/d/e/b/f/g/h/b/b/i/j/kwalk10 -> mentioned(1),1,mentioned,FALSE,
034,G,walk14,binary,"see c/d/e/b/f/g/h/b/b/i/j/kwalk10 -> na, wrong skip(-3)",-3,"na, wrong skip",TRUE,
034,G,walk14,binary,"see c/d/e/b/f/g/h/b/b/i/j/kwalk10 -> na, see C/D/E/B/F/G/H/B/B/I/J/KWALK09(-2)",-2,"na, see C/D/E/B/F/G/H/B/B/I/J/KWALK09",TRUE,
034,G,walk14,binary,"see c/d/e/b/f/g/h/b/b/i/j/kwalk10 -> na, asked(-1)",-1,"na, asked",TRUE,
034,G,walk14,binary,see c/d/e/b/f/g/h/b/b/i/j/kwalk10 -> not mentioned(0),0,not mentioned,FALSE,
034,G,walk14,binary,see c/d/e/b/f/g/h/b/b/i/j/kwalk10 -> mentioned(1),1,mentioned,FALSE,
034,G,walk15,binary,"see c/d/e/b/f/g/h/b/b/i/j/kwalk10 -> na, wrong skip(-3)",-3,"na, wrong skip",TRUE,
034,G,walk15,binary,"see c/d/e/b/f/g/h/b/b/i/j/kwalk10 -> na, see C/D/E/B/F/G/H/B/B/I/J/KWALK09(-2)",-2,"na, see C/D/E/B/F/G/H/B/B/I/J/KWALK09",TRUE,
034,G,walk15,binary,"see c/d/e/b/f/g/h/b/b/i/j/kwalk10 -> na, asked(-1)",-1,"na, asked",TRUE,
034,G,walk15,binary,see c/d/e/b/f/g/h/b/b/i/j/kwalk10 -> not mentioned(0),0,not mentioned,FALSE,
034,G,walk15,binary,see c/d/e/b/f/g/h/b/b/i/j/kwalk10 -> mentioned(1),1,mentioned,FALSE,
034,G,walk16,binary,"see c/d/e/b/f/g/h/b/b/i/j/kwalk10 -> na, wrong skip(-3)",-3,"na, wrong skip",TRUE,
034,G,walk16,binary,"see c/d/e/b/f/g/h/b/b/i/j/kwalk10 -> na, see C/D/E/B/F/G/H/B/B/I/J/KWALK09(-2)",-2,"na, see C/D/E/B/F/G/H/B/B/I/J/KWALK09",TRUE,
034,G,walk16,binary,"see c/d/e/b/f/g/h/b/b/i/j/kwalk10 -> na, asked(-1)",-1,"na, asked",TRUE,
034,G,walk16,binary,see c/d/e/b/f/g/h/b/b/i/j/kwalk10 -> not mentioned(0),0,not mentioned,FALSE,
034,G,walk16,binary,see c/d/e/b/f/g/h/b/b/i/j/kwalk10 -> mentioned(1),1,mentioned,FALSE,
034,G,walk17,binary,"see c/d/e/b/f/g/h/b/b/i/j/kwalk10 -> na, wrong skip(-3)",-3,"na, wrong skip",TRUE,
034,G,walk17,binary,"see c/d/e/b/f/g/h/b/b/i/j/kwalk10 -> na, see C/D/E/B/F/G/H/B/B/I/J/KWALK09(-2)",-2,"na, see C/D/E/B/F/G/H/B/B/I/J/KWALK09",TRUE,
034,G,walk17,binary,"see c/d/e/b/f/g/h/b/b/i/j/kwalk10 -> na, asked(-1)",-1,"na, asked",TRUE,
034,G,walk17,binary,see c/d/e/b/f/g/h/b/b/i/j/kwalk10 -> not mentioned(0),0,not mentioned,FALSE,
034,G,walk17,binary,see c/d/e/b/f/g/h/b/b/i/j/kwalk10 -> mentioned(1),1,mentioned,FALSE,
034,G,walk18,binary,"na, wrong skip(-3)",-3,"na, wrong skip",TRUE,
034,G,walk18,binary,"na, see C/D/E/B/F/G/H/B/B/I/J/KWALK09(-2)",-2,"na, see C/D/E/B/F/G/H/B/B/I/J/KWALK09",TRUE,
034,G,walk18,binary,"na, asked(-1)",-1,"na, asked",TRUE,
034,G,walk18,binary,not mentioned(0),0,not mentioned,FALSE,
034,G,walk18,binary,mentioned(1),1,mentioned,FALSE,
034,G,walk19,categorical,"na, wrong skip(-3)",-3,"na, wrong skip",TRUE,
034,G,walk19,categorical,"na, see C/D/E/B/F/G/H/B/B/I/J/KWALK03(-2)",-2,"na, see C/D/E/B/F/G/H/B/B/I/J/KWALK03",TRUE,
034,G,walk19,categorical,"na, asked(-1)",-1,"na, asked",TRUE,
034,G,walk19,categorical,not enough room/time(1),1,not enough room/time,FALSE,
034,G,walk19,categorical,R refused(2),2,R refused,FALSE,
034,G,walk19,categorical,exercise not safe(3),3,exercise not safe,FALSE,
034,G,walk19,categorical,physically not capable(4),4,physically not capable,FALSE,
034,G,walk19,categorical,R did not understand(5),5,R did not understand,FALSE,
034,G,walk19,categorical,other(6),6,other,FALSE,
034,H,cardig1,categorical,"na, technical missing(-7)",-7,"na, technical missing",TRUE,
034,H,cardig1,categorical,"na, test not done(-6)",-6,"na, test not done",TRUE,
034,H,cardig1,categorical,"na, wrong skip(-3)",-3,"na, wrong skip",TRUE,
034,H,cardig1,categorical,"na, see C/D/E/B/F/G/H/B/I/J/KRMPF(-2)",-2,"na, see C/D/E/B/F/G/H/B/I/J/KRMPF",TRUE,
034,H,cardig1,categorical,"na, asked(-1)",-1,"na, asked",TRUE,
034,H,cardig1,categorical,completed without help(1),1,completed without help,FALSE,
034,H,cardig1,categorical,completed with help(2),2,completed with help,FALSE,
034,H,cardig1,categorical,terminated(3),3,terminated,FALSE,
034,H,cardig1,categorical,not done(4),4,not done,FALSE,
034,H,cardig2,categorical,"na, wrong skip(-3)",-3,"na, wrong skip",TRUE,
034,H,cardig2,categorical,"na, see C/D/E/B/F/G/H/BCARDIG1(-2)",-2,"na, see C/D/E/B/F/G/H/BCARDIG1",TRUE,
034,H,cardig2,categorical,"na, asked(-1)",-1,"na, asked",TRUE,
034,H,cardig2,categorical,completed without help(1),1,completed without help,FALSE,
034,H,cardig2,categorical,completed with help(2),2,completed with help,FALSE,
034,H,cardig2,categorical,terminated(3),3,terminated,FALSE,
034,H,cardig2,categorical,not done(4),4,not done,FALSE,
034,H,cardig3,categorical,"na, wrong skip(-3)",-3,"na, wrong skip",TRUE,
034,H,cardig3,categorical,"na, see C/D/E/B/F/G/H/BCARDIG2(-2)",-2,"na, see C/D/E/B/F/G/H/BCARDIG2",TRUE,
034,H,cardig3,categorical,"na, asked(-1)",-1,"na, asked",TRUE,
034,H,cardig3,categorical,completed without help(1),1,completed without help,FALSE,
034,H,cardig3,categorical,completed with help(2),2,completed with help,FALSE,
034,H,cardig3,categorical,terminated(3),3,terminated,FALSE,
034,H,cardig3,categorical,not done(4),4,not done,FALSE,
034,H,cardig4,numeric,"na, no measurement(-6)",-6,"na, no measurement",TRUE,
034,H,cardig4,numeric,"na, wrong skip(-3)",-3,"na, wrong skip",TRUE,
034,H,cardig4,numeric,"na, see C/D/E/B/F/G/H/B/I/J/KCARDIG1(-2)",-2,"na, see C/D/E/B/F/G/H/B/I/J/KCARDIG1",TRUE,
034,H,cardig4,numeric,no (valid) answer(-1),-1,no (valid) answer,TRUE,
034,H,cardig5,categorical,"na, see C/D/E/B/F/G/H/B/I/J/KCARDIG1(-2)",-2,"na, see C/D/E/B/F/G/H/B/I/J/KCARDIG1",TRUE,
034,H,cardig5,categorical,"na, asked(-1)",-1,"na, asked",TRUE,
034,H,cardig5,categorical,completed without help(1),1,completed without help,FALSE,
034,H,cardig5,categorical,completed with help(2),2,completed with help,FALSE,
034,H,cardig5,categorical,terminated(3),3,terminated,FALSE,
034,H,cardig5,categorical,not done(4),4,not done,FALSE,
034,H,cardig6,categorical,"na, see C/D/E/B/F/G/H/BCARDIG5(-2)",-2,"na, see C/D/E/B/F/G/H/BCARDIG5",TRUE,
034,H,cardig6,categorical,"na, asked(-1)",-1,"na, asked",TRUE,
034,H,cardig6,categorical,completed without help(1),1,completed without help,FALSE,
034,H,cardig6,categorical,completed with help(2),2,completed with help,FALSE,
034,H,cardig6,categorical,terminated(3),3,terminated,FALSE,
034,H,cardig6,categorical,not done(4),4,not done,FALSE,
034,H,cardig7,categorical,"na, see C/D/E/B/F/G/H/BCARDIG6(-2)",-2,"na, see C/D/E/B/F/G/H/BCARDIG6",TRUE,
034,H,cardig7,categorical,"na, asked(-1)",-1,"na, asked",TRUE,
034,H,cardig7,categorical,completed without help(1),1,completed without help,FALSE,
034,H,cardig7,categorical,completed with help(2),2,completed with help,FALSE,
034,H,cardig7,categorical,terminated(3),3,terminated,FALSE,
034,H,cardig7,categorical,not done(4),4,not done,FALSE,
034,H,cardig8,numeric,"na, no measurement(-6)",-6,"na, no measurement",TRUE,
034,H,cardig8,numeric,"na, wrong skip(-3)",-3,"na, wrong skip",TRUE,
034,H,cardig8,numeric,"na, see C/D/E/B/F/G/H/B/I/J/KCARDIG5(-2)",-2,"na, see C/D/E/B/F/G/H/B/I/J/KCARDIG5",TRUE,
034,H,cardig8,numeric,no (valid) answer(-1),-1,no (valid) answer,TRUE,
034,H,cardig9,categorical,"na, wrong skip(-3)",-3,"na, wrong skip",TRUE,
034,H,cardig9,categorical,"na, see F/G/H/3B/I/J/KCARDIG1(-2)",-2,"na, see F/G/H/3B/I/J/KCARDIG1",TRUE,
034,H,cardig9,categorical,"na, asked(-1)",-1,"na, asked",TRUE,
034,H,cardig9,categorical,standing(1),1,standing,FALSE,
034,H,cardig9,categorical,sitting(2),2,sitting,FALSE,
034,H,cardig9,categorical,test not done(3),3,test not done,FALSE,
034,H,cardig9,categorical,other way(4),4,other way,FALSE,
034,H,chair1,binary,"na, test not done(-6)",-6,"na, test not done",TRUE,
034,H,chair1,binary,"na, wrong skip(-3)",-3,"na, wrong skip",TRUE,
034,H,chair1,binary,"na, see C/D/E/B/F/G/H/B/B/I/J/KRMPF(-2)",-2,"na, see C/D/E/B/F/G/H/B/B/I/J/KRMPF",TRUE,
034,H,chair1,binary,"na, asked(-1)",-1,"na, asked",TRUE,
034,H,chair1,binary,no(1),1,no,FALSE,
034,H,chair1,binary,yes(2),2,yes,FALSE,
034,H,chair2,binary,"na, wrong skip(-3)",-3,"na, wrong skip",TRUE,
034,H,chair2,binary,"na, see C/D/E/B/F/G/H/B/B/I/J/KCHAIR1(-2)",-2,"na, see C/D/E/B/F/G/H/B/B/I/J/KCHAIR1",TRUE,
034,H,chair2,binary,"na, asked(-1)",-1,"na, asked",TRUE,
034,H,chair2,binary,no(1),1,no,FALSE,
034,H,chair2,binary,yes(2),2,yes,FALSE,
034,H,chair3,categorical,"na, wrong skip(-3)",-3,"na, wrong skip",TRUE,
034,H,chair3,categorical,"na, see C/D/E/B/F/G/H/B/B/I/J/KCHAIR1&2(-2)",-2,"na, see C/D/E/B/F/G/H/B/B/I/J/KCHAIR1&2",TRUE,
034,H,chair3,categorical,"na, asked(-1)",-1,"na, asked",TRUE,
034,H,chair3,categorical,slides forward without using arms(1),1,slides forward without using arms,FALSE,
034,H,chair3,categorical,slides forward using arms(2),2,slides forward using arms,FALSE,
034,H,chair3,categorical,cannot slide forward(3),3,cannot slide forward,FALSE,
034,H,chair3,categorical,not done/terminated(4),4,not done/terminated,FALSE,
034,H,chair4,categorical,"na, wrong skip(-3)",-3,"na, wrong skip",TRUE,
034,H,chair4,categorical,"na, see C/D/E/B/F/G/H/B/B/I/J/KCHAIR1&2(-2)",-2,"na, see C/D/E/B/F/G/H/B/B/I/J/KCHAIR1&2",TRUE,
034,H,chair4,categorical,"na, asked(-1)",-1,"na, asked",TRUE,
034,H,chair4,categorical,succeeded without using arms(1),1,succeeded without using arms,FALSE,
034,H,chair4,categorical,succeeded using arms(2),2,succeeded using arms,FALSE,
034,H,chair4,categorical,cannot(3),3,cannot,FALSE,
034,H,chair4,categorical,not done/terminated(4),4,not done/terminated,FALSE,
034,H,chair5,categorical,"na, test not done(-6)",-6,"na, test not done",TRUE,
034,H,chair5,categorical,"na, wrong skip(-3)",-3,"na, wrong skip",TRUE,
034,H,chair5,categorical,"na, see C/D/E/B/F/G/H/B/B/I/J/KCHAIR4(-2)",-2,"na, see C/D/E/B/F/G/H/B/B/I/J/KCHAIR4",TRUE,
034,H,chair5,categorical,"na, asked(-1)",-1,"na, asked",TRUE,
034,H,chair5,categorical,no: five times completed(1),1,no: five times completed,FALSE,
034,H,chair5,categorical,no: less than five times(2),2,no: less than five times,FALSE,
034,H,chair5,categorical,yes: less than five times(3),3,yes: less than five times,FALSE,
034,H,chair6,numeric,"na, no measurement(-6)",-6,"na, no measurement",TRUE,
034,H,chair6,numeric,"na, wrong skip(-3)",-3,"na, wrong skip",TRUE,
034,H,chair6,numeric,"na, see C/D/E/B/F/G/H/B/B/I/J/KCHAIR5(-2)",-2,"na, see C/D/E/B/F/G/H/B/B/I/J/KCHAIR5",TRUE,
034,H,chair6,numeric,"na, asked(-1)",-1,"na, asked",TRUE,
034,H,chair7,numeric,"see c/d/e/b/f/g/h/b/b/i/j/kchair6 -> na, no measurement(-6)",-6,"na, no measurement",TRUE,
034,H,chair7,numeric,"see c/d/e/b/f/g/h/b/b/i/j/kchair6 -> na, wrong skip(-3)",-3,"na, wrong skip",TRUE,
034,H,chair7,numeric,"see c/d/e/b/f/g/h/b/b/i/j/kchair6 -> na, see C/D/E/B/F/G/H/B/B/I/J/KCHAIR5(-2)",-2,"na, see C/D/E/B/F/G/H/B/B/I/J/KCHAIR5",TRUE,
034,H,chair7,numeric,"see c/d/e/b/f/g/h/b/b/i/j/kchair6 -> na, asked(-1)",-1,"na, asked",TRUE,
034,H,chair8,numeric,"na, no measurement(-6)",-6,"na, no measurement",TRUE,
034,H,chair8,numeric,"na, wrong skip(-3)",-3,"na, wrong skip",TRUE,
034,H,chair8,numeric,"na, see C/D/E/B/F/G/HCHAIR5(-2)",-2,"na, see C/D/E/B/F/G/HCHAIR5",TRUE,
034,H,chair8,numeric,"na, asked(-1)",-1,"na, asked",TRUE,
034,H,chair9,binary,"na, wrong skip(-3)",-3,"na, wrong skip",TRUE,
034,H,chair9,binary,"na, see C/D/E/B/F/G/HCHAIR5(-2)",-2,"na, see C/D/E/B/F/G/HCHAIR5",TRUE,
034,H,chair9,binary,"na, asked(-1)",-1,"na, asked",TRUE,
034,H,chair9,binary,no(1),1,no,FALSE,
034,H,chair9,binary,yes(2),2,yes,FALSE,
034,H,rmpf,categorical,valid data(-2),-2,valid data,TRUE,
034,H,rmpf,categorical,short interview(1),1,short interview,FALSE,
034,H,rmpf,categorical,interview terminated(2),2,interview terminated,FALSE,
034,H,tandem1,categorical,"na, test not done(-6)",-6,"na, test not done",TRUE,
034,H,tandem1,categorical,"na, wrong skip(-3)",-3,"na, wrong skip",TRUE,
034,H,tandem1,categorical,"na, see C/D/E/F/G/H/B/B/I/J/KRMPF(-2)",-2,"na, see C/D/E/F/G/H/B/B/I/J/KRMPF",TRUE,
034,H,tandem1,categorical,"na, asked(-1)",-1,"na, asked",TRUE,
034,H,tandem1,categorical,normal test(1),1,normal test,FALSE,
034,H,tandem1,categorical,not capable(2),2,not capable,FALSE,
034,H,tandem1,categorical,falls almost direct(3),3,falls almost direct,FALSE,
034,H,tandem1,categorical,stops within 3 sec.(4),4,stops within 3 sec.,FALSE,
034,H,tandem1,categorical,refusal(5),5,refusal,FALSE,
034,H,tandem1,categorical,physical impossible(6),6,physical impossible,FALSE,
034,H,tandem2,numeric,"na, wrong skip(-3)",-3,"na, wrong skip",TRUE,
034,H,tandem2,numeric,"na, see C/D/E/F/G/H/B/B/I/J/KTANDEM1(-2)",-2,"na, see C/D/E/F/G/H/B/B/I/J/KTANDEM1",TRUE,
034,H,tandem2,numeric,"na, asked(-1)",-1,"na, asked",TRUE,
034,H,walk01,categorical,"na, test not done(-6)",-6,"na, test not done",TRUE,
034,H,walk01,categorical,"na, wrong skip(-3)",-3,"na, wrong skip",TRUE,
034,H,walk01,categorical,"na, see C/D/E/B/F/G/H/B/B/I/J/KRMPF(-2)",-2,"na, see C/D/E/B/F/G/H/B/B/I/J/KRMPF",TRUE,
034,H,walk01,categorical,"na, asked(-1)",-1,"na, asked",TRUE,
034,H,walk01,categorical,no restrictions(1),1,no restrictions,FALSE,
034,H,walk01,categorical,in wheelchair(2),2,in wheelchair,FALSE,
034,H,walk01,categorical,recent surgery(3),3,recent surgery,FALSE,
034,H,walk01,categorical,recent accident(4),4,recent accident,FALSE,
034,H,walk01,categorical,other(5),5,other,FALSE,
034,H,walk02,categorical,"na, wrong skip(-3)",-3,"na, wrong skip",TRUE,
034,H,walk02,categorical,"na, see C/D/E/B/F/G/H/B/B/I/J/KWALK01(-2)",-2,"na, see C/D/E/B/F/G/H/B/B/I/J/KWALK01",TRUE,
034,H,walk02,categorical,"na, asked(-1)",-1,"na, asked",TRUE,
034,H,walk02,categorical,respondent already walked(1),1,respondent already walked,FALSE,
034,H,walk02,categorical,can walk (with aid)(2),2,can walk (with aid),FALSE,
034,H,walk02,categorical,can walk with aid not available(3),3,can walk with aid not available,FALSE,
034,H,walk02,categorical,cannot walk(4),4,cannot walk,FALSE,
034,H,walk03,categorical,"na, wrong skip(-3)",-3,"na, wrong skip",TRUE,
034,H,walk03,categorical,"na, see C/D/E/B/F/G/H/B/B/I/J/KWALK01&02(-2)",-2,"na, see C/D/E/B/F/G/H/B/B/I/J/KWALK01&02",TRUE,
034,H,walk03,categorical,"na, asked(-1)",-1,"na, asked",TRUE,
034,H,walk03,categorical,no(1),1,no,FALSE,
034,H,walk03,categorical,yes(2),2,yes,FALSE,
034,H,walk03,categorical,terminated(3),3,terminated,FALSE,
034,H,walk04,numeric,"na, no measurement(-6)",-6,"na, no measurement",TRUE,
034,H,walk04,numeric,"na, see C/D/E/B/F/G/H/B/B/I/J/KWALK03(-2)",-2,"na, see C/D/E/B/F/G/H/B/B/I/J/KWALK03",TRUE,
034,H,walk04,numeric,no (valid) answer(-1),-1,no (valid) answer,TRUE,
034,H,walk04a,numeric,"na, no measurement(-6)",-6,"na, no measurement",TRUE,
034,H,walk04a,numeric,"na, see H/B/B/I/JWALK03(-2)",-2,"na, see H/B/B/I/JWALK03",TRUE,
034,H,walk04a,numeric,no (valid) answer(-1),-1,no (valid) answer,TRUE,
034,H,walk06,categorical,"na, see E/B/F/G/H/B/B/I/JWALK03(-2)",-2,"na, see E/B/F/G/H/B/B/I/JWALK03",TRUE,
034,H,walk06,categorical,"na, asked(-1)",-1,"na, asked",TRUE,
034,H,walk06,categorical,walkingbar(1),1,walkingbar,FALSE,
034,H,walk06,categorical,stick(2),2,stick,FALSE,
034,H,walk06,categorical,rollator(3),3,rollator,FALSE,
034,H,walk06,categorical,leaning on objects/interviewer(4),4,leaning on objects/interviewer,FALSE,
034,H,walk06,categorical,other(5),5,other,FALSE,
034,H,walk06,categorical,none(6),6,none,FALSE,
034,H,walk07,ordinal,"na, wrong skip(-6)",-6,"na, wrong skip",TRUE,
034,H,walk07,ordinal,"na, see C/D/E/B/F/G/HWALK03(-2)",-2,"na, see C/D/E/B/F/G/HWALK03",TRUE,
034,H,walk07,ordinal,"na, asked(-1)",-1,"na, asked",TRUE,
034,H,walk07,ordinal,no(1),1,no,FALSE,
034,H,walk07,ordinal,yes(2),2,yes,FALSE,
034,H,walk08,categorical,"na, wrong skip(-3)",-3,"na, wrong skip",TRUE,
034,H,walk08,categorical,"na, see C/D/E/B/F/G/HWALK03(-2)",-2,"na, see C/D/E/B/F/G/HWALK03",TRUE,
034,H,walk08,categorical,"na, asked(-1)",-1,"na, asked",TRUE,
034,H,walk08,categorical,parquet/tiles(1),1,parquet/tiles,FALSE,
034,H,walk08,categorical,low carpet(2),2,low carpet,FALSE,
034,H,walk08,categorical,high carpet(3),3,high carpet,FALSE,
034,H,walk08,categorical,not done/terminated(4),4,not done/terminated,FALSE,
034,H,walk09,categorical,,,,,"Source gap: LASA034 lists HWALK09 in the grouped variable name, but the wave-specific value definitions document C/D/E/2B/F/G and 3B/MB/I/J/K, omitting H."
034,H,walk10,binary,"na, wrong skip(-3)",-3,"na, wrong skip",TRUE,
034,H,walk10,binary,"na, see C/D/E/B/F/G/H/B/B/I/J/KWALK09(-2)",-2,"na, see C/D/E/B/F/G/H/B/B/I/J/KWALK09",TRUE,
034,H,walk10,binary,"na, asked(-1)",-1,"na, asked",TRUE,
034,H,walk10,binary,not mentioned(0),0,not mentioned,FALSE,
034,H,walk10,binary,mentioned(1),1,mentioned,FALSE,
034,H,walk11,binary,"see c/d/e/b/f/g/h/b/b/i/j/kwalk10 -> na, wrong skip(-3)",-3,"na, wrong skip",TRUE,
034,H,walk11,binary,"see c/d/e/b/f/g/h/b/b/i/j/kwalk10 -> na, see C/D/E/B/F/G/H/B/B/I/J/KWALK09(-2)",-2,"na, see C/D/E/B/F/G/H/B/B/I/J/KWALK09",TRUE,
034,H,walk11,binary,"see c/d/e/b/f/g/h/b/b/i/j/kwalk10 -> na, asked(-1)",-1,"na, asked",TRUE,
034,H,walk11,binary,see c/d/e/b/f/g/h/b/b/i/j/kwalk10 -> not mentioned(0),0,not mentioned,FALSE,
034,H,walk11,binary,see c/d/e/b/f/g/h/b/b/i/j/kwalk10 -> mentioned(1),1,mentioned,FALSE,
034,H,walk12,binary,"see c/d/e/b/f/g/h/b/b/i/j/kwalk10 -> na, wrong skip(-3)",-3,"na, wrong skip",TRUE,
034,H,walk12,binary,"see c/d/e/b/f/g/h/b/b/i/j/kwalk10 -> na, see C/D/E/B/F/G/H/B/B/I/J/KWALK09(-2)",-2,"na, see C/D/E/B/F/G/H/B/B/I/J/KWALK09",TRUE,
034,H,walk12,binary,"see c/d/e/b/f/g/h/b/b/i/j/kwalk10 -> na, asked(-1)",-1,"na, asked",TRUE,
034,H,walk12,binary,see c/d/e/b/f/g/h/b/b/i/j/kwalk10 -> not mentioned(0),0,not mentioned,FALSE,
034,H,walk12,binary,see c/d/e/b/f/g/h/b/b/i/j/kwalk10 -> mentioned(1),1,mentioned,FALSE,
034,H,walk13,binary,"see c/d/e/b/f/g/h/b/b/i/j/kwalk10 -> na, wrong skip(-3)",-3,"na, wrong skip",TRUE,
034,H,walk13,binary,"see c/d/e/b/f/g/h/b/b/i/j/kwalk10 -> na, see C/D/E/B/F/G/H/B/B/I/J/KWALK09(-2)",-2,"na, see C/D/E/B/F/G/H/B/B/I/J/KWALK09",TRUE,
034,H,walk13,binary,"see c/d/e/b/f/g/h/b/b/i/j/kwalk10 -> na, asked(-1)",-1,"na, asked",TRUE,
034,H,walk13,binary,see c/d/e/b/f/g/h/b/b/i/j/kwalk10 -> not mentioned(0),0,not mentioned,FALSE,
034,H,walk13,binary,see c/d/e/b/f/g/h/b/b/i/j/kwalk10 -> mentioned(1),1,mentioned,FALSE,
034,H,walk14,binary,"see c/d/e/b/f/g/h/b/b/i/j/kwalk10 -> na, wrong skip(-3)",-3,"na, wrong skip",TRUE,
034,H,walk14,binary,"see c/d/e/b/f/g/h/b/b/i/j/kwalk10 -> na, see C/D/E/B/F/G/H/B/B/I/J/KWALK09(-2)",-2,"na, see C/D/E/B/F/G/H/B/B/I/J/KWALK09",TRUE,
034,H,walk14,binary,"see c/d/e/b/f/g/h/b/b/i/j/kwalk10 -> na, asked(-1)",-1,"na, asked",TRUE,
034,H,walk14,binary,see c/d/e/b/f/g/h/b/b/i/j/kwalk10 -> not mentioned(0),0,not mentioned,FALSE,
034,H,walk14,binary,see c/d/e/b/f/g/h/b/b/i/j/kwalk10 -> mentioned(1),1,mentioned,FALSE,
034,H,walk15,binary,"see c/d/e/b/f/g/h/b/b/i/j/kwalk10 -> na, wrong skip(-3)",-3,"na, wrong skip",TRUE,
034,H,walk15,binary,"see c/d/e/b/f/g/h/b/b/i/j/kwalk10 -> na, see C/D/E/B/F/G/H/B/B/I/J/KWALK09(-2)",-2,"na, see C/D/E/B/F/G/H/B/B/I/J/KWALK09",TRUE,
034,H,walk15,binary,"see c/d/e/b/f/g/h/b/b/i/j/kwalk10 -> na, asked(-1)",-1,"na, asked",TRUE,
034,H,walk15,binary,see c/d/e/b/f/g/h/b/b/i/j/kwalk10 -> not mentioned(0),0,not mentioned,FALSE,
034,H,walk15,binary,see c/d/e/b/f/g/h/b/b/i/j/kwalk10 -> mentioned(1),1,mentioned,FALSE,
034,H,walk16,binary,"see c/d/e/b/f/g/h/b/b/i/j/kwalk10 -> na, wrong skip(-3)",-3,"na, wrong skip",TRUE,
034,H,walk16,binary,"see c/d/e/b/f/g/h/b/b/i/j/kwalk10 -> na, see C/D/E/B/F/G/H/B/B/I/J/KWALK09(-2)",-2,"na, see C/D/E/B/F/G/H/B/B/I/J/KWALK09",TRUE,
034,H,walk16,binary,"see c/d/e/b/f/g/h/b/b/i/j/kwalk10 -> na, asked(-1)",-1,"na, asked",TRUE,
034,H,walk16,binary,see c/d/e/b/f/g/h/b/b/i/j/kwalk10 -> not mentioned(0),0,not mentioned,FALSE,
034,H,walk16,binary,see c/d/e/b/f/g/h/b/b/i/j/kwalk10 -> mentioned(1),1,mentioned,FALSE,
034,H,walk17,binary,"see c/d/e/b/f/g/h/b/b/i/j/kwalk10 -> na, wrong skip(-3)",-3,"na, wrong skip",TRUE,
034,H,walk17,binary,"see c/d/e/b/f/g/h/b/b/i/j/kwalk10 -> na, see C/D/E/B/F/G/H/B/B/I/J/KWALK09(-2)",-2,"na, see C/D/E/B/F/G/H/B/B/I/J/KWALK09",TRUE,
034,H,walk17,binary,"see c/d/e/b/f/g/h/b/b/i/j/kwalk10 -> na, asked(-1)",-1,"na, asked",TRUE,
034,H,walk17,binary,see c/d/e/b/f/g/h/b/b/i/j/kwalk10 -> not mentioned(0),0,not mentioned,FALSE,
034,H,walk17,binary,see c/d/e/b/f/g/h/b/b/i/j/kwalk10 -> mentioned(1),1,mentioned,FALSE,
034,H,walk17a,binary,"na, wrong skip(-3)",-3,"na, wrong skip",TRUE,
034,H,walk17a,binary,"na, see H/B/B/I/J/KWALK09(-2)",-2,"na, see H/B/B/I/J/KWALK09",TRUE,
034,H,walk17a,binary,"na, asked(-1)",-1,"na, asked",TRUE,
034,H,walk17a,binary,not mentioned(0),0,not mentioned,FALSE,
034,H,walk17a,binary,mentioned(1),1,mentioned,FALSE,
034,H,walk18,binary,"na, wrong skip(-3)",-3,"na, wrong skip",TRUE,
034,H,walk18,binary,"na, see C/D/E/B/F/G/H/B/B/I/J/KWALK09(-2)",-2,"na, see C/D/E/B/F/G/H/B/B/I/J/KWALK09",TRUE,
034,H,walk18,binary,"na, asked(-1)",-1,"na, asked",TRUE,
034,H,walk18,binary,not mentioned(0),0,not mentioned,FALSE,
034,H,walk18,binary,mentioned(1),1,mentioned,FALSE,
034,H,walk19,categorical,"na, wrong skip(-3)",-3,"na, wrong skip",TRUE,
034,H,walk19,categorical,"na, see C/D/E/B/F/G/H/B/B/I/J/KWALK03(-2)",-2,"na, see C/D/E/B/F/G/H/B/B/I/J/KWALK03",TRUE,
034,H,walk19,categorical,"na, asked(-1)",-1,"na, asked",TRUE,
034,H,walk19,categorical,not enough room/time(1),1,not enough room/time,FALSE,
034,H,walk19,categorical,R refused(2),2,R refused,FALSE,
034,H,walk19,categorical,exercise not safe(3),3,exercise not safe,FALSE,
034,H,walk19,categorical,physically not capable(4),4,physically not capable,FALSE,
034,H,walk19,categorical,R did not understand(5),5,R did not understand,FALSE,
034,H,walk19,categorical,other(6),6,other,FALSE,
034,3B,cardig1,categorical,"na, technical missing(-7)",-7,"na, technical missing",TRUE,
034,3B,cardig1,categorical,"na, test not done(-6)",-6,"na, test not done",TRUE,
034,3B,cardig1,categorical,"na, wrong skip(-3)",-3,"na, wrong skip",TRUE,
034,3B,cardig1,categorical,"na, see C/D/E/B/F/G/H/B/I/J/KRMPF(-2)",-2,"na, see C/D/E/B/F/G/H/B/I/J/KRMPF",TRUE,
034,3B,cardig1,categorical,"na, asked(-1)",-1,"na, asked",TRUE,
034,3B,cardig1,categorical,completed without help(1),1,completed without help,FALSE,
034,3B,cardig1,categorical,completed with help(2),2,completed with help,FALSE,
034,3B,cardig1,categorical,terminated(3),3,terminated,FALSE,
034,3B,cardig1,categorical,not done(4),4,not done,FALSE,
034,3B,cardig2,categorical,"na, wrong skip(-3)",-3,"na, wrong skip",TRUE,
034,3B,cardig2,categorical,"na, see C/D/E/B/F/G/H/BCARDIG1(-2)",-2,"na, see C/D/E/B/F/G/H/BCARDIG1",TRUE,
034,3B,cardig2,categorical,"na, asked(-1)",-1,"na, asked",TRUE,
034,3B,cardig2,categorical,completed without help(1),1,completed without help,FALSE,
034,3B,cardig2,categorical,completed with help(2),2,completed with help,FALSE,
034,3B,cardig2,categorical,terminated(3),3,terminated,FALSE,
034,3B,cardig2,categorical,not done(4),4,not done,FALSE,
034,3B,cardig3,categorical,"na, wrong skip(-3)",-3,"na, wrong skip",TRUE,
034,3B,cardig3,categorical,"na, see C/D/E/B/F/G/H/BCARDIG2(-2)",-2,"na, see C/D/E/B/F/G/H/BCARDIG2",TRUE,
034,3B,cardig3,categorical,"na, asked(-1)",-1,"na, asked",TRUE,
034,3B,cardig3,categorical,completed without help(1),1,completed without help,FALSE,
034,3B,cardig3,categorical,completed with help(2),2,completed with help,FALSE,
034,3B,cardig3,categorical,terminated(3),3,terminated,FALSE,
034,3B,cardig3,categorical,not done(4),4,not done,FALSE,
034,3B,cardig4,numeric,"na, no measurement(-6)",-6,"na, no measurement",TRUE,
034,3B,cardig4,numeric,"na, wrong skip(-3)",-3,"na, wrong skip",TRUE,
034,3B,cardig4,numeric,"na, see C/D/E/B/F/G/H/B/I/J/KCARDIG1(-2)",-2,"na, see C/D/E/B/F/G/H/B/I/J/KCARDIG1",TRUE,
034,3B,cardig4,numeric,no (valid) answer(-1),-1,no (valid) answer,TRUE,
034,3B,cardig5,categorical,"na, see C/D/E/B/F/G/H/B/I/J/KCARDIG1(-2)",-2,"na, see C/D/E/B/F/G/H/B/I/J/KCARDIG1",TRUE,
034,3B,cardig5,categorical,"na, asked(-1)",-1,"na, asked",TRUE,
034,3B,cardig5,categorical,completed without help(1),1,completed without help,FALSE,
034,3B,cardig5,categorical,completed with help(2),2,completed with help,FALSE,
034,3B,cardig5,categorical,terminated(3),3,terminated,FALSE,
034,3B,cardig5,categorical,not done(4),4,not done,FALSE,
034,3B,cardig6,categorical,"na, see C/D/E/B/F/G/H/BCARDIG5(-2)",-2,"na, see C/D/E/B/F/G/H/BCARDIG5",TRUE,
034,3B,cardig6,categorical,"na, asked(-1)",-1,"na, asked",TRUE,
034,3B,cardig6,categorical,completed without help(1),1,completed without help,FALSE,
034,3B,cardig6,categorical,completed with help(2),2,completed with help,FALSE,
034,3B,cardig6,categorical,terminated(3),3,terminated,FALSE,
034,3B,cardig6,categorical,not done(4),4,not done,FALSE,
034,3B,cardig7,categorical,"na, see C/D/E/B/F/G/H/BCARDIG6(-2)",-2,"na, see C/D/E/B/F/G/H/BCARDIG6",TRUE,
034,3B,cardig7,categorical,"na, asked(-1)",-1,"na, asked",TRUE,
034,3B,cardig7,categorical,completed without help(1),1,completed without help,FALSE,
034,3B,cardig7,categorical,completed with help(2),2,completed with help,FALSE,
034,3B,cardig7,categorical,terminated(3),3,terminated,FALSE,
034,3B,cardig7,categorical,not done(4),4,not done,FALSE,
034,3B,cardig8,numeric,"na, no measurement(-6)",-6,"na, no measurement",TRUE,
034,3B,cardig8,numeric,"na, wrong skip(-3)",-3,"na, wrong skip",TRUE,
034,3B,cardig8,numeric,"na, see C/D/E/B/F/G/H/B/I/J/KCARDIG5(-2)",-2,"na, see C/D/E/B/F/G/H/B/I/J/KCARDIG5",TRUE,
034,3B,cardig8,numeric,no (valid) answer(-1),-1,no (valid) answer,TRUE,
034,3B,cardig9,categorical,"na, wrong skip(-3)",-3,"na, wrong skip",TRUE,
034,3B,cardig9,categorical,"na, see F/G/H/3B/I/J/KCARDIG1(-2)",-2,"na, see F/G/H/3B/I/J/KCARDIG1",TRUE,
034,3B,cardig9,categorical,"na, asked(-1)",-1,"na, asked",TRUE,
034,3B,cardig9,categorical,standing(1),1,standing,FALSE,
034,3B,cardig9,categorical,sitting(2),2,sitting,FALSE,
034,3B,cardig9,categorical,test not done(3),3,test not done,FALSE,
034,3B,cardig9,categorical,other way(4),4,other way,FALSE,
034,3B,chair1,binary,"na, test not done(-6)",-6,"na, test not done",TRUE,
034,3B,chair1,binary,"na, wrong skip(-3)",-3,"na, wrong skip",TRUE,
034,3B,chair1,binary,"na, see C/D/E/B/F/G/H/B/B/I/J/KRMPF(-2)",-2,"na, see C/D/E/B/F/G/H/B/B/I/J/KRMPF",TRUE,
034,3B,chair1,binary,"na, asked(-1)",-1,"na, asked",TRUE,
034,3B,chair1,binary,no(1),1,no,FALSE,
034,3B,chair1,binary,yes(2),2,yes,FALSE,
034,3B,chair10,ordinal,"na, wrong skip(-6)",-6,"na, wrong skip",TRUE,
034,3B,chair10,ordinal,"na, see B/BCHAIR5(-2)",-2,"na, see B/BCHAIR5",TRUE,
034,3B,chair10,ordinal,"na, asked(-1)",-1,"na, asked",TRUE,
034,3B,chair10,ordinal,no hurt(0),0,no hurt,FALSE,
034,3B,chair10,ordinal,hurts a little bit(2),2,hurts a little bit,FALSE,
034,3B,chair10,ordinal,hurts a little more(4),4,hurts a little more,FALSE,
034,3B,chair10,ordinal,hurts even more(6),6,hurts even more,FALSE,
034,3B,chair10,ordinal,hurts a whole lot(8),8,hurts a whole lot,FALSE,
034,3B,chair10,ordinal,hurts worst(10),10,hurts worst,FALSE,
034,3B,chair2,binary,"na, wrong skip(-3)",-3,"na, wrong skip",TRUE,
034,3B,chair2,binary,"na, see C/D/E/B/F/G/H/B/B/I/J/KCHAIR1(-2)",-2,"na, see C/D/E/B/F/G/H/B/B/I/J/KCHAIR1",TRUE,
034,3B,chair2,binary,"na, asked(-1)",-1,"na, asked",TRUE,
034,3B,chair2,binary,no(1),1,no,FALSE,
034,3B,chair2,binary,yes(2),2,yes,FALSE,
034,3B,chair3,categorical,"na, wrong skip(-3)",-3,"na, wrong skip",TRUE,
034,3B,chair3,categorical,"na, see C/D/E/B/F/G/H/B/B/I/J/KCHAIR1&2(-2)",-2,"na, see C/D/E/B/F/G/H/B/B/I/J/KCHAIR1&2",TRUE,
034,3B,chair3,categorical,"na, asked(-1)",-1,"na, asked",TRUE,
034,3B,chair3,categorical,slides forward without using arms(1),1,slides forward without using arms,FALSE,
034,3B,chair3,categorical,slides forward using arms(2),2,slides forward using arms,FALSE,
034,3B,chair3,categorical,cannot slide forward(3),3,cannot slide forward,FALSE,
034,3B,chair3,categorical,not done/terminated(4),4,not done/terminated,FALSE,
034,3B,chair4,categorical,"na, wrong skip(-3)",-3,"na, wrong skip",TRUE,
034,3B,chair4,categorical,"na, see C/D/E/B/F/G/H/B/B/I/J/KCHAIR1&2(-2)",-2,"na, see C/D/E/B/F/G/H/B/B/I/J/KCHAIR1&2",TRUE,
034,3B,chair4,categorical,"na, asked(-1)",-1,"na, asked",TRUE,
034,3B,chair4,categorical,succeeded without using arms(1),1,succeeded without using arms,FALSE,
034,3B,chair4,categorical,succeeded using arms(2),2,succeeded using arms,FALSE,
034,3B,chair4,categorical,cannot(3),3,cannot,FALSE,
034,3B,chair4,categorical,not done/terminated(4),4,not done/terminated,FALSE,
034,3B,chair5,categorical,"na, test not done(-6)",-6,"na, test not done",TRUE,
034,3B,chair5,categorical,"na, wrong skip(-3)",-3,"na, wrong skip",TRUE,
034,3B,chair5,categorical,"na, see C/D/E/B/F/G/H/B/B/I/J/KCHAIR4(-2)",-2,"na, see C/D/E/B/F/G/H/B/B/I/J/KCHAIR4",TRUE,
034,3B,chair5,categorical,"na, asked(-1)",-1,"na, asked",TRUE,
034,3B,chair5,categorical,no: five times completed(1),1,no: five times completed,FALSE,
034,3B,chair5,categorical,no: less than five times(2),2,no: less than five times,FALSE,
034,3B,chair5,categorical,yes: less than five times(3),3,yes: less than five times,FALSE,
034,3B,chair6,numeric,"na, no measurement(-6)",-6,"na, no measurement",TRUE,
034,3B,chair6,numeric,"na, wrong skip(-3)",-3,"na, wrong skip",TRUE,
034,3B,chair6,numeric,"na, see C/D/E/B/F/G/H/B/B/I/J/KCHAIR5(-2)",-2,"na, see C/D/E/B/F/G/H/B/B/I/J/KCHAIR5",TRUE,
034,3B,chair6,numeric,"na, asked(-1)",-1,"na, asked",TRUE,
034,3B,chair7,numeric,"see c/d/e/b/f/g/h/b/b/i/j/kchair6 -> na, no measurement(-6)",-6,"na, no measurement",TRUE,
034,3B,chair7,numeric,"see c/d/e/b/f/g/h/b/b/i/j/kchair6 -> na, wrong skip(-3)",-3,"na, wrong skip",TRUE,
034,3B,chair7,numeric,"see c/d/e/b/f/g/h/b/b/i/j/kchair6 -> na, see C/D/E/B/F/G/H/B/B/I/J/KCHAIR5(-2)",-2,"na, see C/D/E/B/F/G/H/B/B/I/J/KCHAIR5",TRUE,
034,3B,chair7,numeric,"see c/d/e/b/f/g/h/b/b/i/j/kchair6 -> na, asked(-1)",-1,"na, asked",TRUE,
034,3B,rmpf,categorical,valid data(-2),-2,valid data,TRUE,
034,3B,rmpf,categorical,short interview(1),1,short interview,FALSE,
034,3B,rmpf,categorical,interview terminated(2),2,interview terminated,FALSE,
034,3B,tandem1,categorical,"na, test not done(-6)",-6,"na, test not done",TRUE,
034,3B,tandem1,categorical,"na, wrong skip(-3)",-3,"na, wrong skip",TRUE,
034,3B,tandem1,categorical,"na, see C/D/E/F/G/H/B/B/I/J/KRMPF(-2)",-2,"na, see C/D/E/F/G/H/B/B/I/J/KRMPF",TRUE,
034,3B,tandem1,categorical,"na, asked(-1)",-1,"na, asked",TRUE,
034,3B,tandem1,categorical,normal test(1),1,normal test,FALSE,
034,3B,tandem1,categorical,not capable(2),2,not capable,FALSE,
034,3B,tandem1,categorical,falls almost direct(3),3,falls almost direct,FALSE,
034,3B,tandem1,categorical,stops within 3 sec.(4),4,stops within 3 sec.,FALSE,
034,3B,tandem1,categorical,refusal(5),5,refusal,FALSE,
034,3B,tandem1,categorical,physical impossible(6),6,physical impossible,FALSE,
034,3B,tandem2,numeric,"na, wrong skip(-3)",-3,"na, wrong skip",TRUE,
034,3B,tandem2,numeric,"na, see C/D/E/F/G/H/B/B/I/J/KTANDEM1(-2)",-2,"na, see C/D/E/F/G/H/B/B/I/J/KTANDEM1",TRUE,
034,3B,tandem2,numeric,"na, asked(-1)",-1,"na, asked",TRUE,
034,3B,walk01,categorical,"na, test not done(-6)",-6,"na, test not done",TRUE,
034,3B,walk01,categorical,"na, wrong skip(-3)",-3,"na, wrong skip",TRUE,
034,3B,walk01,categorical,"na, see C/D/E/B/F/G/H/B/B/I/J/KRMPF(-2)",-2,"na, see C/D/E/B/F/G/H/B/B/I/J/KRMPF",TRUE,
034,3B,walk01,categorical,"na, asked(-1)",-1,"na, asked",TRUE,
034,3B,walk01,categorical,no restrictions(1),1,no restrictions,FALSE,
034,3B,walk01,categorical,in wheelchair(2),2,in wheelchair,FALSE,
034,3B,walk01,categorical,recent surgery(3),3,recent surgery,FALSE,
034,3B,walk01,categorical,recent accident(4),4,recent accident,FALSE,
034,3B,walk01,categorical,other(5),5,other,FALSE,
034,3B,walk02,categorical,"na, wrong skip(-3)",-3,"na, wrong skip",TRUE,
034,3B,walk02,categorical,"na, see C/D/E/B/F/G/H/B/B/I/J/KWALK01(-2)",-2,"na, see C/D/E/B/F/G/H/B/B/I/J/KWALK01",TRUE,
034,3B,walk02,categorical,"na, asked(-1)",-1,"na, asked",TRUE,
034,3B,walk02,categorical,respondent already walked(1),1,respondent already walked,FALSE,
034,3B,walk02,categorical,can walk (with aid)(2),2,can walk (with aid),FALSE,
034,3B,walk02,categorical,can walk with aid not available(3),3,can walk with aid not available,FALSE,
034,3B,walk02,categorical,cannot walk(4),4,cannot walk,FALSE,
034,3B,walk03,categorical,"na, wrong skip(-3)",-3,"na, wrong skip",TRUE,
034,3B,walk03,categorical,"na, see C/D/E/B/F/G/H/B/B/I/J/KWALK01&02(-2)",-2,"na, see C/D/E/B/F/G/H/B/B/I/J/KWALK01&02",TRUE,
034,3B,walk03,categorical,"na, asked(-1)",-1,"na, asked",TRUE,
034,3B,walk03,categorical,no(1),1,no,FALSE,
034,3B,walk03,categorical,yes(2),2,yes,FALSE,
034,3B,walk03,categorical,terminated(3),3,terminated,FALSE,
034,3B,walk04,numeric,"na, no measurement(-6)",-6,"na, no measurement",TRUE,
034,3B,walk04,numeric,"na, see C/D/E/B/F/G/H/B/B/I/J/KWALK03(-2)",-2,"na, see C/D/E/B/F/G/H/B/B/I/J/KWALK03",TRUE,
034,3B,walk04,numeric,no (valid) answer(-1),-1,no (valid) answer,TRUE,
034,3B,walk04a,numeric,"na, no measurement(-6)",-6,"na, no measurement",TRUE,
034,3B,walk04a,numeric,"na, see H/B/B/I/JWALK03(-2)",-2,"na, see H/B/B/I/JWALK03",TRUE,
034,3B,walk04a,numeric,no (valid) answer(-1),-1,no (valid) answer,TRUE,
034,3B,walk06,categorical,"na, see E/B/F/G/H/B/B/I/JWALK03(-2)",-2,"na, see E/B/F/G/H/B/B/I/JWALK03",TRUE,
034,3B,walk06,categorical,"na, asked(-1)",-1,"na, asked",TRUE,
034,3B,walk06,categorical,walkingbar(1),1,walkingbar,FALSE,
034,3B,walk06,categorical,stick(2),2,stick,FALSE,
034,3B,walk06,categorical,rollator(3),3,rollator,FALSE,
034,3B,walk06,categorical,leaning on objects/interviewer(4),4,leaning on objects/interviewer,FALSE,
034,3B,walk06,categorical,other(5),5,other,FALSE,
034,3B,walk06,categorical,none(6),6,none,FALSE,
034,3B,walk07,ordinal,"na, wrong skip(-6)",-6,"na, wrong skip",TRUE,
034,3B,walk07,ordinal,"na, see B/BWALK03(-2)",-2,"na, see B/BWALK03",TRUE,
034,3B,walk07,ordinal,"na, asked(-1)",-1,"na, asked",TRUE,
034,3B,walk07,ordinal,no hurt(0),0,no hurt,FALSE,
034,3B,walk07,ordinal,hurts a little bit(2),2,hurts a little bit,FALSE,
034,3B,walk07,ordinal,hurts a little more(4),4,hurts a little more,FALSE,
034,3B,walk07,ordinal,hurts even more(6),6,hurts even more,FALSE,
034,3B,walk07,ordinal,hurts a whole lot(8),8,hurts a whole lot,FALSE,
034,3B,walk07,ordinal,hurts worst(10),10,hurts worst,FALSE,
034,3B,walk09,categorical,"na, wrong skip(-3)",-3,"na, wrong skip",TRUE,
034,3B,walk09,categorical,"na, see B/B/I/J/KWALK03(-2)",-2,"na, see B/B/I/J/KWALK03",TRUE,
034,3B,walk09,categorical,"na, asked(-1)",-1,"na, asked",TRUE,
034,3B,walk09,categorical,no(1),1,no,FALSE,
034,3B,walk09,categorical,yes(2),2,yes,FALSE,
034,3B,walk10,binary,"na, wrong skip(-3)",-3,"na, wrong skip",TRUE,
034,3B,walk10,binary,"na, see C/D/E/B/F/G/H/B/B/I/J/KWALK09(-2)",-2,"na, see C/D/E/B/F/G/H/B/B/I/J/KWALK09",TRUE,
034,3B,walk10,binary,"na, asked(-1)",-1,"na, asked",TRUE,
034,3B,walk10,binary,not mentioned(0),0,not mentioned,FALSE,
034,3B,walk10,binary,mentioned(1),1,mentioned,FALSE,
034,3B,walk11,binary,"see c/d/e/b/f/g/h/b/b/i/j/kwalk10 -> na, wrong skip(-3)",-3,"na, wrong skip",TRUE,
034,3B,walk11,binary,"see c/d/e/b/f/g/h/b/b/i/j/kwalk10 -> na, see C/D/E/B/F/G/H/B/B/I/J/KWALK09(-2)",-2,"na, see C/D/E/B/F/G/H/B/B/I/J/KWALK09",TRUE,
034,3B,walk11,binary,"see c/d/e/b/f/g/h/b/b/i/j/kwalk10 -> na, asked(-1)",-1,"na, asked",TRUE,
034,3B,walk11,binary,see c/d/e/b/f/g/h/b/b/i/j/kwalk10 -> not mentioned(0),0,not mentioned,FALSE,
034,3B,walk11,binary,see c/d/e/b/f/g/h/b/b/i/j/kwalk10 -> mentioned(1),1,mentioned,FALSE,
034,3B,walk12,binary,"see c/d/e/b/f/g/h/b/b/i/j/kwalk10 -> na, wrong skip(-3)",-3,"na, wrong skip",TRUE,
034,3B,walk12,binary,"see c/d/e/b/f/g/h/b/b/i/j/kwalk10 -> na, see C/D/E/B/F/G/H/B/B/I/J/KWALK09(-2)",-2,"na, see C/D/E/B/F/G/H/B/B/I/J/KWALK09",TRUE,
034,3B,walk12,binary,"see c/d/e/b/f/g/h/b/b/i/j/kwalk10 -> na, asked(-1)",-1,"na, asked",TRUE,
034,3B,walk12,binary,see c/d/e/b/f/g/h/b/b/i/j/kwalk10 -> not mentioned(0),0,not mentioned,FALSE,
034,3B,walk12,binary,see c/d/e/b/f/g/h/b/b/i/j/kwalk10 -> mentioned(1),1,mentioned,FALSE,
034,3B,walk13,binary,"see c/d/e/b/f/g/h/b/b/i/j/kwalk10 -> na, wrong skip(-3)",-3,"na, wrong skip",TRUE,
034,3B,walk13,binary,"see c/d/e/b/f/g/h/b/b/i/j/kwalk10 -> na, see C/D/E/B/F/G/H/B/B/I/J/KWALK09(-2)",-2,"na, see C/D/E/B/F/G/H/B/B/I/J/KWALK09",TRUE,
034,3B,walk13,binary,"see c/d/e/b/f/g/h/b/b/i/j/kwalk10 -> na, asked(-1)",-1,"na, asked",TRUE,
034,3B,walk13,binary,see c/d/e/b/f/g/h/b/b/i/j/kwalk10 -> not mentioned(0),0,not mentioned,FALSE,
034,3B,walk13,binary,see c/d/e/b/f/g/h/b/b/i/j/kwalk10 -> mentioned(1),1,mentioned,FALSE,
034,3B,walk14,binary,"see c/d/e/b/f/g/h/b/b/i/j/kwalk10 -> na, wrong skip(-3)",-3,"na, wrong skip",TRUE,
034,3B,walk14,binary,"see c/d/e/b/f/g/h/b/b/i/j/kwalk10 -> na, see C/D/E/B/F/G/H/B/B/I/J/KWALK09(-2)",-2,"na, see C/D/E/B/F/G/H/B/B/I/J/KWALK09",TRUE,
034,3B,walk14,binary,"see c/d/e/b/f/g/h/b/b/i/j/kwalk10 -> na, asked(-1)",-1,"na, asked",TRUE,
034,3B,walk14,binary,see c/d/e/b/f/g/h/b/b/i/j/kwalk10 -> not mentioned(0),0,not mentioned,FALSE,
034,3B,walk14,binary,see c/d/e/b/f/g/h/b/b/i/j/kwalk10 -> mentioned(1),1,mentioned,FALSE,
034,3B,walk15,binary,"see c/d/e/b/f/g/h/b/b/i/j/kwalk10 -> na, wrong skip(-3)",-3,"na, wrong skip",TRUE,
034,3B,walk15,binary,"see c/d/e/b/f/g/h/b/b/i/j/kwalk10 -> na, see C/D/E/B/F/G/H/B/B/I/J/KWALK09(-2)",-2,"na, see C/D/E/B/F/G/H/B/B/I/J/KWALK09",TRUE,
034,3B,walk15,binary,"see c/d/e/b/f/g/h/b/b/i/j/kwalk10 -> na, asked(-1)",-1,"na, asked",TRUE,
034,3B,walk15,binary,see c/d/e/b/f/g/h/b/b/i/j/kwalk10 -> not mentioned(0),0,not mentioned,FALSE,
034,3B,walk15,binary,see c/d/e/b/f/g/h/b/b/i/j/kwalk10 -> mentioned(1),1,mentioned,FALSE,
034,3B,walk16,binary,"see c/d/e/b/f/g/h/b/b/i/j/kwalk10 -> na, wrong skip(-3)",-3,"na, wrong skip",TRUE,
034,3B,walk16,binary,"see c/d/e/b/f/g/h/b/b/i/j/kwalk10 -> na, see C/D/E/B/F/G/H/B/B/I/J/KWALK09(-2)",-2,"na, see C/D/E/B/F/G/H/B/B/I/J/KWALK09",TRUE,
034,3B,walk16,binary,"see c/d/e/b/f/g/h/b/b/i/j/kwalk10 -> na, asked(-1)",-1,"na, asked",TRUE,
034,3B,walk16,binary,see c/d/e/b/f/g/h/b/b/i/j/kwalk10 -> not mentioned(0),0,not mentioned,FALSE,
034,3B,walk16,binary,see c/d/e/b/f/g/h/b/b/i/j/kwalk10 -> mentioned(1),1,mentioned,FALSE,
034,3B,walk17,binary,"see c/d/e/b/f/g/h/b/b/i/j/kwalk10 -> na, wrong skip(-3)",-3,"na, wrong skip",TRUE,
034,3B,walk17,binary,"see c/d/e/b/f/g/h/b/b/i/j/kwalk10 -> na, see C/D/E/B/F/G/H/B/B/I/J/KWALK09(-2)",-2,"na, see C/D/E/B/F/G/H/B/B/I/J/KWALK09",TRUE,
034,3B,walk17,binary,"see c/d/e/b/f/g/h/b/b/i/j/kwalk10 -> na, asked(-1)",-1,"na, asked",TRUE,
034,3B,walk17,binary,see c/d/e/b/f/g/h/b/b/i/j/kwalk10 -> not mentioned(0),0,not mentioned,FALSE,
034,3B,walk17,binary,see c/d/e/b/f/g/h/b/b/i/j/kwalk10 -> mentioned(1),1,mentioned,FALSE,
034,3B,walk17a,binary,"na, wrong skip(-3)",-3,"na, wrong skip",TRUE,
034,3B,walk17a,binary,"na, see H/B/B/I/J/KWALK09(-2)",-2,"na, see H/B/B/I/J/KWALK09",TRUE,
034,3B,walk17a,binary,"na, asked(-1)",-1,"na, asked",TRUE,
034,3B,walk17a,binary,not mentioned(0),0,not mentioned,FALSE,
034,3B,walk17a,binary,mentioned(1),1,mentioned,FALSE,
034,3B,walk18,binary,"na, wrong skip(-3)",-3,"na, wrong skip",TRUE,
034,3B,walk18,binary,"na, see C/D/E/B/F/G/H/B/B/I/J/KWALK09(-2)",-2,"na, see C/D/E/B/F/G/H/B/B/I/J/KWALK09",TRUE,
034,3B,walk18,binary,"na, asked(-1)",-1,"na, asked",TRUE,
034,3B,walk18,binary,not mentioned(0),0,not mentioned,FALSE,
034,3B,walk18,binary,mentioned(1),1,mentioned,FALSE,
034,3B,walk19,categorical,"na, wrong skip(-3)",-3,"na, wrong skip",TRUE,
034,3B,walk19,categorical,"na, see C/D/E/B/F/G/H/B/B/I/J/KWALK03(-2)",-2,"na, see C/D/E/B/F/G/H/B/B/I/J/KWALK03",TRUE,
034,3B,walk19,categorical,"na, asked(-1)",-1,"na, asked",TRUE,
034,3B,walk19,categorical,not enough room/time(1),1,not enough room/time,FALSE,
034,3B,walk19,categorical,R refused(2),2,R refused,FALSE,
034,3B,walk19,categorical,exercise not safe(3),3,exercise not safe,FALSE,
034,3B,walk19,categorical,physically not capable(4),4,physically not capable,FALSE,
034,3B,walk19,categorical,R did not understand(5),5,R did not understand,FALSE,
034,3B,walk19,categorical,other(6),6,other,FALSE,
034,MB,chair1,binary,"na, test not done(-6)",-6,"na, test not done",TRUE,
034,MB,chair1,binary,"na, wrong skip(-3)",-3,"na, wrong skip",TRUE,
034,MB,chair1,binary,"na, see C/D/E/B/F/G/H/B/B/I/J/KRMPF(-2)",-2,"na, see C/D/E/B/F/G/H/B/B/I/J/KRMPF",TRUE,
034,MB,chair1,binary,"na, asked(-1)",-1,"na, asked",TRUE,
034,MB,chair1,binary,no(1),1,no,FALSE,
034,MB,chair1,binary,yes(2),2,yes,FALSE,
034,MB,chair10,ordinal,"na, wrong skip(-6)",-6,"na, wrong skip",TRUE,
034,MB,chair10,ordinal,"na, see B/BCHAIR5(-2)",-2,"na, see B/BCHAIR5",TRUE,
034,MB,chair10,ordinal,"na, asked(-1)",-1,"na, asked",TRUE,
034,MB,chair10,ordinal,no hurt(0),0,no hurt,FALSE,
034,MB,chair10,ordinal,hurts a little bit(2),2,hurts a little bit,FALSE,
034,MB,chair10,ordinal,hurts a little more(4),4,hurts a little more,FALSE,
034,MB,chair10,ordinal,hurts even more(6),6,hurts even more,FALSE,
034,MB,chair10,ordinal,hurts a whole lot(8),8,hurts a whole lot,FALSE,
034,MB,chair10,ordinal,hurts worst(10),10,hurts worst,FALSE,
034,MB,chair2,binary,"na, wrong skip(-3)",-3,"na, wrong skip",TRUE,
034,MB,chair2,binary,"na, see C/D/E/B/F/G/H/B/B/I/J/KCHAIR1(-2)",-2,"na, see C/D/E/B/F/G/H/B/B/I/J/KCHAIR1",TRUE,
034,MB,chair2,binary,"na, asked(-1)",-1,"na, asked",TRUE,
034,MB,chair2,binary,no(1),1,no,FALSE,
034,MB,chair2,binary,yes(2),2,yes,FALSE,
034,MB,chair3,categorical,"na, wrong skip(-3)",-3,"na, wrong skip",TRUE,
034,MB,chair3,categorical,"na, see C/D/E/B/F/G/H/B/B/I/J/KCHAIR1&2(-2)",-2,"na, see C/D/E/B/F/G/H/B/B/I/J/KCHAIR1&2",TRUE,
034,MB,chair3,categorical,"na, asked(-1)",-1,"na, asked",TRUE,
034,MB,chair3,categorical,slides forward without using arms(1),1,slides forward without using arms,FALSE,
034,MB,chair3,categorical,slides forward using arms(2),2,slides forward using arms,FALSE,
034,MB,chair3,categorical,cannot slide forward(3),3,cannot slide forward,FALSE,
034,MB,chair3,categorical,not done/terminated(4),4,not done/terminated,FALSE,
034,MB,chair4,categorical,"na, wrong skip(-3)",-3,"na, wrong skip",TRUE,
034,MB,chair4,categorical,"na, see C/D/E/B/F/G/H/B/B/I/J/KCHAIR1&2(-2)",-2,"na, see C/D/E/B/F/G/H/B/B/I/J/KCHAIR1&2",TRUE,
034,MB,chair4,categorical,"na, asked(-1)",-1,"na, asked",TRUE,
034,MB,chair4,categorical,succeeded without using arms(1),1,succeeded without using arms,FALSE,
034,MB,chair4,categorical,succeeded using arms(2),2,succeeded using arms,FALSE,
034,MB,chair4,categorical,cannot(3),3,cannot,FALSE,
034,MB,chair4,categorical,not done/terminated(4),4,not done/terminated,FALSE,
034,MB,chair5,categorical,"na, test not done(-6)",-6,"na, test not done",TRUE,
034,MB,chair5,categorical,"na, wrong skip(-3)",-3,"na, wrong skip",TRUE,
034,MB,chair5,categorical,"na, see C/D/E/B/F/G/H/B/B/I/J/KCHAIR4(-2)",-2,"na, see C/D/E/B/F/G/H/B/B/I/J/KCHAIR4",TRUE,
034,MB,chair5,categorical,"na, asked(-1)",-1,"na, asked",TRUE,
034,MB,chair5,categorical,no: five times completed(1),1,no: five times completed,FALSE,
034,MB,chair5,categorical,no: less than five times(2),2,no: less than five times,FALSE,
034,MB,chair5,categorical,yes: less than five times(3),3,yes: less than five times,FALSE,
034,MB,chair6,numeric,"na, no measurement(-6)",-6,"na, no measurement",TRUE,
034,MB,chair6,numeric,"na, wrong skip(-3)",-3,"na, wrong skip",TRUE,
034,MB,chair6,numeric,"na, see C/D/E/B/F/G/H/B/B/I/J/KCHAIR5(-2)",-2,"na, see C/D/E/B/F/G/H/B/B/I/J/KCHAIR5",TRUE,
034,MB,chair6,numeric,"na, asked(-1)",-1,"na, asked",TRUE,
034,MB,chair7,numeric,"see c/d/e/b/f/g/h/b/b/i/j/kchair6 -> na, no measurement(-6)",-6,"na, no measurement",TRUE,
034,MB,chair7,numeric,"see c/d/e/b/f/g/h/b/b/i/j/kchair6 -> na, wrong skip(-3)",-3,"na, wrong skip",TRUE,
034,MB,chair7,numeric,"see c/d/e/b/f/g/h/b/b/i/j/kchair6 -> na, see C/D/E/B/F/G/H/B/B/I/J/KCHAIR5(-2)",-2,"na, see C/D/E/B/F/G/H/B/B/I/J/KCHAIR5",TRUE,
034,MB,chair7,numeric,"see c/d/e/b/f/g/h/b/b/i/j/kchair6 -> na, asked(-1)",-1,"na, asked",TRUE,
034,MB,rmpf,categorical,valid data(-2),-2,valid data,TRUE,
034,MB,rmpf,categorical,short interview(1),1,short interview,FALSE,
034,MB,rmpf,categorical,interview terminated(2),2,interview terminated,FALSE,
034,MB,tandem1,categorical,"na, test not done(-6)",-6,"na, test not done",TRUE,
034,MB,tandem1,categorical,"na, wrong skip(-3)",-3,"na, wrong skip",TRUE,
034,MB,tandem1,categorical,"na, see C/D/E/F/G/H/B/B/I/J/KRMPF(-2)",-2,"na, see C/D/E/F/G/H/B/B/I/J/KRMPF",TRUE,
034,MB,tandem1,categorical,"na, asked(-1)",-1,"na, asked",TRUE,
034,MB,tandem1,categorical,normal test(1),1,normal test,FALSE,
034,MB,tandem1,categorical,not capable(2),2,not capable,FALSE,
034,MB,tandem1,categorical,falls almost direct(3),3,falls almost direct,FALSE,
034,MB,tandem1,categorical,stops within 3 sec.(4),4,stops within 3 sec.,FALSE,
034,MB,tandem1,categorical,refusal(5),5,refusal,FALSE,
034,MB,tandem1,categorical,physical impossible(6),6,physical impossible,FALSE,
034,MB,tandem2,numeric,"na, wrong skip(-3)",-3,"na, wrong skip",TRUE,
034,MB,tandem2,numeric,"na, see C/D/E/F/G/H/B/B/I/J/KTANDEM1(-2)",-2,"na, see C/D/E/F/G/H/B/B/I/J/KTANDEM1",TRUE,
034,MB,tandem2,numeric,"na, asked(-1)",-1,"na, asked",TRUE,
034,MB,walk01,categorical,"na, test not done(-6)",-6,"na, test not done",TRUE,
034,MB,walk01,categorical,"na, wrong skip(-3)",-3,"na, wrong skip",TRUE,
034,MB,walk01,categorical,"na, see C/D/E/B/F/G/H/B/B/I/J/KRMPF(-2)",-2,"na, see C/D/E/B/F/G/H/B/B/I/J/KRMPF",TRUE,
034,MB,walk01,categorical,"na, asked(-1)",-1,"na, asked",TRUE,
034,MB,walk01,categorical,no restrictions(1),1,no restrictions,FALSE,
034,MB,walk01,categorical,in wheelchair(2),2,in wheelchair,FALSE,
034,MB,walk01,categorical,recent surgery(3),3,recent surgery,FALSE,
034,MB,walk01,categorical,recent accident(4),4,recent accident,FALSE,
034,MB,walk01,categorical,other(5),5,other,FALSE,
034,MB,walk02,categorical,"na, wrong skip(-3)",-3,"na, wrong skip",TRUE,
034,MB,walk02,categorical,"na, see C/D/E/B/F/G/H/B/B/I/J/KWALK01(-2)",-2,"na, see C/D/E/B/F/G/H/B/B/I/J/KWALK01",TRUE,
034,MB,walk02,categorical,"na, asked(-1)",-1,"na, asked",TRUE,
034,MB,walk02,categorical,respondent already walked(1),1,respondent already walked,FALSE,
034,MB,walk02,categorical,can walk (with aid)(2),2,can walk (with aid),FALSE,
034,MB,walk02,categorical,can walk with aid not available(3),3,can walk with aid not available,FALSE,
034,MB,walk02,categorical,cannot walk(4),4,cannot walk,FALSE,
034,MB,walk03,categorical,"na, wrong skip(-3)",-3,"na, wrong skip",TRUE,
034,MB,walk03,categorical,"na, see C/D/E/B/F/G/H/B/B/I/J/KWALK01&02(-2)",-2,"na, see C/D/E/B/F/G/H/B/B/I/J/KWALK01&02",TRUE,
034,MB,walk03,categorical,"na, asked(-1)",-1,"na, asked",TRUE,
034,MB,walk03,categorical,no(1),1,no,FALSE,
034,MB,walk03,categorical,yes(2),2,yes,FALSE,
034,MB,walk03,categorical,terminated(3),3,terminated,FALSE,
034,MB,walk04,numeric,"na, no measurement(-6)",-6,"na, no measurement",TRUE,
034,MB,walk04,numeric,"na, see C/D/E/B/F/G/H/B/B/I/J/KWALK03(-2)",-2,"na, see C/D/E/B/F/G/H/B/B/I/J/KWALK03",TRUE,
034,MB,walk04,numeric,no (valid) answer(-1),-1,no (valid) answer,TRUE,
034,MB,walk04a,numeric,"na, no measurement(-6)",-6,"na, no measurement",TRUE,
034,MB,walk04a,numeric,"na, see H/B/B/I/JWALK03(-2)",-2,"na, see H/B/B/I/JWALK03",TRUE,
034,MB,walk04a,numeric,no (valid) answer(-1),-1,no (valid) answer,TRUE,
034,MB,walk06,categorical,"na, see E/B/F/G/H/B/B/I/JWALK03(-2)",-2,"na, see E/B/F/G/H/B/B/I/JWALK03",TRUE,
034,MB,walk06,categorical,"na, asked(-1)",-1,"na, asked",TRUE,
034,MB,walk06,categorical,walkingbar(1),1,walkingbar,FALSE,
034,MB,walk06,categorical,stick(2),2,stick,FALSE,
034,MB,walk06,categorical,rollator(3),3,rollator,FALSE,
034,MB,walk06,categorical,leaning on objects/interviewer(4),4,leaning on objects/interviewer,FALSE,
034,MB,walk06,categorical,other(5),5,other,FALSE,
034,MB,walk06,categorical,none(6),6,none,FALSE,
034,MB,walk07,ordinal,"na, wrong skip(-6)",-6,"na, wrong skip",TRUE,
034,MB,walk07,ordinal,"na, see B/BWALK03(-2)",-2,"na, see B/BWALK03",TRUE,
034,MB,walk07,ordinal,"na, asked(-1)",-1,"na, asked",TRUE,
034,MB,walk07,ordinal,no hurt(0),0,no hurt,FALSE,
034,MB,walk07,ordinal,hurts a little bit(2),2,hurts a little bit,FALSE,
034,MB,walk07,ordinal,hurts a little more(4),4,hurts a little more,FALSE,
034,MB,walk07,ordinal,hurts even more(6),6,hurts even more,FALSE,
034,MB,walk07,ordinal,hurts a whole lot(8),8,hurts a whole lot,FALSE,
034,MB,walk07,ordinal,hurts worst(10),10,hurts worst,FALSE,
034,MB,walk09,categorical,"na, wrong skip(-3)",-3,"na, wrong skip",TRUE,
034,MB,walk09,categorical,"na, see B/B/I/J/KWALK03(-2)",-2,"na, see B/B/I/J/KWALK03",TRUE,
034,MB,walk09,categorical,"na, asked(-1)",-1,"na, asked",TRUE,
034,MB,walk09,categorical,no(1),1,no,FALSE,
034,MB,walk09,categorical,yes(2),2,yes,FALSE,
034,MB,walk10,binary,"na, wrong skip(-3)",-3,"na, wrong skip",TRUE,
034,MB,walk10,binary,"na, see C/D/E/B/F/G/H/B/B/I/J/KWALK09(-2)",-2,"na, see C/D/E/B/F/G/H/B/B/I/J/KWALK09",TRUE,
034,MB,walk10,binary,"na, asked(-1)",-1,"na, asked",TRUE,
034,MB,walk10,binary,not mentioned(0),0,not mentioned,FALSE,
034,MB,walk10,binary,mentioned(1),1,mentioned,FALSE,
034,MB,walk11,binary,"see c/d/e/b/f/g/h/b/b/i/j/kwalk10 -> na, wrong skip(-3)",-3,"na, wrong skip",TRUE,
034,MB,walk11,binary,"see c/d/e/b/f/g/h/b/b/i/j/kwalk10 -> na, see C/D/E/B/F/G/H/B/B/I/J/KWALK09(-2)",-2,"na, see C/D/E/B/F/G/H/B/B/I/J/KWALK09",TRUE,
034,MB,walk11,binary,"see c/d/e/b/f/g/h/b/b/i/j/kwalk10 -> na, asked(-1)",-1,"na, asked",TRUE,
034,MB,walk11,binary,see c/d/e/b/f/g/h/b/b/i/j/kwalk10 -> not mentioned(0),0,not mentioned,FALSE,
034,MB,walk11,binary,see c/d/e/b/f/g/h/b/b/i/j/kwalk10 -> mentioned(1),1,mentioned,FALSE,
034,MB,walk12,binary,"see c/d/e/b/f/g/h/b/b/i/j/kwalk10 -> na, wrong skip(-3)",-3,"na, wrong skip",TRUE,
034,MB,walk12,binary,"see c/d/e/b/f/g/h/b/b/i/j/kwalk10 -> na, see C/D/E/B/F/G/H/B/B/I/J/KWALK09(-2)",-2,"na, see C/D/E/B/F/G/H/B/B/I/J/KWALK09",TRUE,
034,MB,walk12,binary,"see c/d/e/b/f/g/h/b/b/i/j/kwalk10 -> na, asked(-1)",-1,"na, asked",TRUE,
034,MB,walk12,binary,see c/d/e/b/f/g/h/b/b/i/j/kwalk10 -> not mentioned(0),0,not mentioned,FALSE,
034,MB,walk12,binary,see c/d/e/b/f/g/h/b/b/i/j/kwalk10 -> mentioned(1),1,mentioned,FALSE,
034,MB,walk13,binary,"see c/d/e/b/f/g/h/b/b/i/j/kwalk10 -> na, wrong skip(-3)",-3,"na, wrong skip",TRUE,
034,MB,walk13,binary,"see c/d/e/b/f/g/h/b/b/i/j/kwalk10 -> na, see C/D/E/B/F/G/H/B/B/I/J/KWALK09(-2)",-2,"na, see C/D/E/B/F/G/H/B/B/I/J/KWALK09",TRUE,
034,MB,walk13,binary,"see c/d/e/b/f/g/h/b/b/i/j/kwalk10 -> na, asked(-1)",-1,"na, asked",TRUE,
034,MB,walk13,binary,see c/d/e/b/f/g/h/b/b/i/j/kwalk10 -> not mentioned(0),0,not mentioned,FALSE,
034,MB,walk13,binary,see c/d/e/b/f/g/h/b/b/i/j/kwalk10 -> mentioned(1),1,mentioned,FALSE,
034,MB,walk14,binary,"see c/d/e/b/f/g/h/b/b/i/j/kwalk10 -> na, wrong skip(-3)",-3,"na, wrong skip",TRUE,
034,MB,walk14,binary,"see c/d/e/b/f/g/h/b/b/i/j/kwalk10 -> na, see C/D/E/B/F/G/H/B/B/I/J/KWALK09(-2)",-2,"na, see C/D/E/B/F/G/H/B/B/I/J/KWALK09",TRUE,
034,MB,walk14,binary,"see c/d/e/b/f/g/h/b/b/i/j/kwalk10 -> na, asked(-1)",-1,"na, asked",TRUE,
034,MB,walk14,binary,see c/d/e/b/f/g/h/b/b/i/j/kwalk10 -> not mentioned(0),0,not mentioned,FALSE,
034,MB,walk14,binary,see c/d/e/b/f/g/h/b/b/i/j/kwalk10 -> mentioned(1),1,mentioned,FALSE,
034,MB,walk15,binary,"see c/d/e/b/f/g/h/b/b/i/j/kwalk10 -> na, wrong skip(-3)",-3,"na, wrong skip",TRUE,
034,MB,walk15,binary,"see c/d/e/b/f/g/h/b/b/i/j/kwalk10 -> na, see C/D/E/B/F/G/H/B/B/I/J/KWALK09(-2)",-2,"na, see C/D/E/B/F/G/H/B/B/I/J/KWALK09",TRUE,
034,MB,walk15,binary,"see c/d/e/b/f/g/h/b/b/i/j/kwalk10 -> na, asked(-1)",-1,"na, asked",TRUE,
034,MB,walk15,binary,see c/d/e/b/f/g/h/b/b/i/j/kwalk10 -> not mentioned(0),0,not mentioned,FALSE,
034,MB,walk15,binary,see c/d/e/b/f/g/h/b/b/i/j/kwalk10 -> mentioned(1),1,mentioned,FALSE,
034,MB,walk16,binary,"see c/d/e/b/f/g/h/b/b/i/j/kwalk10 -> na, wrong skip(-3)",-3,"na, wrong skip",TRUE,
034,MB,walk16,binary,"see c/d/e/b/f/g/h/b/b/i/j/kwalk10 -> na, see C/D/E/B/F/G/H/B/B/I/J/KWALK09(-2)",-2,"na, see C/D/E/B/F/G/H/B/B/I/J/KWALK09",TRUE,
034,MB,walk16,binary,"see c/d/e/b/f/g/h/b/b/i/j/kwalk10 -> na, asked(-1)",-1,"na, asked",TRUE,
034,MB,walk16,binary,see c/d/e/b/f/g/h/b/b/i/j/kwalk10 -> not mentioned(0),0,not mentioned,FALSE,
034,MB,walk16,binary,see c/d/e/b/f/g/h/b/b/i/j/kwalk10 -> mentioned(1),1,mentioned,FALSE,
034,MB,walk17,binary,"see c/d/e/b/f/g/h/b/b/i/j/kwalk10 -> na, wrong skip(-3)",-3,"na, wrong skip",TRUE,
034,MB,walk17,binary,"see c/d/e/b/f/g/h/b/b/i/j/kwalk10 -> na, see C/D/E/B/F/G/H/B/B/I/J/KWALK09(-2)",-2,"na, see C/D/E/B/F/G/H/B/B/I/J/KWALK09",TRUE,
034,MB,walk17,binary,"see c/d/e/b/f/g/h/b/b/i/j/kwalk10 -> na, asked(-1)",-1,"na, asked",TRUE,
034,MB,walk17,binary,see c/d/e/b/f/g/h/b/b/i/j/kwalk10 -> not mentioned(0),0,not mentioned,FALSE,
034,MB,walk17,binary,see c/d/e/b/f/g/h/b/b/i/j/kwalk10 -> mentioned(1),1,mentioned,FALSE,
034,MB,walk17a,binary,"na, wrong skip(-3)",-3,"na, wrong skip",TRUE,
034,MB,walk17a,binary,"na, see H/B/B/I/J/KWALK09(-2)",-2,"na, see H/B/B/I/J/KWALK09",TRUE,
034,MB,walk17a,binary,"na, asked(-1)",-1,"na, asked",TRUE,
034,MB,walk17a,binary,not mentioned(0),0,not mentioned,FALSE,
034,MB,walk17a,binary,mentioned(1),1,mentioned,FALSE,
034,MB,walk18,binary,"na, wrong skip(-3)",-3,"na, wrong skip",TRUE,
034,MB,walk18,binary,"na, see C/D/E/B/F/G/H/B/B/I/J/KWALK09(-2)",-2,"na, see C/D/E/B/F/G/H/B/B/I/J/KWALK09",TRUE,
034,MB,walk18,binary,"na, asked(-1)",-1,"na, asked",TRUE,
034,MB,walk18,binary,not mentioned(0),0,not mentioned,FALSE,
034,MB,walk18,binary,mentioned(1),1,mentioned,FALSE,
034,MB,walk19,categorical,"na, wrong skip(-3)",-3,"na, wrong skip",TRUE,
034,MB,walk19,categorical,"na, see C/D/E/B/F/G/H/B/B/I/J/KWALK03(-2)",-2,"na, see C/D/E/B/F/G/H/B/B/I/J/KWALK03",TRUE,
034,MB,walk19,categorical,"na, asked(-1)",-1,"na, asked",TRUE,
034,MB,walk19,categorical,not enough room/time(1),1,not enough room/time,FALSE,
034,MB,walk19,categorical,R refused(2),2,R refused,FALSE,
034,MB,walk19,categorical,exercise not safe(3),3,exercise not safe,FALSE,
034,MB,walk19,categorical,physically not capable(4),4,physically not capable,FALSE,
034,MB,walk19,categorical,R did not understand(5),5,R did not understand,FALSE,
034,MB,walk19,categorical,other(6),6,other,FALSE,
034,I,cardig1,categorical,"na, technical missing(-7)",-7,"na, technical missing",TRUE,
034,I,cardig1,categorical,"na, test not done(-6)",-6,"na, test not done",TRUE,
034,I,cardig1,categorical,"na, wrong skip(-3)",-3,"na, wrong skip",TRUE,
034,I,cardig1,categorical,"na, see C/D/E/B/F/G/H/B/I/J/KRMPF(-2)",-2,"na, see C/D/E/B/F/G/H/B/I/J/KRMPF",TRUE,
034,I,cardig1,categorical,"na, asked(-1)",-1,"na, asked",TRUE,
034,I,cardig1,categorical,completed without help(1),1,completed without help,FALSE,
034,I,cardig1,categorical,completed with help(2),2,completed with help,FALSE,
034,I,cardig1,categorical,terminated(3),3,terminated,FALSE,
034,I,cardig1,categorical,not done(4),4,not done,FALSE,
034,I,cardig4,numeric,"na, no measurement(-6)",-6,"na, no measurement",TRUE,
034,I,cardig4,numeric,"na, wrong skip(-3)",-3,"na, wrong skip",TRUE,
034,I,cardig4,numeric,"na, see C/D/E/B/F/G/H/B/I/J/KCARDIG1(-2)",-2,"na, see C/D/E/B/F/G/H/B/I/J/KCARDIG1",TRUE,
034,I,cardig4,numeric,no (valid) answer(-1),-1,no (valid) answer,TRUE,
034,I,cardig5,categorical,"na, see C/D/E/B/F/G/H/B/I/J/KCARDIG1(-2)",-2,"na, see C/D/E/B/F/G/H/B/I/J/KCARDIG1",TRUE,
034,I,cardig5,categorical,"na, asked(-1)",-1,"na, asked",TRUE,
034,I,cardig5,categorical,completed without help(1),1,completed without help,FALSE,
034,I,cardig5,categorical,completed with help(2),2,completed with help,FALSE,
034,I,cardig5,categorical,terminated(3),3,terminated,FALSE,
034,I,cardig5,categorical,not done(4),4,not done,FALSE,
034,I,cardig8,numeric,"na, no measurement(-6)",-6,"na, no measurement",TRUE,
034,I,cardig8,numeric,"na, wrong skip(-3)",-3,"na, wrong skip",TRUE,
034,I,cardig8,numeric,"na, see C/D/E/B/F/G/H/B/I/J/KCARDIG5(-2)",-2,"na, see C/D/E/B/F/G/H/B/I/J/KCARDIG5",TRUE,
034,I,cardig8,numeric,no (valid) answer(-1),-1,no (valid) answer,TRUE,
034,I,cardig9,categorical,"na, wrong skip(-3)",-3,"na, wrong skip",TRUE,
034,I,cardig9,categorical,"na, see F/G/H/3B/I/J/KCARDIG1(-2)",-2,"na, see F/G/H/3B/I/J/KCARDIG1",TRUE,
034,I,cardig9,categorical,"na, asked(-1)",-1,"na, asked",TRUE,
034,I,cardig9,categorical,standing(1),1,standing,FALSE,
034,I,cardig9,categorical,sitting(2),2,sitting,FALSE,
034,I,cardig9,categorical,test not done(3),3,test not done,FALSE,
034,I,cardig9,categorical,other way(4),4,other way,FALSE,
034,I,chair1,binary,"na, test not done(-6)",-6,"na, test not done",TRUE,
034,I,chair1,binary,"na, wrong skip(-3)",-3,"na, wrong skip",TRUE,
034,I,chair1,binary,"na, see C/D/E/B/F/G/H/B/B/I/J/KRMPF(-2)",-2,"na, see C/D/E/B/F/G/H/B/B/I/J/KRMPF",TRUE,
034,I,chair1,binary,"na, asked(-1)",-1,"na, asked",TRUE,
034,I,chair1,binary,no(1),1,no,FALSE,
034,I,chair1,binary,yes(2),2,yes,FALSE,
034,I,chair2,binary,"na, wrong skip(-3)",-3,"na, wrong skip",TRUE,
034,I,chair2,binary,"na, see C/D/E/B/F/G/H/B/B/I/J/KCHAIR1(-2)",-2,"na, see C/D/E/B/F/G/H/B/B/I/J/KCHAIR1",TRUE,
034,I,chair2,binary,"na, asked(-1)",-1,"na, asked",TRUE,
034,I,chair2,binary,no(1),1,no,FALSE,
034,I,chair2,binary,yes(2),2,yes,FALSE,
034,I,chair3,categorical,"na, wrong skip(-3)",-3,"na, wrong skip",TRUE,
034,I,chair3,categorical,"na, see C/D/E/B/F/G/H/B/B/I/J/KCHAIR1&2(-2)",-2,"na, see C/D/E/B/F/G/H/B/B/I/J/KCHAIR1&2",TRUE,
034,I,chair3,categorical,"na, asked(-1)",-1,"na, asked",TRUE,
034,I,chair3,categorical,slides forward without using arms(1),1,slides forward without using arms,FALSE,
034,I,chair3,categorical,slides forward using arms(2),2,slides forward using arms,FALSE,
034,I,chair3,categorical,cannot slide forward(3),3,cannot slide forward,FALSE,
034,I,chair3,categorical,not done/terminated(4),4,not done/terminated,FALSE,
034,I,chair4,categorical,"na, wrong skip(-3)",-3,"na, wrong skip",TRUE,
034,I,chair4,categorical,"na, see C/D/E/B/F/G/H/B/B/I/J/KCHAIR1&2(-2)",-2,"na, see C/D/E/B/F/G/H/B/B/I/J/KCHAIR1&2",TRUE,
034,I,chair4,categorical,"na, asked(-1)",-1,"na, asked",TRUE,
034,I,chair4,categorical,succeeded without using arms(1),1,succeeded without using arms,FALSE,
034,I,chair4,categorical,succeeded using arms(2),2,succeeded using arms,FALSE,
034,I,chair4,categorical,cannot(3),3,cannot,FALSE,
034,I,chair4,categorical,not done/terminated(4),4,not done/terminated,FALSE,
034,I,chair5,categorical,"na, test not done(-6)",-6,"na, test not done",TRUE,
034,I,chair5,categorical,"na, wrong skip(-3)",-3,"na, wrong skip",TRUE,
034,I,chair5,categorical,"na, see C/D/E/B/F/G/H/B/B/I/J/KCHAIR4(-2)",-2,"na, see C/D/E/B/F/G/H/B/B/I/J/KCHAIR4",TRUE,
034,I,chair5,categorical,"na, asked(-1)",-1,"na, asked",TRUE,
034,I,chair5,categorical,no: five times completed(1),1,no: five times completed,FALSE,
034,I,chair5,categorical,no: less than five times(2),2,no: less than five times,FALSE,
034,I,chair5,categorical,yes: less than five times(3),3,yes: less than five times,FALSE,
034,I,chair6,numeric,"na, no measurement(-6)",-6,"na, no measurement",TRUE,
034,I,chair6,numeric,"na, wrong skip(-3)",-3,"na, wrong skip",TRUE,
034,I,chair6,numeric,"na, see C/D/E/B/F/G/H/B/B/I/J/KCHAIR5(-2)",-2,"na, see C/D/E/B/F/G/H/B/B/I/J/KCHAIR5",TRUE,
034,I,chair6,numeric,"na, asked(-1)",-1,"na, asked",TRUE,
034,I,chair7,numeric,"see c/d/e/b/f/g/h/b/b/i/j/kchair6 -> na, no measurement(-6)",-6,"na, no measurement",TRUE,
034,I,chair7,numeric,"see c/d/e/b/f/g/h/b/b/i/j/kchair6 -> na, wrong skip(-3)",-3,"na, wrong skip",TRUE,
034,I,chair7,numeric,"see c/d/e/b/f/g/h/b/b/i/j/kchair6 -> na, see C/D/E/B/F/G/H/B/B/I/J/KCHAIR5(-2)",-2,"na, see C/D/E/B/F/G/H/B/B/I/J/KCHAIR5",TRUE,
034,I,chair7,numeric,"see c/d/e/b/f/g/h/b/b/i/j/kchair6 -> na, asked(-1)",-1,"na, asked",TRUE,
034,I,rmpf,categorical,valid data(-2),-2,valid data,TRUE,
034,I,rmpf,categorical,short interview(1),1,short interview,FALSE,
034,I,rmpf,categorical,interview terminated(2),2,interview terminated,FALSE,
034,I,rmpf,categorical,"PF not done, not able(3)",3,"PF not done, not able",FALSE,
034,I,tandem1,categorical,"na, test not done(-6)",-6,"na, test not done",TRUE,
034,I,tandem1,categorical,"na, wrong skip(-3)",-3,"na, wrong skip",TRUE,
034,I,tandem1,categorical,"na, see C/D/E/F/G/H/B/B/I/J/KRMPF(-2)",-2,"na, see C/D/E/F/G/H/B/B/I/J/KRMPF",TRUE,
034,I,tandem1,categorical,"na, asked(-1)",-1,"na, asked",TRUE,
034,I,tandem1,categorical,normal test(1),1,normal test,FALSE,
034,I,tandem1,categorical,not capable(2),2,not capable,FALSE,
034,I,tandem1,categorical,falls almost direct(3),3,falls almost direct,FALSE,
034,I,tandem1,categorical,stops within 3 sec.(4),4,stops within 3 sec.,FALSE,
034,I,tandem1,categorical,refusal(5),5,refusal,FALSE,
034,I,tandem1,categorical,physical impossible(6),6,physical impossible,FALSE,
034,I,tandem2,numeric,"na, wrong skip(-3)",-3,"na, wrong skip",TRUE,
034,I,tandem2,numeric,"na, see C/D/E/F/G/H/B/B/I/J/KTANDEM1(-2)",-2,"na, see C/D/E/F/G/H/B/B/I/J/KTANDEM1",TRUE,
034,I,tandem2,numeric,"na, asked(-1)",-1,"na, asked",TRUE,
034,I,walk01,categorical,"na, test not done(-6)",-6,"na, test not done",TRUE,
034,I,walk01,categorical,"na, wrong skip(-3)",-3,"na, wrong skip",TRUE,
034,I,walk01,categorical,"na, see C/D/E/B/F/G/H/B/B/I/J/KRMPF(-2)",-2,"na, see C/D/E/B/F/G/H/B/B/I/J/KRMPF",TRUE,
034,I,walk01,categorical,"na, asked(-1)",-1,"na, asked",TRUE,
034,I,walk01,categorical,no restrictions(1),1,no restrictions,FALSE,
034,I,walk01,categorical,in wheelchair(2),2,in wheelchair,FALSE,
034,I,walk01,categorical,recent surgery(3),3,recent surgery,FALSE,
034,I,walk01,categorical,recent accident(4),4,recent accident,FALSE,
034,I,walk01,categorical,other(5),5,other,FALSE,
034,I,walk02,categorical,"na, wrong skip(-3)",-3,"na, wrong skip",TRUE,
034,I,walk02,categorical,"na, see C/D/E/B/F/G/H/B/B/I/J/KWALK01(-2)",-2,"na, see C/D/E/B/F/G/H/B/B/I/J/KWALK01",TRUE,
034,I,walk02,categorical,"na, asked(-1)",-1,"na, asked",TRUE,
034,I,walk02,categorical,respondent already walked(1),1,respondent already walked,FALSE,
034,I,walk02,categorical,can walk (with aid)(2),2,can walk (with aid),FALSE,
034,I,walk02,categorical,can walk with aid not available(3),3,can walk with aid not available,FALSE,
034,I,walk02,categorical,cannot walk(4),4,cannot walk,FALSE,
034,I,walk03,categorical,"na, wrong skip(-3)",-3,"na, wrong skip",TRUE,
034,I,walk03,categorical,"na, see C/D/E/B/F/G/H/B/B/I/J/KWALK01&02(-2)",-2,"na, see C/D/E/B/F/G/H/B/B/I/J/KWALK01&02",TRUE,
034,I,walk03,categorical,"na, asked(-1)",-1,"na, asked",TRUE,
034,I,walk03,categorical,no(1),1,no,FALSE,
034,I,walk03,categorical,yes(2),2,yes,FALSE,
034,I,walk03,categorical,terminated(3),3,terminated,FALSE,
034,I,walk04,numeric,"na, no measurement(-6)",-6,"na, no measurement",TRUE,
034,I,walk04,numeric,"na, see C/D/E/B/F/G/H/B/B/I/J/KWALK03(-2)",-2,"na, see C/D/E/B/F/G/H/B/B/I/J/KWALK03",TRUE,
034,I,walk04,numeric,no (valid) answer(-1),-1,no (valid) answer,TRUE,
034,I,walk04a,numeric,"na, no measurement(-6)",-6,"na, no measurement",TRUE,
034,I,walk04a,numeric,"na, see H/B/B/I/JWALK03(-2)",-2,"na, see H/B/B/I/JWALK03",TRUE,
034,I,walk04a,numeric,no (valid) answer(-1),-1,no (valid) answer,TRUE,
034,I,walk06,categorical,"na, wrong skip(-3)",-3,"na, wrong skip",TRUE,
034,I,walk06,categorical,"na, see E/B/F/G/H/B/B/I/JWALK03(-2)",-2,"na, see E/B/F/G/H/B/B/I/JWALK03",TRUE,
034,I,walk06,categorical,"na, asked(-1)",-1,"na, asked",TRUE,
034,I,walk06,categorical,walkingbar(1),1,walkingbar,FALSE,
034,I,walk06,categorical,stick(2),2,stick,FALSE,
034,I,walk06,categorical,rollator(3),3,rollator,FALSE,
034,I,walk06,categorical,leaning on objects/interviewer(4),4,leaning on objects/interviewer,FALSE,
034,I,walk06,categorical,other(5),5,other,FALSE,
034,I,walk06,categorical,none(6),6,none,FALSE,
034,I,walk07,ordinal,"na, wrong skip(-3)",-3,"na, wrong skip",TRUE,
034,I,walk07,ordinal,"na, see I/J/KWALK03(-2)",-2,"na, see I/J/KWALK03",TRUE,
034,I,walk07,ordinal,"na, asked(-1)",-1,"na, asked",TRUE,
034,I,walk07,ordinal,no(1),1,no,FALSE,
034,I,walk09,categorical,"na, wrong skip(-3)",-3,"na, wrong skip",TRUE,
034,I,walk09,categorical,"na, see B/B/I/J/KWALK03(-2)",-2,"na, see B/B/I/J/KWALK03",TRUE,
034,I,walk09,categorical,"na, asked(-1)",-1,"na, asked",TRUE,
034,I,walk09,categorical,no(1),1,no,FALSE,
034,I,walk09,categorical,yes(2),2,yes,FALSE,
034,I,walk10,binary,"na, wrong skip(-3)",-3,"na, wrong skip",TRUE,
034,I,walk10,binary,"na, see C/D/E/B/F/G/H/B/B/I/J/KWALK09(-2)",-2,"na, see C/D/E/B/F/G/H/B/B/I/J/KWALK09",TRUE,
034,I,walk10,binary,"na, asked(-1)",-1,"na, asked",TRUE,
034,I,walk10,binary,not mentioned(0),0,not mentioned,FALSE,
034,I,walk10,binary,mentioned(1),1,mentioned,FALSE,
034,I,walk11,binary,"see c/d/e/b/f/g/h/b/b/i/j/kwalk10 -> na, wrong skip(-3)",-3,"na, wrong skip",TRUE,
034,I,walk11,binary,"see c/d/e/b/f/g/h/b/b/i/j/kwalk10 -> na, see C/D/E/B/F/G/H/B/B/I/J/KWALK09(-2)",-2,"na, see C/D/E/B/F/G/H/B/B/I/J/KWALK09",TRUE,
034,I,walk11,binary,"see c/d/e/b/f/g/h/b/b/i/j/kwalk10 -> na, asked(-1)",-1,"na, asked",TRUE,
034,I,walk11,binary,see c/d/e/b/f/g/h/b/b/i/j/kwalk10 -> not mentioned(0),0,not mentioned,FALSE,
034,I,walk11,binary,see c/d/e/b/f/g/h/b/b/i/j/kwalk10 -> mentioned(1),1,mentioned,FALSE,
034,I,walk12,binary,"see c/d/e/b/f/g/h/b/b/i/j/kwalk10 -> na, wrong skip(-3)",-3,"na, wrong skip",TRUE,
034,I,walk12,binary,"see c/d/e/b/f/g/h/b/b/i/j/kwalk10 -> na, see C/D/E/B/F/G/H/B/B/I/J/KWALK09(-2)",-2,"na, see C/D/E/B/F/G/H/B/B/I/J/KWALK09",TRUE,
034,I,walk12,binary,"see c/d/e/b/f/g/h/b/b/i/j/kwalk10 -> na, asked(-1)",-1,"na, asked",TRUE,
034,I,walk12,binary,see c/d/e/b/f/g/h/b/b/i/j/kwalk10 -> not mentioned(0),0,not mentioned,FALSE,
034,I,walk12,binary,see c/d/e/b/f/g/h/b/b/i/j/kwalk10 -> mentioned(1),1,mentioned,FALSE,
034,I,walk13,binary,"see c/d/e/b/f/g/h/b/b/i/j/kwalk10 -> na, wrong skip(-3)",-3,"na, wrong skip",TRUE,
034,I,walk13,binary,"see c/d/e/b/f/g/h/b/b/i/j/kwalk10 -> na, see C/D/E/B/F/G/H/B/B/I/J/KWALK09(-2)",-2,"na, see C/D/E/B/F/G/H/B/B/I/J/KWALK09",TRUE,
034,I,walk13,binary,"see c/d/e/b/f/g/h/b/b/i/j/kwalk10 -> na, asked(-1)",-1,"na, asked",TRUE,
034,I,walk13,binary,see c/d/e/b/f/g/h/b/b/i/j/kwalk10 -> not mentioned(0),0,not mentioned,FALSE,
034,I,walk13,binary,see c/d/e/b/f/g/h/b/b/i/j/kwalk10 -> mentioned(1),1,mentioned,FALSE,
034,I,walk14,binary,"see c/d/e/b/f/g/h/b/b/i/j/kwalk10 -> na, wrong skip(-3)",-3,"na, wrong skip",TRUE,
034,I,walk14,binary,"see c/d/e/b/f/g/h/b/b/i/j/kwalk10 -> na, see C/D/E/B/F/G/H/B/B/I/J/KWALK09(-2)",-2,"na, see C/D/E/B/F/G/H/B/B/I/J/KWALK09",TRUE,
034,I,walk14,binary,"see c/d/e/b/f/g/h/b/b/i/j/kwalk10 -> na, asked(-1)",-1,"na, asked",TRUE,
034,I,walk14,binary,see c/d/e/b/f/g/h/b/b/i/j/kwalk10 -> not mentioned(0),0,not mentioned,FALSE,
034,I,walk14,binary,see c/d/e/b/f/g/h/b/b/i/j/kwalk10 -> mentioned(1),1,mentioned,FALSE,
034,I,walk15,binary,"see c/d/e/b/f/g/h/b/b/i/j/kwalk10 -> na, wrong skip(-3)",-3,"na, wrong skip",TRUE,
034,I,walk15,binary,"see c/d/e/b/f/g/h/b/b/i/j/kwalk10 -> na, see C/D/E/B/F/G/H/B/B/I/J/KWALK09(-2)",-2,"na, see C/D/E/B/F/G/H/B/B/I/J/KWALK09",TRUE,
034,I,walk15,binary,"see c/d/e/b/f/g/h/b/b/i/j/kwalk10 -> na, asked(-1)",-1,"na, asked",TRUE,
034,I,walk15,binary,see c/d/e/b/f/g/h/b/b/i/j/kwalk10 -> not mentioned(0),0,not mentioned,FALSE,
034,I,walk15,binary,see c/d/e/b/f/g/h/b/b/i/j/kwalk10 -> mentioned(1),1,mentioned,FALSE,
034,I,walk16,binary,"see c/d/e/b/f/g/h/b/b/i/j/kwalk10 -> na, wrong skip(-3)",-3,"na, wrong skip",TRUE,
034,I,walk16,binary,"see c/d/e/b/f/g/h/b/b/i/j/kwalk10 -> na, see C/D/E/B/F/G/H/B/B/I/J/KWALK09(-2)",-2,"na, see C/D/E/B/F/G/H/B/B/I/J/KWALK09",TRUE,
034,I,walk16,binary,"see c/d/e/b/f/g/h/b/b/i/j/kwalk10 -> na, asked(-1)",-1,"na, asked",TRUE,
034,I,walk16,binary,see c/d/e/b/f/g/h/b/b/i/j/kwalk10 -> not mentioned(0),0,not mentioned,FALSE,
034,I,walk16,binary,see c/d/e/b/f/g/h/b/b/i/j/kwalk10 -> mentioned(1),1,mentioned,FALSE,
034,I,walk17,binary,"see c/d/e/b/f/g/h/b/b/i/j/kwalk10 -> na, wrong skip(-3)",-3,"na, wrong skip",TRUE,
034,I,walk17,binary,"see c/d/e/b/f/g/h/b/b/i/j/kwalk10 -> na, see C/D/E/B/F/G/H/B/B/I/J/KWALK09(-2)",-2,"na, see C/D/E/B/F/G/H/B/B/I/J/KWALK09",TRUE,
034,I,walk17,binary,"see c/d/e/b/f/g/h/b/b/i/j/kwalk10 -> na, asked(-1)",-1,"na, asked",TRUE,
034,I,walk17,binary,see c/d/e/b/f/g/h/b/b/i/j/kwalk10 -> not mentioned(0),0,not mentioned,FALSE,
034,I,walk17,binary,see c/d/e/b/f/g/h/b/b/i/j/kwalk10 -> mentioned(1),1,mentioned,FALSE,
034,I,walk17a,binary,"na, wrong skip(-3)",-3,"na, wrong skip",TRUE,
034,I,walk17a,binary,"na, see H/B/B/I/J/KWALK09(-2)",-2,"na, see H/B/B/I/J/KWALK09",TRUE,
034,I,walk17a,binary,"na, asked(-1)",-1,"na, asked",TRUE,
034,I,walk17a,binary,not mentioned(0),0,not mentioned,FALSE,
034,I,walk17a,binary,mentioned(1),1,mentioned,FALSE,
034,I,walk18,binary,"na, wrong skip(-3)",-3,"na, wrong skip",TRUE,
034,I,walk18,binary,"na, see C/D/E/B/F/G/H/B/B/I/J/KWALK09(-2)",-2,"na, see C/D/E/B/F/G/H/B/B/I/J/KWALK09",TRUE,
034,I,walk18,binary,"na, asked(-1)",-1,"na, asked",TRUE,
034,I,walk18,binary,not mentioned(0),0,not mentioned,FALSE,
034,I,walk18,binary,mentioned(1),1,mentioned,FALSE,
034,I,walk19,categorical,"na, wrong skip(-3)",-3,"na, wrong skip",TRUE,
034,I,walk19,categorical,"na, see C/D/E/B/F/G/H/B/B/I/J/KWALK03(-2)",-2,"na, see C/D/E/B/F/G/H/B/B/I/J/KWALK03",TRUE,
034,I,walk19,categorical,"na, asked(-1)",-1,"na, asked",TRUE,
034,I,walk19,categorical,not enough room/time(1),1,not enough room/time,FALSE,
034,I,walk19,categorical,R refused(2),2,R refused,FALSE,
034,I,walk19,categorical,exercise not safe(3),3,exercise not safe,FALSE,
034,I,walk19,categorical,physically not capable(4),4,physically not capable,FALSE,
034,I,walk19,categorical,R did not understand(5),5,R did not understand,FALSE,
034,I,walk19,categorical,other(6),6,other,FALSE,
034,J,cardig1,categorical,"na, technical missing(-7)",-7,"na, technical missing",TRUE,
034,J,cardig1,categorical,"na, test not done(-6)",-6,"na, test not done",TRUE,
034,J,cardig1,categorical,"na, wrong skip(-3)",-3,"na, wrong skip",TRUE,
034,J,cardig1,categorical,"na, see C/D/E/B/F/G/H/B/I/J/KRMPF(-2)",-2,"na, see C/D/E/B/F/G/H/B/I/J/KRMPF",TRUE,
034,J,cardig1,categorical,"na, asked(-1)",-1,"na, asked",TRUE,
034,J,cardig1,categorical,completed without help(1),1,completed without help,FALSE,
034,J,cardig1,categorical,completed with help(2),2,completed with help,FALSE,
034,J,cardig1,categorical,terminated(3),3,terminated,FALSE,
034,J,cardig1,categorical,not done(4),4,not done,FALSE,
034,J,cardig4,numeric,"na, no measurement(-6)",-6,"na, no measurement",TRUE,
034,J,cardig4,numeric,"na, wrong skip(-3)",-3,"na, wrong skip",TRUE,
034,J,cardig4,numeric,"na, see C/D/E/B/F/G/H/B/I/J/KCARDIG1(-2)",-2,"na, see C/D/E/B/F/G/H/B/I/J/KCARDIG1",TRUE,
034,J,cardig4,numeric,no (valid) answer(-1),-1,no (valid) answer,TRUE,
034,J,cardig5,categorical,"na, see C/D/E/B/F/G/H/B/I/J/KCARDIG1(-2)",-2,"na, see C/D/E/B/F/G/H/B/I/J/KCARDIG1",TRUE,
034,J,cardig5,categorical,"na, asked(-1)",-1,"na, asked",TRUE,
034,J,cardig5,categorical,completed without help(1),1,completed without help,FALSE,
034,J,cardig5,categorical,completed with help(2),2,completed with help,FALSE,
034,J,cardig5,categorical,terminated(3),3,terminated,FALSE,
034,J,cardig5,categorical,not done(4),4,not done,FALSE,
034,J,cardig8,numeric,"na, no measurement(-6)",-6,"na, no measurement",TRUE,
034,J,cardig8,numeric,"na, wrong skip(-3)",-3,"na, wrong skip",TRUE,
034,J,cardig8,numeric,"na, see C/D/E/B/F/G/H/B/I/J/KCARDIG5(-2)",-2,"na, see C/D/E/B/F/G/H/B/I/J/KCARDIG5",TRUE,
034,J,cardig8,numeric,no (valid) answer(-1),-1,no (valid) answer,TRUE,
034,J,cardig9,categorical,"na, wrong skip(-3)",-3,"na, wrong skip",TRUE,
034,J,cardig9,categorical,"na, see F/G/H/3B/I/J/KCARDIG1(-2)",-2,"na, see F/G/H/3B/I/J/KCARDIG1",TRUE,
034,J,cardig9,categorical,"na, asked(-1)",-1,"na, asked",TRUE,
034,J,cardig9,categorical,standing(1),1,standing,FALSE,
034,J,cardig9,categorical,sitting(2),2,sitting,FALSE,
034,J,cardig9,categorical,test not done(3),3,test not done,FALSE,
034,J,cardig9,categorical,other way(4),4,other way,FALSE,
034,J,chair1,binary,"na, test not done(-6)",-6,"na, test not done",TRUE,
034,J,chair1,binary,"na, wrong skip(-3)",-3,"na, wrong skip",TRUE,
034,J,chair1,binary,"na, see C/D/E/B/F/G/H/B/B/I/J/KRMPF(-2)",-2,"na, see C/D/E/B/F/G/H/B/B/I/J/KRMPF",TRUE,
034,J,chair1,binary,"na, asked(-1)",-1,"na, asked",TRUE,
034,J,chair1,binary,no(1),1,no,FALSE,
034,J,chair1,binary,yes(2),2,yes,FALSE,
034,J,chair2,binary,"na, wrong skip(-3)",-3,"na, wrong skip",TRUE,
034,J,chair2,binary,"na, see C/D/E/B/F/G/H/B/B/I/J/KCHAIR1(-2)",-2,"na, see C/D/E/B/F/G/H/B/B/I/J/KCHAIR1",TRUE,
034,J,chair2,binary,"na, asked(-1)",-1,"na, asked",TRUE,
034,J,chair2,binary,no(1),1,no,FALSE,
034,J,chair2,binary,yes(2),2,yes,FALSE,
034,J,chair3,categorical,"na, wrong skip(-3)",-3,"na, wrong skip",TRUE,
034,J,chair3,categorical,"na, see C/D/E/B/F/G/H/B/B/I/J/KCHAIR1&2(-2)",-2,"na, see C/D/E/B/F/G/H/B/B/I/J/KCHAIR1&2",TRUE,
034,J,chair3,categorical,"na, asked(-1)",-1,"na, asked",TRUE,
034,J,chair3,categorical,slides forward without using arms(1),1,slides forward without using arms,FALSE,
034,J,chair3,categorical,slides forward using arms(2),2,slides forward using arms,FALSE,
034,J,chair3,categorical,cannot slide forward(3),3,cannot slide forward,FALSE,
034,J,chair3,categorical,not done/terminated(4),4,not done/terminated,FALSE,
034,J,chair4,categorical,"na, wrong skip(-3)",-3,"na, wrong skip",TRUE,
034,J,chair4,categorical,"na, see C/D/E/B/F/G/H/B/B/I/J/KCHAIR1&2(-2)",-2,"na, see C/D/E/B/F/G/H/B/B/I/J/KCHAIR1&2",TRUE,
034,J,chair4,categorical,"na, asked(-1)",-1,"na, asked",TRUE,
034,J,chair4,categorical,succeeded without using arms(1),1,succeeded without using arms,FALSE,
034,J,chair4,categorical,succeeded using arms(2),2,succeeded using arms,FALSE,
034,J,chair4,categorical,cannot(3),3,cannot,FALSE,
034,J,chair4,categorical,not done/terminated(4),4,not done/terminated,FALSE,
034,J,chair5,categorical,"na, test not done(-6)",-6,"na, test not done",TRUE,
034,J,chair5,categorical,"na, wrong skip(-3)",-3,"na, wrong skip",TRUE,
034,J,chair5,categorical,"na, see C/D/E/B/F/G/H/B/B/I/J/KCHAIR4(-2)",-2,"na, see C/D/E/B/F/G/H/B/B/I/J/KCHAIR4",TRUE,
034,J,chair5,categorical,"na, asked(-1)",-1,"na, asked",TRUE,
034,J,chair5,categorical,no: five times completed(1),1,no: five times completed,FALSE,
034,J,chair5,categorical,no: less than five times(2),2,no: less than five times,FALSE,
034,J,chair5,categorical,yes: less than five times(3),3,yes: less than five times,FALSE,
034,J,chair6,numeric,"na, no measurement(-6)",-6,"na, no measurement",TRUE,
034,J,chair6,numeric,"na, wrong skip(-3)",-3,"na, wrong skip",TRUE,
034,J,chair6,numeric,"na, see C/D/E/B/F/G/H/B/B/I/J/KCHAIR5(-2)",-2,"na, see C/D/E/B/F/G/H/B/B/I/J/KCHAIR5",TRUE,
034,J,chair6,numeric,"na, asked(-1)",-1,"na, asked",TRUE,
034,J,chair7,numeric,"see c/d/e/b/f/g/h/b/b/i/j/kchair6 -> na, no measurement(-6)",-6,"na, no measurement",TRUE,
034,J,chair7,numeric,"see c/d/e/b/f/g/h/b/b/i/j/kchair6 -> na, wrong skip(-3)",-3,"na, wrong skip",TRUE,
034,J,chair7,numeric,"see c/d/e/b/f/g/h/b/b/i/j/kchair6 -> na, see C/D/E/B/F/G/H/B/B/I/J/KCHAIR5(-2)",-2,"na, see C/D/E/B/F/G/H/B/B/I/J/KCHAIR5",TRUE,
034,J,chair7,numeric,"see c/d/e/b/f/g/h/b/b/i/j/kchair6 -> na, asked(-1)",-1,"na, asked",TRUE,
034,J,rmpf,categorical,valid data(-2),-2,valid data,TRUE,
034,J,rmpf,categorical,short interview(1),1,short interview,FALSE,
034,J,rmpf,categorical,interview terminated(2),2,interview terminated,FALSE,
034,J,rmpf,categorical,"PF not done, not able(3)",3,"PF not done, not able",FALSE,
034,J,tandem1,categorical,"na, test not done(-6)",-6,"na, test not done",TRUE,
034,J,tandem1,categorical,"na, wrong skip(-3)",-3,"na, wrong skip",TRUE,
034,J,tandem1,categorical,"na, see C/D/E/F/G/H/B/B/I/J/KRMPF(-2)",-2,"na, see C/D/E/F/G/H/B/B/I/J/KRMPF",TRUE,
034,J,tandem1,categorical,"na, asked(-1)",-1,"na, asked",TRUE,
034,J,tandem1,categorical,normal test(1),1,normal test,FALSE,
034,J,tandem1,categorical,not capable(2),2,not capable,FALSE,
034,J,tandem1,categorical,immediately steps out of position (in less than 1 second)(3),3,immediately steps out of position (in less than 1 second),FALSE,
034,J,tandem2,numeric,"na, wrong skip(-3)",-3,"na, wrong skip",TRUE,
034,J,tandem2,numeric,"na, see C/D/E/F/G/H/B/B/I/J/KTANDEM1(-2)",-2,"na, see C/D/E/F/G/H/B/B/I/J/KTANDEM1",TRUE,
034,J,tandem2,numeric,"na, asked(-1)",-1,"na, asked",TRUE,
034,J,tandem3,categorical,"na, wrong skip(-3)",-3,"na, wrong skip",TRUE,
034,J,tandem3,categorical,"na, see J/KTANDEM1(-2)",-2,"na, see J/KTANDEM1",TRUE,
034,J,tandem3,categorical,"na, asked(-1)",-1,"na, asked",TRUE,
034,J,tandem3,categorical,normal test(1),1,normal test,FALSE,
034,J,tandem3,categorical,not capable(2),2,not capable,FALSE,
034,J,tandem3,categorical,immediately steps out of position (in less than 1 second)(3),3,immediately steps out of position (in less than 1 second),FALSE,
034,J,tandem3,categorical,refusal(5),5,refusal,FALSE,
034,J,tandem3,categorical,physical impossible(6),6,physical impossible,FALSE,
034,J,tandem4,numeric,"na, wrong skip(-3)",-3,"na, wrong skip",TRUE,
034,J,tandem4,numeric,"na, see J/KTANDEM3(-2)",-2,"na, see J/KTANDEM3",TRUE,
034,J,tandem4,numeric,"na, asked(-1)",-1,"na, asked",TRUE,
034,J,walk01,categorical,"na, test not done(-6)",-6,"na, test not done",TRUE,
034,J,walk01,categorical,"na, wrong skip(-3)",-3,"na, wrong skip",TRUE,
034,J,walk01,categorical,"na, see C/D/E/B/F/G/H/B/B/I/J/KRMPF(-2)",-2,"na, see C/D/E/B/F/G/H/B/B/I/J/KRMPF",TRUE,
034,J,walk01,categorical,"na, asked(-1)",-1,"na, asked",TRUE,
034,J,walk01,categorical,no restrictions(1),1,no restrictions,FALSE,
034,J,walk01,categorical,in wheelchair(2),2,in wheelchair,FALSE,
034,J,walk01,categorical,recent surgery(3),3,recent surgery,FALSE,
034,J,walk01,categorical,recent accident(4),4,recent accident,FALSE,
034,J,walk01,categorical,other(5),5,other,FALSE,
034,J,walk02,categorical,"na, wrong skip(-3)",-3,"na, wrong skip",TRUE,
034,J,walk02,categorical,"na, see C/D/E/B/F/G/H/B/B/I/J/KWALK01(-2)",-2,"na, see C/D/E/B/F/G/H/B/B/I/J/KWALK01",TRUE,
034,J,walk02,categorical,"na, asked(-1)",-1,"na, asked",TRUE,
034,J,walk02,categorical,respondent already walked(1),1,respondent already walked,FALSE,
034,J,walk02,categorical,can walk (with aid)(2),2,can walk (with aid),FALSE,
034,J,walk02,categorical,can walk with aid not available(3),3,can walk with aid not available,FALSE,
034,J,walk02,categorical,cannot walk(4),4,cannot walk,FALSE,
034,J,walk03,categorical,"na, wrong skip(-3)",-3,"na, wrong skip",TRUE,
034,J,walk03,categorical,"na, see C/D/E/B/F/G/H/B/B/I/J/KWALK01&02(-2)",-2,"na, see C/D/E/B/F/G/H/B/B/I/J/KWALK01&02",TRUE,
034,J,walk03,categorical,"na, asked(-1)",-1,"na, asked",TRUE,
034,J,walk03,categorical,no(1),1,no,FALSE,
034,J,walk03,categorical,yes(2),2,yes,FALSE,
034,J,walk03,categorical,terminated(3),3,terminated,FALSE,
034,J,walk04,numeric,"na, no measurement(-6)",-6,"na, no measurement",TRUE,
034,J,walk04,numeric,"na, see C/D/E/B/F/G/H/B/B/I/J/KWALK03(-2)",-2,"na, see C/D/E/B/F/G/H/B/B/I/J/KWALK03",TRUE,
034,J,walk04,numeric,no (valid) answer(-1),-1,no (valid) answer,TRUE,
034,J,walk04a,numeric,"na, no measurement(-6)",-6,"na, no measurement",TRUE,
034,J,walk04a,numeric,"na, born after 1940(-3)",-3,"na, born after 1940",TRUE,
034,J,walk04a,numeric,"na, see H/B/B/I/JWALK03(-2)",-2,"na, see H/B/B/I/JWALK03",TRUE,
034,J,walk04a,numeric,no (valid) answer(-1),-1,no (valid) answer,TRUE,
034,J,walk06,categorical,"na, wrong skip(-3)",-3,"na, wrong skip",TRUE,
034,J,walk06,categorical,"na, see E/B/F/G/H/B/B/I/JWALK03(-2)",-2,"na, see E/B/F/G/H/B/B/I/JWALK03",TRUE,
034,J,walk06,categorical,"na, asked(-1)",-1,"na, asked",TRUE,
034,J,walk06,categorical,walkingbar(1),1,walkingbar,FALSE,
034,J,walk06,categorical,stick(2),2,stick,FALSE,
034,J,walk06,categorical,rollator(3),3,rollator,FALSE,
034,J,walk06,categorical,leaning on objects/interviewer(4),4,leaning on objects/interviewer,FALSE,
034,J,walk06,categorical,other(5),5,other,FALSE,
034,J,walk06,categorical,none(6),6,none,FALSE,
034,J,walk07,ordinal,"na, wrong skip(-3)",-3,"na, wrong skip",TRUE,
034,J,walk07,ordinal,"na, see I/J/KWALK03(-2)",-2,"na, see I/J/KWALK03",TRUE,
034,J,walk07,ordinal,"na, asked(-1)",-1,"na, asked",TRUE,
034,J,walk07,ordinal,no(1),1,no,FALSE,
034,J,walk09,categorical,"na, wrong skip(-3)",-3,"na, wrong skip",TRUE,
034,J,walk09,categorical,"na, see B/B/I/J/KWALK03(-2)",-2,"na, see B/B/I/J/KWALK03",TRUE,
034,J,walk09,categorical,"na, asked(-1)",-1,"na, asked",TRUE,
034,J,walk09,categorical,no(1),1,no,FALSE,
034,J,walk09,categorical,yes(2),2,yes,FALSE,
034,J,walk10,binary,"na, wrong skip(-3)",-3,"na, wrong skip",TRUE,
034,J,walk10,binary,"na, see C/D/E/B/F/G/H/B/B/I/J/KWALK09(-2)",-2,"na, see C/D/E/B/F/G/H/B/B/I/J/KWALK09",TRUE,
034,J,walk10,binary,"na, asked(-1)",-1,"na, asked",TRUE,
034,J,walk10,binary,not mentioned(0),0,not mentioned,FALSE,
034,J,walk10,binary,mentioned(1),1,mentioned,FALSE,
034,J,walk11,binary,"see c/d/e/b/f/g/h/b/b/i/j/kwalk10 -> na, wrong skip(-3)",-3,"na, wrong skip",TRUE,
034,J,walk11,binary,"see c/d/e/b/f/g/h/b/b/i/j/kwalk10 -> na, see C/D/E/B/F/G/H/B/B/I/J/KWALK09(-2)",-2,"na, see C/D/E/B/F/G/H/B/B/I/J/KWALK09",TRUE,
034,J,walk11,binary,"see c/d/e/b/f/g/h/b/b/i/j/kwalk10 -> na, asked(-1)",-1,"na, asked",TRUE,
034,J,walk11,binary,see c/d/e/b/f/g/h/b/b/i/j/kwalk10 -> not mentioned(0),0,not mentioned,FALSE,
034,J,walk11,binary,see c/d/e/b/f/g/h/b/b/i/j/kwalk10 -> mentioned(1),1,mentioned,FALSE,
034,J,walk12,binary,"see c/d/e/b/f/g/h/b/b/i/j/kwalk10 -> na, wrong skip(-3)",-3,"na, wrong skip",TRUE,
034,J,walk12,binary,"see c/d/e/b/f/g/h/b/b/i/j/kwalk10 -> na, see C/D/E/B/F/G/H/B/B/I/J/KWALK09(-2)",-2,"na, see C/D/E/B/F/G/H/B/B/I/J/KWALK09",TRUE,
034,J,walk12,binary,"see c/d/e/b/f/g/h/b/b/i/j/kwalk10 -> na, asked(-1)",-1,"na, asked",TRUE,
034,J,walk12,binary,see c/d/e/b/f/g/h/b/b/i/j/kwalk10 -> not mentioned(0),0,not mentioned,FALSE,
034,J,walk12,binary,see c/d/e/b/f/g/h/b/b/i/j/kwalk10 -> mentioned(1),1,mentioned,FALSE,
034,J,walk13,binary,"see c/d/e/b/f/g/h/b/b/i/j/kwalk10 -> na, wrong skip(-3)",-3,"na, wrong skip",TRUE,
034,J,walk13,binary,"see c/d/e/b/f/g/h/b/b/i/j/kwalk10 -> na, see C/D/E/B/F/G/H/B/B/I/J/KWALK09(-2)",-2,"na, see C/D/E/B/F/G/H/B/B/I/J/KWALK09",TRUE,
034,J,walk13,binary,"see c/d/e/b/f/g/h/b/b/i/j/kwalk10 -> na, asked(-1)",-1,"na, asked",TRUE,
034,J,walk13,binary,see c/d/e/b/f/g/h/b/b/i/j/kwalk10 -> not mentioned(0),0,not mentioned,FALSE,
034,J,walk13,binary,see c/d/e/b/f/g/h/b/b/i/j/kwalk10 -> mentioned(1),1,mentioned,FALSE,
034,J,walk14,binary,"see c/d/e/b/f/g/h/b/b/i/j/kwalk10 -> na, wrong skip(-3)",-3,"na, wrong skip",TRUE,
034,J,walk14,binary,"see c/d/e/b/f/g/h/b/b/i/j/kwalk10 -> na, see C/D/E/B/F/G/H/B/B/I/J/KWALK09(-2)",-2,"na, see C/D/E/B/F/G/H/B/B/I/J/KWALK09",TRUE,
034,J,walk14,binary,"see c/d/e/b/f/g/h/b/b/i/j/kwalk10 -> na, asked(-1)",-1,"na, asked",TRUE,
034,J,walk14,binary,see c/d/e/b/f/g/h/b/b/i/j/kwalk10 -> not mentioned(0),0,not mentioned,FALSE,
034,J,walk14,binary,see c/d/e/b/f/g/h/b/b/i/j/kwalk10 -> mentioned(1),1,mentioned,FALSE,
034,J,walk15,binary,"see c/d/e/b/f/g/h/b/b/i/j/kwalk10 -> na, wrong skip(-3)",-3,"na, wrong skip",TRUE,
034,J,walk15,binary,"see c/d/e/b/f/g/h/b/b/i/j/kwalk10 -> na, see C/D/E/B/F/G/H/B/B/I/J/KWALK09(-2)",-2,"na, see C/D/E/B/F/G/H/B/B/I/J/KWALK09",TRUE,
034,J,walk15,binary,"see c/d/e/b/f/g/h/b/b/i/j/kwalk10 -> na, asked(-1)",-1,"na, asked",TRUE,
034,J,walk15,binary,see c/d/e/b/f/g/h/b/b/i/j/kwalk10 -> not mentioned(0),0,not mentioned,FALSE,
034,J,walk15,binary,see c/d/e/b/f/g/h/b/b/i/j/kwalk10 -> mentioned(1),1,mentioned,FALSE,
034,J,walk16,binary,"see c/d/e/b/f/g/h/b/b/i/j/kwalk10 -> na, wrong skip(-3)",-3,"na, wrong skip",TRUE,
034,J,walk16,binary,"see c/d/e/b/f/g/h/b/b/i/j/kwalk10 -> na, see C/D/E/B/F/G/H/B/B/I/J/KWALK09(-2)",-2,"na, see C/D/E/B/F/G/H/B/B/I/J/KWALK09",TRUE,
034,J,walk16,binary,"see c/d/e/b/f/g/h/b/b/i/j/kwalk10 -> na, asked(-1)",-1,"na, asked",TRUE,
034,J,walk16,binary,see c/d/e/b/f/g/h/b/b/i/j/kwalk10 -> not mentioned(0),0,not mentioned,FALSE,
034,J,walk16,binary,see c/d/e/b/f/g/h/b/b/i/j/kwalk10 -> mentioned(1),1,mentioned,FALSE,
034,J,walk17,binary,"see c/d/e/b/f/g/h/b/b/i/j/kwalk10 -> na, wrong skip(-3)",-3,"na, wrong skip",TRUE,
034,J,walk17,binary,"see c/d/e/b/f/g/h/b/b/i/j/kwalk10 -> na, see C/D/E/B/F/G/H/B/B/I/J/KWALK09(-2)",-2,"na, see C/D/E/B/F/G/H/B/B/I/J/KWALK09",TRUE,
034,J,walk17,binary,"see c/d/e/b/f/g/h/b/b/i/j/kwalk10 -> na, asked(-1)",-1,"na, asked",TRUE,
034,J,walk17,binary,see c/d/e/b/f/g/h/b/b/i/j/kwalk10 -> not mentioned(0),0,not mentioned,FALSE,
034,J,walk17,binary,see c/d/e/b/f/g/h/b/b/i/j/kwalk10 -> mentioned(1),1,mentioned,FALSE,
034,J,walk17a,binary,"na, wrong skip(-3)",-3,"na, wrong skip",TRUE,
034,J,walk17a,binary,"na, see H/B/B/I/J/KWALK09(-2)",-2,"na, see H/B/B/I/J/KWALK09",TRUE,
034,J,walk17a,binary,"na, asked(-1)",-1,"na, asked",TRUE,
034,J,walk17a,binary,not mentioned(0),0,not mentioned,FALSE,
034,J,walk17a,binary,mentioned(1),1,mentioned,FALSE,
034,J,walk18,binary,"na, wrong skip(-3)",-3,"na, wrong skip",TRUE,
034,J,walk18,binary,"na, see C/D/E/B/F/G/H/B/B/I/J/KWALK09(-2)",-2,"na, see C/D/E/B/F/G/H/B/B/I/J/KWALK09",TRUE,
034,J,walk18,binary,"na, asked(-1)",-1,"na, asked",TRUE,
034,J,walk18,binary,not mentioned(0),0,not mentioned,FALSE,
034,J,walk18,binary,mentioned(1),1,mentioned,FALSE,
034,J,walk19,categorical,"na, wrong skip(-3)",-3,"na, wrong skip",TRUE,
034,J,walk19,categorical,"na, see C/D/E/B/F/G/H/B/B/I/J/KWALK03(-2)",-2,"na, see C/D/E/B/F/G/H/B/B/I/J/KWALK03",TRUE,
034,J,walk19,categorical,"na, asked(-1)",-1,"na, asked",TRUE,
034,J,walk19,categorical,not enough room/time(1),1,not enough room/time,FALSE,
034,J,walk19,categorical,R refused(2),2,R refused,FALSE,
034,J,walk19,categorical,exercise not safe(3),3,exercise not safe,FALSE,
034,J,walk19,categorical,physically not capable(4),4,physically not capable,FALSE,
034,J,walk19,categorical,R did not understand(5),5,R did not understand,FALSE,
034,J,walk19,categorical,other(6),6,other,FALSE,
034,K,cardig1,categorical,"na, technical missing(-7)",-7,"na, technical missing",TRUE,
034,K,cardig1,categorical,"na, test not done(-6)",-6,"na, test not done",TRUE,
034,K,cardig1,categorical,"na, wrong skip(-3)",-3,"na, wrong skip",TRUE,
034,K,cardig1,categorical,"na, see C/D/E/B/F/G/H/B/I/J/KRMPF(-2)",-2,"na, see C/D/E/B/F/G/H/B/I/J/KRMPF",TRUE,
034,K,cardig1,categorical,"na, asked(-1)",-1,"na, asked",TRUE,
034,K,cardig1,categorical,completed without help(1),1,completed without help,FALSE,
034,K,cardig1,categorical,completed with help(2),2,completed with help,FALSE,
034,K,cardig1,categorical,terminated(3),3,terminated,FALSE,
034,K,cardig1,categorical,not done(4),4,not done,FALSE,
034,K,cardig4,numeric,"na, no measurement(-6)",-6,"na, no measurement",TRUE,
034,K,cardig4,numeric,"na, wrong skip(-3)",-3,"na, wrong skip",TRUE,
034,K,cardig4,numeric,"na, see C/D/E/B/F/G/H/B/I/J/KCARDIG1(-2)",-2,"na, see C/D/E/B/F/G/H/B/I/J/KCARDIG1",TRUE,
034,K,cardig4,numeric,no (valid) answer(-1),-1,no (valid) answer,TRUE,
034,K,cardig5,categorical,"na, see C/D/E/B/F/G/H/B/I/J/KCARDIG1(-2)",-2,"na, see C/D/E/B/F/G/H/B/I/J/KCARDIG1",TRUE,
034,K,cardig5,categorical,"na, asked(-1)",-1,"na, asked",TRUE,
034,K,cardig5,categorical,completed without help(1),1,completed without help,FALSE,
034,K,cardig5,categorical,completed with help(2),2,completed with help,FALSE,
034,K,cardig5,categorical,terminated(3),3,terminated,FALSE,
034,K,cardig5,categorical,not done(4),4,not done,FALSE,
034,K,cardig8,numeric,"na, no measurement(-6)",-6,"na, no measurement",TRUE,
034,K,cardig8,numeric,"na, wrong skip(-3)",-3,"na, wrong skip",TRUE,
034,K,cardig8,numeric,"na, see C/D/E/B/F/G/H/B/I/J/KCARDIG5(-2)",-2,"na, see C/D/E/B/F/G/H/B/I/J/KCARDIG5",TRUE,
034,K,cardig8,numeric,no (valid) answer(-1),-1,no (valid) answer,TRUE,
034,K,cardig9,categorical,"na, wrong skip(-3)",-3,"na, wrong skip",TRUE,
034,K,cardig9,categorical,"na, see F/G/H/3B/I/J/KCARDIG1(-2)",-2,"na, see F/G/H/3B/I/J/KCARDIG1",TRUE,
034,K,cardig9,categorical,"na, asked(-1)",-1,"na, asked",TRUE,
034,K,cardig9,categorical,standing(1),1,standing,FALSE,
034,K,cardig9,categorical,sitting(2),2,sitting,FALSE,
034,K,cardig9,categorical,test not done(3),3,test not done,FALSE,
034,K,cardig9,categorical,other way(4),4,other way,FALSE,
034,K,chair1,binary,"na, test not done(-6)",-6,"na, test not done",TRUE,
034,K,chair1,binary,"na, wrong skip(-3)",-3,"na, wrong skip",TRUE,
034,K,chair1,binary,"na, see C/D/E/B/F/G/H/B/B/I/J/KRMPF(-2)",-2,"na, see C/D/E/B/F/G/H/B/B/I/J/KRMPF",TRUE,
034,K,chair1,binary,"na, asked(-1)",-1,"na, asked",TRUE,
034,K,chair1,binary,no(1),1,no,FALSE,
034,K,chair1,binary,yes(2),2,yes,FALSE,
034,K,chair2,binary,"na, wrong skip(-3)",-3,"na, wrong skip",TRUE,
034,K,chair2,binary,"na, see C/D/E/B/F/G/H/B/B/I/J/KCHAIR1(-2)",-2,"na, see C/D/E/B/F/G/H/B/B/I/J/KCHAIR1",TRUE,
034,K,chair2,binary,"na, asked(-1)",-1,"na, asked",TRUE,
034,K,chair2,binary,no(1),1,no,FALSE,
034,K,chair2,binary,yes(2),2,yes,FALSE,
034,K,chair3,categorical,"na, wrong skip(-3)",-3,"na, wrong skip",TRUE,
034,K,chair3,categorical,"na, see C/D/E/B/F/G/H/B/B/I/J/KCHAIR1&2(-2)",-2,"na, see C/D/E/B/F/G/H/B/B/I/J/KCHAIR1&2",TRUE,
034,K,chair3,categorical,"na, asked(-1)",-1,"na, asked",TRUE,
034,K,chair3,categorical,slides forward without using arms(1),1,slides forward without using arms,FALSE,
034,K,chair3,categorical,slides forward using arms(2),2,slides forward using arms,FALSE,
034,K,chair3,categorical,cannot slide forward(3),3,cannot slide forward,FALSE,
034,K,chair3,categorical,not done/terminated(4),4,not done/terminated,FALSE,
034,K,chair4,categorical,"na, wrong skip(-3)",-3,"na, wrong skip",TRUE,
034,K,chair4,categorical,"na, see C/D/E/B/F/G/H/B/B/I/J/KCHAIR1&2(-2)",-2,"na, see C/D/E/B/F/G/H/B/B/I/J/KCHAIR1&2",TRUE,
034,K,chair4,categorical,"na, asked(-1)",-1,"na, asked",TRUE,
034,K,chair4,categorical,succeeded without using arms(1),1,succeeded without using arms,FALSE,
034,K,chair4,categorical,succeeded using arms(2),2,succeeded using arms,FALSE,
034,K,chair4,categorical,cannot(3),3,cannot,FALSE,
034,K,chair4,categorical,not done/terminated(4),4,not done/terminated,FALSE,
034,K,chair5,categorical,"na, test not done(-6)",-6,"na, test not done",TRUE,
034,K,chair5,categorical,"na, wrong skip(-3)",-3,"na, wrong skip",TRUE,
034,K,chair5,categorical,"na, see C/D/E/B/F/G/H/B/B/I/J/KCHAIR4(-2)",-2,"na, see C/D/E/B/F/G/H/B/B/I/J/KCHAIR4",TRUE,
034,K,chair5,categorical,"na, asked(-1)",-1,"na, asked",TRUE,
034,K,chair5,categorical,no: five times completed(1),1,no: five times completed,FALSE,
034,K,chair5,categorical,no: less than five times(2),2,no: less than five times,FALSE,
034,K,chair5,categorical,yes: less than five times(3),3,yes: less than five times,FALSE,
034,K,chair6,numeric,"na, no measurement(-6)",-6,"na, no measurement",TRUE,
034,K,chair6,numeric,"na, wrong skip(-3)",-3,"na, wrong skip",TRUE,
034,K,chair6,numeric,"na, see C/D/E/B/F/G/H/B/B/I/J/KCHAIR5(-2)",-2,"na, see C/D/E/B/F/G/H/B/B/I/J/KCHAIR5",TRUE,
034,K,chair6,numeric,"na, asked(-1)",-1,"na, asked",TRUE,
034,K,chair7,numeric,"see c/d/e/b/f/g/h/b/b/i/j/kchair6 -> na, no measurement(-6)",-6,"na, no measurement",TRUE,
034,K,chair7,numeric,"see c/d/e/b/f/g/h/b/b/i/j/kchair6 -> na, wrong skip(-3)",-3,"na, wrong skip",TRUE,
034,K,chair7,numeric,"see c/d/e/b/f/g/h/b/b/i/j/kchair6 -> na, see C/D/E/B/F/G/H/B/B/I/J/KCHAIR5(-2)",-2,"na, see C/D/E/B/F/G/H/B/B/I/J/KCHAIR5",TRUE,
034,K,chair7,numeric,"see c/d/e/b/f/g/h/b/b/i/j/kchair6 -> na, asked(-1)",-1,"na, asked",TRUE,
034,K,rmpf,categorical,valid data(-2),-2,valid data,TRUE,
034,K,rmpf,categorical,short interview(1),1,short interview,FALSE,
034,K,rmpf,categorical,interview terminated(2),2,interview terminated,FALSE,
034,K,rmpf,categorical,"PF not done, not able(3)",3,"PF not done, not able",FALSE,
034,K,tandem1,categorical,"na, test not done(-6)",-6,"na, test not done",TRUE,
034,K,tandem1,categorical,"na, wrong skip(-3)",-3,"na, wrong skip",TRUE,
034,K,tandem1,categorical,"na, see C/D/E/F/G/H/B/B/I/J/KRMPF(-2)",-2,"na, see C/D/E/F/G/H/B/B/I/J/KRMPF",TRUE,
034,K,tandem1,categorical,"na, asked(-1)",-1,"na, asked",TRUE,
034,K,tandem1,categorical,normal test(1),1,normal test,FALSE,
034,K,tandem1,categorical,not capable(2),2,not capable,FALSE,
034,K,tandem1,categorical,immediately steps out of position (in less than 1 second)(3),3,immediately steps out of position (in less than 1 second),FALSE,
034,K,tandem2,numeric,"na, wrong skip(-3)",-3,"na, wrong skip",TRUE,
034,K,tandem2,numeric,"na, see C/D/E/F/G/H/B/B/I/J/KTANDEM1(-2)",-2,"na, see C/D/E/F/G/H/B/B/I/J/KTANDEM1",TRUE,
034,K,tandem2,numeric,"na, asked(-1)",-1,"na, asked",TRUE,
034,K,tandem3,categorical,"na, wrong skip(-3)",-3,"na, wrong skip",TRUE,
034,K,tandem3,categorical,"na, see J/KTANDEM1(-2)",-2,"na, see J/KTANDEM1",TRUE,
034,K,tandem3,categorical,"na, asked(-1)",-1,"na, asked",TRUE,
034,K,tandem3,categorical,normal test(1),1,normal test,FALSE,
034,K,tandem3,categorical,not capable(2),2,not capable,FALSE,
034,K,tandem3,categorical,immediately steps out of position (in less than 1 second)(3),3,immediately steps out of position (in less than 1 second),FALSE,
034,K,tandem3,categorical,refusal(5),5,refusal,FALSE,
034,K,tandem3,categorical,physical impossible(6),6,physical impossible,FALSE,
034,K,tandem4,numeric,"na, wrong skip(-3)",-3,"na, wrong skip",TRUE,
034,K,tandem4,numeric,"na, see J/KTANDEM3(-2)",-2,"na, see J/KTANDEM3",TRUE,
034,K,tandem4,numeric,"na, asked(-1)",-1,"na, asked",TRUE,
034,K,walk01,categorical,"na, test not done(-6)",-6,"na, test not done",TRUE,
034,K,walk01,categorical,"na, wrong skip(-3)",-3,"na, wrong skip",TRUE,
034,K,walk01,categorical,"na, see C/D/E/B/F/G/H/B/B/I/J/KRMPF(-2)",-2,"na, see C/D/E/B/F/G/H/B/B/I/J/KRMPF",TRUE,
034,K,walk01,categorical,"na, asked(-1)",-1,"na, asked",TRUE,
034,K,walk01,categorical,no restrictions(1),1,no restrictions,FALSE,
034,K,walk01,categorical,in wheelchair(2),2,in wheelchair,FALSE,
034,K,walk01,categorical,recent surgery(3),3,recent surgery,FALSE,
034,K,walk01,categorical,recent accident(4),4,recent accident,FALSE,
034,K,walk01,categorical,other(5),5,other,FALSE,
034,K,walk02,categorical,"na, wrong skip(-3)",-3,"na, wrong skip",TRUE,
034,K,walk02,categorical,"na, see C/D/E/B/F/G/H/B/B/I/J/KWALK01(-2)",-2,"na, see C/D/E/B/F/G/H/B/B/I/J/KWALK01",TRUE,
034,K,walk02,categorical,"na, asked(-1)",-1,"na, asked",TRUE,
034,K,walk02,categorical,respondent already walked(1),1,respondent already walked,FALSE,
034,K,walk02,categorical,can walk (with aid)(2),2,can walk (with aid),FALSE,
034,K,walk02,categorical,can walk with aid not available(3),3,can walk with aid not available,FALSE,
034,K,walk02,categorical,cannot walk(4),4,cannot walk,FALSE,
034,K,walk03,categorical,"na, wrong skip(-3)",-3,"na, wrong skip",TRUE,
034,K,walk03,categorical,"na, see C/D/E/B/F/G/H/B/B/I/J/KWALK01&02(-2)",-2,"na, see C/D/E/B/F/G/H/B/B/I/J/KWALK01&02",TRUE,
034,K,walk03,categorical,"na, asked(-1)",-1,"na, asked",TRUE,
034,K,walk03,categorical,no(1),1,no,FALSE,
034,K,walk03,categorical,yes(2),2,yes,FALSE,
034,K,walk03,categorical,terminated(3),3,terminated,FALSE,
034,K,walk04,numeric,"na, no measurement(-6)",-6,"na, no measurement",TRUE,
034,K,walk04,numeric,"na, see C/D/E/B/F/G/H/B/B/I/J/KWALK03(-2)",-2,"na, see C/D/E/B/F/G/H/B/B/I/J/KWALK03",TRUE,
034,K,walk04,numeric,no (valid) answer(-1),-1,no (valid) answer,TRUE,
034,K,walk06,categorical,"na, wrong skip(-3)",-3,"na, wrong skip",TRUE,
034,K,walk06,categorical,"na, see E/B/F/G/H/B/B/I/JWALK03(-2)",-2,"na, see E/B/F/G/H/B/B/I/JWALK03",TRUE,
034,K,walk06,categorical,"na, asked(-1)",-1,"na, asked",TRUE,
034,K,walk06,categorical,walkingbar(1),1,walkingbar,FALSE,
034,K,walk06,categorical,stick(2),2,stick,FALSE,
034,K,walk06,categorical,rollator(3),3,rollator,FALSE,
034,K,walk06,categorical,leaning on objects/interviewer(4),4,leaning on objects/interviewer,FALSE,
034,K,walk06,categorical,other(5),5,other,FALSE,
034,K,walk06,categorical,none(6),6,none,FALSE,
034,K,walk07,ordinal,"na, wrong skip(-3)",-3,"na, wrong skip",TRUE,
034,K,walk07,ordinal,"na, see I/J/KWALK03(-2)",-2,"na, see I/J/KWALK03",TRUE,
034,K,walk07,ordinal,"na, asked(-1)",-1,"na, asked",TRUE,
034,K,walk07,ordinal,no(1),1,no,FALSE,
034,K,walk09,categorical,"na, wrong skip(-3)",-3,"na, wrong skip",TRUE,
034,K,walk09,categorical,"na, see B/B/I/J/KWALK03(-2)",-2,"na, see B/B/I/J/KWALK03",TRUE,
034,K,walk09,categorical,"na, asked(-1)",-1,"na, asked",TRUE,
034,K,walk09,categorical,no(1),1,no,FALSE,
034,K,walk09,categorical,yes(2),2,yes,FALSE,
034,K,walk10,binary,"na, wrong skip(-3)",-3,"na, wrong skip",TRUE,
034,K,walk10,binary,"na, see C/D/E/B/F/G/H/B/B/I/J/KWALK09(-2)",-2,"na, see C/D/E/B/F/G/H/B/B/I/J/KWALK09",TRUE,
034,K,walk10,binary,"na, asked(-1)",-1,"na, asked",TRUE,
034,K,walk10,binary,not mentioned(0),0,not mentioned,FALSE,
034,K,walk10,binary,mentioned(1),1,mentioned,FALSE,
034,K,walk11,binary,"see c/d/e/b/f/g/h/b/b/i/j/kwalk10 -> na, wrong skip(-3)",-3,"na, wrong skip",TRUE,
034,K,walk11,binary,"see c/d/e/b/f/g/h/b/b/i/j/kwalk10 -> na, see C/D/E/B/F/G/H/B/B/I/J/KWALK09(-2)",-2,"na, see C/D/E/B/F/G/H/B/B/I/J/KWALK09",TRUE,
034,K,walk11,binary,"see c/d/e/b/f/g/h/b/b/i/j/kwalk10 -> na, asked(-1)",-1,"na, asked",TRUE,
034,K,walk11,binary,see c/d/e/b/f/g/h/b/b/i/j/kwalk10 -> not mentioned(0),0,not mentioned,FALSE,
034,K,walk11,binary,see c/d/e/b/f/g/h/b/b/i/j/kwalk10 -> mentioned(1),1,mentioned,FALSE,
034,K,walk12,binary,"see c/d/e/b/f/g/h/b/b/i/j/kwalk10 -> na, wrong skip(-3)",-3,"na, wrong skip",TRUE,
034,K,walk12,binary,"see c/d/e/b/f/g/h/b/b/i/j/kwalk10 -> na, see C/D/E/B/F/G/H/B/B/I/J/KWALK09(-2)",-2,"na, see C/D/E/B/F/G/H/B/B/I/J/KWALK09",TRUE,
034,K,walk12,binary,"see c/d/e/b/f/g/h/b/b/i/j/kwalk10 -> na, asked(-1)",-1,"na, asked",TRUE,
034,K,walk12,binary,see c/d/e/b/f/g/h/b/b/i/j/kwalk10 -> not mentioned(0),0,not mentioned,FALSE,
034,K,walk12,binary,see c/d/e/b/f/g/h/b/b/i/j/kwalk10 -> mentioned(1),1,mentioned,FALSE,
034,K,walk13,binary,"see c/d/e/b/f/g/h/b/b/i/j/kwalk10 -> na, wrong skip(-3)",-3,"na, wrong skip",TRUE,
034,K,walk13,binary,"see c/d/e/b/f/g/h/b/b/i/j/kwalk10 -> na, see C/D/E/B/F/G/H/B/B/I/J/KWALK09(-2)",-2,"na, see C/D/E/B/F/G/H/B/B/I/J/KWALK09",TRUE,
034,K,walk13,binary,"see c/d/e/b/f/g/h/b/b/i/j/kwalk10 -> na, asked(-1)",-1,"na, asked",TRUE,
034,K,walk13,binary,see c/d/e/b/f/g/h/b/b/i/j/kwalk10 -> not mentioned(0),0,not mentioned,FALSE,
034,K,walk13,binary,see c/d/e/b/f/g/h/b/b/i/j/kwalk10 -> mentioned(1),1,mentioned,FALSE,
034,K,walk14,binary,"see c/d/e/b/f/g/h/b/b/i/j/kwalk10 -> na, wrong skip(-3)",-3,"na, wrong skip",TRUE,
034,K,walk14,binary,"see c/d/e/b/f/g/h/b/b/i/j/kwalk10 -> na, see C/D/E/B/F/G/H/B/B/I/J/KWALK09(-2)",-2,"na, see C/D/E/B/F/G/H/B/B/I/J/KWALK09",TRUE,
034,K,walk14,binary,"see c/d/e/b/f/g/h/b/b/i/j/kwalk10 -> na, asked(-1)",-1,"na, asked",TRUE,
034,K,walk14,binary,see c/d/e/b/f/g/h/b/b/i/j/kwalk10 -> not mentioned(0),0,not mentioned,FALSE,
034,K,walk14,binary,see c/d/e/b/f/g/h/b/b/i/j/kwalk10 -> mentioned(1),1,mentioned,FALSE,
034,K,walk15,binary,"see c/d/e/b/f/g/h/b/b/i/j/kwalk10 -> na, wrong skip(-3)",-3,"na, wrong skip",TRUE,
034,K,walk15,binary,"see c/d/e/b/f/g/h/b/b/i/j/kwalk10 -> na, see C/D/E/B/F/G/H/B/B/I/J/KWALK09(-2)",-2,"na, see C/D/E/B/F/G/H/B/B/I/J/KWALK09",TRUE,
034,K,walk15,binary,"see c/d/e/b/f/g/h/b/b/i/j/kwalk10 -> na, asked(-1)",-1,"na, asked",TRUE,
034,K,walk15,binary,see c/d/e/b/f/g/h/b/b/i/j/kwalk10 -> not mentioned(0),0,not mentioned,FALSE,
034,K,walk15,binary,see c/d/e/b/f/g/h/b/b/i/j/kwalk10 -> mentioned(1),1,mentioned,FALSE,
034,K,walk16,binary,"see c/d/e/b/f/g/h/b/b/i/j/kwalk10 -> na, wrong skip(-3)",-3,"na, wrong skip",TRUE,
034,K,walk16,binary,"see c/d/e/b/f/g/h/b/b/i/j/kwalk10 -> na, see C/D/E/B/F/G/H/B/B/I/J/KWALK09(-2)",-2,"na, see C/D/E/B/F/G/H/B/B/I/J/KWALK09",TRUE,
034,K,walk16,binary,"see c/d/e/b/f/g/h/b/b/i/j/kwalk10 -> na, asked(-1)",-1,"na, asked",TRUE,
034,K,walk16,binary,see c/d/e/b/f/g/h/b/b/i/j/kwalk10 -> not mentioned(0),0,not mentioned,FALSE,
034,K,walk16,binary,see c/d/e/b/f/g/h/b/b/i/j/kwalk10 -> mentioned(1),1,mentioned,FALSE,
034,K,walk17,binary,"see c/d/e/b/f/g/h/b/b/i/j/kwalk10 -> na, wrong skip(-3)",-3,"na, wrong skip",TRUE,
034,K,walk17,binary,"see c/d/e/b/f/g/h/b/b/i/j/kwalk10 -> na, see C/D/E/B/F/G/H/B/B/I/J/KWALK09(-2)",-2,"na, see C/D/E/B/F/G/H/B/B/I/J/KWALK09",TRUE,
034,K,walk17,binary,"see c/d/e/b/f/g/h/b/b/i/j/kwalk10 -> na, asked(-1)",-1,"na, asked",TRUE,
034,K,walk17,binary,see c/d/e/b/f/g/h/b/b/i/j/kwalk10 -> not mentioned(0),0,not mentioned,FALSE,
034,K,walk17,binary,see c/d/e/b/f/g/h/b/b/i/j/kwalk10 -> mentioned(1),1,mentioned,FALSE,
034,K,walk17a,binary,"na, wrong skip(-3)",-3,"na, wrong skip",TRUE,
034,K,walk17a,binary,"na, see H/B/B/I/J/KWALK09(-2)",-2,"na, see H/B/B/I/J/KWALK09",TRUE,
034,K,walk17a,binary,"na, asked(-1)",-1,"na, asked",TRUE,
034,K,walk17a,binary,not mentioned(0),0,not mentioned,FALSE,
034,K,walk17a,binary,mentioned(1),1,mentioned,FALSE,
034,K,walk18,binary,"na, wrong skip(-3)",-3,"na, wrong skip",TRUE,
034,K,walk18,binary,"na, see C/D/E/B/F/G/H/B/B/I/J/KWALK09(-2)",-2,"na, see C/D/E/B/F/G/H/B/B/I/J/KWALK09",TRUE,
034,K,walk18,binary,"na, asked(-1)",-1,"na, asked",TRUE,
034,K,walk18,binary,not mentioned(0),0,not mentioned,FALSE,
034,K,walk18,binary,mentioned(1),1,mentioned,FALSE,
034,K,walk19,categorical,"na, wrong skip(-3)",-3,"na, wrong skip",TRUE,
034,K,walk19,categorical,"na, see C/D/E/B/F/G/H/B/B/I/J/KWALK03(-2)",-2,"na, see C/D/E/B/F/G/H/B/B/I/J/KWALK03",TRUE,
034,K,walk19,categorical,"na, asked(-1)",-1,"na, asked",TRUE,
034,K,walk19,categorical,not enough room/time(1),1,not enough room/time,FALSE,
034,K,walk19,categorical,R refused(2),2,R refused,FALSE,
034,K,walk19,categorical,exercise not safe(3),3,exercise not safe,FALSE,
034,K,walk19,categorical,physically not capable(4),4,physically not capable,FALSE,
034,K,walk19,categorical,R did not understand(5),5,R did not understand,FALSE,
034,K,walk19,categorical,other(6),6,other,FALSE,
034,Z,button1,categorical,-2,-2,"not available, routing",TRUE,
034,Z,button1,categorical,-1,-1,"not available, asked",TRUE,
034,Z,button1,categorical,1,1,completed without help,FALSE,
034,Z,button1,categorical,2,2,completed with help,FALSE,
034,Z,button1,categorical,3,3,terminated,FALSE,
034,Z,button1,categorical,4,4,not done,FALSE,
034,Z,button2,categorical,-3,-3,"not available, wrong skip",TRUE,
034,Z,button2,categorical,-2,-2,"not available, routing",TRUE,
034,Z,button2,categorical,-1,-1,"not available, asked",TRUE,
034,Z,button2,categorical,1,1,completed without help,FALSE,
034,Z,button2,categorical,2,2,completed with help,FALSE,
034,Z,button2,categorical,3,3,terminated,FALSE,
034,Z,button2,categorical,4,4,not done,FALSE,
034,Z,button2,categorical,5,5,wrong buttonhole,FALSE,
034,Z,button3,numeric,-6,-6,"not available, no measurement",TRUE,
034,Z,button3,numeric,-3,-3,"not available, wrong skip",TRUE,
034,Z,button3,numeric,-2,-2,"not available, routing",TRUE,
034,Z,button3,numeric,-1,-1,"not available, asked",TRUE,
034,Z,cardig1,categorical,-7,-7,"not available, technical reason",TRUE,
034,Z,cardig1,categorical,-6,-6,"not available, test not done",TRUE,
034,Z,cardig1,categorical,-3,-3,"not available, wrong skip",TRUE,
034,Z,cardig1,categorical,-2,-2,"not available, routing",TRUE,
034,Z,cardig1,categorical,-1,-1,"not available, asked",TRUE,
034,Z,cardig1,categorical,1,1,completed without help,FALSE,
034,Z,cardig1,categorical,2,2,completed with help,FALSE,
034,Z,cardig1,categorical,3,3,terminated,FALSE,
034,Z,cardig1,categorical,4,4,not done,FALSE,
034,Z,cardig2,categorical,-3,-3,"not available, wrong skip",TRUE,
034,Z,cardig2,categorical,-2,-2,"not available, routing",TRUE,
034,Z,cardig2,categorical,-1,-1,"not available, asked",TRUE,
034,Z,cardig2,categorical,1,1,completed without help,FALSE,
034,Z,cardig2,categorical,2,2,completed with help,FALSE,
034,Z,cardig2,categorical,3,3,terminated,FALSE,
034,Z,cardig2,categorical,4,4,not done,FALSE,
034,Z,cardig3,categorical,-3,-3,"not available, wrong skip",TRUE,
034,Z,cardig3,categorical,-2,-2,"not available, routing",TRUE,
034,Z,cardig3,categorical,-1,-1,"not available, asked",TRUE,
034,Z,cardig3,categorical,1,1,completed without help,FALSE,
034,Z,cardig3,categorical,2,2,completed with help,FALSE,
034,Z,cardig3,categorical,3,3,terminated,FALSE,
034,Z,cardig3,categorical,4,4,not done,FALSE,
034,Z,cardig4,numeric,-6,-6,"not available, no measurement",TRUE,
034,Z,cardig4,numeric,-3,-3,"not available, wrong skip",TRUE,
034,Z,cardig4,numeric,-2,-2,"not available, routing",TRUE,
034,Z,cardig4,numeric,-1,-1,not available,TRUE,"Cross-wave coding conflict: -1 differs for B (not available, asked), C/D/E/2B/F/G/H/3B/I/J/K (not available, no valid answer)"
034,Z,cardig5,categorical,-2,-2,"not available, routing",TRUE,
034,Z,cardig5,categorical,-1,-1,"not available, asked",TRUE,
034,Z,cardig5,categorical,1,1,completed without help,FALSE,
034,Z,cardig5,categorical,2,2,completed with help,FALSE,
034,Z,cardig5,categorical,3,3,terminated,FALSE,
034,Z,cardig5,categorical,4,4,not done,FALSE,
034,Z,cardig6,categorical,-2,-2,"not available, routing",TRUE,
034,Z,cardig6,categorical,-1,-1,"not available, asked",TRUE,
034,Z,cardig6,categorical,1,1,completed without help,FALSE,
034,Z,cardig6,categorical,2,2,completed with help,FALSE,
034,Z,cardig6,categorical,3,3,terminated,FALSE,
034,Z,cardig6,categorical,4,4,not done,FALSE,
034,Z,cardig7,categorical,-3,-3,"not available, wrong skip",TRUE,
034,Z,cardig7,categorical,-2,-2,"not available, routing",TRUE,
034,Z,cardig7,categorical,-1,-1,"not available, asked",TRUE,
034,Z,cardig7,categorical,1,1,completed without help,FALSE,
034,Z,cardig7,categorical,2,2,completed with help,FALSE,
034,Z,cardig7,categorical,3,3,terminated,FALSE,
034,Z,cardig7,categorical,4,4,not done,FALSE,
034,Z,cardig8,numeric,-6,-6,"not available, no measurement",TRUE,
034,Z,cardig8,numeric,-3,-3,"not available, wrong skip",TRUE,
034,Z,cardig8,numeric,-2,-2,"not available, routing",TRUE,
034,Z,cardig8,numeric,-1,-1,not available,TRUE,"Cross-wave coding conflict: -1 differs for B (not available, asked), C/D/E/2B/F/G/H/3B/I/J/K (not available, no valid answer)"
034,Z,cardig9,categorical,-3,-3,"not available, wrong skip",TRUE,
034,Z,cardig9,categorical,-2,-2,"not available, routing",TRUE,
034,Z,cardig9,categorical,-1,-1,"not available, asked",TRUE,
034,Z,cardig9,categorical,1,1,standing,FALSE,
034,Z,cardig9,categorical,2,2,sitting,FALSE,
034,Z,cardig9,categorical,3,3,coding category 3,FALSE,"Cross-wave coding conflict: 3 differs for D/E/2B (otherway), F/G/H/3B/I/J/K (test not done)"
034,Z,cardig9,categorical,4,4,other way,FALSE,
034,Z,chair1,binary,-6,-6,"not available, test not done",TRUE,
034,Z,chair1,binary,-3,-3,"not available, wrong skip",TRUE,
034,Z,chair1,binary,-2,-2,"not available, routing",TRUE,
034,Z,chair1,binary,-1,-1,"not available, asked",TRUE,
034,Z,chair1,binary,1,1,no,FALSE,
034,Z,chair1,binary,2,2,yes,FALSE,
034,Z,chair10,ordinal,-6,-6,"not available, wrong skip",TRUE,
034,Z,chair10,ordinal,-2,-2,"not available, routing",TRUE,
034,Z,chair10,ordinal,-1,-1,"not available, asked",TRUE,
034,Z,chair10,ordinal,0,0,no hurt,FALSE,
034,Z,chair10,ordinal,2,2,hurts a little bit,FALSE,
034,Z,chair10,ordinal,4,4,hurts a little more,FALSE,
034,Z,chair10,ordinal,6,6,hurts even more,FALSE,
034,Z,chair10,ordinal,8,8,hurts a whole lot,FALSE,
034,Z,chair10,ordinal,10,10,hurts worst,FALSE,
034,Z,chair2,binary,-3,-3,"not available, wrong skip",TRUE,
034,Z,chair2,binary,-2,-2,"not available, routing",TRUE,
034,Z,chair2,binary,-1,-1,"not available, asked",TRUE,
034,Z,chair2,binary,1,1,no,FALSE,
034,Z,chair2,binary,2,2,yes,FALSE,
034,Z,chair3,categorical,-3,-3,"not available, wrong skip",TRUE,
034,Z,chair3,categorical,-2,-2,"not available, routing",TRUE,
034,Z,chair3,categorical,-1,-1,"not available, asked",TRUE,
034,Z,chair3,categorical,1,1,slides forward without using arms,FALSE,
034,Z,chair3,categorical,2,2,slides forward using arms,FALSE,
034,Z,chair3,categorical,3,3,cannot slide forward,FALSE,
034,Z,chair3,categorical,4,4,not done/terminated,FALSE,
034,Z,chair4,categorical,-3,-3,"not available, wrong skip",TRUE,
034,Z,chair4,categorical,-2,-2,"not available, routing",TRUE,
034,Z,chair4,categorical,-1,-1,"not available, asked",TRUE,
034,Z,chair4,categorical,1,1,succeeded without using arms,FALSE,
034,Z,chair4,categorical,2,2,succeeded using arms,FALSE,
034,Z,chair4,categorical,3,3,cannot,FALSE,
034,Z,chair4,categorical,4,4,not done/terminated,FALSE,
034,Z,chair5,categorical,-6,-6,"not available, test not done",TRUE,
034,Z,chair5,categorical,-3,-3,"not available, wrong skip",TRUE,
034,Z,chair5,categorical,-2,-2,"not available, routing",TRUE,
034,Z,chair5,categorical,-1,-1,"not available, asked",TRUE,
034,Z,chair5,categorical,1,1,no: five times completed,FALSE,
034,Z,chair5,categorical,2,2,no: less than five times,FALSE,
034,Z,chair5,categorical,3,3,yes: less than five times,FALSE,
034,Z,chair6,numeric,-6,-6,"not available, no measurement",TRUE,
034,Z,chair6,numeric,-3,-3,"not available, wrong skip",TRUE,
034,Z,chair6,numeric,-2,-2,"not available, routing",TRUE,
034,Z,chair6,numeric,-1,-1,"not available, asked",TRUE,
034,Z,chair7,numeric,-6,-6,"not available, no measurement",TRUE,
034,Z,chair7,numeric,-3,-3,"not available, wrong skip",TRUE,
034,Z,chair7,numeric,-2,-2,"not available, routing",TRUE,
034,Z,chair7,numeric,-1,-1,"not available, asked",TRUE,
034,Z,chair8,numeric,-6,-6,"not available, no measurement",TRUE,
034,Z,chair8,numeric,-3,-3,"not available, wrong skip",TRUE,
034,Z,chair8,numeric,-2,-2,"not available, routing",TRUE,
034,Z,chair8,numeric,-1,-1,"not available, asked",TRUE,
034,Z,chair9,binary,-3,-3,"not available, wrong skip",TRUE,
034,Z,chair9,binary,-2,-2,"not available, routing",TRUE,
034,Z,chair9,binary,-1,-1,"not available, asked",TRUE,
034,Z,chair9,binary,1,1,no,FALSE,
034,Z,chair9,binary,2,2,yes,FALSE,
034,Z,rmpf,categorical,-2,-2,valid data,TRUE,
034,Z,rmpf,categorical,1,1,short interview,FALSE,
034,Z,rmpf,categorical,2,2,interview terminated,FALSE,
034,Z,rmpf,categorical,3,3,"PF not done, not able",FALSE,
034,Z,tandem1,categorical,-6,-6,"not available, test not done",TRUE,
034,Z,tandem1,categorical,-3,-3,"not available, wrong skip",TRUE,
034,Z,tandem1,categorical,-2,-2,"not available, routing",TRUE,
034,Z,tandem1,categorical,-1,-1,"not available, asked",TRUE,
034,Z,tandem1,categorical,1,1,normal test,FALSE,
034,Z,tandem1,categorical,2,2,not capable,FALSE,
034,Z,tandem1,categorical,3,3,coding category 3,FALSE,"Cross-wave coding conflict: 3 differs for C/D/E/F/G/H/3B/MB/I (falls almost direct), J/K (immediately steps out of position (in less than 1 second))"
034,Z,tandem1,categorical,4,4,stops within 3 sec.,FALSE,
034,Z,tandem1,categorical,5,5,refusal,FALSE,
034,Z,tandem1,categorical,6,6,physical impossible,FALSE,
034,Z,tandem2,numeric,-3,-3,"not available, wrong skip",TRUE,
034,Z,tandem2,numeric,-2,-2,"not available, routing",TRUE,
034,Z,tandem2,numeric,-1,-1,"not available, asked",TRUE,
034,Z,tandem3,categorical,-3,-3,"not available, wrong skip",TRUE,
034,Z,tandem3,categorical,-2,-2,"not available, routing",TRUE,
034,Z,tandem3,categorical,-1,-1,"not available, asked",TRUE,
034,Z,tandem3,categorical,1,1,normal test,FALSE,
034,Z,tandem3,categorical,2,2,not capable,FALSE,
034,Z,tandem3,categorical,3,3,immediately steps out of position (in less than 1 second),FALSE,
034,Z,tandem3,categorical,5,5,refusal,FALSE,
034,Z,tandem3,categorical,6,6,physical impossible,FALSE,
034,Z,tandem4,numeric,-3,-3,"not available, wrong skip",TRUE,
034,Z,tandem4,numeric,-2,-2,"not available, routing",TRUE,
034,Z,tandem4,numeric,-1,-1,"not available, asked",TRUE,
034,Z,walk01,categorical,-6,-6,"not available, test not done",TRUE,
034,Z,walk01,categorical,-3,-3,"not available, wrong skip",TRUE,
034,Z,walk01,categorical,-2,-2,"not available, routing",TRUE,
034,Z,walk01,categorical,-1,-1,"not available, asked",TRUE,
034,Z,walk01,categorical,1,1,no restrictions,FALSE,
034,Z,walk01,categorical,2,2,in wheelchair,FALSE,
034,Z,walk01,categorical,3,3,recent surgery,FALSE,
034,Z,walk01,categorical,4,4,recent accident,FALSE,
034,Z,walk01,categorical,5,5,other,FALSE,
034,Z,walk02,categorical,-3,-3,"not available, wrong skip",TRUE,
034,Z,walk02,categorical,-2,-2,"not available, routing",TRUE,
034,Z,walk02,categorical,-1,-1,"not available, asked",TRUE,
034,Z,walk02,categorical,1,1,respondent already walked,FALSE,
034,Z,walk02,categorical,2,2,can walk (with aid),FALSE,
034,Z,walk02,categorical,3,3,can walk with aid not available,FALSE,
034,Z,walk02,categorical,4,4,cannot walk,FALSE,
034,Z,walk03,categorical,-3,-3,"not available, wrong skip",TRUE,
034,Z,walk03,categorical,-2,-2,"not available, routing",TRUE,
034,Z,walk03,categorical,-1,-1,"not available, asked",TRUE,
034,Z,walk03,categorical,1,1,no,FALSE,
034,Z,walk03,categorical,2,2,yes,FALSE,
034,Z,walk03,categorical,3,3,terminated,FALSE,
034,Z,walk04,numeric,-6,-6,"not available, no measurement",TRUE,
034,Z,walk04,numeric,-3,-3,"not available, wrong skip",TRUE,
034,Z,walk04,numeric,-2,-2,"not available, routing",TRUE,
034,Z,walk04,numeric,-1,-1,not available,TRUE,"Cross-wave coding conflict: -1 differs for B (not available, asked), C/D/E/2B/F/G/H/3B/MB/I/J/K (not available, no valid answer)"
034,Z,walk04a,numeric,-6,-6,"not available, no measurement",TRUE,
034,Z,walk04a,numeric,-3,-3,"not available, born after 1940",TRUE,
034,Z,walk04a,numeric,-2,-2,"not available, routing",TRUE,
034,Z,walk04a,numeric,-1,-1,"not available, no valid answer",TRUE,
034,Z,walk05,numeric,-6,-6,"not available, no measurement",TRUE,
034,Z,walk05,numeric,-3,-3,"not available, wrong skip",TRUE,
034,Z,walk05,numeric,-2,-2,"not available, routing",TRUE,
034,Z,walk05,numeric,-1,-1,not available,TRUE,"Cross-wave coding conflict: -1 differs for B (not available, asked), C/D/E/2B/F/G (not available, no valid answer)"
034,Z,walk06,categorical,-3,-3,"not available, wrong skip",TRUE,
034,Z,walk06,categorical,-2,-2,"not available, routing",TRUE,
034,Z,walk06,categorical,-1,-1,"not available, asked",TRUE,
034,Z,walk06,categorical,1,1,walkingbar,FALSE,
034,Z,walk06,categorical,2,2,stick,FALSE,
034,Z,walk06,categorical,3,3,coding category 3,FALSE,"Cross-wave coding conflict: 3 differs for B/C (other), D/E/2B/F/G/H/3B/MB/I/J/K (rollator)"
034,Z,walk06,categorical,4,4,coding category 4,FALSE,"Cross-wave coding conflict: 4 differs for B/C (none), D (other), E/2B/F/G/H/3B/MB/I/J/K (leaning on objects/interviewer)"
034,Z,walk06,categorical,5,5,coding category 5,FALSE,"Cross-wave coding conflict: 5 differs for D (none), E/2B/F/G/H/3B/MB/I/J/K (other)"
034,Z,walk06,categorical,6,6,none,FALSE,
034,Z,walk07,ordinal,-6,-6,"not available, wrong skip",TRUE,
034,Z,walk07,ordinal,-3,-3,"not available, wrong skip",TRUE,
034,Z,walk07,ordinal,-2,-2,"not available, routing",TRUE,
034,Z,walk07,ordinal,-1,-1,"not available, asked",TRUE,
034,Z,walk07,ordinal,0,0,no hurt,FALSE,
034,Z,walk07,ordinal,1,1,no,FALSE,
034,Z,walk07,ordinal,2,2,performance category 2,FALSE,"Cross-wave coding conflict: 2 differs for B/C/D/E/2B/F/G/H (yes), 3B/MB (hurts a little bit)"
034,Z,walk07,ordinal,4,4,hurts a little more,FALSE,
034,Z,walk07,ordinal,6,6,hurts even more,FALSE,
034,Z,walk07,ordinal,8,8,hurts a whole lot,FALSE,
034,Z,walk07,ordinal,10,10,hurts worst,FALSE,
034,Z,walk08,categorical,-3,-3,"not available, wrong skip",TRUE,
034,Z,walk08,categorical,-2,-2,"not available, routing",TRUE,
034,Z,walk08,categorical,-1,-1,"not available, asked",TRUE,
034,Z,walk08,categorical,1,1,parquet/tiles,FALSE,
034,Z,walk08,categorical,2,2,low carpet,FALSE,
034,Z,walk08,categorical,3,3,high carpet,FALSE,
034,Z,walk08,categorical,4,4,not done/terminated,FALSE,
034,Z,walk09,categorical,-3,-3,"not available, wrong skip",TRUE,
034,Z,walk09,categorical,-2,-2,"not available, routing",TRUE,
034,Z,walk09,categorical,-1,-1,"not available, asked",TRUE,
034,Z,walk09,categorical,0,0,no,FALSE,
034,Z,walk09,categorical,1,1,coding category 1,FALSE,"Cross-wave coding conflict: 1 differs for B/C/D/E/2B/F/G (yes), 3B/MB/I/J/K (no)"
034,Z,walk09,categorical,2,2,yes,FALSE,
034,Z,walk09,categorical,,,,,"Source gap: LASA034 lists HWALK09 in the grouped variable name, but the wave-specific value definitions document C/D/E/2B/F/G and 3B/MB/I/J/K, omitting H."
034,Z,walk10,binary,-3,-3,"not available, wrong skip",TRUE,
034,Z,walk10,binary,-2,-2,"not available, routing",TRUE,
034,Z,walk10,binary,-1,-1,"not available, asked",TRUE,
034,Z,walk10,binary,0,0,not mentioned,FALSE,
034,Z,walk10,binary,1,1,mentioned,FALSE,
034,Z,walk11,binary,-3,-3,"not available, wrong skip",TRUE,
034,Z,walk11,binary,-2,-2,"not available, routing",TRUE,
034,Z,walk11,binary,-1,-1,"not available, asked",TRUE,
034,Z,walk11,binary,0,0,not mentioned,FALSE,
034,Z,walk11,binary,1,1,mentioned,FALSE,
034,Z,walk12,binary,-3,-3,"not available, wrong skip",TRUE,
034,Z,walk12,binary,-2,-2,"not available, routing",TRUE,
034,Z,walk12,binary,-1,-1,"not available, asked",TRUE,
034,Z,walk12,binary,0,0,not mentioned,FALSE,
034,Z,walk12,binary,1,1,mentioned,FALSE,
034,Z,walk13,binary,-3,-3,"not available, wrong skip",TRUE,
034,Z,walk13,binary,-2,-2,"not available, routing",TRUE,
034,Z,walk13,binary,-1,-1,"not available, asked",TRUE,
034,Z,walk13,binary,0,0,not mentioned,FALSE,
034,Z,walk13,binary,1,1,mentioned,FALSE,
034,Z,walk14,binary,-3,-3,"not available, wrong skip",TRUE,
034,Z,walk14,binary,-2,-2,"not available, routing",TRUE,
034,Z,walk14,binary,-1,-1,"not available, asked",TRUE,
034,Z,walk14,binary,0,0,not mentioned,FALSE,
034,Z,walk14,binary,1,1,mentioned,FALSE,
034,Z,walk15,binary,-3,-3,"not available, wrong skip",TRUE,
034,Z,walk15,binary,-2,-2,"not available, routing",TRUE,
034,Z,walk15,binary,-1,-1,"not available, asked",TRUE,
034,Z,walk15,binary,0,0,not mentioned,FALSE,
034,Z,walk15,binary,1,1,mentioned,FALSE,
034,Z,walk16,binary,-3,-3,"not available, wrong skip",TRUE,
034,Z,walk16,binary,-2,-2,"not available, routing",TRUE,
034,Z,walk16,binary,-1,-1,"not available, asked",TRUE,
034,Z,walk16,binary,0,0,not mentioned,FALSE,
034,Z,walk16,binary,1,1,mentioned,FALSE,
034,Z,walk17,binary,-3,-3,"not available, wrong skip",TRUE,
034,Z,walk17,binary,-2,-2,"not available, routing",TRUE,
034,Z,walk17,binary,-1,-1,"not available, asked",TRUE,
034,Z,walk17,binary,0,0,not mentioned,FALSE,
034,Z,walk17,binary,1,1,mentioned,FALSE,
034,Z,walk17a,binary,-3,-3,"not available, wrong skip",TRUE,
034,Z,walk17a,binary,-2,-2,"not available, routing",TRUE,
034,Z,walk17a,binary,-1,-1,"not available, asked",TRUE,
034,Z,walk17a,binary,0,0,not mentioned,FALSE,
034,Z,walk17a,binary,1,1,mentioned,FALSE,
034,Z,walk18,binary,-3,-3,"not available, wrong skip",TRUE,
034,Z,walk18,binary,-2,-2,"not available, routing",TRUE,
034,Z,walk18,binary,-1,-1,"not available, asked",TRUE,
034,Z,walk18,binary,0,0,not mentioned,FALSE,
034,Z,walk18,binary,1,1,mentioned,FALSE,
034,Z,walk19,categorical,-3,-3,"not available, wrong skip",TRUE,
034,Z,walk19,categorical,-2,-2,"not available, routing",TRUE,
034,Z,walk19,categorical,-1,-1,"not available, asked",TRUE,
034,Z,walk19,categorical,1,1,not enough room/time,FALSE,
034,Z,walk19,categorical,2,2,respondent refused,FALSE,
034,Z,walk19,categorical,3,3,exercise not safe,FALSE,
034,Z,walk19,categorical,4,4,physically not capable,FALSE,
034,Z,walk19,categorical,5,5,respondent did not understand,FALSE,
034,Z,walk19,categorical,6,6,other,FALSE,
