filecode,wave,canonical_name,variable_type,value_raw,value_numeric,value_label,is_missing,conflicts
602,C,tpsubh1,ordinal,"asked, no answer(-1)",-1,"asked, no answer",TRUE,
602,C,tpsubh1,ordinal,excellent(1),1,excellent,FALSE,
602,C,tpsubh1,ordinal,good(2),2,good,FALSE,
602,C,tpsubh1,ordinal,fair(3),3,fair,FALSE,
602,C,tpsubh1,ordinal,sometimes good/bad(4),4,sometimes good/bad,FALSE,
602,C,tpsubh1,ordinal,poor(5),5,poor,FALSE,
602,C,tpcara1,binary,"asked, no answer(-1)",-1,"asked, no answer",TRUE,
602,C,tpcara1,binary,no(0),0,no,FALSE,
602,C,tpcara1,binary,yes(1),1,yes,FALSE,
602,C,tphart1,binary,"asked, no answer(-1)",-1,"asked, no answer",TRUE,
602,C,tphart1,binary,no(0),0,no,FALSE,
602,C,tphart1,binary,yes(1),1,yes,FALSE,
602,C,tpartv1,binary,"asked, no answer(-1)",-1,"asked, no answer",TRUE,
602,C,tpartv1,binary,no(0),0,no,FALSE,
602,C,tpartv1,binary,yes(1),1,yes,FALSE,
602,C,tpdiab1,binary,"asked, no answer(-1)",-1,"asked, no answer",TRUE,
602,C,tpdiab1,binary,no(0),0,no,FALSE,
602,C,tpdiab1,binary,yes(1),1,yes,FALSE,
602,C,tpcva01,binary,"asked, no answer(-1)",-1,"asked, no answer",TRUE,
602,C,tpcva01,binary,no(0),0,no,FALSE,
602,C,tpcva01,binary,yes(1),1,yes,FALSE,
602,C,tprheu1,binary,"asked, no answer(-1)",-1,"asked, no answer",TRUE,
602,C,tprheu1,binary,no(0),0,no,FALSE,
602,C,tprheu1,binary,yes(1),1,yes,FALSE,
602,C,tprheu2,binary,"asked, no answer(-1)",-1,"asked, no answer",TRUE,
602,C,tprheu2,binary,no(0),0,no,FALSE,
602,C,tprheu2,binary,yes(1),1,yes,FALSE,
602,C,tpcanc1,binary,"asked, no answer(-1)",-1,"asked, no answer",TRUE,
602,C,tpcanc1,binary,no(0),0,no,FALSE,
602,C,tpcanc1,binary,yes(1),1,yes,FALSE,
602,C,tphbd1,binary,"asked, no answer(-1)",-1,"asked, no answer",TRUE,
602,C,tphbd1,binary,no(0),0,no,FALSE,
602,C,tphbd1,binary,yes(1),1,yes,FALSE,
602,C,tpothnr,numeric,"asked, no answer(-1)",-1,"asked, no answer",TRUE,
602,C,tpoths1,categorical,no other disease mentioned(-2),-2,no other disease mentioned,TRUE,
602,C,tpoths1,categorical,no more other diseases mentioned(0),0,no more other diseases mentioned,FALSE,
602,C,tpoths1,categorical,Ulcer stomach or duodenum(2),2,Ulcer stomach or duodenum,FALSE,
602,C,tpoths1,categorical,Serious intestinal disease(3),3,Serious intestinal disease,FALSE,
602,C,tpoths1,categorical,Gall-stones/gall-bladder disease(4),4,Gall-stones/gall-bladder disease,FALSE,
602,C,tpoths1,categorical,Liver disease or cirrhosis(5),5,Liver disease or cirrhosis,FALSE,
602,C,tpoths1,categorical,Inguinal hernia(6),6,Inguinal hernia,FALSE,
602,C,tpoths1,categorical,Kidney stone(7),7,Kidney stone,FALSE,
602,C,tpoths1,categorical,Kidney disease-serious(8),8,Kidney disease-serious,FALSE,
602,C,tpoths1,categorical,Chronic cystitis(9),9,Chronic cystitis,FALSE,
602,C,tpoths1,categorical,Prostate complaints (males)(10),10,Prostate complaints (males),FALSE,
602,C,tpoths1,categorical,Prolapse (females)(11),11,Prolapse (females),FALSE,
602,C,tpoths1,categorical,Thyroid disease(12),12,Thyroid disease,FALSE,
602,C,tpoths1,categorical,"Back problems, hernia(13)",13,"Back problems, hernia",FALSE,
602,C,tpoths1,categorical,Epilepsy(14),14,Epilepsy,FALSE,
602,C,tpoths1,categorical,Dizziness with falling(15),15,Dizziness with falling,FALSE,
602,C,tpoths1,categorical,Migraine(16),16,Migraine,FALSE,
602,C,tpoths1,categorical,Serious skin disease(17),17,Serious skin disease,FALSE,
602,C,tpoths1,categorical,Decubitus-ulcer(18),18,Decubitus-ulcer,FALSE,
602,C,tpoths1,categorical,Allergy/hay-fever(19),19,Allergy/hay-fever,FALSE,
602,C,tpoths1,categorical,Serious consequences accident(20),20,Serious consequences accident,FALSE,
602,C,tpoths1,categorical,Other serious consequences/burns(21),21,Other serious consequences/burns,FALSE,
602,C,tpoths1,categorical,Consequences surgery/operations(22),22,Consequences surgery/operations,FALSE,
602,C,tpoths1,categorical,Disease of nervous system(23),23,Disease of nervous system,FALSE,
602,C,tpoths1,categorical,"Mental problems, incl. depression(24)",24,"Mental problems, incl. depression",FALSE,
602,C,tpoths1,categorical,Eye diseases(25),25,Eye diseases,FALSE,
602,C,tpoths1,categorical,Ear diseases/hearing problems(26),26,Ear diseases/hearing problems,FALSE,
602,C,tpoths1,categorical,Venous insufficiency/varicose veins(27),27,Venous insufficiency/varicose veins,FALSE,
602,C,tpoths1,categorical,Anaemia(28),28,Anaemia,FALSE,
602,C,tpoths1,categorical,Chronic headaches (no migraine)(29),29,Chronic headaches (no migraine),FALSE,
602,C,tpoths1,categorical,Chronic neck-problems(30),30,Chronic neck-problems,FALSE,
602,C,tpoths1,categorical,Dizziness without falling(31),31,Dizziness without falling,FALSE,
602,C,tpoths1,categorical,Congenital disorders(32),32,Congenital disorders,FALSE,
602,C,tpoths1,categorical,Hypercholesterolaemia(33),33,Hypercholesterolaemia,FALSE,
602,C,tpoths1,categorical,Gout(34),34,Gout,FALSE,
602,C,tpoths1,categorical,Menopausal complaints (females)(35),35,Menopausal complaints (females),FALSE,
602,C,tpoths1,categorical,Osteoporosis(36),36,Osteoporosis,FALSE,
602,C,tpoths1,categorical,Other pulmonary diseases (no CNSLD)(37),37,Other pulmonary diseases (no CNSLD),FALSE,
602,C,tpoths1,categorical,Systemic diseases(38),38,Systemic diseases,FALSE,
602,C,tpoths1,categorical,Other hormonal diseases (no diabetes/thyroid)(39),39,Other hormonal diseases (no diabetes/thyroid),FALSE,
602,C,tpoths1,categorical,Other urological disease (no incontinence)(40),40,Other urological disease (no incontinence),FALSE,
602,C,tpoths1,categorical,Other locomotor disease(41),41,Other locomotor disease,FALSE,
602,C,tpoths1,categorical,Other vascular disease(42),42,Other vascular disease,FALSE,
602,C,tpoths1,categorical,Other neurological disease(43),43,Other neurological disease,FALSE,
602,C,tpoths1,categorical,TIA(44),44,TIA,FALSE,
602,C,tpoths1,categorical,Other hematological disease(45),45,Other hematological disease,FALSE,
602,C,tpoths1,categorical,Pancreatitis-chronic(46),46,Pancreatitis-chronic,FALSE,
602,C,tpoths1,categorical,no label(47),47,no label,FALSE,
602,C,tpoths1,categorical,Addiction(48),48,Addiction,FALSE,
602,C,tpoths1,categorical,Other chronic disease(49),49,Other chronic disease,FALSE,
602,C,tpoths1,categorical,Other non-chronic disease(50),50,Other non-chronic disease,FALSE,
602,C,tpoths2,categorical,no other disease mentioned(-2),-2,no other disease mentioned,TRUE,
602,C,tpoths2,categorical,no more other diseases mentioned(0),0,no more other diseases mentioned,FALSE,
602,C,tpoths2,categorical,Ulcer stomach or duodenum(2),2,Ulcer stomach or duodenum,FALSE,
602,C,tpoths2,categorical,Serious intestinal disease(3),3,Serious intestinal disease,FALSE,
602,C,tpoths2,categorical,Gall-stones/gall-bladder disease(4),4,Gall-stones/gall-bladder disease,FALSE,
602,C,tpoths2,categorical,Liver disease or cirrhosis(5),5,Liver disease or cirrhosis,FALSE,
602,C,tpoths2,categorical,Inguinal hernia(6),6,Inguinal hernia,FALSE,
602,C,tpoths2,categorical,Kidney stone(7),7,Kidney stone,FALSE,
602,C,tpoths2,categorical,Kidney disease-serious(8),8,Kidney disease-serious,FALSE,
602,C,tpoths2,categorical,Chronic cystitis(9),9,Chronic cystitis,FALSE,
602,C,tpoths2,categorical,Prostate complaints (males)(10),10,Prostate complaints (males),FALSE,
602,C,tpoths2,categorical,Prolapse (females)(11),11,Prolapse (females),FALSE,
602,C,tpoths2,categorical,Thyroid disease(12),12,Thyroid disease,FALSE,
602,C,tpoths2,categorical,"Back problems, hernia(13)",13,"Back problems, hernia",FALSE,
602,C,tpoths2,categorical,Epilepsy(14),14,Epilepsy,FALSE,
602,C,tpoths2,categorical,Dizziness with falling(15),15,Dizziness with falling,FALSE,
602,C,tpoths2,categorical,Migraine(16),16,Migraine,FALSE,
602,C,tpoths2,categorical,Serious skin disease(17),17,Serious skin disease,FALSE,
602,C,tpoths2,categorical,Decubitus-ulcer(18),18,Decubitus-ulcer,FALSE,
602,C,tpoths2,categorical,Allergy/hay-fever(19),19,Allergy/hay-fever,FALSE,
602,C,tpoths2,categorical,Serious consequences accident(20),20,Serious consequences accident,FALSE,
602,C,tpoths2,categorical,Other serious consequences/burns(21),21,Other serious consequences/burns,FALSE,
602,C,tpoths2,categorical,Consequences surgery/operations(22),22,Consequences surgery/operations,FALSE,
602,C,tpoths2,categorical,Disease of nervous system(23),23,Disease of nervous system,FALSE,
602,C,tpoths2,categorical,"Mental problems, incl. depression(24)",24,"Mental problems, incl. depression",FALSE,
602,C,tpoths2,categorical,Eye diseases(25),25,Eye diseases,FALSE,
602,C,tpoths2,categorical,Ear diseases/hearing problems(26),26,Ear diseases/hearing problems,FALSE,
602,C,tpoths2,categorical,Venous insufficiency/varicose veins(27),27,Venous insufficiency/varicose veins,FALSE,
602,C,tpoths2,categorical,Anaemia(28),28,Anaemia,FALSE,
602,C,tpoths2,categorical,Chronic headaches (no migraine)(29),29,Chronic headaches (no migraine),FALSE,
602,C,tpoths2,categorical,Chronic neck-problems(30),30,Chronic neck-problems,FALSE,
602,C,tpoths2,categorical,Dizziness without falling(31),31,Dizziness without falling,FALSE,
602,C,tpoths2,categorical,Congenital disorders(32),32,Congenital disorders,FALSE,
602,C,tpoths2,categorical,Hypercholesterolaemia(33),33,Hypercholesterolaemia,FALSE,
602,C,tpoths2,categorical,Gout(34),34,Gout,FALSE,
602,C,tpoths2,categorical,Menopausal complaints (females)(35),35,Menopausal complaints (females),FALSE,
602,C,tpoths2,categorical,Osteoporosis(36),36,Osteoporosis,FALSE,
602,C,tpoths2,categorical,Other pulmonary diseases (no CNSLD)(37),37,Other pulmonary diseases (no CNSLD),FALSE,
602,C,tpoths2,categorical,Systemic diseases(38),38,Systemic diseases,FALSE,
602,C,tpoths2,categorical,Other hormonal diseases (no diabetes/thyroid)(39),39,Other hormonal diseases (no diabetes/thyroid),FALSE,
602,C,tpoths2,categorical,Other urological disease (no incontinence)(40),40,Other urological disease (no incontinence),FALSE,
602,C,tpoths2,categorical,Other locomotor disease(41),41,Other locomotor disease,FALSE,
602,C,tpoths2,categorical,Other vascular disease(42),42,Other vascular disease,FALSE,
602,C,tpoths2,categorical,Other neurological disease(43),43,Other neurological disease,FALSE,
602,C,tpoths2,categorical,TIA(44),44,TIA,FALSE,
602,C,tpoths2,categorical,Other hematological disease(45),45,Other hematological disease,FALSE,
602,C,tpoths2,categorical,Pancreatitis-chronic(46),46,Pancreatitis-chronic,FALSE,
602,C,tpoths2,categorical,no label(47),47,no label,FALSE,
602,C,tpoths2,categorical,Addiction(48),48,Addiction,FALSE,
602,C,tpoths2,categorical,Other chronic disease(49),49,Other chronic disease,FALSE,
602,C,tpoths2,categorical,Other non-chronic disease(50),50,Other non-chronic disease,FALSE,
602,C,tpoths3,categorical,no other disease mentioned(-2),-2,no other disease mentioned,TRUE,
602,C,tpoths3,categorical,no more other diseases mentioned(0),0,no more other diseases mentioned,FALSE,
602,C,tpoths3,categorical,Ulcer stomach or duodenum(2),2,Ulcer stomach or duodenum,FALSE,
602,C,tpoths3,categorical,Serious intestinal disease(3),3,Serious intestinal disease,FALSE,
602,C,tpoths3,categorical,Gall-stones/gall-bladder disease(4),4,Gall-stones/gall-bladder disease,FALSE,
602,C,tpoths3,categorical,Liver disease or cirrhosis(5),5,Liver disease or cirrhosis,FALSE,
602,C,tpoths3,categorical,Inguinal hernia(6),6,Inguinal hernia,FALSE,
602,C,tpoths3,categorical,Kidney stone(7),7,Kidney stone,FALSE,
602,C,tpoths3,categorical,Kidney disease-serious(8),8,Kidney disease-serious,FALSE,
602,C,tpoths3,categorical,Chronic cystitis(9),9,Chronic cystitis,FALSE,
602,C,tpoths3,categorical,Prostate complaints (males)(10),10,Prostate complaints (males),FALSE,
602,C,tpoths3,categorical,Prolapse (females)(11),11,Prolapse (females),FALSE,
602,C,tpoths3,categorical,Thyroid disease(12),12,Thyroid disease,FALSE,
602,C,tpoths3,categorical,"Back problems, hernia(13)",13,"Back problems, hernia",FALSE,
602,C,tpoths3,categorical,Epilepsy(14),14,Epilepsy,FALSE,
602,C,tpoths3,categorical,Dizziness with falling(15),15,Dizziness with falling,FALSE,
602,C,tpoths3,categorical,Migraine(16),16,Migraine,FALSE,
602,C,tpoths3,categorical,Serious skin disease(17),17,Serious skin disease,FALSE,
602,C,tpoths3,categorical,Decubitus-ulcer(18),18,Decubitus-ulcer,FALSE,
602,C,tpoths3,categorical,Allergy/hay-fever(19),19,Allergy/hay-fever,FALSE,
602,C,tpoths3,categorical,Serious consequences accident(20),20,Serious consequences accident,FALSE,
602,C,tpoths3,categorical,Other serious consequences/burns(21),21,Other serious consequences/burns,FALSE,
602,C,tpoths3,categorical,Consequences surgery/operations(22),22,Consequences surgery/operations,FALSE,
602,C,tpoths3,categorical,Disease of nervous system(23),23,Disease of nervous system,FALSE,
602,C,tpoths3,categorical,"Mental problems, incl. depression(24)",24,"Mental problems, incl. depression",FALSE,
602,C,tpoths3,categorical,Eye diseases(25),25,Eye diseases,FALSE,
602,C,tpoths3,categorical,Ear diseases/hearing problems(26),26,Ear diseases/hearing problems,FALSE,
602,C,tpoths3,categorical,Venous insufficiency/varicose veins(27),27,Venous insufficiency/varicose veins,FALSE,
602,C,tpoths3,categorical,Anaemia(28),28,Anaemia,FALSE,
602,C,tpoths3,categorical,Chronic headaches (no migraine)(29),29,Chronic headaches (no migraine),FALSE,
602,C,tpoths3,categorical,Chronic neck-problems(30),30,Chronic neck-problems,FALSE,
602,C,tpoths3,categorical,Dizziness without falling(31),31,Dizziness without falling,FALSE,
602,C,tpoths3,categorical,Congenital disorders(32),32,Congenital disorders,FALSE,
602,C,tpoths3,categorical,Hypercholesterolaemia(33),33,Hypercholesterolaemia,FALSE,
602,C,tpoths3,categorical,Gout(34),34,Gout,FALSE,
602,C,tpoths3,categorical,Menopausal complaints (females)(35),35,Menopausal complaints (females),FALSE,
602,C,tpoths3,categorical,Osteoporosis(36),36,Osteoporosis,FALSE,
602,C,tpoths3,categorical,Other pulmonary diseases (no CNSLD)(37),37,Other pulmonary diseases (no CNSLD),FALSE,
602,C,tpoths3,categorical,Systemic diseases(38),38,Systemic diseases,FALSE,
602,C,tpoths3,categorical,Other hormonal diseases (no diabetes/thyroid)(39),39,Other hormonal diseases (no diabetes/thyroid),FALSE,
602,C,tpoths3,categorical,Other urological disease (no incontinence)(40),40,Other urological disease (no incontinence),FALSE,
602,C,tpoths3,categorical,Other locomotor disease(41),41,Other locomotor disease,FALSE,
602,C,tpoths3,categorical,Other vascular disease(42),42,Other vascular disease,FALSE,
602,C,tpoths3,categorical,Other neurological disease(43),43,Other neurological disease,FALSE,
602,C,tpoths3,categorical,TIA(44),44,TIA,FALSE,
602,C,tpoths3,categorical,Other hematological disease(45),45,Other hematological disease,FALSE,
602,C,tpoths3,categorical,Pancreatitis-chronic(46),46,Pancreatitis-chronic,FALSE,
602,C,tpoths3,categorical,no label(47),47,no label,FALSE,
602,C,tpoths3,categorical,Addiction(48),48,Addiction,FALSE,
602,C,tpoths3,categorical,Other chronic disease(49),49,Other chronic disease,FALSE,
602,C,tpoths3,categorical,Other non-chronic disease(50),50,Other non-chronic disease,FALSE,
602,C,tpnochrot,numeric,no valid data(-1),-1,no valid data,TRUE,
602,C,tpnochrom,numeric,no valid data(-1),-1,no valid data,TRUE,
602,D,tpreaso,categorical,"asked, no answer(-1)",-1,"asked, no answer",TRUE,
602,D,tpreaso,categorical,physical indication(1),1,physical indication,FALSE,
602,D,tpreaso,categorical,psychological indication(2),2,psychological indication,FALSE,
602,D,tpreaso,categorical,physical + psychological indication(3),3,physical + psychological indication,FALSE,
602,D,tpreaso,categorical,answer refused(4),4,answer refused,FALSE,
602,D,tpreaso,categorical,does not know(5),5,does not know,FALSE,
602,D,tpsubh1,ordinal,"asked, no answer(-1)",-1,"asked, no answer",TRUE,
602,D,tpsubh1,ordinal,excellent(1),1,excellent,FALSE,
602,D,tpsubh1,ordinal,good(2),2,good,FALSE,
602,D,tpsubh1,ordinal,fair(3),3,fair,FALSE,
602,D,tpsubh1,ordinal,sometimes good/bad(4),4,sometimes good/bad,FALSE,
602,D,tpsubh1,ordinal,poor(5),5,poor,FALSE,
602,D,tpcara1,binary,"asked, no answer(-1)",-1,"asked, no answer",TRUE,
602,D,tpcara1,binary,no(0),0,no,FALSE,
602,D,tpcara1,binary,yes(1),1,yes,FALSE,
602,D,tphart1,binary,"asked, no answer(-1)",-1,"asked, no answer",TRUE,
602,D,tphart1,binary,no(0),0,no,FALSE,
602,D,tphart1,binary,yes(1),1,yes,FALSE,
602,D,tpartv1,binary,"asked, no answer(-1)",-1,"asked, no answer",TRUE,
602,D,tpartv1,binary,no(0),0,no,FALSE,
602,D,tpartv1,binary,yes(1),1,yes,FALSE,
602,D,tpdiab1,binary,"asked, no answer(-1)",-1,"asked, no answer",TRUE,
602,D,tpdiab1,binary,no(0),0,no,FALSE,
602,D,tpdiab1,binary,yes(1),1,yes,FALSE,
602,D,tpcva01,binary,"asked, no answer(-1)",-1,"asked, no answer",TRUE,
602,D,tpcva01,binary,no(0),0,no,FALSE,
602,D,tpcva01,binary,yes(1),1,yes,FALSE,
602,D,tprheu1,binary,"asked, no answer(-1)",-1,"asked, no answer",TRUE,
602,D,tprheu1,binary,no(0),0,no,FALSE,
602,D,tprheu1,binary,yes(1),1,yes,FALSE,
602,D,tprheu2,binary,"asked, no answer(-1)",-1,"asked, no answer",TRUE,
602,D,tprheu2,binary,no(0),0,no,FALSE,
602,D,tprheu2,binary,yes(1),1,yes,FALSE,
602,D,tpcanc1,binary,"asked, no answer(-1)",-1,"asked, no answer",TRUE,
602,D,tpcanc1,binary,no(0),0,no,FALSE,
602,D,tpcanc1,binary,yes(1),1,yes,FALSE,
602,D,tphbd1,binary,"asked, no answer(-1)",-1,"asked, no answer",TRUE,
602,D,tphbd1,binary,no(0),0,no,FALSE,
602,D,tphbd1,binary,yes(1),1,yes,FALSE,
602,D,tphead,binary,"asked, no answer(-1)",-1,"asked, no answer",TRUE,
602,D,tphead,binary,no(0),0,no,FALSE,
602,D,tphead,binary,yes(1),1,yes,FALSE,
602,D,tpheanr,numeric,no head trauma(-2),-2,no head trauma,TRUE,
602,D,tpheanr,numeric,"asked, no answer(-1)",-1,"asked, no answer",TRUE,
602,D,tpheam,categorical,no head trauma(-2),-2,no head trauma,TRUE,
602,D,tpheam,categorical,"asked, no answer(-1)",-1,"asked, no answer",TRUE,
602,D,tpheam,categorical,January(1),1,January,FALSE,
602,D,tpheam,categorical,February(2),2,February,FALSE,
602,D,tpheam,categorical,March(3),3,March,FALSE,
602,D,tpheam,categorical,April(4),4,April,FALSE,
602,D,tpheam,categorical,May(5),5,May,FALSE,
602,D,tpheam,categorical,June(6),6,June,FALSE,
602,D,tpheam,categorical,July(7),7,July,FALSE,
602,D,tpheam,categorical,August(8),8,August,FALSE,
602,D,tpheam,categorical,September(9),9,September,FALSE,
602,D,tpheam,categorical,October(10),10,October,FALSE,
602,D,tpheam,categorical,November(11),11,November,FALSE,
602,D,tpheam,categorical,December(12),12,December,FALSE,
602,D,tpheay,numeric,no head trauma(-2),-2,no head trauma,TRUE,
602,D,tpheay,numeric,"asked, no answer(-1)",-1,"asked, no answer",TRUE,
602,D,tpothnr,numeric,"asked, no answer(-1)",-1,"asked, no answer",TRUE,
602,D,tpoths1,categorical,no other disease mentioned(-2),-2,no other disease mentioned,TRUE,
602,D,tpoths1,categorical,no more other diseases mentioned(0),0,no more other diseases mentioned,FALSE,
602,D,tpoths1,categorical,Ulcer stomach or duodenum(2),2,Ulcer stomach or duodenum,FALSE,
602,D,tpoths1,categorical,Serious intestinal disease(3),3,Serious intestinal disease,FALSE,
602,D,tpoths1,categorical,Gall-stones/gall-bladder disease(4),4,Gall-stones/gall-bladder disease,FALSE,
602,D,tpoths1,categorical,Liver disease or cirrhosis(5),5,Liver disease or cirrhosis,FALSE,
602,D,tpoths1,categorical,Inguinal hernia(6),6,Inguinal hernia,FALSE,
602,D,tpoths1,categorical,Kidney stone(7),7,Kidney stone,FALSE,
602,D,tpoths1,categorical,Kidney disease-serious(8),8,Kidney disease-serious,FALSE,
602,D,tpoths1,categorical,Chronic cystitis(9),9,Chronic cystitis,FALSE,
602,D,tpoths1,categorical,Prostate complaints (males)(10),10,Prostate complaints (males),FALSE,
602,D,tpoths1,categorical,Prolapse (females)(11),11,Prolapse (females),FALSE,
602,D,tpoths1,categorical,Thyroid disease(12),12,Thyroid disease,FALSE,
602,D,tpoths1,categorical,"Back problems, hernia(13)",13,"Back problems, hernia",FALSE,
602,D,tpoths1,categorical,Epilepsy(14),14,Epilepsy,FALSE,
602,D,tpoths1,categorical,Dizziness with falling(15),15,Dizziness with falling,FALSE,
602,D,tpoths1,categorical,Migraine(16),16,Migraine,FALSE,
602,D,tpoths1,categorical,Serious skin disease(17),17,Serious skin disease,FALSE,
602,D,tpoths1,categorical,Decubitus-ulcer(18),18,Decubitus-ulcer,FALSE,
602,D,tpoths1,categorical,Allergy/hay-fever(19),19,Allergy/hay-fever,FALSE,
602,D,tpoths1,categorical,Serious consequences accident(20),20,Serious consequences accident,FALSE,
602,D,tpoths1,categorical,Other serious consequences/burns(21),21,Other serious consequences/burns,FALSE,
602,D,tpoths1,categorical,Consequences surgery/operations(22),22,Consequences surgery/operations,FALSE,
602,D,tpoths1,categorical,Disease of nervous system(23),23,Disease of nervous system,FALSE,
602,D,tpoths1,categorical,"Mental problems, incl. depression(24)",24,"Mental problems, incl. depression",FALSE,
602,D,tpoths1,categorical,Eye diseases(25),25,Eye diseases,FALSE,
602,D,tpoths1,categorical,Ear diseases/hearing problems(26),26,Ear diseases/hearing problems,FALSE,
602,D,tpoths1,categorical,Venous insufficiency/varicose veins(27),27,Venous insufficiency/varicose veins,FALSE,
602,D,tpoths1,categorical,Anaemia(28),28,Anaemia,FALSE,
602,D,tpoths1,categorical,Chronic headaches (no migraine)(29),29,Chronic headaches (no migraine),FALSE,
602,D,tpoths1,categorical,Chronic neck-problems(30),30,Chronic neck-problems,FALSE,
602,D,tpoths1,categorical,Dizziness without falling(31),31,Dizziness without falling,FALSE,
602,D,tpoths1,categorical,Congenital disorders(32),32,Congenital disorders,FALSE,
602,D,tpoths1,categorical,Hypercholesterolaemia(33),33,Hypercholesterolaemia,FALSE,
602,D,tpoths1,categorical,Gout(34),34,Gout,FALSE,
602,D,tpoths1,categorical,Menopausal complaints (females)(35),35,Menopausal complaints (females),FALSE,
602,D,tpoths1,categorical,Osteoporosis(36),36,Osteoporosis,FALSE,
602,D,tpoths1,categorical,Other pulmonary diseases (no CNSLD)(37),37,Other pulmonary diseases (no CNSLD),FALSE,
602,D,tpoths1,categorical,Systemic diseases(38),38,Systemic diseases,FALSE,
602,D,tpoths1,categorical,Other hormonal diseases (no diabetes/thyroid)(39),39,Other hormonal diseases (no diabetes/thyroid),FALSE,
602,D,tpoths1,categorical,Other urological disease (no incontinence)(40),40,Other urological disease (no incontinence),FALSE,
602,D,tpoths1,categorical,Other locomotor disease(41),41,Other locomotor disease,FALSE,
602,D,tpoths1,categorical,Other vascular disease(42),42,Other vascular disease,FALSE,
602,D,tpoths1,categorical,Other neurological disease(43),43,Other neurological disease,FALSE,
602,D,tpoths1,categorical,TIA(44),44,TIA,FALSE,
602,D,tpoths1,categorical,Other hematological disease(45),45,Other hematological disease,FALSE,
602,D,tpoths1,categorical,Pancreatitis-chronic(46),46,Pancreatitis-chronic,FALSE,
602,D,tpoths1,categorical,no label(47),47,no label,FALSE,
602,D,tpoths1,categorical,Addiction(48),48,Addiction,FALSE,
602,D,tpoths1,categorical,Other chronic disease(49),49,Other chronic disease,FALSE,
602,D,tpoths1,categorical,Other non-chronic disease(50),50,Other non-chronic disease,FALSE,
602,D,tpoths2,categorical,no other disease mentioned(-2),-2,no other disease mentioned,TRUE,
602,D,tpoths2,categorical,no more other diseases mentioned(0),0,no more other diseases mentioned,FALSE,
602,D,tpoths2,categorical,Ulcer stomach or duodenum(2),2,Ulcer stomach or duodenum,FALSE,
602,D,tpoths2,categorical,Serious intestinal disease(3),3,Serious intestinal disease,FALSE,
602,D,tpoths2,categorical,Gall-stones/gall-bladder disease(4),4,Gall-stones/gall-bladder disease,FALSE,
602,D,tpoths2,categorical,Liver disease or cirrhosis(5),5,Liver disease or cirrhosis,FALSE,
602,D,tpoths2,categorical,Inguinal hernia(6),6,Inguinal hernia,FALSE,
602,D,tpoths2,categorical,Kidney stone(7),7,Kidney stone,FALSE,
602,D,tpoths2,categorical,Kidney disease-serious(8),8,Kidney disease-serious,FALSE,
602,D,tpoths2,categorical,Chronic cystitis(9),9,Chronic cystitis,FALSE,
602,D,tpoths2,categorical,Prostate complaints (males)(10),10,Prostate complaints (males),FALSE,
602,D,tpoths2,categorical,Prolapse (females)(11),11,Prolapse (females),FALSE,
602,D,tpoths2,categorical,Thyroid disease(12),12,Thyroid disease,FALSE,
602,D,tpoths2,categorical,"Back problems, hernia(13)",13,"Back problems, hernia",FALSE,
602,D,tpoths2,categorical,Epilepsy(14),14,Epilepsy,FALSE,
602,D,tpoths2,categorical,Dizziness with falling(15),15,Dizziness with falling,FALSE,
602,D,tpoths2,categorical,Migraine(16),16,Migraine,FALSE,
602,D,tpoths2,categorical,Serious skin disease(17),17,Serious skin disease,FALSE,
602,D,tpoths2,categorical,Decubitus-ulcer(18),18,Decubitus-ulcer,FALSE,
602,D,tpoths2,categorical,Allergy/hay-fever(19),19,Allergy/hay-fever,FALSE,
602,D,tpoths2,categorical,Serious consequences accident(20),20,Serious consequences accident,FALSE,
602,D,tpoths2,categorical,Other serious consequences/burns(21),21,Other serious consequences/burns,FALSE,
602,D,tpoths2,categorical,Consequences surgery/operations(22),22,Consequences surgery/operations,FALSE,
602,D,tpoths2,categorical,Disease of nervous system(23),23,Disease of nervous system,FALSE,
602,D,tpoths2,categorical,"Mental problems, incl. depression(24)",24,"Mental problems, incl. depression",FALSE,
602,D,tpoths2,categorical,Eye diseases(25),25,Eye diseases,FALSE,
602,D,tpoths2,categorical,Ear diseases/hearing problems(26),26,Ear diseases/hearing problems,FALSE,
602,D,tpoths2,categorical,Venous insufficiency/varicose veins(27),27,Venous insufficiency/varicose veins,FALSE,
602,D,tpoths2,categorical,Anaemia(28),28,Anaemia,FALSE,
602,D,tpoths2,categorical,Chronic headaches (no migraine)(29),29,Chronic headaches (no migraine),FALSE,
602,D,tpoths2,categorical,Chronic neck-problems(30),30,Chronic neck-problems,FALSE,
602,D,tpoths2,categorical,Dizziness without falling(31),31,Dizziness without falling,FALSE,
602,D,tpoths2,categorical,Congenital disorders(32),32,Congenital disorders,FALSE,
602,D,tpoths2,categorical,Hypercholesterolaemia(33),33,Hypercholesterolaemia,FALSE,
602,D,tpoths2,categorical,Gout(34),34,Gout,FALSE,
602,D,tpoths2,categorical,Menopausal complaints (females)(35),35,Menopausal complaints (females),FALSE,
602,D,tpoths2,categorical,Osteoporosis(36),36,Osteoporosis,FALSE,
602,D,tpoths2,categorical,Other pulmonary diseases (no CNSLD)(37),37,Other pulmonary diseases (no CNSLD),FALSE,
602,D,tpoths2,categorical,Systemic diseases(38),38,Systemic diseases,FALSE,
602,D,tpoths2,categorical,Other hormonal diseases (no diabetes/thyroid)(39),39,Other hormonal diseases (no diabetes/thyroid),FALSE,
602,D,tpoths2,categorical,Other urological disease (no incontinence)(40),40,Other urological disease (no incontinence),FALSE,
602,D,tpoths2,categorical,Other locomotor disease(41),41,Other locomotor disease,FALSE,
602,D,tpoths2,categorical,Other vascular disease(42),42,Other vascular disease,FALSE,
602,D,tpoths2,categorical,Other neurological disease(43),43,Other neurological disease,FALSE,
602,D,tpoths2,categorical,TIA(44),44,TIA,FALSE,
602,D,tpoths2,categorical,Other hematological disease(45),45,Other hematological disease,FALSE,
602,D,tpoths2,categorical,Pancreatitis-chronic(46),46,Pancreatitis-chronic,FALSE,
602,D,tpoths2,categorical,no label(47),47,no label,FALSE,
602,D,tpoths2,categorical,Addiction(48),48,Addiction,FALSE,
602,D,tpoths2,categorical,Other chronic disease(49),49,Other chronic disease,FALSE,
602,D,tpoths2,categorical,Other non-chronic disease(50),50,Other non-chronic disease,FALSE,
602,D,tpoths3,categorical,no other disease mentioned(-2),-2,no other disease mentioned,TRUE,
602,D,tpoths3,categorical,no more other diseases mentioned(0),0,no more other diseases mentioned,FALSE,
602,D,tpoths3,categorical,Ulcer stomach or duodenum(2),2,Ulcer stomach or duodenum,FALSE,
602,D,tpoths3,categorical,Serious intestinal disease(3),3,Serious intestinal disease,FALSE,
602,D,tpoths3,categorical,Gall-stones/gall-bladder disease(4),4,Gall-stones/gall-bladder disease,FALSE,
602,D,tpoths3,categorical,Liver disease or cirrhosis(5),5,Liver disease or cirrhosis,FALSE,
602,D,tpoths3,categorical,Inguinal hernia(6),6,Inguinal hernia,FALSE,
602,D,tpoths3,categorical,Kidney stone(7),7,Kidney stone,FALSE,
602,D,tpoths3,categorical,Kidney disease-serious(8),8,Kidney disease-serious,FALSE,
602,D,tpoths3,categorical,Chronic cystitis(9),9,Chronic cystitis,FALSE,
602,D,tpoths3,categorical,Prostate complaints (males)(10),10,Prostate complaints (males),FALSE,
602,D,tpoths3,categorical,Prolapse (females)(11),11,Prolapse (females),FALSE,
602,D,tpoths3,categorical,Thyroid disease(12),12,Thyroid disease,FALSE,
602,D,tpoths3,categorical,"Back problems, hernia(13)",13,"Back problems, hernia",FALSE,
602,D,tpoths3,categorical,Epilepsy(14),14,Epilepsy,FALSE,
602,D,tpoths3,categorical,Dizziness with falling(15),15,Dizziness with falling,FALSE,
602,D,tpoths3,categorical,Migraine(16),16,Migraine,FALSE,
602,D,tpoths3,categorical,Serious skin disease(17),17,Serious skin disease,FALSE,
602,D,tpoths3,categorical,Decubitus-ulcer(18),18,Decubitus-ulcer,FALSE,
602,D,tpoths3,categorical,Allergy/hay-fever(19),19,Allergy/hay-fever,FALSE,
602,D,tpoths3,categorical,Serious consequences accident(20),20,Serious consequences accident,FALSE,
602,D,tpoths3,categorical,Other serious consequences/burns(21),21,Other serious consequences/burns,FALSE,
602,D,tpoths3,categorical,Consequences surgery/operations(22),22,Consequences surgery/operations,FALSE,
602,D,tpoths3,categorical,Disease of nervous system(23),23,Disease of nervous system,FALSE,
602,D,tpoths3,categorical,"Mental problems, incl. depression(24)",24,"Mental problems, incl. depression",FALSE,
602,D,tpoths3,categorical,Eye diseases(25),25,Eye diseases,FALSE,
602,D,tpoths3,categorical,Ear diseases/hearing problems(26),26,Ear diseases/hearing problems,FALSE,
602,D,tpoths3,categorical,Venous insufficiency/varicose veins(27),27,Venous insufficiency/varicose veins,FALSE,
602,D,tpoths3,categorical,Anaemia(28),28,Anaemia,FALSE,
602,D,tpoths3,categorical,Chronic headaches (no migraine)(29),29,Chronic headaches (no migraine),FALSE,
602,D,tpoths3,categorical,Chronic neck-problems(30),30,Chronic neck-problems,FALSE,
602,D,tpoths3,categorical,Dizziness without falling(31),31,Dizziness without falling,FALSE,
602,D,tpoths3,categorical,Congenital disorders(32),32,Congenital disorders,FALSE,
602,D,tpoths3,categorical,Hypercholesterolaemia(33),33,Hypercholesterolaemia,FALSE,
602,D,tpoths3,categorical,Gout(34),34,Gout,FALSE,
602,D,tpoths3,categorical,Menopausal complaints (females)(35),35,Menopausal complaints (females),FALSE,
602,D,tpoths3,categorical,Osteoporosis(36),36,Osteoporosis,FALSE,
602,D,tpoths3,categorical,Other pulmonary diseases (no CNSLD)(37),37,Other pulmonary diseases (no CNSLD),FALSE,
602,D,tpoths3,categorical,Systemic diseases(38),38,Systemic diseases,FALSE,
602,D,tpoths3,categorical,Other hormonal diseases (no diabetes/thyroid)(39),39,Other hormonal diseases (no diabetes/thyroid),FALSE,
602,D,tpoths3,categorical,Other urological disease (no incontinence)(40),40,Other urological disease (no incontinence),FALSE,
602,D,tpoths3,categorical,Other locomotor disease(41),41,Other locomotor disease,FALSE,
602,D,tpoths3,categorical,Other vascular disease(42),42,Other vascular disease,FALSE,
602,D,tpoths3,categorical,Other neurological disease(43),43,Other neurological disease,FALSE,
602,D,tpoths3,categorical,TIA(44),44,TIA,FALSE,
602,D,tpoths3,categorical,Other hematological disease(45),45,Other hematological disease,FALSE,
602,D,tpoths3,categorical,Pancreatitis-chronic(46),46,Pancreatitis-chronic,FALSE,
602,D,tpoths3,categorical,no label(47),47,no label,FALSE,
602,D,tpoths3,categorical,Addiction(48),48,Addiction,FALSE,
602,D,tpoths3,categorical,Other chronic disease(49),49,Other chronic disease,FALSE,
602,D,tpoths3,categorical,Other non-chronic disease(50),50,Other non-chronic disease,FALSE,
602,D,tpmodem,binary,"asked, no answer / does not know(-1)",-1,"asked, no answer / does not know",TRUE,
602,D,tpmodem,binary,no(0),0,no,FALSE,
602,D,tpmodem,binary,yes(1),1,yes,FALSE,
602,D,tpmtrea,categorical,no dementia(-2),-2,no dementia,TRUE,
602,D,tpmtrea,categorical,"asked, no answer / does not know(-1)",-1,"asked, no answer / does not know",TRUE,
602,D,tpmtrea,categorical,no(0),0,no,FALSE,
602,D,tpmtrea,categorical,yes(1),1,yes,FALSE,
602,D,tpfadem,binary,"asked, no answer / does not know(-1)",-1,"asked, no answer / does not know",TRUE,
602,D,tpfadem,binary,no(0),0,no,FALSE,
602,D,tpfadem,binary,yes(1),1,yes,FALSE,
602,D,tpftrea,categorical,no dementia(-2),-2,no dementia,TRUE,
602,D,tpftrea,categorical,"asked, no answer / does not know(-1)",-1,"asked, no answer / does not know",TRUE,
602,D,tpftrea,categorical,no(0),0,no,FALSE,
602,D,tpftrea,categorical,yes(1),1,yes,FALSE,
602,D,tpnochrot,numeric,no valid data(-1),-1,no valid data,TRUE,
602,D,tpnochrom,numeric,no valid data(-1),-1,no valid data,TRUE,
602,E,tpreaso,categorical,"asked, no answer(-1)",-1,"asked, no answer",TRUE,
602,E,tpreaso,categorical,physical indication(1),1,physical indication,FALSE,
602,E,tpreaso,categorical,psychological indication(2),2,psychological indication,FALSE,
602,E,tpreaso,categorical,physical + psychological indication(3),3,physical + psychological indication,FALSE,
602,E,tpreaso,categorical,answer refused(4),4,answer refused,FALSE,
602,E,tpreaso,categorical,does not know(5),5,does not know,FALSE,
602,E,tpsubh1,ordinal,"asked, no answer(-1)",-1,"asked, no answer",TRUE,
602,E,tpsubh1,ordinal,excellent(1),1,excellent,FALSE,
602,E,tpsubh1,ordinal,good(2),2,good,FALSE,
602,E,tpsubh1,ordinal,fair(3),3,fair,FALSE,
602,E,tpsubh1,ordinal,sometimes good/bad(4),4,sometimes good/bad,FALSE,
602,E,tpsubh1,ordinal,poor(5),5,poor,FALSE,
602,E,tpcara1,binary,"asked, no answer(-1)",-1,"asked, no answer",TRUE,
602,E,tpcara1,binary,no(0),0,no,FALSE,
602,E,tpcara1,binary,yes(1),1,yes,FALSE,
602,E,tphart1,binary,"asked, no answer(-1)",-1,"asked, no answer",TRUE,
602,E,tphart1,binary,no(0),0,no,FALSE,
602,E,tphart1,binary,yes(1),1,yes,FALSE,
602,E,tpartv1,binary,"asked, no answer(-1)",-1,"asked, no answer",TRUE,
602,E,tpartv1,binary,no(0),0,no,FALSE,
602,E,tpartv1,binary,yes(1),1,yes,FALSE,
602,E,tpdiab1,binary,"asked, no answer(-1)",-1,"asked, no answer",TRUE,
602,E,tpdiab1,binary,no(0),0,no,FALSE,
602,E,tpdiab1,binary,yes(1),1,yes,FALSE,
602,E,tpcva01,binary,"asked, no answer(-1)",-1,"asked, no answer",TRUE,
602,E,tpcva01,binary,no(0),0,no,FALSE,
602,E,tpcva01,binary,yes(1),1,yes,FALSE,
602,E,tprheu1,binary,"asked, no answer(-1)",-1,"asked, no answer",TRUE,
602,E,tprheu1,binary,no(0),0,no,FALSE,
602,E,tprheu1,binary,yes(1),1,yes,FALSE,
602,E,tprheu2,binary,"asked, no answer(-1)",-1,"asked, no answer",TRUE,
602,E,tprheu2,binary,no(0),0,no,FALSE,
602,E,tprheu2,binary,yes(1),1,yes,FALSE,
602,E,tpcanc1,binary,"asked, no answer(-1)",-1,"asked, no answer",TRUE,
602,E,tpcanc1,binary,no(0),0,no,FALSE,
602,E,tpcanc1,binary,yes(1),1,yes,FALSE,
602,E,tphbd1,binary,"asked, no answer(-1)",-1,"asked, no answer",TRUE,
602,E,tphbd1,binary,no(0),0,no,FALSE,
602,E,tphbd1,binary,yes(1),1,yes,FALSE,
602,E,tphead,binary,"asked, no answer(-1)",-1,"asked, no answer",TRUE,
602,E,tphead,binary,no(0),0,no,FALSE,
602,E,tphead,binary,yes(1),1,yes,FALSE,
602,E,tpheanr,numeric,no head trauma(-2),-2,no head trauma,TRUE,
602,E,tpheanr,numeric,"asked, no answer(-1)",-1,"asked, no answer",TRUE,
602,E,tpheam,categorical,no head trauma(-2),-2,no head trauma,TRUE,
602,E,tpheam,categorical,"asked, no answer(-1)",-1,"asked, no answer",TRUE,
602,E,tpheam,categorical,January(1),1,January,FALSE,
602,E,tpheam,categorical,February(2),2,February,FALSE,
602,E,tpheam,categorical,March(3),3,March,FALSE,
602,E,tpheam,categorical,April(4),4,April,FALSE,
602,E,tpheam,categorical,May(5),5,May,FALSE,
602,E,tpheam,categorical,June(6),6,June,FALSE,
602,E,tpheam,categorical,July(7),7,July,FALSE,
602,E,tpheam,categorical,August(8),8,August,FALSE,
602,E,tpheam,categorical,September(9),9,September,FALSE,
602,E,tpheam,categorical,October(10),10,October,FALSE,
602,E,tpheam,categorical,November(11),11,November,FALSE,
602,E,tpheam,categorical,December(12),12,December,FALSE,
602,E,tpheay,numeric,no head trauma(-2),-2,no head trauma,TRUE,
602,E,tpheay,numeric,"asked, no answer(-1)",-1,"asked, no answer",TRUE,
602,E,tpothnr,numeric,"asked, no answer(-1)",-1,"asked, no answer",TRUE,
602,E,tpoths1,categorical,no other disease mentioned(-2),-2,no other disease mentioned,TRUE,
602,E,tpoths1,categorical,no more other diseases mentioned(0),0,no more other diseases mentioned,FALSE,
602,E,tpoths1,categorical,Ulcer stomach or duodenum(2),2,Ulcer stomach or duodenum,FALSE,
602,E,tpoths1,categorical,Serious intestinal disease(3),3,Serious intestinal disease,FALSE,
602,E,tpoths1,categorical,Gall-stones/gall-bladder disease(4),4,Gall-stones/gall-bladder disease,FALSE,
602,E,tpoths1,categorical,Liver disease or cirrhosis(5),5,Liver disease or cirrhosis,FALSE,
602,E,tpoths1,categorical,Inguinal hernia(6),6,Inguinal hernia,FALSE,
602,E,tpoths1,categorical,Kidney stone(7),7,Kidney stone,FALSE,
602,E,tpoths1,categorical,Kidney disease-serious(8),8,Kidney disease-serious,FALSE,
602,E,tpoths1,categorical,Chronic cystitis(9),9,Chronic cystitis,FALSE,
602,E,tpoths1,categorical,Prostate complaints (males)(10),10,Prostate complaints (males),FALSE,
602,E,tpoths1,categorical,Prolapse (females)(11),11,Prolapse (females),FALSE,
602,E,tpoths1,categorical,Thyroid disease(12),12,Thyroid disease,FALSE,
602,E,tpoths1,categorical,"Back problems, hernia(13)",13,"Back problems, hernia",FALSE,
602,E,tpoths1,categorical,Epilepsy(14),14,Epilepsy,FALSE,
602,E,tpoths1,categorical,Dizziness with falling(15),15,Dizziness with falling,FALSE,
602,E,tpoths1,categorical,Migraine(16),16,Migraine,FALSE,
602,E,tpoths1,categorical,Serious skin disease(17),17,Serious skin disease,FALSE,
602,E,tpoths1,categorical,Decubitus-ulcer(18),18,Decubitus-ulcer,FALSE,
602,E,tpoths1,categorical,Allergy/hay-fever(19),19,Allergy/hay-fever,FALSE,
602,E,tpoths1,categorical,Serious consequences accident(20),20,Serious consequences accident,FALSE,
602,E,tpoths1,categorical,Other serious consequences/burns(21),21,Other serious consequences/burns,FALSE,
602,E,tpoths1,categorical,Consequences surgery/operations(22),22,Consequences surgery/operations,FALSE,
602,E,tpoths1,categorical,Disease of nervous system(23),23,Disease of nervous system,FALSE,
602,E,tpoths1,categorical,"Mental problems, incl. depression(24)",24,"Mental problems, incl. depression",FALSE,
602,E,tpoths1,categorical,Eye diseases(25),25,Eye diseases,FALSE,
602,E,tpoths1,categorical,Ear diseases/hearing problems(26),26,Ear diseases/hearing problems,FALSE,
602,E,tpoths1,categorical,Venous insufficiency/varicose veins(27),27,Venous insufficiency/varicose veins,FALSE,
602,E,tpoths1,categorical,Anaemia(28),28,Anaemia,FALSE,
602,E,tpoths1,categorical,Chronic headaches (no migraine)(29),29,Chronic headaches (no migraine),FALSE,
602,E,tpoths1,categorical,Chronic neck-problems(30),30,Chronic neck-problems,FALSE,
602,E,tpoths1,categorical,Dizziness without falling(31),31,Dizziness without falling,FALSE,
602,E,tpoths1,categorical,Congenital disorders(32),32,Congenital disorders,FALSE,
602,E,tpoths1,categorical,Hypercholesterolaemia(33),33,Hypercholesterolaemia,FALSE,
602,E,tpoths1,categorical,Gout(34),34,Gout,FALSE,
602,E,tpoths1,categorical,Menopausal complaints (females)(35),35,Menopausal complaints (females),FALSE,
602,E,tpoths1,categorical,Osteoporosis(36),36,Osteoporosis,FALSE,
602,E,tpoths1,categorical,Other pulmonary diseases (no CNSLD)(37),37,Other pulmonary diseases (no CNSLD),FALSE,
602,E,tpoths1,categorical,Systemic diseases(38),38,Systemic diseases,FALSE,
602,E,tpoths1,categorical,Other hormonal diseases (no diabetes/thyroid)(39),39,Other hormonal diseases (no diabetes/thyroid),FALSE,
602,E,tpoths1,categorical,Other urological disease (no incontinence)(40),40,Other urological disease (no incontinence),FALSE,
602,E,tpoths1,categorical,Other locomotor disease(41),41,Other locomotor disease,FALSE,
602,E,tpoths1,categorical,Other vascular disease(42),42,Other vascular disease,FALSE,
602,E,tpoths1,categorical,Other neurological disease(43),43,Other neurological disease,FALSE,
602,E,tpoths1,categorical,TIA(44),44,TIA,FALSE,
602,E,tpoths1,categorical,Other hematological disease(45),45,Other hematological disease,FALSE,
602,E,tpoths1,categorical,Pancreatitis-chronic(46),46,Pancreatitis-chronic,FALSE,
602,E,tpoths1,categorical,no label(47),47,no label,FALSE,
602,E,tpoths1,categorical,Addiction(48),48,Addiction,FALSE,
602,E,tpoths1,categorical,Other chronic disease(49),49,Other chronic disease,FALSE,
602,E,tpoths1,categorical,Other non-chronic disease(50),50,Other non-chronic disease,FALSE,
602,E,tpoths2,categorical,no other disease mentioned(-2),-2,no other disease mentioned,TRUE,
602,E,tpoths2,categorical,no more other diseases mentioned(0),0,no more other diseases mentioned,FALSE,
602,E,tpoths2,categorical,Ulcer stomach or duodenum(2),2,Ulcer stomach or duodenum,FALSE,
602,E,tpoths2,categorical,Serious intestinal disease(3),3,Serious intestinal disease,FALSE,
602,E,tpoths2,categorical,Gall-stones/gall-bladder disease(4),4,Gall-stones/gall-bladder disease,FALSE,
602,E,tpoths2,categorical,Liver disease or cirrhosis(5),5,Liver disease or cirrhosis,FALSE,
602,E,tpoths2,categorical,Inguinal hernia(6),6,Inguinal hernia,FALSE,
602,E,tpoths2,categorical,Kidney stone(7),7,Kidney stone,FALSE,
602,E,tpoths2,categorical,Kidney disease-serious(8),8,Kidney disease-serious,FALSE,
602,E,tpoths2,categorical,Chronic cystitis(9),9,Chronic cystitis,FALSE,
602,E,tpoths2,categorical,Prostate complaints (males)(10),10,Prostate complaints (males),FALSE,
602,E,tpoths2,categorical,Prolapse (females)(11),11,Prolapse (females),FALSE,
602,E,tpoths2,categorical,Thyroid disease(12),12,Thyroid disease,FALSE,
602,E,tpoths2,categorical,"Back problems, hernia(13)",13,"Back problems, hernia",FALSE,
602,E,tpoths2,categorical,Epilepsy(14),14,Epilepsy,FALSE,
602,E,tpoths2,categorical,Dizziness with falling(15),15,Dizziness with falling,FALSE,
602,E,tpoths2,categorical,Migraine(16),16,Migraine,FALSE,
602,E,tpoths2,categorical,Serious skin disease(17),17,Serious skin disease,FALSE,
602,E,tpoths2,categorical,Decubitus-ulcer(18),18,Decubitus-ulcer,FALSE,
602,E,tpoths2,categorical,Allergy/hay-fever(19),19,Allergy/hay-fever,FALSE,
602,E,tpoths2,categorical,Serious consequences accident(20),20,Serious consequences accident,FALSE,
602,E,tpoths2,categorical,Other serious consequences/burns(21),21,Other serious consequences/burns,FALSE,
602,E,tpoths2,categorical,Consequences surgery/operations(22),22,Consequences surgery/operations,FALSE,
602,E,tpoths2,categorical,Disease of nervous system(23),23,Disease of nervous system,FALSE,
602,E,tpoths2,categorical,"Mental problems, incl. depression(24)",24,"Mental problems, incl. depression",FALSE,
602,E,tpoths2,categorical,Eye diseases(25),25,Eye diseases,FALSE,
602,E,tpoths2,categorical,Ear diseases/hearing problems(26),26,Ear diseases/hearing problems,FALSE,
602,E,tpoths2,categorical,Venous insufficiency/varicose veins(27),27,Venous insufficiency/varicose veins,FALSE,
602,E,tpoths2,categorical,Anaemia(28),28,Anaemia,FALSE,
602,E,tpoths2,categorical,Chronic headaches (no migraine)(29),29,Chronic headaches (no migraine),FALSE,
602,E,tpoths2,categorical,Chronic neck-problems(30),30,Chronic neck-problems,FALSE,
602,E,tpoths2,categorical,Dizziness without falling(31),31,Dizziness without falling,FALSE,
602,E,tpoths2,categorical,Congenital disorders(32),32,Congenital disorders,FALSE,
602,E,tpoths2,categorical,Hypercholesterolaemia(33),33,Hypercholesterolaemia,FALSE,
602,E,tpoths2,categorical,Gout(34),34,Gout,FALSE,
602,E,tpoths2,categorical,Menopausal complaints (females)(35),35,Menopausal complaints (females),FALSE,
602,E,tpoths2,categorical,Osteoporosis(36),36,Osteoporosis,FALSE,
602,E,tpoths2,categorical,Other pulmonary diseases (no CNSLD)(37),37,Other pulmonary diseases (no CNSLD),FALSE,
602,E,tpoths2,categorical,Systemic diseases(38),38,Systemic diseases,FALSE,
602,E,tpoths2,categorical,Other hormonal diseases (no diabetes/thyroid)(39),39,Other hormonal diseases (no diabetes/thyroid),FALSE,
602,E,tpoths2,categorical,Other urological disease (no incontinence)(40),40,Other urological disease (no incontinence),FALSE,
602,E,tpoths2,categorical,Other locomotor disease(41),41,Other locomotor disease,FALSE,
602,E,tpoths2,categorical,Other vascular disease(42),42,Other vascular disease,FALSE,
602,E,tpoths2,categorical,Other neurological disease(43),43,Other neurological disease,FALSE,
602,E,tpoths2,categorical,TIA(44),44,TIA,FALSE,
602,E,tpoths2,categorical,Other hematological disease(45),45,Other hematological disease,FALSE,
602,E,tpoths2,categorical,Pancreatitis-chronic(46),46,Pancreatitis-chronic,FALSE,
602,E,tpoths2,categorical,no label(47),47,no label,FALSE,
602,E,tpoths2,categorical,Addiction(48),48,Addiction,FALSE,
602,E,tpoths2,categorical,Other chronic disease(49),49,Other chronic disease,FALSE,
602,E,tpoths2,categorical,Other non-chronic disease(50),50,Other non-chronic disease,FALSE,
602,E,tpoths3,categorical,no other disease mentioned(-2),-2,no other disease mentioned,TRUE,
602,E,tpoths3,categorical,no more other diseases mentioned(0),0,no more other diseases mentioned,FALSE,
602,E,tpoths3,categorical,Ulcer stomach or duodenum(2),2,Ulcer stomach or duodenum,FALSE,
602,E,tpoths3,categorical,Serious intestinal disease(3),3,Serious intestinal disease,FALSE,
602,E,tpoths3,categorical,Gall-stones/gall-bladder disease(4),4,Gall-stones/gall-bladder disease,FALSE,
602,E,tpoths3,categorical,Liver disease or cirrhosis(5),5,Liver disease or cirrhosis,FALSE,
602,E,tpoths3,categorical,Inguinal hernia(6),6,Inguinal hernia,FALSE,
602,E,tpoths3,categorical,Kidney stone(7),7,Kidney stone,FALSE,
602,E,tpoths3,categorical,Kidney disease-serious(8),8,Kidney disease-serious,FALSE,
602,E,tpoths3,categorical,Chronic cystitis(9),9,Chronic cystitis,FALSE,
602,E,tpoths3,categorical,Prostate complaints (males)(10),10,Prostate complaints (males),FALSE,
602,E,tpoths3,categorical,Prolapse (females)(11),11,Prolapse (females),FALSE,
602,E,tpoths3,categorical,Thyroid disease(12),12,Thyroid disease,FALSE,
602,E,tpoths3,categorical,"Back problems, hernia(13)",13,"Back problems, hernia",FALSE,
602,E,tpoths3,categorical,Epilepsy(14),14,Epilepsy,FALSE,
602,E,tpoths3,categorical,Dizziness with falling(15),15,Dizziness with falling,FALSE,
602,E,tpoths3,categorical,Migraine(16),16,Migraine,FALSE,
602,E,tpoths3,categorical,Serious skin disease(17),17,Serious skin disease,FALSE,
602,E,tpoths3,categorical,Decubitus-ulcer(18),18,Decubitus-ulcer,FALSE,
602,E,tpoths3,categorical,Allergy/hay-fever(19),19,Allergy/hay-fever,FALSE,
602,E,tpoths3,categorical,Serious consequences accident(20),20,Serious consequences accident,FALSE,
602,E,tpoths3,categorical,Other serious consequences/burns(21),21,Other serious consequences/burns,FALSE,
602,E,tpoths3,categorical,Consequences surgery/operations(22),22,Consequences surgery/operations,FALSE,
602,E,tpoths3,categorical,Disease of nervous system(23),23,Disease of nervous system,FALSE,
602,E,tpoths3,categorical,"Mental problems, incl. depression(24)",24,"Mental problems, incl. depression",FALSE,
602,E,tpoths3,categorical,Eye diseases(25),25,Eye diseases,FALSE,
602,E,tpoths3,categorical,Ear diseases/hearing problems(26),26,Ear diseases/hearing problems,FALSE,
602,E,tpoths3,categorical,Venous insufficiency/varicose veins(27),27,Venous insufficiency/varicose veins,FALSE,
602,E,tpoths3,categorical,Anaemia(28),28,Anaemia,FALSE,
602,E,tpoths3,categorical,Chronic headaches (no migraine)(29),29,Chronic headaches (no migraine),FALSE,
602,E,tpoths3,categorical,Chronic neck-problems(30),30,Chronic neck-problems,FALSE,
602,E,tpoths3,categorical,Dizziness without falling(31),31,Dizziness without falling,FALSE,
602,E,tpoths3,categorical,Congenital disorders(32),32,Congenital disorders,FALSE,
602,E,tpoths3,categorical,Hypercholesterolaemia(33),33,Hypercholesterolaemia,FALSE,
602,E,tpoths3,categorical,Gout(34),34,Gout,FALSE,
602,E,tpoths3,categorical,Menopausal complaints (females)(35),35,Menopausal complaints (females),FALSE,
602,E,tpoths3,categorical,Osteoporosis(36),36,Osteoporosis,FALSE,
602,E,tpoths3,categorical,Other pulmonary diseases (no CNSLD)(37),37,Other pulmonary diseases (no CNSLD),FALSE,
602,E,tpoths3,categorical,Systemic diseases(38),38,Systemic diseases,FALSE,
602,E,tpoths3,categorical,Other hormonal diseases (no diabetes/thyroid)(39),39,Other hormonal diseases (no diabetes/thyroid),FALSE,
602,E,tpoths3,categorical,Other urological disease (no incontinence)(40),40,Other urological disease (no incontinence),FALSE,
602,E,tpoths3,categorical,Other locomotor disease(41),41,Other locomotor disease,FALSE,
602,E,tpoths3,categorical,Other vascular disease(42),42,Other vascular disease,FALSE,
602,E,tpoths3,categorical,Other neurological disease(43),43,Other neurological disease,FALSE,
602,E,tpoths3,categorical,TIA(44),44,TIA,FALSE,
602,E,tpoths3,categorical,Other hematological disease(45),45,Other hematological disease,FALSE,
602,E,tpoths3,categorical,Pancreatitis-chronic(46),46,Pancreatitis-chronic,FALSE,
602,E,tpoths3,categorical,no label(47),47,no label,FALSE,
602,E,tpoths3,categorical,Addiction(48),48,Addiction,FALSE,
602,E,tpoths3,categorical,Other chronic disease(49),49,Other chronic disease,FALSE,
602,E,tpoths3,categorical,Other non-chronic disease(50),50,Other non-chronic disease,FALSE,
602,E,tpoths4,categorical,no other disease mentioned(-2),-2,no other disease mentioned,TRUE,
602,E,tpoths4,categorical,no more other diseases mentioned(0),0,no more other diseases mentioned,FALSE,
602,E,tpoths4,categorical,Ulcer stomach or duodenum(2),2,Ulcer stomach or duodenum,FALSE,
602,E,tpoths4,categorical,Serious intestinal disease(3),3,Serious intestinal disease,FALSE,
602,E,tpoths4,categorical,Gall-stones/gall-bladder disease(4),4,Gall-stones/gall-bladder disease,FALSE,
602,E,tpoths4,categorical,Liver disease or cirrhosis(5),5,Liver disease or cirrhosis,FALSE,
602,E,tpoths4,categorical,Inguinal hernia(6),6,Inguinal hernia,FALSE,
602,E,tpoths4,categorical,Kidney stone(7),7,Kidney stone,FALSE,
602,E,tpoths4,categorical,Kidney disease-serious(8),8,Kidney disease-serious,FALSE,
602,E,tpoths4,categorical,Chronic cystitis(9),9,Chronic cystitis,FALSE,
602,E,tpoths4,categorical,Prostate complaints (males)(10),10,Prostate complaints (males),FALSE,
602,E,tpoths4,categorical,Prolapse (females)(11),11,Prolapse (females),FALSE,
602,E,tpoths4,categorical,Thyroid disease(12),12,Thyroid disease,FALSE,
602,E,tpoths4,categorical,"Back problems, hernia(13)",13,"Back problems, hernia",FALSE,
602,E,tpoths4,categorical,Epilepsy(14),14,Epilepsy,FALSE,
602,E,tpoths4,categorical,Dizziness with falling(15),15,Dizziness with falling,FALSE,
602,E,tpoths4,categorical,Migraine(16),16,Migraine,FALSE,
602,E,tpoths4,categorical,Serious skin disease(17),17,Serious skin disease,FALSE,
602,E,tpoths4,categorical,Decubitus-ulcer(18),18,Decubitus-ulcer,FALSE,
602,E,tpoths4,categorical,Allergy/hay-fever(19),19,Allergy/hay-fever,FALSE,
602,E,tpoths4,categorical,Serious consequences accident(20),20,Serious consequences accident,FALSE,
602,E,tpoths4,categorical,Other serious consequences/burns(21),21,Other serious consequences/burns,FALSE,
602,E,tpoths4,categorical,Consequences surgery/operations(22),22,Consequences surgery/operations,FALSE,
602,E,tpoths4,categorical,Disease of nervous system(23),23,Disease of nervous system,FALSE,
602,E,tpoths4,categorical,"Mental problems, incl. depression(24)",24,"Mental problems, incl. depression",FALSE,
602,E,tpoths4,categorical,Eye diseases(25),25,Eye diseases,FALSE,
602,E,tpoths4,categorical,Ear diseases/hearing problems(26),26,Ear diseases/hearing problems,FALSE,
602,E,tpoths4,categorical,Venous insufficiency/varicose veins(27),27,Venous insufficiency/varicose veins,FALSE,
602,E,tpoths4,categorical,Anaemia(28),28,Anaemia,FALSE,
602,E,tpoths4,categorical,Chronic headaches (no migraine)(29),29,Chronic headaches (no migraine),FALSE,
602,E,tpoths4,categorical,Chronic neck-problems(30),30,Chronic neck-problems,FALSE,
602,E,tpoths4,categorical,Dizziness without falling(31),31,Dizziness without falling,FALSE,
602,E,tpoths4,categorical,Congenital disorders(32),32,Congenital disorders,FALSE,
602,E,tpoths4,categorical,Hypercholesterolaemia(33),33,Hypercholesterolaemia,FALSE,
602,E,tpoths4,categorical,Gout(34),34,Gout,FALSE,
602,E,tpoths4,categorical,Menopausal complaints (females)(35),35,Menopausal complaints (females),FALSE,
602,E,tpoths4,categorical,Osteoporosis(36),36,Osteoporosis,FALSE,
602,E,tpoths4,categorical,Other pulmonary diseases (no CNSLD)(37),37,Other pulmonary diseases (no CNSLD),FALSE,
602,E,tpoths4,categorical,Systemic diseases(38),38,Systemic diseases,FALSE,
602,E,tpoths4,categorical,Other hormonal diseases (no diabetes/thyroid)(39),39,Other hormonal diseases (no diabetes/thyroid),FALSE,
602,E,tpoths4,categorical,Other urological disease (no incontinence)(40),40,Other urological disease (no incontinence),FALSE,
602,E,tpoths4,categorical,Other locomotor disease(41),41,Other locomotor disease,FALSE,
602,E,tpoths4,categorical,Other vascular disease(42),42,Other vascular disease,FALSE,
602,E,tpoths4,categorical,Other neurological disease(43),43,Other neurological disease,FALSE,
602,E,tpoths4,categorical,TIA(44),44,TIA,FALSE,
602,E,tpoths4,categorical,Other hematological disease(45),45,Other hematological disease,FALSE,
602,E,tpoths4,categorical,Pancreatitis-chronic(46),46,Pancreatitis-chronic,FALSE,
602,E,tpoths4,categorical,no label(47),47,no label,FALSE,
602,E,tpoths4,categorical,Addiction(48),48,Addiction,FALSE,
602,E,tpoths4,categorical,Other chronic disease(49),49,Other chronic disease,FALSE,
602,E,tpoths4,categorical,Other non-chronic disease(50),50,Other non-chronic disease,FALSE,
602,E,tpnochrot,numeric,no valid data(-1),-1,no valid data,TRUE,
602,E,tpnochrom,numeric,no valid data(-1),-1,no valid data,TRUE,
602,F,tpreaso,categorical,"asked, no answer(-1)",-1,"asked, no answer",TRUE,
602,F,tpreaso,categorical,physical indication(1),1,physical indication,FALSE,
602,F,tpreaso,categorical,psychological indication(2),2,psychological indication,FALSE,
602,F,tpreaso,categorical,physical + psychological indication(3),3,physical + psychological indication,FALSE,
602,F,tpreaso,categorical,answer refused(4),4,answer refused,FALSE,
602,F,tpreaso,categorical,does not know(5),5,does not know,FALSE,
602,F,tpsubh1,ordinal,"asked, no answer(-1)",-1,"asked, no answer",TRUE,
602,F,tpsubh1,ordinal,excellent(1),1,excellent,FALSE,
602,F,tpsubh1,ordinal,good(2),2,good,FALSE,
602,F,tpsubh1,ordinal,fair(3),3,fair,FALSE,
602,F,tpsubh1,ordinal,sometimes good/bad(4),4,sometimes good/bad,FALSE,
602,F,tpsubh1,ordinal,poor(5),5,poor,FALSE,
602,F,tpcara1,binary,"asked, no answer(-1)",-1,"asked, no answer",TRUE,
602,F,tpcara1,binary,no(0),0,no,FALSE,
602,F,tpcara1,binary,yes(1),1,yes,FALSE,
602,F,tphart1,binary,"asked, no answer(-1)",-1,"asked, no answer",TRUE,
602,F,tphart1,binary,no(0),0,no,FALSE,
602,F,tphart1,binary,yes(1),1,yes,FALSE,
602,F,tpartv1,binary,"asked, no answer(-1)",-1,"asked, no answer",TRUE,
602,F,tpartv1,binary,no(0),0,no,FALSE,
602,F,tpartv1,binary,yes(1),1,yes,FALSE,
602,F,tpdiab1,binary,"asked, no answer(-1)",-1,"asked, no answer",TRUE,
602,F,tpdiab1,binary,no(0),0,no,FALSE,
602,F,tpdiab1,binary,yes(1),1,yes,FALSE,
602,F,tpcva01,binary,"asked, no answer(-1)",-1,"asked, no answer",TRUE,
602,F,tpcva01,binary,no(0),0,no,FALSE,
602,F,tpcva01,binary,yes(1),1,yes,FALSE,
602,F,tprheu1,binary,"asked, no answer(-1)",-1,"asked, no answer",TRUE,
602,F,tprheu1,binary,no(0),0,no,FALSE,
602,F,tprheu1,binary,yes(1),1,yes,FALSE,
602,F,tprheu2,binary,"asked, no answer(-1)",-1,"asked, no answer",TRUE,
602,F,tprheu2,binary,no(0),0,no,FALSE,
602,F,tprheu2,binary,yes(1),1,yes,FALSE,
602,F,tpcanc1,binary,"asked, no answer(-1)",-1,"asked, no answer",TRUE,
602,F,tpcanc1,binary,no(0),0,no,FALSE,
602,F,tpcanc1,binary,yes(1),1,yes,FALSE,
602,F,tphbd1,binary,"asked, no answer(-1)",-1,"asked, no answer",TRUE,
602,F,tphbd1,binary,no(0),0,no,FALSE,
602,F,tphbd1,binary,yes(1),1,yes,FALSE,
602,F,tphead,binary,"asked, no answer(-1)",-1,"asked, no answer",TRUE,
602,F,tphead,binary,no(0),0,no,FALSE,
602,F,tphead,binary,yes(1),1,yes,FALSE,
602,F,tpheanr,numeric,no head trauma(-2),-2,no head trauma,TRUE,
602,F,tpheanr,numeric,"asked, no answer(-1)",-1,"asked, no answer",TRUE,
602,F,tpheam,categorical,no head trauma(-2),-2,no head trauma,TRUE,
602,F,tpheam,categorical,"asked, no answer(-1)",-1,"asked, no answer",TRUE,
602,F,tpheam,categorical,January(1),1,January,FALSE,
602,F,tpheam,categorical,February(2),2,February,FALSE,
602,F,tpheam,categorical,March(3),3,March,FALSE,
602,F,tpheam,categorical,April(4),4,April,FALSE,
602,F,tpheam,categorical,May(5),5,May,FALSE,
602,F,tpheam,categorical,June(6),6,June,FALSE,
602,F,tpheam,categorical,July(7),7,July,FALSE,
602,F,tpheam,categorical,August(8),8,August,FALSE,
602,F,tpheam,categorical,September(9),9,September,FALSE,
602,F,tpheam,categorical,October(10),10,October,FALSE,
602,F,tpheam,categorical,November(11),11,November,FALSE,
602,F,tpheam,categorical,December(12),12,December,FALSE,
602,F,tpheay,numeric,no head trauma(-2),-2,no head trauma,TRUE,
602,F,tpheay,numeric,"asked, no answer(-1)",-1,"asked, no answer",TRUE,
602,F,tpothnr,numeric,,,,,
602,F,tpoths1,categorical,no other disease mentioned(-2),-2,no other disease mentioned,TRUE,
602,F,tpoths1,categorical,no more other diseases mentioned(0),0,no more other diseases mentioned,FALSE,
602,F,tpoths1,categorical,Ulcer stomach or duodenum(2),2,Ulcer stomach or duodenum,FALSE,
602,F,tpoths1,categorical,Serious intestinal disease(3),3,Serious intestinal disease,FALSE,
602,F,tpoths1,categorical,Gall-stones/gall-bladder disease(4),4,Gall-stones/gall-bladder disease,FALSE,
602,F,tpoths1,categorical,Liver disease or cirrhosis(5),5,Liver disease or cirrhosis,FALSE,
602,F,tpoths1,categorical,Inguinal hernia(6),6,Inguinal hernia,FALSE,
602,F,tpoths1,categorical,Kidney stone(7),7,Kidney stone,FALSE,
602,F,tpoths1,categorical,Kidney disease-serious(8),8,Kidney disease-serious,FALSE,
602,F,tpoths1,categorical,Chronic cystitis(9),9,Chronic cystitis,FALSE,
602,F,tpoths1,categorical,Prostate complaints (males)(10),10,Prostate complaints (males),FALSE,
602,F,tpoths1,categorical,Prolapse (females)(11),11,Prolapse (females),FALSE,
602,F,tpoths1,categorical,Thyroid disease(12),12,Thyroid disease,FALSE,
602,F,tpoths1,categorical,"Back problems, hernia(13)",13,"Back problems, hernia",FALSE,
602,F,tpoths1,categorical,Epilepsy(14),14,Epilepsy,FALSE,
602,F,tpoths1,categorical,Dizziness with falling(15),15,Dizziness with falling,FALSE,
602,F,tpoths1,categorical,Migraine(16),16,Migraine,FALSE,
602,F,tpoths1,categorical,Serious skin disease(17),17,Serious skin disease,FALSE,
602,F,tpoths1,categorical,Decubitus-ulcer(18),18,Decubitus-ulcer,FALSE,
602,F,tpoths1,categorical,Allergy/hay-fever(19),19,Allergy/hay-fever,FALSE,
602,F,tpoths1,categorical,Serious consequences accident(20),20,Serious consequences accident,FALSE,
602,F,tpoths1,categorical,Other serious consequences/burns(21),21,Other serious consequences/burns,FALSE,
602,F,tpoths1,categorical,Consequences surgery/operations(22),22,Consequences surgery/operations,FALSE,
602,F,tpoths1,categorical,Disease of nervous system(23),23,Disease of nervous system,FALSE,
602,F,tpoths1,categorical,"Mental problems, incl. depression(24)",24,"Mental problems, incl. depression",FALSE,
602,F,tpoths1,categorical,Eye diseases(25),25,Eye diseases,FALSE,
602,F,tpoths1,categorical,Ear diseases/hearing problems(26),26,Ear diseases/hearing problems,FALSE,
602,F,tpoths1,categorical,Venous insufficiency/varicose veins(27),27,Venous insufficiency/varicose veins,FALSE,
602,F,tpoths1,categorical,Anaemia(28),28,Anaemia,FALSE,
602,F,tpoths1,categorical,Chronic headaches (no migraine)(29),29,Chronic headaches (no migraine),FALSE,
602,F,tpoths1,categorical,Chronic neck-problems(30),30,Chronic neck-problems,FALSE,
602,F,tpoths1,categorical,Dizziness without falling(31),31,Dizziness without falling,FALSE,
602,F,tpoths1,categorical,Congenital disorders(32),32,Congenital disorders,FALSE,
602,F,tpoths1,categorical,Hypercholesterolaemia(33),33,Hypercholesterolaemia,FALSE,
602,F,tpoths1,categorical,Gout(34),34,Gout,FALSE,
602,F,tpoths1,categorical,Menopausal complaints (females)(35),35,Menopausal complaints (females),FALSE,
602,F,tpoths1,categorical,Osteoporosis(36),36,Osteoporosis,FALSE,
602,F,tpoths1,categorical,Other pulmonary diseases (no CNSLD)(37),37,Other pulmonary diseases (no CNSLD),FALSE,
602,F,tpoths1,categorical,Systemic diseases(38),38,Systemic diseases,FALSE,
602,F,tpoths1,categorical,Other hormonal diseases (no diabetes/thyroid)(39),39,Other hormonal diseases (no diabetes/thyroid),FALSE,
602,F,tpoths1,categorical,Other urological disease (no incontinence)(40),40,Other urological disease (no incontinence),FALSE,
602,F,tpoths1,categorical,Other locomotor disease(41),41,Other locomotor disease,FALSE,
602,F,tpoths1,categorical,Other vascular disease(42),42,Other vascular disease,FALSE,
602,F,tpoths1,categorical,Other neurological disease(43),43,Other neurological disease,FALSE,
602,F,tpoths1,categorical,TIA(44),44,TIA,FALSE,
602,F,tpoths1,categorical,Other hematological disease(45),45,Other hematological disease,FALSE,
602,F,tpoths1,categorical,Pancreatitis-chronic(46),46,Pancreatitis-chronic,FALSE,
602,F,tpoths1,categorical,no label(47),47,no label,FALSE,
602,F,tpoths1,categorical,Addiction(48),48,Addiction,FALSE,
602,F,tpoths1,categorical,Other chronic disease(49),49,Other chronic disease,FALSE,
602,F,tpoths1,categorical,Other non-chronic disease(50),50,Other non-chronic disease,FALSE,
602,F,tpoths2,categorical,no other disease mentioned(-2),-2,no other disease mentioned,TRUE,
602,F,tpoths2,categorical,no more other diseases mentioned(0),0,no more other diseases mentioned,FALSE,
602,F,tpoths2,categorical,Ulcer stomach or duodenum(2),2,Ulcer stomach or duodenum,FALSE,
602,F,tpoths2,categorical,Serious intestinal disease(3),3,Serious intestinal disease,FALSE,
602,F,tpoths2,categorical,Gall-stones/gall-bladder disease(4),4,Gall-stones/gall-bladder disease,FALSE,
602,F,tpoths2,categorical,Liver disease or cirrhosis(5),5,Liver disease or cirrhosis,FALSE,
602,F,tpoths2,categorical,Inguinal hernia(6),6,Inguinal hernia,FALSE,
602,F,tpoths2,categorical,Kidney stone(7),7,Kidney stone,FALSE,
602,F,tpoths2,categorical,Kidney disease-serious(8),8,Kidney disease-serious,FALSE,
602,F,tpoths2,categorical,Chronic cystitis(9),9,Chronic cystitis,FALSE,
602,F,tpoths2,categorical,Prostate complaints (males)(10),10,Prostate complaints (males),FALSE,
602,F,tpoths2,categorical,Prolapse (females)(11),11,Prolapse (females),FALSE,
602,F,tpoths2,categorical,Thyroid disease(12),12,Thyroid disease,FALSE,
602,F,tpoths2,categorical,"Back problems, hernia(13)",13,"Back problems, hernia",FALSE,
602,F,tpoths2,categorical,Epilepsy(14),14,Epilepsy,FALSE,
602,F,tpoths2,categorical,Dizziness with falling(15),15,Dizziness with falling,FALSE,
602,F,tpoths2,categorical,Migraine(16),16,Migraine,FALSE,
602,F,tpoths2,categorical,Serious skin disease(17),17,Serious skin disease,FALSE,
602,F,tpoths2,categorical,Decubitus-ulcer(18),18,Decubitus-ulcer,FALSE,
602,F,tpoths2,categorical,Allergy/hay-fever(19),19,Allergy/hay-fever,FALSE,
602,F,tpoths2,categorical,Serious consequences accident(20),20,Serious consequences accident,FALSE,
602,F,tpoths2,categorical,Other serious consequences/burns(21),21,Other serious consequences/burns,FALSE,
602,F,tpoths2,categorical,Consequences surgery/operations(22),22,Consequences surgery/operations,FALSE,
602,F,tpoths2,categorical,Disease of nervous system(23),23,Disease of nervous system,FALSE,
602,F,tpoths2,categorical,"Mental problems, incl. depression(24)",24,"Mental problems, incl. depression",FALSE,
602,F,tpoths2,categorical,Eye diseases(25),25,Eye diseases,FALSE,
602,F,tpoths2,categorical,Ear diseases/hearing problems(26),26,Ear diseases/hearing problems,FALSE,
602,F,tpoths2,categorical,Venous insufficiency/varicose veins(27),27,Venous insufficiency/varicose veins,FALSE,
602,F,tpoths2,categorical,Anaemia(28),28,Anaemia,FALSE,
602,F,tpoths2,categorical,Chronic headaches (no migraine)(29),29,Chronic headaches (no migraine),FALSE,
602,F,tpoths2,categorical,Chronic neck-problems(30),30,Chronic neck-problems,FALSE,
602,F,tpoths2,categorical,Dizziness without falling(31),31,Dizziness without falling,FALSE,
602,F,tpoths2,categorical,Congenital disorders(32),32,Congenital disorders,FALSE,
602,F,tpoths2,categorical,Hypercholesterolaemia(33),33,Hypercholesterolaemia,FALSE,
602,F,tpoths2,categorical,Gout(34),34,Gout,FALSE,
602,F,tpoths2,categorical,Menopausal complaints (females)(35),35,Menopausal complaints (females),FALSE,
602,F,tpoths2,categorical,Osteoporosis(36),36,Osteoporosis,FALSE,
602,F,tpoths2,categorical,Other pulmonary diseases (no CNSLD)(37),37,Other pulmonary diseases (no CNSLD),FALSE,
602,F,tpoths2,categorical,Systemic diseases(38),38,Systemic diseases,FALSE,
602,F,tpoths2,categorical,Other hormonal diseases (no diabetes/thyroid)(39),39,Other hormonal diseases (no diabetes/thyroid),FALSE,
602,F,tpoths2,categorical,Other urological disease (no incontinence)(40),40,Other urological disease (no incontinence),FALSE,
602,F,tpoths2,categorical,Other locomotor disease(41),41,Other locomotor disease,FALSE,
602,F,tpoths2,categorical,Other vascular disease(42),42,Other vascular disease,FALSE,
602,F,tpoths2,categorical,Other neurological disease(43),43,Other neurological disease,FALSE,
602,F,tpoths2,categorical,TIA(44),44,TIA,FALSE,
602,F,tpoths2,categorical,Other hematological disease(45),45,Other hematological disease,FALSE,
602,F,tpoths2,categorical,Pancreatitis-chronic(46),46,Pancreatitis-chronic,FALSE,
602,F,tpoths2,categorical,no label(47),47,no label,FALSE,
602,F,tpoths2,categorical,Addiction(48),48,Addiction,FALSE,
602,F,tpoths2,categorical,Other chronic disease(49),49,Other chronic disease,FALSE,
602,F,tpoths2,categorical,Other non-chronic disease(50),50,Other non-chronic disease,FALSE,
602,F,tpoths3,categorical,no other disease mentioned(-2),-2,no other disease mentioned,TRUE,
602,F,tpoths3,categorical,no more other diseases mentioned(0),0,no more other diseases mentioned,FALSE,
602,F,tpoths3,categorical,Ulcer stomach or duodenum(2),2,Ulcer stomach or duodenum,FALSE,
602,F,tpoths3,categorical,Serious intestinal disease(3),3,Serious intestinal disease,FALSE,
602,F,tpoths3,categorical,Gall-stones/gall-bladder disease(4),4,Gall-stones/gall-bladder disease,FALSE,
602,F,tpoths3,categorical,Liver disease or cirrhosis(5),5,Liver disease or cirrhosis,FALSE,
602,F,tpoths3,categorical,Inguinal hernia(6),6,Inguinal hernia,FALSE,
602,F,tpoths3,categorical,Kidney stone(7),7,Kidney stone,FALSE,
602,F,tpoths3,categorical,Kidney disease-serious(8),8,Kidney disease-serious,FALSE,
602,F,tpoths3,categorical,Chronic cystitis(9),9,Chronic cystitis,FALSE,
602,F,tpoths3,categorical,Prostate complaints (males)(10),10,Prostate complaints (males),FALSE,
602,F,tpoths3,categorical,Prolapse (females)(11),11,Prolapse (females),FALSE,
602,F,tpoths3,categorical,Thyroid disease(12),12,Thyroid disease,FALSE,
602,F,tpoths3,categorical,"Back problems, hernia(13)",13,"Back problems, hernia",FALSE,
602,F,tpoths3,categorical,Epilepsy(14),14,Epilepsy,FALSE,
602,F,tpoths3,categorical,Dizziness with falling(15),15,Dizziness with falling,FALSE,
602,F,tpoths3,categorical,Migraine(16),16,Migraine,FALSE,
602,F,tpoths3,categorical,Serious skin disease(17),17,Serious skin disease,FALSE,
602,F,tpoths3,categorical,Decubitus-ulcer(18),18,Decubitus-ulcer,FALSE,
602,F,tpoths3,categorical,Allergy/hay-fever(19),19,Allergy/hay-fever,FALSE,
602,F,tpoths3,categorical,Serious consequences accident(20),20,Serious consequences accident,FALSE,
602,F,tpoths3,categorical,Other serious consequences/burns(21),21,Other serious consequences/burns,FALSE,
602,F,tpoths3,categorical,Consequences surgery/operations(22),22,Consequences surgery/operations,FALSE,
602,F,tpoths3,categorical,Disease of nervous system(23),23,Disease of nervous system,FALSE,
602,F,tpoths3,categorical,"Mental problems, incl. depression(24)",24,"Mental problems, incl. depression",FALSE,
602,F,tpoths3,categorical,Eye diseases(25),25,Eye diseases,FALSE,
602,F,tpoths3,categorical,Ear diseases/hearing problems(26),26,Ear diseases/hearing problems,FALSE,
602,F,tpoths3,categorical,Venous insufficiency/varicose veins(27),27,Venous insufficiency/varicose veins,FALSE,
602,F,tpoths3,categorical,Anaemia(28),28,Anaemia,FALSE,
602,F,tpoths3,categorical,Chronic headaches (no migraine)(29),29,Chronic headaches (no migraine),FALSE,
602,F,tpoths3,categorical,Chronic neck-problems(30),30,Chronic neck-problems,FALSE,
602,F,tpoths3,categorical,Dizziness without falling(31),31,Dizziness without falling,FALSE,
602,F,tpoths3,categorical,Congenital disorders(32),32,Congenital disorders,FALSE,
602,F,tpoths3,categorical,Hypercholesterolaemia(33),33,Hypercholesterolaemia,FALSE,
602,F,tpoths3,categorical,Gout(34),34,Gout,FALSE,
602,F,tpoths3,categorical,Menopausal complaints (females)(35),35,Menopausal complaints (females),FALSE,
602,F,tpoths3,categorical,Osteoporosis(36),36,Osteoporosis,FALSE,
602,F,tpoths3,categorical,Other pulmonary diseases (no CNSLD)(37),37,Other pulmonary diseases (no CNSLD),FALSE,
602,F,tpoths3,categorical,Systemic diseases(38),38,Systemic diseases,FALSE,
602,F,tpoths3,categorical,Other hormonal diseases (no diabetes/thyroid)(39),39,Other hormonal diseases (no diabetes/thyroid),FALSE,
602,F,tpoths3,categorical,Other urological disease (no incontinence)(40),40,Other urological disease (no incontinence),FALSE,
602,F,tpoths3,categorical,Other locomotor disease(41),41,Other locomotor disease,FALSE,
602,F,tpoths3,categorical,Other vascular disease(42),42,Other vascular disease,FALSE,
602,F,tpoths3,categorical,Other neurological disease(43),43,Other neurological disease,FALSE,
602,F,tpoths3,categorical,TIA(44),44,TIA,FALSE,
602,F,tpoths3,categorical,Other hematological disease(45),45,Other hematological disease,FALSE,
602,F,tpoths3,categorical,Pancreatitis-chronic(46),46,Pancreatitis-chronic,FALSE,
602,F,tpoths3,categorical,no label(47),47,no label,FALSE,
602,F,tpoths3,categorical,Addiction(48),48,Addiction,FALSE,
602,F,tpoths3,categorical,Other chronic disease(49),49,Other chronic disease,FALSE,
602,F,tpoths3,categorical,Other non-chronic disease(50),50,Other non-chronic disease,FALSE,
602,F,tpoths4,categorical,no other disease mentioned(-2),-2,no other disease mentioned,TRUE,
602,F,tpoths4,categorical,no more other diseases mentioned(0),0,no more other diseases mentioned,FALSE,
602,F,tpoths4,categorical,Ulcer stomach or duodenum(2),2,Ulcer stomach or duodenum,FALSE,
602,F,tpoths4,categorical,Serious intestinal disease(3),3,Serious intestinal disease,FALSE,
602,F,tpoths4,categorical,Gall-stones/gall-bladder disease(4),4,Gall-stones/gall-bladder disease,FALSE,
602,F,tpoths4,categorical,Liver disease or cirrhosis(5),5,Liver disease or cirrhosis,FALSE,
602,F,tpoths4,categorical,Inguinal hernia(6),6,Inguinal hernia,FALSE,
602,F,tpoths4,categorical,Kidney stone(7),7,Kidney stone,FALSE,
602,F,tpoths4,categorical,Kidney disease-serious(8),8,Kidney disease-serious,FALSE,
602,F,tpoths4,categorical,Chronic cystitis(9),9,Chronic cystitis,FALSE,
602,F,tpoths4,categorical,Prostate complaints (males)(10),10,Prostate complaints (males),FALSE,
602,F,tpoths4,categorical,Prolapse (females)(11),11,Prolapse (females),FALSE,
602,F,tpoths4,categorical,Thyroid disease(12),12,Thyroid disease,FALSE,
602,F,tpoths4,categorical,"Back problems, hernia(13)",13,"Back problems, hernia",FALSE,
602,F,tpoths4,categorical,Epilepsy(14),14,Epilepsy,FALSE,
602,F,tpoths4,categorical,Dizziness with falling(15),15,Dizziness with falling,FALSE,
602,F,tpoths4,categorical,Migraine(16),16,Migraine,FALSE,
602,F,tpoths4,categorical,Serious skin disease(17),17,Serious skin disease,FALSE,
602,F,tpoths4,categorical,Decubitus-ulcer(18),18,Decubitus-ulcer,FALSE,
602,F,tpoths4,categorical,Allergy/hay-fever(19),19,Allergy/hay-fever,FALSE,
602,F,tpoths4,categorical,Serious consequences accident(20),20,Serious consequences accident,FALSE,
602,F,tpoths4,categorical,Other serious consequences/burns(21),21,Other serious consequences/burns,FALSE,
602,F,tpoths4,categorical,Consequences surgery/operations(22),22,Consequences surgery/operations,FALSE,
602,F,tpoths4,categorical,Disease of nervous system(23),23,Disease of nervous system,FALSE,
602,F,tpoths4,categorical,"Mental problems, incl. depression(24)",24,"Mental problems, incl. depression",FALSE,
602,F,tpoths4,categorical,Eye diseases(25),25,Eye diseases,FALSE,
602,F,tpoths4,categorical,Ear diseases/hearing problems(26),26,Ear diseases/hearing problems,FALSE,
602,F,tpoths4,categorical,Venous insufficiency/varicose veins(27),27,Venous insufficiency/varicose veins,FALSE,
602,F,tpoths4,categorical,Anaemia(28),28,Anaemia,FALSE,
602,F,tpoths4,categorical,Chronic headaches (no migraine)(29),29,Chronic headaches (no migraine),FALSE,
602,F,tpoths4,categorical,Chronic neck-problems(30),30,Chronic neck-problems,FALSE,
602,F,tpoths4,categorical,Dizziness without falling(31),31,Dizziness without falling,FALSE,
602,F,tpoths4,categorical,Congenital disorders(32),32,Congenital disorders,FALSE,
602,F,tpoths4,categorical,Hypercholesterolaemia(33),33,Hypercholesterolaemia,FALSE,
602,F,tpoths4,categorical,Gout(34),34,Gout,FALSE,
602,F,tpoths4,categorical,Menopausal complaints (females)(35),35,Menopausal complaints (females),FALSE,
602,F,tpoths4,categorical,Osteoporosis(36),36,Osteoporosis,FALSE,
602,F,tpoths4,categorical,Other pulmonary diseases (no CNSLD)(37),37,Other pulmonary diseases (no CNSLD),FALSE,
602,F,tpoths4,categorical,Systemic diseases(38),38,Systemic diseases,FALSE,
602,F,tpoths4,categorical,Other hormonal diseases (no diabetes/thyroid)(39),39,Other hormonal diseases (no diabetes/thyroid),FALSE,
602,F,tpoths4,categorical,Other urological disease (no incontinence)(40),40,Other urological disease (no incontinence),FALSE,
602,F,tpoths4,categorical,Other locomotor disease(41),41,Other locomotor disease,FALSE,
602,F,tpoths4,categorical,Other vascular disease(42),42,Other vascular disease,FALSE,
602,F,tpoths4,categorical,Other neurological disease(43),43,Other neurological disease,FALSE,
602,F,tpoths4,categorical,TIA(44),44,TIA,FALSE,
602,F,tpoths4,categorical,Other hematological disease(45),45,Other hematological disease,FALSE,
602,F,tpoths4,categorical,Pancreatitis-chronic(46),46,Pancreatitis-chronic,FALSE,
602,F,tpoths4,categorical,no label(47),47,no label,FALSE,
602,F,tpoths4,categorical,Addiction(48),48,Addiction,FALSE,
602,F,tpoths4,categorical,Other chronic disease(49),49,Other chronic disease,FALSE,
602,F,tpoths4,categorical,Other non-chronic disease(50),50,Other non-chronic disease,FALSE,
602,F,tpoths5,categorical,no other disease mentioned(-2),-2,no other disease mentioned,TRUE,
602,F,tpoths5,categorical,no more other diseases mentioned(0),0,no more other diseases mentioned,FALSE,
602,F,tpoths5,categorical,Ulcer stomach or duodenum(2),2,Ulcer stomach or duodenum,FALSE,
602,F,tpoths5,categorical,Serious intestinal disease(3),3,Serious intestinal disease,FALSE,
602,F,tpoths5,categorical,Gall-stones/gall-bladder disease(4),4,Gall-stones/gall-bladder disease,FALSE,
602,F,tpoths5,categorical,Liver disease or cirrhosis(5),5,Liver disease or cirrhosis,FALSE,
602,F,tpoths5,categorical,Inguinal hernia(6),6,Inguinal hernia,FALSE,
602,F,tpoths5,categorical,Kidney stone(7),7,Kidney stone,FALSE,
602,F,tpoths5,categorical,Kidney disease-serious(8),8,Kidney disease-serious,FALSE,
602,F,tpoths5,categorical,Chronic cystitis(9),9,Chronic cystitis,FALSE,
602,F,tpoths5,categorical,Prostate complaints (males)(10),10,Prostate complaints (males),FALSE,
602,F,tpoths5,categorical,Prolapse (females)(11),11,Prolapse (females),FALSE,
602,F,tpoths5,categorical,Thyroid disease(12),12,Thyroid disease,FALSE,
602,F,tpoths5,categorical,"Back problems, hernia(13)",13,"Back problems, hernia",FALSE,
602,F,tpoths5,categorical,Epilepsy(14),14,Epilepsy,FALSE,
602,F,tpoths5,categorical,Dizziness with falling(15),15,Dizziness with falling,FALSE,
602,F,tpoths5,categorical,Migraine(16),16,Migraine,FALSE,
602,F,tpoths5,categorical,Serious skin disease(17),17,Serious skin disease,FALSE,
602,F,tpoths5,categorical,Decubitus-ulcer(18),18,Decubitus-ulcer,FALSE,
602,F,tpoths5,categorical,Allergy/hay-fever(19),19,Allergy/hay-fever,FALSE,
602,F,tpoths5,categorical,Serious consequences accident(20),20,Serious consequences accident,FALSE,
602,F,tpoths5,categorical,Other serious consequences/burns(21),21,Other serious consequences/burns,FALSE,
602,F,tpoths5,categorical,Consequences surgery/operations(22),22,Consequences surgery/operations,FALSE,
602,F,tpoths5,categorical,Disease of nervous system(23),23,Disease of nervous system,FALSE,
602,F,tpoths5,categorical,"Mental problems, incl. depression(24)",24,"Mental problems, incl. depression",FALSE,
602,F,tpoths5,categorical,Eye diseases(25),25,Eye diseases,FALSE,
602,F,tpoths5,categorical,Ear diseases/hearing problems(26),26,Ear diseases/hearing problems,FALSE,
602,F,tpoths5,categorical,Venous insufficiency/varicose veins(27),27,Venous insufficiency/varicose veins,FALSE,
602,F,tpoths5,categorical,Anaemia(28),28,Anaemia,FALSE,
602,F,tpoths5,categorical,Chronic headaches (no migraine)(29),29,Chronic headaches (no migraine),FALSE,
602,F,tpoths5,categorical,Chronic neck-problems(30),30,Chronic neck-problems,FALSE,
602,F,tpoths5,categorical,Dizziness without falling(31),31,Dizziness without falling,FALSE,
602,F,tpoths5,categorical,Congenital disorders(32),32,Congenital disorders,FALSE,
602,F,tpoths5,categorical,Hypercholesterolaemia(33),33,Hypercholesterolaemia,FALSE,
602,F,tpoths5,categorical,Gout(34),34,Gout,FALSE,
602,F,tpoths5,categorical,Menopausal complaints (females)(35),35,Menopausal complaints (females),FALSE,
602,F,tpoths5,categorical,Osteoporosis(36),36,Osteoporosis,FALSE,
602,F,tpoths5,categorical,Other pulmonary diseases (no CNSLD)(37),37,Other pulmonary diseases (no CNSLD),FALSE,
602,F,tpoths5,categorical,Systemic diseases(38),38,Systemic diseases,FALSE,
602,F,tpoths5,categorical,Other hormonal diseases (no diabetes/thyroid)(39),39,Other hormonal diseases (no diabetes/thyroid),FALSE,
602,F,tpoths5,categorical,Other urological disease (no incontinence)(40),40,Other urological disease (no incontinence),FALSE,
602,F,tpoths5,categorical,Other locomotor disease(41),41,Other locomotor disease,FALSE,
602,F,tpoths5,categorical,Other vascular disease(42),42,Other vascular disease,FALSE,
602,F,tpoths5,categorical,Other neurological disease(43),43,Other neurological disease,FALSE,
602,F,tpoths5,categorical,TIA(44),44,TIA,FALSE,
602,F,tpoths5,categorical,Other hematological disease(45),45,Other hematological disease,FALSE,
602,F,tpoths5,categorical,Pancreatitis-chronic(46),46,Pancreatitis-chronic,FALSE,
602,F,tpoths5,categorical,no label(47),47,no label,FALSE,
602,F,tpoths5,categorical,Addiction(48),48,Addiction,FALSE,
602,F,tpoths5,categorical,Other chronic disease(49),49,Other chronic disease,FALSE,
602,F,tpoths5,categorical,Other non-chronic disease(50),50,Other non-chronic disease,FALSE,
602,F,tpnochrot,numeric,no valid data(-1),-1,no valid data,TRUE,
602,F,tpnochrom,numeric,no valid data(-1),-1,no valid data,TRUE,
602,G,tpreaso,categorical,"asked, no answer(-1)",-1,"asked, no answer",TRUE,
602,G,tpreaso,categorical,physical indication(1),1,physical indication,FALSE,
602,G,tpreaso,categorical,psychological indication(2),2,psychological indication,FALSE,
602,G,tpreaso,categorical,physical + psychological indication(3),3,physical + psychological indication,FALSE,
602,G,tpreaso,categorical,answer refused(4),4,answer refused,FALSE,
602,G,tpreaso,categorical,does not know(5),5,does not know,FALSE,
602,G,tpsubh1,ordinal,"asked, no answer(-1)",-1,"asked, no answer",TRUE,
602,G,tpsubh1,ordinal,excellent(1),1,excellent,FALSE,
602,G,tpsubh1,ordinal,good(2),2,good,FALSE,
602,G,tpsubh1,ordinal,fair(3),3,fair,FALSE,
602,G,tpsubh1,ordinal,sometimes good/bad(4),4,sometimes good/bad,FALSE,
602,G,tpsubh1,ordinal,poor(5),5,poor,FALSE,
602,G,tpcara1,binary,"asked, no answer(-1)",-1,"asked, no answer",TRUE,
602,G,tpcara1,binary,no(0),0,no,FALSE,
602,G,tpcara1,binary,yes(1),1,yes,FALSE,
602,G,tphart1,binary,"asked, no answer(-1)",-1,"asked, no answer",TRUE,
602,G,tphart1,binary,no(0),0,no,FALSE,
602,G,tphart1,binary,yes(1),1,yes,FALSE,
602,G,tpartv1,binary,"asked, no answer(-1)",-1,"asked, no answer",TRUE,
602,G,tpartv1,binary,no(0),0,no,FALSE,
602,G,tpartv1,binary,yes(1),1,yes,FALSE,
602,G,tpdiab1,binary,"asked, no answer(-1)",-1,"asked, no answer",TRUE,
602,G,tpdiab1,binary,no(0),0,no,FALSE,
602,G,tpdiab1,binary,yes(1),1,yes,FALSE,
602,G,tpcva01,binary,"asked, no answer(-1)",-1,"asked, no answer",TRUE,
602,G,tpcva01,binary,no(0),0,no,FALSE,
602,G,tpcva01,binary,yes(1),1,yes,FALSE,
602,G,tprheu1,binary,"asked, no answer(-1)",-1,"asked, no answer",TRUE,
602,G,tprheu1,binary,no(0),0,no,FALSE,
602,G,tprheu1,binary,yes(1),1,yes,FALSE,
602,G,tprheu2,binary,"asked, no answer(-1)",-1,"asked, no answer",TRUE,
602,G,tprheu2,binary,no(0),0,no,FALSE,
602,G,tprheu2,binary,yes(1),1,yes,FALSE,
602,G,tpcanc1,binary,"asked, no answer(-1)",-1,"asked, no answer",TRUE,
602,G,tpcanc1,binary,no(0),0,no,FALSE,
602,G,tpcanc1,binary,yes(1),1,yes,FALSE,
602,G,tphbd1,binary,"asked, no answer(-1)",-1,"asked, no answer",TRUE,
602,G,tphbd1,binary,no(0),0,no,FALSE,
602,G,tphbd1,binary,yes(1),1,yes,FALSE,
602,G,tphead,binary,"asked, no answer(-1)",-1,"asked, no answer",TRUE,
602,G,tphead,binary,no(0),0,no,FALSE,
602,G,tphead,binary,yes(1),1,yes,FALSE,
602,G,tpheanr,numeric,no head trauma(-2),-2,no head trauma,TRUE,
602,G,tpheanr,numeric,"asked, no answer(-1)",-1,"asked, no answer",TRUE,
602,G,tpheam,categorical,no head trauma(-2),-2,no head trauma,TRUE,
602,G,tpheam,categorical,"asked, no answer(-1)",-1,"asked, no answer",TRUE,
602,G,tpheam,categorical,January(1),1,January,FALSE,
602,G,tpheam,categorical,February(2),2,February,FALSE,
602,G,tpheam,categorical,March(3),3,March,FALSE,
602,G,tpheam,categorical,April(4),4,April,FALSE,
602,G,tpheam,categorical,May(5),5,May,FALSE,
602,G,tpheam,categorical,June(6),6,June,FALSE,
602,G,tpheam,categorical,July(7),7,July,FALSE,
602,G,tpheam,categorical,August(8),8,August,FALSE,
602,G,tpheam,categorical,September(9),9,September,FALSE,
602,G,tpheam,categorical,October(10),10,October,FALSE,
602,G,tpheam,categorical,November(11),11,November,FALSE,
602,G,tpheam,categorical,December(12),12,December,FALSE,
602,G,tpheay,numeric,no head trauma(-2),-2,no head trauma,TRUE,
602,G,tpheay,numeric,"asked, no answer(-1)",-1,"asked, no answer",TRUE,
602,G,tpothnr,numeric,,,,,
602,G,tpoths1,categorical,no other disease mentioned(-2),-2,no other disease mentioned,TRUE,
602,G,tpoths1,categorical,no more other diseases mentioned(0),0,no more other diseases mentioned,FALSE,
602,G,tpoths1,categorical,Ulcer stomach or duodenum(2),2,Ulcer stomach or duodenum,FALSE,
602,G,tpoths1,categorical,Serious intestinal disease(3),3,Serious intestinal disease,FALSE,
602,G,tpoths1,categorical,Gall-stones/gall-bladder disease(4),4,Gall-stones/gall-bladder disease,FALSE,
602,G,tpoths1,categorical,Liver disease or cirrhosis(5),5,Liver disease or cirrhosis,FALSE,
602,G,tpoths1,categorical,Inguinal hernia(6),6,Inguinal hernia,FALSE,
602,G,tpoths1,categorical,Kidney stone(7),7,Kidney stone,FALSE,
602,G,tpoths1,categorical,Kidney disease-serious(8),8,Kidney disease-serious,FALSE,
602,G,tpoths1,categorical,Chronic cystitis(9),9,Chronic cystitis,FALSE,
602,G,tpoths1,categorical,Prostate complaints (males)(10),10,Prostate complaints (males),FALSE,
602,G,tpoths1,categorical,Prolapse (females)(11),11,Prolapse (females),FALSE,
602,G,tpoths1,categorical,Thyroid disease(12),12,Thyroid disease,FALSE,
602,G,tpoths1,categorical,"Back problems, hernia(13)",13,"Back problems, hernia",FALSE,
602,G,tpoths1,categorical,Epilepsy(14),14,Epilepsy,FALSE,
602,G,tpoths1,categorical,Dizziness with falling(15),15,Dizziness with falling,FALSE,
602,G,tpoths1,categorical,Migraine(16),16,Migraine,FALSE,
602,G,tpoths1,categorical,Serious skin disease(17),17,Serious skin disease,FALSE,
602,G,tpoths1,categorical,Decubitus-ulcer(18),18,Decubitus-ulcer,FALSE,
602,G,tpoths1,categorical,Allergy/hay-fever(19),19,Allergy/hay-fever,FALSE,
602,G,tpoths1,categorical,Serious consequences accident(20),20,Serious consequences accident,FALSE,
602,G,tpoths1,categorical,Other serious consequences/burns(21),21,Other serious consequences/burns,FALSE,
602,G,tpoths1,categorical,Consequences surgery/operations(22),22,Consequences surgery/operations,FALSE,
602,G,tpoths1,categorical,Disease of nervous system(23),23,Disease of nervous system,FALSE,
602,G,tpoths1,categorical,"Mental problems, incl. depression(24)",24,"Mental problems, incl. depression",FALSE,
602,G,tpoths1,categorical,Eye diseases(25),25,Eye diseases,FALSE,
602,G,tpoths1,categorical,Ear diseases/hearing problems(26),26,Ear diseases/hearing problems,FALSE,
602,G,tpoths1,categorical,Venous insufficiency/varicose veins(27),27,Venous insufficiency/varicose veins,FALSE,
602,G,tpoths1,categorical,Anaemia(28),28,Anaemia,FALSE,
602,G,tpoths1,categorical,Chronic headaches (no migraine)(29),29,Chronic headaches (no migraine),FALSE,
602,G,tpoths1,categorical,Chronic neck-problems(30),30,Chronic neck-problems,FALSE,
602,G,tpoths1,categorical,Dizziness without falling(31),31,Dizziness without falling,FALSE,
602,G,tpoths1,categorical,Congenital disorders(32),32,Congenital disorders,FALSE,
602,G,tpoths1,categorical,Hypercholesterolaemia(33),33,Hypercholesterolaemia,FALSE,
602,G,tpoths1,categorical,Gout(34),34,Gout,FALSE,
602,G,tpoths1,categorical,Menopausal complaints (females)(35),35,Menopausal complaints (females),FALSE,
602,G,tpoths1,categorical,Osteoporosis(36),36,Osteoporosis,FALSE,
602,G,tpoths1,categorical,Other pulmonary diseases (no CNSLD)(37),37,Other pulmonary diseases (no CNSLD),FALSE,
602,G,tpoths1,categorical,Systemic diseases(38),38,Systemic diseases,FALSE,
602,G,tpoths1,categorical,Other hormonal diseases (no diabetes/thyroid)(39),39,Other hormonal diseases (no diabetes/thyroid),FALSE,
602,G,tpoths1,categorical,Other urological disease (no incontinence)(40),40,Other urological disease (no incontinence),FALSE,
602,G,tpoths1,categorical,Other locomotor disease(41),41,Other locomotor disease,FALSE,
602,G,tpoths1,categorical,Other vascular disease(42),42,Other vascular disease,FALSE,
602,G,tpoths1,categorical,Other neurological disease(43),43,Other neurological disease,FALSE,
602,G,tpoths1,categorical,TIA(44),44,TIA,FALSE,
602,G,tpoths1,categorical,Other hematological disease(45),45,Other hematological disease,FALSE,
602,G,tpoths1,categorical,Pancreatitis-chronic(46),46,Pancreatitis-chronic,FALSE,
602,G,tpoths1,categorical,no label(47),47,no label,FALSE,
602,G,tpoths1,categorical,Addiction(48),48,Addiction,FALSE,
602,G,tpoths1,categorical,Other chronic disease(49),49,Other chronic disease,FALSE,
602,G,tpoths1,categorical,Other non-chronic disease(50),50,Other non-chronic disease,FALSE,
602,G,tpoths2,categorical,no other disease mentioned(-2),-2,no other disease mentioned,TRUE,
602,G,tpoths2,categorical,no more other diseases mentioned(0),0,no more other diseases mentioned,FALSE,
602,G,tpoths2,categorical,Ulcer stomach or duodenum(2),2,Ulcer stomach or duodenum,FALSE,
602,G,tpoths2,categorical,Serious intestinal disease(3),3,Serious intestinal disease,FALSE,
602,G,tpoths2,categorical,Gall-stones/gall-bladder disease(4),4,Gall-stones/gall-bladder disease,FALSE,
602,G,tpoths2,categorical,Liver disease or cirrhosis(5),5,Liver disease or cirrhosis,FALSE,
602,G,tpoths2,categorical,Inguinal hernia(6),6,Inguinal hernia,FALSE,
602,G,tpoths2,categorical,Kidney stone(7),7,Kidney stone,FALSE,
602,G,tpoths2,categorical,Kidney disease-serious(8),8,Kidney disease-serious,FALSE,
602,G,tpoths2,categorical,Chronic cystitis(9),9,Chronic cystitis,FALSE,
602,G,tpoths2,categorical,Prostate complaints (males)(10),10,Prostate complaints (males),FALSE,
602,G,tpoths2,categorical,Prolapse (females)(11),11,Prolapse (females),FALSE,
602,G,tpoths2,categorical,Thyroid disease(12),12,Thyroid disease,FALSE,
602,G,tpoths2,categorical,"Back problems, hernia(13)",13,"Back problems, hernia",FALSE,
602,G,tpoths2,categorical,Epilepsy(14),14,Epilepsy,FALSE,
602,G,tpoths2,categorical,Dizziness with falling(15),15,Dizziness with falling,FALSE,
602,G,tpoths2,categorical,Migraine(16),16,Migraine,FALSE,
602,G,tpoths2,categorical,Serious skin disease(17),17,Serious skin disease,FALSE,
602,G,tpoths2,categorical,Decubitus-ulcer(18),18,Decubitus-ulcer,FALSE,
602,G,tpoths2,categorical,Allergy/hay-fever(19),19,Allergy/hay-fever,FALSE,
602,G,tpoths2,categorical,Serious consequences accident(20),20,Serious consequences accident,FALSE,
602,G,tpoths2,categorical,Other serious consequences/burns(21),21,Other serious consequences/burns,FALSE,
602,G,tpoths2,categorical,Consequences surgery/operations(22),22,Consequences surgery/operations,FALSE,
602,G,tpoths2,categorical,Disease of nervous system(23),23,Disease of nervous system,FALSE,
602,G,tpoths2,categorical,"Mental problems, incl. depression(24)",24,"Mental problems, incl. depression",FALSE,
602,G,tpoths2,categorical,Eye diseases(25),25,Eye diseases,FALSE,
602,G,tpoths2,categorical,Ear diseases/hearing problems(26),26,Ear diseases/hearing problems,FALSE,
602,G,tpoths2,categorical,Venous insufficiency/varicose veins(27),27,Venous insufficiency/varicose veins,FALSE,
602,G,tpoths2,categorical,Anaemia(28),28,Anaemia,FALSE,
602,G,tpoths2,categorical,Chronic headaches (no migraine)(29),29,Chronic headaches (no migraine),FALSE,
602,G,tpoths2,categorical,Chronic neck-problems(30),30,Chronic neck-problems,FALSE,
602,G,tpoths2,categorical,Dizziness without falling(31),31,Dizziness without falling,FALSE,
602,G,tpoths2,categorical,Congenital disorders(32),32,Congenital disorders,FALSE,
602,G,tpoths2,categorical,Hypercholesterolaemia(33),33,Hypercholesterolaemia,FALSE,
602,G,tpoths2,categorical,Gout(34),34,Gout,FALSE,
602,G,tpoths2,categorical,Menopausal complaints (females)(35),35,Menopausal complaints (females),FALSE,
602,G,tpoths2,categorical,Osteoporosis(36),36,Osteoporosis,FALSE,
602,G,tpoths2,categorical,Other pulmonary diseases (no CNSLD)(37),37,Other pulmonary diseases (no CNSLD),FALSE,
602,G,tpoths2,categorical,Systemic diseases(38),38,Systemic diseases,FALSE,
602,G,tpoths2,categorical,Other hormonal diseases (no diabetes/thyroid)(39),39,Other hormonal diseases (no diabetes/thyroid),FALSE,
602,G,tpoths2,categorical,Other urological disease (no incontinence)(40),40,Other urological disease (no incontinence),FALSE,
602,G,tpoths2,categorical,Other locomotor disease(41),41,Other locomotor disease,FALSE,
602,G,tpoths2,categorical,Other vascular disease(42),42,Other vascular disease,FALSE,
602,G,tpoths2,categorical,Other neurological disease(43),43,Other neurological disease,FALSE,
602,G,tpoths2,categorical,TIA(44),44,TIA,FALSE,
602,G,tpoths2,categorical,Other hematological disease(45),45,Other hematological disease,FALSE,
602,G,tpoths2,categorical,Pancreatitis-chronic(46),46,Pancreatitis-chronic,FALSE,
602,G,tpoths2,categorical,no label(47),47,no label,FALSE,
602,G,tpoths2,categorical,Addiction(48),48,Addiction,FALSE,
602,G,tpoths2,categorical,Other chronic disease(49),49,Other chronic disease,FALSE,
602,G,tpoths2,categorical,Other non-chronic disease(50),50,Other non-chronic disease,FALSE,
602,G,tpoths3,categorical,no other disease mentioned(-2),-2,no other disease mentioned,TRUE,
602,G,tpoths3,categorical,no more other diseases mentioned(0),0,no more other diseases mentioned,FALSE,
602,G,tpoths3,categorical,Ulcer stomach or duodenum(2),2,Ulcer stomach or duodenum,FALSE,
602,G,tpoths3,categorical,Serious intestinal disease(3),3,Serious intestinal disease,FALSE,
602,G,tpoths3,categorical,Gall-stones/gall-bladder disease(4),4,Gall-stones/gall-bladder disease,FALSE,
602,G,tpoths3,categorical,Liver disease or cirrhosis(5),5,Liver disease or cirrhosis,FALSE,
602,G,tpoths3,categorical,Inguinal hernia(6),6,Inguinal hernia,FALSE,
602,G,tpoths3,categorical,Kidney stone(7),7,Kidney stone,FALSE,
602,G,tpoths3,categorical,Kidney disease-serious(8),8,Kidney disease-serious,FALSE,
602,G,tpoths3,categorical,Chronic cystitis(9),9,Chronic cystitis,FALSE,
602,G,tpoths3,categorical,Prostate complaints (males)(10),10,Prostate complaints (males),FALSE,
602,G,tpoths3,categorical,Prolapse (females)(11),11,Prolapse (females),FALSE,
602,G,tpoths3,categorical,Thyroid disease(12),12,Thyroid disease,FALSE,
602,G,tpoths3,categorical,"Back problems, hernia(13)",13,"Back problems, hernia",FALSE,
602,G,tpoths3,categorical,Epilepsy(14),14,Epilepsy,FALSE,
602,G,tpoths3,categorical,Dizziness with falling(15),15,Dizziness with falling,FALSE,
602,G,tpoths3,categorical,Migraine(16),16,Migraine,FALSE,
602,G,tpoths3,categorical,Serious skin disease(17),17,Serious skin disease,FALSE,
602,G,tpoths3,categorical,Decubitus-ulcer(18),18,Decubitus-ulcer,FALSE,
602,G,tpoths3,categorical,Allergy/hay-fever(19),19,Allergy/hay-fever,FALSE,
602,G,tpoths3,categorical,Serious consequences accident(20),20,Serious consequences accident,FALSE,
602,G,tpoths3,categorical,Other serious consequences/burns(21),21,Other serious consequences/burns,FALSE,
602,G,tpoths3,categorical,Consequences surgery/operations(22),22,Consequences surgery/operations,FALSE,
602,G,tpoths3,categorical,Disease of nervous system(23),23,Disease of nervous system,FALSE,
602,G,tpoths3,categorical,"Mental problems, incl. depression(24)",24,"Mental problems, incl. depression",FALSE,
602,G,tpoths3,categorical,Eye diseases(25),25,Eye diseases,FALSE,
602,G,tpoths3,categorical,Ear diseases/hearing problems(26),26,Ear diseases/hearing problems,FALSE,
602,G,tpoths3,categorical,Venous insufficiency/varicose veins(27),27,Venous insufficiency/varicose veins,FALSE,
602,G,tpoths3,categorical,Anaemia(28),28,Anaemia,FALSE,
602,G,tpoths3,categorical,Chronic headaches (no migraine)(29),29,Chronic headaches (no migraine),FALSE,
602,G,tpoths3,categorical,Chronic neck-problems(30),30,Chronic neck-problems,FALSE,
602,G,tpoths3,categorical,Dizziness without falling(31),31,Dizziness without falling,FALSE,
602,G,tpoths3,categorical,Congenital disorders(32),32,Congenital disorders,FALSE,
602,G,tpoths3,categorical,Hypercholesterolaemia(33),33,Hypercholesterolaemia,FALSE,
602,G,tpoths3,categorical,Gout(34),34,Gout,FALSE,
602,G,tpoths3,categorical,Menopausal complaints (females)(35),35,Menopausal complaints (females),FALSE,
602,G,tpoths3,categorical,Osteoporosis(36),36,Osteoporosis,FALSE,
602,G,tpoths3,categorical,Other pulmonary diseases (no CNSLD)(37),37,Other pulmonary diseases (no CNSLD),FALSE,
602,G,tpoths3,categorical,Systemic diseases(38),38,Systemic diseases,FALSE,
602,G,tpoths3,categorical,Other hormonal diseases (no diabetes/thyroid)(39),39,Other hormonal diseases (no diabetes/thyroid),FALSE,
602,G,tpoths3,categorical,Other urological disease (no incontinence)(40),40,Other urological disease (no incontinence),FALSE,
602,G,tpoths3,categorical,Other locomotor disease(41),41,Other locomotor disease,FALSE,
602,G,tpoths3,categorical,Other vascular disease(42),42,Other vascular disease,FALSE,
602,G,tpoths3,categorical,Other neurological disease(43),43,Other neurological disease,FALSE,
602,G,tpoths3,categorical,TIA(44),44,TIA,FALSE,
602,G,tpoths3,categorical,Other hematological disease(45),45,Other hematological disease,FALSE,
602,G,tpoths3,categorical,Pancreatitis-chronic(46),46,Pancreatitis-chronic,FALSE,
602,G,tpoths3,categorical,no label(47),47,no label,FALSE,
602,G,tpoths3,categorical,Addiction(48),48,Addiction,FALSE,
602,G,tpoths3,categorical,Other chronic disease(49),49,Other chronic disease,FALSE,
602,G,tpoths3,categorical,Other non-chronic disease(50),50,Other non-chronic disease,FALSE,
602,G,tpnochrot,numeric,no valid data(-1),-1,no valid data,TRUE,
602,G,tpnochrom,numeric,no valid data(-1),-1,no valid data,TRUE,
602,H,tpreaso,categorical,"asked, no answer(-1)",-1,"asked, no answer",TRUE,
602,H,tpreaso,categorical,physical indication(1),1,physical indication,FALSE,
602,H,tpreaso,categorical,psychological indication(2),2,psychological indication,FALSE,
602,H,tpreaso,categorical,physical + psychological indication(3),3,physical + psychological indication,FALSE,
602,H,tpreaso,categorical,answer refused(4),4,answer refused,FALSE,
602,H,tpreaso,categorical,does not know(5),5,does not know,FALSE,
602,H,tpreaso,categorical,R not interested/motivated(6),6,R not interested/motivated,FALSE,
602,H,tpreaso,categorical,R abroad / unreachable(7),7,R abroad / unreachable,FALSE,
602,H,tpreaso,categorical,other reason(8),8,other reason,FALSE,
602,H,tpsubh1,ordinal,"asked, no answer(-1)",-1,"asked, no answer",TRUE,
602,H,tpsubh1,ordinal,excellent(1),1,excellent,FALSE,
602,H,tpsubh1,ordinal,good(2),2,good,FALSE,
602,H,tpsubh1,ordinal,fair(3),3,fair,FALSE,
602,H,tpsubh1,ordinal,sometimes good/bad(4),4,sometimes good/bad,FALSE,
602,H,tpsubh1,ordinal,poor(5),5,poor,FALSE,
602,H,tpcara1,binary,"asked, no answer(-1)",-1,"asked, no answer",TRUE,
602,H,tpcara1,binary,no(0),0,no,FALSE,
602,H,tpcara1,binary,yes(1),1,yes,FALSE,
602,H,tphart1,binary,"asked, no answer(-1)",-1,"asked, no answer",TRUE,
602,H,tphart1,binary,no(0),0,no,FALSE,
602,H,tphart1,binary,yes(1),1,yes,FALSE,
602,H,tpartv1,binary,"asked, no answer(-1)",-1,"asked, no answer",TRUE,
602,H,tpartv1,binary,no(0),0,no,FALSE,
602,H,tpartv1,binary,yes(1),1,yes,FALSE,
602,H,tpdiab1,binary,"asked, no answer(-1)",-1,"asked, no answer",TRUE,
602,H,tpdiab1,binary,no(0),0,no,FALSE,
602,H,tpdiab1,binary,yes(1),1,yes,FALSE,
602,H,tpcva01,binary,"asked, no answer(-1)",-1,"asked, no answer",TRUE,
602,H,tpcva01,binary,no(0),0,no,FALSE,
602,H,tpcva01,binary,yes(1),1,yes,FALSE,
602,H,tprheu1,binary,"asked, no answer(-1)",-1,"asked, no answer",TRUE,
602,H,tprheu1,binary,no(0),0,no,FALSE,
602,H,tprheu1,binary,yes(1),1,yes,FALSE,
602,H,tprheu2,binary,"asked, no answer(-1)",-1,"asked, no answer",TRUE,
602,H,tprheu2,binary,no(0),0,no,FALSE,
602,H,tprheu2,binary,yes(1),1,yes,FALSE,
602,H,tpcanc1,binary,"asked, no answer(-1)",-1,"asked, no answer",TRUE,
602,H,tpcanc1,binary,no(0),0,no,FALSE,
602,H,tpcanc1,binary,yes(1),1,yes,FALSE,
602,H,tphbd1,binary,"asked, no answer(-1)",-1,"asked, no answer",TRUE,
602,H,tphbd1,binary,no(0),0,no,FALSE,
602,H,tphbd1,binary,yes(1),1,yes,FALSE,
602,H,tphead,binary,"asked, no answer(-1)",-1,"asked, no answer",TRUE,
602,H,tphead,binary,no(0),0,no,FALSE,
602,H,tphead,binary,yes(1),1,yes,FALSE,
602,H,tpheanr,numeric,no head trauma(-2),-2,no head trauma,TRUE,
602,H,tpheanr,numeric,"asked, no answer(-1)",-1,"asked, no answer",TRUE,
602,H,tpheam,categorical,no head trauma(-2),-2,no head trauma,TRUE,
602,H,tpheam,categorical,"asked, no answer(-1)",-1,"asked, no answer",TRUE,
602,H,tpheam,categorical,January(1),1,January,FALSE,
602,H,tpheam,categorical,February(2),2,February,FALSE,
602,H,tpheam,categorical,March(3),3,March,FALSE,
602,H,tpheam,categorical,April(4),4,April,FALSE,
602,H,tpheam,categorical,May(5),5,May,FALSE,
602,H,tpheam,categorical,June(6),6,June,FALSE,
602,H,tpheam,categorical,July(7),7,July,FALSE,
602,H,tpheam,categorical,August(8),8,August,FALSE,
602,H,tpheam,categorical,September(9),9,September,FALSE,
602,H,tpheam,categorical,October(10),10,October,FALSE,
602,H,tpheam,categorical,November(11),11,November,FALSE,
602,H,tpheam,categorical,December(12),12,December,FALSE,
602,H,tpheay,numeric,no head trauma(-2),-2,no head trauma,TRUE,
602,H,tpheay,numeric,"asked, no answer(-1)",-1,"asked, no answer",TRUE,
602,H,tpothnr,numeric,,,,,
602,H,tpoths1,categorical,no other disease mentioned(-2),-2,no other disease mentioned,TRUE,
602,H,tpoths1,categorical,no more other diseases mentioned(0),0,no more other diseases mentioned,FALSE,
602,H,tpoths1,categorical,Ulcer stomach or duodenum(2),2,Ulcer stomach or duodenum,FALSE,
602,H,tpoths1,categorical,Serious intestinal disease(3),3,Serious intestinal disease,FALSE,
602,H,tpoths1,categorical,Gall-stones/gall-bladder disease(4),4,Gall-stones/gall-bladder disease,FALSE,
602,H,tpoths1,categorical,Liver disease or cirrhosis(5),5,Liver disease or cirrhosis,FALSE,
602,H,tpoths1,categorical,Inguinal hernia(6),6,Inguinal hernia,FALSE,
602,H,tpoths1,categorical,Kidney stone(7),7,Kidney stone,FALSE,
602,H,tpoths1,categorical,Kidney disease-serious(8),8,Kidney disease-serious,FALSE,
602,H,tpoths1,categorical,Chronic cystitis(9),9,Chronic cystitis,FALSE,
602,H,tpoths1,categorical,Prostate complaints (males)(10),10,Prostate complaints (males),FALSE,
602,H,tpoths1,categorical,Prolapse (females)(11),11,Prolapse (females),FALSE,
602,H,tpoths1,categorical,Thyroid disease(12),12,Thyroid disease,FALSE,
602,H,tpoths1,categorical,"Back problems, hernia(13)",13,"Back problems, hernia",FALSE,
602,H,tpoths1,categorical,Epilepsy(14),14,Epilepsy,FALSE,
602,H,tpoths1,categorical,Dizziness with falling(15),15,Dizziness with falling,FALSE,
602,H,tpoths1,categorical,Migraine(16),16,Migraine,FALSE,
602,H,tpoths1,categorical,Serious skin disease(17),17,Serious skin disease,FALSE,
602,H,tpoths1,categorical,Decubitus-ulcer(18),18,Decubitus-ulcer,FALSE,
602,H,tpoths1,categorical,Allergy/hay-fever(19),19,Allergy/hay-fever,FALSE,
602,H,tpoths1,categorical,Serious consequences accident(20),20,Serious consequences accident,FALSE,
602,H,tpoths1,categorical,Other serious consequences/burns(21),21,Other serious consequences/burns,FALSE,
602,H,tpoths1,categorical,Consequences surgery/operations(22),22,Consequences surgery/operations,FALSE,
602,H,tpoths1,categorical,Disease of nervous system(23),23,Disease of nervous system,FALSE,
602,H,tpoths1,categorical,Parkinson(24),24,Parkinson,FALSE,
602,H,tpoths1,categorical,"Mental problems, incl. depression(25)",25,"Mental problems, incl. depression",FALSE,
602,H,tpoths1,categorical,Other - to be coded -(26),26,Other - to be coded -,FALSE,
602,H,tpoths2,categorical,no other disease mentioned(-2),-2,no other disease mentioned,TRUE,
602,H,tpoths2,categorical,no more other diseases mentioned(0),0,no more other diseases mentioned,FALSE,
602,H,tpoths2,categorical,Ulcer stomach or duodenum(2),2,Ulcer stomach or duodenum,FALSE,
602,H,tpoths2,categorical,Serious intestinal disease(3),3,Serious intestinal disease,FALSE,
602,H,tpoths2,categorical,Gall-stones/gall-bladder disease(4),4,Gall-stones/gall-bladder disease,FALSE,
602,H,tpoths2,categorical,Liver disease or cirrhosis(5),5,Liver disease or cirrhosis,FALSE,
602,H,tpoths2,categorical,Inguinal hernia(6),6,Inguinal hernia,FALSE,
602,H,tpoths2,categorical,Kidney stone(7),7,Kidney stone,FALSE,
602,H,tpoths2,categorical,Kidney disease-serious(8),8,Kidney disease-serious,FALSE,
602,H,tpoths2,categorical,Chronic cystitis(9),9,Chronic cystitis,FALSE,
602,H,tpoths2,categorical,Prostate complaints (males)(10),10,Prostate complaints (males),FALSE,
602,H,tpoths2,categorical,Prolapse (females)(11),11,Prolapse (females),FALSE,
602,H,tpoths2,categorical,Thyroid disease(12),12,Thyroid disease,FALSE,
602,H,tpoths2,categorical,"Back problems, hernia(13)",13,"Back problems, hernia",FALSE,
602,H,tpoths2,categorical,Epilepsy(14),14,Epilepsy,FALSE,
602,H,tpoths2,categorical,Dizziness with falling(15),15,Dizziness with falling,FALSE,
602,H,tpoths2,categorical,Migraine(16),16,Migraine,FALSE,
602,H,tpoths2,categorical,Serious skin disease(17),17,Serious skin disease,FALSE,
602,H,tpoths2,categorical,Decubitus-ulcer(18),18,Decubitus-ulcer,FALSE,
602,H,tpoths2,categorical,Allergy/hay-fever(19),19,Allergy/hay-fever,FALSE,
602,H,tpoths2,categorical,Serious consequences accident(20),20,Serious consequences accident,FALSE,
602,H,tpoths2,categorical,Other serious consequences/burns(21),21,Other serious consequences/burns,FALSE,
602,H,tpoths2,categorical,Consequences surgery/operations(22),22,Consequences surgery/operations,FALSE,
602,H,tpoths2,categorical,Disease of nervous system(23),23,Disease of nervous system,FALSE,
602,H,tpoths2,categorical,Parkinson(24),24,Parkinson,FALSE,
602,H,tpoths2,categorical,"Mental problems, incl. depression(25)",25,"Mental problems, incl. depression",FALSE,
602,H,tpoths2,categorical,Other - to be coded -(26),26,Other - to be coded -,FALSE,
602,H,tpoths3,categorical,no other disease mentioned(-2),-2,no other disease mentioned,TRUE,
602,H,tpoths3,categorical,no more other diseases mentioned(0),0,no more other diseases mentioned,FALSE,
602,H,tpoths3,categorical,Ulcer stomach or duodenum(2),2,Ulcer stomach or duodenum,FALSE,
602,H,tpoths3,categorical,Serious intestinal disease(3),3,Serious intestinal disease,FALSE,
602,H,tpoths3,categorical,Gall-stones/gall-bladder disease(4),4,Gall-stones/gall-bladder disease,FALSE,
602,H,tpoths3,categorical,Liver disease or cirrhosis(5),5,Liver disease or cirrhosis,FALSE,
602,H,tpoths3,categorical,Inguinal hernia(6),6,Inguinal hernia,FALSE,
602,H,tpoths3,categorical,Kidney stone(7),7,Kidney stone,FALSE,
602,H,tpoths3,categorical,Kidney disease-serious(8),8,Kidney disease-serious,FALSE,
602,H,tpoths3,categorical,Chronic cystitis(9),9,Chronic cystitis,FALSE,
602,H,tpoths3,categorical,Prostate complaints (males)(10),10,Prostate complaints (males),FALSE,
602,H,tpoths3,categorical,Prolapse (females)(11),11,Prolapse (females),FALSE,
602,H,tpoths3,categorical,Thyroid disease(12),12,Thyroid disease,FALSE,
602,H,tpoths3,categorical,"Back problems, hernia(13)",13,"Back problems, hernia",FALSE,
602,H,tpoths3,categorical,Epilepsy(14),14,Epilepsy,FALSE,
602,H,tpoths3,categorical,Dizziness with falling(15),15,Dizziness with falling,FALSE,
602,H,tpoths3,categorical,Migraine(16),16,Migraine,FALSE,
602,H,tpoths3,categorical,Serious skin disease(17),17,Serious skin disease,FALSE,
602,H,tpoths3,categorical,Decubitus-ulcer(18),18,Decubitus-ulcer,FALSE,
602,H,tpoths3,categorical,Allergy/hay-fever(19),19,Allergy/hay-fever,FALSE,
602,H,tpoths3,categorical,Serious consequences accident(20),20,Serious consequences accident,FALSE,
602,H,tpoths3,categorical,Other serious consequences/burns(21),21,Other serious consequences/burns,FALSE,
602,H,tpoths3,categorical,Consequences surgery/operations(22),22,Consequences surgery/operations,FALSE,
602,H,tpoths3,categorical,Disease of nervous system(23),23,Disease of nervous system,FALSE,
602,H,tpoths3,categorical,Parkinson(24),24,Parkinson,FALSE,
602,H,tpoths3,categorical,"Mental problems, incl. depression(25)",25,"Mental problems, incl. depression",FALSE,
602,H,tpoths3,categorical,Other - to be coded -(26),26,Other - to be coded -,FALSE,
602,H,tpoths4,categorical,no other disease mentioned(-2),-2,no other disease mentioned,TRUE,
602,H,tpoths4,categorical,no more other diseases mentioned(0),0,no more other diseases mentioned,FALSE,
602,H,tpoths4,categorical,Ulcer stomach or duodenum(2),2,Ulcer stomach or duodenum,FALSE,
602,H,tpoths4,categorical,Serious intestinal disease(3),3,Serious intestinal disease,FALSE,
602,H,tpoths4,categorical,Gall-stones/gall-bladder disease(4),4,Gall-stones/gall-bladder disease,FALSE,
602,H,tpoths4,categorical,Liver disease or cirrhosis(5),5,Liver disease or cirrhosis,FALSE,
602,H,tpoths4,categorical,Inguinal hernia(6),6,Inguinal hernia,FALSE,
602,H,tpoths4,categorical,Kidney stone(7),7,Kidney stone,FALSE,
602,H,tpoths4,categorical,Kidney disease-serious(8),8,Kidney disease-serious,FALSE,
602,H,tpoths4,categorical,Chronic cystitis(9),9,Chronic cystitis,FALSE,
602,H,tpoths4,categorical,Prostate complaints (males)(10),10,Prostate complaints (males),FALSE,
602,H,tpoths4,categorical,Prolapse (females)(11),11,Prolapse (females),FALSE,
602,H,tpoths4,categorical,Thyroid disease(12),12,Thyroid disease,FALSE,
602,H,tpoths4,categorical,"Back problems, hernia(13)",13,"Back problems, hernia",FALSE,
602,H,tpoths4,categorical,Epilepsy(14),14,Epilepsy,FALSE,
602,H,tpoths4,categorical,Dizziness with falling(15),15,Dizziness with falling,FALSE,
602,H,tpoths4,categorical,Migraine(16),16,Migraine,FALSE,
602,H,tpoths4,categorical,Serious skin disease(17),17,Serious skin disease,FALSE,
602,H,tpoths4,categorical,Decubitus-ulcer(18),18,Decubitus-ulcer,FALSE,
602,H,tpoths4,categorical,Allergy/hay-fever(19),19,Allergy/hay-fever,FALSE,
602,H,tpoths4,categorical,Serious consequences accident(20),20,Serious consequences accident,FALSE,
602,H,tpoths4,categorical,Other serious consequences/burns(21),21,Other serious consequences/burns,FALSE,
602,H,tpoths4,categorical,Consequences surgery/operations(22),22,Consequences surgery/operations,FALSE,
602,H,tpoths4,categorical,Disease of nervous system(23),23,Disease of nervous system,FALSE,
602,H,tpoths4,categorical,Parkinson(24),24,Parkinson,FALSE,
602,H,tpoths4,categorical,"Mental problems, incl. depression(25)",25,"Mental problems, incl. depression",FALSE,
602,H,tpoths4,categorical,Other - to be coded -(26),26,Other - to be coded -,FALSE,
602,H,tpnochrot,numeric,no valid data(-1),-1,no valid data,TRUE,
602,H,tpnochrom,numeric,no valid data(-1),-1,no valid data,TRUE,
602,I,tpreaso,categorical,"asked, no answer(-1)",-1,"asked, no answer",TRUE,
602,I,tpreaso,categorical,physical indication(1),1,physical indication,FALSE,
602,I,tpreaso,categorical,psychological indication(2),2,psychological indication,FALSE,
602,I,tpreaso,categorical,physical + psychological indication(3),3,physical + psychological indication,FALSE,
602,I,tpreaso,categorical,answer refused(4),4,answer refused,FALSE,
602,I,tpreaso,categorical,does not know(5),5,does not know,FALSE,
602,I,tpreaso,categorical,R not interested/motivated(6),6,R not interested/motivated,FALSE,
602,I,tpreaso,categorical,R abroad / unreachable(7),7,R abroad / unreachable,FALSE,
602,I,tpreaso,categorical,demented(8),8,demented,FALSE,
602,I,tpreaso,categorical,other reason(9),9,other reason,FALSE,
602,I,tpsubh1,ordinal,"asked, no answer(-1)",-1,"asked, no answer",TRUE,
602,I,tpsubh1,ordinal,excellent(1),1,excellent,FALSE,
602,I,tpsubh1,ordinal,good(2),2,good,FALSE,
602,I,tpsubh1,ordinal,fair(3),3,fair,FALSE,
602,I,tpsubh1,ordinal,sometimes good/bad(4),4,sometimes good/bad,FALSE,
602,I,tpsubh1,ordinal,poor(5),5,poor,FALSE,
602,I,tpcara1,binary,"asked, no answer(-1)",-1,"asked, no answer",TRUE,
602,I,tpcara1,binary,no(0),0,no,FALSE,
602,I,tpcara1,binary,yes(1),1,yes,FALSE,
602,I,tphart1,binary,"asked, no answer(-1)",-1,"asked, no answer",TRUE,
602,I,tphart1,binary,no(0),0,no,FALSE,
602,I,tphart1,binary,yes(1),1,yes,FALSE,
602,I,tpartv1,binary,"asked, no answer(-1)",-1,"asked, no answer",TRUE,
602,I,tpartv1,binary,no(0),0,no,FALSE,
602,I,tpartv1,binary,yes(1),1,yes,FALSE,
602,I,tpdiab1,binary,"asked, no answer(-1)",-1,"asked, no answer",TRUE,
602,I,tpdiab1,binary,no(0),0,no,FALSE,
602,I,tpdiab1,binary,yes(1),1,yes,FALSE,
602,I,tpcva01,binary,"asked, no answer(-1)",-1,"asked, no answer",TRUE,
602,I,tpcva01,binary,no(0),0,no,FALSE,
602,I,tpcva01,binary,yes(1),1,yes,FALSE,
602,I,tprheu1,binary,"asked, no answer(-1)",-1,"asked, no answer",TRUE,
602,I,tprheu1,binary,no(0),0,no,FALSE,
602,I,tprheu1,binary,yes(1),1,yes,FALSE,
602,I,tprheu2,binary,"asked, no answer(-1)",-1,"asked, no answer",TRUE,
602,I,tprheu2,binary,no(0),0,no,FALSE,
602,I,tprheu2,binary,yes(1),1,yes,FALSE,
602,I,tpcanc1,binary,"asked, no answer(-1)",-1,"asked, no answer",TRUE,
602,I,tpcanc1,binary,no(0),0,no,FALSE,
602,I,tpcanc1,binary,yes(1),1,yes,FALSE,
602,I,tphbd1,binary,"asked, no answer(-1)",-1,"asked, no answer",TRUE,
602,I,tphbd1,binary,no(0),0,no,FALSE,
602,I,tphbd1,binary,yes(1),1,yes,FALSE,
602,I,tphead,binary,"asked, no answer(-1)",-1,"asked, no answer",TRUE,
602,I,tphead,binary,no(0),0,no,FALSE,
602,I,tphead,binary,yes(1),1,yes,FALSE,
602,I,tpheanr,numeric,no head trauma(-2),-2,no head trauma,TRUE,
602,I,tpheanr,numeric,"asked, no answer(-1)",-1,"asked, no answer",TRUE,
602,I,tpheam,categorical,no head trauma(-2),-2,no head trauma,TRUE,
602,I,tpheam,categorical,"asked, no answer(-1)",-1,"asked, no answer",TRUE,
602,I,tpheam,categorical,January(1),1,January,FALSE,
602,I,tpheam,categorical,February(2),2,February,FALSE,
602,I,tpheam,categorical,March(3),3,March,FALSE,
602,I,tpheam,categorical,April(4),4,April,FALSE,
602,I,tpheam,categorical,May(5),5,May,FALSE,
602,I,tpheam,categorical,June(6),6,June,FALSE,
602,I,tpheam,categorical,July(7),7,July,FALSE,
602,I,tpheam,categorical,August(8),8,August,FALSE,
602,I,tpheam,categorical,September(9),9,September,FALSE,
602,I,tpheam,categorical,October(10),10,October,FALSE,
602,I,tpheam,categorical,November(11),11,November,FALSE,
602,I,tpheam,categorical,December(12),12,December,FALSE,
602,I,tpheay,numeric,no head trauma(-2),-2,no head trauma,TRUE,
602,I,tpheay,numeric,"asked, no answer(-1)",-1,"asked, no answer",TRUE,
602,I,tpothnr,numeric,,,,,
602,I,tpoths1,categorical,no other disease mentioned(-2),-2,no other disease mentioned,TRUE,
602,I,tpoths1,categorical,no more other diseases mentioned(0),0,no more other diseases mentioned,FALSE,
602,I,tpoths1,categorical,Ulcer stomach or duodenum(2),2,Ulcer stomach or duodenum,FALSE,
602,I,tpoths1,categorical,Serious intestinal disease(3),3,Serious intestinal disease,FALSE,
602,I,tpoths1,categorical,Gall-stones/gall-bladder disease(4),4,Gall-stones/gall-bladder disease,FALSE,
602,I,tpoths1,categorical,Liver disease or cirrhosis(5),5,Liver disease or cirrhosis,FALSE,
602,I,tpoths1,categorical,Inguinal hernia(6),6,Inguinal hernia,FALSE,
602,I,tpoths1,categorical,Kidney stone(7),7,Kidney stone,FALSE,
602,I,tpoths1,categorical,Kidney disease-serious(8),8,Kidney disease-serious,FALSE,
602,I,tpoths1,categorical,Chronic cystitis(9),9,Chronic cystitis,FALSE,
602,I,tpoths1,categorical,Prostate complaints (males)(10),10,Prostate complaints (males),FALSE,
602,I,tpoths1,categorical,Prolapse (females)(11),11,Prolapse (females),FALSE,
602,I,tpoths1,categorical,Thyroid disease(12),12,Thyroid disease,FALSE,
602,I,tpoths1,categorical,"Back problems, hernia(13)",13,"Back problems, hernia",FALSE,
602,I,tpoths1,categorical,Epilepsy(14),14,Epilepsy,FALSE,
602,I,tpoths1,categorical,Dizziness with falling(15),15,Dizziness with falling,FALSE,
602,I,tpoths1,categorical,Migraine(16),16,Migraine,FALSE,
602,I,tpoths1,categorical,Serious skin disease(17),17,Serious skin disease,FALSE,
602,I,tpoths1,categorical,Decubitus-ulcer(18),18,Decubitus-ulcer,FALSE,
602,I,tpoths1,categorical,Allergy/hay-fever(19),19,Allergy/hay-fever,FALSE,
602,I,tpoths1,categorical,Serious consequences accident(20),20,Serious consequences accident,FALSE,
602,I,tpoths1,categorical,Other serious consequences/burns(21),21,Other serious consequences/burns,FALSE,
602,I,tpoths1,categorical,Consequences surgery/operations(22),22,Consequences surgery/operations,FALSE,
602,I,tpoths1,categorical,Disease of nervous system(23),23,Disease of nervous system,FALSE,
602,I,tpoths1,categorical,Parkinson(24),24,Parkinson,FALSE,
602,I,tpoths1,categorical,"Mental problems, incl. depression(25)",25,"Mental problems, incl. depression",FALSE,
602,I,tpoths1,categorical,Other - to be coded -(26),26,Other - to be coded -,FALSE,
602,I,tpoths2,categorical,no other disease mentioned(-2),-2,no other disease mentioned,TRUE,
602,I,tpoths2,categorical,no more other diseases mentioned(0),0,no more other diseases mentioned,FALSE,
602,I,tpoths2,categorical,Ulcer stomach or duodenum(2),2,Ulcer stomach or duodenum,FALSE,
602,I,tpoths2,categorical,Serious intestinal disease(3),3,Serious intestinal disease,FALSE,
602,I,tpoths2,categorical,Gall-stones/gall-bladder disease(4),4,Gall-stones/gall-bladder disease,FALSE,
602,I,tpoths2,categorical,Liver disease or cirrhosis(5),5,Liver disease or cirrhosis,FALSE,
602,I,tpoths2,categorical,Inguinal hernia(6),6,Inguinal hernia,FALSE,
602,I,tpoths2,categorical,Kidney stone(7),7,Kidney stone,FALSE,
602,I,tpoths2,categorical,Kidney disease-serious(8),8,Kidney disease-serious,FALSE,
602,I,tpoths2,categorical,Chronic cystitis(9),9,Chronic cystitis,FALSE,
602,I,tpoths2,categorical,Prostate complaints (males)(10),10,Prostate complaints (males),FALSE,
602,I,tpoths2,categorical,Prolapse (females)(11),11,Prolapse (females),FALSE,
602,I,tpoths2,categorical,Thyroid disease(12),12,Thyroid disease,FALSE,
602,I,tpoths2,categorical,"Back problems, hernia(13)",13,"Back problems, hernia",FALSE,
602,I,tpoths2,categorical,Epilepsy(14),14,Epilepsy,FALSE,
602,I,tpoths2,categorical,Dizziness with falling(15),15,Dizziness with falling,FALSE,
602,I,tpoths2,categorical,Migraine(16),16,Migraine,FALSE,
602,I,tpoths2,categorical,Serious skin disease(17),17,Serious skin disease,FALSE,
602,I,tpoths2,categorical,Decubitus-ulcer(18),18,Decubitus-ulcer,FALSE,
602,I,tpoths2,categorical,Allergy/hay-fever(19),19,Allergy/hay-fever,FALSE,
602,I,tpoths2,categorical,Serious consequences accident(20),20,Serious consequences accident,FALSE,
602,I,tpoths2,categorical,Other serious consequences/burns(21),21,Other serious consequences/burns,FALSE,
602,I,tpoths2,categorical,Consequences surgery/operations(22),22,Consequences surgery/operations,FALSE,
602,I,tpoths2,categorical,Disease of nervous system(23),23,Disease of nervous system,FALSE,
602,I,tpoths2,categorical,Parkinson(24),24,Parkinson,FALSE,
602,I,tpoths2,categorical,"Mental problems, incl. depression(25)",25,"Mental problems, incl. depression",FALSE,
602,I,tpoths2,categorical,Other - to be coded -(26),26,Other - to be coded -,FALSE,
602,I,tpoths3,categorical,no other disease mentioned(-2),-2,no other disease mentioned,TRUE,
602,I,tpoths3,categorical,no more other diseases mentioned(0),0,no more other diseases mentioned,FALSE,
602,I,tpoths3,categorical,Ulcer stomach or duodenum(2),2,Ulcer stomach or duodenum,FALSE,
602,I,tpoths3,categorical,Serious intestinal disease(3),3,Serious intestinal disease,FALSE,
602,I,tpoths3,categorical,Gall-stones/gall-bladder disease(4),4,Gall-stones/gall-bladder disease,FALSE,
602,I,tpoths3,categorical,Liver disease or cirrhosis(5),5,Liver disease or cirrhosis,FALSE,
602,I,tpoths3,categorical,Inguinal hernia(6),6,Inguinal hernia,FALSE,
602,I,tpoths3,categorical,Kidney stone(7),7,Kidney stone,FALSE,
602,I,tpoths3,categorical,Kidney disease-serious(8),8,Kidney disease-serious,FALSE,
602,I,tpoths3,categorical,Chronic cystitis(9),9,Chronic cystitis,FALSE,
602,I,tpoths3,categorical,Prostate complaints (males)(10),10,Prostate complaints (males),FALSE,
602,I,tpoths3,categorical,Prolapse (females)(11),11,Prolapse (females),FALSE,
602,I,tpoths3,categorical,Thyroid disease(12),12,Thyroid disease,FALSE,
602,I,tpoths3,categorical,"Back problems, hernia(13)",13,"Back problems, hernia",FALSE,
602,I,tpoths3,categorical,Epilepsy(14),14,Epilepsy,FALSE,
602,I,tpoths3,categorical,Dizziness with falling(15),15,Dizziness with falling,FALSE,
602,I,tpoths3,categorical,Migraine(16),16,Migraine,FALSE,
602,I,tpoths3,categorical,Serious skin disease(17),17,Serious skin disease,FALSE,
602,I,tpoths3,categorical,Decubitus-ulcer(18),18,Decubitus-ulcer,FALSE,
602,I,tpoths3,categorical,Allergy/hay-fever(19),19,Allergy/hay-fever,FALSE,
602,I,tpoths3,categorical,Serious consequences accident(20),20,Serious consequences accident,FALSE,
602,I,tpoths3,categorical,Other serious consequences/burns(21),21,Other serious consequences/burns,FALSE,
602,I,tpoths3,categorical,Consequences surgery/operations(22),22,Consequences surgery/operations,FALSE,
602,I,tpoths3,categorical,Disease of nervous system(23),23,Disease of nervous system,FALSE,
602,I,tpoths3,categorical,Parkinson(24),24,Parkinson,FALSE,
602,I,tpoths3,categorical,"Mental problems, incl. depression(25)",25,"Mental problems, incl. depression",FALSE,
602,I,tpoths3,categorical,Other - to be coded -(26),26,Other - to be coded -,FALSE,
602,I,tpoths4,categorical,no other disease mentioned(-2),-2,no other disease mentioned,TRUE,
602,I,tpoths4,categorical,no more other diseases mentioned(0),0,no more other diseases mentioned,FALSE,
602,I,tpoths4,categorical,Ulcer stomach or duodenum(2),2,Ulcer stomach or duodenum,FALSE,
602,I,tpoths4,categorical,Serious intestinal disease(3),3,Serious intestinal disease,FALSE,
602,I,tpoths4,categorical,Gall-stones/gall-bladder disease(4),4,Gall-stones/gall-bladder disease,FALSE,
602,I,tpoths4,categorical,Liver disease or cirrhosis(5),5,Liver disease or cirrhosis,FALSE,
602,I,tpoths4,categorical,Inguinal hernia(6),6,Inguinal hernia,FALSE,
602,I,tpoths4,categorical,Kidney stone(7),7,Kidney stone,FALSE,
602,I,tpoths4,categorical,Kidney disease-serious(8),8,Kidney disease-serious,FALSE,
602,I,tpoths4,categorical,Chronic cystitis(9),9,Chronic cystitis,FALSE,
602,I,tpoths4,categorical,Prostate complaints (males)(10),10,Prostate complaints (males),FALSE,
602,I,tpoths4,categorical,Prolapse (females)(11),11,Prolapse (females),FALSE,
602,I,tpoths4,categorical,Thyroid disease(12),12,Thyroid disease,FALSE,
602,I,tpoths4,categorical,"Back problems, hernia(13)",13,"Back problems, hernia",FALSE,
602,I,tpoths4,categorical,Epilepsy(14),14,Epilepsy,FALSE,
602,I,tpoths4,categorical,Dizziness with falling(15),15,Dizziness with falling,FALSE,
602,I,tpoths4,categorical,Migraine(16),16,Migraine,FALSE,
602,I,tpoths4,categorical,Serious skin disease(17),17,Serious skin disease,FALSE,
602,I,tpoths4,categorical,Decubitus-ulcer(18),18,Decubitus-ulcer,FALSE,
602,I,tpoths4,categorical,Allergy/hay-fever(19),19,Allergy/hay-fever,FALSE,
602,I,tpoths4,categorical,Serious consequences accident(20),20,Serious consequences accident,FALSE,
602,I,tpoths4,categorical,Other serious consequences/burns(21),21,Other serious consequences/burns,FALSE,
602,I,tpoths4,categorical,Consequences surgery/operations(22),22,Consequences surgery/operations,FALSE,
602,I,tpoths4,categorical,Disease of nervous system(23),23,Disease of nervous system,FALSE,
602,I,tpoths4,categorical,Parkinson(24),24,Parkinson,FALSE,
602,I,tpoths4,categorical,"Mental problems, incl. depression(25)",25,"Mental problems, incl. depression",FALSE,
602,I,tpoths4,categorical,Other - to be coded -(26),26,Other - to be coded -,FALSE,
602,I,tpoths5,categorical,no other disease mentioned(-2),-2,no other disease mentioned,TRUE,
602,I,tpoths5,categorical,no more other diseases mentioned(0),0,no more other diseases mentioned,FALSE,
602,I,tpoths5,categorical,Ulcer stomach or duodenum(2),2,Ulcer stomach or duodenum,FALSE,
602,I,tpoths5,categorical,Serious intestinal disease(3),3,Serious intestinal disease,FALSE,
602,I,tpoths5,categorical,Gall-stones/gall-bladder disease(4),4,Gall-stones/gall-bladder disease,FALSE,
602,I,tpoths5,categorical,Liver disease or cirrhosis(5),5,Liver disease or cirrhosis,FALSE,
602,I,tpoths5,categorical,Inguinal hernia(6),6,Inguinal hernia,FALSE,
602,I,tpoths5,categorical,Kidney stone(7),7,Kidney stone,FALSE,
602,I,tpoths5,categorical,Kidney disease-serious(8),8,Kidney disease-serious,FALSE,
602,I,tpoths5,categorical,Chronic cystitis(9),9,Chronic cystitis,FALSE,
602,I,tpoths5,categorical,Prostate complaints (males)(10),10,Prostate complaints (males),FALSE,
602,I,tpoths5,categorical,Prolapse (females)(11),11,Prolapse (females),FALSE,
602,I,tpoths5,categorical,Thyroid disease(12),12,Thyroid disease,FALSE,
602,I,tpoths5,categorical,"Back problems, hernia(13)",13,"Back problems, hernia",FALSE,
602,I,tpoths5,categorical,Epilepsy(14),14,Epilepsy,FALSE,
602,I,tpoths5,categorical,Dizziness with falling(15),15,Dizziness with falling,FALSE,
602,I,tpoths5,categorical,Migraine(16),16,Migraine,FALSE,
602,I,tpoths5,categorical,Serious skin disease(17),17,Serious skin disease,FALSE,
602,I,tpoths5,categorical,Decubitus-ulcer(18),18,Decubitus-ulcer,FALSE,
602,I,tpoths5,categorical,Allergy/hay-fever(19),19,Allergy/hay-fever,FALSE,
602,I,tpoths5,categorical,Serious consequences accident(20),20,Serious consequences accident,FALSE,
602,I,tpoths5,categorical,Other serious consequences/burns(21),21,Other serious consequences/burns,FALSE,
602,I,tpoths5,categorical,Consequences surgery/operations(22),22,Consequences surgery/operations,FALSE,
602,I,tpoths5,categorical,Disease of nervous system(23),23,Disease of nervous system,FALSE,
602,I,tpoths5,categorical,Parkinson(24),24,Parkinson,FALSE,
602,I,tpoths5,categorical,"Mental problems, incl. depression(25)",25,"Mental problems, incl. depression",FALSE,
602,I,tpoths5,categorical,Other - to be coded -(26),26,Other - to be coded -,FALSE,
602,I,tpnochrot,numeric,no valid data(-1),-1,no valid data,TRUE,
602,I,tpnochrom,numeric,no valid data(-1),-1,no valid data,TRUE,
602,J,tpreaso,categorical,"asked, no answer(-1)",-1,"asked, no answer",TRUE,
602,J,tpreaso,categorical,physical indication(1),1,physical indication,FALSE,
602,J,tpreaso,categorical,psychological indication(2),2,psychological indication,FALSE,
602,J,tpreaso,categorical,physical + psychological indication(3),3,physical + psychological indication,FALSE,
602,J,tpreaso,categorical,answer refused(4),4,answer refused,FALSE,
602,J,tpreaso,categorical,does not know(5),5,does not know,FALSE,
602,J,tpreaso,categorical,R not interested/motivated(6),6,R not interested/motivated,FALSE,
602,J,tpreaso,categorical,R abroad / unreachable(7),7,R abroad / unreachable,FALSE,
602,J,tpreaso,categorical,demented(8),8,demented,FALSE,
602,J,tpreaso,categorical,other reason(9),9,other reason,FALSE,
602,J,tpsubh1,ordinal,"asked, no answer(-1)",-1,"asked, no answer",TRUE,
602,J,tpsubh1,ordinal,excellent(1),1,excellent,FALSE,
602,J,tpsubh1,ordinal,good(2),2,good,FALSE,
602,J,tpsubh1,ordinal,fair(3),3,fair,FALSE,
602,J,tpsubh1,ordinal,sometimes good/bad(4),4,sometimes good/bad,FALSE,
602,J,tpsubh1,ordinal,poor(5),5,poor,FALSE,
602,J,tpcara1,binary,"asked, no answer(-1)",-1,"asked, no answer",TRUE,
602,J,tpcara1,binary,no(0),0,no,FALSE,
602,J,tpcara1,binary,yes(1),1,yes,FALSE,
602,J,tphart1,binary,"asked, no answer(-1)",-1,"asked, no answer",TRUE,
602,J,tphart1,binary,no(0),0,no,FALSE,
602,J,tphart1,binary,yes(1),1,yes,FALSE,
602,J,tpartv1,binary,"asked, no answer(-1)",-1,"asked, no answer",TRUE,
602,J,tpartv1,binary,no(0),0,no,FALSE,
602,J,tpartv1,binary,yes(1),1,yes,FALSE,
602,J,tpdiab1,binary,"asked, no answer(-1)",-1,"asked, no answer",TRUE,
602,J,tpdiab1,binary,no(0),0,no,FALSE,
602,J,tpdiab1,binary,yes(1),1,yes,FALSE,
602,J,tpcva01,binary,"asked, no answer(-1)",-1,"asked, no answer",TRUE,
602,J,tpcva01,binary,no(0),0,no,FALSE,
602,J,tpcva01,binary,yes(1),1,yes,FALSE,
602,J,tprheu1,binary,"asked, no answer(-1)",-1,"asked, no answer",TRUE,
602,J,tprheu1,binary,no(0),0,no,FALSE,
602,J,tprheu1,binary,yes(1),1,yes,FALSE,
602,J,tprheu2,binary,"asked, no answer(-1)",-1,"asked, no answer",TRUE,
602,J,tprheu2,binary,no(0),0,no,FALSE,
602,J,tprheu2,binary,yes(1),1,yes,FALSE,
602,J,tpcanc1,binary,"asked, no answer(-1)",-1,"asked, no answer",TRUE,
602,J,tpcanc1,binary,no(0),0,no,FALSE,
602,J,tpcanc1,binary,yes(1),1,yes,FALSE,
602,J,tphbd1,binary,"asked, no answer(-1)",-1,"asked, no answer",TRUE,
602,J,tphbd1,binary,no(0),0,no,FALSE,
602,J,tphbd1,binary,yes(1),1,yes,FALSE,
602,J,tpcanc1a,categorical,"no answer, see JTPCANC1(-2)",-2,"no answer, see JTPCANC1",TRUE,
602,J,tpcanc1a,categorical,"asked, no answer(-1)",-1,"asked, no answer",TRUE,
602,J,tpcanc1a,categorical,benign(1),1,benign,FALSE,
602,J,tpcanc1a,categorical,malign(2),2,malign,FALSE,
602,J,tpcanc1a,categorical,unknown(3),3,unknown,FALSE,
602,J,tphbd1a,categorical,"asked, no answer(-1)",-1,"asked, no answer",TRUE,
602,J,tphbd1a,categorical,no(1),1,no,FALSE,
602,J,tphbd1a,categorical,yes(2),2,yes,FALSE,
602,J,tphbd1a,categorical,does not know(3),3,does not know,FALSE,
602,J,tphead,binary,"asked, no answer(-1)",-1,"asked, no answer",TRUE,
602,J,tphead,binary,no(0),0,no,FALSE,
602,J,tphead,binary,yes(1),1,yes,FALSE,
602,J,tpheanr,numeric,no head trauma(-2),-2,no head trauma,TRUE,
602,J,tpheanr,numeric,"asked, no answer(-1)",-1,"asked, no answer",TRUE,
602,J,tpheam,categorical,no head trauma(-2),-2,no head trauma,TRUE,
602,J,tpheam,categorical,"asked, no answer(-1)",-1,"asked, no answer",TRUE,
602,J,tpheam,categorical,January(1),1,January,FALSE,
602,J,tpheam,categorical,February(2),2,February,FALSE,
602,J,tpheam,categorical,March(3),3,March,FALSE,
602,J,tpheam,categorical,April(4),4,April,FALSE,
602,J,tpheam,categorical,May(5),5,May,FALSE,
602,J,tpheam,categorical,June(6),6,June,FALSE,
602,J,tpheam,categorical,July(7),7,July,FALSE,
602,J,tpheam,categorical,August(8),8,August,FALSE,
602,J,tpheam,categorical,September(9),9,September,FALSE,
602,J,tpheam,categorical,October(10),10,October,FALSE,
602,J,tpheam,categorical,November(11),11,November,FALSE,
602,J,tpheam,categorical,December(12),12,December,FALSE,
602,J,tpheay,numeric,no head trauma(-2),-2,no head trauma,TRUE,
602,J,tpheay,numeric,"asked, no answer(-1)",-1,"asked, no answer",TRUE,
602,J,tpothnr,numeric,,,,,
602,J,tpoths1,categorical,no other disease mentioned(-2),-2,no other disease mentioned,TRUE,
602,J,tpoths1,categorical,no more other diseases mentioned(0),0,no more other diseases mentioned,FALSE,
602,J,tpoths1,categorical,Ulcer stomach or duodenum(2),2,Ulcer stomach or duodenum,FALSE,
602,J,tpoths1,categorical,Serious intestinal disease(3),3,Serious intestinal disease,FALSE,
602,J,tpoths1,categorical,Gall-stones/gall-bladder disease(4),4,Gall-stones/gall-bladder disease,FALSE,
602,J,tpoths1,categorical,Liver disease or cirrhosis(5),5,Liver disease or cirrhosis,FALSE,
602,J,tpoths1,categorical,Inguinal hernia(6),6,Inguinal hernia,FALSE,
602,J,tpoths1,categorical,Kidney stone(7),7,Kidney stone,FALSE,
602,J,tpoths1,categorical,Kidney disease-serious(8),8,Kidney disease-serious,FALSE,
602,J,tpoths1,categorical,Chronic cystitis(9),9,Chronic cystitis,FALSE,
602,J,tpoths1,categorical,Prostate complaints (males)(10),10,Prostate complaints (males),FALSE,
602,J,tpoths1,categorical,Prolapse (females)(11),11,Prolapse (females),FALSE,
602,J,tpoths1,categorical,Thyroid disease(12),12,Thyroid disease,FALSE,
602,J,tpoths1,categorical,"Back problems, hernia(13)",13,"Back problems, hernia",FALSE,
602,J,tpoths1,categorical,Epilepsy(14),14,Epilepsy,FALSE,
602,J,tpoths1,categorical,Dizziness with falling(15),15,Dizziness with falling,FALSE,
602,J,tpoths1,categorical,Migraine(16),16,Migraine,FALSE,
602,J,tpoths1,categorical,Serious skin disease(17),17,Serious skin disease,FALSE,
602,J,tpoths1,categorical,Decubitus-ulcer(18),18,Decubitus-ulcer,FALSE,
602,J,tpoths1,categorical,Allergy/hay-fever(19),19,Allergy/hay-fever,FALSE,
602,J,tpoths1,categorical,Serious consequences accident(20),20,Serious consequences accident,FALSE,
602,J,tpoths1,categorical,Other serious consequences/burns(21),21,Other serious consequences/burns,FALSE,
602,J,tpoths1,categorical,Consequences surgery/operations(22),22,Consequences surgery/operations,FALSE,
602,J,tpoths1,categorical,Disease of nervous system(23),23,Disease of nervous system,FALSE,
602,J,tpoths1,categorical,Parkinson(24),24,Parkinson,FALSE,
602,J,tpoths1,categorical,"Mental problems, incl. depression(25)",25,"Mental problems, incl. depression",FALSE,
602,J,tpoths1,categorical,Other - to be coded -(26),26,Other - to be coded -,FALSE,
602,J,tpoths2,categorical,no other disease mentioned(-2),-2,no other disease mentioned,TRUE,
602,J,tpoths2,categorical,no more other diseases mentioned(0),0,no more other diseases mentioned,FALSE,
602,J,tpoths2,categorical,Ulcer stomach or duodenum(2),2,Ulcer stomach or duodenum,FALSE,
602,J,tpoths2,categorical,Serious intestinal disease(3),3,Serious intestinal disease,FALSE,
602,J,tpoths2,categorical,Gall-stones/gall-bladder disease(4),4,Gall-stones/gall-bladder disease,FALSE,
602,J,tpoths2,categorical,Liver disease or cirrhosis(5),5,Liver disease or cirrhosis,FALSE,
602,J,tpoths2,categorical,Inguinal hernia(6),6,Inguinal hernia,FALSE,
602,J,tpoths2,categorical,Kidney stone(7),7,Kidney stone,FALSE,
602,J,tpoths2,categorical,Kidney disease-serious(8),8,Kidney disease-serious,FALSE,
602,J,tpoths2,categorical,Chronic cystitis(9),9,Chronic cystitis,FALSE,
602,J,tpoths2,categorical,Prostate complaints (males)(10),10,Prostate complaints (males),FALSE,
602,J,tpoths2,categorical,Prolapse (females)(11),11,Prolapse (females),FALSE,
602,J,tpoths2,categorical,Thyroid disease(12),12,Thyroid disease,FALSE,
602,J,tpoths2,categorical,"Back problems, hernia(13)",13,"Back problems, hernia",FALSE,
602,J,tpoths2,categorical,Epilepsy(14),14,Epilepsy,FALSE,
602,J,tpoths2,categorical,Dizziness with falling(15),15,Dizziness with falling,FALSE,
602,J,tpoths2,categorical,Migraine(16),16,Migraine,FALSE,
602,J,tpoths2,categorical,Serious skin disease(17),17,Serious skin disease,FALSE,
602,J,tpoths2,categorical,Decubitus-ulcer(18),18,Decubitus-ulcer,FALSE,
602,J,tpoths2,categorical,Allergy/hay-fever(19),19,Allergy/hay-fever,FALSE,
602,J,tpoths2,categorical,Serious consequences accident(20),20,Serious consequences accident,FALSE,
602,J,tpoths2,categorical,Other serious consequences/burns(21),21,Other serious consequences/burns,FALSE,
602,J,tpoths2,categorical,Consequences surgery/operations(22),22,Consequences surgery/operations,FALSE,
602,J,tpoths2,categorical,Disease of nervous system(23),23,Disease of nervous system,FALSE,
602,J,tpoths2,categorical,Parkinson(24),24,Parkinson,FALSE,
602,J,tpoths2,categorical,"Mental problems, incl. depression(25)",25,"Mental problems, incl. depression",FALSE,
602,J,tpoths2,categorical,Other - to be coded -(26),26,Other - to be coded -,FALSE,
602,J,tpoths3,categorical,no other disease mentioned(-2),-2,no other disease mentioned,TRUE,
602,J,tpoths3,categorical,no more other diseases mentioned(0),0,no more other diseases mentioned,FALSE,
602,J,tpoths3,categorical,Ulcer stomach or duodenum(2),2,Ulcer stomach or duodenum,FALSE,
602,J,tpoths3,categorical,Serious intestinal disease(3),3,Serious intestinal disease,FALSE,
602,J,tpoths3,categorical,Gall-stones/gall-bladder disease(4),4,Gall-stones/gall-bladder disease,FALSE,
602,J,tpoths3,categorical,Liver disease or cirrhosis(5),5,Liver disease or cirrhosis,FALSE,
602,J,tpoths3,categorical,Inguinal hernia(6),6,Inguinal hernia,FALSE,
602,J,tpoths3,categorical,Kidney stone(7),7,Kidney stone,FALSE,
602,J,tpoths3,categorical,Kidney disease-serious(8),8,Kidney disease-serious,FALSE,
602,J,tpoths3,categorical,Chronic cystitis(9),9,Chronic cystitis,FALSE,
602,J,tpoths3,categorical,Prostate complaints (males)(10),10,Prostate complaints (males),FALSE,
602,J,tpoths3,categorical,Prolapse (females)(11),11,Prolapse (females),FALSE,
602,J,tpoths3,categorical,Thyroid disease(12),12,Thyroid disease,FALSE,
602,J,tpoths3,categorical,"Back problems, hernia(13)",13,"Back problems, hernia",FALSE,
602,J,tpoths3,categorical,Epilepsy(14),14,Epilepsy,FALSE,
602,J,tpoths3,categorical,Dizziness with falling(15),15,Dizziness with falling,FALSE,
602,J,tpoths3,categorical,Migraine(16),16,Migraine,FALSE,
602,J,tpoths3,categorical,Serious skin disease(17),17,Serious skin disease,FALSE,
602,J,tpoths3,categorical,Decubitus-ulcer(18),18,Decubitus-ulcer,FALSE,
602,J,tpoths3,categorical,Allergy/hay-fever(19),19,Allergy/hay-fever,FALSE,
602,J,tpoths3,categorical,Serious consequences accident(20),20,Serious consequences accident,FALSE,
602,J,tpoths3,categorical,Other serious consequences/burns(21),21,Other serious consequences/burns,FALSE,
602,J,tpoths3,categorical,Consequences surgery/operations(22),22,Consequences surgery/operations,FALSE,
602,J,tpoths3,categorical,Disease of nervous system(23),23,Disease of nervous system,FALSE,
602,J,tpoths3,categorical,Parkinson(24),24,Parkinson,FALSE,
602,J,tpoths3,categorical,"Mental problems, incl. depression(25)",25,"Mental problems, incl. depression",FALSE,
602,J,tpoths3,categorical,Other - to be coded -(26),26,Other - to be coded -,FALSE,
602,J,tpoths4,categorical,no other disease mentioned(-2),-2,no other disease mentioned,TRUE,
602,J,tpoths4,categorical,no more other diseases mentioned(0),0,no more other diseases mentioned,FALSE,
602,J,tpoths4,categorical,Ulcer stomach or duodenum(2),2,Ulcer stomach or duodenum,FALSE,
602,J,tpoths4,categorical,Serious intestinal disease(3),3,Serious intestinal disease,FALSE,
602,J,tpoths4,categorical,Gall-stones/gall-bladder disease(4),4,Gall-stones/gall-bladder disease,FALSE,
602,J,tpoths4,categorical,Liver disease or cirrhosis(5),5,Liver disease or cirrhosis,FALSE,
602,J,tpoths4,categorical,Inguinal hernia(6),6,Inguinal hernia,FALSE,
602,J,tpoths4,categorical,Kidney stone(7),7,Kidney stone,FALSE,
602,J,tpoths4,categorical,Kidney disease-serious(8),8,Kidney disease-serious,FALSE,
602,J,tpoths4,categorical,Chronic cystitis(9),9,Chronic cystitis,FALSE,
602,J,tpoths4,categorical,Prostate complaints (males)(10),10,Prostate complaints (males),FALSE,
602,J,tpoths4,categorical,Prolapse (females)(11),11,Prolapse (females),FALSE,
602,J,tpoths4,categorical,Thyroid disease(12),12,Thyroid disease,FALSE,
602,J,tpoths4,categorical,"Back problems, hernia(13)",13,"Back problems, hernia",FALSE,
602,J,tpoths4,categorical,Epilepsy(14),14,Epilepsy,FALSE,
602,J,tpoths4,categorical,Dizziness with falling(15),15,Dizziness with falling,FALSE,
602,J,tpoths4,categorical,Migraine(16),16,Migraine,FALSE,
602,J,tpoths4,categorical,Serious skin disease(17),17,Serious skin disease,FALSE,
602,J,tpoths4,categorical,Decubitus-ulcer(18),18,Decubitus-ulcer,FALSE,
602,J,tpoths4,categorical,Allergy/hay-fever(19),19,Allergy/hay-fever,FALSE,
602,J,tpoths4,categorical,Serious consequences accident(20),20,Serious consequences accident,FALSE,
602,J,tpoths4,categorical,Other serious consequences/burns(21),21,Other serious consequences/burns,FALSE,
602,J,tpoths4,categorical,Consequences surgery/operations(22),22,Consequences surgery/operations,FALSE,
602,J,tpoths4,categorical,Disease of nervous system(23),23,Disease of nervous system,FALSE,
602,J,tpoths4,categorical,Parkinson(24),24,Parkinson,FALSE,
602,J,tpoths4,categorical,"Mental problems, incl. depression(25)",25,"Mental problems, incl. depression",FALSE,
602,J,tpoths4,categorical,Other - to be coded -(26),26,Other - to be coded -,FALSE,
602,J,tpoths5,categorical,no other disease mentioned(-2),-2,no other disease mentioned,TRUE,
602,J,tpoths5,categorical,no more other diseases mentioned(0),0,no more other diseases mentioned,FALSE,
602,J,tpoths5,categorical,Ulcer stomach or duodenum(2),2,Ulcer stomach or duodenum,FALSE,
602,J,tpoths5,categorical,Serious intestinal disease(3),3,Serious intestinal disease,FALSE,
602,J,tpoths5,categorical,Gall-stones/gall-bladder disease(4),4,Gall-stones/gall-bladder disease,FALSE,
602,J,tpoths5,categorical,Liver disease or cirrhosis(5),5,Liver disease or cirrhosis,FALSE,
602,J,tpoths5,categorical,Inguinal hernia(6),6,Inguinal hernia,FALSE,
602,J,tpoths5,categorical,Kidney stone(7),7,Kidney stone,FALSE,
602,J,tpoths5,categorical,Kidney disease-serious(8),8,Kidney disease-serious,FALSE,
602,J,tpoths5,categorical,Chronic cystitis(9),9,Chronic cystitis,FALSE,
602,J,tpoths5,categorical,Prostate complaints (males)(10),10,Prostate complaints (males),FALSE,
602,J,tpoths5,categorical,Prolapse (females)(11),11,Prolapse (females),FALSE,
602,J,tpoths5,categorical,Thyroid disease(12),12,Thyroid disease,FALSE,
602,J,tpoths5,categorical,"Back problems, hernia(13)",13,"Back problems, hernia",FALSE,
602,J,tpoths5,categorical,Epilepsy(14),14,Epilepsy,FALSE,
602,J,tpoths5,categorical,Dizziness with falling(15),15,Dizziness with falling,FALSE,
602,J,tpoths5,categorical,Migraine(16),16,Migraine,FALSE,
602,J,tpoths5,categorical,Serious skin disease(17),17,Serious skin disease,FALSE,
602,J,tpoths5,categorical,Decubitus-ulcer(18),18,Decubitus-ulcer,FALSE,
602,J,tpoths5,categorical,Allergy/hay-fever(19),19,Allergy/hay-fever,FALSE,
602,J,tpoths5,categorical,Serious consequences accident(20),20,Serious consequences accident,FALSE,
602,J,tpoths5,categorical,Other serious consequences/burns(21),21,Other serious consequences/burns,FALSE,
602,J,tpoths5,categorical,Consequences surgery/operations(22),22,Consequences surgery/operations,FALSE,
602,J,tpoths5,categorical,Disease of nervous system(23),23,Disease of nervous system,FALSE,
602,J,tpoths5,categorical,Parkinson(24),24,Parkinson,FALSE,
602,J,tpoths5,categorical,"Mental problems, incl. depression(25)",25,"Mental problems, incl. depression",FALSE,
602,J,tpoths5,categorical,Other - to be coded -(26),26,Other - to be coded -,FALSE,
602,J,tpnochrot,numeric,no valid data(-1),-1,no valid data,TRUE,
602,J,tpnochrom,numeric,no valid data(-1),-1,no valid data,TRUE,
602,K,tpreaso,categorical,"asked, no answer(-1)",-1,"asked, no answer",TRUE,
602,K,tpreaso,categorical,physical indication(1),1,physical indication,FALSE,
602,K,tpreaso,categorical,psychological indication(2),2,psychological indication,FALSE,
602,K,tpreaso,categorical,physical + psychological indication(3),3,physical + psychological indication,FALSE,
602,K,tpreaso,categorical,answer refused(4),4,answer refused,FALSE,
602,K,tpreaso,categorical,does not know(5),5,does not know,FALSE,
602,K,tpreaso,categorical,R not interested/motivated(6),6,R not interested/motivated,FALSE,
602,K,tpreaso,categorical,R abroad / unreachable(7),7,R abroad / unreachable,FALSE,
602,K,tpreaso,categorical,demented(8),8,demented,FALSE,
602,K,tpreaso,categorical,other reason(9),9,other reason,FALSE,
602,K,tpsubh1,ordinal,"asked, no answer(-1)",-1,"asked, no answer",TRUE,
602,K,tpsubh1,ordinal,excellent(1),1,excellent,FALSE,
602,K,tpsubh1,ordinal,good(2),2,good,FALSE,
602,K,tpsubh1,ordinal,fair(3),3,fair,FALSE,
602,K,tpsubh1,ordinal,sometimes good/bad(4),4,sometimes good/bad,FALSE,
602,K,tpsubh1,ordinal,poor(5),5,poor,FALSE,
602,K,tpcara1,binary,"asked, no answer(-1)",-1,"asked, no answer",TRUE,
602,K,tpcara1,binary,no(0),0,no,FALSE,
602,K,tpcara1,binary,yes(1),1,yes,FALSE,
602,K,tphart1,binary,"asked, no answer(-1)",-1,"asked, no answer",TRUE,
602,K,tphart1,binary,no(0),0,no,FALSE,
602,K,tphart1,binary,yes(1),1,yes,FALSE,
602,K,tpartv1,binary,"asked, no answer(-1)",-1,"asked, no answer",TRUE,
602,K,tpartv1,binary,no(0),0,no,FALSE,
602,K,tpartv1,binary,yes(1),1,yes,FALSE,
602,K,tpdiab1,binary,"asked, no answer(-1)",-1,"asked, no answer",TRUE,
602,K,tpdiab1,binary,no(0),0,no,FALSE,
602,K,tpdiab1,binary,yes(1),1,yes,FALSE,
602,K,tpcva01,binary,"asked, no answer(-1)",-1,"asked, no answer",TRUE,
602,K,tpcva01,binary,no(0),0,no,FALSE,
602,K,tpcva01,binary,yes(1),1,yes,FALSE,
602,K,tprheu1,binary,"asked, no answer(-1)",-1,"asked, no answer",TRUE,
602,K,tprheu1,binary,no(0),0,no,FALSE,
602,K,tprheu1,binary,yes(1),1,yes,FALSE,
602,K,tprheu2,binary,"asked, no answer(-1)",-1,"asked, no answer",TRUE,
602,K,tprheu2,binary,no(0),0,no,FALSE,
602,K,tprheu2,binary,yes(1),1,yes,FALSE,
602,K,tpcanc1,binary,"asked, no answer(-1)",-1,"asked, no answer",TRUE,
602,K,tpcanc1,binary,no(0),0,no,FALSE,
602,K,tpcanc1,binary,yes(1),1,yes,FALSE,
602,K,tphbd1,binary,"asked, no answer(-1)",-1,"asked, no answer",TRUE,
602,K,tphbd1,binary,no(0),0,no,FALSE,
602,K,tphbd1,binary,yes(1),1,yes,FALSE,
602,K,tprheu1_1,binary,"asked, no answer(-1)",-1,"asked, no answer",TRUE,
602,K,tprheu1_1,binary,no(0),0,no,FALSE,
602,K,tprheu1_1,binary,yes(1),1,yes,FALSE,
602,K,tpcanc1a,categorical,"no answer, see KTPCANC1(-2)",-2,"no answer, see KTPCANC1",TRUE,
602,K,tpcanc1a,categorical,"asked, no answer(-1)",-1,"asked, no answer",TRUE,
602,K,tpcanc1a,categorical,benign(1),1,benign,FALSE,
602,K,tpcanc1a,categorical,malign(2),2,malign,FALSE,
602,K,tpcanc1a,categorical,unknown(3),3,unknown,FALSE,
602,K,tphbd1a,categorical,"asked, no answer(-1)",-1,"asked, no answer",TRUE,
602,K,tphbd1a,categorical,no(1),1,no,FALSE,
602,K,tphbd1a,categorical,yes(2),2,yes,FALSE,
602,K,tphbd1a,categorical,does not know(3),3,does not know,FALSE,
602,K,tpchol1,categorical,"asked, no answer(-1)",-1,"asked, no answer",TRUE,
602,K,tpchol1,categorical,no(1),1,no,FALSE,
602,K,tpchol1,categorical,yes(2),2,yes,FALSE,
602,K,tpchol1,categorical,does not know(3),3,does not know,FALSE,
602,K,tpchol1a,categorical,"asked, no answer(-1)",-1,"asked, no answer",TRUE,
602,K,tpchol1a,categorical,no(1),1,no,FALSE,
602,K,tpchol1a,categorical,yes(2),2,yes,FALSE,
602,K,tpchol1a,categorical,does not know(3),3,does not know,FALSE,
602,K,tphead,binary,"asked, no answer(-1)",-1,"asked, no answer",TRUE,
602,K,tphead,binary,no(0),0,no,FALSE,
602,K,tphead,binary,yes(1),1,yes,FALSE,
602,K,tpheanr,numeric,no head trauma(-2),-2,no head trauma,TRUE,
602,K,tpheanr,numeric,"asked, no answer(-1)",-1,"asked, no answer",TRUE,
602,K,tpheam,categorical,no head trauma(-2),-2,no head trauma,TRUE,
602,K,tpheam,categorical,"asked, no answer(-1)",-1,"asked, no answer",TRUE,
602,K,tpheam,categorical,January(1),1,January,FALSE,
602,K,tpheam,categorical,February(2),2,February,FALSE,
602,K,tpheam,categorical,March(3),3,March,FALSE,
602,K,tpheam,categorical,April(4),4,April,FALSE,
602,K,tpheam,categorical,May(5),5,May,FALSE,
602,K,tpheam,categorical,June(6),6,June,FALSE,
602,K,tpheam,categorical,July(7),7,July,FALSE,
602,K,tpheam,categorical,August(8),8,August,FALSE,
602,K,tpheam,categorical,September(9),9,September,FALSE,
602,K,tpheam,categorical,October(10),10,October,FALSE,
602,K,tpheam,categorical,November(11),11,November,FALSE,
602,K,tpheam,categorical,December(12),12,December,FALSE,
602,K,tpheay,numeric,no head trauma(-2),-2,no head trauma,TRUE,
602,K,tpheay,numeric,"asked, no answer(-1)",-1,"asked, no answer",TRUE,
602,K,tpcor1,binary,"asked, no answer(-1)",-1,"asked, no answer",TRUE,
602,K,tpcor1,binary,no(0),0,no,FALSE,
602,K,tpcor1,binary,yes(1),1,yes,FALSE,
602,K,tpcorm1,categorical,no corona(-2),-2,no corona,TRUE,
602,K,tpcorm1,categorical,"asked, no answer(-1)",-1,"asked, no answer",TRUE,
602,K,tpcorm1,categorical,January(1),1,January,FALSE,
602,K,tpcorm1,categorical,February(2),2,February,FALSE,
602,K,tpcorm1,categorical,March(3),3,March,FALSE,
602,K,tpcorm1,categorical,April(4),4,April,FALSE,
602,K,tpcorm1,categorical,May(5),5,May,FALSE,
602,K,tpcorm1,categorical,June(6),6,June,FALSE,
602,K,tpcorm1,categorical,July(7),7,July,FALSE,
602,K,tpcorm1,categorical,August(8),8,August,FALSE,
602,K,tpcorm1,categorical,September(9),9,September,FALSE,
602,K,tpcorm1,categorical,October(10),10,October,FALSE,
602,K,tpcorm1,categorical,November(11),11,November,FALSE,
602,K,tpcorm1,categorical,December(12),12,December,FALSE,
602,K,tpcory1,numeric,no corona(-2),-2,no corona,TRUE,
602,K,tpcory1,numeric,"asked, no answer(-1)",-1,"asked, no answer",TRUE,
602,K,tpcor2,binary,never had corona(-2),-2,never had corona,TRUE,
602,K,tpcor2,binary,"asked, no answer(-1)",-1,"asked, no answer",TRUE,
602,K,tpcor2,binary,no(0),0,no,FALSE,
602,K,tpcor2,binary,yes(1),1,yes,FALSE,
602,K,tpcorm2,categorical,no corona(-2),-2,no corona,TRUE,
602,K,tpcorm2,categorical,"asked, no answer(-1)",-1,"asked, no answer",TRUE,
602,K,tpcorm2,categorical,January(1),1,January,FALSE,
602,K,tpcorm2,categorical,February(2),2,February,FALSE,
602,K,tpcorm2,categorical,March(3),3,March,FALSE,
602,K,tpcorm2,categorical,April(4),4,April,FALSE,
602,K,tpcorm2,categorical,May(5),5,May,FALSE,
602,K,tpcorm2,categorical,June(6),6,June,FALSE,
602,K,tpcorm2,categorical,July(7),7,July,FALSE,
602,K,tpcorm2,categorical,August(8),8,August,FALSE,
602,K,tpcorm2,categorical,September(9),9,September,FALSE,
602,K,tpcorm2,categorical,October(10),10,October,FALSE,
602,K,tpcorm2,categorical,November(11),11,November,FALSE,
602,K,tpcorm2,categorical,December(12),12,December,FALSE,
602,K,tpcory2,numeric,no corona(-2),-2,no corona,TRUE,
602,K,tpcory2,numeric,"asked, no answer(-1)",-1,"asked, no answer",TRUE,
602,K,tpothnr,numeric,,,,,
602,K,tpoths1,categorical,no other disease mentioned(-2),-2,no other disease mentioned,TRUE,
602,K,tpoths1,categorical,no more other diseases mentioned(0),0,no more other diseases mentioned,FALSE,
602,K,tpoths1,categorical,Ulcer stomach or duodenum(2),2,Ulcer stomach or duodenum,FALSE,
602,K,tpoths1,categorical,Serious intestinal disease(3),3,Serious intestinal disease,FALSE,
602,K,tpoths1,categorical,Gall-stones/gall-bladder disease(4),4,Gall-stones/gall-bladder disease,FALSE,
602,K,tpoths1,categorical,Liver disease or cirrhosis(5),5,Liver disease or cirrhosis,FALSE,
602,K,tpoths1,categorical,Inguinal hernia(6),6,Inguinal hernia,FALSE,
602,K,tpoths1,categorical,Kidney stone(7),7,Kidney stone,FALSE,
602,K,tpoths1,categorical,Kidney disease-serious(8),8,Kidney disease-serious,FALSE,
602,K,tpoths1,categorical,Chronic cystitis(9),9,Chronic cystitis,FALSE,
602,K,tpoths1,categorical,Prostate complaints (males)(10),10,Prostate complaints (males),FALSE,
602,K,tpoths1,categorical,Prolapse (females)(11),11,Prolapse (females),FALSE,
602,K,tpoths1,categorical,Thyroid disease(12),12,Thyroid disease,FALSE,
602,K,tpoths1,categorical,"Back problems, hernia(13)",13,"Back problems, hernia",FALSE,
602,K,tpoths1,categorical,Epilepsy(14),14,Epilepsy,FALSE,
602,K,tpoths1,categorical,Dizziness with falling(15),15,Dizziness with falling,FALSE,
602,K,tpoths1,categorical,Migraine(16),16,Migraine,FALSE,
602,K,tpoths1,categorical,Serious skin disease(17),17,Serious skin disease,FALSE,
602,K,tpoths1,categorical,Decubitus-ulcer(18),18,Decubitus-ulcer,FALSE,
602,K,tpoths1,categorical,Allergy/hay-fever(19),19,Allergy/hay-fever,FALSE,
602,K,tpoths1,categorical,Fractures as a result of accident/fall(20),20,Fractures as a result of accident/fall,FALSE,
602,K,tpoths1,categorical,Other consequences of accident/fall(21),21,Other consequences of accident/fall,FALSE,
602,K,tpoths1,categorical,Permanent consequencies surgery(22),22,Permanent consequencies surgery,FALSE,
602,K,tpoths1,categorical,Disease of nervous system(23),23,Disease of nervous system,FALSE,
602,K,tpoths1,categorical,Parkinson(24),24,Parkinson,FALSE,
602,K,tpoths1,categorical,"Mental problems, incl. depression(25)",25,"Mental problems, incl. depression",FALSE,
602,K,tpoths1,categorical,Hearing impairment(26),26,Hearing impairment,FALSE,
602,K,tpoths1,categorical,Arthritis(27),27,Arthritis,FALSE,
602,K,tpoths1,categorical,Eye problems(28),28,Eye problems,FALSE,
602,K,tpoths1,categorical,Sleep apnea(29),29,Sleep apnea,FALSE,
602,K,tpoths1,categorical,TIA (Transient ischemic attack)(30),30,TIA (Transient ischemic attack),FALSE,
602,K,tpoths1,categorical,Other - to be coded(31),31,Other - to be coded,FALSE,
602,K,tpoths2,categorical,no other disease mentioned(-2),-2,no other disease mentioned,TRUE,
602,K,tpoths2,categorical,no more other diseases mentioned(0),0,no more other diseases mentioned,FALSE,
602,K,tpoths2,categorical,Ulcer stomach or duodenum(2),2,Ulcer stomach or duodenum,FALSE,
602,K,tpoths2,categorical,Serious intestinal disease(3),3,Serious intestinal disease,FALSE,
602,K,tpoths2,categorical,Gall-stones/gall-bladder disease(4),4,Gall-stones/gall-bladder disease,FALSE,
602,K,tpoths2,categorical,Liver disease or cirrhosis(5),5,Liver disease or cirrhosis,FALSE,
602,K,tpoths2,categorical,Inguinal hernia(6),6,Inguinal hernia,FALSE,
602,K,tpoths2,categorical,Kidney stone(7),7,Kidney stone,FALSE,
602,K,tpoths2,categorical,Kidney disease-serious(8),8,Kidney disease-serious,FALSE,
602,K,tpoths2,categorical,Chronic cystitis(9),9,Chronic cystitis,FALSE,
602,K,tpoths2,categorical,Prostate complaints (males)(10),10,Prostate complaints (males),FALSE,
602,K,tpoths2,categorical,Prolapse (females)(11),11,Prolapse (females),FALSE,
602,K,tpoths2,categorical,Thyroid disease(12),12,Thyroid disease,FALSE,
602,K,tpoths2,categorical,"Back problems, hernia(13)",13,"Back problems, hernia",FALSE,
602,K,tpoths2,categorical,Epilepsy(14),14,Epilepsy,FALSE,
602,K,tpoths2,categorical,Dizziness with falling(15),15,Dizziness with falling,FALSE,
602,K,tpoths2,categorical,Migraine(16),16,Migraine,FALSE,
602,K,tpoths2,categorical,Serious skin disease(17),17,Serious skin disease,FALSE,
602,K,tpoths2,categorical,Decubitus-ulcer(18),18,Decubitus-ulcer,FALSE,
602,K,tpoths2,categorical,Allergy/hay-fever(19),19,Allergy/hay-fever,FALSE,
602,K,tpoths2,categorical,Fractures as a result of accident/fall(20),20,Fractures as a result of accident/fall,FALSE,
602,K,tpoths2,categorical,Other consequences of accident/fall(21),21,Other consequences of accident/fall,FALSE,
602,K,tpoths2,categorical,Permanent consequencies surgery(22),22,Permanent consequencies surgery,FALSE,
602,K,tpoths2,categorical,Disease of nervous system(23),23,Disease of nervous system,FALSE,
602,K,tpoths2,categorical,Parkinson(24),24,Parkinson,FALSE,
602,K,tpoths2,categorical,"Mental problems, incl. depression(25)",25,"Mental problems, incl. depression",FALSE,
602,K,tpoths2,categorical,Hearing impairment(26),26,Hearing impairment,FALSE,
602,K,tpoths2,categorical,Arthritis(27),27,Arthritis,FALSE,
602,K,tpoths2,categorical,Eye problems(28),28,Eye problems,FALSE,
602,K,tpoths2,categorical,Sleep apnea(29),29,Sleep apnea,FALSE,
602,K,tpoths2,categorical,TIA (Transient ischemic attack)(30),30,TIA (Transient ischemic attack),FALSE,
602,K,tpoths2,categorical,Other - to be coded(31),31,Other - to be coded,FALSE,
602,K,tpoths3,categorical,no other disease mentioned(-2),-2,no other disease mentioned,TRUE,
602,K,tpoths3,categorical,no more other diseases mentioned(0),0,no more other diseases mentioned,FALSE,
602,K,tpoths3,categorical,Ulcer stomach or duodenum(2),2,Ulcer stomach or duodenum,FALSE,
602,K,tpoths3,categorical,Serious intestinal disease(3),3,Serious intestinal disease,FALSE,
602,K,tpoths3,categorical,Gall-stones/gall-bladder disease(4),4,Gall-stones/gall-bladder disease,FALSE,
602,K,tpoths3,categorical,Liver disease or cirrhosis(5),5,Liver disease or cirrhosis,FALSE,
602,K,tpoths3,categorical,Inguinal hernia(6),6,Inguinal hernia,FALSE,
602,K,tpoths3,categorical,Kidney stone(7),7,Kidney stone,FALSE,
602,K,tpoths3,categorical,Kidney disease-serious(8),8,Kidney disease-serious,FALSE,
602,K,tpoths3,categorical,Chronic cystitis(9),9,Chronic cystitis,FALSE,
602,K,tpoths3,categorical,Prostate complaints (males)(10),10,Prostate complaints (males),FALSE,
602,K,tpoths3,categorical,Prolapse (females)(11),11,Prolapse (females),FALSE,
602,K,tpoths3,categorical,Thyroid disease(12),12,Thyroid disease,FALSE,
602,K,tpoths3,categorical,"Back problems, hernia(13)",13,"Back problems, hernia",FALSE,
602,K,tpoths3,categorical,Epilepsy(14),14,Epilepsy,FALSE,
602,K,tpoths3,categorical,Dizziness with falling(15),15,Dizziness with falling,FALSE,
602,K,tpoths3,categorical,Migraine(16),16,Migraine,FALSE,
602,K,tpoths3,categorical,Serious skin disease(17),17,Serious skin disease,FALSE,
602,K,tpoths3,categorical,Decubitus-ulcer(18),18,Decubitus-ulcer,FALSE,
602,K,tpoths3,categorical,Allergy/hay-fever(19),19,Allergy/hay-fever,FALSE,
602,K,tpoths3,categorical,Fractures as a result of accident/fall(20),20,Fractures as a result of accident/fall,FALSE,
602,K,tpoths3,categorical,Other consequences of accident/fall(21),21,Other consequences of accident/fall,FALSE,
602,K,tpoths3,categorical,Permanent consequencies surgery(22),22,Permanent consequencies surgery,FALSE,
602,K,tpoths3,categorical,Disease of nervous system(23),23,Disease of nervous system,FALSE,
602,K,tpoths3,categorical,Parkinson(24),24,Parkinson,FALSE,
602,K,tpoths3,categorical,"Mental problems, incl. depression(25)",25,"Mental problems, incl. depression",FALSE,
602,K,tpoths3,categorical,Hearing impairment(26),26,Hearing impairment,FALSE,
602,K,tpoths3,categorical,Arthritis(27),27,Arthritis,FALSE,
602,K,tpoths3,categorical,Eye problems(28),28,Eye problems,FALSE,
602,K,tpoths3,categorical,Sleep apnea(29),29,Sleep apnea,FALSE,
602,K,tpoths3,categorical,TIA (Transient ischemic attack)(30),30,TIA (Transient ischemic attack),FALSE,
602,K,tpoths3,categorical,Other - to be coded(31),31,Other - to be coded,FALSE,
602,K,tpnochrot,numeric,no valid data(-1),-1,no valid data,TRUE,
602,K,tpnochrom,numeric,no valid data(-1),-1,no valid data,TRUE,
602,Z,tpartv1,binary,-1,-1,"asked, no answer",TRUE,
602,Z,tpartv1,binary,0,0,no,FALSE,
602,Z,tpartv1,binary,1,1,yes,FALSE,
602,Z,tpcanc1,binary,-1,-1,"asked, no answer",TRUE,
602,Z,tpcanc1,binary,0,0,no,FALSE,
602,Z,tpcanc1,binary,1,1,yes,FALSE,
602,Z,tpcanc1a,categorical,-2,-2,"no answer, see TPCANC1",TRUE,
602,Z,tpcanc1a,categorical,-1,-1,"asked, no answer",TRUE,
602,Z,tpcanc1a,categorical,1,1,benign,FALSE,
602,Z,tpcanc1a,categorical,2,2,malign,FALSE,
602,Z,tpcanc1a,categorical,3,3,unknown,FALSE,
602,Z,tpcara1,binary,-1,-1,"asked, no answer",TRUE,
602,Z,tpcara1,binary,0,0,no,FALSE,
602,Z,tpcara1,binary,1,1,yes,FALSE,
602,Z,tpchol1,categorical,-1,-1,"asked, no answer",TRUE,
602,Z,tpchol1,categorical,1,1,no,FALSE,
602,Z,tpchol1,categorical,2,2,yes,FALSE,
602,Z,tpchol1,categorical,3,3,does not know,FALSE,
602,Z,tpchol1a,categorical,-1,-1,"asked, no answer",TRUE,
602,Z,tpchol1a,categorical,1,1,no,FALSE,
602,Z,tpchol1a,categorical,2,2,yes,FALSE,
602,Z,tpchol1a,categorical,3,3,does not know,FALSE,
602,Z,tpcor1,binary,-1,-1,"asked, no answer",TRUE,
602,Z,tpcor1,binary,0,0,no,FALSE,
602,Z,tpcor1,binary,1,1,yes,FALSE,
602,Z,tpcor2,binary,-2,-2,never had corona,TRUE,
602,Z,tpcor2,binary,-1,-1,"asked, no answer",TRUE,
602,Z,tpcor2,binary,0,0,no,FALSE,
602,Z,tpcor2,binary,1,1,yes,FALSE,
602,Z,tpcorm1,categorical,-2,-2,no corona,TRUE,
602,Z,tpcorm1,categorical,-1,-1,"asked, no answer",TRUE,
602,Z,tpcorm1,categorical,1,1,January,FALSE,
602,Z,tpcorm1,categorical,2,2,February,FALSE,
602,Z,tpcorm1,categorical,3,3,March,FALSE,
602,Z,tpcorm1,categorical,4,4,April,FALSE,
602,Z,tpcorm1,categorical,5,5,May,FALSE,
602,Z,tpcorm1,categorical,6,6,June,FALSE,
602,Z,tpcorm1,categorical,7,7,July,FALSE,
602,Z,tpcorm1,categorical,8,8,August,FALSE,
602,Z,tpcorm1,categorical,9,9,September,FALSE,
602,Z,tpcorm1,categorical,10,10,October,FALSE,
602,Z,tpcorm1,categorical,11,11,November,FALSE,
602,Z,tpcorm1,categorical,12,12,December,FALSE,
602,Z,tpcorm2,categorical,-2,-2,no corona,TRUE,
602,Z,tpcorm2,categorical,-1,-1,"asked, no answer",TRUE,
602,Z,tpcorm2,categorical,1,1,January,FALSE,
602,Z,tpcorm2,categorical,2,2,February,FALSE,
602,Z,tpcorm2,categorical,3,3,March,FALSE,
602,Z,tpcorm2,categorical,4,4,April,FALSE,
602,Z,tpcorm2,categorical,5,5,May,FALSE,
602,Z,tpcorm2,categorical,6,6,June,FALSE,
602,Z,tpcorm2,categorical,7,7,July,FALSE,
602,Z,tpcorm2,categorical,8,8,August,FALSE,
602,Z,tpcorm2,categorical,9,9,September,FALSE,
602,Z,tpcorm2,categorical,10,10,October,FALSE,
602,Z,tpcorm2,categorical,11,11,November,FALSE,
602,Z,tpcorm2,categorical,12,12,December,FALSE,
602,Z,tpcory1,numeric,-2,-2,no corona,TRUE,
602,Z,tpcory1,numeric,-1,-1,"asked, no answer",TRUE,
602,Z,tpcory2,numeric,-2,-2,no corona,TRUE,
602,Z,tpcory2,numeric,-1,-1,"asked, no answer",TRUE,
602,Z,tpcva01,binary,-1,-1,"asked, no answer",TRUE,
602,Z,tpcva01,binary,0,0,no,FALSE,
602,Z,tpcva01,binary,1,1,yes,FALSE,
602,Z,tpdiab1,binary,-1,-1,"asked, no answer",TRUE,
602,Z,tpdiab1,binary,0,0,no,FALSE,
602,Z,tpdiab1,binary,1,1,yes,FALSE,
602,Z,tpfadem,binary,-1,-1,"asked, no answer / does not know",TRUE,
602,Z,tpfadem,binary,0,0,no,FALSE,
602,Z,tpfadem,binary,1,1,yes,FALSE,
602,Z,tpftrea,categorical,-2,-2,no dementia,TRUE,
602,Z,tpftrea,categorical,-1,-1,"asked, no answer / does not know",TRUE,
602,Z,tpftrea,categorical,0,0,no,FALSE,
602,Z,tpftrea,categorical,1,1,yes,FALSE,
602,Z,tphart1,binary,-1,-1,"asked, no answer",TRUE,
602,Z,tphart1,binary,0,0,no,FALSE,
602,Z,tphart1,binary,1,1,yes,FALSE,
602,Z,tphbd1,binary,-1,-1,"asked, no answer",TRUE,
602,Z,tphbd1,binary,0,0,no,FALSE,
602,Z,tphbd1,binary,1,1,yes,FALSE,
602,Z,tphbd1a,categorical,-1,-1,"asked, no answer",TRUE,
602,Z,tphbd1a,categorical,1,1,no,FALSE,
602,Z,tphbd1a,categorical,2,2,yes,FALSE,
602,Z,tphbd1a,categorical,3,3,does not know,FALSE,
602,Z,tphead,binary,-1,-1,"asked, no answer",TRUE,
602,Z,tphead,binary,0,0,no,FALSE,
602,Z,tphead,binary,1,1,yes,FALSE,
602,Z,tpheam,categorical,-2,-2,no head trauma,TRUE,
602,Z,tpheam,categorical,-1,-1,"asked, no answer",TRUE,
602,Z,tpheam,categorical,1,1,January,FALSE,
602,Z,tpheam,categorical,2,2,February,FALSE,
602,Z,tpheam,categorical,3,3,March,FALSE,
602,Z,tpheam,categorical,4,4,April,FALSE,
602,Z,tpheam,categorical,5,5,May,FALSE,
602,Z,tpheam,categorical,6,6,June,FALSE,
602,Z,tpheam,categorical,7,7,July,FALSE,
602,Z,tpheam,categorical,8,8,August,FALSE,
602,Z,tpheam,categorical,9,9,September,FALSE,
602,Z,tpheam,categorical,10,10,October,FALSE,
602,Z,tpheam,categorical,11,11,November,FALSE,
602,Z,tpheam,categorical,12,12,December,FALSE,
602,Z,tpheanr,numeric,-2,-2,no head trauma,TRUE,
602,Z,tpheanr,numeric,-1,-1,"asked, no answer",TRUE,
602,Z,tpheay,numeric,-2,-2,no head trauma,TRUE,
602,Z,tpheay,numeric,-1,-1,"asked, no answer",TRUE,
602,Z,tpmodem,binary,-1,-1,"asked, no answer / does not know",TRUE,
602,Z,tpmodem,binary,0,0,no,FALSE,
602,Z,tpmodem,binary,1,1,yes,FALSE,
602,Z,tpmtrea,categorical,-2,-2,no dementia,TRUE,
602,Z,tpmtrea,categorical,-1,-1,"asked, no answer / does not know",TRUE,
602,Z,tpmtrea,categorical,0,0,no,FALSE,
602,Z,tpmtrea,categorical,1,1,yes,FALSE,
602,Z,tpnochrom,numeric,-1,-1,no valid data,TRUE,
602,Z,tpnochrot,numeric,-1,-1,no valid data,TRUE,
602,Z,tpothnr,numeric,-1,-1,"asked, no answer",TRUE,
602,Z,tpothnr,numeric,,,,,
602,Z,tpoths1,categorical,-2,-2,no other disease mentioned,TRUE,
602,Z,tpoths1,categorical,0,0,no more other diseases mentioned,FALSE,
602,Z,tpoths1,categorical,2,2,Ulcer stomach or duodenum,FALSE,
602,Z,tpoths1,categorical,3,3,Serious intestinal disease,FALSE,
602,Z,tpoths1,categorical,4,4,Gall-stones/gall-bladder disease,FALSE,
602,Z,tpoths1,categorical,5,5,Liver disease or cirrhosis,FALSE,
602,Z,tpoths1,categorical,6,6,Inguinal hernia,FALSE,
602,Z,tpoths1,categorical,7,7,Kidney stone,FALSE,
602,Z,tpoths1,categorical,8,8,Kidney disease-serious,FALSE,
602,Z,tpoths1,categorical,9,9,Chronic cystitis,FALSE,
602,Z,tpoths1,categorical,10,10,Prostate complaints (males),FALSE,
602,Z,tpoths1,categorical,11,11,Prolapse (females),FALSE,
602,Z,tpoths1,categorical,12,12,Thyroid disease,FALSE,
602,Z,tpoths1,categorical,13,13,"Back problems, hernia",FALSE,
602,Z,tpoths1,categorical,14,14,Epilepsy,FALSE,
602,Z,tpoths1,categorical,15,15,Dizziness with falling,FALSE,
602,Z,tpoths1,categorical,16,16,Migraine,FALSE,
602,Z,tpoths1,categorical,17,17,Serious skin disease,FALSE,
602,Z,tpoths1,categorical,18,18,Decubitus-ulcer,FALSE,
602,Z,tpoths1,categorical,19,19,Allergy/hay-fever,FALSE,
602,Z,tpoths1,categorical,20,20,Serious consequences accident,FALSE,"Cross-wave coding conflict: 20 differs for C/D/E/F/G/H/I/J (Serious consequences accident), K (Fractures as a result of accident/fall)"
602,Z,tpoths1,categorical,21,21,Other serious consequences/burns,FALSE,"Cross-wave coding conflict: 21 differs for C/D/E/F/G/H/I/J (Other serious consequences/burns), K (Other consequences of accident/fall)"
602,Z,tpoths1,categorical,22,22,Consequences surgery/operations,FALSE,"Cross-wave coding conflict: 22 differs for C/D/E/F/G/H/I/J (Consequences surgery/operations), K (Permanent consequencies surgery)"
602,Z,tpoths1,categorical,23,23,Disease of nervous system,FALSE,
602,Z,tpoths1,categorical,24,24,"Mental problems, incl. depression",FALSE,"Cross-wave coding conflict: 24 differs for C/D/E/F/G (Mental problems, incl. depression), H/I/J/K (Parkinson)"
602,Z,tpoths1,categorical,25,25,Eye diseases,FALSE,"Cross-wave coding conflict: 25 differs for C/D/E/F/G (Eye diseases), H/I/J/K (Mental problems, incl. depression)"
602,Z,tpoths1,categorical,26,26,Ear diseases/hearing problems,FALSE,"Cross-wave coding conflict: 26 differs for C/D/E/F/G (Ear diseases/hearing problems), H/I/J (Other - to be coded -), K (Hearing impairment)"
602,Z,tpoths1,categorical,27,27,Venous insufficiency/varicose veins,FALSE,"Cross-wave coding conflict: 27 differs for C/D/E/F/G (Venous insufficiency/varicose veins), K (Arthritis)"
602,Z,tpoths1,categorical,28,28,Anaemia,FALSE,"Cross-wave coding conflict: 28 differs for C/D/E/F/G (Anaemia), K (Eye problems)"
602,Z,tpoths1,categorical,29,29,Chronic headaches (no migraine),FALSE,"Cross-wave coding conflict: 29 differs for C/D/E/F/G (Chronic headaches (no migraine)), K (Sleep apnea)"
602,Z,tpoths1,categorical,30,30,Chronic neck-problems,FALSE,"Cross-wave coding conflict: 30 differs for C/D/E/F/G (Chronic neck-problems), K (TIA (Transient ischemic attack))"
602,Z,tpoths1,categorical,31,31,Dizziness without falling,FALSE,"Cross-wave coding conflict: 31 differs for C/D/E/F/G (Dizziness without falling), K (Other - to be coded)"
602,Z,tpoths1,categorical,32,32,Congenital disorders,FALSE,
602,Z,tpoths1,categorical,33,33,Hypercholesterolaemia,FALSE,
602,Z,tpoths1,categorical,34,34,Gout,FALSE,
602,Z,tpoths1,categorical,35,35,Menopausal complaints (females),FALSE,
602,Z,tpoths1,categorical,36,36,Osteoporosis,FALSE,
602,Z,tpoths1,categorical,37,37,Other pulmonary diseases (no CNSLD),FALSE,
602,Z,tpoths1,categorical,38,38,Systemic diseases,FALSE,
602,Z,tpoths1,categorical,39,39,Other hormonal diseases (no diabetes/thyroid),FALSE,
602,Z,tpoths1,categorical,40,40,Other urological disease (no incontinence),FALSE,
602,Z,tpoths1,categorical,41,41,Other locomotor disease,FALSE,
602,Z,tpoths1,categorical,42,42,Other vascular disease,FALSE,
602,Z,tpoths1,categorical,43,43,Other neurological disease,FALSE,
602,Z,tpoths1,categorical,44,44,TIA,FALSE,
602,Z,tpoths1,categorical,45,45,Other hematological disease,FALSE,
602,Z,tpoths1,categorical,46,46,Pancreatitis-chronic,FALSE,
602,Z,tpoths1,categorical,47,47,no label,FALSE,
602,Z,tpoths1,categorical,48,48,Addiction,FALSE,
602,Z,tpoths1,categorical,49,49,Other chronic disease,FALSE,
602,Z,tpoths1,categorical,50,50,Other non-chronic disease,FALSE,
602,Z,tpoths2,categorical,-2,-2,no other disease mentioned,TRUE,
602,Z,tpoths2,categorical,0,0,no more other diseases mentioned,FALSE,
602,Z,tpoths2,categorical,2,2,Ulcer stomach or duodenum,FALSE,
602,Z,tpoths2,categorical,3,3,Serious intestinal disease,FALSE,
602,Z,tpoths2,categorical,4,4,Gall-stones/gall-bladder disease,FALSE,
602,Z,tpoths2,categorical,5,5,Liver disease or cirrhosis,FALSE,
602,Z,tpoths2,categorical,6,6,Inguinal hernia,FALSE,
602,Z,tpoths2,categorical,7,7,Kidney stone,FALSE,
602,Z,tpoths2,categorical,8,8,Kidney disease-serious,FALSE,
602,Z,tpoths2,categorical,9,9,Chronic cystitis,FALSE,
602,Z,tpoths2,categorical,10,10,Prostate complaints (males),FALSE,
602,Z,tpoths2,categorical,11,11,Prolapse (females),FALSE,
602,Z,tpoths2,categorical,12,12,Thyroid disease,FALSE,
602,Z,tpoths2,categorical,13,13,"Back problems, hernia",FALSE,
602,Z,tpoths2,categorical,14,14,Epilepsy,FALSE,
602,Z,tpoths2,categorical,15,15,Dizziness with falling,FALSE,
602,Z,tpoths2,categorical,16,16,Migraine,FALSE,
602,Z,tpoths2,categorical,17,17,Serious skin disease,FALSE,
602,Z,tpoths2,categorical,18,18,Decubitus-ulcer,FALSE,
602,Z,tpoths2,categorical,19,19,Allergy/hay-fever,FALSE,
602,Z,tpoths2,categorical,20,20,Serious consequences accident,FALSE,"Cross-wave coding conflict: 20 differs for C/D/E/F/G/H/I/J (Serious consequences accident), K (Fractures as a result of accident/fall)"
602,Z,tpoths2,categorical,21,21,Other serious consequences/burns,FALSE,"Cross-wave coding conflict: 21 differs for C/D/E/F/G/H/I/J (Other serious consequences/burns), K (Other consequences of accident/fall)"
602,Z,tpoths2,categorical,22,22,Consequences surgery/operations,FALSE,"Cross-wave coding conflict: 22 differs for C/D/E/F/G/H/I/J (Consequences surgery/operations), K (Permanent consequencies surgery)"
602,Z,tpoths2,categorical,23,23,Disease of nervous system,FALSE,
602,Z,tpoths2,categorical,24,24,"Mental problems, incl. depression",FALSE,"Cross-wave coding conflict: 24 differs for C/D/E/F/G (Mental problems, incl. depression), H/I/J/K (Parkinson)"
602,Z,tpoths2,categorical,25,25,Eye diseases,FALSE,"Cross-wave coding conflict: 25 differs for C/D/E/F/G (Eye diseases), H/I/J/K (Mental problems, incl. depression)"
602,Z,tpoths2,categorical,26,26,Ear diseases/hearing problems,FALSE,"Cross-wave coding conflict: 26 differs for C/D/E/F/G (Ear diseases/hearing problems), H/I/J (Other - to be coded -), K (Hearing impairment)"
602,Z,tpoths2,categorical,27,27,Venous insufficiency/varicose veins,FALSE,"Cross-wave coding conflict: 27 differs for C/D/E/F/G (Venous insufficiency/varicose veins), K (Arthritis)"
602,Z,tpoths2,categorical,28,28,Anaemia,FALSE,"Cross-wave coding conflict: 28 differs for C/D/E/F/G (Anaemia), K (Eye problems)"
602,Z,tpoths2,categorical,29,29,Chronic headaches (no migraine),FALSE,"Cross-wave coding conflict: 29 differs for C/D/E/F/G (Chronic headaches (no migraine)), K (Sleep apnea)"
602,Z,tpoths2,categorical,30,30,Chronic neck-problems,FALSE,"Cross-wave coding conflict: 30 differs for C/D/E/F/G (Chronic neck-problems), K (TIA (Transient ischemic attack))"
602,Z,tpoths2,categorical,31,31,Dizziness without falling,FALSE,"Cross-wave coding conflict: 31 differs for C/D/E/F/G (Dizziness without falling), K (Other - to be coded)"
602,Z,tpoths2,categorical,32,32,Congenital disorders,FALSE,
602,Z,tpoths2,categorical,33,33,Hypercholesterolaemia,FALSE,
602,Z,tpoths2,categorical,34,34,Gout,FALSE,
602,Z,tpoths2,categorical,35,35,Menopausal complaints (females),FALSE,
602,Z,tpoths2,categorical,36,36,Osteoporosis,FALSE,
602,Z,tpoths2,categorical,37,37,Other pulmonary diseases (no CNSLD),FALSE,
602,Z,tpoths2,categorical,38,38,Systemic diseases,FALSE,
602,Z,tpoths2,categorical,39,39,Other hormonal diseases (no diabetes/thyroid),FALSE,
602,Z,tpoths2,categorical,40,40,Other urological disease (no incontinence),FALSE,
602,Z,tpoths2,categorical,41,41,Other locomotor disease,FALSE,
602,Z,tpoths2,categorical,42,42,Other vascular disease,FALSE,
602,Z,tpoths2,categorical,43,43,Other neurological disease,FALSE,
602,Z,tpoths2,categorical,44,44,TIA,FALSE,
602,Z,tpoths2,categorical,45,45,Other hematological disease,FALSE,
602,Z,tpoths2,categorical,46,46,Pancreatitis-chronic,FALSE,
602,Z,tpoths2,categorical,47,47,no label,FALSE,
602,Z,tpoths2,categorical,48,48,Addiction,FALSE,
602,Z,tpoths2,categorical,49,49,Other chronic disease,FALSE,
602,Z,tpoths2,categorical,50,50,Other non-chronic disease,FALSE,
602,Z,tpoths3,categorical,-2,-2,no other disease mentioned,TRUE,
602,Z,tpoths3,categorical,0,0,no more other diseases mentioned,FALSE,
602,Z,tpoths3,categorical,2,2,Ulcer stomach or duodenum,FALSE,
602,Z,tpoths3,categorical,3,3,Serious intestinal disease,FALSE,
602,Z,tpoths3,categorical,4,4,Gall-stones/gall-bladder disease,FALSE,
602,Z,tpoths3,categorical,5,5,Liver disease or cirrhosis,FALSE,
602,Z,tpoths3,categorical,6,6,Inguinal hernia,FALSE,
602,Z,tpoths3,categorical,7,7,Kidney stone,FALSE,
602,Z,tpoths3,categorical,8,8,Kidney disease-serious,FALSE,
602,Z,tpoths3,categorical,9,9,Chronic cystitis,FALSE,
602,Z,tpoths3,categorical,10,10,Prostate complaints (males),FALSE,
602,Z,tpoths3,categorical,11,11,Prolapse (females),FALSE,
602,Z,tpoths3,categorical,12,12,Thyroid disease,FALSE,
602,Z,tpoths3,categorical,13,13,"Back problems, hernia",FALSE,
602,Z,tpoths3,categorical,14,14,Epilepsy,FALSE,
602,Z,tpoths3,categorical,15,15,Dizziness with falling,FALSE,
602,Z,tpoths3,categorical,16,16,Migraine,FALSE,
602,Z,tpoths3,categorical,17,17,Serious skin disease,FALSE,
602,Z,tpoths3,categorical,18,18,Decubitus-ulcer,FALSE,
602,Z,tpoths3,categorical,19,19,Allergy/hay-fever,FALSE,
602,Z,tpoths3,categorical,20,20,Serious consequences accident,FALSE,"Cross-wave coding conflict: 20 differs for C/D/E/F/G/H/I/J (Serious consequences accident), K (Fractures as a result of accident/fall)"
602,Z,tpoths3,categorical,21,21,Other serious consequences/burns,FALSE,"Cross-wave coding conflict: 21 differs for C/D/E/F/G/H/I/J (Other serious consequences/burns), K (Other consequences of accident/fall)"
602,Z,tpoths3,categorical,22,22,Consequences surgery/operations,FALSE,"Cross-wave coding conflict: 22 differs for C/D/E/F/G/H/I/J (Consequences surgery/operations), K (Permanent consequencies surgery)"
602,Z,tpoths3,categorical,23,23,Disease of nervous system,FALSE,
602,Z,tpoths3,categorical,24,24,"Mental problems, incl. depression",FALSE,"Cross-wave coding conflict: 24 differs for C/D/E/F/G (Mental problems, incl. depression), H/I/J/K (Parkinson)"
602,Z,tpoths3,categorical,25,25,Eye diseases,FALSE,"Cross-wave coding conflict: 25 differs for C/D/E/F/G (Eye diseases), H/I/J/K (Mental problems, incl. depression)"
602,Z,tpoths3,categorical,26,26,Ear diseases/hearing problems,FALSE,"Cross-wave coding conflict: 26 differs for C/D/E/F/G (Ear diseases/hearing problems), H/I/J (Other - to be coded -), K (Hearing impairment)"
602,Z,tpoths3,categorical,27,27,Venous insufficiency/varicose veins,FALSE,"Cross-wave coding conflict: 27 differs for C/D/E/F/G (Venous insufficiency/varicose veins), K (Arthritis)"
602,Z,tpoths3,categorical,28,28,Anaemia,FALSE,"Cross-wave coding conflict: 28 differs for C/D/E/F/G (Anaemia), K (Eye problems)"
602,Z,tpoths3,categorical,29,29,Chronic headaches (no migraine),FALSE,"Cross-wave coding conflict: 29 differs for C/D/E/F/G (Chronic headaches (no migraine)), K (Sleep apnea)"
602,Z,tpoths3,categorical,30,30,Chronic neck-problems,FALSE,"Cross-wave coding conflict: 30 differs for C/D/E/F/G (Chronic neck-problems), K (TIA (Transient ischemic attack))"
602,Z,tpoths3,categorical,31,31,Dizziness without falling,FALSE,"Cross-wave coding conflict: 31 differs for C/D/E/F/G (Dizziness without falling), K (Other - to be coded)"
602,Z,tpoths3,categorical,32,32,Congenital disorders,FALSE,
602,Z,tpoths3,categorical,33,33,Hypercholesterolaemia,FALSE,
602,Z,tpoths3,categorical,34,34,Gout,FALSE,
602,Z,tpoths3,categorical,35,35,Menopausal complaints (females),FALSE,
602,Z,tpoths3,categorical,36,36,Osteoporosis,FALSE,
602,Z,tpoths3,categorical,37,37,Other pulmonary diseases (no CNSLD),FALSE,
602,Z,tpoths3,categorical,38,38,Systemic diseases,FALSE,
602,Z,tpoths3,categorical,39,39,Other hormonal diseases (no diabetes/thyroid),FALSE,
602,Z,tpoths3,categorical,40,40,Other urological disease (no incontinence),FALSE,
602,Z,tpoths3,categorical,41,41,Other locomotor disease,FALSE,
602,Z,tpoths3,categorical,42,42,Other vascular disease,FALSE,
602,Z,tpoths3,categorical,43,43,Other neurological disease,FALSE,
602,Z,tpoths3,categorical,44,44,TIA,FALSE,
602,Z,tpoths3,categorical,45,45,Other hematological disease,FALSE,
602,Z,tpoths3,categorical,46,46,Pancreatitis-chronic,FALSE,
602,Z,tpoths3,categorical,47,47,no label,FALSE,
602,Z,tpoths3,categorical,48,48,Addiction,FALSE,
602,Z,tpoths3,categorical,49,49,Other chronic disease,FALSE,
602,Z,tpoths3,categorical,50,50,Other non-chronic disease,FALSE,
602,Z,tpoths4,categorical,-2,-2,no other disease mentioned,TRUE,
602,Z,tpoths4,categorical,0,0,no more other diseases mentioned,FALSE,
602,Z,tpoths4,categorical,2,2,Ulcer stomach or duodenum,FALSE,
602,Z,tpoths4,categorical,3,3,Serious intestinal disease,FALSE,
602,Z,tpoths4,categorical,4,4,Gall-stones/gall-bladder disease,FALSE,
602,Z,tpoths4,categorical,5,5,Liver disease or cirrhosis,FALSE,
602,Z,tpoths4,categorical,6,6,Inguinal hernia,FALSE,
602,Z,tpoths4,categorical,7,7,Kidney stone,FALSE,
602,Z,tpoths4,categorical,8,8,Kidney disease-serious,FALSE,
602,Z,tpoths4,categorical,9,9,Chronic cystitis,FALSE,
602,Z,tpoths4,categorical,10,10,Prostate complaints (males),FALSE,
602,Z,tpoths4,categorical,11,11,Prolapse (females),FALSE,
602,Z,tpoths4,categorical,12,12,Thyroid disease,FALSE,
602,Z,tpoths4,categorical,13,13,"Back problems, hernia",FALSE,
602,Z,tpoths4,categorical,14,14,Epilepsy,FALSE,
602,Z,tpoths4,categorical,15,15,Dizziness with falling,FALSE,
602,Z,tpoths4,categorical,16,16,Migraine,FALSE,
602,Z,tpoths4,categorical,17,17,Serious skin disease,FALSE,
602,Z,tpoths4,categorical,18,18,Decubitus-ulcer,FALSE,
602,Z,tpoths4,categorical,19,19,Allergy/hay-fever,FALSE,
602,Z,tpoths4,categorical,20,20,Serious consequences accident,FALSE,
602,Z,tpoths4,categorical,21,21,Other serious consequences/burns,FALSE,
602,Z,tpoths4,categorical,22,22,Consequences surgery/operations,FALSE,
602,Z,tpoths4,categorical,23,23,Disease of nervous system,FALSE,
602,Z,tpoths4,categorical,24,24,Parkinson,FALSE,"Cross-wave coding conflict: 24 differs for E/F (Mental problems, incl. depression), H/I/J (Parkinson)"
602,Z,tpoths4,categorical,25,25,"Mental problems, incl. depression",FALSE,"Cross-wave coding conflict: 25 differs for E/F (Eye diseases), H/I/J (Mental problems, incl. depression)"
602,Z,tpoths4,categorical,26,26,Other - to be coded -,FALSE,"Cross-wave coding conflict: 26 differs for E/F (Ear diseases/hearing problems), H/I/J (Other - to be coded -)"
602,Z,tpoths4,categorical,27,27,Venous insufficiency/varicose veins,FALSE,
602,Z,tpoths4,categorical,28,28,Anaemia,FALSE,
602,Z,tpoths4,categorical,29,29,Chronic headaches (no migraine),FALSE,
602,Z,tpoths4,categorical,30,30,Chronic neck-problems,FALSE,
602,Z,tpoths4,categorical,31,31,Dizziness without falling,FALSE,
602,Z,tpoths4,categorical,32,32,Congenital disorders,FALSE,
602,Z,tpoths4,categorical,33,33,Hypercholesterolaemia,FALSE,
602,Z,tpoths4,categorical,34,34,Gout,FALSE,
602,Z,tpoths4,categorical,35,35,Menopausal complaints (females),FALSE,
602,Z,tpoths4,categorical,36,36,Osteoporosis,FALSE,
602,Z,tpoths4,categorical,37,37,Other pulmonary diseases (no CNSLD),FALSE,
602,Z,tpoths4,categorical,38,38,Systemic diseases,FALSE,
602,Z,tpoths4,categorical,39,39,Other hormonal diseases (no diabetes/thyroid),FALSE,
602,Z,tpoths4,categorical,40,40,Other urological disease (no incontinence),FALSE,
602,Z,tpoths4,categorical,41,41,Other locomotor disease,FALSE,
602,Z,tpoths4,categorical,42,42,Other vascular disease,FALSE,
602,Z,tpoths4,categorical,43,43,Other neurological disease,FALSE,
602,Z,tpoths4,categorical,44,44,TIA,FALSE,
602,Z,tpoths4,categorical,45,45,Other hematological disease,FALSE,
602,Z,tpoths4,categorical,46,46,Pancreatitis-chronic,FALSE,
602,Z,tpoths4,categorical,47,47,no label,FALSE,
602,Z,tpoths4,categorical,48,48,Addiction,FALSE,
602,Z,tpoths4,categorical,49,49,Other chronic disease,FALSE,
602,Z,tpoths4,categorical,50,50,Other non-chronic disease,FALSE,
602,Z,tpoths5,categorical,-2,-2,no other disease mentioned,TRUE,
602,Z,tpoths5,categorical,0,0,no more other diseases mentioned,FALSE,
602,Z,tpoths5,categorical,2,2,Ulcer stomach or duodenum,FALSE,
602,Z,tpoths5,categorical,3,3,Serious intestinal disease,FALSE,
602,Z,tpoths5,categorical,4,4,Gall-stones/gall-bladder disease,FALSE,
602,Z,tpoths5,categorical,5,5,Liver disease or cirrhosis,FALSE,
602,Z,tpoths5,categorical,6,6,Inguinal hernia,FALSE,
602,Z,tpoths5,categorical,7,7,Kidney stone,FALSE,
602,Z,tpoths5,categorical,8,8,Kidney disease-serious,FALSE,
602,Z,tpoths5,categorical,9,9,Chronic cystitis,FALSE,
602,Z,tpoths5,categorical,10,10,Prostate complaints (males),FALSE,
602,Z,tpoths5,categorical,11,11,Prolapse (females),FALSE,
602,Z,tpoths5,categorical,12,12,Thyroid disease,FALSE,
602,Z,tpoths5,categorical,13,13,"Back problems, hernia",FALSE,
602,Z,tpoths5,categorical,14,14,Epilepsy,FALSE,
602,Z,tpoths5,categorical,15,15,Dizziness with falling,FALSE,
602,Z,tpoths5,categorical,16,16,Migraine,FALSE,
602,Z,tpoths5,categorical,17,17,Serious skin disease,FALSE,
602,Z,tpoths5,categorical,18,18,Decubitus-ulcer,FALSE,
602,Z,tpoths5,categorical,19,19,Allergy/hay-fever,FALSE,
602,Z,tpoths5,categorical,20,20,Serious consequences accident,FALSE,
602,Z,tpoths5,categorical,21,21,Other serious consequences/burns,FALSE,
602,Z,tpoths5,categorical,22,22,Consequences surgery/operations,FALSE,
602,Z,tpoths5,categorical,23,23,Disease of nervous system,FALSE,
602,Z,tpoths5,categorical,24,24,Parkinson,FALSE,"Cross-wave coding conflict: 24 differs for F (Mental problems, incl. depression), I/J (Parkinson)"
602,Z,tpoths5,categorical,25,25,"Mental problems, incl. depression",FALSE,"Cross-wave coding conflict: 25 differs for F (Eye diseases), I/J (Mental problems, incl. depression)"
602,Z,tpoths5,categorical,26,26,Other - to be coded -,FALSE,"Cross-wave coding conflict: 26 differs for F (Ear diseases/hearing problems), I/J (Other - to be coded -)"
602,Z,tpoths5,categorical,27,27,Venous insufficiency/varicose veins,FALSE,
602,Z,tpoths5,categorical,28,28,Anaemia,FALSE,
602,Z,tpoths5,categorical,29,29,Chronic headaches (no migraine),FALSE,
602,Z,tpoths5,categorical,30,30,Chronic neck-problems,FALSE,
602,Z,tpoths5,categorical,31,31,Dizziness without falling,FALSE,
602,Z,tpoths5,categorical,32,32,Congenital disorders,FALSE,
602,Z,tpoths5,categorical,33,33,Hypercholesterolaemia,FALSE,
602,Z,tpoths5,categorical,34,34,Gout,FALSE,
602,Z,tpoths5,categorical,35,35,Menopausal complaints (females),FALSE,
602,Z,tpoths5,categorical,36,36,Osteoporosis,FALSE,
602,Z,tpoths5,categorical,37,37,Other pulmonary diseases (no CNSLD),FALSE,
602,Z,tpoths5,categorical,38,38,Systemic diseases,FALSE,
602,Z,tpoths5,categorical,39,39,Other hormonal diseases (no diabetes/thyroid),FALSE,
602,Z,tpoths5,categorical,40,40,Other urological disease (no incontinence),FALSE,
602,Z,tpoths5,categorical,41,41,Other locomotor disease,FALSE,
602,Z,tpoths5,categorical,42,42,Other vascular disease,FALSE,
602,Z,tpoths5,categorical,43,43,Other neurological disease,FALSE,
602,Z,tpoths5,categorical,44,44,TIA,FALSE,
602,Z,tpoths5,categorical,45,45,Other hematological disease,FALSE,
602,Z,tpoths5,categorical,46,46,Pancreatitis-chronic,FALSE,
602,Z,tpoths5,categorical,47,47,no label,FALSE,
602,Z,tpoths5,categorical,48,48,Addiction,FALSE,
602,Z,tpoths5,categorical,49,49,Other chronic disease,FALSE,
602,Z,tpoths5,categorical,50,50,Other non-chronic disease,FALSE,
602,Z,tpreaso,categorical,-1,-1,"asked, no answer",TRUE,
602,Z,tpreaso,categorical,1,1,physical indication,FALSE,
602,Z,tpreaso,categorical,2,2,psychological indication,FALSE,
602,Z,tpreaso,categorical,3,3,physical + psychological indication,FALSE,
602,Z,tpreaso,categorical,4,4,answer refused,FALSE,
602,Z,tpreaso,categorical,5,5,does not know,FALSE,
602,Z,tpreaso,categorical,6,6,R not interested/motivated,FALSE,
602,Z,tpreaso,categorical,7,7,R abroad / unreachable,FALSE,
602,Z,tpreaso,categorical,8,8,other reason / demented,FALSE,"Cross-wave coding conflict: 8 differs for H (other reason), I/J/K (demented)"
602,Z,tpreaso,categorical,9,9,other reason,FALSE,
602,Z,tprheu1,binary,-1,-1,"asked, no answer",TRUE,
602,Z,tprheu1,binary,0,0,no,FALSE,
602,Z,tprheu1,binary,1,1,yes,FALSE,
602,Z,tprheu1_1,binary,-1,-1,"asked, no answer",TRUE,
602,Z,tprheu1_1,binary,0,0,no,FALSE,
602,Z,tprheu1_1,binary,1,1,yes,FALSE,
602,Z,tprheu2,binary,-1,-1,"asked, no answer",TRUE,
602,Z,tprheu2,binary,0,0,no,FALSE,
602,Z,tprheu2,binary,1,1,yes,FALSE,
602,Z,tpsubh1,ordinal,-1,-1,"asked, no answer",TRUE,
602,Z,tpsubh1,ordinal,1,1,excellent,FALSE,
602,Z,tpsubh1,ordinal,2,2,good,FALSE,
602,Z,tpsubh1,ordinal,3,3,fair,FALSE,
602,Z,tpsubh1,ordinal,4,4,sometimes good/bad,FALSE,
602,Z,tpsubh1,ordinal,5,5,poor,FALSE,
