filecode,wave,canonical_name,variable_type,value_raw,value_numeric,value_label,is_missing,conflicts
044,B,lst1c01,binary,"na, wrong skip(-3)",-3,"na, wrong skip",TRUE,
044,B,lst1c01,binary,"na, see BLST1C01(-2)",-2,"na, see BLST1C01",TRUE,
044,B,lst1c01,binary,"na, asked(-1)",-1,"na, asked",TRUE,
044,B,lst1c01,binary,not mentioned(0),0,not mentioned,FALSE,
044,B,lst1c01,binary,mentioned(1),1,mentioned,FALSE,
044,B,lst1c02,binary,"na, wrong skip(-3)",-3,"na, wrong skip",TRUE,
044,B,lst1c02,binary,"na, see BLST1C02(-2)",-2,"na, see BLST1C02",TRUE,
044,B,lst1c02,binary,"na, asked(-1)",-1,"na, asked",TRUE,
044,B,lst1c02,binary,not mentioned(0),0,not mentioned,FALSE,
044,B,lst1c02,binary,mentioned(1),1,mentioned,FALSE,
044,B,lst1c03,binary,"na, wrong skip(-3)",-3,"na, wrong skip",TRUE,
044,B,lst1c03,binary,"na, see BLST1C03(-2)",-2,"na, see BLST1C03",TRUE,
044,B,lst1c03,binary,"na, asked(-1)",-1,"na, asked",TRUE,
044,B,lst1c03,binary,not mentioned(0),0,not mentioned,FALSE,
044,B,lst1c03,binary,mentioned(1),1,mentioned,FALSE,
044,B,lst1c04,binary,"na, wrong skip(-3)",-3,"na, wrong skip",TRUE,
044,B,lst1c04,binary,"na, see BLST1C04(-2)",-2,"na, see BLST1C04",TRUE,
044,B,lst1c04,binary,"na, asked(-1)",-1,"na, asked",TRUE,
044,B,lst1c04,binary,not mentioned(0),0,not mentioned,FALSE,
044,B,lst1c04,binary,mentioned(1),1,mentioned,FALSE,
044,B,lst1c05,binary,"na, wrong skip(-3)",-3,"na, wrong skip",TRUE,
044,B,lst1c05,binary,"na, see BLST1C05(-2)",-2,"na, see BLST1C05",TRUE,
044,B,lst1c05,binary,"na, asked(-1)",-1,"na, asked",TRUE,
044,B,lst1c05,binary,not mentioned(0),0,not mentioned,FALSE,
044,B,lst1c05,binary,mentioned(1),1,mentioned,FALSE,
044,B,lst1c06,binary,"na, wrong skip(-3)",-3,"na, wrong skip",TRUE,
044,B,lst1c06,binary,"na, see BLST1C06(-2)",-2,"na, see BLST1C06",TRUE,
044,B,lst1c06,binary,"na, asked(-1)",-1,"na, asked",TRUE,
044,B,lst1c06,binary,not mentioned(0),0,not mentioned,FALSE,
044,B,lst1c06,binary,mentioned(1),1,mentioned,FALSE,
044,B,lst1c07,binary,"na, wrong skip(-3)",-3,"na, wrong skip",TRUE,
044,B,lst1c07,binary,"na, see BLST1C07(-2)",-2,"na, see BLST1C07",TRUE,
044,B,lst1c07,binary,"na, asked(-1)",-1,"na, asked",TRUE,
044,B,lst1c07,binary,not mentioned(0),0,not mentioned,FALSE,
044,B,lst1c07,binary,mentioned(1),1,mentioned,FALSE,
044,B,lst1c08,binary,"na, wrong skip(-3)",-3,"na, wrong skip",TRUE,
044,B,lst1c08,binary,"na, see BLST1C08(-2)",-2,"na, see BLST1C08",TRUE,
044,B,lst1c08,binary,"na, asked(-1)",-1,"na, asked",TRUE,
044,B,lst1c08,binary,not mentioned(0),0,not mentioned,FALSE,
044,B,lst1c08,binary,mentioned(1),1,mentioned,FALSE,
044,B,lst1c09,binary,"na, wrong skip(-3)",-3,"na, wrong skip",TRUE,
044,B,lst1c09,binary,"na, see BLST1C09(-2)",-2,"na, see BLST1C09",TRUE,
044,B,lst1c09,binary,"na, asked(-1)",-1,"na, asked",TRUE,
044,B,lst1c09,binary,not mentioned(0),0,not mentioned,FALSE,
044,B,lst1c09,binary,mentioned(1),1,mentioned,FALSE,
044,B,lst1c10,binary,"na, wrong skip(-3)",-3,"na, wrong skip",TRUE,
044,B,lst1c10,binary,"na, see BLST1C10(-2)",-2,"na, see BLST1C10",TRUE,
044,B,lst1c10,binary,"na, asked(-1)",-1,"na, asked",TRUE,
044,B,lst1c10,binary,not mentioned(0),0,not mentioned,FALSE,
044,B,lst1c10,binary,mentioned(1),1,mentioned,FALSE,
044,B,lst1c11,binary,"na, wrong skip(-3)",-3,"na, wrong skip",TRUE,
044,B,lst1c11,binary,"na, see BLST1C11(-2)",-2,"na, see BLST1C11",TRUE,
044,B,lst1c11,binary,"na, asked(-1)",-1,"na, asked",TRUE,
044,B,lst1c11,binary,not mentioned(0),0,not mentioned,FALSE,
044,B,lst1c11,binary,mentioned(1),1,mentioned,FALSE,
044,B,lst1c12,binary,"na, wrong skip(-3)",-3,"na, wrong skip",TRUE,
044,B,lst1c12,binary,"na, see BLST1C12(-2)",-2,"na, see BLST1C12",TRUE,
044,B,lst1c12,binary,"na, asked(-1)",-1,"na, asked",TRUE,
044,B,lst1c12,binary,not mentioned(0),0,not mentioned,FALSE,
044,B,lst1c12,binary,mentioned(1),1,mentioned,FALSE,
044,B,lst1c13,binary,"na, wrong skip(-3)",-3,"na, wrong skip",TRUE,
044,B,lst1c13,binary,"na, see BLST1C13(-2)",-2,"na, see BLST1C13",TRUE,
044,B,lst1c13,binary,"na, asked(-1)",-1,"na, asked",TRUE,
044,B,lst1c13,binary,not mentioned(0),0,not mentioned,FALSE,
044,B,lst1c13,binary,mentioned(1),1,mentioned,FALSE,
044,B,lst1c14,binary,"na, wrong skip(-3)",-3,"na, wrong skip",TRUE,
044,B,lst1c14,binary,"na, see BLST1C14(-2)",-2,"na, see BLST1C14",TRUE,
044,B,lst1c14,binary,"na, asked(-1)",-1,"na, asked",TRUE,
044,B,lst1c14,binary,not mentioned(0),0,not mentioned,FALSE,
044,B,lst1c14,binary,mentioned(1),1,mentioned,FALSE,
044,B,lst1c15,binary,"na, wrong skip(-3)",-3,"na, wrong skip",TRUE,
044,B,lst1c15,binary,"na, see BLST1C15(-2)",-2,"na, see BLST1C15",TRUE,
044,B,lst1c15,binary,"na, asked(-1)",-1,"na, asked",TRUE,
044,B,lst1c15,binary,not mentioned(0),0,not mentioned,FALSE,
044,B,lst1c15,binary,mentioned(1),1,mentioned,FALSE,
044,B,lst1c16,binary,"na, wrong skip(-3)",-3,"na, wrong skip",TRUE,
044,B,lst1c16,binary,"na, see BLST1C16(-2)",-2,"na, see BLST1C16",TRUE,
044,B,lst1c16,binary,"na, asked(-1)",-1,"na, asked",TRUE,
044,B,lst1c16,binary,not mentioned(0),0,not mentioned,FALSE,
044,B,lst1c16,binary,mentioned(1),1,mentioned,FALSE,
044,B,lst1c17,binary,"na, wrong skip(-3)",-3,"na, wrong skip",TRUE,
044,B,lst1c17,binary,"na, see BLST1C17(-2)",-2,"na, see BLST1C17",TRUE,
044,B,lst1c17,binary,"na, asked(-1)",-1,"na, asked",TRUE,
044,B,lst1c17,binary,not mentioned(0),0,not mentioned,FALSE,
044,B,lst1c17,binary,mentioned(1),1,mentioned,FALSE,
044,B,lst1c18,binary,"na, wrong skip(-3)",-3,"na, wrong skip",TRUE,
044,B,lst1c18,binary,"na, see BLST1C18(-2)",-2,"na, see BLST1C18",TRUE,
044,B,lst1c18,binary,"na, asked(-1)",-1,"na, asked",TRUE,
044,B,lst1c18,binary,not mentioned(0),0,not mentioned,FALSE,
044,B,lst1c18,binary,mentioned(1),1,mentioned,FALSE,
044,B,lst1c19,binary,"na, wrong skip(-3)",-3,"na, wrong skip",TRUE,
044,B,lst1c19,binary,"na, see BLST1C19(-2)",-2,"na, see BLST1C19",TRUE,
044,B,lst1c19,binary,"na, asked(-1)",-1,"na, asked",TRUE,
044,B,lst1c19,binary,not mentioned(0),0,not mentioned,FALSE,
044,B,lst1c19,binary,mentioned(1),1,mentioned,FALSE,
044,B,lst1k01,binary,"na, interview terminated(-5)",-5,"na, interview terminated",TRUE,
044,B,lst1k01,binary,"na, short interview(-4)",-4,"na, short interview",TRUE,
044,B,lst1k01,binary,not mentioned(0),0,not mentioned,FALSE,
044,B,lst1k01,binary,mentioned(1),1,mentioned,FALSE,
044,B,lst1k02,binary,"na, interview terminated(-5)",-5,"na, interview terminated",TRUE,
044,B,lst1k02,binary,"na, short interview(-4)",-4,"na, short interview",TRUE,
044,B,lst1k02,binary,not mentioned(0),0,not mentioned,FALSE,
044,B,lst1k02,binary,mentioned(1),1,mentioned,FALSE,
044,B,lst1k03,binary,"na, interview terminated(-5)",-5,"na, interview terminated",TRUE,
044,B,lst1k03,binary,"na, short interview(-4)",-4,"na, short interview",TRUE,
044,B,lst1k03,binary,not mentioned(0),0,not mentioned,FALSE,
044,B,lst1k03,binary,mentioned(1),1,mentioned,FALSE,
044,B,lst1k04,binary,"na, interview terminated(-5)",-5,"na, interview terminated",TRUE,
044,B,lst1k04,binary,"na, short interview(-4)",-4,"na, short interview",TRUE,
044,B,lst1k04,binary,not mentioned(0),0,not mentioned,FALSE,
044,B,lst1k04,binary,mentioned(1),1,mentioned,FALSE,
044,B,lst1k05,binary,"na, interview terminated(-5)",-5,"na, interview terminated",TRUE,
044,B,lst1k05,binary,"na, short interview(-4)",-4,"na, short interview",TRUE,
044,B,lst1k05,binary,not mentioned(0),0,not mentioned,FALSE,
044,B,lst1k05,binary,mentioned(1),1,mentioned,FALSE,
044,B,lst1k06,binary,"na, interview terminated(-5)",-5,"na, interview terminated",TRUE,
044,B,lst1k06,binary,"na, short interview(-4)",-4,"na, short interview",TRUE,
044,B,lst1k06,binary,not mentioned(0),0,not mentioned,FALSE,
044,B,lst1k06,binary,mentioned(1),1,mentioned,FALSE,
044,B,lst1k07,binary,"na, interview terminated(-5)",-5,"na, interview terminated",TRUE,
044,B,lst1k07,binary,"na, short interview(-4)",-4,"na, short interview",TRUE,
044,B,lst1k07,binary,not mentioned(0),0,not mentioned,FALSE,
044,B,lst1k07,binary,mentioned(1),1,mentioned,FALSE,
044,B,lst1k08,binary,"na, interview terminated(-5)",-5,"na, interview terminated",TRUE,
044,B,lst1k08,binary,"na, short interview(-4)",-4,"na, short interview",TRUE,
044,B,lst1k08,binary,not mentioned(0),0,not mentioned,FALSE,
044,B,lst1k08,binary,mentioned(1),1,mentioned,FALSE,
044,B,lst1k09,binary,"na, interview terminated(-5)",-5,"na, interview terminated",TRUE,
044,B,lst1k09,binary,"na, short interview(-4)",-4,"na, short interview",TRUE,
044,B,lst1k09,binary,not mentioned(0),0,not mentioned,FALSE,
044,B,lst1k09,binary,mentioned(1),1,mentioned,FALSE,
044,B,lst1k10,binary,"na, interview terminated(-5)",-5,"na, interview terminated",TRUE,
044,B,lst1k10,binary,"na, short interview(-4)",-4,"na, short interview",TRUE,
044,B,lst1k10,binary,not mentioned(0),0,not mentioned,FALSE,
044,B,lst1k10,binary,mentioned(1),1,mentioned,FALSE,
044,B,lst1k11,binary,"na, interview terminated(-5)",-5,"na, interview terminated",TRUE,
044,B,lst1k11,binary,"na, short interview(-4)",-4,"na, short interview",TRUE,
044,B,lst1k11,binary,not mentioned(0),0,not mentioned,FALSE,
044,B,lst1k11,binary,mentioned(1),1,mentioned,FALSE,
044,B,lst1k12,binary,"na, interview terminated(-5)",-5,"na, interview terminated",TRUE,
044,B,lst1k12,binary,"na, short interview(-4)",-4,"na, short interview",TRUE,
044,B,lst1k12,binary,not mentioned(0),0,not mentioned,FALSE,
044,B,lst1k12,binary,mentioned(1),1,mentioned,FALSE,
044,B,lst1k13,binary,"na, interview terminated(-5)",-5,"na, interview terminated",TRUE,
044,B,lst1k13,binary,"na, short interview(-4)",-4,"na, short interview",TRUE,
044,B,lst1k13,binary,not mentioned(0),0,not mentioned,FALSE,
044,B,lst1k13,binary,mentioned(1),1,mentioned,FALSE,
044,B,lst1k14,binary,"na, interview terminated(-5)",-5,"na, interview terminated",TRUE,
044,B,lst1k14,binary,"na, short interview(-4)",-4,"na, short interview",TRUE,
044,B,lst1k14,binary,not mentioned(0),0,not mentioned,FALSE,
044,B,lst1k14,binary,mentioned(1),1,mentioned,FALSE,
044,B,lst1k15,binary,"na, interview terminated(-5)",-5,"na, interview terminated",TRUE,
044,B,lst1k15,binary,"na, short interview(-4)",-4,"na, short interview",TRUE,
044,B,lst1k15,binary,not mentioned(0),0,not mentioned,FALSE,
044,B,lst1k15,binary,mentioned(1),1,mentioned,FALSE,
044,B,lst1k16,binary,"na, interview terminated(-5)",-5,"na, interview terminated",TRUE,
044,B,lst1k16,binary,"na, short interview(-4)",-4,"na, short interview",TRUE,
044,B,lst1k16,binary,not mentioned(0),0,not mentioned,FALSE,
044,B,lst1k16,binary,mentioned(1),1,mentioned,FALSE,
044,B,lst1k17,binary,"na, interview terminated(-5)",-5,"na, interview terminated",TRUE,
044,B,lst1k17,binary,"na, short interview(-4)",-4,"na, short interview",TRUE,
044,B,lst1k17,binary,not mentioned(0),0,not mentioned,FALSE,
044,B,lst1k17,binary,mentioned(1),1,mentioned,FALSE,
044,B,lst1k18,binary,"na, interview terminated(-5)",-5,"na, interview terminated",TRUE,
044,B,lst1k18,binary,"na, short interview(-4)",-4,"na, short interview",TRUE,
044,B,lst1k18,binary,not mentioned(0),0,not mentioned,FALSE,
044,B,lst1k18,binary,mentioned(1),1,mentioned,FALSE,
044,B,lst1k19,binary,"na, interview terminated(-5)",-5,"na, interview terminated",TRUE,
044,B,lst1k19,binary,"na, short interview(-4)",-4,"na, short interview",TRUE,
044,B,lst1k19,binary,not mentioned(0),0,not mentioned,FALSE,
044,B,lst1k19,binary,mentioned(1),1,mentioned,FALSE,
044,B,lst2c01,binary,"na, short interview(-4)",-4,"na, short interview",TRUE,
044,B,lst2c01,binary,"na, wrong skip(-3)",-3,"na, wrong skip",TRUE,
044,B,lst2c01,binary,"na, see BLST2K01(-2)",-2,"na, see BLST2K01",TRUE,
044,B,lst2c01,binary,"na, asked(-1)",-1,"na, asked",TRUE,
044,B,lst2c01,binary,not mentioned(0),0,not mentioned,FALSE,
044,B,lst2c01,binary,mentioned(1),1,mentioned,FALSE,
044,B,lst2c02,binary,"na, short interview(-4)",-4,"na, short interview",TRUE,
044,B,lst2c02,binary,"na, wrong skip(-3)",-3,"na, wrong skip",TRUE,
044,B,lst2c02,binary,"na, see BLST2K02(-2)",-2,"na, see BLST2K02",TRUE,
044,B,lst2c02,binary,"na, asked(-1)",-1,"na, asked",TRUE,
044,B,lst2c02,binary,not mentioned(0),0,not mentioned,FALSE,
044,B,lst2c02,binary,mentioned(1),1,mentioned,FALSE,
044,B,lst2c03,binary,"na, short interview(-4)",-4,"na, short interview",TRUE,
044,B,lst2c03,binary,"na, wrong skip(-3)",-3,"na, wrong skip",TRUE,
044,B,lst2c03,binary,"na, see BLST2K03(-2)",-2,"na, see BLST2K03",TRUE,
044,B,lst2c03,binary,"na, asked(-1)",-1,"na, asked",TRUE,
044,B,lst2c03,binary,not mentioned(0),0,not mentioned,FALSE,
044,B,lst2c03,binary,mentioned(1),1,mentioned,FALSE,
044,B,lst2c04,binary,"na, wrong skip(-3)",-3,"na, wrong skip",TRUE,
044,B,lst2c04,binary,"na, see BLST2K04(-2)",-2,"na, see BLST2K04",TRUE,
044,B,lst2c04,binary,"na, asked(-1)",-1,"na, asked",TRUE,
044,B,lst2c04,binary,not mentioned(0),0,not mentioned,FALSE,
044,B,lst2c04,binary,mentioned(1),1,mentioned,FALSE,
044,B,lst2c05,binary,"na, wrong skip(-3)",-3,"na, wrong skip",TRUE,
044,B,lst2c05,binary,"na, see BLST2K05(-2)",-2,"na, see BLST2K05",TRUE,
044,B,lst2c05,binary,"na, asked(-1)",-1,"na, asked",TRUE,
044,B,lst2c05,binary,not mentioned(0),0,not mentioned,FALSE,
044,B,lst2c05,binary,mentioned(1),1,mentioned,FALSE,
044,B,lst2c06,binary,"na, wrong skip(-3)",-3,"na, wrong skip",TRUE,
044,B,lst2c06,binary,"na, see BLST2K06(-2)",-2,"na, see BLST2K06",TRUE,
044,B,lst2c06,binary,"na, asked(-1)",-1,"na, asked",TRUE,
044,B,lst2c06,binary,not mentioned(0),0,not mentioned,FALSE,
044,B,lst2c06,binary,mentioned(1),1,mentioned,FALSE,
044,B,lst2c07,binary,"na, wrong skip(-3)",-3,"na, wrong skip",TRUE,
044,B,lst2c07,binary,"na, see BLST2K07(-2)",-2,"na, see BLST2K07",TRUE,
044,B,lst2c07,binary,"na, asked(-1)",-1,"na, asked",TRUE,
044,B,lst2c07,binary,not mentioned(0),0,not mentioned,FALSE,
044,B,lst2c07,binary,mentioned(1),1,mentioned,FALSE,
044,B,lst2c08,binary,"na, wrong skip(-3)",-3,"na, wrong skip",TRUE,
044,B,lst2c08,binary,"na, see BLST2K08(-2)",-2,"na, see BLST2K08",TRUE,
044,B,lst2c08,binary,"na, asked(-1)",-1,"na, asked",TRUE,
044,B,lst2c08,binary,not mentioned(0),0,not mentioned,FALSE,
044,B,lst2c08,binary,mentioned(1),1,mentioned,FALSE,
044,B,lst2c09,binary,"na, wrong skip(-3)",-3,"na, wrong skip",TRUE,
044,B,lst2c09,binary,"na, see BLST2K09(-2)",-2,"na, see BLST2K09",TRUE,
044,B,lst2c09,binary,"na, asked(-1)",-1,"na, asked",TRUE,
044,B,lst2c09,binary,not mentioned(0),0,not mentioned,FALSE,
044,B,lst2c09,binary,mentioned(1),1,mentioned,FALSE,
044,B,lst2c10,binary,"na, wrong skip(-3)",-3,"na, wrong skip",TRUE,
044,B,lst2c10,binary,"na, see BLST2K10(-2)",-2,"na, see BLST2K10",TRUE,
044,B,lst2c10,binary,"na, asked(-1)",-1,"na, asked",TRUE,
044,B,lst2c10,binary,not mentioned(0),0,not mentioned,FALSE,
044,B,lst2c10,binary,mentioned(1),1,mentioned,FALSE,
044,B,lst2c11,binary,"na, wrong skip(-3)",-3,"na, wrong skip",TRUE,
044,B,lst2c11,binary,"na, see BLST2K11(-2)",-2,"na, see BLST2K11",TRUE,
044,B,lst2c11,binary,"na, asked(-1)",-1,"na, asked",TRUE,
044,B,lst2c11,binary,not mentioned(0),0,not mentioned,FALSE,
044,B,lst2c11,binary,mentioned(1),1,mentioned,FALSE,
044,B,lst2c12,binary,"na, wrong skip(-3)",-3,"na, wrong skip",TRUE,
044,B,lst2c12,binary,"na, see BLST2K12(-2)",-2,"na, see BLST2K12",TRUE,
044,B,lst2c12,binary,"na, asked(-1)",-1,"na, asked",TRUE,
044,B,lst2c12,binary,not mentioned(0),0,not mentioned,FALSE,
044,B,lst2c12,binary,mentioned(1),1,mentioned,FALSE,
044,B,lst2c13,binary,"na, wrong skip(-3)",-3,"na, wrong skip",TRUE,
044,B,lst2c13,binary,"na, see BLST2K13(-2)",-2,"na, see BLST2K13",TRUE,
044,B,lst2c13,binary,"na, asked(-1)",-1,"na, asked",TRUE,
044,B,lst2c13,binary,not mentioned(0),0,not mentioned,FALSE,
044,B,lst2c13,binary,mentioned(1),1,mentioned,FALSE,
044,B,lst2c14,binary,"na, wrong skip(-3)",-3,"na, wrong skip",TRUE,
044,B,lst2c14,binary,"na, see BLST2K14(-2)",-2,"na, see BLST2K14",TRUE,
044,B,lst2c14,binary,"na, asked(-1)",-1,"na, asked",TRUE,
044,B,lst2c14,binary,not mentioned(0),0,not mentioned,FALSE,
044,B,lst2c14,binary,mentioned(1),1,mentioned,FALSE,
044,B,lst2c15,binary,"na, wrong skip(-3)",-3,"na, wrong skip",TRUE,
044,B,lst2c15,binary,"na, see BLST2K15(-2)",-2,"na, see BLST2K15",TRUE,
044,B,lst2c15,binary,"na, asked(-1)",-1,"na, asked",TRUE,
044,B,lst2c15,binary,not mentioned(0),0,not mentioned,FALSE,
044,B,lst2c15,binary,mentioned(1),1,mentioned,FALSE,
044,B,lst2k01,binary,"na, interview terminated(-5)",-5,"na, interview terminated",TRUE,
044,B,lst2k01,binary,"na, short interview(-4)",-4,"na, short interview",TRUE,
044,B,lst2k01,binary,"na, see BHINDEP(-2)",-2,"na, see BHINDEP",TRUE,
044,B,lst2k01,binary,not mentioned(0),0,not mentioned,FALSE,
044,B,lst2k01,binary,mentioned(1),1,mentioned,FALSE,
044,B,lst2k02,binary,"na, interview terminated(-5)",-5,"na, interview terminated",TRUE,
044,B,lst2k02,binary,"na, short interview(-4)",-4,"na, short interview",TRUE,
044,B,lst2k02,binary,"na, see BHINDEP(-2)",-2,"na, see BHINDEP",TRUE,
044,B,lst2k02,binary,not mentioned(0),0,not mentioned,FALSE,
044,B,lst2k02,binary,mentioned(1),1,mentioned,FALSE,
044,B,lst2k03,binary,"na, interview terminated(-5)",-5,"na, interview terminated",TRUE,
044,B,lst2k03,binary,"na, short interview(-4)",-4,"na, short interview",TRUE,
044,B,lst2k03,binary,"na, see BHINDEP(-2)",-2,"na, see BHINDEP",TRUE,
044,B,lst2k03,binary,not mentioned(0),0,not mentioned,FALSE,
044,B,lst2k03,binary,mentioned(1),1,mentioned,FALSE,
044,B,lst2k04,binary,"na, interview terminated(-5)",-5,"na, interview terminated",TRUE,
044,B,lst2k04,binary,"na, short interview(-4)",-4,"na, short interview",TRUE,
044,B,lst2k04,binary,"na, see BHINDEP(-2)",-2,"na, see BHINDEP",TRUE,
044,B,lst2k04,binary,not mentioned(0),0,not mentioned,FALSE,
044,B,lst2k04,binary,mentioned(1),1,mentioned,FALSE,
044,B,lst2k05,binary,"na, interview terminated(-5)",-5,"na, interview terminated",TRUE,
044,B,lst2k05,binary,"na, short interview(-4)",-4,"na, short interview",TRUE,
044,B,lst2k05,binary,"na, see BHINDEP(-2)",-2,"na, see BHINDEP",TRUE,
044,B,lst2k05,binary,not mentioned(0),0,not mentioned,FALSE,
044,B,lst2k05,binary,mentioned(1),1,mentioned,FALSE,
044,B,lst2k06,binary,"na, interview terminated(-5)",-5,"na, interview terminated",TRUE,
044,B,lst2k06,binary,"na, short interview(-4)",-4,"na, short interview",TRUE,
044,B,lst2k06,binary,"na, see BHINDEP(-2)",-2,"na, see BHINDEP",TRUE,
044,B,lst2k06,binary,not mentioned(0),0,not mentioned,FALSE,
044,B,lst2k06,binary,mentioned(1),1,mentioned,FALSE,
044,B,lst2k07,binary,"na, interview terminated(-5)",-5,"na, interview terminated",TRUE,
044,B,lst2k07,binary,"na, short interview(-4)",-4,"na, short interview",TRUE,
044,B,lst2k07,binary,"na, see BHINDEP(-2)",-2,"na, see BHINDEP",TRUE,
044,B,lst2k07,binary,not mentioned(0),0,not mentioned,FALSE,
044,B,lst2k07,binary,mentioned(1),1,mentioned,FALSE,
044,B,lst2k08,binary,"na, interview terminated(-5)",-5,"na, interview terminated",TRUE,
044,B,lst2k08,binary,"na, short interview(-4)",-4,"na, short interview",TRUE,
044,B,lst2k08,binary,"na, see BHINDEP(-2)",-2,"na, see BHINDEP",TRUE,
044,B,lst2k08,binary,not mentioned(0),0,not mentioned,FALSE,
044,B,lst2k08,binary,mentioned(1),1,mentioned,FALSE,
044,B,lst2k09,binary,"na, interview terminated(-5)",-5,"na, interview terminated",TRUE,
044,B,lst2k09,binary,"na, short interview(-4)",-4,"na, short interview",TRUE,
044,B,lst2k09,binary,"na, see BHINDEP(-2)",-2,"na, see BHINDEP",TRUE,
044,B,lst2k09,binary,not mentioned(0),0,not mentioned,FALSE,
044,B,lst2k09,binary,mentioned(1),1,mentioned,FALSE,
044,B,lst2k10,binary,"na, interview terminated(-5)",-5,"na, interview terminated",TRUE,
044,B,lst2k10,binary,"na, short interview(-4)",-4,"na, short interview",TRUE,
044,B,lst2k10,binary,"na, see BHINDEP(-2)",-2,"na, see BHINDEP",TRUE,
044,B,lst2k10,binary,not mentioned(0),0,not mentioned,FALSE,
044,B,lst2k10,binary,mentioned(1),1,mentioned,FALSE,
044,B,lst2k11,binary,"na, interview terminated(-5)",-5,"na, interview terminated",TRUE,
044,B,lst2k11,binary,"na, short interview(-4)",-4,"na, short interview",TRUE,
044,B,lst2k11,binary,"na, see BHINDEP(-2)",-2,"na, see BHINDEP",TRUE,
044,B,lst2k11,binary,not mentioned(0),0,not mentioned,FALSE,
044,B,lst2k11,binary,mentioned(1),1,mentioned,FALSE,
044,B,lst2k12,binary,"na, interview terminated(-5)",-5,"na, interview terminated",TRUE,
044,B,lst2k12,binary,"na, short interview(-4)",-4,"na, short interview",TRUE,
044,B,lst2k12,binary,"na, see BHINDEP(-2)",-2,"na, see BHINDEP",TRUE,
044,B,lst2k12,binary,not mentioned(0),0,not mentioned,FALSE,
044,B,lst2k12,binary,mentioned(1),1,mentioned,FALSE,
044,B,lst2k13,binary,"na, interview terminated(-5)",-5,"na, interview terminated",TRUE,
044,B,lst2k13,binary,"na, short interview(-4)",-4,"na, short interview",TRUE,
044,B,lst2k13,binary,"na, see BHINDEP(-2)",-2,"na, see BHINDEP",TRUE,
044,B,lst2k13,binary,not mentioned(0),0,not mentioned,FALSE,
044,B,lst2k13,binary,mentioned(1),1,mentioned,FALSE,
044,B,lst2k14,binary,"na, interview terminated(-5)",-5,"na, interview terminated",TRUE,
044,B,lst2k14,binary,"na, short interview(-4)",-4,"na, short interview",TRUE,
044,B,lst2k14,binary,"na, see BHINDEP(-2)",-2,"na, see BHINDEP",TRUE,
044,B,lst2k14,binary,not mentioned(0),0,not mentioned,FALSE,
044,B,lst2k14,binary,mentioned(1),1,mentioned,FALSE,
044,B,lst2k15,binary,"na, interview terminated(-5)",-5,"na, interview terminated",TRUE,
044,B,lst2k15,binary,"na, short interview(-4)",-4,"na, short interview",TRUE,
044,B,lst2k15,binary,"na, see BHINDEP(-2)",-2,"na, see BHINDEP",TRUE,
044,B,lst2k15,binary,not mentioned(0),0,not mentioned,FALSE,
044,B,lst2k15,binary,mentioned(1),1,mentioned,FALSE,
044,C,lst1c01,binary,"na, interview terminated(-5)",-5,"na, interview terminated",TRUE,
044,C,lst1c01,binary,"na, asked(-1)",-1,"na, asked",TRUE,
044,C,lst1c01,binary,not mentioned(0),0,not mentioned,FALSE,
044,C,lst1c01,binary,mentioned(1),1,mentioned,FALSE,
044,C,lst1c02,binary,"na, interview terminated(-5)",-5,"na, interview terminated",TRUE,
044,C,lst1c02,binary,"na, asked(-1)",-1,"na, asked",TRUE,
044,C,lst1c02,binary,not mentioned(0),0,not mentioned,FALSE,
044,C,lst1c02,binary,mentioned(1),1,mentioned,FALSE,
044,C,lst1c03,binary,"see c/d/e/b/f/glst1c02 -> na, interview terminated(-5)",-5,"na, interview terminated",TRUE,
044,C,lst1c03,binary,"see c/d/e/b/f/glst1c02 -> na, asked(-1)",-1,"na, asked",TRUE,
044,C,lst1c03,binary,see c/d/e/b/f/glst1c02 -> not mentioned(0),0,not mentioned,FALSE,
044,C,lst1c03,binary,see c/d/e/b/f/glst1c02 -> mentioned(1),1,mentioned,FALSE,
044,C,lst1c04,binary,"see c/d/e/b/f/glst1c02 -> na, interview terminated(-5)",-5,"na, interview terminated",TRUE,
044,C,lst1c04,binary,"see c/d/e/b/f/glst1c02 -> na, asked(-1)",-1,"na, asked",TRUE,
044,C,lst1c04,binary,see c/d/e/b/f/glst1c02 -> not mentioned(0),0,not mentioned,FALSE,
044,C,lst1c04,binary,see c/d/e/b/f/glst1c02 -> mentioned(1),1,mentioned,FALSE,
044,C,lst1c05,binary,"see c/d/e/b/f/glst1c02 -> na, interview terminated(-5)",-5,"na, interview terminated",TRUE,
044,C,lst1c05,binary,"see c/d/e/b/f/glst1c02 -> na, asked(-1)",-1,"na, asked",TRUE,
044,C,lst1c05,binary,see c/d/e/b/f/glst1c02 -> not mentioned(0),0,not mentioned,FALSE,
044,C,lst1c05,binary,see c/d/e/b/f/glst1c02 -> mentioned(1),1,mentioned,FALSE,
044,C,lst1c06,binary,"see c/d/e/b/f/glst1c02 -> na, interview terminated(-5)",-5,"na, interview terminated",TRUE,
044,C,lst1c06,binary,"see c/d/e/b/f/glst1c02 -> na, asked(-1)",-1,"na, asked",TRUE,
044,C,lst1c06,binary,see c/d/e/b/f/glst1c02 -> not mentioned(0),0,not mentioned,FALSE,
044,C,lst1c06,binary,see c/d/e/b/f/glst1c02 -> mentioned(1),1,mentioned,FALSE,
044,C,lst1c07,binary,"see c/d/e/b/f/glst1c02 -> na, interview terminated(-5)",-5,"na, interview terminated",TRUE,
044,C,lst1c07,binary,"see c/d/e/b/f/glst1c02 -> na, asked(-1)",-1,"na, asked",TRUE,
044,C,lst1c07,binary,see c/d/e/b/f/glst1c02 -> not mentioned(0),0,not mentioned,FALSE,
044,C,lst1c07,binary,see c/d/e/b/f/glst1c02 -> mentioned(1),1,mentioned,FALSE,
044,C,lst1c08,binary,"see c/d/e/b/f/glst1c02 -> na, interview terminated(-5)",-5,"na, interview terminated",TRUE,
044,C,lst1c08,binary,"see c/d/e/b/f/glst1c02 -> na, asked(-1)",-1,"na, asked",TRUE,
044,C,lst1c08,binary,see c/d/e/b/f/glst1c02 -> not mentioned(0),0,not mentioned,FALSE,
044,C,lst1c08,binary,see c/d/e/b/f/glst1c02 -> mentioned(1),1,mentioned,FALSE,
044,C,lst1c09,binary,"see c/d/e/b/f/glst1c02 -> na, interview terminated(-5)",-5,"na, interview terminated",TRUE,
044,C,lst1c09,binary,"see c/d/e/b/f/glst1c02 -> na, asked(-1)",-1,"na, asked",TRUE,
044,C,lst1c09,binary,see c/d/e/b/f/glst1c02 -> not mentioned(0),0,not mentioned,FALSE,
044,C,lst1c09,binary,see c/d/e/b/f/glst1c02 -> mentioned(1),1,mentioned,FALSE,
044,C,lst1c10,binary,"see c/d/e/b/f/glst1c02 -> na, interview terminated(-5)",-5,"na, interview terminated",TRUE,
044,C,lst1c10,binary,"see c/d/e/b/f/glst1c02 -> na, asked(-1)",-1,"na, asked",TRUE,
044,C,lst1c10,binary,see c/d/e/b/f/glst1c02 -> not mentioned(0),0,not mentioned,FALSE,
044,C,lst1c10,binary,see c/d/e/b/f/glst1c02 -> mentioned(1),1,mentioned,FALSE,
044,C,lst1c11,binary,"see c/d/e/b/f/glst1c02 -> na, interview terminated(-5)",-5,"na, interview terminated",TRUE,
044,C,lst1c11,binary,"see c/d/e/b/f/glst1c02 -> na, asked(-1)",-1,"na, asked",TRUE,
044,C,lst1c11,binary,see c/d/e/b/f/glst1c02 -> not mentioned(0),0,not mentioned,FALSE,
044,C,lst1c11,binary,see c/d/e/b/f/glst1c02 -> mentioned(1),1,mentioned,FALSE,
044,C,lst1c12,binary,"see c/d/e/b/f/glst1c02 -> na, interview terminated(-5)",-5,"na, interview terminated",TRUE,
044,C,lst1c12,binary,"see c/d/e/b/f/glst1c02 -> na, asked(-1)",-1,"na, asked",TRUE,
044,C,lst1c12,binary,see c/d/e/b/f/glst1c02 -> not mentioned(0),0,not mentioned,FALSE,
044,C,lst1c12,binary,see c/d/e/b/f/glst1c02 -> mentioned(1),1,mentioned,FALSE,
044,C,lst1c13,binary,"see c/d/e/b/f/glst1c02 -> na, interview terminated(-5)",-5,"na, interview terminated",TRUE,
044,C,lst1c13,binary,"see c/d/e/b/f/glst1c02 -> na, asked(-1)",-1,"na, asked",TRUE,
044,C,lst1c13,binary,see c/d/e/b/f/glst1c02 -> not mentioned(0),0,not mentioned,FALSE,
044,C,lst1c13,binary,see c/d/e/b/f/glst1c02 -> mentioned(1),1,mentioned,FALSE,
044,C,lst1c14,binary,"see c/d/e/b/f/glst1c02 -> na, interview terminated(-5)",-5,"na, interview terminated",TRUE,
044,C,lst1c14,binary,"see c/d/e/b/f/glst1c02 -> na, asked(-1)",-1,"na, asked",TRUE,
044,C,lst1c14,binary,see c/d/e/b/f/glst1c02 -> not mentioned(0),0,not mentioned,FALSE,
044,C,lst1c14,binary,see c/d/e/b/f/glst1c02 -> mentioned(1),1,mentioned,FALSE,
044,C,lst1c15,binary,"see c/d/e/b/f/glst1c02 -> na, interview terminated(-5)",-5,"na, interview terminated",TRUE,
044,C,lst1c15,binary,"see c/d/e/b/f/glst1c02 -> na, asked(-1)",-1,"na, asked",TRUE,
044,C,lst1c15,binary,see c/d/e/b/f/glst1c02 -> not mentioned(0),0,not mentioned,FALSE,
044,C,lst1c15,binary,see c/d/e/b/f/glst1c02 -> mentioned(1),1,mentioned,FALSE,
044,C,lst1c16,binary,"see c/d/e/b/f/glst1c02 -> na, interview terminated(-5)",-5,"na, interview terminated",TRUE,
044,C,lst1c16,binary,"see c/d/e/b/f/glst1c02 -> na, asked(-1)",-1,"na, asked",TRUE,
044,C,lst1c16,binary,see c/d/e/b/f/glst1c02 -> not mentioned(0),0,not mentioned,FALSE,
044,C,lst1c16,binary,see c/d/e/b/f/glst1c02 -> mentioned(1),1,mentioned,FALSE,
044,C,lst1c17,binary,"see c/d/e/b/f/glst1c02 -> na, interview terminated(-5)",-5,"na, interview terminated",TRUE,
044,C,lst1c17,binary,"see c/d/e/b/f/glst1c02 -> na, asked(-1)",-1,"na, asked",TRUE,
044,C,lst1c17,binary,see c/d/e/b/f/glst1c02 -> not mentioned(0),0,not mentioned,FALSE,
044,C,lst1c17,binary,see c/d/e/b/f/glst1c02 -> mentioned(1),1,mentioned,FALSE,
044,C,lst1c18,binary,"see c/d/e/b/f/glst1c02 -> na, interview terminated(-5)",-5,"na, interview terminated",TRUE,
044,C,lst1c18,binary,"see c/d/e/b/f/glst1c02 -> na, asked(-1)",-1,"na, asked",TRUE,
044,C,lst1c18,binary,see c/d/e/b/f/glst1c02 -> not mentioned(0),0,not mentioned,FALSE,
044,C,lst1c18,binary,see c/d/e/b/f/glst1c02 -> mentioned(1),1,mentioned,FALSE,
044,C,lst1c19,binary,"see c/d/e/b/f/glst1c02 -> na, interview terminated(-5)",-5,"na, interview terminated",TRUE,
044,C,lst1c19,binary,"see c/d/e/b/f/glst1c02 -> na, asked(-1)",-1,"na, asked",TRUE,
044,C,lst1c19,binary,see c/d/e/b/f/glst1c02 -> not mentioned(0),0,not mentioned,FALSE,
044,C,lst1c19,binary,see c/d/e/b/f/glst1c02 -> mentioned(1),1,mentioned,FALSE,
044,C,lst2c01,binary,"na, interview terminated(-5)",-5,"na, interview terminated",TRUE,
044,C,lst2c01,binary,"na, wrong skip(-3)",-3,"na, wrong skip",TRUE,
044,C,lst2c01,binary,"na, see C/D/E/B/F/GHINDEP(-2)",-2,"na, see C/D/E/B/F/GHINDEP",TRUE,
044,C,lst2c01,binary,"na, asked(-1)",-1,"na, asked",TRUE,
044,C,lst2c01,binary,not mentioned(0),0,not mentioned,FALSE,
044,C,lst2c01,binary,mentioned(1),1,mentioned,FALSE,
044,C,lst2c02,binary,"see c/d/e/b/f/glst2c01 -> na, interview terminated(-5)",-5,"na, interview terminated",TRUE,
044,C,lst2c02,binary,"see c/d/e/b/f/glst2c01 -> na, wrong skip(-3)",-3,"na, wrong skip",TRUE,
044,C,lst2c02,binary,"see c/d/e/b/f/glst2c01 -> na, see C/D/E/B/F/GHINDEP(-2)",-2,"na, see C/D/E/B/F/GHINDEP",TRUE,
044,C,lst2c02,binary,"see c/d/e/b/f/glst2c01 -> na, asked(-1)",-1,"na, asked",TRUE,
044,C,lst2c02,binary,see c/d/e/b/f/glst2c01 -> not mentioned(0),0,not mentioned,FALSE,
044,C,lst2c02,binary,see c/d/e/b/f/glst2c01 -> mentioned(1),1,mentioned,FALSE,
044,C,lst2c03,binary,"see c/d/e/b/f/glst2c01 -> na, interview terminated(-5)",-5,"na, interview terminated",TRUE,
044,C,lst2c03,binary,"see c/d/e/b/f/glst2c01 -> na, wrong skip(-3)",-3,"na, wrong skip",TRUE,
044,C,lst2c03,binary,"see c/d/e/b/f/glst2c01 -> na, see C/D/E/B/F/GHINDEP(-2)",-2,"na, see C/D/E/B/F/GHINDEP",TRUE,
044,C,lst2c03,binary,"see c/d/e/b/f/glst2c01 -> na, asked(-1)",-1,"na, asked",TRUE,
044,C,lst2c03,binary,see c/d/e/b/f/glst2c01 -> not mentioned(0),0,not mentioned,FALSE,
044,C,lst2c03,binary,see c/d/e/b/f/glst2c01 -> mentioned(1),1,mentioned,FALSE,
044,C,lst2c04,binary,"see c/d/e/b/f/glst2c01 -> na, interview terminated(-5)",-5,"na, interview terminated",TRUE,
044,C,lst2c04,binary,"see c/d/e/b/f/glst2c01 -> na, wrong skip(-3)",-3,"na, wrong skip",TRUE,
044,C,lst2c04,binary,"see c/d/e/b/f/glst2c01 -> na, see C/D/E/B/F/GHINDEP(-2)",-2,"na, see C/D/E/B/F/GHINDEP",TRUE,
044,C,lst2c04,binary,"see c/d/e/b/f/glst2c01 -> na, asked(-1)",-1,"na, asked",TRUE,
044,C,lst2c04,binary,see c/d/e/b/f/glst2c01 -> not mentioned(0),0,not mentioned,FALSE,
044,C,lst2c04,binary,see c/d/e/b/f/glst2c01 -> mentioned(1),1,mentioned,FALSE,
044,C,lst2c05,binary,"see c/d/e/b/f/glst2c01 -> na, interview terminated(-5)",-5,"na, interview terminated",TRUE,
044,C,lst2c05,binary,"see c/d/e/b/f/glst2c01 -> na, wrong skip(-3)",-3,"na, wrong skip",TRUE,
044,C,lst2c05,binary,"see c/d/e/b/f/glst2c01 -> na, see C/D/E/B/F/GHINDEP(-2)",-2,"na, see C/D/E/B/F/GHINDEP",TRUE,
044,C,lst2c05,binary,"see c/d/e/b/f/glst2c01 -> na, asked(-1)",-1,"na, asked",TRUE,
044,C,lst2c05,binary,see c/d/e/b/f/glst2c01 -> not mentioned(0),0,not mentioned,FALSE,
044,C,lst2c05,binary,see c/d/e/b/f/glst2c01 -> mentioned(1),1,mentioned,FALSE,
044,C,lst2c06,binary,"see c/d/e/b/f/glst2c01 -> na, interview terminated(-5)",-5,"na, interview terminated",TRUE,
044,C,lst2c06,binary,"see c/d/e/b/f/glst2c01 -> na, wrong skip(-3)",-3,"na, wrong skip",TRUE,
044,C,lst2c06,binary,"see c/d/e/b/f/glst2c01 -> na, see C/D/E/B/F/GHINDEP(-2)",-2,"na, see C/D/E/B/F/GHINDEP",TRUE,
044,C,lst2c06,binary,"see c/d/e/b/f/glst2c01 -> na, asked(-1)",-1,"na, asked",TRUE,
044,C,lst2c06,binary,see c/d/e/b/f/glst2c01 -> not mentioned(0),0,not mentioned,FALSE,
044,C,lst2c06,binary,see c/d/e/b/f/glst2c01 -> mentioned(1),1,mentioned,FALSE,
044,C,lst2c07,binary,"see c/d/e/b/f/glst2c01 -> na, interview terminated(-5)",-5,"na, interview terminated",TRUE,
044,C,lst2c07,binary,"see c/d/e/b/f/glst2c01 -> na, wrong skip(-3)",-3,"na, wrong skip",TRUE,
044,C,lst2c07,binary,"see c/d/e/b/f/glst2c01 -> na, see C/D/E/B/F/GHINDEP(-2)",-2,"na, see C/D/E/B/F/GHINDEP",TRUE,
044,C,lst2c07,binary,"see c/d/e/b/f/glst2c01 -> na, asked(-1)",-1,"na, asked",TRUE,
044,C,lst2c07,binary,see c/d/e/b/f/glst2c01 -> not mentioned(0),0,not mentioned,FALSE,
044,C,lst2c07,binary,see c/d/e/b/f/glst2c01 -> mentioned(1),1,mentioned,FALSE,
044,C,lst2c08,binary,"see c/d/e/b/f/glst2c01 -> na, interview terminated(-5)",-5,"na, interview terminated",TRUE,
044,C,lst2c08,binary,"see c/d/e/b/f/glst2c01 -> na, wrong skip(-3)",-3,"na, wrong skip",TRUE,
044,C,lst2c08,binary,"see c/d/e/b/f/glst2c01 -> na, see C/D/E/B/F/GHINDEP(-2)",-2,"na, see C/D/E/B/F/GHINDEP",TRUE,
044,C,lst2c08,binary,"see c/d/e/b/f/glst2c01 -> na, asked(-1)",-1,"na, asked",TRUE,
044,C,lst2c08,binary,see c/d/e/b/f/glst2c01 -> not mentioned(0),0,not mentioned,FALSE,
044,C,lst2c08,binary,see c/d/e/b/f/glst2c01 -> mentioned(1),1,mentioned,FALSE,
044,C,lst2c09,binary,"see c/d/e/b/f/glst2c01 -> na, interview terminated(-5)",-5,"na, interview terminated",TRUE,
044,C,lst2c09,binary,"see c/d/e/b/f/glst2c01 -> na, wrong skip(-3)",-3,"na, wrong skip",TRUE,
044,C,lst2c09,binary,"see c/d/e/b/f/glst2c01 -> na, see C/D/E/B/F/GHINDEP(-2)",-2,"na, see C/D/E/B/F/GHINDEP",TRUE,
044,C,lst2c09,binary,"see c/d/e/b/f/glst2c01 -> na, asked(-1)",-1,"na, asked",TRUE,
044,C,lst2c09,binary,see c/d/e/b/f/glst2c01 -> not mentioned(0),0,not mentioned,FALSE,
044,C,lst2c09,binary,see c/d/e/b/f/glst2c01 -> mentioned(1),1,mentioned,FALSE,
044,C,lst2c10,binary,"see c/d/e/b/f/glst2c01 -> na, interview terminated(-5)",-5,"na, interview terminated",TRUE,
044,C,lst2c10,binary,"see c/d/e/b/f/glst2c01 -> na, wrong skip(-3)",-3,"na, wrong skip",TRUE,
044,C,lst2c10,binary,"see c/d/e/b/f/glst2c01 -> na, see C/D/E/B/F/GHINDEP(-2)",-2,"na, see C/D/E/B/F/GHINDEP",TRUE,
044,C,lst2c10,binary,"see c/d/e/b/f/glst2c01 -> na, asked(-1)",-1,"na, asked",TRUE,
044,C,lst2c10,binary,see c/d/e/b/f/glst2c01 -> not mentioned(0),0,not mentioned,FALSE,
044,C,lst2c10,binary,see c/d/e/b/f/glst2c01 -> mentioned(1),1,mentioned,FALSE,
044,C,lst2c11,binary,"see c/d/e/b/f/glst2c01 -> na, interview terminated(-5)",-5,"na, interview terminated",TRUE,
044,C,lst2c11,binary,"see c/d/e/b/f/glst2c01 -> na, wrong skip(-3)",-3,"na, wrong skip",TRUE,
044,C,lst2c11,binary,"see c/d/e/b/f/glst2c01 -> na, see C/D/E/B/F/GHINDEP(-2)",-2,"na, see C/D/E/B/F/GHINDEP",TRUE,
044,C,lst2c11,binary,"see c/d/e/b/f/glst2c01 -> na, asked(-1)",-1,"na, asked",TRUE,
044,C,lst2c11,binary,see c/d/e/b/f/glst2c01 -> not mentioned(0),0,not mentioned,FALSE,
044,C,lst2c11,binary,see c/d/e/b/f/glst2c01 -> mentioned(1),1,mentioned,FALSE,
044,C,lst2c12,binary,"see c/d/e/b/f/glst2c01 -> na, interview terminated(-5)",-5,"na, interview terminated",TRUE,
044,C,lst2c12,binary,"see c/d/e/b/f/glst2c01 -> na, wrong skip(-3)",-3,"na, wrong skip",TRUE,
044,C,lst2c12,binary,"see c/d/e/b/f/glst2c01 -> na, see C/D/E/B/F/GHINDEP(-2)",-2,"na, see C/D/E/B/F/GHINDEP",TRUE,
044,C,lst2c12,binary,"see c/d/e/b/f/glst2c01 -> na, asked(-1)",-1,"na, asked",TRUE,
044,C,lst2c12,binary,see c/d/e/b/f/glst2c01 -> not mentioned(0),0,not mentioned,FALSE,
044,C,lst2c12,binary,see c/d/e/b/f/glst2c01 -> mentioned(1),1,mentioned,FALSE,
044,C,lst2c13,binary,"see c/d/e/b/f/glst2c01 -> na, interview terminated(-5)",-5,"na, interview terminated",TRUE,
044,C,lst2c13,binary,"see c/d/e/b/f/glst2c01 -> na, wrong skip(-3)",-3,"na, wrong skip",TRUE,
044,C,lst2c13,binary,"see c/d/e/b/f/glst2c01 -> na, see C/D/E/B/F/GHINDEP(-2)",-2,"na, see C/D/E/B/F/GHINDEP",TRUE,
044,C,lst2c13,binary,"see c/d/e/b/f/glst2c01 -> na, asked(-1)",-1,"na, asked",TRUE,
044,C,lst2c13,binary,see c/d/e/b/f/glst2c01 -> not mentioned(0),0,not mentioned,FALSE,
044,C,lst2c13,binary,see c/d/e/b/f/glst2c01 -> mentioned(1),1,mentioned,FALSE,
044,C,lst2c14,binary,"see c/d/e/b/f/glst2c01 -> na, interview terminated(-5)",-5,"na, interview terminated",TRUE,
044,C,lst2c14,binary,"see c/d/e/b/f/glst2c01 -> na, wrong skip(-3)",-3,"na, wrong skip",TRUE,
044,C,lst2c14,binary,"see c/d/e/b/f/glst2c01 -> na, see C/D/E/B/F/GHINDEP(-2)",-2,"na, see C/D/E/B/F/GHINDEP",TRUE,
044,C,lst2c14,binary,"see c/d/e/b/f/glst2c01 -> na, asked(-1)",-1,"na, asked",TRUE,
044,C,lst2c14,binary,see c/d/e/b/f/glst2c01 -> not mentioned(0),0,not mentioned,FALSE,
044,C,lst2c14,binary,see c/d/e/b/f/glst2c01 -> mentioned(1),1,mentioned,FALSE,
044,C,lst2c15,binary,"see c/d/e/b/f/glst2c01 -> na, interview terminated(-5)",-5,"na, interview terminated",TRUE,
044,C,lst2c15,binary,"see c/d/e/b/f/glst2c01 -> na, wrong skip(-3)",-3,"na, wrong skip",TRUE,
044,C,lst2c15,binary,"see c/d/e/b/f/glst2c01 -> na, see C/D/E/B/F/GHINDEP(-2)",-2,"na, see C/D/E/B/F/GHINDEP",TRUE,
044,C,lst2c15,binary,"see c/d/e/b/f/glst2c01 -> na, asked(-1)",-1,"na, asked",TRUE,
044,C,lst2c15,binary,see c/d/e/b/f/glst2c01 -> not mentioned(0),0,not mentioned,FALSE,
044,C,lst2c15,binary,see c/d/e/b/f/glst2c01 -> mentioned(1),1,mentioned,FALSE,
044,C,lst2k09,binary,"see c/d/e/b/f/glst2c01 -> na, interview terminated(-5)",-5,"na, interview terminated",TRUE,
044,C,lst2k09,binary,"see c/d/e/b/f/glst2c01 -> na, wrong skip(-3)",-3,"na, wrong skip",TRUE,
044,C,lst2k09,binary,"see c/d/e/b/f/glst2c01 -> na, see C/D/E/B/F/GHINDEP(-2)",-2,"na, see C/D/E/B/F/GHINDEP",TRUE,
044,C,lst2k09,binary,"see c/d/e/b/f/glst2c01 -> na, asked(-1)",-1,"na, asked",TRUE,
044,C,lst2k09,binary,see c/d/e/b/f/glst2c01 -> not mentioned(0),0,not mentioned,FALSE,
044,C,lst2k09,binary,see c/d/e/b/f/glst2c01 -> mentioned(1),1,mentioned,FALSE,
044,D,lst1c01,binary,"na, interview terminated(-5)",-5,"na, interview terminated",TRUE,
044,D,lst1c01,binary,"na, asked(-1)",-1,"na, asked",TRUE,
044,D,lst1c01,binary,not mentioned(0),0,not mentioned,FALSE,
044,D,lst1c01,binary,mentioned(1),1,mentioned,FALSE,
044,D,lst1c02,binary,"na, interview terminated(-5)",-5,"na, interview terminated",TRUE,
044,D,lst1c02,binary,"na, asked(-1)",-1,"na, asked",TRUE,
044,D,lst1c02,binary,not mentioned(0),0,not mentioned,FALSE,
044,D,lst1c02,binary,mentioned(1),1,mentioned,FALSE,
044,D,lst1c03,binary,"see c/d/e/b/f/glst1c02 -> na, interview terminated(-5)",-5,"na, interview terminated",TRUE,
044,D,lst1c03,binary,"see c/d/e/b/f/glst1c02 -> na, asked(-1)",-1,"na, asked",TRUE,
044,D,lst1c03,binary,see c/d/e/b/f/glst1c02 -> not mentioned(0),0,not mentioned,FALSE,
044,D,lst1c03,binary,see c/d/e/b/f/glst1c02 -> mentioned(1),1,mentioned,FALSE,
044,D,lst1c04,binary,"see c/d/e/b/f/glst1c02 -> na, interview terminated(-5)",-5,"na, interview terminated",TRUE,
044,D,lst1c04,binary,"see c/d/e/b/f/glst1c02 -> na, asked(-1)",-1,"na, asked",TRUE,
044,D,lst1c04,binary,see c/d/e/b/f/glst1c02 -> not mentioned(0),0,not mentioned,FALSE,
044,D,lst1c04,binary,see c/d/e/b/f/glst1c02 -> mentioned(1),1,mentioned,FALSE,
044,D,lst1c05,binary,"see c/d/e/b/f/glst1c02 -> na, interview terminated(-5)",-5,"na, interview terminated",TRUE,
044,D,lst1c05,binary,"see c/d/e/b/f/glst1c02 -> na, asked(-1)",-1,"na, asked",TRUE,
044,D,lst1c05,binary,see c/d/e/b/f/glst1c02 -> not mentioned(0),0,not mentioned,FALSE,
044,D,lst1c05,binary,see c/d/e/b/f/glst1c02 -> mentioned(1),1,mentioned,FALSE,
044,D,lst1c06,binary,"see c/d/e/b/f/glst1c02 -> na, interview terminated(-5)",-5,"na, interview terminated",TRUE,
044,D,lst1c06,binary,"see c/d/e/b/f/glst1c02 -> na, asked(-1)",-1,"na, asked",TRUE,
044,D,lst1c06,binary,see c/d/e/b/f/glst1c02 -> not mentioned(0),0,not mentioned,FALSE,
044,D,lst1c06,binary,see c/d/e/b/f/glst1c02 -> mentioned(1),1,mentioned,FALSE,
044,D,lst1c07,binary,"see c/d/e/b/f/glst1c02 -> na, interview terminated(-5)",-5,"na, interview terminated",TRUE,
044,D,lst1c07,binary,"see c/d/e/b/f/glst1c02 -> na, asked(-1)",-1,"na, asked",TRUE,
044,D,lst1c07,binary,see c/d/e/b/f/glst1c02 -> not mentioned(0),0,not mentioned,FALSE,
044,D,lst1c07,binary,see c/d/e/b/f/glst1c02 -> mentioned(1),1,mentioned,FALSE,
044,D,lst1c08,binary,"see c/d/e/b/f/glst1c02 -> na, interview terminated(-5)",-5,"na, interview terminated",TRUE,
044,D,lst1c08,binary,"see c/d/e/b/f/glst1c02 -> na, asked(-1)",-1,"na, asked",TRUE,
044,D,lst1c08,binary,see c/d/e/b/f/glst1c02 -> not mentioned(0),0,not mentioned,FALSE,
044,D,lst1c08,binary,see c/d/e/b/f/glst1c02 -> mentioned(1),1,mentioned,FALSE,
044,D,lst1c09,binary,"see c/d/e/b/f/glst1c02 -> na, interview terminated(-5)",-5,"na, interview terminated",TRUE,
044,D,lst1c09,binary,"see c/d/e/b/f/glst1c02 -> na, asked(-1)",-1,"na, asked",TRUE,
044,D,lst1c09,binary,see c/d/e/b/f/glst1c02 -> not mentioned(0),0,not mentioned,FALSE,
044,D,lst1c09,binary,see c/d/e/b/f/glst1c02 -> mentioned(1),1,mentioned,FALSE,
044,D,lst1c10,binary,"see c/d/e/b/f/glst1c02 -> na, interview terminated(-5)",-5,"na, interview terminated",TRUE,
044,D,lst1c10,binary,"see c/d/e/b/f/glst1c02 -> na, asked(-1)",-1,"na, asked",TRUE,
044,D,lst1c10,binary,see c/d/e/b/f/glst1c02 -> not mentioned(0),0,not mentioned,FALSE,
044,D,lst1c10,binary,see c/d/e/b/f/glst1c02 -> mentioned(1),1,mentioned,FALSE,
044,D,lst1c11,binary,"see c/d/e/b/f/glst1c02 -> na, interview terminated(-5)",-5,"na, interview terminated",TRUE,
044,D,lst1c11,binary,"see c/d/e/b/f/glst1c02 -> na, asked(-1)",-1,"na, asked",TRUE,
044,D,lst1c11,binary,see c/d/e/b/f/glst1c02 -> not mentioned(0),0,not mentioned,FALSE,
044,D,lst1c11,binary,see c/d/e/b/f/glst1c02 -> mentioned(1),1,mentioned,FALSE,
044,D,lst1c12,binary,"see c/d/e/b/f/glst1c02 -> na, interview terminated(-5)",-5,"na, interview terminated",TRUE,
044,D,lst1c12,binary,"see c/d/e/b/f/glst1c02 -> na, asked(-1)",-1,"na, asked",TRUE,
044,D,lst1c12,binary,see c/d/e/b/f/glst1c02 -> not mentioned(0),0,not mentioned,FALSE,
044,D,lst1c12,binary,see c/d/e/b/f/glst1c02 -> mentioned(1),1,mentioned,FALSE,
044,D,lst1c13,binary,"see c/d/e/b/f/glst1c02 -> na, interview terminated(-5)",-5,"na, interview terminated",TRUE,
044,D,lst1c13,binary,"see c/d/e/b/f/glst1c02 -> na, asked(-1)",-1,"na, asked",TRUE,
044,D,lst1c13,binary,see c/d/e/b/f/glst1c02 -> not mentioned(0),0,not mentioned,FALSE,
044,D,lst1c13,binary,see c/d/e/b/f/glst1c02 -> mentioned(1),1,mentioned,FALSE,
044,D,lst1c14,binary,"see c/d/e/b/f/glst1c02 -> na, interview terminated(-5)",-5,"na, interview terminated",TRUE,
044,D,lst1c14,binary,"see c/d/e/b/f/glst1c02 -> na, asked(-1)",-1,"na, asked",TRUE,
044,D,lst1c14,binary,see c/d/e/b/f/glst1c02 -> not mentioned(0),0,not mentioned,FALSE,
044,D,lst1c14,binary,see c/d/e/b/f/glst1c02 -> mentioned(1),1,mentioned,FALSE,
044,D,lst1c15,binary,"see c/d/e/b/f/glst1c02 -> na, interview terminated(-5)",-5,"na, interview terminated",TRUE,
044,D,lst1c15,binary,"see c/d/e/b/f/glst1c02 -> na, asked(-1)",-1,"na, asked",TRUE,
044,D,lst1c15,binary,see c/d/e/b/f/glst1c02 -> not mentioned(0),0,not mentioned,FALSE,
044,D,lst1c15,binary,see c/d/e/b/f/glst1c02 -> mentioned(1),1,mentioned,FALSE,
044,D,lst1c16,binary,"see c/d/e/b/f/glst1c02 -> na, interview terminated(-5)",-5,"na, interview terminated",TRUE,
044,D,lst1c16,binary,"see c/d/e/b/f/glst1c02 -> na, asked(-1)",-1,"na, asked",TRUE,
044,D,lst1c16,binary,see c/d/e/b/f/glst1c02 -> not mentioned(0),0,not mentioned,FALSE,
044,D,lst1c16,binary,see c/d/e/b/f/glst1c02 -> mentioned(1),1,mentioned,FALSE,
044,D,lst1c17,binary,"see c/d/e/b/f/glst1c02 -> na, interview terminated(-5)",-5,"na, interview terminated",TRUE,
044,D,lst1c17,binary,"see c/d/e/b/f/glst1c02 -> na, asked(-1)",-1,"na, asked",TRUE,
044,D,lst1c17,binary,see c/d/e/b/f/glst1c02 -> not mentioned(0),0,not mentioned,FALSE,
044,D,lst1c17,binary,see c/d/e/b/f/glst1c02 -> mentioned(1),1,mentioned,FALSE,
044,D,lst1c18,binary,"see c/d/e/b/f/glst1c02 -> na, interview terminated(-5)",-5,"na, interview terminated",TRUE,
044,D,lst1c18,binary,"see c/d/e/b/f/glst1c02 -> na, asked(-1)",-1,"na, asked",TRUE,
044,D,lst1c18,binary,see c/d/e/b/f/glst1c02 -> not mentioned(0),0,not mentioned,FALSE,
044,D,lst1c18,binary,see c/d/e/b/f/glst1c02 -> mentioned(1),1,mentioned,FALSE,
044,D,lst1c19,binary,"see c/d/e/b/f/glst1c02 -> na, interview terminated(-5)",-5,"na, interview terminated",TRUE,
044,D,lst1c19,binary,"see c/d/e/b/f/glst1c02 -> na, asked(-1)",-1,"na, asked",TRUE,
044,D,lst1c19,binary,see c/d/e/b/f/glst1c02 -> not mentioned(0),0,not mentioned,FALSE,
044,D,lst1c19,binary,see c/d/e/b/f/glst1c02 -> mentioned(1),1,mentioned,FALSE,
044,D,lst2c01,binary,"na, interview terminated(-5)",-5,"na, interview terminated",TRUE,
044,D,lst2c01,binary,"na, wrong skip(-3)",-3,"na, wrong skip",TRUE,
044,D,lst2c01,binary,"na, see C/D/E/B/F/GHINDEP(-2)",-2,"na, see C/D/E/B/F/GHINDEP",TRUE,
044,D,lst2c01,binary,"na, asked(-1)",-1,"na, asked",TRUE,
044,D,lst2c01,binary,not mentioned(0),0,not mentioned,FALSE,
044,D,lst2c01,binary,mentioned(1),1,mentioned,FALSE,
044,D,lst2c02,binary,"see c/d/e/b/f/glst2c01 -> na, interview terminated(-5)",-5,"na, interview terminated",TRUE,
044,D,lst2c02,binary,"see c/d/e/b/f/glst2c01 -> na, wrong skip(-3)",-3,"na, wrong skip",TRUE,
044,D,lst2c02,binary,"see c/d/e/b/f/glst2c01 -> na, see C/D/E/B/F/GHINDEP(-2)",-2,"na, see C/D/E/B/F/GHINDEP",TRUE,
044,D,lst2c02,binary,"see c/d/e/b/f/glst2c01 -> na, asked(-1)",-1,"na, asked",TRUE,
044,D,lst2c02,binary,see c/d/e/b/f/glst2c01 -> not mentioned(0),0,not mentioned,FALSE,
044,D,lst2c02,binary,see c/d/e/b/f/glst2c01 -> mentioned(1),1,mentioned,FALSE,
044,D,lst2c03,binary,"see c/d/e/b/f/glst2c01 -> na, interview terminated(-5)",-5,"na, interview terminated",TRUE,
044,D,lst2c03,binary,"see c/d/e/b/f/glst2c01 -> na, wrong skip(-3)",-3,"na, wrong skip",TRUE,
044,D,lst2c03,binary,"see c/d/e/b/f/glst2c01 -> na, see C/D/E/B/F/GHINDEP(-2)",-2,"na, see C/D/E/B/F/GHINDEP",TRUE,
044,D,lst2c03,binary,"see c/d/e/b/f/glst2c01 -> na, asked(-1)",-1,"na, asked",TRUE,
044,D,lst2c03,binary,see c/d/e/b/f/glst2c01 -> not mentioned(0),0,not mentioned,FALSE,
044,D,lst2c03,binary,see c/d/e/b/f/glst2c01 -> mentioned(1),1,mentioned,FALSE,
044,D,lst2c04,binary,"see c/d/e/b/f/glst2c01 -> na, interview terminated(-5)",-5,"na, interview terminated",TRUE,
044,D,lst2c04,binary,"see c/d/e/b/f/glst2c01 -> na, wrong skip(-3)",-3,"na, wrong skip",TRUE,
044,D,lst2c04,binary,"see c/d/e/b/f/glst2c01 -> na, see C/D/E/B/F/GHINDEP(-2)",-2,"na, see C/D/E/B/F/GHINDEP",TRUE,
044,D,lst2c04,binary,"see c/d/e/b/f/glst2c01 -> na, asked(-1)",-1,"na, asked",TRUE,
044,D,lst2c04,binary,see c/d/e/b/f/glst2c01 -> not mentioned(0),0,not mentioned,FALSE,
044,D,lst2c04,binary,see c/d/e/b/f/glst2c01 -> mentioned(1),1,mentioned,FALSE,
044,D,lst2c05,binary,"see c/d/e/b/f/glst2c01 -> na, interview terminated(-5)",-5,"na, interview terminated",TRUE,
044,D,lst2c05,binary,"see c/d/e/b/f/glst2c01 -> na, wrong skip(-3)",-3,"na, wrong skip",TRUE,
044,D,lst2c05,binary,"see c/d/e/b/f/glst2c01 -> na, see C/D/E/B/F/GHINDEP(-2)",-2,"na, see C/D/E/B/F/GHINDEP",TRUE,
044,D,lst2c05,binary,"see c/d/e/b/f/glst2c01 -> na, asked(-1)",-1,"na, asked",TRUE,
044,D,lst2c05,binary,see c/d/e/b/f/glst2c01 -> not mentioned(0),0,not mentioned,FALSE,
044,D,lst2c05,binary,see c/d/e/b/f/glst2c01 -> mentioned(1),1,mentioned,FALSE,
044,D,lst2c06,binary,"see c/d/e/b/f/glst2c01 -> na, interview terminated(-5)",-5,"na, interview terminated",TRUE,
044,D,lst2c06,binary,"see c/d/e/b/f/glst2c01 -> na, wrong skip(-3)",-3,"na, wrong skip",TRUE,
044,D,lst2c06,binary,"see c/d/e/b/f/glst2c01 -> na, see C/D/E/B/F/GHINDEP(-2)",-2,"na, see C/D/E/B/F/GHINDEP",TRUE,
044,D,lst2c06,binary,"see c/d/e/b/f/glst2c01 -> na, asked(-1)",-1,"na, asked",TRUE,
044,D,lst2c06,binary,see c/d/e/b/f/glst2c01 -> not mentioned(0),0,not mentioned,FALSE,
044,D,lst2c06,binary,see c/d/e/b/f/glst2c01 -> mentioned(1),1,mentioned,FALSE,
044,D,lst2c07,binary,"see c/d/e/b/f/glst2c01 -> na, interview terminated(-5)",-5,"na, interview terminated",TRUE,
044,D,lst2c07,binary,"see c/d/e/b/f/glst2c01 -> na, wrong skip(-3)",-3,"na, wrong skip",TRUE,
044,D,lst2c07,binary,"see c/d/e/b/f/glst2c01 -> na, see C/D/E/B/F/GHINDEP(-2)",-2,"na, see C/D/E/B/F/GHINDEP",TRUE,
044,D,lst2c07,binary,"see c/d/e/b/f/glst2c01 -> na, asked(-1)",-1,"na, asked",TRUE,
044,D,lst2c07,binary,see c/d/e/b/f/glst2c01 -> not mentioned(0),0,not mentioned,FALSE,
044,D,lst2c07,binary,see c/d/e/b/f/glst2c01 -> mentioned(1),1,mentioned,FALSE,
044,D,lst2c08,binary,"see c/d/e/b/f/glst2c01 -> na, interview terminated(-5)",-5,"na, interview terminated",TRUE,
044,D,lst2c08,binary,"see c/d/e/b/f/glst2c01 -> na, wrong skip(-3)",-3,"na, wrong skip",TRUE,
044,D,lst2c08,binary,"see c/d/e/b/f/glst2c01 -> na, see C/D/E/B/F/GHINDEP(-2)",-2,"na, see C/D/E/B/F/GHINDEP",TRUE,
044,D,lst2c08,binary,"see c/d/e/b/f/glst2c01 -> na, asked(-1)",-1,"na, asked",TRUE,
044,D,lst2c08,binary,see c/d/e/b/f/glst2c01 -> not mentioned(0),0,not mentioned,FALSE,
044,D,lst2c08,binary,see c/d/e/b/f/glst2c01 -> mentioned(1),1,mentioned,FALSE,
044,D,lst2c09,binary,"see c/d/e/b/f/glst2c01 -> na, interview terminated(-5)",-5,"na, interview terminated",TRUE,
044,D,lst2c09,binary,"see c/d/e/b/f/glst2c01 -> na, wrong skip(-3)",-3,"na, wrong skip",TRUE,
044,D,lst2c09,binary,"see c/d/e/b/f/glst2c01 -> na, see C/D/E/B/F/GHINDEP(-2)",-2,"na, see C/D/E/B/F/GHINDEP",TRUE,
044,D,lst2c09,binary,"see c/d/e/b/f/glst2c01 -> na, asked(-1)",-1,"na, asked",TRUE,
044,D,lst2c09,binary,see c/d/e/b/f/glst2c01 -> not mentioned(0),0,not mentioned,FALSE,
044,D,lst2c09,binary,see c/d/e/b/f/glst2c01 -> mentioned(1),1,mentioned,FALSE,
044,D,lst2c10,binary,"see c/d/e/b/f/glst2c01 -> na, interview terminated(-5)",-5,"na, interview terminated",TRUE,
044,D,lst2c10,binary,"see c/d/e/b/f/glst2c01 -> na, wrong skip(-3)",-3,"na, wrong skip",TRUE,
044,D,lst2c10,binary,"see c/d/e/b/f/glst2c01 -> na, see C/D/E/B/F/GHINDEP(-2)",-2,"na, see C/D/E/B/F/GHINDEP",TRUE,
044,D,lst2c10,binary,"see c/d/e/b/f/glst2c01 -> na, asked(-1)",-1,"na, asked",TRUE,
044,D,lst2c10,binary,see c/d/e/b/f/glst2c01 -> not mentioned(0),0,not mentioned,FALSE,
044,D,lst2c10,binary,see c/d/e/b/f/glst2c01 -> mentioned(1),1,mentioned,FALSE,
044,D,lst2c11,binary,"see c/d/e/b/f/glst2c01 -> na, interview terminated(-5)",-5,"na, interview terminated",TRUE,
044,D,lst2c11,binary,"see c/d/e/b/f/glst2c01 -> na, wrong skip(-3)",-3,"na, wrong skip",TRUE,
044,D,lst2c11,binary,"see c/d/e/b/f/glst2c01 -> na, see C/D/E/B/F/GHINDEP(-2)",-2,"na, see C/D/E/B/F/GHINDEP",TRUE,
044,D,lst2c11,binary,"see c/d/e/b/f/glst2c01 -> na, asked(-1)",-1,"na, asked",TRUE,
044,D,lst2c11,binary,see c/d/e/b/f/glst2c01 -> not mentioned(0),0,not mentioned,FALSE,
044,D,lst2c11,binary,see c/d/e/b/f/glst2c01 -> mentioned(1),1,mentioned,FALSE,
044,D,lst2c12,binary,"see c/d/e/b/f/glst2c01 -> na, interview terminated(-5)",-5,"na, interview terminated",TRUE,
044,D,lst2c12,binary,"see c/d/e/b/f/glst2c01 -> na, wrong skip(-3)",-3,"na, wrong skip",TRUE,
044,D,lst2c12,binary,"see c/d/e/b/f/glst2c01 -> na, see C/D/E/B/F/GHINDEP(-2)",-2,"na, see C/D/E/B/F/GHINDEP",TRUE,
044,D,lst2c12,binary,"see c/d/e/b/f/glst2c01 -> na, asked(-1)",-1,"na, asked",TRUE,
044,D,lst2c12,binary,see c/d/e/b/f/glst2c01 -> not mentioned(0),0,not mentioned,FALSE,
044,D,lst2c12,binary,see c/d/e/b/f/glst2c01 -> mentioned(1),1,mentioned,FALSE,
044,D,lst2c13,binary,"see c/d/e/b/f/glst2c01 -> na, interview terminated(-5)",-5,"na, interview terminated",TRUE,
044,D,lst2c13,binary,"see c/d/e/b/f/glst2c01 -> na, wrong skip(-3)",-3,"na, wrong skip",TRUE,
044,D,lst2c13,binary,"see c/d/e/b/f/glst2c01 -> na, see C/D/E/B/F/GHINDEP(-2)",-2,"na, see C/D/E/B/F/GHINDEP",TRUE,
044,D,lst2c13,binary,"see c/d/e/b/f/glst2c01 -> na, asked(-1)",-1,"na, asked",TRUE,
044,D,lst2c13,binary,see c/d/e/b/f/glst2c01 -> not mentioned(0),0,not mentioned,FALSE,
044,D,lst2c13,binary,see c/d/e/b/f/glst2c01 -> mentioned(1),1,mentioned,FALSE,
044,D,lst2c14,binary,"see c/d/e/b/f/glst2c01 -> na, interview terminated(-5)",-5,"na, interview terminated",TRUE,
044,D,lst2c14,binary,"see c/d/e/b/f/glst2c01 -> na, wrong skip(-3)",-3,"na, wrong skip",TRUE,
044,D,lst2c14,binary,"see c/d/e/b/f/glst2c01 -> na, see C/D/E/B/F/GHINDEP(-2)",-2,"na, see C/D/E/B/F/GHINDEP",TRUE,
044,D,lst2c14,binary,"see c/d/e/b/f/glst2c01 -> na, asked(-1)",-1,"na, asked",TRUE,
044,D,lst2c14,binary,see c/d/e/b/f/glst2c01 -> not mentioned(0),0,not mentioned,FALSE,
044,D,lst2c14,binary,see c/d/e/b/f/glst2c01 -> mentioned(1),1,mentioned,FALSE,
044,D,lst2c15,binary,"see c/d/e/b/f/glst2c01 -> na, interview terminated(-5)",-5,"na, interview terminated",TRUE,
044,D,lst2c15,binary,"see c/d/e/b/f/glst2c01 -> na, wrong skip(-3)",-3,"na, wrong skip",TRUE,
044,D,lst2c15,binary,"see c/d/e/b/f/glst2c01 -> na, see C/D/E/B/F/GHINDEP(-2)",-2,"na, see C/D/E/B/F/GHINDEP",TRUE,
044,D,lst2c15,binary,"see c/d/e/b/f/glst2c01 -> na, asked(-1)",-1,"na, asked",TRUE,
044,D,lst2c15,binary,see c/d/e/b/f/glst2c01 -> not mentioned(0),0,not mentioned,FALSE,
044,D,lst2c15,binary,see c/d/e/b/f/glst2c01 -> mentioned(1),1,mentioned,FALSE,
044,D,lst2k09,binary,"see c/d/e/b/f/glst2c01 -> na, interview terminated(-5)",-5,"na, interview terminated",TRUE,
044,D,lst2k09,binary,"see c/d/e/b/f/glst2c01 -> na, wrong skip(-3)",-3,"na, wrong skip",TRUE,
044,D,lst2k09,binary,"see c/d/e/b/f/glst2c01 -> na, see C/D/E/B/F/GHINDEP(-2)",-2,"na, see C/D/E/B/F/GHINDEP",TRUE,
044,D,lst2k09,binary,"see c/d/e/b/f/glst2c01 -> na, asked(-1)",-1,"na, asked",TRUE,
044,D,lst2k09,binary,see c/d/e/b/f/glst2c01 -> not mentioned(0),0,not mentioned,FALSE,
044,D,lst2k09,binary,see c/d/e/b/f/glst2c01 -> mentioned(1),1,mentioned,FALSE,
044,E,lst1c01,binary,"na, interview terminated(-5)",-5,"na, interview terminated",TRUE,
044,E,lst1c01,binary,"na, asked(-1)",-1,"na, asked",TRUE,
044,E,lst1c01,binary,not mentioned(0),0,not mentioned,FALSE,
044,E,lst1c01,binary,mentioned(1),1,mentioned,FALSE,
044,E,lst1c02,binary,"na, interview terminated(-5)",-5,"na, interview terminated",TRUE,
044,E,lst1c02,binary,"na, asked(-1)",-1,"na, asked",TRUE,
044,E,lst1c02,binary,not mentioned(0),0,not mentioned,FALSE,
044,E,lst1c02,binary,mentioned(1),1,mentioned,FALSE,
044,E,lst1c03,binary,"see c/d/e/b/f/glst1c02 -> na, interview terminated(-5)",-5,"na, interview terminated",TRUE,
044,E,lst1c03,binary,"see c/d/e/b/f/glst1c02 -> na, asked(-1)",-1,"na, asked",TRUE,
044,E,lst1c03,binary,see c/d/e/b/f/glst1c02 -> not mentioned(0),0,not mentioned,FALSE,
044,E,lst1c03,binary,see c/d/e/b/f/glst1c02 -> mentioned(1),1,mentioned,FALSE,
044,E,lst1c04,binary,"see c/d/e/b/f/glst1c02 -> na, interview terminated(-5)",-5,"na, interview terminated",TRUE,
044,E,lst1c04,binary,"see c/d/e/b/f/glst1c02 -> na, asked(-1)",-1,"na, asked",TRUE,
044,E,lst1c04,binary,see c/d/e/b/f/glst1c02 -> not mentioned(0),0,not mentioned,FALSE,
044,E,lst1c04,binary,see c/d/e/b/f/glst1c02 -> mentioned(1),1,mentioned,FALSE,
044,E,lst1c05,binary,"see c/d/e/b/f/glst1c02 -> na, interview terminated(-5)",-5,"na, interview terminated",TRUE,
044,E,lst1c05,binary,"see c/d/e/b/f/glst1c02 -> na, asked(-1)",-1,"na, asked",TRUE,
044,E,lst1c05,binary,see c/d/e/b/f/glst1c02 -> not mentioned(0),0,not mentioned,FALSE,
044,E,lst1c05,binary,see c/d/e/b/f/glst1c02 -> mentioned(1),1,mentioned,FALSE,
044,E,lst1c06,binary,"see c/d/e/b/f/glst1c02 -> na, interview terminated(-5)",-5,"na, interview terminated",TRUE,
044,E,lst1c06,binary,"see c/d/e/b/f/glst1c02 -> na, asked(-1)",-1,"na, asked",TRUE,
044,E,lst1c06,binary,see c/d/e/b/f/glst1c02 -> not mentioned(0),0,not mentioned,FALSE,
044,E,lst1c06,binary,see c/d/e/b/f/glst1c02 -> mentioned(1),1,mentioned,FALSE,
044,E,lst1c07,binary,"see c/d/e/b/f/glst1c02 -> na, interview terminated(-5)",-5,"na, interview terminated",TRUE,
044,E,lst1c07,binary,"see c/d/e/b/f/glst1c02 -> na, asked(-1)",-1,"na, asked",TRUE,
044,E,lst1c07,binary,see c/d/e/b/f/glst1c02 -> not mentioned(0),0,not mentioned,FALSE,
044,E,lst1c07,binary,see c/d/e/b/f/glst1c02 -> mentioned(1),1,mentioned,FALSE,
044,E,lst1c08,binary,"see c/d/e/b/f/glst1c02 -> na, interview terminated(-5)",-5,"na, interview terminated",TRUE,
044,E,lst1c08,binary,"see c/d/e/b/f/glst1c02 -> na, asked(-1)",-1,"na, asked",TRUE,
044,E,lst1c08,binary,see c/d/e/b/f/glst1c02 -> not mentioned(0),0,not mentioned,FALSE,
044,E,lst1c08,binary,see c/d/e/b/f/glst1c02 -> mentioned(1),1,mentioned,FALSE,
044,E,lst1c09,binary,"see c/d/e/b/f/glst1c02 -> na, interview terminated(-5)",-5,"na, interview terminated",TRUE,
044,E,lst1c09,binary,"see c/d/e/b/f/glst1c02 -> na, asked(-1)",-1,"na, asked",TRUE,
044,E,lst1c09,binary,see c/d/e/b/f/glst1c02 -> not mentioned(0),0,not mentioned,FALSE,
044,E,lst1c09,binary,see c/d/e/b/f/glst1c02 -> mentioned(1),1,mentioned,FALSE,
044,E,lst1c10,binary,"see c/d/e/b/f/glst1c02 -> na, interview terminated(-5)",-5,"na, interview terminated",TRUE,
044,E,lst1c10,binary,"see c/d/e/b/f/glst1c02 -> na, asked(-1)",-1,"na, asked",TRUE,
044,E,lst1c10,binary,see c/d/e/b/f/glst1c02 -> not mentioned(0),0,not mentioned,FALSE,
044,E,lst1c10,binary,see c/d/e/b/f/glst1c02 -> mentioned(1),1,mentioned,FALSE,
044,E,lst1c11,binary,"see c/d/e/b/f/glst1c02 -> na, interview terminated(-5)",-5,"na, interview terminated",TRUE,
044,E,lst1c11,binary,"see c/d/e/b/f/glst1c02 -> na, asked(-1)",-1,"na, asked",TRUE,
044,E,lst1c11,binary,see c/d/e/b/f/glst1c02 -> not mentioned(0),0,not mentioned,FALSE,
044,E,lst1c11,binary,see c/d/e/b/f/glst1c02 -> mentioned(1),1,mentioned,FALSE,
044,E,lst1c12,binary,"see c/d/e/b/f/glst1c02 -> na, interview terminated(-5)",-5,"na, interview terminated",TRUE,
044,E,lst1c12,binary,"see c/d/e/b/f/glst1c02 -> na, asked(-1)",-1,"na, asked",TRUE,
044,E,lst1c12,binary,see c/d/e/b/f/glst1c02 -> not mentioned(0),0,not mentioned,FALSE,
044,E,lst1c12,binary,see c/d/e/b/f/glst1c02 -> mentioned(1),1,mentioned,FALSE,
044,E,lst1c13,binary,"see c/d/e/b/f/glst1c02 -> na, interview terminated(-5)",-5,"na, interview terminated",TRUE,
044,E,lst1c13,binary,"see c/d/e/b/f/glst1c02 -> na, asked(-1)",-1,"na, asked",TRUE,
044,E,lst1c13,binary,see c/d/e/b/f/glst1c02 -> not mentioned(0),0,not mentioned,FALSE,
044,E,lst1c13,binary,see c/d/e/b/f/glst1c02 -> mentioned(1),1,mentioned,FALSE,
044,E,lst1c14,binary,"see c/d/e/b/f/glst1c02 -> na, interview terminated(-5)",-5,"na, interview terminated",TRUE,
044,E,lst1c14,binary,"see c/d/e/b/f/glst1c02 -> na, asked(-1)",-1,"na, asked",TRUE,
044,E,lst1c14,binary,see c/d/e/b/f/glst1c02 -> not mentioned(0),0,not mentioned,FALSE,
044,E,lst1c14,binary,see c/d/e/b/f/glst1c02 -> mentioned(1),1,mentioned,FALSE,
044,E,lst1c15,binary,"see c/d/e/b/f/glst1c02 -> na, interview terminated(-5)",-5,"na, interview terminated",TRUE,
044,E,lst1c15,binary,"see c/d/e/b/f/glst1c02 -> na, asked(-1)",-1,"na, asked",TRUE,
044,E,lst1c15,binary,see c/d/e/b/f/glst1c02 -> not mentioned(0),0,not mentioned,FALSE,
044,E,lst1c15,binary,see c/d/e/b/f/glst1c02 -> mentioned(1),1,mentioned,FALSE,
044,E,lst1c16,binary,"see c/d/e/b/f/glst1c02 -> na, interview terminated(-5)",-5,"na, interview terminated",TRUE,
044,E,lst1c16,binary,"see c/d/e/b/f/glst1c02 -> na, asked(-1)",-1,"na, asked",TRUE,
044,E,lst1c16,binary,see c/d/e/b/f/glst1c02 -> not mentioned(0),0,not mentioned,FALSE,
044,E,lst1c16,binary,see c/d/e/b/f/glst1c02 -> mentioned(1),1,mentioned,FALSE,
044,E,lst1c17,binary,"see c/d/e/b/f/glst1c02 -> na, interview terminated(-5)",-5,"na, interview terminated",TRUE,
044,E,lst1c17,binary,"see c/d/e/b/f/glst1c02 -> na, asked(-1)",-1,"na, asked",TRUE,
044,E,lst1c17,binary,see c/d/e/b/f/glst1c02 -> not mentioned(0),0,not mentioned,FALSE,
044,E,lst1c17,binary,see c/d/e/b/f/glst1c02 -> mentioned(1),1,mentioned,FALSE,
044,E,lst1c18,binary,"see c/d/e/b/f/glst1c02 -> na, interview terminated(-5)",-5,"na, interview terminated",TRUE,
044,E,lst1c18,binary,"see c/d/e/b/f/glst1c02 -> na, asked(-1)",-1,"na, asked",TRUE,
044,E,lst1c18,binary,see c/d/e/b/f/glst1c02 -> not mentioned(0),0,not mentioned,FALSE,
044,E,lst1c18,binary,see c/d/e/b/f/glst1c02 -> mentioned(1),1,mentioned,FALSE,
044,E,lst1c19,binary,"see c/d/e/b/f/glst1c02 -> na, interview terminated(-5)",-5,"na, interview terminated",TRUE,
044,E,lst1c19,binary,"see c/d/e/b/f/glst1c02 -> na, asked(-1)",-1,"na, asked",TRUE,
044,E,lst1c19,binary,see c/d/e/b/f/glst1c02 -> not mentioned(0),0,not mentioned,FALSE,
044,E,lst1c19,binary,see c/d/e/b/f/glst1c02 -> mentioned(1),1,mentioned,FALSE,
044,E,lst2c01,binary,"na, interview terminated(-5)",-5,"na, interview terminated",TRUE,
044,E,lst2c01,binary,"na, wrong skip(-3)",-3,"na, wrong skip",TRUE,
044,E,lst2c01,binary,"na, see C/D/E/B/F/GHINDEP(-2)",-2,"na, see C/D/E/B/F/GHINDEP",TRUE,
044,E,lst2c01,binary,"na, asked(-1)",-1,"na, asked",TRUE,
044,E,lst2c01,binary,not mentioned(0),0,not mentioned,FALSE,
044,E,lst2c01,binary,mentioned(1),1,mentioned,FALSE,
044,E,lst2c02,binary,"see c/d/e/b/f/glst2c01 -> na, interview terminated(-5)",-5,"na, interview terminated",TRUE,
044,E,lst2c02,binary,"see c/d/e/b/f/glst2c01 -> na, wrong skip(-3)",-3,"na, wrong skip",TRUE,
044,E,lst2c02,binary,"see c/d/e/b/f/glst2c01 -> na, see C/D/E/B/F/GHINDEP(-2)",-2,"na, see C/D/E/B/F/GHINDEP",TRUE,
044,E,lst2c02,binary,"see c/d/e/b/f/glst2c01 -> na, asked(-1)",-1,"na, asked",TRUE,
044,E,lst2c02,binary,see c/d/e/b/f/glst2c01 -> not mentioned(0),0,not mentioned,FALSE,
044,E,lst2c02,binary,see c/d/e/b/f/glst2c01 -> mentioned(1),1,mentioned,FALSE,
044,E,lst2c03,binary,"see c/d/e/b/f/glst2c01 -> na, interview terminated(-5)",-5,"na, interview terminated",TRUE,
044,E,lst2c03,binary,"see c/d/e/b/f/glst2c01 -> na, wrong skip(-3)",-3,"na, wrong skip",TRUE,
044,E,lst2c03,binary,"see c/d/e/b/f/glst2c01 -> na, see C/D/E/B/F/GHINDEP(-2)",-2,"na, see C/D/E/B/F/GHINDEP",TRUE,
044,E,lst2c03,binary,"see c/d/e/b/f/glst2c01 -> na, asked(-1)",-1,"na, asked",TRUE,
044,E,lst2c03,binary,see c/d/e/b/f/glst2c01 -> not mentioned(0),0,not mentioned,FALSE,
044,E,lst2c03,binary,see c/d/e/b/f/glst2c01 -> mentioned(1),1,mentioned,FALSE,
044,E,lst2c04,binary,"see c/d/e/b/f/glst2c01 -> na, interview terminated(-5)",-5,"na, interview terminated",TRUE,
044,E,lst2c04,binary,"see c/d/e/b/f/glst2c01 -> na, wrong skip(-3)",-3,"na, wrong skip",TRUE,
044,E,lst2c04,binary,"see c/d/e/b/f/glst2c01 -> na, see C/D/E/B/F/GHINDEP(-2)",-2,"na, see C/D/E/B/F/GHINDEP",TRUE,
044,E,lst2c04,binary,"see c/d/e/b/f/glst2c01 -> na, asked(-1)",-1,"na, asked",TRUE,
044,E,lst2c04,binary,see c/d/e/b/f/glst2c01 -> not mentioned(0),0,not mentioned,FALSE,
044,E,lst2c04,binary,see c/d/e/b/f/glst2c01 -> mentioned(1),1,mentioned,FALSE,
044,E,lst2c05,binary,"see c/d/e/b/f/glst2c01 -> na, interview terminated(-5)",-5,"na, interview terminated",TRUE,
044,E,lst2c05,binary,"see c/d/e/b/f/glst2c01 -> na, wrong skip(-3)",-3,"na, wrong skip",TRUE,
044,E,lst2c05,binary,"see c/d/e/b/f/glst2c01 -> na, see C/D/E/B/F/GHINDEP(-2)",-2,"na, see C/D/E/B/F/GHINDEP",TRUE,
044,E,lst2c05,binary,"see c/d/e/b/f/glst2c01 -> na, asked(-1)",-1,"na, asked",TRUE,
044,E,lst2c05,binary,see c/d/e/b/f/glst2c01 -> not mentioned(0),0,not mentioned,FALSE,
044,E,lst2c05,binary,see c/d/e/b/f/glst2c01 -> mentioned(1),1,mentioned,FALSE,
044,E,lst2c06,binary,"see c/d/e/b/f/glst2c01 -> na, interview terminated(-5)",-5,"na, interview terminated",TRUE,
044,E,lst2c06,binary,"see c/d/e/b/f/glst2c01 -> na, wrong skip(-3)",-3,"na, wrong skip",TRUE,
044,E,lst2c06,binary,"see c/d/e/b/f/glst2c01 -> na, see C/D/E/B/F/GHINDEP(-2)",-2,"na, see C/D/E/B/F/GHINDEP",TRUE,
044,E,lst2c06,binary,"see c/d/e/b/f/glst2c01 -> na, asked(-1)",-1,"na, asked",TRUE,
044,E,lst2c06,binary,see c/d/e/b/f/glst2c01 -> not mentioned(0),0,not mentioned,FALSE,
044,E,lst2c06,binary,see c/d/e/b/f/glst2c01 -> mentioned(1),1,mentioned,FALSE,
044,E,lst2c07,binary,"see c/d/e/b/f/glst2c01 -> na, interview terminated(-5)",-5,"na, interview terminated",TRUE,
044,E,lst2c07,binary,"see c/d/e/b/f/glst2c01 -> na, wrong skip(-3)",-3,"na, wrong skip",TRUE,
044,E,lst2c07,binary,"see c/d/e/b/f/glst2c01 -> na, see C/D/E/B/F/GHINDEP(-2)",-2,"na, see C/D/E/B/F/GHINDEP",TRUE,
044,E,lst2c07,binary,"see c/d/e/b/f/glst2c01 -> na, asked(-1)",-1,"na, asked",TRUE,
044,E,lst2c07,binary,see c/d/e/b/f/glst2c01 -> not mentioned(0),0,not mentioned,FALSE,
044,E,lst2c07,binary,see c/d/e/b/f/glst2c01 -> mentioned(1),1,mentioned,FALSE,
044,E,lst2c08,binary,"see c/d/e/b/f/glst2c01 -> na, interview terminated(-5)",-5,"na, interview terminated",TRUE,
044,E,lst2c08,binary,"see c/d/e/b/f/glst2c01 -> na, wrong skip(-3)",-3,"na, wrong skip",TRUE,
044,E,lst2c08,binary,"see c/d/e/b/f/glst2c01 -> na, see C/D/E/B/F/GHINDEP(-2)",-2,"na, see C/D/E/B/F/GHINDEP",TRUE,
044,E,lst2c08,binary,"see c/d/e/b/f/glst2c01 -> na, asked(-1)",-1,"na, asked",TRUE,
044,E,lst2c08,binary,see c/d/e/b/f/glst2c01 -> not mentioned(0),0,not mentioned,FALSE,
044,E,lst2c08,binary,see c/d/e/b/f/glst2c01 -> mentioned(1),1,mentioned,FALSE,
044,E,lst2c09,binary,"see c/d/e/b/f/glst2c01 -> na, interview terminated(-5)",-5,"na, interview terminated",TRUE,
044,E,lst2c09,binary,"see c/d/e/b/f/glst2c01 -> na, wrong skip(-3)",-3,"na, wrong skip",TRUE,
044,E,lst2c09,binary,"see c/d/e/b/f/glst2c01 -> na, see C/D/E/B/F/GHINDEP(-2)",-2,"na, see C/D/E/B/F/GHINDEP",TRUE,
044,E,lst2c09,binary,"see c/d/e/b/f/glst2c01 -> na, asked(-1)",-1,"na, asked",TRUE,
044,E,lst2c09,binary,see c/d/e/b/f/glst2c01 -> not mentioned(0),0,not mentioned,FALSE,
044,E,lst2c09,binary,see c/d/e/b/f/glst2c01 -> mentioned(1),1,mentioned,FALSE,
044,E,lst2c10,binary,"see c/d/e/b/f/glst2c01 -> na, interview terminated(-5)",-5,"na, interview terminated",TRUE,
044,E,lst2c10,binary,"see c/d/e/b/f/glst2c01 -> na, wrong skip(-3)",-3,"na, wrong skip",TRUE,
044,E,lst2c10,binary,"see c/d/e/b/f/glst2c01 -> na, see C/D/E/B/F/GHINDEP(-2)",-2,"na, see C/D/E/B/F/GHINDEP",TRUE,
044,E,lst2c10,binary,"see c/d/e/b/f/glst2c01 -> na, asked(-1)",-1,"na, asked",TRUE,
044,E,lst2c10,binary,see c/d/e/b/f/glst2c01 -> not mentioned(0),0,not mentioned,FALSE,
044,E,lst2c10,binary,see c/d/e/b/f/glst2c01 -> mentioned(1),1,mentioned,FALSE,
044,E,lst2c11,binary,"see c/d/e/b/f/glst2c01 -> na, interview terminated(-5)",-5,"na, interview terminated",TRUE,
044,E,lst2c11,binary,"see c/d/e/b/f/glst2c01 -> na, wrong skip(-3)",-3,"na, wrong skip",TRUE,
044,E,lst2c11,binary,"see c/d/e/b/f/glst2c01 -> na, see C/D/E/B/F/GHINDEP(-2)",-2,"na, see C/D/E/B/F/GHINDEP",TRUE,
044,E,lst2c11,binary,"see c/d/e/b/f/glst2c01 -> na, asked(-1)",-1,"na, asked",TRUE,
044,E,lst2c11,binary,see c/d/e/b/f/glst2c01 -> not mentioned(0),0,not mentioned,FALSE,
044,E,lst2c11,binary,see c/d/e/b/f/glst2c01 -> mentioned(1),1,mentioned,FALSE,
044,E,lst2c12,binary,"see c/d/e/b/f/glst2c01 -> na, interview terminated(-5)",-5,"na, interview terminated",TRUE,
044,E,lst2c12,binary,"see c/d/e/b/f/glst2c01 -> na, wrong skip(-3)",-3,"na, wrong skip",TRUE,
044,E,lst2c12,binary,"see c/d/e/b/f/glst2c01 -> na, see C/D/E/B/F/GHINDEP(-2)",-2,"na, see C/D/E/B/F/GHINDEP",TRUE,
044,E,lst2c12,binary,"see c/d/e/b/f/glst2c01 -> na, asked(-1)",-1,"na, asked",TRUE,
044,E,lst2c12,binary,see c/d/e/b/f/glst2c01 -> not mentioned(0),0,not mentioned,FALSE,
044,E,lst2c12,binary,see c/d/e/b/f/glst2c01 -> mentioned(1),1,mentioned,FALSE,
044,E,lst2c13,binary,"see c/d/e/b/f/glst2c01 -> na, interview terminated(-5)",-5,"na, interview terminated",TRUE,
044,E,lst2c13,binary,"see c/d/e/b/f/glst2c01 -> na, wrong skip(-3)",-3,"na, wrong skip",TRUE,
044,E,lst2c13,binary,"see c/d/e/b/f/glst2c01 -> na, see C/D/E/B/F/GHINDEP(-2)",-2,"na, see C/D/E/B/F/GHINDEP",TRUE,
044,E,lst2c13,binary,"see c/d/e/b/f/glst2c01 -> na, asked(-1)",-1,"na, asked",TRUE,
044,E,lst2c13,binary,see c/d/e/b/f/glst2c01 -> not mentioned(0),0,not mentioned,FALSE,
044,E,lst2c13,binary,see c/d/e/b/f/glst2c01 -> mentioned(1),1,mentioned,FALSE,
044,E,lst2c14,binary,"see c/d/e/b/f/glst2c01 -> na, interview terminated(-5)",-5,"na, interview terminated",TRUE,
044,E,lst2c14,binary,"see c/d/e/b/f/glst2c01 -> na, wrong skip(-3)",-3,"na, wrong skip",TRUE,
044,E,lst2c14,binary,"see c/d/e/b/f/glst2c01 -> na, see C/D/E/B/F/GHINDEP(-2)",-2,"na, see C/D/E/B/F/GHINDEP",TRUE,
044,E,lst2c14,binary,"see c/d/e/b/f/glst2c01 -> na, asked(-1)",-1,"na, asked",TRUE,
044,E,lst2c14,binary,see c/d/e/b/f/glst2c01 -> not mentioned(0),0,not mentioned,FALSE,
044,E,lst2c14,binary,see c/d/e/b/f/glst2c01 -> mentioned(1),1,mentioned,FALSE,
044,E,lst2c15,binary,"see c/d/e/b/f/glst2c01 -> na, interview terminated(-5)",-5,"na, interview terminated",TRUE,
044,E,lst2c15,binary,"see c/d/e/b/f/glst2c01 -> na, wrong skip(-3)",-3,"na, wrong skip",TRUE,
044,E,lst2c15,binary,"see c/d/e/b/f/glst2c01 -> na, see C/D/E/B/F/GHINDEP(-2)",-2,"na, see C/D/E/B/F/GHINDEP",TRUE,
044,E,lst2c15,binary,"see c/d/e/b/f/glst2c01 -> na, asked(-1)",-1,"na, asked",TRUE,
044,E,lst2c15,binary,see c/d/e/b/f/glst2c01 -> not mentioned(0),0,not mentioned,FALSE,
044,E,lst2c15,binary,see c/d/e/b/f/glst2c01 -> mentioned(1),1,mentioned,FALSE,
044,E,lst2k09,binary,"see c/d/e/b/f/glst2c01 -> na, interview terminated(-5)",-5,"na, interview terminated",TRUE,
044,E,lst2k09,binary,"see c/d/e/b/f/glst2c01 -> na, wrong skip(-3)",-3,"na, wrong skip",TRUE,
044,E,lst2k09,binary,"see c/d/e/b/f/glst2c01 -> na, see C/D/E/B/F/GHINDEP(-2)",-2,"na, see C/D/E/B/F/GHINDEP",TRUE,
044,E,lst2k09,binary,"see c/d/e/b/f/glst2c01 -> na, asked(-1)",-1,"na, asked",TRUE,
044,E,lst2k09,binary,see c/d/e/b/f/glst2c01 -> not mentioned(0),0,not mentioned,FALSE,
044,E,lst2k09,binary,see c/d/e/b/f/glst2c01 -> mentioned(1),1,mentioned,FALSE,
044,2B,lst1c01,binary,"na, interview terminated(-5)",-5,"na, interview terminated",TRUE,
044,2B,lst1c01,binary,"na, asked(-1)",-1,"na, asked",TRUE,
044,2B,lst1c01,binary,not mentioned(0),0,not mentioned,FALSE,
044,2B,lst1c01,binary,mentioned(1),1,mentioned,FALSE,
044,2B,lst1c02,binary,"na, interview terminated(-5)",-5,"na, interview terminated",TRUE,
044,2B,lst1c02,binary,"na, asked(-1)",-1,"na, asked",TRUE,
044,2B,lst1c02,binary,not mentioned(0),0,not mentioned,FALSE,
044,2B,lst1c02,binary,mentioned(1),1,mentioned,FALSE,
044,2B,lst1c03,binary,"see c/d/e/b/f/glst1c02 -> na, interview terminated(-5)",-5,"na, interview terminated",TRUE,
044,2B,lst1c03,binary,"see c/d/e/b/f/glst1c02 -> na, asked(-1)",-1,"na, asked",TRUE,
044,2B,lst1c03,binary,see c/d/e/b/f/glst1c02 -> not mentioned(0),0,not mentioned,FALSE,
044,2B,lst1c03,binary,see c/d/e/b/f/glst1c02 -> mentioned(1),1,mentioned,FALSE,
044,2B,lst1c04,binary,"see c/d/e/b/f/glst1c02 -> na, interview terminated(-5)",-5,"na, interview terminated",TRUE,
044,2B,lst1c04,binary,"see c/d/e/b/f/glst1c02 -> na, asked(-1)",-1,"na, asked",TRUE,
044,2B,lst1c04,binary,see c/d/e/b/f/glst1c02 -> not mentioned(0),0,not mentioned,FALSE,
044,2B,lst1c04,binary,see c/d/e/b/f/glst1c02 -> mentioned(1),1,mentioned,FALSE,
044,2B,lst1c05,binary,"see c/d/e/b/f/glst1c02 -> na, interview terminated(-5)",-5,"na, interview terminated",TRUE,
044,2B,lst1c05,binary,"see c/d/e/b/f/glst1c02 -> na, asked(-1)",-1,"na, asked",TRUE,
044,2B,lst1c05,binary,see c/d/e/b/f/glst1c02 -> not mentioned(0),0,not mentioned,FALSE,
044,2B,lst1c05,binary,see c/d/e/b/f/glst1c02 -> mentioned(1),1,mentioned,FALSE,
044,2B,lst1c06,binary,"see c/d/e/b/f/glst1c02 -> na, interview terminated(-5)",-5,"na, interview terminated",TRUE,
044,2B,lst1c06,binary,"see c/d/e/b/f/glst1c02 -> na, asked(-1)",-1,"na, asked",TRUE,
044,2B,lst1c06,binary,see c/d/e/b/f/glst1c02 -> not mentioned(0),0,not mentioned,FALSE,
044,2B,lst1c06,binary,see c/d/e/b/f/glst1c02 -> mentioned(1),1,mentioned,FALSE,
044,2B,lst1c07,binary,"see c/d/e/b/f/glst1c02 -> na, interview terminated(-5)",-5,"na, interview terminated",TRUE,
044,2B,lst1c07,binary,"see c/d/e/b/f/glst1c02 -> na, asked(-1)",-1,"na, asked",TRUE,
044,2B,lst1c07,binary,see c/d/e/b/f/glst1c02 -> not mentioned(0),0,not mentioned,FALSE,
044,2B,lst1c07,binary,see c/d/e/b/f/glst1c02 -> mentioned(1),1,mentioned,FALSE,
044,2B,lst1c08,binary,"see c/d/e/b/f/glst1c02 -> na, interview terminated(-5)",-5,"na, interview terminated",TRUE,
044,2B,lst1c08,binary,"see c/d/e/b/f/glst1c02 -> na, asked(-1)",-1,"na, asked",TRUE,
044,2B,lst1c08,binary,see c/d/e/b/f/glst1c02 -> not mentioned(0),0,not mentioned,FALSE,
044,2B,lst1c08,binary,see c/d/e/b/f/glst1c02 -> mentioned(1),1,mentioned,FALSE,
044,2B,lst1c09,binary,"see c/d/e/b/f/glst1c02 -> na, interview terminated(-5)",-5,"na, interview terminated",TRUE,
044,2B,lst1c09,binary,"see c/d/e/b/f/glst1c02 -> na, asked(-1)",-1,"na, asked",TRUE,
044,2B,lst1c09,binary,see c/d/e/b/f/glst1c02 -> not mentioned(0),0,not mentioned,FALSE,
044,2B,lst1c09,binary,see c/d/e/b/f/glst1c02 -> mentioned(1),1,mentioned,FALSE,
044,2B,lst1c10,binary,"see c/d/e/b/f/glst1c02 -> na, interview terminated(-5)",-5,"na, interview terminated",TRUE,
044,2B,lst1c10,binary,"see c/d/e/b/f/glst1c02 -> na, asked(-1)",-1,"na, asked",TRUE,
044,2B,lst1c10,binary,see c/d/e/b/f/glst1c02 -> not mentioned(0),0,not mentioned,FALSE,
044,2B,lst1c10,binary,see c/d/e/b/f/glst1c02 -> mentioned(1),1,mentioned,FALSE,
044,2B,lst1c11,binary,"see c/d/e/b/f/glst1c02 -> na, interview terminated(-5)",-5,"na, interview terminated",TRUE,
044,2B,lst1c11,binary,"see c/d/e/b/f/glst1c02 -> na, asked(-1)",-1,"na, asked",TRUE,
044,2B,lst1c11,binary,see c/d/e/b/f/glst1c02 -> not mentioned(0),0,not mentioned,FALSE,
044,2B,lst1c11,binary,see c/d/e/b/f/glst1c02 -> mentioned(1),1,mentioned,FALSE,
044,2B,lst1c12,binary,"see c/d/e/b/f/glst1c02 -> na, interview terminated(-5)",-5,"na, interview terminated",TRUE,
044,2B,lst1c12,binary,"see c/d/e/b/f/glst1c02 -> na, asked(-1)",-1,"na, asked",TRUE,
044,2B,lst1c12,binary,see c/d/e/b/f/glst1c02 -> not mentioned(0),0,not mentioned,FALSE,
044,2B,lst1c12,binary,see c/d/e/b/f/glst1c02 -> mentioned(1),1,mentioned,FALSE,
044,2B,lst1c13,binary,"see c/d/e/b/f/glst1c02 -> na, interview terminated(-5)",-5,"na, interview terminated",TRUE,
044,2B,lst1c13,binary,"see c/d/e/b/f/glst1c02 -> na, asked(-1)",-1,"na, asked",TRUE,
044,2B,lst1c13,binary,see c/d/e/b/f/glst1c02 -> not mentioned(0),0,not mentioned,FALSE,
044,2B,lst1c13,binary,see c/d/e/b/f/glst1c02 -> mentioned(1),1,mentioned,FALSE,
044,2B,lst1c14,binary,"see c/d/e/b/f/glst1c02 -> na, interview terminated(-5)",-5,"na, interview terminated",TRUE,
044,2B,lst1c14,binary,"see c/d/e/b/f/glst1c02 -> na, asked(-1)",-1,"na, asked",TRUE,
044,2B,lst1c14,binary,see c/d/e/b/f/glst1c02 -> not mentioned(0),0,not mentioned,FALSE,
044,2B,lst1c14,binary,see c/d/e/b/f/glst1c02 -> mentioned(1),1,mentioned,FALSE,
044,2B,lst1c15,binary,"see c/d/e/b/f/glst1c02 -> na, interview terminated(-5)",-5,"na, interview terminated",TRUE,
044,2B,lst1c15,binary,"see c/d/e/b/f/glst1c02 -> na, asked(-1)",-1,"na, asked",TRUE,
044,2B,lst1c15,binary,see c/d/e/b/f/glst1c02 -> not mentioned(0),0,not mentioned,FALSE,
044,2B,lst1c15,binary,see c/d/e/b/f/glst1c02 -> mentioned(1),1,mentioned,FALSE,
044,2B,lst1c16,binary,"see c/d/e/b/f/glst1c02 -> na, interview terminated(-5)",-5,"na, interview terminated",TRUE,
044,2B,lst1c16,binary,"see c/d/e/b/f/glst1c02 -> na, asked(-1)",-1,"na, asked",TRUE,
044,2B,lst1c16,binary,see c/d/e/b/f/glst1c02 -> not mentioned(0),0,not mentioned,FALSE,
044,2B,lst1c16,binary,see c/d/e/b/f/glst1c02 -> mentioned(1),1,mentioned,FALSE,
044,2B,lst1c17,binary,"see c/d/e/b/f/glst1c02 -> na, interview terminated(-5)",-5,"na, interview terminated",TRUE,
044,2B,lst1c17,binary,"see c/d/e/b/f/glst1c02 -> na, asked(-1)",-1,"na, asked",TRUE,
044,2B,lst1c17,binary,see c/d/e/b/f/glst1c02 -> not mentioned(0),0,not mentioned,FALSE,
044,2B,lst1c17,binary,see c/d/e/b/f/glst1c02 -> mentioned(1),1,mentioned,FALSE,
044,2B,lst1c18,binary,"see c/d/e/b/f/glst1c02 -> na, interview terminated(-5)",-5,"na, interview terminated",TRUE,
044,2B,lst1c18,binary,"see c/d/e/b/f/glst1c02 -> na, asked(-1)",-1,"na, asked",TRUE,
044,2B,lst1c18,binary,see c/d/e/b/f/glst1c02 -> not mentioned(0),0,not mentioned,FALSE,
044,2B,lst1c18,binary,see c/d/e/b/f/glst1c02 -> mentioned(1),1,mentioned,FALSE,
044,2B,lst1c19,binary,"see c/d/e/b/f/glst1c02 -> na, interview terminated(-5)",-5,"na, interview terminated",TRUE,
044,2B,lst1c19,binary,"see c/d/e/b/f/glst1c02 -> na, asked(-1)",-1,"na, asked",TRUE,
044,2B,lst1c19,binary,see c/d/e/b/f/glst1c02 -> not mentioned(0),0,not mentioned,FALSE,
044,2B,lst1c19,binary,see c/d/e/b/f/glst1c02 -> mentioned(1),1,mentioned,FALSE,
044,2B,lst2c01,binary,"na, interview terminated(-5)",-5,"na, interview terminated",TRUE,
044,2B,lst2c01,binary,"na, wrong skip(-3)",-3,"na, wrong skip",TRUE,
044,2B,lst2c01,binary,"na, see C/D/E/B/F/GHINDEP(-2)",-2,"na, see C/D/E/B/F/GHINDEP",TRUE,
044,2B,lst2c01,binary,"na, asked(-1)",-1,"na, asked",TRUE,
044,2B,lst2c01,binary,not mentioned(0),0,not mentioned,FALSE,
044,2B,lst2c01,binary,mentioned(1),1,mentioned,FALSE,
044,2B,lst2c02,binary,"see c/d/e/b/f/glst2c01 -> na, interview terminated(-5)",-5,"na, interview terminated",TRUE,
044,2B,lst2c02,binary,"see c/d/e/b/f/glst2c01 -> na, wrong skip(-3)",-3,"na, wrong skip",TRUE,
044,2B,lst2c02,binary,"see c/d/e/b/f/glst2c01 -> na, see C/D/E/B/F/GHINDEP(-2)",-2,"na, see C/D/E/B/F/GHINDEP",TRUE,
044,2B,lst2c02,binary,"see c/d/e/b/f/glst2c01 -> na, asked(-1)",-1,"na, asked",TRUE,
044,2B,lst2c02,binary,see c/d/e/b/f/glst2c01 -> not mentioned(0),0,not mentioned,FALSE,
044,2B,lst2c02,binary,see c/d/e/b/f/glst2c01 -> mentioned(1),1,mentioned,FALSE,
044,2B,lst2c03,binary,"see c/d/e/b/f/glst2c01 -> na, interview terminated(-5)",-5,"na, interview terminated",TRUE,
044,2B,lst2c03,binary,"see c/d/e/b/f/glst2c01 -> na, wrong skip(-3)",-3,"na, wrong skip",TRUE,
044,2B,lst2c03,binary,"see c/d/e/b/f/glst2c01 -> na, see C/D/E/B/F/GHINDEP(-2)",-2,"na, see C/D/E/B/F/GHINDEP",TRUE,
044,2B,lst2c03,binary,"see c/d/e/b/f/glst2c01 -> na, asked(-1)",-1,"na, asked",TRUE,
044,2B,lst2c03,binary,see c/d/e/b/f/glst2c01 -> not mentioned(0),0,not mentioned,FALSE,
044,2B,lst2c03,binary,see c/d/e/b/f/glst2c01 -> mentioned(1),1,mentioned,FALSE,
044,2B,lst2c04,binary,"see c/d/e/b/f/glst2c01 -> na, interview terminated(-5)",-5,"na, interview terminated",TRUE,
044,2B,lst2c04,binary,"see c/d/e/b/f/glst2c01 -> na, wrong skip(-3)",-3,"na, wrong skip",TRUE,
044,2B,lst2c04,binary,"see c/d/e/b/f/glst2c01 -> na, see C/D/E/B/F/GHINDEP(-2)",-2,"na, see C/D/E/B/F/GHINDEP",TRUE,
044,2B,lst2c04,binary,"see c/d/e/b/f/glst2c01 -> na, asked(-1)",-1,"na, asked",TRUE,
044,2B,lst2c04,binary,see c/d/e/b/f/glst2c01 -> not mentioned(0),0,not mentioned,FALSE,
044,2B,lst2c04,binary,see c/d/e/b/f/glst2c01 -> mentioned(1),1,mentioned,FALSE,
044,2B,lst2c05,binary,"see c/d/e/b/f/glst2c01 -> na, interview terminated(-5)",-5,"na, interview terminated",TRUE,
044,2B,lst2c05,binary,"see c/d/e/b/f/glst2c01 -> na, wrong skip(-3)",-3,"na, wrong skip",TRUE,
044,2B,lst2c05,binary,"see c/d/e/b/f/glst2c01 -> na, see C/D/E/B/F/GHINDEP(-2)",-2,"na, see C/D/E/B/F/GHINDEP",TRUE,
044,2B,lst2c05,binary,"see c/d/e/b/f/glst2c01 -> na, asked(-1)",-1,"na, asked",TRUE,
044,2B,lst2c05,binary,see c/d/e/b/f/glst2c01 -> not mentioned(0),0,not mentioned,FALSE,
044,2B,lst2c05,binary,see c/d/e/b/f/glst2c01 -> mentioned(1),1,mentioned,FALSE,
044,2B,lst2c06,binary,"see c/d/e/b/f/glst2c01 -> na, interview terminated(-5)",-5,"na, interview terminated",TRUE,
044,2B,lst2c06,binary,"see c/d/e/b/f/glst2c01 -> na, wrong skip(-3)",-3,"na, wrong skip",TRUE,
044,2B,lst2c06,binary,"see c/d/e/b/f/glst2c01 -> na, see C/D/E/B/F/GHINDEP(-2)",-2,"na, see C/D/E/B/F/GHINDEP",TRUE,
044,2B,lst2c06,binary,"see c/d/e/b/f/glst2c01 -> na, asked(-1)",-1,"na, asked",TRUE,
044,2B,lst2c06,binary,see c/d/e/b/f/glst2c01 -> not mentioned(0),0,not mentioned,FALSE,
044,2B,lst2c06,binary,see c/d/e/b/f/glst2c01 -> mentioned(1),1,mentioned,FALSE,
044,2B,lst2c07,binary,"see c/d/e/b/f/glst2c01 -> na, interview terminated(-5)",-5,"na, interview terminated",TRUE,
044,2B,lst2c07,binary,"see c/d/e/b/f/glst2c01 -> na, wrong skip(-3)",-3,"na, wrong skip",TRUE,
044,2B,lst2c07,binary,"see c/d/e/b/f/glst2c01 -> na, see C/D/E/B/F/GHINDEP(-2)",-2,"na, see C/D/E/B/F/GHINDEP",TRUE,
044,2B,lst2c07,binary,"see c/d/e/b/f/glst2c01 -> na, asked(-1)",-1,"na, asked",TRUE,
044,2B,lst2c07,binary,see c/d/e/b/f/glst2c01 -> not mentioned(0),0,not mentioned,FALSE,
044,2B,lst2c07,binary,see c/d/e/b/f/glst2c01 -> mentioned(1),1,mentioned,FALSE,
044,2B,lst2c08,binary,"see c/d/e/b/f/glst2c01 -> na, interview terminated(-5)",-5,"na, interview terminated",TRUE,
044,2B,lst2c08,binary,"see c/d/e/b/f/glst2c01 -> na, wrong skip(-3)",-3,"na, wrong skip",TRUE,
044,2B,lst2c08,binary,"see c/d/e/b/f/glst2c01 -> na, see C/D/E/B/F/GHINDEP(-2)",-2,"na, see C/D/E/B/F/GHINDEP",TRUE,
044,2B,lst2c08,binary,"see c/d/e/b/f/glst2c01 -> na, asked(-1)",-1,"na, asked",TRUE,
044,2B,lst2c08,binary,see c/d/e/b/f/glst2c01 -> not mentioned(0),0,not mentioned,FALSE,
044,2B,lst2c08,binary,see c/d/e/b/f/glst2c01 -> mentioned(1),1,mentioned,FALSE,
044,2B,lst2c09,binary,"see c/d/e/b/f/glst2c01 -> na, interview terminated(-5)",-5,"na, interview terminated",TRUE,
044,2B,lst2c09,binary,"see c/d/e/b/f/glst2c01 -> na, wrong skip(-3)",-3,"na, wrong skip",TRUE,
044,2B,lst2c09,binary,"see c/d/e/b/f/glst2c01 -> na, see C/D/E/B/F/GHINDEP(-2)",-2,"na, see C/D/E/B/F/GHINDEP",TRUE,
044,2B,lst2c09,binary,"see c/d/e/b/f/glst2c01 -> na, asked(-1)",-1,"na, asked",TRUE,
044,2B,lst2c09,binary,see c/d/e/b/f/glst2c01 -> not mentioned(0),0,not mentioned,FALSE,
044,2B,lst2c09,binary,see c/d/e/b/f/glst2c01 -> mentioned(1),1,mentioned,FALSE,
044,2B,lst2c10,binary,"see c/d/e/b/f/glst2c01 -> na, interview terminated(-5)",-5,"na, interview terminated",TRUE,
044,2B,lst2c10,binary,"see c/d/e/b/f/glst2c01 -> na, wrong skip(-3)",-3,"na, wrong skip",TRUE,
044,2B,lst2c10,binary,"see c/d/e/b/f/glst2c01 -> na, see C/D/E/B/F/GHINDEP(-2)",-2,"na, see C/D/E/B/F/GHINDEP",TRUE,
044,2B,lst2c10,binary,"see c/d/e/b/f/glst2c01 -> na, asked(-1)",-1,"na, asked",TRUE,
044,2B,lst2c10,binary,see c/d/e/b/f/glst2c01 -> not mentioned(0),0,not mentioned,FALSE,
044,2B,lst2c10,binary,see c/d/e/b/f/glst2c01 -> mentioned(1),1,mentioned,FALSE,
044,2B,lst2c11,binary,"see c/d/e/b/f/glst2c01 -> na, interview terminated(-5)",-5,"na, interview terminated",TRUE,
044,2B,lst2c11,binary,"see c/d/e/b/f/glst2c01 -> na, wrong skip(-3)",-3,"na, wrong skip",TRUE,
044,2B,lst2c11,binary,"see c/d/e/b/f/glst2c01 -> na, see C/D/E/B/F/GHINDEP(-2)",-2,"na, see C/D/E/B/F/GHINDEP",TRUE,
044,2B,lst2c11,binary,"see c/d/e/b/f/glst2c01 -> na, asked(-1)",-1,"na, asked",TRUE,
044,2B,lst2c11,binary,see c/d/e/b/f/glst2c01 -> not mentioned(0),0,not mentioned,FALSE,
044,2B,lst2c11,binary,see c/d/e/b/f/glst2c01 -> mentioned(1),1,mentioned,FALSE,
044,2B,lst2c12,binary,"see c/d/e/b/f/glst2c01 -> na, interview terminated(-5)",-5,"na, interview terminated",TRUE,
044,2B,lst2c12,binary,"see c/d/e/b/f/glst2c01 -> na, wrong skip(-3)",-3,"na, wrong skip",TRUE,
044,2B,lst2c12,binary,"see c/d/e/b/f/glst2c01 -> na, see C/D/E/B/F/GHINDEP(-2)",-2,"na, see C/D/E/B/F/GHINDEP",TRUE,
044,2B,lst2c12,binary,"see c/d/e/b/f/glst2c01 -> na, asked(-1)",-1,"na, asked",TRUE,
044,2B,lst2c12,binary,see c/d/e/b/f/glst2c01 -> not mentioned(0),0,not mentioned,FALSE,
044,2B,lst2c12,binary,see c/d/e/b/f/glst2c01 -> mentioned(1),1,mentioned,FALSE,
044,2B,lst2c13,binary,"see c/d/e/b/f/glst2c01 -> na, interview terminated(-5)",-5,"na, interview terminated",TRUE,
044,2B,lst2c13,binary,"see c/d/e/b/f/glst2c01 -> na, wrong skip(-3)",-3,"na, wrong skip",TRUE,
044,2B,lst2c13,binary,"see c/d/e/b/f/glst2c01 -> na, see C/D/E/B/F/GHINDEP(-2)",-2,"na, see C/D/E/B/F/GHINDEP",TRUE,
044,2B,lst2c13,binary,"see c/d/e/b/f/glst2c01 -> na, asked(-1)",-1,"na, asked",TRUE,
044,2B,lst2c13,binary,see c/d/e/b/f/glst2c01 -> not mentioned(0),0,not mentioned,FALSE,
044,2B,lst2c13,binary,see c/d/e/b/f/glst2c01 -> mentioned(1),1,mentioned,FALSE,
044,2B,lst2c14,binary,"see c/d/e/b/f/glst2c01 -> na, interview terminated(-5)",-5,"na, interview terminated",TRUE,
044,2B,lst2c14,binary,"see c/d/e/b/f/glst2c01 -> na, wrong skip(-3)",-3,"na, wrong skip",TRUE,
044,2B,lst2c14,binary,"see c/d/e/b/f/glst2c01 -> na, see C/D/E/B/F/GHINDEP(-2)",-2,"na, see C/D/E/B/F/GHINDEP",TRUE,
044,2B,lst2c14,binary,"see c/d/e/b/f/glst2c01 -> na, asked(-1)",-1,"na, asked",TRUE,
044,2B,lst2c14,binary,see c/d/e/b/f/glst2c01 -> not mentioned(0),0,not mentioned,FALSE,
044,2B,lst2c14,binary,see c/d/e/b/f/glst2c01 -> mentioned(1),1,mentioned,FALSE,
044,2B,lst2c15,binary,"see c/d/e/b/f/glst2c01 -> na, interview terminated(-5)",-5,"na, interview terminated",TRUE,
044,2B,lst2c15,binary,"see c/d/e/b/f/glst2c01 -> na, wrong skip(-3)",-3,"na, wrong skip",TRUE,
044,2B,lst2c15,binary,"see c/d/e/b/f/glst2c01 -> na, see C/D/E/B/F/GHINDEP(-2)",-2,"na, see C/D/E/B/F/GHINDEP",TRUE,
044,2B,lst2c15,binary,"see c/d/e/b/f/glst2c01 -> na, asked(-1)",-1,"na, asked",TRUE,
044,2B,lst2c15,binary,see c/d/e/b/f/glst2c01 -> not mentioned(0),0,not mentioned,FALSE,
044,2B,lst2c15,binary,see c/d/e/b/f/glst2c01 -> mentioned(1),1,mentioned,FALSE,
044,2B,lst2k09,binary,"see c/d/e/b/f/glst2c01 -> na, interview terminated(-5)",-5,"na, interview terminated",TRUE,
044,2B,lst2k09,binary,"see c/d/e/b/f/glst2c01 -> na, wrong skip(-3)",-3,"na, wrong skip",TRUE,
044,2B,lst2k09,binary,"see c/d/e/b/f/glst2c01 -> na, see C/D/E/B/F/GHINDEP(-2)",-2,"na, see C/D/E/B/F/GHINDEP",TRUE,
044,2B,lst2k09,binary,"see c/d/e/b/f/glst2c01 -> na, asked(-1)",-1,"na, asked",TRUE,
044,2B,lst2k09,binary,see c/d/e/b/f/glst2c01 -> not mentioned(0),0,not mentioned,FALSE,
044,2B,lst2k09,binary,see c/d/e/b/f/glst2c01 -> mentioned(1),1,mentioned,FALSE,
044,F,lst1c01,binary,"na, interview terminated(-5)",-5,"na, interview terminated",TRUE,
044,F,lst1c01,binary,"na, asked(-1)",-1,"na, asked",TRUE,
044,F,lst1c01,binary,not mentioned(0),0,not mentioned,FALSE,
044,F,lst1c01,binary,mentioned(1),1,mentioned,FALSE,
044,F,lst1c02,binary,"na, interview terminated(-5)",-5,"na, interview terminated",TRUE,
044,F,lst1c02,binary,"na, asked(-1)",-1,"na, asked",TRUE,
044,F,lst1c02,binary,not mentioned(0),0,not mentioned,FALSE,
044,F,lst1c02,binary,mentioned(1),1,mentioned,FALSE,
044,F,lst1c03,binary,"see c/d/e/b/f/glst1c02 -> na, interview terminated(-5)",-5,"na, interview terminated",TRUE,
044,F,lst1c03,binary,"see c/d/e/b/f/glst1c02 -> na, asked(-1)",-1,"na, asked",TRUE,
044,F,lst1c03,binary,see c/d/e/b/f/glst1c02 -> not mentioned(0),0,not mentioned,FALSE,
044,F,lst1c03,binary,see c/d/e/b/f/glst1c02 -> mentioned(1),1,mentioned,FALSE,
044,F,lst1c04,binary,"see c/d/e/b/f/glst1c02 -> na, interview terminated(-5)",-5,"na, interview terminated",TRUE,
044,F,lst1c04,binary,"see c/d/e/b/f/glst1c02 -> na, asked(-1)",-1,"na, asked",TRUE,
044,F,lst1c04,binary,see c/d/e/b/f/glst1c02 -> not mentioned(0),0,not mentioned,FALSE,
044,F,lst1c04,binary,see c/d/e/b/f/glst1c02 -> mentioned(1),1,mentioned,FALSE,
044,F,lst1c05,binary,"see c/d/e/b/f/glst1c02 -> na, interview terminated(-5)",-5,"na, interview terminated",TRUE,
044,F,lst1c05,binary,"see c/d/e/b/f/glst1c02 -> na, asked(-1)",-1,"na, asked",TRUE,
044,F,lst1c05,binary,see c/d/e/b/f/glst1c02 -> not mentioned(0),0,not mentioned,FALSE,
044,F,lst1c05,binary,see c/d/e/b/f/glst1c02 -> mentioned(1),1,mentioned,FALSE,
044,F,lst1c06,binary,"see c/d/e/b/f/glst1c02 -> na, interview terminated(-5)",-5,"na, interview terminated",TRUE,
044,F,lst1c06,binary,"see c/d/e/b/f/glst1c02 -> na, asked(-1)",-1,"na, asked",TRUE,
044,F,lst1c06,binary,see c/d/e/b/f/glst1c02 -> not mentioned(0),0,not mentioned,FALSE,
044,F,lst1c06,binary,see c/d/e/b/f/glst1c02 -> mentioned(1),1,mentioned,FALSE,
044,F,lst1c07,binary,"see c/d/e/b/f/glst1c02 -> na, interview terminated(-5)",-5,"na, interview terminated",TRUE,
044,F,lst1c07,binary,"see c/d/e/b/f/glst1c02 -> na, asked(-1)",-1,"na, asked",TRUE,
044,F,lst1c07,binary,see c/d/e/b/f/glst1c02 -> not mentioned(0),0,not mentioned,FALSE,
044,F,lst1c07,binary,see c/d/e/b/f/glst1c02 -> mentioned(1),1,mentioned,FALSE,
044,F,lst1c08,binary,"see c/d/e/b/f/glst1c02 -> na, interview terminated(-5)",-5,"na, interview terminated",TRUE,
044,F,lst1c08,binary,"see c/d/e/b/f/glst1c02 -> na, asked(-1)",-1,"na, asked",TRUE,
044,F,lst1c08,binary,see c/d/e/b/f/glst1c02 -> not mentioned(0),0,not mentioned,FALSE,
044,F,lst1c08,binary,see c/d/e/b/f/glst1c02 -> mentioned(1),1,mentioned,FALSE,
044,F,lst1c09,binary,"see c/d/e/b/f/glst1c02 -> na, interview terminated(-5)",-5,"na, interview terminated",TRUE,
044,F,lst1c09,binary,"see c/d/e/b/f/glst1c02 -> na, asked(-1)",-1,"na, asked",TRUE,
044,F,lst1c09,binary,see c/d/e/b/f/glst1c02 -> not mentioned(0),0,not mentioned,FALSE,
044,F,lst1c09,binary,see c/d/e/b/f/glst1c02 -> mentioned(1),1,mentioned,FALSE,
044,F,lst1c10,binary,"see c/d/e/b/f/glst1c02 -> na, interview terminated(-5)",-5,"na, interview terminated",TRUE,
044,F,lst1c10,binary,"see c/d/e/b/f/glst1c02 -> na, asked(-1)",-1,"na, asked",TRUE,
044,F,lst1c10,binary,see c/d/e/b/f/glst1c02 -> not mentioned(0),0,not mentioned,FALSE,
044,F,lst1c10,binary,see c/d/e/b/f/glst1c02 -> mentioned(1),1,mentioned,FALSE,
044,F,lst1c11,binary,"see c/d/e/b/f/glst1c02 -> na, interview terminated(-5)",-5,"na, interview terminated",TRUE,
044,F,lst1c11,binary,"see c/d/e/b/f/glst1c02 -> na, asked(-1)",-1,"na, asked",TRUE,
044,F,lst1c11,binary,see c/d/e/b/f/glst1c02 -> not mentioned(0),0,not mentioned,FALSE,
044,F,lst1c11,binary,see c/d/e/b/f/glst1c02 -> mentioned(1),1,mentioned,FALSE,
044,F,lst1c12,binary,"see c/d/e/b/f/glst1c02 -> na, interview terminated(-5)",-5,"na, interview terminated",TRUE,
044,F,lst1c12,binary,"see c/d/e/b/f/glst1c02 -> na, asked(-1)",-1,"na, asked",TRUE,
044,F,lst1c12,binary,see c/d/e/b/f/glst1c02 -> not mentioned(0),0,not mentioned,FALSE,
044,F,lst1c12,binary,see c/d/e/b/f/glst1c02 -> mentioned(1),1,mentioned,FALSE,
044,F,lst1c13,binary,"see c/d/e/b/f/glst1c02 -> na, interview terminated(-5)",-5,"na, interview terminated",TRUE,
044,F,lst1c13,binary,"see c/d/e/b/f/glst1c02 -> na, asked(-1)",-1,"na, asked",TRUE,
044,F,lst1c13,binary,see c/d/e/b/f/glst1c02 -> not mentioned(0),0,not mentioned,FALSE,
044,F,lst1c13,binary,see c/d/e/b/f/glst1c02 -> mentioned(1),1,mentioned,FALSE,
044,F,lst1c14,binary,"see c/d/e/b/f/glst1c02 -> na, interview terminated(-5)",-5,"na, interview terminated",TRUE,
044,F,lst1c14,binary,"see c/d/e/b/f/glst1c02 -> na, asked(-1)",-1,"na, asked",TRUE,
044,F,lst1c14,binary,see c/d/e/b/f/glst1c02 -> not mentioned(0),0,not mentioned,FALSE,
044,F,lst1c14,binary,see c/d/e/b/f/glst1c02 -> mentioned(1),1,mentioned,FALSE,
044,F,lst1c15,binary,"see c/d/e/b/f/glst1c02 -> na, interview terminated(-5)",-5,"na, interview terminated",TRUE,
044,F,lst1c15,binary,"see c/d/e/b/f/glst1c02 -> na, asked(-1)",-1,"na, asked",TRUE,
044,F,lst1c15,binary,see c/d/e/b/f/glst1c02 -> not mentioned(0),0,not mentioned,FALSE,
044,F,lst1c15,binary,see c/d/e/b/f/glst1c02 -> mentioned(1),1,mentioned,FALSE,
044,F,lst1c16,binary,"see c/d/e/b/f/glst1c02 -> na, interview terminated(-5)",-5,"na, interview terminated",TRUE,
044,F,lst1c16,binary,"see c/d/e/b/f/glst1c02 -> na, asked(-1)",-1,"na, asked",TRUE,
044,F,lst1c16,binary,see c/d/e/b/f/glst1c02 -> not mentioned(0),0,not mentioned,FALSE,
044,F,lst1c16,binary,see c/d/e/b/f/glst1c02 -> mentioned(1),1,mentioned,FALSE,
044,F,lst1c17,binary,"see c/d/e/b/f/glst1c02 -> na, interview terminated(-5)",-5,"na, interview terminated",TRUE,
044,F,lst1c17,binary,"see c/d/e/b/f/glst1c02 -> na, asked(-1)",-1,"na, asked",TRUE,
044,F,lst1c17,binary,see c/d/e/b/f/glst1c02 -> not mentioned(0),0,not mentioned,FALSE,
044,F,lst1c17,binary,see c/d/e/b/f/glst1c02 -> mentioned(1),1,mentioned,FALSE,
044,F,lst1c18,binary,"see c/d/e/b/f/glst1c02 -> na, interview terminated(-5)",-5,"na, interview terminated",TRUE,
044,F,lst1c18,binary,"see c/d/e/b/f/glst1c02 -> na, asked(-1)",-1,"na, asked",TRUE,
044,F,lst1c18,binary,see c/d/e/b/f/glst1c02 -> not mentioned(0),0,not mentioned,FALSE,
044,F,lst1c18,binary,see c/d/e/b/f/glst1c02 -> mentioned(1),1,mentioned,FALSE,
044,F,lst1c19,binary,"see c/d/e/b/f/glst1c02 -> na, interview terminated(-5)",-5,"na, interview terminated",TRUE,
044,F,lst1c19,binary,"see c/d/e/b/f/glst1c02 -> na, asked(-1)",-1,"na, asked",TRUE,
044,F,lst1c19,binary,see c/d/e/b/f/glst1c02 -> not mentioned(0),0,not mentioned,FALSE,
044,F,lst1c19,binary,see c/d/e/b/f/glst1c02 -> mentioned(1),1,mentioned,FALSE,
044,F,lst2c01,binary,"na, interview terminated(-5)",-5,"na, interview terminated",TRUE,
044,F,lst2c01,binary,"na, wrong skip(-3)",-3,"na, wrong skip",TRUE,
044,F,lst2c01,binary,"na, see C/D/E/B/F/GHINDEP(-2)",-2,"na, see C/D/E/B/F/GHINDEP",TRUE,
044,F,lst2c01,binary,"na, asked(-1)",-1,"na, asked",TRUE,
044,F,lst2c01,binary,not mentioned(0),0,not mentioned,FALSE,
044,F,lst2c01,binary,mentioned(1),1,mentioned,FALSE,
044,F,lst2c02,binary,"see c/d/e/b/f/glst2c01 -> na, interview terminated(-5)",-5,"na, interview terminated",TRUE,
044,F,lst2c02,binary,"see c/d/e/b/f/glst2c01 -> na, wrong skip(-3)",-3,"na, wrong skip",TRUE,
044,F,lst2c02,binary,"see c/d/e/b/f/glst2c01 -> na, see C/D/E/B/F/GHINDEP(-2)",-2,"na, see C/D/E/B/F/GHINDEP",TRUE,
044,F,lst2c02,binary,"see c/d/e/b/f/glst2c01 -> na, asked(-1)",-1,"na, asked",TRUE,
044,F,lst2c02,binary,see c/d/e/b/f/glst2c01 -> not mentioned(0),0,not mentioned,FALSE,
044,F,lst2c02,binary,see c/d/e/b/f/glst2c01 -> mentioned(1),1,mentioned,FALSE,
044,F,lst2c03,binary,"see c/d/e/b/f/glst2c01 -> na, interview terminated(-5)",-5,"na, interview terminated",TRUE,
044,F,lst2c03,binary,"see c/d/e/b/f/glst2c01 -> na, wrong skip(-3)",-3,"na, wrong skip",TRUE,
044,F,lst2c03,binary,"see c/d/e/b/f/glst2c01 -> na, see C/D/E/B/F/GHINDEP(-2)",-2,"na, see C/D/E/B/F/GHINDEP",TRUE,
044,F,lst2c03,binary,"see c/d/e/b/f/glst2c01 -> na, asked(-1)",-1,"na, asked",TRUE,
044,F,lst2c03,binary,see c/d/e/b/f/glst2c01 -> not mentioned(0),0,not mentioned,FALSE,
044,F,lst2c03,binary,see c/d/e/b/f/glst2c01 -> mentioned(1),1,mentioned,FALSE,
044,F,lst2c04,binary,"see c/d/e/b/f/glst2c01 -> na, interview terminated(-5)",-5,"na, interview terminated",TRUE,
044,F,lst2c04,binary,"see c/d/e/b/f/glst2c01 -> na, wrong skip(-3)",-3,"na, wrong skip",TRUE,
044,F,lst2c04,binary,"see c/d/e/b/f/glst2c01 -> na, see C/D/E/B/F/GHINDEP(-2)",-2,"na, see C/D/E/B/F/GHINDEP",TRUE,
044,F,lst2c04,binary,"see c/d/e/b/f/glst2c01 -> na, asked(-1)",-1,"na, asked",TRUE,
044,F,lst2c04,binary,see c/d/e/b/f/glst2c01 -> not mentioned(0),0,not mentioned,FALSE,
044,F,lst2c04,binary,see c/d/e/b/f/glst2c01 -> mentioned(1),1,mentioned,FALSE,
044,F,lst2c05,binary,"see c/d/e/b/f/glst2c01 -> na, interview terminated(-5)",-5,"na, interview terminated",TRUE,
044,F,lst2c05,binary,"see c/d/e/b/f/glst2c01 -> na, wrong skip(-3)",-3,"na, wrong skip",TRUE,
044,F,lst2c05,binary,"see c/d/e/b/f/glst2c01 -> na, see C/D/E/B/F/GHINDEP(-2)",-2,"na, see C/D/E/B/F/GHINDEP",TRUE,
044,F,lst2c05,binary,"see c/d/e/b/f/glst2c01 -> na, asked(-1)",-1,"na, asked",TRUE,
044,F,lst2c05,binary,see c/d/e/b/f/glst2c01 -> not mentioned(0),0,not mentioned,FALSE,
044,F,lst2c05,binary,see c/d/e/b/f/glst2c01 -> mentioned(1),1,mentioned,FALSE,
044,F,lst2c06,binary,"see c/d/e/b/f/glst2c01 -> na, interview terminated(-5)",-5,"na, interview terminated",TRUE,
044,F,lst2c06,binary,"see c/d/e/b/f/glst2c01 -> na, wrong skip(-3)",-3,"na, wrong skip",TRUE,
044,F,lst2c06,binary,"see c/d/e/b/f/glst2c01 -> na, see C/D/E/B/F/GHINDEP(-2)",-2,"na, see C/D/E/B/F/GHINDEP",TRUE,
044,F,lst2c06,binary,"see c/d/e/b/f/glst2c01 -> na, asked(-1)",-1,"na, asked",TRUE,
044,F,lst2c06,binary,see c/d/e/b/f/glst2c01 -> not mentioned(0),0,not mentioned,FALSE,
044,F,lst2c06,binary,see c/d/e/b/f/glst2c01 -> mentioned(1),1,mentioned,FALSE,
044,F,lst2c07,binary,"see c/d/e/b/f/glst2c01 -> na, interview terminated(-5)",-5,"na, interview terminated",TRUE,
044,F,lst2c07,binary,"see c/d/e/b/f/glst2c01 -> na, wrong skip(-3)",-3,"na, wrong skip",TRUE,
044,F,lst2c07,binary,"see c/d/e/b/f/glst2c01 -> na, see C/D/E/B/F/GHINDEP(-2)",-2,"na, see C/D/E/B/F/GHINDEP",TRUE,
044,F,lst2c07,binary,"see c/d/e/b/f/glst2c01 -> na, asked(-1)",-1,"na, asked",TRUE,
044,F,lst2c07,binary,see c/d/e/b/f/glst2c01 -> not mentioned(0),0,not mentioned,FALSE,
044,F,lst2c07,binary,see c/d/e/b/f/glst2c01 -> mentioned(1),1,mentioned,FALSE,
044,F,lst2c08,binary,"see c/d/e/b/f/glst2c01 -> na, interview terminated(-5)",-5,"na, interview terminated",TRUE,
044,F,lst2c08,binary,"see c/d/e/b/f/glst2c01 -> na, wrong skip(-3)",-3,"na, wrong skip",TRUE,
044,F,lst2c08,binary,"see c/d/e/b/f/glst2c01 -> na, see C/D/E/B/F/GHINDEP(-2)",-2,"na, see C/D/E/B/F/GHINDEP",TRUE,
044,F,lst2c08,binary,"see c/d/e/b/f/glst2c01 -> na, asked(-1)",-1,"na, asked",TRUE,
044,F,lst2c08,binary,see c/d/e/b/f/glst2c01 -> not mentioned(0),0,not mentioned,FALSE,
044,F,lst2c08,binary,see c/d/e/b/f/glst2c01 -> mentioned(1),1,mentioned,FALSE,
044,F,lst2c09,binary,"see c/d/e/b/f/glst2c01 -> na, interview terminated(-5)",-5,"na, interview terminated",TRUE,
044,F,lst2c09,binary,"see c/d/e/b/f/glst2c01 -> na, wrong skip(-3)",-3,"na, wrong skip",TRUE,
044,F,lst2c09,binary,"see c/d/e/b/f/glst2c01 -> na, see C/D/E/B/F/GHINDEP(-2)",-2,"na, see C/D/E/B/F/GHINDEP",TRUE,
044,F,lst2c09,binary,"see c/d/e/b/f/glst2c01 -> na, asked(-1)",-1,"na, asked",TRUE,
044,F,lst2c09,binary,see c/d/e/b/f/glst2c01 -> not mentioned(0),0,not mentioned,FALSE,
044,F,lst2c09,binary,see c/d/e/b/f/glst2c01 -> mentioned(1),1,mentioned,FALSE,
044,F,lst2c10,binary,"see c/d/e/b/f/glst2c01 -> na, interview terminated(-5)",-5,"na, interview terminated",TRUE,
044,F,lst2c10,binary,"see c/d/e/b/f/glst2c01 -> na, wrong skip(-3)",-3,"na, wrong skip",TRUE,
044,F,lst2c10,binary,"see c/d/e/b/f/glst2c01 -> na, see C/D/E/B/F/GHINDEP(-2)",-2,"na, see C/D/E/B/F/GHINDEP",TRUE,
044,F,lst2c10,binary,"see c/d/e/b/f/glst2c01 -> na, asked(-1)",-1,"na, asked",TRUE,
044,F,lst2c10,binary,see c/d/e/b/f/glst2c01 -> not mentioned(0),0,not mentioned,FALSE,
044,F,lst2c10,binary,see c/d/e/b/f/glst2c01 -> mentioned(1),1,mentioned,FALSE,
044,F,lst2c11,binary,"see c/d/e/b/f/glst2c01 -> na, interview terminated(-5)",-5,"na, interview terminated",TRUE,
044,F,lst2c11,binary,"see c/d/e/b/f/glst2c01 -> na, wrong skip(-3)",-3,"na, wrong skip",TRUE,
044,F,lst2c11,binary,"see c/d/e/b/f/glst2c01 -> na, see C/D/E/B/F/GHINDEP(-2)",-2,"na, see C/D/E/B/F/GHINDEP",TRUE,
044,F,lst2c11,binary,"see c/d/e/b/f/glst2c01 -> na, asked(-1)",-1,"na, asked",TRUE,
044,F,lst2c11,binary,see c/d/e/b/f/glst2c01 -> not mentioned(0),0,not mentioned,FALSE,
044,F,lst2c11,binary,see c/d/e/b/f/glst2c01 -> mentioned(1),1,mentioned,FALSE,
044,F,lst2c12,binary,"see c/d/e/b/f/glst2c01 -> na, interview terminated(-5)",-5,"na, interview terminated",TRUE,
044,F,lst2c12,binary,"see c/d/e/b/f/glst2c01 -> na, wrong skip(-3)",-3,"na, wrong skip",TRUE,
044,F,lst2c12,binary,"see c/d/e/b/f/glst2c01 -> na, see C/D/E/B/F/GHINDEP(-2)",-2,"na, see C/D/E/B/F/GHINDEP",TRUE,
044,F,lst2c12,binary,"see c/d/e/b/f/glst2c01 -> na, asked(-1)",-1,"na, asked",TRUE,
044,F,lst2c12,binary,see c/d/e/b/f/glst2c01 -> not mentioned(0),0,not mentioned,FALSE,
044,F,lst2c12,binary,see c/d/e/b/f/glst2c01 -> mentioned(1),1,mentioned,FALSE,
044,F,lst2c13,binary,"see c/d/e/b/f/glst2c01 -> na, interview terminated(-5)",-5,"na, interview terminated",TRUE,
044,F,lst2c13,binary,"see c/d/e/b/f/glst2c01 -> na, wrong skip(-3)",-3,"na, wrong skip",TRUE,
044,F,lst2c13,binary,"see c/d/e/b/f/glst2c01 -> na, see C/D/E/B/F/GHINDEP(-2)",-2,"na, see C/D/E/B/F/GHINDEP",TRUE,
044,F,lst2c13,binary,"see c/d/e/b/f/glst2c01 -> na, asked(-1)",-1,"na, asked",TRUE,
044,F,lst2c13,binary,see c/d/e/b/f/glst2c01 -> not mentioned(0),0,not mentioned,FALSE,
044,F,lst2c13,binary,see c/d/e/b/f/glst2c01 -> mentioned(1),1,mentioned,FALSE,
044,F,lst2c14,binary,"see c/d/e/b/f/glst2c01 -> na, interview terminated(-5)",-5,"na, interview terminated",TRUE,
044,F,lst2c14,binary,"see c/d/e/b/f/glst2c01 -> na, wrong skip(-3)",-3,"na, wrong skip",TRUE,
044,F,lst2c14,binary,"see c/d/e/b/f/glst2c01 -> na, see C/D/E/B/F/GHINDEP(-2)",-2,"na, see C/D/E/B/F/GHINDEP",TRUE,
044,F,lst2c14,binary,"see c/d/e/b/f/glst2c01 -> na, asked(-1)",-1,"na, asked",TRUE,
044,F,lst2c14,binary,see c/d/e/b/f/glst2c01 -> not mentioned(0),0,not mentioned,FALSE,
044,F,lst2c14,binary,see c/d/e/b/f/glst2c01 -> mentioned(1),1,mentioned,FALSE,
044,F,lst2c15,binary,"see c/d/e/b/f/glst2c01 -> na, interview terminated(-5)",-5,"na, interview terminated",TRUE,
044,F,lst2c15,binary,"see c/d/e/b/f/glst2c01 -> na, wrong skip(-3)",-3,"na, wrong skip",TRUE,
044,F,lst2c15,binary,"see c/d/e/b/f/glst2c01 -> na, see C/D/E/B/F/GHINDEP(-2)",-2,"na, see C/D/E/B/F/GHINDEP",TRUE,
044,F,lst2c15,binary,"see c/d/e/b/f/glst2c01 -> na, asked(-1)",-1,"na, asked",TRUE,
044,F,lst2c15,binary,see c/d/e/b/f/glst2c01 -> not mentioned(0),0,not mentioned,FALSE,
044,F,lst2c15,binary,see c/d/e/b/f/glst2c01 -> mentioned(1),1,mentioned,FALSE,
044,F,lst2k09,binary,"see c/d/e/b/f/glst2c01 -> na, interview terminated(-5)",-5,"na, interview terminated",TRUE,
044,F,lst2k09,binary,"see c/d/e/b/f/glst2c01 -> na, wrong skip(-3)",-3,"na, wrong skip",TRUE,
044,F,lst2k09,binary,"see c/d/e/b/f/glst2c01 -> na, see C/D/E/B/F/GHINDEP(-2)",-2,"na, see C/D/E/B/F/GHINDEP",TRUE,
044,F,lst2k09,binary,"see c/d/e/b/f/glst2c01 -> na, asked(-1)",-1,"na, asked",TRUE,
044,F,lst2k09,binary,see c/d/e/b/f/glst2c01 -> not mentioned(0),0,not mentioned,FALSE,
044,F,lst2k09,binary,see c/d/e/b/f/glst2c01 -> mentioned(1),1,mentioned,FALSE,
044,G,lst1c01,binary,"na, interview terminated(-5)",-5,"na, interview terminated",TRUE,
044,G,lst1c01,binary,"na, asked(-1)",-1,"na, asked",TRUE,
044,G,lst1c01,binary,not mentioned(0),0,not mentioned,FALSE,
044,G,lst1c01,binary,mentioned(1),1,mentioned,FALSE,
044,G,lst1c02,binary,"na, interview terminated(-5)",-5,"na, interview terminated",TRUE,
044,G,lst1c02,binary,"na, asked(-1)",-1,"na, asked",TRUE,
044,G,lst1c02,binary,not mentioned(0),0,not mentioned,FALSE,
044,G,lst1c02,binary,mentioned(1),1,mentioned,FALSE,
044,G,lst1c03,binary,"see c/d/e/b/f/glst1c02 -> na, interview terminated(-5)",-5,"na, interview terminated",TRUE,
044,G,lst1c03,binary,"see c/d/e/b/f/glst1c02 -> na, asked(-1)",-1,"na, asked",TRUE,
044,G,lst1c03,binary,see c/d/e/b/f/glst1c02 -> not mentioned(0),0,not mentioned,FALSE,
044,G,lst1c03,binary,see c/d/e/b/f/glst1c02 -> mentioned(1),1,mentioned,FALSE,
044,G,lst1c04,binary,"see c/d/e/b/f/glst1c02 -> na, interview terminated(-5)",-5,"na, interview terminated",TRUE,
044,G,lst1c04,binary,"see c/d/e/b/f/glst1c02 -> na, asked(-1)",-1,"na, asked",TRUE,
044,G,lst1c04,binary,see c/d/e/b/f/glst1c02 -> not mentioned(0),0,not mentioned,FALSE,
044,G,lst1c04,binary,see c/d/e/b/f/glst1c02 -> mentioned(1),1,mentioned,FALSE,
044,G,lst1c05,binary,"see c/d/e/b/f/glst1c02 -> na, interview terminated(-5)",-5,"na, interview terminated",TRUE,
044,G,lst1c05,binary,"see c/d/e/b/f/glst1c02 -> na, asked(-1)",-1,"na, asked",TRUE,
044,G,lst1c05,binary,see c/d/e/b/f/glst1c02 -> not mentioned(0),0,not mentioned,FALSE,
044,G,lst1c05,binary,see c/d/e/b/f/glst1c02 -> mentioned(1),1,mentioned,FALSE,
044,G,lst1c06,binary,"see c/d/e/b/f/glst1c02 -> na, interview terminated(-5)",-5,"na, interview terminated",TRUE,
044,G,lst1c06,binary,"see c/d/e/b/f/glst1c02 -> na, asked(-1)",-1,"na, asked",TRUE,
044,G,lst1c06,binary,see c/d/e/b/f/glst1c02 -> not mentioned(0),0,not mentioned,FALSE,
044,G,lst1c06,binary,see c/d/e/b/f/glst1c02 -> mentioned(1),1,mentioned,FALSE,
044,G,lst1c07,binary,"see c/d/e/b/f/glst1c02 -> na, interview terminated(-5)",-5,"na, interview terminated",TRUE,
044,G,lst1c07,binary,"see c/d/e/b/f/glst1c02 -> na, asked(-1)",-1,"na, asked",TRUE,
044,G,lst1c07,binary,see c/d/e/b/f/glst1c02 -> not mentioned(0),0,not mentioned,FALSE,
044,G,lst1c07,binary,see c/d/e/b/f/glst1c02 -> mentioned(1),1,mentioned,FALSE,
044,G,lst1c08,binary,"see c/d/e/b/f/glst1c02 -> na, interview terminated(-5)",-5,"na, interview terminated",TRUE,
044,G,lst1c08,binary,"see c/d/e/b/f/glst1c02 -> na, asked(-1)",-1,"na, asked",TRUE,
044,G,lst1c08,binary,see c/d/e/b/f/glst1c02 -> not mentioned(0),0,not mentioned,FALSE,
044,G,lst1c08,binary,see c/d/e/b/f/glst1c02 -> mentioned(1),1,mentioned,FALSE,
044,G,lst1c09,binary,"see c/d/e/b/f/glst1c02 -> na, interview terminated(-5)",-5,"na, interview terminated",TRUE,
044,G,lst1c09,binary,"see c/d/e/b/f/glst1c02 -> na, asked(-1)",-1,"na, asked",TRUE,
044,G,lst1c09,binary,see c/d/e/b/f/glst1c02 -> not mentioned(0),0,not mentioned,FALSE,
044,G,lst1c09,binary,see c/d/e/b/f/glst1c02 -> mentioned(1),1,mentioned,FALSE,
044,G,lst1c10,binary,"see c/d/e/b/f/glst1c02 -> na, interview terminated(-5)",-5,"na, interview terminated",TRUE,
044,G,lst1c10,binary,"see c/d/e/b/f/glst1c02 -> na, asked(-1)",-1,"na, asked",TRUE,
044,G,lst1c10,binary,see c/d/e/b/f/glst1c02 -> not mentioned(0),0,not mentioned,FALSE,
044,G,lst1c10,binary,see c/d/e/b/f/glst1c02 -> mentioned(1),1,mentioned,FALSE,
044,G,lst1c11,binary,"see c/d/e/b/f/glst1c02 -> na, interview terminated(-5)",-5,"na, interview terminated",TRUE,
044,G,lst1c11,binary,"see c/d/e/b/f/glst1c02 -> na, asked(-1)",-1,"na, asked",TRUE,
044,G,lst1c11,binary,see c/d/e/b/f/glst1c02 -> not mentioned(0),0,not mentioned,FALSE,
044,G,lst1c11,binary,see c/d/e/b/f/glst1c02 -> mentioned(1),1,mentioned,FALSE,
044,G,lst1c12,binary,"see c/d/e/b/f/glst1c02 -> na, interview terminated(-5)",-5,"na, interview terminated",TRUE,
044,G,lst1c12,binary,"see c/d/e/b/f/glst1c02 -> na, asked(-1)",-1,"na, asked",TRUE,
044,G,lst1c12,binary,see c/d/e/b/f/glst1c02 -> not mentioned(0),0,not mentioned,FALSE,
044,G,lst1c12,binary,see c/d/e/b/f/glst1c02 -> mentioned(1),1,mentioned,FALSE,
044,G,lst1c13,binary,"see c/d/e/b/f/glst1c02 -> na, interview terminated(-5)",-5,"na, interview terminated",TRUE,
044,G,lst1c13,binary,"see c/d/e/b/f/glst1c02 -> na, asked(-1)",-1,"na, asked",TRUE,
044,G,lst1c13,binary,see c/d/e/b/f/glst1c02 -> not mentioned(0),0,not mentioned,FALSE,
044,G,lst1c13,binary,see c/d/e/b/f/glst1c02 -> mentioned(1),1,mentioned,FALSE,
044,G,lst1c14,binary,"see c/d/e/b/f/glst1c02 -> na, interview terminated(-5)",-5,"na, interview terminated",TRUE,
044,G,lst1c14,binary,"see c/d/e/b/f/glst1c02 -> na, asked(-1)",-1,"na, asked",TRUE,
044,G,lst1c14,binary,see c/d/e/b/f/glst1c02 -> not mentioned(0),0,not mentioned,FALSE,
044,G,lst1c14,binary,see c/d/e/b/f/glst1c02 -> mentioned(1),1,mentioned,FALSE,
044,G,lst1c15,binary,"see c/d/e/b/f/glst1c02 -> na, interview terminated(-5)",-5,"na, interview terminated",TRUE,
044,G,lst1c15,binary,"see c/d/e/b/f/glst1c02 -> na, asked(-1)",-1,"na, asked",TRUE,
044,G,lst1c15,binary,see c/d/e/b/f/glst1c02 -> not mentioned(0),0,not mentioned,FALSE,
044,G,lst1c15,binary,see c/d/e/b/f/glst1c02 -> mentioned(1),1,mentioned,FALSE,
044,G,lst1c16,binary,"see c/d/e/b/f/glst1c02 -> na, interview terminated(-5)",-5,"na, interview terminated",TRUE,
044,G,lst1c16,binary,"see c/d/e/b/f/glst1c02 -> na, asked(-1)",-1,"na, asked",TRUE,
044,G,lst1c16,binary,see c/d/e/b/f/glst1c02 -> not mentioned(0),0,not mentioned,FALSE,
044,G,lst1c16,binary,see c/d/e/b/f/glst1c02 -> mentioned(1),1,mentioned,FALSE,
044,G,lst1c17,binary,"see c/d/e/b/f/glst1c02 -> na, interview terminated(-5)",-5,"na, interview terminated",TRUE,
044,G,lst1c17,binary,"see c/d/e/b/f/glst1c02 -> na, asked(-1)",-1,"na, asked",TRUE,
044,G,lst1c17,binary,see c/d/e/b/f/glst1c02 -> not mentioned(0),0,not mentioned,FALSE,
044,G,lst1c17,binary,see c/d/e/b/f/glst1c02 -> mentioned(1),1,mentioned,FALSE,
044,G,lst1c18,binary,"see c/d/e/b/f/glst1c02 -> na, interview terminated(-5)",-5,"na, interview terminated",TRUE,
044,G,lst1c18,binary,"see c/d/e/b/f/glst1c02 -> na, asked(-1)",-1,"na, asked",TRUE,
044,G,lst1c18,binary,see c/d/e/b/f/glst1c02 -> not mentioned(0),0,not mentioned,FALSE,
044,G,lst1c18,binary,see c/d/e/b/f/glst1c02 -> mentioned(1),1,mentioned,FALSE,
044,G,lst1c19,binary,"see c/d/e/b/f/glst1c02 -> na, interview terminated(-5)",-5,"na, interview terminated",TRUE,
044,G,lst1c19,binary,"see c/d/e/b/f/glst1c02 -> na, asked(-1)",-1,"na, asked",TRUE,
044,G,lst1c19,binary,see c/d/e/b/f/glst1c02 -> not mentioned(0),0,not mentioned,FALSE,
044,G,lst1c19,binary,see c/d/e/b/f/glst1c02 -> mentioned(1),1,mentioned,FALSE,
044,G,lst1c1n,numeric,na wrong skip(-3),-3,na wrong skip,TRUE,
044,G,lst1c1n,numeric,"na, see GLST1C01(-2)",-2,"na, see GLST1C01",TRUE,
044,G,lst1c1n,numeric,"na, asked: R does not know(-1)",-1,"na, asked: R does not know",TRUE,
044,G,lst1c1n,numeric,98 times or more(98),98,98 times or more,FALSE,
044,G,lst2c01,binary,"na, interview terminated(-5)",-5,"na, interview terminated",TRUE,
044,G,lst2c01,binary,"na, wrong skip(-3)",-3,"na, wrong skip",TRUE,
044,G,lst2c01,binary,"na, see C/D/E/B/F/GHINDEP(-2)",-2,"na, see C/D/E/B/F/GHINDEP",TRUE,
044,G,lst2c01,binary,"na, asked(-1)",-1,"na, asked",TRUE,
044,G,lst2c01,binary,not mentioned(0),0,not mentioned,FALSE,
044,G,lst2c01,binary,mentioned(1),1,mentioned,FALSE,
044,G,lst2c02,binary,"see c/d/e/b/f/glst2c01 -> na, interview terminated(-5)",-5,"na, interview terminated",TRUE,
044,G,lst2c02,binary,"see c/d/e/b/f/glst2c01 -> na, wrong skip(-3)",-3,"na, wrong skip",TRUE,
044,G,lst2c02,binary,"see c/d/e/b/f/glst2c01 -> na, see C/D/E/B/F/GHINDEP(-2)",-2,"na, see C/D/E/B/F/GHINDEP",TRUE,
044,G,lst2c02,binary,"see c/d/e/b/f/glst2c01 -> na, asked(-1)",-1,"na, asked",TRUE,
044,G,lst2c02,binary,see c/d/e/b/f/glst2c01 -> not mentioned(0),0,not mentioned,FALSE,
044,G,lst2c02,binary,see c/d/e/b/f/glst2c01 -> mentioned(1),1,mentioned,FALSE,
044,G,lst2c03,binary,"see c/d/e/b/f/glst2c01 -> na, interview terminated(-5)",-5,"na, interview terminated",TRUE,
044,G,lst2c03,binary,"see c/d/e/b/f/glst2c01 -> na, wrong skip(-3)",-3,"na, wrong skip",TRUE,
044,G,lst2c03,binary,"see c/d/e/b/f/glst2c01 -> na, see C/D/E/B/F/GHINDEP(-2)",-2,"na, see C/D/E/B/F/GHINDEP",TRUE,
044,G,lst2c03,binary,"see c/d/e/b/f/glst2c01 -> na, asked(-1)",-1,"na, asked",TRUE,
044,G,lst2c03,binary,see c/d/e/b/f/glst2c01 -> not mentioned(0),0,not mentioned,FALSE,
044,G,lst2c03,binary,see c/d/e/b/f/glst2c01 -> mentioned(1),1,mentioned,FALSE,
044,G,lst2c04,binary,"see c/d/e/b/f/glst2c01 -> na, interview terminated(-5)",-5,"na, interview terminated",TRUE,
044,G,lst2c04,binary,"see c/d/e/b/f/glst2c01 -> na, wrong skip(-3)",-3,"na, wrong skip",TRUE,
044,G,lst2c04,binary,"see c/d/e/b/f/glst2c01 -> na, see C/D/E/B/F/GHINDEP(-2)",-2,"na, see C/D/E/B/F/GHINDEP",TRUE,
044,G,lst2c04,binary,"see c/d/e/b/f/glst2c01 -> na, asked(-1)",-1,"na, asked",TRUE,
044,G,lst2c04,binary,see c/d/e/b/f/glst2c01 -> not mentioned(0),0,not mentioned,FALSE,
044,G,lst2c04,binary,see c/d/e/b/f/glst2c01 -> mentioned(1),1,mentioned,FALSE,
044,G,lst2c05,binary,"see c/d/e/b/f/glst2c01 -> na, interview terminated(-5)",-5,"na, interview terminated",TRUE,
044,G,lst2c05,binary,"see c/d/e/b/f/glst2c01 -> na, wrong skip(-3)",-3,"na, wrong skip",TRUE,
044,G,lst2c05,binary,"see c/d/e/b/f/glst2c01 -> na, see C/D/E/B/F/GHINDEP(-2)",-2,"na, see C/D/E/B/F/GHINDEP",TRUE,
044,G,lst2c05,binary,"see c/d/e/b/f/glst2c01 -> na, asked(-1)",-1,"na, asked",TRUE,
044,G,lst2c05,binary,see c/d/e/b/f/glst2c01 -> not mentioned(0),0,not mentioned,FALSE,
044,G,lst2c05,binary,see c/d/e/b/f/glst2c01 -> mentioned(1),1,mentioned,FALSE,
044,G,lst2c06,binary,"see c/d/e/b/f/glst2c01 -> na, interview terminated(-5)",-5,"na, interview terminated",TRUE,
044,G,lst2c06,binary,"see c/d/e/b/f/glst2c01 -> na, wrong skip(-3)",-3,"na, wrong skip",TRUE,
044,G,lst2c06,binary,"see c/d/e/b/f/glst2c01 -> na, see C/D/E/B/F/GHINDEP(-2)",-2,"na, see C/D/E/B/F/GHINDEP",TRUE,
044,G,lst2c06,binary,"see c/d/e/b/f/glst2c01 -> na, asked(-1)",-1,"na, asked",TRUE,
044,G,lst2c06,binary,see c/d/e/b/f/glst2c01 -> not mentioned(0),0,not mentioned,FALSE,
044,G,lst2c06,binary,see c/d/e/b/f/glst2c01 -> mentioned(1),1,mentioned,FALSE,
044,G,lst2c07,binary,"see c/d/e/b/f/glst2c01 -> na, interview terminated(-5)",-5,"na, interview terminated",TRUE,
044,G,lst2c07,binary,"see c/d/e/b/f/glst2c01 -> na, wrong skip(-3)",-3,"na, wrong skip",TRUE,
044,G,lst2c07,binary,"see c/d/e/b/f/glst2c01 -> na, see C/D/E/B/F/GHINDEP(-2)",-2,"na, see C/D/E/B/F/GHINDEP",TRUE,
044,G,lst2c07,binary,"see c/d/e/b/f/glst2c01 -> na, asked(-1)",-1,"na, asked",TRUE,
044,G,lst2c07,binary,see c/d/e/b/f/glst2c01 -> not mentioned(0),0,not mentioned,FALSE,
044,G,lst2c07,binary,see c/d/e/b/f/glst2c01 -> mentioned(1),1,mentioned,FALSE,
044,G,lst2c08,binary,"see c/d/e/b/f/glst2c01 -> na, interview terminated(-5)",-5,"na, interview terminated",TRUE,
044,G,lst2c08,binary,"see c/d/e/b/f/glst2c01 -> na, wrong skip(-3)",-3,"na, wrong skip",TRUE,
044,G,lst2c08,binary,"see c/d/e/b/f/glst2c01 -> na, see C/D/E/B/F/GHINDEP(-2)",-2,"na, see C/D/E/B/F/GHINDEP",TRUE,
044,G,lst2c08,binary,"see c/d/e/b/f/glst2c01 -> na, asked(-1)",-1,"na, asked",TRUE,
044,G,lst2c08,binary,see c/d/e/b/f/glst2c01 -> not mentioned(0),0,not mentioned,FALSE,
044,G,lst2c08,binary,see c/d/e/b/f/glst2c01 -> mentioned(1),1,mentioned,FALSE,
044,G,lst2c09,binary,"see c/d/e/b/f/glst2c01 -> na, interview terminated(-5)",-5,"na, interview terminated",TRUE,
044,G,lst2c09,binary,"see c/d/e/b/f/glst2c01 -> na, wrong skip(-3)",-3,"na, wrong skip",TRUE,
044,G,lst2c09,binary,"see c/d/e/b/f/glst2c01 -> na, see C/D/E/B/F/GHINDEP(-2)",-2,"na, see C/D/E/B/F/GHINDEP",TRUE,
044,G,lst2c09,binary,"see c/d/e/b/f/glst2c01 -> na, asked(-1)",-1,"na, asked",TRUE,
044,G,lst2c09,binary,see c/d/e/b/f/glst2c01 -> not mentioned(0),0,not mentioned,FALSE,
044,G,lst2c09,binary,see c/d/e/b/f/glst2c01 -> mentioned(1),1,mentioned,FALSE,
044,G,lst2c10,binary,"see c/d/e/b/f/glst2c01 -> na, interview terminated(-5)",-5,"na, interview terminated",TRUE,
044,G,lst2c10,binary,"see c/d/e/b/f/glst2c01 -> na, wrong skip(-3)",-3,"na, wrong skip",TRUE,
044,G,lst2c10,binary,"see c/d/e/b/f/glst2c01 -> na, see C/D/E/B/F/GHINDEP(-2)",-2,"na, see C/D/E/B/F/GHINDEP",TRUE,
044,G,lst2c10,binary,"see c/d/e/b/f/glst2c01 -> na, asked(-1)",-1,"na, asked",TRUE,
044,G,lst2c10,binary,see c/d/e/b/f/glst2c01 -> not mentioned(0),0,not mentioned,FALSE,
044,G,lst2c10,binary,see c/d/e/b/f/glst2c01 -> mentioned(1),1,mentioned,FALSE,
044,G,lst2c11,binary,"see c/d/e/b/f/glst2c01 -> na, interview terminated(-5)",-5,"na, interview terminated",TRUE,
044,G,lst2c11,binary,"see c/d/e/b/f/glst2c01 -> na, wrong skip(-3)",-3,"na, wrong skip",TRUE,
044,G,lst2c11,binary,"see c/d/e/b/f/glst2c01 -> na, see C/D/E/B/F/GHINDEP(-2)",-2,"na, see C/D/E/B/F/GHINDEP",TRUE,
044,G,lst2c11,binary,"see c/d/e/b/f/glst2c01 -> na, asked(-1)",-1,"na, asked",TRUE,
044,G,lst2c11,binary,see c/d/e/b/f/glst2c01 -> not mentioned(0),0,not mentioned,FALSE,
044,G,lst2c11,binary,see c/d/e/b/f/glst2c01 -> mentioned(1),1,mentioned,FALSE,
044,G,lst2c12,binary,"see c/d/e/b/f/glst2c01 -> na, interview terminated(-5)",-5,"na, interview terminated",TRUE,
044,G,lst2c12,binary,"see c/d/e/b/f/glst2c01 -> na, wrong skip(-3)",-3,"na, wrong skip",TRUE,
044,G,lst2c12,binary,"see c/d/e/b/f/glst2c01 -> na, see C/D/E/B/F/GHINDEP(-2)",-2,"na, see C/D/E/B/F/GHINDEP",TRUE,
044,G,lst2c12,binary,"see c/d/e/b/f/glst2c01 -> na, asked(-1)",-1,"na, asked",TRUE,
044,G,lst2c12,binary,see c/d/e/b/f/glst2c01 -> not mentioned(0),0,not mentioned,FALSE,
044,G,lst2c12,binary,see c/d/e/b/f/glst2c01 -> mentioned(1),1,mentioned,FALSE,
044,G,lst2c13,binary,"see c/d/e/b/f/glst2c01 -> na, interview terminated(-5)",-5,"na, interview terminated",TRUE,
044,G,lst2c13,binary,"see c/d/e/b/f/glst2c01 -> na, wrong skip(-3)",-3,"na, wrong skip",TRUE,
044,G,lst2c13,binary,"see c/d/e/b/f/glst2c01 -> na, see C/D/E/B/F/GHINDEP(-2)",-2,"na, see C/D/E/B/F/GHINDEP",TRUE,
044,G,lst2c13,binary,"see c/d/e/b/f/glst2c01 -> na, asked(-1)",-1,"na, asked",TRUE,
044,G,lst2c13,binary,see c/d/e/b/f/glst2c01 -> not mentioned(0),0,not mentioned,FALSE,
044,G,lst2c13,binary,see c/d/e/b/f/glst2c01 -> mentioned(1),1,mentioned,FALSE,
044,G,lst2c14,binary,"see c/d/e/b/f/glst2c01 -> na, interview terminated(-5)",-5,"na, interview terminated",TRUE,
044,G,lst2c14,binary,"see c/d/e/b/f/glst2c01 -> na, wrong skip(-3)",-3,"na, wrong skip",TRUE,
044,G,lst2c14,binary,"see c/d/e/b/f/glst2c01 -> na, see C/D/E/B/F/GHINDEP(-2)",-2,"na, see C/D/E/B/F/GHINDEP",TRUE,
044,G,lst2c14,binary,"see c/d/e/b/f/glst2c01 -> na, asked(-1)",-1,"na, asked",TRUE,
044,G,lst2c14,binary,see c/d/e/b/f/glst2c01 -> not mentioned(0),0,not mentioned,FALSE,
044,G,lst2c14,binary,see c/d/e/b/f/glst2c01 -> mentioned(1),1,mentioned,FALSE,
044,G,lst2c15,binary,"see c/d/e/b/f/glst2c01 -> na, interview terminated(-5)",-5,"na, interview terminated",TRUE,
044,G,lst2c15,binary,"see c/d/e/b/f/glst2c01 -> na, wrong skip(-3)",-3,"na, wrong skip",TRUE,
044,G,lst2c15,binary,"see c/d/e/b/f/glst2c01 -> na, see C/D/E/B/F/GHINDEP(-2)",-2,"na, see C/D/E/B/F/GHINDEP",TRUE,
044,G,lst2c15,binary,"see c/d/e/b/f/glst2c01 -> na, asked(-1)",-1,"na, asked",TRUE,
044,G,lst2c15,binary,see c/d/e/b/f/glst2c01 -> not mentioned(0),0,not mentioned,FALSE,
044,G,lst2c15,binary,see c/d/e/b/f/glst2c01 -> mentioned(1),1,mentioned,FALSE,
044,G,lst2k09,binary,"see c/d/e/b/f/glst2c01 -> na, interview terminated(-5)",-5,"na, interview terminated",TRUE,
044,G,lst2k09,binary,"see c/d/e/b/f/glst2c01 -> na, wrong skip(-3)",-3,"na, wrong skip",TRUE,
044,G,lst2k09,binary,"see c/d/e/b/f/glst2c01 -> na, see C/D/E/B/F/GHINDEP(-2)",-2,"na, see C/D/E/B/F/GHINDEP",TRUE,
044,G,lst2k09,binary,"see c/d/e/b/f/glst2c01 -> na, asked(-1)",-1,"na, asked",TRUE,
044,G,lst2k09,binary,see c/d/e/b/f/glst2c01 -> not mentioned(0),0,not mentioned,FALSE,
044,G,lst2k09,binary,see c/d/e/b/f/glst2c01 -> mentioned(1),1,mentioned,FALSE,
044,H,lst1c01,binary,"na, short/terminated interview(-4)",-4,"na, short/terminated interview",TRUE,
044,H,lst1c01,binary,"na, asked(-1)",-1,"na, asked",TRUE,
044,H,lst1c01,binary,not mentioned(0),0,not mentioned,FALSE,
044,H,lst1c01,binary,mentioned(1),1,mentioned,FALSE,
044,H,lst1c02,binary,"na, short/terminated interview(-4)",-4,"na, short/terminated interview",TRUE,
044,H,lst1c02,binary,"na, asked(-1)",-1,"na, asked",TRUE,
044,H,lst1c02,binary,not mentioned(0),0,not mentioned,FALSE,
044,H,lst1c02,binary,mentioned(1),1,mentioned,FALSE,
044,H,lst1c03,binary,"see h/blst1c02 -> na, short/terminated interview(-4)",-4,"na, short/terminated interview",TRUE,
044,H,lst1c03,binary,"see h/blst1c02 -> na, asked(-1)",-1,"na, asked",TRUE,
044,H,lst1c03,binary,see h/blst1c02 -> not mentioned(0),0,not mentioned,FALSE,
044,H,lst1c03,binary,see h/blst1c02 -> mentioned(1),1,mentioned,FALSE,
044,H,lst1c04,binary,"see h/blst1c02 -> na, short/terminated interview(-4)",-4,"na, short/terminated interview",TRUE,
044,H,lst1c04,binary,"see h/blst1c02 -> na, asked(-1)",-1,"na, asked",TRUE,
044,H,lst1c04,binary,see h/blst1c02 -> not mentioned(0),0,not mentioned,FALSE,
044,H,lst1c04,binary,see h/blst1c02 -> mentioned(1),1,mentioned,FALSE,
044,H,lst1c05,binary,"see h/blst1c02 -> na, short/terminated interview(-4)",-4,"na, short/terminated interview",TRUE,
044,H,lst1c05,binary,"see h/blst1c02 -> na, asked(-1)",-1,"na, asked",TRUE,
044,H,lst1c05,binary,see h/blst1c02 -> not mentioned(0),0,not mentioned,FALSE,
044,H,lst1c05,binary,see h/blst1c02 -> mentioned(1),1,mentioned,FALSE,
044,H,lst1c06,binary,"see h/blst1c02 -> na, short/terminated interview(-4)",-4,"na, short/terminated interview",TRUE,
044,H,lst1c06,binary,"see h/blst1c02 -> na, asked(-1)",-1,"na, asked",TRUE,
044,H,lst1c06,binary,see h/blst1c02 -> not mentioned(0),0,not mentioned,FALSE,
044,H,lst1c06,binary,see h/blst1c02 -> mentioned(1),1,mentioned,FALSE,
044,H,lst1c07,binary,"see h/blst1c02 -> na, short/terminated interview(-4)",-4,"na, short/terminated interview",TRUE,
044,H,lst1c07,binary,"see h/blst1c02 -> na, asked(-1)",-1,"na, asked",TRUE,
044,H,lst1c07,binary,see h/blst1c02 -> not mentioned(0),0,not mentioned,FALSE,
044,H,lst1c07,binary,see h/blst1c02 -> mentioned(1),1,mentioned,FALSE,
044,H,lst1c08,binary,"see h/blst1c02 -> na, short/terminated interview(-4)",-4,"na, short/terminated interview",TRUE,
044,H,lst1c08,binary,"see h/blst1c02 -> na, asked(-1)",-1,"na, asked",TRUE,
044,H,lst1c08,binary,see h/blst1c02 -> not mentioned(0),0,not mentioned,FALSE,
044,H,lst1c08,binary,see h/blst1c02 -> mentioned(1),1,mentioned,FALSE,
044,H,lst1c09,binary,"see h/blst1c02 -> na, short/terminated interview(-4)",-4,"na, short/terminated interview",TRUE,
044,H,lst1c09,binary,"see h/blst1c02 -> na, asked(-1)",-1,"na, asked",TRUE,
044,H,lst1c09,binary,see h/blst1c02 -> not mentioned(0),0,not mentioned,FALSE,
044,H,lst1c09,binary,see h/blst1c02 -> mentioned(1),1,mentioned,FALSE,
044,H,lst1c10,binary,"see h/blst1c02 -> na, short/terminated interview(-4)",-4,"na, short/terminated interview",TRUE,
044,H,lst1c10,binary,"see h/blst1c02 -> na, asked(-1)",-1,"na, asked",TRUE,
044,H,lst1c10,binary,see h/blst1c02 -> not mentioned(0),0,not mentioned,FALSE,
044,H,lst1c10,binary,see h/blst1c02 -> mentioned(1),1,mentioned,FALSE,
044,H,lst1c11,binary,"see h/blst1c02 -> na, short/terminated interview(-4)",-4,"na, short/terminated interview",TRUE,
044,H,lst1c11,binary,"see h/blst1c02 -> na, asked(-1)",-1,"na, asked",TRUE,
044,H,lst1c11,binary,see h/blst1c02 -> not mentioned(0),0,not mentioned,FALSE,
044,H,lst1c11,binary,see h/blst1c02 -> mentioned(1),1,mentioned,FALSE,
044,H,lst1c12,binary,"see h/blst1c02 -> na, short/terminated interview(-4)",-4,"na, short/terminated interview",TRUE,
044,H,lst1c12,binary,"see h/blst1c02 -> na, asked(-1)",-1,"na, asked",TRUE,
044,H,lst1c12,binary,see h/blst1c02 -> not mentioned(0),0,not mentioned,FALSE,
044,H,lst1c12,binary,see h/blst1c02 -> mentioned(1),1,mentioned,FALSE,
044,H,lst1c13,binary,"see h/blst1c02 -> na, short/terminated interview(-4)",-4,"na, short/terminated interview",TRUE,
044,H,lst1c13,binary,"see h/blst1c02 -> na, asked(-1)",-1,"na, asked",TRUE,
044,H,lst1c13,binary,see h/blst1c02 -> not mentioned(0),0,not mentioned,FALSE,
044,H,lst1c13,binary,see h/blst1c02 -> mentioned(1),1,mentioned,FALSE,
044,H,lst1c14,binary,"see h/blst1c02 -> na, short/terminated interview(-4)",-4,"na, short/terminated interview",TRUE,
044,H,lst1c14,binary,"see h/blst1c02 -> na, asked(-1)",-1,"na, asked",TRUE,
044,H,lst1c14,binary,see h/blst1c02 -> not mentioned(0),0,not mentioned,FALSE,
044,H,lst1c14,binary,see h/blst1c02 -> mentioned(1),1,mentioned,FALSE,
044,H,lst1c16,binary,"see h/blst1c02 -> na, short/terminated interview(-4)",-4,"na, short/terminated interview",TRUE,
044,H,lst1c16,binary,"see h/blst1c02 -> na, asked(-1)",-1,"na, asked",TRUE,
044,H,lst1c16,binary,see h/blst1c02 -> not mentioned(0),0,not mentioned,FALSE,
044,H,lst1c16,binary,see h/blst1c02 -> mentioned(1),1,mentioned,FALSE,
044,H,lst1c17,binary,"see h/blst1c02 -> na, short/terminated interview(-4)",-4,"na, short/terminated interview",TRUE,
044,H,lst1c17,binary,"see h/blst1c02 -> na, asked(-1)",-1,"na, asked",TRUE,
044,H,lst1c17,binary,see h/blst1c02 -> not mentioned(0),0,not mentioned,FALSE,
044,H,lst1c17,binary,see h/blst1c02 -> mentioned(1),1,mentioned,FALSE,
044,H,lst1c19,binary,"see h/blst1c02 -> na, short/terminated interview(-4)",-4,"na, short/terminated interview",TRUE,
044,H,lst1c19,binary,"see h/blst1c02 -> na, asked(-1)",-1,"na, asked",TRUE,
044,H,lst1c19,binary,see h/blst1c02 -> not mentioned(0),0,not mentioned,FALSE,
044,H,lst1c19,binary,see h/blst1c02 -> mentioned(1),1,mentioned,FALSE,
044,H,lst1c1n,numeric,"na, see H/BLST1C01(-2)",-2,"na, see H/BLST1C01",TRUE,
044,H,lst1c1n,numeric,"na, asked: R does not know(-1)",-1,"na, asked: R does not know",TRUE,
044,H,lst1c1n,numeric,98 times or more(98),98,98 times or more,FALSE,
044,H,lst2c01,binary,"na, short/terminated interview(-4)",-4,"na, short/terminated interview",TRUE,
044,H,lst2c01,binary,"na, wrong skip(-3)",-3,"na, wrong skip",TRUE,
044,H,lst2c01,binary,"na, see H/BHINDEP(-2)",-2,"na, see H/BHINDEP",TRUE,
044,H,lst2c01,binary,"na, asked(-1)",-1,"na, asked",TRUE,
044,H,lst2c01,binary,not mentioned(0),0,not mentioned,FALSE,
044,H,lst2c01,binary,mentioned(1),1,mentioned,FALSE,
044,H,lst2c02,binary,"see h/blst2c01 -> na, short/terminated interview(-4)",-4,"na, short/terminated interview",TRUE,
044,H,lst2c02,binary,"see h/blst2c01 -> na, wrong skip(-3)",-3,"na, wrong skip",TRUE,
044,H,lst2c02,binary,"see h/blst2c01 -> na, see H/BHINDEP(-2)",-2,"na, see H/BHINDEP",TRUE,
044,H,lst2c02,binary,"see h/blst2c01 -> na, asked(-1)",-1,"na, asked",TRUE,
044,H,lst2c02,binary,see h/blst2c01 -> not mentioned(0),0,not mentioned,FALSE,
044,H,lst2c02,binary,see h/blst2c01 -> mentioned(1),1,mentioned,FALSE,
044,H,lst2c03,binary,"see h/blst2c01 -> na, short/terminated interview(-4)",-4,"na, short/terminated interview",TRUE,
044,H,lst2c03,binary,"see h/blst2c01 -> na, wrong skip(-3)",-3,"na, wrong skip",TRUE,
044,H,lst2c03,binary,"see h/blst2c01 -> na, see H/BHINDEP(-2)",-2,"na, see H/BHINDEP",TRUE,
044,H,lst2c03,binary,"see h/blst2c01 -> na, asked(-1)",-1,"na, asked",TRUE,
044,H,lst2c03,binary,see h/blst2c01 -> not mentioned(0),0,not mentioned,FALSE,
044,H,lst2c03,binary,see h/blst2c01 -> mentioned(1),1,mentioned,FALSE,
044,H,lst2c04,binary,"see h/blst2c01 -> na, short/terminated interview(-4)",-4,"na, short/terminated interview",TRUE,
044,H,lst2c04,binary,"see h/blst2c01 -> na, wrong skip(-3)",-3,"na, wrong skip",TRUE,
044,H,lst2c04,binary,"see h/blst2c01 -> na, see H/BHINDEP(-2)",-2,"na, see H/BHINDEP",TRUE,
044,H,lst2c04,binary,"see h/blst2c01 -> na, asked(-1)",-1,"na, asked",TRUE,
044,H,lst2c04,binary,see h/blst2c01 -> not mentioned(0),0,not mentioned,FALSE,
044,H,lst2c04,binary,see h/blst2c01 -> mentioned(1),1,mentioned,FALSE,
044,H,lst2c05,binary,"see h/blst2c01 -> na, short/terminated interview(-4)",-4,"na, short/terminated interview",TRUE,
044,H,lst2c05,binary,"see h/blst2c01 -> na, wrong skip(-3)",-3,"na, wrong skip",TRUE,
044,H,lst2c05,binary,"see h/blst2c01 -> na, see H/BHINDEP(-2)",-2,"na, see H/BHINDEP",TRUE,
044,H,lst2c05,binary,"see h/blst2c01 -> na, asked(-1)",-1,"na, asked",TRUE,
044,H,lst2c05,binary,see h/blst2c01 -> not mentioned(0),0,not mentioned,FALSE,
044,H,lst2c05,binary,see h/blst2c01 -> mentioned(1),1,mentioned,FALSE,
044,H,lst2c06,binary,"see h/blst2c01 -> na, short/terminated interview(-4)",-4,"na, short/terminated interview",TRUE,
044,H,lst2c06,binary,"see h/blst2c01 -> na, wrong skip(-3)",-3,"na, wrong skip",TRUE,
044,H,lst2c06,binary,"see h/blst2c01 -> na, see H/BHINDEP(-2)",-2,"na, see H/BHINDEP",TRUE,
044,H,lst2c06,binary,"see h/blst2c01 -> na, asked(-1)",-1,"na, asked",TRUE,
044,H,lst2c06,binary,see h/blst2c01 -> not mentioned(0),0,not mentioned,FALSE,
044,H,lst2c06,binary,see h/blst2c01 -> mentioned(1),1,mentioned,FALSE,
044,H,lst2c07,binary,"see h/blst2c01 -> na, short/terminated interview(-4)",-4,"na, short/terminated interview",TRUE,
044,H,lst2c07,binary,"see h/blst2c01 -> na, wrong skip(-3)",-3,"na, wrong skip",TRUE,
044,H,lst2c07,binary,"see h/blst2c01 -> na, see H/BHINDEP(-2)",-2,"na, see H/BHINDEP",TRUE,
044,H,lst2c07,binary,"see h/blst2c01 -> na, asked(-1)",-1,"na, asked",TRUE,
044,H,lst2c07,binary,see h/blst2c01 -> not mentioned(0),0,not mentioned,FALSE,
044,H,lst2c07,binary,see h/blst2c01 -> mentioned(1),1,mentioned,FALSE,
044,H,lst2c08,binary,"see h/blst2c01 -> na, short/terminated interview(-4)",-4,"na, short/terminated interview",TRUE,
044,H,lst2c08,binary,"see h/blst2c01 -> na, wrong skip(-3)",-3,"na, wrong skip",TRUE,
044,H,lst2c08,binary,"see h/blst2c01 -> na, see H/BHINDEP(-2)",-2,"na, see H/BHINDEP",TRUE,
044,H,lst2c08,binary,"see h/blst2c01 -> na, asked(-1)",-1,"na, asked",TRUE,
044,H,lst2c08,binary,see h/blst2c01 -> not mentioned(0),0,not mentioned,FALSE,
044,H,lst2c08,binary,see h/blst2c01 -> mentioned(1),1,mentioned,FALSE,
044,H,lst2c09,binary,"see h/blst2c01 -> na, short/terminated interview(-4)",-4,"na, short/terminated interview",TRUE,
044,H,lst2c09,binary,"see h/blst2c01 -> na, wrong skip(-3)",-3,"na, wrong skip",TRUE,
044,H,lst2c09,binary,"see h/blst2c01 -> na, see H/BHINDEP(-2)",-2,"na, see H/BHINDEP",TRUE,
044,H,lst2c09,binary,"see h/blst2c01 -> na, asked(-1)",-1,"na, asked",TRUE,
044,H,lst2c09,binary,see h/blst2c01 -> not mentioned(0),0,not mentioned,FALSE,
044,H,lst2c09,binary,see h/blst2c01 -> mentioned(1),1,mentioned,FALSE,
044,H,lst2c10,binary,"see h/blst2c01 -> na, short/terminated interview(-4)",-4,"na, short/terminated interview",TRUE,
044,H,lst2c10,binary,"see h/blst2c01 -> na, wrong skip(-3)",-3,"na, wrong skip",TRUE,
044,H,lst2c10,binary,"see h/blst2c01 -> na, see H/BHINDEP(-2)",-2,"na, see H/BHINDEP",TRUE,
044,H,lst2c10,binary,"see h/blst2c01 -> na, asked(-1)",-1,"na, asked",TRUE,
044,H,lst2c10,binary,see h/blst2c01 -> not mentioned(0),0,not mentioned,FALSE,
044,H,lst2c10,binary,see h/blst2c01 -> mentioned(1),1,mentioned,FALSE,
044,H,lst2c11,binary,"see h/blst2c01 -> na, short/terminated interview(-4)",-4,"na, short/terminated interview",TRUE,
044,H,lst2c11,binary,"see h/blst2c01 -> na, wrong skip(-3)",-3,"na, wrong skip",TRUE,
044,H,lst2c11,binary,"see h/blst2c01 -> na, see H/BHINDEP(-2)",-2,"na, see H/BHINDEP",TRUE,
044,H,lst2c11,binary,"see h/blst2c01 -> na, asked(-1)",-1,"na, asked",TRUE,
044,H,lst2c11,binary,see h/blst2c01 -> not mentioned(0),0,not mentioned,FALSE,
044,H,lst2c11,binary,see h/blst2c01 -> mentioned(1),1,mentioned,FALSE,
044,H,lst2c12,binary,"see h/blst2c01 -> na, short/terminated interview(-4)",-4,"na, short/terminated interview",TRUE,
044,H,lst2c12,binary,"see h/blst2c01 -> na, wrong skip(-3)",-3,"na, wrong skip",TRUE,
044,H,lst2c12,binary,"see h/blst2c01 -> na, see H/BHINDEP(-2)",-2,"na, see H/BHINDEP",TRUE,
044,H,lst2c12,binary,"see h/blst2c01 -> na, asked(-1)",-1,"na, asked",TRUE,
044,H,lst2c12,binary,see h/blst2c01 -> not mentioned(0),0,not mentioned,FALSE,
044,H,lst2c12,binary,see h/blst2c01 -> mentioned(1),1,mentioned,FALSE,
044,H,lst2c13,binary,"see h/blst2c01 -> na, short/terminated interview(-4)",-4,"na, short/terminated interview",TRUE,
044,H,lst2c13,binary,"see h/blst2c01 -> na, wrong skip(-3)",-3,"na, wrong skip",TRUE,
044,H,lst2c13,binary,"see h/blst2c01 -> na, see H/BHINDEP(-2)",-2,"na, see H/BHINDEP",TRUE,
044,H,lst2c13,binary,"see h/blst2c01 -> na, asked(-1)",-1,"na, asked",TRUE,
044,H,lst2c13,binary,see h/blst2c01 -> not mentioned(0),0,not mentioned,FALSE,
044,H,lst2c13,binary,see h/blst2c01 -> mentioned(1),1,mentioned,FALSE,
044,H,lst2c14,binary,"see h/blst2c01 -> na, short/terminated interview(-4)",-4,"na, short/terminated interview",TRUE,
044,H,lst2c14,binary,"see h/blst2c01 -> na, wrong skip(-3)",-3,"na, wrong skip",TRUE,
044,H,lst2c14,binary,"see h/blst2c01 -> na, see H/BHINDEP(-2)",-2,"na, see H/BHINDEP",TRUE,
044,H,lst2c14,binary,"see h/blst2c01 -> na, asked(-1)",-1,"na, asked",TRUE,
044,H,lst2c14,binary,see h/blst2c01 -> not mentioned(0),0,not mentioned,FALSE,
044,H,lst2c14,binary,see h/blst2c01 -> mentioned(1),1,mentioned,FALSE,
044,H,lst2c15,binary,"see h/blst2c01 -> na, short/terminated interview(-4)",-4,"na, short/terminated interview",TRUE,
044,H,lst2c15,binary,"see h/blst2c01 -> na, wrong skip(-3)",-3,"na, wrong skip",TRUE,
044,H,lst2c15,binary,"see h/blst2c01 -> na, see H/BHINDEP(-2)",-2,"na, see H/BHINDEP",TRUE,
044,H,lst2c15,binary,"see h/blst2c01 -> na, asked(-1)",-1,"na, asked",TRUE,
044,H,lst2c15,binary,see h/blst2c01 -> not mentioned(0),0,not mentioned,FALSE,
044,H,lst2c15,binary,see h/blst2c01 -> mentioned(1),1,mentioned,FALSE,
044,3B,lst1c01,binary,"na, short/terminated interview(-4)",-4,"na, short/terminated interview",TRUE,
044,3B,lst1c01,binary,"na, asked(-1)",-1,"na, asked",TRUE,
044,3B,lst1c01,binary,not mentioned(0),0,not mentioned,FALSE,
044,3B,lst1c01,binary,mentioned(1),1,mentioned,FALSE,
044,3B,lst1c02,binary,"na, short/terminated interview(-4)",-4,"na, short/terminated interview",TRUE,
044,3B,lst1c02,binary,"na, asked(-1)",-1,"na, asked",TRUE,
044,3B,lst1c02,binary,not mentioned(0),0,not mentioned,FALSE,
044,3B,lst1c02,binary,mentioned(1),1,mentioned,FALSE,
044,3B,lst1c03,binary,"see h/blst1c02 -> na, short/terminated interview(-4)",-4,"na, short/terminated interview",TRUE,
044,3B,lst1c03,binary,"see h/blst1c02 -> na, asked(-1)",-1,"na, asked",TRUE,
044,3B,lst1c03,binary,see h/blst1c02 -> not mentioned(0),0,not mentioned,FALSE,
044,3B,lst1c03,binary,see h/blst1c02 -> mentioned(1),1,mentioned,FALSE,
044,3B,lst1c04,binary,"see h/blst1c02 -> na, short/terminated interview(-4)",-4,"na, short/terminated interview",TRUE,
044,3B,lst1c04,binary,"see h/blst1c02 -> na, asked(-1)",-1,"na, asked",TRUE,
044,3B,lst1c04,binary,see h/blst1c02 -> not mentioned(0),0,not mentioned,FALSE,
044,3B,lst1c04,binary,see h/blst1c02 -> mentioned(1),1,mentioned,FALSE,
044,3B,lst1c05,binary,"see h/blst1c02 -> na, short/terminated interview(-4)",-4,"na, short/terminated interview",TRUE,
044,3B,lst1c05,binary,"see h/blst1c02 -> na, asked(-1)",-1,"na, asked",TRUE,
044,3B,lst1c05,binary,see h/blst1c02 -> not mentioned(0),0,not mentioned,FALSE,
044,3B,lst1c05,binary,see h/blst1c02 -> mentioned(1),1,mentioned,FALSE,
044,3B,lst1c06,binary,"see h/blst1c02 -> na, short/terminated interview(-4)",-4,"na, short/terminated interview",TRUE,
044,3B,lst1c06,binary,"see h/blst1c02 -> na, asked(-1)",-1,"na, asked",TRUE,
044,3B,lst1c06,binary,see h/blst1c02 -> not mentioned(0),0,not mentioned,FALSE,
044,3B,lst1c06,binary,see h/blst1c02 -> mentioned(1),1,mentioned,FALSE,
044,3B,lst1c07,binary,"see h/blst1c02 -> na, short/terminated interview(-4)",-4,"na, short/terminated interview",TRUE,
044,3B,lst1c07,binary,"see h/blst1c02 -> na, asked(-1)",-1,"na, asked",TRUE,
044,3B,lst1c07,binary,see h/blst1c02 -> not mentioned(0),0,not mentioned,FALSE,
044,3B,lst1c07,binary,see h/blst1c02 -> mentioned(1),1,mentioned,FALSE,
044,3B,lst1c08,binary,"see h/blst1c02 -> na, short/terminated interview(-4)",-4,"na, short/terminated interview",TRUE,
044,3B,lst1c08,binary,"see h/blst1c02 -> na, asked(-1)",-1,"na, asked",TRUE,
044,3B,lst1c08,binary,see h/blst1c02 -> not mentioned(0),0,not mentioned,FALSE,
044,3B,lst1c08,binary,see h/blst1c02 -> mentioned(1),1,mentioned,FALSE,
044,3B,lst1c09,binary,"see h/blst1c02 -> na, short/terminated interview(-4)",-4,"na, short/terminated interview",TRUE,
044,3B,lst1c09,binary,"see h/blst1c02 -> na, asked(-1)",-1,"na, asked",TRUE,
044,3B,lst1c09,binary,see h/blst1c02 -> not mentioned(0),0,not mentioned,FALSE,
044,3B,lst1c09,binary,see h/blst1c02 -> mentioned(1),1,mentioned,FALSE,
044,3B,lst1c10,binary,"see h/blst1c02 -> na, short/terminated interview(-4)",-4,"na, short/terminated interview",TRUE,
044,3B,lst1c10,binary,"see h/blst1c02 -> na, asked(-1)",-1,"na, asked",TRUE,
044,3B,lst1c10,binary,see h/blst1c02 -> not mentioned(0),0,not mentioned,FALSE,
044,3B,lst1c10,binary,see h/blst1c02 -> mentioned(1),1,mentioned,FALSE,
044,3B,lst1c11,binary,"see h/blst1c02 -> na, short/terminated interview(-4)",-4,"na, short/terminated interview",TRUE,
044,3B,lst1c11,binary,"see h/blst1c02 -> na, asked(-1)",-1,"na, asked",TRUE,
044,3B,lst1c11,binary,see h/blst1c02 -> not mentioned(0),0,not mentioned,FALSE,
044,3B,lst1c11,binary,see h/blst1c02 -> mentioned(1),1,mentioned,FALSE,
044,3B,lst1c12,binary,"see h/blst1c02 -> na, short/terminated interview(-4)",-4,"na, short/terminated interview",TRUE,
044,3B,lst1c12,binary,"see h/blst1c02 -> na, asked(-1)",-1,"na, asked",TRUE,
044,3B,lst1c12,binary,see h/blst1c02 -> not mentioned(0),0,not mentioned,FALSE,
044,3B,lst1c12,binary,see h/blst1c02 -> mentioned(1),1,mentioned,FALSE,
044,3B,lst1c13,binary,"see h/blst1c02 -> na, short/terminated interview(-4)",-4,"na, short/terminated interview",TRUE,
044,3B,lst1c13,binary,"see h/blst1c02 -> na, asked(-1)",-1,"na, asked",TRUE,
044,3B,lst1c13,binary,see h/blst1c02 -> not mentioned(0),0,not mentioned,FALSE,
044,3B,lst1c13,binary,see h/blst1c02 -> mentioned(1),1,mentioned,FALSE,
044,3B,lst1c14,binary,"see h/blst1c02 -> na, short/terminated interview(-4)",-4,"na, short/terminated interview",TRUE,
044,3B,lst1c14,binary,"see h/blst1c02 -> na, asked(-1)",-1,"na, asked",TRUE,
044,3B,lst1c14,binary,see h/blst1c02 -> not mentioned(0),0,not mentioned,FALSE,
044,3B,lst1c14,binary,see h/blst1c02 -> mentioned(1),1,mentioned,FALSE,
044,3B,lst1c16,binary,"see h/blst1c02 -> na, short/terminated interview(-4)",-4,"na, short/terminated interview",TRUE,
044,3B,lst1c16,binary,"see h/blst1c02 -> na, asked(-1)",-1,"na, asked",TRUE,
044,3B,lst1c16,binary,see h/blst1c02 -> not mentioned(0),0,not mentioned,FALSE,
044,3B,lst1c16,binary,see h/blst1c02 -> mentioned(1),1,mentioned,FALSE,
044,3B,lst1c17,binary,"see h/blst1c02 -> na, short/terminated interview(-4)",-4,"na, short/terminated interview",TRUE,
044,3B,lst1c17,binary,"see h/blst1c02 -> na, asked(-1)",-1,"na, asked",TRUE,
044,3B,lst1c17,binary,see h/blst1c02 -> not mentioned(0),0,not mentioned,FALSE,
044,3B,lst1c17,binary,see h/blst1c02 -> mentioned(1),1,mentioned,FALSE,
044,3B,lst1c19,binary,"see h/blst1c02 -> na, short/terminated interview(-4)",-4,"na, short/terminated interview",TRUE,
044,3B,lst1c19,binary,"see h/blst1c02 -> na, asked(-1)",-1,"na, asked",TRUE,
044,3B,lst1c19,binary,see h/blst1c02 -> not mentioned(0),0,not mentioned,FALSE,
044,3B,lst1c19,binary,see h/blst1c02 -> mentioned(1),1,mentioned,FALSE,
044,3B,lst1c1n,numeric,"na, see H/BLST1C01(-2)",-2,"na, see H/BLST1C01",TRUE,
044,3B,lst1c1n,numeric,"na, asked: R does not know(-1)",-1,"na, asked: R does not know",TRUE,
044,3B,lst1c1n,numeric,98 times or more(98),98,98 times or more,FALSE,
044,3B,lst2c01,binary,"na, short/terminated interview(-4)",-4,"na, short/terminated interview",TRUE,
044,3B,lst2c01,binary,"na, wrong skip(-3)",-3,"na, wrong skip",TRUE,
044,3B,lst2c01,binary,"na, see H/BHINDEP(-2)",-2,"na, see H/BHINDEP",TRUE,
044,3B,lst2c01,binary,"na, asked(-1)",-1,"na, asked",TRUE,
044,3B,lst2c01,binary,not mentioned(0),0,not mentioned,FALSE,
044,3B,lst2c01,binary,mentioned(1),1,mentioned,FALSE,
044,3B,lst2c02,binary,"see h/blst2c01 -> na, short/terminated interview(-4)",-4,"na, short/terminated interview",TRUE,
044,3B,lst2c02,binary,"see h/blst2c01 -> na, wrong skip(-3)",-3,"na, wrong skip",TRUE,
044,3B,lst2c02,binary,"see h/blst2c01 -> na, see H/BHINDEP(-2)",-2,"na, see H/BHINDEP",TRUE,
044,3B,lst2c02,binary,"see h/blst2c01 -> na, asked(-1)",-1,"na, asked",TRUE,
044,3B,lst2c02,binary,see h/blst2c01 -> not mentioned(0),0,not mentioned,FALSE,
044,3B,lst2c02,binary,see h/blst2c01 -> mentioned(1),1,mentioned,FALSE,
044,3B,lst2c03,binary,"see h/blst2c01 -> na, short/terminated interview(-4)",-4,"na, short/terminated interview",TRUE,
044,3B,lst2c03,binary,"see h/blst2c01 -> na, wrong skip(-3)",-3,"na, wrong skip",TRUE,
044,3B,lst2c03,binary,"see h/blst2c01 -> na, see H/BHINDEP(-2)",-2,"na, see H/BHINDEP",TRUE,
044,3B,lst2c03,binary,"see h/blst2c01 -> na, asked(-1)",-1,"na, asked",TRUE,
044,3B,lst2c03,binary,see h/blst2c01 -> not mentioned(0),0,not mentioned,FALSE,
044,3B,lst2c03,binary,see h/blst2c01 -> mentioned(1),1,mentioned,FALSE,
044,3B,lst2c04,binary,"see h/blst2c01 -> na, short/terminated interview(-4)",-4,"na, short/terminated interview",TRUE,
044,3B,lst2c04,binary,"see h/blst2c01 -> na, wrong skip(-3)",-3,"na, wrong skip",TRUE,
044,3B,lst2c04,binary,"see h/blst2c01 -> na, see H/BHINDEP(-2)",-2,"na, see H/BHINDEP",TRUE,
044,3B,lst2c04,binary,"see h/blst2c01 -> na, asked(-1)",-1,"na, asked",TRUE,
044,3B,lst2c04,binary,see h/blst2c01 -> not mentioned(0),0,not mentioned,FALSE,
044,3B,lst2c04,binary,see h/blst2c01 -> mentioned(1),1,mentioned,FALSE,
044,3B,lst2c05,binary,"see h/blst2c01 -> na, short/terminated interview(-4)",-4,"na, short/terminated interview",TRUE,
044,3B,lst2c05,binary,"see h/blst2c01 -> na, wrong skip(-3)",-3,"na, wrong skip",TRUE,
044,3B,lst2c05,binary,"see h/blst2c01 -> na, see H/BHINDEP(-2)",-2,"na, see H/BHINDEP",TRUE,
044,3B,lst2c05,binary,"see h/blst2c01 -> na, asked(-1)",-1,"na, asked",TRUE,
044,3B,lst2c05,binary,see h/blst2c01 -> not mentioned(0),0,not mentioned,FALSE,
044,3B,lst2c05,binary,see h/blst2c01 -> mentioned(1),1,mentioned,FALSE,
044,3B,lst2c06,binary,"see h/blst2c01 -> na, short/terminated interview(-4)",-4,"na, short/terminated interview",TRUE,
044,3B,lst2c06,binary,"see h/blst2c01 -> na, wrong skip(-3)",-3,"na, wrong skip",TRUE,
044,3B,lst2c06,binary,"see h/blst2c01 -> na, see H/BHINDEP(-2)",-2,"na, see H/BHINDEP",TRUE,
044,3B,lst2c06,binary,"see h/blst2c01 -> na, asked(-1)",-1,"na, asked",TRUE,
044,3B,lst2c06,binary,see h/blst2c01 -> not mentioned(0),0,not mentioned,FALSE,
044,3B,lst2c06,binary,see h/blst2c01 -> mentioned(1),1,mentioned,FALSE,
044,3B,lst2c07,binary,"see h/blst2c01 -> na, short/terminated interview(-4)",-4,"na, short/terminated interview",TRUE,
044,3B,lst2c07,binary,"see h/blst2c01 -> na, wrong skip(-3)",-3,"na, wrong skip",TRUE,
044,3B,lst2c07,binary,"see h/blst2c01 -> na, see H/BHINDEP(-2)",-2,"na, see H/BHINDEP",TRUE,
044,3B,lst2c07,binary,"see h/blst2c01 -> na, asked(-1)",-1,"na, asked",TRUE,
044,3B,lst2c07,binary,see h/blst2c01 -> not mentioned(0),0,not mentioned,FALSE,
044,3B,lst2c07,binary,see h/blst2c01 -> mentioned(1),1,mentioned,FALSE,
044,3B,lst2c08,binary,"see h/blst2c01 -> na, short/terminated interview(-4)",-4,"na, short/terminated interview",TRUE,
044,3B,lst2c08,binary,"see h/blst2c01 -> na, wrong skip(-3)",-3,"na, wrong skip",TRUE,
044,3B,lst2c08,binary,"see h/blst2c01 -> na, see H/BHINDEP(-2)",-2,"na, see H/BHINDEP",TRUE,
044,3B,lst2c08,binary,"see h/blst2c01 -> na, asked(-1)",-1,"na, asked",TRUE,
044,3B,lst2c08,binary,see h/blst2c01 -> not mentioned(0),0,not mentioned,FALSE,
044,3B,lst2c08,binary,see h/blst2c01 -> mentioned(1),1,mentioned,FALSE,
044,3B,lst2c09,binary,"see h/blst2c01 -> na, short/terminated interview(-4)",-4,"na, short/terminated interview",TRUE,
044,3B,lst2c09,binary,"see h/blst2c01 -> na, wrong skip(-3)",-3,"na, wrong skip",TRUE,
044,3B,lst2c09,binary,"see h/blst2c01 -> na, see H/BHINDEP(-2)",-2,"na, see H/BHINDEP",TRUE,
044,3B,lst2c09,binary,"see h/blst2c01 -> na, asked(-1)",-1,"na, asked",TRUE,
044,3B,lst2c09,binary,see h/blst2c01 -> not mentioned(0),0,not mentioned,FALSE,
044,3B,lst2c09,binary,see h/blst2c01 -> mentioned(1),1,mentioned,FALSE,
044,3B,lst2c10,binary,"see h/blst2c01 -> na, short/terminated interview(-4)",-4,"na, short/terminated interview",TRUE,
044,3B,lst2c10,binary,"see h/blst2c01 -> na, wrong skip(-3)",-3,"na, wrong skip",TRUE,
044,3B,lst2c10,binary,"see h/blst2c01 -> na, see H/BHINDEP(-2)",-2,"na, see H/BHINDEP",TRUE,
044,3B,lst2c10,binary,"see h/blst2c01 -> na, asked(-1)",-1,"na, asked",TRUE,
044,3B,lst2c10,binary,see h/blst2c01 -> not mentioned(0),0,not mentioned,FALSE,
044,3B,lst2c10,binary,see h/blst2c01 -> mentioned(1),1,mentioned,FALSE,
044,3B,lst2c11,binary,"see h/blst2c01 -> na, short/terminated interview(-4)",-4,"na, short/terminated interview",TRUE,
044,3B,lst2c11,binary,"see h/blst2c01 -> na, wrong skip(-3)",-3,"na, wrong skip",TRUE,
044,3B,lst2c11,binary,"see h/blst2c01 -> na, see H/BHINDEP(-2)",-2,"na, see H/BHINDEP",TRUE,
044,3B,lst2c11,binary,"see h/blst2c01 -> na, asked(-1)",-1,"na, asked",TRUE,
044,3B,lst2c11,binary,see h/blst2c01 -> not mentioned(0),0,not mentioned,FALSE,
044,3B,lst2c11,binary,see h/blst2c01 -> mentioned(1),1,mentioned,FALSE,
044,3B,lst2c12,binary,"see h/blst2c01 -> na, short/terminated interview(-4)",-4,"na, short/terminated interview",TRUE,
044,3B,lst2c12,binary,"see h/blst2c01 -> na, wrong skip(-3)",-3,"na, wrong skip",TRUE,
044,3B,lst2c12,binary,"see h/blst2c01 -> na, see H/BHINDEP(-2)",-2,"na, see H/BHINDEP",TRUE,
044,3B,lst2c12,binary,"see h/blst2c01 -> na, asked(-1)",-1,"na, asked",TRUE,
044,3B,lst2c12,binary,see h/blst2c01 -> not mentioned(0),0,not mentioned,FALSE,
044,3B,lst2c12,binary,see h/blst2c01 -> mentioned(1),1,mentioned,FALSE,
044,3B,lst2c13,binary,"see h/blst2c01 -> na, short/terminated interview(-4)",-4,"na, short/terminated interview",TRUE,
044,3B,lst2c13,binary,"see h/blst2c01 -> na, wrong skip(-3)",-3,"na, wrong skip",TRUE,
044,3B,lst2c13,binary,"see h/blst2c01 -> na, see H/BHINDEP(-2)",-2,"na, see H/BHINDEP",TRUE,
044,3B,lst2c13,binary,"see h/blst2c01 -> na, asked(-1)",-1,"na, asked",TRUE,
044,3B,lst2c13,binary,see h/blst2c01 -> not mentioned(0),0,not mentioned,FALSE,
044,3B,lst2c13,binary,see h/blst2c01 -> mentioned(1),1,mentioned,FALSE,
044,3B,lst2c14,binary,"see h/blst2c01 -> na, short/terminated interview(-4)",-4,"na, short/terminated interview",TRUE,
044,3B,lst2c14,binary,"see h/blst2c01 -> na, wrong skip(-3)",-3,"na, wrong skip",TRUE,
044,3B,lst2c14,binary,"see h/blst2c01 -> na, see H/BHINDEP(-2)",-2,"na, see H/BHINDEP",TRUE,
044,3B,lst2c14,binary,"see h/blst2c01 -> na, asked(-1)",-1,"na, asked",TRUE,
044,3B,lst2c14,binary,see h/blst2c01 -> not mentioned(0),0,not mentioned,FALSE,
044,3B,lst2c14,binary,see h/blst2c01 -> mentioned(1),1,mentioned,FALSE,
044,3B,lst2c15,binary,"see h/blst2c01 -> na, short/terminated interview(-4)",-4,"na, short/terminated interview",TRUE,
044,3B,lst2c15,binary,"see h/blst2c01 -> na, wrong skip(-3)",-3,"na, wrong skip",TRUE,
044,3B,lst2c15,binary,"see h/blst2c01 -> na, see H/BHINDEP(-2)",-2,"na, see H/BHINDEP",TRUE,
044,3B,lst2c15,binary,"see h/blst2c01 -> na, asked(-1)",-1,"na, asked",TRUE,
044,3B,lst2c15,binary,see h/blst2c01 -> not mentioned(0),0,not mentioned,FALSE,
044,3B,lst2c15,binary,see h/blst2c01 -> mentioned(1),1,mentioned,FALSE,
044,MB,fac1,binary,"na, see BFACIL(-2)",-2,"na, see BFACIL",TRUE,
044,MB,fac1,binary,not mentioned(0),0,not mentioned,FALSE,
044,MB,fac1,binary,mentioned(1),1,mentioned,FALSE,
044,MB,fac2,binary,"see bfac1 -> na, see BFACIL(-2)",-2,"na, see BFACIL",TRUE,
044,MB,fac2,binary,see bfac1 -> not mentioned(0),0,not mentioned,FALSE,
044,MB,fac2,binary,see bfac1 -> mentioned(1),1,mentioned,FALSE,
044,MB,fac3,binary,"see bfac1 -> na, see BFACIL(-2)",-2,"na, see BFACIL",TRUE,
044,MB,fac3,binary,see bfac1 -> not mentioned(0),0,not mentioned,FALSE,
044,MB,fac3,binary,see bfac1 -> mentioned(1),1,mentioned,FALSE,
044,MB,facil,binary,"na, short/terminated interview(-4)",-4,"na, short/terminated interview",TRUE,
044,MB,facil,binary,no(1),1,no,FALSE,
044,MB,facil,binary,yes(2),2,yes,FALSE,
044,MB,lst1c01,binary,"na, short/terminated interview(-4)",-4,"na, short/terminated interview",TRUE,
044,MB,lst1c01,binary,not mentioned(0),0,not mentioned,FALSE,
044,MB,lst1c01,binary,mentioned(1),1,mentioned,FALSE,
044,MB,lst1c02,binary,"na, short/terminated interview(-4)",-4,"na, short/terminated interview",TRUE,
044,MB,lst1c02,binary,not mentioned(0),0,not mentioned,FALSE,
044,MB,lst1c02,binary,mentioned(1),1,mentioned,FALSE,
044,MB,lst1c03,binary,"see blst1c02 -> na, short/terminated interview(-4)",-4,"na, short/terminated interview",TRUE,
044,MB,lst1c03,binary,see blst1c02 -> not mentioned(0),0,not mentioned,FALSE,
044,MB,lst1c03,binary,see blst1c02 -> mentioned(1),1,mentioned,FALSE,
044,MB,lst1c04,binary,"see blst1c02 -> na, short/terminated interview(-4)",-4,"na, short/terminated interview",TRUE,
044,MB,lst1c04,binary,see blst1c02 -> not mentioned(0),0,not mentioned,FALSE,
044,MB,lst1c04,binary,see blst1c02 -> mentioned(1),1,mentioned,FALSE,
044,MB,lst1c12,binary,"see blst1c02 -> na, short/terminated interview(-4)",-4,"na, short/terminated interview",TRUE,
044,MB,lst1c12,binary,see blst1c02 -> not mentioned(0),0,not mentioned,FALSE,
044,MB,lst1c12,binary,see blst1c02 -> mentioned(1),1,mentioned,FALSE,
044,MB,lst1c14,binary,"see blst1c02 -> na, short/terminated interview(-4)",-4,"na, short/terminated interview",TRUE,
044,MB,lst1c14,binary,see blst1c02 -> not mentioned(0),0,not mentioned,FALSE,
044,MB,lst1c14,binary,see blst1c02 -> mentioned(1),1,mentioned,FALSE,
044,MB,lst1c16,binary,"see blst1c02 -> na, short/terminated interview(-4)",-4,"na, short/terminated interview",TRUE,
044,MB,lst1c16,binary,see blst1c02 -> not mentioned(0),0,not mentioned,FALSE,
044,MB,lst1c16,binary,see blst1c02 -> mentioned(1),1,mentioned,FALSE,
044,MB,lst1c17,binary,"see blst1c02 -> na, short/terminated interview(-4)",-4,"na, short/terminated interview",TRUE,
044,MB,lst1c17,binary,see blst1c02 -> not mentioned(0),0,not mentioned,FALSE,
044,MB,lst1c17,binary,see blst1c02 -> mentioned(1),1,mentioned,FALSE,
044,MB,lst1c1n,numeric,"na, see BLST1C01(-2)",-2,"na, see BLST1C01",TRUE,
044,MB,lst1c1n,numeric,"na, asked; R does not know(-1)",-1,"na, asked; R does not know",TRUE,
044,MB,lst1c1n,numeric,98 times or more(98),98,98 times or more,FALSE,
044,MB,lst2c01,binary,"see blst1c02 -> na, short/terminated interview(-4)",-4,"na, short/terminated interview",TRUE,
044,MB,lst2c01,binary,see blst1c02 -> not mentioned(0),0,not mentioned,FALSE,
044,MB,lst2c01,binary,see blst1c02 -> mentioned(1),1,mentioned,FALSE,
044,MB,lst2c02,binary,"see blst1c02 -> na, short/terminated interview(-4)",-4,"na, short/terminated interview",TRUE,
044,MB,lst2c02,binary,see blst1c02 -> not mentioned(0),0,not mentioned,FALSE,
044,MB,lst2c02,binary,see blst1c02 -> mentioned(1),1,mentioned,FALSE,
044,MB,lst2c06,binary,"see blst1c02 -> na, short/terminated interview(-4)",-4,"na, short/terminated interview",TRUE,
044,MB,lst2c06,binary,see blst1c02 -> not mentioned(0),0,not mentioned,FALSE,
044,MB,lst2c06,binary,see blst1c02 -> mentioned(1),1,mentioned,FALSE,
044,I,lst1c01,binary,"na, short/terminated interview(-4)",-4,"na, short/terminated interview",TRUE,
044,I,lst1c01,binary,"na, asked(-1)",-1,"na, asked",TRUE,
044,I,lst1c01,binary,not mentioned(0),0,not mentioned,FALSE,
044,I,lst1c01,binary,mentioned(1),1,mentioned,FALSE,
044,I,lst1c02,binary,"na, short/terminated interview(-4)",-4,"na, short/terminated interview",TRUE,
044,I,lst1c02,binary,"na, asked(-1)",-1,"na, asked",TRUE,
044,I,lst1c02,binary,not mentioned(0),0,not mentioned,FALSE,
044,I,lst1c02,binary,mentioned(1),1,mentioned,FALSE,
044,I,lst1c03,binary,"see ilst1c02 -> na, short/terminated interview(-4)",-4,"na, short/terminated interview",TRUE,
044,I,lst1c03,binary,"see ilst1c02 -> na, asked(-1)",-1,"na, asked",TRUE,
044,I,lst1c03,binary,see ilst1c02 -> not mentioned(0),0,not mentioned,FALSE,
044,I,lst1c03,binary,see ilst1c02 -> mentioned(1),1,mentioned,FALSE,
044,I,lst1c04,binary,"see ilst1c02 -> na, short/terminated interview(-4)",-4,"na, short/terminated interview",TRUE,
044,I,lst1c04,binary,"see ilst1c02 -> na, asked(-1)",-1,"na, asked",TRUE,
044,I,lst1c04,binary,see ilst1c02 -> not mentioned(0),0,not mentioned,FALSE,
044,I,lst1c04,binary,see ilst1c02 -> mentioned(1),1,mentioned,FALSE,
044,I,lst1c08,binary,"see ilst1c02 -> na, short/terminated interview(-4)",-4,"na, short/terminated interview",TRUE,
044,I,lst1c08,binary,"see ilst1c02 -> na, asked(-1)",-1,"na, asked",TRUE,
044,I,lst1c08,binary,see ilst1c02 -> not mentioned(0),0,not mentioned,FALSE,
044,I,lst1c08,binary,see ilst1c02 -> mentioned(1),1,mentioned,FALSE,
044,I,lst1c09,binary,"see ilst1c02 -> na, short/terminated interview(-4)",-4,"na, short/terminated interview",TRUE,
044,I,lst1c09,binary,"see ilst1c02 -> na, asked(-1)",-1,"na, asked",TRUE,
044,I,lst1c09,binary,see ilst1c02 -> not mentioned(0),0,not mentioned,FALSE,
044,I,lst1c09,binary,see ilst1c02 -> mentioned(1),1,mentioned,FALSE,
044,I,lst1c10,binary,"see ilst1c02 -> na, short/terminated interview(-4)",-4,"na, short/terminated interview",TRUE,
044,I,lst1c10,binary,"see ilst1c02 -> na, asked(-1)",-1,"na, asked",TRUE,
044,I,lst1c10,binary,see ilst1c02 -> not mentioned(0),0,not mentioned,FALSE,
044,I,lst1c10,binary,see ilst1c02 -> mentioned(1),1,mentioned,FALSE,
044,I,lst1c11,binary,"see ilst1c02 -> na, short/terminated interview(-4)",-4,"na, short/terminated interview",TRUE,
044,I,lst1c11,binary,"see ilst1c02 -> na, asked(-1)",-1,"na, asked",TRUE,
044,I,lst1c11,binary,see ilst1c02 -> not mentioned(0),0,not mentioned,FALSE,
044,I,lst1c11,binary,see ilst1c02 -> mentioned(1),1,mentioned,FALSE,
044,I,lst1c12,binary,"see ilst1c02 -> na, short/terminated interview(-4)",-4,"na, short/terminated interview",TRUE,
044,I,lst1c12,binary,"see ilst1c02 -> na, asked(-1)",-1,"na, asked",TRUE,
044,I,lst1c12,binary,see ilst1c02 -> not mentioned(0),0,not mentioned,FALSE,
044,I,lst1c12,binary,see ilst1c02 -> mentioned(1),1,mentioned,FALSE,
044,I,lst1c13,binary,"see ilst1c02 -> na, short/terminated interview(-4)",-4,"na, short/terminated interview",TRUE,
044,I,lst1c13,binary,"see ilst1c02 -> na, asked(-1)",-1,"na, asked",TRUE,
044,I,lst1c13,binary,see ilst1c02 -> not mentioned(0),0,not mentioned,FALSE,
044,I,lst1c13,binary,see ilst1c02 -> mentioned(1),1,mentioned,FALSE,
044,I,lst1c14,binary,"see ilst1c02 -> na, short/terminated interview(-4)",-4,"na, short/terminated interview",TRUE,
044,I,lst1c14,binary,"see ilst1c02 -> na, asked(-1)",-1,"na, asked",TRUE,
044,I,lst1c14,binary,see ilst1c02 -> not mentioned(0),0,not mentioned,FALSE,
044,I,lst1c14,binary,see ilst1c02 -> mentioned(1),1,mentioned,FALSE,
044,I,lst1c16,binary,"see ilst1c02 -> na, short/terminated interview(-4)",-4,"na, short/terminated interview",TRUE,
044,I,lst1c16,binary,"see ilst1c02 -> na, asked(-1)",-1,"na, asked",TRUE,
044,I,lst1c16,binary,see ilst1c02 -> not mentioned(0),0,not mentioned,FALSE,
044,I,lst1c16,binary,see ilst1c02 -> mentioned(1),1,mentioned,FALSE,
044,I,lst1c17,binary,"see ilst1c02 -> na, short/terminated interview(-4)",-4,"na, short/terminated interview",TRUE,
044,I,lst1c17,binary,"see ilst1c02 -> na, asked(-1)",-1,"na, asked",TRUE,
044,I,lst1c17,binary,see ilst1c02 -> not mentioned(0),0,not mentioned,FALSE,
044,I,lst1c17,binary,see ilst1c02 -> mentioned(1),1,mentioned,FALSE,
044,I,lst1c18,binary,"see ilst1c02 -> na, short/terminated interview(-4)",-4,"na, short/terminated interview",TRUE,
044,I,lst1c18,binary,"see ilst1c02 -> na, asked(-1)",-1,"na, asked",TRUE,
044,I,lst1c18,binary,see ilst1c02 -> not mentioned(0),0,not mentioned,FALSE,
044,I,lst1c18,binary,see ilst1c02 -> mentioned(1),1,mentioned,FALSE,
044,I,lst1c19,binary,"see ilst1c02 -> na, short/terminated interview(-4)",-4,"na, short/terminated interview",TRUE,
044,I,lst1c19,binary,"see ilst1c02 -> na, asked(-1)",-1,"na, asked",TRUE,
044,I,lst1c19,binary,see ilst1c02 -> not mentioned(0),0,not mentioned,FALSE,
044,I,lst1c19,binary,see ilst1c02 -> mentioned(1),1,mentioned,FALSE,
044,I,lst1c1n,numeric,"na, see ILST1C01(-2)",-2,"na, see ILST1C01",TRUE,
044,I,lst1c1n,numeric,"na, asked: R does not know(-1)",-1,"na, asked: R does not know",TRUE,
044,I,lst1c1n,numeric,98 times or more(98),98,98 times or more,FALSE,
044,I,lst2c01,binary,"see ilst2c20 -> na, short/terminated interview(-4)",-4,"na, short/terminated interview",TRUE,
044,I,lst2c01,binary,"see ilst2c20 -> na, wrong skip(-3)",-3,"na, wrong skip",TRUE,
044,I,lst2c01,binary,"see ilst2c20 -> na, see IHINDEP(-2)",-2,"na, see IHINDEP",TRUE,
044,I,lst2c01,binary,"see ilst2c20 -> na, asked(-1)",-1,"na, asked",TRUE,
044,I,lst2c01,binary,see ilst2c20 -> not mentioned(0),0,not mentioned,FALSE,
044,I,lst2c01,binary,see ilst2c20 -> mentioned(1),1,mentioned,FALSE,
044,I,lst2c02,binary,"see ilst2c20 -> na, short/terminated interview(-4)",-4,"na, short/terminated interview",TRUE,
044,I,lst2c02,binary,"see ilst2c20 -> na, wrong skip(-3)",-3,"na, wrong skip",TRUE,
044,I,lst2c02,binary,"see ilst2c20 -> na, see IHINDEP(-2)",-2,"na, see IHINDEP",TRUE,
044,I,lst2c02,binary,"see ilst2c20 -> na, asked(-1)",-1,"na, asked",TRUE,
044,I,lst2c02,binary,see ilst2c20 -> not mentioned(0),0,not mentioned,FALSE,
044,I,lst2c02,binary,see ilst2c20 -> mentioned(1),1,mentioned,FALSE,
044,I,lst2c03,binary,"see ilst2c20 -> na, short/terminated interview(-4)",-4,"na, short/terminated interview",TRUE,
044,I,lst2c03,binary,"see ilst2c20 -> na, wrong skip(-3)",-3,"na, wrong skip",TRUE,
044,I,lst2c03,binary,"see ilst2c20 -> na, see IHINDEP(-2)",-2,"na, see IHINDEP",TRUE,
044,I,lst2c03,binary,"see ilst2c20 -> na, asked(-1)",-1,"na, asked",TRUE,
044,I,lst2c03,binary,see ilst2c20 -> not mentioned(0),0,not mentioned,FALSE,
044,I,lst2c03,binary,see ilst2c20 -> mentioned(1),1,mentioned,FALSE,
044,I,lst2c04,binary,"see ilst2c20 -> na, short/terminated interview(-4)",-4,"na, short/terminated interview",TRUE,
044,I,lst2c04,binary,"see ilst2c20 -> na, wrong skip(-3)",-3,"na, wrong skip",TRUE,
044,I,lst2c04,binary,"see ilst2c20 -> na, see IHINDEP(-2)",-2,"na, see IHINDEP",TRUE,
044,I,lst2c04,binary,"see ilst2c20 -> na, asked(-1)",-1,"na, asked",TRUE,
044,I,lst2c04,binary,see ilst2c20 -> not mentioned(0),0,not mentioned,FALSE,
044,I,lst2c04,binary,see ilst2c20 -> mentioned(1),1,mentioned,FALSE,
044,I,lst2c06,binary,"see ilst2c20 -> na, short/terminated interview(-4)",-4,"na, short/terminated interview",TRUE,
044,I,lst2c06,binary,"see ilst2c20 -> na, wrong skip(-3)",-3,"na, wrong skip",TRUE,
044,I,lst2c06,binary,"see ilst2c20 -> na, see IHINDEP(-2)",-2,"na, see IHINDEP",TRUE,
044,I,lst2c06,binary,"see ilst2c20 -> na, asked(-1)",-1,"na, asked",TRUE,
044,I,lst2c06,binary,see ilst2c20 -> not mentioned(0),0,not mentioned,FALSE,
044,I,lst2c06,binary,see ilst2c20 -> mentioned(1),1,mentioned,FALSE,
044,I,lst2c20,binary,"na, short/terminated interview(-4)",-4,"na, short/terminated interview",TRUE,
044,I,lst2c20,binary,"na, wrong skip(-3)",-3,"na, wrong skip",TRUE,
044,I,lst2c20,binary,"na, see IHINDEP(-2)",-2,"na, see IHINDEP",TRUE,
044,I,lst2c20,binary,"na, asked(-1)",-1,"na, asked",TRUE,
044,I,lst2c20,binary,not mentioned(0),0,not mentioned,FALSE,
044,I,lst2c20,binary,mentioned(1),1,mentioned,FALSE,
044,I,lst2c21,binary,"see ilst2c20 -> na, short/terminated interview(-4)",-4,"na, short/terminated interview",TRUE,
044,I,lst2c21,binary,"see ilst2c20 -> na, wrong skip(-3)",-3,"na, wrong skip",TRUE,
044,I,lst2c21,binary,"see ilst2c20 -> na, see IHINDEP(-2)",-2,"na, see IHINDEP",TRUE,
044,I,lst2c21,binary,"see ilst2c20 -> na, asked(-1)",-1,"na, asked",TRUE,
044,I,lst2c21,binary,see ilst2c20 -> not mentioned(0),0,not mentioned,FALSE,
044,I,lst2c21,binary,see ilst2c20 -> mentioned(1),1,mentioned,FALSE,
044,J,lst1c01,binary,"na, terminated interview(-4)",-4,"na, terminated interview",TRUE,
044,J,lst1c01,binary,"na, asked(-1)",-1,"na, asked",TRUE,
044,J,lst1c01,binary,not mentioned(0),0,not mentioned,FALSE,
044,J,lst1c01,binary,mentioned(1),1,mentioned,FALSE,
044,J,lst1c02,binary,"na, terminated interview(-4)",-4,"na, terminated interview",TRUE,
044,J,lst1c02,binary,"na, asked(-1)",-1,"na, asked",TRUE,
044,J,lst1c02,binary,not mentioned(0),0,not mentioned,FALSE,
044,J,lst1c02,binary,mentioned(1),1,mentioned,FALSE,
044,J,lst1c03,binary,"see jlst1c02 -> na, terminated interview(-4)",-4,"na, terminated interview",TRUE,
044,J,lst1c03,binary,"see jlst1c02 -> na, asked(-1)",-1,"na, asked",TRUE,
044,J,lst1c03,binary,see jlst1c02 -> not mentioned(0),0,not mentioned,FALSE,
044,J,lst1c03,binary,see jlst1c02 -> mentioned(1),1,mentioned,FALSE,
044,J,lst1c04,binary,"see jlst1c02 -> na, terminated interview(-4)",-4,"na, terminated interview",TRUE,
044,J,lst1c04,binary,"see jlst1c02 -> na, asked(-1)",-1,"na, asked",TRUE,
044,J,lst1c04,binary,see jlst1c02 -> not mentioned(0),0,not mentioned,FALSE,
044,J,lst1c04,binary,see jlst1c02 -> mentioned(1),1,mentioned,FALSE,
044,J,lst1c08,binary,"see jlst1c02 -> na, terminated interview(-4)",-4,"na, terminated interview",TRUE,
044,J,lst1c08,binary,"see jlst1c02 -> na, asked(-1)",-1,"na, asked",TRUE,
044,J,lst1c08,binary,see jlst1c02 -> not mentioned(0),0,not mentioned,FALSE,
044,J,lst1c08,binary,see jlst1c02 -> mentioned(1),1,mentioned,FALSE,
044,J,lst1c09,binary,"see jlst1c02 -> na, terminated interview(-4)",-4,"na, terminated interview",TRUE,
044,J,lst1c09,binary,"see jlst1c02 -> na, asked(-1)",-1,"na, asked",TRUE,
044,J,lst1c09,binary,see jlst1c02 -> not mentioned(0),0,not mentioned,FALSE,
044,J,lst1c09,binary,see jlst1c02 -> mentioned(1),1,mentioned,FALSE,
044,J,lst1c10,binary,"see jlst1c02 -> na, terminated interview(-4)",-4,"na, terminated interview",TRUE,
044,J,lst1c10,binary,"see jlst1c02 -> na, asked(-1)",-1,"na, asked",TRUE,
044,J,lst1c10,binary,see jlst1c02 -> not mentioned(0),0,not mentioned,FALSE,
044,J,lst1c10,binary,see jlst1c02 -> mentioned(1),1,mentioned,FALSE,
044,J,lst1c11,binary,"see jlst1c02 -> na, terminated interview(-4)",-4,"na, terminated interview",TRUE,
044,J,lst1c11,binary,"see jlst1c02 -> na, asked(-1)",-1,"na, asked",TRUE,
044,J,lst1c11,binary,see jlst1c02 -> not mentioned(0),0,not mentioned,FALSE,
044,J,lst1c11,binary,see jlst1c02 -> mentioned(1),1,mentioned,FALSE,
044,J,lst1c12,binary,"see jlst1c02 -> na, terminated interview(-4)",-4,"na, terminated interview",TRUE,
044,J,lst1c12,binary,"see jlst1c02 -> na, asked(-1)",-1,"na, asked",TRUE,
044,J,lst1c12,binary,see jlst1c02 -> not mentioned(0),0,not mentioned,FALSE,
044,J,lst1c12,binary,see jlst1c02 -> mentioned(1),1,mentioned,FALSE,
044,J,lst1c13,binary,"see jlst1c02 -> na, terminated interview(-4)",-4,"na, terminated interview",TRUE,
044,J,lst1c13,binary,"see jlst1c02 -> na, asked(-1)",-1,"na, asked",TRUE,
044,J,lst1c13,binary,see jlst1c02 -> not mentioned(0),0,not mentioned,FALSE,
044,J,lst1c13,binary,see jlst1c02 -> mentioned(1),1,mentioned,FALSE,
044,J,lst1c14,binary,"see jlst1c02 -> na, terminated interview(-4)",-4,"na, terminated interview",TRUE,
044,J,lst1c14,binary,"see jlst1c02 -> na, asked(-1)",-1,"na, asked",TRUE,
044,J,lst1c14,binary,see jlst1c02 -> not mentioned(0),0,not mentioned,FALSE,
044,J,lst1c14,binary,see jlst1c02 -> mentioned(1),1,mentioned,FALSE,
044,J,lst1c16,binary,"see jlst1c02 -> na, terminated interview(-4)",-4,"na, terminated interview",TRUE,
044,J,lst1c16,binary,"see jlst1c02 -> na, asked(-1)",-1,"na, asked",TRUE,
044,J,lst1c16,binary,see jlst1c02 -> not mentioned(0),0,not mentioned,FALSE,
044,J,lst1c16,binary,see jlst1c02 -> mentioned(1),1,mentioned,FALSE,
044,J,lst1c17,binary,"see jlst1c02 -> na, terminated interview(-4)",-4,"na, terminated interview",TRUE,
044,J,lst1c17,binary,"see jlst1c02 -> na, asked(-1)",-1,"na, asked",TRUE,
044,J,lst1c17,binary,see jlst1c02 -> not mentioned(0),0,not mentioned,FALSE,
044,J,lst1c17,binary,see jlst1c02 -> mentioned(1),1,mentioned,FALSE,
044,J,lst1c18,binary,"see jlst1c02 -> na, terminated interview(-4)",-4,"na, terminated interview",TRUE,
044,J,lst1c18,binary,"see jlst1c02 -> na, asked(-1)",-1,"na, asked",TRUE,
044,J,lst1c18,binary,see jlst1c02 -> not mentioned(0),0,not mentioned,FALSE,
044,J,lst1c18,binary,see jlst1c02 -> mentioned(1),1,mentioned,FALSE,
044,J,lst1c19,binary,"see jlst1c02 -> na, terminated interview(-4)",-4,"na, terminated interview",TRUE,
044,J,lst1c19,binary,"see jlst1c02 -> na, asked(-1)",-1,"na, asked",TRUE,
044,J,lst1c19,binary,see jlst1c02 -> not mentioned(0),0,not mentioned,FALSE,
044,J,lst1c19,binary,see jlst1c02 -> mentioned(1),1,mentioned,FALSE,
044,J,lst1c1n,numeric,"na, see JLST1C01(-2)",-2,"na, see JLST1C01",TRUE,
044,J,lst1c1n,numeric,"na, asked; R does not know(-1)",-1,"na, asked; R does not know",TRUE,
044,J,lst1c1n,numeric,98 times or more(98),98,98 times or more,FALSE,
044,J,lst2c01,binary,"see jlst1c02 -> na, terminated interview(-4)",-4,"na, terminated interview",TRUE,
044,J,lst2c01,binary,"see jlst1c02 -> na, asked(-1)",-1,"na, asked",TRUE,
044,J,lst2c01,binary,see jlst1c02 -> not mentioned(0),0,not mentioned,FALSE,
044,J,lst2c01,binary,see jlst1c02 -> mentioned(1),1,mentioned,FALSE,
044,J,lst2c02,binary,"see jlst1c02 -> na, terminated interview(-4)",-4,"na, terminated interview",TRUE,
044,J,lst2c02,binary,"see jlst1c02 -> na, asked(-1)",-1,"na, asked",TRUE,
044,J,lst2c02,binary,see jlst1c02 -> not mentioned(0),0,not mentioned,FALSE,
044,J,lst2c02,binary,see jlst1c02 -> mentioned(1),1,mentioned,FALSE,
044,J,lst2c03,binary,"see jlst1c02 -> na, terminated interview(-4)",-4,"na, terminated interview",TRUE,
044,J,lst2c03,binary,"see jlst1c02 -> na, asked(-1)",-1,"na, asked",TRUE,
044,J,lst2c03,binary,see jlst1c02 -> not mentioned(0),0,not mentioned,FALSE,
044,J,lst2c03,binary,see jlst1c02 -> mentioned(1),1,mentioned,FALSE,
044,J,lst2c04,binary,"see jlst1c02 -> na, terminated interview(-4)",-4,"na, terminated interview",TRUE,
044,J,lst2c04,binary,"see jlst1c02 -> na, asked(-1)",-1,"na, asked",TRUE,
044,J,lst2c04,binary,see jlst1c02 -> not mentioned(0),0,not mentioned,FALSE,
044,J,lst2c04,binary,see jlst1c02 -> mentioned(1),1,mentioned,FALSE,
044,J,lst2c06,binary,"see jlst1c02 -> na, terminated interview(-4)",-4,"na, terminated interview",TRUE,
044,J,lst2c06,binary,"see jlst1c02 -> na, asked(-1)",-1,"na, asked",TRUE,
044,J,lst2c06,binary,see jlst1c02 -> not mentioned(0),0,not mentioned,FALSE,
044,J,lst2c06,binary,see jlst1c02 -> mentioned(1),1,mentioned,FALSE,
044,J,lst2c20,binary,"see jlst1c02 -> na, terminated interview(-4)",-4,"na, terminated interview",TRUE,
044,J,lst2c20,binary,"see jlst1c02 -> na, asked(-1)",-1,"na, asked",TRUE,
044,J,lst2c20,binary,see jlst1c02 -> not mentioned(0),0,not mentioned,FALSE,
044,J,lst2c20,binary,see jlst1c02 -> mentioned(1),1,mentioned,FALSE,
044,Z,fac1,binary,-2,-2,"not available, routing",TRUE,
044,Z,fac1,binary,0,0,not mentioned,FALSE,
044,Z,fac1,binary,1,1,mentioned,FALSE,
044,Z,fac2,binary,-2,-2,"not available, routing",TRUE,
044,Z,fac2,binary,0,0,not mentioned,FALSE,
044,Z,fac2,binary,1,1,mentioned,FALSE,
044,Z,fac3,binary,-2,-2,"not available, routing",TRUE,
044,Z,fac3,binary,0,0,not mentioned,FALSE,
044,Z,fac3,binary,1,1,mentioned,FALSE,
044,Z,facil,binary,-4,-4,"not available, interview terminated",TRUE,
044,Z,facil,binary,1,1,no,FALSE,
044,Z,facil,binary,2,2,yes,FALSE,
044,Z,lst1c01,binary,-5,-5,"not available, interview terminated",TRUE,
044,Z,lst1c01,binary,-4,-4,"not available, interview terminated",TRUE,
044,Z,lst1c01,binary,-3,-3,"not available, wrong skip",TRUE,
044,Z,lst1c01,binary,-2,-2,"not available, routing",TRUE,
044,Z,lst1c01,binary,-1,-1,"not available, asked",TRUE,
044,Z,lst1c01,binary,0,0,not mentioned,FALSE,
044,Z,lst1c01,binary,1,1,mentioned,FALSE,
044,Z,lst1c02,binary,-5,-5,"not available, interview terminated",TRUE,
044,Z,lst1c02,binary,-4,-4,"not available, interview terminated",TRUE,
044,Z,lst1c02,binary,-3,-3,"not available, wrong skip",TRUE,
044,Z,lst1c02,binary,-2,-2,"not available, routing",TRUE,
044,Z,lst1c02,binary,-1,-1,"not available, asked",TRUE,
044,Z,lst1c02,binary,0,0,not mentioned,FALSE,
044,Z,lst1c02,binary,1,1,mentioned,FALSE,
044,Z,lst1c03,binary,-5,-5,"not available, interview terminated",TRUE,
044,Z,lst1c03,binary,-4,-4,"not available, interview terminated",TRUE,
044,Z,lst1c03,binary,-3,-3,"not available, wrong skip",TRUE,
044,Z,lst1c03,binary,-2,-2,"not available, routing",TRUE,
044,Z,lst1c03,binary,-1,-1,"not available, asked",TRUE,
044,Z,lst1c03,binary,0,0,not mentioned,FALSE,
044,Z,lst1c03,binary,1,1,mentioned,FALSE,
044,Z,lst1c04,binary,-5,-5,"not available, interview terminated",TRUE,
044,Z,lst1c04,binary,-4,-4,"not available, interview terminated",TRUE,
044,Z,lst1c04,binary,-3,-3,"not available, wrong skip",TRUE,
044,Z,lst1c04,binary,-2,-2,"not available, routing",TRUE,
044,Z,lst1c04,binary,-1,-1,"not available, asked",TRUE,
044,Z,lst1c04,binary,0,0,not mentioned,FALSE,
044,Z,lst1c04,binary,1,1,mentioned,FALSE,
044,Z,lst1c05,binary,-5,-5,"not available, interview terminated",TRUE,
044,Z,lst1c05,binary,-4,-4,"not available, interview terminated",TRUE,
044,Z,lst1c05,binary,-3,-3,"not available, wrong skip",TRUE,
044,Z,lst1c05,binary,-2,-2,"not available, routing",TRUE,
044,Z,lst1c05,binary,-1,-1,"not available, asked",TRUE,
044,Z,lst1c05,binary,0,0,not mentioned,FALSE,
044,Z,lst1c05,binary,1,1,mentioned,FALSE,
044,Z,lst1c06,binary,-5,-5,"not available, interview terminated",TRUE,
044,Z,lst1c06,binary,-4,-4,"not available, interview terminated",TRUE,
044,Z,lst1c06,binary,-3,-3,"not available, wrong skip",TRUE,
044,Z,lst1c06,binary,-2,-2,"not available, routing",TRUE,
044,Z,lst1c06,binary,-1,-1,"not available, asked",TRUE,
044,Z,lst1c06,binary,0,0,not mentioned,FALSE,
044,Z,lst1c06,binary,1,1,mentioned,FALSE,
044,Z,lst1c07,binary,-5,-5,"not available, interview terminated",TRUE,
044,Z,lst1c07,binary,-4,-4,"not available, interview terminated",TRUE,
044,Z,lst1c07,binary,-3,-3,"not available, wrong skip",TRUE,
044,Z,lst1c07,binary,-2,-2,"not available, routing",TRUE,
044,Z,lst1c07,binary,-1,-1,"not available, asked",TRUE,
044,Z,lst1c07,binary,0,0,not mentioned,FALSE,
044,Z,lst1c07,binary,1,1,mentioned,FALSE,
044,Z,lst1c08,binary,-5,-5,"not available, interview terminated",TRUE,
044,Z,lst1c08,binary,-4,-4,"not available, interview terminated",TRUE,
044,Z,lst1c08,binary,-3,-3,"not available, wrong skip",TRUE,
044,Z,lst1c08,binary,-2,-2,"not available, routing",TRUE,
044,Z,lst1c08,binary,-1,-1,"not available, asked",TRUE,
044,Z,lst1c08,binary,0,0,not mentioned,FALSE,
044,Z,lst1c08,binary,1,1,mentioned,FALSE,
044,Z,lst1c09,binary,-5,-5,"not available, interview terminated",TRUE,
044,Z,lst1c09,binary,-4,-4,"not available, interview terminated",TRUE,
044,Z,lst1c09,binary,-3,-3,"not available, wrong skip",TRUE,
044,Z,lst1c09,binary,-2,-2,"not available, routing",TRUE,
044,Z,lst1c09,binary,-1,-1,"not available, asked",TRUE,
044,Z,lst1c09,binary,0,0,not mentioned,FALSE,
044,Z,lst1c09,binary,1,1,mentioned,FALSE,
044,Z,lst1c10,binary,-5,-5,"not available, interview terminated",TRUE,
044,Z,lst1c10,binary,-4,-4,"not available, interview terminated",TRUE,
044,Z,lst1c10,binary,-3,-3,"not available, wrong skip",TRUE,
044,Z,lst1c10,binary,-2,-2,"not available, routing",TRUE,
044,Z,lst1c10,binary,-1,-1,"not available, asked",TRUE,
044,Z,lst1c10,binary,0,0,not mentioned,FALSE,
044,Z,lst1c10,binary,1,1,mentioned,FALSE,
044,Z,lst1c11,binary,-5,-5,"not available, interview terminated",TRUE,
044,Z,lst1c11,binary,-4,-4,"not available, interview terminated",TRUE,
044,Z,lst1c11,binary,-3,-3,"not available, wrong skip",TRUE,
044,Z,lst1c11,binary,-2,-2,"not available, routing",TRUE,
044,Z,lst1c11,binary,-1,-1,"not available, asked",TRUE,
044,Z,lst1c11,binary,0,0,not mentioned,FALSE,
044,Z,lst1c11,binary,1,1,mentioned,FALSE,
044,Z,lst1c12,binary,-5,-5,"not available, interview terminated",TRUE,
044,Z,lst1c12,binary,-4,-4,"not available, interview terminated",TRUE,
044,Z,lst1c12,binary,-3,-3,"not available, wrong skip",TRUE,
044,Z,lst1c12,binary,-2,-2,"not available, routing",TRUE,
044,Z,lst1c12,binary,-1,-1,"not available, asked",TRUE,
044,Z,lst1c12,binary,0,0,not mentioned,FALSE,
044,Z,lst1c12,binary,1,1,mentioned,FALSE,
044,Z,lst1c13,binary,-5,-5,"not available, interview terminated",TRUE,
044,Z,lst1c13,binary,-4,-4,"not available, interview terminated",TRUE,
044,Z,lst1c13,binary,-3,-3,"not available, wrong skip",TRUE,
044,Z,lst1c13,binary,-2,-2,"not available, routing",TRUE,
044,Z,lst1c13,binary,-1,-1,"not available, asked",TRUE,
044,Z,lst1c13,binary,0,0,not mentioned,FALSE,
044,Z,lst1c13,binary,1,1,mentioned,FALSE,
044,Z,lst1c14,binary,-5,-5,"not available, interview terminated",TRUE,
044,Z,lst1c14,binary,-4,-4,"not available, interview terminated",TRUE,
044,Z,lst1c14,binary,-3,-3,"not available, wrong skip",TRUE,
044,Z,lst1c14,binary,-2,-2,"not available, routing",TRUE,
044,Z,lst1c14,binary,-1,-1,"not available, asked",TRUE,
044,Z,lst1c14,binary,0,0,not mentioned,FALSE,
044,Z,lst1c14,binary,1,1,mentioned,FALSE,
044,Z,lst1c15,binary,-5,-5,"not available, interview terminated",TRUE,
044,Z,lst1c15,binary,-3,-3,"not available, wrong skip",TRUE,
044,Z,lst1c15,binary,-2,-2,"not available, routing",TRUE,
044,Z,lst1c15,binary,-1,-1,"not available, asked",TRUE,
044,Z,lst1c15,binary,0,0,not mentioned,FALSE,
044,Z,lst1c15,binary,1,1,mentioned,FALSE,
044,Z,lst1c16,binary,-5,-5,"not available, interview terminated",TRUE,
044,Z,lst1c16,binary,-4,-4,"not available, interview terminated",TRUE,
044,Z,lst1c16,binary,-3,-3,"not available, wrong skip",TRUE,
044,Z,lst1c16,binary,-2,-2,"not available, routing",TRUE,
044,Z,lst1c16,binary,-1,-1,"not available, asked",TRUE,
044,Z,lst1c16,binary,0,0,not mentioned,FALSE,
044,Z,lst1c16,binary,1,1,mentioned,FALSE,
044,Z,lst1c17,binary,-5,-5,"not available, interview terminated",TRUE,
044,Z,lst1c17,binary,-4,-4,"not available, interview terminated",TRUE,
044,Z,lst1c17,binary,-3,-3,"not available, wrong skip",TRUE,
044,Z,lst1c17,binary,-2,-2,"not available, routing",TRUE,
044,Z,lst1c17,binary,-1,-1,"not available, asked",TRUE,
044,Z,lst1c17,binary,0,0,not mentioned,FALSE,
044,Z,lst1c17,binary,1,1,mentioned,FALSE,
044,Z,lst1c18,binary,-5,-5,"not available, interview terminated",TRUE,
044,Z,lst1c18,binary,-4,-4,"not available, interview terminated",TRUE,
044,Z,lst1c18,binary,-3,-3,"not available, wrong skip",TRUE,
044,Z,lst1c18,binary,-2,-2,"not available, routing",TRUE,
044,Z,lst1c18,binary,-1,-1,"not available, asked",TRUE,
044,Z,lst1c18,binary,0,0,not mentioned,FALSE,
044,Z,lst1c18,binary,1,1,mentioned,FALSE,
044,Z,lst1c19,binary,-5,-5,"not available, interview terminated",TRUE,
044,Z,lst1c19,binary,-4,-4,"not available, interview terminated",TRUE,
044,Z,lst1c19,binary,-3,-3,"not available, wrong skip",TRUE,
044,Z,lst1c19,binary,-2,-2,"not available, routing",TRUE,
044,Z,lst1c19,binary,-1,-1,"not available, asked",TRUE,
044,Z,lst1c19,binary,0,0,not mentioned,FALSE,
044,Z,lst1c19,binary,1,1,mentioned,FALSE,
044,Z,lst1c1n,numeric,-3,-3,"not available, wrong skip",TRUE,
044,Z,lst1c1n,numeric,-2,-2,"not available, routing",TRUE,
044,Z,lst1c1n,numeric,-1,-1,"not available, asked: r does not know",TRUE,
044,Z,lst1c1n,numeric,98,98,98 times or more,FALSE,
044,Z,lst1k01,binary,-5,-5,"not available, interview terminated",TRUE,
044,Z,lst1k01,binary,-4,-4,"not available, short interview",TRUE,
044,Z,lst1k01,binary,0,0,not mentioned,FALSE,
044,Z,lst1k01,binary,1,1,mentioned,FALSE,
044,Z,lst1k02,binary,-5,-5,"not available, interview terminated",TRUE,
044,Z,lst1k02,binary,-4,-4,"not available, short interview",TRUE,
044,Z,lst1k02,binary,0,0,not mentioned,FALSE,
044,Z,lst1k02,binary,1,1,mentioned,FALSE,
044,Z,lst1k03,binary,-5,-5,"not available, interview terminated",TRUE,
044,Z,lst1k03,binary,-4,-4,"not available, short interview",TRUE,
044,Z,lst1k03,binary,0,0,not mentioned,FALSE,
044,Z,lst1k03,binary,1,1,mentioned,FALSE,
044,Z,lst1k04,binary,-5,-5,"not available, interview terminated",TRUE,
044,Z,lst1k04,binary,-4,-4,"not available, short interview",TRUE,
044,Z,lst1k04,binary,0,0,not mentioned,FALSE,
044,Z,lst1k04,binary,1,1,mentioned,FALSE,
044,Z,lst1k05,binary,-5,-5,"not available, interview terminated",TRUE,
044,Z,lst1k05,binary,-4,-4,"not available, short interview",TRUE,
044,Z,lst1k05,binary,0,0,not mentioned,FALSE,
044,Z,lst1k05,binary,1,1,mentioned,FALSE,
044,Z,lst1k06,binary,-5,-5,"not available, interview terminated",TRUE,
044,Z,lst1k06,binary,-4,-4,"not available, short interview",TRUE,
044,Z,lst1k06,binary,0,0,not mentioned,FALSE,
044,Z,lst1k06,binary,1,1,mentioned,FALSE,
044,Z,lst1k07,binary,-5,-5,"not available, interview terminated",TRUE,
044,Z,lst1k07,binary,-4,-4,"not available, short interview",TRUE,
044,Z,lst1k07,binary,0,0,not mentioned,FALSE,
044,Z,lst1k07,binary,1,1,mentioned,FALSE,
044,Z,lst1k08,binary,-5,-5,"not available, interview terminated",TRUE,
044,Z,lst1k08,binary,-4,-4,"not available, short interview",TRUE,
044,Z,lst1k08,binary,0,0,not mentioned,FALSE,
044,Z,lst1k08,binary,1,1,mentioned,FALSE,
044,Z,lst1k09,binary,-5,-5,"not available, interview terminated",TRUE,
044,Z,lst1k09,binary,-4,-4,"not available, short interview",TRUE,
044,Z,lst1k09,binary,0,0,not mentioned,FALSE,
044,Z,lst1k09,binary,1,1,mentioned,FALSE,
044,Z,lst1k10,binary,-5,-5,"not available, interview terminated",TRUE,
044,Z,lst1k10,binary,-4,-4,"not available, short interview",TRUE,
044,Z,lst1k10,binary,0,0,not mentioned,FALSE,
044,Z,lst1k10,binary,1,1,mentioned,FALSE,
044,Z,lst1k11,binary,-5,-5,"not available, interview terminated",TRUE,
044,Z,lst1k11,binary,-4,-4,"not available, short interview",TRUE,
044,Z,lst1k11,binary,0,0,not mentioned,FALSE,
044,Z,lst1k11,binary,1,1,mentioned,FALSE,
044,Z,lst1k12,binary,-5,-5,"not available, interview terminated",TRUE,
044,Z,lst1k12,binary,-4,-4,"not available, short interview",TRUE,
044,Z,lst1k12,binary,0,0,not mentioned,FALSE,
044,Z,lst1k12,binary,1,1,mentioned,FALSE,
044,Z,lst1k13,binary,-5,-5,"not available, interview terminated",TRUE,
044,Z,lst1k13,binary,-4,-4,"not available, short interview",TRUE,
044,Z,lst1k13,binary,0,0,not mentioned,FALSE,
044,Z,lst1k13,binary,1,1,mentioned,FALSE,
044,Z,lst1k14,binary,-5,-5,"not available, interview terminated",TRUE,
044,Z,lst1k14,binary,-4,-4,"not available, short interview",TRUE,
044,Z,lst1k14,binary,0,0,not mentioned,FALSE,
044,Z,lst1k14,binary,1,1,mentioned,FALSE,
044,Z,lst1k15,binary,-5,-5,"not available, interview terminated",TRUE,
044,Z,lst1k15,binary,-4,-4,"not available, short interview",TRUE,
044,Z,lst1k15,binary,0,0,not mentioned,FALSE,
044,Z,lst1k15,binary,1,1,mentioned,FALSE,
044,Z,lst1k16,binary,-5,-5,"not available, interview terminated",TRUE,
044,Z,lst1k16,binary,-4,-4,"not available, short interview",TRUE,
044,Z,lst1k16,binary,0,0,not mentioned,FALSE,
044,Z,lst1k16,binary,1,1,mentioned,FALSE,
044,Z,lst1k17,binary,-5,-5,"not available, interview terminated",TRUE,
044,Z,lst1k17,binary,-4,-4,"not available, short interview",TRUE,
044,Z,lst1k17,binary,0,0,not mentioned,FALSE,
044,Z,lst1k17,binary,1,1,mentioned,FALSE,
044,Z,lst1k18,binary,-5,-5,"not available, interview terminated",TRUE,
044,Z,lst1k18,binary,-4,-4,"not available, short interview",TRUE,
044,Z,lst1k18,binary,0,0,not mentioned,FALSE,
044,Z,lst1k18,binary,1,1,mentioned,FALSE,
044,Z,lst1k19,binary,-5,-5,"not available, interview terminated",TRUE,
044,Z,lst1k19,binary,-4,-4,"not available, short interview",TRUE,
044,Z,lst1k19,binary,0,0,not mentioned,FALSE,
044,Z,lst1k19,binary,1,1,mentioned,FALSE,
044,Z,lst2c01,binary,-5,-5,"not available, interview terminated",TRUE,
044,Z,lst2c01,binary,-4,-4,not available,TRUE,"Cross-wave coding conflict: -4 differs for B (not available, short interview), H/3B/MB/I/J (not available, interview terminated)"
044,Z,lst2c01,binary,-3,-3,"not available, wrong skip",TRUE,
044,Z,lst2c01,binary,-2,-2,"not available, routing",TRUE,
044,Z,lst2c01,binary,-1,-1,"not available, asked",TRUE,
044,Z,lst2c01,binary,0,0,not mentioned,FALSE,
044,Z,lst2c01,binary,1,1,mentioned,FALSE,
044,Z,lst2c02,binary,-5,-5,"not available, interview terminated",TRUE,
044,Z,lst2c02,binary,-4,-4,not available,TRUE,"Cross-wave coding conflict: -4 differs for B (not available, short interview), H/3B/MB/I/J (not available, interview terminated)"
044,Z,lst2c02,binary,-3,-3,"not available, wrong skip",TRUE,
044,Z,lst2c02,binary,-2,-2,"not available, routing",TRUE,
044,Z,lst2c02,binary,-1,-1,"not available, asked",TRUE,
044,Z,lst2c02,binary,0,0,not mentioned,FALSE,
044,Z,lst2c02,binary,1,1,mentioned,FALSE,
044,Z,lst2c03,binary,-5,-5,"not available, interview terminated",TRUE,
044,Z,lst2c03,binary,-4,-4,not available,TRUE,"Cross-wave coding conflict: -4 differs for B (not available, short interview), H/3B/I/J (not available, interview terminated)"
044,Z,lst2c03,binary,-3,-3,"not available, wrong skip",TRUE,
044,Z,lst2c03,binary,-2,-2,"not available, routing",TRUE,
044,Z,lst2c03,binary,-1,-1,"not available, asked",TRUE,
044,Z,lst2c03,binary,0,0,not mentioned,FALSE,
044,Z,lst2c03,binary,1,1,mentioned,FALSE,
044,Z,lst2c04,binary,-5,-5,"not available, interview terminated",TRUE,
044,Z,lst2c04,binary,-4,-4,"not available, interview terminated",TRUE,
044,Z,lst2c04,binary,-3,-3,"not available, wrong skip",TRUE,
044,Z,lst2c04,binary,-2,-2,"not available, routing",TRUE,
044,Z,lst2c04,binary,-1,-1,"not available, asked",TRUE,
044,Z,lst2c04,binary,0,0,not mentioned,FALSE,
044,Z,lst2c04,binary,1,1,mentioned,FALSE,
044,Z,lst2c05,binary,-5,-5,"not available, interview terminated",TRUE,
044,Z,lst2c05,binary,-4,-4,"not available, interview terminated",TRUE,
044,Z,lst2c05,binary,-3,-3,"not available, wrong skip",TRUE,
044,Z,lst2c05,binary,-2,-2,"not available, routing",TRUE,
044,Z,lst2c05,binary,-1,-1,"not available, asked",TRUE,
044,Z,lst2c05,binary,0,0,not mentioned,FALSE,
044,Z,lst2c05,binary,1,1,mentioned,FALSE,
044,Z,lst2c06,binary,-5,-5,"not available, interview terminated",TRUE,
044,Z,lst2c06,binary,-4,-4,"not available, interview terminated",TRUE,
044,Z,lst2c06,binary,-3,-3,"not available, wrong skip",TRUE,
044,Z,lst2c06,binary,-2,-2,"not available, routing",TRUE,
044,Z,lst2c06,binary,-1,-1,"not available, asked",TRUE,
044,Z,lst2c06,binary,0,0,not mentioned,FALSE,
044,Z,lst2c06,binary,1,1,mentioned,FALSE,
044,Z,lst2c07,binary,-5,-5,"not available, interview terminated",TRUE,
044,Z,lst2c07,binary,-4,-4,"not available, interview terminated",TRUE,
044,Z,lst2c07,binary,-3,-3,"not available, wrong skip",TRUE,
044,Z,lst2c07,binary,-2,-2,"not available, routing",TRUE,
044,Z,lst2c07,binary,-1,-1,"not available, asked",TRUE,
044,Z,lst2c07,binary,0,0,not mentioned,FALSE,
044,Z,lst2c07,binary,1,1,mentioned,FALSE,
044,Z,lst2c08,binary,-5,-5,"not available, interview terminated",TRUE,
044,Z,lst2c08,binary,-4,-4,"not available, interview terminated",TRUE,
044,Z,lst2c08,binary,-3,-3,"not available, wrong skip",TRUE,
044,Z,lst2c08,binary,-2,-2,"not available, routing",TRUE,
044,Z,lst2c08,binary,-1,-1,"not available, asked",TRUE,
044,Z,lst2c08,binary,0,0,not mentioned,FALSE,
044,Z,lst2c08,binary,1,1,mentioned,FALSE,
044,Z,lst2c09,binary,-5,-5,"not available, interview terminated",TRUE,
044,Z,lst2c09,binary,-4,-4,"not available, interview terminated",TRUE,
044,Z,lst2c09,binary,-3,-3,"not available, wrong skip",TRUE,
044,Z,lst2c09,binary,-2,-2,"not available, routing",TRUE,
044,Z,lst2c09,binary,-1,-1,"not available, asked",TRUE,
044,Z,lst2c09,binary,0,0,not mentioned,FALSE,
044,Z,lst2c09,binary,1,1,mentioned,FALSE,
044,Z,lst2c10,binary,-5,-5,"not available, interview terminated",TRUE,
044,Z,lst2c10,binary,-4,-4,"not available, interview terminated",TRUE,
044,Z,lst2c10,binary,-3,-3,"not available, wrong skip",TRUE,
044,Z,lst2c10,binary,-2,-2,"not available, routing",TRUE,
044,Z,lst2c10,binary,-1,-1,"not available, asked",TRUE,
044,Z,lst2c10,binary,0,0,not mentioned,FALSE,
044,Z,lst2c10,binary,1,1,mentioned,FALSE,
044,Z,lst2c11,binary,-5,-5,"not available, interview terminated",TRUE,
044,Z,lst2c11,binary,-4,-4,"not available, interview terminated",TRUE,
044,Z,lst2c11,binary,-3,-3,"not available, wrong skip",TRUE,
044,Z,lst2c11,binary,-2,-2,"not available, routing",TRUE,
044,Z,lst2c11,binary,-1,-1,"not available, asked",TRUE,
044,Z,lst2c11,binary,0,0,not mentioned,FALSE,
044,Z,lst2c11,binary,1,1,mentioned,FALSE,
044,Z,lst2c12,binary,-5,-5,"not available, interview terminated",TRUE,
044,Z,lst2c12,binary,-4,-4,"not available, interview terminated",TRUE,
044,Z,lst2c12,binary,-3,-3,"not available, wrong skip",TRUE,
044,Z,lst2c12,binary,-2,-2,"not available, routing",TRUE,
044,Z,lst2c12,binary,-1,-1,"not available, asked",TRUE,
044,Z,lst2c12,binary,0,0,not mentioned,FALSE,
044,Z,lst2c12,binary,1,1,mentioned,FALSE,
044,Z,lst2c13,binary,-5,-5,"not available, interview terminated",TRUE,
044,Z,lst2c13,binary,-4,-4,"not available, interview terminated",TRUE,
044,Z,lst2c13,binary,-3,-3,"not available, wrong skip",TRUE,
044,Z,lst2c13,binary,-2,-2,"not available, routing",TRUE,
044,Z,lst2c13,binary,-1,-1,"not available, asked",TRUE,
044,Z,lst2c13,binary,0,0,not mentioned,FALSE,
044,Z,lst2c13,binary,1,1,mentioned,FALSE,
044,Z,lst2c14,binary,-5,-5,"not available, interview terminated",TRUE,
044,Z,lst2c14,binary,-4,-4,"not available, interview terminated",TRUE,
044,Z,lst2c14,binary,-3,-3,"not available, wrong skip",TRUE,
044,Z,lst2c14,binary,-2,-2,"not available, routing",TRUE,
044,Z,lst2c14,binary,-1,-1,"not available, asked",TRUE,
044,Z,lst2c14,binary,0,0,not mentioned,FALSE,
044,Z,lst2c14,binary,1,1,mentioned,FALSE,
044,Z,lst2c15,binary,-5,-5,"not available, interview terminated",TRUE,
044,Z,lst2c15,binary,-4,-4,"not available, interview terminated",TRUE,
044,Z,lst2c15,binary,-3,-3,"not available, wrong skip",TRUE,
044,Z,lst2c15,binary,-2,-2,"not available, routing",TRUE,
044,Z,lst2c15,binary,-1,-1,"not available, asked",TRUE,
044,Z,lst2c15,binary,0,0,not mentioned,FALSE,
044,Z,lst2c15,binary,1,1,mentioned,FALSE,
044,Z,lst2c20,binary,-4,-4,"not available, interview terminated",TRUE,
044,Z,lst2c20,binary,-3,-3,"not available, wrong skip",TRUE,
044,Z,lst2c20,binary,-2,-2,"not available, routing",TRUE,
044,Z,lst2c20,binary,-1,-1,"not available, asked",TRUE,
044,Z,lst2c20,binary,0,0,not mentioned,FALSE,
044,Z,lst2c20,binary,1,1,mentioned,FALSE,
044,Z,lst2c21,binary,-4,-4,"not available, interview terminated",TRUE,
044,Z,lst2c21,binary,-3,-3,"not available, wrong skip",TRUE,
044,Z,lst2c21,binary,-2,-2,"not available, routing",TRUE,
044,Z,lst2c21,binary,-1,-1,"not available, asked",TRUE,
044,Z,lst2c21,binary,0,0,not mentioned,FALSE,
044,Z,lst2c21,binary,1,1,mentioned,FALSE,
044,Z,lst2k01,binary,-5,-5,"not available, interview terminated",TRUE,
044,Z,lst2k01,binary,-4,-4,"not available, short interview",TRUE,
044,Z,lst2k01,binary,-2,-2,"not available, routing",TRUE,
044,Z,lst2k01,binary,0,0,not mentioned,FALSE,
044,Z,lst2k01,binary,1,1,mentioned,FALSE,
044,Z,lst2k02,binary,-5,-5,"not available, interview terminated",TRUE,
044,Z,lst2k02,binary,-4,-4,"not available, short interview",TRUE,
044,Z,lst2k02,binary,-2,-2,"not available, routing",TRUE,
044,Z,lst2k02,binary,0,0,not mentioned,FALSE,
044,Z,lst2k02,binary,1,1,mentioned,FALSE,
044,Z,lst2k03,binary,-5,-5,"not available, interview terminated",TRUE,
044,Z,lst2k03,binary,-4,-4,"not available, short interview",TRUE,
044,Z,lst2k03,binary,-2,-2,"not available, routing",TRUE,
044,Z,lst2k03,binary,0,0,not mentioned,FALSE,
044,Z,lst2k03,binary,1,1,mentioned,FALSE,
044,Z,lst2k04,binary,-5,-5,"not available, interview terminated",TRUE,
044,Z,lst2k04,binary,-4,-4,"not available, short interview",TRUE,
044,Z,lst2k04,binary,-2,-2,"not available, routing",TRUE,
044,Z,lst2k04,binary,0,0,not mentioned,FALSE,
044,Z,lst2k04,binary,1,1,mentioned,FALSE,
044,Z,lst2k05,binary,-5,-5,"not available, interview terminated",TRUE,
044,Z,lst2k05,binary,-4,-4,"not available, short interview",TRUE,
044,Z,lst2k05,binary,-2,-2,"not available, routing",TRUE,
044,Z,lst2k05,binary,0,0,not mentioned,FALSE,
044,Z,lst2k05,binary,1,1,mentioned,FALSE,
044,Z,lst2k06,binary,-5,-5,"not available, interview terminated",TRUE,
044,Z,lst2k06,binary,-4,-4,"not available, short interview",TRUE,
044,Z,lst2k06,binary,-2,-2,"not available, routing",TRUE,
044,Z,lst2k06,binary,0,0,not mentioned,FALSE,
044,Z,lst2k06,binary,1,1,mentioned,FALSE,
044,Z,lst2k07,binary,-5,-5,"not available, interview terminated",TRUE,
044,Z,lst2k07,binary,-4,-4,"not available, short interview",TRUE,
044,Z,lst2k07,binary,-2,-2,"not available, routing",TRUE,
044,Z,lst2k07,binary,0,0,not mentioned,FALSE,
044,Z,lst2k07,binary,1,1,mentioned,FALSE,
044,Z,lst2k08,binary,-5,-5,"not available, interview terminated",TRUE,
044,Z,lst2k08,binary,-4,-4,"not available, short interview",TRUE,
044,Z,lst2k08,binary,-2,-2,"not available, routing",TRUE,
044,Z,lst2k08,binary,0,0,not mentioned,FALSE,
044,Z,lst2k08,binary,1,1,mentioned,FALSE,
044,Z,lst2k09,binary,-5,-5,"not available, interview terminated",TRUE,
044,Z,lst2k09,binary,-4,-4,"not available, short interview",TRUE,
044,Z,lst2k09,binary,-3,-3,"not available, wrong skip",TRUE,
044,Z,lst2k09,binary,-2,-2,"not available, routing",TRUE,
044,Z,lst2k09,binary,-1,-1,"not available, asked",TRUE,
044,Z,lst2k09,binary,0,0,not mentioned,FALSE,
044,Z,lst2k09,binary,1,1,mentioned,FALSE,
044,Z,lst2k10,binary,-5,-5,"not available, interview terminated",TRUE,
044,Z,lst2k10,binary,-4,-4,"not available, short interview",TRUE,
044,Z,lst2k10,binary,-2,-2,"not available, routing",TRUE,
044,Z,lst2k10,binary,0,0,not mentioned,FALSE,
044,Z,lst2k10,binary,1,1,mentioned,FALSE,
044,Z,lst2k11,binary,-5,-5,"not available, interview terminated",TRUE,
044,Z,lst2k11,binary,-4,-4,"not available, short interview",TRUE,
044,Z,lst2k11,binary,-2,-2,"not available, routing",TRUE,
044,Z,lst2k11,binary,0,0,not mentioned,FALSE,
044,Z,lst2k11,binary,1,1,mentioned,FALSE,
044,Z,lst2k12,binary,-5,-5,"not available, interview terminated",TRUE,
044,Z,lst2k12,binary,-4,-4,"not available, short interview",TRUE,
044,Z,lst2k12,binary,-2,-2,"not available, routing",TRUE,
044,Z,lst2k12,binary,0,0,not mentioned,FALSE,
044,Z,lst2k12,binary,1,1,mentioned,FALSE,
044,Z,lst2k13,binary,-5,-5,"not available, interview terminated",TRUE,
044,Z,lst2k13,binary,-4,-4,"not available, short interview",TRUE,
044,Z,lst2k13,binary,-2,-2,"not available, routing",TRUE,
044,Z,lst2k13,binary,0,0,not mentioned,FALSE,
044,Z,lst2k13,binary,1,1,mentioned,FALSE,
044,Z,lst2k14,binary,-5,-5,"not available, interview terminated",TRUE,
044,Z,lst2k14,binary,-4,-4,"not available, short interview",TRUE,
044,Z,lst2k14,binary,-2,-2,"not available, routing",TRUE,
044,Z,lst2k14,binary,0,0,not mentioned,FALSE,
044,Z,lst2k14,binary,1,1,mentioned,FALSE,
044,Z,lst2k15,binary,-5,-5,"not available, interview terminated",TRUE,
044,Z,lst2k15,binary,-4,-4,"not available, short interview",TRUE,
044,Z,lst2k15,binary,-2,-2,"not available, routing",TRUE,
044,Z,lst2k15,binary,0,0,not mentioned,FALSE,
044,Z,lst2k15,binary,1,1,mentioned,FALSE,
