filecode,wave,canonical_name,variable_type,value_raw,value_numeric,value_label,is_missing,conflicts
047,B,nwmem,identifier,,,,,
047,C,nwmem,identifier,,,,,
047,D,nwmem,identifier,,,,,
047,E,nwmem,identifier,,,,,
047,2B,nwmem,identifier,,,,,
047,F,nwmem,identifier,,,,,
047,G,nwmem,identifier,,,,,
047,H,nwmem,identifier,,,,,
047,3B,nwmem,identifier,,,,,
047,I,nwmem,identifier,,,,,
047,J,nwmem,identifier,,,,,
047,K,nwmem,identifier,,,,,
047,B,domain,categorical,household(1),1,household,FALSE,
047,B,domain,categorical,children/-in-law(2),2,children/-in-law,FALSE,
047,B,domain,categorical,other kin(3),3,other kin,FALSE,
047,B,domain,categorical,neighborhood(4),4,neighborhood,FALSE,
047,B,domain,categorical,work/school(5),5,work/school,FALSE,
047,B,domain,categorical,organizations(6),6,organizations,FALSE,
047,B,domain,categorical,other non-kin(7),7,other non-kin,FALSE,
047,B,domain,categorical,forgotten(8),8,forgotten,FALSE,
047,B,domain,categorical,RCF/SYS addition(9),9,RCF/SYS addition,FALSE,
047,C,domain,categorical,household(1),1,household,FALSE,
047,C,domain,categorical,children/-in-law(2),2,children/-in-law,FALSE,
047,C,domain,categorical,other kin(3),3,other kin,FALSE,
047,C,domain,categorical,neighborhood(4),4,neighborhood,FALSE,
047,C,domain,categorical,work/school(5),5,work/school,FALSE,
047,C,domain,categorical,organizations(6),6,organizations,FALSE,
047,C,domain,categorical,other non-kin(7),7,other non-kin,FALSE,
047,C,domain,categorical,forgotten(8),8,forgotten,FALSE,
047,C,domain,categorical,RCF/SYS addition(9),9,RCF/SYS addition,FALSE,
047,D,domain,categorical,household(1),1,household,FALSE,
047,D,domain,categorical,children/-in-law(2),2,children/-in-law,FALSE,
047,D,domain,categorical,other kin(3),3,other kin,FALSE,
047,D,domain,categorical,neighborhood(4),4,neighborhood,FALSE,
047,D,domain,categorical,work/school(5),5,work/school,FALSE,
047,D,domain,categorical,organizations(6),6,organizations,FALSE,
047,D,domain,categorical,other non-kin(7),7,other non-kin,FALSE,
047,D,domain,categorical,forgotten(8),8,forgotten,FALSE,
047,D,domain,categorical,RCF/SYS addition(9),9,RCF/SYS addition,FALSE,
047,E,domain,categorical,household(1),1,household,FALSE,
047,E,domain,categorical,children/-in-law(2),2,children/-in-law,FALSE,
047,E,domain,categorical,other kin(3),3,other kin,FALSE,
047,E,domain,categorical,neighborhood(4),4,neighborhood,FALSE,
047,E,domain,categorical,work/school(5),5,work/school,FALSE,
047,E,domain,categorical,organizations(6),6,organizations,FALSE,
047,E,domain,categorical,other non-kin(7),7,other non-kin,FALSE,
047,E,domain,categorical,forgotten(8),8,forgotten,FALSE,
047,E,domain,categorical,RCF/SYS addition(9),9,RCF/SYS addition,FALSE,
047,2B,domain,categorical,household(1),1,household,FALSE,
047,2B,domain,categorical,children/-in-law(2),2,children/-in-law,FALSE,
047,2B,domain,categorical,other kin(3),3,other kin,FALSE,
047,2B,domain,categorical,neighborhood(4),4,neighborhood,FALSE,
047,2B,domain,categorical,work/school(5),5,work/school,FALSE,
047,2B,domain,categorical,organizations(6),6,organizations,FALSE,
047,2B,domain,categorical,other non-kin(7),7,other non-kin,FALSE,
047,2B,domain,categorical,forgotten(8),8,forgotten,FALSE,
047,2B,domain,categorical,RCF/SYS addition(9),9,RCF/SYS addition,FALSE,
047,F,domain,categorical,household(1),1,household,FALSE,
047,F,domain,categorical,children/-in-law(2),2,children/-in-law,FALSE,
047,F,domain,categorical,other kin(3),3,other kin,FALSE,
047,F,domain,categorical,neighborhood(4),4,neighborhood,FALSE,
047,F,domain,categorical,work/school(5),5,work/school,FALSE,
047,F,domain,categorical,organizations(6),6,organizations,FALSE,
047,F,domain,categorical,other non-kin(7),7,other non-kin,FALSE,
047,F,domain,categorical,forgotten(8),8,forgotten,FALSE,
047,F,domain,categorical,RCF/SYS addition(9),9,RCF/SYS addition,FALSE,
047,G,domain,categorical,household(1),1,household,FALSE,
047,G,domain,categorical,children/-in-law(2),2,children/-in-law,FALSE,
047,G,domain,categorical,other kin(3),3,other kin,FALSE,
047,G,domain,categorical,neighborhood(4),4,neighborhood,FALSE,
047,G,domain,categorical,work/school(5),5,work/school,FALSE,
047,G,domain,categorical,organizations(6),6,organizations,FALSE,
047,G,domain,categorical,other non-kin(7),7,other non-kin,FALSE,
047,G,domain,categorical,forgotten(8),8,forgotten,FALSE,
047,G,domain,categorical,RCF/SYS addition(9),9,RCF/SYS addition,FALSE,
047,H,domain,categorical,household(1),1,household,FALSE,
047,H,domain,categorical,children/-in-law(2),2,children/-in-law,FALSE,
047,H,domain,categorical,other kin(3),3,other kin,FALSE,
047,H,domain,categorical,neighborhood(4),4,neighborhood,FALSE,
047,H,domain,categorical,work/school(5),5,work/school,FALSE,
047,H,domain,categorical,organizations(6),6,organizations,FALSE,
047,H,domain,categorical,other non-kin(7),7,other non-kin,FALSE,
047,H,domain,categorical,forgotten(8),8,forgotten,FALSE,
047,H,domain,categorical,RCF/SYS addition(9),9,RCF/SYS addition,FALSE,
047,3B,domain,categorical,household(1),1,household,FALSE,
047,3B,domain,categorical,children/-in-law(2),2,children/-in-law,FALSE,
047,3B,domain,categorical,other kin(3),3,other kin,FALSE,
047,3B,domain,categorical,neighborhood(4),4,neighborhood,FALSE,
047,3B,domain,categorical,work/school(5),5,work/school,FALSE,
047,3B,domain,categorical,organizations(6),6,organizations,FALSE,
047,3B,domain,categorical,other non-kin(7),7,other non-kin,FALSE,
047,3B,domain,categorical,forgotten(8),8,forgotten,FALSE,
047,3B,domain,categorical,RCF/SYS addition(9),9,RCF/SYS addition,FALSE,
047,I,domain,categorical,household(1),1,household,FALSE,
047,I,domain,categorical,children/-in-law(2),2,children/-in-law,FALSE,
047,I,domain,categorical,other kin(3),3,other kin,FALSE,
047,I,domain,categorical,neighborhood(4),4,neighborhood,FALSE,
047,I,domain,categorical,work/school(5),5,work/school,FALSE,
047,I,domain,categorical,organizations(6),6,organizations,FALSE,
047,I,domain,categorical,other non-kin(7),7,other non-kin,FALSE,
047,I,domain,categorical,forgotten(8),8,forgotten,FALSE,
047,I,domain,categorical,RCF/SYS addition(9),9,RCF/SYS addition,FALSE,
047,J,domain,categorical,household(1),1,household,FALSE,
047,J,domain,categorical,children/-in-law(2),2,children/-in-law,FALSE,
047,J,domain,categorical,other kin(3),3,other kin,FALSE,
047,J,domain,categorical,neighborhood(4),4,neighborhood,FALSE,
047,J,domain,categorical,work/school(5),5,work/school,FALSE,
047,J,domain,categorical,organizations(6),6,organizations,FALSE,
047,J,domain,categorical,other non-kin(7),7,other non-kin,FALSE,
047,J,domain,categorical,forgotten(8),8,forgotten,FALSE,
047,J,domain,categorical,RCF/SYS addition(9),9,RCF/SYS addition,FALSE,
047,K,domain,categorical,household(1),1,household,FALSE,
047,K,domain,categorical,children/-in-law(2),2,children/-in-law,FALSE,
047,K,domain,categorical,other kin(3),3,other kin,FALSE,
047,K,domain,categorical,neighborhood(4),4,neighborhood,FALSE,
047,K,domain,categorical,work/school(5),5,work/school,FALSE,
047,K,domain,categorical,organizations(6),6,organizations,FALSE,
047,K,domain,categorical,other non-kin(7),7,other non-kin,FALSE,
047,K,domain,categorical,forgotten(8),8,forgotten,FALSE,
047,K,domain,categorical,RCF/SYS addition(9),9,RCF/SYS addition,FALSE,
047,B,nwinhh,binary,unknown(-1),-1,unknown,TRUE,
047,B,nwinhh,binary,not sharing(0),0,not sharing,FALSE,
047,B,nwinhh,binary,sharing household(1),1,sharing household,FALSE,
047,C,nwinhh,binary,unknown(-1),-1,unknown,TRUE,
047,C,nwinhh,binary,not sharing(0),0,not sharing,FALSE,
047,C,nwinhh,binary,sharing household(1),1,sharing household,FALSE,
047,D,nwinhh,binary,unknown(-1),-1,unknown,TRUE,
047,D,nwinhh,binary,not sharing(0),0,not sharing,FALSE,
047,D,nwinhh,binary,sharing household(1),1,sharing household,FALSE,
047,E,nwinhh,binary,unknown(-1),-1,unknown,TRUE,
047,E,nwinhh,binary,not sharing(0),0,not sharing,FALSE,
047,E,nwinhh,binary,sharing household(1),1,sharing household,FALSE,
047,2B,nwinhh,binary,unknown(-1),-1,unknown,TRUE,
047,2B,nwinhh,binary,not sharing(0),0,not sharing,FALSE,
047,2B,nwinhh,binary,sharing household(1),1,sharing household,FALSE,
047,F,nwinhh,binary,unknown(-1),-1,unknown,TRUE,
047,F,nwinhh,binary,not sharing(0),0,not sharing,FALSE,
047,F,nwinhh,binary,sharing household(1),1,sharing household,FALSE,
047,G,nwinhh,binary,unknown(-1),-1,unknown,TRUE,
047,G,nwinhh,binary,not sharing(0),0,not sharing,FALSE,
047,G,nwinhh,binary,sharing household(1),1,sharing household,FALSE,
047,H,nwinhh,binary,unknown(-1),-1,unknown,TRUE,
047,H,nwinhh,binary,not sharing(0),0,not sharing,FALSE,
047,H,nwinhh,binary,sharing household(1),1,sharing household,FALSE,
047,3B,nwinhh,binary,unknown(-1),-1,unknown,TRUE,
047,3B,nwinhh,binary,not sharing(0),0,not sharing,FALSE,
047,3B,nwinhh,binary,sharing household(1),1,sharing household,FALSE,
047,I,nwinhh,binary,unknown(-1),-1,unknown,TRUE,
047,I,nwinhh,binary,not sharing(0),0,not sharing,FALSE,
047,I,nwinhh,binary,sharing household(1),1,sharing household,FALSE,
047,J,nwinhh,binary,unknown(-1),-1,unknown,TRUE,
047,J,nwinhh,binary,not sharing(0),0,not sharing,FALSE,
047,J,nwinhh,binary,sharing household(1),1,sharing household,FALSE,
047,K,nwinhh,binary,unknown(-1),-1,unknown,TRUE,
047,K,nwinhh,binary,not sharing(0),0,not sharing,FALSE,
047,K,nwinhh,binary,sharing household(1),1,sharing household,FALSE,
047,B,nwtype,categorical,spouse or partner(1),1,spouse or partner,FALSE,
047,B,nwtype,categorical,biological son or daughter(11),11,biological son or daughter,FALSE,
047,B,nwtype,categorical,"son/daughter of partner, step, adoptive, foster (specification available)(12)",12,"son/daughter of partner, step, adoptive, foster (specification available)",FALSE,
047,B,nwtype,categorical,stepchild(13),13,stepchild,FALSE,
047,B,nwtype,categorical,adoptive child(14),14,adoptive child,FALSE,
047,B,nwtype,categorical,foster child (= non-kin)(15),15,foster child (= non-kin),FALSE,
047,B,nwtype,categorical,child-in-law(21),21,child-in-law,FALSE,
047,B,nwtype,categorical,former child-in-law(22),22,former child-in-law,FALSE,
047,B,nwtype,categorical,brother or sister (including half or step)(30),30,brother or sister (including half or step),FALSE,
047,B,nwtype,categorical,brother/sister-in-law(40),40,brother/sister-in-law,FALSE,
047,B,nwtype,categorical,father or mother(51),51,father or mother,FALSE,
047,B,nwtype,categorical,father/mother-in-law(52),52,father/mother-in-law,FALSE,
047,B,nwtype,categorical,grandchild(53),53,grandchild,FALSE,
047,B,nwtype,categorical,partner of grandchild(54),54,partner of grandchild,FALSE,
047,B,nwtype,categorical,cousin/niece/nephew(55),55,cousin/niece/nephew,FALSE,
047,B,nwtype,categorical,uncle/aunt(56),56,uncle/aunt,FALSE,
047,B,nwtype,categorical,other kin; specification unknown(57),57,other kin; specification unknown,FALSE,
047,B,nwtype,categorical,friend(60),60,friend,FALSE,
047,B,nwtype,categorical,neighbor(71),71,neighbor,FALSE,
047,B,nwtype,categorical,(living in) neighborhood(72),72,(living in) neighborhood,FALSE,
047,B,nwtype,categorical,(former) colleague or his/her spouse(81),81,(former) colleague or his/her spouse,FALSE,
047,B,nwtype,categorical,known through volunteer work(82),82,known through volunteer work,FALSE,
047,B,nwtype,categorical,"known through school, course, education(83)",83,"known through school, course, education",FALSE,
047,B,nwtype,categorical,"known through voluntary organization (e.g. church, sports, political)(84)",84,"known through voluntary organization (e.g. church, sports, political)",FALSE,
047,B,nwtype,categorical,acquaintance(85),85,acquaintance,FALSE,
047,B,nwtype,categorical,former neighbor(86),86,former neighbor,FALSE,
047,B,nwtype,categorical,known through contact at street(87),87,known through contact at street,FALSE,
047,B,nwtype,categorical,housekeeper/nurse/home helper(88),88,housekeeper/nurse/home helper,FALSE,
047,B,nwtype,categorical,"professional, e.g. pastor, reverend, general practitioner(89)",89,"professional, e.g. pastor, reverend, general practitioner",FALSE,
047,B,nwtype,categorical,"boarder, landlord(90)",90,"boarder, landlord",FALSE,
047,B,nwtype,categorical,catholic sister(91),91,catholic sister,FALSE,
047,B,nwtype,categorical,parent-in-law of child(92),92,parent-in-law of child,FALSE,
047,B,nwtype,categorical,former parent-in-law(93),93,former parent-in-law,FALSE,
047,B,nwtype,categorical,former spouse/partner(94),94,former spouse/partner,FALSE,
047,B,nwtype,categorical,other non-kin; specification unknown(95),95,other non-kin; specification unknown,FALSE,
047,B,nwtype,categorical,other kin or non-kin; specification unknown(96),96,other kin or non-kin; specification unknown,FALSE,
047,C,nwtype,categorical,spouse or partner(1),1,spouse or partner,FALSE,
047,C,nwtype,categorical,biological son or daughter(11),11,biological son or daughter,FALSE,
047,C,nwtype,categorical,"son/daughter of partner, step, adoptive, foster (specification available)(12)",12,"son/daughter of partner, step, adoptive, foster (specification available)",FALSE,
047,C,nwtype,categorical,stepchild(13),13,stepchild,FALSE,
047,C,nwtype,categorical,adoptive child(14),14,adoptive child,FALSE,
047,C,nwtype,categorical,foster child (= non-kin)(15),15,foster child (= non-kin),FALSE,
047,C,nwtype,categorical,child-in-law(21),21,child-in-law,FALSE,
047,C,nwtype,categorical,former child-in-law(22),22,former child-in-law,FALSE,
047,C,nwtype,categorical,brother or sister (including half or step)(30),30,brother or sister (including half or step),FALSE,
047,C,nwtype,categorical,brother/sister-in-law(40),40,brother/sister-in-law,FALSE,
047,C,nwtype,categorical,father or mother(51),51,father or mother,FALSE,
047,C,nwtype,categorical,father/mother-in-law(52),52,father/mother-in-law,FALSE,
047,C,nwtype,categorical,grandchild(53),53,grandchild,FALSE,
047,C,nwtype,categorical,partner of grandchild(54),54,partner of grandchild,FALSE,
047,C,nwtype,categorical,cousin/niece/nephew(55),55,cousin/niece/nephew,FALSE,
047,C,nwtype,categorical,uncle/aunt(56),56,uncle/aunt,FALSE,
047,C,nwtype,categorical,other kin; specification unknown(57),57,other kin; specification unknown,FALSE,
047,C,nwtype,categorical,friend(60),60,friend,FALSE,
047,C,nwtype,categorical,neighbor(71),71,neighbor,FALSE,
047,C,nwtype,categorical,(living in) neighborhood(72),72,(living in) neighborhood,FALSE,
047,C,nwtype,categorical,(former) colleague or his/her spouse(81),81,(former) colleague or his/her spouse,FALSE,
047,C,nwtype,categorical,known through volunteer work(82),82,known through volunteer work,FALSE,
047,C,nwtype,categorical,"known through school, course, education(83)",83,"known through school, course, education",FALSE,
047,C,nwtype,categorical,"known through voluntary organization (e.g. church, sports, political)(84)",84,"known through voluntary organization (e.g. church, sports, political)",FALSE,
047,C,nwtype,categorical,acquaintance(85),85,acquaintance,FALSE,
047,C,nwtype,categorical,former neighbor(86),86,former neighbor,FALSE,
047,C,nwtype,categorical,known through contact at street(87),87,known through contact at street,FALSE,
047,C,nwtype,categorical,housekeeper/nurse/home helper(88),88,housekeeper/nurse/home helper,FALSE,
047,C,nwtype,categorical,"professional, e.g. pastor, reverend, general practitioner(89)",89,"professional, e.g. pastor, reverend, general practitioner",FALSE,
047,C,nwtype,categorical,"boarder, landlord(90)",90,"boarder, landlord",FALSE,
047,C,nwtype,categorical,catholic sister(91),91,catholic sister,FALSE,
047,C,nwtype,categorical,parent-in-law of child(92),92,parent-in-law of child,FALSE,
047,C,nwtype,categorical,former parent-in-law(93),93,former parent-in-law,FALSE,
047,C,nwtype,categorical,former spouse/partner(94),94,former spouse/partner,FALSE,
047,C,nwtype,categorical,other non-kin; specification unknown(95),95,other non-kin; specification unknown,FALSE,
047,C,nwtype,categorical,other kin or non-kin; specification unknown(96),96,other kin or non-kin; specification unknown,FALSE,
047,D,nwtype,categorical,spouse or partner(1),1,spouse or partner,FALSE,
047,D,nwtype,categorical,biological son or daughter(11),11,biological son or daughter,FALSE,
047,D,nwtype,categorical,"son/daughter of partner, step, adoptive, foster (specification available)(12)",12,"son/daughter of partner, step, adoptive, foster (specification available)",FALSE,
047,D,nwtype,categorical,stepchild(13),13,stepchild,FALSE,
047,D,nwtype,categorical,adoptive child(14),14,adoptive child,FALSE,
047,D,nwtype,categorical,foster child (= non-kin)(15),15,foster child (= non-kin),FALSE,
047,D,nwtype,categorical,child-in-law(21),21,child-in-law,FALSE,
047,D,nwtype,categorical,former child-in-law(22),22,former child-in-law,FALSE,
047,D,nwtype,categorical,brother or sister (including half or step)(30),30,brother or sister (including half or step),FALSE,
047,D,nwtype,categorical,brother/sister-in-law(40),40,brother/sister-in-law,FALSE,
047,D,nwtype,categorical,father or mother(51),51,father or mother,FALSE,
047,D,nwtype,categorical,father/mother-in-law(52),52,father/mother-in-law,FALSE,
047,D,nwtype,categorical,grandchild(53),53,grandchild,FALSE,
047,D,nwtype,categorical,partner of grandchild(54),54,partner of grandchild,FALSE,
047,D,nwtype,categorical,cousin/niece/nephew(55),55,cousin/niece/nephew,FALSE,
047,D,nwtype,categorical,uncle/aunt(56),56,uncle/aunt,FALSE,
047,D,nwtype,categorical,other kin; specification unknown(57),57,other kin; specification unknown,FALSE,
047,D,nwtype,categorical,friend(60),60,friend,FALSE,
047,D,nwtype,categorical,neighbor(71),71,neighbor,FALSE,
047,D,nwtype,categorical,(living in) neighborhood(72),72,(living in) neighborhood,FALSE,
047,D,nwtype,categorical,(former) colleague or his/her spouse(81),81,(former) colleague or his/her spouse,FALSE,
047,D,nwtype,categorical,known through volunteer work(82),82,known through volunteer work,FALSE,
047,D,nwtype,categorical,"known through school, course, education(83)",83,"known through school, course, education",FALSE,
047,D,nwtype,categorical,"known through voluntary organization (e.g. church, sports, political)(84)",84,"known through voluntary organization (e.g. church, sports, political)",FALSE,
047,D,nwtype,categorical,acquaintance(85),85,acquaintance,FALSE,
047,D,nwtype,categorical,former neighbor(86),86,former neighbor,FALSE,
047,D,nwtype,categorical,known through contact at street(87),87,known through contact at street,FALSE,
047,D,nwtype,categorical,housekeeper/nurse/home helper(88),88,housekeeper/nurse/home helper,FALSE,
047,D,nwtype,categorical,"professional, e.g. pastor, reverend, general practitioner(89)",89,"professional, e.g. pastor, reverend, general practitioner",FALSE,
047,D,nwtype,categorical,"boarder, landlord(90)",90,"boarder, landlord",FALSE,
047,D,nwtype,categorical,catholic sister(91),91,catholic sister,FALSE,
047,D,nwtype,categorical,parent-in-law of child(92),92,parent-in-law of child,FALSE,
047,D,nwtype,categorical,former parent-in-law(93),93,former parent-in-law,FALSE,
047,D,nwtype,categorical,former spouse/partner(94),94,former spouse/partner,FALSE,
047,D,nwtype,categorical,other non-kin; specification unknown(95),95,other non-kin; specification unknown,FALSE,
047,D,nwtype,categorical,other kin or non-kin; specification unknown(96),96,other kin or non-kin; specification unknown,FALSE,
047,E,nwtype,categorical,spouse or partner(1),1,spouse or partner,FALSE,
047,E,nwtype,categorical,biological son or daughter(11),11,biological son or daughter,FALSE,
047,E,nwtype,categorical,"son/daughter of partner, step, adoptive, foster (specification available)(12)",12,"son/daughter of partner, step, adoptive, foster (specification available)",FALSE,
047,E,nwtype,categorical,stepchild(13),13,stepchild,FALSE,
047,E,nwtype,categorical,adoptive child(14),14,adoptive child,FALSE,
047,E,nwtype,categorical,foster child (= non-kin)(15),15,foster child (= non-kin),FALSE,
047,E,nwtype,categorical,child-in-law(21),21,child-in-law,FALSE,
047,E,nwtype,categorical,former child-in-law(22),22,former child-in-law,FALSE,
047,E,nwtype,categorical,brother or sister (including half or step)(30),30,brother or sister (including half or step),FALSE,
047,E,nwtype,categorical,brother/sister-in-law(40),40,brother/sister-in-law,FALSE,
047,E,nwtype,categorical,father or mother(51),51,father or mother,FALSE,
047,E,nwtype,categorical,father/mother-in-law(52),52,father/mother-in-law,FALSE,
047,E,nwtype,categorical,grandchild(53),53,grandchild,FALSE,
047,E,nwtype,categorical,partner of grandchild(54),54,partner of grandchild,FALSE,
047,E,nwtype,categorical,cousin/niece/nephew(55),55,cousin/niece/nephew,FALSE,
047,E,nwtype,categorical,uncle/aunt(56),56,uncle/aunt,FALSE,
047,E,nwtype,categorical,other kin; specification unknown(57),57,other kin; specification unknown,FALSE,
047,E,nwtype,categorical,friend(60),60,friend,FALSE,
047,E,nwtype,categorical,neighbor(71),71,neighbor,FALSE,
047,E,nwtype,categorical,(living in) neighborhood(72),72,(living in) neighborhood,FALSE,
047,E,nwtype,categorical,(former) colleague or his/her spouse(81),81,(former) colleague or his/her spouse,FALSE,
047,E,nwtype,categorical,known through volunteer work(82),82,known through volunteer work,FALSE,
047,E,nwtype,categorical,"known through school, course, education(83)",83,"known through school, course, education",FALSE,
047,E,nwtype,categorical,"known through voluntary organization (e.g. church, sports, political)(84)",84,"known through voluntary organization (e.g. church, sports, political)",FALSE,
047,E,nwtype,categorical,acquaintance(85),85,acquaintance,FALSE,
047,E,nwtype,categorical,former neighbor(86),86,former neighbor,FALSE,
047,E,nwtype,categorical,known through contact at street(87),87,known through contact at street,FALSE,
047,E,nwtype,categorical,housekeeper/nurse/home helper(88),88,housekeeper/nurse/home helper,FALSE,
047,E,nwtype,categorical,"professional, e.g. pastor, reverend, general practitioner(89)",89,"professional, e.g. pastor, reverend, general practitioner",FALSE,
047,E,nwtype,categorical,"boarder, landlord(90)",90,"boarder, landlord",FALSE,
047,E,nwtype,categorical,catholic sister(91),91,catholic sister,FALSE,
047,E,nwtype,categorical,parent-in-law of child(92),92,parent-in-law of child,FALSE,
047,E,nwtype,categorical,former parent-in-law(93),93,former parent-in-law,FALSE,
047,E,nwtype,categorical,former spouse/partner(94),94,former spouse/partner,FALSE,
047,E,nwtype,categorical,other non-kin; specification unknown(95),95,other non-kin; specification unknown,FALSE,
047,E,nwtype,categorical,other kin or non-kin; specification unknown(96),96,other kin or non-kin; specification unknown,FALSE,
047,2B,nwtype,categorical,spouse or partner(1),1,spouse or partner,FALSE,
047,2B,nwtype,categorical,biological son or daughter(11),11,biological son or daughter,FALSE,
047,2B,nwtype,categorical,"son/daughter of partner, step, adoptive, foster (specification available)(12)",12,"son/daughter of partner, step, adoptive, foster (specification available)",FALSE,
047,2B,nwtype,categorical,stepchild(13),13,stepchild,FALSE,
047,2B,nwtype,categorical,adoptive child(14),14,adoptive child,FALSE,
047,2B,nwtype,categorical,foster child (= non-kin)(15),15,foster child (= non-kin),FALSE,
047,2B,nwtype,categorical,child-in-law(21),21,child-in-law,FALSE,
047,2B,nwtype,categorical,former child-in-law(22),22,former child-in-law,FALSE,
047,2B,nwtype,categorical,brother or sister (including half or step)(30),30,brother or sister (including half or step),FALSE,
047,2B,nwtype,categorical,brother/sister-in-law(40),40,brother/sister-in-law,FALSE,
047,2B,nwtype,categorical,father or mother(51),51,father or mother,FALSE,
047,2B,nwtype,categorical,father/mother-in-law(52),52,father/mother-in-law,FALSE,
047,2B,nwtype,categorical,grandchild(53),53,grandchild,FALSE,
047,2B,nwtype,categorical,partner of grandchild(54),54,partner of grandchild,FALSE,
047,2B,nwtype,categorical,cousin/niece/nephew(55),55,cousin/niece/nephew,FALSE,
047,2B,nwtype,categorical,uncle/aunt(56),56,uncle/aunt,FALSE,
047,2B,nwtype,categorical,other kin; specification unknown(57),57,other kin; specification unknown,FALSE,
047,2B,nwtype,categorical,friend(60),60,friend,FALSE,
047,2B,nwtype,categorical,neighbor(71),71,neighbor,FALSE,
047,2B,nwtype,categorical,(living in) neighborhood(72),72,(living in) neighborhood,FALSE,
047,2B,nwtype,categorical,(former) colleague or his/her spouse(81),81,(former) colleague or his/her spouse,FALSE,
047,2B,nwtype,categorical,known through volunteer work(82),82,known through volunteer work,FALSE,
047,2B,nwtype,categorical,"known through school, course, education(83)",83,"known through school, course, education",FALSE,
047,2B,nwtype,categorical,"known through voluntary organization (e.g. church, sports, political)(84)",84,"known through voluntary organization (e.g. church, sports, political)",FALSE,
047,2B,nwtype,categorical,acquaintance(85),85,acquaintance,FALSE,
047,2B,nwtype,categorical,former neighbor(86),86,former neighbor,FALSE,
047,2B,nwtype,categorical,known through contact at street(87),87,known through contact at street,FALSE,
047,2B,nwtype,categorical,housekeeper/nurse/home helper(88),88,housekeeper/nurse/home helper,FALSE,
047,2B,nwtype,categorical,"professional, e.g. pastor, reverend, general practitioner(89)",89,"professional, e.g. pastor, reverend, general practitioner",FALSE,
047,2B,nwtype,categorical,"boarder, landlord(90)",90,"boarder, landlord",FALSE,
047,2B,nwtype,categorical,catholic sister(91),91,catholic sister,FALSE,
047,2B,nwtype,categorical,parent-in-law of child(92),92,parent-in-law of child,FALSE,
047,2B,nwtype,categorical,former parent-in-law(93),93,former parent-in-law,FALSE,
047,2B,nwtype,categorical,former spouse/partner(94),94,former spouse/partner,FALSE,
047,2B,nwtype,categorical,other non-kin; specification unknown(95),95,other non-kin; specification unknown,FALSE,
047,2B,nwtype,categorical,other kin or non-kin; specification unknown(96),96,other kin or non-kin; specification unknown,FALSE,
047,F,nwtype,categorical,spouse or partner(1),1,spouse or partner,FALSE,
047,F,nwtype,categorical,biological son or daughter(11),11,biological son or daughter,FALSE,
047,F,nwtype,categorical,"son/daughter of partner, step, adoptive, foster (specification available)(12)",12,"son/daughter of partner, step, adoptive, foster (specification available)",FALSE,
047,F,nwtype,categorical,stepchild(13),13,stepchild,FALSE,
047,F,nwtype,categorical,adoptive child(14),14,adoptive child,FALSE,
047,F,nwtype,categorical,foster child (= non-kin)(15),15,foster child (= non-kin),FALSE,
047,F,nwtype,categorical,child-in-law(21),21,child-in-law,FALSE,
047,F,nwtype,categorical,former child-in-law(22),22,former child-in-law,FALSE,
047,F,nwtype,categorical,brother or sister (including half or step)(30),30,brother or sister (including half or step),FALSE,
047,F,nwtype,categorical,brother/sister-in-law(40),40,brother/sister-in-law,FALSE,
047,F,nwtype,categorical,father or mother(51),51,father or mother,FALSE,
047,F,nwtype,categorical,father/mother-in-law(52),52,father/mother-in-law,FALSE,
047,F,nwtype,categorical,grandchild(53),53,grandchild,FALSE,
047,F,nwtype,categorical,partner of grandchild(54),54,partner of grandchild,FALSE,
047,F,nwtype,categorical,cousin/niece/nephew(55),55,cousin/niece/nephew,FALSE,
047,F,nwtype,categorical,uncle/aunt(56),56,uncle/aunt,FALSE,
047,F,nwtype,categorical,other kin; specification unknown(57),57,other kin; specification unknown,FALSE,
047,F,nwtype,categorical,friend(60),60,friend,FALSE,
047,F,nwtype,categorical,neighbor(71),71,neighbor,FALSE,
047,F,nwtype,categorical,(living in) neighborhood(72),72,(living in) neighborhood,FALSE,
047,F,nwtype,categorical,(former) colleague or his/her spouse(81),81,(former) colleague or his/her spouse,FALSE,
047,F,nwtype,categorical,known through volunteer work(82),82,known through volunteer work,FALSE,
047,F,nwtype,categorical,"known through school, course, education(83)",83,"known through school, course, education",FALSE,
047,F,nwtype,categorical,"known through voluntary organization (e.g. church, sports, political)(84)",84,"known through voluntary organization (e.g. church, sports, political)",FALSE,
047,F,nwtype,categorical,acquaintance(85),85,acquaintance,FALSE,
047,F,nwtype,categorical,former neighbor(86),86,former neighbor,FALSE,
047,F,nwtype,categorical,known through contact at street(87),87,known through contact at street,FALSE,
047,F,nwtype,categorical,housekeeper/nurse/home helper(88),88,housekeeper/nurse/home helper,FALSE,
047,F,nwtype,categorical,"professional, e.g. pastor, reverend, general practitioner(89)",89,"professional, e.g. pastor, reverend, general practitioner",FALSE,
047,F,nwtype,categorical,"boarder, landlord(90)",90,"boarder, landlord",FALSE,
047,F,nwtype,categorical,catholic sister(91),91,catholic sister,FALSE,
047,F,nwtype,categorical,parent-in-law of child(92),92,parent-in-law of child,FALSE,
047,F,nwtype,categorical,former parent-in-law(93),93,former parent-in-law,FALSE,
047,F,nwtype,categorical,former spouse/partner(94),94,former spouse/partner,FALSE,
047,F,nwtype,categorical,other non-kin; specification unknown(95),95,other non-kin; specification unknown,FALSE,
047,F,nwtype,categorical,other kin or non-kin; specification unknown(96),96,other kin or non-kin; specification unknown,FALSE,
047,G,nwtype,categorical,spouse or partner(1),1,spouse or partner,FALSE,
047,G,nwtype,categorical,biological son or daughter(11),11,biological son or daughter,FALSE,
047,G,nwtype,categorical,"son/daughter of partner, step, adoptive, foster (specification available)(12)",12,"son/daughter of partner, step, adoptive, foster (specification available)",FALSE,
047,G,nwtype,categorical,stepchild(13),13,stepchild,FALSE,
047,G,nwtype,categorical,adoptive child(14),14,adoptive child,FALSE,
047,G,nwtype,categorical,foster child (= non-kin)(15),15,foster child (= non-kin),FALSE,
047,G,nwtype,categorical,child-in-law(21),21,child-in-law,FALSE,
047,G,nwtype,categorical,former child-in-law(22),22,former child-in-law,FALSE,
047,G,nwtype,categorical,brother or sister (including half or step)(30),30,brother or sister (including half or step),FALSE,
047,G,nwtype,categorical,brother/sister-in-law(40),40,brother/sister-in-law,FALSE,
047,G,nwtype,categorical,father or mother(51),51,father or mother,FALSE,
047,G,nwtype,categorical,father/mother-in-law(52),52,father/mother-in-law,FALSE,
047,G,nwtype,categorical,grandchild(53),53,grandchild,FALSE,
047,G,nwtype,categorical,partner of grandchild(54),54,partner of grandchild,FALSE,
047,G,nwtype,categorical,cousin/niece/nephew(55),55,cousin/niece/nephew,FALSE,
047,G,nwtype,categorical,uncle/aunt(56),56,uncle/aunt,FALSE,
047,G,nwtype,categorical,other kin; specification unknown(57),57,other kin; specification unknown,FALSE,
047,G,nwtype,categorical,friend(60),60,friend,FALSE,
047,G,nwtype,categorical,neighbor(71),71,neighbor,FALSE,
047,G,nwtype,categorical,(living in) neighborhood(72),72,(living in) neighborhood,FALSE,
047,G,nwtype,categorical,(former) colleague or his/her spouse(81),81,(former) colleague or his/her spouse,FALSE,
047,G,nwtype,categorical,known through volunteer work(82),82,known through volunteer work,FALSE,
047,G,nwtype,categorical,"known through school, course, education(83)",83,"known through school, course, education",FALSE,
047,G,nwtype,categorical,"known through voluntary organization (e.g. church, sports, political)(84)",84,"known through voluntary organization (e.g. church, sports, political)",FALSE,
047,G,nwtype,categorical,acquaintance(85),85,acquaintance,FALSE,
047,G,nwtype,categorical,former neighbor(86),86,former neighbor,FALSE,
047,G,nwtype,categorical,known through contact at street(87),87,known through contact at street,FALSE,
047,G,nwtype,categorical,housekeeper/nurse/home helper(88),88,housekeeper/nurse/home helper,FALSE,
047,G,nwtype,categorical,"professional, e.g. pastor, reverend, general practitioner(89)",89,"professional, e.g. pastor, reverend, general practitioner",FALSE,
047,G,nwtype,categorical,"boarder, landlord(90)",90,"boarder, landlord",FALSE,
047,G,nwtype,categorical,catholic sister(91),91,catholic sister,FALSE,
047,G,nwtype,categorical,parent-in-law of child(92),92,parent-in-law of child,FALSE,
047,G,nwtype,categorical,former parent-in-law(93),93,former parent-in-law,FALSE,
047,G,nwtype,categorical,former spouse/partner(94),94,former spouse/partner,FALSE,
047,G,nwtype,categorical,other non-kin; specification unknown(95),95,other non-kin; specification unknown,FALSE,
047,G,nwtype,categorical,other kin or non-kin; specification unknown(96),96,other kin or non-kin; specification unknown,FALSE,
047,H,nwtype,categorical,spouse or partner(1),1,spouse or partner,FALSE,
047,H,nwtype,categorical,biological son or daughter(11),11,biological son or daughter,FALSE,
047,H,nwtype,categorical,"son/daughter of partner, step, adoptive, foster (specification available)(12)",12,"son/daughter of partner, step, adoptive, foster (specification available)",FALSE,
047,H,nwtype,categorical,stepchild(13),13,stepchild,FALSE,
047,H,nwtype,categorical,adoptive child(14),14,adoptive child,FALSE,
047,H,nwtype,categorical,foster child (= non-kin)(15),15,foster child (= non-kin),FALSE,
047,H,nwtype,categorical,child-in-law(21),21,child-in-law,FALSE,
047,H,nwtype,categorical,former child-in-law(22),22,former child-in-law,FALSE,
047,H,nwtype,categorical,brother or sister (including half or step)(30),30,brother or sister (including half or step),FALSE,
047,H,nwtype,categorical,brother/sister-in-law(40),40,brother/sister-in-law,FALSE,
047,H,nwtype,categorical,father or mother(51),51,father or mother,FALSE,
047,H,nwtype,categorical,father/mother-in-law(52),52,father/mother-in-law,FALSE,
047,H,nwtype,categorical,grandchild(53),53,grandchild,FALSE,
047,H,nwtype,categorical,partner of grandchild(54),54,partner of grandchild,FALSE,
047,H,nwtype,categorical,cousin/niece/nephew(55),55,cousin/niece/nephew,FALSE,
047,H,nwtype,categorical,uncle/aunt(56),56,uncle/aunt,FALSE,
047,H,nwtype,categorical,other kin; specification unknown(57),57,other kin; specification unknown,FALSE,
047,H,nwtype,categorical,friend(60),60,friend,FALSE,
047,H,nwtype,categorical,neighbor(71),71,neighbor,FALSE,
047,H,nwtype,categorical,(living in) neighborhood(72),72,(living in) neighborhood,FALSE,
047,H,nwtype,categorical,(former) colleague or his/her spouse(81),81,(former) colleague or his/her spouse,FALSE,
047,H,nwtype,categorical,known through volunteer work(82),82,known through volunteer work,FALSE,
047,H,nwtype,categorical,"known through school, course, education(83)",83,"known through school, course, education",FALSE,
047,H,nwtype,categorical,"known through voluntary organization (e.g. church, sports, political)(84)",84,"known through voluntary organization (e.g. church, sports, political)",FALSE,
047,H,nwtype,categorical,acquaintance(85),85,acquaintance,FALSE,
047,H,nwtype,categorical,former neighbor(86),86,former neighbor,FALSE,
047,H,nwtype,categorical,known through contact at street(87),87,known through contact at street,FALSE,
047,H,nwtype,categorical,housekeeper/nurse/home helper(88),88,housekeeper/nurse/home helper,FALSE,
047,H,nwtype,categorical,"professional, e.g. pastor, reverend, general practitioner(89)",89,"professional, e.g. pastor, reverend, general practitioner",FALSE,
047,H,nwtype,categorical,"boarder, landlord(90)",90,"boarder, landlord",FALSE,
047,H,nwtype,categorical,catholic sister(91),91,catholic sister,FALSE,
047,H,nwtype,categorical,parent-in-law of child(92),92,parent-in-law of child,FALSE,
047,H,nwtype,categorical,former parent-in-law(93),93,former parent-in-law,FALSE,
047,H,nwtype,categorical,former spouse/partner(94),94,former spouse/partner,FALSE,
047,H,nwtype,categorical,other non-kin; specification unknown(95),95,other non-kin; specification unknown,FALSE,
047,H,nwtype,categorical,other kin or non-kin; specification unknown(96),96,other kin or non-kin; specification unknown,FALSE,
047,3B,nwtype,categorical,spouse or partner(1),1,spouse or partner,FALSE,
047,3B,nwtype,categorical,biological son or daughter(11),11,biological son or daughter,FALSE,
047,3B,nwtype,categorical,"son/daughter of partner, step, adoptive, foster (specification available)(12)",12,"son/daughter of partner, step, adoptive, foster (specification available)",FALSE,
047,3B,nwtype,categorical,stepchild(13),13,stepchild,FALSE,
047,3B,nwtype,categorical,adoptive child(14),14,adoptive child,FALSE,
047,3B,nwtype,categorical,foster child (= non-kin)(15),15,foster child (= non-kin),FALSE,
047,3B,nwtype,categorical,child-in-law(21),21,child-in-law,FALSE,
047,3B,nwtype,categorical,former child-in-law(22),22,former child-in-law,FALSE,
047,3B,nwtype,categorical,brother or sister (including half or step)(30),30,brother or sister (including half or step),FALSE,
047,3B,nwtype,categorical,brother/sister-in-law(40),40,brother/sister-in-law,FALSE,
047,3B,nwtype,categorical,father or mother(51),51,father or mother,FALSE,
047,3B,nwtype,categorical,father/mother-in-law(52),52,father/mother-in-law,FALSE,
047,3B,nwtype,categorical,grandchild(53),53,grandchild,FALSE,
047,3B,nwtype,categorical,partner of grandchild(54),54,partner of grandchild,FALSE,
047,3B,nwtype,categorical,cousin/niece/nephew(55),55,cousin/niece/nephew,FALSE,
047,3B,nwtype,categorical,uncle/aunt(56),56,uncle/aunt,FALSE,
047,3B,nwtype,categorical,other kin; specification unknown(57),57,other kin; specification unknown,FALSE,
047,3B,nwtype,categorical,friend(60),60,friend,FALSE,
047,3B,nwtype,categorical,neighbor(71),71,neighbor,FALSE,
047,3B,nwtype,categorical,(living in) neighborhood(72),72,(living in) neighborhood,FALSE,
047,3B,nwtype,categorical,(former) colleague or his/her spouse(81),81,(former) colleague or his/her spouse,FALSE,
047,3B,nwtype,categorical,known through volunteer work(82),82,known through volunteer work,FALSE,
047,3B,nwtype,categorical,"known through school, course, education(83)",83,"known through school, course, education",FALSE,
047,3B,nwtype,categorical,"known through voluntary organization (e.g. church, sports, political)(84)",84,"known through voluntary organization (e.g. church, sports, political)",FALSE,
047,3B,nwtype,categorical,acquaintance(85),85,acquaintance,FALSE,
047,3B,nwtype,categorical,former neighbor(86),86,former neighbor,FALSE,
047,3B,nwtype,categorical,known through contact at street(87),87,known through contact at street,FALSE,
047,3B,nwtype,categorical,housekeeper/nurse/home helper(88),88,housekeeper/nurse/home helper,FALSE,
047,3B,nwtype,categorical,"professional, e.g. pastor, reverend, general practitioner(89)",89,"professional, e.g. pastor, reverend, general practitioner",FALSE,
047,3B,nwtype,categorical,"boarder, landlord(90)",90,"boarder, landlord",FALSE,
047,3B,nwtype,categorical,catholic sister(91),91,catholic sister,FALSE,
047,3B,nwtype,categorical,parent-in-law of child(92),92,parent-in-law of child,FALSE,
047,3B,nwtype,categorical,former parent-in-law(93),93,former parent-in-law,FALSE,
047,3B,nwtype,categorical,former spouse/partner(94),94,former spouse/partner,FALSE,
047,3B,nwtype,categorical,other non-kin; specification unknown(95),95,other non-kin; specification unknown,FALSE,
047,3B,nwtype,categorical,other kin or non-kin; specification unknown(96),96,other kin or non-kin; specification unknown,FALSE,
047,I,nwtype,categorical,spouse or partner(1),1,spouse or partner,FALSE,
047,I,nwtype,categorical,biological son or daughter(11),11,biological son or daughter,FALSE,
047,I,nwtype,categorical,"son/daughter of partner, step, adoptive, foster (specification available)(12)",12,"son/daughter of partner, step, adoptive, foster (specification available)",FALSE,
047,I,nwtype,categorical,stepchild(13),13,stepchild,FALSE,
047,I,nwtype,categorical,adoptive child(14),14,adoptive child,FALSE,
047,I,nwtype,categorical,foster child (= non-kin)(15),15,foster child (= non-kin),FALSE,
047,I,nwtype,categorical,child-in-law(21),21,child-in-law,FALSE,
047,I,nwtype,categorical,former child-in-law(22),22,former child-in-law,FALSE,
047,I,nwtype,categorical,brother or sister (including half or step)(30),30,brother or sister (including half or step),FALSE,
047,I,nwtype,categorical,brother/sister-in-law(40),40,brother/sister-in-law,FALSE,
047,I,nwtype,categorical,father or mother(51),51,father or mother,FALSE,
047,I,nwtype,categorical,father/mother-in-law(52),52,father/mother-in-law,FALSE,
047,I,nwtype,categorical,grandchild(53),53,grandchild,FALSE,
047,I,nwtype,categorical,partner of grandchild(54),54,partner of grandchild,FALSE,
047,I,nwtype,categorical,cousin/niece/nephew(55),55,cousin/niece/nephew,FALSE,
047,I,nwtype,categorical,uncle/aunt(56),56,uncle/aunt,FALSE,
047,I,nwtype,categorical,other kin; specification unknown(57),57,other kin; specification unknown,FALSE,
047,I,nwtype,categorical,friend(60),60,friend,FALSE,
047,I,nwtype,categorical,neighbor(71),71,neighbor,FALSE,
047,I,nwtype,categorical,(living in) neighborhood(72),72,(living in) neighborhood,FALSE,
047,I,nwtype,categorical,(former) colleague or his/her spouse(81),81,(former) colleague or his/her spouse,FALSE,
047,I,nwtype,categorical,known through volunteer work(82),82,known through volunteer work,FALSE,
047,I,nwtype,categorical,"known through school, course, education(83)",83,"known through school, course, education",FALSE,
047,I,nwtype,categorical,"known through voluntary organization (e.g. church, sports, political)(84)",84,"known through voluntary organization (e.g. church, sports, political)",FALSE,
047,I,nwtype,categorical,acquaintance(85),85,acquaintance,FALSE,
047,I,nwtype,categorical,former neighbor(86),86,former neighbor,FALSE,
047,I,nwtype,categorical,known through contact at street(87),87,known through contact at street,FALSE,
047,I,nwtype,categorical,housekeeper/nurse/home helper(88),88,housekeeper/nurse/home helper,FALSE,
047,I,nwtype,categorical,"professional, e.g. pastor, reverend, general practitioner(89)",89,"professional, e.g. pastor, reverend, general practitioner",FALSE,
047,I,nwtype,categorical,"boarder, landlord(90)",90,"boarder, landlord",FALSE,
047,I,nwtype,categorical,catholic sister(91),91,catholic sister,FALSE,
047,I,nwtype,categorical,parent-in-law of child(92),92,parent-in-law of child,FALSE,
047,I,nwtype,categorical,former parent-in-law(93),93,former parent-in-law,FALSE,
047,I,nwtype,categorical,former spouse/partner(94),94,former spouse/partner,FALSE,
047,I,nwtype,categorical,other non-kin; specification unknown(95),95,other non-kin; specification unknown,FALSE,
047,I,nwtype,categorical,other kin or non-kin; specification unknown(96),96,other kin or non-kin; specification unknown,FALSE,
047,J,nwtype,categorical,spouse or partner(1),1,spouse or partner,FALSE,
047,J,nwtype,categorical,biological son or daughter(11),11,biological son or daughter,FALSE,
047,J,nwtype,categorical,"son/daughter of partner, step, adoptive, foster (specification available)(12)",12,"son/daughter of partner, step, adoptive, foster (specification available)",FALSE,
047,J,nwtype,categorical,stepchild(13),13,stepchild,FALSE,
047,J,nwtype,categorical,adoptive child(14),14,adoptive child,FALSE,
047,J,nwtype,categorical,foster child (= non-kin)(15),15,foster child (= non-kin),FALSE,
047,J,nwtype,categorical,child-in-law(21),21,child-in-law,FALSE,
047,J,nwtype,categorical,former child-in-law(22),22,former child-in-law,FALSE,
047,J,nwtype,categorical,brother or sister (including half or step)(30),30,brother or sister (including half or step),FALSE,
047,J,nwtype,categorical,brother/sister-in-law(40),40,brother/sister-in-law,FALSE,
047,J,nwtype,categorical,father or mother(51),51,father or mother,FALSE,
047,J,nwtype,categorical,father/mother-in-law(52),52,father/mother-in-law,FALSE,
047,J,nwtype,categorical,grandchild(53),53,grandchild,FALSE,
047,J,nwtype,categorical,partner of grandchild(54),54,partner of grandchild,FALSE,
047,J,nwtype,categorical,cousin/niece/nephew(55),55,cousin/niece/nephew,FALSE,
047,J,nwtype,categorical,uncle/aunt(56),56,uncle/aunt,FALSE,
047,J,nwtype,categorical,other kin; specification unknown(57),57,other kin; specification unknown,FALSE,
047,J,nwtype,categorical,friend(60),60,friend,FALSE,
047,J,nwtype,categorical,neighbor(71),71,neighbor,FALSE,
047,J,nwtype,categorical,(living in) neighborhood(72),72,(living in) neighborhood,FALSE,
047,J,nwtype,categorical,(former) colleague or his/her spouse(81),81,(former) colleague or his/her spouse,FALSE,
047,J,nwtype,categorical,known through volunteer work(82),82,known through volunteer work,FALSE,
047,J,nwtype,categorical,"known through school, course, education(83)",83,"known through school, course, education",FALSE,
047,J,nwtype,categorical,"known through voluntary organization (e.g. church, sports, political)(84)",84,"known through voluntary organization (e.g. church, sports, political)",FALSE,
047,J,nwtype,categorical,acquaintance(85),85,acquaintance,FALSE,
047,J,nwtype,categorical,former neighbor(86),86,former neighbor,FALSE,
047,J,nwtype,categorical,known through contact at street(87),87,known through contact at street,FALSE,
047,J,nwtype,categorical,housekeeper/nurse/home helper(88),88,housekeeper/nurse/home helper,FALSE,
047,J,nwtype,categorical,"professional, e.g. pastor, reverend, general practitioner(89)",89,"professional, e.g. pastor, reverend, general practitioner",FALSE,
047,J,nwtype,categorical,"boarder, landlord(90)",90,"boarder, landlord",FALSE,
047,J,nwtype,categorical,catholic sister(91),91,catholic sister,FALSE,
047,J,nwtype,categorical,parent-in-law of child(92),92,parent-in-law of child,FALSE,
047,J,nwtype,categorical,former parent-in-law(93),93,former parent-in-law,FALSE,
047,J,nwtype,categorical,former spouse/partner(94),94,former spouse/partner,FALSE,
047,J,nwtype,categorical,other non-kin; specification unknown(95),95,other non-kin; specification unknown,FALSE,
047,J,nwtype,categorical,other kin or non-kin; specification unknown(96),96,other kin or non-kin; specification unknown,FALSE,
047,K,nwtype,categorical,spouse or partner(1),1,spouse or partner,FALSE,
047,K,nwtype,categorical,biological son or daughter(11),11,biological son or daughter,FALSE,
047,K,nwtype,categorical,"son/daughter of partner, step, adoptive, foster (specification available)(12)",12,"son/daughter of partner, step, adoptive, foster (specification available)",FALSE,
047,K,nwtype,categorical,stepchild(13),13,stepchild,FALSE,
047,K,nwtype,categorical,adoptive child(14),14,adoptive child,FALSE,
047,K,nwtype,categorical,foster child (= non-kin)(15),15,foster child (= non-kin),FALSE,
047,K,nwtype,categorical,child-in-law(21),21,child-in-law,FALSE,
047,K,nwtype,categorical,former child-in-law(22),22,former child-in-law,FALSE,
047,K,nwtype,categorical,brother or sister (including half or step)(30),30,brother or sister (including half or step),FALSE,
047,K,nwtype,categorical,brother/sister-in-law(40),40,brother/sister-in-law,FALSE,
047,K,nwtype,categorical,father or mother(51),51,father or mother,FALSE,
047,K,nwtype,categorical,father/mother-in-law(52),52,father/mother-in-law,FALSE,
047,K,nwtype,categorical,grandchild(53),53,grandchild,FALSE,
047,K,nwtype,categorical,partner of grandchild(54),54,partner of grandchild,FALSE,
047,K,nwtype,categorical,cousin/niece/nephew(55),55,cousin/niece/nephew,FALSE,
047,K,nwtype,categorical,uncle/aunt(56),56,uncle/aunt,FALSE,
047,K,nwtype,categorical,other kin; specification unknown(57),57,other kin; specification unknown,FALSE,
047,K,nwtype,categorical,friend(60),60,friend,FALSE,
047,K,nwtype,categorical,neighbor(71),71,neighbor,FALSE,
047,K,nwtype,categorical,(living in) neighborhood(72),72,(living in) neighborhood,FALSE,
047,K,nwtype,categorical,(former) colleague or his/her spouse(81),81,(former) colleague or his/her spouse,FALSE,
047,K,nwtype,categorical,known through volunteer work(82),82,known through volunteer work,FALSE,
047,K,nwtype,categorical,"known through school, course, education(83)",83,"known through school, course, education",FALSE,
047,K,nwtype,categorical,"known through voluntary organization (e.g. church, sports, political)(84)",84,"known through voluntary organization (e.g. church, sports, political)",FALSE,
047,K,nwtype,categorical,acquaintance(85),85,acquaintance,FALSE,
047,K,nwtype,categorical,former neighbor(86),86,former neighbor,FALSE,
047,K,nwtype,categorical,known through contact at street(87),87,known through contact at street,FALSE,
047,K,nwtype,categorical,housekeeper/nurse/home helper(88),88,housekeeper/nurse/home helper,FALSE,
047,K,nwtype,categorical,"professional, e.g. pastor, reverend, general practitioner(89)",89,"professional, e.g. pastor, reverend, general practitioner",FALSE,
047,K,nwtype,categorical,"boarder, landlord(90)",90,"boarder, landlord",FALSE,
047,K,nwtype,categorical,catholic sister(91),91,catholic sister,FALSE,
047,K,nwtype,categorical,parent-in-law of child(92),92,parent-in-law of child,FALSE,
047,K,nwtype,categorical,former parent-in-law(93),93,former parent-in-law,FALSE,
047,K,nwtype,categorical,former spouse/partner(94),94,former spouse/partner,FALSE,
047,K,nwtype,categorical,other non-kin; specification unknown(95),95,other non-kin; specification unknown,FALSE,
047,K,nwtype,categorical,other kin or non-kin; specification unknown(96),96,other kin or non-kin; specification unknown,FALSE,
047,B,domtyp,categorical,housekeeper (in household)(1),1,housekeeper (in household),FALSE,
047,B,domtyp,categorical,acquaintance (in household)(2),2,acquaintance (in household),FALSE,
047,B,domtyp,categorical,catholic sister (in household)(3),3,catholic sister (in household),FALSE,
047,B,domtyp,categorical,parent (in household)(4),4,parent (in household),FALSE,
047,B,domtyp,categorical,parent inlaw (in household)(5),5,parent inlaw (in household),FALSE,
047,B,domtyp,categorical,niece/nephew (in household)(6),6,niece/nephew (in household),FALSE,
047,B,domtyp,categorical,son/daughter-in-law (in household)(7),7,son/daughter-in-law (in household),FALSE,
047,B,domtyp,categorical,brother/sister-in-law (in household)(8),8,brother/sister-in-law (in household),FALSE,
047,B,domtyp,categorical,former partner (in household)(9),9,former partner (in household),FALSE,
047,B,domtyp,categorical,boarder/landlord (in household)(10),10,boarder/landlord (in household),FALSE,
047,B,domtyp,categorical,partner/spouse (in household)(11),11,partner/spouse (in household),FALSE,
047,B,domtyp,categorical,biological son/daughter (in household)(12),12,biological son/daughter (in household),FALSE,
047,B,domtyp,categorical,brother/sister (in household)(13),13,brother/sister (in household),FALSE,
047,B,domtyp,categorical,grandson/daughter (in household)(14),14,grandson/daughter (in household),FALSE,
047,B,domtyp,categorical,friend (in household)(15),15,friend (in household),FALSE,
047,B,domtyp,categorical,"other, not specified (in household)(16)",16,"other, not specified (in household)",FALSE,
047,B,domtyp,categorical,"other nonkin, not specified (in household)(17)",17,"other nonkin, not specified (in household)",FALSE,
047,B,domtyp,categorical,"other kin, not specified (in household)(18)",18,"other kin, not specified (in household)",FALSE,
047,B,domtyp,categorical,"son/daughter of partner, step, adoptive, foster (in household)(19)",19,"son/daughter of partner, step, adoptive, foster (in household)",FALSE,
047,B,domtyp,categorical,biological son/daughter(21),21,biological son/daughter,FALSE,
047,B,domtyp,categorical,son/daughter-in-law(22),22,son/daughter-in-law,FALSE,
047,B,domtyp,categorical,"son/daughter of partner, step, adoptive, foster (specification in Xnwtype)(23)",23,"son/daughter of partner, step, adoptive, foster (specification in Xnwtype)",FALSE,
047,B,domtyp,categorical,"former son/daughter-in-law, other specific cases(24)",24,"former son/daughter-in-law, other specific cases",FALSE,
047,B,domtyp,categorical,stepchild(25),25,stepchild,FALSE,
047,B,domtyp,categorical,adoptive child(26),26,adoptive child,FALSE,
047,B,domtyp,categorical,foster child(27),27,foster child,FALSE,
047,B,domtyp,categorical,parent(31),31,parent,FALSE,
047,B,domtyp,categorical,brother/sister (including half or step)(32),32,brother/sister (including half or step),FALSE,
047,B,domtyp,categorical,brother/sister-in-law(33),33,brother/sister-in-law,FALSE,
047,B,domtyp,categorical,grandson/daughter(34),34,grandson/daughter,FALSE,
047,B,domtyp,categorical,cousin/niece/nephew(35),35,cousin/niece/nephew,FALSE,
047,B,domtyp,categorical,uncle/aunt(36),36,uncle/aunt,FALSE,
047,B,domtyp,categorical,other family; specification unknown(37),37,other family; specification unknown,FALSE,
047,B,domtyp,categorical,father/mother-in-law(38),38,father/mother-in-law,FALSE,
047,B,domtyp,categorical,partner/spouse of grandchild(39),39,partner/spouse of grandchild,FALSE,
047,B,domtyp,categorical,neighbor(40),40,neighbor,FALSE,
047,B,domtyp,categorical,former neighbor(41),41,former neighbor,FALSE,
047,B,domtyp,categorical,living in neighborhood(42),42,living in neighborhood,FALSE,
047,B,domtyp,categorical,(former) colleague or his/her spouse(51),51,(former) colleague or his/her spouse,FALSE,
047,B,domtyp,categorical,known through volunteer work(52),52,known through volunteer work,FALSE,
047,B,domtyp,categorical,"known through school, course, education(53)",53,"known through school, course, education",FALSE,
047,B,domtyp,categorical,"known through voluntary organization (e.g. church, sports, political)(60)",60,"known through voluntary organization (e.g. church, sports, political)",FALSE,
047,B,domtyp,categorical,other nonkin; specification unknown(70),70,other nonkin; specification unknown,FALSE,
047,B,domtyp,categorical,friend(71),71,friend,FALSE,
047,B,domtyp,categorical,acquaintance(72),72,acquaintance,FALSE,
047,B,domtyp,categorical,(former) colleague or his/her spouse ->51(73),73,(former) colleague or his/her spouse ->51,FALSE,
047,B,domtyp,categorical,"known through voluntary organization (e.g. church, sports, political) ->60(74)",74,"known through voluntary organization (e.g. church, sports, political) ->60",FALSE,
047,B,domtyp,categorical,known through contact at street(75),75,known through contact at street,FALSE,
047,B,domtyp,categorical,professional helper(76),76,professional helper,FALSE,
047,B,domtyp,categorical,"professional, e.g. pastor, reverend, general practitioner(77)",77,"professional, e.g. pastor, reverend, general practitioner",FALSE,
047,B,domtyp,categorical,other kin or nonkin; specification unknown(78),78,other kin or nonkin; specification unknown,FALSE,
047,B,domtyp,categorical,professional helper (frequent contact)(79),79,professional helper (frequent contact),FALSE,
047,B,domtyp,categorical,partner/spouse outside household(80),80,partner/spouse outside household,FALSE,
047,B,domtyp,categorical,former spouse/partner(81),81,former spouse/partner,FALSE,
047,B,domtyp,categorical,parent of child-in-law(82),82,parent of child-in-law,FALSE,
047,B,domtyp,categorical,former parent-in-law(83),83,former parent-in-law,FALSE,
047,B,domtyp,categorical,landlord(84),84,landlord,FALSE,
047,B,domtyp,categorical,catholic sister(85),85,catholic sister,FALSE,
047,B,domtyp,categorical,other kin or nonkin; specification unknown(86),86,other kin or nonkin; specification unknown,FALSE,
047,C,domtyp,categorical,housekeeper (in household)(1),1,housekeeper (in household),FALSE,
047,C,domtyp,categorical,acquaintance (in household)(2),2,acquaintance (in household),FALSE,
047,C,domtyp,categorical,catholic sister (in household)(3),3,catholic sister (in household),FALSE,
047,C,domtyp,categorical,parent (in household)(4),4,parent (in household),FALSE,
047,C,domtyp,categorical,parent inlaw (in household)(5),5,parent inlaw (in household),FALSE,
047,C,domtyp,categorical,niece/nephew (in household)(6),6,niece/nephew (in household),FALSE,
047,C,domtyp,categorical,son/daughter-in-law (in household)(7),7,son/daughter-in-law (in household),FALSE,
047,C,domtyp,categorical,brother/sister-in-law (in household)(8),8,brother/sister-in-law (in household),FALSE,
047,C,domtyp,categorical,former partner (in household)(9),9,former partner (in household),FALSE,
047,C,domtyp,categorical,boarder/landlord (in household)(10),10,boarder/landlord (in household),FALSE,
047,C,domtyp,categorical,partner/spouse (in household)(11),11,partner/spouse (in household),FALSE,
047,C,domtyp,categorical,biological son/daughter (in household)(12),12,biological son/daughter (in household),FALSE,
047,C,domtyp,categorical,brother/sister (in household)(13),13,brother/sister (in household),FALSE,
047,C,domtyp,categorical,grandson/daughter (in household)(14),14,grandson/daughter (in household),FALSE,
047,C,domtyp,categorical,friend (in household)(15),15,friend (in household),FALSE,
047,C,domtyp,categorical,"other, not specified (in household)(16)",16,"other, not specified (in household)",FALSE,
047,C,domtyp,categorical,"other nonkin, not specified (in household)(17)",17,"other nonkin, not specified (in household)",FALSE,
047,C,domtyp,categorical,"other kin, not specified (in household)(18)",18,"other kin, not specified (in household)",FALSE,
047,C,domtyp,categorical,"son/daughter of partner, step, adoptive, foster (in household)(19)",19,"son/daughter of partner, step, adoptive, foster (in household)",FALSE,
047,C,domtyp,categorical,biological son/daughter(21),21,biological son/daughter,FALSE,
047,C,domtyp,categorical,son/daughter-in-law(22),22,son/daughter-in-law,FALSE,
047,C,domtyp,categorical,"son/daughter of partner, step, adoptive, foster (specification in Xnwtype)(23)",23,"son/daughter of partner, step, adoptive, foster (specification in Xnwtype)",FALSE,
047,C,domtyp,categorical,"former son/daughter-in-law, other specific cases(24)",24,"former son/daughter-in-law, other specific cases",FALSE,
047,C,domtyp,categorical,stepchild(25),25,stepchild,FALSE,
047,C,domtyp,categorical,adoptive child(26),26,adoptive child,FALSE,
047,C,domtyp,categorical,foster child(27),27,foster child,FALSE,
047,C,domtyp,categorical,parent(31),31,parent,FALSE,
047,C,domtyp,categorical,brother/sister (including half or step)(32),32,brother/sister (including half or step),FALSE,
047,C,domtyp,categorical,brother/sister-in-law(33),33,brother/sister-in-law,FALSE,
047,C,domtyp,categorical,grandson/daughter(34),34,grandson/daughter,FALSE,
047,C,domtyp,categorical,cousin/niece/nephew(35),35,cousin/niece/nephew,FALSE,
047,C,domtyp,categorical,uncle/aunt(36),36,uncle/aunt,FALSE,
047,C,domtyp,categorical,other family; specification unknown(37),37,other family; specification unknown,FALSE,
047,C,domtyp,categorical,father/mother-in-law(38),38,father/mother-in-law,FALSE,
047,C,domtyp,categorical,partner/spouse of grandchild(39),39,partner/spouse of grandchild,FALSE,
047,C,domtyp,categorical,neighbor(40),40,neighbor,FALSE,
047,C,domtyp,categorical,former neighbor(41),41,former neighbor,FALSE,
047,C,domtyp,categorical,living in neighborhood(42),42,living in neighborhood,FALSE,
047,C,domtyp,categorical,(former) colleague or his/her spouse(51),51,(former) colleague or his/her spouse,FALSE,
047,C,domtyp,categorical,known through volunteer work(52),52,known through volunteer work,FALSE,
047,C,domtyp,categorical,"known through school, course, education(53)",53,"known through school, course, education",FALSE,
047,C,domtyp,categorical,"known through voluntary organization (e.g. church, sports, political)(60)",60,"known through voluntary organization (e.g. church, sports, political)",FALSE,
047,C,domtyp,categorical,other nonkin; specification unknown(70),70,other nonkin; specification unknown,FALSE,
047,C,domtyp,categorical,friend(71),71,friend,FALSE,
047,C,domtyp,categorical,acquaintance(72),72,acquaintance,FALSE,
047,C,domtyp,categorical,(former) colleague or his/her spouse ->51(73),73,(former) colleague or his/her spouse ->51,FALSE,
047,C,domtyp,categorical,"known through voluntary organization (e.g. church, sports, political) ->60(74)",74,"known through voluntary organization (e.g. church, sports, political) ->60",FALSE,
047,C,domtyp,categorical,known through contact at street(75),75,known through contact at street,FALSE,
047,C,domtyp,categorical,professional helper(76),76,professional helper,FALSE,
047,C,domtyp,categorical,"professional, e.g. pastor, reverend, general practitioner(77)",77,"professional, e.g. pastor, reverend, general practitioner",FALSE,
047,C,domtyp,categorical,other kin or nonkin; specification unknown(78),78,other kin or nonkin; specification unknown,FALSE,
047,C,domtyp,categorical,professional helper (frequent contact)(79),79,professional helper (frequent contact),FALSE,
047,C,domtyp,categorical,partner/spouse outside household(80),80,partner/spouse outside household,FALSE,
047,C,domtyp,categorical,former spouse/partner(81),81,former spouse/partner,FALSE,
047,C,domtyp,categorical,parent of child-in-law(82),82,parent of child-in-law,FALSE,
047,C,domtyp,categorical,former parent-in-law(83),83,former parent-in-law,FALSE,
047,C,domtyp,categorical,landlord(84),84,landlord,FALSE,
047,C,domtyp,categorical,catholic sister(85),85,catholic sister,FALSE,
047,C,domtyp,categorical,other kin or nonkin; specification unknown(86),86,other kin or nonkin; specification unknown,FALSE,
047,D,domtyp,categorical,housekeeper (in household)(1),1,housekeeper (in household),FALSE,
047,D,domtyp,categorical,acquaintance (in household)(2),2,acquaintance (in household),FALSE,
047,D,domtyp,categorical,catholic sister (in household)(3),3,catholic sister (in household),FALSE,
047,D,domtyp,categorical,parent (in household)(4),4,parent (in household),FALSE,
047,D,domtyp,categorical,parent inlaw (in household)(5),5,parent inlaw (in household),FALSE,
047,D,domtyp,categorical,niece/nephew (in household)(6),6,niece/nephew (in household),FALSE,
047,D,domtyp,categorical,son/daughter-in-law (in household)(7),7,son/daughter-in-law (in household),FALSE,
047,D,domtyp,categorical,brother/sister-in-law (in household)(8),8,brother/sister-in-law (in household),FALSE,
047,D,domtyp,categorical,former partner (in household)(9),9,former partner (in household),FALSE,
047,D,domtyp,categorical,boarder/landlord (in household)(10),10,boarder/landlord (in household),FALSE,
047,D,domtyp,categorical,partner/spouse (in household)(11),11,partner/spouse (in household),FALSE,
047,D,domtyp,categorical,biological son/daughter (in household)(12),12,biological son/daughter (in household),FALSE,
047,D,domtyp,categorical,brother/sister (in household)(13),13,brother/sister (in household),FALSE,
047,D,domtyp,categorical,grandson/daughter (in household)(14),14,grandson/daughter (in household),FALSE,
047,D,domtyp,categorical,friend (in household)(15),15,friend (in household),FALSE,
047,D,domtyp,categorical,"other, not specified (in household)(16)",16,"other, not specified (in household)",FALSE,
047,D,domtyp,categorical,"other nonkin, not specified (in household)(17)",17,"other nonkin, not specified (in household)",FALSE,
047,D,domtyp,categorical,"other kin, not specified (in household)(18)",18,"other kin, not specified (in household)",FALSE,
047,D,domtyp,categorical,"son/daughter of partner, step, adoptive, foster (in household)(19)",19,"son/daughter of partner, step, adoptive, foster (in household)",FALSE,
047,D,domtyp,categorical,biological son/daughter(21),21,biological son/daughter,FALSE,
047,D,domtyp,categorical,son/daughter-in-law(22),22,son/daughter-in-law,FALSE,
047,D,domtyp,categorical,"son/daughter of partner, step, adoptive, foster (specification in Xnwtype)(23)",23,"son/daughter of partner, step, adoptive, foster (specification in Xnwtype)",FALSE,
047,D,domtyp,categorical,"former son/daughter-in-law, other specific cases(24)",24,"former son/daughter-in-law, other specific cases",FALSE,
047,D,domtyp,categorical,stepchild(25),25,stepchild,FALSE,
047,D,domtyp,categorical,adoptive child(26),26,adoptive child,FALSE,
047,D,domtyp,categorical,foster child(27),27,foster child,FALSE,
047,D,domtyp,categorical,parent(31),31,parent,FALSE,
047,D,domtyp,categorical,brother/sister (including half or step)(32),32,brother/sister (including half or step),FALSE,
047,D,domtyp,categorical,brother/sister-in-law(33),33,brother/sister-in-law,FALSE,
047,D,domtyp,categorical,grandson/daughter(34),34,grandson/daughter,FALSE,
047,D,domtyp,categorical,cousin/niece/nephew(35),35,cousin/niece/nephew,FALSE,
047,D,domtyp,categorical,uncle/aunt(36),36,uncle/aunt,FALSE,
047,D,domtyp,categorical,other family; specification unknown(37),37,other family; specification unknown,FALSE,
047,D,domtyp,categorical,father/mother-in-law(38),38,father/mother-in-law,FALSE,
047,D,domtyp,categorical,partner/spouse of grandchild(39),39,partner/spouse of grandchild,FALSE,
047,D,domtyp,categorical,neighbor(40),40,neighbor,FALSE,
047,D,domtyp,categorical,former neighbor(41),41,former neighbor,FALSE,
047,D,domtyp,categorical,living in neighborhood(42),42,living in neighborhood,FALSE,
047,D,domtyp,categorical,(former) colleague or his/her spouse(51),51,(former) colleague or his/her spouse,FALSE,
047,D,domtyp,categorical,known through volunteer work(52),52,known through volunteer work,FALSE,
047,D,domtyp,categorical,"known through school, course, education(53)",53,"known through school, course, education",FALSE,
047,D,domtyp,categorical,"known through voluntary organization (e.g. church, sports, political)(60)",60,"known through voluntary organization (e.g. church, sports, political)",FALSE,
047,D,domtyp,categorical,other nonkin; specification unknown(70),70,other nonkin; specification unknown,FALSE,
047,D,domtyp,categorical,friend(71),71,friend,FALSE,
047,D,domtyp,categorical,acquaintance(72),72,acquaintance,FALSE,
047,D,domtyp,categorical,(former) colleague or his/her spouse ->51(73),73,(former) colleague or his/her spouse ->51,FALSE,
047,D,domtyp,categorical,"known through voluntary organization (e.g. church, sports, political) ->60(74)",74,"known through voluntary organization (e.g. church, sports, political) ->60",FALSE,
047,D,domtyp,categorical,known through contact at street(75),75,known through contact at street,FALSE,
047,D,domtyp,categorical,professional helper(76),76,professional helper,FALSE,
047,D,domtyp,categorical,"professional, e.g. pastor, reverend, general practitioner(77)",77,"professional, e.g. pastor, reverend, general practitioner",FALSE,
047,D,domtyp,categorical,other kin or nonkin; specification unknown(78),78,other kin or nonkin; specification unknown,FALSE,
047,D,domtyp,categorical,professional helper (frequent contact)(79),79,professional helper (frequent contact),FALSE,
047,D,domtyp,categorical,partner/spouse outside household(80),80,partner/spouse outside household,FALSE,
047,D,domtyp,categorical,former spouse/partner(81),81,former spouse/partner,FALSE,
047,D,domtyp,categorical,parent of child-in-law(82),82,parent of child-in-law,FALSE,
047,D,domtyp,categorical,former parent-in-law(83),83,former parent-in-law,FALSE,
047,D,domtyp,categorical,landlord(84),84,landlord,FALSE,
047,D,domtyp,categorical,catholic sister(85),85,catholic sister,FALSE,
047,D,domtyp,categorical,other kin or nonkin; specification unknown(86),86,other kin or nonkin; specification unknown,FALSE,
047,E,domtyp,categorical,housekeeper (in household)(1),1,housekeeper (in household),FALSE,
047,E,domtyp,categorical,acquaintance (in household)(2),2,acquaintance (in household),FALSE,
047,E,domtyp,categorical,catholic sister (in household)(3),3,catholic sister (in household),FALSE,
047,E,domtyp,categorical,parent (in household)(4),4,parent (in household),FALSE,
047,E,domtyp,categorical,parent inlaw (in household)(5),5,parent inlaw (in household),FALSE,
047,E,domtyp,categorical,niece/nephew (in household)(6),6,niece/nephew (in household),FALSE,
047,E,domtyp,categorical,son/daughter-in-law (in household)(7),7,son/daughter-in-law (in household),FALSE,
047,E,domtyp,categorical,brother/sister-in-law (in household)(8),8,brother/sister-in-law (in household),FALSE,
047,E,domtyp,categorical,former partner (in household)(9),9,former partner (in household),FALSE,
047,E,domtyp,categorical,boarder/landlord (in household)(10),10,boarder/landlord (in household),FALSE,
047,E,domtyp,categorical,partner/spouse (in household)(11),11,partner/spouse (in household),FALSE,
047,E,domtyp,categorical,biological son/daughter (in household)(12),12,biological son/daughter (in household),FALSE,
047,E,domtyp,categorical,brother/sister (in household)(13),13,brother/sister (in household),FALSE,
047,E,domtyp,categorical,grandson/daughter (in household)(14),14,grandson/daughter (in household),FALSE,
047,E,domtyp,categorical,friend (in household)(15),15,friend (in household),FALSE,
047,E,domtyp,categorical,"other, not specified (in household)(16)",16,"other, not specified (in household)",FALSE,
047,E,domtyp,categorical,"other nonkin, not specified (in household)(17)",17,"other nonkin, not specified (in household)",FALSE,
047,E,domtyp,categorical,"other kin, not specified (in household)(18)",18,"other kin, not specified (in household)",FALSE,
047,E,domtyp,categorical,"son/daughter of partner, step, adoptive, foster (in household)(19)",19,"son/daughter of partner, step, adoptive, foster (in household)",FALSE,
047,E,domtyp,categorical,biological son/daughter(21),21,biological son/daughter,FALSE,
047,E,domtyp,categorical,son/daughter-in-law(22),22,son/daughter-in-law,FALSE,
047,E,domtyp,categorical,"son/daughter of partner, step, adoptive, foster (specification in Xnwtype)(23)",23,"son/daughter of partner, step, adoptive, foster (specification in Xnwtype)",FALSE,
047,E,domtyp,categorical,"former son/daughter-in-law, other specific cases(24)",24,"former son/daughter-in-law, other specific cases",FALSE,
047,E,domtyp,categorical,stepchild(25),25,stepchild,FALSE,
047,E,domtyp,categorical,adoptive child(26),26,adoptive child,FALSE,
047,E,domtyp,categorical,foster child(27),27,foster child,FALSE,
047,E,domtyp,categorical,parent(31),31,parent,FALSE,
047,E,domtyp,categorical,brother/sister (including half or step)(32),32,brother/sister (including half or step),FALSE,
047,E,domtyp,categorical,brother/sister-in-law(33),33,brother/sister-in-law,FALSE,
047,E,domtyp,categorical,grandson/daughter(34),34,grandson/daughter,FALSE,
047,E,domtyp,categorical,cousin/niece/nephew(35),35,cousin/niece/nephew,FALSE,
047,E,domtyp,categorical,uncle/aunt(36),36,uncle/aunt,FALSE,
047,E,domtyp,categorical,other family; specification unknown(37),37,other family; specification unknown,FALSE,
047,E,domtyp,categorical,father/mother-in-law(38),38,father/mother-in-law,FALSE,
047,E,domtyp,categorical,partner/spouse of grandchild(39),39,partner/spouse of grandchild,FALSE,
047,E,domtyp,categorical,neighbor(40),40,neighbor,FALSE,
047,E,domtyp,categorical,former neighbor(41),41,former neighbor,FALSE,
047,E,domtyp,categorical,living in neighborhood(42),42,living in neighborhood,FALSE,
047,E,domtyp,categorical,(former) colleague or his/her spouse(51),51,(former) colleague or his/her spouse,FALSE,
047,E,domtyp,categorical,known through volunteer work(52),52,known through volunteer work,FALSE,
047,E,domtyp,categorical,"known through school, course, education(53)",53,"known through school, course, education",FALSE,
047,E,domtyp,categorical,"known through voluntary organization (e.g. church, sports, political)(60)",60,"known through voluntary organization (e.g. church, sports, political)",FALSE,
047,E,domtyp,categorical,other nonkin; specification unknown(70),70,other nonkin; specification unknown,FALSE,
047,E,domtyp,categorical,friend(71),71,friend,FALSE,
047,E,domtyp,categorical,acquaintance(72),72,acquaintance,FALSE,
047,E,domtyp,categorical,(former) colleague or his/her spouse ->51(73),73,(former) colleague or his/her spouse ->51,FALSE,
047,E,domtyp,categorical,"known through voluntary organization (e.g. church, sports, political) ->60(74)",74,"known through voluntary organization (e.g. church, sports, political) ->60",FALSE,
047,E,domtyp,categorical,known through contact at street(75),75,known through contact at street,FALSE,
047,E,domtyp,categorical,professional helper(76),76,professional helper,FALSE,
047,E,domtyp,categorical,"professional, e.g. pastor, reverend, general practitioner(77)",77,"professional, e.g. pastor, reverend, general practitioner",FALSE,
047,E,domtyp,categorical,other kin or nonkin; specification unknown(78),78,other kin or nonkin; specification unknown,FALSE,
047,E,domtyp,categorical,professional helper (frequent contact)(79),79,professional helper (frequent contact),FALSE,
047,E,domtyp,categorical,partner/spouse outside household(80),80,partner/spouse outside household,FALSE,
047,E,domtyp,categorical,former spouse/partner(81),81,former spouse/partner,FALSE,
047,E,domtyp,categorical,parent of child-in-law(82),82,parent of child-in-law,FALSE,
047,E,domtyp,categorical,former parent-in-law(83),83,former parent-in-law,FALSE,
047,E,domtyp,categorical,landlord(84),84,landlord,FALSE,
047,E,domtyp,categorical,catholic sister(85),85,catholic sister,FALSE,
047,E,domtyp,categorical,other kin or nonkin; specification unknown(86),86,other kin or nonkin; specification unknown,FALSE,
047,2B,domtyp,categorical,housekeeper (in household)(1),1,housekeeper (in household),FALSE,
047,2B,domtyp,categorical,acquaintance (in household)(2),2,acquaintance (in household),FALSE,
047,2B,domtyp,categorical,catholic sister (in household)(3),3,catholic sister (in household),FALSE,
047,2B,domtyp,categorical,parent (in household)(4),4,parent (in household),FALSE,
047,2B,domtyp,categorical,parent inlaw (in household)(5),5,parent inlaw (in household),FALSE,
047,2B,domtyp,categorical,niece/nephew (in household)(6),6,niece/nephew (in household),FALSE,
047,2B,domtyp,categorical,son/daughter-in-law (in household)(7),7,son/daughter-in-law (in household),FALSE,
047,2B,domtyp,categorical,brother/sister-in-law (in household)(8),8,brother/sister-in-law (in household),FALSE,
047,2B,domtyp,categorical,former partner (in household)(9),9,former partner (in household),FALSE,
047,2B,domtyp,categorical,boarder/landlord (in household)(10),10,boarder/landlord (in household),FALSE,
047,2B,domtyp,categorical,partner/spouse (in household)(11),11,partner/spouse (in household),FALSE,
047,2B,domtyp,categorical,biological son/daughter (in household)(12),12,biological son/daughter (in household),FALSE,
047,2B,domtyp,categorical,brother/sister (in household)(13),13,brother/sister (in household),FALSE,
047,2B,domtyp,categorical,grandson/daughter (in household)(14),14,grandson/daughter (in household),FALSE,
047,2B,domtyp,categorical,friend (in household)(15),15,friend (in household),FALSE,
047,2B,domtyp,categorical,"other, not specified (in household)(16)",16,"other, not specified (in household)",FALSE,
047,2B,domtyp,categorical,"other nonkin, not specified (in household)(17)",17,"other nonkin, not specified (in household)",FALSE,
047,2B,domtyp,categorical,"other kin, not specified (in household)(18)",18,"other kin, not specified (in household)",FALSE,
047,2B,domtyp,categorical,"son/daughter of partner, step, adoptive, foster (in household)(19)",19,"son/daughter of partner, step, adoptive, foster (in household)",FALSE,
047,2B,domtyp,categorical,biological son/daughter(21),21,biological son/daughter,FALSE,
047,2B,domtyp,categorical,son/daughter-in-law(22),22,son/daughter-in-law,FALSE,
047,2B,domtyp,categorical,"son/daughter of partner, step, adoptive, foster (specification in Xnwtype)(23)",23,"son/daughter of partner, step, adoptive, foster (specification in Xnwtype)",FALSE,
047,2B,domtyp,categorical,"former son/daughter-in-law, other specific cases(24)",24,"former son/daughter-in-law, other specific cases",FALSE,
047,2B,domtyp,categorical,stepchild(25),25,stepchild,FALSE,
047,2B,domtyp,categorical,adoptive child(26),26,adoptive child,FALSE,
047,2B,domtyp,categorical,foster child(27),27,foster child,FALSE,
047,2B,domtyp,categorical,parent(31),31,parent,FALSE,
047,2B,domtyp,categorical,brother/sister (including half or step)(32),32,brother/sister (including half or step),FALSE,
047,2B,domtyp,categorical,brother/sister-in-law(33),33,brother/sister-in-law,FALSE,
047,2B,domtyp,categorical,grandson/daughter(34),34,grandson/daughter,FALSE,
047,2B,domtyp,categorical,cousin/niece/nephew(35),35,cousin/niece/nephew,FALSE,
047,2B,domtyp,categorical,uncle/aunt(36),36,uncle/aunt,FALSE,
047,2B,domtyp,categorical,other family; specification unknown(37),37,other family; specification unknown,FALSE,
047,2B,domtyp,categorical,father/mother-in-law(38),38,father/mother-in-law,FALSE,
047,2B,domtyp,categorical,partner/spouse of grandchild(39),39,partner/spouse of grandchild,FALSE,
047,2B,domtyp,categorical,neighbor(40),40,neighbor,FALSE,
047,2B,domtyp,categorical,former neighbor(41),41,former neighbor,FALSE,
047,2B,domtyp,categorical,living in neighborhood(42),42,living in neighborhood,FALSE,
047,2B,domtyp,categorical,(former) colleague or his/her spouse(51),51,(former) colleague or his/her spouse,FALSE,
047,2B,domtyp,categorical,known through volunteer work(52),52,known through volunteer work,FALSE,
047,2B,domtyp,categorical,"known through school, course, education(53)",53,"known through school, course, education",FALSE,
047,2B,domtyp,categorical,"known through voluntary organization (e.g. church, sports, political)(60)",60,"known through voluntary organization (e.g. church, sports, political)",FALSE,
047,2B,domtyp,categorical,other nonkin; specification unknown(70),70,other nonkin; specification unknown,FALSE,
047,2B,domtyp,categorical,friend(71),71,friend,FALSE,
047,2B,domtyp,categorical,acquaintance(72),72,acquaintance,FALSE,
047,2B,domtyp,categorical,(former) colleague or his/her spouse ->51(73),73,(former) colleague or his/her spouse ->51,FALSE,
047,2B,domtyp,categorical,"known through voluntary organization (e.g. church, sports, political) ->60(74)",74,"known through voluntary organization (e.g. church, sports, political) ->60",FALSE,
047,2B,domtyp,categorical,known through contact at street(75),75,known through contact at street,FALSE,
047,2B,domtyp,categorical,professional helper(76),76,professional helper,FALSE,
047,2B,domtyp,categorical,"professional, e.g. pastor, reverend, general practitioner(77)",77,"professional, e.g. pastor, reverend, general practitioner",FALSE,
047,2B,domtyp,categorical,other kin or nonkin; specification unknown(78),78,other kin or nonkin; specification unknown,FALSE,
047,2B,domtyp,categorical,professional helper (frequent contact)(79),79,professional helper (frequent contact),FALSE,
047,2B,domtyp,categorical,partner/spouse outside household(80),80,partner/spouse outside household,FALSE,
047,2B,domtyp,categorical,former spouse/partner(81),81,former spouse/partner,FALSE,
047,2B,domtyp,categorical,parent of child-in-law(82),82,parent of child-in-law,FALSE,
047,2B,domtyp,categorical,former parent-in-law(83),83,former parent-in-law,FALSE,
047,2B,domtyp,categorical,landlord(84),84,landlord,FALSE,
047,2B,domtyp,categorical,catholic sister(85),85,catholic sister,FALSE,
047,2B,domtyp,categorical,other kin or nonkin; specification unknown(86),86,other kin or nonkin; specification unknown,FALSE,
047,F,domtyp,categorical,housekeeper (in household)(1),1,housekeeper (in household),FALSE,
047,F,domtyp,categorical,acquaintance (in household)(2),2,acquaintance (in household),FALSE,
047,F,domtyp,categorical,catholic sister (in household)(3),3,catholic sister (in household),FALSE,
047,F,domtyp,categorical,parent (in household)(4),4,parent (in household),FALSE,
047,F,domtyp,categorical,parent inlaw (in household)(5),5,parent inlaw (in household),FALSE,
047,F,domtyp,categorical,niece/nephew (in household)(6),6,niece/nephew (in household),FALSE,
047,F,domtyp,categorical,son/daughter-in-law (in household)(7),7,son/daughter-in-law (in household),FALSE,
047,F,domtyp,categorical,brother/sister-in-law (in household)(8),8,brother/sister-in-law (in household),FALSE,
047,F,domtyp,categorical,former partner (in household)(9),9,former partner (in household),FALSE,
047,F,domtyp,categorical,boarder/landlord (in household)(10),10,boarder/landlord (in household),FALSE,
047,F,domtyp,categorical,partner/spouse (in household)(11),11,partner/spouse (in household),FALSE,
047,F,domtyp,categorical,biological son/daughter (in household)(12),12,biological son/daughter (in household),FALSE,
047,F,domtyp,categorical,brother/sister (in household)(13),13,brother/sister (in household),FALSE,
047,F,domtyp,categorical,grandson/daughter (in household)(14),14,grandson/daughter (in household),FALSE,
047,F,domtyp,categorical,friend (in household)(15),15,friend (in household),FALSE,
047,F,domtyp,categorical,"other, not specified (in household)(16)",16,"other, not specified (in household)",FALSE,
047,F,domtyp,categorical,"other nonkin, not specified (in household)(17)",17,"other nonkin, not specified (in household)",FALSE,
047,F,domtyp,categorical,"other kin, not specified (in household)(18)",18,"other kin, not specified (in household)",FALSE,
047,F,domtyp,categorical,"son/daughter of partner, step, adoptive, foster (in household)(19)",19,"son/daughter of partner, step, adoptive, foster (in household)",FALSE,
047,F,domtyp,categorical,biological son/daughter(21),21,biological son/daughter,FALSE,
047,F,domtyp,categorical,son/daughter-in-law(22),22,son/daughter-in-law,FALSE,
047,F,domtyp,categorical,"son/daughter of partner, step, adoptive, foster (specification in Xnwtype)(23)",23,"son/daughter of partner, step, adoptive, foster (specification in Xnwtype)",FALSE,
047,F,domtyp,categorical,"former son/daughter-in-law, other specific cases(24)",24,"former son/daughter-in-law, other specific cases",FALSE,
047,F,domtyp,categorical,stepchild(25),25,stepchild,FALSE,
047,F,domtyp,categorical,adoptive child(26),26,adoptive child,FALSE,
047,F,domtyp,categorical,foster child(27),27,foster child,FALSE,
047,F,domtyp,categorical,parent(31),31,parent,FALSE,
047,F,domtyp,categorical,brother/sister (including half or step)(32),32,brother/sister (including half or step),FALSE,
047,F,domtyp,categorical,brother/sister-in-law(33),33,brother/sister-in-law,FALSE,
047,F,domtyp,categorical,grandson/daughter(34),34,grandson/daughter,FALSE,
047,F,domtyp,categorical,cousin/niece/nephew(35),35,cousin/niece/nephew,FALSE,
047,F,domtyp,categorical,uncle/aunt(36),36,uncle/aunt,FALSE,
047,F,domtyp,categorical,other family; specification unknown(37),37,other family; specification unknown,FALSE,
047,F,domtyp,categorical,father/mother-in-law(38),38,father/mother-in-law,FALSE,
047,F,domtyp,categorical,partner/spouse of grandchild(39),39,partner/spouse of grandchild,FALSE,
047,F,domtyp,categorical,neighbor(40),40,neighbor,FALSE,
047,F,domtyp,categorical,former neighbor(41),41,former neighbor,FALSE,
047,F,domtyp,categorical,living in neighborhood(42),42,living in neighborhood,FALSE,
047,F,domtyp,categorical,(former) colleague or his/her spouse(51),51,(former) colleague or his/her spouse,FALSE,
047,F,domtyp,categorical,known through volunteer work(52),52,known through volunteer work,FALSE,
047,F,domtyp,categorical,"known through school, course, education(53)",53,"known through school, course, education",FALSE,
047,F,domtyp,categorical,"known through voluntary organization (e.g. church, sports, political)(60)",60,"known through voluntary organization (e.g. church, sports, political)",FALSE,
047,F,domtyp,categorical,other nonkin; specification unknown(70),70,other nonkin; specification unknown,FALSE,
047,F,domtyp,categorical,friend(71),71,friend,FALSE,
047,F,domtyp,categorical,acquaintance(72),72,acquaintance,FALSE,
047,F,domtyp,categorical,(former) colleague or his/her spouse ->51(73),73,(former) colleague or his/her spouse ->51,FALSE,
047,F,domtyp,categorical,"known through voluntary organization (e.g. church, sports, political) ->60(74)",74,"known through voluntary organization (e.g. church, sports, political) ->60",FALSE,
047,F,domtyp,categorical,known through contact at street(75),75,known through contact at street,FALSE,
047,F,domtyp,categorical,professional helper(76),76,professional helper,FALSE,
047,F,domtyp,categorical,"professional, e.g. pastor, reverend, general practitioner(77)",77,"professional, e.g. pastor, reverend, general practitioner",FALSE,
047,F,domtyp,categorical,other kin or nonkin; specification unknown(78),78,other kin or nonkin; specification unknown,FALSE,
047,F,domtyp,categorical,professional helper (frequent contact)(79),79,professional helper (frequent contact),FALSE,
047,F,domtyp,categorical,partner/spouse outside household(80),80,partner/spouse outside household,FALSE,
047,F,domtyp,categorical,former spouse/partner(81),81,former spouse/partner,FALSE,
047,F,domtyp,categorical,parent of child-in-law(82),82,parent of child-in-law,FALSE,
047,F,domtyp,categorical,former parent-in-law(83),83,former parent-in-law,FALSE,
047,F,domtyp,categorical,landlord(84),84,landlord,FALSE,
047,F,domtyp,categorical,catholic sister(85),85,catholic sister,FALSE,
047,F,domtyp,categorical,other kin or nonkin; specification unknown(86),86,other kin or nonkin; specification unknown,FALSE,
047,G,domtyp,categorical,housekeeper (in household)(1),1,housekeeper (in household),FALSE,
047,G,domtyp,categorical,acquaintance (in household)(2),2,acquaintance (in household),FALSE,
047,G,domtyp,categorical,catholic sister (in household)(3),3,catholic sister (in household),FALSE,
047,G,domtyp,categorical,parent (in household)(4),4,parent (in household),FALSE,
047,G,domtyp,categorical,parent inlaw (in household)(5),5,parent inlaw (in household),FALSE,
047,G,domtyp,categorical,niece/nephew (in household)(6),6,niece/nephew (in household),FALSE,
047,G,domtyp,categorical,son/daughter-in-law (in household)(7),7,son/daughter-in-law (in household),FALSE,
047,G,domtyp,categorical,brother/sister-in-law (in household)(8),8,brother/sister-in-law (in household),FALSE,
047,G,domtyp,categorical,former partner (in household)(9),9,former partner (in household),FALSE,
047,G,domtyp,categorical,boarder/landlord (in household)(10),10,boarder/landlord (in household),FALSE,
047,G,domtyp,categorical,partner/spouse (in household)(11),11,partner/spouse (in household),FALSE,
047,G,domtyp,categorical,biological son/daughter (in household)(12),12,biological son/daughter (in household),FALSE,
047,G,domtyp,categorical,brother/sister (in household)(13),13,brother/sister (in household),FALSE,
047,G,domtyp,categorical,grandson/daughter (in household)(14),14,grandson/daughter (in household),FALSE,
047,G,domtyp,categorical,friend (in household)(15),15,friend (in household),FALSE,
047,G,domtyp,categorical,"other, not specified (in household)(16)",16,"other, not specified (in household)",FALSE,
047,G,domtyp,categorical,"other nonkin, not specified (in household)(17)",17,"other nonkin, not specified (in household)",FALSE,
047,G,domtyp,categorical,"other kin, not specified (in household)(18)",18,"other kin, not specified (in household)",FALSE,
047,G,domtyp,categorical,"son/daughter of partner, step, adoptive, foster (in household)(19)",19,"son/daughter of partner, step, adoptive, foster (in household)",FALSE,
047,G,domtyp,categorical,biological son/daughter(21),21,biological son/daughter,FALSE,
047,G,domtyp,categorical,son/daughter-in-law(22),22,son/daughter-in-law,FALSE,
047,G,domtyp,categorical,"son/daughter of partner, step, adoptive, foster (specification in Xnwtype)(23)",23,"son/daughter of partner, step, adoptive, foster (specification in Xnwtype)",FALSE,
047,G,domtyp,categorical,"former son/daughter-in-law, other specific cases(24)",24,"former son/daughter-in-law, other specific cases",FALSE,
047,G,domtyp,categorical,stepchild(25),25,stepchild,FALSE,
047,G,domtyp,categorical,adoptive child(26),26,adoptive child,FALSE,
047,G,domtyp,categorical,foster child(27),27,foster child,FALSE,
047,G,domtyp,categorical,parent(31),31,parent,FALSE,
047,G,domtyp,categorical,brother/sister (including half or step)(32),32,brother/sister (including half or step),FALSE,
047,G,domtyp,categorical,brother/sister-in-law(33),33,brother/sister-in-law,FALSE,
047,G,domtyp,categorical,grandson/daughter(34),34,grandson/daughter,FALSE,
047,G,domtyp,categorical,cousin/niece/nephew(35),35,cousin/niece/nephew,FALSE,
047,G,domtyp,categorical,uncle/aunt(36),36,uncle/aunt,FALSE,
047,G,domtyp,categorical,other family; specification unknown(37),37,other family; specification unknown,FALSE,
047,G,domtyp,categorical,father/mother-in-law(38),38,father/mother-in-law,FALSE,
047,G,domtyp,categorical,partner/spouse of grandchild(39),39,partner/spouse of grandchild,FALSE,
047,G,domtyp,categorical,neighbor(40),40,neighbor,FALSE,
047,G,domtyp,categorical,former neighbor(41),41,former neighbor,FALSE,
047,G,domtyp,categorical,living in neighborhood(42),42,living in neighborhood,FALSE,
047,G,domtyp,categorical,(former) colleague or his/her spouse(51),51,(former) colleague or his/her spouse,FALSE,
047,G,domtyp,categorical,known through volunteer work(52),52,known through volunteer work,FALSE,
047,G,domtyp,categorical,"known through school, course, education(53)",53,"known through school, course, education",FALSE,
047,G,domtyp,categorical,"known through voluntary organization (e.g. church, sports, political)(60)",60,"known through voluntary organization (e.g. church, sports, political)",FALSE,
047,G,domtyp,categorical,other nonkin; specification unknown(70),70,other nonkin; specification unknown,FALSE,
047,G,domtyp,categorical,friend(71),71,friend,FALSE,
047,G,domtyp,categorical,acquaintance(72),72,acquaintance,FALSE,
047,G,domtyp,categorical,(former) colleague or his/her spouse ->51(73),73,(former) colleague or his/her spouse ->51,FALSE,
047,G,domtyp,categorical,"known through voluntary organization (e.g. church, sports, political) ->60(74)",74,"known through voluntary organization (e.g. church, sports, political) ->60",FALSE,
047,G,domtyp,categorical,known through contact at street(75),75,known through contact at street,FALSE,
047,G,domtyp,categorical,professional helper(76),76,professional helper,FALSE,
047,G,domtyp,categorical,"professional, e.g. pastor, reverend, general practitioner(77)",77,"professional, e.g. pastor, reverend, general practitioner",FALSE,
047,G,domtyp,categorical,other kin or nonkin; specification unknown(78),78,other kin or nonkin; specification unknown,FALSE,
047,G,domtyp,categorical,professional helper (frequent contact)(79),79,professional helper (frequent contact),FALSE,
047,G,domtyp,categorical,partner/spouse outside household(80),80,partner/spouse outside household,FALSE,
047,G,domtyp,categorical,former spouse/partner(81),81,former spouse/partner,FALSE,
047,G,domtyp,categorical,parent of child-in-law(82),82,parent of child-in-law,FALSE,
047,G,domtyp,categorical,former parent-in-law(83),83,former parent-in-law,FALSE,
047,G,domtyp,categorical,landlord(84),84,landlord,FALSE,
047,G,domtyp,categorical,catholic sister(85),85,catholic sister,FALSE,
047,G,domtyp,categorical,other kin or nonkin; specification unknown(86),86,other kin or nonkin; specification unknown,FALSE,
047,H,domtyp,categorical,housekeeper (in household)(1),1,housekeeper (in household),FALSE,
047,H,domtyp,categorical,acquaintance (in household)(2),2,acquaintance (in household),FALSE,
047,H,domtyp,categorical,catholic sister (in household)(3),3,catholic sister (in household),FALSE,
047,H,domtyp,categorical,parent (in household)(4),4,parent (in household),FALSE,
047,H,domtyp,categorical,parent inlaw (in household)(5),5,parent inlaw (in household),FALSE,
047,H,domtyp,categorical,niece/nephew (in household)(6),6,niece/nephew (in household),FALSE,
047,H,domtyp,categorical,son/daughter-in-law (in household)(7),7,son/daughter-in-law (in household),FALSE,
047,H,domtyp,categorical,brother/sister-in-law (in household)(8),8,brother/sister-in-law (in household),FALSE,
047,H,domtyp,categorical,former partner (in household)(9),9,former partner (in household),FALSE,
047,H,domtyp,categorical,boarder/landlord (in household)(10),10,boarder/landlord (in household),FALSE,
047,H,domtyp,categorical,partner/spouse (in household)(11),11,partner/spouse (in household),FALSE,
047,H,domtyp,categorical,biological son/daughter (in household)(12),12,biological son/daughter (in household),FALSE,
047,H,domtyp,categorical,brother/sister (in household)(13),13,brother/sister (in household),FALSE,
047,H,domtyp,categorical,grandson/daughter (in household)(14),14,grandson/daughter (in household),FALSE,
047,H,domtyp,categorical,friend (in household)(15),15,friend (in household),FALSE,
047,H,domtyp,categorical,"other, not specified (in household)(16)",16,"other, not specified (in household)",FALSE,
047,H,domtyp,categorical,"other nonkin, not specified (in household)(17)",17,"other nonkin, not specified (in household)",FALSE,
047,H,domtyp,categorical,"other kin, not specified (in household)(18)",18,"other kin, not specified (in household)",FALSE,
047,H,domtyp,categorical,"son/daughter of partner, step, adoptive, foster (in household)(19)",19,"son/daughter of partner, step, adoptive, foster (in household)",FALSE,
047,H,domtyp,categorical,biological son/daughter(21),21,biological son/daughter,FALSE,
047,H,domtyp,categorical,son/daughter-in-law(22),22,son/daughter-in-law,FALSE,
047,H,domtyp,categorical,"son/daughter of partner, step, adoptive, foster (specification in Xnwtype)(23)",23,"son/daughter of partner, step, adoptive, foster (specification in Xnwtype)",FALSE,
047,H,domtyp,categorical,"former son/daughter-in-law, other specific cases(24)",24,"former son/daughter-in-law, other specific cases",FALSE,
047,H,domtyp,categorical,stepchild(25),25,stepchild,FALSE,
047,H,domtyp,categorical,adoptive child(26),26,adoptive child,FALSE,
047,H,domtyp,categorical,foster child(27),27,foster child,FALSE,
047,H,domtyp,categorical,parent(31),31,parent,FALSE,
047,H,domtyp,categorical,brother/sister (including half or step)(32),32,brother/sister (including half or step),FALSE,
047,H,domtyp,categorical,brother/sister-in-law(33),33,brother/sister-in-law,FALSE,
047,H,domtyp,categorical,grandson/daughter(34),34,grandson/daughter,FALSE,
047,H,domtyp,categorical,cousin/niece/nephew(35),35,cousin/niece/nephew,FALSE,
047,H,domtyp,categorical,uncle/aunt(36),36,uncle/aunt,FALSE,
047,H,domtyp,categorical,other family; specification unknown(37),37,other family; specification unknown,FALSE,
047,H,domtyp,categorical,father/mother-in-law(38),38,father/mother-in-law,FALSE,
047,H,domtyp,categorical,partner/spouse of grandchild(39),39,partner/spouse of grandchild,FALSE,
047,H,domtyp,categorical,neighbor(40),40,neighbor,FALSE,
047,H,domtyp,categorical,former neighbor(41),41,former neighbor,FALSE,
047,H,domtyp,categorical,living in neighborhood(42),42,living in neighborhood,FALSE,
047,H,domtyp,categorical,(former) colleague or his/her spouse(51),51,(former) colleague or his/her spouse,FALSE,
047,H,domtyp,categorical,known through volunteer work(52),52,known through volunteer work,FALSE,
047,H,domtyp,categorical,"known through school, course, education(53)",53,"known through school, course, education",FALSE,
047,H,domtyp,categorical,"known through voluntary organization (e.g. church, sports, political)(60)",60,"known through voluntary organization (e.g. church, sports, political)",FALSE,
047,H,domtyp,categorical,other nonkin; specification unknown(70),70,other nonkin; specification unknown,FALSE,
047,H,domtyp,categorical,friend(71),71,friend,FALSE,
047,H,domtyp,categorical,acquaintance(72),72,acquaintance,FALSE,
047,H,domtyp,categorical,(former) colleague or his/her spouse ->51(73),73,(former) colleague or his/her spouse ->51,FALSE,
047,H,domtyp,categorical,"known through voluntary organization (e.g. church, sports, political) ->60(74)",74,"known through voluntary organization (e.g. church, sports, political) ->60",FALSE,
047,H,domtyp,categorical,known through contact at street(75),75,known through contact at street,FALSE,
047,H,domtyp,categorical,professional helper(76),76,professional helper,FALSE,
047,H,domtyp,categorical,"professional, e.g. pastor, reverend, general practitioner(77)",77,"professional, e.g. pastor, reverend, general practitioner",FALSE,
047,H,domtyp,categorical,other kin or nonkin; specification unknown(78),78,other kin or nonkin; specification unknown,FALSE,
047,H,domtyp,categorical,professional helper (frequent contact)(79),79,professional helper (frequent contact),FALSE,
047,H,domtyp,categorical,partner/spouse outside household(80),80,partner/spouse outside household,FALSE,
047,H,domtyp,categorical,former spouse/partner(81),81,former spouse/partner,FALSE,
047,H,domtyp,categorical,parent of child-in-law(82),82,parent of child-in-law,FALSE,
047,H,domtyp,categorical,former parent-in-law(83),83,former parent-in-law,FALSE,
047,H,domtyp,categorical,landlord(84),84,landlord,FALSE,
047,H,domtyp,categorical,catholic sister(85),85,catholic sister,FALSE,
047,H,domtyp,categorical,other kin or nonkin; specification unknown(86),86,other kin or nonkin; specification unknown,FALSE,
047,3B,domtyp,categorical,housekeeper (in household)(1),1,housekeeper (in household),FALSE,
047,3B,domtyp,categorical,acquaintance (in household)(2),2,acquaintance (in household),FALSE,
047,3B,domtyp,categorical,catholic sister (in household)(3),3,catholic sister (in household),FALSE,
047,3B,domtyp,categorical,parent (in household)(4),4,parent (in household),FALSE,
047,3B,domtyp,categorical,parent inlaw (in household)(5),5,parent inlaw (in household),FALSE,
047,3B,domtyp,categorical,niece/nephew (in household)(6),6,niece/nephew (in household),FALSE,
047,3B,domtyp,categorical,son/daughter-in-law (in household)(7),7,son/daughter-in-law (in household),FALSE,
047,3B,domtyp,categorical,brother/sister-in-law (in household)(8),8,brother/sister-in-law (in household),FALSE,
047,3B,domtyp,categorical,former partner (in household)(9),9,former partner (in household),FALSE,
047,3B,domtyp,categorical,boarder/landlord (in household)(10),10,boarder/landlord (in household),FALSE,
047,3B,domtyp,categorical,partner/spouse (in household)(11),11,partner/spouse (in household),FALSE,
047,3B,domtyp,categorical,biological son/daughter (in household)(12),12,biological son/daughter (in household),FALSE,
047,3B,domtyp,categorical,brother/sister (in household)(13),13,brother/sister (in household),FALSE,
047,3B,domtyp,categorical,grandson/daughter (in household)(14),14,grandson/daughter (in household),FALSE,
047,3B,domtyp,categorical,friend (in household)(15),15,friend (in household),FALSE,
047,3B,domtyp,categorical,"other, not specified (in household)(16)",16,"other, not specified (in household)",FALSE,
047,3B,domtyp,categorical,"other nonkin, not specified (in household)(17)",17,"other nonkin, not specified (in household)",FALSE,
047,3B,domtyp,categorical,"other kin, not specified (in household)(18)",18,"other kin, not specified (in household)",FALSE,
047,3B,domtyp,categorical,"son/daughter of partner, step, adoptive, foster (in household)(19)",19,"son/daughter of partner, step, adoptive, foster (in household)",FALSE,
047,3B,domtyp,categorical,biological son/daughter(21),21,biological son/daughter,FALSE,
047,3B,domtyp,categorical,son/daughter-in-law(22),22,son/daughter-in-law,FALSE,
047,3B,domtyp,categorical,"son/daughter of partner, step, adoptive, foster (specification in Xnwtype)(23)",23,"son/daughter of partner, step, adoptive, foster (specification in Xnwtype)",FALSE,
047,3B,domtyp,categorical,"former son/daughter-in-law, other specific cases(24)",24,"former son/daughter-in-law, other specific cases",FALSE,
047,3B,domtyp,categorical,stepchild(25),25,stepchild,FALSE,
047,3B,domtyp,categorical,adoptive child(26),26,adoptive child,FALSE,
047,3B,domtyp,categorical,foster child(27),27,foster child,FALSE,
047,3B,domtyp,categorical,parent(31),31,parent,FALSE,
047,3B,domtyp,categorical,brother/sister (including half or step)(32),32,brother/sister (including half or step),FALSE,
047,3B,domtyp,categorical,brother/sister-in-law(33),33,brother/sister-in-law,FALSE,
047,3B,domtyp,categorical,grandson/daughter(34),34,grandson/daughter,FALSE,
047,3B,domtyp,categorical,cousin/niece/nephew(35),35,cousin/niece/nephew,FALSE,
047,3B,domtyp,categorical,uncle/aunt(36),36,uncle/aunt,FALSE,
047,3B,domtyp,categorical,other family; specification unknown(37),37,other family; specification unknown,FALSE,
047,3B,domtyp,categorical,father/mother-in-law(38),38,father/mother-in-law,FALSE,
047,3B,domtyp,categorical,partner/spouse of grandchild(39),39,partner/spouse of grandchild,FALSE,
047,3B,domtyp,categorical,neighbor(40),40,neighbor,FALSE,
047,3B,domtyp,categorical,former neighbor(41),41,former neighbor,FALSE,
047,3B,domtyp,categorical,living in neighborhood(42),42,living in neighborhood,FALSE,
047,3B,domtyp,categorical,(former) colleague or his/her spouse(51),51,(former) colleague or his/her spouse,FALSE,
047,3B,domtyp,categorical,known through volunteer work(52),52,known through volunteer work,FALSE,
047,3B,domtyp,categorical,"known through school, course, education(53)",53,"known through school, course, education",FALSE,
047,3B,domtyp,categorical,"known through voluntary organization (e.g. church, sports, political)(60)",60,"known through voluntary organization (e.g. church, sports, political)",FALSE,
047,3B,domtyp,categorical,other nonkin; specification unknown(70),70,other nonkin; specification unknown,FALSE,
047,3B,domtyp,categorical,friend(71),71,friend,FALSE,
047,3B,domtyp,categorical,acquaintance(72),72,acquaintance,FALSE,
047,3B,domtyp,categorical,(former) colleague or his/her spouse ->51(73),73,(former) colleague or his/her spouse ->51,FALSE,
047,3B,domtyp,categorical,"known through voluntary organization (e.g. church, sports, political) ->60(74)",74,"known through voluntary organization (e.g. church, sports, political) ->60",FALSE,
047,3B,domtyp,categorical,known through contact at street(75),75,known through contact at street,FALSE,
047,3B,domtyp,categorical,professional helper(76),76,professional helper,FALSE,
047,3B,domtyp,categorical,"professional, e.g. pastor, reverend, general practitioner(77)",77,"professional, e.g. pastor, reverend, general practitioner",FALSE,
047,3B,domtyp,categorical,other kin or nonkin; specification unknown(78),78,other kin or nonkin; specification unknown,FALSE,
047,3B,domtyp,categorical,professional helper (frequent contact)(79),79,professional helper (frequent contact),FALSE,
047,3B,domtyp,categorical,partner/spouse outside household(80),80,partner/spouse outside household,FALSE,
047,3B,domtyp,categorical,former spouse/partner(81),81,former spouse/partner,FALSE,
047,3B,domtyp,categorical,parent of child-in-law(82),82,parent of child-in-law,FALSE,
047,3B,domtyp,categorical,former parent-in-law(83),83,former parent-in-law,FALSE,
047,3B,domtyp,categorical,landlord(84),84,landlord,FALSE,
047,3B,domtyp,categorical,catholic sister(85),85,catholic sister,FALSE,
047,3B,domtyp,categorical,other kin or nonkin; specification unknown(86),86,other kin or nonkin; specification unknown,FALSE,
047,I,domtyp,categorical,housekeeper (in household)(1),1,housekeeper (in household),FALSE,
047,I,domtyp,categorical,acquaintance (in household)(2),2,acquaintance (in household),FALSE,
047,I,domtyp,categorical,catholic sister (in household)(3),3,catholic sister (in household),FALSE,
047,I,domtyp,categorical,parent (in household)(4),4,parent (in household),FALSE,
047,I,domtyp,categorical,parent inlaw (in household)(5),5,parent inlaw (in household),FALSE,
047,I,domtyp,categorical,niece/nephew (in household)(6),6,niece/nephew (in household),FALSE,
047,I,domtyp,categorical,son/daughter-in-law (in household)(7),7,son/daughter-in-law (in household),FALSE,
047,I,domtyp,categorical,brother/sister-in-law (in household)(8),8,brother/sister-in-law (in household),FALSE,
047,I,domtyp,categorical,former partner (in household)(9),9,former partner (in household),FALSE,
047,I,domtyp,categorical,boarder/landlord (in household)(10),10,boarder/landlord (in household),FALSE,
047,I,domtyp,categorical,partner/spouse (in household)(11),11,partner/spouse (in household),FALSE,
047,I,domtyp,categorical,biological son/daughter (in household)(12),12,biological son/daughter (in household),FALSE,
047,I,domtyp,categorical,brother/sister (in household)(13),13,brother/sister (in household),FALSE,
047,I,domtyp,categorical,grandson/daughter (in household)(14),14,grandson/daughter (in household),FALSE,
047,I,domtyp,categorical,friend (in household)(15),15,friend (in household),FALSE,
047,I,domtyp,categorical,"other, not specified (in household)(16)",16,"other, not specified (in household)",FALSE,
047,I,domtyp,categorical,"other nonkin, not specified (in household)(17)",17,"other nonkin, not specified (in household)",FALSE,
047,I,domtyp,categorical,"other kin, not specified (in household)(18)",18,"other kin, not specified (in household)",FALSE,
047,I,domtyp,categorical,"son/daughter of partner, step, adoptive, foster (in household)(19)",19,"son/daughter of partner, step, adoptive, foster (in household)",FALSE,
047,I,domtyp,categorical,biological son/daughter(21),21,biological son/daughter,FALSE,
047,I,domtyp,categorical,son/daughter-in-law(22),22,son/daughter-in-law,FALSE,
047,I,domtyp,categorical,"son/daughter of partner, step, adoptive, foster (specification in Xnwtype)(23)",23,"son/daughter of partner, step, adoptive, foster (specification in Xnwtype)",FALSE,
047,I,domtyp,categorical,"former son/daughter-in-law, other specific cases(24)",24,"former son/daughter-in-law, other specific cases",FALSE,
047,I,domtyp,categorical,stepchild(25),25,stepchild,FALSE,
047,I,domtyp,categorical,adoptive child(26),26,adoptive child,FALSE,
047,I,domtyp,categorical,foster child(27),27,foster child,FALSE,
047,I,domtyp,categorical,parent(31),31,parent,FALSE,
047,I,domtyp,categorical,brother/sister (including half or step)(32),32,brother/sister (including half or step),FALSE,
047,I,domtyp,categorical,brother/sister-in-law(33),33,brother/sister-in-law,FALSE,
047,I,domtyp,categorical,grandson/daughter(34),34,grandson/daughter,FALSE,
047,I,domtyp,categorical,cousin/niece/nephew(35),35,cousin/niece/nephew,FALSE,
047,I,domtyp,categorical,uncle/aunt(36),36,uncle/aunt,FALSE,
047,I,domtyp,categorical,other family; specification unknown(37),37,other family; specification unknown,FALSE,
047,I,domtyp,categorical,father/mother-in-law(38),38,father/mother-in-law,FALSE,
047,I,domtyp,categorical,partner/spouse of grandchild(39),39,partner/spouse of grandchild,FALSE,
047,I,domtyp,categorical,neighbor(40),40,neighbor,FALSE,
047,I,domtyp,categorical,former neighbor(41),41,former neighbor,FALSE,
047,I,domtyp,categorical,living in neighborhood(42),42,living in neighborhood,FALSE,
047,I,domtyp,categorical,(former) colleague or his/her spouse(51),51,(former) colleague or his/her spouse,FALSE,
047,I,domtyp,categorical,known through volunteer work(52),52,known through volunteer work,FALSE,
047,I,domtyp,categorical,"known through school, course, education(53)",53,"known through school, course, education",FALSE,
047,I,domtyp,categorical,"known through voluntary organization (e.g. church, sports, political)(60)",60,"known through voluntary organization (e.g. church, sports, political)",FALSE,
047,I,domtyp,categorical,other nonkin; specification unknown(70),70,other nonkin; specification unknown,FALSE,
047,I,domtyp,categorical,friend(71),71,friend,FALSE,
047,I,domtyp,categorical,acquaintance(72),72,acquaintance,FALSE,
047,I,domtyp,categorical,(former) colleague or his/her spouse ->51(73),73,(former) colleague or his/her spouse ->51,FALSE,
047,I,domtyp,categorical,"known through voluntary organization (e.g. church, sports, political) ->60(74)",74,"known through voluntary organization (e.g. church, sports, political) ->60",FALSE,
047,I,domtyp,categorical,known through contact at street(75),75,known through contact at street,FALSE,
047,I,domtyp,categorical,professional helper(76),76,professional helper,FALSE,
047,I,domtyp,categorical,"professional, e.g. pastor, reverend, general practitioner(77)",77,"professional, e.g. pastor, reverend, general practitioner",FALSE,
047,I,domtyp,categorical,other kin or nonkin; specification unknown(78),78,other kin or nonkin; specification unknown,FALSE,
047,I,domtyp,categorical,professional helper (frequent contact)(79),79,professional helper (frequent contact),FALSE,
047,I,domtyp,categorical,partner/spouse outside household(80),80,partner/spouse outside household,FALSE,
047,I,domtyp,categorical,former spouse/partner(81),81,former spouse/partner,FALSE,
047,I,domtyp,categorical,parent of child-in-law(82),82,parent of child-in-law,FALSE,
047,I,domtyp,categorical,former parent-in-law(83),83,former parent-in-law,FALSE,
047,I,domtyp,categorical,landlord(84),84,landlord,FALSE,
047,I,domtyp,categorical,catholic sister(85),85,catholic sister,FALSE,
047,I,domtyp,categorical,other kin or nonkin; specification unknown(86),86,other kin or nonkin; specification unknown,FALSE,
047,J,domtyp,categorical,housekeeper (in household)(1),1,housekeeper (in household),FALSE,
047,J,domtyp,categorical,acquaintance (in household)(2),2,acquaintance (in household),FALSE,
047,J,domtyp,categorical,catholic sister (in household)(3),3,catholic sister (in household),FALSE,
047,J,domtyp,categorical,parent (in household)(4),4,parent (in household),FALSE,
047,J,domtyp,categorical,parent inlaw (in household)(5),5,parent inlaw (in household),FALSE,
047,J,domtyp,categorical,niece/nephew (in household)(6),6,niece/nephew (in household),FALSE,
047,J,domtyp,categorical,son/daughter-in-law (in household)(7),7,son/daughter-in-law (in household),FALSE,
047,J,domtyp,categorical,brother/sister-in-law (in household)(8),8,brother/sister-in-law (in household),FALSE,
047,J,domtyp,categorical,former partner (in household)(9),9,former partner (in household),FALSE,
047,J,domtyp,categorical,boarder/landlord (in household)(10),10,boarder/landlord (in household),FALSE,
047,J,domtyp,categorical,partner/spouse (in household)(11),11,partner/spouse (in household),FALSE,
047,J,domtyp,categorical,biological son/daughter (in household)(12),12,biological son/daughter (in household),FALSE,
047,J,domtyp,categorical,brother/sister (in household)(13),13,brother/sister (in household),FALSE,
047,J,domtyp,categorical,grandson/daughter (in household)(14),14,grandson/daughter (in household),FALSE,
047,J,domtyp,categorical,friend (in household)(15),15,friend (in household),FALSE,
047,J,domtyp,categorical,"other, not specified (in household)(16)",16,"other, not specified (in household)",FALSE,
047,J,domtyp,categorical,"other nonkin, not specified (in household)(17)",17,"other nonkin, not specified (in household)",FALSE,
047,J,domtyp,categorical,"other kin, not specified (in household)(18)",18,"other kin, not specified (in household)",FALSE,
047,J,domtyp,categorical,"son/daughter of partner, step, adoptive, foster (in household)(19)",19,"son/daughter of partner, step, adoptive, foster (in household)",FALSE,
047,J,domtyp,categorical,biological son/daughter(21),21,biological son/daughter,FALSE,
047,J,domtyp,categorical,son/daughter-in-law(22),22,son/daughter-in-law,FALSE,
047,J,domtyp,categorical,"son/daughter of partner, step, adoptive, foster (specification in Xnwtype)(23)",23,"son/daughter of partner, step, adoptive, foster (specification in Xnwtype)",FALSE,
047,J,domtyp,categorical,"former son/daughter-in-law, other specific cases(24)",24,"former son/daughter-in-law, other specific cases",FALSE,
047,J,domtyp,categorical,stepchild(25),25,stepchild,FALSE,
047,J,domtyp,categorical,adoptive child(26),26,adoptive child,FALSE,
047,J,domtyp,categorical,foster child(27),27,foster child,FALSE,
047,J,domtyp,categorical,parent(31),31,parent,FALSE,
047,J,domtyp,categorical,brother/sister (including half or step)(32),32,brother/sister (including half or step),FALSE,
047,J,domtyp,categorical,brother/sister-in-law(33),33,brother/sister-in-law,FALSE,
047,J,domtyp,categorical,grandson/daughter(34),34,grandson/daughter,FALSE,
047,J,domtyp,categorical,cousin/niece/nephew(35),35,cousin/niece/nephew,FALSE,
047,J,domtyp,categorical,uncle/aunt(36),36,uncle/aunt,FALSE,
047,J,domtyp,categorical,other family; specification unknown(37),37,other family; specification unknown,FALSE,
047,J,domtyp,categorical,father/mother-in-law(38),38,father/mother-in-law,FALSE,
047,J,domtyp,categorical,partner/spouse of grandchild(39),39,partner/spouse of grandchild,FALSE,
047,J,domtyp,categorical,neighbor(40),40,neighbor,FALSE,
047,J,domtyp,categorical,former neighbor(41),41,former neighbor,FALSE,
047,J,domtyp,categorical,living in neighborhood(42),42,living in neighborhood,FALSE,
047,J,domtyp,categorical,(former) colleague or his/her spouse(51),51,(former) colleague or his/her spouse,FALSE,
047,J,domtyp,categorical,known through volunteer work(52),52,known through volunteer work,FALSE,
047,J,domtyp,categorical,"known through school, course, education(53)",53,"known through school, course, education",FALSE,
047,J,domtyp,categorical,"known through voluntary organization (e.g. church, sports, political)(60)",60,"known through voluntary organization (e.g. church, sports, political)",FALSE,
047,J,domtyp,categorical,other nonkin; specification unknown(70),70,other nonkin; specification unknown,FALSE,
047,J,domtyp,categorical,friend(71),71,friend,FALSE,
047,J,domtyp,categorical,acquaintance(72),72,acquaintance,FALSE,
047,J,domtyp,categorical,(former) colleague or his/her spouse ->51(73),73,(former) colleague or his/her spouse ->51,FALSE,
047,J,domtyp,categorical,"known through voluntary organization (e.g. church, sports, political) ->60(74)",74,"known through voluntary organization (e.g. church, sports, political) ->60",FALSE,
047,J,domtyp,categorical,known through contact at street(75),75,known through contact at street,FALSE,
047,J,domtyp,categorical,professional helper(76),76,professional helper,FALSE,
047,J,domtyp,categorical,"professional, e.g. pastor, reverend, general practitioner(77)",77,"professional, e.g. pastor, reverend, general practitioner",FALSE,
047,J,domtyp,categorical,other kin or nonkin; specification unknown(78),78,other kin or nonkin; specification unknown,FALSE,
047,J,domtyp,categorical,professional helper (frequent contact)(79),79,professional helper (frequent contact),FALSE,
047,J,domtyp,categorical,partner/spouse outside household(80),80,partner/spouse outside household,FALSE,
047,J,domtyp,categorical,former spouse/partner(81),81,former spouse/partner,FALSE,
047,J,domtyp,categorical,parent of child-in-law(82),82,parent of child-in-law,FALSE,
047,J,domtyp,categorical,former parent-in-law(83),83,former parent-in-law,FALSE,
047,J,domtyp,categorical,landlord(84),84,landlord,FALSE,
047,J,domtyp,categorical,catholic sister(85),85,catholic sister,FALSE,
047,J,domtyp,categorical,other kin or nonkin; specification unknown(86),86,other kin or nonkin; specification unknown,FALSE,
047,K,domtyp,categorical,housekeeper (in household)(1),1,housekeeper (in household),FALSE,
047,K,domtyp,categorical,acquaintance (in household)(2),2,acquaintance (in household),FALSE,
047,K,domtyp,categorical,catholic sister (in household)(3),3,catholic sister (in household),FALSE,
047,K,domtyp,categorical,parent (in household)(4),4,parent (in household),FALSE,
047,K,domtyp,categorical,parent inlaw (in household)(5),5,parent inlaw (in household),FALSE,
047,K,domtyp,categorical,niece/nephew (in household)(6),6,niece/nephew (in household),FALSE,
047,K,domtyp,categorical,son/daughter-in-law (in household)(7),7,son/daughter-in-law (in household),FALSE,
047,K,domtyp,categorical,brother/sister-in-law (in household)(8),8,brother/sister-in-law (in household),FALSE,
047,K,domtyp,categorical,former partner (in household)(9),9,former partner (in household),FALSE,
047,K,domtyp,categorical,boarder/landlord (in household)(10),10,boarder/landlord (in household),FALSE,
047,K,domtyp,categorical,partner/spouse (in household)(11),11,partner/spouse (in household),FALSE,
047,K,domtyp,categorical,biological son/daughter (in household)(12),12,biological son/daughter (in household),FALSE,
047,K,domtyp,categorical,brother/sister (in household)(13),13,brother/sister (in household),FALSE,
047,K,domtyp,categorical,grandson/daughter (in household)(14),14,grandson/daughter (in household),FALSE,
047,K,domtyp,categorical,friend (in household)(15),15,friend (in household),FALSE,
047,K,domtyp,categorical,"other, not specified (in household)(16)",16,"other, not specified (in household)",FALSE,
047,K,domtyp,categorical,"other nonkin, not specified (in household)(17)",17,"other nonkin, not specified (in household)",FALSE,
047,K,domtyp,categorical,"other kin, not specified (in household)(18)",18,"other kin, not specified (in household)",FALSE,
047,K,domtyp,categorical,"son/daughter of partner, step, adoptive, foster (in household)(19)",19,"son/daughter of partner, step, adoptive, foster (in household)",FALSE,
047,K,domtyp,categorical,biological son/daughter(21),21,biological son/daughter,FALSE,
047,K,domtyp,categorical,son/daughter-in-law(22),22,son/daughter-in-law,FALSE,
047,K,domtyp,categorical,"son/daughter of partner, step, adoptive, foster (specification in Xnwtype)(23)",23,"son/daughter of partner, step, adoptive, foster (specification in Xnwtype)",FALSE,
047,K,domtyp,categorical,"former son/daughter-in-law, other specific cases(24)",24,"former son/daughter-in-law, other specific cases",FALSE,
047,K,domtyp,categorical,stepchild(25),25,stepchild,FALSE,
047,K,domtyp,categorical,adoptive child(26),26,adoptive child,FALSE,
047,K,domtyp,categorical,foster child(27),27,foster child,FALSE,
047,K,domtyp,categorical,parent(31),31,parent,FALSE,
047,K,domtyp,categorical,brother/sister (including half or step)(32),32,brother/sister (including half or step),FALSE,
047,K,domtyp,categorical,brother/sister-in-law(33),33,brother/sister-in-law,FALSE,
047,K,domtyp,categorical,grandson/daughter(34),34,grandson/daughter,FALSE,
047,K,domtyp,categorical,cousin/niece/nephew(35),35,cousin/niece/nephew,FALSE,
047,K,domtyp,categorical,uncle/aunt(36),36,uncle/aunt,FALSE,
047,K,domtyp,categorical,other family; specification unknown(37),37,other family; specification unknown,FALSE,
047,K,domtyp,categorical,father/mother-in-law(38),38,father/mother-in-law,FALSE,
047,K,domtyp,categorical,partner/spouse of grandchild(39),39,partner/spouse of grandchild,FALSE,
047,K,domtyp,categorical,neighbor(40),40,neighbor,FALSE,
047,K,domtyp,categorical,former neighbor(41),41,former neighbor,FALSE,
047,K,domtyp,categorical,living in neighborhood(42),42,living in neighborhood,FALSE,
047,K,domtyp,categorical,(former) colleague or his/her spouse(51),51,(former) colleague or his/her spouse,FALSE,
047,K,domtyp,categorical,known through volunteer work(52),52,known through volunteer work,FALSE,
047,K,domtyp,categorical,"known through school, course, education(53)",53,"known through school, course, education",FALSE,
047,K,domtyp,categorical,"known through voluntary organization (e.g. church, sports, political)(60)",60,"known through voluntary organization (e.g. church, sports, political)",FALSE,
047,K,domtyp,categorical,other nonkin; specification unknown(70),70,other nonkin; specification unknown,FALSE,
047,K,domtyp,categorical,friend(71),71,friend,FALSE,
047,K,domtyp,categorical,acquaintance(72),72,acquaintance,FALSE,
047,K,domtyp,categorical,(former) colleague or his/her spouse ->51(73),73,(former) colleague or his/her spouse ->51,FALSE,
047,K,domtyp,categorical,"known through voluntary organization (e.g. church, sports, political) ->60(74)",74,"known through voluntary organization (e.g. church, sports, political) ->60",FALSE,
047,K,domtyp,categorical,known through contact at street(75),75,known through contact at street,FALSE,
047,K,domtyp,categorical,professional helper(76),76,professional helper,FALSE,
047,K,domtyp,categorical,"professional, e.g. pastor, reverend, general practitioner(77)",77,"professional, e.g. pastor, reverend, general practitioner",FALSE,
047,K,domtyp,categorical,other kin or nonkin; specification unknown(78),78,other kin or nonkin; specification unknown,FALSE,
047,K,domtyp,categorical,professional helper (frequent contact)(79),79,professional helper (frequent contact),FALSE,
047,K,domtyp,categorical,partner/spouse outside household(80),80,partner/spouse outside household,FALSE,
047,K,domtyp,categorical,former spouse/partner(81),81,former spouse/partner,FALSE,
047,K,domtyp,categorical,parent of child-in-law(82),82,parent of child-in-law,FALSE,
047,K,domtyp,categorical,former parent-in-law(83),83,former parent-in-law,FALSE,
047,K,domtyp,categorical,landlord(84),84,landlord,FALSE,
047,K,domtyp,categorical,catholic sister(85),85,catholic sister,FALSE,
047,K,domtyp,categorical,other kin or nonkin; specification unknown(86),86,other kin or nonkin; specification unknown,FALSE,
047,B,nwsex,binary,unknown(-1),-1,unknown,TRUE,
047,B,nwsex,binary,male(1),1,male,FALSE,
047,B,nwsex,binary,female(2),2,female,FALSE,
047,C,nwsex,binary,unknown(-1),-1,unknown,TRUE,
047,C,nwsex,binary,male(1),1,male,FALSE,
047,C,nwsex,binary,female(2),2,female,FALSE,
047,D,nwsex,binary,unknown(-1),-1,unknown,TRUE,
047,D,nwsex,binary,male(1),1,male,FALSE,
047,D,nwsex,binary,female(2),2,female,FALSE,
047,E,nwsex,binary,unknown(-1),-1,unknown,TRUE,
047,E,nwsex,binary,male(1),1,male,FALSE,
047,E,nwsex,binary,female(2),2,female,FALSE,
047,2B,nwsex,binary,unknown(-1),-1,unknown,TRUE,
047,2B,nwsex,binary,male(1),1,male,FALSE,
047,2B,nwsex,binary,female(2),2,female,FALSE,
047,F,nwsex,binary,unknown(-1),-1,unknown,TRUE,
047,F,nwsex,binary,male(1),1,male,FALSE,
047,F,nwsex,binary,female(2),2,female,FALSE,
047,G,nwsex,binary,unknown(-1),-1,unknown,TRUE,
047,G,nwsex,binary,male(1),1,male,FALSE,
047,G,nwsex,binary,female(2),2,female,FALSE,
047,H,nwsex,binary,unknown(-1),-1,unknown,TRUE,
047,H,nwsex,binary,male(1),1,male,FALSE,
047,H,nwsex,binary,female(2),2,female,FALSE,
047,3B,nwsex,binary,unknown(-1),-1,unknown,TRUE,
047,3B,nwsex,binary,male(1),1,male,FALSE,
047,3B,nwsex,binary,female(2),2,female,FALSE,
047,I,nwsex,binary,unknown(-1),-1,unknown,TRUE,
047,I,nwsex,binary,male(1),1,male,FALSE,
047,I,nwsex,binary,female(2),2,female,FALSE,
047,J,nwsex,binary,unknown(-1),-1,unknown,TRUE,
047,J,nwsex,binary,male(1),1,male,FALSE,
047,J,nwsex,binary,female(2),2,female,FALSE,
047,K,nwsex,binary,unknown(-1),-1,unknown,TRUE,
047,K,nwsex,binary,male(1),1,male,FALSE,
047,K,nwsex,binary,female(2),2,female,FALSE,
047,B,nwfreq,ordinal,"often are you in touch with ...?"" / ""Hoe vaak heeft u contact met NA: see 247(-6)",-6,"often are you in touch with ...?"" / ""Hoe vaak heeft u contact met NA: see 247",TRUE,
047,B,nwfreq,ordinal,RCF/SYS addition(-3),-3,RCF/SYS addition,TRUE,
047,B,nwfreq,ordinal,no answer(-1),-1,no answer,TRUE,
047,B,nwfreq,ordinal,never(1),1,never,FALSE,
047,B,nwfreq,ordinal,"..."") yearly or less often(2)",2,"..."") yearly or less often",FALSE,
047,B,nwfreq,ordinal,few times year(3),3,few times year,FALSE,
047,B,nwfreq,ordinal,monthly(4),4,monthly,FALSE,
047,B,nwfreq,ordinal,once every 2 weeks(5),5,once every 2 weeks,FALSE,
047,B,nwfreq,ordinal,weekly(6),6,weekly,FALSE,
047,B,nwfreq,ordinal,few times week(7),7,few times week,FALSE,
047,B,nwfreq,ordinal,daily or household member(8),8,daily or household member,FALSE,
047,C,nwfreq,ordinal,"often are you in touch with ...?"" / ""Hoe vaak heeft u contact met NA: see 247(-6)",-6,"often are you in touch with ...?"" / ""Hoe vaak heeft u contact met NA: see 247",TRUE,
047,C,nwfreq,ordinal,RCF/SYS addition(-3),-3,RCF/SYS addition,TRUE,
047,C,nwfreq,ordinal,no answer(-1),-1,no answer,TRUE,
047,C,nwfreq,ordinal,never(1),1,never,FALSE,
047,C,nwfreq,ordinal,"..."") yearly or less often(2)",2,"..."") yearly or less often",FALSE,
047,C,nwfreq,ordinal,few times year(3),3,few times year,FALSE,
047,C,nwfreq,ordinal,monthly(4),4,monthly,FALSE,
047,C,nwfreq,ordinal,once every 2 weeks(5),5,once every 2 weeks,FALSE,
047,C,nwfreq,ordinal,weekly(6),6,weekly,FALSE,
047,C,nwfreq,ordinal,few times week(7),7,few times week,FALSE,
047,C,nwfreq,ordinal,daily or household member(8),8,daily or household member,FALSE,
047,D,nwfreq,ordinal,"often are you in touch with ...?"" / ""Hoe vaak heeft u contact met NA: see 247(-6)",-6,"often are you in touch with ...?"" / ""Hoe vaak heeft u contact met NA: see 247",TRUE,
047,D,nwfreq,ordinal,RCF/SYS addition(-3),-3,RCF/SYS addition,TRUE,
047,D,nwfreq,ordinal,no answer(-1),-1,no answer,TRUE,
047,D,nwfreq,ordinal,never(1),1,never,FALSE,
047,D,nwfreq,ordinal,"..."") yearly or less often(2)",2,"..."") yearly or less often",FALSE,
047,D,nwfreq,ordinal,few times year(3),3,few times year,FALSE,
047,D,nwfreq,ordinal,monthly(4),4,monthly,FALSE,
047,D,nwfreq,ordinal,once every 2 weeks(5),5,once every 2 weeks,FALSE,
047,D,nwfreq,ordinal,weekly(6),6,weekly,FALSE,
047,D,nwfreq,ordinal,few times week(7),7,few times week,FALSE,
047,D,nwfreq,ordinal,daily or household member(8),8,daily or household member,FALSE,
047,E,nwfreq,ordinal,"often are you in touch with ...?"" / ""Hoe vaak heeft u contact met NA: see 247(-6)",-6,"often are you in touch with ...?"" / ""Hoe vaak heeft u contact met NA: see 247",TRUE,
047,E,nwfreq,ordinal,RCF/SYS addition(-3),-3,RCF/SYS addition,TRUE,
047,E,nwfreq,ordinal,no answer(-1),-1,no answer,TRUE,
047,E,nwfreq,ordinal,never(1),1,never,FALSE,
047,E,nwfreq,ordinal,"..."") yearly or less often(2)",2,"..."") yearly or less often",FALSE,
047,E,nwfreq,ordinal,few times year(3),3,few times year,FALSE,
047,E,nwfreq,ordinal,monthly(4),4,monthly,FALSE,
047,E,nwfreq,ordinal,once every 2 weeks(5),5,once every 2 weeks,FALSE,
047,E,nwfreq,ordinal,weekly(6),6,weekly,FALSE,
047,E,nwfreq,ordinal,few times week(7),7,few times week,FALSE,
047,E,nwfreq,ordinal,daily or household member(8),8,daily or household member,FALSE,
047,2B,nwfreq,ordinal,"often are you in touch with ...?"" / ""Hoe vaak heeft u contact met NA: see 247(-6)",-6,"often are you in touch with ...?"" / ""Hoe vaak heeft u contact met NA: see 247",TRUE,
047,2B,nwfreq,ordinal,RCF/SYS addition(-3),-3,RCF/SYS addition,TRUE,
047,2B,nwfreq,ordinal,no answer(-1),-1,no answer,TRUE,
047,2B,nwfreq,ordinal,never(1),1,never,FALSE,
047,2B,nwfreq,ordinal,"..."") yearly or less often(2)",2,"..."") yearly or less often",FALSE,
047,2B,nwfreq,ordinal,few times year(3),3,few times year,FALSE,
047,2B,nwfreq,ordinal,monthly(4),4,monthly,FALSE,
047,2B,nwfreq,ordinal,once every 2 weeks(5),5,once every 2 weeks,FALSE,
047,2B,nwfreq,ordinal,weekly(6),6,weekly,FALSE,
047,2B,nwfreq,ordinal,few times week(7),7,few times week,FALSE,
047,2B,nwfreq,ordinal,daily or household member(8),8,daily or household member,FALSE,
047,F,nwfreq,ordinal,"often are you in touch with ...?"" / ""Hoe vaak heeft u contact met NA: see 247(-6)",-6,"often are you in touch with ...?"" / ""Hoe vaak heeft u contact met NA: see 247",TRUE,
047,F,nwfreq,ordinal,RCF/SYS addition(-3),-3,RCF/SYS addition,TRUE,
047,F,nwfreq,ordinal,no answer(-1),-1,no answer,TRUE,
047,F,nwfreq,ordinal,never(1),1,never,FALSE,
047,F,nwfreq,ordinal,"..."") yearly or less often(2)",2,"..."") yearly or less often",FALSE,
047,F,nwfreq,ordinal,few times year(3),3,few times year,FALSE,
047,F,nwfreq,ordinal,monthly(4),4,monthly,FALSE,
047,F,nwfreq,ordinal,once every 2 weeks(5),5,once every 2 weeks,FALSE,
047,F,nwfreq,ordinal,weekly(6),6,weekly,FALSE,
047,F,nwfreq,ordinal,few times week(7),7,few times week,FALSE,
047,F,nwfreq,ordinal,daily or household member(8),8,daily or household member,FALSE,
047,G,nwfreq,ordinal,"often are you in touch with ...?"" / ""Hoe vaak heeft u contact met NA: see 247(-6)",-6,"often are you in touch with ...?"" / ""Hoe vaak heeft u contact met NA: see 247",TRUE,
047,G,nwfreq,ordinal,RCF/SYS addition(-3),-3,RCF/SYS addition,TRUE,
047,G,nwfreq,ordinal,no answer(-1),-1,no answer,TRUE,
047,G,nwfreq,ordinal,never(1),1,never,FALSE,
047,G,nwfreq,ordinal,"..."") yearly or less often(2)",2,"..."") yearly or less often",FALSE,
047,G,nwfreq,ordinal,few times year(3),3,few times year,FALSE,
047,G,nwfreq,ordinal,monthly(4),4,monthly,FALSE,
047,G,nwfreq,ordinal,once every 2 weeks(5),5,once every 2 weeks,FALSE,
047,G,nwfreq,ordinal,weekly(6),6,weekly,FALSE,
047,G,nwfreq,ordinal,few times week(7),7,few times week,FALSE,
047,G,nwfreq,ordinal,daily or household member(8),8,daily or household member,FALSE,
047,H,nwfreq,ordinal,"often are you in touch with ...?"" / ""Hoe vaak heeft u contact met NA: see 247(-6)",-6,"often are you in touch with ...?"" / ""Hoe vaak heeft u contact met NA: see 247",TRUE,
047,H,nwfreq,ordinal,RCF/SYS addition(-3),-3,RCF/SYS addition,TRUE,
047,H,nwfreq,ordinal,no answer(-1),-1,no answer,TRUE,
047,H,nwfreq,ordinal,never(1),1,never,FALSE,
047,H,nwfreq,ordinal,"..."") yearly or less often(2)",2,"..."") yearly or less often",FALSE,
047,H,nwfreq,ordinal,few times year(3),3,few times year,FALSE,
047,H,nwfreq,ordinal,monthly(4),4,monthly,FALSE,
047,H,nwfreq,ordinal,once every 2 weeks(5),5,once every 2 weeks,FALSE,
047,H,nwfreq,ordinal,weekly(6),6,weekly,FALSE,
047,H,nwfreq,ordinal,few times week(7),7,few times week,FALSE,
047,H,nwfreq,ordinal,daily or household member(8),8,daily or household member,FALSE,
047,3B,nwfreq,ordinal,"often are you in touch with ...?"" / ""Hoe vaak heeft u contact met NA: see 247(-6)",-6,"often are you in touch with ...?"" / ""Hoe vaak heeft u contact met NA: see 247",TRUE,
047,3B,nwfreq,ordinal,RCF/SYS addition(-3),-3,RCF/SYS addition,TRUE,
047,3B,nwfreq,ordinal,no answer(-1),-1,no answer,TRUE,
047,3B,nwfreq,ordinal,never(1),1,never,FALSE,
047,3B,nwfreq,ordinal,"..."") yearly or less often(2)",2,"..."") yearly or less often",FALSE,
047,3B,nwfreq,ordinal,few times year(3),3,few times year,FALSE,
047,3B,nwfreq,ordinal,monthly(4),4,monthly,FALSE,
047,3B,nwfreq,ordinal,once every 2 weeks(5),5,once every 2 weeks,FALSE,
047,3B,nwfreq,ordinal,weekly(6),6,weekly,FALSE,
047,3B,nwfreq,ordinal,few times week(7),7,few times week,FALSE,
047,3B,nwfreq,ordinal,daily or household member(8),8,daily or household member,FALSE,
047,I,nwfreq,ordinal,"often are you in touch with ...?"" / ""Hoe vaak heeft u contact met NA: see 247(-6)",-6,"often are you in touch with ...?"" / ""Hoe vaak heeft u contact met NA: see 247",TRUE,
047,I,nwfreq,ordinal,RCF/SYS addition(-3),-3,RCF/SYS addition,TRUE,
047,I,nwfreq,ordinal,no answer(-1),-1,no answer,TRUE,
047,I,nwfreq,ordinal,never(1),1,never,FALSE,
047,I,nwfreq,ordinal,"..."") yearly or less often(2)",2,"..."") yearly or less often",FALSE,
047,I,nwfreq,ordinal,few times year(3),3,few times year,FALSE,
047,I,nwfreq,ordinal,monthly(4),4,monthly,FALSE,
047,I,nwfreq,ordinal,once every 2 weeks(5),5,once every 2 weeks,FALSE,
047,I,nwfreq,ordinal,weekly(6),6,weekly,FALSE,
047,I,nwfreq,ordinal,few times week(7),7,few times week,FALSE,
047,I,nwfreq,ordinal,daily or household member(8),8,daily or household member,FALSE,
047,J,nwfreq,ordinal,"often are you in touch with ...?"" / ""Hoe vaak heeft u contact met NA: see 247(-6)",-6,"often are you in touch with ...?"" / ""Hoe vaak heeft u contact met NA: see 247",TRUE,
047,J,nwfreq,ordinal,RCF/SYS addition(-3),-3,RCF/SYS addition,TRUE,
047,J,nwfreq,ordinal,no answer(-1),-1,no answer,TRUE,
047,J,nwfreq,ordinal,never(1),1,never,FALSE,
047,J,nwfreq,ordinal,"..."") yearly or less often(2)",2,"..."") yearly or less often",FALSE,
047,J,nwfreq,ordinal,few times year(3),3,few times year,FALSE,
047,J,nwfreq,ordinal,monthly(4),4,monthly,FALSE,
047,J,nwfreq,ordinal,once every 2 weeks(5),5,once every 2 weeks,FALSE,
047,J,nwfreq,ordinal,weekly(6),6,weekly,FALSE,
047,J,nwfreq,ordinal,few times week(7),7,few times week,FALSE,
047,J,nwfreq,ordinal,daily or household member(8),8,daily or household member,FALSE,
047,K,nwfreq,ordinal,"often are you in touch with ...?"" / ""Hoe vaak heeft u contact met NA: see 247(-6)",-6,"often are you in touch with ...?"" / ""Hoe vaak heeft u contact met NA: see 247",TRUE,
047,K,nwfreq,ordinal,RCF/SYS addition(-3),-3,RCF/SYS addition,TRUE,
047,K,nwfreq,ordinal,no answer(-1),-1,no answer,TRUE,
047,K,nwfreq,ordinal,never(1),1,never,FALSE,
047,K,nwfreq,ordinal,"..."") yearly or less often(2)",2,"..."") yearly or less often",FALSE,
047,K,nwfreq,ordinal,few times year(3),3,few times year,FALSE,
047,K,nwfreq,ordinal,monthly(4),4,monthly,FALSE,
047,K,nwfreq,ordinal,once every 2 weeks(5),5,once every 2 weeks,FALSE,
047,K,nwfreq,ordinal,weekly(6),6,weekly,FALSE,
047,K,nwfreq,ordinal,few times week(7),7,few times week,FALSE,
047,K,nwfreq,ordinal,daily or household member(8),8,daily or household member,FALSE,
047,B,random,numeric,NA: see 247(-6),-6,NA: see 247,TRUE,
047,B,random,numeric,RCF/SYS addition(-3),-3,RCF/SYS addition,TRUE,
047,B,random,numeric,missing(-1),-1,missing,TRUE,
047,B,random,numeric,lowest(0),0,,FALSE,
047,B,random,numeric,highest (LSNa)(59),59,,FALSE,
047,B,random,numeric,highest (LASA)(99),99,,FALSE,
047,C,random,numeric,NA: see 247(-6),-6,NA: see 247,TRUE,
047,C,random,numeric,RCF/SYS addition(-3),-3,RCF/SYS addition,TRUE,
047,C,random,numeric,missing(-1),-1,missing,TRUE,
047,C,random,numeric,lowest(0),0,,FALSE,
047,C,random,numeric,highest (LSNa)(59),59,,FALSE,
047,C,random,numeric,highest (LASA)(99),99,,FALSE,
047,D,random,numeric,NA: see 247(-6),-6,NA: see 247,TRUE,
047,D,random,numeric,RCF/SYS addition(-3),-3,RCF/SYS addition,TRUE,
047,D,random,numeric,missing(-1),-1,missing,TRUE,
047,D,random,numeric,lowest(0),0,,FALSE,
047,D,random,numeric,highest (LSNa)(59),59,,FALSE,
047,D,random,numeric,highest (LASA)(99),99,,FALSE,
047,E,random,numeric,NA: see 247(-6),-6,NA: see 247,TRUE,
047,E,random,numeric,RCF/SYS addition(-3),-3,RCF/SYS addition,TRUE,
047,E,random,numeric,missing(-1),-1,missing,TRUE,
047,E,random,numeric,lowest(0),0,,FALSE,
047,E,random,numeric,highest (LSNa)(59),59,,FALSE,
047,E,random,numeric,highest (LASA)(99),99,,FALSE,
047,2B,random,numeric,NA: see 247(-6),-6,NA: see 247,TRUE,
047,2B,random,numeric,RCF/SYS addition(-3),-3,RCF/SYS addition,TRUE,
047,2B,random,numeric,missing(-1),-1,missing,TRUE,
047,2B,random,numeric,lowest(0),0,,FALSE,
047,2B,random,numeric,highest (LSNa)(59),59,,FALSE,
047,2B,random,numeric,highest (LASA)(99),99,,FALSE,
047,F,random,numeric,NA: see 247(-6),-6,NA: see 247,TRUE,
047,F,random,numeric,RCF/SYS addition(-3),-3,RCF/SYS addition,TRUE,
047,F,random,numeric,missing(-1),-1,missing,TRUE,
047,F,random,numeric,lowest(0),0,,FALSE,
047,F,random,numeric,highest (LSNa)(59),59,,FALSE,
047,F,random,numeric,highest (LASA)(99),99,,FALSE,
047,G,random,numeric,NA: see 247(-6),-6,NA: see 247,TRUE,
047,G,random,numeric,RCF/SYS addition(-3),-3,RCF/SYS addition,TRUE,
047,G,random,numeric,missing(-1),-1,missing,TRUE,
047,G,random,numeric,lowest(0),0,,FALSE,
047,G,random,numeric,highest (LSNa)(59),59,,FALSE,
047,G,random,numeric,highest (LASA)(99),99,,FALSE,
047,B,freqran,numeric,NA: see 247(-6),-6,NA: see 247,TRUE,
047,B,freqran,numeric,RCF/SYS addition(-3),-3,RCF/SYS addition,TRUE,
047,B,freqran,numeric,deleted by Interviewer(-1),-1,deleted by Interviewer,TRUE,
047,C,freqran,numeric,NA: see 247(-6),-6,NA: see 247,TRUE,
047,C,freqran,numeric,RCF/SYS addition(-3),-3,RCF/SYS addition,TRUE,
047,C,freqran,numeric,deleted by Interviewer(-1),-1,deleted by Interviewer,TRUE,
047,D,freqran,numeric,NA: see 247(-6),-6,NA: see 247,TRUE,
047,D,freqran,numeric,RCF/SYS addition(-3),-3,RCF/SYS addition,TRUE,
047,D,freqran,numeric,deleted by Interviewer(-1),-1,deleted by Interviewer,TRUE,
047,E,freqran,numeric,NA: see 247(-6),-6,NA: see 247,TRUE,
047,E,freqran,numeric,RCF/SYS addition(-3),-3,RCF/SYS addition,TRUE,
047,E,freqran,numeric,deleted by Interviewer(-1),-1,deleted by Interviewer,TRUE,
047,2B,freqran,numeric,NA: see 247(-6),-6,NA: see 247,TRUE,
047,2B,freqran,numeric,RCF/SYS addition(-3),-3,RCF/SYS addition,TRUE,
047,2B,freqran,numeric,deleted by Interviewer(-1),-1,deleted by Interviewer,TRUE,
047,F,freqran,numeric,NA: see 247(-6),-6,NA: see 247,TRUE,
047,F,freqran,numeric,RCF/SYS addition(-3),-3,RCF/SYS addition,TRUE,
047,F,freqran,numeric,deleted by Interviewer(-1),-1,deleted by Interviewer,TRUE,
047,G,freqran,numeric,NA: see 247(-6),-6,NA: see 247,TRUE,
047,G,freqran,numeric,RCF/SYS addition(-3),-3,RCF/SYS addition,TRUE,
047,G,freqran,numeric,deleted by Interviewer(-1),-1,deleted by Interviewer,TRUE,
047,H,freqran,numeric,NA: see 247(-6),-6,NA: see 247,TRUE,
047,H,freqran,numeric,RCF/SYS addition(-3),-3,RCF/SYS addition,TRUE,
047,H,freqran,numeric,deleted by Interviewer(-1),-1,deleted by Interviewer,TRUE,
047,3B,freqran,numeric,NA: see 247(-6),-6,NA: see 247,TRUE,
047,3B,freqran,numeric,RCF/SYS addition(-3),-3,RCF/SYS addition,TRUE,
047,3B,freqran,numeric,deleted by Interviewer(-1),-1,deleted by Interviewer,TRUE,
047,I,freqran,numeric,NA: see 247(-6),-6,NA: see 247,TRUE,
047,I,freqran,numeric,RCF/SYS addition(-3),-3,RCF/SYS addition,TRUE,
047,I,freqran,numeric,deleted by Interviewer(-1),-1,deleted by Interviewer,TRUE,
047,J,freqran,numeric,NA: see 247(-6),-6,NA: see 247,TRUE,
047,J,freqran,numeric,RCF/SYS addition(-3),-3,RCF/SYS addition,TRUE,
047,J,freqran,numeric,deleted by Interviewer(-1),-1,deleted by Interviewer,TRUE,
047,K,freqran,numeric,NA: see 247(-6),-6,NA: see 247,TRUE,
047,K,freqran,numeric,RCF/SYS addition(-3),-3,RCF/SYS addition,TRUE,
047,K,freqran,numeric,deleted by Interviewer(-1),-1,deleted by Interviewer,TRUE,
047,B,nwtrav,numeric,NA:rank>10/12(-7),-7,NA:rank>10/12,TRUE,
047,B,nwtrav,numeric,NA:see 247(-6),-6,NA:see 247,TRUE,
047,B,nwtrav,numeric,NA:miss techn(-4),-4,NA:miss techn,TRUE,
047,B,nwtrav,numeric,RCF/SYS addition(-3),-3,RCF/SYS addition,TRUE,
047,B,nwtrav,numeric,no answer(-1),-1,no answer,TRUE,
047,B,nwtrav,numeric,no time(0),0,no time,FALSE,
047,B,nwtrav,numeric,1 hour(60),60,1 hour,FALSE,
047,B,nwtrav,numeric,>24 hours(1440),1440,>24 hours,FALSE,
047,C,nwtrav,numeric,NA:rank>10/12(-7),-7,NA:rank>10/12,TRUE,
047,C,nwtrav,numeric,NA:see 247(-6),-6,NA:see 247,TRUE,
047,C,nwtrav,numeric,NA:miss techn(-4),-4,NA:miss techn,TRUE,
047,C,nwtrav,numeric,RCF/SYS addition(-3),-3,RCF/SYS addition,TRUE,
047,C,nwtrav,numeric,no answer(-1),-1,no answer,TRUE,
047,C,nwtrav,numeric,no time(0),0,no time,FALSE,
047,C,nwtrav,numeric,1 hour(60),60,1 hour,FALSE,
047,C,nwtrav,numeric,>24 hours(1440),1440,>24 hours,FALSE,
047,D,nwtrav,numeric,NA:rank>10/12(-7),-7,NA:rank>10/12,TRUE,
047,D,nwtrav,numeric,NA:see 247(-6),-6,NA:see 247,TRUE,
047,D,nwtrav,numeric,NA:miss techn(-4),-4,NA:miss techn,TRUE,
047,D,nwtrav,numeric,RCF/SYS addition(-3),-3,RCF/SYS addition,TRUE,
047,D,nwtrav,numeric,no answer(-1),-1,no answer,TRUE,
047,D,nwtrav,numeric,no time(0),0,no time,FALSE,
047,D,nwtrav,numeric,1 hour(60),60,1 hour,FALSE,
047,D,nwtrav,numeric,>24 hours(1440),1440,>24 hours,FALSE,
047,E,nwtrav,numeric,NA:rank>10/12(-7),-7,NA:rank>10/12,TRUE,
047,E,nwtrav,numeric,NA:see 247(-6),-6,NA:see 247,TRUE,
047,E,nwtrav,numeric,NA:miss techn(-4),-4,NA:miss techn,TRUE,
047,E,nwtrav,numeric,RCF/SYS addition(-3),-3,RCF/SYS addition,TRUE,
047,E,nwtrav,numeric,no answer(-1),-1,no answer,TRUE,
047,E,nwtrav,numeric,no time(0),0,no time,FALSE,
047,E,nwtrav,numeric,1 hour(60),60,1 hour,FALSE,
047,E,nwtrav,numeric,>24 hours(1440),1440,>24 hours,FALSE,
047,2B,nwtrav,numeric,NA:rank>10/12(-7),-7,NA:rank>10/12,TRUE,
047,2B,nwtrav,numeric,NA:see 247(-6),-6,NA:see 247,TRUE,
047,2B,nwtrav,numeric,NA:miss techn(-4),-4,NA:miss techn,TRUE,
047,2B,nwtrav,numeric,RCF/SYS addition(-3),-3,RCF/SYS addition,TRUE,
047,2B,nwtrav,numeric,no answer(-1),-1,no answer,TRUE,
047,2B,nwtrav,numeric,no time(0),0,no time,FALSE,
047,2B,nwtrav,numeric,1 hour(60),60,1 hour,FALSE,
047,2B,nwtrav,numeric,>24 hours(1440),1440,>24 hours,FALSE,
047,F,nwtrav,numeric,NA:rank>10/12(-7),-7,NA:rank>10/12,TRUE,
047,F,nwtrav,numeric,NA:see 247(-6),-6,NA:see 247,TRUE,
047,F,nwtrav,numeric,NA:miss techn(-4),-4,NA:miss techn,TRUE,
047,F,nwtrav,numeric,RCF/SYS addition(-3),-3,RCF/SYS addition,TRUE,
047,F,nwtrav,numeric,no answer(-1),-1,no answer,TRUE,
047,F,nwtrav,numeric,no time(0),0,no time,FALSE,
047,F,nwtrav,numeric,1 hour(60),60,1 hour,FALSE,
047,F,nwtrav,numeric,>24 hours(1440),1440,>24 hours,FALSE,
047,G,nwtrav,numeric,NA:rank>10/12(-7),-7,NA:rank>10/12,TRUE,
047,G,nwtrav,numeric,NA:see 247(-6),-6,NA:see 247,TRUE,
047,G,nwtrav,numeric,NA:miss techn(-4),-4,NA:miss techn,TRUE,
047,G,nwtrav,numeric,RCF/SYS addition(-3),-3,RCF/SYS addition,TRUE,
047,G,nwtrav,numeric,no answer(-1),-1,no answer,TRUE,
047,G,nwtrav,numeric,no time(0),0,no time,FALSE,
047,G,nwtrav,numeric,1 hour(60),60,1 hour,FALSE,
047,G,nwtrav,numeric,>24 hours(1440),1440,>24 hours,FALSE,
047,H,nwtrav,numeric,NA:rank>10/12(-7),-7,NA:rank>10/12,TRUE,
047,H,nwtrav,numeric,NA:see 247(-6),-6,NA:see 247,TRUE,
047,H,nwtrav,numeric,NA:miss techn(-4),-4,NA:miss techn,TRUE,
047,H,nwtrav,numeric,RCF/SYS addition(-3),-3,RCF/SYS addition,TRUE,
047,H,nwtrav,numeric,no answer(-1),-1,no answer,TRUE,
047,H,nwtrav,numeric,no time(0),0,no time,FALSE,
047,H,nwtrav,numeric,1 hour(60),60,1 hour,FALSE,
047,H,nwtrav,numeric,>24 hours(1440),1440,>24 hours,FALSE,
047,3B,nwtrav,numeric,NA:rank>10/12(-7),-7,NA:rank>10/12,TRUE,
047,3B,nwtrav,numeric,NA:see 247(-6),-6,NA:see 247,TRUE,
047,3B,nwtrav,numeric,NA:miss techn(-4),-4,NA:miss techn,TRUE,
047,3B,nwtrav,numeric,RCF/SYS addition(-3),-3,RCF/SYS addition,TRUE,
047,3B,nwtrav,numeric,no answer(-1),-1,no answer,TRUE,
047,3B,nwtrav,numeric,no time(0),0,no time,FALSE,
047,3B,nwtrav,numeric,1 hour(60),60,1 hour,FALSE,
047,3B,nwtrav,numeric,>24 hours(1440),1440,>24 hours,FALSE,
047,I,nwtrav,numeric,NA:rank>10/12(-7),-7,NA:rank>10/12,TRUE,
047,I,nwtrav,numeric,NA:see 247(-6),-6,NA:see 247,TRUE,
047,I,nwtrav,numeric,NA:miss techn(-4),-4,NA:miss techn,TRUE,
047,I,nwtrav,numeric,RCF/SYS addition(-3),-3,RCF/SYS addition,TRUE,
047,I,nwtrav,numeric,no answer(-1),-1,no answer,TRUE,
047,I,nwtrav,numeric,no time(0),0,no time,FALSE,
047,I,nwtrav,numeric,1 hour(60),60,1 hour,FALSE,
047,I,nwtrav,numeric,>24 hours(1440),1440,>24 hours,FALSE,
047,J,nwtrav,numeric,NA:rank>10/12(-7),-7,NA:rank>10/12,TRUE,
047,J,nwtrav,numeric,NA:see 247(-6),-6,NA:see 247,TRUE,
047,J,nwtrav,numeric,NA:miss techn(-4),-4,NA:miss techn,TRUE,
047,J,nwtrav,numeric,RCF/SYS addition(-3),-3,RCF/SYS addition,TRUE,
047,J,nwtrav,numeric,no answer(-1),-1,no answer,TRUE,
047,J,nwtrav,numeric,no time(0),0,no time,FALSE,
047,J,nwtrav,numeric,1 hour(60),60,1 hour,FALSE,
047,J,nwtrav,numeric,>24 hours(1440),1440,>24 hours,FALSE,
047,K,nwtrav,numeric,NA:rank>10/12(-7),-7,NA:rank>10/12,TRUE,
047,K,nwtrav,numeric,NA:see 247(-6),-6,NA:see 247,TRUE,
047,K,nwtrav,numeric,NA:miss techn(-4),-4,NA:miss techn,TRUE,
047,K,nwtrav,numeric,RCF/SYS addition(-3),-3,RCF/SYS addition,TRUE,
047,K,nwtrav,numeric,no answer(-1),-1,no answer,TRUE,
047,K,nwtrav,numeric,no time(0),0,no time,FALSE,
047,K,nwtrav,numeric,1 hour(60),60,1 hour,FALSE,
047,K,nwtrav,numeric,>24 hours(1440),1440,>24 hours,FALSE,
047,B,nwpart,categorical,NA:rank>10/12(-7),-7,NA:rank>10/12,TRUE,
047,B,nwpart,categorical,NA:see 247(-6),-6,NA:see 247,TRUE,
047,B,nwpart,categorical,NA:miss techn(-4),-4,NA:miss techn,TRUE,
047,B,nwpart,categorical,RCF/SYS addition(-3),-3,RCF/SYS addition,TRUE,
047,B,nwpart,categorical,no answer(-1),-1,no answer,TRUE,
047,B,nwpart,categorical,w/partner(1),1,w/partner,FALSE,
047,B,nwpart,categorical,no partner(5),5,no partner,FALSE,
047,B,sequenc,categorical,NA:rank>10/12(-7),-7,NA:rank>10/12,TRUE,
047,B,sequenc,categorical,NA:see 247(-6),-6,NA:see 247,TRUE,
047,B,sequenc,categorical,RCF/SYS addition(-3),-3,RCF/SYS addition,TRUE,
047,B,sequenc,categorical,only missings(-1),-1,only missings,TRUE,
047,B,sequenc,categorical,er ir eg ig(1234),1234,er ir eg ig,FALSE,
047,B,sequenc,categorical,er ir ig eg(1243),1243,er ir ig eg,FALSE,
047,B,sequenc,categorical,er eg ir ig(1324),1324,er eg ir ig,FALSE,
047,B,sequenc,categorical,er eg ig ir(1342),1342,er eg ig ir,FALSE,
047,B,sequenc,categorical,er ig ir eg(1423),1423,er ig ir eg,FALSE,
047,B,sequenc,categorical,er ig eg ir(1432),1432,er ig eg ir,FALSE,
047,B,sequenc,categorical,ir er eg ig(2134),2134,ir er eg ig,FALSE,
047,B,sequenc,categorical,ir er ig eg(2143),2143,ir er ig eg,FALSE,
047,B,sequenc,categorical,ir eg er ig(2314),2314,ir eg er ig,FALSE,
047,B,sequenc,categorical,ir eg ig er(2341),2341,ir eg ig er,FALSE,
047,B,sequenc,categorical,ir ig er eg(2413),2413,ir ig er eg,FALSE,
047,B,sequenc,categorical,ir ig eg er(2431),2431,ir ig eg er,FALSE,
047,B,sequenc,categorical,eg er ir ig(3124),3124,eg er ir ig,FALSE,
047,B,sequenc,categorical,eg er ig ir(3142),3142,eg er ig ir,FALSE,
047,B,sequenc,categorical,eg ir er ig(3214),3214,eg ir er ig,FALSE,
047,B,sequenc,categorical,eg ir ig er(3241),3241,eg ir ig er,FALSE,
047,B,sequenc,categorical,eg ig er ir(3412),3412,eg ig er ir,FALSE,
047,B,sequenc,categorical,eg ig ir er(3421),3421,eg ig ir er,FALSE,
047,B,sequenc,categorical,ig er ir eg(4123),4123,ig er ir eg,FALSE,
047,B,sequenc,categorical,ig er eg ir(4132),4132,ig er eg ir,FALSE,
047,B,sequenc,categorical,ig ir er eg(4213),4213,ig ir er eg,FALSE,
047,B,sequenc,categorical,ig ir eg er(4231),4231,ig ir eg er,FALSE,
047,B,sequenc,categorical,ig eg er ir(4312),4312,ig eg er ir,FALSE,
047,B,sequenc,categorical,ig eg ir er(4321),4321,ig eg ir er,FALSE,
047,C,sequenc,categorical,NA:rank>10/12(-7),-7,NA:rank>10/12,TRUE,
047,C,sequenc,categorical,NA:see 247(-6),-6,NA:see 247,TRUE,
047,C,sequenc,categorical,RCF/SYS addition(-3),-3,RCF/SYS addition,TRUE,
047,C,sequenc,categorical,only missings(-1),-1,only missings,TRUE,
047,C,sequenc,categorical,er ir eg ig(1234),1234,er ir eg ig,FALSE,
047,C,sequenc,categorical,er ir ig eg(1243),1243,er ir ig eg,FALSE,
047,C,sequenc,categorical,er eg ir ig(1324),1324,er eg ir ig,FALSE,
047,C,sequenc,categorical,er eg ig ir(1342),1342,er eg ig ir,FALSE,
047,C,sequenc,categorical,er ig ir eg(1423),1423,er ig ir eg,FALSE,
047,C,sequenc,categorical,er ig eg ir(1432),1432,er ig eg ir,FALSE,
047,C,sequenc,categorical,ir er eg ig(2134),2134,ir er eg ig,FALSE,
047,C,sequenc,categorical,ir er ig eg(2143),2143,ir er ig eg,FALSE,
047,C,sequenc,categorical,ir eg er ig(2314),2314,ir eg er ig,FALSE,
047,C,sequenc,categorical,ir eg ig er(2341),2341,ir eg ig er,FALSE,
047,C,sequenc,categorical,ir ig er eg(2413),2413,ir ig er eg,FALSE,
047,C,sequenc,categorical,ir ig eg er(2431),2431,ir ig eg er,FALSE,
047,C,sequenc,categorical,eg er ir ig(3124),3124,eg er ir ig,FALSE,
047,C,sequenc,categorical,eg er ig ir(3142),3142,eg er ig ir,FALSE,
047,C,sequenc,categorical,eg ir er ig(3214),3214,eg ir er ig,FALSE,
047,C,sequenc,categorical,eg ir ig er(3241),3241,eg ir ig er,FALSE,
047,C,sequenc,categorical,eg ig er ir(3412),3412,eg ig er ir,FALSE,
047,C,sequenc,categorical,eg ig ir er(3421),3421,eg ig ir er,FALSE,
047,C,sequenc,categorical,ig er ir eg(4123),4123,ig er ir eg,FALSE,
047,C,sequenc,categorical,ig er eg ir(4132),4132,ig er eg ir,FALSE,
047,C,sequenc,categorical,ig ir er eg(4213),4213,ig ir er eg,FALSE,
047,C,sequenc,categorical,ig ir eg er(4231),4231,ig ir eg er,FALSE,
047,C,sequenc,categorical,ig eg er ir(4312),4312,ig eg er ir,FALSE,
047,C,sequenc,categorical,ig eg ir er(4321),4321,ig eg ir er,FALSE,
047,D,sequenc,categorical,NA:rank>10/12(-7),-7,NA:rank>10/12,TRUE,
047,D,sequenc,categorical,NA:see 247(-6),-6,NA:see 247,TRUE,
047,D,sequenc,categorical,RCF/SYS addition(-3),-3,RCF/SYS addition,TRUE,
047,D,sequenc,categorical,only missings(-1),-1,only missings,TRUE,
047,D,sequenc,categorical,er ir eg ig(1234),1234,er ir eg ig,FALSE,
047,D,sequenc,categorical,er ir ig eg(1243),1243,er ir ig eg,FALSE,
047,D,sequenc,categorical,er eg ir ig(1324),1324,er eg ir ig,FALSE,
047,D,sequenc,categorical,er eg ig ir(1342),1342,er eg ig ir,FALSE,
047,D,sequenc,categorical,er ig ir eg(1423),1423,er ig ir eg,FALSE,
047,D,sequenc,categorical,er ig eg ir(1432),1432,er ig eg ir,FALSE,
047,D,sequenc,categorical,ir er eg ig(2134),2134,ir er eg ig,FALSE,
047,D,sequenc,categorical,ir er ig eg(2143),2143,ir er ig eg,FALSE,
047,D,sequenc,categorical,ir eg er ig(2314),2314,ir eg er ig,FALSE,
047,D,sequenc,categorical,ir eg ig er(2341),2341,ir eg ig er,FALSE,
047,D,sequenc,categorical,ir ig er eg(2413),2413,ir ig er eg,FALSE,
047,D,sequenc,categorical,ir ig eg er(2431),2431,ir ig eg er,FALSE,
047,D,sequenc,categorical,eg er ir ig(3124),3124,eg er ir ig,FALSE,
047,D,sequenc,categorical,eg er ig ir(3142),3142,eg er ig ir,FALSE,
047,D,sequenc,categorical,eg ir er ig(3214),3214,eg ir er ig,FALSE,
047,D,sequenc,categorical,eg ir ig er(3241),3241,eg ir ig er,FALSE,
047,D,sequenc,categorical,eg ig er ir(3412),3412,eg ig er ir,FALSE,
047,D,sequenc,categorical,eg ig ir er(3421),3421,eg ig ir er,FALSE,
047,D,sequenc,categorical,ig er ir eg(4123),4123,ig er ir eg,FALSE,
047,D,sequenc,categorical,ig er eg ir(4132),4132,ig er eg ir,FALSE,
047,D,sequenc,categorical,ig ir er eg(4213),4213,ig ir er eg,FALSE,
047,D,sequenc,categorical,ig ir eg er(4231),4231,ig ir eg er,FALSE,
047,D,sequenc,categorical,ig eg er ir(4312),4312,ig eg er ir,FALSE,
047,D,sequenc,categorical,ig eg ir er(4321),4321,ig eg ir er,FALSE,
047,E,sequenc,categorical,NA:rank>10/12(-7),-7,NA:rank>10/12,TRUE,
047,E,sequenc,categorical,NA:see 247(-6),-6,NA:see 247,TRUE,
047,E,sequenc,categorical,RCF/SYS addition(-3),-3,RCF/SYS addition,TRUE,
047,E,sequenc,categorical,only missings(-1),-1,only missings,TRUE,
047,E,sequenc,categorical,er ir eg ig(1234),1234,er ir eg ig,FALSE,
047,E,sequenc,categorical,er ir ig eg(1243),1243,er ir ig eg,FALSE,
047,E,sequenc,categorical,er eg ir ig(1324),1324,er eg ir ig,FALSE,
047,E,sequenc,categorical,er eg ig ir(1342),1342,er eg ig ir,FALSE,
047,E,sequenc,categorical,er ig ir eg(1423),1423,er ig ir eg,FALSE,
047,E,sequenc,categorical,er ig eg ir(1432),1432,er ig eg ir,FALSE,
047,E,sequenc,categorical,ir er eg ig(2134),2134,ir er eg ig,FALSE,
047,E,sequenc,categorical,ir er ig eg(2143),2143,ir er ig eg,FALSE,
047,E,sequenc,categorical,ir eg er ig(2314),2314,ir eg er ig,FALSE,
047,E,sequenc,categorical,ir eg ig er(2341),2341,ir eg ig er,FALSE,
047,E,sequenc,categorical,ir ig er eg(2413),2413,ir ig er eg,FALSE,
047,E,sequenc,categorical,ir ig eg er(2431),2431,ir ig eg er,FALSE,
047,E,sequenc,categorical,eg er ir ig(3124),3124,eg er ir ig,FALSE,
047,E,sequenc,categorical,eg er ig ir(3142),3142,eg er ig ir,FALSE,
047,E,sequenc,categorical,eg ir er ig(3214),3214,eg ir er ig,FALSE,
047,E,sequenc,categorical,eg ir ig er(3241),3241,eg ir ig er,FALSE,
047,E,sequenc,categorical,eg ig er ir(3412),3412,eg ig er ir,FALSE,
047,E,sequenc,categorical,eg ig ir er(3421),3421,eg ig ir er,FALSE,
047,E,sequenc,categorical,ig er ir eg(4123),4123,ig er ir eg,FALSE,
047,E,sequenc,categorical,ig er eg ir(4132),4132,ig er eg ir,FALSE,
047,E,sequenc,categorical,ig ir er eg(4213),4213,ig ir er eg,FALSE,
047,E,sequenc,categorical,ig ir eg er(4231),4231,ig ir eg er,FALSE,
047,E,sequenc,categorical,ig eg er ir(4312),4312,ig eg er ir,FALSE,
047,E,sequenc,categorical,ig eg ir er(4321),4321,ig eg ir er,FALSE,
047,2B,sequenc,categorical,NA:rank>10/12(-7),-7,NA:rank>10/12,TRUE,
047,2B,sequenc,categorical,NA:see 247(-6),-6,NA:see 247,TRUE,
047,2B,sequenc,categorical,RCF/SYS addition(-3),-3,RCF/SYS addition,TRUE,
047,2B,sequenc,categorical,only missings(-1),-1,only missings,TRUE,
047,2B,sequenc,categorical,er ir eg ig(1234),1234,er ir eg ig,FALSE,
047,2B,sequenc,categorical,er ir ig eg(1243),1243,er ir ig eg,FALSE,
047,2B,sequenc,categorical,er eg ir ig(1324),1324,er eg ir ig,FALSE,
047,2B,sequenc,categorical,er eg ig ir(1342),1342,er eg ig ir,FALSE,
047,2B,sequenc,categorical,er ig ir eg(1423),1423,er ig ir eg,FALSE,
047,2B,sequenc,categorical,er ig eg ir(1432),1432,er ig eg ir,FALSE,
047,2B,sequenc,categorical,ir er eg ig(2134),2134,ir er eg ig,FALSE,
047,2B,sequenc,categorical,ir er ig eg(2143),2143,ir er ig eg,FALSE,
047,2B,sequenc,categorical,ir eg er ig(2314),2314,ir eg er ig,FALSE,
047,2B,sequenc,categorical,ir eg ig er(2341),2341,ir eg ig er,FALSE,
047,2B,sequenc,categorical,ir ig er eg(2413),2413,ir ig er eg,FALSE,
047,2B,sequenc,categorical,ir ig eg er(2431),2431,ir ig eg er,FALSE,
047,2B,sequenc,categorical,eg er ir ig(3124),3124,eg er ir ig,FALSE,
047,2B,sequenc,categorical,eg er ig ir(3142),3142,eg er ig ir,FALSE,
047,2B,sequenc,categorical,eg ir er ig(3214),3214,eg ir er ig,FALSE,
047,2B,sequenc,categorical,eg ir ig er(3241),3241,eg ir ig er,FALSE,
047,2B,sequenc,categorical,eg ig er ir(3412),3412,eg ig er ir,FALSE,
047,2B,sequenc,categorical,eg ig ir er(3421),3421,eg ig ir er,FALSE,
047,2B,sequenc,categorical,ig er ir eg(4123),4123,ig er ir eg,FALSE,
047,2B,sequenc,categorical,ig er eg ir(4132),4132,ig er eg ir,FALSE,
047,2B,sequenc,categorical,ig ir er eg(4213),4213,ig ir er eg,FALSE,
047,2B,sequenc,categorical,ig ir eg er(4231),4231,ig ir eg er,FALSE,
047,2B,sequenc,categorical,ig eg er ir(4312),4312,ig eg er ir,FALSE,
047,2B,sequenc,categorical,ig eg ir er(4321),4321,ig eg ir er,FALSE,
047,F,sequenc,categorical,NA:rank>10/12(-7),-7,NA:rank>10/12,TRUE,
047,F,sequenc,categorical,NA:see 247(-6),-6,NA:see 247,TRUE,
047,F,sequenc,categorical,RCF/SYS addition(-3),-3,RCF/SYS addition,TRUE,
047,F,sequenc,categorical,only missings(-1),-1,only missings,TRUE,
047,F,sequenc,categorical,er ir eg ig(1234),1234,er ir eg ig,FALSE,
047,F,sequenc,categorical,er ir ig eg(1243),1243,er ir ig eg,FALSE,
047,F,sequenc,categorical,er eg ir ig(1324),1324,er eg ir ig,FALSE,
047,F,sequenc,categorical,er eg ig ir(1342),1342,er eg ig ir,FALSE,
047,F,sequenc,categorical,er ig ir eg(1423),1423,er ig ir eg,FALSE,
047,F,sequenc,categorical,er ig eg ir(1432),1432,er ig eg ir,FALSE,
047,F,sequenc,categorical,ir er eg ig(2134),2134,ir er eg ig,FALSE,
047,F,sequenc,categorical,ir er ig eg(2143),2143,ir er ig eg,FALSE,
047,F,sequenc,categorical,ir eg er ig(2314),2314,ir eg er ig,FALSE,
047,F,sequenc,categorical,ir eg ig er(2341),2341,ir eg ig er,FALSE,
047,F,sequenc,categorical,ir ig er eg(2413),2413,ir ig er eg,FALSE,
047,F,sequenc,categorical,ir ig eg er(2431),2431,ir ig eg er,FALSE,
047,F,sequenc,categorical,eg er ir ig(3124),3124,eg er ir ig,FALSE,
047,F,sequenc,categorical,eg er ig ir(3142),3142,eg er ig ir,FALSE,
047,F,sequenc,categorical,eg ir er ig(3214),3214,eg ir er ig,FALSE,
047,F,sequenc,categorical,eg ir ig er(3241),3241,eg ir ig er,FALSE,
047,F,sequenc,categorical,eg ig er ir(3412),3412,eg ig er ir,FALSE,
047,F,sequenc,categorical,eg ig ir er(3421),3421,eg ig ir er,FALSE,
047,F,sequenc,categorical,ig er ir eg(4123),4123,ig er ir eg,FALSE,
047,F,sequenc,categorical,ig er eg ir(4132),4132,ig er eg ir,FALSE,
047,F,sequenc,categorical,ig ir er eg(4213),4213,ig ir er eg,FALSE,
047,F,sequenc,categorical,ig ir eg er(4231),4231,ig ir eg er,FALSE,
047,F,sequenc,categorical,ig eg er ir(4312),4312,ig eg er ir,FALSE,
047,F,sequenc,categorical,ig eg ir er(4321),4321,ig eg ir er,FALSE,
047,G,sequenc,categorical,NA:rank>10/12(-7),-7,NA:rank>10/12,TRUE,
047,G,sequenc,categorical,NA:see 247(-6),-6,NA:see 247,TRUE,
047,G,sequenc,categorical,RCF/SYS addition(-3),-3,RCF/SYS addition,TRUE,
047,G,sequenc,categorical,only missings(-1),-1,only missings,TRUE,
047,G,sequenc,categorical,er ir eg ig(1234),1234,er ir eg ig,FALSE,
047,G,sequenc,categorical,er ir ig eg(1243),1243,er ir ig eg,FALSE,
047,G,sequenc,categorical,er eg ir ig(1324),1324,er eg ir ig,FALSE,
047,G,sequenc,categorical,er eg ig ir(1342),1342,er eg ig ir,FALSE,
047,G,sequenc,categorical,er ig ir eg(1423),1423,er ig ir eg,FALSE,
047,G,sequenc,categorical,er ig eg ir(1432),1432,er ig eg ir,FALSE,
047,G,sequenc,categorical,ir er eg ig(2134),2134,ir er eg ig,FALSE,
047,G,sequenc,categorical,ir er ig eg(2143),2143,ir er ig eg,FALSE,
047,G,sequenc,categorical,ir eg er ig(2314),2314,ir eg er ig,FALSE,
047,G,sequenc,categorical,ir eg ig er(2341),2341,ir eg ig er,FALSE,
047,G,sequenc,categorical,ir ig er eg(2413),2413,ir ig er eg,FALSE,
047,G,sequenc,categorical,ir ig eg er(2431),2431,ir ig eg er,FALSE,
047,G,sequenc,categorical,eg er ir ig(3124),3124,eg er ir ig,FALSE,
047,G,sequenc,categorical,eg er ig ir(3142),3142,eg er ig ir,FALSE,
047,G,sequenc,categorical,eg ir er ig(3214),3214,eg ir er ig,FALSE,
047,G,sequenc,categorical,eg ir ig er(3241),3241,eg ir ig er,FALSE,
047,G,sequenc,categorical,eg ig er ir(3412),3412,eg ig er ir,FALSE,
047,G,sequenc,categorical,eg ig ir er(3421),3421,eg ig ir er,FALSE,
047,G,sequenc,categorical,ig er ir eg(4123),4123,ig er ir eg,FALSE,
047,G,sequenc,categorical,ig er eg ir(4132),4132,ig er eg ir,FALSE,
047,G,sequenc,categorical,ig ir er eg(4213),4213,ig ir er eg,FALSE,
047,G,sequenc,categorical,ig ir eg er(4231),4231,ig ir eg er,FALSE,
047,G,sequenc,categorical,ig eg er ir(4312),4312,ig eg er ir,FALSE,
047,G,sequenc,categorical,ig eg ir er(4321),4321,ig eg ir er,FALSE,
047,H,sequenc,categorical,NA:rank>10/12(-7),-7,NA:rank>10/12,TRUE,
047,H,sequenc,categorical,NA:see 247(-6),-6,NA:see 247,TRUE,
047,H,sequenc,categorical,RCF/SYS addition(-3),-3,RCF/SYS addition,TRUE,
047,H,sequenc,categorical,only missings(-1),-1,only missings,TRUE,
047,H,sequenc,categorical,er ir eg ig(1234),1234,er ir eg ig,FALSE,
047,H,sequenc,categorical,er ir ig eg(1243),1243,er ir ig eg,FALSE,
047,H,sequenc,categorical,er eg ir ig(1324),1324,er eg ir ig,FALSE,
047,H,sequenc,categorical,er eg ig ir(1342),1342,er eg ig ir,FALSE,
047,H,sequenc,categorical,er ig ir eg(1423),1423,er ig ir eg,FALSE,
047,H,sequenc,categorical,er ig eg ir(1432),1432,er ig eg ir,FALSE,
047,H,sequenc,categorical,ir er eg ig(2134),2134,ir er eg ig,FALSE,
047,H,sequenc,categorical,ir er ig eg(2143),2143,ir er ig eg,FALSE,
047,H,sequenc,categorical,ir eg er ig(2314),2314,ir eg er ig,FALSE,
047,H,sequenc,categorical,ir eg ig er(2341),2341,ir eg ig er,FALSE,
047,H,sequenc,categorical,ir ig er eg(2413),2413,ir ig er eg,FALSE,
047,H,sequenc,categorical,ir ig eg er(2431),2431,ir ig eg er,FALSE,
047,H,sequenc,categorical,eg er ir ig(3124),3124,eg er ir ig,FALSE,
047,H,sequenc,categorical,eg er ig ir(3142),3142,eg er ig ir,FALSE,
047,H,sequenc,categorical,eg ir er ig(3214),3214,eg ir er ig,FALSE,
047,H,sequenc,categorical,eg ir ig er(3241),3241,eg ir ig er,FALSE,
047,H,sequenc,categorical,eg ig er ir(3412),3412,eg ig er ir,FALSE,
047,H,sequenc,categorical,eg ig ir er(3421),3421,eg ig ir er,FALSE,
047,H,sequenc,categorical,ig er ir eg(4123),4123,ig er ir eg,FALSE,
047,H,sequenc,categorical,ig er eg ir(4132),4132,ig er eg ir,FALSE,
047,H,sequenc,categorical,ig ir er eg(4213),4213,ig ir er eg,FALSE,
047,H,sequenc,categorical,ig ir eg er(4231),4231,ig ir eg er,FALSE,
047,H,sequenc,categorical,ig eg er ir(4312),4312,ig eg er ir,FALSE,
047,H,sequenc,categorical,ig eg ir er(4321),4321,ig eg ir er,FALSE,
047,3B,sequenc,categorical,NA:rank>10/12(-7),-7,NA:rank>10/12,TRUE,
047,3B,sequenc,categorical,NA:see 247(-6),-6,NA:see 247,TRUE,
047,3B,sequenc,categorical,RCF/SYS addition(-3),-3,RCF/SYS addition,TRUE,
047,3B,sequenc,categorical,only missings(-1),-1,only missings,TRUE,
047,3B,sequenc,categorical,er ir eg ig(1234),1234,er ir eg ig,FALSE,
047,3B,sequenc,categorical,er ir ig eg(1243),1243,er ir ig eg,FALSE,
047,3B,sequenc,categorical,er eg ir ig(1324),1324,er eg ir ig,FALSE,
047,3B,sequenc,categorical,er eg ig ir(1342),1342,er eg ig ir,FALSE,
047,3B,sequenc,categorical,er ig ir eg(1423),1423,er ig ir eg,FALSE,
047,3B,sequenc,categorical,er ig eg ir(1432),1432,er ig eg ir,FALSE,
047,3B,sequenc,categorical,ir er eg ig(2134),2134,ir er eg ig,FALSE,
047,3B,sequenc,categorical,ir er ig eg(2143),2143,ir er ig eg,FALSE,
047,3B,sequenc,categorical,ir eg er ig(2314),2314,ir eg er ig,FALSE,
047,3B,sequenc,categorical,ir eg ig er(2341),2341,ir eg ig er,FALSE,
047,3B,sequenc,categorical,ir ig er eg(2413),2413,ir ig er eg,FALSE,
047,3B,sequenc,categorical,ir ig eg er(2431),2431,ir ig eg er,FALSE,
047,3B,sequenc,categorical,eg er ir ig(3124),3124,eg er ir ig,FALSE,
047,3B,sequenc,categorical,eg er ig ir(3142),3142,eg er ig ir,FALSE,
047,3B,sequenc,categorical,eg ir er ig(3214),3214,eg ir er ig,FALSE,
047,3B,sequenc,categorical,eg ir ig er(3241),3241,eg ir ig er,FALSE,
047,3B,sequenc,categorical,eg ig er ir(3412),3412,eg ig er ir,FALSE,
047,3B,sequenc,categorical,eg ig ir er(3421),3421,eg ig ir er,FALSE,
047,3B,sequenc,categorical,ig er ir eg(4123),4123,ig er ir eg,FALSE,
047,3B,sequenc,categorical,ig er eg ir(4132),4132,ig er eg ir,FALSE,
047,3B,sequenc,categorical,ig ir er eg(4213),4213,ig ir er eg,FALSE,
047,3B,sequenc,categorical,ig ir eg er(4231),4231,ig ir eg er,FALSE,
047,3B,sequenc,categorical,ig eg er ir(4312),4312,ig eg er ir,FALSE,
047,3B,sequenc,categorical,ig eg ir er(4321),4321,ig eg ir er,FALSE,
047,I,sequenc,categorical,NA:rank>10/12(-7),-7,NA:rank>10/12,TRUE,
047,I,sequenc,categorical,NA:see 247(-6),-6,NA:see 247,TRUE,
047,I,sequenc,categorical,RCF/SYS addition(-3),-3,RCF/SYS addition,TRUE,
047,I,sequenc,categorical,only missings(-1),-1,only missings,TRUE,
047,I,sequenc,categorical,er ir eg ig(1234),1234,er ir eg ig,FALSE,
047,I,sequenc,categorical,er ir ig eg(1243),1243,er ir ig eg,FALSE,
047,I,sequenc,categorical,er eg ir ig(1324),1324,er eg ir ig,FALSE,
047,I,sequenc,categorical,er eg ig ir(1342),1342,er eg ig ir,FALSE,
047,I,sequenc,categorical,er ig ir eg(1423),1423,er ig ir eg,FALSE,
047,I,sequenc,categorical,er ig eg ir(1432),1432,er ig eg ir,FALSE,
047,I,sequenc,categorical,ir er eg ig(2134),2134,ir er eg ig,FALSE,
047,I,sequenc,categorical,ir er ig eg(2143),2143,ir er ig eg,FALSE,
047,I,sequenc,categorical,ir eg er ig(2314),2314,ir eg er ig,FALSE,
047,I,sequenc,categorical,ir eg ig er(2341),2341,ir eg ig er,FALSE,
047,I,sequenc,categorical,ir ig er eg(2413),2413,ir ig er eg,FALSE,
047,I,sequenc,categorical,ir ig eg er(2431),2431,ir ig eg er,FALSE,
047,I,sequenc,categorical,eg er ir ig(3124),3124,eg er ir ig,FALSE,
047,I,sequenc,categorical,eg er ig ir(3142),3142,eg er ig ir,FALSE,
047,I,sequenc,categorical,eg ir er ig(3214),3214,eg ir er ig,FALSE,
047,I,sequenc,categorical,eg ir ig er(3241),3241,eg ir ig er,FALSE,
047,I,sequenc,categorical,eg ig er ir(3412),3412,eg ig er ir,FALSE,
047,I,sequenc,categorical,eg ig ir er(3421),3421,eg ig ir er,FALSE,
047,I,sequenc,categorical,ig er ir eg(4123),4123,ig er ir eg,FALSE,
047,I,sequenc,categorical,ig er eg ir(4132),4132,ig er eg ir,FALSE,
047,I,sequenc,categorical,ig ir er eg(4213),4213,ig ir er eg,FALSE,
047,I,sequenc,categorical,ig ir eg er(4231),4231,ig ir eg er,FALSE,
047,I,sequenc,categorical,ig eg er ir(4312),4312,ig eg er ir,FALSE,
047,I,sequenc,categorical,ig eg ir er(4321),4321,ig eg ir er,FALSE,
047,J,sequenc,categorical,NA:rank>10/12(-7),-7,NA:rank>10/12,TRUE,
047,J,sequenc,categorical,NA:see 247(-6),-6,NA:see 247,TRUE,
047,J,sequenc,categorical,RCF/SYS addition(-3),-3,RCF/SYS addition,TRUE,
047,J,sequenc,categorical,only missings(-1),-1,only missings,TRUE,
047,J,sequenc,categorical,er ir eg ig(1234),1234,er ir eg ig,FALSE,
047,J,sequenc,categorical,er ir ig eg(1243),1243,er ir ig eg,FALSE,
047,J,sequenc,categorical,er eg ir ig(1324),1324,er eg ir ig,FALSE,
047,J,sequenc,categorical,er eg ig ir(1342),1342,er eg ig ir,FALSE,
047,J,sequenc,categorical,er ig ir eg(1423),1423,er ig ir eg,FALSE,
047,J,sequenc,categorical,er ig eg ir(1432),1432,er ig eg ir,FALSE,
047,J,sequenc,categorical,ir er eg ig(2134),2134,ir er eg ig,FALSE,
047,J,sequenc,categorical,ir er ig eg(2143),2143,ir er ig eg,FALSE,
047,J,sequenc,categorical,ir eg er ig(2314),2314,ir eg er ig,FALSE,
047,J,sequenc,categorical,ir eg ig er(2341),2341,ir eg ig er,FALSE,
047,J,sequenc,categorical,ir ig er eg(2413),2413,ir ig er eg,FALSE,
047,J,sequenc,categorical,ir ig eg er(2431),2431,ir ig eg er,FALSE,
047,J,sequenc,categorical,eg er ir ig(3124),3124,eg er ir ig,FALSE,
047,J,sequenc,categorical,eg er ig ir(3142),3142,eg er ig ir,FALSE,
047,J,sequenc,categorical,eg ir er ig(3214),3214,eg ir er ig,FALSE,
047,J,sequenc,categorical,eg ir ig er(3241),3241,eg ir ig er,FALSE,
047,J,sequenc,categorical,eg ig er ir(3412),3412,eg ig er ir,FALSE,
047,J,sequenc,categorical,eg ig ir er(3421),3421,eg ig ir er,FALSE,
047,J,sequenc,categorical,ig er ir eg(4123),4123,ig er ir eg,FALSE,
047,J,sequenc,categorical,ig er eg ir(4132),4132,ig er eg ir,FALSE,
047,J,sequenc,categorical,ig ir er eg(4213),4213,ig ir er eg,FALSE,
047,J,sequenc,categorical,ig ir eg er(4231),4231,ig ir eg er,FALSE,
047,J,sequenc,categorical,ig eg er ir(4312),4312,ig eg er ir,FALSE,
047,J,sequenc,categorical,ig eg ir er(4321),4321,ig eg ir er,FALSE,
047,K,sequenc,categorical,NA:rank>10/12(-7),-7,NA:rank>10/12,TRUE,
047,K,sequenc,categorical,NA:see 247(-6),-6,NA:see 247,TRUE,
047,K,sequenc,categorical,RCF/SYS addition(-3),-3,RCF/SYS addition,TRUE,
047,K,sequenc,categorical,only missings(-1),-1,only missings,TRUE,
047,K,sequenc,categorical,er ir eg ig(1234),1234,er ir eg ig,FALSE,
047,K,sequenc,categorical,er ir ig eg(1243),1243,er ir ig eg,FALSE,
047,K,sequenc,categorical,er eg ir ig(1324),1324,er eg ir ig,FALSE,
047,K,sequenc,categorical,er eg ig ir(1342),1342,er eg ig ir,FALSE,
047,K,sequenc,categorical,er ig ir eg(1423),1423,er ig ir eg,FALSE,
047,K,sequenc,categorical,er ig eg ir(1432),1432,er ig eg ir,FALSE,
047,K,sequenc,categorical,ir er eg ig(2134),2134,ir er eg ig,FALSE,
047,K,sequenc,categorical,ir er ig eg(2143),2143,ir er ig eg,FALSE,
047,K,sequenc,categorical,ir eg er ig(2314),2314,ir eg er ig,FALSE,
047,K,sequenc,categorical,ir eg ig er(2341),2341,ir eg ig er,FALSE,
047,K,sequenc,categorical,ir ig er eg(2413),2413,ir ig er eg,FALSE,
047,K,sequenc,categorical,ir ig eg er(2431),2431,ir ig eg er,FALSE,
047,K,sequenc,categorical,eg er ir ig(3124),3124,eg er ir ig,FALSE,
047,K,sequenc,categorical,eg er ig ir(3142),3142,eg er ig ir,FALSE,
047,K,sequenc,categorical,eg ir er ig(3214),3214,eg ir er ig,FALSE,
047,K,sequenc,categorical,eg ir ig er(3241),3241,eg ir ig er,FALSE,
047,K,sequenc,categorical,eg ig er ir(3412),3412,eg ig er ir,FALSE,
047,K,sequenc,categorical,eg ig ir er(3421),3421,eg ig ir er,FALSE,
047,K,sequenc,categorical,ig er ir eg(4123),4123,ig er ir eg,FALSE,
047,K,sequenc,categorical,ig er eg ir(4132),4132,ig er eg ir,FALSE,
047,K,sequenc,categorical,ig ir er eg(4213),4213,ig ir er eg,FALSE,
047,K,sequenc,categorical,ig ir eg er(4231),4231,ig ir eg er,FALSE,
047,K,sequenc,categorical,ig eg er ir(4312),4312,ig eg er ir,FALSE,
047,K,sequenc,categorical,ig eg ir er(4321),4321,ig eg ir er,FALSE,
047,B,emo_rec,ordinal,NA:rank>10/12(-7),-7,NA:rank>10/12,TRUE,
047,B,emo_rec,ordinal,NA:see 247(-6),-6,NA:see 247,TRUE,
047,B,emo_rec,ordinal,RCF/SYS addition(-3),-3,RCF/SYS addition,TRUE,
047,B,emo_rec,ordinal,no answer(-1),-1,no answer,TRUE,
047,B,emo_rec,ordinal,never(1),1,never,FALSE,
047,B,emo_rec,ordinal,seldom(2),2,seldom,FALSE,
047,B,emo_rec,ordinal,sometimes(3),3,sometimes,FALSE,
047,B,emo_rec,ordinal,often(4),4,often,FALSE,
047,C,emo_rec,ordinal,NA:rank>10/12(-7),-7,NA:rank>10/12,TRUE,
047,C,emo_rec,ordinal,NA:see 247(-6),-6,NA:see 247,TRUE,
047,C,emo_rec,ordinal,RCF/SYS addition(-3),-3,RCF/SYS addition,TRUE,
047,C,emo_rec,ordinal,no answer(-1),-1,no answer,TRUE,
047,C,emo_rec,ordinal,never(1),1,never,FALSE,
047,C,emo_rec,ordinal,seldom(2),2,seldom,FALSE,
047,C,emo_rec,ordinal,sometimes(3),3,sometimes,FALSE,
047,C,emo_rec,ordinal,often(4),4,often,FALSE,
047,D,emo_rec,ordinal,NA:rank>10/12(-7),-7,NA:rank>10/12,TRUE,
047,D,emo_rec,ordinal,NA:see 247(-6),-6,NA:see 247,TRUE,
047,D,emo_rec,ordinal,RCF/SYS addition(-3),-3,RCF/SYS addition,TRUE,
047,D,emo_rec,ordinal,no answer(-1),-1,no answer,TRUE,
047,D,emo_rec,ordinal,never(1),1,never,FALSE,
047,D,emo_rec,ordinal,seldom(2),2,seldom,FALSE,
047,D,emo_rec,ordinal,sometimes(3),3,sometimes,FALSE,
047,D,emo_rec,ordinal,often(4),4,often,FALSE,
047,E,emo_rec,ordinal,NA:rank>10/12(-7),-7,NA:rank>10/12,TRUE,
047,E,emo_rec,ordinal,NA:see 247(-6),-6,NA:see 247,TRUE,
047,E,emo_rec,ordinal,RCF/SYS addition(-3),-3,RCF/SYS addition,TRUE,
047,E,emo_rec,ordinal,no answer(-1),-1,no answer,TRUE,
047,E,emo_rec,ordinal,never(1),1,never,FALSE,
047,E,emo_rec,ordinal,seldom(2),2,seldom,FALSE,
047,E,emo_rec,ordinal,sometimes(3),3,sometimes,FALSE,
047,E,emo_rec,ordinal,often(4),4,often,FALSE,
047,2B,emo_rec,ordinal,NA:rank>10/12(-7),-7,NA:rank>10/12,TRUE,
047,2B,emo_rec,ordinal,NA:see 247(-6),-6,NA:see 247,TRUE,
047,2B,emo_rec,ordinal,RCF/SYS addition(-3),-3,RCF/SYS addition,TRUE,
047,2B,emo_rec,ordinal,no answer(-1),-1,no answer,TRUE,
047,2B,emo_rec,ordinal,never(1),1,never,FALSE,
047,2B,emo_rec,ordinal,seldom(2),2,seldom,FALSE,
047,2B,emo_rec,ordinal,sometimes(3),3,sometimes,FALSE,
047,2B,emo_rec,ordinal,often(4),4,often,FALSE,
047,F,emo_rec,ordinal,NA:rank>10/12(-7),-7,NA:rank>10/12,TRUE,
047,F,emo_rec,ordinal,NA:see 247(-6),-6,NA:see 247,TRUE,
047,F,emo_rec,ordinal,RCF/SYS addition(-3),-3,RCF/SYS addition,TRUE,
047,F,emo_rec,ordinal,no answer(-1),-1,no answer,TRUE,
047,F,emo_rec,ordinal,never(1),1,never,FALSE,
047,F,emo_rec,ordinal,seldom(2),2,seldom,FALSE,
047,F,emo_rec,ordinal,sometimes(3),3,sometimes,FALSE,
047,F,emo_rec,ordinal,often(4),4,often,FALSE,
047,G,emo_rec,ordinal,NA:rank>10/12(-7),-7,NA:rank>10/12,TRUE,
047,G,emo_rec,ordinal,NA:see 247(-6),-6,NA:see 247,TRUE,
047,G,emo_rec,ordinal,RCF/SYS addition(-3),-3,RCF/SYS addition,TRUE,
047,G,emo_rec,ordinal,no answer(-1),-1,no answer,TRUE,
047,G,emo_rec,ordinal,never(1),1,never,FALSE,
047,G,emo_rec,ordinal,seldom(2),2,seldom,FALSE,
047,G,emo_rec,ordinal,sometimes(3),3,sometimes,FALSE,
047,G,emo_rec,ordinal,often(4),4,often,FALSE,
047,H,emo_rec,ordinal,NA:rank>10/12(-7),-7,NA:rank>10/12,TRUE,
047,H,emo_rec,ordinal,NA:see 247(-6),-6,NA:see 247,TRUE,
047,H,emo_rec,ordinal,RCF/SYS addition(-3),-3,RCF/SYS addition,TRUE,
047,H,emo_rec,ordinal,no answer(-1),-1,no answer,TRUE,
047,H,emo_rec,ordinal,never(1),1,never,FALSE,
047,H,emo_rec,ordinal,seldom(2),2,seldom,FALSE,
047,H,emo_rec,ordinal,sometimes(3),3,sometimes,FALSE,
047,H,emo_rec,ordinal,often(4),4,often,FALSE,
047,3B,emo_rec,ordinal,NA:rank>10/12(-7),-7,NA:rank>10/12,TRUE,
047,3B,emo_rec,ordinal,NA:see 247(-6),-6,NA:see 247,TRUE,
047,3B,emo_rec,ordinal,RCF/SYS addition(-3),-3,RCF/SYS addition,TRUE,
047,3B,emo_rec,ordinal,no answer(-1),-1,no answer,TRUE,
047,3B,emo_rec,ordinal,never(1),1,never,FALSE,
047,3B,emo_rec,ordinal,seldom(2),2,seldom,FALSE,
047,3B,emo_rec,ordinal,sometimes(3),3,sometimes,FALSE,
047,3B,emo_rec,ordinal,often(4),4,often,FALSE,
047,I,emo_rec,ordinal,NA:rank>10/12(-7),-7,NA:rank>10/12,TRUE,
047,I,emo_rec,ordinal,NA:see 247(-6),-6,NA:see 247,TRUE,
047,I,emo_rec,ordinal,RCF/SYS addition(-3),-3,RCF/SYS addition,TRUE,
047,I,emo_rec,ordinal,no answer(-1),-1,no answer,TRUE,
047,I,emo_rec,ordinal,never(1),1,never,FALSE,
047,I,emo_rec,ordinal,seldom(2),2,seldom,FALSE,
047,I,emo_rec,ordinal,sometimes(3),3,sometimes,FALSE,
047,I,emo_rec,ordinal,often(4),4,often,FALSE,
047,J,emo_rec,ordinal,NA:rank>10/12(-7),-7,NA:rank>10/12,TRUE,
047,J,emo_rec,ordinal,NA:see 247(-6),-6,NA:see 247,TRUE,
047,J,emo_rec,ordinal,RCF/SYS addition(-3),-3,RCF/SYS addition,TRUE,
047,J,emo_rec,ordinal,no answer(-1),-1,no answer,TRUE,
047,J,emo_rec,ordinal,never(1),1,never,FALSE,
047,J,emo_rec,ordinal,seldom(2),2,seldom,FALSE,
047,J,emo_rec,ordinal,sometimes(3),3,sometimes,FALSE,
047,J,emo_rec,ordinal,often(4),4,often,FALSE,
047,K,emo_rec,ordinal,NA:rank>10/12(-7),-7,NA:rank>10/12,TRUE,
047,K,emo_rec,ordinal,NA:see 247(-6),-6,NA:see 247,TRUE,
047,K,emo_rec,ordinal,RCF/SYS addition(-3),-3,RCF/SYS addition,TRUE,
047,K,emo_rec,ordinal,no answer(-1),-1,no answer,TRUE,
047,K,emo_rec,ordinal,never(1),1,never,FALSE,
047,K,emo_rec,ordinal,seldom(2),2,seldom,FALSE,
047,K,emo_rec,ordinal,sometimes(3),3,sometimes,FALSE,
047,K,emo_rec,ordinal,often(4),4,often,FALSE,
047,B,emo_giv,ordinal,NA:rank>10/12(-7),-7,NA:rank>10/12,TRUE,
047,B,emo_giv,ordinal,NA:see 247(-6),-6,NA:see 247,TRUE,
047,B,emo_giv,ordinal,RCF/SYS addition(-3),-3,RCF/SYS addition,TRUE,
047,B,emo_giv,ordinal,no answer(-1),-1,no answer,TRUE,
047,B,emo_giv,ordinal,never(1),1,never,FALSE,
047,B,emo_giv,ordinal,seldom(2),2,seldom,FALSE,
047,B,emo_giv,ordinal,sometimes(3),3,sometimes,FALSE,
047,B,emo_giv,ordinal,often(4),4,often,FALSE,
047,C,emo_giv,ordinal,NA:rank>10/12(-7),-7,NA:rank>10/12,TRUE,
047,C,emo_giv,ordinal,NA:see 247(-6),-6,NA:see 247,TRUE,
047,C,emo_giv,ordinal,RCF/SYS addition(-3),-3,RCF/SYS addition,TRUE,
047,C,emo_giv,ordinal,no answer(-1),-1,no answer,TRUE,
047,C,emo_giv,ordinal,never(1),1,never,FALSE,
047,C,emo_giv,ordinal,seldom(2),2,seldom,FALSE,
047,C,emo_giv,ordinal,sometimes(3),3,sometimes,FALSE,
047,C,emo_giv,ordinal,often(4),4,often,FALSE,
047,D,emo_giv,ordinal,NA:rank>10/12(-7),-7,NA:rank>10/12,TRUE,
047,D,emo_giv,ordinal,NA:see 247(-6),-6,NA:see 247,TRUE,
047,D,emo_giv,ordinal,RCF/SYS addition(-3),-3,RCF/SYS addition,TRUE,
047,D,emo_giv,ordinal,no answer(-1),-1,no answer,TRUE,
047,D,emo_giv,ordinal,never(1),1,never,FALSE,
047,D,emo_giv,ordinal,seldom(2),2,seldom,FALSE,
047,D,emo_giv,ordinal,sometimes(3),3,sometimes,FALSE,
047,D,emo_giv,ordinal,often(4),4,often,FALSE,
047,E,emo_giv,ordinal,NA:rank>10/12(-7),-7,NA:rank>10/12,TRUE,
047,E,emo_giv,ordinal,NA:see 247(-6),-6,NA:see 247,TRUE,
047,E,emo_giv,ordinal,RCF/SYS addition(-3),-3,RCF/SYS addition,TRUE,
047,E,emo_giv,ordinal,no answer(-1),-1,no answer,TRUE,
047,E,emo_giv,ordinal,never(1),1,never,FALSE,
047,E,emo_giv,ordinal,seldom(2),2,seldom,FALSE,
047,E,emo_giv,ordinal,sometimes(3),3,sometimes,FALSE,
047,E,emo_giv,ordinal,often(4),4,often,FALSE,
047,2B,emo_giv,ordinal,NA:rank>10/12(-7),-7,NA:rank>10/12,TRUE,
047,2B,emo_giv,ordinal,NA:see 247(-6),-6,NA:see 247,TRUE,
047,2B,emo_giv,ordinal,RCF/SYS addition(-3),-3,RCF/SYS addition,TRUE,
047,2B,emo_giv,ordinal,no answer(-1),-1,no answer,TRUE,
047,2B,emo_giv,ordinal,never(1),1,never,FALSE,
047,2B,emo_giv,ordinal,seldom(2),2,seldom,FALSE,
047,2B,emo_giv,ordinal,sometimes(3),3,sometimes,FALSE,
047,2B,emo_giv,ordinal,often(4),4,often,FALSE,
047,F,emo_giv,ordinal,NA:rank>10/12(-7),-7,NA:rank>10/12,TRUE,
047,F,emo_giv,ordinal,NA:see 247(-6),-6,NA:see 247,TRUE,
047,F,emo_giv,ordinal,RCF/SYS addition(-3),-3,RCF/SYS addition,TRUE,
047,F,emo_giv,ordinal,no answer(-1),-1,no answer,TRUE,
047,F,emo_giv,ordinal,never(1),1,never,FALSE,
047,F,emo_giv,ordinal,seldom(2),2,seldom,FALSE,
047,F,emo_giv,ordinal,sometimes(3),3,sometimes,FALSE,
047,F,emo_giv,ordinal,often(4),4,often,FALSE,
047,G,emo_giv,ordinal,NA:rank>10/12(-7),-7,NA:rank>10/12,TRUE,
047,G,emo_giv,ordinal,NA:see 247(-6),-6,NA:see 247,TRUE,
047,G,emo_giv,ordinal,RCF/SYS addition(-3),-3,RCF/SYS addition,TRUE,
047,G,emo_giv,ordinal,no answer(-1),-1,no answer,TRUE,
047,G,emo_giv,ordinal,never(1),1,never,FALSE,
047,G,emo_giv,ordinal,seldom(2),2,seldom,FALSE,
047,G,emo_giv,ordinal,sometimes(3),3,sometimes,FALSE,
047,G,emo_giv,ordinal,often(4),4,often,FALSE,
047,H,emo_giv,ordinal,NA:rank>10/12(-7),-7,NA:rank>10/12,TRUE,
047,H,emo_giv,ordinal,NA:see 247(-6),-6,NA:see 247,TRUE,
047,H,emo_giv,ordinal,RCF/SYS addition(-3),-3,RCF/SYS addition,TRUE,
047,H,emo_giv,ordinal,no answer(-1),-1,no answer,TRUE,
047,H,emo_giv,ordinal,never(1),1,never,FALSE,
047,H,emo_giv,ordinal,seldom(2),2,seldom,FALSE,
047,H,emo_giv,ordinal,sometimes(3),3,sometimes,FALSE,
047,H,emo_giv,ordinal,often(4),4,often,FALSE,
047,3B,emo_giv,ordinal,NA:rank>10/12(-7),-7,NA:rank>10/12,TRUE,
047,3B,emo_giv,ordinal,NA:see 247(-6),-6,NA:see 247,TRUE,
047,3B,emo_giv,ordinal,RCF/SYS addition(-3),-3,RCF/SYS addition,TRUE,
047,3B,emo_giv,ordinal,no answer(-1),-1,no answer,TRUE,
047,3B,emo_giv,ordinal,never(1),1,never,FALSE,
047,3B,emo_giv,ordinal,seldom(2),2,seldom,FALSE,
047,3B,emo_giv,ordinal,sometimes(3),3,sometimes,FALSE,
047,3B,emo_giv,ordinal,often(4),4,often,FALSE,
047,I,emo_giv,ordinal,NA:rank>10/12(-7),-7,NA:rank>10/12,TRUE,
047,I,emo_giv,ordinal,NA:see 247(-6),-6,NA:see 247,TRUE,
047,I,emo_giv,ordinal,RCF/SYS addition(-3),-3,RCF/SYS addition,TRUE,
047,I,emo_giv,ordinal,no answer(-1),-1,no answer,TRUE,
047,I,emo_giv,ordinal,never(1),1,never,FALSE,
047,I,emo_giv,ordinal,seldom(2),2,seldom,FALSE,
047,I,emo_giv,ordinal,sometimes(3),3,sometimes,FALSE,
047,I,emo_giv,ordinal,often(4),4,often,FALSE,
047,J,emo_giv,ordinal,NA:rank>10/12(-7),-7,NA:rank>10/12,TRUE,
047,J,emo_giv,ordinal,NA:see 247(-6),-6,NA:see 247,TRUE,
047,J,emo_giv,ordinal,RCF/SYS addition(-3),-3,RCF/SYS addition,TRUE,
047,J,emo_giv,ordinal,no answer(-1),-1,no answer,TRUE,
047,J,emo_giv,ordinal,never(1),1,never,FALSE,
047,J,emo_giv,ordinal,seldom(2),2,seldom,FALSE,
047,J,emo_giv,ordinal,sometimes(3),3,sometimes,FALSE,
047,J,emo_giv,ordinal,often(4),4,often,FALSE,
047,K,emo_giv,ordinal,NA:rank>10/12(-7),-7,NA:rank>10/12,TRUE,
047,K,emo_giv,ordinal,NA:see 247(-6),-6,NA:see 247,TRUE,
047,K,emo_giv,ordinal,RCF/SYS addition(-3),-3,RCF/SYS addition,TRUE,
047,K,emo_giv,ordinal,no answer(-1),-1,no answer,TRUE,
047,K,emo_giv,ordinal,never(1),1,never,FALSE,
047,K,emo_giv,ordinal,seldom(2),2,seldom,FALSE,
047,K,emo_giv,ordinal,sometimes(3),3,sometimes,FALSE,
047,K,emo_giv,ordinal,often(4),4,often,FALSE,
047,B,ins_rec,ordinal,NA:rank>10/12(-7),-7,NA:rank>10/12,TRUE,
047,B,ins_rec,ordinal,NA:see 247(-6),-6,NA:see 247,TRUE,
047,B,ins_rec,ordinal,RCF/SYS addition(-3),-3,RCF/SYS addition,TRUE,
047,B,ins_rec,ordinal,no answer(-1),-1,no answer,TRUE,
047,B,ins_rec,ordinal,never(1),1,never,FALSE,
047,B,ins_rec,ordinal,seldom(2),2,seldom,FALSE,
047,B,ins_rec,ordinal,sometimes(3),3,sometimes,FALSE,
047,B,ins_rec,ordinal,often(4),4,often,FALSE,
047,C,ins_rec,ordinal,NA:rank>10/12(-7),-7,NA:rank>10/12,TRUE,
047,C,ins_rec,ordinal,NA:see 247(-6),-6,NA:see 247,TRUE,
047,C,ins_rec,ordinal,RCF/SYS addition(-3),-3,RCF/SYS addition,TRUE,
047,C,ins_rec,ordinal,no answer(-1),-1,no answer,TRUE,
047,C,ins_rec,ordinal,never(1),1,never,FALSE,
047,C,ins_rec,ordinal,seldom(2),2,seldom,FALSE,
047,C,ins_rec,ordinal,sometimes(3),3,sometimes,FALSE,
047,C,ins_rec,ordinal,often(4),4,often,FALSE,
047,D,ins_rec,ordinal,NA:rank>10/12(-7),-7,NA:rank>10/12,TRUE,
047,D,ins_rec,ordinal,NA:see 247(-6),-6,NA:see 247,TRUE,
047,D,ins_rec,ordinal,RCF/SYS addition(-3),-3,RCF/SYS addition,TRUE,
047,D,ins_rec,ordinal,no answer(-1),-1,no answer,TRUE,
047,D,ins_rec,ordinal,never(1),1,never,FALSE,
047,D,ins_rec,ordinal,seldom(2),2,seldom,FALSE,
047,D,ins_rec,ordinal,sometimes(3),3,sometimes,FALSE,
047,D,ins_rec,ordinal,often(4),4,often,FALSE,
047,E,ins_rec,ordinal,NA:rank>10/12(-7),-7,NA:rank>10/12,TRUE,
047,E,ins_rec,ordinal,NA:see 247(-6),-6,NA:see 247,TRUE,
047,E,ins_rec,ordinal,RCF/SYS addition(-3),-3,RCF/SYS addition,TRUE,
047,E,ins_rec,ordinal,no answer(-1),-1,no answer,TRUE,
047,E,ins_rec,ordinal,never(1),1,never,FALSE,
047,E,ins_rec,ordinal,seldom(2),2,seldom,FALSE,
047,E,ins_rec,ordinal,sometimes(3),3,sometimes,FALSE,
047,E,ins_rec,ordinal,often(4),4,often,FALSE,
047,2B,ins_rec,ordinal,NA:rank>10/12(-7),-7,NA:rank>10/12,TRUE,
047,2B,ins_rec,ordinal,NA:see 247(-6),-6,NA:see 247,TRUE,
047,2B,ins_rec,ordinal,RCF/SYS addition(-3),-3,RCF/SYS addition,TRUE,
047,2B,ins_rec,ordinal,no answer(-1),-1,no answer,TRUE,
047,2B,ins_rec,ordinal,never(1),1,never,FALSE,
047,2B,ins_rec,ordinal,seldom(2),2,seldom,FALSE,
047,2B,ins_rec,ordinal,sometimes(3),3,sometimes,FALSE,
047,2B,ins_rec,ordinal,often(4),4,often,FALSE,
047,F,ins_rec,ordinal,NA:rank>10/12(-7),-7,NA:rank>10/12,TRUE,
047,F,ins_rec,ordinal,NA:see 247(-6),-6,NA:see 247,TRUE,
047,F,ins_rec,ordinal,RCF/SYS addition(-3),-3,RCF/SYS addition,TRUE,
047,F,ins_rec,ordinal,no answer(-1),-1,no answer,TRUE,
047,F,ins_rec,ordinal,never(1),1,never,FALSE,
047,F,ins_rec,ordinal,seldom(2),2,seldom,FALSE,
047,F,ins_rec,ordinal,sometimes(3),3,sometimes,FALSE,
047,F,ins_rec,ordinal,often(4),4,often,FALSE,
047,G,ins_rec,ordinal,NA:rank>10/12(-7),-7,NA:rank>10/12,TRUE,
047,G,ins_rec,ordinal,NA:see 247(-6),-6,NA:see 247,TRUE,
047,G,ins_rec,ordinal,RCF/SYS addition(-3),-3,RCF/SYS addition,TRUE,
047,G,ins_rec,ordinal,no answer(-1),-1,no answer,TRUE,
047,G,ins_rec,ordinal,never(1),1,never,FALSE,
047,G,ins_rec,ordinal,seldom(2),2,seldom,FALSE,
047,G,ins_rec,ordinal,sometimes(3),3,sometimes,FALSE,
047,G,ins_rec,ordinal,often(4),4,often,FALSE,
047,H,ins_rec,ordinal,NA:rank>10/12(-7),-7,NA:rank>10/12,TRUE,
047,H,ins_rec,ordinal,NA:see 247(-6),-6,NA:see 247,TRUE,
047,H,ins_rec,ordinal,RCF/SYS addition(-3),-3,RCF/SYS addition,TRUE,
047,H,ins_rec,ordinal,no answer(-1),-1,no answer,TRUE,
047,H,ins_rec,ordinal,never(1),1,never,FALSE,
047,H,ins_rec,ordinal,seldom(2),2,seldom,FALSE,
047,H,ins_rec,ordinal,sometimes(3),3,sometimes,FALSE,
047,H,ins_rec,ordinal,often(4),4,often,FALSE,
047,3B,ins_rec,ordinal,NA:rank>10/12(-7),-7,NA:rank>10/12,TRUE,
047,3B,ins_rec,ordinal,NA:see 247(-6),-6,NA:see 247,TRUE,
047,3B,ins_rec,ordinal,RCF/SYS addition(-3),-3,RCF/SYS addition,TRUE,
047,3B,ins_rec,ordinal,no answer(-1),-1,no answer,TRUE,
047,3B,ins_rec,ordinal,never(1),1,never,FALSE,
047,3B,ins_rec,ordinal,seldom(2),2,seldom,FALSE,
047,3B,ins_rec,ordinal,sometimes(3),3,sometimes,FALSE,
047,3B,ins_rec,ordinal,often(4),4,often,FALSE,
047,I,ins_rec,ordinal,NA:rank>10/12(-7),-7,NA:rank>10/12,TRUE,
047,I,ins_rec,ordinal,NA:see 247(-6),-6,NA:see 247,TRUE,
047,I,ins_rec,ordinal,RCF/SYS addition(-3),-3,RCF/SYS addition,TRUE,
047,I,ins_rec,ordinal,no answer(-1),-1,no answer,TRUE,
047,I,ins_rec,ordinal,never(1),1,never,FALSE,
047,I,ins_rec,ordinal,seldom(2),2,seldom,FALSE,
047,I,ins_rec,ordinal,sometimes(3),3,sometimes,FALSE,
047,I,ins_rec,ordinal,often(4),4,often,FALSE,
047,J,ins_rec,ordinal,NA:rank>10/12(-7),-7,NA:rank>10/12,TRUE,
047,J,ins_rec,ordinal,NA:see 247(-6),-6,NA:see 247,TRUE,
047,J,ins_rec,ordinal,RCF/SYS addition(-3),-3,RCF/SYS addition,TRUE,
047,J,ins_rec,ordinal,no answer(-1),-1,no answer,TRUE,
047,J,ins_rec,ordinal,never(1),1,never,FALSE,
047,J,ins_rec,ordinal,seldom(2),2,seldom,FALSE,
047,J,ins_rec,ordinal,sometimes(3),3,sometimes,FALSE,
047,J,ins_rec,ordinal,often(4),4,often,FALSE,
047,K,ins_rec,ordinal,NA:rank>10/12(-7),-7,NA:rank>10/12,TRUE,
047,K,ins_rec,ordinal,NA:see 247(-6),-6,NA:see 247,TRUE,
047,K,ins_rec,ordinal,RCF/SYS addition(-3),-3,RCF/SYS addition,TRUE,
047,K,ins_rec,ordinal,no answer(-1),-1,no answer,TRUE,
047,K,ins_rec,ordinal,never(1),1,never,FALSE,
047,K,ins_rec,ordinal,seldom(2),2,seldom,FALSE,
047,K,ins_rec,ordinal,sometimes(3),3,sometimes,FALSE,
047,K,ins_rec,ordinal,often(4),4,often,FALSE,
047,B,ins_giv,ordinal,NA:rank>10/12(-7),-7,NA:rank>10/12,TRUE,
047,B,ins_giv,ordinal,NA:see 247(-6),-6,NA:see 247,TRUE,
047,B,ins_giv,ordinal,RCF/SYS addition(-3),-3,RCF/SYS addition,TRUE,
047,B,ins_giv,ordinal,no answer(-1),-1,no answer,TRUE,
047,B,ins_giv,ordinal,never(1),1,never,FALSE,
047,B,ins_giv,ordinal,seldom(2),2,seldom,FALSE,
047,B,ins_giv,ordinal,sometimes(3),3,sometimes,FALSE,
047,B,ins_giv,ordinal,often(4),4,often,FALSE,
047,C,ins_giv,ordinal,NA:rank>10/12(-7),-7,NA:rank>10/12,TRUE,
047,C,ins_giv,ordinal,NA:see 247(-6),-6,NA:see 247,TRUE,
047,C,ins_giv,ordinal,RCF/SYS addition(-3),-3,RCF/SYS addition,TRUE,
047,C,ins_giv,ordinal,no answer(-1),-1,no answer,TRUE,
047,C,ins_giv,ordinal,never(1),1,never,FALSE,
047,C,ins_giv,ordinal,seldom(2),2,seldom,FALSE,
047,C,ins_giv,ordinal,sometimes(3),3,sometimes,FALSE,
047,C,ins_giv,ordinal,often(4),4,often,FALSE,
047,D,ins_giv,ordinal,NA:rank>10/12(-7),-7,NA:rank>10/12,TRUE,
047,D,ins_giv,ordinal,NA:see 247(-6),-6,NA:see 247,TRUE,
047,D,ins_giv,ordinal,RCF/SYS addition(-3),-3,RCF/SYS addition,TRUE,
047,D,ins_giv,ordinal,no answer(-1),-1,no answer,TRUE,
047,D,ins_giv,ordinal,never(1),1,never,FALSE,
047,D,ins_giv,ordinal,seldom(2),2,seldom,FALSE,
047,D,ins_giv,ordinal,sometimes(3),3,sometimes,FALSE,
047,D,ins_giv,ordinal,often(4),4,often,FALSE,
047,E,ins_giv,ordinal,NA:rank>10/12(-7),-7,NA:rank>10/12,TRUE,
047,E,ins_giv,ordinal,NA:see 247(-6),-6,NA:see 247,TRUE,
047,E,ins_giv,ordinal,RCF/SYS addition(-3),-3,RCF/SYS addition,TRUE,
047,E,ins_giv,ordinal,no answer(-1),-1,no answer,TRUE,
047,E,ins_giv,ordinal,never(1),1,never,FALSE,
047,E,ins_giv,ordinal,seldom(2),2,seldom,FALSE,
047,E,ins_giv,ordinal,sometimes(3),3,sometimes,FALSE,
047,E,ins_giv,ordinal,often(4),4,often,FALSE,
047,2B,ins_giv,ordinal,NA:rank>10/12(-7),-7,NA:rank>10/12,TRUE,
047,2B,ins_giv,ordinal,NA:see 247(-6),-6,NA:see 247,TRUE,
047,2B,ins_giv,ordinal,RCF/SYS addition(-3),-3,RCF/SYS addition,TRUE,
047,2B,ins_giv,ordinal,no answer(-1),-1,no answer,TRUE,
047,2B,ins_giv,ordinal,never(1),1,never,FALSE,
047,2B,ins_giv,ordinal,seldom(2),2,seldom,FALSE,
047,2B,ins_giv,ordinal,sometimes(3),3,sometimes,FALSE,
047,2B,ins_giv,ordinal,often(4),4,often,FALSE,
047,F,ins_giv,ordinal,NA:rank>10/12(-7),-7,NA:rank>10/12,TRUE,
047,F,ins_giv,ordinal,NA:see 247(-6),-6,NA:see 247,TRUE,
047,F,ins_giv,ordinal,RCF/SYS addition(-3),-3,RCF/SYS addition,TRUE,
047,F,ins_giv,ordinal,no answer(-1),-1,no answer,TRUE,
047,F,ins_giv,ordinal,never(1),1,never,FALSE,
047,F,ins_giv,ordinal,seldom(2),2,seldom,FALSE,
047,F,ins_giv,ordinal,sometimes(3),3,sometimes,FALSE,
047,F,ins_giv,ordinal,often(4),4,often,FALSE,
047,G,ins_giv,ordinal,NA:rank>10/12(-7),-7,NA:rank>10/12,TRUE,
047,G,ins_giv,ordinal,NA:see 247(-6),-6,NA:see 247,TRUE,
047,G,ins_giv,ordinal,RCF/SYS addition(-3),-3,RCF/SYS addition,TRUE,
047,G,ins_giv,ordinal,no answer(-1),-1,no answer,TRUE,
047,G,ins_giv,ordinal,never(1),1,never,FALSE,
047,G,ins_giv,ordinal,seldom(2),2,seldom,FALSE,
047,G,ins_giv,ordinal,sometimes(3),3,sometimes,FALSE,
047,G,ins_giv,ordinal,often(4),4,often,FALSE,
047,H,ins_giv,ordinal,NA:rank>10/12(-7),-7,NA:rank>10/12,TRUE,
047,H,ins_giv,ordinal,NA:see 247(-6),-6,NA:see 247,TRUE,
047,H,ins_giv,ordinal,RCF/SYS addition(-3),-3,RCF/SYS addition,TRUE,
047,H,ins_giv,ordinal,no answer(-1),-1,no answer,TRUE,
047,H,ins_giv,ordinal,never(1),1,never,FALSE,
047,H,ins_giv,ordinal,seldom(2),2,seldom,FALSE,
047,H,ins_giv,ordinal,sometimes(3),3,sometimes,FALSE,
047,H,ins_giv,ordinal,often(4),4,often,FALSE,
047,3B,ins_giv,ordinal,NA:rank>10/12(-7),-7,NA:rank>10/12,TRUE,
047,3B,ins_giv,ordinal,NA:see 247(-6),-6,NA:see 247,TRUE,
047,3B,ins_giv,ordinal,RCF/SYS addition(-3),-3,RCF/SYS addition,TRUE,
047,3B,ins_giv,ordinal,no answer(-1),-1,no answer,TRUE,
047,3B,ins_giv,ordinal,never(1),1,never,FALSE,
047,3B,ins_giv,ordinal,seldom(2),2,seldom,FALSE,
047,3B,ins_giv,ordinal,sometimes(3),3,sometimes,FALSE,
047,3B,ins_giv,ordinal,often(4),4,often,FALSE,
047,I,ins_giv,ordinal,NA:rank>10/12(-7),-7,NA:rank>10/12,TRUE,
047,I,ins_giv,ordinal,NA:see 247(-6),-6,NA:see 247,TRUE,
047,I,ins_giv,ordinal,RCF/SYS addition(-3),-3,RCF/SYS addition,TRUE,
047,I,ins_giv,ordinal,no answer(-1),-1,no answer,TRUE,
047,I,ins_giv,ordinal,never(1),1,never,FALSE,
047,I,ins_giv,ordinal,seldom(2),2,seldom,FALSE,
047,I,ins_giv,ordinal,sometimes(3),3,sometimes,FALSE,
047,I,ins_giv,ordinal,often(4),4,often,FALSE,
047,J,ins_giv,ordinal,NA:rank>10/12(-7),-7,NA:rank>10/12,TRUE,
047,J,ins_giv,ordinal,NA:see 247(-6),-6,NA:see 247,TRUE,
047,J,ins_giv,ordinal,RCF/SYS addition(-3),-3,RCF/SYS addition,TRUE,
047,J,ins_giv,ordinal,no answer(-1),-1,no answer,TRUE,
047,J,ins_giv,ordinal,never(1),1,never,FALSE,
047,J,ins_giv,ordinal,seldom(2),2,seldom,FALSE,
047,J,ins_giv,ordinal,sometimes(3),3,sometimes,FALSE,
047,J,ins_giv,ordinal,often(4),4,often,FALSE,
047,K,ins_giv,ordinal,NA:rank>10/12(-7),-7,NA:rank>10/12,TRUE,
047,K,ins_giv,ordinal,NA:see 247(-6),-6,NA:see 247,TRUE,
047,K,ins_giv,ordinal,RCF/SYS addition(-3),-3,RCF/SYS addition,TRUE,
047,K,ins_giv,ordinal,no answer(-1),-1,no answer,TRUE,
047,K,ins_giv,ordinal,never(1),1,never,FALSE,
047,K,ins_giv,ordinal,seldom(2),2,seldom,FALSE,
047,K,ins_giv,ordinal,sometimes(3),3,sometimes,FALSE,
047,K,ins_giv,ordinal,often(4),4,often,FALSE,
047,B,nwmsupp,categorical,no answer(-8),-8,no answer,TRUE,
047,B,nwmsupp,categorical,NA:rank>10(-7),-7,NA:rank>10,TRUE,
047,B,nwmsupp,categorical,NA:see 247(-6),-6,NA:see 247,TRUE,
047,B,nwmsupp,categorical,NA:only 1 network member(-4),-4,NA:only 1 network member,TRUE,
047,B,nwmsupp,categorical,RCF/SYS addition(-3),-3,RCF/SYS addition,TRUE,
047,B,nwmsupp,categorical,"as -1,partner not listed(-2)",-2,"as -1,partner not listed",TRUE,
047,B,nwmsupp,categorical,nobody/refusal/all(-1),-1,nobody/refusal/all,TRUE,
047,B,nwmsupp,categorical,"<>partner,<>most supportive, no partner in network(0)",0,"<>partner,<>most supportive, no partner in network",FALSE,
047,B,nwmsupp,categorical,"<>partner,<>most supportive, partner in network(1)",1,"<>partner,<>most supportive, partner in network",FALSE,
047,B,nwmsupp,categorical,">partner,<>most supportive, partner not on list in Q(2)",2,">partner,<>most supportive, partner not on list in Q",FALSE,
047,B,nwmsupp,categorical,"partner, but not most supportive(3)",3,"partner, but not most supportive",FALSE,
047,B,nwmsupp,categorical,most supportive=partner(4),4,most supportive=partner,FALSE,
047,B,nwmsupp,categorical,"most supportive, no partner in network(5)",5,"most supportive, no partner in network",FALSE,
047,B,nwmsupp,categorical,"most supportive<>partner, partner on list in Q(6)",6,"most supportive<>partner, partner on list in Q",FALSE,
047,B,nwmsupp,categorical,"most supportive<>partner, partner not on list in Q(7)",7,"most supportive<>partner, partner not on list in Q",FALSE,
047,C,nwconf,categorical,identified persons is your confidant? / Welke van alle hiervoor genoemde personen beschouwt U als Uw vertrouwenspersoon?) see 247(-6),-6,identified persons is your confidant? / Welke van alle hiervoor genoemde personen beschouwt U als Uw vertrouwenspersoon?) see 247,TRUE,
047,C,nwconf,categorical,RCF/SYS addition(-3),-3,RCF/SYS addition,TRUE,
047,C,nwconf,categorical,not the/a confidant(0),0,not the/a confidant,FALSE,
047,C,nwconf,categorical,(1st) confidant(1),1,(1st) confidant,FALSE,
047,C,nwconf,categorical,2nd confidant(2),2,2nd confidant,FALSE,
047,C,nwconf,categorical,3rd confidant(3),3,3rd confidant,FALSE,
047,C,nwconf,categorical,4th confidant(4),4,4th confidant,FALSE,
047,C,nwconf,categorical,5th confidant(5),5,5th confidant,FALSE,
047,C,nwconf,categorical,6th confidant(6),6,6th confidant,FALSE,
047,C,nwconf,categorical,7th confidant(7),7,7th confidant,FALSE,
047,C,nwconf,categorical,8th confidant(8),8,8th confidant,FALSE,
047,C,nwconf,categorical,9th/last confidant(9),9,9th/last confidant,FALSE,
047,D,nwconf,categorical,identified persons is your confidant? / Welke van alle hiervoor genoemde personen beschouwt U als Uw vertrouwenspersoon?) see 247(-6),-6,identified persons is your confidant? / Welke van alle hiervoor genoemde personen beschouwt U als Uw vertrouwenspersoon?) see 247,TRUE,
047,D,nwconf,categorical,RCF/SYS addition(-3),-3,RCF/SYS addition,TRUE,
047,D,nwconf,categorical,not the/a confidant(0),0,not the/a confidant,FALSE,
047,D,nwconf,categorical,(1st) confidant(1),1,(1st) confidant,FALSE,
047,D,nwconf,categorical,2nd confidant(2),2,2nd confidant,FALSE,
047,D,nwconf,categorical,3rd confidant(3),3,3rd confidant,FALSE,
047,D,nwconf,categorical,4th confidant(4),4,4th confidant,FALSE,
047,D,nwconf,categorical,5th confidant(5),5,5th confidant,FALSE,
047,D,nwconf,categorical,6th confidant(6),6,6th confidant,FALSE,
047,D,nwconf,categorical,7th confidant(7),7,7th confidant,FALSE,
047,D,nwconf,categorical,8th confidant(8),8,8th confidant,FALSE,
047,D,nwconf,categorical,9th/last confidant(9),9,9th/last confidant,FALSE,
047,E,nwconf,categorical,identified persons is your confidant? / Welke van alle hiervoor genoemde personen beschouwt U als Uw vertrouwenspersoon?) see 247(-6),-6,identified persons is your confidant? / Welke van alle hiervoor genoemde personen beschouwt U als Uw vertrouwenspersoon?) see 247,TRUE,
047,E,nwconf,categorical,RCF/SYS addition(-3),-3,RCF/SYS addition,TRUE,
047,E,nwconf,categorical,not the/a confidant(0),0,not the/a confidant,FALSE,
047,E,nwconf,categorical,(1st) confidant(1),1,(1st) confidant,FALSE,
047,E,nwconf,categorical,2nd confidant(2),2,2nd confidant,FALSE,
047,E,nwconf,categorical,3rd confidant(3),3,3rd confidant,FALSE,
047,E,nwconf,categorical,4th confidant(4),4,4th confidant,FALSE,
047,E,nwconf,categorical,5th confidant(5),5,5th confidant,FALSE,
047,E,nwconf,categorical,6th confidant(6),6,6th confidant,FALSE,
047,E,nwconf,categorical,7th confidant(7),7,7th confidant,FALSE,
047,E,nwconf,categorical,8th confidant(8),8,8th confidant,FALSE,
047,E,nwconf,categorical,9th/last confidant(9),9,9th/last confidant,FALSE,
047,2B,nwconf,categorical,identified persons is your confidant? / Welke van alle hiervoor genoemde personen beschouwt U als Uw vertrouwenspersoon?) see 247(-6),-6,identified persons is your confidant? / Welke van alle hiervoor genoemde personen beschouwt U als Uw vertrouwenspersoon?) see 247,TRUE,
047,2B,nwconf,categorical,RCF/SYS addition(-3),-3,RCF/SYS addition,TRUE,
047,2B,nwconf,categorical,not the/a confidant(0),0,not the/a confidant,FALSE,
047,2B,nwconf,categorical,(1st) confidant(1),1,(1st) confidant,FALSE,
047,2B,nwconf,categorical,2nd confidant(2),2,2nd confidant,FALSE,
047,2B,nwconf,categorical,3rd confidant(3),3,3rd confidant,FALSE,
047,2B,nwconf,categorical,4th confidant(4),4,4th confidant,FALSE,
047,2B,nwconf,categorical,5th confidant(5),5,5th confidant,FALSE,
047,2B,nwconf,categorical,6th confidant(6),6,6th confidant,FALSE,
047,2B,nwconf,categorical,7th confidant(7),7,7th confidant,FALSE,
047,2B,nwconf,categorical,8th confidant(8),8,8th confidant,FALSE,
047,2B,nwconf,categorical,9th/last confidant(9),9,9th/last confidant,FALSE,
047,F,nwconf,categorical,identified persons is your confidant? / Welke van alle hiervoor genoemde personen beschouwt U als Uw vertrouwenspersoon?) see 247(-6),-6,identified persons is your confidant? / Welke van alle hiervoor genoemde personen beschouwt U als Uw vertrouwenspersoon?) see 247,TRUE,
047,F,nwconf,categorical,RCF/SYS addition(-3),-3,RCF/SYS addition,TRUE,
047,F,nwconf,categorical,not the/a confidant(0),0,not the/a confidant,FALSE,
047,F,nwconf,categorical,(1st) confidant(1),1,(1st) confidant,FALSE,
047,F,nwconf,categorical,2nd confidant(2),2,2nd confidant,FALSE,
047,F,nwconf,categorical,3rd confidant(3),3,3rd confidant,FALSE,
047,F,nwconf,categorical,4th confidant(4),4,4th confidant,FALSE,
047,F,nwconf,categorical,5th confidant(5),5,5th confidant,FALSE,
047,F,nwconf,categorical,6th confidant(6),6,6th confidant,FALSE,
047,F,nwconf,categorical,7th confidant(7),7,7th confidant,FALSE,
047,F,nwconf,categorical,8th confidant(8),8,8th confidant,FALSE,
047,F,nwconf,categorical,9th/last confidant(9),9,9th/last confidant,FALSE,
047,G,nwconf,categorical,identified persons is your confidant? / Welke van alle hiervoor genoemde personen beschouwt U als Uw vertrouwenspersoon?) see 247(-6),-6,identified persons is your confidant? / Welke van alle hiervoor genoemde personen beschouwt U als Uw vertrouwenspersoon?) see 247,TRUE,
047,G,nwconf,categorical,RCF/SYS addition(-3),-3,RCF/SYS addition,TRUE,
047,G,nwconf,categorical,not the/a confidant(0),0,not the/a confidant,FALSE,
047,G,nwconf,categorical,(1st) confidant(1),1,(1st) confidant,FALSE,
047,G,nwconf,categorical,2nd confidant(2),2,2nd confidant,FALSE,
047,G,nwconf,categorical,3rd confidant(3),3,3rd confidant,FALSE,
047,G,nwconf,categorical,4th confidant(4),4,4th confidant,FALSE,
047,G,nwconf,categorical,5th confidant(5),5,5th confidant,FALSE,
047,G,nwconf,categorical,6th confidant(6),6,6th confidant,FALSE,
047,G,nwconf,categorical,7th confidant(7),7,7th confidant,FALSE,
047,G,nwconf,categorical,8th confidant(8),8,8th confidant,FALSE,
047,G,nwconf,categorical,9th/last confidant(9),9,9th/last confidant,FALSE,
047,H,nwconf,categorical,identified persons is your confidant? / Welke van alle hiervoor genoemde personen beschouwt U als Uw vertrouwenspersoon?) see 247(-6),-6,identified persons is your confidant? / Welke van alle hiervoor genoemde personen beschouwt U als Uw vertrouwenspersoon?) see 247,TRUE,
047,H,nwconf,categorical,RCF/SYS addition(-3),-3,RCF/SYS addition,TRUE,
047,H,nwconf,categorical,not the/a confidant(0),0,not the/a confidant,FALSE,
047,H,nwconf,categorical,(1st) confidant(1),1,(1st) confidant,FALSE,
047,H,nwconf,categorical,2nd confidant(2),2,2nd confidant,FALSE,
047,H,nwconf,categorical,3rd confidant(3),3,3rd confidant,FALSE,
047,H,nwconf,categorical,4th confidant(4),4,4th confidant,FALSE,
047,H,nwconf,categorical,5th confidant(5),5,5th confidant,FALSE,
047,H,nwconf,categorical,6th confidant(6),6,6th confidant,FALSE,
047,H,nwconf,categorical,7th confidant(7),7,7th confidant,FALSE,
047,H,nwconf,categorical,8th confidant(8),8,8th confidant,FALSE,
047,H,nwconf,categorical,9th/last confidant(9),9,9th/last confidant,FALSE,
047,3B,nwconf,categorical,identified persons is your confidant? / Welke van alle hiervoor genoemde personen beschouwt U als Uw vertrouwenspersoon?) see 247(-6),-6,identified persons is your confidant? / Welke van alle hiervoor genoemde personen beschouwt U als Uw vertrouwenspersoon?) see 247,TRUE,
047,3B,nwconf,categorical,RCF/SYS addition(-3),-3,RCF/SYS addition,TRUE,
047,3B,nwconf,categorical,not the/a confidant(0),0,not the/a confidant,FALSE,
047,3B,nwconf,categorical,(1st) confidant(1),1,(1st) confidant,FALSE,
047,3B,nwconf,categorical,2nd confidant(2),2,2nd confidant,FALSE,
047,3B,nwconf,categorical,3rd confidant(3),3,3rd confidant,FALSE,
047,3B,nwconf,categorical,4th confidant(4),4,4th confidant,FALSE,
047,3B,nwconf,categorical,5th confidant(5),5,5th confidant,FALSE,
047,3B,nwconf,categorical,6th confidant(6),6,6th confidant,FALSE,
047,3B,nwconf,categorical,7th confidant(7),7,7th confidant,FALSE,
047,3B,nwconf,categorical,8th confidant(8),8,8th confidant,FALSE,
047,3B,nwconf,categorical,9th/last confidant(9),9,9th/last confidant,FALSE,
047,I,nwconf,categorical,identified persons is your confidant? / Welke van alle hiervoor genoemde personen beschouwt U als Uw vertrouwenspersoon?) see 247(-6),-6,identified persons is your confidant? / Welke van alle hiervoor genoemde personen beschouwt U als Uw vertrouwenspersoon?) see 247,TRUE,
047,I,nwconf,categorical,RCF/SYS addition(-3),-3,RCF/SYS addition,TRUE,
047,I,nwconf,categorical,not the/a confidant(0),0,not the/a confidant,FALSE,
047,I,nwconf,categorical,(1st) confidant(1),1,(1st) confidant,FALSE,
047,I,nwconf,categorical,2nd confidant(2),2,2nd confidant,FALSE,
047,I,nwconf,categorical,3rd confidant(3),3,3rd confidant,FALSE,
047,I,nwconf,categorical,4th confidant(4),4,4th confidant,FALSE,
047,I,nwconf,categorical,5th confidant(5),5,5th confidant,FALSE,
047,I,nwconf,categorical,6th confidant(6),6,6th confidant,FALSE,
047,I,nwconf,categorical,7th confidant(7),7,7th confidant,FALSE,
047,I,nwconf,categorical,8th confidant(8),8,8th confidant,FALSE,
047,I,nwconf,categorical,9th/last confidant(9),9,9th/last confidant,FALSE,
047,J,nwconf,categorical,identified persons is your confidant? / Welke van alle hiervoor genoemde personen beschouwt U als Uw vertrouwenspersoon?) see 247(-6),-6,identified persons is your confidant? / Welke van alle hiervoor genoemde personen beschouwt U als Uw vertrouwenspersoon?) see 247,TRUE,
047,J,nwconf,categorical,RCF/SYS addition(-3),-3,RCF/SYS addition,TRUE,
047,J,nwconf,categorical,not the/a confidant(0),0,not the/a confidant,FALSE,
047,J,nwconf,categorical,(1st) confidant(1),1,(1st) confidant,FALSE,
047,J,nwconf,categorical,2nd confidant(2),2,2nd confidant,FALSE,
047,J,nwconf,categorical,3rd confidant(3),3,3rd confidant,FALSE,
047,J,nwconf,categorical,4th confidant(4),4,4th confidant,FALSE,
047,J,nwconf,categorical,5th confidant(5),5,5th confidant,FALSE,
047,J,nwconf,categorical,6th confidant(6),6,6th confidant,FALSE,
047,J,nwconf,categorical,7th confidant(7),7,7th confidant,FALSE,
047,J,nwconf,categorical,8th confidant(8),8,8th confidant,FALSE,
047,J,nwconf,categorical,9th/last confidant(9),9,9th/last confidant,FALSE,
047,K,nwconf,categorical,identified persons is your confidant? / Welke van alle hiervoor genoemde personen beschouwt U als Uw vertrouwenspersoon?) see 247(-6),-6,identified persons is your confidant? / Welke van alle hiervoor genoemde personen beschouwt U als Uw vertrouwenspersoon?) see 247,TRUE,
047,K,nwconf,categorical,RCF/SYS addition(-3),-3,RCF/SYS addition,TRUE,
047,K,nwconf,categorical,not the/a confidant(0),0,not the/a confidant,FALSE,
047,K,nwconf,categorical,(1st) confidant(1),1,(1st) confidant,FALSE,
047,K,nwconf,categorical,2nd confidant(2),2,2nd confidant,FALSE,
047,K,nwconf,categorical,3rd confidant(3),3,3rd confidant,FALSE,
047,K,nwconf,categorical,4th confidant(4),4,4th confidant,FALSE,
047,K,nwconf,categorical,5th confidant(5),5,5th confidant,FALSE,
047,K,nwconf,categorical,6th confidant(6),6,6th confidant,FALSE,
047,K,nwconf,categorical,7th confidant(7),7,7th confidant,FALSE,
047,K,nwconf,categorical,8th confidant(8),8,8th confidant,FALSE,
047,K,nwconf,categorical,9th/last confidant(9),9,9th/last confidant,FALSE,
047,Z,nwmem,identifier,,,,,
047,Z,domain,categorical,1,1,household,FALSE,
047,Z,domain,categorical,2,2,children/-in-law,FALSE,
047,Z,domain,categorical,3,3,other kin,FALSE,
047,Z,domain,categorical,4,4,neighborhood,FALSE,
047,Z,domain,categorical,5,5,work/school,FALSE,
047,Z,domain,categorical,6,6,organizations,FALSE,
047,Z,domain,categorical,7,7,other non-kin,FALSE,
047,Z,domain,categorical,8,8,forgotten,FALSE,
047,Z,domain,categorical,9,9,rcf/sys addition,FALSE,
047,Z,nwinhh,binary,-1,-1,unknown,TRUE,
047,Z,nwinhh,binary,0,0,not sharing,FALSE,
047,Z,nwinhh,binary,1,1,sharing household,FALSE,
047,Z,nwtype,categorical,1,1,spouse or partner,FALSE,
047,Z,nwtype,categorical,11,11,biological son or daughter,FALSE,
047,Z,nwtype,categorical,12,12,"son/daughter of partner, step, adoptive, foster (specification available)",FALSE,
047,Z,nwtype,categorical,13,13,stepchild,FALSE,
047,Z,nwtype,categorical,14,14,adoptive child,FALSE,
047,Z,nwtype,categorical,15,15,foster child (= non-kin),FALSE,
047,Z,nwtype,categorical,21,21,child-in-law,FALSE,
047,Z,nwtype,categorical,22,22,former child-in-law,FALSE,
047,Z,nwtype,categorical,30,30,brother or sister (including half or step),FALSE,
047,Z,nwtype,categorical,40,40,brother/sister-in-law,FALSE,
047,Z,nwtype,categorical,51,51,father or mother,FALSE,
047,Z,nwtype,categorical,52,52,father/mother-in-law,FALSE,
047,Z,nwtype,categorical,53,53,grandchild,FALSE,
047,Z,nwtype,categorical,54,54,partner of grandchild,FALSE,
047,Z,nwtype,categorical,55,55,cousin/niece/nephew,FALSE,
047,Z,nwtype,categorical,56,56,uncle/aunt,FALSE,
047,Z,nwtype,categorical,57,57,other kin; specification unknown,FALSE,
047,Z,nwtype,categorical,60,60,friend,FALSE,
047,Z,nwtype,categorical,71,71,neighbor,FALSE,
047,Z,nwtype,categorical,72,72,(living in) neighborhood,FALSE,
047,Z,nwtype,categorical,81,81,(former) colleague or his/her spouse,FALSE,
047,Z,nwtype,categorical,82,82,known through volunteer work,FALSE,
047,Z,nwtype,categorical,83,83,"known through school, course, education",FALSE,
047,Z,nwtype,categorical,84,84,"known through voluntary organization (e.g. church, sports, political)",FALSE,
047,Z,nwtype,categorical,85,85,acquaintance,FALSE,
047,Z,nwtype,categorical,86,86,former neighbor,FALSE,
047,Z,nwtype,categorical,87,87,known through contact at street,FALSE,
047,Z,nwtype,categorical,88,88,housekeeper/nurse/home helper,FALSE,
047,Z,nwtype,categorical,89,89,"professional, e.g. pastor, reverend, general practitioner",FALSE,
047,Z,nwtype,categorical,90,90,"boarder, landlord",FALSE,
047,Z,nwtype,categorical,91,91,catholic sister,FALSE,
047,Z,nwtype,categorical,92,92,parent-in-law of child,FALSE,
047,Z,nwtype,categorical,93,93,former parent-in-law,FALSE,
047,Z,nwtype,categorical,94,94,former spouse/partner,FALSE,
047,Z,nwtype,categorical,95,95,other non-kin; specification unknown,FALSE,
047,Z,nwtype,categorical,96,96,other kin or non-kin; specification unknown,FALSE,
047,Z,domtyp,categorical,1,1,housekeeper (in household),FALSE,
047,Z,domtyp,categorical,2,2,acquaintance (in household),FALSE,
047,Z,domtyp,categorical,3,3,catholic sister (in household),FALSE,
047,Z,domtyp,categorical,4,4,parent (in household),FALSE,
047,Z,domtyp,categorical,5,5,parent inlaw (in household),FALSE,
047,Z,domtyp,categorical,6,6,niece/nephew (in household),FALSE,
047,Z,domtyp,categorical,7,7,son/daughter-in-law (in household),FALSE,
047,Z,domtyp,categorical,8,8,brother/sister-in-law (in household),FALSE,
047,Z,domtyp,categorical,9,9,former partner (in household),FALSE,
047,Z,domtyp,categorical,10,10,boarder/landlord (in household),FALSE,
047,Z,domtyp,categorical,11,11,partner/spouse (in household),FALSE,
047,Z,domtyp,categorical,12,12,biological son/daughter (in household),FALSE,
047,Z,domtyp,categorical,13,13,brother/sister (in household),FALSE,
047,Z,domtyp,categorical,14,14,grandson/daughter (in household),FALSE,
047,Z,domtyp,categorical,15,15,friend (in household),FALSE,
047,Z,domtyp,categorical,16,16,"other, not specified (in household)",FALSE,
047,Z,domtyp,categorical,17,17,"other nonkin, not specified (in household)",FALSE,
047,Z,domtyp,categorical,18,18,"other kin, not specified (in household)",FALSE,
047,Z,domtyp,categorical,19,19,"son/daughter of partner, step, adoptive, foster (in household)",FALSE,
047,Z,domtyp,categorical,21,21,biological son/daughter,FALSE,
047,Z,domtyp,categorical,22,22,son/daughter-in-law,FALSE,
047,Z,domtyp,categorical,23,23,"son/daughter of partner, step, adoptive, foster (specification in xnwtype)",FALSE,
047,Z,domtyp,categorical,24,24,"former son/daughter-in-law, other specific cases",FALSE,
047,Z,domtyp,categorical,25,25,stepchild,FALSE,
047,Z,domtyp,categorical,26,26,adoptive child,FALSE,
047,Z,domtyp,categorical,27,27,foster child,FALSE,
047,Z,domtyp,categorical,31,31,parent,FALSE,
047,Z,domtyp,categorical,32,32,brother/sister (including half or step),FALSE,
047,Z,domtyp,categorical,33,33,brother/sister-in-law,FALSE,
047,Z,domtyp,categorical,34,34,grandson/daughter,FALSE,
047,Z,domtyp,categorical,35,35,cousin/niece/nephew,FALSE,
047,Z,domtyp,categorical,36,36,uncle/aunt,FALSE,
047,Z,domtyp,categorical,37,37,other family; specification unknown,FALSE,
047,Z,domtyp,categorical,38,38,father/mother-in-law,FALSE,
047,Z,domtyp,categorical,39,39,partner/spouse of grandchild,FALSE,
047,Z,domtyp,categorical,40,40,neighbor,FALSE,
047,Z,domtyp,categorical,41,41,former neighbor,FALSE,
047,Z,domtyp,categorical,42,42,living in neighborhood,FALSE,
047,Z,domtyp,categorical,51,51,(former) colleague or his/her spouse,FALSE,
047,Z,domtyp,categorical,52,52,known through volunteer work,FALSE,
047,Z,domtyp,categorical,53,53,"known through school, course, education",FALSE,
047,Z,domtyp,categorical,60,60,"known through voluntary organization (e.g. church, sports, political)",FALSE,
047,Z,domtyp,categorical,70,70,other nonkin; specification unknown,FALSE,
047,Z,domtyp,categorical,71,71,friend,FALSE,
047,Z,domtyp,categorical,72,72,acquaintance,FALSE,
047,Z,domtyp,categorical,73,73,(former) colleague or his/her spouse ->51,FALSE,
047,Z,domtyp,categorical,74,74,"known through voluntary organization (e.g. church, sports, political) ->60",FALSE,
047,Z,domtyp,categorical,75,75,known through contact at street,FALSE,
047,Z,domtyp,categorical,76,76,professional helper,FALSE,
047,Z,domtyp,categorical,77,77,"professional, e.g. pastor, reverend, general practitioner",FALSE,
047,Z,domtyp,categorical,78,78,other kin or nonkin; specification unknown,FALSE,
047,Z,domtyp,categorical,79,79,professional helper (frequent contact),FALSE,
047,Z,domtyp,categorical,80,80,partner/spouse outside household,FALSE,
047,Z,domtyp,categorical,81,81,former spouse/partner,FALSE,
047,Z,domtyp,categorical,82,82,parent of child-in-law,FALSE,
047,Z,domtyp,categorical,83,83,former parent-in-law,FALSE,
047,Z,domtyp,categorical,84,84,landlord,FALSE,
047,Z,domtyp,categorical,85,85,catholic sister,FALSE,
047,Z,domtyp,categorical,86,86,other kin or nonkin; specification unknown,FALSE,
047,Z,nwsex,binary,-1,-1,unknown,TRUE,
047,Z,nwsex,binary,1,1,male,FALSE,
047,Z,nwsex,binary,2,2,female,FALSE,
047,Z,nwfreq,ordinal,-6,-6,"often are you in touch with ...?""/""hoe vaak heeft u contact met not available, routing",TRUE,
047,Z,nwfreq,ordinal,-3,-3,rcf/sys addition,TRUE,
047,Z,nwfreq,ordinal,-1,-1,no answer,TRUE,
047,Z,nwfreq,ordinal,1,1,never,FALSE,
047,Z,nwfreq,ordinal,2,2,"..."") yearly or less often",FALSE,
047,Z,nwfreq,ordinal,3,3,few times year,FALSE,
047,Z,nwfreq,ordinal,4,4,monthly,FALSE,
047,Z,nwfreq,ordinal,5,5,once every 2 weeks,FALSE,
047,Z,nwfreq,ordinal,6,6,weekly,FALSE,
047,Z,nwfreq,ordinal,7,7,few times week,FALSE,
047,Z,nwfreq,ordinal,8,8,daily or household member,FALSE,
047,Z,random,numeric,-6,-6,"not available, routing",TRUE,
047,Z,random,numeric,-3,-3,rcf/sys addition,TRUE,
047,Z,random,numeric,-1,-1,missing,TRUE,
047,Z,random,numeric,0,0,,FALSE,
047,Z,random,numeric,59,59,,FALSE,
047,Z,random,numeric,99,99,,FALSE,
047,Z,freqran,numeric,-6,-6,"not available, routing",TRUE,
047,Z,freqran,numeric,-3,-3,rcf/sys addition,TRUE,
047,Z,freqran,numeric,-1,-1,deleted by interviewer,TRUE,
047,Z,nwtrav,numeric,-7,-7,"not available,rank>10/12",TRUE,
047,Z,nwtrav,numeric,-6,-6,"not available, routing",TRUE,
047,Z,nwtrav,numeric,-4,-4,"not available,miss techn",TRUE,
047,Z,nwtrav,numeric,-3,-3,rcf/sys addition,TRUE,
047,Z,nwtrav,numeric,-1,-1,no answer,TRUE,
047,Z,nwtrav,numeric,0,0,no time,FALSE,
047,Z,nwtrav,numeric,60,60,1 hour,FALSE,
047,Z,nwtrav,numeric,1440,1440,>24 hours,FALSE,
047,Z,nwpart,categorical,-7,-7,"not available,rank>10/12",TRUE,
047,Z,nwpart,categorical,-6,-6,"not available, routing",TRUE,
047,Z,nwpart,categorical,-4,-4,"not available,miss techn",TRUE,
047,Z,nwpart,categorical,-3,-3,rcf/sys addition,TRUE,
047,Z,nwpart,categorical,-1,-1,no answer,TRUE,
047,Z,nwpart,categorical,1,1,w/partner,FALSE,
047,Z,nwpart,categorical,5,5,no partner,FALSE,
047,Z,sequenc,categorical,-7,-7,"not available,rank>10/12",TRUE,
047,Z,sequenc,categorical,-6,-6,"not available, routing",TRUE,
047,Z,sequenc,categorical,-3,-3,rcf/sys addition,TRUE,
047,Z,sequenc,categorical,-1,-1,only missings,TRUE,
047,Z,sequenc,categorical,1234,1234,er ir eg ig,FALSE,
047,Z,sequenc,categorical,1243,1243,er ir ig eg,FALSE,
047,Z,sequenc,categorical,1324,1324,er eg ir ig,FALSE,
047,Z,sequenc,categorical,1342,1342,er eg ig ir,FALSE,
047,Z,sequenc,categorical,1423,1423,er ig ir eg,FALSE,
047,Z,sequenc,categorical,1432,1432,er ig eg ir,FALSE,
047,Z,sequenc,categorical,2134,2134,ir er eg ig,FALSE,
047,Z,sequenc,categorical,2143,2143,ir er ig eg,FALSE,
047,Z,sequenc,categorical,2314,2314,ir eg er ig,FALSE,
047,Z,sequenc,categorical,2341,2341,ir eg ig er,FALSE,
047,Z,sequenc,categorical,2413,2413,ir ig er eg,FALSE,
047,Z,sequenc,categorical,2431,2431,ir ig eg er,FALSE,
047,Z,sequenc,categorical,3124,3124,eg er ir ig,FALSE,
047,Z,sequenc,categorical,3142,3142,eg er ig ir,FALSE,
047,Z,sequenc,categorical,3214,3214,eg ir er ig,FALSE,
047,Z,sequenc,categorical,3241,3241,eg ir ig er,FALSE,
047,Z,sequenc,categorical,3412,3412,eg ig er ir,FALSE,
047,Z,sequenc,categorical,3421,3421,eg ig ir er,FALSE,
047,Z,sequenc,categorical,4123,4123,ig er ir eg,FALSE,
047,Z,sequenc,categorical,4132,4132,ig er eg ir,FALSE,
047,Z,sequenc,categorical,4213,4213,ig ir er eg,FALSE,
047,Z,sequenc,categorical,4231,4231,ig ir eg er,FALSE,
047,Z,sequenc,categorical,4312,4312,ig eg er ir,FALSE,
047,Z,sequenc,categorical,4321,4321,ig eg ir er,FALSE,
047,Z,emo_rec,ordinal,-7,-7,"not available,rank>10/12",TRUE,
047,Z,emo_rec,ordinal,-6,-6,"not available, routing",TRUE,
047,Z,emo_rec,ordinal,-3,-3,rcf/sys addition,TRUE,
047,Z,emo_rec,ordinal,-1,-1,no answer,TRUE,
047,Z,emo_rec,ordinal,1,1,never,FALSE,
047,Z,emo_rec,ordinal,2,2,seldom,FALSE,
047,Z,emo_rec,ordinal,3,3,sometimes,FALSE,
047,Z,emo_rec,ordinal,4,4,often,FALSE,
047,Z,emo_giv,ordinal,-7,-7,"not available,rank>10/12",TRUE,
047,Z,emo_giv,ordinal,-6,-6,"not available, routing",TRUE,
047,Z,emo_giv,ordinal,-3,-3,rcf/sys addition,TRUE,
047,Z,emo_giv,ordinal,-1,-1,no answer,TRUE,
047,Z,emo_giv,ordinal,1,1,never,FALSE,
047,Z,emo_giv,ordinal,2,2,seldom,FALSE,
047,Z,emo_giv,ordinal,3,3,sometimes,FALSE,
047,Z,emo_giv,ordinal,4,4,often,FALSE,
047,Z,ins_rec,ordinal,-7,-7,"not available,rank>10/12",TRUE,
047,Z,ins_rec,ordinal,-6,-6,"not available, routing",TRUE,
047,Z,ins_rec,ordinal,-3,-3,rcf/sys addition,TRUE,
047,Z,ins_rec,ordinal,-1,-1,no answer,TRUE,
047,Z,ins_rec,ordinal,1,1,never,FALSE,
047,Z,ins_rec,ordinal,2,2,seldom,FALSE,
047,Z,ins_rec,ordinal,3,3,sometimes,FALSE,
047,Z,ins_rec,ordinal,4,4,often,FALSE,
047,Z,ins_giv,ordinal,-7,-7,"not available,rank>10/12",TRUE,
047,Z,ins_giv,ordinal,-6,-6,"not available, routing",TRUE,
047,Z,ins_giv,ordinal,-3,-3,rcf/sys addition,TRUE,
047,Z,ins_giv,ordinal,-1,-1,no answer,TRUE,
047,Z,ins_giv,ordinal,1,1,never,FALSE,
047,Z,ins_giv,ordinal,2,2,seldom,FALSE,
047,Z,ins_giv,ordinal,3,3,sometimes,FALSE,
047,Z,ins_giv,ordinal,4,4,often,FALSE,
047,Z,nwmsupp,categorical,-8,-8,no answer,TRUE,
047,Z,nwmsupp,categorical,-7,-7,"not available,rank>10",TRUE,
047,Z,nwmsupp,categorical,-6,-6,"not available, routing",TRUE,
047,Z,nwmsupp,categorical,-4,-4,"not available,only 1 network member",TRUE,
047,Z,nwmsupp,categorical,-3,-3,rcf/sys addition,TRUE,
047,Z,nwmsupp,categorical,-2,-2,"as -1,partner not listed",TRUE,
047,Z,nwmsupp,categorical,-1,-1,nobody/refusal/all,TRUE,
047,Z,nwmsupp,categorical,0,0,"<>partner,<>most supportive, no partner in network",FALSE,
047,Z,nwmsupp,categorical,1,1,"<>partner,<>most supportive, partner in network",FALSE,
047,Z,nwmsupp,categorical,2,2,">partner,<>most supportive, partner not on list in q",FALSE,
047,Z,nwmsupp,categorical,3,3,"partner, but not most supportive",FALSE,
047,Z,nwmsupp,categorical,4,4,most supportive=partner,FALSE,
047,Z,nwmsupp,categorical,5,5,"most supportive, no partner in network",FALSE,
047,Z,nwmsupp,categorical,6,6,"most supportive<>partner, partner on list in q",FALSE,
047,Z,nwmsupp,categorical,7,7,"most supportive<>partner, partner not on list in q",FALSE,
047,Z,nwconf,categorical,-6,-6,identified persons is your confidant?/welke van alle hiervoor genoemde personen beschouwt u als uw vertrouwenspersoon?) see 247,TRUE,
047,Z,nwconf,categorical,-3,-3,rcf/sys addition,TRUE,
047,Z,nwconf,categorical,0,0,not the/a confidant,FALSE,
047,Z,nwconf,categorical,1,1,(1st) confidant,FALSE,
047,Z,nwconf,categorical,2,2,2nd confidant,FALSE,
047,Z,nwconf,categorical,3,3,3rd confidant,FALSE,
047,Z,nwconf,categorical,4,4,4th confidant,FALSE,
047,Z,nwconf,categorical,5,5,5th confidant,FALSE,
047,Z,nwconf,categorical,6,6,6th confidant,FALSE,
047,Z,nwconf,categorical,7,7,7th confidant,FALSE,
047,Z,nwconf,categorical,8,8,8th confidant,FALSE,
047,Z,nwconf,categorical,9,9,9th/last confidant,FALSE,
