filecode,wave,canonical_name,variable_type,value_raw,value_numeric,value_label,is_missing,conflicts
161,B,mheightp,categorical,-3: no measurement,-3,no measurement,TRUE,
161,B,mheightp,categorical,"-2: no answer, skipped",-2,"no answer, skipped",TRUE,
161,B,mheightp,categorical,-1: no particularities scored,-1,no particularities scored,TRUE,
161,B,mheightp,categorical,1: cannot stand,1,cannot stand,FALSE,
161,B,mheightp,categorical,2: kyphose,2,kyphose,FALSE,
161,B,mheightp,categorical,3: scoliose,3,scoliose,FALSE,
161,B,mheightp,categorical,4: head not parallel,4,head not parallel,FALSE,
161,B,mheightp,categorical,5: shoes,5,shoes,FALSE,
161,B,mheightp,categorical,6: too much hair,6,too much hair,FALSE,
161,B,mheightp,categorical,7: refused,7,refused,FALSE,
161,B,mheightself,numeric,-3: no measurement,-3,no measurement,TRUE,
161,B,mheightself,numeric,-2: length measured,-2,length measured,TRUE,
161,B,mheightself,numeric,-1: no valid data,-1,no valid data,TRUE,
161,B,mweightp,categorical,-3: no measurement,-3,no measurement,TRUE,
161,B,mweightp,categorical,"-2: no answer, skipped",-2,"no answer, skipped",TRUE,
161,B,mweightp,categorical,-1: no particularities scored,-1,no particularities scored,TRUE,
161,B,mweightp,categorical,1: cannot stand,1,cannot stand,FALSE,
161,B,mweightp,categorical,2: clothes,2,clothes,FALSE,
161,B,mweightp,categorical,3: corset,3,corset,FALSE,
161,B,mweightp,categorical,4: amputation,4,amputation,FALSE,
161,B,mweightp,categorical,5: brace,5,brace,FALSE,
161,B,mweightp,categorical,6: prosthesis,6,prosthesis,FALSE,
161,B,mweightp,categorical,7: >150kg,7,>150kg,FALSE,
161,B,mweightp,categorical,8: refused,8,refused,FALSE,
161,B,mweightself,numeric,-3: no measurement,-3,no measurement,TRUE,
161,B,mweightself,numeric,-2: length measured,-2,length measured,TRUE,
161,B,mweightself,numeric,-1: no valid data,-1,no valid data,TRUE,
161,B,mwaistp,categorical,-3: no measurement,-3,no measurement,TRUE,
161,B,mwaistp,categorical,"-2: no answer, skipped",-2,"no answer, skipped",TRUE,
161,B,mwaistp,categorical,-1: no particularities scored,-1,no particularities scored,TRUE,
161,B,mwaistp,categorical,1: lying down,1,lying down,FALSE,
161,B,mwaistp,categorical,2: hard to find right spot,2,hard to find right spot,FALSE,
161,B,mwaistp,categorical,3: much skinfolds under,3,much skinfolds under,FALSE,
161,B,mwaistp,categorical,4: refused,4,refused,FALSE,
161,B,mhipp,categorical,-3: no measurement,-3,no measurement,TRUE,
161,B,mhipp,categorical,"-2: no answer, skipped",-2,"no answer, skipped",TRUE,
161,B,mhipp,categorical,-1: no particularities scored,-1,no particularities scored,TRUE,
161,B,mhipp,categorical,1: lying down,1,lying down,FALSE,
161,B,mhipp,categorical,2: much skinfolds,2,much skinfolds,FALSE,
161,B,mhipp,categorical,3: refused,3,refused,FALSE,
161,B,marm1,numeric,-3: no measurement,-3,no measurement,TRUE,
161,B,marm2,numeric,-1: no valid data,-1,no valid data,TRUE,
161,B,marmp,categorical,-3: no measurement,-3,no measurement,TRUE,
161,B,marmp,categorical,"-2: no answer, skipped",-2,"no answer, skipped",TRUE,
161,B,marmp,categorical,-1: no particularities scored,-1,no particularities scored,TRUE,
161,B,marmp,categorical,1: no bare arm,1,no bare arm,FALSE,
161,B,marmp,categorical,2: much room between,2,much room between,FALSE,
161,B,marmp,categorical,3: R sitting down,3,R sitting down,FALSE,
161,B,marmp,categorical,4: on right arm,4,on right arm,FALSE,
161,B,marmp,categorical,5: refused,5,refused,FALSE,
161,B,mtricep1,numeric,-3: no measurement,-3,no measurement,TRUE,
161,B,mtricep2,numeric,-1: no valid data,-1,no valid data,TRUE,
161,B,mtricep3,numeric,,,,,
161,B,mtricepp,ordinal,-3: no measurement,-3,no measurement,TRUE,
161,B,mtricepp,ordinal,"-2: no answer, skipped",-2,"no answer, skipped",TRUE,
161,B,mtricepp,ordinal,-1: no valid data,-1,no valid data,TRUE,
161,B,mtricepp,ordinal,0: no particularities scored,0,no particularities scored,FALSE,
161,B,mtricepp,ordinal,1: no bare arm,1,no bare arm,FALSE,
161,B,mtricepp,ordinal,2: edema,2,edema,FALSE,
161,B,mtricepp,ordinal,3: skinfold more than 40mm,3,skinfold more than 40mm,FALSE,
161,B,mtricepp,ordinal,4: tight skin,4,tight skin,FALSE,
161,B,mtricepp,ordinal,5: refused,5,refused,FALSE,
161,B,mkneeh,numeric,-3: no measurement,-3,no measurement,TRUE,
161,B,mkneeh,numeric,-1: no valid data,-1,no valid data,TRUE,
161,B,mkneep,categorical,-3: no measurement,-3,no measurement,TRUE,
161,B,mkneep,categorical,"-2: no answer, skipped",-2,"no answer, skipped",TRUE,
161,B,mkneep,categorical,-1: no valid data,-1,no valid data,TRUE,
161,B,mkneep,categorical,0: no particularities scored,0,no particularities scored,FALSE,
161,B,mkneep,categorical,1: refused,1,refused,FALSE,
161,B,mkneep,categorical,2: trousers,2,trousers,FALSE,
161,B,mkneep,categorical,3: right leg,3,right leg,FALSE,
161,B,mlength,numeric,-3: no measurement,-3,no measurement,TRUE,
161,B,mweight,numeric,-1: no valid data,-1,no valid data,TRUE,
161,B,mwaist,numeric,,,,,
161,B,mhip,numeric,,,,,
161,C,mheight,numeric,"-3: na, wrong skip",-3,"na, wrong skip",TRUE,
161,C,mheight,numeric,"-2: na, see C/DRM161",-2,"na, see C/DRM161",TRUE,
161,C,mheight,numeric,-1: no valid data,-1,no valid data,TRUE,
161,D,mheight,numeric,"-3: na, wrong skip",-3,"na, wrong skip",TRUE,
161,D,mheight,numeric,"-2: na, see C/DRM161",-2,"na, see C/DRM161",TRUE,
161,D,mheight,numeric,-1: no valid data,-1,no valid data,TRUE,
161,C,mheightp,categorical,"-3: na, wrong skip",-3,"na, wrong skip",TRUE,
161,C,mheightp,categorical,"-2: na, see CRM161",-2,"na, see CRM161",TRUE,
161,C,mheightp,categorical,-1: no valid data,-1,no valid data,TRUE,
161,C,mheightp,categorical,1: no,1,no,FALSE,
161,C,mheightp,categorical,2: yes,2,yes,FALSE,
161,D,mheightp,categorical,"-3: na, wrong skip",-3,"na, wrong skip",TRUE,
161,D,mheightp,categorical,"-2: na, see CRM161",-2,"na, see CRM161",TRUE,
161,D,mheightp,categorical,-1: no valid data,-1,no valid data,TRUE,
161,D,mheightp,categorical,1: no,1,no,FALSE,
161,D,mheightp,categorical,2: yes,2,yes,FALSE,
161,C,mheightp1,binary,"-3: na, wrong skip",-3,"na, wrong skip",TRUE,
161,C,mheightp1,binary,"-2: na, see C/DMHEIGHTP",-2,"na, see C/DMHEIGHTP",TRUE,
161,C,mheightp1,binary,-1: no valid data,-1,no valid data,TRUE,
161,C,mheightp1,binary,0: not mentioned,0,not mentioned,FALSE,
161,C,mheightp1,binary,1: mentioned,1,mentioned,FALSE,
161,C,mheightp2,binary,"table-spanned coding -> -3: na, wrong skip",-3,"na, wrong skip",TRUE,
161,C,mheightp2,binary,"table-spanned coding -> -2: na, see CRM161",-2,"na, see CRM161",TRUE,
161,C,mheightp2,binary,table-spanned coding -> -1: no valid data,-1,no valid data,TRUE,
161,C,mheightp2,binary,table-spanned coding -> 1: no,1,no,FALSE,
161,C,mheightp2,binary,table-spanned coding -> 2: yes,2,yes,FALSE,
161,D,mheightp2,binary,"table-spanned coding -> -3: na, wrong skip",-3,"na, wrong skip",TRUE,
161,D,mheightp2,binary,"table-spanned coding -> -2: na, see CRM161",-2,"na, see CRM161",TRUE,
161,D,mheightp2,binary,table-spanned coding -> -1: no valid data,-1,no valid data,TRUE,
161,D,mheightp2,binary,table-spanned coding -> 1: no,1,no,FALSE,
161,D,mheightp2,binary,table-spanned coding -> 2: yes,2,yes,FALSE,
161,C,mheightp3,binary,"table-spanned coding -> -3: na, wrong skip",-3,"na, wrong skip",TRUE,
161,C,mheightp3,binary,"table-spanned coding -> -2: na, see CRM161",-2,"na, see CRM161",TRUE,
161,C,mheightp3,binary,table-spanned coding -> -1: no valid data,-1,no valid data,TRUE,
161,C,mheightp3,binary,table-spanned coding -> 1: no,1,no,FALSE,
161,C,mheightp3,binary,table-spanned coding -> 2: yes,2,yes,FALSE,
161,D,mheightp3,binary,"table-spanned coding -> -3: na, wrong skip",-3,"na, wrong skip",TRUE,
161,D,mheightp3,binary,"table-spanned coding -> -2: na, see CRM161",-2,"na, see CRM161",TRUE,
161,D,mheightp3,binary,table-spanned coding -> -1: no valid data,-1,no valid data,TRUE,
161,D,mheightp3,binary,table-spanned coding -> 1: no,1,no,FALSE,
161,D,mheightp3,binary,table-spanned coding -> 2: yes,2,yes,FALSE,
161,C,mheightp4,binary,"table-spanned coding -> -3: na, wrong skip",-3,"na, wrong skip",TRUE,
161,C,mheightp4,binary,"table-spanned coding -> -2: na, see CRM161",-2,"na, see CRM161",TRUE,
161,C,mheightp4,binary,table-spanned coding -> -1: no valid data,-1,no valid data,TRUE,
161,C,mheightp4,binary,table-spanned coding -> 1: no,1,no,FALSE,
161,C,mheightp4,binary,table-spanned coding -> 2: yes,2,yes,FALSE,
161,D,mheightp4,binary,"table-spanned coding -> -3: na, wrong skip",-3,"na, wrong skip",TRUE,
161,D,mheightp4,binary,"table-spanned coding -> -2: na, see CRM161",-2,"na, see CRM161",TRUE,
161,D,mheightp4,binary,table-spanned coding -> -1: no valid data,-1,no valid data,TRUE,
161,D,mheightp4,binary,table-spanned coding -> 1: no,1,no,FALSE,
161,D,mheightp4,binary,table-spanned coding -> 2: yes,2,yes,FALSE,
161,C,mheightp5,binary,"table-spanned coding -> -3: na, wrong skip",-3,"na, wrong skip",TRUE,
161,C,mheightp5,binary,"table-spanned coding -> -2: na, see CRM161",-2,"na, see CRM161",TRUE,
161,C,mheightp5,binary,table-spanned coding -> -1: no valid data,-1,no valid data,TRUE,
161,C,mheightp5,binary,table-spanned coding -> 1: no,1,no,FALSE,
161,C,mheightp5,binary,table-spanned coding -> 2: yes,2,yes,FALSE,
161,C,mheightp6,binary,"table-spanned coding -> -3: na, wrong skip",-3,"na, wrong skip",TRUE,
161,C,mheightp6,binary,"table-spanned coding -> -2: na, see CRM161",-2,"na, see CRM161",TRUE,
161,C,mheightp6,binary,table-spanned coding -> -1: no valid data,-1,no valid data,TRUE,
161,C,mheightp6,binary,table-spanned coding -> 1: no,1,no,FALSE,
161,C,mheightp6,binary,table-spanned coding -> 2: yes,2,yes,FALSE,
161,D,mheightp6,binary,"table-spanned coding -> -3: na, wrong skip",-3,"na, wrong skip",TRUE,
161,D,mheightp6,binary,"table-spanned coding -> -2: na, see CRM161",-2,"na, see CRM161",TRUE,
161,D,mheightp6,binary,table-spanned coding -> -1: no valid data,-1,no valid data,TRUE,
161,D,mheightp6,binary,table-spanned coding -> 1: no,1,no,FALSE,
161,D,mheightp6,binary,table-spanned coding -> 2: yes,2,yes,FALSE,
161,C,mheightp7,binary,"table-spanned coding -> -3: na, wrong skip",-3,"na, wrong skip",TRUE,
161,C,mheightp7,binary,"table-spanned coding -> -2: na, see CRM161",-2,"na, see CRM161",TRUE,
161,C,mheightp7,binary,table-spanned coding -> -1: no valid data,-1,no valid data,TRUE,
161,C,mheightp7,binary,table-spanned coding -> 1: no,1,no,FALSE,
161,C,mheightp7,binary,table-spanned coding -> 2: yes,2,yes,FALSE,
161,D,mheightp7,binary,"table-spanned coding -> -3: na, wrong skip",-3,"na, wrong skip",TRUE,
161,D,mheightp7,binary,"table-spanned coding -> -2: na, see CRM161",-2,"na, see CRM161",TRUE,
161,D,mheightp7,binary,table-spanned coding -> -1: no valid data,-1,no valid data,TRUE,
161,D,mheightp7,binary,table-spanned coding -> 1: no,1,no,FALSE,
161,D,mheightp7,binary,table-spanned coding -> 2: yes,2,yes,FALSE,
161,C,mheightself,numeric,"-3: na, wrong skip",-3,"na, wrong skip",TRUE,
161,C,mheightself,numeric,"-2: na, see C/DMHEIGHTP",-2,"na, see C/DMHEIGHTP",TRUE,
161,C,mheightself,numeric,-1: no valid data,-1,no valid data,TRUE,
161,D,mheightself,numeric,"-3: na, wrong skip",-3,"na, wrong skip",TRUE,
161,D,mheightself,numeric,"-2: na, see C/DMHEIGHTP",-2,"na, see C/DMHEIGHTP",TRUE,
161,D,mheightself,numeric,-1: no valid data,-1,no valid data,TRUE,
161,C,mweight,numeric,"-3: na, wrong skip",-3,"na, wrong skip",TRUE,
161,C,mweight,numeric,"-2: na, see C/DRM161",-2,"na, see C/DRM161",TRUE,
161,C,mweight,numeric,-1: no valid data,-1,no valid data,TRUE,
161,D,mweight,numeric,"-3: na, wrong skip",-3,"na, wrong skip",TRUE,
161,D,mweight,numeric,"-2: na, see C/DRM161",-2,"na, see C/DRM161",TRUE,
161,D,mweight,numeric,-1: no valid data,-1,no valid data,TRUE,
161,C,mweightp,categorical,"-3: na, wrong skip",-3,"na, wrong skip",TRUE,
161,C,mweightp,categorical,"-2: na, see C/DRM161",-2,"na, see C/DRM161",TRUE,
161,C,mweightp,categorical,-1: no valid data,-1,no valid data,TRUE,
161,C,mweightp,categorical,1: no,1,no,FALSE,
161,C,mweightp,categorical,2: yes,2,yes,FALSE,
161,D,mweightp,categorical,"-3: na, wrong skip",-3,"na, wrong skip",TRUE,
161,D,mweightp,categorical,"-2: na, see C/DRM161",-2,"na, see C/DRM161",TRUE,
161,D,mweightp,categorical,-1: no valid data,-1,no valid data,TRUE,
161,D,mweightp,categorical,1: no,1,no,FALSE,
161,D,mweightp,categorical,2: yes,2,yes,FALSE,
161,C,mweightp1,binary,"-3: na, wrong skip",-3,"na, wrong skip",TRUE,
161,C,mweightp1,binary,"-2: na, see C/DMWEIGHTP",-2,"na, see C/DMWEIGHTP",TRUE,
161,C,mweightp1,binary,-1: no valid data,-1,no valid data,TRUE,
161,C,mweightp1,binary,0: not mentioned,0,not mentioned,FALSE,
161,C,mweightp1,binary,1: mentioned,1,mentioned,FALSE,
161,C,mweightp2,binary,"table-spanned coding -> -3: na, wrong skip",-3,"na, wrong skip",TRUE,
161,C,mweightp2,binary,"table-spanned coding -> -2: na, see C/DRM161",-2,"na, see C/DRM161",TRUE,
161,C,mweightp2,binary,table-spanned coding -> -1: no valid data,-1,no valid data,TRUE,
161,C,mweightp2,binary,table-spanned coding -> 1: no,1,no,FALSE,
161,C,mweightp2,binary,table-spanned coding -> 2: yes,2,yes,FALSE,
161,D,mweightp2,binary,"table-spanned coding -> -3: na, wrong skip",-3,"na, wrong skip",TRUE,
161,D,mweightp2,binary,"table-spanned coding -> -2: na, see C/DRM161",-2,"na, see C/DRM161",TRUE,
161,D,mweightp2,binary,table-spanned coding -> -1: no valid data,-1,no valid data,TRUE,
161,D,mweightp2,binary,table-spanned coding -> 1: no,1,no,FALSE,
161,D,mweightp2,binary,table-spanned coding -> 2: yes,2,yes,FALSE,
161,C,mweightp3,binary,"table-spanned coding -> -3: na, wrong skip",-3,"na, wrong skip",TRUE,
161,C,mweightp3,binary,"table-spanned coding -> -2: na, see C/DRM161",-2,"na, see C/DRM161",TRUE,
161,C,mweightp3,binary,table-spanned coding -> -1: no valid data,-1,no valid data,TRUE,
161,C,mweightp3,binary,table-spanned coding -> 1: no,1,no,FALSE,
161,C,mweightp3,binary,table-spanned coding -> 2: yes,2,yes,FALSE,
161,D,mweightp3,binary,"table-spanned coding -> -3: na, wrong skip",-3,"na, wrong skip",TRUE,
161,D,mweightp3,binary,"table-spanned coding -> -2: na, see C/DRM161",-2,"na, see C/DRM161",TRUE,
161,D,mweightp3,binary,table-spanned coding -> -1: no valid data,-1,no valid data,TRUE,
161,D,mweightp3,binary,table-spanned coding -> 1: no,1,no,FALSE,
161,D,mweightp3,binary,table-spanned coding -> 2: yes,2,yes,FALSE,
161,C,mweightp4,binary,"table-spanned coding -> -3: na, wrong skip",-3,"na, wrong skip",TRUE,
161,C,mweightp4,binary,"table-spanned coding -> -2: na, see C/DRM161",-2,"na, see C/DRM161",TRUE,
161,C,mweightp4,binary,table-spanned coding -> -1: no valid data,-1,no valid data,TRUE,
161,C,mweightp4,binary,table-spanned coding -> 1: no,1,no,FALSE,
161,C,mweightp4,binary,table-spanned coding -> 2: yes,2,yes,FALSE,
161,D,mweightp4,binary,"table-spanned coding -> -3: na, wrong skip",-3,"na, wrong skip",TRUE,
161,D,mweightp4,binary,"table-spanned coding -> -2: na, see C/DRM161",-2,"na, see C/DRM161",TRUE,
161,D,mweightp4,binary,table-spanned coding -> -1: no valid data,-1,no valid data,TRUE,
161,D,mweightp4,binary,table-spanned coding -> 1: no,1,no,FALSE,
161,D,mweightp4,binary,table-spanned coding -> 2: yes,2,yes,FALSE,
161,C,mweightp5,binary,"table-spanned coding -> -3: na, wrong skip",-3,"na, wrong skip",TRUE,
161,C,mweightp5,binary,"table-spanned coding -> -2: na, see C/DRM161",-2,"na, see C/DRM161",TRUE,
161,C,mweightp5,binary,table-spanned coding -> -1: no valid data,-1,no valid data,TRUE,
161,C,mweightp5,binary,table-spanned coding -> 1: no,1,no,FALSE,
161,C,mweightp5,binary,table-spanned coding -> 2: yes,2,yes,FALSE,
161,D,mweightp5,binary,"table-spanned coding -> -3: na, wrong skip",-3,"na, wrong skip",TRUE,
161,D,mweightp5,binary,"table-spanned coding -> -2: na, see C/DRM161",-2,"na, see C/DRM161",TRUE,
161,D,mweightp5,binary,table-spanned coding -> -1: no valid data,-1,no valid data,TRUE,
161,D,mweightp5,binary,table-spanned coding -> 1: no,1,no,FALSE,
161,D,mweightp5,binary,table-spanned coding -> 2: yes,2,yes,FALSE,
161,C,mweightp6,binary,"table-spanned coding -> -3: na, wrong skip",-3,"na, wrong skip",TRUE,
161,C,mweightp6,binary,"table-spanned coding -> -2: na, see C/DRM161",-2,"na, see C/DRM161",TRUE,
161,C,mweightp6,binary,table-spanned coding -> -1: no valid data,-1,no valid data,TRUE,
161,C,mweightp6,binary,table-spanned coding -> 1: no,1,no,FALSE,
161,C,mweightp6,binary,table-spanned coding -> 2: yes,2,yes,FALSE,
161,D,mweightp6,binary,"table-spanned coding -> -3: na, wrong skip",-3,"na, wrong skip",TRUE,
161,D,mweightp6,binary,"table-spanned coding -> -2: na, see C/DRM161",-2,"na, see C/DRM161",TRUE,
161,D,mweightp6,binary,table-spanned coding -> -1: no valid data,-1,no valid data,TRUE,
161,D,mweightp6,binary,table-spanned coding -> 1: no,1,no,FALSE,
161,D,mweightp6,binary,table-spanned coding -> 2: yes,2,yes,FALSE,
161,C,mweightp7,numeric,"table-spanned coding -> -3: na, wrong skip",-3,"na, wrong skip",TRUE,
161,C,mweightp7,numeric,"table-spanned coding -> -2: na, see C/DRM161",-2,"na, see C/DRM161",TRUE,
161,C,mweightp7,numeric,table-spanned coding -> -1: no valid data,-1,no valid data,TRUE,
161,C,mweightp7,numeric,table-spanned coding -> 1: no,1,no,FALSE,
161,C,mweightp7,numeric,table-spanned coding -> 2: yes,2,yes,FALSE,
161,D,mweightp7,numeric,"table-spanned coding -> -3: na, wrong skip",-3,"na, wrong skip",TRUE,
161,D,mweightp7,numeric,"table-spanned coding -> -2: na, see C/DRM161",-2,"na, see C/DRM161",TRUE,
161,D,mweightp7,numeric,table-spanned coding -> -1: no valid data,-1,no valid data,TRUE,
161,D,mweightp7,numeric,table-spanned coding -> 1: no,1,no,FALSE,
161,D,mweightp7,numeric,table-spanned coding -> 2: yes,2,yes,FALSE,
161,C,mweightp8,binary,"table-spanned coding -> -3: na, wrong skip",-3,"na, wrong skip",TRUE,
161,C,mweightp8,binary,"table-spanned coding -> -2: na, see C/DRM161",-2,"na, see C/DRM161",TRUE,
161,C,mweightp8,binary,table-spanned coding -> -1: no valid data,-1,no valid data,TRUE,
161,C,mweightp8,binary,table-spanned coding -> 1: no,1,no,FALSE,
161,C,mweightp8,binary,table-spanned coding -> 2: yes,2,yes,FALSE,
161,D,mweightp8,binary,"table-spanned coding -> -3: na, wrong skip",-3,"na, wrong skip",TRUE,
161,D,mweightp8,binary,"table-spanned coding -> -2: na, see C/DRM161",-2,"na, see C/DRM161",TRUE,
161,D,mweightp8,binary,table-spanned coding -> -1: no valid data,-1,no valid data,TRUE,
161,D,mweightp8,binary,table-spanned coding -> 1: no,1,no,FALSE,
161,D,mweightp8,binary,table-spanned coding -> 2: yes,2,yes,FALSE,
161,D,mweightp9,categorical,"table-spanned coding -> -3: na, wrong skip",-3,"na, wrong skip",TRUE,
161,D,mweightp9,categorical,"table-spanned coding -> -2: na, see C/DRM161",-2,"na, see C/DRM161",TRUE,
161,D,mweightp9,categorical,table-spanned coding -> -1: no valid data,-1,no valid data,TRUE,
161,D,mweightp9,categorical,table-spanned coding -> 1: no,1,no,FALSE,
161,D,mweightp9,categorical,table-spanned coding -> 2: yes,2,yes,FALSE,
161,C,mweightself,numeric,"-3: na, wrong skip",-3,"na, wrong skip",TRUE,
161,C,mweightself,numeric,"-2: na, see C/MWEIGHTP1&8",-2,"na, see C/MWEIGHTP1&8",TRUE,
161,C,mweightself,numeric,-1: no valid data,-1,no valid data,TRUE,
161,D,mweightself,numeric,"-3: na, wrong skip",-3,"na, wrong skip",TRUE,
161,D,mweightself,numeric,"-2: na, see C/MWEIGHTP1&8",-2,"na, see C/MWEIGHTP1&8",TRUE,
161,D,mweightself,numeric,-1: no valid data,-1,no valid data,TRUE,
161,C,mwaist1,numeric,"-3: na, wrong skip",-3,"na, wrong skip",TRUE,
161,C,mwaist1,numeric,"-2: na, see C/DRM161",-2,"na, see C/DRM161",TRUE,
161,C,mwaist1,numeric,-1: no valid data,-1,no valid data,TRUE,
161,D,mwaist1,numeric,"-3: na, wrong skip",-3,"na, wrong skip",TRUE,
161,D,mwaist1,numeric,"-2: na, see C/DRM161",-2,"na, see C/DRM161",TRUE,
161,D,mwaist1,numeric,-1: no valid data,-1,no valid data,TRUE,
161,C,mwaist2,numeric,,,,,
161,C,mwaistp,categorical,"-3: na, wrong skip",-3,"na, wrong skip",TRUE,
161,C,mwaistp,categorical,"-2: na, see C/DRM161",-2,"na, see C/DRM161",TRUE,
161,C,mwaistp,categorical,-1: no valid data,-1,no valid data,TRUE,
161,C,mwaistp,categorical,1: no,1,no,FALSE,
161,C,mwaistp,categorical,2: yes,2,yes,FALSE,
161,D,mwaistp,categorical,"-3: na, wrong skip",-3,"na, wrong skip",TRUE,
161,D,mwaistp,categorical,"-2: na, see C/DRM161",-2,"na, see C/DRM161",TRUE,
161,D,mwaistp,categorical,-1: no valid data,-1,no valid data,TRUE,
161,D,mwaistp,categorical,1: no,1,no,FALSE,
161,D,mwaistp,categorical,2: yes,2,yes,FALSE,
161,C,mwaistp1,binary,"-3: na, wrong skip",-3,"na, wrong skip",TRUE,
161,C,mwaistp1,binary,"-2: na, see C/DMWAISTP",-2,"na, see C/DMWAISTP",TRUE,
161,C,mwaistp1,binary,-1: no valid data,-1,no valid data,TRUE,
161,C,mwaistp1,binary,0: not mentioned,0,not mentioned,FALSE,
161,C,mwaistp1,binary,1: mentioned,1,mentioned,FALSE,
161,D,mwaistp1,binary,"-3: na, wrong skip",-3,"na, wrong skip",TRUE,
161,D,mwaistp1,binary,"-2: na, see C/DMWAISTP",-2,"na, see C/DMWAISTP",TRUE,
161,D,mwaistp1,binary,-1: no valid data,-1,no valid data,TRUE,
161,D,mwaistp1,binary,0: not mentioned,0,not mentioned,FALSE,
161,D,mwaistp1,binary,1: mentioned,1,mentioned,FALSE,
161,C,mwaistp2,binary,"table-spanned coding -> -3: na, wrong skip",-3,"na, wrong skip",TRUE,
161,C,mwaistp2,binary,"table-spanned coding -> -2: na, see C/DRM161",-2,"na, see C/DRM161",TRUE,
161,C,mwaistp2,binary,table-spanned coding -> -1: no valid data,-1,no valid data,TRUE,
161,C,mwaistp2,binary,table-spanned coding -> 1: no,1,no,FALSE,
161,C,mwaistp2,binary,table-spanned coding -> 2: yes,2,yes,FALSE,
161,D,mwaistp2,binary,"table-spanned coding -> -3: na, wrong skip",-3,"na, wrong skip",TRUE,
161,D,mwaistp2,binary,"table-spanned coding -> -2: na, see C/DRM161",-2,"na, see C/DRM161",TRUE,
161,D,mwaistp2,binary,table-spanned coding -> -1: no valid data,-1,no valid data,TRUE,
161,D,mwaistp2,binary,table-spanned coding -> 1: no,1,no,FALSE,
161,D,mwaistp2,binary,table-spanned coding -> 2: yes,2,yes,FALSE,
161,C,mwaistp3,binary,"table-spanned coding -> -3: na, wrong skip",-3,"na, wrong skip",TRUE,
161,C,mwaistp3,binary,"table-spanned coding -> -2: na, see C/DRM161",-2,"na, see C/DRM161",TRUE,
161,C,mwaistp3,binary,table-spanned coding -> -1: no valid data,-1,no valid data,TRUE,
161,C,mwaistp3,binary,table-spanned coding -> 1: no,1,no,FALSE,
161,C,mwaistp3,binary,table-spanned coding -> 2: yes,2,yes,FALSE,
161,D,mwaistp3,binary,"table-spanned coding -> -3: na, wrong skip",-3,"na, wrong skip",TRUE,
161,D,mwaistp3,binary,"table-spanned coding -> -2: na, see C/DRM161",-2,"na, see C/DRM161",TRUE,
161,D,mwaistp3,binary,table-spanned coding -> -1: no valid data,-1,no valid data,TRUE,
161,D,mwaistp3,binary,table-spanned coding -> 1: no,1,no,FALSE,
161,D,mwaistp3,binary,table-spanned coding -> 2: yes,2,yes,FALSE,
161,C,mwaistp4,binary,"table-spanned coding -> -3: na, wrong skip",-3,"na, wrong skip",TRUE,
161,C,mwaistp4,binary,"table-spanned coding -> -2: na, see C/DRM161",-2,"na, see C/DRM161",TRUE,
161,C,mwaistp4,binary,table-spanned coding -> -1: no valid data,-1,no valid data,TRUE,
161,C,mwaistp4,binary,table-spanned coding -> 1: no,1,no,FALSE,
161,C,mwaistp4,binary,table-spanned coding -> 2: yes,2,yes,FALSE,
161,D,mwaistp4,binary,"table-spanned coding -> -3: na, wrong skip",-3,"na, wrong skip",TRUE,
161,D,mwaistp4,binary,"table-spanned coding -> -2: na, see C/DRM161",-2,"na, see C/DRM161",TRUE,
161,D,mwaistp4,binary,table-spanned coding -> -1: no valid data,-1,no valid data,TRUE,
161,D,mwaistp4,binary,table-spanned coding -> 1: no,1,no,FALSE,
161,D,mwaistp4,binary,table-spanned coding -> 2: yes,2,yes,FALSE,
161,C,mhip1,numeric,"-3: na, wrong skip",-3,"na, wrong skip",TRUE,
161,C,mhip1,numeric,-2: na see C/DRM161,-2,na see C/DRM161,TRUE,
161,C,mhip1,numeric,-1: no valid data,-1,no valid data,TRUE,
161,D,mhip1,numeric,"-3: na, wrong skip",-3,"na, wrong skip",TRUE,
161,D,mhip1,numeric,-2: na see C/DRM161,-2,na see C/DRM161,TRUE,
161,D,mhip1,numeric,-1: no valid data,-1,no valid data,TRUE,
161,C,mhip2,numeric,,,,,
161,C,mhipp,categorical,"-3: na, wrong skip",-3,"na, wrong skip",TRUE,
161,C,mhipp,categorical,"-2: na, see C/DRM161",-2,"na, see C/DRM161",TRUE,
161,C,mhipp,categorical,-1: no valid data,-1,no valid data,TRUE,
161,C,mhipp,categorical,1: no,1,no,FALSE,
161,C,mhipp,categorical,2: yes,2,yes,FALSE,
161,D,mhipp,categorical,"-3: na, wrong skip",-3,"na, wrong skip",TRUE,
161,D,mhipp,categorical,"-2: na, see C/DRM161",-2,"na, see C/DRM161",TRUE,
161,D,mhipp,categorical,-1: no valid data,-1,no valid data,TRUE,
161,D,mhipp,categorical,1: no,1,no,FALSE,
161,D,mhipp,categorical,2: yes,2,yes,FALSE,
161,C,mhipp1,binary,"-3: na, wrong skip",-3,"na, wrong skip",TRUE,
161,C,mhipp1,binary,"-2: na, see C/DMHIPP",-2,"na, see C/DMHIPP",TRUE,
161,C,mhipp1,binary,-1: no valid data,-1,no valid data,TRUE,
161,C,mhipp1,binary,0: not mentioned,0,not mentioned,FALSE,
161,C,mhipp1,binary,1: mentioned,1,mentioned,FALSE,
161,D,mhipp1,binary,"-3: na, wrong skip",-3,"na, wrong skip",TRUE,
161,D,mhipp1,binary,"-2: na, see C/DMHIPP",-2,"na, see C/DMHIPP",TRUE,
161,D,mhipp1,binary,-1: no valid data,-1,no valid data,TRUE,
161,D,mhipp1,binary,0: not mentioned,0,not mentioned,FALSE,
161,D,mhipp1,binary,1: mentioned,1,mentioned,FALSE,
161,C,mhipp2,binary,"table-spanned coding -> -3: na, wrong skip",-3,"na, wrong skip",TRUE,
161,C,mhipp2,binary,"table-spanned coding -> -2: na, see C/DRM161",-2,"na, see C/DRM161",TRUE,
161,C,mhipp2,binary,table-spanned coding -> -1: no valid data,-1,no valid data,TRUE,
161,C,mhipp2,binary,table-spanned coding -> 1: no,1,no,FALSE,
161,C,mhipp2,binary,table-spanned coding -> 2: yes,2,yes,FALSE,
161,D,mhipp2,binary,"table-spanned coding -> -3: na, wrong skip",-3,"na, wrong skip",TRUE,
161,D,mhipp2,binary,"table-spanned coding -> -2: na, see C/DRM161",-2,"na, see C/DRM161",TRUE,
161,D,mhipp2,binary,table-spanned coding -> -1: no valid data,-1,no valid data,TRUE,
161,D,mhipp2,binary,table-spanned coding -> 1: no,1,no,FALSE,
161,D,mhipp2,binary,table-spanned coding -> 2: yes,2,yes,FALSE,
161,C,mhipp3,binary,"table-spanned coding -> -3: na, wrong skip",-3,"na, wrong skip",TRUE,
161,C,mhipp3,binary,"table-spanned coding -> -2: na, see C/DRM161",-2,"na, see C/DRM161",TRUE,
161,C,mhipp3,binary,table-spanned coding -> -1: no valid data,-1,no valid data,TRUE,
161,C,mhipp3,binary,table-spanned coding -> 1: no,1,no,FALSE,
161,C,mhipp3,binary,table-spanned coding -> 2: yes,2,yes,FALSE,
161,D,mhipp3,binary,"table-spanned coding -> -3: na, wrong skip",-3,"na, wrong skip",TRUE,
161,D,mhipp3,binary,"table-spanned coding -> -2: na, see C/DRM161",-2,"na, see C/DRM161",TRUE,
161,D,mhipp3,binary,table-spanned coding -> -1: no valid data,-1,no valid data,TRUE,
161,D,mhipp3,binary,table-spanned coding -> 1: no,1,no,FALSE,
161,D,mhipp3,binary,table-spanned coding -> 2: yes,2,yes,FALSE,
161,D,mhipp4,binary,"table-spanned coding -> -3: na, wrong skip",-3,"na, wrong skip",TRUE,
161,D,mhipp4,binary,"table-spanned coding -> -2: na, see C/DRM161",-2,"na, see C/DRM161",TRUE,
161,D,mhipp4,binary,table-spanned coding -> -1: no valid data,-1,no valid data,TRUE,
161,D,mhipp4,binary,table-spanned coding -> 1: no,1,no,FALSE,
161,D,mhipp4,binary,table-spanned coding -> 2: yes,2,yes,FALSE,
161,C,marm1,numeric,"-3: na, wrong skip",-3,"na, wrong skip",TRUE,
161,C,marm1,numeric,"-2: na, see C/DRM161",-2,"na, see C/DRM161",TRUE,
161,C,marm1,numeric,-1: no valid data,-1,no valid data,TRUE,
161,D,marm1,numeric,"-3: na, wrong skip",-3,"na, wrong skip",TRUE,
161,D,marm1,numeric,"-2: na, see C/DRM161",-2,"na, see C/DRM161",TRUE,
161,D,marm1,numeric,-1: no valid data,-1,no valid data,TRUE,
161,C,marm2,numeric,,,,,
161,D,marm2,numeric,,,,,
161,C,marmp,categorical,"-3: na, wrong skip",-3,"na, wrong skip",TRUE,
161,C,marmp,categorical,"-2: na, see C/DRM161",-2,"na, see C/DRM161",TRUE,
161,C,marmp,categorical,-1: no valid data,-1,no valid data,TRUE,
161,C,marmp,categorical,1: no,1,no,FALSE,
161,C,marmp,categorical,2: yes,2,yes,FALSE,
161,D,marmp,categorical,"-3: na, wrong skip",-3,"na, wrong skip",TRUE,
161,D,marmp,categorical,"-2: na, see C/DRM161",-2,"na, see C/DRM161",TRUE,
161,D,marmp,categorical,-1: no valid data,-1,no valid data,TRUE,
161,D,marmp,categorical,1: no,1,no,FALSE,
161,D,marmp,categorical,2: yes,2,yes,FALSE,
161,C,marmp1,binary,"-3: na, wrong skip",-3,"na, wrong skip",TRUE,
161,C,marmp1,binary,"-2: na, see C/DMARMP",-2,"na, see C/DMARMP",TRUE,
161,C,marmp1,binary,-1: no valid data,-1,no valid data,TRUE,
161,C,marmp1,binary,0: not mentioned,0,not mentioned,FALSE,
161,C,marmp1,binary,1: mentioned,1,mentioned,FALSE,
161,D,marmp1,binary,"-3: na, wrong skip",-3,"na, wrong skip",TRUE,
161,D,marmp1,binary,"-2: na, see C/DMARMP",-2,"na, see C/DMARMP",TRUE,
161,D,marmp1,binary,-1: no valid data,-1,no valid data,TRUE,
161,D,marmp1,binary,0: not mentioned,0,not mentioned,FALSE,
161,D,marmp1,binary,1: mentioned,1,mentioned,FALSE,
161,C,marmp2,binary,"table-spanned coding -> -3: na, wrong skip",-3,"na, wrong skip",TRUE,
161,C,marmp2,binary,"table-spanned coding -> -2: na, see C/DRM161",-2,"na, see C/DRM161",TRUE,
161,C,marmp2,binary,table-spanned coding -> -1: no valid data,-1,no valid data,TRUE,
161,C,marmp2,binary,table-spanned coding -> 1: no,1,no,FALSE,
161,C,marmp2,binary,table-spanned coding -> 2: yes,2,yes,FALSE,
161,D,marmp2,binary,"table-spanned coding -> -3: na, wrong skip",-3,"na, wrong skip",TRUE,
161,D,marmp2,binary,"table-spanned coding -> -2: na, see C/DRM161",-2,"na, see C/DRM161",TRUE,
161,D,marmp2,binary,table-spanned coding -> -1: no valid data,-1,no valid data,TRUE,
161,D,marmp2,binary,table-spanned coding -> 1: no,1,no,FALSE,
161,D,marmp2,binary,table-spanned coding -> 2: yes,2,yes,FALSE,
161,C,marmp3,binary,"table-spanned coding -> -3: na, wrong skip",-3,"na, wrong skip",TRUE,
161,C,marmp3,binary,"table-spanned coding -> -2: na, see C/DRM161",-2,"na, see C/DRM161",TRUE,
161,C,marmp3,binary,table-spanned coding -> -1: no valid data,-1,no valid data,TRUE,
161,C,marmp3,binary,table-spanned coding -> 1: no,1,no,FALSE,
161,C,marmp3,binary,table-spanned coding -> 2: yes,2,yes,FALSE,
161,D,marmp3,binary,"table-spanned coding -> -3: na, wrong skip",-3,"na, wrong skip",TRUE,
161,D,marmp3,binary,"table-spanned coding -> -2: na, see C/DRM161",-2,"na, see C/DRM161",TRUE,
161,D,marmp3,binary,table-spanned coding -> -1: no valid data,-1,no valid data,TRUE,
161,D,marmp3,binary,table-spanned coding -> 1: no,1,no,FALSE,
161,D,marmp3,binary,table-spanned coding -> 2: yes,2,yes,FALSE,
161,C,marmp4,binary,"table-spanned coding -> -3: na, wrong skip",-3,"na, wrong skip",TRUE,
161,C,marmp4,binary,"table-spanned coding -> -2: na, see C/DRM161",-2,"na, see C/DRM161",TRUE,
161,C,marmp4,binary,table-spanned coding -> -1: no valid data,-1,no valid data,TRUE,
161,C,marmp4,binary,table-spanned coding -> 1: no,1,no,FALSE,
161,C,marmp4,binary,table-spanned coding -> 2: yes,2,yes,FALSE,
161,D,marmp4,binary,"table-spanned coding -> -3: na, wrong skip",-3,"na, wrong skip",TRUE,
161,D,marmp4,binary,"table-spanned coding -> -2: na, see C/DRM161",-2,"na, see C/DRM161",TRUE,
161,D,marmp4,binary,table-spanned coding -> -1: no valid data,-1,no valid data,TRUE,
161,D,marmp4,binary,table-spanned coding -> 1: no,1,no,FALSE,
161,D,marmp4,binary,table-spanned coding -> 2: yes,2,yes,FALSE,
161,C,marmp5,binary,"table-spanned coding -> -3: na, wrong skip",-3,"na, wrong skip",TRUE,
161,C,marmp5,binary,"table-spanned coding -> -2: na, see C/DRM161",-2,"na, see C/DRM161",TRUE,
161,C,marmp5,binary,table-spanned coding -> -1: no valid data,-1,no valid data,TRUE,
161,C,marmp5,binary,table-spanned coding -> 1: no,1,no,FALSE,
161,C,marmp5,binary,table-spanned coding -> 2: yes,2,yes,FALSE,
161,D,marmp5,binary,"table-spanned coding -> -3: na, wrong skip",-3,"na, wrong skip",TRUE,
161,D,marmp5,binary,"table-spanned coding -> -2: na, see C/DRM161",-2,"na, see C/DRM161",TRUE,
161,D,marmp5,binary,table-spanned coding -> -1: no valid data,-1,no valid data,TRUE,
161,D,marmp5,binary,table-spanned coding -> 1: no,1,no,FALSE,
161,D,marmp5,binary,table-spanned coding -> 2: yes,2,yes,FALSE,
161,C,mtricep1,numeric,"-3: na, wrong skip",-3,"na, wrong skip",TRUE,
161,C,mtricep1,numeric,"-2: na, see C/DRM161",-2,"na, see C/DRM161",TRUE,
161,C,mtricep1,numeric,-1: no valid data,-1,no valid data,TRUE,
161,D,mtricep1,numeric,"-3: na, wrong skip",-3,"na, wrong skip",TRUE,
161,D,mtricep1,numeric,"-2: na, see C/DRM161",-2,"na, see C/DRM161",TRUE,
161,D,mtricep1,numeric,-1: no valid data,-1,no valid data,TRUE,
161,C,mtricep2,numeric,,,,,
161,D,mtricep2,numeric,,,,,
161,C,mtricep3,numeric,,,,,
161,D,mtricep3,numeric,,,,,
161,C,mtricepp,ordinal,"-3: na, wrong skip",-3,"na, wrong skip",TRUE,
161,C,mtricepp,ordinal,"-2: na, see C/DRM161",-2,"na, see C/DRM161",TRUE,
161,C,mtricepp,ordinal,-1: no valid data,-1,no valid data,TRUE,
161,C,mtricepp,ordinal,1: no,1,no,FALSE,
161,C,mtricepp,ordinal,2: yes,2,yes,FALSE,
161,D,mtricepp,ordinal,"-3: na, wrong skip",-3,"na, wrong skip",TRUE,
161,D,mtricepp,ordinal,"-2: na, see C/DRM161",-2,"na, see C/DRM161",TRUE,
161,D,mtricepp,ordinal,-1: no valid data,-1,no valid data,TRUE,
161,D,mtricepp,ordinal,1: no,1,no,FALSE,
161,D,mtricepp,ordinal,2: yes,2,yes,FALSE,
161,C,mtricepp1,binary,"-3: na, wrong skip",-3,"na, wrong skip",TRUE,
161,C,mtricepp1,binary,"-2: na, see C/DMTRICEPP",-2,"na, see C/DMTRICEPP",TRUE,
161,C,mtricepp1,binary,-1: no valid data,-1,no valid data,TRUE,
161,C,mtricepp1,binary,1: not mentioned,1,not mentioned,FALSE,
161,C,mtricepp1,binary,2: mentioned,2,mentioned,FALSE,
161,D,mtricepp1,binary,"-3: na, wrong skip",-3,"na, wrong skip",TRUE,
161,D,mtricepp1,binary,"-2: na, see C/DMTRICEPP",-2,"na, see C/DMTRICEPP",TRUE,
161,D,mtricepp1,binary,-1: no valid data,-1,no valid data,TRUE,
161,D,mtricepp1,binary,1: not mentioned,1,not mentioned,FALSE,
161,D,mtricepp1,binary,2: mentioned,2,mentioned,FALSE,
161,C,mtricepp2,binary,"table-spanned coding -> -3: na, wrong skip",-3,"na, wrong skip",TRUE,
161,C,mtricepp2,binary,"table-spanned coding -> -2: na, see C/DRM161",-2,"na, see C/DRM161",TRUE,
161,C,mtricepp2,binary,table-spanned coding -> -1: no valid data,-1,no valid data,TRUE,
161,C,mtricepp2,binary,table-spanned coding -> 1: no,1,no,FALSE,
161,C,mtricepp2,binary,table-spanned coding -> 2: yes,2,yes,FALSE,
161,C,mtricepp3,binary,"table-spanned coding -> -3: na, wrong skip",-3,"na, wrong skip",TRUE,
161,C,mtricepp3,binary,"table-spanned coding -> -2: na, see C/DRM161",-2,"na, see C/DRM161",TRUE,
161,C,mtricepp3,binary,table-spanned coding -> -1: no valid data,-1,no valid data,TRUE,
161,C,mtricepp3,binary,table-spanned coding -> 1: no,1,no,FALSE,
161,C,mtricepp3,binary,table-spanned coding -> 2: yes,2,yes,FALSE,
161,D,mtricepp3,binary,"table-spanned coding -> -3: na, wrong skip",-3,"na, wrong skip",TRUE,
161,D,mtricepp3,binary,"table-spanned coding -> -2: na, see C/DRM161",-2,"na, see C/DRM161",TRUE,
161,D,mtricepp3,binary,table-spanned coding -> -1: no valid data,-1,no valid data,TRUE,
161,D,mtricepp3,binary,table-spanned coding -> 1: no,1,no,FALSE,
161,D,mtricepp3,binary,table-spanned coding -> 2: yes,2,yes,FALSE,
161,C,mtricepp4,binary,"table-spanned coding -> -3: na, wrong skip",-3,"na, wrong skip",TRUE,
161,C,mtricepp4,binary,"table-spanned coding -> -2: na, see C/DRM161",-2,"na, see C/DRM161",TRUE,
161,C,mtricepp4,binary,table-spanned coding -> -1: no valid data,-1,no valid data,TRUE,
161,C,mtricepp4,binary,table-spanned coding -> 1: no,1,no,FALSE,
161,C,mtricepp4,binary,table-spanned coding -> 2: yes,2,yes,FALSE,
161,D,mtricepp4,binary,"table-spanned coding -> -3: na, wrong skip",-3,"na, wrong skip",TRUE,
161,D,mtricepp4,binary,"table-spanned coding -> -2: na, see C/DRM161",-2,"na, see C/DRM161",TRUE,
161,D,mtricepp4,binary,table-spanned coding -> -1: no valid data,-1,no valid data,TRUE,
161,D,mtricepp4,binary,table-spanned coding -> 1: no,1,no,FALSE,
161,D,mtricepp4,binary,table-spanned coding -> 2: yes,2,yes,FALSE,
161,C,mtricepp5,binary,"table-spanned coding -> -3: na, wrong skip",-3,"na, wrong skip",TRUE,
161,C,mtricepp5,binary,"table-spanned coding -> -2: na, see C/DRM161",-2,"na, see C/DRM161",TRUE,
161,C,mtricepp5,binary,table-spanned coding -> -1: no valid data,-1,no valid data,TRUE,
161,C,mtricepp5,binary,table-spanned coding -> 1: no,1,no,FALSE,
161,C,mtricepp5,binary,table-spanned coding -> 2: yes,2,yes,FALSE,
161,D,mtricepp5,binary,"table-spanned coding -> -3: na, wrong skip",-3,"na, wrong skip",TRUE,
161,D,mtricepp5,binary,"table-spanned coding -> -2: na, see C/DRM161",-2,"na, see C/DRM161",TRUE,
161,D,mtricepp5,binary,table-spanned coding -> -1: no valid data,-1,no valid data,TRUE,
161,D,mtricepp5,binary,table-spanned coding -> 1: no,1,no,FALSE,
161,D,mtricepp5,binary,table-spanned coding -> 2: yes,2,yes,FALSE,
161,C,mbicep1,numeric,"-3: na, wrong skip",-3,"na, wrong skip",TRUE,
161,C,mbicep1,numeric,"-2: na, see C/DRM161",-2,"na, see C/DRM161",TRUE,
161,C,mbicep1,numeric,-1: no valid data,-1,no valid data,TRUE,
161,D,mbicep1,numeric,"-3: na, wrong skip",-3,"na, wrong skip",TRUE,
161,D,mbicep1,numeric,"-2: na, see C/DRM161",-2,"na, see C/DRM161",TRUE,
161,D,mbicep1,numeric,-1: no valid data,-1,no valid data,TRUE,
161,C,mbicep2,numeric,,,,,
161,D,mbicep2,numeric,,,,,
161,C,mbicep3,numeric,,,,,
161,D,mbicep3,numeric,,,,,
161,C,mbicepp,binary,"-3: na, wrong skip",-3,"na, wrong skip",TRUE,
161,C,mbicepp,binary,"-2: na, see C/DRM161",-2,"na, see C/DRM161",TRUE,
161,C,mbicepp,binary,-1: no valid data,-1,no valid data,TRUE,
161,C,mbicepp,binary,1: no,1,no,FALSE,
161,C,mbicepp,binary,2: yes,2,yes,FALSE,
161,D,mbicepp,binary,"-3: na, wrong skip",-3,"na, wrong skip",TRUE,
161,D,mbicepp,binary,"-2: na, see C/DRM161",-2,"na, see C/DRM161",TRUE,
161,D,mbicepp,binary,-1: no valid data,-1,no valid data,TRUE,
161,D,mbicepp,binary,1: no,1,no,FALSE,
161,D,mbicepp,binary,2: yes,2,yes,FALSE,
161,C,mbicepp1,binary,"-3: na, wrong skip",-3,"na, wrong skip",TRUE,
161,C,mbicepp1,binary,"-2: na, see C/DMBICEPP",-2,"na, see C/DMBICEPP",TRUE,
161,C,mbicepp1,binary,-1: no valid data,-1,no valid data,TRUE,
161,C,mbicepp1,binary,0: not mentioned,0,not mentioned,FALSE,
161,C,mbicepp1,binary,1: mentioned,1,mentioned,FALSE,
161,D,mbicepp1,binary,"-3: na, wrong skip",-3,"na, wrong skip",TRUE,
161,D,mbicepp1,binary,"-2: na, see C/DMBICEPP",-2,"na, see C/DMBICEPP",TRUE,
161,D,mbicepp1,binary,-1: no valid data,-1,no valid data,TRUE,
161,D,mbicepp1,binary,0: not mentioned,0,not mentioned,FALSE,
161,D,mbicepp1,binary,1: mentioned,1,mentioned,FALSE,
161,C,mbicepp2,binary,"table-spanned coding -> -3: na, wrong skip",-3,"na, wrong skip",TRUE,
161,C,mbicepp2,binary,"table-spanned coding -> -2: na, see C/DRM161",-2,"na, see C/DRM161",TRUE,
161,C,mbicepp2,binary,table-spanned coding -> -1: no valid data,-1,no valid data,TRUE,
161,C,mbicepp2,binary,table-spanned coding -> 1: no,1,no,FALSE,
161,C,mbicepp2,binary,table-spanned coding -> 2: yes,2,yes,FALSE,
161,C,mbicepp3,binary,"table-spanned coding -> -3: na, wrong skip",-3,"na, wrong skip",TRUE,
161,C,mbicepp3,binary,"table-spanned coding -> -2: na, see C/DRM161",-2,"na, see C/DRM161",TRUE,
161,C,mbicepp3,binary,table-spanned coding -> -1: no valid data,-1,no valid data,TRUE,
161,C,mbicepp3,binary,table-spanned coding -> 1: no,1,no,FALSE,
161,C,mbicepp3,binary,table-spanned coding -> 2: yes,2,yes,FALSE,
161,D,mbicepp3,binary,"table-spanned coding -> -3: na, wrong skip",-3,"na, wrong skip",TRUE,
161,D,mbicepp3,binary,"table-spanned coding -> -2: na, see C/DRM161",-2,"na, see C/DRM161",TRUE,
161,D,mbicepp3,binary,table-spanned coding -> -1: no valid data,-1,no valid data,TRUE,
161,D,mbicepp3,binary,table-spanned coding -> 1: no,1,no,FALSE,
161,D,mbicepp3,binary,table-spanned coding -> 2: yes,2,yes,FALSE,
161,C,mbicepp4,binary,"table-spanned coding -> -3: na, wrong skip",-3,"na, wrong skip",TRUE,
161,C,mbicepp4,binary,"table-spanned coding -> -2: na, see C/DRM161",-2,"na, see C/DRM161",TRUE,
161,C,mbicepp4,binary,table-spanned coding -> -1: no valid data,-1,no valid data,TRUE,
161,C,mbicepp4,binary,table-spanned coding -> 1: no,1,no,FALSE,
161,C,mbicepp4,binary,table-spanned coding -> 2: yes,2,yes,FALSE,
161,D,mbicepp4,binary,"table-spanned coding -> -3: na, wrong skip",-3,"na, wrong skip",TRUE,
161,D,mbicepp4,binary,"table-spanned coding -> -2: na, see C/DRM161",-2,"na, see C/DRM161",TRUE,
161,D,mbicepp4,binary,table-spanned coding -> -1: no valid data,-1,no valid data,TRUE,
161,D,mbicepp4,binary,table-spanned coding -> 1: no,1,no,FALSE,
161,D,mbicepp4,binary,table-spanned coding -> 2: yes,2,yes,FALSE,
161,C,mbicepp5,binary,"table-spanned coding -> -3: na, wrong skip",-3,"na, wrong skip",TRUE,
161,C,mbicepp5,binary,"table-spanned coding -> -2: na, see C/DRM161",-2,"na, see C/DRM161",TRUE,
161,C,mbicepp5,binary,table-spanned coding -> -1: no valid data,-1,no valid data,TRUE,
161,C,mbicepp5,binary,table-spanned coding -> 1: no,1,no,FALSE,
161,C,mbicepp5,binary,table-spanned coding -> 2: yes,2,yes,FALSE,
161,D,mbicepp5,binary,"table-spanned coding -> -3: na, wrong skip",-3,"na, wrong skip",TRUE,
161,D,mbicepp5,binary,"table-spanned coding -> -2: na, see C/DRM161",-2,"na, see C/DRM161",TRUE,
161,D,mbicepp5,binary,table-spanned coding -> -1: no valid data,-1,no valid data,TRUE,
161,D,mbicepp5,binary,table-spanned coding -> 1: no,1,no,FALSE,
161,D,mbicepp5,binary,table-spanned coding -> 2: yes,2,yes,FALSE,
161,C,msubscap1,numeric,"-3: na, wrong skip",-3,"na, wrong skip",TRUE,
161,C,msubscap1,numeric,"-2: na, see C/DRM161",-2,"na, see C/DRM161",TRUE,
161,C,msubscap1,numeric,-1: no valid data,-1,no valid data,TRUE,
161,C,msubscap2,numeric,,,,,
161,C,msubscap3,numeric,,,,,
161,C,msubscapp,binary,"-3: na, wrong skip",-3,"na, wrong skip",TRUE,
161,C,msubscapp,binary,"-2: na, see CRM161",-2,"na, see CRM161",TRUE,
161,C,msubscapp,binary,-1: no valid data,-1,no valid data,TRUE,
161,C,msubscapp,binary,1: no,1,no,FALSE,
161,C,msubscapp,binary,2: yes,2,yes,FALSE,
161,C,msubscapp1,binary,"-3: na, wrong skip",-3,"na, wrong skip",TRUE,
161,C,msubscapp1,binary,"-2: na, see CMSUBSCAPP",-2,"na, see CMSUBSCAPP",TRUE,
161,C,msubscapp1,binary,-1: no valid data,-1,no valid data,TRUE,
161,C,msubscapp1,binary,0: not mentioned,0,not mentioned,FALSE,
161,C,msubscapp1,binary,1: mentioned,1,mentioned,FALSE,
161,C,msubscapp2,binary,"table-spanned coding -> -3: na, wrong skip",-3,"na, wrong skip",TRUE,
161,C,msubscapp2,binary,"table-spanned coding -> -2: na, see CRM161",-2,"na, see CRM161",TRUE,
161,C,msubscapp2,binary,table-spanned coding -> -1: no valid data,-1,no valid data,TRUE,
161,C,msubscapp2,binary,table-spanned coding -> 1: no,1,no,FALSE,
161,C,msubscapp2,binary,table-spanned coding -> 2: yes,2,yes,FALSE,
161,C,msubscapp3,binary,"table-spanned coding -> -3: na, wrong skip",-3,"na, wrong skip",TRUE,
161,C,msubscapp3,binary,"table-spanned coding -> -2: na, see CRM161",-2,"na, see CRM161",TRUE,
161,C,msubscapp3,binary,table-spanned coding -> -1: no valid data,-1,no valid data,TRUE,
161,C,msubscapp3,binary,table-spanned coding -> 1: no,1,no,FALSE,
161,C,msubscapp3,binary,table-spanned coding -> 2: yes,2,yes,FALSE,
161,C,msubscapp4,binary,"table-spanned coding -> -3: na, wrong skip",-3,"na, wrong skip",TRUE,
161,C,msubscapp4,binary,"table-spanned coding -> -2: na, see CRM161",-2,"na, see CRM161",TRUE,
161,C,msubscapp4,binary,table-spanned coding -> -1: no valid data,-1,no valid data,TRUE,
161,C,msubscapp4,binary,table-spanned coding -> 1: no,1,no,FALSE,
161,C,msubscapp4,binary,table-spanned coding -> 2: yes,2,yes,FALSE,
161,C,msubscapp5,binary,"table-spanned coding -> -3: na, wrong skip",-3,"na, wrong skip",TRUE,
161,C,msubscapp5,binary,"table-spanned coding -> -2: na, see CRM161",-2,"na, see CRM161",TRUE,
161,C,msubscapp5,binary,table-spanned coding -> -1: no valid data,-1,no valid data,TRUE,
161,C,msubscapp5,binary,table-spanned coding -> 1: no,1,no,FALSE,
161,C,msubscapp5,binary,table-spanned coding -> 2: yes,2,yes,FALSE,
161,C,msuprail1,numeric,"-3: na, wrong skip",-3,"na, wrong skip",TRUE,
161,C,msuprail1,numeric,"-2: na, see CRM161",-2,"na, see CRM161",TRUE,
161,C,msuprail1,numeric,-1: no valid data,-1,no valid data,TRUE,
161,C,msuprail2,numeric,,,,,
161,C,msuprail3,numeric,,,,,
161,C,msuprailp,binary,"-3: na, wrong skip",-3,"na, wrong skip",TRUE,
161,C,msuprailp,binary,"-2: na, see CRM161",-2,"na, see CRM161",TRUE,
161,C,msuprailp,binary,-1: no valid data,-1,no valid data,TRUE,
161,C,msuprailp,binary,1: no,1,no,FALSE,
161,C,msuprailp,binary,2: yes,2,yes,FALSE,
161,C,msuprailp1,binary,"-3: na, wrong skip",-3,"na, wrong skip",TRUE,
161,C,msuprailp1,binary,"-2: na, see CMSUPRAILP",-2,"na, see CMSUPRAILP",TRUE,
161,C,msuprailp1,binary,-1: no valid data,-1,no valid data,TRUE,
161,C,msuprailp1,binary,0: not mentioned,0,not mentioned,FALSE,
161,C,msuprailp1,binary,1: mentioned,1,mentioned,FALSE,
161,C,msuprailp2,binary,"table-spanned coding -> -3: na, wrong skip",-3,"na, wrong skip",TRUE,
161,C,msuprailp2,binary,"table-spanned coding -> -2: na, see CRM161",-2,"na, see CRM161",TRUE,
161,C,msuprailp2,binary,table-spanned coding -> -1: no valid data,-1,no valid data,TRUE,
161,C,msuprailp2,binary,table-spanned coding -> 1: no,1,no,FALSE,
161,C,msuprailp2,binary,table-spanned coding -> 2: yes,2,yes,FALSE,
161,C,msuprailp3,binary,"table-spanned coding -> -3: na, wrong skip",-3,"na, wrong skip",TRUE,
161,C,msuprailp3,binary,"table-spanned coding -> -2: na, see CRM161",-2,"na, see CRM161",TRUE,
161,C,msuprailp3,binary,table-spanned coding -> -1: no valid data,-1,no valid data,TRUE,
161,C,msuprailp3,binary,table-spanned coding -> 1: no,1,no,FALSE,
161,C,msuprailp3,binary,table-spanned coding -> 2: yes,2,yes,FALSE,
161,C,msuprailp4,binary,"table-spanned coding -> -3: na, wrong skip",-3,"na, wrong skip",TRUE,
161,C,msuprailp4,binary,"table-spanned coding -> -2: na, see CRM161",-2,"na, see CRM161",TRUE,
161,C,msuprailp4,binary,table-spanned coding -> -1: no valid data,-1,no valid data,TRUE,
161,C,msuprailp4,binary,table-spanned coding -> 1: no,1,no,FALSE,
161,C,msuprailp4,binary,table-spanned coding -> 2: yes,2,yes,FALSE,
161,C,msuprailp5,binary,"table-spanned coding -> -3: na, wrong skip",-3,"na, wrong skip",TRUE,
161,C,msuprailp5,binary,"table-spanned coding -> -2: na, see CRM161",-2,"na, see CRM161",TRUE,
161,C,msuprailp5,binary,table-spanned coding -> -1: no valid data,-1,no valid data,TRUE,
161,C,msuprailp5,binary,table-spanned coding -> 1: no,1,no,FALSE,
161,C,msuprailp5,binary,table-spanned coding -> 2: yes,2,yes,FALSE,
161,C,mgripr1,numeric,"-3: na, wrong skip",-3,"na, wrong skip",TRUE,
161,C,mgripr1,numeric,"-2: na, see CRM161",-2,"na, see CRM161",TRUE,
161,C,mgripr1,numeric,-1: no valid data,-1,no valid data,TRUE,
161,C,mgripr2,numeric,,,,,
161,C,mgripl1,numeric,,,,,
161,C,mgripl2,numeric,,,,,
161,C,mgripp,categorical,"-3: na, wrong skip",-3,"na, wrong skip",TRUE,
161,C,mgripp,categorical,"-2: na, see CRM161",-2,"na, see CRM161",TRUE,
161,C,mgripp,categorical,-1: no valid data,-1,no valid data,TRUE,
161,C,mgripp,categorical,0: no particularities,0,no particularities,FALSE,
161,C,mgripp,categorical,1: R refuses,1,R refuses,FALSE,
161,C,mgripp,categorical,2: handicapped hand,2,handicapped hand,FALSE,
161,C,rm161,numeric,-2: valid data,-2,valid data,TRUE,
161,C,rm161,numeric,2: interview terminated,2,interview terminated,FALSE,
161,D,mgripr1,numeric,"-3: na, wrong skip",-3,"na, wrong skip",TRUE,
161,D,mgripr1,numeric,"-2: na, see DRM161",-2,"na, see DRM161",TRUE,
161,D,mgripr1,numeric,-1: no valid data,-1,no valid data,TRUE,
161,D,mgripr2,numeric,,,,,
161,D,mgriprp1,binary,"-3: na, wrong skip",-3,"na, wrong skip",TRUE,
161,D,mgriprp1,binary,"-2: na, see DRM161",-2,"na, see DRM161",TRUE,
161,D,mgriprp1,binary,-1: no valid data,-1,no valid data,TRUE,
161,D,mgriprp1,binary,1: no,1,no,FALSE,
161,D,mgriprp1,binary,2: yes,2,yes,FALSE,
161,D,mgriprp2,binary,"-3: na, wrong skip",-3,"na, wrong skip",TRUE,
161,D,mgriprp2,binary,"-2: na, see DMGRIPRP1",-2,"na, see DMGRIPRP1",TRUE,
161,D,mgriprp2,binary,-1: no valid data,-1,no valid data,TRUE,
161,D,mgriprp2,binary,0: not mentioned,0,not mentioned,FALSE,
161,D,mgriprp2,binary,1: mentioned,1,mentioned,FALSE,
161,D,mgriprp3,numeric,,,,,
161,D,mgripl1,numeric,"-3: na, wrong skip",-3,"na, wrong skip",TRUE,
161,D,mgripl1,numeric,"-2: na, see DRM161",-2,"na, see DRM161",TRUE,
161,D,mgripl1,numeric,-1: no valid data,-1,no valid data,TRUE,
161,D,mgripl2,numeric,,,,,
161,D,mgriplp1,binary,"-3: na, wrong skip",-3,"na, wrong skip",TRUE,
161,D,mgriplp1,binary,"-2: na, see DRM161",-2,"na, see DRM161",TRUE,
161,D,mgriplp1,binary,-1: no valid data,-1,no valid data,TRUE,
161,D,mgriplp1,binary,1: no,1,no,FALSE,
161,D,mgriplp1,binary,2: yes,2,yes,FALSE,
161,D,mgriplp2,binary,"-3: na, wrong skip",-3,"na, wrong skip",TRUE,
161,D,mgriplp2,binary,"-2: na, see dmgriplp1",-2,"na, see dmgriplp1",TRUE,
161,D,mgriplp2,binary,-1: no valid data,-1,no valid data,TRUE,
161,D,mgriplp2,binary,0: not mentioned,0,not mentioned,FALSE,
161,D,mgriplp2,binary,1: mentioned,1,mentioned,FALSE,
161,D,mgriplp3,numeric,,,,,
161,D,rm161,numeric,-2: valid data,-2,valid data,TRUE,
161,D,rm161,numeric,-2: interview terminated,-2,interview terminated,TRUE,
161,E,mheight,numeric,"-3: na, wrong skip",-3,"na, wrong skip",TRUE,
161,E,mheight,numeric,"-2: na, see ERM161",-2,"na, see ERM161",TRUE,
161,E,mheight,numeric,-1: no valid data,-1,no valid data,TRUE,
161,E,mheightp,categorical,"-3: na, wrong skip",-3,"na, wrong skip",TRUE,
161,E,mheightp,categorical,"-2: na, see ERM161",-2,"na, see ERM161",TRUE,
161,E,mheightp,categorical,-1: no valid data,-1,no valid data,TRUE,
161,E,mheightp,categorical,1: no,1,no,FALSE,
161,E,mheightp,categorical,2: yes,2,yes,FALSE,
161,E,mheightp2,binary,"-3: na, wrong skip",-3,"na, wrong skip",TRUE,
161,E,mheightp2,binary,"-2: na, see EMHEIGHTP",-2,"na, see EMHEIGHTP",TRUE,
161,E,mheightp2,binary,-1: no valid data,-1,no valid data,TRUE,
161,E,mheightp2,binary,0: not mentioned,0,not mentioned,FALSE,
161,E,mheightp2,binary,1: mentioned,1,mentioned,FALSE,
161,E,mheightp3,binary,"table-spanned coding -> -3: na, wrong skip",-3,"na, wrong skip",TRUE,
161,E,mheightp3,binary,"table-spanned coding -> -2: na, see ERM161",-2,"na, see ERM161",TRUE,
161,E,mheightp3,binary,table-spanned coding -> -1: no valid data,-1,no valid data,TRUE,
161,E,mheightp3,binary,table-spanned coding -> 1: no,1,no,FALSE,
161,E,mheightp3,binary,table-spanned coding -> 2: yes,2,yes,FALSE,
161,E,mheightp4,binary,"table-spanned coding -> -3: na, wrong skip",-3,"na, wrong skip",TRUE,
161,E,mheightp4,binary,"table-spanned coding -> -2: na, see ERM161",-2,"na, see ERM161",TRUE,
161,E,mheightp4,binary,table-spanned coding -> -1: no valid data,-1,no valid data,TRUE,
161,E,mheightp4,binary,table-spanned coding -> 1: no,1,no,FALSE,
161,E,mheightp4,binary,table-spanned coding -> 2: yes,2,yes,FALSE,
161,E,mheightp6,binary,"table-spanned coding -> -3: na, wrong skip",-3,"na, wrong skip",TRUE,
161,E,mheightp6,binary,"table-spanned coding -> -2: na, see ERM161",-2,"na, see ERM161",TRUE,
161,E,mheightp6,binary,table-spanned coding -> -1: no valid data,-1,no valid data,TRUE,
161,E,mheightp6,binary,table-spanned coding -> 1: no,1,no,FALSE,
161,E,mheightp6,binary,table-spanned coding -> 2: yes,2,yes,FALSE,
161,E,mheightp7,binary,"table-spanned coding -> -3: na, wrong skip",-3,"na, wrong skip",TRUE,
161,E,mheightp7,binary,"table-spanned coding -> -2: na, see ERM161",-2,"na, see ERM161",TRUE,
161,E,mheightp7,binary,table-spanned coding -> -1: no valid data,-1,no valid data,TRUE,
161,E,mheightp7,binary,table-spanned coding -> 1: no,1,no,FALSE,
161,E,mheightp7,binary,table-spanned coding -> 2: yes,2,yes,FALSE,
161,E,mheightself,numeric,"-3: na, wrong skip",-3,"na, wrong skip",TRUE,
161,E,mheightself,numeric,"-2: na, see EMHEIGHTP7",-2,"na, see EMHEIGHTP7",TRUE,
161,E,mheightself,numeric,-1: no valid data,-1,no valid data,TRUE,
161,E,mweight,numeric,"-3: na, wrong skip",-3,"na, wrong skip",TRUE,
161,E,mweight,numeric,"-2: na, see ERM161",-2,"na, see ERM161",TRUE,
161,E,mweight,numeric,-1: no valid data,-1,no valid data,TRUE,
161,E,mweightp,categorical,,,,,
161,E,mweightp2,binary,"-3: na, wrong skip",-3,"na, wrong skip",TRUE,
161,E,mweightp2,binary,"-2: na, see EMWEIGHTP",-2,"na, see EMWEIGHTP",TRUE,
161,E,mweightp2,binary,-1: no valid data,-1,no valid data,TRUE,
161,E,mweightp2,binary,0: not mentioned,0,not mentioned,FALSE,
161,E,mweightp2,binary,1: mentioned,1,mentioned,FALSE,
161,E,mweightp3,binary,,,,,
161,E,mweightp4,binary,,,,,
161,E,mweightp5,binary,,,,,
161,E,mweightp6,binary,,,,,
161,E,mweightp7,numeric,,,,,
161,E,mweightp8,binary,,,,,
161,E,mweightp9,categorical,,,,,
161,E,mweightself,numeric,"-3: na, wrong skip",-3,"na, wrong skip",TRUE,
161,E,mweightself,numeric,"-2: na, see EMWEIGHT8",-2,"na, see EMWEIGHT8",TRUE,
161,E,mweightself,numeric,-1: no valid data,-1,no valid data,TRUE,
161,E,mwaist1,numeric,"-3: na, wrong skip",-3,"na, wrong skip",TRUE,
161,E,mwaist1,numeric,"-2: na, see ERM161",-2,"na, see ERM161",TRUE,
161,E,mwaist1,numeric,-1: no valid data,-1,no valid data,TRUE,
161,E,mwaist2,numeric,,,,,
161,E,mwaistp,categorical,"-3: na, wrong skip",-3,"na, wrong skip",TRUE,
161,E,mwaistp,categorical,"-2: na, see ERM161",-2,"na, see ERM161",TRUE,
161,E,mwaistp,categorical,-1: no valid data,-1,no valid data,TRUE,
161,E,mwaistp,categorical,1: no,1,no,FALSE,
161,E,mwaistp,categorical,2: yes,2,yes,FALSE,
161,E,mwaistp1,binary,"-3: na, wrong skip",-3,"na, wrong skip",TRUE,
161,E,mwaistp1,binary,"-2: na, see EMWAISTP",-2,"na, see EMWAISTP",TRUE,
161,E,mwaistp1,binary,-1: no valid data,-1,no valid data,TRUE,
161,E,mwaistp1,binary,0: not mentioned,0,not mentioned,FALSE,
161,E,mwaistp1,binary,1: mentioned,1,mentioned,FALSE,
161,E,mwaistp2,binary,"table-spanned coding -> -3: na, wrong skip",-3,"na, wrong skip",TRUE,
161,E,mwaistp2,binary,"table-spanned coding -> -2: na, see ERM161",-2,"na, see ERM161",TRUE,
161,E,mwaistp2,binary,table-spanned coding -> -1: no valid data,-1,no valid data,TRUE,
161,E,mwaistp2,binary,table-spanned coding -> 1: no,1,no,FALSE,
161,E,mwaistp2,binary,table-spanned coding -> 2: yes,2,yes,FALSE,
161,E,mwaistp3,binary,"table-spanned coding -> -3: na, wrong skip",-3,"na, wrong skip",TRUE,
161,E,mwaistp3,binary,"table-spanned coding -> -2: na, see ERM161",-2,"na, see ERM161",TRUE,
161,E,mwaistp3,binary,table-spanned coding -> -1: no valid data,-1,no valid data,TRUE,
161,E,mwaistp3,binary,table-spanned coding -> 1: no,1,no,FALSE,
161,E,mwaistp3,binary,table-spanned coding -> 2: yes,2,yes,FALSE,
161,E,mwaistp4,binary,"table-spanned coding -> -3: na, wrong skip",-3,"na, wrong skip",TRUE,
161,E,mwaistp4,binary,"table-spanned coding -> -2: na, see ERM161",-2,"na, see ERM161",TRUE,
161,E,mwaistp4,binary,table-spanned coding -> -1: no valid data,-1,no valid data,TRUE,
161,E,mwaistp4,binary,table-spanned coding -> 1: no,1,no,FALSE,
161,E,mwaistp4,binary,table-spanned coding -> 2: yes,2,yes,FALSE,
161,E,mhip1,numeric,"-3: na, wrong skip",-3,"na, wrong skip",TRUE,
161,E,mhip1,numeric,"-2: na, see ERM161",-2,"na, see ERM161",TRUE,
161,E,mhip1,numeric,-1: no valid data,-1,no valid data,TRUE,
161,E,mhip2,numeric,,,,,
161,E,mhipp,categorical,"-3: na, wrong skip",-3,"na, wrong skip",TRUE,
161,E,mhipp,categorical,"-2: na, see ERM161",-2,"na, see ERM161",TRUE,
161,E,mhipp,categorical,-1: no valid data,-1,no valid data,TRUE,
161,E,mhipp,categorical,1: no,1,no,FALSE,
161,E,mhipp,categorical,2: yes,2,yes,FALSE,
161,E,mhipp1,binary,"-3: na, wrong skip",-3,"na, wrong skip",TRUE,
161,E,mhipp1,binary,"-2: na, see EMHIPP",-2,"na, see EMHIPP",TRUE,
161,E,mhipp1,binary,-1: no valid data,-1,no valid data,TRUE,
161,E,mhipp1,binary,0: not mentioned,0,not mentioned,FALSE,
161,E,mhipp1,binary,1: mentioned,1,mentioned,FALSE,
161,E,mhipp2,binary,"table-spanned coding -> -3: na, wrong skip",-3,"na, wrong skip",TRUE,
161,E,mhipp2,binary,"table-spanned coding -> -2: na, see ERM161",-2,"na, see ERM161",TRUE,
161,E,mhipp2,binary,table-spanned coding -> -1: no valid data,-1,no valid data,TRUE,
161,E,mhipp2,binary,table-spanned coding -> 1: no,1,no,FALSE,
161,E,mhipp2,binary,table-spanned coding -> 2: yes,2,yes,FALSE,
161,E,mhipp3,binary,"table-spanned coding -> -3: na, wrong skip",-3,"na, wrong skip",TRUE,
161,E,mhipp3,binary,"table-spanned coding -> -2: na, see ERM161",-2,"na, see ERM161",TRUE,
161,E,mhipp3,binary,table-spanned coding -> -1: no valid data,-1,no valid data,TRUE,
161,E,mhipp3,binary,table-spanned coding -> 1: no,1,no,FALSE,
161,E,mhipp3,binary,table-spanned coding -> 2: yes,2,yes,FALSE,
161,E,mhipp4,binary,"table-spanned coding -> -3: na, wrong skip",-3,"na, wrong skip",TRUE,
161,E,mhipp4,binary,"table-spanned coding -> -2: na, see ERM161",-2,"na, see ERM161",TRUE,
161,E,mhipp4,binary,table-spanned coding -> -1: no valid data,-1,no valid data,TRUE,
161,E,mhipp4,binary,table-spanned coding -> 1: no,1,no,FALSE,
161,E,mhipp4,binary,table-spanned coding -> 2: yes,2,yes,FALSE,
161,E,mgripr1,numeric,"-3: na, wrong skip",-3,"na, wrong skip",TRUE,
161,E,mgripr1,numeric,"-2: na, see ERM161",-2,"na, see ERM161",TRUE,
161,E,mgripr1,numeric,-1: no valid data,-1,no valid data,TRUE,
161,E,mgripr2,numeric,,,,,
161,E,mgriprp1,binary,"-3: na, wrong skip",-3,"na, wrong skip",TRUE,
161,E,mgriprp1,binary,"-2: na, see ERM161",-2,"na, see ERM161",TRUE,
161,E,mgriprp1,binary,-1: no valid data,-1,no valid data,TRUE,
161,E,mgriprp1,binary,1: no,1,no,FALSE,
161,E,mgriprp1,binary,2: yes,2,yes,FALSE,
161,E,mgriprp2,binary,"-3: na, wrong skip",-3,"na, wrong skip",TRUE,
161,E,mgriprp2,binary,"-2: na, see EMGRIPRP1",-2,"na, see EMGRIPRP1",TRUE,
161,E,mgriprp2,binary,-1: no valid data,-1,no valid data,TRUE,
161,E,mgriprp2,binary,0: not mentioned,0,not mentioned,FALSE,
161,E,mgriprp2,binary,1: mentioned,1,mentioned,FALSE,
161,E,mgriprp3,numeric,,,,,
161,E,mgriprp4,numeric,,,,,
161,E,mgripl1,numeric,"-3: na, wrong skip",-3,"na, wrong skip",TRUE,
161,E,mgripl1,numeric,"-2: na, see ERM161",-2,"na, see ERM161",TRUE,
161,E,mgripl1,numeric,-1: no valid data,-1,no valid data,TRUE,
161,E,mgripl2,numeric,,,,,
161,E,mgriplp1,binary,"-3: na, wrong skip",-3,"na, wrong skip",TRUE,
161,E,mgriplp1,binary,"-2: na, see ERM161",-2,"na, see ERM161",TRUE,
161,E,mgriplp1,binary,-1: no valid data,-1,no valid data,TRUE,
161,E,mgriplp1,binary,1: no,1,no,FALSE,
161,E,mgriplp1,binary,2: yes,2,yes,FALSE,
161,E,mgriplp2,binary,"-3: na, wrong skip",-3,"na, wrong skip",TRUE,
161,E,mgriplp2,binary,"-2: na, see EMGRIPLP1",-2,"na, see EMGRIPLP1",TRUE,
161,E,mgriplp2,binary,-1: no valid data,-1,no valid data,TRUE,
161,E,mgriplp2,binary,0: not mentioned,0,not mentioned,FALSE,
161,E,mgriplp2,binary,1: mentioned,1,mentioned,FALSE,
161,E,mgriplp3,numeric,,,,,
161,E,mgriplp4,numeric,,,,,
161,E,rm161,numeric,-2: valid data,-2,valid data,TRUE,
161,E,rm161,numeric,2: interview terminated,2,interview terminated,FALSE,
161,2B,mheight,numeric,"-2: na, see BRM161",-2,"na, see BRM161",TRUE,
161,2B,mheight,numeric,-1: no valid data,-1,no valid data,TRUE,
161,2B,mheightp,categorical,"-2: na, see BRM161",-2,"na, see BRM161",TRUE,
161,2B,mheightp,categorical,-1: no valid data,-1,no valid data,TRUE,
161,2B,mheightp,categorical,1: yes,1,yes,FALSE,
161,2B,mheightp,categorical,2: no,2,no,FALSE,
161,2B,mheightp1,binary,"-2: na, see BMHEIGHTP",-2,"na, see BMHEIGHTP",TRUE,
161,2B,mheightp1,binary,0: not mentioned,0,not mentioned,FALSE,
161,2B,mheightp1,binary,1: mentioned,1,mentioned,FALSE,
161,2B,mheightp2,binary,"table-spanned coding -> -2: na, see BRM161",-2,"na, see BRM161",TRUE,
161,2B,mheightp2,binary,table-spanned coding -> -1: no valid data,-1,no valid data,TRUE,
161,2B,mheightp2,binary,table-spanned coding -> 1: yes,1,yes,FALSE,
161,2B,mheightp2,binary,table-spanned coding -> 2: no,2,no,FALSE,
161,2B,mheightp3,binary,"table-spanned coding -> -2: na, see BRM161",-2,"na, see BRM161",TRUE,
161,2B,mheightp3,binary,table-spanned coding -> -1: no valid data,-1,no valid data,TRUE,
161,2B,mheightp3,binary,table-spanned coding -> 1: yes,1,yes,FALSE,
161,2B,mheightp3,binary,table-spanned coding -> 2: no,2,no,FALSE,
161,2B,mheightp4,binary,"table-spanned coding -> -2: na, see BRM161",-2,"na, see BRM161",TRUE,
161,2B,mheightp4,binary,table-spanned coding -> -1: no valid data,-1,no valid data,TRUE,
161,2B,mheightp4,binary,table-spanned coding -> 1: yes,1,yes,FALSE,
161,2B,mheightp4,binary,table-spanned coding -> 2: no,2,no,FALSE,
161,2B,mheightp6,binary,"table-spanned coding -> -2: na, see BRM161",-2,"na, see BRM161",TRUE,
161,2B,mheightp6,binary,table-spanned coding -> -1: no valid data,-1,no valid data,TRUE,
161,2B,mheightp6,binary,table-spanned coding -> 1: yes,1,yes,FALSE,
161,2B,mheightp6,binary,table-spanned coding -> 2: no,2,no,FALSE,
161,2B,mheightp7,binary,"table-spanned coding -> -2: na, see BRM161",-2,"na, see BRM161",TRUE,
161,2B,mheightp7,binary,table-spanned coding -> -1: no valid data,-1,no valid data,TRUE,
161,2B,mheightp7,binary,table-spanned coding -> 1: yes,1,yes,FALSE,
161,2B,mheightp7,binary,table-spanned coding -> 2: no,2,no,FALSE,
161,2B,mheightself,numeric,-3: na wrong skip,-3,na wrong skip,TRUE,
161,2B,mheightself,numeric,"-2: na, see BMHEIHGTP1 & 7",-2,"na, see BMHEIHGTP1 & 7",TRUE,
161,2B,mheightself,numeric,-1: no valid data,-1,no valid data,TRUE,
161,2B,mweight,numeric,"-2: na, see BRM161",-2,"na, see BRM161",TRUE,
161,2B,mweight,numeric,-1: no valid data,-1,no valid data,TRUE,
161,2B,mweightp,categorical,"-2: na, see BRM161",-2,"na, see BRM161",TRUE,
161,2B,mweightp,categorical,-1: no valid data,-1,no valid data,TRUE,
161,2B,mweightp,categorical,1: yes,1,yes,FALSE,
161,2B,mweightp,categorical,2: no,2,no,FALSE,
161,2B,mweightp1,binary,"-2: na, see BMWEIGHTP",-2,"na, see BMWEIGHTP",TRUE,
161,2B,mweightp1,binary,0: not mentioned,0,not mentioned,FALSE,
161,2B,mweightp1,binary,1: mentioned,1,mentioned,FALSE,
161,2B,mweightp2,binary,"table-spanned coding -> -2: na, see BRM161",-2,"na, see BRM161",TRUE,
161,2B,mweightp2,binary,table-spanned coding -> -1: no valid data,-1,no valid data,TRUE,
161,2B,mweightp2,binary,table-spanned coding -> 1: yes,1,yes,FALSE,
161,2B,mweightp2,binary,table-spanned coding -> 2: no,2,no,FALSE,
161,2B,mweightp3,binary,"table-spanned coding -> -2: na, see BRM161",-2,"na, see BRM161",TRUE,
161,2B,mweightp3,binary,table-spanned coding -> -1: no valid data,-1,no valid data,TRUE,
161,2B,mweightp3,binary,table-spanned coding -> 1: yes,1,yes,FALSE,
161,2B,mweightp3,binary,table-spanned coding -> 2: no,2,no,FALSE,
161,2B,mweightp4,binary,"table-spanned coding -> -2: na, see BRM161",-2,"na, see BRM161",TRUE,
161,2B,mweightp4,binary,table-spanned coding -> -1: no valid data,-1,no valid data,TRUE,
161,2B,mweightp4,binary,table-spanned coding -> 1: yes,1,yes,FALSE,
161,2B,mweightp4,binary,table-spanned coding -> 2: no,2,no,FALSE,
161,2B,mweightp5,binary,"table-spanned coding -> -2: na, see BRM161",-2,"na, see BRM161",TRUE,
161,2B,mweightp5,binary,table-spanned coding -> -1: no valid data,-1,no valid data,TRUE,
161,2B,mweightp5,binary,table-spanned coding -> 1: yes,1,yes,FALSE,
161,2B,mweightp5,binary,table-spanned coding -> 2: no,2,no,FALSE,
161,2B,mweightp6,binary,"table-spanned coding -> -2: na, see BRM161",-2,"na, see BRM161",TRUE,
161,2B,mweightp6,binary,table-spanned coding -> -1: no valid data,-1,no valid data,TRUE,
161,2B,mweightp6,binary,table-spanned coding -> 1: yes,1,yes,FALSE,
161,2B,mweightp6,binary,table-spanned coding -> 2: no,2,no,FALSE,
161,2B,mweightp7,numeric,"table-spanned coding -> -2: na, see BRM161",-2,"na, see BRM161",TRUE,
161,2B,mweightp7,numeric,table-spanned coding -> -1: no valid data,-1,no valid data,TRUE,
161,2B,mweightp7,numeric,table-spanned coding -> 1: yes,1,yes,FALSE,
161,2B,mweightp7,numeric,table-spanned coding -> 2: no,2,no,FALSE,
161,2B,mweightp8,binary,"table-spanned coding -> -2: na, see BRM161",-2,"na, see BRM161",TRUE,
161,2B,mweightp8,binary,table-spanned coding -> -1: no valid data,-1,no valid data,TRUE,
161,2B,mweightp8,binary,table-spanned coding -> 1: yes,1,yes,FALSE,
161,2B,mweightp8,binary,table-spanned coding -> 2: no,2,no,FALSE,
161,2B,mweightself,numeric,"-3: na, wrong skip",-3,"na, wrong skip",TRUE,
161,2B,mweightself,numeric,"-2: na, see BMWEIGHT1 & 8",-2,"na, see BMWEIGHT1 & 8",TRUE,
161,2B,mweightself,numeric,-1: no valid data,-1,no valid data,TRUE,
161,2B,mwaist1,numeric,"-2: na, see BRM161",-2,"na, see BRM161",TRUE,
161,2B,mwaist2,numeric,-1: no valid data,-1,no valid data,TRUE,
161,2B,mwaistp,categorical,"-2: na, see BRM161",-2,"na, see BRM161",TRUE,
161,2B,mwaistp,categorical,-1: no valid data,-1,no valid data,TRUE,
161,2B,mwaistp,categorical,1: no,1,no,FALSE,
161,2B,mwaistp,categorical,2: yes,2,yes,FALSE,
161,2B,mwaistp1,binary,"-2: na, see BMWAISTP",-2,"na, see BMWAISTP",TRUE,
161,2B,mwaistp1,binary,0: not mentioned,0,not mentioned,FALSE,
161,2B,mwaistp1,binary,1: mentioned,1,mentioned,FALSE,
161,2B,mwaistp2,binary,"table-spanned coding -> -2: na, see BRM161",-2,"na, see BRM161",TRUE,
161,2B,mwaistp2,binary,table-spanned coding -> -1: no valid data,-1,no valid data,TRUE,
161,2B,mwaistp2,binary,table-spanned coding -> 1: no,1,no,FALSE,
161,2B,mwaistp2,binary,table-spanned coding -> 2: yes,2,yes,FALSE,
161,2B,mwaistp3,binary,"table-spanned coding -> -2: na, see BRM161",-2,"na, see BRM161",TRUE,
161,2B,mwaistp3,binary,table-spanned coding -> -1: no valid data,-1,no valid data,TRUE,
161,2B,mwaistp3,binary,table-spanned coding -> 1: no,1,no,FALSE,
161,2B,mwaistp3,binary,table-spanned coding -> 2: yes,2,yes,FALSE,
161,2B,mwaistp4,binary,"table-spanned coding -> -2: na, see BRM161",-2,"na, see BRM161",TRUE,
161,2B,mwaistp4,binary,table-spanned coding -> -1: no valid data,-1,no valid data,TRUE,
161,2B,mwaistp4,binary,table-spanned coding -> 1: no,1,no,FALSE,
161,2B,mwaistp4,binary,table-spanned coding -> 2: yes,2,yes,FALSE,
161,2B,mhip1,numeric,"-2: na, see BRM161",-2,"na, see BRM161",TRUE,
161,2B,mhip2,numeric,-1: no valid data,-1,no valid data,TRUE,
161,2B,mhipp,categorical,"-2: na, see BRM161",-2,"na, see BRM161",TRUE,
161,2B,mhipp,categorical,-1: no valid data,-1,no valid data,TRUE,
161,2B,mhipp,categorical,1: no,1,no,FALSE,
161,2B,mhipp,categorical,2: yes,2,yes,FALSE,
161,2B,mhipp1,binary,"-2: na, see BMHIPP",-2,"na, see BMHIPP",TRUE,
161,2B,mhipp1,binary,0: not mentioned,0,not mentioned,FALSE,
161,2B,mhipp1,binary,1: mentioned,1,mentioned,FALSE,
161,2B,mhipp2,binary,"table-spanned coding -> -2: na, see BRM161",-2,"na, see BRM161",TRUE,
161,2B,mhipp2,binary,table-spanned coding -> -1: no valid data,-1,no valid data,TRUE,
161,2B,mhipp2,binary,table-spanned coding -> 1: no,1,no,FALSE,
161,2B,mhipp2,binary,table-spanned coding -> 2: yes,2,yes,FALSE,
161,2B,mhipp3,binary,"table-spanned coding -> -2: na, see BRM161",-2,"na, see BRM161",TRUE,
161,2B,mhipp3,binary,table-spanned coding -> -1: no valid data,-1,no valid data,TRUE,
161,2B,mhipp3,binary,table-spanned coding -> 1: no,1,no,FALSE,
161,2B,mhipp3,binary,table-spanned coding -> 2: yes,2,yes,FALSE,
161,2B,mgripr1,numeric,,,,,
161,2B,mgripr2,numeric,,,,,
161,2B,mgriprp,categorical,"-2: na, see BRM161",-2,"na, see BRM161",TRUE,
161,2B,mgriprp,categorical,-1: no valid data,-1,no valid data,TRUE,
161,2B,mgriprp,categorical,1: no,1,no,FALSE,
161,2B,mgriprp,categorical,2: yes,2,yes,FALSE,
161,2B,mgriprp2,binary,"-2: na, see BMGRIPRP",-2,"na, see BMGRIPRP",TRUE,
161,2B,mgriprp2,binary,0: not mentioned,0,not mentioned,FALSE,
161,2B,mgriprp2,binary,1: mentioned,1,mentioned,FALSE,
161,2B,mgriprp3,numeric,"table-spanned coding -> -2: na, see BRM161",-2,"na, see BRM161",TRUE,
161,2B,mgriprp3,numeric,table-spanned coding -> -1: no valid data,-1,no valid data,TRUE,
161,2B,mgriprp3,numeric,table-spanned coding -> 1: no,1,no,FALSE,
161,2B,mgriprp3,numeric,table-spanned coding -> 2: yes,2,yes,FALSE,
161,2B,mgriprp4,numeric,"table-spanned coding -> -2: na, see BRM161",-2,"na, see BRM161",TRUE,
161,2B,mgriprp4,numeric,table-spanned coding -> -1: no valid data,-1,no valid data,TRUE,
161,2B,mgriprp4,numeric,table-spanned coding -> 1: no,1,no,FALSE,
161,2B,mgriprp4,numeric,table-spanned coding -> 2: yes,2,yes,FALSE,
161,2B,mgripl1,numeric,,,,,
161,2B,mgripl2,numeric,,,,,
161,2B,mgriplp,categorical,"-2: na, see BRM161",-2,"na, see BRM161",TRUE,
161,2B,mgriplp,categorical,-1: no valid data,-1,no valid data,TRUE,
161,2B,mgriplp,categorical,1: no,1,no,FALSE,
161,2B,mgriplp,categorical,2: yes,2,yes,FALSE,
161,2B,mgriplp2,binary,"-2: na, see BMGRIPLP",-2,"na, see BMGRIPLP",TRUE,
161,2B,mgriplp2,binary,0: not mentioned,0,not mentioned,FALSE,
161,2B,mgriplp2,binary,1: mentioned,1,mentioned,FALSE,
161,2B,mgriplp3,numeric,"table-spanned coding -> -2: na, see BRM161",-2,"na, see BRM161",TRUE,
161,2B,mgriplp3,numeric,table-spanned coding -> -1: no valid data,-1,no valid data,TRUE,
161,2B,mgriplp3,numeric,table-spanned coding -> 1: no,1,no,FALSE,
161,2B,mgriplp3,numeric,table-spanned coding -> 2: yes,2,yes,FALSE,
161,2B,mgriplp4,numeric,"table-spanned coding -> -2: na, see BRM161",-2,"na, see BRM161",TRUE,
161,2B,mgriplp4,numeric,table-spanned coding -> -1: no valid data,-1,no valid data,TRUE,
161,2B,mgriplp4,numeric,table-spanned coding -> 1: no,1,no,FALSE,
161,2B,mgriplp4,numeric,table-spanned coding -> 2: yes,2,yes,FALSE,
161,2B,mgripmeasp,binary,"-2: na, see BRM161",-2,"na, see BRM161",TRUE,
161,2B,mgripmeasp,binary,-1: no valid data,-1,no valid data,TRUE,
161,2B,mgripmeasp,binary,1: no,1,no,FALSE,
161,2B,mgripmeasp,binary,2: yes,2,yes,FALSE,
161,F,mheight,numeric,"-2: na, see FRM161",-2,"na, see FRM161",TRUE,
161,F,mheight,numeric,"-1: na, asked",-1,"na, asked",TRUE,
161,F,mheightp,categorical,"-2: na, see FRM161",-2,"na, see FRM161",TRUE,
161,F,mheightp,categorical,"-1: na, asked",-1,"na, asked",TRUE,
161,F,mheightp,categorical,1: no particularities,1,no particularities,FALSE,
161,F,mheightp,categorical,2: cannot stand,2,cannot stand,FALSE,
161,F,mheightp,categorical,3: kyphosis,3,kyphosis,FALSE,
161,F,mheightp,categorical,4: scoliosis,4,scoliosis,FALSE,
161,F,mheightp,categorical,5: head not parallel,5,head not parallel,FALSE,
161,F,mheightp,categorical,6: too much hair,6,too much hair,FALSE,
161,F,mheightp,categorical,7: wears shoes,7,wears shoes,FALSE,
161,F,mheightp,categorical,8: R refused,8,R refused,FALSE,
161,F,mheightself,numeric,"-2: na, see FRM161",-2,"na, see FRM161",TRUE,
161,F,mheightself,numeric,"-1: na, asked",-1,"na, asked",TRUE,
161,F,mweightp,categorical,"-2: na, see FRM161",-2,"na, see FRM161",TRUE,
161,F,mweightp,categorical,"-1: na, asked",-1,"na, asked",TRUE,
161,F,mweightp,categorical,1: no particularities,1,no particularities,FALSE,
161,F,mweightp,categorical,2: cannot stand,2,cannot stand,FALSE,
161,F,mweightp,categorical,3: wears clothes,3,wears clothes,FALSE,
161,F,mweightp,categorical,4: wears corset,4,wears corset,FALSE,
161,F,mweightp,categorical,5: amputated,5,amputated,FALSE,
161,F,mweightp,categorical,6: brace,6,brace,FALSE,
161,F,mweightp,categorical,7: prosthesis,7,prosthesis,FALSE,
161,F,mweightp,categorical,8: wears shoes,8,wears shoes,FALSE,
161,F,mweightp,categorical,9: weight > 150 kg,9,weight > 150 kg,FALSE,
161,F,mweightp,categorical,10: R refused,10,R refused,FALSE,
161,F,mweightself,numeric,"-2: na, see FRM161",-2,"na, see FRM161",TRUE,
161,F,mweightself,numeric,"-1: na, asked",-1,"na, asked",TRUE,
161,F,mwaist2,numeric,,,,,
161,F,mwaistp,categorical,"-2: na, see FRM161",-2,"na, see FRM161",TRUE,
161,F,mwaistp,categorical,"-1: na, asked",-1,"na, asked",TRUE,
161,F,mwaistp,categorical,1: no particularities,1,no particularities,FALSE,
161,F,mwaistp,categorical,2: lying down,2,lying down,FALSE,
161,F,mwaistp,categorical,3: hard to find right spot,3,hard to find right spot,FALSE,
161,F,mwaistp,categorical,4: many skinfolds,4,many skinfolds,FALSE,
161,F,mwaistp,categorical,5: R refused,5,R refused,FALSE,
161,F,mhip1,numeric,"-2: na, see FRM161",-2,"na, see FRM161",TRUE,
161,F,mhip2,numeric,"-1: na, asked",-1,"na, asked",TRUE,
161,F,mhipp,categorical,"-2: na, see FRM161",-2,"na, see FRM161",TRUE,
161,F,mhipp,categorical,"-1: na, asked",-1,"na, asked",TRUE,
161,F,mhipp,categorical,1: no particularities,1,no particularities,FALSE,
161,F,mhipp,categorical,2: lying down,2,lying down,FALSE,
161,F,mhipp,categorical,3: many skinfolds,3,many skinfolds,FALSE,
161,F,mhipp,categorical,4: R refused,4,R refused,FALSE,
161,F,mgripr1,numeric,"-2: na, see FRM161",-2,"na, see FRM161",TRUE,
161,F,mgripr2,numeric,"-1: na, asked",-1,"na, asked",TRUE,
161,F,mgriprp,categorical,"-2: na, see FRM161",-2,"na, see FRM161",TRUE,
161,F,mgriprp,categorical,"-1: na, asked",-1,"na, asked",TRUE,
161,F,mgriprp,categorical,1: no particularities,1,no particularities,FALSE,
161,F,mgriprp,categorical,2: right hand handicapped,2,right hand handicapped,FALSE,
161,F,mgriprp,categorical,3: R refused,3,R refused,FALSE,
161,F,mgriprp,categorical,4: other remark,4,other remark,FALSE,
161,F,mgripl1,numeric,"-2: na, see FRM161",-2,"na, see FRM161",TRUE,
161,F,mgripl2,numeric,"-1: na, asked",-1,"na, asked",TRUE,
161,F,mgriplp,categorical,"-2: na, see FRM161",-2,"na, see FRM161",TRUE,
161,F,mgriplp,categorical,"-1: na, asked",-1,"na, asked",TRUE,
161,F,mgriplp,categorical,1: no particularities,1,no particularities,FALSE,
161,F,mgriplp,categorical,2: left hand handicapped,2,left hand handicapped,FALSE,
161,F,mgriplp,categorical,3: R refused,3,R refused,FALSE,
161,F,mgriplp,categorical,4: other remark,4,other remark,FALSE,
161,F,rm161,numeric,-2: valid data,-2,valid data,TRUE,
161,F,rm161,numeric,1: short version,1,short version,FALSE,
161,F,rm161,numeric,2: interview terminated,2,interview terminated,FALSE,
161,G,mheight,numeric,"-2: na, see GRM161",-2,"na, see GRM161",TRUE,
161,G,mheight,numeric,"-1: na, asked",-1,"na, asked",TRUE,
161,G,mheightp,categorical,"-3: na, wrong skip",-3,"na, wrong skip",TRUE,
161,G,mheightp,categorical,"-2: na, see GRM161",-2,"na, see GRM161",TRUE,
161,G,mheightp,categorical,"-1: na, asked",-1,"na, asked",TRUE,
161,G,mheightp,categorical,1: no,1,no,FALSE,
161,G,mheightp,categorical,2: yes,2,yes,FALSE,
161,G,mheightp1,binary,"-3: na, wrong skip",-3,"na, wrong skip",TRUE,
161,G,mheightp1,binary,"-2: na, see GMHEIGHTP",-2,"na, see GMHEIGHTP",TRUE,
161,G,mheightp1,binary,"-1: na, asked",-1,"na, asked",TRUE,
161,G,mheightp1,binary,0: not mentioned,0,not mentioned,FALSE,
161,G,mheightp1,binary,1: mentioned,1,mentioned,FALSE,
161,G,mheightp2,binary,"table-spanned coding -> -3: na, wrong skip",-3,"na, wrong skip",TRUE,
161,G,mheightp2,binary,"table-spanned coding -> -2: na, see GRM161",-2,"na, see GRM161",TRUE,
161,G,mheightp2,binary,"table-spanned coding -> -1: na, asked",-1,"na, asked",TRUE,
161,G,mheightp2,binary,table-spanned coding -> 1: no,1,no,FALSE,
161,G,mheightp2,binary,table-spanned coding -> 2: yes,2,yes,FALSE,
161,G,mheightp3,binary,"table-spanned coding -> -3: na, wrong skip",-3,"na, wrong skip",TRUE,
161,G,mheightp3,binary,"table-spanned coding -> -2: na, see GRM161",-2,"na, see GRM161",TRUE,
161,G,mheightp3,binary,"table-spanned coding -> -1: na, asked",-1,"na, asked",TRUE,
161,G,mheightp3,binary,table-spanned coding -> 1: no,1,no,FALSE,
161,G,mheightp3,binary,table-spanned coding -> 2: yes,2,yes,FALSE,
161,G,mheightp4,binary,"table-spanned coding -> -3: na, wrong skip",-3,"na, wrong skip",TRUE,
161,G,mheightp4,binary,"table-spanned coding -> -2: na, see GRM161",-2,"na, see GRM161",TRUE,
161,G,mheightp4,binary,"table-spanned coding -> -1: na, asked",-1,"na, asked",TRUE,
161,G,mheightp4,binary,table-spanned coding -> 1: no,1,no,FALSE,
161,G,mheightp4,binary,table-spanned coding -> 2: yes,2,yes,FALSE,
161,G,mheightp5,binary,"table-spanned coding -> -3: na, wrong skip",-3,"na, wrong skip",TRUE,
161,G,mheightp5,binary,"table-spanned coding -> -2: na, see GRM161",-2,"na, see GRM161",TRUE,
161,G,mheightp5,binary,"table-spanned coding -> -1: na, asked",-1,"na, asked",TRUE,
161,G,mheightp5,binary,table-spanned coding -> 1: no,1,no,FALSE,
161,G,mheightp5,binary,table-spanned coding -> 2: yes,2,yes,FALSE,
161,G,mheightp6,binary,"table-spanned coding -> -3: na, wrong skip",-3,"na, wrong skip",TRUE,
161,G,mheightp6,binary,"table-spanned coding -> -2: na, see GRM161",-2,"na, see GRM161",TRUE,
161,G,mheightp6,binary,"table-spanned coding -> -1: na, asked",-1,"na, asked",TRUE,
161,G,mheightp6,binary,table-spanned coding -> 1: no,1,no,FALSE,
161,G,mheightp6,binary,table-spanned coding -> 2: yes,2,yes,FALSE,
161,G,mheightp7,binary,"table-spanned coding -> -3: na, wrong skip",-3,"na, wrong skip",TRUE,
161,G,mheightp7,binary,"table-spanned coding -> -2: na, see GRM161",-2,"na, see GRM161",TRUE,
161,G,mheightp7,binary,"table-spanned coding -> -1: na, asked",-1,"na, asked",TRUE,
161,G,mheightp7,binary,table-spanned coding -> 1: no,1,no,FALSE,
161,G,mheightp7,binary,table-spanned coding -> 2: yes,2,yes,FALSE,
161,G,mheightself,numeric,"-2: na, see GMHEIGHT",-2,"na, see GMHEIGHT",TRUE,
161,G,mheightself,numeric,"-1: na, asked",-1,"na, asked",TRUE,
161,G,mweight,numeric,"-2: na, see GRM161",-2,"na, see GRM161",TRUE,
161,G,mweight,numeric,"-1: na, asked",-1,"na, asked",TRUE,
161,G,mweight,numeric,1: no,1,no,FALSE,
161,G,mweight,numeric,2: yes,2,yes,FALSE,
161,G,mweightp,categorical,"-3: na, wrong skip",-3,"na, wrong skip",TRUE,
161,G,mweightp,categorical,"-2: na, see GRM161",-2,"na, see GRM161",TRUE,
161,G,mweightp,categorical,"-1: na, asked",-1,"na, asked",TRUE,
161,G,mweightp,categorical,1: no,1,no,FALSE,
161,G,mweightp,categorical,2: yes,2,yes,FALSE,
161,G,mweightp1,binary,"-3: na, wrong skip",-3,"na, wrong skip",TRUE,
161,G,mweightp1,binary,"-2: na, see GMWEIGHTP",-2,"na, see GMWEIGHTP",TRUE,
161,G,mweightp1,binary,"-1: na, asked",-1,"na, asked",TRUE,
161,G,mweightp1,binary,0: not mentioned,0,not mentioned,FALSE,
161,G,mweightp1,binary,1: mentioned,1,mentioned,FALSE,
161,G,mweightp2,binary,"table-spanned coding -> -3: na, wrong skip",-3,"na, wrong skip",TRUE,
161,G,mweightp2,binary,"table-spanned coding -> -2: na, see GRM161",-2,"na, see GRM161",TRUE,
161,G,mweightp2,binary,"table-spanned coding -> -1: na, asked",-1,"na, asked",TRUE,
161,G,mweightp2,binary,table-spanned coding -> 1: no,1,no,FALSE,
161,G,mweightp2,binary,table-spanned coding -> 2: yes,2,yes,FALSE,
161,G,mweightp3,binary,"table-spanned coding -> -3: na, wrong skip",-3,"na, wrong skip",TRUE,
161,G,mweightp3,binary,"table-spanned coding -> -2: na, see GRM161",-2,"na, see GRM161",TRUE,
161,G,mweightp3,binary,"table-spanned coding -> -1: na, asked",-1,"na, asked",TRUE,
161,G,mweightp3,binary,table-spanned coding -> 1: no,1,no,FALSE,
161,G,mweightp3,binary,table-spanned coding -> 2: yes,2,yes,FALSE,
161,G,mweightp4,binary,"table-spanned coding -> -3: na, wrong skip",-3,"na, wrong skip",TRUE,
161,G,mweightp4,binary,"table-spanned coding -> -2: na, see GRM161",-2,"na, see GRM161",TRUE,
161,G,mweightp4,binary,"table-spanned coding -> -1: na, asked",-1,"na, asked",TRUE,
161,G,mweightp4,binary,table-spanned coding -> 1: no,1,no,FALSE,
161,G,mweightp4,binary,table-spanned coding -> 2: yes,2,yes,FALSE,
161,G,mweightp5,binary,"table-spanned coding -> -3: na, wrong skip",-3,"na, wrong skip",TRUE,
161,G,mweightp5,binary,"table-spanned coding -> -2: na, see GRM161",-2,"na, see GRM161",TRUE,
161,G,mweightp5,binary,"table-spanned coding -> -1: na, asked",-1,"na, asked",TRUE,
161,G,mweightp5,binary,table-spanned coding -> 1: no,1,no,FALSE,
161,G,mweightp5,binary,table-spanned coding -> 2: yes,2,yes,FALSE,
161,G,mweightp6,binary,"table-spanned coding -> -3: na, wrong skip",-3,"na, wrong skip",TRUE,
161,G,mweightp6,binary,"table-spanned coding -> -2: na, see GRM161",-2,"na, see GRM161",TRUE,
161,G,mweightp6,binary,"table-spanned coding -> -1: na, asked",-1,"na, asked",TRUE,
161,G,mweightp6,binary,table-spanned coding -> 1: no,1,no,FALSE,
161,G,mweightp6,binary,table-spanned coding -> 2: yes,2,yes,FALSE,
161,G,mweightp7,numeric,"table-spanned coding -> -3: na, wrong skip",-3,"na, wrong skip",TRUE,
161,G,mweightp7,numeric,"table-spanned coding -> -2: na, see GRM161",-2,"na, see GRM161",TRUE,
161,G,mweightp7,numeric,"table-spanned coding -> -1: na, asked",-1,"na, asked",TRUE,
161,G,mweightp7,numeric,table-spanned coding -> 1: no,1,no,FALSE,
161,G,mweightp7,numeric,table-spanned coding -> 2: yes,2,yes,FALSE,
161,G,mweightp8,binary,"table-spanned coding -> -3: na, wrong skip",-3,"na, wrong skip",TRUE,
161,G,mweightp8,binary,"table-spanned coding -> -2: na, see GRM161",-2,"na, see GRM161",TRUE,
161,G,mweightp8,binary,"table-spanned coding -> -1: na, asked",-1,"na, asked",TRUE,
161,G,mweightp8,binary,table-spanned coding -> 1: no,1,no,FALSE,
161,G,mweightp8,binary,table-spanned coding -> 2: yes,2,yes,FALSE,
161,G,mweightp9,categorical,"table-spanned coding -> -3: na, wrong skip",-3,"na, wrong skip",TRUE,
161,G,mweightp9,categorical,"table-spanned coding -> -2: na, see GRM161",-2,"na, see GRM161",TRUE,
161,G,mweightp9,categorical,"table-spanned coding -> -1: na, asked",-1,"na, asked",TRUE,
161,G,mweightp9,categorical,table-spanned coding -> 1: no,1,no,FALSE,
161,G,mweightp9,categorical,table-spanned coding -> 2: yes,2,yes,FALSE,
161,G,mweightself,numeric,"-2: na, see GMWEIGHT",-2,"na, see GMWEIGHT",TRUE,
161,G,mweightself,numeric,"-1: na, asked",-1,"na, asked",TRUE,
161,G,mwaist1,numeric,"-2: na, see GRM161",-2,"na, see GRM161",TRUE,
161,G,mwaist2,numeric,"-1: na, asked",-1,"na, asked",TRUE,
161,G,mwaistp,categorical,"-3: na, wrong skip",-3,"na, wrong skip",TRUE,
161,G,mwaistp,categorical,"-2: na, see GRM161",-2,"na, see GRM161",TRUE,
161,G,mwaistp,categorical,"-1: na, asked",-1,"na, asked",TRUE,
161,G,mwaistp,categorical,1 : no,1,no,FALSE,
161,G,mwaistp,categorical,2: yes,2,yes,FALSE,
161,G,mwaistp1,binary,"-3: na, wrong skip",-3,"na, wrong skip",TRUE,
161,G,mwaistp1,binary,"-2: na, see GMWAISTP",-2,"na, see GMWAISTP",TRUE,
161,G,mwaistp1,binary,"-1: na, asked",-1,"na, asked",TRUE,
161,G,mwaistp1,binary,0: not mentioned,0,not mentioned,FALSE,
161,G,mwaistp1,binary,1: mentioned,1,mentioned,FALSE,
161,G,mwaistp2,binary,"table-spanned coding -> -3: na, wrong skip",-3,"na, wrong skip",TRUE,
161,G,mwaistp2,binary,"table-spanned coding -> -2: na, see GRM161",-2,"na, see GRM161",TRUE,
161,G,mwaistp2,binary,"table-spanned coding -> -1: na, asked",-1,"na, asked",TRUE,
161,G,mwaistp2,binary,table-spanned coding -> 1 : no,1,no,FALSE,
161,G,mwaistp2,binary,table-spanned coding -> 2: yes,2,yes,FALSE,
161,G,mwaistp3,binary,"table-spanned coding -> -3: na, wrong skip",-3,"na, wrong skip",TRUE,
161,G,mwaistp3,binary,"table-spanned coding -> -2: na, see GRM161",-2,"na, see GRM161",TRUE,
161,G,mwaistp3,binary,"table-spanned coding -> -1: na, asked",-1,"na, asked",TRUE,
161,G,mwaistp3,binary,table-spanned coding -> 1 : no,1,no,FALSE,
161,G,mwaistp3,binary,table-spanned coding -> 2: yes,2,yes,FALSE,
161,G,mwaistp4,binary,"table-spanned coding -> -3: na, wrong skip",-3,"na, wrong skip",TRUE,
161,G,mwaistp4,binary,"table-spanned coding -> -2: na, see GRM161",-2,"na, see GRM161",TRUE,
161,G,mwaistp4,binary,"table-spanned coding -> -1: na, asked",-1,"na, asked",TRUE,
161,G,mwaistp4,binary,table-spanned coding -> 1 : no,1,no,FALSE,
161,G,mwaistp4,binary,table-spanned coding -> 2: yes,2,yes,FALSE,
161,G,mhip1,numeric,"-2: na, see GRM161",-2,"na, see GRM161",TRUE,
161,G,mhip2,numeric,"-1: na, asked",-1,"na, asked",TRUE,
161,G,mhipp,categorical,"-3: na, wrong skip",-3,"na, wrong skip",TRUE,
161,G,mhipp,categorical,"-2: na, see GRM161",-2,"na, see GRM161",TRUE,
161,G,mhipp,categorical,1: no,1,no,FALSE,
161,G,mhipp,categorical,2: yes,2,yes,FALSE,
161,G,mhipp1,binary,"-3: na, wrong skip",-3,"na, wrong skip",TRUE,
161,G,mhipp1,binary,"-2: na, see GMHIPP",-2,"na, see GMHIPP",TRUE,
161,G,mhipp1,binary,"-1: na, asked",-1,"na, asked",TRUE,
161,G,mhipp1,binary,0: not mentioned,0,not mentioned,FALSE,
161,G,mhipp1,binary,1: mentioned,1,mentioned,FALSE,
161,G,mhipp2,binary,"table-spanned coding -> -3: na, wrong skip",-3,"na, wrong skip",TRUE,
161,G,mhipp2,binary,"table-spanned coding -> -2: na, see GRM161",-2,"na, see GRM161",TRUE,
161,G,mhipp2,binary,table-spanned coding -> 1: no,1,no,FALSE,
161,G,mhipp2,binary,table-spanned coding -> 2: yes,2,yes,FALSE,
161,G,mhipp3,binary,"table-spanned coding -> -3: na, wrong skip",-3,"na, wrong skip",TRUE,
161,G,mhipp3,binary,"table-spanned coding -> -2: na, see GRM161",-2,"na, see GRM161",TRUE,
161,G,mhipp3,binary,table-spanned coding -> 1: no,1,no,FALSE,
161,G,mhipp3,binary,table-spanned coding -> 2: yes,2,yes,FALSE,
161,G,mgripr1,numeric,"-2: na, see GRM161",-2,"na, see GRM161",TRUE,
161,G,mgripr2,numeric,"-1: na, asked",-1,"na, asked",TRUE,
161,G,mgriprp1,binary,"-3: na, wrong skip",-3,"na, wrong skip",TRUE,
161,G,mgriprp1,binary,"-2: na, see GRM161",-2,"na, see GRM161",TRUE,
161,G,mgriprp1,binary,"-1: na, asked",-1,"na, asked",TRUE,
161,G,mgriprp1,binary,1: no,1,no,FALSE,
161,G,mgriprp1,binary,2: yes,2,yes,FALSE,
161,G,mgriprp2,binary,"-3: na, wrong skip",-3,"na, wrong skip",TRUE,
161,G,mgriprp2,binary,"-2: na, see GMGRIPRP1",-2,"na, see GMGRIPRP1",TRUE,
161,G,mgriprp2,binary,0: not mentioned,0,not mentioned,FALSE,
161,G,mgriprp2,binary,1: mentioned,1,mentioned,FALSE,
161,G,mgriprp3,numeric,,,,,
161,G,mgriprp4,numeric,,,,,
161,G,mgripl1,numeric,"-2: na, see GRM161",-2,"na, see GRM161",TRUE,
161,G,mgripl2,numeric,"-1: na, asked",-1,"na, asked",TRUE,
161,G,mgriplp1,binary,"-3: na, wrong skip",-3,"na, wrong skip",TRUE,
161,G,mgriplp1,binary,"-2: na, see GRM161",-2,"na, see GRM161",TRUE,
161,G,mgriplp1,binary,"-1: na, asked",-1,"na, asked",TRUE,
161,G,mgriplp1,binary,1: no,1,no,FALSE,
161,G,mgriplp1,binary,2: yes,2,yes,FALSE,
161,G,mgriplp2,binary,"-3: na, wrong skip",-3,"na, wrong skip",TRUE,
161,G,mgriplp2,binary,"-2: na, see GMGRIPLP1",-2,"na, see GMGRIPLP1",TRUE,
161,G,mgriplp2,binary,0: not mentioned,0,not mentioned,FALSE,
161,G,mgriplp2,binary,1: mentioned,1,mentioned,FALSE,
161,G,mgriplp3,numeric,,,,,
161,G,mgriplp4,numeric,,,,,
161,G,rm161,numeric,-2: valid data,-2,valid data,TRUE,
161,G,rm161,numeric,1: short version,1,short version,FALSE,
161,G,rm161,numeric,2: interview terminated,2,interview terminated,FALSE,
161,H,mheight,numeric,"-2: na, see H/B/I/JRM161",-2,"na, see H/B/I/JRM161",TRUE,
161,H,mheight,numeric,"-1: na, asked",-1,"na, asked",TRUE,
161,3B,mheight,numeric,"-2: na, see H/B/I/JRM161",-2,"na, see H/B/I/JRM161",TRUE,
161,3B,mheight,numeric,"-1: na, asked",-1,"na, asked",TRUE,
161,I,mheight,numeric,"-2: na, see H/B/I/JRM161",-2,"na, see H/B/I/JRM161",TRUE,
161,I,mheight,numeric,"-1: na, asked",-1,"na, asked",TRUE,
161,J,mheight,numeric,"-2: na, see H/B/I/JRM161",-2,"na, see H/B/I/JRM161",TRUE,
161,J,mheight,numeric,"-1: na, asked",-1,"na, asked",TRUE,
161,H,mheightp,categorical,"-3: na, wrong skip",-3,"na, wrong skip",TRUE,
161,H,mheightp,categorical,"-2: na, see H/B/I/JRM161",-2,"na, see H/B/I/JRM161",TRUE,
161,H,mheightp,categorical,"-1: na, asked",-1,"na, asked",TRUE,
161,H,mheightp,categorical,1: no,1,no,FALSE,
161,H,mheightp,categorical,2: yes,2,yes,FALSE,
161,3B,mheightp,categorical,"-3: na, wrong skip",-3,"na, wrong skip",TRUE,
161,3B,mheightp,categorical,"-2: na, see H/B/I/JRM161",-2,"na, see H/B/I/JRM161",TRUE,
161,3B,mheightp,categorical,"-1: na, asked",-1,"na, asked",TRUE,
161,3B,mheightp,categorical,1: no,1,no,FALSE,
161,3B,mheightp,categorical,2: yes,2,yes,FALSE,
161,I,mheightp,categorical,"-3: na, wrong skip",-3,"na, wrong skip",TRUE,
161,I,mheightp,categorical,"-2: na, see H/B/I/JRM161",-2,"na, see H/B/I/JRM161",TRUE,
161,I,mheightp,categorical,"-1: na, asked",-1,"na, asked",TRUE,
161,I,mheightp,categorical,1: no,1,no,FALSE,
161,I,mheightp,categorical,2: yes,2,yes,FALSE,
161,J,mheightp,categorical,"-3: na, wrong skip",-3,"na, wrong skip",TRUE,
161,J,mheightp,categorical,"-2: na, see H/B/I/JRM161",-2,"na, see H/B/I/JRM161",TRUE,
161,J,mheightp,categorical,"-1: na, asked",-1,"na, asked",TRUE,
161,J,mheightp,categorical,1: no,1,no,FALSE,
161,J,mheightp,categorical,2: yes,2,yes,FALSE,
161,H,mheightp1,binary,"-2: na, see H/B/I/JMHEIGHTP",-2,"na, see H/B/I/JMHEIGHTP",TRUE,
161,H,mheightp1,binary,"-1: na, asked",-1,"na, asked",TRUE,
161,H,mheightp1,binary,0: not mentioned,0,not mentioned,FALSE,
161,H,mheightp1,binary,1: mentioned,1,mentioned,FALSE,
161,3B,mheightp1,binary,"-2: na, see H/B/I/JMHEIGHTP",-2,"na, see H/B/I/JMHEIGHTP",TRUE,
161,3B,mheightp1,binary,"-1: na, asked",-1,"na, asked",TRUE,
161,3B,mheightp1,binary,0: not mentioned,0,not mentioned,FALSE,
161,3B,mheightp1,binary,1: mentioned,1,mentioned,FALSE,
161,I,mheightp1,binary,"-2: na, see H/B/I/JMHEIGHTP",-2,"na, see H/B/I/JMHEIGHTP",TRUE,
161,I,mheightp1,binary,"-1: na, asked",-1,"na, asked",TRUE,
161,I,mheightp1,binary,0: not mentioned,0,not mentioned,FALSE,
161,I,mheightp1,binary,1: mentioned,1,mentioned,FALSE,
161,J,mheightp1,binary,"-2: na, see H/B/I/JMHEIGHTP",-2,"na, see H/B/I/JMHEIGHTP",TRUE,
161,J,mheightp1,binary,"-1: na, asked",-1,"na, asked",TRUE,
161,J,mheightp1,binary,0: not mentioned,0,not mentioned,FALSE,
161,J,mheightp1,binary,1: mentioned,1,mentioned,FALSE,
161,H,mheightp2,binary,"table-spanned coding -> -3: na, wrong skip",-3,"na, wrong skip",TRUE,
161,H,mheightp2,binary,"table-spanned coding -> -2: na, see H/B/I/JRM161",-2,"na, see H/B/I/JRM161",TRUE,
161,H,mheightp2,binary,"table-spanned coding -> -1: na, asked",-1,"na, asked",TRUE,
161,H,mheightp2,binary,table-spanned coding -> 1: no,1,no,FALSE,
161,H,mheightp2,binary,table-spanned coding -> 2: yes,2,yes,FALSE,
161,3B,mheightp2,binary,"table-spanned coding -> -3: na, wrong skip",-3,"na, wrong skip",TRUE,
161,3B,mheightp2,binary,"table-spanned coding -> -2: na, see H/B/I/JRM161",-2,"na, see H/B/I/JRM161",TRUE,
161,3B,mheightp2,binary,"table-spanned coding -> -1: na, asked",-1,"na, asked",TRUE,
161,3B,mheightp2,binary,table-spanned coding -> 1: no,1,no,FALSE,
161,3B,mheightp2,binary,table-spanned coding -> 2: yes,2,yes,FALSE,
161,I,mheightp2,binary,"table-spanned coding -> -3: na, wrong skip",-3,"na, wrong skip",TRUE,
161,I,mheightp2,binary,"table-spanned coding -> -2: na, see H/B/I/JRM161",-2,"na, see H/B/I/JRM161",TRUE,
161,I,mheightp2,binary,"table-spanned coding -> -1: na, asked",-1,"na, asked",TRUE,
161,I,mheightp2,binary,table-spanned coding -> 1: no,1,no,FALSE,
161,I,mheightp2,binary,table-spanned coding -> 2: yes,2,yes,FALSE,
161,J,mheightp2,binary,"table-spanned coding -> -3: na, wrong skip",-3,"na, wrong skip",TRUE,
161,J,mheightp2,binary,"table-spanned coding -> -2: na, see H/B/I/JRM161",-2,"na, see H/B/I/JRM161",TRUE,
161,J,mheightp2,binary,"table-spanned coding -> -1: na, asked",-1,"na, asked",TRUE,
161,J,mheightp2,binary,table-spanned coding -> 1: no,1,no,FALSE,
161,J,mheightp2,binary,table-spanned coding -> 2: yes,2,yes,FALSE,
161,H,mheightp3,binary,"table-spanned coding -> -3: na, wrong skip",-3,"na, wrong skip",TRUE,
161,H,mheightp3,binary,"table-spanned coding -> -2: na, see H/B/I/JRM161",-2,"na, see H/B/I/JRM161",TRUE,
161,H,mheightp3,binary,"table-spanned coding -> -1: na, asked",-1,"na, asked",TRUE,
161,H,mheightp3,binary,table-spanned coding -> 1: no,1,no,FALSE,
161,H,mheightp3,binary,table-spanned coding -> 2: yes,2,yes,FALSE,
161,3B,mheightp3,binary,"table-spanned coding -> -3: na, wrong skip",-3,"na, wrong skip",TRUE,
161,3B,mheightp3,binary,"table-spanned coding -> -2: na, see H/B/I/JRM161",-2,"na, see H/B/I/JRM161",TRUE,
161,3B,mheightp3,binary,"table-spanned coding -> -1: na, asked",-1,"na, asked",TRUE,
161,3B,mheightp3,binary,table-spanned coding -> 1: no,1,no,FALSE,
161,3B,mheightp3,binary,table-spanned coding -> 2: yes,2,yes,FALSE,
161,I,mheightp3,binary,"table-spanned coding -> -3: na, wrong skip",-3,"na, wrong skip",TRUE,
161,I,mheightp3,binary,"table-spanned coding -> -2: na, see H/B/I/JRM161",-2,"na, see H/B/I/JRM161",TRUE,
161,I,mheightp3,binary,"table-spanned coding -> -1: na, asked",-1,"na, asked",TRUE,
161,I,mheightp3,binary,table-spanned coding -> 1: no,1,no,FALSE,
161,I,mheightp3,binary,table-spanned coding -> 2: yes,2,yes,FALSE,
161,J,mheightp3,binary,"table-spanned coding -> -3: na, wrong skip",-3,"na, wrong skip",TRUE,
161,J,mheightp3,binary,"table-spanned coding -> -2: na, see H/B/I/JRM161",-2,"na, see H/B/I/JRM161",TRUE,
161,J,mheightp3,binary,"table-spanned coding -> -1: na, asked",-1,"na, asked",TRUE,
161,J,mheightp3,binary,table-spanned coding -> 1: no,1,no,FALSE,
161,J,mheightp3,binary,table-spanned coding -> 2: yes,2,yes,FALSE,
161,H,mheightp4,binary,"table-spanned coding -> -3: na, wrong skip",-3,"na, wrong skip",TRUE,
161,H,mheightp4,binary,"table-spanned coding -> -2: na, see H/B/I/JRM161",-2,"na, see H/B/I/JRM161",TRUE,
161,H,mheightp4,binary,"table-spanned coding -> -1: na, asked",-1,"na, asked",TRUE,
161,H,mheightp4,binary,table-spanned coding -> 1: no,1,no,FALSE,
161,H,mheightp4,binary,table-spanned coding -> 2: yes,2,yes,FALSE,
161,3B,mheightp4,binary,"table-spanned coding -> -3: na, wrong skip",-3,"na, wrong skip",TRUE,
161,3B,mheightp4,binary,"table-spanned coding -> -2: na, see H/B/I/JRM161",-2,"na, see H/B/I/JRM161",TRUE,
161,3B,mheightp4,binary,"table-spanned coding -> -1: na, asked",-1,"na, asked",TRUE,
161,3B,mheightp4,binary,table-spanned coding -> 1: no,1,no,FALSE,
161,3B,mheightp4,binary,table-spanned coding -> 2: yes,2,yes,FALSE,
161,I,mheightp4,binary,"table-spanned coding -> -3: na, wrong skip",-3,"na, wrong skip",TRUE,
161,I,mheightp4,binary,"table-spanned coding -> -2: na, see H/B/I/JRM161",-2,"na, see H/B/I/JRM161",TRUE,
161,I,mheightp4,binary,"table-spanned coding -> -1: na, asked",-1,"na, asked",TRUE,
161,I,mheightp4,binary,table-spanned coding -> 1: no,1,no,FALSE,
161,I,mheightp4,binary,table-spanned coding -> 2: yes,2,yes,FALSE,
161,J,mheightp4,binary,"table-spanned coding -> -3: na, wrong skip",-3,"na, wrong skip",TRUE,
161,J,mheightp4,binary,"table-spanned coding -> -2: na, see H/B/I/JRM161",-2,"na, see H/B/I/JRM161",TRUE,
161,J,mheightp4,binary,"table-spanned coding -> -1: na, asked",-1,"na, asked",TRUE,
161,J,mheightp4,binary,table-spanned coding -> 1: no,1,no,FALSE,
161,J,mheightp4,binary,table-spanned coding -> 2: yes,2,yes,FALSE,
161,H,mheightp5,binary,"table-spanned coding -> -3: na, wrong skip",-3,"na, wrong skip",TRUE,
161,H,mheightp5,binary,"table-spanned coding -> -2: na, see H/B/I/JRM161",-2,"na, see H/B/I/JRM161",TRUE,
161,H,mheightp5,binary,"table-spanned coding -> -1: na, asked",-1,"na, asked",TRUE,
161,H,mheightp5,binary,table-spanned coding -> 1: no,1,no,FALSE,
161,H,mheightp5,binary,table-spanned coding -> 2: yes,2,yes,FALSE,
161,3B,mheightp5,binary,"table-spanned coding -> -3: na, wrong skip",-3,"na, wrong skip",TRUE,
161,3B,mheightp5,binary,"table-spanned coding -> -2: na, see H/B/I/JRM161",-2,"na, see H/B/I/JRM161",TRUE,
161,3B,mheightp5,binary,"table-spanned coding -> -1: na, asked",-1,"na, asked",TRUE,
161,3B,mheightp5,binary,table-spanned coding -> 1: no,1,no,FALSE,
161,3B,mheightp5,binary,table-spanned coding -> 2: yes,2,yes,FALSE,
161,I,mheightp5,binary,"table-spanned coding -> -3: na, wrong skip",-3,"na, wrong skip",TRUE,
161,I,mheightp5,binary,"table-spanned coding -> -2: na, see H/B/I/JRM161",-2,"na, see H/B/I/JRM161",TRUE,
161,I,mheightp5,binary,"table-spanned coding -> -1: na, asked",-1,"na, asked",TRUE,
161,I,mheightp5,binary,table-spanned coding -> 1: no,1,no,FALSE,
161,I,mheightp5,binary,table-spanned coding -> 2: yes,2,yes,FALSE,
161,J,mheightp5,binary,"table-spanned coding -> -3: na, wrong skip",-3,"na, wrong skip",TRUE,
161,J,mheightp5,binary,"table-spanned coding -> -2: na, see H/B/I/JRM161",-2,"na, see H/B/I/JRM161",TRUE,
161,J,mheightp5,binary,"table-spanned coding -> -1: na, asked",-1,"na, asked",TRUE,
161,J,mheightp5,binary,table-spanned coding -> 1: no,1,no,FALSE,
161,J,mheightp5,binary,table-spanned coding -> 2: yes,2,yes,FALSE,
161,H,mheightp6,binary,"table-spanned coding -> -3: na, wrong skip",-3,"na, wrong skip",TRUE,
161,H,mheightp6,binary,"table-spanned coding -> -2: na, see H/B/I/JRM161",-2,"na, see H/B/I/JRM161",TRUE,
161,H,mheightp6,binary,"table-spanned coding -> -1: na, asked",-1,"na, asked",TRUE,
161,H,mheightp6,binary,table-spanned coding -> 1: no,1,no,FALSE,
161,H,mheightp6,binary,table-spanned coding -> 2: yes,2,yes,FALSE,
161,3B,mheightp6,binary,"table-spanned coding -> -3: na, wrong skip",-3,"na, wrong skip",TRUE,
161,3B,mheightp6,binary,"table-spanned coding -> -2: na, see H/B/I/JRM161",-2,"na, see H/B/I/JRM161",TRUE,
161,3B,mheightp6,binary,"table-spanned coding -> -1: na, asked",-1,"na, asked",TRUE,
161,3B,mheightp6,binary,table-spanned coding -> 1: no,1,no,FALSE,
161,3B,mheightp6,binary,table-spanned coding -> 2: yes,2,yes,FALSE,
161,I,mheightp6,binary,"table-spanned coding -> -3: na, wrong skip",-3,"na, wrong skip",TRUE,
161,I,mheightp6,binary,"table-spanned coding -> -2: na, see H/B/I/JRM161",-2,"na, see H/B/I/JRM161",TRUE,
161,I,mheightp6,binary,"table-spanned coding -> -1: na, asked",-1,"na, asked",TRUE,
161,I,mheightp6,binary,table-spanned coding -> 1: no,1,no,FALSE,
161,I,mheightp6,binary,table-spanned coding -> 2: yes,2,yes,FALSE,
161,J,mheightp6,binary,"table-spanned coding -> -3: na, wrong skip",-3,"na, wrong skip",TRUE,
161,J,mheightp6,binary,"table-spanned coding -> -2: na, see H/B/I/JRM161",-2,"na, see H/B/I/JRM161",TRUE,
161,J,mheightp6,binary,"table-spanned coding -> -1: na, asked",-1,"na, asked",TRUE,
161,J,mheightp6,binary,table-spanned coding -> 1: no,1,no,FALSE,
161,J,mheightp6,binary,table-spanned coding -> 2: yes,2,yes,FALSE,
161,H,mheightp7,binary,"table-spanned coding -> -3: na, wrong skip",-3,"na, wrong skip",TRUE,
161,H,mheightp7,binary,"table-spanned coding -> -2: na, see H/B/I/JRM161",-2,"na, see H/B/I/JRM161",TRUE,
161,H,mheightp7,binary,"table-spanned coding -> -1: na, asked",-1,"na, asked",TRUE,
161,H,mheightp7,binary,table-spanned coding -> 1: no,1,no,FALSE,
161,H,mheightp7,binary,table-spanned coding -> 2: yes,2,yes,FALSE,
161,3B,mheightp7,binary,"table-spanned coding -> -3: na, wrong skip",-3,"na, wrong skip",TRUE,
161,3B,mheightp7,binary,"table-spanned coding -> -2: na, see H/B/I/JRM161",-2,"na, see H/B/I/JRM161",TRUE,
161,3B,mheightp7,binary,"table-spanned coding -> -1: na, asked",-1,"na, asked",TRUE,
161,3B,mheightp7,binary,table-spanned coding -> 1: no,1,no,FALSE,
161,3B,mheightp7,binary,table-spanned coding -> 2: yes,2,yes,FALSE,
161,I,mheightp7,binary,"table-spanned coding -> -3: na, wrong skip",-3,"na, wrong skip",TRUE,
161,I,mheightp7,binary,"table-spanned coding -> -2: na, see H/B/I/JRM161",-2,"na, see H/B/I/JRM161",TRUE,
161,I,mheightp7,binary,"table-spanned coding -> -1: na, asked",-1,"na, asked",TRUE,
161,I,mheightp7,binary,table-spanned coding -> 1: no,1,no,FALSE,
161,I,mheightp7,binary,table-spanned coding -> 2: yes,2,yes,FALSE,
161,J,mheightp7,binary,"table-spanned coding -> -3: na, wrong skip",-3,"na, wrong skip",TRUE,
161,J,mheightp7,binary,"table-spanned coding -> -2: na, see H/B/I/JRM161",-2,"na, see H/B/I/JRM161",TRUE,
161,J,mheightp7,binary,"table-spanned coding -> -1: na, asked",-1,"na, asked",TRUE,
161,J,mheightp7,binary,table-spanned coding -> 1: no,1,no,FALSE,
161,J,mheightp7,binary,table-spanned coding -> 2: yes,2,yes,FALSE,
161,H,mheightself,numeric,"-2: na, see H/B/IMHEIGHT",-2,"na, see H/B/IMHEIGHT",TRUE,
161,H,mheightself,numeric,"-1: na, asked",-1,"na, asked",TRUE,
161,3B,mheightself,numeric,"-2: na, see H/B/IMHEIGHT",-2,"na, see H/B/IMHEIGHT",TRUE,
161,3B,mheightself,numeric,"-1: na, asked",-1,"na, asked",TRUE,
161,I,mheightself,numeric,"-2: na, see H/B/IMHEIGHT",-2,"na, see H/B/IMHEIGHT",TRUE,
161,I,mheightself,numeric,"-1: na, asked",-1,"na, asked",TRUE,
161,J,mheightself,numeric,-2: routing,-2,routing,TRUE,
161,J,mheightself,numeric,"-1: na, asked",-1,"na, asked",TRUE,
161,H,mweight,numeric,"-2: na, see H/B/I/JRM161",-2,"na, see H/B/I/JRM161",TRUE,
161,H,mweight,numeric,"-1: na, asked",-1,"na, asked",TRUE,
161,3B,mweight,numeric,"-2: na, see H/B/I/JRM161",-2,"na, see H/B/I/JRM161",TRUE,
161,3B,mweight,numeric,"-1: na, asked",-1,"na, asked",TRUE,
161,I,mweight,numeric,"-2: na, see H/B/I/JRM161",-2,"na, see H/B/I/JRM161",TRUE,
161,I,mweight,numeric,"-1: na, asked",-1,"na, asked",TRUE,
161,J,mweight,numeric,"-2: na, see H/B/I/JRM161",-2,"na, see H/B/I/JRM161",TRUE,
161,J,mweight,numeric,"-1: na, asked",-1,"na, asked",TRUE,
161,H,mweightp,categorical,"-2: na, see H/B/I/JRM161",-2,"na, see H/B/I/JRM161",TRUE,
161,H,mweightp,categorical,"-1: na, asked",-1,"na, asked",TRUE,
161,H,mweightp,categorical,1: no,1,no,FALSE,
161,H,mweightp,categorical,2: yes,2,yes,FALSE,
161,3B,mweightp,categorical,"-2: na, see H/B/I/JRM161",-2,"na, see H/B/I/JRM161",TRUE,
161,3B,mweightp,categorical,"-1: na, asked",-1,"na, asked",TRUE,
161,3B,mweightp,categorical,1: no,1,no,FALSE,
161,3B,mweightp,categorical,2: yes,2,yes,FALSE,
161,I,mweightp,categorical,"-2: na, see H/B/I/JRM161",-2,"na, see H/B/I/JRM161",TRUE,
161,I,mweightp,categorical,"-1: na, asked",-1,"na, asked",TRUE,
161,I,mweightp,categorical,1: no,1,no,FALSE,
161,I,mweightp,categorical,2: yes,2,yes,FALSE,
161,J,mweightp,categorical,"-2: na, see H/B/I/JRM161",-2,"na, see H/B/I/JRM161",TRUE,
161,J,mweightp,categorical,"-1: na, asked",-1,"na, asked",TRUE,
161,J,mweightp,categorical,1: no,1,no,FALSE,
161,J,mweightp,categorical,2: yes,2,yes,FALSE,
161,H,mweightp1,binary,"-2: na, see H/B/I/JMWEIHGTP",-2,"na, see H/B/I/JMWEIHGTP",TRUE,
161,H,mweightp1,binary,"-1: na, asked",-1,"na, asked",TRUE,
161,H,mweightp1,binary,0: not mentioned,0,not mentioned,FALSE,
161,H,mweightp1,binary,1: mentioned,1,mentioned,FALSE,
161,3B,mweightp1,binary,"-2: na, see H/B/I/JMWEIHGTP",-2,"na, see H/B/I/JMWEIHGTP",TRUE,
161,3B,mweightp1,binary,"-1: na, asked",-1,"na, asked",TRUE,
161,3B,mweightp1,binary,0: not mentioned,0,not mentioned,FALSE,
161,3B,mweightp1,binary,1: mentioned,1,mentioned,FALSE,
161,I,mweightp1,binary,"-2: na, see H/B/I/JMWEIHGTP",-2,"na, see H/B/I/JMWEIHGTP",TRUE,
161,I,mweightp1,binary,"-1: na, asked",-1,"na, asked",TRUE,
161,I,mweightp1,binary,0: not mentioned,0,not mentioned,FALSE,
161,I,mweightp1,binary,1: mentioned,1,mentioned,FALSE,
161,J,mweightp1,binary,"-2: na, see H/B/I/JMWEIHGTP",-2,"na, see H/B/I/JMWEIHGTP",TRUE,
161,J,mweightp1,binary,"-1: na, asked",-1,"na, asked",TRUE,
161,J,mweightp1,binary,0: not mentioned,0,not mentioned,FALSE,
161,J,mweightp1,binary,1: mentioned,1,mentioned,FALSE,
161,H,mweightp2,binary,"table-spanned coding -> -2: na, see H/B/I/JRM161",-2,"na, see H/B/I/JRM161",TRUE,
161,H,mweightp2,binary,"table-spanned coding -> -1: na, asked",-1,"na, asked",TRUE,
161,H,mweightp2,binary,table-spanned coding -> 1: no,1,no,FALSE,
161,H,mweightp2,binary,table-spanned coding -> 2: yes,2,yes,FALSE,
161,3B,mweightp2,binary,"table-spanned coding -> -2: na, see H/B/I/JRM161",-2,"na, see H/B/I/JRM161",TRUE,
161,3B,mweightp2,binary,"table-spanned coding -> -1: na, asked",-1,"na, asked",TRUE,
161,3B,mweightp2,binary,table-spanned coding -> 1: no,1,no,FALSE,
161,3B,mweightp2,binary,table-spanned coding -> 2: yes,2,yes,FALSE,
161,I,mweightp2,binary,"table-spanned coding -> -2: na, see H/B/I/JRM161",-2,"na, see H/B/I/JRM161",TRUE,
161,I,mweightp2,binary,"table-spanned coding -> -1: na, asked",-1,"na, asked",TRUE,
161,I,mweightp2,binary,table-spanned coding -> 1: no,1,no,FALSE,
161,I,mweightp2,binary,table-spanned coding -> 2: yes,2,yes,FALSE,
161,J,mweightp2,binary,"table-spanned coding -> -2: na, see H/B/I/JRM161",-2,"na, see H/B/I/JRM161",TRUE,
161,J,mweightp2,binary,"table-spanned coding -> -1: na, asked",-1,"na, asked",TRUE,
161,J,mweightp2,binary,table-spanned coding -> 1: no,1,no,FALSE,
161,J,mweightp2,binary,table-spanned coding -> 2: yes,2,yes,FALSE,
161,H,mweightp3,binary,"table-spanned coding -> -2: na, see H/B/I/JRM161",-2,"na, see H/B/I/JRM161",TRUE,
161,H,mweightp3,binary,"table-spanned coding -> -1: na, asked",-1,"na, asked",TRUE,
161,H,mweightp3,binary,table-spanned coding -> 1: no,1,no,FALSE,
161,H,mweightp3,binary,table-spanned coding -> 2: yes,2,yes,FALSE,
161,3B,mweightp3,binary,"table-spanned coding -> -2: na, see H/B/I/JRM161",-2,"na, see H/B/I/JRM161",TRUE,
161,3B,mweightp3,binary,"table-spanned coding -> -1: na, asked",-1,"na, asked",TRUE,
161,3B,mweightp3,binary,table-spanned coding -> 1: no,1,no,FALSE,
161,3B,mweightp3,binary,table-spanned coding -> 2: yes,2,yes,FALSE,
161,I,mweightp3,binary,"table-spanned coding -> -2: na, see H/B/I/JRM161",-2,"na, see H/B/I/JRM161",TRUE,
161,I,mweightp3,binary,"table-spanned coding -> -1: na, asked",-1,"na, asked",TRUE,
161,I,mweightp3,binary,table-spanned coding -> 1: no,1,no,FALSE,
161,I,mweightp3,binary,table-spanned coding -> 2: yes,2,yes,FALSE,
161,J,mweightp3,binary,"table-spanned coding -> -2: na, see H/B/I/JRM161",-2,"na, see H/B/I/JRM161",TRUE,
161,J,mweightp3,binary,"table-spanned coding -> -1: na, asked",-1,"na, asked",TRUE,
161,J,mweightp3,binary,table-spanned coding -> 1: no,1,no,FALSE,
161,J,mweightp3,binary,table-spanned coding -> 2: yes,2,yes,FALSE,
161,H,mweightp4,binary,"table-spanned coding -> -2: na, see H/B/I/JRM161",-2,"na, see H/B/I/JRM161",TRUE,
161,H,mweightp4,binary,"table-spanned coding -> -1: na, asked",-1,"na, asked",TRUE,
161,H,mweightp4,binary,table-spanned coding -> 1: no,1,no,FALSE,
161,H,mweightp4,binary,table-spanned coding -> 2: yes,2,yes,FALSE,
161,3B,mweightp4,binary,"table-spanned coding -> -2: na, see H/B/I/JRM161",-2,"na, see H/B/I/JRM161",TRUE,
161,3B,mweightp4,binary,"table-spanned coding -> -1: na, asked",-1,"na, asked",TRUE,
161,3B,mweightp4,binary,table-spanned coding -> 1: no,1,no,FALSE,
161,3B,mweightp4,binary,table-spanned coding -> 2: yes,2,yes,FALSE,
161,I,mweightp4,binary,"table-spanned coding -> -2: na, see H/B/I/JRM161",-2,"na, see H/B/I/JRM161",TRUE,
161,I,mweightp4,binary,"table-spanned coding -> -1: na, asked",-1,"na, asked",TRUE,
161,I,mweightp4,binary,table-spanned coding -> 1: no,1,no,FALSE,
161,I,mweightp4,binary,table-spanned coding -> 2: yes,2,yes,FALSE,
161,J,mweightp4,binary,"table-spanned coding -> -2: na, see H/B/I/JRM161",-2,"na, see H/B/I/JRM161",TRUE,
161,J,mweightp4,binary,"table-spanned coding -> -1: na, asked",-1,"na, asked",TRUE,
161,J,mweightp4,binary,table-spanned coding -> 1: no,1,no,FALSE,
161,J,mweightp4,binary,table-spanned coding -> 2: yes,2,yes,FALSE,
161,H,mweightp5,binary,"table-spanned coding -> -2: na, see H/B/I/JRM161",-2,"na, see H/B/I/JRM161",TRUE,
161,H,mweightp5,binary,"table-spanned coding -> -1: na, asked",-1,"na, asked",TRUE,
161,H,mweightp5,binary,table-spanned coding -> 1: no,1,no,FALSE,
161,H,mweightp5,binary,table-spanned coding -> 2: yes,2,yes,FALSE,
161,3B,mweightp5,binary,"table-spanned coding -> -2: na, see H/B/I/JRM161",-2,"na, see H/B/I/JRM161",TRUE,
161,3B,mweightp5,binary,"table-spanned coding -> -1: na, asked",-1,"na, asked",TRUE,
161,3B,mweightp5,binary,table-spanned coding -> 1: no,1,no,FALSE,
161,3B,mweightp5,binary,table-spanned coding -> 2: yes,2,yes,FALSE,
161,I,mweightp5,binary,"table-spanned coding -> -2: na, see H/B/I/JRM161",-2,"na, see H/B/I/JRM161",TRUE,
161,I,mweightp5,binary,"table-spanned coding -> -1: na, asked",-1,"na, asked",TRUE,
161,I,mweightp5,binary,table-spanned coding -> 1: no,1,no,FALSE,
161,I,mweightp5,binary,table-spanned coding -> 2: yes,2,yes,FALSE,
161,J,mweightp5,binary,"table-spanned coding -> -2: na, see H/B/I/JRM161",-2,"na, see H/B/I/JRM161",TRUE,
161,J,mweightp5,binary,"table-spanned coding -> -1: na, asked",-1,"na, asked",TRUE,
161,J,mweightp5,binary,table-spanned coding -> 1: no,1,no,FALSE,
161,J,mweightp5,binary,table-spanned coding -> 2: yes,2,yes,FALSE,
161,H,mweightp6,binary,"table-spanned coding -> -2: na, see H/B/I/JRM161",-2,"na, see H/B/I/JRM161",TRUE,
161,H,mweightp6,binary,"table-spanned coding -> -1: na, asked",-1,"na, asked",TRUE,
161,H,mweightp6,binary,table-spanned coding -> 1: no,1,no,FALSE,
161,H,mweightp6,binary,table-spanned coding -> 2: yes,2,yes,FALSE,
161,3B,mweightp6,binary,"table-spanned coding -> -2: na, see H/B/I/JRM161",-2,"na, see H/B/I/JRM161",TRUE,
161,3B,mweightp6,binary,"table-spanned coding -> -1: na, asked",-1,"na, asked",TRUE,
161,3B,mweightp6,binary,table-spanned coding -> 1: no,1,no,FALSE,
161,3B,mweightp6,binary,table-spanned coding -> 2: yes,2,yes,FALSE,
161,I,mweightp6,binary,"table-spanned coding -> -2: na, see H/B/I/JRM161",-2,"na, see H/B/I/JRM161",TRUE,
161,I,mweightp6,binary,"table-spanned coding -> -1: na, asked",-1,"na, asked",TRUE,
161,I,mweightp6,binary,table-spanned coding -> 1: no,1,no,FALSE,
161,I,mweightp6,binary,table-spanned coding -> 2: yes,2,yes,FALSE,
161,J,mweightp6,binary,"table-spanned coding -> -2: na, see H/B/I/JRM161",-2,"na, see H/B/I/JRM161",TRUE,
161,J,mweightp6,binary,"table-spanned coding -> -1: na, asked",-1,"na, asked",TRUE,
161,J,mweightp6,binary,table-spanned coding -> 1: no,1,no,FALSE,
161,J,mweightp6,binary,table-spanned coding -> 2: yes,2,yes,FALSE,
161,H,mweightp7,numeric,"table-spanned coding -> -2: na, see H/B/I/JRM161",-2,"na, see H/B/I/JRM161",TRUE,
161,H,mweightp7,numeric,"table-spanned coding -> -1: na, asked",-1,"na, asked",TRUE,
161,H,mweightp7,numeric,table-spanned coding -> 1: no,1,no,FALSE,
161,H,mweightp7,numeric,table-spanned coding -> 2: yes,2,yes,FALSE,
161,3B,mweightp7,numeric,"table-spanned coding -> -2: na, see H/B/I/JRM161",-2,"na, see H/B/I/JRM161",TRUE,
161,3B,mweightp7,numeric,"table-spanned coding -> -1: na, asked",-1,"na, asked",TRUE,
161,3B,mweightp7,numeric,table-spanned coding -> 1: no,1,no,FALSE,
161,3B,mweightp7,numeric,table-spanned coding -> 2: yes,2,yes,FALSE,
161,I,mweightp7,numeric,"table-spanned coding -> -2: na, see H/B/I/JRM161",-2,"na, see H/B/I/JRM161",TRUE,
161,I,mweightp7,numeric,"table-spanned coding -> -1: na, asked",-1,"na, asked",TRUE,
161,I,mweightp7,numeric,table-spanned coding -> 1: no,1,no,FALSE,
161,I,mweightp7,numeric,table-spanned coding -> 2: yes,2,yes,FALSE,
161,J,mweightp7,numeric,"table-spanned coding -> -2: na, see H/B/I/JRM161",-2,"na, see H/B/I/JRM161",TRUE,
161,J,mweightp7,numeric,"table-spanned coding -> -1: na, asked",-1,"na, asked",TRUE,
161,J,mweightp7,numeric,table-spanned coding -> 1: no,1,no,FALSE,
161,J,mweightp7,numeric,table-spanned coding -> 2: yes,2,yes,FALSE,
161,H,mweightp8,binary,"table-spanned coding -> -2: na, see H/B/I/JRM161",-2,"na, see H/B/I/JRM161",TRUE,
161,H,mweightp8,binary,"table-spanned coding -> -1: na, asked",-1,"na, asked",TRUE,
161,H,mweightp8,binary,table-spanned coding -> 1: no,1,no,FALSE,
161,H,mweightp8,binary,table-spanned coding -> 2: yes,2,yes,FALSE,
161,3B,mweightp8,binary,"table-spanned coding -> -2: na, see H/B/I/JRM161",-2,"na, see H/B/I/JRM161",TRUE,
161,3B,mweightp8,binary,"table-spanned coding -> -1: na, asked",-1,"na, asked",TRUE,
161,3B,mweightp8,binary,table-spanned coding -> 1: no,1,no,FALSE,
161,3B,mweightp8,binary,table-spanned coding -> 2: yes,2,yes,FALSE,
161,I,mweightp8,binary,"table-spanned coding -> -2: na, see H/B/I/JRM161",-2,"na, see H/B/I/JRM161",TRUE,
161,I,mweightp8,binary,"table-spanned coding -> -1: na, asked",-1,"na, asked",TRUE,
161,I,mweightp8,binary,table-spanned coding -> 1: no,1,no,FALSE,
161,I,mweightp8,binary,table-spanned coding -> 2: yes,2,yes,FALSE,
161,J,mweightp8,binary,"table-spanned coding -> -2: na, see H/B/I/JRM161",-2,"na, see H/B/I/JRM161",TRUE,
161,J,mweightp8,binary,"table-spanned coding -> -1: na, asked",-1,"na, asked",TRUE,
161,J,mweightp8,binary,table-spanned coding -> 1: no,1,no,FALSE,
161,J,mweightp8,binary,table-spanned coding -> 2: yes,2,yes,FALSE,
161,H,mweightp9,categorical,"-1: na, asked",-1,"na, asked",TRUE,
161,3B,mweightp9,categorical,"-1: na, asked",-1,"na, asked",TRUE,
161,I,mweightp9,categorical,"-1: na, asked",-1,"na, asked",TRUE,
161,J,mweightp9,categorical,"table-spanned coding -> -2: na, see H/B/I/JRM161",-2,"na, see H/B/I/JRM161",TRUE,
161,J,mweightp9,categorical,"table-spanned coding -> -1: na, asked",-1,"na, asked",TRUE,
161,J,mweightp9,categorical,table-spanned coding -> 1: no,1,no,FALSE,
161,J,mweightp9,categorical,table-spanned coding -> 2: yes,2,yes,FALSE,
161,J,mweightself,numeric,"-3: na, wrong skip",-3,"na, wrong skip",TRUE,
161,J,mweightself,numeric,"-2: na, see JMWEIGHT",-2,"na, see JMWEIGHT",TRUE,
161,J,mweightself,numeric,"-1: na, asked",-1,"na, asked",TRUE,
161,H,mwaist1,numeric,"-2: na, see H/B/I/JRM161",-2,"na, see H/B/I/JRM161",TRUE,
161,3B,mwaist1,numeric,"-2: na, see H/B/I/JRM161",-2,"na, see H/B/I/JRM161",TRUE,
161,I,mwaist1,numeric,"-2: na, see H/B/I/JRM161",-2,"na, see H/B/I/JRM161",TRUE,
161,J,mwaist1,numeric,"-2: na, see H/B/I/JRM161",-2,"na, see H/B/I/JRM161",TRUE,
161,H,mwaist2,numeric,"-1: na, asked",-1,"na, asked",TRUE,
161,3B,mwaist2,numeric,"-1: na, asked",-1,"na, asked",TRUE,
161,I,mwaist2,numeric,"-1: na, asked",-1,"na, asked",TRUE,
161,J,mwaist2,numeric,"-1: na, asked",-1,"na, asked",TRUE,
161,H,mwaistp,categorical,"-2: na, see H/B/I/JRM161",-2,"na, see H/B/I/JRM161",TRUE,
161,H,mwaistp,categorical,"-1: na, asked",-1,"na, asked",TRUE,
161,H,mwaistp,categorical,1: no,1,no,FALSE,
161,H,mwaistp,categorical,2: yes,2,yes,FALSE,
161,3B,mwaistp,categorical,"-2: na, see H/B/I/JRM161",-2,"na, see H/B/I/JRM161",TRUE,
161,3B,mwaistp,categorical,"-1: na, asked",-1,"na, asked",TRUE,
161,3B,mwaistp,categorical,1: no,1,no,FALSE,
161,3B,mwaistp,categorical,2: yes,2,yes,FALSE,
161,I,mwaistp,categorical,"-2: na, see H/B/I/JRM161",-2,"na, see H/B/I/JRM161",TRUE,
161,I,mwaistp,categorical,"-1: na, asked",-1,"na, asked",TRUE,
161,I,mwaistp,categorical,1: no,1,no,FALSE,
161,I,mwaistp,categorical,2: yes,2,yes,FALSE,
161,J,mwaistp,categorical,"-2: na, see H/B/I/JRM161",-2,"na, see H/B/I/JRM161",TRUE,
161,J,mwaistp,categorical,"-1: na, asked",-1,"na, asked",TRUE,
161,J,mwaistp,categorical,1: no,1,no,FALSE,
161,J,mwaistp,categorical,2: yes,2,yes,FALSE,
161,H,mwaistp1,binary,"-2: na, see H/B/I/JMWAISTP",-2,"na, see H/B/I/JMWAISTP",TRUE,
161,H,mwaistp1,binary,"-1: na, asked",-1,"na, asked",TRUE,
161,H,mwaistp1,binary,0: not mentioned,0,not mentioned,FALSE,
161,H,mwaistp1,binary,1: mentioned,1,mentioned,FALSE,
161,3B,mwaistp1,binary,"-2: na, see H/B/I/JMWAISTP",-2,"na, see H/B/I/JMWAISTP",TRUE,
161,3B,mwaistp1,binary,"-1: na, asked",-1,"na, asked",TRUE,
161,3B,mwaistp1,binary,0: not mentioned,0,not mentioned,FALSE,
161,3B,mwaistp1,binary,1: mentioned,1,mentioned,FALSE,
161,I,mwaistp1,binary,"-2: na, see H/B/I/JMWAISTP",-2,"na, see H/B/I/JMWAISTP",TRUE,
161,I,mwaistp1,binary,"-1: na, asked",-1,"na, asked",TRUE,
161,I,mwaistp1,binary,0: not mentioned,0,not mentioned,FALSE,
161,I,mwaistp1,binary,1: mentioned,1,mentioned,FALSE,
161,J,mwaistp1,binary,"-2: na, see H/B/I/JMWAISTP",-2,"na, see H/B/I/JMWAISTP",TRUE,
161,J,mwaistp1,binary,"-1: na, asked",-1,"na, asked",TRUE,
161,J,mwaistp1,binary,0: not mentioned,0,not mentioned,FALSE,
161,J,mwaistp1,binary,1: mentioned,1,mentioned,FALSE,
161,H,mwaistp2,binary,"table-spanned coding -> -2: na, see H/B/I/JRM161",-2,"na, see H/B/I/JRM161",TRUE,
161,H,mwaistp2,binary,"table-spanned coding -> -1: na, asked",-1,"na, asked",TRUE,
161,H,mwaistp2,binary,table-spanned coding -> 1: no,1,no,FALSE,
161,H,mwaistp2,binary,table-spanned coding -> 2: yes,2,yes,FALSE,
161,3B,mwaistp2,binary,"table-spanned coding -> -2: na, see H/B/I/JRM161",-2,"na, see H/B/I/JRM161",TRUE,
161,3B,mwaistp2,binary,"table-spanned coding -> -1: na, asked",-1,"na, asked",TRUE,
161,3B,mwaistp2,binary,table-spanned coding -> 1: no,1,no,FALSE,
161,3B,mwaistp2,binary,table-spanned coding -> 2: yes,2,yes,FALSE,
161,I,mwaistp2,binary,"table-spanned coding -> -2: na, see H/B/I/JRM161",-2,"na, see H/B/I/JRM161",TRUE,
161,I,mwaistp2,binary,"table-spanned coding -> -1: na, asked",-1,"na, asked",TRUE,
161,I,mwaistp2,binary,table-spanned coding -> 1: no,1,no,FALSE,
161,I,mwaistp2,binary,table-spanned coding -> 2: yes,2,yes,FALSE,
161,J,mwaistp2,binary,"table-spanned coding -> -2: na, see H/B/I/JRM161",-2,"na, see H/B/I/JRM161",TRUE,
161,J,mwaistp2,binary,"table-spanned coding -> -1: na, asked",-1,"na, asked",TRUE,
161,J,mwaistp2,binary,table-spanned coding -> 1: no,1,no,FALSE,
161,J,mwaistp2,binary,table-spanned coding -> 2: yes,2,yes,FALSE,
161,H,mwaistp3,binary,"table-spanned coding -> -2: na, see H/B/I/JRM161",-2,"na, see H/B/I/JRM161",TRUE,
161,H,mwaistp3,binary,"table-spanned coding -> -1: na, asked",-1,"na, asked",TRUE,
161,H,mwaistp3,binary,table-spanned coding -> 1: no,1,no,FALSE,
161,H,mwaistp3,binary,table-spanned coding -> 2: yes,2,yes,FALSE,
161,3B,mwaistp3,binary,"table-spanned coding -> -2: na, see H/B/I/JRM161",-2,"na, see H/B/I/JRM161",TRUE,
161,3B,mwaistp3,binary,"table-spanned coding -> -1: na, asked",-1,"na, asked",TRUE,
161,3B,mwaistp3,binary,table-spanned coding -> 1: no,1,no,FALSE,
161,3B,mwaistp3,binary,table-spanned coding -> 2: yes,2,yes,FALSE,
161,I,mwaistp3,binary,"table-spanned coding -> -2: na, see H/B/I/JRM161",-2,"na, see H/B/I/JRM161",TRUE,
161,I,mwaistp3,binary,"table-spanned coding -> -1: na, asked",-1,"na, asked",TRUE,
161,I,mwaistp3,binary,table-spanned coding -> 1: no,1,no,FALSE,
161,I,mwaistp3,binary,table-spanned coding -> 2: yes,2,yes,FALSE,
161,J,mwaistp3,binary,"table-spanned coding -> -2: na, see H/B/I/JRM161",-2,"na, see H/B/I/JRM161",TRUE,
161,J,mwaistp3,binary,"table-spanned coding -> -1: na, asked",-1,"na, asked",TRUE,
161,J,mwaistp3,binary,table-spanned coding -> 1: no,1,no,FALSE,
161,J,mwaistp3,binary,table-spanned coding -> 2: yes,2,yes,FALSE,
161,H,mwaistp4,binary,"table-spanned coding -> -2: na, see H/B/I/JRM161",-2,"na, see H/B/I/JRM161",TRUE,
161,H,mwaistp4,binary,"table-spanned coding -> -1: na, asked",-1,"na, asked",TRUE,
161,H,mwaistp4,binary,table-spanned coding -> 1: no,1,no,FALSE,
161,H,mwaistp4,binary,table-spanned coding -> 2: yes,2,yes,FALSE,
161,3B,mwaistp4,binary,"table-spanned coding -> -2: na, see H/B/I/JRM161",-2,"na, see H/B/I/JRM161",TRUE,
161,3B,mwaistp4,binary,"table-spanned coding -> -1: na, asked",-1,"na, asked",TRUE,
161,3B,mwaistp4,binary,table-spanned coding -> 1: no,1,no,FALSE,
161,3B,mwaistp4,binary,table-spanned coding -> 2: yes,2,yes,FALSE,
161,I,mwaistp4,binary,"table-spanned coding -> -2: na, see H/B/I/JRM161",-2,"na, see H/B/I/JRM161",TRUE,
161,I,mwaistp4,binary,"table-spanned coding -> -1: na, asked",-1,"na, asked",TRUE,
161,I,mwaistp4,binary,table-spanned coding -> 1: no,1,no,FALSE,
161,I,mwaistp4,binary,table-spanned coding -> 2: yes,2,yes,FALSE,
161,J,mwaistp4,binary,"table-spanned coding -> -2: na, see H/B/I/JRM161",-2,"na, see H/B/I/JRM161",TRUE,
161,J,mwaistp4,binary,"table-spanned coding -> -1: na, asked",-1,"na, asked",TRUE,
161,J,mwaistp4,binary,table-spanned coding -> 1: no,1,no,FALSE,
161,J,mwaistp4,binary,table-spanned coding -> 2: yes,2,yes,FALSE,
161,3B,mwaistp5,binary,"table-spanned coding -> -2: na, see H/B/I/JRM161",-2,"na, see H/B/I/JRM161",TRUE,
161,3B,mwaistp5,binary,"table-spanned coding -> -1: na, asked",-1,"na, asked",TRUE,
161,3B,mwaistp5,binary,table-spanned coding -> 1: no,1,no,FALSE,
161,3B,mwaistp5,binary,table-spanned coding -> 2: yes,2,yes,FALSE,
161,I,mwaistp5,binary,"table-spanned coding -> -2: na, see H/B/I/JRM161",-2,"na, see H/B/I/JRM161",TRUE,
161,I,mwaistp5,binary,"table-spanned coding -> -1: na, asked",-1,"na, asked",TRUE,
161,I,mwaistp5,binary,table-spanned coding -> 1: no,1,no,FALSE,
161,I,mwaistp5,binary,table-spanned coding -> 2: yes,2,yes,FALSE,
161,J,mwaistp5,binary,"table-spanned coding -> -2: na, see H/B/I/JRM161",-2,"na, see H/B/I/JRM161",TRUE,
161,J,mwaistp5,binary,"table-spanned coding -> -1: na, asked",-1,"na, asked",TRUE,
161,J,mwaistp5,binary,table-spanned coding -> 1: no,1,no,FALSE,
161,J,mwaistp5,binary,table-spanned coding -> 2: yes,2,yes,FALSE,
161,H,mhip1,numeric,"-2: na, see H/B/I/JRM161",-2,"na, see H/B/I/JRM161",TRUE,
161,3B,mhip1,numeric,"-2: na, see H/B/I/JRM161",-2,"na, see H/B/I/JRM161",TRUE,
161,I,mhip1,numeric,"-2: na, see H/B/I/JRM161",-2,"na, see H/B/I/JRM161",TRUE,
161,J,mhip1,numeric,"-2: na, see H/B/I/JRM161",-2,"na, see H/B/I/JRM161",TRUE,
161,H,mhip2,numeric,"-1: na, asked",-1,"na, asked",TRUE,
161,3B,mhip2,numeric,"-1: na, asked",-1,"na, asked",TRUE,
161,I,mhip2,numeric,"-1: na, asked",-1,"na, asked",TRUE,
161,J,mhip2,numeric,"-1: na, asked",-1,"na, asked",TRUE,
161,H,mhipp,categorical,"-2: na, see H/B/I/JRM161",-2,"na, see H/B/I/JRM161",TRUE,
161,H,mhipp,categorical,"-1: na, asked",-1,"na, asked",TRUE,
161,H,mhipp,categorical,1: no,1,no,FALSE,
161,H,mhipp,categorical,2: yes,2,yes,FALSE,
161,3B,mhipp,categorical,"-2: na, see H/B/I/JRM161",-2,"na, see H/B/I/JRM161",TRUE,
161,3B,mhipp,categorical,"-1: na, asked",-1,"na, asked",TRUE,
161,3B,mhipp,categorical,1: no,1,no,FALSE,
161,3B,mhipp,categorical,2: yes,2,yes,FALSE,
161,I,mhipp,categorical,"-2: na, see H/B/I/JRM161",-2,"na, see H/B/I/JRM161",TRUE,
161,I,mhipp,categorical,"-1: na, asked",-1,"na, asked",TRUE,
161,I,mhipp,categorical,1: no,1,no,FALSE,
161,I,mhipp,categorical,2: yes,2,yes,FALSE,
161,J,mhipp,categorical,"-2: na, see H/B/I/JRM161",-2,"na, see H/B/I/JRM161",TRUE,
161,J,mhipp,categorical,"-1: na, asked",-1,"na, asked",TRUE,
161,J,mhipp,categorical,1: no,1,no,FALSE,
161,J,mhipp,categorical,2: yes,2,yes,FALSE,
161,H,mhipp1,binary,"-2: na, see H/B/I/JMHIPP",-2,"na, see H/B/I/JMHIPP",TRUE,
161,H,mhipp1,binary,"-1: na, asked",-1,"na, asked",TRUE,
161,H,mhipp1,binary,0: not mentioned,0,not mentioned,FALSE,
161,H,mhipp1,binary,1: mentioned,1,mentioned,FALSE,
161,3B,mhipp1,binary,"-2: na, see H/B/I/JMHIPP",-2,"na, see H/B/I/JMHIPP",TRUE,
161,3B,mhipp1,binary,"-1: na, asked",-1,"na, asked",TRUE,
161,3B,mhipp1,binary,0: not mentioned,0,not mentioned,FALSE,
161,3B,mhipp1,binary,1: mentioned,1,mentioned,FALSE,
161,I,mhipp1,binary,"-2: na, see H/B/I/JMHIPP",-2,"na, see H/B/I/JMHIPP",TRUE,
161,I,mhipp1,binary,"-1: na, asked",-1,"na, asked",TRUE,
161,I,mhipp1,binary,0: not mentioned,0,not mentioned,FALSE,
161,I,mhipp1,binary,1: mentioned,1,mentioned,FALSE,
161,J,mhipp1,binary,"-2: na, see H/B/I/JMHIPP",-2,"na, see H/B/I/JMHIPP",TRUE,
161,J,mhipp1,binary,"-1: na, asked",-1,"na, asked",TRUE,
161,J,mhipp1,binary,0: not mentioned,0,not mentioned,FALSE,
161,J,mhipp1,binary,1: mentioned,1,mentioned,FALSE,
161,H,mhipp2,binary,"table-spanned coding -> -2: na, see H/B/I/JRM161",-2,"na, see H/B/I/JRM161",TRUE,
161,H,mhipp2,binary,"table-spanned coding -> -1: na, asked",-1,"na, asked",TRUE,
161,H,mhipp2,binary,table-spanned coding -> 1: no,1,no,FALSE,
161,H,mhipp2,binary,table-spanned coding -> 2: yes,2,yes,FALSE,
161,3B,mhipp2,binary,"table-spanned coding -> -2: na, see H/B/I/JRM161",-2,"na, see H/B/I/JRM161",TRUE,
161,3B,mhipp2,binary,"table-spanned coding -> -1: na, asked",-1,"na, asked",TRUE,
161,3B,mhipp2,binary,table-spanned coding -> 1: no,1,no,FALSE,
161,3B,mhipp2,binary,table-spanned coding -> 2: yes,2,yes,FALSE,
161,I,mhipp2,binary,"table-spanned coding -> -2: na, see H/B/I/JRM161",-2,"na, see H/B/I/JRM161",TRUE,
161,I,mhipp2,binary,"table-spanned coding -> -1: na, asked",-1,"na, asked",TRUE,
161,I,mhipp2,binary,table-spanned coding -> 1: no,1,no,FALSE,
161,I,mhipp2,binary,table-spanned coding -> 2: yes,2,yes,FALSE,
161,J,mhipp2,binary,"table-spanned coding -> -2: na, see H/B/I/JRM161",-2,"na, see H/B/I/JRM161",TRUE,
161,J,mhipp2,binary,"table-spanned coding -> -1: na, asked",-1,"na, asked",TRUE,
161,J,mhipp2,binary,table-spanned coding -> 1: no,1,no,FALSE,
161,J,mhipp2,binary,table-spanned coding -> 2: yes,2,yes,FALSE,
161,H,mhipp3,binary,"table-spanned coding -> -2: na, see H/B/I/JRM161",-2,"na, see H/B/I/JRM161",TRUE,
161,H,mhipp3,binary,"table-spanned coding -> -1: na, asked",-1,"na, asked",TRUE,
161,H,mhipp3,binary,table-spanned coding -> 1: no,1,no,FALSE,
161,H,mhipp3,binary,table-spanned coding -> 2: yes,2,yes,FALSE,
161,3B,mhipp3,binary,"table-spanned coding -> -2: na, see H/B/I/JRM161",-2,"na, see H/B/I/JRM161",TRUE,
161,3B,mhipp3,binary,"table-spanned coding -> -1: na, asked",-1,"na, asked",TRUE,
161,3B,mhipp3,binary,table-spanned coding -> 1: no,1,no,FALSE,
161,3B,mhipp3,binary,table-spanned coding -> 2: yes,2,yes,FALSE,
161,I,mhipp3,binary,"table-spanned coding -> -2: na, see H/B/I/JRM161",-2,"na, see H/B/I/JRM161",TRUE,
161,I,mhipp3,binary,"table-spanned coding -> -1: na, asked",-1,"na, asked",TRUE,
161,I,mhipp3,binary,table-spanned coding -> 1: no,1,no,FALSE,
161,I,mhipp3,binary,table-spanned coding -> 2: yes,2,yes,FALSE,
161,J,mhipp3,binary,"table-spanned coding -> -2: na, see H/B/I/JRM161",-2,"na, see H/B/I/JRM161",TRUE,
161,J,mhipp3,binary,"table-spanned coding -> -1: na, asked",-1,"na, asked",TRUE,
161,J,mhipp3,binary,table-spanned coding -> 1: no,1,no,FALSE,
161,J,mhipp3,binary,table-spanned coding -> 2: yes,2,yes,FALSE,
161,3B,mhipp4,binary,"table-spanned coding -> -2: na, see H/B/I/JRM161",-2,"na, see H/B/I/JRM161",TRUE,
161,3B,mhipp4,binary,"table-spanned coding -> -1: na, asked",-1,"na, asked",TRUE,
161,3B,mhipp4,binary,table-spanned coding -> 1: no,1,no,FALSE,
161,3B,mhipp4,binary,table-spanned coding -> 2: yes,2,yes,FALSE,
161,I,mhipp4,binary,"table-spanned coding -> -2: na, see H/B/I/JRM161",-2,"na, see H/B/I/JRM161",TRUE,
161,I,mhipp4,binary,"table-spanned coding -> -1: na, asked",-1,"na, asked",TRUE,
161,I,mhipp4,binary,table-spanned coding -> 1: no,1,no,FALSE,
161,I,mhipp4,binary,table-spanned coding -> 2: yes,2,yes,FALSE,
161,J,mhipp4,binary,"table-spanned coding -> -2: na, see H/B/I/JRM161",-2,"na, see H/B/I/JRM161",TRUE,
161,J,mhipp4,binary,"table-spanned coding -> -1: na, asked",-1,"na, asked",TRUE,
161,J,mhipp4,binary,table-spanned coding -> 1: no,1,no,FALSE,
161,J,mhipp4,binary,table-spanned coding -> 2: yes,2,yes,FALSE,
161,H,marm1,numeric,"-3: na, wrong skip",-3,"na, wrong skip",TRUE,
161,H,marm1,numeric,"-2: na, see H/B/I/JRM161",-2,"na, see H/B/I/JRM161",TRUE,
161,H,marm1,numeric,"-1: na, asked",-1,"na, asked",TRUE,
161,3B,marm1,numeric,"-3: na, wrong skip",-3,"na, wrong skip",TRUE,
161,3B,marm1,numeric,"-2: na, see H/B/I/JRM161",-2,"na, see H/B/I/JRM161",TRUE,
161,3B,marm1,numeric,"-1: na, asked",-1,"na, asked",TRUE,
161,I,marm1,numeric,"-3: na, wrong skip",-3,"na, wrong skip",TRUE,
161,I,marm1,numeric,"-2: na, see H/B/I/JRM161",-2,"na, see H/B/I/JRM161",TRUE,
161,I,marm1,numeric,"-1: na, asked",-1,"na, asked",TRUE,
161,J,marm1,numeric,"-3: na, wrong skip",-3,"na, wrong skip",TRUE,
161,J,marm1,numeric,"-2: na, see H/B/I/JRM161",-2,"na, see H/B/I/JRM161",TRUE,
161,J,marm1,numeric,"-1: na, asked",-1,"na, asked",TRUE,
161,H,marmp,categorical,"-2: na, see H/B/I/JRM161",-2,"na, see H/B/I/JRM161",TRUE,
161,H,marmp,categorical,"-1: na, asked",-1,"na, asked",TRUE,
161,H,marmp,categorical,1: no,1,no,FALSE,
161,H,marmp,categorical,2: yes,2,yes,FALSE,
161,3B,marmp,categorical,"-2: na, see H/B/I/JRM161",-2,"na, see H/B/I/JRM161",TRUE,
161,3B,marmp,categorical,"-1: na, asked",-1,"na, asked",TRUE,
161,3B,marmp,categorical,1: no,1,no,FALSE,
161,3B,marmp,categorical,2: yes,2,yes,FALSE,
161,I,marmp,categorical,"-2: na, see H/B/I/JRM161",-2,"na, see H/B/I/JRM161",TRUE,
161,I,marmp,categorical,"-1: na, asked",-1,"na, asked",TRUE,
161,I,marmp,categorical,1: no,1,no,FALSE,
161,I,marmp,categorical,2: yes,2,yes,FALSE,
161,J,marmp,categorical,"-2: na, see H/B/I/JRM161",-2,"na, see H/B/I/JRM161",TRUE,
161,J,marmp,categorical,"-1: na, asked",-1,"na, asked",TRUE,
161,J,marmp,categorical,1: no,1,no,FALSE,
161,J,marmp,categorical,2: yes,2,yes,FALSE,
161,H,marmp1,binary,"-2: na, see H/B/I/JMARMP",-2,"na, see H/B/I/JMARMP",TRUE,
161,H,marmp1,binary,"-1: na, asked",-1,"na, asked",TRUE,
161,H,marmp1,binary,0: not mentioned,0,not mentioned,FALSE,
161,H,marmp1,binary,1: mentioned,1,mentioned,FALSE,
161,3B,marmp1,binary,"-2: na, see H/B/I/JMARMP",-2,"na, see H/B/I/JMARMP",TRUE,
161,3B,marmp1,binary,"-1: na, asked",-1,"na, asked",TRUE,
161,3B,marmp1,binary,0: not mentioned,0,not mentioned,FALSE,
161,3B,marmp1,binary,1: mentioned,1,mentioned,FALSE,
161,I,marmp1,binary,"-2: na, see H/B/I/JMARMP",-2,"na, see H/B/I/JMARMP",TRUE,
161,I,marmp1,binary,"-1: na, asked",-1,"na, asked",TRUE,
161,I,marmp1,binary,0: not mentioned,0,not mentioned,FALSE,
161,I,marmp1,binary,1: mentioned,1,mentioned,FALSE,
161,J,marmp1,binary,"-2: na, see H/B/I/JMARMP",-2,"na, see H/B/I/JMARMP",TRUE,
161,J,marmp1,binary,"-1: na, asked",-1,"na, asked",TRUE,
161,J,marmp1,binary,0: not mentioned,0,not mentioned,FALSE,
161,J,marmp1,binary,1: mentioned,1,mentioned,FALSE,
161,H,marmp2,binary,"table-spanned coding -> -2: na, see H/B/I/JRM161",-2,"na, see H/B/I/JRM161",TRUE,
161,H,marmp2,binary,"table-spanned coding -> -1: na, asked",-1,"na, asked",TRUE,
161,H,marmp2,binary,table-spanned coding -> 1: no,1,no,FALSE,
161,H,marmp2,binary,table-spanned coding -> 2: yes,2,yes,FALSE,
161,3B,marmp2,binary,"table-spanned coding -> -2: na, see H/B/I/JRM161",-2,"na, see H/B/I/JRM161",TRUE,
161,3B,marmp2,binary,"table-spanned coding -> -1: na, asked",-1,"na, asked",TRUE,
161,3B,marmp2,binary,table-spanned coding -> 1: no,1,no,FALSE,
161,3B,marmp2,binary,table-spanned coding -> 2: yes,2,yes,FALSE,
161,I,marmp2,binary,"table-spanned coding -> -2: na, see H/B/I/JRM161",-2,"na, see H/B/I/JRM161",TRUE,
161,I,marmp2,binary,"table-spanned coding -> -1: na, asked",-1,"na, asked",TRUE,
161,I,marmp2,binary,table-spanned coding -> 1: no,1,no,FALSE,
161,I,marmp2,binary,table-spanned coding -> 2: yes,2,yes,FALSE,
161,J,marmp2,binary,"table-spanned coding -> -2: na, see H/B/I/JRM161",-2,"na, see H/B/I/JRM161",TRUE,
161,J,marmp2,binary,"table-spanned coding -> -1: na, asked",-1,"na, asked",TRUE,
161,J,marmp2,binary,table-spanned coding -> 1: no,1,no,FALSE,
161,J,marmp2,binary,table-spanned coding -> 2: yes,2,yes,FALSE,
161,H,marmp3,binary,"table-spanned coding -> -2: na, see H/B/I/JRM161",-2,"na, see H/B/I/JRM161",TRUE,
161,H,marmp3,binary,"table-spanned coding -> -1: na, asked",-1,"na, asked",TRUE,
161,H,marmp3,binary,table-spanned coding -> 1: no,1,no,FALSE,
161,H,marmp3,binary,table-spanned coding -> 2: yes,2,yes,FALSE,
161,3B,marmp3,binary,"table-spanned coding -> -2: na, see H/B/I/JRM161",-2,"na, see H/B/I/JRM161",TRUE,
161,3B,marmp3,binary,"table-spanned coding -> -1: na, asked",-1,"na, asked",TRUE,
161,3B,marmp3,binary,table-spanned coding -> 1: no,1,no,FALSE,
161,3B,marmp3,binary,table-spanned coding -> 2: yes,2,yes,FALSE,
161,I,marmp3,binary,"table-spanned coding -> -2: na, see H/B/I/JRM161",-2,"na, see H/B/I/JRM161",TRUE,
161,I,marmp3,binary,"table-spanned coding -> -1: na, asked",-1,"na, asked",TRUE,
161,I,marmp3,binary,table-spanned coding -> 1: no,1,no,FALSE,
161,I,marmp3,binary,table-spanned coding -> 2: yes,2,yes,FALSE,
161,J,marmp3,binary,"table-spanned coding -> -2: na, see H/B/I/JRM161",-2,"na, see H/B/I/JRM161",TRUE,
161,J,marmp3,binary,"table-spanned coding -> -1: na, asked",-1,"na, asked",TRUE,
161,J,marmp3,binary,table-spanned coding -> 1: no,1,no,FALSE,
161,J,marmp3,binary,table-spanned coding -> 2: yes,2,yes,FALSE,
161,H,marmp4,binary,"table-spanned coding -> -2: na, see H/B/I/JRM161",-2,"na, see H/B/I/JRM161",TRUE,
161,H,marmp4,binary,"table-spanned coding -> -1: na, asked",-1,"na, asked",TRUE,
161,H,marmp4,binary,table-spanned coding -> 1: no,1,no,FALSE,
161,H,marmp4,binary,table-spanned coding -> 2: yes,2,yes,FALSE,
161,3B,marmp4,binary,"table-spanned coding -> -2: na, see H/B/I/JRM161",-2,"na, see H/B/I/JRM161",TRUE,
161,3B,marmp4,binary,"table-spanned coding -> -1: na, asked",-1,"na, asked",TRUE,
161,3B,marmp4,binary,table-spanned coding -> 1: no,1,no,FALSE,
161,3B,marmp4,binary,table-spanned coding -> 2: yes,2,yes,FALSE,
161,I,marmp4,binary,"table-spanned coding -> -2: na, see H/B/I/JRM161",-2,"na, see H/B/I/JRM161",TRUE,
161,I,marmp4,binary,"table-spanned coding -> -1: na, asked",-1,"na, asked",TRUE,
161,I,marmp4,binary,table-spanned coding -> 1: no,1,no,FALSE,
161,I,marmp4,binary,table-spanned coding -> 2: yes,2,yes,FALSE,
161,J,marmp4,binary,"table-spanned coding -> -2: na, see H/B/I/JRM161",-2,"na, see H/B/I/JRM161",TRUE,
161,J,marmp4,binary,"table-spanned coding -> -1: na, asked",-1,"na, asked",TRUE,
161,J,marmp4,binary,table-spanned coding -> 1: no,1,no,FALSE,
161,J,marmp4,binary,table-spanned coding -> 2: yes,2,yes,FALSE,
161,H,marmp5,binary,"table-spanned coding -> -2: na, see H/B/I/JRM161",-2,"na, see H/B/I/JRM161",TRUE,
161,H,marmp5,binary,"table-spanned coding -> -1: na, asked",-1,"na, asked",TRUE,
161,H,marmp5,binary,table-spanned coding -> 1: no,1,no,FALSE,
161,H,marmp5,binary,table-spanned coding -> 2: yes,2,yes,FALSE,
161,3B,marmp5,binary,"table-spanned coding -> -2: na, see H/B/I/JRM161",-2,"na, see H/B/I/JRM161",TRUE,
161,3B,marmp5,binary,"table-spanned coding -> -1: na, asked",-1,"na, asked",TRUE,
161,3B,marmp5,binary,table-spanned coding -> 1: no,1,no,FALSE,
161,3B,marmp5,binary,table-spanned coding -> 2: yes,2,yes,FALSE,
161,I,marmp5,binary,"table-spanned coding -> -2: na, see H/B/I/JRM161",-2,"na, see H/B/I/JRM161",TRUE,
161,I,marmp5,binary,"table-spanned coding -> -1: na, asked",-1,"na, asked",TRUE,
161,I,marmp5,binary,table-spanned coding -> 1: no,1,no,FALSE,
161,I,marmp5,binary,table-spanned coding -> 2: yes,2,yes,FALSE,
161,J,marmp5,binary,"table-spanned coding -> -2: na, see H/B/I/JRM161",-2,"na, see H/B/I/JRM161",TRUE,
161,J,marmp5,binary,"table-spanned coding -> -1: na, asked",-1,"na, asked",TRUE,
161,J,marmp5,binary,table-spanned coding -> 1: no,1,no,FALSE,
161,J,marmp5,binary,table-spanned coding -> 2: yes,2,yes,FALSE,
161,I,mcalf01,numeric,"-3: na, wrong skip",-3,"na, wrong skip",TRUE,
161,I,mcalf01,numeric,"-2: na, see I/JRM161",-2,"na, see I/JRM161",TRUE,
161,I,mcalf01,numeric,"-1: na, asked",-1,"na, asked",TRUE,
161,J,mcalf01,numeric,"-3: na, wrong skip",-3,"na, wrong skip",TRUE,
161,J,mcalf01,numeric,"-2: na, see I/JRM161",-2,"na, see I/JRM161",TRUE,
161,J,mcalf01,numeric,"-1: na, asked",-1,"na, asked",TRUE,
161,I,mcalf02,binary,"-1: na, asked",-1,"na, asked",TRUE,
161,I,mcalf02,binary,1: no,1,no,FALSE,
161,I,mcalf02,binary,2: yes,2,yes,FALSE,
161,J,mcalf02,binary,"-1: na, asked",-1,"na, asked",TRUE,
161,J,mcalf02,binary,1: no,1,no,FALSE,
161,J,mcalf02,binary,2: yes,2,yes,FALSE,
161,I,mcalf12,binary,"-1: na, asked",-1,"na, asked",TRUE,
161,I,mcalf12,binary,0: not mentioned,0,not mentioned,FALSE,
161,I,mcalf12,binary,1: mentioned,1,mentioned,FALSE,
161,J,mcalf12,binary,"-1: na, asked",-1,"na, asked",TRUE,
161,J,mcalf12,binary,0: not mentioned,0,not mentioned,FALSE,
161,J,mcalf12,binary,1: mentioned,1,mentioned,FALSE,
161,I,mcalf13,binary,"table-spanned coding -> -1: na, asked",-1,"na, asked",TRUE,
161,I,mcalf13,binary,table-spanned coding -> 0: not mentioned,0,not mentioned,FALSE,
161,I,mcalf13,binary,table-spanned coding -> 1: mentioned,1,mentioned,FALSE,
161,J,mcalf13,binary,"table-spanned coding -> -1: na, asked",-1,"na, asked",TRUE,
161,J,mcalf13,binary,table-spanned coding -> 0: not mentioned,0,not mentioned,FALSE,
161,J,mcalf13,binary,table-spanned coding -> 1: mentioned,1,mentioned,FALSE,
161,I,mcalf04,binary,"table-spanned coding -> -1: na, asked",-1,"na, asked",TRUE,
161,I,mcalf04,binary,table-spanned coding -> 0: not mentioned,0,not mentioned,FALSE,
161,I,mcalf04,binary,table-spanned coding -> 1: mentioned,1,mentioned,FALSE,
161,J,mcalf04,binary,"table-spanned coding -> -1: na, asked",-1,"na, asked",TRUE,
161,J,mcalf04,binary,table-spanned coding -> 0: not mentioned,0,not mentioned,FALSE,
161,J,mcalf04,binary,table-spanned coding -> 1: mentioned,1,mentioned,FALSE,
161,I,mcalf06,binary,"table-spanned coding -> -1: na, asked",-1,"na, asked",TRUE,
161,I,mcalf06,binary,table-spanned coding -> 0: not mentioned,0,not mentioned,FALSE,
161,I,mcalf06,binary,table-spanned coding -> 1: mentioned,1,mentioned,FALSE,
161,J,mcalf06,binary,"table-spanned coding -> -1: na, asked",-1,"na, asked",TRUE,
161,J,mcalf06,binary,table-spanned coding -> 0: not mentioned,0,not mentioned,FALSE,
161,J,mcalf06,binary,table-spanned coding -> 1: mentioned,1,mentioned,FALSE,
161,I,mcalf03,binary,"table-spanned coding -> -1: na, asked",-1,"na, asked",TRUE,
161,I,mcalf03,binary,table-spanned coding -> 0: not mentioned,0,not mentioned,FALSE,
161,I,mcalf03,binary,table-spanned coding -> 1: mentioned,1,mentioned,FALSE,
161,J,mcalf03,binary,"table-spanned coding -> -1: na, asked",-1,"na, asked",TRUE,
161,J,mcalf03,binary,table-spanned coding -> 0: not mentioned,0,not mentioned,FALSE,
161,J,mcalf03,binary,table-spanned coding -> 1: mentioned,1,mentioned,FALSE,
161,H,mgripr1,numeric,"-2: na, see H/B/I/JRM161",-2,"na, see H/B/I/JRM161",TRUE,
161,3B,mgripr1,numeric,"-2: na, see H/B/I/JRM161",-2,"na, see H/B/I/JRM161",TRUE,
161,I,mgripr1,numeric,"-2: na, see H/B/I/JRM161",-2,"na, see H/B/I/JRM161",TRUE,
161,J,mgripr1,numeric,"-2: na, see H/B/I/JRM161",-2,"na, see H/B/I/JRM161",TRUE,
161,H,mgripr2,numeric,"-1: na, asked",-1,"na, asked",TRUE,
161,3B,mgripr2,numeric,"-1: na, asked",-1,"na, asked",TRUE,
161,I,mgripr2,numeric,"-1: na, asked",-1,"na, asked",TRUE,
161,J,mgripr2,numeric,"-1: na, asked",-1,"na, asked",TRUE,
161,H,mgriprp1,binary,"-3: na, wrong skip",-3,"na, wrong skip",TRUE,
161,H,mgriprp1,binary,"-2: na, see H/B/I/JRM161",-2,"na, see H/B/I/JRM161",TRUE,
161,H,mgriprp1,binary,"-1: na, asked",-1,"na, asked",TRUE,
161,H,mgriprp1,binary,0: not mentioned,0,not mentioned,FALSE,
161,H,mgriprp1,binary,1: mentioned,1,mentioned,FALSE,
161,3B,mgriprp1,binary,"-3: na, wrong skip",-3,"na, wrong skip",TRUE,
161,3B,mgriprp1,binary,"-2: na, see H/B/I/JRM161",-2,"na, see H/B/I/JRM161",TRUE,
161,3B,mgriprp1,binary,"-1: na, asked",-1,"na, asked",TRUE,
161,3B,mgriprp1,binary,0: not mentioned,0,not mentioned,FALSE,
161,3B,mgriprp1,binary,1: mentioned,1,mentioned,FALSE,
161,I,mgriprp1,binary,"-3: na, wrong skip",-3,"na, wrong skip",TRUE,
161,I,mgriprp1,binary,"-2: na, see H/B/I/JRM161",-2,"na, see H/B/I/JRM161",TRUE,
161,I,mgriprp1,binary,"-1: na, asked",-1,"na, asked",TRUE,
161,I,mgriprp1,binary,0: not mentioned,0,not mentioned,FALSE,
161,I,mgriprp1,binary,1: mentioned,1,mentioned,FALSE,
161,J,mgriprp1,binary,"-3: na, wrong skip",-3,"na, wrong skip",TRUE,
161,J,mgriprp1,binary,"-2: na, see H/B/I/JRM161",-2,"na, see H/B/I/JRM161",TRUE,
161,J,mgriprp1,binary,"-1: na, asked",-1,"na, asked",TRUE,
161,J,mgriprp1,binary,0: not mentioned,0,not mentioned,FALSE,
161,J,mgriprp1,binary,1: mentioned,1,mentioned,FALSE,
161,H,mgriprp2,binary,"-3: na, wrong skip",-3,"na, wrong skip",TRUE,
161,H,mgriprp2,binary,"-2: na, see H/B/I/JMGRIPRP1",-2,"na, see H/B/I/JMGRIPRP1",TRUE,
161,H,mgriprp2,binary,"-1: na, asked",-1,"na, asked",TRUE,
161,H,mgriprp2,binary,0: not mentioned,0,not mentioned,FALSE,
161,H,mgriprp2,binary,1: mentioned,1,mentioned,FALSE,
161,3B,mgriprp2,binary,"-3: na, wrong skip",-3,"na, wrong skip",TRUE,
161,3B,mgriprp2,binary,"-2: na, see H/B/I/JMGRIPRP1",-2,"na, see H/B/I/JMGRIPRP1",TRUE,
161,3B,mgriprp2,binary,"-1: na, asked",-1,"na, asked",TRUE,
161,3B,mgriprp2,binary,0: not mentioned,0,not mentioned,FALSE,
161,3B,mgriprp2,binary,1: mentioned,1,mentioned,FALSE,
161,I,mgriprp2,binary,"-3: na, wrong skip",-3,"na, wrong skip",TRUE,
161,I,mgriprp2,binary,"-2: na, see H/B/I/JMGRIPRP1",-2,"na, see H/B/I/JMGRIPRP1",TRUE,
161,I,mgriprp2,binary,"-1: na, asked",-1,"na, asked",TRUE,
161,I,mgriprp2,binary,0: not mentioned,0,not mentioned,FALSE,
161,I,mgriprp2,binary,1: mentioned,1,mentioned,FALSE,
161,J,mgriprp2,binary,"-3: na, wrong skip",-3,"na, wrong skip",TRUE,
161,J,mgriprp2,binary,"-2: na, see H/B/I/JMGRIPRP1",-2,"na, see H/B/I/JMGRIPRP1",TRUE,
161,J,mgriprp2,binary,"-1: na, asked",-1,"na, asked",TRUE,
161,J,mgriprp2,binary,0: not mentioned,0,not mentioned,FALSE,
161,J,mgriprp2,binary,1: mentioned,1,mentioned,FALSE,
161,H,mgriprp3,numeric,"table-spanned coding -> -3: na, wrong skip",-3,"na, wrong skip",TRUE,
161,H,mgriprp3,numeric,"table-spanned coding -> -2: na, see H/B/I/JRM161",-2,"na, see H/B/I/JRM161",TRUE,
161,H,mgriprp3,numeric,"table-spanned coding -> -1: na, asked",-1,"na, asked",TRUE,
161,H,mgriprp3,numeric,table-spanned coding -> 0: not mentioned,0,not mentioned,FALSE,
161,H,mgriprp3,numeric,table-spanned coding -> 1: mentioned,1,mentioned,FALSE,
161,3B,mgriprp3,numeric,"table-spanned coding -> -3: na, wrong skip",-3,"na, wrong skip",TRUE,
161,3B,mgriprp3,numeric,"table-spanned coding -> -2: na, see H/B/I/JRM161",-2,"na, see H/B/I/JRM161",TRUE,
161,3B,mgriprp3,numeric,"table-spanned coding -> -1: na, asked",-1,"na, asked",TRUE,
161,3B,mgriprp3,numeric,table-spanned coding -> 0: not mentioned,0,not mentioned,FALSE,
161,3B,mgriprp3,numeric,table-spanned coding -> 1: mentioned,1,mentioned,FALSE,
161,I,mgriprp3,numeric,"table-spanned coding -> -3: na, wrong skip",-3,"na, wrong skip",TRUE,
161,I,mgriprp3,numeric,"table-spanned coding -> -2: na, see H/B/I/JRM161",-2,"na, see H/B/I/JRM161",TRUE,
161,I,mgriprp3,numeric,"table-spanned coding -> -1: na, asked",-1,"na, asked",TRUE,
161,I,mgriprp3,numeric,table-spanned coding -> 0: not mentioned,0,not mentioned,FALSE,
161,I,mgriprp3,numeric,table-spanned coding -> 1: mentioned,1,mentioned,FALSE,
161,J,mgriprp3,numeric,"table-spanned coding -> -3: na, wrong skip",-3,"na, wrong skip",TRUE,
161,J,mgriprp3,numeric,"table-spanned coding -> -2: na, see H/B/I/JRM161",-2,"na, see H/B/I/JRM161",TRUE,
161,J,mgriprp3,numeric,"table-spanned coding -> -1: na, asked",-1,"na, asked",TRUE,
161,J,mgriprp3,numeric,table-spanned coding -> 0: not mentioned,0,not mentioned,FALSE,
161,J,mgriprp3,numeric,table-spanned coding -> 1: mentioned,1,mentioned,FALSE,
161,H,mgriprp4,numeric,"table-spanned coding -> -3: na, wrong skip",-3,"na, wrong skip",TRUE,
161,H,mgriprp4,numeric,"table-spanned coding -> -2: na, see H/B/I/JRM161",-2,"na, see H/B/I/JRM161",TRUE,
161,H,mgriprp4,numeric,"table-spanned coding -> -1: na, asked",-1,"na, asked",TRUE,
161,H,mgriprp4,numeric,table-spanned coding -> 0: not mentioned,0,not mentioned,FALSE,
161,H,mgriprp4,numeric,table-spanned coding -> 1: mentioned,1,mentioned,FALSE,
161,3B,mgriprp4,numeric,"table-spanned coding -> -3: na, wrong skip",-3,"na, wrong skip",TRUE,
161,3B,mgriprp4,numeric,"table-spanned coding -> -2: na, see H/B/I/JRM161",-2,"na, see H/B/I/JRM161",TRUE,
161,3B,mgriprp4,numeric,"table-spanned coding -> -1: na, asked",-1,"na, asked",TRUE,
161,3B,mgriprp4,numeric,table-spanned coding -> 0: not mentioned,0,not mentioned,FALSE,
161,3B,mgriprp4,numeric,table-spanned coding -> 1: mentioned,1,mentioned,FALSE,
161,I,mgriprp4,numeric,"table-spanned coding -> -3: na, wrong skip",-3,"na, wrong skip",TRUE,
161,I,mgriprp4,numeric,"table-spanned coding -> -2: na, see H/B/I/JRM161",-2,"na, see H/B/I/JRM161",TRUE,
161,I,mgriprp4,numeric,"table-spanned coding -> -1: na, asked",-1,"na, asked",TRUE,
161,I,mgriprp4,numeric,table-spanned coding -> 0: not mentioned,0,not mentioned,FALSE,
161,I,mgriprp4,numeric,table-spanned coding -> 1: mentioned,1,mentioned,FALSE,
161,J,mgriprp4,numeric,"table-spanned coding -> -3: na, wrong skip",-3,"na, wrong skip",TRUE,
161,J,mgriprp4,numeric,"table-spanned coding -> -2: na, see H/B/I/JRM161",-2,"na, see H/B/I/JRM161",TRUE,
161,J,mgriprp4,numeric,"table-spanned coding -> -1: na, asked",-1,"na, asked",TRUE,
161,J,mgriprp4,numeric,table-spanned coding -> 0: not mentioned,0,not mentioned,FALSE,
161,J,mgriprp4,numeric,table-spanned coding -> 1: mentioned,1,mentioned,FALSE,
161,H,mgripl1,numeric,"-2: na, see H/B/I/JRM161",-2,"na, see H/B/I/JRM161",TRUE,
161,H,mgripl1,numeric,"-1: na, asked",-1,"na, asked",TRUE,
161,3B,mgripl1,numeric,"-2: na, see H/B/I/JRM161",-2,"na, see H/B/I/JRM161",TRUE,
161,3B,mgripl1,numeric,"-1: na, asked",-1,"na, asked",TRUE,
161,I,mgripl1,numeric,"-2: na, see H/B/I/JRM161",-2,"na, see H/B/I/JRM161",TRUE,
161,I,mgripl1,numeric,"-1: na, asked",-1,"na, asked",TRUE,
161,J,mgripl1,numeric,"-2: na, see H/B/I/JRM161",-2,"na, see H/B/I/JRM161",TRUE,
161,J,mgripl1,numeric,"-1: na, asked",-1,"na, asked",TRUE,
161,H,mgripl2,numeric,,,,,
161,3B,mgripl2,numeric,,,,,
161,I,mgripl2,numeric,,,,,
161,J,mgripl2,numeric,,,,,
161,H,mgriplp1,binary,"-3: na, wrong skip",-3,"na, wrong skip",TRUE,
161,H,mgriplp1,binary,"-2: na, see H/B/I/JRM161",-2,"na, see H/B/I/JRM161",TRUE,
161,H,mgriplp1,binary,"-1: na, asked",-1,"na, asked",TRUE,
161,H,mgriplp1,binary,0: not mentioned,0,not mentioned,FALSE,
161,H,mgriplp1,binary,1: mentioned,1,mentioned,FALSE,
161,3B,mgriplp1,binary,"-3: na, wrong skip",-3,"na, wrong skip",TRUE,
161,3B,mgriplp1,binary,"-2: na, see H/B/I/JRM161",-2,"na, see H/B/I/JRM161",TRUE,
161,3B,mgriplp1,binary,"-1: na, asked",-1,"na, asked",TRUE,
161,3B,mgriplp1,binary,0: not mentioned,0,not mentioned,FALSE,
161,3B,mgriplp1,binary,1: mentioned,1,mentioned,FALSE,
161,I,mgriplp1,binary,"-3: na, wrong skip",-3,"na, wrong skip",TRUE,
161,I,mgriplp1,binary,"-2: na, see H/B/I/JRM161",-2,"na, see H/B/I/JRM161",TRUE,
161,I,mgriplp1,binary,"-1: na, asked",-1,"na, asked",TRUE,
161,I,mgriplp1,binary,0: not mentioned,0,not mentioned,FALSE,
161,I,mgriplp1,binary,1: mentioned,1,mentioned,FALSE,
161,J,mgriplp1,binary,"-3: na, wrong skip",-3,"na, wrong skip",TRUE,
161,J,mgriplp1,binary,"-2: na, see H/B/I/JRM161",-2,"na, see H/B/I/JRM161",TRUE,
161,J,mgriplp1,binary,"-1: na, asked",-1,"na, asked",TRUE,
161,J,mgriplp1,binary,0: not mentioned,0,not mentioned,FALSE,
161,J,mgriplp1,binary,1: mentioned,1,mentioned,FALSE,
161,H,mgriplp2,binary,"-3: na, wrong skip",-3,"na, wrong skip",TRUE,
161,H,mgriplp2,binary,"-2: na, see H/B/I/JMGRIPLP1",-2,"na, see H/B/I/JMGRIPLP1",TRUE,
161,H,mgriplp2,binary,"-1: na, asked",-1,"na, asked",TRUE,
161,H,mgriplp2,binary,0: not mentioned,0,not mentioned,FALSE,
161,H,mgriplp2,binary,1: mentioned,1,mentioned,FALSE,
161,3B,mgriplp2,binary,"-3: na, wrong skip",-3,"na, wrong skip",TRUE,
161,3B,mgriplp2,binary,"-2: na, see H/B/I/JMGRIPLP1",-2,"na, see H/B/I/JMGRIPLP1",TRUE,
161,3B,mgriplp2,binary,"-1: na, asked",-1,"na, asked",TRUE,
161,3B,mgriplp2,binary,0: not mentioned,0,not mentioned,FALSE,
161,3B,mgriplp2,binary,1: mentioned,1,mentioned,FALSE,
161,I,mgriplp2,binary,"-3: na, wrong skip",-3,"na, wrong skip",TRUE,
161,I,mgriplp2,binary,"-2: na, see H/B/I/JMGRIPLP1",-2,"na, see H/B/I/JMGRIPLP1",TRUE,
161,I,mgriplp2,binary,"-1: na, asked",-1,"na, asked",TRUE,
161,I,mgriplp2,binary,0: not mentioned,0,not mentioned,FALSE,
161,I,mgriplp2,binary,1: mentioned,1,mentioned,FALSE,
161,J,mgriplp2,binary,"-3: na, wrong skip",-3,"na, wrong skip",TRUE,
161,J,mgriplp2,binary,"-2: na, see H/B/I/JMGRIPLP1",-2,"na, see H/B/I/JMGRIPLP1",TRUE,
161,J,mgriplp2,binary,"-1: na, asked",-1,"na, asked",TRUE,
161,J,mgriplp2,binary,0: not mentioned,0,not mentioned,FALSE,
161,J,mgriplp2,binary,1: mentioned,1,mentioned,FALSE,
161,H,mgriplp3,numeric,"table-spanned coding -> -3: na, wrong skip",-3,"na, wrong skip",TRUE,
161,H,mgriplp3,numeric,"table-spanned coding -> -2: na, see H/B/I/JRM161",-2,"na, see H/B/I/JRM161",TRUE,
161,H,mgriplp3,numeric,"table-spanned coding -> -1: na, asked",-1,"na, asked",TRUE,
161,H,mgriplp3,numeric,table-spanned coding -> 0: not mentioned,0,not mentioned,FALSE,
161,H,mgriplp3,numeric,table-spanned coding -> 1: mentioned,1,mentioned,FALSE,
161,3B,mgriplp3,numeric,"table-spanned coding -> -3: na, wrong skip",-3,"na, wrong skip",TRUE,
161,3B,mgriplp3,numeric,"table-spanned coding -> -2: na, see H/B/I/JRM161",-2,"na, see H/B/I/JRM161",TRUE,
161,3B,mgriplp3,numeric,"table-spanned coding -> -1: na, asked",-1,"na, asked",TRUE,
161,3B,mgriplp3,numeric,table-spanned coding -> 0: not mentioned,0,not mentioned,FALSE,
161,3B,mgriplp3,numeric,table-spanned coding -> 1: mentioned,1,mentioned,FALSE,
161,I,mgriplp3,numeric,"table-spanned coding -> -3: na, wrong skip",-3,"na, wrong skip",TRUE,
161,I,mgriplp3,numeric,"table-spanned coding -> -2: na, see H/B/I/JRM161",-2,"na, see H/B/I/JRM161",TRUE,
161,I,mgriplp3,numeric,"table-spanned coding -> -1: na, asked",-1,"na, asked",TRUE,
161,I,mgriplp3,numeric,table-spanned coding -> 0: not mentioned,0,not mentioned,FALSE,
161,I,mgriplp3,numeric,table-spanned coding -> 1: mentioned,1,mentioned,FALSE,
161,J,mgriplp3,numeric,"table-spanned coding -> -3: na, wrong skip",-3,"na, wrong skip",TRUE,
161,J,mgriplp3,numeric,"table-spanned coding -> -2: na, see H/B/I/JRM161",-2,"na, see H/B/I/JRM161",TRUE,
161,J,mgriplp3,numeric,"table-spanned coding -> -1: na, asked",-1,"na, asked",TRUE,
161,J,mgriplp3,numeric,table-spanned coding -> 0: not mentioned,0,not mentioned,FALSE,
161,J,mgriplp3,numeric,table-spanned coding -> 1: mentioned,1,mentioned,FALSE,
161,H,mgriplp4,numeric,"table-spanned coding -> -3: na, wrong skip",-3,"na, wrong skip",TRUE,
161,H,mgriplp4,numeric,"table-spanned coding -> -2: na, see H/B/I/JRM161",-2,"na, see H/B/I/JRM161",TRUE,
161,H,mgriplp4,numeric,"table-spanned coding -> -1: na, asked",-1,"na, asked",TRUE,
161,H,mgriplp4,numeric,table-spanned coding -> 0: not mentioned,0,not mentioned,FALSE,
161,H,mgriplp4,numeric,table-spanned coding -> 1: mentioned,1,mentioned,FALSE,
161,3B,mgriplp4,numeric,"table-spanned coding -> -3: na, wrong skip",-3,"na, wrong skip",TRUE,
161,3B,mgriplp4,numeric,"table-spanned coding -> -2: na, see H/B/I/JRM161",-2,"na, see H/B/I/JRM161",TRUE,
161,3B,mgriplp4,numeric,"table-spanned coding -> -1: na, asked",-1,"na, asked",TRUE,
161,3B,mgriplp4,numeric,table-spanned coding -> 0: not mentioned,0,not mentioned,FALSE,
161,3B,mgriplp4,numeric,table-spanned coding -> 1: mentioned,1,mentioned,FALSE,
161,I,mgriplp4,numeric,"table-spanned coding -> -3: na, wrong skip",-3,"na, wrong skip",TRUE,
161,I,mgriplp4,numeric,"table-spanned coding -> -2: na, see H/B/I/JRM161",-2,"na, see H/B/I/JRM161",TRUE,
161,I,mgriplp4,numeric,"table-spanned coding -> -1: na, asked",-1,"na, asked",TRUE,
161,I,mgriplp4,numeric,table-spanned coding -> 0: not mentioned,0,not mentioned,FALSE,
161,I,mgriplp4,numeric,table-spanned coding -> 1: mentioned,1,mentioned,FALSE,
161,J,mgriplp4,numeric,"table-spanned coding -> -3: na, wrong skip",-3,"na, wrong skip",TRUE,
161,J,mgriplp4,numeric,"table-spanned coding -> -2: na, see H/B/I/JRM161",-2,"na, see H/B/I/JRM161",TRUE,
161,J,mgriplp4,numeric,"table-spanned coding -> -1: na, asked",-1,"na, asked",TRUE,
161,J,mgriplp4,numeric,table-spanned coding -> 0: not mentioned,0,not mentioned,FALSE,
161,J,mgriplp4,numeric,table-spanned coding -> 1: mentioned,1,mentioned,FALSE,
161,3B,mmiwp,binary,"-2: na, see BRM161",-2,"na, see BRM161",TRUE,
161,3B,mmiwp,binary,"-1: na, asked",-1,"na, asked",TRUE,
161,3B,mmiwp,binary,1: no,1,no,FALSE,
161,3B,mmiwp,binary,2: yes,2,yes,FALSE,
161,I,mmiwp,binary,"-2: na, see I/JRM161",-2,"na, see I/JRM161",TRUE,
161,I,mmiwp,binary,"-1: na, asked",-1,"na, asked",TRUE,
161,I,mmiwp,binary,1: yes,1,yes,FALSE,
161,I,mmiwp,binary,2: no,2,no,FALSE,
161,J,mmiwp,binary,"-2: na, see I/JRM161",-2,"na, see I/JRM161",TRUE,
161,J,mmiwp,binary,"-1: na, asked",-1,"na, asked",TRUE,
161,J,mmiwp,binary,1: yes,1,yes,FALSE,
161,J,mmiwp,binary,2: no,2,no,FALSE,
161,H,rm161,numeric,-2: valid data,-2,valid data,TRUE,
161,H,rm161,numeric,1: short interview,1,short interview,FALSE,
161,H,rm161,numeric,2: interview terminated,2,interview terminated,FALSE,
161,3B,rm161,numeric,-2: valid data,-2,valid data,TRUE,
161,3B,rm161,numeric,1: short interview,1,short interview,FALSE,
161,3B,rm161,numeric,2: interview terminated,2,interview terminated,FALSE,
161,I,rm161,numeric,-2: valid data,-2,valid data,TRUE,
161,I,rm161,numeric,1: short interview,1,short interview,FALSE,
161,I,rm161,numeric,2: interview terminated,2,interview terminated,FALSE,
161,J,rm161,numeric,-2: valid data,-2,valid data,TRUE,
161,J,rm161,numeric,1: short interview,1,short interview,FALSE,
161,J,rm161,numeric,2: interview terminated,2,interview terminated,FALSE,
161,F,mweight,numeric,,,,,
161,F,mwaist1,numeric,,,,,
161,H,mweightself,numeric,"-2: na, see H/B/IMWEIGHT/ routing",-2,"na, see H/B/IMWEIGHT/ routing",TRUE,
161,H,mweightself,numeric,"-1: na, asked",-1,"na, asked",TRUE,
161,3B,mweightself,numeric,"-2: na, see H/B/IMWEIGHT/ routing",-2,"na, see H/B/IMWEIGHT/ routing",TRUE,
161,3B,mweightself,numeric,"-1: na, asked",-1,"na, asked",TRUE,
161,I,mweightself,numeric,"-2: na, see H/B/IMWEIGHT/ routing",-2,"na, see H/B/IMWEIGHT/ routing",TRUE,
161,I,mweightself,numeric,"-1: na, asked",-1,"na, asked",TRUE,
161,Z,marm1,numeric,"-3: no measurement / na, wrong skip",-3,"no measurement / na, wrong skip",TRUE,"Cross-wave coding conflict: -3 differs for B (no measurement), C/D/H/3B/I/J (na, wrong skip)"
161,Z,marm1,numeric,"-2: na, see C/DRM161",-2,"na, see C/DRM161",TRUE,
161,Z,marm1,numeric,"-1: no valid data / na, asked",-1,"no valid data / na, asked",TRUE,"Cross-wave coding conflict: -1 differs for C/D (no valid data), H/3B/I/J (na, asked)"
161,Z,marm2,numeric,-1: no valid data,-1,no valid data,TRUE,
161,Z,marmp,categorical,"-3: no measurement / na, wrong skip",-3,"no measurement / na, wrong skip",TRUE,"Cross-wave coding conflict: -3 differs for B (no measurement), C/D (na, wrong skip)"
161,Z,marmp,categorical,"-2: no answer, skipped / na, see C/DRM161",-2,"no answer, skipped / na, see C/DRM161",TRUE,"Cross-wave coding conflict: -2 differs for B (no answer, skipped), C/D/H/3B/I/J (na, see C/DRM161)"
161,Z,marmp,categorical,"-1: no particularities scored / no valid data / na, asked",-1,"no particularities scored / no valid data / na, asked",TRUE,"Cross-wave coding conflict: -1 differs for B (no particularities scored), C/D (no valid data), H/3B/I/J (na, asked)"
161,Z,marmp,categorical,1: no bare arm / no,1,no bare arm / no,FALSE,"Cross-wave coding conflict: 1 differs for B (no bare arm), C/D/H/3B/I/J (no)"
161,Z,marmp,categorical,2: much room between / yes,2,much room between / yes,FALSE,"Cross-wave coding conflict: 2 differs for B (much room between), C/D/H/3B/I/J (yes)"
161,Z,marmp,categorical,3: R sitting down,3,R sitting down,FALSE,
161,Z,marmp,categorical,4: on right arm,4,on right arm,FALSE,
161,Z,marmp,categorical,5: refused,5,refused,FALSE,
161,Z,marmp1,binary,"-3: na, wrong skip",-3,"na, wrong skip",TRUE,
161,Z,marmp1,binary,"-2: na, see C/DMARMP",-2,"na, see C/DMARMP",TRUE,
161,Z,marmp1,binary,"-1: no valid data / na, asked",-1,"no valid data / na, asked",TRUE,"Cross-wave coding conflict: -1 differs for C/D (no valid data), H/3B/I/J (na, asked)"
161,Z,marmp1,binary,0: not mentioned,0,not mentioned,FALSE,
161,Z,marmp1,binary,1: mentioned,1,mentioned,FALSE,
161,Z,marmp2,binary,"-3: na, wrong skip",-3,"na, wrong skip",TRUE,
161,Z,marmp2,binary,"-2: na, see C/DRM161",-2,"na, see C/DRM161",TRUE,
161,Z,marmp2,binary,"-1: no valid data / na, asked",-1,"no valid data / na, asked",TRUE,"Cross-wave coding conflict: -1 differs for C/D (no valid data), H/3B/I/J (na, asked)"
161,Z,marmp2,binary,1: no,1,no,FALSE,
161,Z,marmp2,binary,2: yes,2,yes,FALSE,
161,Z,marmp3,binary,"-3: na, wrong skip",-3,"na, wrong skip",TRUE,
161,Z,marmp3,binary,"-2: na, see C/DRM161",-2,"na, see C/DRM161",TRUE,
161,Z,marmp3,binary,"-1: no valid data / na, asked",-1,"no valid data / na, asked",TRUE,"Cross-wave coding conflict: -1 differs for C/D (no valid data), H/3B/I/J (na, asked)"
161,Z,marmp3,binary,1: no,1,no,FALSE,
161,Z,marmp3,binary,2: yes,2,yes,FALSE,
161,Z,marmp4,binary,"-3: na, wrong skip",-3,"na, wrong skip",TRUE,
161,Z,marmp4,binary,"-2: na, see C/DRM161",-2,"na, see C/DRM161",TRUE,
161,Z,marmp4,binary,"-1: no valid data / na, asked",-1,"no valid data / na, asked",TRUE,"Cross-wave coding conflict: -1 differs for C/D (no valid data), H/3B/I/J (na, asked)"
161,Z,marmp4,binary,1: no,1,no,FALSE,
161,Z,marmp4,binary,2: yes,2,yes,FALSE,
161,Z,marmp5,binary,"-3: na, wrong skip",-3,"na, wrong skip",TRUE,
161,Z,marmp5,binary,"-2: na, see C/DRM161",-2,"na, see C/DRM161",TRUE,
161,Z,marmp5,binary,"-1: no valid data / na, asked",-1,"no valid data / na, asked",TRUE,"Cross-wave coding conflict: -1 differs for C/D (no valid data), H/3B/I/J (na, asked)"
161,Z,marmp5,binary,1: no,1,no,FALSE,
161,Z,marmp5,binary,2: yes,2,yes,FALSE,
161,Z,mbicep1,numeric,"-3: na, wrong skip",-3,"na, wrong skip",TRUE,
161,Z,mbicep1,numeric,"-2: na, see C/DRM161",-2,"na, see C/DRM161",TRUE,
161,Z,mbicep1,numeric,-1: no valid data,-1,no valid data,TRUE,
161,Z,mbicep2,numeric,,,,,
161,Z,mbicep3,numeric,,,,,
161,Z,mbicepp,binary,"-3: na, wrong skip",-3,"na, wrong skip",TRUE,
161,Z,mbicepp,binary,"-2: na, see C/DRM161",-2,"na, see C/DRM161",TRUE,
161,Z,mbicepp,binary,-1: no valid data,-1,no valid data,TRUE,
161,Z,mbicepp,binary,1: no,1,no,FALSE,
161,Z,mbicepp,binary,2: yes,2,yes,FALSE,
161,Z,mbicepp1,binary,"-3: na, wrong skip",-3,"na, wrong skip",TRUE,
161,Z,mbicepp1,binary,"-2: na, see C/DMBICEPP",-2,"na, see C/DMBICEPP",TRUE,
161,Z,mbicepp1,binary,-1: no valid data,-1,no valid data,TRUE,
161,Z,mbicepp1,binary,0: not mentioned,0,not mentioned,FALSE,
161,Z,mbicepp1,binary,1: mentioned,1,mentioned,FALSE,
161,Z,mbicepp2,binary,"-3: na, wrong skip",-3,"na, wrong skip",TRUE,
161,Z,mbicepp2,binary,"-2: na, see C/DRM161",-2,"na, see C/DRM161",TRUE,
161,Z,mbicepp2,binary,-1: no valid data,-1,no valid data,TRUE,
161,Z,mbicepp2,binary,1: no,1,no,FALSE,
161,Z,mbicepp2,binary,2: yes,2,yes,FALSE,
161,Z,mbicepp3,binary,"-3: na, wrong skip",-3,"na, wrong skip",TRUE,
161,Z,mbicepp3,binary,"-2: na, see C/DRM161",-2,"na, see C/DRM161",TRUE,
161,Z,mbicepp3,binary,-1: no valid data,-1,no valid data,TRUE,
161,Z,mbicepp3,binary,1: no,1,no,FALSE,
161,Z,mbicepp3,binary,2: yes,2,yes,FALSE,
161,Z,mbicepp4,binary,"-3: na, wrong skip",-3,"na, wrong skip",TRUE,
161,Z,mbicepp4,binary,"-2: na, see C/DRM161",-2,"na, see C/DRM161",TRUE,
161,Z,mbicepp4,binary,-1: no valid data,-1,no valid data,TRUE,
161,Z,mbicepp4,binary,1: no,1,no,FALSE,
161,Z,mbicepp4,binary,2: yes,2,yes,FALSE,
161,Z,mbicepp5,binary,"-3: na, wrong skip",-3,"na, wrong skip",TRUE,
161,Z,mbicepp5,binary,"-2: na, see C/DRM161",-2,"na, see C/DRM161",TRUE,
161,Z,mbicepp5,binary,-1: no valid data,-1,no valid data,TRUE,
161,Z,mbicepp5,binary,1: no,1,no,FALSE,
161,Z,mbicepp5,binary,2: yes,2,yes,FALSE,
161,Z,mcalf01,numeric,"-3: na, wrong skip",-3,"na, wrong skip",TRUE,
161,Z,mcalf01,numeric,"-2: na, see I/JRM161",-2,"na, see I/JRM161",TRUE,
161,Z,mcalf01,numeric,"-1: na, asked",-1,"na, asked",TRUE,
161,Z,mcalf02,binary,"-1: na, asked",-1,"na, asked",TRUE,
161,Z,mcalf02,binary,1: no,1,no,FALSE,
161,Z,mcalf02,binary,2: yes,2,yes,FALSE,
161,Z,mcalf03,binary,"-1: na, asked",-1,"na, asked",TRUE,
161,Z,mcalf03,binary,0: not mentioned,0,not mentioned,FALSE,
161,Z,mcalf03,binary,1: mentioned,1,mentioned,FALSE,
161,Z,mcalf04,binary,"-1: na, asked",-1,"na, asked",TRUE,
161,Z,mcalf04,binary,0: not mentioned,0,not mentioned,FALSE,
161,Z,mcalf04,binary,1: mentioned,1,mentioned,FALSE,
161,Z,mcalf06,binary,"-1: na, asked",-1,"na, asked",TRUE,
161,Z,mcalf06,binary,0: not mentioned,0,not mentioned,FALSE,
161,Z,mcalf06,binary,1: mentioned,1,mentioned,FALSE,
161,Z,mcalf12,binary,"-1: na, asked",-1,"na, asked",TRUE,
161,Z,mcalf12,binary,0: not mentioned,0,not mentioned,FALSE,
161,Z,mcalf12,binary,1: mentioned,1,mentioned,FALSE,
161,Z,mcalf13,binary,"-1: na, asked",-1,"na, asked",TRUE,
161,Z,mcalf13,binary,0: not mentioned,0,not mentioned,FALSE,
161,Z,mcalf13,binary,1: mentioned,1,mentioned,FALSE,
161,Z,mgripl1,numeric,"-3: na, wrong skip",-3,"na, wrong skip",TRUE,
161,Z,mgripl1,numeric,"-2: na, see DRM161",-2,"na, see DRM161",TRUE,
161,Z,mgripl1,numeric,"-1: no valid data / na, asked",-1,"no valid data / na, asked",TRUE,"Cross-wave coding conflict: -1 differs for D/E (no valid data), H/3B/I/J (na, asked)"
161,Z,mgripl2,numeric,"-1: na, asked",-1,"na, asked",TRUE,
161,Z,mgriplp,categorical,"-2: na, see BRM161",-2,"na, see BRM161",TRUE,
161,Z,mgriplp,categorical,"-1: no valid data / na, asked",-1,"no valid data / na, asked",TRUE,"Cross-wave coding conflict: -1 differs for 2B (no valid data), F (na, asked)"
161,Z,mgriplp,categorical,1: no / no particularities,1,no / no particularities,FALSE,"Cross-wave coding conflict: 1 differs for 2B (no), F (no particularities)"
161,Z,mgriplp,categorical,2: yes / left hand handicapped,2,yes / left hand handicapped,FALSE,"Cross-wave coding conflict: 2 differs for 2B (yes), F (left hand handicapped)"
161,Z,mgriplp,categorical,3: R refused,3,R refused,FALSE,
161,Z,mgriplp,categorical,4: other remark,4,other remark,FALSE,
161,Z,mgriplp1,binary,"-3: na, wrong skip",-3,"na, wrong skip",TRUE,
161,Z,mgriplp1,binary,"-2: na, see DRM161",-2,"na, see DRM161",TRUE,
161,Z,mgriplp1,binary,"-1: no valid data / na, asked",-1,"no valid data / na, asked",TRUE,"Cross-wave coding conflict: -1 differs for D/E (no valid data), G/H/3B/I/J (na, asked)"
161,Z,mgriplp1,binary,0: not mentioned,0,not mentioned,FALSE,
161,Z,mgriplp1,binary,1: no / mentioned,1,no / mentioned,FALSE,"Cross-wave coding conflict: 1 differs for D/E/G (no), H/3B/I/J (mentioned)"
161,Z,mgriplp1,binary,2: yes,2,yes,FALSE,
161,Z,mgriplp2,binary,"-3: na, wrong skip",-3,"na, wrong skip",TRUE,
161,Z,mgriplp2,binary,"-2: na, see dmgriplp1",-2,"na, see dmgriplp1",TRUE,
161,Z,mgriplp2,binary,"-1: no valid data / na, asked",-1,"no valid data / na, asked",TRUE,"Cross-wave coding conflict: -1 differs for D/E (no valid data), H/3B/I/J (na, asked)"
161,Z,mgriplp2,binary,0: not mentioned,0,not mentioned,FALSE,
161,Z,mgriplp2,binary,1: mentioned,1,mentioned,FALSE,
161,Z,mgriplp3,numeric,"-3: na, wrong skip",-3,"na, wrong skip",TRUE,
161,Z,mgriplp3,numeric,"-2: na, see BRM161",-2,"na, see BRM161",TRUE,
161,Z,mgriplp3,numeric,"-1: no valid data / na, asked",-1,"no valid data / na, asked",TRUE,"Cross-wave coding conflict: -1 differs for 2B (no valid data), H/3B/I/J (na, asked)"
161,Z,mgriplp3,numeric,0: not mentioned,0,not mentioned,FALSE,
161,Z,mgriplp3,numeric,1: no / mentioned,1,no / mentioned,FALSE,"Cross-wave coding conflict: 1 differs for 2B (no), H/3B/I/J (mentioned)"
161,Z,mgriplp3,numeric,2: yes,2,yes,FALSE,
161,Z,mgriplp4,numeric,"-3: na, wrong skip",-3,"na, wrong skip",TRUE,
161,Z,mgriplp4,numeric,"-2: na, see BRM161",-2,"na, see BRM161",TRUE,
161,Z,mgriplp4,numeric,"-1: no valid data / na, asked",-1,"no valid data / na, asked",TRUE,"Cross-wave coding conflict: -1 differs for 2B (no valid data), H/3B/I/J (na, asked)"
161,Z,mgriplp4,numeric,0: not mentioned,0,not mentioned,FALSE,
161,Z,mgriplp4,numeric,1: no / mentioned,1,no / mentioned,FALSE,"Cross-wave coding conflict: 1 differs for 2B (no), H/3B/I/J (mentioned)"
161,Z,mgriplp4,numeric,2: yes,2,yes,FALSE,
161,Z,mgripmeasp,binary,"-2: na, see BRM161",-2,"na, see BRM161",TRUE,
161,Z,mgripmeasp,binary,-1: no valid data,-1,no valid data,TRUE,
161,Z,mgripmeasp,binary,1: no,1,no,FALSE,
161,Z,mgripmeasp,binary,2: yes,2,yes,FALSE,
161,Z,mgripp,categorical,"-3: na, wrong skip",-3,"na, wrong skip",TRUE,
161,Z,mgripp,categorical,"-2: na, see CRM161",-2,"na, see CRM161",TRUE,
161,Z,mgripp,categorical,-1: no valid data,-1,no valid data,TRUE,
161,Z,mgripp,categorical,0: no particularities,0,no particularities,FALSE,
161,Z,mgripp,categorical,1: R refuses,1,R refuses,FALSE,
161,Z,mgripp,categorical,2: handicapped hand,2,handicapped hand,FALSE,
161,Z,mgripr1,numeric,"-3: na, wrong skip",-3,"na, wrong skip",TRUE,
161,Z,mgripr1,numeric,"-2: na, see CRM161",-2,"na, see CRM161",TRUE,
161,Z,mgripr1,numeric,-1: no valid data,-1,no valid data,TRUE,
161,Z,mgripr2,numeric,"-1: na, asked",-1,"na, asked",TRUE,
161,Z,mgriprp,categorical,"-2: na, see BRM161",-2,"na, see BRM161",TRUE,
161,Z,mgriprp,categorical,"-1: no valid data / na, asked",-1,"no valid data / na, asked",TRUE,"Cross-wave coding conflict: -1 differs for 2B (no valid data), F (na, asked)"
161,Z,mgriprp,categorical,1: no / no particularities,1,no / no particularities,FALSE,"Cross-wave coding conflict: 1 differs for 2B (no), F (no particularities)"
161,Z,mgriprp,categorical,2: yes / right hand handicapped,2,yes / right hand handicapped,FALSE,"Cross-wave coding conflict: 2 differs for 2B (yes), F (right hand handicapped)"
161,Z,mgriprp,categorical,3: R refused,3,R refused,FALSE,
161,Z,mgriprp,categorical,4: other remark,4,other remark,FALSE,
161,Z,mgriprp1,binary,"-3: na, wrong skip",-3,"na, wrong skip",TRUE,
161,Z,mgriprp1,binary,"-2: na, see DRM161",-2,"na, see DRM161",TRUE,
161,Z,mgriprp1,binary,"-1: no valid data / na, asked",-1,"no valid data / na, asked",TRUE,"Cross-wave coding conflict: -1 differs for D/E (no valid data), G/H/3B/I/J (na, asked)"
161,Z,mgriprp1,binary,0: not mentioned,0,not mentioned,FALSE,
161,Z,mgriprp1,binary,1: no / mentioned,1,no / mentioned,FALSE,"Cross-wave coding conflict: 1 differs for D/E/G (no), H/3B/I/J (mentioned)"
161,Z,mgriprp1,binary,2: yes,2,yes,FALSE,
161,Z,mgriprp2,binary,"-3: na, wrong skip",-3,"na, wrong skip",TRUE,
161,Z,mgriprp2,binary,"-2: na, see DMGRIPRP1",-2,"na, see DMGRIPRP1",TRUE,
161,Z,mgriprp2,binary,"-1: no valid data / na, asked",-1,"no valid data / na, asked",TRUE,"Cross-wave coding conflict: -1 differs for D/E (no valid data), H/3B/I/J (na, asked)"
161,Z,mgriprp2,binary,0: not mentioned,0,not mentioned,FALSE,
161,Z,mgriprp2,binary,1: mentioned,1,mentioned,FALSE,
161,Z,mgriprp3,numeric,"-3: na, wrong skip",-3,"na, wrong skip",TRUE,
161,Z,mgriprp3,numeric,"-2: na, see BRM161",-2,"na, see BRM161",TRUE,
161,Z,mgriprp3,numeric,"-1: no valid data / na, asked",-1,"no valid data / na, asked",TRUE,"Cross-wave coding conflict: -1 differs for 2B (no valid data), H/3B/I/J (na, asked)"
161,Z,mgriprp3,numeric,0: not mentioned,0,not mentioned,FALSE,
161,Z,mgriprp3,numeric,1: no / mentioned,1,no / mentioned,FALSE,"Cross-wave coding conflict: 1 differs for 2B (no), H/3B/I/J (mentioned)"
161,Z,mgriprp3,numeric,2: yes,2,yes,FALSE,
161,Z,mgriprp4,numeric,"-3: na, wrong skip",-3,"na, wrong skip",TRUE,
161,Z,mgriprp4,numeric,"-2: na, see BRM161",-2,"na, see BRM161",TRUE,
161,Z,mgriprp4,numeric,"-1: no valid data / na, asked",-1,"no valid data / na, asked",TRUE,"Cross-wave coding conflict: -1 differs for 2B (no valid data), H/3B/I/J (na, asked)"
161,Z,mgriprp4,numeric,0: not mentioned,0,not mentioned,FALSE,
161,Z,mgriprp4,numeric,1: no / mentioned,1,no / mentioned,FALSE,"Cross-wave coding conflict: 1 differs for 2B (no), H/3B/I/J (mentioned)"
161,Z,mgriprp4,numeric,2: yes,2,yes,FALSE,
161,Z,mheight,numeric,"-3: na, wrong skip",-3,"na, wrong skip",TRUE,
161,Z,mheight,numeric,"-2: na, see C/DRM161",-2,"na, see C/DRM161",TRUE,
161,Z,mheight,numeric,"-1: no valid data / na, asked",-1,"no valid data / na, asked",TRUE,"Cross-wave coding conflict: -1 differs for C/D/E/2B (no valid data), F/G/H/3B/I/J (na, asked)"
161,Z,mheightp,categorical,"-3: no measurement / na, wrong skip",-3,"no measurement / na, wrong skip",TRUE,"Cross-wave coding conflict: -3 differs for B (no measurement), C/D/E/G/H/3B/I/J (na, wrong skip)"
161,Z,mheightp,categorical,"-2: no answer, skipped / na, see CRM161",-2,"no answer, skipped / na, see CRM161",TRUE,"Cross-wave coding conflict: -2 differs for B (no answer, skipped), C/D/E/2B/F/G/H/3B/I/J (na, see CRM161)"
161,Z,mheightp,categorical,"-1: no particularities scored / no valid data / na, asked",-1,"no particularities scored / no valid data / na, asked",TRUE,"Cross-wave coding conflict: -1 differs for B (no particularities scored), C/D/E/2B (no valid data), F/G/H/3B/I/J (na, asked)"
161,Z,mheightp,categorical,1: cannot stand / no / yes / no particularities,1,cannot stand / no / yes / no particularities,FALSE,"Cross-wave coding conflict: 1 differs for B (cannot stand), C/D/E/G/H/3B/I/J (no), 2B (yes), F (no particularities)"
161,Z,mheightp,categorical,2: kyphose / yes / no / cannot stand,2,kyphose / yes / no / cannot stand,FALSE,"Cross-wave coding conflict: 2 differs for B (kyphose), C/D/E/G/H/3B/I/J (yes), 2B (no), F (cannot stand)"
161,Z,mheightp,categorical,3: scoliose / kyphosis,3,scoliose / kyphosis,FALSE,"Cross-wave coding conflict: 3 differs for B (scoliose), F (kyphosis)"
161,Z,mheightp,categorical,4: head not parallel / scoliosis,4,head not parallel / scoliosis,FALSE,"Cross-wave coding conflict: 4 differs for B (head not parallel), F (scoliosis)"
161,Z,mheightp,categorical,5: shoes / head not parallel,5,shoes / head not parallel,FALSE,"Cross-wave coding conflict: 5 differs for B (shoes), F (head not parallel)"
161,Z,mheightp,categorical,6: too much hair,6,too much hair,FALSE,
161,Z,mheightp,categorical,7: refused / wears shoes,7,refused / wears shoes,FALSE,"Cross-wave coding conflict: 7 differs for B (refused), F (wears shoes)"
161,Z,mheightp,categorical,8: R refused,8,R refused,FALSE,
161,Z,mheightp1,binary,"-3: na, wrong skip",-3,"na, wrong skip",TRUE,
161,Z,mheightp1,binary,"-2: na, see C/DMHEIGHTP",-2,"na, see C/DMHEIGHTP",TRUE,
161,Z,mheightp1,binary,"-1: no valid data / na, asked",-1,"no valid data / na, asked",TRUE,"Cross-wave coding conflict: -1 differs for C (no valid data), G/H/3B/I/J (na, asked)"
161,Z,mheightp1,binary,0: not mentioned,0,not mentioned,FALSE,
161,Z,mheightp1,binary,1: mentioned,1,mentioned,FALSE,
161,Z,mheightp2,binary,"-3: na, wrong skip",-3,"na, wrong skip",TRUE,
161,Z,mheightp2,binary,"-2: na, see CRM161",-2,"na, see CRM161",TRUE,
161,Z,mheightp2,binary,"-1: no valid data / na, asked",-1,"no valid data / na, asked",TRUE,"Cross-wave coding conflict: -1 differs for C/D/E/2B (no valid data), G/H/3B/I/J (na, asked)"
161,Z,mheightp2,binary,0: not mentioned,0,not mentioned,FALSE,
161,Z,mheightp2,binary,1: no / mentioned / yes,1,no / mentioned / yes,FALSE,"Cross-wave coding conflict: 1 differs for C/D/G/H/3B/I/J (no), E (mentioned), 2B (yes)"
161,Z,mheightp2,binary,2: yes / no,2,yes / no,FALSE,"Cross-wave coding conflict: 2 differs for C/D/G/H/3B/I/J (yes), 2B (no)"
161,Z,mheightp3,binary,"-3: na, wrong skip",-3,"na, wrong skip",TRUE,
161,Z,mheightp3,binary,"-2: na, see CRM161",-2,"na, see CRM161",TRUE,
161,Z,mheightp3,binary,"-1: no valid data / na, asked",-1,"no valid data / na, asked",TRUE,"Cross-wave coding conflict: -1 differs for C/D/E/2B (no valid data), G/H/3B/I/J (na, asked)"
161,Z,mheightp3,binary,1: no / yes,1,no / yes,FALSE,"Cross-wave coding conflict: 1 differs for C/D/E/G/H/3B/I/J (no), 2B (yes)"
161,Z,mheightp3,binary,2: yes / no,2,yes / no,FALSE,"Cross-wave coding conflict: 2 differs for C/D/E/G/H/3B/I/J (yes), 2B (no)"
161,Z,mheightp4,binary,"-3: na, wrong skip",-3,"na, wrong skip",TRUE,
161,Z,mheightp4,binary,"-2: na, see CRM161",-2,"na, see CRM161",TRUE,
161,Z,mheightp4,binary,"-1: no valid data / na, asked",-1,"no valid data / na, asked",TRUE,"Cross-wave coding conflict: -1 differs for C/D/E/2B (no valid data), G/H/3B/I/J (na, asked)"
161,Z,mheightp4,binary,1: no / yes,1,no / yes,FALSE,"Cross-wave coding conflict: 1 differs for C/D/E/G/H/3B/I/J (no), 2B (yes)"
161,Z,mheightp4,binary,2: yes / no,2,yes / no,FALSE,"Cross-wave coding conflict: 2 differs for C/D/E/G/H/3B/I/J (yes), 2B (no)"
161,Z,mheightp5,binary,"-3: na, wrong skip",-3,"na, wrong skip",TRUE,
161,Z,mheightp5,binary,"-2: na, see CRM161",-2,"na, see CRM161",TRUE,
161,Z,mheightp5,binary,"-1: no valid data / na, asked",-1,"no valid data / na, asked",TRUE,"Cross-wave coding conflict: -1 differs for C (no valid data), G/H/3B/I/J (na, asked)"
161,Z,mheightp5,binary,1: no,1,no,FALSE,
161,Z,mheightp5,binary,2: yes,2,yes,FALSE,
161,Z,mheightp6,binary,"-3: na, wrong skip",-3,"na, wrong skip",TRUE,
161,Z,mheightp6,binary,"-2: na, see CRM161",-2,"na, see CRM161",TRUE,
161,Z,mheightp6,binary,"-1: no valid data / na, asked",-1,"no valid data / na, asked",TRUE,"Cross-wave coding conflict: -1 differs for C/D/E/2B (no valid data), G/H/3B/I/J (na, asked)"
161,Z,mheightp6,binary,1: no / yes,1,no / yes,FALSE,"Cross-wave coding conflict: 1 differs for C/D/E/G/H/3B/I/J (no), 2B (yes)"
161,Z,mheightp6,binary,2: yes / no,2,yes / no,FALSE,"Cross-wave coding conflict: 2 differs for C/D/E/G/H/3B/I/J (yes), 2B (no)"
161,Z,mheightp7,binary,"-3: na, wrong skip",-3,"na, wrong skip",TRUE,
161,Z,mheightp7,binary,"-2: na, see CRM161",-2,"na, see CRM161",TRUE,
161,Z,mheightp7,binary,"-1: no valid data / na, asked",-1,"no valid data / na, asked",TRUE,"Cross-wave coding conflict: -1 differs for C/D/E/2B (no valid data), G/H/3B/I/J (na, asked)"
161,Z,mheightp7,binary,1: no / yes,1,no / yes,FALSE,"Cross-wave coding conflict: 1 differs for C/D/E/G/H/3B/I/J (no), 2B (yes)"
161,Z,mheightp7,binary,2: yes / no,2,yes / no,FALSE,"Cross-wave coding conflict: 2 differs for C/D/E/G/H/3B/I/J (yes), 2B (no)"
161,Z,mheightself,numeric,"-3: no measurement / na, wrong skip",-3,"no measurement / na, wrong skip",TRUE,"Cross-wave coding conflict: -3 differs for B (no measurement), C/D/E/2B (na, wrong skip)"
161,Z,mheightself,numeric,"-2: length measured / na, see C/DMHEIGHTP / routing",-2,"length measured / na, see C/DMHEIGHTP / routing",TRUE,"Cross-wave coding conflict: -2 differs for B (length measured), C/D/E/2B/F/G/H/3B/I (na, see C/DMHEIGHTP), J (routing)"
161,Z,mheightself,numeric,"-1: no valid data / na, asked",-1,"no valid data / na, asked",TRUE,"Cross-wave coding conflict: -1 differs for B/C/D/E/2B (no valid data), F/G/H/3B/I/J (na, asked)"
161,Z,mhip,numeric,,,,,
161,Z,mhip1,numeric,"-3: na, wrong skip",-3,"na, wrong skip",TRUE,
161,Z,mhip1,numeric,-2: na see C/DRM161,-2,na see C/DRM161,TRUE,
161,Z,mhip1,numeric,-1: no valid data,-1,no valid data,TRUE,
161,Z,mhip2,numeric,"-1: no valid data / na, asked",-1,"no valid data / na, asked",TRUE,"Cross-wave coding conflict: -1 differs for 2B (no valid data), F/G/H/3B/I/J (na, asked)"
161,Z,mhipp,categorical,"-3: no measurement / na, wrong skip",-3,"no measurement / na, wrong skip",TRUE,"Cross-wave coding conflict: -3 differs for B (no measurement), C/D/E/G (na, wrong skip)"
161,Z,mhipp,categorical,"-2: no answer, skipped / na, see C/DRM161",-2,"no answer, skipped / na, see C/DRM161",TRUE,"Cross-wave coding conflict: -2 differs for B (no answer, skipped), C/D/E/2B/F/G/H/3B/I/J (na, see C/DRM161)"
161,Z,mhipp,categorical,"-1: no particularities scored / no valid data / na, asked",-1,"no particularities scored / no valid data / na, asked",TRUE,"Cross-wave coding conflict: -1 differs for B (no particularities scored), C/D/E/2B (no valid data), F/H/3B/I/J (na, asked)"
161,Z,mhipp,categorical,1: lying down / no / no particularities,1,lying down / no / no particularities,FALSE,"Cross-wave coding conflict: 1 differs for B (lying down), C/D/E/2B/G/H/3B/I/J (no), F (no particularities)"
161,Z,mhipp,categorical,2: much skinfolds / yes / lying down,2,much skinfolds / yes / lying down,FALSE,"Cross-wave coding conflict: 2 differs for B (much skinfolds), C/D/E/2B/G/H/3B/I/J (yes), F (lying down)"
161,Z,mhipp,categorical,3: refused / many skinfolds,3,refused / many skinfolds,FALSE,"Cross-wave coding conflict: 3 differs for B (refused), F (many skinfolds)"
161,Z,mhipp,categorical,4: R refused,4,R refused,FALSE,
161,Z,mhipp1,binary,"-3: na, wrong skip",-3,"na, wrong skip",TRUE,
161,Z,mhipp1,binary,"-2: na, see C/DMHIPP",-2,"na, see C/DMHIPP",TRUE,
161,Z,mhipp1,binary,"-1: no valid data / na, asked",-1,"no valid data / na, asked",TRUE,"Cross-wave coding conflict: -1 differs for C/D/E (no valid data), G/H/3B/I/J (na, asked)"
161,Z,mhipp1,binary,0: not mentioned,0,not mentioned,FALSE,
161,Z,mhipp1,binary,1: mentioned,1,mentioned,FALSE,
161,Z,mhipp2,binary,"-3: na, wrong skip",-3,"na, wrong skip",TRUE,
161,Z,mhipp2,binary,"-2: na, see C/DRM161",-2,"na, see C/DRM161",TRUE,
161,Z,mhipp2,binary,"-1: no valid data / na, asked",-1,"no valid data / na, asked",TRUE,"Cross-wave coding conflict: -1 differs for C/D/E/2B (no valid data), H/3B/I/J (na, asked)"
161,Z,mhipp2,binary,1: no,1,no,FALSE,
161,Z,mhipp2,binary,2: yes,2,yes,FALSE,
161,Z,mhipp3,binary,"-3: na, wrong skip",-3,"na, wrong skip",TRUE,
161,Z,mhipp3,binary,"-2: na, see C/DRM161",-2,"na, see C/DRM161",TRUE,
161,Z,mhipp3,binary,"-1: no valid data / na, asked",-1,"no valid data / na, asked",TRUE,"Cross-wave coding conflict: -1 differs for C/D/E/2B (no valid data), H/3B/I/J (na, asked)"
161,Z,mhipp3,binary,1: no,1,no,FALSE,
161,Z,mhipp3,binary,2: yes,2,yes,FALSE,
161,Z,mhipp4,binary,"-3: na, wrong skip",-3,"na, wrong skip",TRUE,
161,Z,mhipp4,binary,"-2: na, see C/DRM161",-2,"na, see C/DRM161",TRUE,
161,Z,mhipp4,binary,"-1: no valid data / na, asked",-1,"no valid data / na, asked",TRUE,"Cross-wave coding conflict: -1 differs for D/E (no valid data), 3B/I/J (na, asked)"
161,Z,mhipp4,binary,1: no,1,no,FALSE,
161,Z,mhipp4,binary,2: yes,2,yes,FALSE,
161,Z,mkneeh,numeric,-3: no measurement,-3,no measurement,TRUE,
161,Z,mkneeh,numeric,-1: no valid data,-1,no valid data,TRUE,
161,Z,mkneep,categorical,-3: no measurement,-3,no measurement,TRUE,
161,Z,mkneep,categorical,"-2: no answer, skipped",-2,"no answer, skipped",TRUE,
161,Z,mkneep,categorical,-1: no valid data,-1,no valid data,TRUE,
161,Z,mkneep,categorical,0: no particularities scored,0,no particularities scored,FALSE,
161,Z,mkneep,categorical,1: refused,1,refused,FALSE,
161,Z,mkneep,categorical,2: trousers,2,trousers,FALSE,
161,Z,mkneep,categorical,3: right leg,3,right leg,FALSE,
161,Z,mlength,numeric,-3: no measurement,-3,no measurement,TRUE,
161,Z,mmiwp,binary,"-2: na, see BRM161",-2,"na, see BRM161",TRUE,
161,Z,mmiwp,binary,"-1: na, asked",-1,"na, asked",TRUE,
161,Z,mmiwp,binary,1: no / yes,1,no / yes,FALSE,"Cross-wave coding conflict: 1 differs for 3B (no), I/J (yes)"
161,Z,mmiwp,binary,2: yes / no,2,yes / no,FALSE,"Cross-wave coding conflict: 2 differs for 3B (yes), I/J (no)"
161,Z,msubscap1,numeric,"-3: na, wrong skip",-3,"na, wrong skip",TRUE,
161,Z,msubscap1,numeric,"-2: na, see C/DRM161",-2,"na, see C/DRM161",TRUE,
161,Z,msubscap1,numeric,-1: no valid data,-1,no valid data,TRUE,
161,Z,msubscap2,numeric,,,,,
161,Z,msubscap3,numeric,,,,,
161,Z,msubscapp,binary,"-3: na, wrong skip",-3,"na, wrong skip",TRUE,
161,Z,msubscapp,binary,"-2: na, see CRM161",-2,"na, see CRM161",TRUE,
161,Z,msubscapp,binary,-1: no valid data,-1,no valid data,TRUE,
161,Z,msubscapp,binary,1: no,1,no,FALSE,
161,Z,msubscapp,binary,2: yes,2,yes,FALSE,
161,Z,msubscapp1,binary,"-3: na, wrong skip",-3,"na, wrong skip",TRUE,
161,Z,msubscapp1,binary,"-2: na, see CMSUBSCAPP",-2,"na, see CMSUBSCAPP",TRUE,
161,Z,msubscapp1,binary,-1: no valid data,-1,no valid data,TRUE,
161,Z,msubscapp1,binary,0: not mentioned,0,not mentioned,FALSE,
161,Z,msubscapp1,binary,1: mentioned,1,mentioned,FALSE,
161,Z,msubscapp2,binary,"-3: na, wrong skip",-3,"na, wrong skip",TRUE,
161,Z,msubscapp2,binary,"-2: na, see CRM161",-2,"na, see CRM161",TRUE,
161,Z,msubscapp2,binary,-1: no valid data,-1,no valid data,TRUE,
161,Z,msubscapp2,binary,1: no,1,no,FALSE,
161,Z,msubscapp2,binary,2: yes,2,yes,FALSE,
161,Z,msubscapp3,binary,"-3: na, wrong skip",-3,"na, wrong skip",TRUE,
161,Z,msubscapp3,binary,"-2: na, see CRM161",-2,"na, see CRM161",TRUE,
161,Z,msubscapp3,binary,-1: no valid data,-1,no valid data,TRUE,
161,Z,msubscapp3,binary,1: no,1,no,FALSE,
161,Z,msubscapp3,binary,2: yes,2,yes,FALSE,
161,Z,msubscapp4,binary,"-3: na, wrong skip",-3,"na, wrong skip",TRUE,
161,Z,msubscapp4,binary,"-2: na, see CRM161",-2,"na, see CRM161",TRUE,
161,Z,msubscapp4,binary,-1: no valid data,-1,no valid data,TRUE,
161,Z,msubscapp4,binary,1: no,1,no,FALSE,
161,Z,msubscapp4,binary,2: yes,2,yes,FALSE,
161,Z,msubscapp5,binary,"-3: na, wrong skip",-3,"na, wrong skip",TRUE,
161,Z,msubscapp5,binary,"-2: na, see CRM161",-2,"na, see CRM161",TRUE,
161,Z,msubscapp5,binary,-1: no valid data,-1,no valid data,TRUE,
161,Z,msubscapp5,binary,1: no,1,no,FALSE,
161,Z,msubscapp5,binary,2: yes,2,yes,FALSE,
161,Z,msuprail1,numeric,"-3: na, wrong skip",-3,"na, wrong skip",TRUE,
161,Z,msuprail1,numeric,"-2: na, see CRM161",-2,"na, see CRM161",TRUE,
161,Z,msuprail1,numeric,-1: no valid data,-1,no valid data,TRUE,
161,Z,msuprail2,numeric,,,,,
161,Z,msuprail3,numeric,,,,,
161,Z,msuprailp,binary,"-3: na, wrong skip",-3,"na, wrong skip",TRUE,
161,Z,msuprailp,binary,"-2: na, see CRM161",-2,"na, see CRM161",TRUE,
161,Z,msuprailp,binary,-1: no valid data,-1,no valid data,TRUE,
161,Z,msuprailp,binary,1: no,1,no,FALSE,
161,Z,msuprailp,binary,2: yes,2,yes,FALSE,
161,Z,msuprailp1,binary,"-3: na, wrong skip",-3,"na, wrong skip",TRUE,
161,Z,msuprailp1,binary,"-2: na, see CMSUPRAILP",-2,"na, see CMSUPRAILP",TRUE,
161,Z,msuprailp1,binary,-1: no valid data,-1,no valid data,TRUE,
161,Z,msuprailp1,binary,0: not mentioned,0,not mentioned,FALSE,
161,Z,msuprailp1,binary,1: mentioned,1,mentioned,FALSE,
161,Z,msuprailp2,binary,"-3: na, wrong skip",-3,"na, wrong skip",TRUE,
161,Z,msuprailp2,binary,"-2: na, see CRM161",-2,"na, see CRM161",TRUE,
161,Z,msuprailp2,binary,-1: no valid data,-1,no valid data,TRUE,
161,Z,msuprailp2,binary,1: no,1,no,FALSE,
161,Z,msuprailp2,binary,2: yes,2,yes,FALSE,
161,Z,msuprailp3,binary,"-3: na, wrong skip",-3,"na, wrong skip",TRUE,
161,Z,msuprailp3,binary,"-2: na, see CRM161",-2,"na, see CRM161",TRUE,
161,Z,msuprailp3,binary,-1: no valid data,-1,no valid data,TRUE,
161,Z,msuprailp3,binary,1: no,1,no,FALSE,
161,Z,msuprailp3,binary,2: yes,2,yes,FALSE,
161,Z,msuprailp4,binary,"-3: na, wrong skip",-3,"na, wrong skip",TRUE,
161,Z,msuprailp4,binary,"-2: na, see CRM161",-2,"na, see CRM161",TRUE,
161,Z,msuprailp4,binary,-1: no valid data,-1,no valid data,TRUE,
161,Z,msuprailp4,binary,1: no,1,no,FALSE,
161,Z,msuprailp4,binary,2: yes,2,yes,FALSE,
161,Z,msuprailp5,binary,"-3: na, wrong skip",-3,"na, wrong skip",TRUE,
161,Z,msuprailp5,binary,"-2: na, see CRM161",-2,"na, see CRM161",TRUE,
161,Z,msuprailp5,binary,-1: no valid data,-1,no valid data,TRUE,
161,Z,msuprailp5,binary,1: no,1,no,FALSE,
161,Z,msuprailp5,binary,2: yes,2,yes,FALSE,
161,Z,mtricep1,numeric,"-3: no measurement / na, wrong skip",-3,"no measurement / na, wrong skip",TRUE,"Cross-wave coding conflict: -3 differs for B (no measurement), C/D (na, wrong skip)"
161,Z,mtricep1,numeric,"-2: na, see C/DRM161",-2,"na, see C/DRM161",TRUE,
161,Z,mtricep1,numeric,-1: no valid data,-1,no valid data,TRUE,
161,Z,mtricep2,numeric,-1: no valid data,-1,no valid data,TRUE,
161,Z,mtricep3,numeric,,,,,
161,Z,mtricepp,ordinal,"-3: no measurement / na, wrong skip",-3,"no measurement / na, wrong skip",TRUE,"Cross-wave coding conflict: -3 differs for B (no measurement), C/D (na, wrong skip)"
161,Z,mtricepp,ordinal,"-2: no answer, skipped / na, see C/DRM161",-2,"no answer, skipped / na, see C/DRM161",TRUE,"Cross-wave coding conflict: -2 differs for B (no answer, skipped), C/D (na, see C/DRM161)"
161,Z,mtricepp,ordinal,-1: no valid data,-1,no valid data,TRUE,
161,Z,mtricepp,ordinal,0: no particularities scored,0,no particularities scored,FALSE,
161,Z,mtricepp,ordinal,1: no bare arm / no,1,no bare arm / no,FALSE,"Cross-wave coding conflict: 1 differs for B (no bare arm), C/D (no)"
161,Z,mtricepp,ordinal,2: edema / yes,2,edema / yes,FALSE,"Cross-wave coding conflict: 2 differs for B (edema), C/D (yes)"
161,Z,mtricepp,ordinal,3: skinfold more than 40mm,3,skinfold more than 40mm,FALSE,
161,Z,mtricepp,ordinal,4: tight skin,4,tight skin,FALSE,
161,Z,mtricepp,ordinal,5: refused,5,refused,FALSE,
161,Z,mtricepp1,binary,"-3: na, wrong skip",-3,"na, wrong skip",TRUE,
161,Z,mtricepp1,binary,"-2: na, see C/DMTRICEPP",-2,"na, see C/DMTRICEPP",TRUE,
161,Z,mtricepp1,binary,-1: no valid data,-1,no valid data,TRUE,
161,Z,mtricepp1,binary,1: not mentioned,1,not mentioned,FALSE,
161,Z,mtricepp1,binary,2: mentioned,2,mentioned,FALSE,
161,Z,mtricepp2,binary,"-3: na, wrong skip",-3,"na, wrong skip",TRUE,
161,Z,mtricepp2,binary,"-2: na, see C/DRM161",-2,"na, see C/DRM161",TRUE,
161,Z,mtricepp2,binary,-1: no valid data,-1,no valid data,TRUE,
161,Z,mtricepp2,binary,1: no,1,no,FALSE,
161,Z,mtricepp2,binary,2: yes,2,yes,FALSE,
161,Z,mtricepp3,binary,"-3: na, wrong skip",-3,"na, wrong skip",TRUE,
161,Z,mtricepp3,binary,"-2: na, see C/DRM161",-2,"na, see C/DRM161",TRUE,
161,Z,mtricepp3,binary,-1: no valid data,-1,no valid data,TRUE,
161,Z,mtricepp3,binary,1: no,1,no,FALSE,
161,Z,mtricepp3,binary,2: yes,2,yes,FALSE,
161,Z,mtricepp4,binary,"-3: na, wrong skip",-3,"na, wrong skip",TRUE,
161,Z,mtricepp4,binary,"-2: na, see C/DRM161",-2,"na, see C/DRM161",TRUE,
161,Z,mtricepp4,binary,-1: no valid data,-1,no valid data,TRUE,
161,Z,mtricepp4,binary,1: no,1,no,FALSE,
161,Z,mtricepp4,binary,2: yes,2,yes,FALSE,
161,Z,mtricepp5,binary,"-3: na, wrong skip",-3,"na, wrong skip",TRUE,
161,Z,mtricepp5,binary,"-2: na, see C/DRM161",-2,"na, see C/DRM161",TRUE,
161,Z,mtricepp5,binary,-1: no valid data,-1,no valid data,TRUE,
161,Z,mtricepp5,binary,1: no,1,no,FALSE,
161,Z,mtricepp5,binary,2: yes,2,yes,FALSE,
161,Z,mwaist,numeric,,,,,
161,Z,mwaist1,numeric,"-3: na, wrong skip",-3,"na, wrong skip",TRUE,
161,Z,mwaist1,numeric,"-2: na, see C/DRM161",-2,"na, see C/DRM161",TRUE,
161,Z,mwaist1,numeric,-1: no valid data,-1,no valid data,TRUE,
161,Z,mwaist2,numeric,"-1: no valid data / na, asked",-1,"no valid data / na, asked",TRUE,"Cross-wave coding conflict: -1 differs for 2B (no valid data), G/H/3B/I/J (na, asked)"
161,Z,mwaistp,categorical,"-3: no measurement / na, wrong skip",-3,"no measurement / na, wrong skip",TRUE,"Cross-wave coding conflict: -3 differs for B (no measurement), C/D/E/G (na, wrong skip)"
161,Z,mwaistp,categorical,"-2: no answer, skipped / na, see C/DRM161",-2,"no answer, skipped / na, see C/DRM161",TRUE,"Cross-wave coding conflict: -2 differs for B (no answer, skipped), C/D/E/2B/F/G/H/3B/I/J (na, see C/DRM161)"
161,Z,mwaistp,categorical,"-1: no particularities scored / no valid data / na, asked",-1,"no particularities scored / no valid data / na, asked",TRUE,"Cross-wave coding conflict: -1 differs for B (no particularities scored), C/D/E/2B (no valid data), F/G/H/3B/I/J (na, asked)"
161,Z,mwaistp,categorical,1: lying down / no / no particularities,1,lying down / no / no particularities,FALSE,"Cross-wave coding conflict: 1 differs for B (lying down), C/D/E/2B/G/H/3B/I/J (no), F (no particularities)"
161,Z,mwaistp,categorical,2: hard to find right spot / yes / lying down,2,hard to find right spot / yes / lying down,FALSE,"Cross-wave coding conflict: 2 differs for B (hard to find right spot), C/D/E/2B/G/H/3B/I/J (yes), F (lying down)"
161,Z,mwaistp,categorical,3: much skinfolds under / hard to find right spot,3,much skinfolds under / hard to find right spot,FALSE,"Cross-wave coding conflict: 3 differs for B (much skinfolds under), F (hard to find right spot)"
161,Z,mwaistp,categorical,4: refused / many skinfolds,4,refused / many skinfolds,FALSE,"Cross-wave coding conflict: 4 differs for B (refused), F (many skinfolds)"
161,Z,mwaistp,categorical,5: R refused,5,R refused,FALSE,
161,Z,mwaistp1,binary,"-3: na, wrong skip",-3,"na, wrong skip",TRUE,
161,Z,mwaistp1,binary,"-2: na, see C/DMWAISTP",-2,"na, see C/DMWAISTP",TRUE,
161,Z,mwaistp1,binary,"-1: no valid data / na, asked",-1,"no valid data / na, asked",TRUE,"Cross-wave coding conflict: -1 differs for C/D/E (no valid data), G/H/3B/I/J (na, asked)"
161,Z,mwaistp1,binary,0: not mentioned,0,not mentioned,FALSE,
161,Z,mwaistp1,binary,1: mentioned,1,mentioned,FALSE,
161,Z,mwaistp2,binary,"-3: na, wrong skip",-3,"na, wrong skip",TRUE,
161,Z,mwaistp2,binary,"-2: na, see C/DRM161",-2,"na, see C/DRM161",TRUE,
161,Z,mwaistp2,binary,"-1: no valid data / na, asked",-1,"no valid data / na, asked",TRUE,"Cross-wave coding conflict: -1 differs for C/D/E/2B (no valid data), G/H/3B/I/J (na, asked)"
161,Z,mwaistp2,binary,1: no,1,no,FALSE,
161,Z,mwaistp2,binary,2: yes,2,yes,FALSE,
161,Z,mwaistp3,binary,"-3: na, wrong skip",-3,"na, wrong skip",TRUE,
161,Z,mwaistp3,binary,"-2: na, see C/DRM161",-2,"na, see C/DRM161",TRUE,
161,Z,mwaistp3,binary,"-1: no valid data / na, asked",-1,"no valid data / na, asked",TRUE,"Cross-wave coding conflict: -1 differs for C/D/E/2B (no valid data), G/H/3B/I/J (na, asked)"
161,Z,mwaistp3,binary,1: no,1,no,FALSE,
161,Z,mwaistp3,binary,2: yes,2,yes,FALSE,
161,Z,mwaistp4,binary,"-3: na, wrong skip",-3,"na, wrong skip",TRUE,
161,Z,mwaistp4,binary,"-2: na, see C/DRM161",-2,"na, see C/DRM161",TRUE,
161,Z,mwaistp4,binary,"-1: no valid data / na, asked",-1,"no valid data / na, asked",TRUE,"Cross-wave coding conflict: -1 differs for C/D/E/2B (no valid data), G/H/3B/I/J (na, asked)"
161,Z,mwaistp4,binary,1: no,1,no,FALSE,
161,Z,mwaistp4,binary,2: yes,2,yes,FALSE,
161,Z,mwaistp5,binary,"-2: na, see H/B/I/JRM161",-2,"na, see H/B/I/JRM161",TRUE,
161,Z,mwaistp5,binary,"-1: na, asked",-1,"na, asked",TRUE,
161,Z,mwaistp5,binary,1: no,1,no,FALSE,
161,Z,mwaistp5,binary,2: yes,2,yes,FALSE,
161,Z,mweight,numeric,"-3: na, wrong skip",-3,"na, wrong skip",TRUE,
161,Z,mweight,numeric,"-2: na, see C/DRM161",-2,"na, see C/DRM161",TRUE,
161,Z,mweight,numeric,"-1: no valid data / na, asked",-1,"no valid data / na, asked",TRUE,"Cross-wave coding conflict: -1 differs for B/C/D/E/2B (no valid data), G/H/3B/I/J (na, asked)"
161,Z,mweight,numeric,1: no,1,no,FALSE,
161,Z,mweight,numeric,2: yes,2,yes,FALSE,
161,Z,mweightp,categorical,"-3: no measurement / na, wrong skip",-3,"no measurement / na, wrong skip",TRUE,"Cross-wave coding conflict: -3 differs for B (no measurement), C/D/G (na, wrong skip)"
161,Z,mweightp,categorical,"-2: no answer, skipped / na, see C/DRM161",-2,"no answer, skipped / na, see C/DRM161",TRUE,"Cross-wave coding conflict: -2 differs for B (no answer, skipped), C/D/2B/F/G/H/3B/I/J (na, see C/DRM161)"
161,Z,mweightp,categorical,"-1: no particularities scored / no valid data / na, asked",-1,"no particularities scored / no valid data / na, asked",TRUE,"Cross-wave coding conflict: -1 differs for B (no particularities scored), C/D/2B (no valid data), F/G/H/3B/I/J (na, asked)"
161,Z,mweightp,categorical,1: cannot stand / no / yes / no particularities,1,cannot stand / no / yes / no particularities,FALSE,"Cross-wave coding conflict: 1 differs for B (cannot stand), C/D/G/H/3B/I/J (no), 2B (yes), F (no particularities)"
161,Z,mweightp,categorical,2: clothes / yes / no / cannot stand,2,clothes / yes / no / cannot stand,FALSE,"Cross-wave coding conflict: 2 differs for B (clothes), C/D/G/H/3B/I/J (yes), 2B (no), F (cannot stand)"
161,Z,mweightp,categorical,3: corset / wears clothes,3,corset / wears clothes,FALSE,"Cross-wave coding conflict: 3 differs for B (corset), F (wears clothes)"
161,Z,mweightp,categorical,4: amputation / wears corset,4,amputation / wears corset,FALSE,"Cross-wave coding conflict: 4 differs for B (amputation), F (wears corset)"
161,Z,mweightp,categorical,5: brace / amputated,5,brace / amputated,FALSE,"Cross-wave coding conflict: 5 differs for B (brace), F (amputated)"
161,Z,mweightp,categorical,6: prosthesis / brace,6,prosthesis / brace,FALSE,"Cross-wave coding conflict: 6 differs for B (prosthesis), F (brace)"
161,Z,mweightp,categorical,7: >150kg / prosthesis,7,>150kg / prosthesis,FALSE,"Cross-wave coding conflict: 7 differs for B (>150kg), F (prosthesis)"
161,Z,mweightp,categorical,8: refused / wears shoes,8,refused / wears shoes,FALSE,"Cross-wave coding conflict: 8 differs for B (refused), F (wears shoes)"
161,Z,mweightp,categorical,9: weight > 150 kg,9,weight > 150 kg,FALSE,
161,Z,mweightp,categorical,10: R refused,10,R refused,FALSE,
161,Z,mweightp1,binary,"-3: na, wrong skip",-3,"na, wrong skip",TRUE,
161,Z,mweightp1,binary,"-2: na, see C/DMWEIGHTP",-2,"na, see C/DMWEIGHTP",TRUE,
161,Z,mweightp1,binary,"-1: no valid data / na, asked",-1,"no valid data / na, asked",TRUE,"Cross-wave coding conflict: -1 differs for C (no valid data), G/H/3B/I/J (na, asked)"
161,Z,mweightp1,binary,0: not mentioned,0,not mentioned,FALSE,
161,Z,mweightp1,binary,1: mentioned,1,mentioned,FALSE,
161,Z,mweightp2,binary,"-3: na, wrong skip",-3,"na, wrong skip",TRUE,
161,Z,mweightp2,binary,"-2: na, see C/DRM161",-2,"na, see C/DRM161",TRUE,
161,Z,mweightp2,binary,"-1: no valid data / na, asked",-1,"no valid data / na, asked",TRUE,"Cross-wave coding conflict: -1 differs for C/D/E/2B (no valid data), G/H/3B/I/J (na, asked)"
161,Z,mweightp2,binary,0: not mentioned,0,not mentioned,FALSE,
161,Z,mweightp2,binary,1: no / mentioned / yes,1,no / mentioned / yes,FALSE,"Cross-wave coding conflict: 1 differs for C/D/G/H/3B/I/J (no), E (mentioned), 2B (yes)"
161,Z,mweightp2,binary,2: yes / no,2,yes / no,FALSE,"Cross-wave coding conflict: 2 differs for C/D/G/H/3B/I/J (yes), 2B (no)"
161,Z,mweightp3,binary,"-3: na, wrong skip",-3,"na, wrong skip",TRUE,
161,Z,mweightp3,binary,"-2: na, see C/DRM161",-2,"na, see C/DRM161",TRUE,
161,Z,mweightp3,binary,"-1: no valid data / na, asked",-1,"no valid data / na, asked",TRUE,"Cross-wave coding conflict: -1 differs for C/D/2B (no valid data), G/H/3B/I/J (na, asked)"
161,Z,mweightp3,binary,1: no / yes,1,no / yes,FALSE,"Cross-wave coding conflict: 1 differs for C/D/G/H/3B/I/J (no), 2B (yes)"
161,Z,mweightp3,binary,2: yes / no,2,yes / no,FALSE,"Cross-wave coding conflict: 2 differs for C/D/G/H/3B/I/J (yes), 2B (no)"
161,Z,mweightp4,binary,"-3: na, wrong skip",-3,"na, wrong skip",TRUE,
161,Z,mweightp4,binary,"-2: na, see C/DRM161",-2,"na, see C/DRM161",TRUE,
161,Z,mweightp4,binary,"-1: no valid data / na, asked",-1,"no valid data / na, asked",TRUE,"Cross-wave coding conflict: -1 differs for C/D/2B (no valid data), G/H/3B/I/J (na, asked)"
161,Z,mweightp4,binary,1: no / yes,1,no / yes,FALSE,"Cross-wave coding conflict: 1 differs for C/D/G/H/3B/I/J (no), 2B (yes)"
161,Z,mweightp4,binary,2: yes / no,2,yes / no,FALSE,"Cross-wave coding conflict: 2 differs for C/D/G/H/3B/I/J (yes), 2B (no)"
161,Z,mweightp5,binary,"-3: na, wrong skip",-3,"na, wrong skip",TRUE,
161,Z,mweightp5,binary,"-2: na, see C/DRM161",-2,"na, see C/DRM161",TRUE,
161,Z,mweightp5,binary,"-1: no valid data / na, asked",-1,"no valid data / na, asked",TRUE,"Cross-wave coding conflict: -1 differs for C/D/2B (no valid data), G/H/3B/I/J (na, asked)"
161,Z,mweightp5,binary,1: no / yes,1,no / yes,FALSE,"Cross-wave coding conflict: 1 differs for C/D/G/H/3B/I/J (no), 2B (yes)"
161,Z,mweightp5,binary,2: yes / no,2,yes / no,FALSE,"Cross-wave coding conflict: 2 differs for C/D/G/H/3B/I/J (yes), 2B (no)"
161,Z,mweightp6,binary,"-3: na, wrong skip",-3,"na, wrong skip",TRUE,
161,Z,mweightp6,binary,"-2: na, see C/DRM161",-2,"na, see C/DRM161",TRUE,
161,Z,mweightp6,binary,"-1: no valid data / na, asked",-1,"no valid data / na, asked",TRUE,"Cross-wave coding conflict: -1 differs for C/D/2B (no valid data), G/H/3B/I/J (na, asked)"
161,Z,mweightp6,binary,1: no / yes,1,no / yes,FALSE,"Cross-wave coding conflict: 1 differs for C/D/G/H/3B/I/J (no), 2B (yes)"
161,Z,mweightp6,binary,2: yes / no,2,yes / no,FALSE,"Cross-wave coding conflict: 2 differs for C/D/G/H/3B/I/J (yes), 2B (no)"
161,Z,mweightp7,numeric,"-3: na, wrong skip",-3,"na, wrong skip",TRUE,
161,Z,mweightp7,numeric,"-2: na, see C/DRM161",-2,"na, see C/DRM161",TRUE,
161,Z,mweightp7,numeric,"-1: no valid data / na, asked",-1,"no valid data / na, asked",TRUE,"Cross-wave coding conflict: -1 differs for C/D/2B (no valid data), G/H/3B/I/J (na, asked)"
161,Z,mweightp7,numeric,1: no / yes,1,no / yes,FALSE,"Cross-wave coding conflict: 1 differs for C/D/G/H/3B/I/J (no), 2B (yes)"
161,Z,mweightp7,numeric,2: yes / no,2,yes / no,FALSE,"Cross-wave coding conflict: 2 differs for C/D/G/H/3B/I/J (yes), 2B (no)"
161,Z,mweightp8,binary,"-3: na, wrong skip",-3,"na, wrong skip",TRUE,
161,Z,mweightp8,binary,"-2: na, see C/DRM161",-2,"na, see C/DRM161",TRUE,
161,Z,mweightp8,binary,"-1: no valid data / na, asked",-1,"no valid data / na, asked",TRUE,"Cross-wave coding conflict: -1 differs for C/D/2B (no valid data), G/H/3B/I/J (na, asked)"
161,Z,mweightp8,binary,1: no / yes,1,no / yes,FALSE,"Cross-wave coding conflict: 1 differs for C/D/G/H/3B/I/J (no), 2B (yes)"
161,Z,mweightp8,binary,2: yes / no,2,yes / no,FALSE,"Cross-wave coding conflict: 2 differs for C/D/G/H/3B/I/J (yes), 2B (no)"
161,Z,mweightp9,categorical,"-3: na, wrong skip",-3,"na, wrong skip",TRUE,
161,Z,mweightp9,categorical,"-2: na, see C/DRM161",-2,"na, see C/DRM161",TRUE,
161,Z,mweightp9,categorical,"-1: no valid data / na, asked",-1,"no valid data / na, asked",TRUE,"Cross-wave coding conflict: -1 differs for D (no valid data), G/H/3B/I/J (na, asked)"
161,Z,mweightp9,categorical,1: no,1,no,FALSE,
161,Z,mweightp9,categorical,2: yes,2,yes,FALSE,
161,Z,mweightself,numeric,"-3: no measurement / na, wrong skip",-3,"no measurement / na, wrong skip",TRUE,"Cross-wave coding conflict: -3 differs for B (no measurement), C/D/E/2B/J (na, wrong skip)"
161,Z,mweightself,numeric,"-2: length measured / na, see C/MWEIGHTP1&8",-2,"length measured / na, see C/MWEIGHTP1&8",TRUE,"Cross-wave coding conflict: -2 differs for B (length measured), C/D/E/2B/F/G/H/3B/I/J (na, see C/MWEIGHTP1&8)"
161,Z,mweightself,numeric,"-1: no valid data / na, asked",-1,"no valid data / na, asked",TRUE,"Cross-wave coding conflict: -1 differs for B/C/D/E/2B (no valid data), F/G/H/3B/I/J (na, asked)"
161,Z,rm161,numeric,-2: valid data / interview terminated,-2,valid data / interview terminated,TRUE,"Cross-wave coding conflict: -2 differs for C/D/E/F/G/H/3B/I/J (valid data), D (interview terminated)"
161,Z,rm161,numeric,1: short version / short interview,1,short version / short interview,FALSE,"Cross-wave coding conflict: 1 differs for F/G (short version), H/3B/I/J (short interview)"
161,Z,rm161,numeric,2: interview terminated,2,interview terminated,FALSE,
