filecode,wave,canonical_name,variable_type,value_raw,value_numeric,value_label,is_missing,conflicts
014,B,hindep,categorical,independent(1),1,independent,FALSE,
014,B,hindep,categorical,residential home(2),2,residential home,FALSE,
014,B,hindep,categorical,nursing h-somatic(3),3,nursing h-somatic,FALSE,
014,B,hindep,categorical,nursing h-psych(4),4,nursing h-psych,FALSE,
014,B,hindep,categorical,hospital(5),5,hospital,FALSE,
014,B,hindep,categorical,psychiatric hospital(6),6,psychiatric hospital,FALSE,
014,B,hindep,categorical,monastery (added)(8),8,monastery (added),FALSE,
014,B,moved,categorical,no(1),1,no,FALSE,
014,B,moved,categorical,yes(2),2,yes,FALSE,
014,B,momonth,date,"na, short version(-4)",-4,"na, short version",TRUE,
014,B,momonth,date,"na, wrong skip(-3)",-3,"na, wrong skip",TRUE,
014,B,momonth,date,"na, see BMOVED(-2)",-2,"na, see BMOVED",TRUE,
014,B,momonth,date,"na, asked(-1)",-1,"na, asked",TRUE,
014,B,momonth,date,see Table *Month,NA,NA,NA,Unresolved PDF cross-reference: Table *MONTH is not defined in LASA014_varinfo.pdf.
014,B,moyear,date,"na, short version(-4)",-4,"na, short version",TRUE,
014,B,moyear,date,"na, wrong skip(-3)",-3,"na, wrong skip",TRUE,
014,B,moyear,date,"na, see BMOVED(-2)",-2,"na, see BMOVED",TRUE,
014,B,moyear,date,"na, asked(-1)",-1,"na, asked",TRUE,
014,B,housem,categorical,"na, see BHINDEP(-5)",-5,"na, see BHINDEP",TRUE,
014,B,housem,categorical,"na, short version(-4)",-4,"na, short version",TRUE,
014,B,housem,categorical,"na, wrong skip(-3)",-3,"na, wrong skip",TRUE,
014,B,housem,categorical,"na, see BMOVED(-2)",-2,"na, see BMOVED",TRUE,
014,B,housem,categorical,"na, asked(-1)",-1,"na, asked",TRUE,
014,B,housem,categorical,attached row(1),1,attached row,FALSE,
014,B,housem,categorical,semi-detached(2),2,semi-detached,FALSE,
014,B,housem,categorical,detached(3),3,detached,FALSE,
014,B,housem,categorical,high rise (elevator)(4),4,high rise (elevator),FALSE,
014,B,housem,categorical,high rise (no elevator)(5),5,high rise (no elevator),FALSE,
014,B,housem,categorical,low-level apt building(6),6,low-level apt building,FALSE,
014,B,housem,categorical,ground floor apartment(7),7,ground floor apartment,FALSE,
014,B,housem,categorical,apt build elderly (elevator)(8),8,apt build elderly (elevator),FALSE,
014,B,housem,categorical,home elderly (street level)(9),9,home elderly (street level),FALSE,
014,B,housem,categorical,service flat (home elderly)(10),10,service flat (home elderly),FALSE,
014,B,housem,categorical,semi-independent(11),11,semi-independent,FALSE,
014,B,housem,categorical,farm(12),12,farm,FALSE,
014,B,housem,categorical,houseboat(13),13,houseboat,FALSE,
014,B,housem,categorical,commune(14),14,commune,FALSE,
014,B,housem,categorical,other(15),15,other,FALSE,
014,B,houstyp,categorical,unknown(-1),-1,unknown,TRUE,
014,B,houstyp,categorical,attached row(1),1,attached row,FALSE,
014,B,houstyp,categorical,semi-detached(2),2,semi-detached,FALSE,
014,B,houstyp,categorical,detached(3),3,detached,FALSE,
014,B,houstyp,categorical,high rise (elevator)(4),4,high rise (elevator),FALSE,
014,B,houstyp,categorical,high rise (no elevator)(5),5,high rise (no elevator),FALSE,
014,B,houstyp,categorical,low-level apt building(6),6,low-level apt building,FALSE,
014,B,houstyp,categorical,ground floor apartment(7),7,ground floor apartment,FALSE,
014,B,houstyp,categorical,apt build elderly (elevator)(8),8,apt build elderly (elevator),FALSE,
014,B,houstyp,categorical,home elderly (street level)(9),9,home elderly (street level),FALSE,
014,B,houstyp,categorical,service flat (home elderly)(10),10,service flat (home elderly),FALSE,
014,B,houstyp,categorical,semi-independent(11),11,semi-independent,FALSE,
014,B,houstyp,categorical,farm(12),12,farm,FALSE,
014,B,houstyp,categorical,houseboat(13),13,houseboat,FALSE,
014,B,houstyp,categorical,commune(14),14,commune,FALSE,
014,B,houstyp,categorical,other(15),15,other,FALSE,
014,B,houstyp,categorical,institution(16),16,institution,FALSE,
014,B,houstyp,categorical,monastery(17),17,monastery,FALSE,
014,B,fdoor,numeric,"na, see BHINDEP(-5)",-5,"na, see BHINDEP",TRUE,
014,B,fdoor,numeric,"na, wrong skip(-3)",-3,"na, wrong skip",TRUE,
014,B,fdoor,numeric,"na, see BMOVED(-2)",-2,"na, see BMOVED",TRUE,
014,B,fdoor,numeric,na(-1),-1,na,TRUE,
014,B,fdoorc,numeric,monastery(-3),-3,monastery,TRUE,
014,B,fdoorc,numeric,institution(-2),-2,institution,TRUE,
014,B,fdoorc,numeric,unknown(-1),-1,unknown,TRUE,
014,B,rfdoor,categorical,"na, short version(-4)",-4,"na, short version",TRUE,
014,B,rfdoor,categorical,"na, see BFDOOR(-2)",-2,"na, see BFDOOR",TRUE,
014,B,rfdoor,categorical,na(-1),-1,na,TRUE,
014,B,rfdoor,categorical,only stairs(1),1,only stairs,FALSE,
014,B,rfdoor,categorical,elevator present(2),2,elevator present,FALSE,
014,B,rfdoor,categorical,other(3),3,other,FALSE,
014,B,nrooms,numeric,"na, see BHINDEP(-5)",-5,"na, see BHINDEP",TRUE,
014,B,nrooms,numeric,"na, short version(-4)",-4,"na, short version",TRUE,
014,B,nrooms,numeric,"na, wrong skip(-3)",-3,"na, wrong skip",TRUE,
014,B,nrooms,numeric,"na, see BMOVED(-2)",-2,"na, see BMOVED",TRUE,
014,B,nrooms,numeric,na(-1),-1,na,TRUE,
014,B,nroomsc,numeric,monastery(-3),-3,monastery,TRUE,
014,B,nroomsc,numeric,institution(-2),-2,institution,TRUE,
014,B,nroomsc,numeric,unknown(-1),-1,unknown,TRUE,
014,B,lrooms,binary,"na, see BHINDEP(-5)",-5,"na, see BHINDEP",TRUE,
014,B,lrooms,binary,"na, short version(-4)",-4,"na, short version",TRUE,
014,B,lrooms,binary,"na, wrong skip(-3)",-3,"na, wrong skip",TRUE,
014,B,lrooms,binary,"na, see BMOVED(-2)",-2,"na, see BMOVED",TRUE,
014,B,lrooms,binary,na(-1),-1,na,TRUE,
014,B,lrooms,binary,no(1),1,no,FALSE,
014,B,lrooms,binary,yes(2),2,yes,FALSE,
014,B,specadj,binary,"na, wrong skip(-3)",-3,"na, wrong skip",TRUE,
014,B,specadj,binary,"na, asked(-1)",-1,"na, asked",TRUE,
014,B,specadj,binary,no(0),0,no,FALSE,
014,B,specadj,binary,yes(1),1,yes,FALSE,
014,B,spec01,binary,"na, wrong skip(-3)",-3,"na, wrong skip",TRUE,
014,B,spec01,binary,"na, see BSPECADJ(-2)",-2,"na, see BSPECADJ",TRUE,
014,B,spec01,binary,"na, asked(-1)",-1,"na, asked",TRUE,
014,B,spec01,binary,not mentioned(0),0,not mentioned,FALSE,
014,B,spec01,binary,mentioned(1),1,mentioned,FALSE,
014,B,spec02,binary,"see bspec01 -> na, wrong skip(-3)",-3,"na, wrong skip",TRUE,
014,B,spec02,binary,"see bspec01 -> na, see BSPECADJ(-2)",-2,"na, see BSPECADJ",TRUE,
014,B,spec02,binary,"see bspec01 -> na, asked(-1)",-1,"na, asked",TRUE,
014,B,spec02,binary,see bspec01 -> not mentioned(0),0,not mentioned,FALSE,
014,B,spec02,binary,see bspec01 -> mentioned(1),1,mentioned,FALSE,
014,B,spec03,binary,"see bspec01 -> na, wrong skip(-3)",-3,"na, wrong skip",TRUE,
014,B,spec03,binary,"see bspec01 -> na, see BSPECADJ(-2)",-2,"na, see BSPECADJ",TRUE,
014,B,spec03,binary,"see bspec01 -> na, asked(-1)",-1,"na, asked",TRUE,
014,B,spec03,binary,see bspec01 -> not mentioned(0),0,not mentioned,FALSE,
014,B,spec03,binary,see bspec01 -> mentioned(1),1,mentioned,FALSE,
014,B,spec04,binary,"see bspec01 -> na, wrong skip(-3)",-3,"na, wrong skip",TRUE,
014,B,spec04,binary,"see bspec01 -> na, see BSPECADJ(-2)",-2,"na, see BSPECADJ",TRUE,
014,B,spec04,binary,"see bspec01 -> na, asked(-1)",-1,"na, asked",TRUE,
014,B,spec04,binary,see bspec01 -> not mentioned(0),0,not mentioned,FALSE,
014,B,spec04,binary,see bspec01 -> mentioned(1),1,mentioned,FALSE,
014,B,spec05,binary,"see bspec01 -> na, wrong skip(-3)",-3,"na, wrong skip",TRUE,
014,B,spec05,binary,"see bspec01 -> na, see BSPECADJ(-2)",-2,"na, see BSPECADJ",TRUE,
014,B,spec05,binary,"see bspec01 -> na, asked(-1)",-1,"na, asked",TRUE,
014,B,spec05,binary,see bspec01 -> not mentioned(0),0,not mentioned,FALSE,
014,B,spec05,binary,see bspec01 -> mentioned(1),1,mentioned,FALSE,
014,B,spec06,binary,"na, see BHINDEP(-5)",-5,"na, see BHINDEP",TRUE,
014,B,spec06,binary,"na, wrong skip(-3)",-3,"na, wrong skip",TRUE,
014,B,spec06,binary,"na, see BSPECADJ(-2)",-2,"na, see BSPECADJ",TRUE,
014,B,spec06,binary,"na, asked(-1)",-1,"na, asked",TRUE,
014,B,spec06,binary,not mentioned(0),0,not mentioned,FALSE,
014,B,spec06,binary,mentioned(1),1,mentioned,FALSE,
014,B,spec07,binary,"na, see BHINDEP(-5)",-5,"na, see BHINDEP",TRUE,
014,B,spec07,binary,"na, wrong skip(-3)",-3,"na, wrong skip",TRUE,
014,B,spec07,binary,"na, see BSPECADJ(-2)",-2,"na, see BSPECADJ",TRUE,
014,B,spec07,binary,"na, asked(-1)",-1,"na, asked",TRUE,
014,B,spec07,binary,not mentioned(0),0,not mentioned,FALSE,
014,B,spec07,binary,mentioned(1),1,mentioned,FALSE,
014,B,spec08,binary,"see bspec01 -> na, wrong skip(-3)",-3,"na, wrong skip",TRUE,
014,B,spec08,binary,"see bspec01 -> na, see BSPECADJ(-2)",-2,"na, see BSPECADJ",TRUE,
014,B,spec08,binary,"see bspec01 -> na, asked(-1)",-1,"na, asked",TRUE,
014,B,spec08,binary,see bspec01 -> not mentioned(0),0,not mentioned,FALSE,
014,B,spec08,binary,see bspec01 -> mentioned(1),1,mentioned,FALSE,
014,B,spec09,binary,"see bspec01 -> na, wrong skip(-3)",-3,"na, wrong skip",TRUE,
014,B,spec09,binary,"see bspec01 -> na, see BSPECADJ(-2)",-2,"na, see BSPECADJ",TRUE,
014,B,spec09,binary,"see bspec01 -> na, asked(-1)",-1,"na, asked",TRUE,
014,B,spec09,binary,see bspec01 -> not mentioned(0),0,not mentioned,FALSE,
014,B,spec09,binary,see bspec01 -> mentioned(1),1,mentioned,FALSE,
014,B,spec10,binary,"see bspec01 -> na, wrong skip(-3)",-3,"na, wrong skip",TRUE,
014,B,spec10,binary,"see bspec01 -> na, see BSPECADJ(-2)",-2,"na, see BSPECADJ",TRUE,
014,B,spec10,binary,"see bspec01 -> na, asked(-1)",-1,"na, asked",TRUE,
014,B,spec10,binary,see bspec01 -> not mentioned(0),0,not mentioned,FALSE,
014,B,spec10,binary,see bspec01 -> mentioned(1),1,mentioned,FALSE,
014,B,spec11,binary,"see bspec01 -> na, wrong skip(-3)",-3,"na, wrong skip",TRUE,
014,B,spec11,binary,"see bspec01 -> na, see BSPECADJ(-2)",-2,"na, see BSPECADJ",TRUE,
014,B,spec11,binary,"see bspec01 -> na, asked(-1)",-1,"na, asked",TRUE,
014,B,spec11,binary,see bspec01 -> not mentioned(0),0,not mentioned,FALSE,
014,B,spec11,binary,see bspec01 -> mentioned(1),1,mentioned,FALSE,
014,B,spec12,binary,"see bspec01 -> na, wrong skip(-3)",-3,"na, wrong skip",TRUE,
014,B,spec12,binary,"see bspec01 -> na, see BSPECADJ(-2)",-2,"na, see BSPECADJ",TRUE,
014,B,spec12,binary,"see bspec01 -> na, asked(-1)",-1,"na, asked",TRUE,
014,B,spec12,binary,see bspec01 -> not mentioned(0),0,not mentioned,FALSE,
014,B,spec12,binary,see bspec01 -> mentioned(1),1,mentioned,FALSE,
014,B,spec13,binary,"see bspec01 -> na, wrong skip(-3)",-3,"na, wrong skip",TRUE,
014,B,spec13,binary,"see bspec01 -> na, see BSPECADJ(-2)",-2,"na, see BSPECADJ",TRUE,
014,B,spec13,binary,"see bspec01 -> na, asked(-1)",-1,"na, asked",TRUE,
014,B,spec13,binary,see bspec01 -> not mentioned(0),0,not mentioned,FALSE,
014,B,spec13,binary,see bspec01 -> mentioned(1),1,mentioned,FALSE,
014,B,spec14,binary,"na, see BHINDEP(-5)",-5,"na, see BHINDEP",TRUE,
014,B,spec14,binary,"na, wrong skip(-3)",-3,"na, wrong skip",TRUE,
014,B,spec14,binary,"na, see BSPECADJ(-2)",-2,"na, see BSPECADJ",TRUE,
014,B,spec14,binary,"na, asked(-1)",-1,"na, asked",TRUE,
014,B,spec14,binary,not mentioned(0),0,not mentioned,FALSE,
014,B,spec14,binary,mentioned(1),1,mentioned,FALSE,
014,B,spec15,binary,"na, see BHINDEP(-5)",-5,"na, see BHINDEP",TRUE,
014,B,spec15,binary,"na, wrong skip(-3)",-3,"na, wrong skip",TRUE,
014,B,spec15,binary,"na, see BSPECADJ(-2)",-2,"na, see BSPECADJ",TRUE,
014,B,spec15,binary,"na, asked(-1)",-1,"na, asked",TRUE,
014,B,spec15,binary,not mentioned(0),0,not mentioned,FALSE,
014,B,spec15,binary,mentioned(1),1,mentioned,FALSE,
014,B,spec16,binary,"na, see BHINDEP(-5)",-5,"na, see BHINDEP",TRUE,
014,B,spec16,binary,"na, wrong skip(-3)",-3,"na, wrong skip",TRUE,
014,B,spec16,binary,"na, see BSPECADJ(-2)",-2,"na, see BSPECADJ",TRUE,
014,B,spec16,binary,"na, asked(-1)",-1,"na, asked",TRUE,
014,B,spec16,binary,not mentioned(0),0,not mentioned,FALSE,
014,B,spec16,binary,mentioned(1),1,mentioned,FALSE,
014,B,spec17,binary,"see bspec01 -> na, wrong skip(-3)",-3,"na, wrong skip",TRUE,
014,B,spec17,binary,"see bspec01 -> na, see BSPECADJ(-2)",-2,"na, see BSPECADJ",TRUE,
014,B,spec17,binary,"see bspec01 -> na, asked(-1)",-1,"na, asked",TRUE,
014,B,spec17,binary,see bspec01 -> not mentioned(0),0,not mentioned,FALSE,
014,B,spec17,binary,see bspec01 -> mentioned(1),1,mentioned,FALSE,
014,B,satis,ordinal,"na, short version(-4)",-4,"na, short version",TRUE,
014,B,satis,ordinal,wrong skip(-3),-3,wrong skip,TRUE,
014,B,satis,ordinal,"na, routing(-2)",-2,"na, routing",TRUE,
014,B,satis,ordinal,"na, asked(-1)",-1,"na, asked",TRUE,
014,B,satis,ordinal,dissatisfied(1),1,dissatisfied,FALSE,
014,B,satis,ordinal,no satisfied/dissatisfy(2),2,no satisfied/dissatisfy,FALSE,
014,B,satis,ordinal,satisfied(3),3,satisfied,FALSE,
014,B,satis01,binary,"na, see BSATIS(-2)",-2,"na, see BSATIS",TRUE,
014,B,satis01,binary,"na, asked(-1)",-1,"na, asked",TRUE,
014,B,satis01,binary,not mentioned(0),0,not mentioned,FALSE,
014,B,satis01,binary,mentioned(1),1,mentioned,FALSE,
014,B,satis02,binary,"see batis01 -> na, see BSATIS(-2)",-2,"na, see BSATIS",TRUE,
014,B,satis02,binary,"see batis01 -> na, asked(-1)",-1,"na, asked",TRUE,
014,B,satis02,binary,see batis01 -> not mentioned(0),0,not mentioned,FALSE,
014,B,satis02,binary,see batis01 -> mentioned(1),1,mentioned,FALSE,
014,B,satis03,binary,"see batis01 -> na, see BSATIS(-2)",-2,"na, see BSATIS",TRUE,
014,B,satis03,binary,"see batis01 -> na, asked(-1)",-1,"na, asked",TRUE,
014,B,satis03,binary,see batis01 -> not mentioned(0),0,not mentioned,FALSE,
014,B,satis03,binary,see batis01 -> mentioned(1),1,mentioned,FALSE,
014,B,satis04,binary,"see batis01 -> na, see BSATIS(-2)",-2,"na, see BSATIS",TRUE,
014,B,satis04,binary,"see batis01 -> na, asked(-1)",-1,"na, asked",TRUE,
014,B,satis04,binary,see batis01 -> not mentioned(0),0,not mentioned,FALSE,
014,B,satis04,binary,see batis01 -> mentioned(1),1,mentioned,FALSE,
014,B,satis05,binary,"see batis01 -> na, see BSATIS(-2)",-2,"na, see BSATIS",TRUE,
014,B,satis05,binary,"see batis01 -> na, asked(-1)",-1,"na, asked",TRUE,
014,B,satis05,binary,see batis01 -> not mentioned(0),0,not mentioned,FALSE,
014,B,satis05,binary,see batis01 -> mentioned(1),1,mentioned,FALSE,
014,B,satis06,binary,"see batis01 -> na, see BSATIS(-2)",-2,"na, see BSATIS",TRUE,
014,B,satis06,binary,"see batis01 -> na, asked(-1)",-1,"na, asked",TRUE,
014,B,satis06,binary,see batis01 -> not mentioned(0),0,not mentioned,FALSE,
014,B,satis06,binary,see batis01 -> mentioned(1),1,mentioned,FALSE,
014,B,satis07,binary,"see batis01 -> na, see BSATIS(-2)",-2,"na, see BSATIS",TRUE,
014,B,satis07,binary,"see batis01 -> na, asked(-1)",-1,"na, asked",TRUE,
014,B,satis07,binary,see batis01 -> not mentioned(0),0,not mentioned,FALSE,
014,B,satis07,binary,see batis01 -> mentioned(1),1,mentioned,FALSE,
014,B,satis08,binary,"see batis01 -> na, see BSATIS(-2)",-2,"na, see BSATIS",TRUE,
014,B,satis08,binary,"see batis01 -> na, asked(-1)",-1,"na, asked",TRUE,
014,B,satis08,binary,see batis01 -> not mentioned(0),0,not mentioned,FALSE,
014,B,satis08,binary,see batis01 -> mentioned(1),1,mentioned,FALSE,
014,B,satis09,binary,"see batis01 -> na, see BSATIS(-2)",-2,"na, see BSATIS",TRUE,
014,B,satis09,binary,"see batis01 -> na, asked(-1)",-1,"na, asked",TRUE,
014,B,satis09,binary,see batis01 -> not mentioned(0),0,not mentioned,FALSE,
014,B,satis09,binary,see batis01 -> mentioned(1),1,mentioned,FALSE,
014,C,hindep,categorical,"na, wrong skip(-3)",-3,"na, wrong skip",TRUE,
014,C,hindep,categorical,"na, see C/D/E/F/GMOVED(-2)",-2,"na, see C/D/E/F/GMOVED",TRUE,
014,C,hindep,categorical,"na, asked(-1)",-1,"na, asked",TRUE,
014,C,hindep,categorical,independent(1),1,independent,FALSE,
014,C,hindep,categorical,residential home(2),2,residential home,FALSE,
014,C,hindep,categorical,nursing h-somatic(3),3,nursing h-somatic,FALSE,
014,C,hindep,categorical,nursing h-psych(4),4,nursing h-psych,FALSE,
014,C,hindep,categorical,hospital(5),5,hospital,FALSE,
014,C,hindep,categorical,psychiatric hospital(6),6,psychiatric hospital,FALSE,
014,C,hindep,categorical,monastery(8),8,monastery,FALSE,
014,D,hindep,categorical,"na, wrong skip(-3)",-3,"na, wrong skip",TRUE,
014,D,hindep,categorical,"na, see C/D/E/F/GMOVED(-2)",-2,"na, see C/D/E/F/GMOVED",TRUE,
014,D,hindep,categorical,"na, asked(-1)",-1,"na, asked",TRUE,
014,D,hindep,categorical,independent(1),1,independent,FALSE,
014,D,hindep,categorical,residential home(2),2,residential home,FALSE,
014,D,hindep,categorical,nursing h-somatic(3),3,nursing h-somatic,FALSE,
014,D,hindep,categorical,nursing h-psych(4),4,nursing h-psych,FALSE,
014,D,hindep,categorical,hospital(5),5,hospital,FALSE,
014,D,hindep,categorical,psychiatric hospital(6),6,psychiatric hospital,FALSE,
014,D,hindep,categorical,monastery(8),8,monastery,FALSE,
014,E,hindep,categorical,"na, wrong skip(-3)",-3,"na, wrong skip",TRUE,
014,E,hindep,categorical,"na, see C/D/E/F/GMOVED(-2)",-2,"na, see C/D/E/F/GMOVED",TRUE,
014,E,hindep,categorical,"na, asked(-1)",-1,"na, asked",TRUE,
014,E,hindep,categorical,independent(1),1,independent,FALSE,
014,E,hindep,categorical,residential home(2),2,residential home,FALSE,
014,E,hindep,categorical,nursing h-somatic(3),3,nursing h-somatic,FALSE,
014,E,hindep,categorical,nursing h-psych(4),4,nursing h-psych,FALSE,
014,E,hindep,categorical,hospital(5),5,hospital,FALSE,
014,E,hindep,categorical,psychiatric hospital(6),6,psychiatric hospital,FALSE,
014,E,hindep,categorical,monastery(8),8,monastery,FALSE,
014,F,hindep,categorical,"na, wrong skip(-3)",-3,"na, wrong skip",TRUE,
014,F,hindep,categorical,"na, see C/D/E/F/GMOVED(-2)",-2,"na, see C/D/E/F/GMOVED",TRUE,
014,F,hindep,categorical,"na, asked(-1)",-1,"na, asked",TRUE,
014,F,hindep,categorical,independent(1),1,independent,FALSE,
014,F,hindep,categorical,residential home(2),2,residential home,FALSE,
014,F,hindep,categorical,nursing h-somatic(3),3,nursing h-somatic,FALSE,
014,F,hindep,categorical,nursing h-psych(4),4,nursing h-psych,FALSE,
014,F,hindep,categorical,hospital(5),5,hospital,FALSE,
014,F,hindep,categorical,psychiatric hospital(6),6,psychiatric hospital,FALSE,
014,F,hindep,categorical,monastery(8),8,monastery,FALSE,
014,G,hindep,categorical,"na, wrong skip(-3)",-3,"na, wrong skip",TRUE,
014,G,hindep,categorical,"na, see C/D/E/F/GMOVED(-2)",-2,"na, see C/D/E/F/GMOVED",TRUE,
014,G,hindep,categorical,"na, asked(-1)",-1,"na, asked",TRUE,
014,G,hindep,categorical,independent(1),1,independent,FALSE,
014,G,hindep,categorical,residential home(2),2,residential home,FALSE,
014,G,hindep,categorical,nursing h-somatic(3),3,nursing h-somatic,FALSE,
014,G,hindep,categorical,nursing h-psych(4),4,nursing h-psych,FALSE,
014,G,hindep,categorical,hospital(5),5,hospital,FALSE,
014,G,hindep,categorical,psychiatric hospital(6),6,psychiatric hospital,FALSE,
014,G,hindep,categorical,monastery(8),8,monastery,FALSE,
014,C,moved,categorical,"na, asked(-1)",-1,"na, asked",TRUE,
014,C,moved,categorical,no(1),1,no,FALSE,
014,C,moved,categorical,yes(2),2,yes,FALSE,
014,D,moved,categorical,"na, asked(-1)",-1,"na, asked",TRUE,
014,D,moved,categorical,no(1),1,no,FALSE,
014,D,moved,categorical,yes(2),2,yes,FALSE,
014,E,moved,categorical,"na, asked(-1)",-1,"na, asked",TRUE,
014,E,moved,categorical,no(1),1,no,FALSE,
014,E,moved,categorical,yes(2),2,yes,FALSE,
014,F,moved,categorical,"na, asked(-1)",-1,"na, asked",TRUE,
014,F,moved,categorical,no(1),1,no,FALSE,
014,F,moved,categorical,yes(2),2,yes,FALSE,
014,F,moved,categorical,"yes, temporarily living elsewhere(3)",3,"yes, temporarily living elsewhere",FALSE,
014,F,moved,categorical,lived temporarily elsewhere(4),4,lived temporarily elsewhere,FALSE,
014,G,moved,categorical,"na, asked(-1)",-1,"na, asked",TRUE,
014,G,moved,categorical,no(1),1,no,FALSE,
014,G,moved,categorical,yes(2),2,yes,FALSE,
014,G,moved,categorical,"yes, temporarily living elsewhere(3)",3,"yes, temporarily living elsewhere",FALSE,
014,G,moved,categorical,lived temporarily elsewhere(4),4,lived temporarily elsewhere,FALSE,
014,C,momonth,date,"na, wrong skip(-3)",-3,"na, wrong skip",TRUE,
014,C,momonth,date,"na, see C/D/E/F/GMOVED(-2)",-2,"na, see C/D/E/F/GMOVED",TRUE,
014,C,momonth,date,"na, asked(-1)",-1,"na, asked",TRUE,
014,C,momonth,date,see Table *Month,NA,NA,NA,Unresolved PDF cross-reference: Table *MONTH is not defined in LASA014_varinfo.pdf.
014,D,momonth,date,"na, wrong skip(-3)",-3,"na, wrong skip",TRUE,
014,D,momonth,date,"na, see C/D/E/F/GMOVED(-2)",-2,"na, see C/D/E/F/GMOVED",TRUE,
014,D,momonth,date,"na, asked(-1)",-1,"na, asked",TRUE,
014,D,momonth,date,see Table *Month,NA,NA,NA,Unresolved PDF cross-reference: Table *MONTH is not defined in LASA014_varinfo.pdf.
014,E,momonth,date,"na, wrong skip(-3)",-3,"na, wrong skip",TRUE,
014,E,momonth,date,"na, see C/D/E/F/GMOVED(-2)",-2,"na, see C/D/E/F/GMOVED",TRUE,
014,E,momonth,date,"na, asked(-1)",-1,"na, asked",TRUE,
014,E,momonth,date,see Table *Month,NA,NA,NA,Unresolved PDF cross-reference: Table *MONTH is not defined in LASA014_varinfo.pdf.
014,F,momonth,date,"na, wrong skip(-3)",-3,"na, wrong skip",TRUE,
014,F,momonth,date,"na, see C/D/E/F/GMOVED(-2)",-2,"na, see C/D/E/F/GMOVED",TRUE,
014,F,momonth,date,"na, asked(-1)",-1,"na, asked",TRUE,
014,F,momonth,date,see Table *Month,NA,NA,NA,Unresolved PDF cross-reference: Table *MONTH is not defined in LASA014_varinfo.pdf.
014,G,momonth,date,"na, wrong skip(-3)",-3,"na, wrong skip",TRUE,
014,G,momonth,date,"na, see C/D/E/F/GMOVED(-2)",-2,"na, see C/D/E/F/GMOVED",TRUE,
014,G,momonth,date,"na, asked(-1)",-1,"na, asked",TRUE,
014,G,momonth,date,see Table *Month,NA,NA,NA,Unresolved PDF cross-reference: Table *MONTH is not defined in LASA014_varinfo.pdf.
014,C,moyear,date,"na, wrong skip(-3)",-3,"na, wrong skip",TRUE,
014,C,moyear,date,"na, see C/D/E/F/GMOVED(-2)",-2,"na, see C/D/E/F/GMOVED",TRUE,
014,C,moyear,date,"na, asked(-1)",-1,"na, asked",TRUE,
014,D,moyear,date,"na, wrong skip(-3)",-3,"na, wrong skip",TRUE,
014,D,moyear,date,"na, see C/D/E/F/GMOVED(-2)",-2,"na, see C/D/E/F/GMOVED",TRUE,
014,D,moyear,date,"na, asked(-1)",-1,"na, asked",TRUE,
014,E,moyear,date,"na, wrong skip(-3)",-3,"na, wrong skip",TRUE,
014,E,moyear,date,"na, see C/D/E/F/GMOVED(-2)",-2,"na, see C/D/E/F/GMOVED",TRUE,
014,E,moyear,date,"na, asked(-1)",-1,"na, asked",TRUE,
014,F,moyear,date,"na, wrong skip(-3)",-3,"na, wrong skip",TRUE,
014,F,moyear,date,"na, see C/D/E/F/GMOVED(-2)",-2,"na, see C/D/E/F/GMOVED",TRUE,
014,F,moyear,date,"na, asked(-1)",-1,"na, asked",TRUE,
014,G,moyear,date,"na, wrong skip(-3)",-3,"na, wrong skip",TRUE,
014,G,moyear,date,"na, see C/D/E/F/GMOVED(-2)",-2,"na, see C/D/E/F/GMOVED",TRUE,
014,G,moyear,date,"na, asked(-1)",-1,"na, asked",TRUE,
014,C,housem,categorical,"na, see C/D/E/F/GHINDEP(-5)",-5,"na, see C/D/E/F/GHINDEP",TRUE,
014,C,housem,categorical,"na, wrong skip(-3)",-3,"na, wrong skip",TRUE,
014,C,housem,categorical,"na, see C/D/E/F/GMOVED(-2)",-2,"na, see C/D/E/F/GMOVED",TRUE,
014,C,housem,categorical,"na, asked(-1)",-1,"na, asked",TRUE,
014,C,housem,categorical,attached row(1),1,attached row,FALSE,
014,C,housem,categorical,semi-detached(2),2,semi-detached,FALSE,
014,C,housem,categorical,detached(3),3,detached,FALSE,
014,C,housem,categorical,high rise (elevator)(4),4,high rise (elevator),FALSE,
014,C,housem,categorical,high rise (no elevator)(5),5,high rise (no elevator),FALSE,
014,C,housem,categorical,low-level apt building(6),6,low-level apt building,FALSE,
014,C,housem,categorical,ground floor apartment(7),7,ground floor apartment,FALSE,
014,C,housem,categorical,apt build elderly (elevator)(8),8,apt build elderly (elevator),FALSE,
014,C,housem,categorical,home elderly (street level)(9),9,home elderly (street level),FALSE,
014,C,housem,categorical,service flat (home elderly)(10),10,service flat (home elderly),FALSE,
014,C,housem,categorical,semi-independent(11),11,semi-independent,FALSE,
014,C,housem,categorical,farm(12),12,farm,FALSE,
014,C,housem,categorical,houseboat(13),13,houseboat,FALSE,
014,C,housem,categorical,commune(14),14,commune,FALSE,
014,C,housem,categorical,other (documented)(15),15,other (documented),FALSE,
014,D,housem,categorical,"na, see C/D/E/F/GHINDEP(-5)",-5,"na, see C/D/E/F/GHINDEP",TRUE,
014,D,housem,categorical,"na, wrong skip(-3)",-3,"na, wrong skip",TRUE,
014,D,housem,categorical,"na, see C/D/E/F/GMOVED(-2)",-2,"na, see C/D/E/F/GMOVED",TRUE,
014,D,housem,categorical,"na, asked(-1)",-1,"na, asked",TRUE,
014,D,housem,categorical,attached row(1),1,attached row,FALSE,
014,D,housem,categorical,semi-detached(2),2,semi-detached,FALSE,
014,D,housem,categorical,detached(3),3,detached,FALSE,
014,D,housem,categorical,high rise (elevator)(4),4,high rise (elevator),FALSE,
014,D,housem,categorical,high rise (no elevator)(5),5,high rise (no elevator),FALSE,
014,D,housem,categorical,low-level apt building(6),6,low-level apt building,FALSE,
014,D,housem,categorical,ground floor apartment(7),7,ground floor apartment,FALSE,
014,D,housem,categorical,apt build elderly (elevator)(8),8,apt build elderly (elevator),FALSE,
014,D,housem,categorical,home elderly (street level)(9),9,home elderly (street level),FALSE,
014,D,housem,categorical,service flat (home elderly)(10),10,service flat (home elderly),FALSE,
014,D,housem,categorical,semi-independent(11),11,semi-independent,FALSE,
014,D,housem,categorical,farm(12),12,farm,FALSE,
014,D,housem,categorical,houseboat(13),13,houseboat,FALSE,
014,D,housem,categorical,commune(14),14,commune,FALSE,
014,D,housem,categorical,other (documented)(15),15,other (documented),FALSE,
014,E,housem,categorical,"na, see C/D/E/F/GHINDEP(-5)",-5,"na, see C/D/E/F/GHINDEP",TRUE,
014,E,housem,categorical,"na, wrong skip(-3)",-3,"na, wrong skip",TRUE,
014,E,housem,categorical,"na, see C/D/E/F/GMOVED(-2)",-2,"na, see C/D/E/F/GMOVED",TRUE,
014,E,housem,categorical,"na, asked(-1)",-1,"na, asked",TRUE,
014,E,housem,categorical,attached row(1),1,attached row,FALSE,
014,E,housem,categorical,semi-detached(2),2,semi-detached,FALSE,
014,E,housem,categorical,detached(3),3,detached,FALSE,
014,E,housem,categorical,high rise (elevator)(4),4,high rise (elevator),FALSE,
014,E,housem,categorical,high rise (no elevator)(5),5,high rise (no elevator),FALSE,
014,E,housem,categorical,low-level apt building(6),6,low-level apt building,FALSE,
014,E,housem,categorical,ground floor apartment(7),7,ground floor apartment,FALSE,
014,E,housem,categorical,apt build elderly (elevator)(8),8,apt build elderly (elevator),FALSE,
014,E,housem,categorical,home elderly (street level)(9),9,home elderly (street level),FALSE,
014,E,housem,categorical,service flat (home elderly)(10),10,service flat (home elderly),FALSE,
014,E,housem,categorical,semi-independent(11),11,semi-independent,FALSE,
014,E,housem,categorical,farm(12),12,farm,FALSE,
014,E,housem,categorical,houseboat(13),13,houseboat,FALSE,
014,E,housem,categorical,commune(14),14,commune,FALSE,
014,E,housem,categorical,other (documented)(15),15,other (documented),FALSE,
014,F,housem,categorical,"na, see C/D/E/F/GHINDEP(-5)",-5,"na, see C/D/E/F/GHINDEP",TRUE,
014,F,housem,categorical,"na, wrong skip(-3)",-3,"na, wrong skip",TRUE,
014,F,housem,categorical,"na, see C/D/E/F/GMOVED(-2)",-2,"na, see C/D/E/F/GMOVED",TRUE,
014,F,housem,categorical,"na, asked(-1)",-1,"na, asked",TRUE,
014,F,housem,categorical,attached row(1),1,attached row,FALSE,
014,F,housem,categorical,semi-detached(2),2,semi-detached,FALSE,
014,F,housem,categorical,detached(3),3,detached,FALSE,
014,F,housem,categorical,high rise (elevator)(4),4,high rise (elevator),FALSE,
014,F,housem,categorical,high rise (no elevator)(5),5,high rise (no elevator),FALSE,
014,F,housem,categorical,low-level apt building(6),6,low-level apt building,FALSE,
014,F,housem,categorical,ground floor apartment(7),7,ground floor apartment,FALSE,
014,F,housem,categorical,apt build elderly (elevator)(8),8,apt build elderly (elevator),FALSE,
014,F,housem,categorical,home elderly (street level)(9),9,home elderly (street level),FALSE,
014,F,housem,categorical,service flat (home elderly)(10),10,service flat (home elderly),FALSE,
014,F,housem,categorical,semi-independent(11),11,semi-independent,FALSE,
014,F,housem,categorical,farm(12),12,farm,FALSE,
014,F,housem,categorical,houseboat(13),13,houseboat,FALSE,
014,F,housem,categorical,commune(14),14,commune,FALSE,
014,F,housem,categorical,other (documented)(15),15,other (documented),FALSE,
014,G,housem,categorical,"na, see C/D/E/F/GHINDEP(-5)",-5,"na, see C/D/E/F/GHINDEP",TRUE,
014,G,housem,categorical,"na, wrong skip(-3)",-3,"na, wrong skip",TRUE,
014,G,housem,categorical,"na, see C/D/E/F/GMOVED(-2)",-2,"na, see C/D/E/F/GMOVED",TRUE,
014,G,housem,categorical,"na, asked(-1)",-1,"na, asked",TRUE,
014,G,housem,categorical,attached row(1),1,attached row,FALSE,
014,G,housem,categorical,semi-detached(2),2,semi-detached,FALSE,
014,G,housem,categorical,detached(3),3,detached,FALSE,
014,G,housem,categorical,high rise (elevator)(4),4,high rise (elevator),FALSE,
014,G,housem,categorical,high rise (no elevator)(5),5,high rise (no elevator),FALSE,
014,G,housem,categorical,low-level apt building(6),6,low-level apt building,FALSE,
014,G,housem,categorical,ground floor apartment(7),7,ground floor apartment,FALSE,
014,G,housem,categorical,apt build elderly (elevator)(8),8,apt build elderly (elevator),FALSE,
014,G,housem,categorical,home elderly (street level)(9),9,home elderly (street level),FALSE,
014,G,housem,categorical,service flat (home elderly)(10),10,service flat (home elderly),FALSE,
014,G,housem,categorical,semi-independent(11),11,semi-independent,FALSE,
014,G,housem,categorical,farm(12),12,farm,FALSE,
014,G,housem,categorical,houseboat(13),13,houseboat,FALSE,
014,G,housem,categorical,commune(14),14,commune,FALSE,
014,G,housem,categorical,other (documented)(15),15,other (documented),FALSE,
014,C,houstyp,categorical,unknown(-1),-1,unknown,TRUE,
014,C,houstyp,categorical,attached row(1),1,attached row,FALSE,
014,C,houstyp,categorical,semi-detached(2),2,semi-detached,FALSE,
014,C,houstyp,categorical,detached(3),3,detached,FALSE,
014,C,houstyp,categorical,high rise (elevator)(4),4,high rise (elevator),FALSE,
014,C,houstyp,categorical,high rise (no elevator)(5),5,high rise (no elevator),FALSE,
014,C,houstyp,categorical,low-level apt building(6),6,low-level apt building,FALSE,
014,C,houstyp,categorical,ground floor apartment(7),7,ground floor apartment,FALSE,
014,C,houstyp,categorical,apt build elderly (elevator)(8),8,apt build elderly (elevator),FALSE,
014,C,houstyp,categorical,home elderly (street level)(9),9,home elderly (street level),FALSE,
014,C,houstyp,categorical,service flat (home elderly)(10),10,service flat (home elderly),FALSE,
014,C,houstyp,categorical,semi-independent(11),11,semi-independent,FALSE,
014,C,houstyp,categorical,farm(12),12,farm,FALSE,
014,C,houstyp,categorical,houseboat(13),13,houseboat,FALSE,
014,C,houstyp,categorical,commune(14),14,commune,FALSE,
014,C,houstyp,categorical,other(15),15,other,FALSE,
014,C,houstyp,categorical,institution(16),16,institution,FALSE,
014,C,houstyp,categorical,monastery(17),17,monastery,FALSE,
014,D,houstyp,categorical,unknown(-1),-1,unknown,TRUE,
014,D,houstyp,categorical,attached row(1),1,attached row,FALSE,
014,D,houstyp,categorical,semi-detached(2),2,semi-detached,FALSE,
014,D,houstyp,categorical,detached(3),3,detached,FALSE,
014,D,houstyp,categorical,high rise (elevator)(4),4,high rise (elevator),FALSE,
014,D,houstyp,categorical,high rise (no elevator)(5),5,high rise (no elevator),FALSE,
014,D,houstyp,categorical,low-level apt building(6),6,low-level apt building,FALSE,
014,D,houstyp,categorical,ground floor apartment(7),7,ground floor apartment,FALSE,
014,D,houstyp,categorical,apt build elderly (elevator)(8),8,apt build elderly (elevator),FALSE,
014,D,houstyp,categorical,home elderly (street level)(9),9,home elderly (street level),FALSE,
014,D,houstyp,categorical,service flat (home elderly)(10),10,service flat (home elderly),FALSE,
014,D,houstyp,categorical,semi-independent(11),11,semi-independent,FALSE,
014,D,houstyp,categorical,farm(12),12,farm,FALSE,
014,D,houstyp,categorical,houseboat(13),13,houseboat,FALSE,
014,D,houstyp,categorical,commune(14),14,commune,FALSE,
014,D,houstyp,categorical,other(15),15,other,FALSE,
014,D,houstyp,categorical,institution(16),16,institution,FALSE,
014,D,houstyp,categorical,monastery(17),17,monastery,FALSE,
014,E,houstyp,categorical,"na, wrong skip(-3)",-3,"na, wrong skip",TRUE,
014,E,houstyp,categorical,unknown(-1),-1,unknown,TRUE,
014,E,houstyp,categorical,attached row(1),1,attached row,FALSE,
014,E,houstyp,categorical,semi-detached(2),2,semi-detached,FALSE,
014,E,houstyp,categorical,detached(3),3,detached,FALSE,
014,E,houstyp,categorical,high rise (elevator)(4),4,high rise (elevator),FALSE,
014,E,houstyp,categorical,high rise (no elevator)(5),5,high rise (no elevator),FALSE,
014,E,houstyp,categorical,low-level apt building(6),6,low-level apt building,FALSE,
014,E,houstyp,categorical,ground floor apartment(7),7,ground floor apartment,FALSE,
014,E,houstyp,categorical,apt build elderly (elevator)(8),8,apt build elderly (elevator),FALSE,
014,E,houstyp,categorical,home elderly (street level)(9),9,home elderly (street level),FALSE,
014,E,houstyp,categorical,service flat (home elderly)(10),10,service flat (home elderly),FALSE,
014,E,houstyp,categorical,semi-independent(11),11,semi-independent,FALSE,
014,E,houstyp,categorical,farm(12),12,farm,FALSE,
014,E,houstyp,categorical,houseboat(13),13,houseboat,FALSE,
014,E,houstyp,categorical,commune(14),14,commune,FALSE,
014,E,houstyp,categorical,other(15),15,other,FALSE,
014,E,houstyp,categorical,institution(16),16,institution,FALSE,
014,E,houstyp,categorical,monastery(17),17,monastery,FALSE,
014,F,houstyp,categorical,"na, wrong skip(-3)",-3,"na, wrong skip",TRUE,
014,F,houstyp,categorical,unknown(-1),-1,unknown,TRUE,
014,F,houstyp,categorical,attached row(1),1,attached row,FALSE,
014,F,houstyp,categorical,semi-detached(2),2,semi-detached,FALSE,
014,F,houstyp,categorical,detached(3),3,detached,FALSE,
014,F,houstyp,categorical,high rise (elevator)(4),4,high rise (elevator),FALSE,
014,F,houstyp,categorical,high rise (no elevator)(5),5,high rise (no elevator),FALSE,
014,F,houstyp,categorical,low-level apt building(6),6,low-level apt building,FALSE,
014,F,houstyp,categorical,ground floor apartment(7),7,ground floor apartment,FALSE,
014,F,houstyp,categorical,apt build elderly (elevator)(8),8,apt build elderly (elevator),FALSE,
014,F,houstyp,categorical,home elderly (street level)(9),9,home elderly (street level),FALSE,
014,F,houstyp,categorical,service flat (home elderly)(10),10,service flat (home elderly),FALSE,
014,F,houstyp,categorical,semi-independent(11),11,semi-independent,FALSE,
014,F,houstyp,categorical,farm(12),12,farm,FALSE,
014,F,houstyp,categorical,houseboat(13),13,houseboat,FALSE,
014,F,houstyp,categorical,commune(14),14,commune,FALSE,
014,F,houstyp,categorical,other(15),15,other,FALSE,
014,F,houstyp,categorical,institution(16),16,institution,FALSE,
014,F,houstyp,categorical,monastery(17),17,monastery,FALSE,
014,G,houstyp,categorical,"na, wrong skip(-3)",-3,"na, wrong skip",TRUE,
014,G,houstyp,categorical,unknown(-1),-1,unknown,TRUE,
014,G,houstyp,categorical,attached row(1),1,attached row,FALSE,
014,G,houstyp,categorical,semi-detached(2),2,semi-detached,FALSE,
014,G,houstyp,categorical,detached(3),3,detached,FALSE,
014,G,houstyp,categorical,high rise (elevator)(4),4,high rise (elevator),FALSE,
014,G,houstyp,categorical,high rise (no elevator)(5),5,high rise (no elevator),FALSE,
014,G,houstyp,categorical,low-level apt building(6),6,low-level apt building,FALSE,
014,G,houstyp,categorical,ground floor apartment(7),7,ground floor apartment,FALSE,
014,G,houstyp,categorical,apt build elderly (elevator)(8),8,apt build elderly (elevator),FALSE,
014,G,houstyp,categorical,home elderly (street level)(9),9,home elderly (street level),FALSE,
014,G,houstyp,categorical,service flat (home elderly)(10),10,service flat (home elderly),FALSE,
014,G,houstyp,categorical,semi-independent(11),11,semi-independent,FALSE,
014,G,houstyp,categorical,farm(12),12,farm,FALSE,
014,G,houstyp,categorical,houseboat(13),13,houseboat,FALSE,
014,G,houstyp,categorical,commune(14),14,commune,FALSE,
014,G,houstyp,categorical,other(15),15,other,FALSE,
014,G,houstyp,categorical,institution(16),16,institution,FALSE,
014,G,houstyp,categorical,monastery(17),17,monastery,FALSE,
014,C,fdoor,numeric,"na, see C/D/E/F/GHINDEP(-5)",-5,"na, see C/D/E/F/GHINDEP",TRUE,
014,C,fdoor,numeric,"na, wrong skip(-3)",-3,"na, wrong skip",TRUE,
014,C,fdoor,numeric,"na, see C/D/E/F/GMOVED(-2)",-2,"na, see C/D/E/F/GMOVED",TRUE,
014,C,fdoor,numeric,"na, asked(-1)",-1,"na, asked",TRUE,
014,D,fdoor,numeric,"na, see C/D/E/F/GHINDEP(-5)",-5,"na, see C/D/E/F/GHINDEP",TRUE,
014,D,fdoor,numeric,"na, wrong skip(-3)",-3,"na, wrong skip",TRUE,
014,D,fdoor,numeric,"na, see C/D/E/F/GMOVED(-2)",-2,"na, see C/D/E/F/GMOVED",TRUE,
014,D,fdoor,numeric,"na, asked(-1)",-1,"na, asked",TRUE,
014,E,fdoor,numeric,"na, see C/D/E/F/GHINDEP(-5)",-5,"na, see C/D/E/F/GHINDEP",TRUE,
014,E,fdoor,numeric,"na, wrong skip(-3)",-3,"na, wrong skip",TRUE,
014,E,fdoor,numeric,"na, see C/D/E/F/GMOVED(-2)",-2,"na, see C/D/E/F/GMOVED",TRUE,
014,E,fdoor,numeric,"na, asked(-1)",-1,"na, asked",TRUE,
014,F,fdoor,numeric,"na, see C/D/E/F/GHINDEP(-5)",-5,"na, see C/D/E/F/GHINDEP",TRUE,
014,F,fdoor,numeric,"na, wrong skip(-3)",-3,"na, wrong skip",TRUE,
014,F,fdoor,numeric,"na, see C/D/E/F/GMOVED(-2)",-2,"na, see C/D/E/F/GMOVED",TRUE,
014,F,fdoor,numeric,"na, asked(-1)",-1,"na, asked",TRUE,
014,G,fdoor,numeric,"na, see C/D/E/F/GHINDEP(-5)",-5,"na, see C/D/E/F/GHINDEP",TRUE,
014,G,fdoor,numeric,"na, wrong skip(-3)",-3,"na, wrong skip",TRUE,
014,G,fdoor,numeric,"na, see C/D/E/F/GMOVED(-2)",-2,"na, see C/D/E/F/GMOVED",TRUE,
014,G,fdoor,numeric,"na, asked(-1)",-1,"na, asked",TRUE,
014,C,fdoorc,numeric,monastery(-3),-3,monastery,TRUE,
014,C,fdoorc,numeric,institution(-2),-2,institution,TRUE,
014,C,fdoorc,numeric,unknown(-1),-1,unknown,TRUE,
014,D,fdoorc,numeric,monastery(-3),-3,monastery,TRUE,
014,D,fdoorc,numeric,institution(-2),-2,institution,TRUE,
014,D,fdoorc,numeric,unknown(-1),-1,unknown,TRUE,
014,E,fdoorc,numeric,monastery(-3),-3,monastery,TRUE,
014,E,fdoorc,numeric,institution(-2),-2,institution,TRUE,
014,E,fdoorc,numeric,unknown(-1),-1,unknown,TRUE,
014,F,fdoorc,numeric,monastery(-3),-3,monastery,TRUE,
014,F,fdoorc,numeric,institution(-2),-2,institution,TRUE,
014,F,fdoorc,numeric,unknown(-1),-1,unknown,TRUE,
014,G,fdoorc,numeric,monastery(-3),-3,monastery,TRUE,
014,G,fdoorc,numeric,institution(-2),-2,institution,TRUE,
014,G,fdoorc,numeric,unknown(-1),-1,unknown,TRUE,
014,C,rfdoor,categorical,"na, wrong skip(-3)",-3,"na, wrong skip",TRUE,
014,C,rfdoor,categorical,"na, see C/D/E/F/GFDOOR(-2)",-2,"na, see C/D/E/F/GFDOOR",TRUE,
014,C,rfdoor,categorical,"na, asked(-1)",-1,"na, asked",TRUE,
014,C,rfdoor,categorical,only stairs(1),1,only stairs,FALSE,
014,C,rfdoor,categorical,elevator present(2),2,elevator present,FALSE,
014,C,rfdoor,categorical,other(3),3,other,FALSE,
014,D,rfdoor,categorical,"na, wrong skip(-3)",-3,"na, wrong skip",TRUE,
014,D,rfdoor,categorical,"na, see C/D/E/F/GFDOOR(-2)",-2,"na, see C/D/E/F/GFDOOR",TRUE,
014,D,rfdoor,categorical,"na, asked(-1)",-1,"na, asked",TRUE,
014,D,rfdoor,categorical,only stairs(1),1,only stairs,FALSE,
014,D,rfdoor,categorical,elevator present(2),2,elevator present,FALSE,
014,D,rfdoor,categorical,other(3),3,other,FALSE,
014,E,rfdoor,categorical,"na, wrong skip(-3)",-3,"na, wrong skip",TRUE,
014,E,rfdoor,categorical,"na, see C/D/E/F/GFDOOR(-2)",-2,"na, see C/D/E/F/GFDOOR",TRUE,
014,E,rfdoor,categorical,"na, asked(-1)",-1,"na, asked",TRUE,
014,E,rfdoor,categorical,only stairs(1),1,only stairs,FALSE,
014,E,rfdoor,categorical,elevator present(2),2,elevator present,FALSE,
014,E,rfdoor,categorical,other(3),3,other,FALSE,
014,F,rfdoor,categorical,"na, wrong skip(-3)",-3,"na, wrong skip",TRUE,
014,F,rfdoor,categorical,"na, see C/D/E/F/GFDOOR(-2)",-2,"na, see C/D/E/F/GFDOOR",TRUE,
014,F,rfdoor,categorical,"na, asked(-1)",-1,"na, asked",TRUE,
014,F,rfdoor,categorical,only stairs(1),1,only stairs,FALSE,
014,F,rfdoor,categorical,elevator present(2),2,elevator present,FALSE,
014,F,rfdoor,categorical,other(3),3,other,FALSE,
014,G,rfdoor,categorical,"na, wrong skip(-3)",-3,"na, wrong skip",TRUE,
014,G,rfdoor,categorical,"na, see C/D/E/F/GFDOOR(-2)",-2,"na, see C/D/E/F/GFDOOR",TRUE,
014,G,rfdoor,categorical,"na, asked(-1)",-1,"na, asked",TRUE,
014,G,rfdoor,categorical,only stairs(1),1,only stairs,FALSE,
014,G,rfdoor,categorical,elevator present(2),2,elevator present,FALSE,
014,G,rfdoor,categorical,other(3),3,other,FALSE,
014,C,nrooms,numeric,"na, see C/D/E/F/GHINDEP(-5)",-5,"na, see C/D/E/F/GHINDEP",TRUE,
014,C,nrooms,numeric,"na, wrong skip(-3)",-3,"na, wrong skip",TRUE,
014,C,nrooms,numeric,"na, see C/D/E/F/GMOVED(-2)",-2,"na, see C/D/E/F/GMOVED",TRUE,
014,C,nrooms,numeric,"na, asked(-1)",-1,"na, asked",TRUE,
014,D,nrooms,numeric,"na, see C/D/E/F/GHINDEP(-5)",-5,"na, see C/D/E/F/GHINDEP",TRUE,
014,D,nrooms,numeric,"na, wrong skip(-3)",-3,"na, wrong skip",TRUE,
014,D,nrooms,numeric,"na, see C/D/E/F/GMOVED(-2)",-2,"na, see C/D/E/F/GMOVED",TRUE,
014,D,nrooms,numeric,"na, asked(-1)",-1,"na, asked",TRUE,
014,E,nrooms,numeric,"na, see C/D/E/F/GHINDEP(-5)",-5,"na, see C/D/E/F/GHINDEP",TRUE,
014,E,nrooms,numeric,"na, wrong skip(-3)",-3,"na, wrong skip",TRUE,
014,E,nrooms,numeric,"na, see C/D/E/F/GMOVED(-2)",-2,"na, see C/D/E/F/GMOVED",TRUE,
014,E,nrooms,numeric,"na, asked(-1)",-1,"na, asked",TRUE,
014,F,nrooms,numeric,"na, see C/D/E/F/GHINDEP(-5)",-5,"na, see C/D/E/F/GHINDEP",TRUE,
014,F,nrooms,numeric,"na, wrong skip(-3)",-3,"na, wrong skip",TRUE,
014,F,nrooms,numeric,"na, see C/D/E/F/GMOVED(-2)",-2,"na, see C/D/E/F/GMOVED",TRUE,
014,F,nrooms,numeric,"na, asked(-1)",-1,"na, asked",TRUE,
014,G,nrooms,numeric,"na, see C/D/E/F/GHINDEP(-5)",-5,"na, see C/D/E/F/GHINDEP",TRUE,
014,G,nrooms,numeric,"na, wrong skip(-3)",-3,"na, wrong skip",TRUE,
014,G,nrooms,numeric,"na, see C/D/E/F/GMOVED(-2)",-2,"na, see C/D/E/F/GMOVED",TRUE,
014,G,nrooms,numeric,"na, asked(-1)",-1,"na, asked",TRUE,
014,C,nroomsc,numeric,monastery(-3),-3,monastery,TRUE,
014,C,nroomsc,numeric,institution(-2),-2,institution,TRUE,
014,C,nroomsc,numeric,unknown(-1),-1,unknown,TRUE,
014,D,nroomsc,numeric,monastery(-3),-3,monastery,TRUE,
014,D,nroomsc,numeric,institution(-2),-2,institution,TRUE,
014,D,nroomsc,numeric,unknown(-1),-1,unknown,TRUE,
014,E,nroomsc,numeric,monastery(-3),-3,monastery,TRUE,
014,E,nroomsc,numeric,institution(-2),-2,institution,TRUE,
014,E,nroomsc,numeric,unknown(-1),-1,unknown,TRUE,
014,F,nroomsc,numeric,monastery(-3),-3,monastery,TRUE,
014,F,nroomsc,numeric,institution(-2),-2,institution,TRUE,
014,F,nroomsc,numeric,unknown(-1),-1,unknown,TRUE,
014,G,nroomsc,numeric,monastery(-3),-3,monastery,TRUE,
014,G,nroomsc,numeric,institution(-2),-2,institution,TRUE,
014,G,nroomsc,numeric,unknown(-1),-1,unknown,TRUE,
014,C,lrooms,binary,"na, see C/D/E/F/GHINDEP(-5)",-5,"na, see C/D/E/F/GHINDEP",TRUE,
014,C,lrooms,binary,"na, wrong skip(-3)",-3,"na, wrong skip",TRUE,
014,C,lrooms,binary,"na, see C/D/E/F/GMOVED(-2)",-2,"na, see C/D/E/F/GMOVED",TRUE,
014,C,lrooms,binary,"na, asked(-1)",-1,"na, asked",TRUE,
014,C,lrooms,binary,no(1),1,no,FALSE,
014,C,lrooms,binary,yes(2),2,yes,FALSE,
014,D,lrooms,binary,"na, see C/D/E/F/GHINDEP(-5)",-5,"na, see C/D/E/F/GHINDEP",TRUE,
014,D,lrooms,binary,"na, wrong skip(-3)",-3,"na, wrong skip",TRUE,
014,D,lrooms,binary,"na, see C/D/E/F/GMOVED(-2)",-2,"na, see C/D/E/F/GMOVED",TRUE,
014,D,lrooms,binary,"na, asked(-1)",-1,"na, asked",TRUE,
014,D,lrooms,binary,no(1),1,no,FALSE,
014,D,lrooms,binary,yes(2),2,yes,FALSE,
014,E,lrooms,binary,"na, see C/D/E/F/GHINDEP(-5)",-5,"na, see C/D/E/F/GHINDEP",TRUE,
014,E,lrooms,binary,"na, wrong skip(-3)",-3,"na, wrong skip",TRUE,
014,E,lrooms,binary,"na, see C/D/E/F/GMOVED(-2)",-2,"na, see C/D/E/F/GMOVED",TRUE,
014,E,lrooms,binary,"na, asked(-1)",-1,"na, asked",TRUE,
014,E,lrooms,binary,no(1),1,no,FALSE,
014,E,lrooms,binary,yes(2),2,yes,FALSE,
014,F,lrooms,binary,"na, see C/D/E/F/GHINDEP(-5)",-5,"na, see C/D/E/F/GHINDEP",TRUE,
014,F,lrooms,binary,"na, wrong skip(-3)",-3,"na, wrong skip",TRUE,
014,F,lrooms,binary,"na, see C/D/E/F/GMOVED(-2)",-2,"na, see C/D/E/F/GMOVED",TRUE,
014,F,lrooms,binary,"na, asked(-1)",-1,"na, asked",TRUE,
014,F,lrooms,binary,no(1),1,no,FALSE,
014,F,lrooms,binary,yes(2),2,yes,FALSE,
014,G,lrooms,binary,"na, see C/D/E/F/GHINDEP(-5)",-5,"na, see C/D/E/F/GHINDEP",TRUE,
014,G,lrooms,binary,"na, wrong skip(-3)",-3,"na, wrong skip",TRUE,
014,G,lrooms,binary,"na, see C/D/E/F/GMOVED(-2)",-2,"na, see C/D/E/F/GMOVED",TRUE,
014,G,lrooms,binary,"na, asked(-1)",-1,"na, asked",TRUE,
014,G,lrooms,binary,no(1),1,no,FALSE,
014,G,lrooms,binary,yes(2),2,yes,FALSE,
014,C,specadj,binary,"na, wrong skip(-3)",-3,"na, wrong skip",TRUE,
014,C,specadj,binary,"na, see C/D/E/F/GMOVED(-2)",-2,"na, see C/D/E/F/GMOVED",TRUE,
014,C,specadj,binary,"na, asked(-1)",-1,"na, asked",TRUE,
014,C,specadj,binary,no(1),1,no,FALSE,
014,C,specadj,binary,yes(2),2,yes,FALSE,
014,D,specadj,binary,"na, wrong skip(-3)",-3,"na, wrong skip",TRUE,
014,D,specadj,binary,"na, see C/D/E/F/GMOVED(-2)",-2,"na, see C/D/E/F/GMOVED",TRUE,
014,D,specadj,binary,"na, asked(-1)",-1,"na, asked",TRUE,
014,D,specadj,binary,no(1),1,no,FALSE,
014,D,specadj,binary,yes(2),2,yes,FALSE,
014,E,specadj,binary,"na, wrong skip(-3)",-3,"na, wrong skip",TRUE,
014,E,specadj,binary,"na, see C/D/E/F/GMOVED(-2)",-2,"na, see C/D/E/F/GMOVED",TRUE,
014,E,specadj,binary,"na, asked(-1)",-1,"na, asked",TRUE,
014,E,specadj,binary,no(1),1,no,FALSE,
014,E,specadj,binary,yes(2),2,yes,FALSE,
014,F,specadj,binary,"na, wrong skip(-3)",-3,"na, wrong skip",TRUE,
014,F,specadj,binary,"na, see C/D/E/F/GMOVED(-2)",-2,"na, see C/D/E/F/GMOVED",TRUE,
014,F,specadj,binary,"na, asked(-1)",-1,"na, asked",TRUE,
014,F,specadj,binary,no(1),1,no,FALSE,
014,F,specadj,binary,yes(2),2,yes,FALSE,
014,G,specadj,binary,"na, wrong skip(-3)",-3,"na, wrong skip",TRUE,
014,G,specadj,binary,"na, see C/D/E/F/GMOVED(-2)",-2,"na, see C/D/E/F/GMOVED",TRUE,
014,G,specadj,binary,"na, asked(-1)",-1,"na, asked",TRUE,
014,G,specadj,binary,no(1),1,no,FALSE,
014,G,specadj,binary,yes(2),2,yes,FALSE,
014,C,spec01,binary,"na, wrong skip(-3)",-3,"na, wrong skip",TRUE,
014,C,spec01,binary,"na, see C/D/E/F/GSPECADJ(-2)",-2,"na, see C/D/E/F/GSPECADJ",TRUE,
014,C,spec01,binary,"na, asked(-1)",-1,"na, asked",TRUE,
014,C,spec01,binary,not mentioned(0),0,not mentioned,FALSE,
014,C,spec01,binary,mentioned(1),1,mentioned,FALSE,
014,D,spec01,binary,"na, wrong skip(-3)",-3,"na, wrong skip",TRUE,
014,D,spec01,binary,"na, see C/D/E/F/GSPECADJ(-2)",-2,"na, see C/D/E/F/GSPECADJ",TRUE,
014,D,spec01,binary,"na, asked(-1)",-1,"na, asked",TRUE,
014,D,spec01,binary,not mentioned(0),0,not mentioned,FALSE,
014,D,spec01,binary,mentioned(1),1,mentioned,FALSE,
014,E,spec01,binary,"na, wrong skip(-3)",-3,"na, wrong skip",TRUE,
014,E,spec01,binary,"na, see C/D/E/F/GSPECADJ(-2)",-2,"na, see C/D/E/F/GSPECADJ",TRUE,
014,E,spec01,binary,"na, asked(-1)",-1,"na, asked",TRUE,
014,E,spec01,binary,not mentioned(0),0,not mentioned,FALSE,
014,E,spec01,binary,mentioned(1),1,mentioned,FALSE,
014,F,spec01,binary,"na, wrong skip(-3)",-3,"na, wrong skip",TRUE,
014,F,spec01,binary,"na, see C/D/E/F/GSPECADJ(-2)",-2,"na, see C/D/E/F/GSPECADJ",TRUE,
014,F,spec01,binary,"na, asked(-1)",-1,"na, asked",TRUE,
014,F,spec01,binary,not mentioned(0),0,not mentioned,FALSE,
014,F,spec01,binary,mentioned(1),1,mentioned,FALSE,
014,G,spec01,binary,"na, wrong skip(-3)",-3,"na, wrong skip",TRUE,
014,G,spec01,binary,"na, see C/D/E/F/GSPECADJ(-2)",-2,"na, see C/D/E/F/GSPECADJ",TRUE,
014,G,spec01,binary,"na, asked(-1)",-1,"na, asked",TRUE,
014,G,spec01,binary,not mentioned(0),0,not mentioned,FALSE,
014,G,spec01,binary,mentioned(1),1,mentioned,FALSE,
014,C,spec02,binary,"na, wrong skip(-3)",-3,"na, wrong skip",TRUE,
014,C,spec02,binary,"na, see C/D/E/F/GSPECADJ(-2)",-2,"na, see C/D/E/F/GSPECADJ",TRUE,
014,C,spec02,binary,"na, asked(-1)",-1,"na, asked",TRUE,
014,C,spec02,binary,not mentioned(0),0,not mentioned,FALSE,
014,C,spec02,binary,mentioned(1),1,mentioned,FALSE,
014,D,spec02,binary,"na, wrong skip(-3)",-3,"na, wrong skip",TRUE,
014,D,spec02,binary,"na, see C/D/E/F/GSPECADJ(-2)",-2,"na, see C/D/E/F/GSPECADJ",TRUE,
014,D,spec02,binary,"na, asked(-1)",-1,"na, asked",TRUE,
014,D,spec02,binary,not mentioned(0),0,not mentioned,FALSE,
014,D,spec02,binary,mentioned(1),1,mentioned,FALSE,
014,E,spec02,binary,"na, wrong skip(-3)",-3,"na, wrong skip",TRUE,
014,E,spec02,binary,"na, see C/D/E/F/GSPECADJ(-2)",-2,"na, see C/D/E/F/GSPECADJ",TRUE,
014,E,spec02,binary,"na, asked(-1)",-1,"na, asked",TRUE,
014,E,spec02,binary,not mentioned(0),0,not mentioned,FALSE,
014,E,spec02,binary,mentioned(1),1,mentioned,FALSE,
014,F,spec02,binary,"na, wrong skip(-3)",-3,"na, wrong skip",TRUE,
014,F,spec02,binary,"na, see C/D/E/F/GSPECADJ(-2)",-2,"na, see C/D/E/F/GSPECADJ",TRUE,
014,F,spec02,binary,"na, asked(-1)",-1,"na, asked",TRUE,
014,F,spec02,binary,not mentioned(0),0,not mentioned,FALSE,
014,F,spec02,binary,mentioned(1),1,mentioned,FALSE,
014,G,spec02,binary,"na, wrong skip(-3)",-3,"na, wrong skip",TRUE,
014,G,spec02,binary,"na, see C/D/E/F/GSPECADJ(-2)",-2,"na, see C/D/E/F/GSPECADJ",TRUE,
014,G,spec02,binary,"na, asked(-1)",-1,"na, asked",TRUE,
014,G,spec02,binary,not mentioned(0),0,not mentioned,FALSE,
014,G,spec02,binary,mentioned(1),1,mentioned,FALSE,
014,C,spec03,binary,"na, wrong skip(-3)",-3,"na, wrong skip",TRUE,
014,C,spec03,binary,"na, see C/D/E/F/GSPECADJ(-2)",-2,"na, see C/D/E/F/GSPECADJ",TRUE,
014,C,spec03,binary,"na, asked(-1)",-1,"na, asked",TRUE,
014,C,spec03,binary,not mentioned(0),0,not mentioned,FALSE,
014,C,spec03,binary,mentioned(1),1,mentioned,FALSE,
014,D,spec03,binary,"na, wrong skip(-3)",-3,"na, wrong skip",TRUE,
014,D,spec03,binary,"na, see C/D/E/F/GSPECADJ(-2)",-2,"na, see C/D/E/F/GSPECADJ",TRUE,
014,D,spec03,binary,"na, asked(-1)",-1,"na, asked",TRUE,
014,D,spec03,binary,not mentioned(0),0,not mentioned,FALSE,
014,D,spec03,binary,mentioned(1),1,mentioned,FALSE,
014,E,spec03,binary,"na, wrong skip(-3)",-3,"na, wrong skip",TRUE,
014,E,spec03,binary,"na, see C/D/E/F/GSPECADJ(-2)",-2,"na, see C/D/E/F/GSPECADJ",TRUE,
014,E,spec03,binary,"na, asked(-1)",-1,"na, asked",TRUE,
014,E,spec03,binary,not mentioned(0),0,not mentioned,FALSE,
014,E,spec03,binary,mentioned(1),1,mentioned,FALSE,
014,F,spec03,binary,"na, wrong skip(-3)",-3,"na, wrong skip",TRUE,
014,F,spec03,binary,"na, see C/D/E/F/GSPECADJ(-2)",-2,"na, see C/D/E/F/GSPECADJ",TRUE,
014,F,spec03,binary,"na, asked(-1)",-1,"na, asked",TRUE,
014,F,spec03,binary,not mentioned(0),0,not mentioned,FALSE,
014,F,spec03,binary,mentioned(1),1,mentioned,FALSE,
014,G,spec03,binary,"na, wrong skip(-3)",-3,"na, wrong skip",TRUE,
014,G,spec03,binary,"na, see C/D/E/F/GSPECADJ(-2)",-2,"na, see C/D/E/F/GSPECADJ",TRUE,
014,G,spec03,binary,"na, asked(-1)",-1,"na, asked",TRUE,
014,G,spec03,binary,not mentioned(0),0,not mentioned,FALSE,
014,G,spec03,binary,mentioned(1),1,mentioned,FALSE,
014,C,spec04,binary,"na, wrong skip(-3)",-3,"na, wrong skip",TRUE,
014,C,spec04,binary,"na, see C/D/E/F/GSPECADJ(-2)",-2,"na, see C/D/E/F/GSPECADJ",TRUE,
014,C,spec04,binary,"na, asked(-1)",-1,"na, asked",TRUE,
014,C,spec04,binary,not mentioned(0),0,not mentioned,FALSE,
014,C,spec04,binary,mentioned(1),1,mentioned,FALSE,
014,D,spec04,binary,"na, wrong skip(-3)",-3,"na, wrong skip",TRUE,
014,D,spec04,binary,"na, see C/D/E/F/GSPECADJ(-2)",-2,"na, see C/D/E/F/GSPECADJ",TRUE,
014,D,spec04,binary,"na, asked(-1)",-1,"na, asked",TRUE,
014,D,spec04,binary,not mentioned(0),0,not mentioned,FALSE,
014,D,spec04,binary,mentioned(1),1,mentioned,FALSE,
014,E,spec04,binary,"na, wrong skip(-3)",-3,"na, wrong skip",TRUE,
014,E,spec04,binary,"na, see C/D/E/F/GSPECADJ(-2)",-2,"na, see C/D/E/F/GSPECADJ",TRUE,
014,E,spec04,binary,"na, asked(-1)",-1,"na, asked",TRUE,
014,E,spec04,binary,not mentioned(0),0,not mentioned,FALSE,
014,E,spec04,binary,mentioned(1),1,mentioned,FALSE,
014,F,spec04,binary,"na, wrong skip(-3)",-3,"na, wrong skip",TRUE,
014,F,spec04,binary,"na, see C/D/E/F/GSPECADJ(-2)",-2,"na, see C/D/E/F/GSPECADJ",TRUE,
014,F,spec04,binary,"na, asked(-1)",-1,"na, asked",TRUE,
014,F,spec04,binary,not mentioned(0),0,not mentioned,FALSE,
014,F,spec04,binary,mentioned(1),1,mentioned,FALSE,
014,G,spec04,binary,"na, wrong skip(-3)",-3,"na, wrong skip",TRUE,
014,G,spec04,binary,"na, see C/D/E/F/GSPECADJ(-2)",-2,"na, see C/D/E/F/GSPECADJ",TRUE,
014,G,spec04,binary,"na, asked(-1)",-1,"na, asked",TRUE,
014,G,spec04,binary,not mentioned(0),0,not mentioned,FALSE,
014,G,spec04,binary,mentioned(1),1,mentioned,FALSE,
014,C,spec05,binary,"na, wrong skip(-3)",-3,"na, wrong skip",TRUE,
014,C,spec05,binary,"na, see C/D/E/F/GSPECADJ(-2)",-2,"na, see C/D/E/F/GSPECADJ",TRUE,
014,C,spec05,binary,"na, asked(-1)",-1,"na, asked",TRUE,
014,C,spec05,binary,not mentioned(0),0,not mentioned,FALSE,
014,C,spec05,binary,mentioned(1),1,mentioned,FALSE,
014,D,spec05,binary,"na, wrong skip(-3)",-3,"na, wrong skip",TRUE,
014,D,spec05,binary,"na, see C/D/E/F/GSPECADJ(-2)",-2,"na, see C/D/E/F/GSPECADJ",TRUE,
014,D,spec05,binary,"na, asked(-1)",-1,"na, asked",TRUE,
014,D,spec05,binary,not mentioned(0),0,not mentioned,FALSE,
014,D,spec05,binary,mentioned(1),1,mentioned,FALSE,
014,E,spec05,binary,"na, wrong skip(-3)",-3,"na, wrong skip",TRUE,
014,E,spec05,binary,"na, see C/D/E/F/GSPECADJ(-2)",-2,"na, see C/D/E/F/GSPECADJ",TRUE,
014,E,spec05,binary,"na, asked(-1)",-1,"na, asked",TRUE,
014,E,spec05,binary,not mentioned(0),0,not mentioned,FALSE,
014,E,spec05,binary,mentioned(1),1,mentioned,FALSE,
014,F,spec05,binary,"na, wrong skip(-3)",-3,"na, wrong skip",TRUE,
014,F,spec05,binary,"na, see C/D/E/F/GSPECADJ(-2)",-2,"na, see C/D/E/F/GSPECADJ",TRUE,
014,F,spec05,binary,"na, asked(-1)",-1,"na, asked",TRUE,
014,F,spec05,binary,not mentioned(0),0,not mentioned,FALSE,
014,F,spec05,binary,mentioned(1),1,mentioned,FALSE,
014,G,spec05,binary,"na, wrong skip(-3)",-3,"na, wrong skip",TRUE,
014,G,spec05,binary,"na, see C/D/E/F/GSPECADJ(-2)",-2,"na, see C/D/E/F/GSPECADJ",TRUE,
014,G,spec05,binary,"na, asked(-1)",-1,"na, asked",TRUE,
014,G,spec05,binary,not mentioned(0),0,not mentioned,FALSE,
014,G,spec05,binary,mentioned(1),1,mentioned,FALSE,
014,C,spec07,binary,"na, see C/D/E/F/GHINDEP(-5)",-5,"na, see C/D/E/F/GHINDEP",TRUE,
014,C,spec07,binary,"na, wrong skip(-3)",-3,"na, wrong skip",TRUE,
014,C,spec07,binary,"na, see C/D/E/F/GSPECADJ(-2)",-2,"na, see C/D/E/F/GSPECADJ",TRUE,
014,C,spec07,binary,"na, asked(-1)",-1,"na, asked",TRUE,
014,C,spec07,binary,not mentioned(0),0,not mentioned,FALSE,
014,C,spec07,binary,mentioned(1),1,mentioned,FALSE,
014,D,spec07,binary,"na, see C/D/E/F/GHINDEP(-5)",-5,"na, see C/D/E/F/GHINDEP",TRUE,
014,D,spec07,binary,"na, wrong skip(-3)",-3,"na, wrong skip",TRUE,
014,D,spec07,binary,"na, see C/D/E/F/GSPECADJ(-2)",-2,"na, see C/D/E/F/GSPECADJ",TRUE,
014,D,spec07,binary,"na, asked(-1)",-1,"na, asked",TRUE,
014,D,spec07,binary,not mentioned(0),0,not mentioned,FALSE,
014,D,spec07,binary,mentioned(1),1,mentioned,FALSE,
014,E,spec07,binary,"na, see C/D/E/F/GHINDEP(-5)",-5,"na, see C/D/E/F/GHINDEP",TRUE,
014,E,spec07,binary,"na, wrong skip(-3)",-3,"na, wrong skip",TRUE,
014,E,spec07,binary,"na, see C/D/E/F/GSPECADJ(-2)",-2,"na, see C/D/E/F/GSPECADJ",TRUE,
014,E,spec07,binary,"na, asked(-1)",-1,"na, asked",TRUE,
014,E,spec07,binary,not mentioned(0),0,not mentioned,FALSE,
014,E,spec07,binary,mentioned(1),1,mentioned,FALSE,
014,F,spec07,binary,"na, see C/D/E/F/GHINDEP(-5)",-5,"na, see C/D/E/F/GHINDEP",TRUE,
014,F,spec07,binary,"na, wrong skip(-3)",-3,"na, wrong skip",TRUE,
014,F,spec07,binary,"na, see C/D/E/F/GSPECADJ(-2)",-2,"na, see C/D/E/F/GSPECADJ",TRUE,
014,F,spec07,binary,"na, asked(-1)",-1,"na, asked",TRUE,
014,F,spec07,binary,not mentioned(0),0,not mentioned,FALSE,
014,F,spec07,binary,mentioned(1),1,mentioned,FALSE,
014,G,spec07,binary,"na, see C/D/E/F/GHINDEP(-5)",-5,"na, see C/D/E/F/GHINDEP",TRUE,
014,G,spec07,binary,"na, wrong skip(-3)",-3,"na, wrong skip",TRUE,
014,G,spec07,binary,"na, see C/D/E/F/GSPECADJ(-2)",-2,"na, see C/D/E/F/GSPECADJ",TRUE,
014,G,spec07,binary,"na, asked(-1)",-1,"na, asked",TRUE,
014,G,spec07,binary,not mentioned(0),0,not mentioned,FALSE,
014,G,spec07,binary,mentioned(1),1,mentioned,FALSE,
014,C,spec08,binary,"na, wrong skip(-3)",-3,"na, wrong skip",TRUE,
014,C,spec08,binary,"na, see C/D/E/F/GSPECADJ(-2)",-2,"na, see C/D/E/F/GSPECADJ",TRUE,
014,C,spec08,binary,"na, asked(-1)",-1,"na, asked",TRUE,
014,C,spec08,binary,not mentioned(0),0,not mentioned,FALSE,
014,C,spec08,binary,mentioned(1),1,mentioned,FALSE,
014,D,spec08,binary,"na, wrong skip(-3)",-3,"na, wrong skip",TRUE,
014,D,spec08,binary,"na, see C/D/E/F/GSPECADJ(-2)",-2,"na, see C/D/E/F/GSPECADJ",TRUE,
014,D,spec08,binary,"na, asked(-1)",-1,"na, asked",TRUE,
014,D,spec08,binary,not mentioned(0),0,not mentioned,FALSE,
014,D,spec08,binary,mentioned(1),1,mentioned,FALSE,
014,E,spec08,binary,"na, wrong skip(-3)",-3,"na, wrong skip",TRUE,
014,E,spec08,binary,"na, see C/D/E/F/GSPECADJ(-2)",-2,"na, see C/D/E/F/GSPECADJ",TRUE,
014,E,spec08,binary,"na, asked(-1)",-1,"na, asked",TRUE,
014,E,spec08,binary,not mentioned(0),0,not mentioned,FALSE,
014,E,spec08,binary,mentioned(1),1,mentioned,FALSE,
014,F,spec08,binary,"na, wrong skip(-3)",-3,"na, wrong skip",TRUE,
014,F,spec08,binary,"na, see C/D/E/F/GSPECADJ(-2)",-2,"na, see C/D/E/F/GSPECADJ",TRUE,
014,F,spec08,binary,"na, asked(-1)",-1,"na, asked",TRUE,
014,F,spec08,binary,not mentioned(0),0,not mentioned,FALSE,
014,F,spec08,binary,mentioned(1),1,mentioned,FALSE,
014,G,spec08,binary,"na, wrong skip(-3)",-3,"na, wrong skip",TRUE,
014,G,spec08,binary,"na, see C/D/E/F/GSPECADJ(-2)",-2,"na, see C/D/E/F/GSPECADJ",TRUE,
014,G,spec08,binary,"na, asked(-1)",-1,"na, asked",TRUE,
014,G,spec08,binary,not mentioned(0),0,not mentioned,FALSE,
014,G,spec08,binary,mentioned(1),1,mentioned,FALSE,
014,C,spec09,binary,"na, wrong skip(-3)",-3,"na, wrong skip",TRUE,
014,C,spec09,binary,"na, see C/D/E/F/GSPECADJ(-2)",-2,"na, see C/D/E/F/GSPECADJ",TRUE,
014,C,spec09,binary,"na, asked(-1)",-1,"na, asked",TRUE,
014,C,spec09,binary,not mentioned(0),0,not mentioned,FALSE,
014,C,spec09,binary,mentioned(1),1,mentioned,FALSE,
014,D,spec09,binary,"na, wrong skip(-3)",-3,"na, wrong skip",TRUE,
014,D,spec09,binary,"na, see C/D/E/F/GSPECADJ(-2)",-2,"na, see C/D/E/F/GSPECADJ",TRUE,
014,D,spec09,binary,"na, asked(-1)",-1,"na, asked",TRUE,
014,D,spec09,binary,not mentioned(0),0,not mentioned,FALSE,
014,D,spec09,binary,mentioned(1),1,mentioned,FALSE,
014,E,spec09,binary,"na, wrong skip(-3)",-3,"na, wrong skip",TRUE,
014,E,spec09,binary,"na, see C/D/E/F/GSPECADJ(-2)",-2,"na, see C/D/E/F/GSPECADJ",TRUE,
014,E,spec09,binary,"na, asked(-1)",-1,"na, asked",TRUE,
014,E,spec09,binary,not mentioned(0),0,not mentioned,FALSE,
014,E,spec09,binary,mentioned(1),1,mentioned,FALSE,
014,F,spec09,binary,"na, wrong skip(-3)",-3,"na, wrong skip",TRUE,
014,F,spec09,binary,"na, see C/D/E/F/GSPECADJ(-2)",-2,"na, see C/D/E/F/GSPECADJ",TRUE,
014,F,spec09,binary,"na, asked(-1)",-1,"na, asked",TRUE,
014,F,spec09,binary,not mentioned(0),0,not mentioned,FALSE,
014,F,spec09,binary,mentioned(1),1,mentioned,FALSE,
014,G,spec09,binary,"na, wrong skip(-3)",-3,"na, wrong skip",TRUE,
014,G,spec09,binary,"na, see C/D/E/F/GSPECADJ(-2)",-2,"na, see C/D/E/F/GSPECADJ",TRUE,
014,G,spec09,binary,"na, asked(-1)",-1,"na, asked",TRUE,
014,G,spec09,binary,not mentioned(0),0,not mentioned,FALSE,
014,G,spec09,binary,mentioned(1),1,mentioned,FALSE,
014,C,spec10,binary,"na, wrong skip(-3)",-3,"na, wrong skip",TRUE,
014,C,spec10,binary,"na, see C/D/E/F/GSPECADJ(-2)",-2,"na, see C/D/E/F/GSPECADJ",TRUE,
014,C,spec10,binary,"na, asked(-1)",-1,"na, asked",TRUE,
014,C,spec10,binary,not mentioned(0),0,not mentioned,FALSE,
014,C,spec10,binary,mentioned(1),1,mentioned,FALSE,
014,D,spec10,binary,"na, wrong skip(-3)",-3,"na, wrong skip",TRUE,
014,D,spec10,binary,"na, see C/D/E/F/GSPECADJ(-2)",-2,"na, see C/D/E/F/GSPECADJ",TRUE,
014,D,spec10,binary,"na, asked(-1)",-1,"na, asked",TRUE,
014,D,spec10,binary,not mentioned(0),0,not mentioned,FALSE,
014,D,spec10,binary,mentioned(1),1,mentioned,FALSE,
014,E,spec10,binary,"na, wrong skip(-3)",-3,"na, wrong skip",TRUE,
014,E,spec10,binary,"na, see C/D/E/F/GSPECADJ(-2)",-2,"na, see C/D/E/F/GSPECADJ",TRUE,
014,E,spec10,binary,"na, asked(-1)",-1,"na, asked",TRUE,
014,E,spec10,binary,not mentioned(0),0,not mentioned,FALSE,
014,E,spec10,binary,mentioned(1),1,mentioned,FALSE,
014,F,spec10,binary,"na, wrong skip(-3)",-3,"na, wrong skip",TRUE,
014,F,spec10,binary,"na, see C/D/E/F/GSPECADJ(-2)",-2,"na, see C/D/E/F/GSPECADJ",TRUE,
014,F,spec10,binary,"na, asked(-1)",-1,"na, asked",TRUE,
014,F,spec10,binary,not mentioned(0),0,not mentioned,FALSE,
014,F,spec10,binary,mentioned(1),1,mentioned,FALSE,
014,G,spec10,binary,"na, wrong skip(-3)",-3,"na, wrong skip",TRUE,
014,G,spec10,binary,"na, see C/D/E/F/GSPECADJ(-2)",-2,"na, see C/D/E/F/GSPECADJ",TRUE,
014,G,spec10,binary,"na, asked(-1)",-1,"na, asked",TRUE,
014,G,spec10,binary,not mentioned(0),0,not mentioned,FALSE,
014,G,spec10,binary,mentioned(1),1,mentioned,FALSE,
014,C,spec11,binary,"na, wrong skip(-3)",-3,"na, wrong skip",TRUE,
014,C,spec11,binary,"na, see C/D/E/F/GSPECADJ(-2)",-2,"na, see C/D/E/F/GSPECADJ",TRUE,
014,C,spec11,binary,"na, asked(-1)",-1,"na, asked",TRUE,
014,C,spec11,binary,not mentioned(0),0,not mentioned,FALSE,
014,C,spec11,binary,mentioned(1),1,mentioned,FALSE,
014,D,spec11,binary,"na, wrong skip(-3)",-3,"na, wrong skip",TRUE,
014,D,spec11,binary,"na, see C/D/E/F/GSPECADJ(-2)",-2,"na, see C/D/E/F/GSPECADJ",TRUE,
014,D,spec11,binary,"na, asked(-1)",-1,"na, asked",TRUE,
014,D,spec11,binary,not mentioned(0),0,not mentioned,FALSE,
014,D,spec11,binary,mentioned(1),1,mentioned,FALSE,
014,E,spec11,binary,"na, wrong skip(-3)",-3,"na, wrong skip",TRUE,
014,E,spec11,binary,"na, see C/D/E/F/GSPECADJ(-2)",-2,"na, see C/D/E/F/GSPECADJ",TRUE,
014,E,spec11,binary,"na, asked(-1)",-1,"na, asked",TRUE,
014,E,spec11,binary,not mentioned(0),0,not mentioned,FALSE,
014,E,spec11,binary,mentioned(1),1,mentioned,FALSE,
014,F,spec11,binary,"na, wrong skip(-3)",-3,"na, wrong skip",TRUE,
014,F,spec11,binary,"na, see C/D/E/F/GSPECADJ(-2)",-2,"na, see C/D/E/F/GSPECADJ",TRUE,
014,F,spec11,binary,"na, asked(-1)",-1,"na, asked",TRUE,
014,F,spec11,binary,not mentioned(0),0,not mentioned,FALSE,
014,F,spec11,binary,mentioned(1),1,mentioned,FALSE,
014,G,spec11,binary,"na, wrong skip(-3)",-3,"na, wrong skip",TRUE,
014,G,spec11,binary,"na, see C/D/E/F/GSPECADJ(-2)",-2,"na, see C/D/E/F/GSPECADJ",TRUE,
014,G,spec11,binary,"na, asked(-1)",-1,"na, asked",TRUE,
014,G,spec11,binary,not mentioned(0),0,not mentioned,FALSE,
014,G,spec11,binary,mentioned(1),1,mentioned,FALSE,
014,C,spec12,binary,"na, wrong skip(-3)",-3,"na, wrong skip",TRUE,
014,C,spec12,binary,"na, see C/D/E/F/GSPECADJ(-2)",-2,"na, see C/D/E/F/GSPECADJ",TRUE,
014,C,spec12,binary,"na, asked(-1)",-1,"na, asked",TRUE,
014,C,spec12,binary,not mentioned(0),0,not mentioned,FALSE,
014,C,spec12,binary,mentioned(1),1,mentioned,FALSE,
014,D,spec12,binary,"na, wrong skip(-3)",-3,"na, wrong skip",TRUE,
014,D,spec12,binary,"na, see C/D/E/F/GSPECADJ(-2)",-2,"na, see C/D/E/F/GSPECADJ",TRUE,
014,D,spec12,binary,"na, asked(-1)",-1,"na, asked",TRUE,
014,D,spec12,binary,not mentioned(0),0,not mentioned,FALSE,
014,D,spec12,binary,mentioned(1),1,mentioned,FALSE,
014,E,spec12,binary,"na, wrong skip(-3)",-3,"na, wrong skip",TRUE,
014,E,spec12,binary,"na, see C/D/E/F/GSPECADJ(-2)",-2,"na, see C/D/E/F/GSPECADJ",TRUE,
014,E,spec12,binary,"na, asked(-1)",-1,"na, asked",TRUE,
014,E,spec12,binary,not mentioned(0),0,not mentioned,FALSE,
014,E,spec12,binary,mentioned(1),1,mentioned,FALSE,
014,F,spec12,binary,"na, wrong skip(-3)",-3,"na, wrong skip",TRUE,
014,F,spec12,binary,"na, see C/D/E/F/GSPECADJ(-2)",-2,"na, see C/D/E/F/GSPECADJ",TRUE,
014,F,spec12,binary,"na, asked(-1)",-1,"na, asked",TRUE,
014,F,spec12,binary,not mentioned(0),0,not mentioned,FALSE,
014,F,spec12,binary,mentioned(1),1,mentioned,FALSE,
014,G,spec12,binary,"na, wrong skip(-3)",-3,"na, wrong skip",TRUE,
014,G,spec12,binary,"na, see C/D/E/F/GSPECADJ(-2)",-2,"na, see C/D/E/F/GSPECADJ",TRUE,
014,G,spec12,binary,"na, asked(-1)",-1,"na, asked",TRUE,
014,G,spec12,binary,not mentioned(0),0,not mentioned,FALSE,
014,G,spec12,binary,mentioned(1),1,mentioned,FALSE,
014,C,spec13,binary,"na, wrong skip(-3)",-3,"na, wrong skip",TRUE,
014,C,spec13,binary,"na, see C/D/E/F/GSPECADJ(-2)",-2,"na, see C/D/E/F/GSPECADJ",TRUE,
014,C,spec13,binary,"na, asked(-1)",-1,"na, asked",TRUE,
014,C,spec13,binary,not mentioned(0),0,not mentioned,FALSE,
014,C,spec13,binary,mentioned(1),1,mentioned,FALSE,
014,D,spec13,binary,"na, wrong skip(-3)",-3,"na, wrong skip",TRUE,
014,D,spec13,binary,"na, see C/D/E/F/GSPECADJ(-2)",-2,"na, see C/D/E/F/GSPECADJ",TRUE,
014,D,spec13,binary,"na, asked(-1)",-1,"na, asked",TRUE,
014,D,spec13,binary,not mentioned(0),0,not mentioned,FALSE,
014,D,spec13,binary,mentioned(1),1,mentioned,FALSE,
014,E,spec13,binary,"na, wrong skip(-3)",-3,"na, wrong skip",TRUE,
014,E,spec13,binary,"na, see C/D/E/F/GSPECADJ(-2)",-2,"na, see C/D/E/F/GSPECADJ",TRUE,
014,E,spec13,binary,"na, asked(-1)",-1,"na, asked",TRUE,
014,E,spec13,binary,not mentioned(0),0,not mentioned,FALSE,
014,E,spec13,binary,mentioned(1),1,mentioned,FALSE,
014,F,spec13,binary,"na, wrong skip(-3)",-3,"na, wrong skip",TRUE,
014,F,spec13,binary,"na, see C/D/E/F/GSPECADJ(-2)",-2,"na, see C/D/E/F/GSPECADJ",TRUE,
014,F,spec13,binary,"na, asked(-1)",-1,"na, asked",TRUE,
014,F,spec13,binary,not mentioned(0),0,not mentioned,FALSE,
014,F,spec13,binary,mentioned(1),1,mentioned,FALSE,
014,G,spec13,binary,"na, wrong skip(-3)",-3,"na, wrong skip",TRUE,
014,G,spec13,binary,"na, see C/D/E/F/GSPECADJ(-2)",-2,"na, see C/D/E/F/GSPECADJ",TRUE,
014,G,spec13,binary,"na, asked(-1)",-1,"na, asked",TRUE,
014,G,spec13,binary,not mentioned(0),0,not mentioned,FALSE,
014,G,spec13,binary,mentioned(1),1,mentioned,FALSE,
014,C,spec06,binary,"na, see C/D/E/F/GHINDEP(-5)",-5,"na, see C/D/E/F/GHINDEP",TRUE,
014,C,spec06,binary,"na, wrong skip(-3)",-3,"na, wrong skip",TRUE,
014,C,spec06,binary,"na, see C/D/E/F/GSPECADJ(-2)",-2,"na, see C/D/E/F/GSPECADJ",TRUE,
014,C,spec06,binary,"na, asked(-1)",-1,"na, asked",TRUE,
014,C,spec06,binary,not mentioned(0),0,not mentioned,FALSE,
014,C,spec06,binary,mentioned(1),1,mentioned,FALSE,
014,D,spec06,binary,"na, see C/D/E/F/GHINDEP(-5)",-5,"na, see C/D/E/F/GHINDEP",TRUE,
014,D,spec06,binary,"na, wrong skip(-3)",-3,"na, wrong skip",TRUE,
014,D,spec06,binary,"na, see C/D/E/F/GSPECADJ(-2)",-2,"na, see C/D/E/F/GSPECADJ",TRUE,
014,D,spec06,binary,"na, asked(-1)",-1,"na, asked",TRUE,
014,D,spec06,binary,not mentioned(0),0,not mentioned,FALSE,
014,D,spec06,binary,mentioned(1),1,mentioned,FALSE,
014,E,spec06,binary,"na, see C/D/E/F/GHINDEP(-5)",-5,"na, see C/D/E/F/GHINDEP",TRUE,
014,E,spec06,binary,"na, wrong skip(-3)",-3,"na, wrong skip",TRUE,
014,E,spec06,binary,"na, see C/D/E/F/GSPECADJ(-2)",-2,"na, see C/D/E/F/GSPECADJ",TRUE,
014,E,spec06,binary,"na, asked(-1)",-1,"na, asked",TRUE,
014,E,spec06,binary,not mentioned(0),0,not mentioned,FALSE,
014,E,spec06,binary,mentioned(1),1,mentioned,FALSE,
014,F,spec06,binary,"na, see C/D/E/F/GHINDEP(-5)",-5,"na, see C/D/E/F/GHINDEP",TRUE,
014,F,spec06,binary,"na, wrong skip(-3)",-3,"na, wrong skip",TRUE,
014,F,spec06,binary,"na, see C/D/E/F/GSPECADJ(-2)",-2,"na, see C/D/E/F/GSPECADJ",TRUE,
014,F,spec06,binary,"na, asked(-1)",-1,"na, asked",TRUE,
014,F,spec06,binary,not mentioned(0),0,not mentioned,FALSE,
014,F,spec06,binary,mentioned(1),1,mentioned,FALSE,
014,G,spec06,binary,"na, see C/D/E/F/GHINDEP(-5)",-5,"na, see C/D/E/F/GHINDEP",TRUE,
014,G,spec06,binary,"na, wrong skip(-3)",-3,"na, wrong skip",TRUE,
014,G,spec06,binary,"na, see C/D/E/F/GSPECADJ(-2)",-2,"na, see C/D/E/F/GSPECADJ",TRUE,
014,G,spec06,binary,"na, asked(-1)",-1,"na, asked",TRUE,
014,G,spec06,binary,not mentioned(0),0,not mentioned,FALSE,
014,G,spec06,binary,mentioned(1),1,mentioned,FALSE,
014,C,spec14,binary,"na, see C/D/E/F/GHINDEP(-5)",-5,"na, see C/D/E/F/GHINDEP",TRUE,
014,C,spec14,binary,"na, wrong skip(-3)",-3,"na, wrong skip",TRUE,
014,C,spec14,binary,"na, see C/D/E/F/GSPECADJ(-2)",-2,"na, see C/D/E/F/GSPECADJ",TRUE,
014,C,spec14,binary,"na, asked(-1)",-1,"na, asked",TRUE,
014,C,spec14,binary,not mentioned(0),0,not mentioned,FALSE,
014,C,spec14,binary,mentioned(1),1,mentioned,FALSE,
014,D,spec14,binary,"na, see C/D/E/F/GHINDEP(-5)",-5,"na, see C/D/E/F/GHINDEP",TRUE,
014,D,spec14,binary,"na, wrong skip(-3)",-3,"na, wrong skip",TRUE,
014,D,spec14,binary,"na, see C/D/E/F/GSPECADJ(-2)",-2,"na, see C/D/E/F/GSPECADJ",TRUE,
014,D,spec14,binary,"na, asked(-1)",-1,"na, asked",TRUE,
014,D,spec14,binary,not mentioned(0),0,not mentioned,FALSE,
014,D,spec14,binary,mentioned(1),1,mentioned,FALSE,
014,E,spec14,binary,"na, see C/D/E/F/GHINDEP(-5)",-5,"na, see C/D/E/F/GHINDEP",TRUE,
014,E,spec14,binary,"na, wrong skip(-3)",-3,"na, wrong skip",TRUE,
014,E,spec14,binary,"na, see C/D/E/F/GSPECADJ(-2)",-2,"na, see C/D/E/F/GSPECADJ",TRUE,
014,E,spec14,binary,"na, asked(-1)",-1,"na, asked",TRUE,
014,E,spec14,binary,not mentioned(0),0,not mentioned,FALSE,
014,E,spec14,binary,mentioned(1),1,mentioned,FALSE,
014,F,spec14,binary,"na, see C/D/E/F/GHINDEP(-5)",-5,"na, see C/D/E/F/GHINDEP",TRUE,
014,F,spec14,binary,"na, wrong skip(-3)",-3,"na, wrong skip",TRUE,
014,F,spec14,binary,"na, see C/D/E/F/GSPECADJ(-2)",-2,"na, see C/D/E/F/GSPECADJ",TRUE,
014,F,spec14,binary,"na, asked(-1)",-1,"na, asked",TRUE,
014,F,spec14,binary,not mentioned(0),0,not mentioned,FALSE,
014,F,spec14,binary,mentioned(1),1,mentioned,FALSE,
014,G,spec14,binary,"na, see C/D/E/F/GHINDEP(-5)",-5,"na, see C/D/E/F/GHINDEP",TRUE,
014,G,spec14,binary,"na, wrong skip(-3)",-3,"na, wrong skip",TRUE,
014,G,spec14,binary,"na, see C/D/E/F/GSPECADJ(-2)",-2,"na, see C/D/E/F/GSPECADJ",TRUE,
014,G,spec14,binary,"na, asked(-1)",-1,"na, asked",TRUE,
014,G,spec14,binary,not mentioned(0),0,not mentioned,FALSE,
014,G,spec14,binary,mentioned(1),1,mentioned,FALSE,
014,C,spec15,binary,"na, see C/D/E/F/GHINDEP(-5)",-5,"na, see C/D/E/F/GHINDEP",TRUE,
014,C,spec15,binary,"na, wrong skip(-3)",-3,"na, wrong skip",TRUE,
014,C,spec15,binary,"na, see C/D/E/F/GSPECADJ(-2)",-2,"na, see C/D/E/F/GSPECADJ",TRUE,
014,C,spec15,binary,"na, asked(-1)",-1,"na, asked",TRUE,
014,C,spec15,binary,not mentioned(0),0,not mentioned,FALSE,
014,C,spec15,binary,mentioned(1),1,mentioned,FALSE,
014,D,spec15,binary,"na, see C/D/E/F/GHINDEP(-5)",-5,"na, see C/D/E/F/GHINDEP",TRUE,
014,D,spec15,binary,"na, wrong skip(-3)",-3,"na, wrong skip",TRUE,
014,D,spec15,binary,"na, see C/D/E/F/GSPECADJ(-2)",-2,"na, see C/D/E/F/GSPECADJ",TRUE,
014,D,spec15,binary,"na, asked(-1)",-1,"na, asked",TRUE,
014,D,spec15,binary,not mentioned(0),0,not mentioned,FALSE,
014,D,spec15,binary,mentioned(1),1,mentioned,FALSE,
014,E,spec15,binary,"na, see C/D/E/F/GHINDEP(-5)",-5,"na, see C/D/E/F/GHINDEP",TRUE,
014,E,spec15,binary,"na, wrong skip(-3)",-3,"na, wrong skip",TRUE,
014,E,spec15,binary,"na, see C/D/E/F/GSPECADJ(-2)",-2,"na, see C/D/E/F/GSPECADJ",TRUE,
014,E,spec15,binary,"na, asked(-1)",-1,"na, asked",TRUE,
014,E,spec15,binary,not mentioned(0),0,not mentioned,FALSE,
014,E,spec15,binary,mentioned(1),1,mentioned,FALSE,
014,F,spec15,binary,"na, see C/D/E/F/GHINDEP(-5)",-5,"na, see C/D/E/F/GHINDEP",TRUE,
014,F,spec15,binary,"na, wrong skip(-3)",-3,"na, wrong skip",TRUE,
014,F,spec15,binary,"na, see C/D/E/F/GSPECADJ(-2)",-2,"na, see C/D/E/F/GSPECADJ",TRUE,
014,F,spec15,binary,"na, asked(-1)",-1,"na, asked",TRUE,
014,F,spec15,binary,not mentioned(0),0,not mentioned,FALSE,
014,F,spec15,binary,mentioned(1),1,mentioned,FALSE,
014,G,spec15,binary,"na, see C/D/E/F/GHINDEP(-5)",-5,"na, see C/D/E/F/GHINDEP",TRUE,
014,G,spec15,binary,"na, wrong skip(-3)",-3,"na, wrong skip",TRUE,
014,G,spec15,binary,"na, see C/D/E/F/GSPECADJ(-2)",-2,"na, see C/D/E/F/GSPECADJ",TRUE,
014,G,spec15,binary,"na, asked(-1)",-1,"na, asked",TRUE,
014,G,spec15,binary,not mentioned(0),0,not mentioned,FALSE,
014,G,spec15,binary,mentioned(1),1,mentioned,FALSE,
014,C,spec16,binary,"na, see C/D/E/F/GHINDEP(-5)",-5,"na, see C/D/E/F/GHINDEP",TRUE,
014,C,spec16,binary,"na, wrong skip(-3)",-3,"na, wrong skip",TRUE,
014,C,spec16,binary,"na, see C/D/E/F/GSPECADJ(-2)",-2,"na, see C/D/E/F/GSPECADJ",TRUE,
014,C,spec16,binary,"na, asked(-1)",-1,"na, asked",TRUE,
014,C,spec16,binary,not mentioned(0),0,not mentioned,FALSE,
014,C,spec16,binary,mentioned(1),1,mentioned,FALSE,
014,D,spec16,binary,"na, see C/D/E/F/GHINDEP(-5)",-5,"na, see C/D/E/F/GHINDEP",TRUE,
014,D,spec16,binary,"na, wrong skip(-3)",-3,"na, wrong skip",TRUE,
014,D,spec16,binary,"na, see C/D/E/F/GSPECADJ(-2)",-2,"na, see C/D/E/F/GSPECADJ",TRUE,
014,D,spec16,binary,"na, asked(-1)",-1,"na, asked",TRUE,
014,D,spec16,binary,not mentioned(0),0,not mentioned,FALSE,
014,D,spec16,binary,mentioned(1),1,mentioned,FALSE,
014,E,spec16,binary,"na, see C/D/E/F/GHINDEP(-5)",-5,"na, see C/D/E/F/GHINDEP",TRUE,
014,E,spec16,binary,"na, wrong skip(-3)",-3,"na, wrong skip",TRUE,
014,E,spec16,binary,"na, see C/D/E/F/GSPECADJ(-2)",-2,"na, see C/D/E/F/GSPECADJ",TRUE,
014,E,spec16,binary,"na, asked(-1)",-1,"na, asked",TRUE,
014,E,spec16,binary,not mentioned(0),0,not mentioned,FALSE,
014,E,spec16,binary,mentioned(1),1,mentioned,FALSE,
014,F,spec16,binary,"na, see C/D/E/F/GHINDEP(-5)",-5,"na, see C/D/E/F/GHINDEP",TRUE,
014,F,spec16,binary,"na, wrong skip(-3)",-3,"na, wrong skip",TRUE,
014,F,spec16,binary,"na, see C/D/E/F/GSPECADJ(-2)",-2,"na, see C/D/E/F/GSPECADJ",TRUE,
014,F,spec16,binary,"na, asked(-1)",-1,"na, asked",TRUE,
014,F,spec16,binary,not mentioned(0),0,not mentioned,FALSE,
014,F,spec16,binary,mentioned(1),1,mentioned,FALSE,
014,G,spec16,binary,"na, see C/D/E/F/GHINDEP(-5)",-5,"na, see C/D/E/F/GHINDEP",TRUE,
014,G,spec16,binary,"na, wrong skip(-3)",-3,"na, wrong skip",TRUE,
014,G,spec16,binary,"na, see C/D/E/F/GSPECADJ(-2)",-2,"na, see C/D/E/F/GSPECADJ",TRUE,
014,G,spec16,binary,"na, asked(-1)",-1,"na, asked",TRUE,
014,G,spec16,binary,not mentioned(0),0,not mentioned,FALSE,
014,G,spec16,binary,mentioned(1),1,mentioned,FALSE,
014,C,spec17,binary,"na, wrong skip(-3)",-3,"na, wrong skip",TRUE,
014,C,spec17,binary,"na, see C/D/E/F/GSPECADJ(-2)",-2,"na, see C/D/E/F/GSPECADJ",TRUE,
014,C,spec17,binary,"na, asked(-1)",-1,"na, asked",TRUE,
014,C,spec17,binary,not mentioned(0),0,not mentioned,FALSE,
014,C,spec17,binary,mentioned(1),1,mentioned,FALSE,
014,D,spec17,binary,"na, wrong skip(-3)",-3,"na, wrong skip",TRUE,
014,D,spec17,binary,"na, see C/D/E/F/GSPECADJ(-2)",-2,"na, see C/D/E/F/GSPECADJ",TRUE,
014,D,spec17,binary,"na, asked(-1)",-1,"na, asked",TRUE,
014,D,spec17,binary,not mentioned(0),0,not mentioned,FALSE,
014,D,spec17,binary,mentioned(1),1,mentioned,FALSE,
014,E,spec17,binary,"na, wrong skip(-3)",-3,"na, wrong skip",TRUE,
014,E,spec17,binary,"na, see C/D/E/F/GSPECADJ(-2)",-2,"na, see C/D/E/F/GSPECADJ",TRUE,
014,E,spec17,binary,"na, asked(-1)",-1,"na, asked",TRUE,
014,E,spec17,binary,not mentioned(0),0,not mentioned,FALSE,
014,E,spec17,binary,mentioned(1),1,mentioned,FALSE,
014,F,spec17,binary,"na, wrong skip(-3)",-3,"na, wrong skip",TRUE,
014,F,spec17,binary,"na, see C/D/E/F/GSPECADJ(-2)",-2,"na, see C/D/E/F/GSPECADJ",TRUE,
014,F,spec17,binary,"na, asked(-1)",-1,"na, asked",TRUE,
014,F,spec17,binary,not mentioned(0),0,not mentioned,FALSE,
014,F,spec17,binary,mentioned(1),1,mentioned,FALSE,
014,G,spec17,binary,"na, wrong skip(-3)",-3,"na, wrong skip",TRUE,
014,G,spec17,binary,"na, see C/D/E/F/GSPECADJ(-2)",-2,"na, see C/D/E/F/GSPECADJ",TRUE,
014,G,spec17,binary,"na, asked(-1)",-1,"na, asked",TRUE,
014,G,spec17,binary,not mentioned(0),0,not mentioned,FALSE,
014,G,spec17,binary,mentioned(1),1,mentioned,FALSE,
014,C,satis,ordinal,"na, wrong skip(-3)",-3,"na, wrong skip",TRUE,
014,C,satis,ordinal,"na, routing(-2)",-2,"na, routing",TRUE,
014,C,satis,ordinal,"na, asked(-1)",-1,"na, asked",TRUE,
014,C,satis,ordinal,dissatisfied(1),1,dissatisfied,FALSE,
014,C,satis,ordinal,not satisfied/dissatisfied(2),2,not satisfied/dissatisfied,FALSE,
014,C,satis,ordinal,satisfied(3),3,satisfied,FALSE,
014,D,satis,ordinal,"na, wrong skip(-3)",-3,"na, wrong skip",TRUE,
014,D,satis,ordinal,"na, routing(-2)",-2,"na, routing",TRUE,
014,D,satis,ordinal,"na, asked(-1)",-1,"na, asked",TRUE,
014,D,satis,ordinal,dissatisfied(1),1,dissatisfied,FALSE,
014,D,satis,ordinal,not satisfied/dissatisfied(2),2,not satisfied/dissatisfied,FALSE,
014,D,satis,ordinal,satisfied(3),3,satisfied,FALSE,
014,E,satis,ordinal,"na, wrong skip(-3)",-3,"na, wrong skip",TRUE,
014,E,satis,ordinal,"na, routing(-2)",-2,"na, routing",TRUE,
014,E,satis,ordinal,"na, asked(-1)",-1,"na, asked",TRUE,
014,E,satis,ordinal,dissatisfied(1),1,dissatisfied,FALSE,
014,E,satis,ordinal,not satisfied/dissatisfied(2),2,not satisfied/dissatisfied,FALSE,
014,E,satis,ordinal,satisfied(3),3,satisfied,FALSE,
014,F,satis,ordinal,"na, wrong skip(-3)",-3,"na, wrong skip",TRUE,
014,F,satis,ordinal,"na, routing(-2)",-2,"na, routing",TRUE,
014,F,satis,ordinal,"na, asked(-1)",-1,"na, asked",TRUE,
014,F,satis,ordinal,dissatisfied(1),1,dissatisfied,FALSE,
014,F,satis,ordinal,not satisfied/dissatisfied(2),2,not satisfied/dissatisfied,FALSE,
014,F,satis,ordinal,satisfied(3),3,satisfied,FALSE,
014,G,satis,ordinal,"na, wrong skip(-3)",-3,"na, wrong skip",TRUE,
014,G,satis,ordinal,"na, routing(-2)",-2,"na, routing",TRUE,
014,G,satis,ordinal,"na, asked(-1)",-1,"na, asked",TRUE,
014,G,satis,ordinal,dissatisfied(1),1,dissatisfied,FALSE,
014,G,satis,ordinal,not satisfied/dissatisfied(2),2,not satisfied/dissatisfied,FALSE,
014,G,satis,ordinal,satisfied(3),3,satisfied,FALSE,
014,2B,hindep,categorical,"na, interview terminated(-2)",-2,"na, interview terminated",TRUE,
014,2B,hindep,categorical,"na, asked(-1)",-1,"na, asked",TRUE,
014,2B,hindep,categorical,independent(1),1,independent,FALSE,
014,2B,hindep,categorical,residential home(2),2,residential home,FALSE,
014,2B,hindep,categorical,nursing h- somatic(3),3,nursing h- somatic,FALSE,
014,2B,hindep,categorical,nursing h-psych(4),4,nursing h-psych,FALSE,
014,2B,hindep,categorical,hospital(5),5,hospital,FALSE,
014,2B,hindep,categorical,psychiatric hospital(6),6,psychiatric hospital,FALSE,
014,2B,hindep,categorical,monastery (added)(8),8,monastery (added),FALSE,
014,2B,momonth,date,"na, wrong skip(-3)",-3,"na, wrong skip",TRUE,
014,2B,momonth,date,"na, see BHINDEP(-2)",-2,"na, see BHINDEP",TRUE,
014,2B,momonth,date,"na, asked(-1)",-1,"na, asked",TRUE,
014,2B,momonth,date,see Table * Month,NA,NA,NA,Unresolved PDF cross-reference: Table *MONTH is not defined in LASA014_varinfo.pdf.
014,2B,moyear,date,"na, wrong skip(-3)",-3,"na, wrong skip",TRUE,
014,2B,moyear,date,"na, see BHINDEP(-2)",-2,"na, see BHINDEP",TRUE,
014,2B,moyear,date,"na, asked(-1)",-1,"na, asked",TRUE,
014,2B,houstyp,categorical,"na, see BHINDEP(-2)",-2,"na, see BHINDEP",TRUE,
014,2B,houstyp,categorical,unknown(-1),-1,unknown,TRUE,
014,2B,houstyp,categorical,attached row(1),1,attached row,FALSE,
014,2B,houstyp,categorical,semi-detached(2),2,semi-detached,FALSE,
014,2B,houstyp,categorical,detached(3),3,detached,FALSE,
014,2B,houstyp,categorical,high rise (elevator)(4),4,high rise (elevator),FALSE,
014,2B,houstyp,categorical,high rise (no elevator)(5),5,high rise (no elevator),FALSE,
014,2B,houstyp,categorical,low-level apt building(6),6,low-level apt building,FALSE,
014,2B,houstyp,categorical,ground floor apartment(7),7,ground floor apartment,FALSE,
014,2B,houstyp,categorical,apt build elderly (elevator)(8),8,apt build elderly (elevator),FALSE,
014,2B,houstyp,categorical,home elderly (street level)(9),9,home elderly (street level),FALSE,
014,2B,houstyp,categorical,service flat (home elderly)(10),10,service flat (home elderly),FALSE,
014,2B,houstyp,categorical,semi-independent(11),11,semi-independent,FALSE,
014,2B,houstyp,categorical,farm(12),12,farm,FALSE,
014,2B,houstyp,categorical,houseboat(13),13,houseboat,FALSE,
014,2B,houstyp,categorical,commune(14),14,commune,FALSE,
014,2B,houstyp,categorical,other(15),15,other,FALSE,
014,2B,houstyp,categorical,institution(16),16,institution,FALSE,
014,2B,houstyp,categorical,monastery(17),17,monastery,FALSE,
014,2B,fdoor,numeric,wrong skip(-3),-3,wrong skip,TRUE,
014,2B,fdoor,numeric,"na, see BHINDEP(-2)",-2,"na, see BHINDEP",TRUE,
014,2B,fdoor,numeric,"na, asked(-1)",-1,"na, asked",TRUE,
014,2B,rfdoor,categorical,"na, wrong skip(-3)",-3,"na, wrong skip",TRUE,
014,2B,rfdoor,categorical,"na, see BFDOOR(-2)",-2,"na, see BFDOOR",TRUE,
014,2B,rfdoor,categorical,"na, asked(-1)",-1,"na, asked",TRUE,
014,2B,rfdoor,categorical,only stairs(1),1,only stairs,FALSE,
014,2B,rfdoor,categorical,elevator present(2),2,elevator present,FALSE,
014,2B,rfdoor,categorical,other(3),3,other,FALSE,
014,2B,nrooms,numeric,"na, wrong skip(-3)",-3,"na, wrong skip",TRUE,
014,2B,nrooms,numeric,"na, see BHINDEP(-2)",-2,"na, see BHINDEP",TRUE,
014,2B,nrooms,numeric,"na, asked(-1)",-1,"na, asked",TRUE,
014,2B,lrooms,binary,"na, wrong skip(-3)",-3,"na, wrong skip",TRUE,
014,2B,lrooms,binary,"na, see BHINDEP(-2)",-2,"na, see BHINDEP",TRUE,
014,2B,lrooms,binary,"na, asked(-1)",-1,"na, asked",TRUE,
014,2B,lrooms,binary,no(1),1,no,FALSE,
014,2B,lrooms,binary,yes(2),2,yes,FALSE,
014,2B,specadj,binary,"see blrooms -> na, wrong skip(-3)",-3,"na, wrong skip",TRUE,
014,2B,specadj,binary,"see blrooms -> na, see BHINDEP(-2)",-2,"na, see BHINDEP",TRUE,
014,2B,specadj,binary,"see blrooms -> na, asked(-1)",-1,"na, asked",TRUE,
014,2B,specadj,binary,see blrooms -> no(1),1,no,FALSE,
014,2B,specadj,binary,see blrooms -> yes(2),2,yes,FALSE,
014,2B,spec01,binary,"na, wrong skip(-3)",-3,"na, wrong skip",TRUE,
014,2B,spec01,binary,"na, see BSPECADJ(-2)",-2,"na, see BSPECADJ",TRUE,
014,2B,spec01,binary,"na, asked(-1)",-1,"na, asked",TRUE,
014,2B,spec01,binary,not mentioned(1),1,not mentioned,FALSE,
014,2B,spec01,binary,mentioned(2),2,mentioned,FALSE,
014,2B,spec02,binary,"see bspec01 -> na, wrong skip(-3)",-3,"na, wrong skip",TRUE,
014,2B,spec02,binary,"see bspec01 -> na, see BSPECADJ(-2)",-2,"na, see BSPECADJ",TRUE,
014,2B,spec02,binary,"see bspec01 -> na, asked(-1)",-1,"na, asked",TRUE,
014,2B,spec02,binary,see bspec01 -> not mentioned(1),1,not mentioned,FALSE,
014,2B,spec02,binary,see bspec01 -> mentioned(2),2,mentioned,FALSE,
014,2B,spec03,binary,"see bspec01 -> na, wrong skip(-3)",-3,"na, wrong skip",TRUE,
014,2B,spec03,binary,"see bspec01 -> na, see BSPECADJ(-2)",-2,"na, see BSPECADJ",TRUE,
014,2B,spec03,binary,"see bspec01 -> na, asked(-1)",-1,"na, asked",TRUE,
014,2B,spec03,binary,see bspec01 -> not mentioned(1),1,not mentioned,FALSE,
014,2B,spec03,binary,see bspec01 -> mentioned(2),2,mentioned,FALSE,
014,2B,spec04,binary,"see bspec01 -> na, wrong skip(-3)",-3,"na, wrong skip",TRUE,
014,2B,spec04,binary,"see bspec01 -> na, see BSPECADJ(-2)",-2,"na, see BSPECADJ",TRUE,
014,2B,spec04,binary,"see bspec01 -> na, asked(-1)",-1,"na, asked",TRUE,
014,2B,spec04,binary,see bspec01 -> not mentioned(1),1,not mentioned,FALSE,
014,2B,spec04,binary,see bspec01 -> mentioned(2),2,mentioned,FALSE,
014,2B,spec05,binary,"see bspec01 -> na, wrong skip(-3)",-3,"na, wrong skip",TRUE,
014,2B,spec05,binary,"see bspec01 -> na, see BSPECADJ(-2)",-2,"na, see BSPECADJ",TRUE,
014,2B,spec05,binary,"see bspec01 -> na, asked(-1)",-1,"na, asked",TRUE,
014,2B,spec05,binary,see bspec01 -> not mentioned(1),1,not mentioned,FALSE,
014,2B,spec05,binary,see bspec01 -> mentioned(2),2,mentioned,FALSE,
014,2B,spec06,binary,"see bspec01 -> na, wrong skip(-3)",-3,"na, wrong skip",TRUE,
014,2B,spec06,binary,"see bspec01 -> na, see BSPECADJ(-2)",-2,"na, see BSPECADJ",TRUE,
014,2B,spec06,binary,"see bspec01 -> na, asked(-1)",-1,"na, asked",TRUE,
014,2B,spec06,binary,see bspec01 -> not mentioned(1),1,not mentioned,FALSE,
014,2B,spec06,binary,see bspec01 -> mentioned(2),2,mentioned,FALSE,
014,2B,spec07,binary,"see bspec01 -> na, wrong skip(-3)",-3,"na, wrong skip",TRUE,
014,2B,spec07,binary,"see bspec01 -> na, see BSPECADJ(-2)",-2,"na, see BSPECADJ",TRUE,
014,2B,spec07,binary,"see bspec01 -> na, asked(-1)",-1,"na, asked",TRUE,
014,2B,spec07,binary,see bspec01 -> not mentioned(1),1,not mentioned,FALSE,
014,2B,spec07,binary,see bspec01 -> mentioned(2),2,mentioned,FALSE,
014,2B,spec08,binary,"see bspec01 -> na, wrong skip(-3)",-3,"na, wrong skip",TRUE,
014,2B,spec08,binary,"see bspec01 -> na, see BSPECADJ(-2)",-2,"na, see BSPECADJ",TRUE,
014,2B,spec08,binary,"see bspec01 -> na, asked(-1)",-1,"na, asked",TRUE,
014,2B,spec08,binary,see bspec01 -> not mentioned(1),1,not mentioned,FALSE,
014,2B,spec08,binary,see bspec01 -> mentioned(2),2,mentioned,FALSE,
014,2B,spec09,binary,"see bspec01 -> na, wrong skip(-3)",-3,"na, wrong skip",TRUE,
014,2B,spec09,binary,"see bspec01 -> na, see BSPECADJ(-2)",-2,"na, see BSPECADJ",TRUE,
014,2B,spec09,binary,"see bspec01 -> na, asked(-1)",-1,"na, asked",TRUE,
014,2B,spec09,binary,see bspec01 -> not mentioned(1),1,not mentioned,FALSE,
014,2B,spec09,binary,see bspec01 -> mentioned(2),2,mentioned,FALSE,
014,2B,spec10,binary,"see bspec01 -> na, wrong skip(-3)",-3,"na, wrong skip",TRUE,
014,2B,spec10,binary,"see bspec01 -> na, see BSPECADJ(-2)",-2,"na, see BSPECADJ",TRUE,
014,2B,spec10,binary,"see bspec01 -> na, asked(-1)",-1,"na, asked",TRUE,
014,2B,spec10,binary,see bspec01 -> not mentioned(1),1,not mentioned,FALSE,
014,2B,spec10,binary,see bspec01 -> mentioned(2),2,mentioned,FALSE,
014,2B,spec11,binary,"see bspec01 -> na, wrong skip(-3)",-3,"na, wrong skip",TRUE,
014,2B,spec11,binary,"see bspec01 -> na, see BSPECADJ(-2)",-2,"na, see BSPECADJ",TRUE,
014,2B,spec11,binary,"see bspec01 -> na, asked(-1)",-1,"na, asked",TRUE,
014,2B,spec11,binary,see bspec01 -> not mentioned(1),1,not mentioned,FALSE,
014,2B,spec11,binary,see bspec01 -> mentioned(2),2,mentioned,FALSE,
014,2B,spec12,binary,"see bspec01 -> na, wrong skip(-3)",-3,"na, wrong skip",TRUE,
014,2B,spec12,binary,"see bspec01 -> na, see BSPECADJ(-2)",-2,"na, see BSPECADJ",TRUE,
014,2B,spec12,binary,"see bspec01 -> na, asked(-1)",-1,"na, asked",TRUE,
014,2B,spec12,binary,see bspec01 -> not mentioned(1),1,not mentioned,FALSE,
014,2B,spec12,binary,see bspec01 -> mentioned(2),2,mentioned,FALSE,
014,2B,spec13,binary,"see bspec01 -> na, wrong skip(-3)",-3,"na, wrong skip",TRUE,
014,2B,spec13,binary,"see bspec01 -> na, see BSPECADJ(-2)",-2,"na, see BSPECADJ",TRUE,
014,2B,spec13,binary,"see bspec01 -> na, asked(-1)",-1,"na, asked",TRUE,
014,2B,spec13,binary,see bspec01 -> not mentioned(1),1,not mentioned,FALSE,
014,2B,spec13,binary,see bspec01 -> mentioned(2),2,mentioned,FALSE,
014,2B,spec14,binary,"see bspec01 -> na, wrong skip(-3)",-3,"na, wrong skip",TRUE,
014,2B,spec14,binary,"see bspec01 -> na, see BSPECADJ(-2)",-2,"na, see BSPECADJ",TRUE,
014,2B,spec14,binary,"see bspec01 -> na, asked(-1)",-1,"na, asked",TRUE,
014,2B,spec14,binary,see bspec01 -> not mentioned(1),1,not mentioned,FALSE,
014,2B,spec14,binary,see bspec01 -> mentioned(2),2,mentioned,FALSE,
014,2B,spec15,binary,"see bspec01 -> na, wrong skip(-3)",-3,"na, wrong skip",TRUE,
014,2B,spec15,binary,"see bspec01 -> na, see BSPECADJ(-2)",-2,"na, see BSPECADJ",TRUE,
014,2B,spec15,binary,"see bspec01 -> na, asked(-1)",-1,"na, asked",TRUE,
014,2B,spec15,binary,see bspec01 -> not mentioned(1),1,not mentioned,FALSE,
014,2B,spec15,binary,see bspec01 -> mentioned(2),2,mentioned,FALSE,
014,2B,spec16,binary,"see bspec01 -> na, wrong skip(-3)",-3,"na, wrong skip",TRUE,
014,2B,spec16,binary,"see bspec01 -> na, see BSPECADJ(-2)",-2,"na, see BSPECADJ",TRUE,
014,2B,spec16,binary,"see bspec01 -> na, asked(-1)",-1,"na, asked",TRUE,
014,2B,spec16,binary,see bspec01 -> not mentioned(1),1,not mentioned,FALSE,
014,2B,spec16,binary,see bspec01 -> mentioned(2),2,mentioned,FALSE,
014,2B,spec17,binary,"see bspec01 -> na, wrong skip(-3)",-3,"na, wrong skip",TRUE,
014,2B,spec17,binary,"see bspec01 -> na, see BSPECADJ(-2)",-2,"na, see BSPECADJ",TRUE,
014,2B,spec17,binary,"see bspec01 -> na, asked(-1)",-1,"na, asked",TRUE,
014,2B,spec17,binary,see bspec01 -> not mentioned(1),1,not mentioned,FALSE,
014,2B,spec17,binary,see bspec01 -> mentioned(2),2,mentioned,FALSE,
014,2B,ospec1,binary,"na, see BSPEC17(-2)",-2,"na, see BSPEC17",TRUE,
014,2B,ospec1,binary,no(0),0,no,FALSE,
014,2B,ospec1,binary,yes(1),1,yes,FALSE,
014,2B,ospec2,binary,"see bospec1 -> na, see BSPEC17(-2)",-2,"na, see BSPEC17",TRUE,
014,2B,ospec2,binary,see bospec1 -> no(0),0,no,FALSE,
014,2B,ospec2,binary,see bospec1 -> yes(1),1,yes,FALSE,
014,2B,ospec3,binary,"see bospec1 -> na, see BSPEC17(-2)",-2,"na, see BSPEC17",TRUE,
014,2B,ospec3,binary,see bospec1 -> no(0),0,no,FALSE,
014,2B,ospec3,binary,see bospec1 -> yes(1),1,yes,FALSE,
014,2B,ospec4,binary,"see bospec1 -> na, see BSPEC17(-2)",-2,"na, see BSPEC17",TRUE,
014,2B,ospec4,binary,see bospec1 -> no(0),0,no,FALSE,
014,2B,ospec4,binary,see bospec1 -> yes(1),1,yes,FALSE,
014,2B,ospec5,binary,"see bospec1 -> na, see BSPEC17(-2)",-2,"na, see BSPEC17",TRUE,
014,2B,ospec5,binary,see bospec1 -> no(0),0,no,FALSE,
014,2B,ospec5,binary,see bospec1 -> yes(1),1,yes,FALSE,
014,2B,ospec6,binary,"see bospec1 -> na, see BSPEC17(-2)",-2,"na, see BSPEC17",TRUE,
014,2B,ospec6,binary,see bospec1 -> no(0),0,no,FALSE,
014,2B,ospec6,binary,see bospec1 -> yes(1),1,yes,FALSE,
014,2B,satis,ordinal,"na, wrong skip(-3)",-3,"na, wrong skip",TRUE,
014,2B,satis,ordinal,"na, see BHINDEP(-2)",-2,"na, see BHINDEP",TRUE,
014,2B,satis,ordinal,"na, asked(-1)",-1,"na, asked",TRUE,
014,2B,satis,ordinal,dissatisfied(1),1,dissatisfied,FALSE,
014,2B,satis,ordinal,not satisfied/dissatisfied(2),2,not satisfied/dissatisfied,FALSE,
014,2B,satis,ordinal,satisfied(3),3,satisfied,FALSE,
014,H,hindep,categorical,"na, wrong skip(-3)",-3,"na, wrong skip",TRUE,
014,H,hindep,categorical,"na, see HMOVED(-2)",-2,"na, see HMOVED",TRUE,
014,H,hindep,categorical,"na, asked(-1)",-1,"na, asked",TRUE,
014,H,hindep,categorical,independent(1),1,independent,FALSE,
014,H,hindep,categorical,residential home(2),2,residential home,FALSE,
014,H,hindep,categorical,nursing h-somatic(3),3,nursing h-somatic,FALSE,
014,H,hindep,categorical,nursing h-psych(4),4,nursing h-psych,FALSE,
014,H,hindep,categorical,hospital(5),5,hospital,FALSE,
014,H,hindep,categorical,psychiatric hospital(6),6,psychiatric hospital,FALSE,
014,H,hindep,categorical,monastery(8),8,monastery,FALSE,
014,H,moved,categorical,"na, asked(-1)",-1,"na, asked",TRUE,
014,H,moved,categorical,no(1),1,no,FALSE,
014,H,moved,categorical,yes(2),2,yes,FALSE,
014,H,moved,categorical,"yes, temporarily living elsewhere(3)",3,"yes, temporarily living elsewhere",FALSE,
014,H,moved,categorical,lived temporarily elsewhere(4),4,lived temporarily elsewhere,FALSE,
014,H,momonth,date,"na, wrong skip(-3)",-3,"na, wrong skip",TRUE,
014,H,momonth,date,"na, see HMOVED(-2)",-2,"na, see HMOVED",TRUE,
014,H,momonth,date,"na, asked(-1)",-1,"na, asked",TRUE,
014,H,momonth,date,see Table * Month,NA,NA,NA,Unresolved PDF cross-reference: Table *MONTH is not defined in LASA014_varinfo.pdf.
014,H,moyear,date,"na, wrong skip(-3)",-3,"na, wrong skip",TRUE,
014,H,moyear,date,"na, see HMOVED(-2)",-2,"na, see HMOVED",TRUE,
014,H,moyear,date,"na, asked(-1)",-1,"na, asked",TRUE,
014,H,housem,categorical,"na, see HHINDEP(-5)",-5,"na, see HHINDEP",TRUE,
014,H,housem,categorical,"na, wrong skip(-3)",-3,"na, wrong skip",TRUE,
014,H,housem,categorical,"na, see HMOVED(-2)",-2,"na, see HMOVED",TRUE,
014,H,housem,categorical,"na, asked(-1)",-1,"na, asked",TRUE,
014,H,housem,categorical,attached row or semi-detached(1),1,attached row or semi-detached,FALSE,
014,H,housem,categorical,detached(2),2,detached,FALSE,
014,H,housem,categorical,high rise (elevator)(3),3,high rise (elevator),FALSE,
014,H,housem,categorical,high rise (no elevator)(4),4,high rise (no elevator),FALSE,
014,H,housem,categorical,ground floor apartment(5),5,ground floor apartment,FALSE,
014,H,housem,categorical,apt build elderly (elevator)(6),6,apt build elderly (elevator),FALSE,
014,H,housem,categorical,home elderly (street level)(7),7,home elderly (street level),FALSE,
014,H,housem,categorical,semi-independent(8),8,semi-independent,FALSE,
014,H,housem,categorical,farm / corporate housing(9),9,farm / corporate housing,FALSE,
014,H,housem,categorical,houseboat(10),10,houseboat,FALSE,
014,H,housem,categorical,other (documented)(11),11,other (documented),FALSE,
014,H,houstyp,categorical,"na, wrong skip(-3)",-3,"na, wrong skip",TRUE,
014,H,houstyp,categorical,unknown(-1),-1,unknown,TRUE,
014,H,houstyp,categorical,attached row or semi-detached(1),1,attached row or semi-detached,FALSE,
014,H,houstyp,categorical,detached(2),2,detached,FALSE,
014,H,houstyp,categorical,high rise (elevator)(3),3,high rise (elevator),FALSE,
014,H,houstyp,categorical,high rise (no elevator)(4),4,high rise (no elevator),FALSE,
014,H,houstyp,categorical,ground floor apartment(5),5,ground floor apartment,FALSE,
014,H,houstyp,categorical,apt build elderly (elevator)(6),6,apt build elderly (elevator),FALSE,
014,H,houstyp,categorical,home elderly (street level)(7),7,home elderly (street level),FALSE,
014,H,houstyp,categorical,semi-independent(8),8,semi-independent,FALSE,
014,H,houstyp,categorical,farm / corporate housing(9),9,farm / corporate housing,FALSE,
014,H,houstyp,categorical,houseboat(10),10,houseboat,FALSE,
014,H,houstyp,categorical,other(11),11,other,FALSE,
014,H,houstyp,categorical,institution(12),12,institution,FALSE,
014,H,houstyp,categorical,monastery(13),13,monastery,FALSE,
014,H,hwhacc,categorical,"na, see HHINDEP(-5)",-5,"na, see HHINDEP",TRUE,
014,H,hwhacc,categorical,"na, see HMOVED(-2)",-2,"na, see HMOVED",TRUE,
014,H,hwhacc,categorical,"na, asked(-1)",-1,"na, asked",TRUE,
014,H,hwhacc,categorical,yes(1),1,yes,FALSE,
014,H,hwhacc,categorical,only with help(2),2,only with help,FALSE,
014,H,hwhacc,categorical,no(3),3,no,FALSE,
014,H,nrooms,numeric,"na, see HHINDEP(-5)",-5,"na, see HHINDEP",TRUE,
014,H,nrooms,numeric,"na, wrong skip(-3)",-3,"na, wrong skip",TRUE,
014,H,nrooms,numeric,"na, see HMOVED(-2)",-2,"na, see HMOVED",TRUE,
014,H,nrooms,numeric,"na, asked(-1)",-1,"na, asked",TRUE,
014,H,nroomsc,numeric,monastery(-3),-3,monastery,TRUE,
014,H,nroomsc,numeric,institution(-2),-2,institution,TRUE,
014,H,nroomsc,numeric,unknown(-1),-1,unknown,TRUE,
014,H,lrooms,binary,"na, see HHINDEP(-5)",-5,"na, see HHINDEP",TRUE,
014,H,lrooms,binary,"na, wrong skip(-3)",-3,"na, wrong skip",TRUE,
014,H,lrooms,binary,"na, see HMOVED(-2)",-2,"na, see HMOVED",TRUE,
014,H,lrooms,binary,"na, asked(-1)",-1,"na, asked",TRUE,
014,H,lrooms,binary,no(1),1,no,FALSE,
014,H,lrooms,binary,yes(2),2,yes,FALSE,
014,H,specadj,binary,"na, wrong skip(-3)",-3,"na, wrong skip",TRUE,
014,H,specadj,binary,"na, see HMOVED(-2)",-2,"na, see HMOVED",TRUE,
014,H,specadj,binary,"na, asked(-1)",-1,"na, asked",TRUE,
014,H,specadj,binary,no(1),1,no,FALSE,
014,H,specadj,binary,yes(2),2,yes,FALSE,
014,H,spec1,binary,"na, wrong skip(-3)",-3,"na, wrong skip",TRUE,
014,H,spec1,binary,"na, see HSPECADJ(-2)",-2,"na, see HSPECADJ",TRUE,
014,H,spec1,binary,"na, asked(-1)",-1,"na, asked",TRUE,
014,H,spec1,binary,not mentioned(0),0,not mentioned,FALSE,
014,H,spec1,binary,mentioned(1),1,mentioned,FALSE,
014,H,spec2,binary,"see hspec1 -> na, wrong skip(-3)",-3,"na, wrong skip",TRUE,
014,H,spec2,binary,"see hspec1 -> na, see HSPECADJ(-2)",-2,"na, see HSPECADJ",TRUE,
014,H,spec2,binary,"see hspec1 -> na, asked(-1)",-1,"na, asked",TRUE,
014,H,spec2,binary,see hspec1 -> not mentioned(0),0,not mentioned,FALSE,
014,H,spec2,binary,see hspec1 -> mentioned(1),1,mentioned,FALSE,
014,H,spec3,binary,"see hspec1 -> na, wrong skip(-3)",-3,"na, wrong skip",TRUE,
014,H,spec3,binary,"see hspec1 -> na, see HSPECADJ(-2)",-2,"na, see HSPECADJ",TRUE,
014,H,spec3,binary,"see hspec1 -> na, asked(-1)",-1,"na, asked",TRUE,
014,H,spec3,binary,see hspec1 -> not mentioned(0),0,not mentioned,FALSE,
014,H,spec3,binary,see hspec1 -> mentioned(1),1,mentioned,FALSE,
014,H,spec4,binary,"na, see HHINDEP(-5)",-5,"na, see HHINDEP",TRUE,
014,H,spec4,binary,"na, wrong skip(-3)",-3,"na, wrong skip",TRUE,
014,H,spec4,binary,"na, see HSPECADJ(-2)",-2,"na, see HSPECADJ",TRUE,
014,H,spec4,binary,"na, asked(-1)",-1,"na, asked",TRUE,
014,H,spec4,binary,not mentioned(0),0,not mentioned,FALSE,
014,H,spec4,binary,mentioned(1),1,mentioned,FALSE,
014,H,spec5,binary,"na, see HHINDEP(-5)",-5,"na, see HHINDEP",TRUE,
014,H,spec5,binary,"na, wrong skip(-3)",-3,"na, wrong skip",TRUE,
014,H,spec5,binary,"na, see HSPECADJ(-2)",-2,"na, see HSPECADJ",TRUE,
014,H,spec5,binary,"na, asked(-1)",-1,"na, asked",TRUE,
014,H,spec5,binary,not mentioned(0),0,not mentioned,FALSE,
014,H,spec5,binary,mentioned(1),1,mentioned,FALSE,
014,H,spec6,binary,"see hspec1 -> na, wrong skip(-3)",-3,"na, wrong skip",TRUE,
014,H,spec6,binary,"see hspec1 -> na, see HSPECADJ(-2)",-2,"na, see HSPECADJ",TRUE,
014,H,spec6,binary,"see hspec1 -> na, asked(-1)",-1,"na, asked",TRUE,
014,H,spec6,binary,see hspec1 -> not mentioned(0),0,not mentioned,FALSE,
014,H,spec6,binary,see hspec1 -> mentioned(1),1,mentioned,FALSE,
014,H,spec7,binary,"na, see HHINDEP(-5)",-5,"na, see HHINDEP",TRUE,
014,H,spec7,binary,"na, wrong skip(-3)",-3,"na, wrong skip",TRUE,
014,H,spec7,binary,"na, see HSPECADJ(-2)",-2,"na, see HSPECADJ",TRUE,
014,H,spec7,binary,"na, asked(-1)",-1,"na, asked",TRUE,
014,H,spec7,binary,not mentioned(0),0,not mentioned,FALSE,
014,H,spec7,binary,mentioned(1),1,mentioned,FALSE,
014,H,spec8,binary,"na, see HHINDEP(-5)",-5,"na, see HHINDEP",TRUE,
014,H,spec8,binary,"na, wrong skip(-3)",-3,"na, wrong skip",TRUE,
014,H,spec8,binary,"na, see HSPECADJ(-2)",-2,"na, see HSPECADJ",TRUE,
014,H,spec8,binary,"na, asked(-1)",-1,"na, asked",TRUE,
014,H,spec8,binary,not mentioned(0),0,not mentioned,FALSE,
014,H,spec8,binary,mentioned(1),1,mentioned,FALSE,
014,H,spec9,binary,"see hspec1 -> na, wrong skip(-3)",-3,"na, wrong skip",TRUE,
014,H,spec9,binary,"see hspec1 -> na, see HSPECADJ(-2)",-2,"na, see HSPECADJ",TRUE,
014,H,spec9,binary,"see hspec1 -> na, asked(-1)",-1,"na, asked",TRUE,
014,H,spec9,binary,see hspec1 -> not mentioned(0),0,not mentioned,FALSE,
014,H,spec9,binary,see hspec1 -> mentioned(1),1,mentioned,FALSE,
014,H,specwho,categorical,"na, see HSPECADJ(-2)",-2,"na, see HSPECADJ",TRUE,
014,H,specwho,categorical,"na, asked(-1)",-1,"na, asked",TRUE,
014,H,specwho,categorical,for respondent(1),1,for respondent,FALSE,
014,H,specwho,categorical,for (former) inmate(2),2,for (former) inmate,FALSE,
014,H,specwho,categorical,for both(3),3,for both,FALSE,
014,H,specwho,categorical,"for none, already present(4)",4,"for none, already present",FALSE,
014,H,satis,ordinal,"na, wrong skip(-3)",-3,"na, wrong skip",TRUE,
014,H,satis,ordinal,"na, routing(-2)",-2,"na, routing",TRUE,
014,H,satis,ordinal,"na, asked(-1)",-1,"na, asked",TRUE,
014,H,satis,ordinal,dissatisfied(1),1,dissatisfied,FALSE,
014,H,satis,ordinal,not satisfied/dissatisfied(2),2,not satisfied/dissatisfied,FALSE,
014,H,satis,ordinal,satisfied(3),3,satisfied,FALSE,
014,3B,hindep,categorical,"na, wrong skip(-3)",-3,"na, wrong skip",TRUE,
014,3B,hindep,categorical,"na, asked(-1)",-1,"na, asked",TRUE,
014,3B,hindep,categorical,independent(1),1,independent,FALSE,
014,3B,hindep,categorical,residential home(2),2,residential home,FALSE,
014,3B,hindep,categorical,nursing h-somatic(3),3,nursing h-somatic,FALSE,
014,3B,hindep,categorical,nursing h-psych(4),4,nursing h-psych,FALSE,
014,3B,hindep,categorical,hospital(5),5,hospital,FALSE,
014,3B,hindep,categorical,psychiatric hospital(6),6,psychiatric hospital,FALSE,
014,3B,hindep,categorical,monastery(8),8,monastery,FALSE,
014,3B,houstyp,categorical,"na, wrong skip(-3)",-3,"na, wrong skip",TRUE,
014,3B,houstyp,categorical,"na, see BHINDEP(-2)",-2,"na, see BHINDEP",TRUE,
014,3B,houstyp,categorical,unknown(-1),-1,unknown,TRUE,
014,3B,houstyp,categorical,attached row or semi-detached(1),1,attached row or semi-detached,FALSE,
014,3B,houstyp,categorical,detached(2),2,detached,FALSE,
014,3B,houstyp,categorical,high rise (elevator)(3),3,high rise (elevator),FALSE,
014,3B,houstyp,categorical,high rise (no elevator)(4),4,high rise (no elevator),FALSE,
014,3B,houstyp,categorical,ground floor apartment(5),5,ground floor apartment,FALSE,
014,3B,houstyp,categorical,apt build elderly (elevator)(6),6,apt build elderly (elevator),FALSE,
014,3B,houstyp,categorical,home elderly (street level)(7),7,home elderly (street level),FALSE,
014,3B,houstyp,categorical,semi-independent(8),8,semi-independent,FALSE,
014,3B,houstyp,categorical,farm / corporate housing(9),9,farm / corporate housing,FALSE,
014,3B,houstyp,categorical,houseboat(10),10,houseboat,FALSE,
014,3B,houstyp,categorical,housing with communal facilities(11),11,housing with communal facilities,FALSE,
014,3B,houstyp,categorical,other(12),12,other,FALSE,
014,3B,houstyp,categorical,institution(13),13,institution,FALSE,
014,3B,houstyp,categorical,monastery(14),14,monastery,FALSE,
014,3B,momonth,date,"na, wrong skip(-3)",-3,"na, wrong skip",TRUE,
014,3B,momonth,date,"na, see BHINDEP(-2)",-2,"na, see BHINDEP",TRUE,
014,3B,momonth,date,"na, asked(-1)",-1,"na, asked",TRUE,
014,3B,momonth,date,see Table * Month,NA,NA,NA,Unresolved PDF cross-reference: Table *MONTH is not defined in LASA014_varinfo.pdf.
014,3B,moyear,date,"na, wrong skip(-3)",-3,"na, wrong skip",TRUE,
014,3B,moyear,date,"na, see BHINDEP(-2)",-2,"na, see BHINDEP",TRUE,
014,3B,moyear,date,"na, asked(-1)",-1,"na, asked",TRUE,
014,3B,hwhacc,categorical,"na, see BHINDEP(-5)",-5,"na, see BHINDEP",TRUE,
014,3B,hwhacc,categorical,"na, wrong skip(-3)",-3,"na, wrong skip",TRUE,
014,3B,hwhacc,categorical,"na, see BHINDEP(-2)",-2,"na, see BHINDEP",TRUE,
014,3B,hwhacc,categorical,"na, asked(-1)",-1,"na, asked",TRUE,
014,3B,hwhacc,categorical,yes(1),1,yes,FALSE,
014,3B,hwhacc,categorical,only with help(2),2,only with help,FALSE,
014,3B,hwhacc,categorical,no(3),3,no,FALSE,
014,3B,specadj,binary,"na, wrong skip(-3)",-3,"na, wrong skip",TRUE,
014,3B,specadj,binary,"na, see BHINDEP(-2)",-2,"na, see BHINDEP",TRUE,
014,3B,specadj,binary,"na, asked(-1)",-1,"na, asked",TRUE,
014,3B,specadj,binary,no(1),1,no,FALSE,
014,3B,specadj,binary,yes(2),2,yes,FALSE,
014,3B,spec1,binary,"na, wrong skip(-3)",-3,"na, wrong skip",TRUE,
014,3B,spec1,binary,"na, see BSPECADJ(-2)",-2,"na, see BSPECADJ",TRUE,
014,3B,spec1,binary,"na, asked(-1)",-1,"na, asked",TRUE,
014,3B,spec1,binary,not mentioned(0),0,not mentioned,FALSE,
014,3B,spec1,binary,mentioned(1),1,mentioned,FALSE,
014,3B,spec2,binary,"see bspec1 -> na, wrong skip(-3)",-3,"na, wrong skip",TRUE,
014,3B,spec2,binary,"see bspec1 -> na, see BSPECADJ(-2)",-2,"na, see BSPECADJ",TRUE,
014,3B,spec2,binary,"see bspec1 -> na, asked(-1)",-1,"na, asked",TRUE,
014,3B,spec2,binary,see bspec1 -> not mentioned(0),0,not mentioned,FALSE,
014,3B,spec2,binary,see bspec1 -> mentioned(1),1,mentioned,FALSE,
014,3B,spec3,binary,"see bspec1 -> na, wrong skip(-3)",-3,"na, wrong skip",TRUE,
014,3B,spec3,binary,"see bspec1 -> na, see BSPECADJ(-2)",-2,"na, see BSPECADJ",TRUE,
014,3B,spec3,binary,"see bspec1 -> na, asked(-1)",-1,"na, asked",TRUE,
014,3B,spec3,binary,see bspec1 -> not mentioned(0),0,not mentioned,FALSE,
014,3B,spec3,binary,see bspec1 -> mentioned(1),1,mentioned,FALSE,
014,3B,spec4,binary,"na, see BHINDEP(-5)",-5,"na, see BHINDEP",TRUE,
014,3B,spec4,binary,"na, wrong skip(-3)",-3,"na, wrong skip",TRUE,
014,3B,spec4,binary,"na, see BSPECADJ(-2)",-2,"na, see BSPECADJ",TRUE,
014,3B,spec4,binary,"na, asked(-1)",-1,"na, asked",TRUE,
014,3B,spec4,binary,not mentioned(0),0,not mentioned,FALSE,
014,3B,spec4,binary,mentioned(1),1,mentioned,FALSE,
014,3B,spec5,binary,"na, see BHINDEP(-5)",-5,"na, see BHINDEP",TRUE,
014,3B,spec5,binary,"na, wrong skip(-3)",-3,"na, wrong skip",TRUE,
014,3B,spec5,binary,"na, see BSPECADJ(-2)",-2,"na, see BSPECADJ",TRUE,
014,3B,spec5,binary,"na, asked(-1)",-1,"na, asked",TRUE,
014,3B,spec5,binary,not mentioned(0),0,not mentioned,FALSE,
014,3B,spec5,binary,mentioned(1),1,mentioned,FALSE,
014,3B,spec6,binary,"see bspec1 -> na, wrong skip(-3)",-3,"na, wrong skip",TRUE,
014,3B,spec6,binary,"see bspec1 -> na, see BSPECADJ(-2)",-2,"na, see BSPECADJ",TRUE,
014,3B,spec6,binary,"see bspec1 -> na, asked(-1)",-1,"na, asked",TRUE,
014,3B,spec6,binary,see bspec1 -> not mentioned(0),0,not mentioned,FALSE,
014,3B,spec6,binary,see bspec1 -> mentioned(1),1,mentioned,FALSE,
014,3B,spec7,binary,"see bspec1 -> na, wrong skip(-3)",-3,"na, wrong skip",TRUE,
014,3B,spec7,binary,"see bspec1 -> na, see BSPECADJ(-2)",-2,"na, see BSPECADJ",TRUE,
014,3B,spec7,binary,"see bspec1 -> na, asked(-1)",-1,"na, asked",TRUE,
014,3B,spec7,binary,see bspec1 -> not mentioned(0),0,not mentioned,FALSE,
014,3B,spec7,binary,see bspec1 -> mentioned(1),1,mentioned,FALSE,
014,3B,spec8,binary,"na, see BHINDEP(-5)",-5,"na, see BHINDEP",TRUE,
014,3B,spec8,binary,"na, wrong skip(-3)",-3,"na, wrong skip",TRUE,
014,3B,spec8,binary,"na, see BSPECADJ(-2)",-2,"na, see BSPECADJ",TRUE,
014,3B,spec8,binary,"na, asked(-1)",-1,"na, asked",TRUE,
014,3B,spec8,binary,not mentioned(0),0,not mentioned,FALSE,
014,3B,spec8,binary,mentioned(1),1,mentioned,FALSE,
014,3B,spec9,binary,"see bspec1 -> na, wrong skip(-3)",-3,"na, wrong skip",TRUE,
014,3B,spec9,binary,"see bspec1 -> na, see BSPECADJ(-2)",-2,"na, see BSPECADJ",TRUE,
014,3B,spec9,binary,"see bspec1 -> na, asked(-1)",-1,"na, asked",TRUE,
014,3B,spec9,binary,see bspec1 -> not mentioned(0),0,not mentioned,FALSE,
014,3B,spec9,binary,see bspec1 -> mentioned(1),1,mentioned,FALSE,
014,3B,specwho,categorical,"na, wrong skip(-3)",-3,"na, wrong skip",TRUE,
014,3B,specwho,categorical,"na, see BSPECADJ(-2)",-2,"na, see BSPECADJ",TRUE,
014,3B,specwho,categorical,"na, asked(-1)",-1,"na, asked",TRUE,
014,3B,specwho,categorical,for respondent(1),1,for respondent,FALSE,
014,3B,specwho,categorical,for (former) inmate(2),2,for (former) inmate,FALSE,
014,3B,specwho,categorical,for both(3),3,for both,FALSE,
014,3B,specwho,categorical,"for none, already present(4)",4,"for none, already present",FALSE,
014,3B,satis,ordinal,"na, wrong skip(-3)",-3,"na, wrong skip",TRUE,
014,3B,satis,ordinal,"na, asked(-1)",-1,"na, asked",TRUE,
014,3B,satis,ordinal,dissatisfied(1),1,dissatisfied,FALSE,
014,3B,satis,ordinal,not satisfied/dissatisfied(2),2,not satisfied/dissatisfied,FALSE,
014,3B,satis,ordinal,satisfied(3),3,satisfied,FALSE,
014,MB,hindep,categorical,"na, wrong skip(-3)",-3,"na, wrong skip",TRUE,
014,MB,hindep,categorical,"na, asked(-1)",-1,"na, asked",TRUE,
014,MB,hindep,categorical,independent(1),1,independent,FALSE,
014,MB,hindep,categorical,residential home(2),2,residential home,FALSE,
014,MB,hindep,categorical,nursing h-somatic(3),3,nursing h-somatic,FALSE,
014,MB,hindep,categorical,nursing h-psych(4),4,nursing h-psych,FALSE,
014,MB,hindep,categorical,hospital(5),5,hospital,FALSE,
014,MB,hindep,categorical,psychiatric hospital(6),6,psychiatric hospital,FALSE,
014,MB,hindep,categorical,other(7),7,other,FALSE,
014,I,hindep,categorical,"na, wrong skip(-3)",-3,"na, wrong skip",TRUE,
014,I,hindep,categorical,"na, see I/J/KMOVED(-2)",-2,"na, see I/J/KMOVED",TRUE,
014,I,hindep,categorical,"na, asked(-1)",-1,"na, asked",TRUE,
014,I,hindep,categorical,independent(1),1,independent,FALSE,
014,I,hindep,categorical,residential home(2),2,residential home,FALSE,
014,I,hindep,categorical,nursing h-somatic(3),3,nursing h-somatic,FALSE,
014,I,hindep,categorical,nursing h-psych(4),4,nursing h-psych,FALSE,
014,I,hindep,categorical,hospital(5),5,hospital,FALSE,
014,I,hindep,categorical,psychiatric hospital(6),6,psychiatric hospital,FALSE,
014,I,hindep,categorical,monastery(8),8,monastery,FALSE,
014,J,hindep,categorical,"na, wrong skip(-3)",-3,"na, wrong skip",TRUE,
014,J,hindep,categorical,"na, see I/J/KMOVED(-2)",-2,"na, see I/J/KMOVED",TRUE,
014,J,hindep,categorical,"na, asked(-1)",-1,"na, asked",TRUE,
014,J,hindep,categorical,independent(1),1,independent,FALSE,
014,J,hindep,categorical,residential home(2),2,residential home,FALSE,
014,J,hindep,categorical,nursing h-somatic(3),3,nursing h-somatic,FALSE,
014,J,hindep,categorical,nursing h-psych(4),4,nursing h-psych,FALSE,
014,J,hindep,categorical,hospital(5),5,hospital,FALSE,
014,J,hindep,categorical,psychiatric hospital(6),6,psychiatric hospital,FALSE,
014,J,hindep,categorical,monastery(8),8,monastery,FALSE,
014,K,hindep,categorical,"na, wrong skip(-3)",-3,"na, wrong skip",TRUE,
014,K,hindep,categorical,"na, see I/J/KMOVED(-2)",-2,"na, see I/J/KMOVED",TRUE,
014,K,hindep,categorical,"na, asked(-1)",-1,"na, asked",TRUE,
014,K,hindep,categorical,independent(1),1,independent,FALSE,
014,K,hindep,categorical,residential home(2),2,residential home,FALSE,
014,K,hindep,categorical,nursing h-somatic(3),3,nursing h-somatic,FALSE,
014,K,hindep,categorical,nursing h-psych(4),4,nursing h-psych,FALSE,
014,K,hindep,categorical,hospital(5),5,hospital,FALSE,
014,K,hindep,categorical,psychiatric hospital(6),6,psychiatric hospital,FALSE,
014,K,hindep,categorical,monastery(8),8,monastery,FALSE,
014,I,moved,categorical,"na, asked(-1)",-1,"na, asked",TRUE,
014,I,moved,categorical,no(1),1,no,FALSE,
014,I,moved,categorical,yes(2),2,yes,FALSE,
014,I,moved,categorical,"yes, temporarily living elsewhere(3)",3,"yes, temporarily living elsewhere",FALSE,
014,I,moved,categorical,lived temporarily elsewhere(4),4,lived temporarily elsewhere,FALSE,
014,J,moved,categorical,"na, asked(-1)",-1,"na, asked",TRUE,
014,J,moved,categorical,no(1),1,no,FALSE,
014,J,moved,categorical,yes(2),2,yes,FALSE,
014,J,moved,categorical,"yes, temporarily living elsewhere(3)",3,"yes, temporarily living elsewhere",FALSE,
014,J,moved,categorical,lived temporarily elsewhere(4),4,lived temporarily elsewhere,FALSE,
014,K,moved,categorical,"na, asked(-1)",-1,"na, asked",TRUE,
014,K,moved,categorical,no(1),1,no,FALSE,
014,K,moved,categorical,yes(2),2,yes,FALSE,
014,K,moved,categorical,"yes, temporarily living elsewhere(3)",3,"yes, temporarily living elsewhere",FALSE,
014,K,moved,categorical,lived temporarily elsewhere(4),4,lived temporarily elsewhere,FALSE,
014,I,momonth,date,"na, wrong skip(-3)",-3,"na, wrong skip",TRUE,
014,I,momonth,date,"na, see I/J/KMOVED(-2)",-2,"na, see I/J/KMOVED",TRUE,
014,I,momonth,date,"na, asked(-1)",-1,"na, asked",TRUE,
014,I,momonth,date,see Table * Month,NA,NA,NA,Unresolved PDF cross-reference: Table *MONTH is not defined in LASA014_varinfo.pdf.
014,J,momonth,date,"na, wrong skip(-3)",-3,"na, wrong skip",TRUE,
014,J,momonth,date,"na, see I/J/KMOVED(-2)",-2,"na, see I/J/KMOVED",TRUE,
014,J,momonth,date,"na, asked(-1)",-1,"na, asked",TRUE,
014,J,momonth,date,see Table * Month,NA,NA,NA,Unresolved PDF cross-reference: Table *MONTH is not defined in LASA014_varinfo.pdf.
014,K,momonth,date,"na, wrong skip(-3)",-3,"na, wrong skip",TRUE,
014,K,momonth,date,"na, see I/J/KMOVED(-2)",-2,"na, see I/J/KMOVED",TRUE,
014,K,momonth,date,"na, asked(-1)",-1,"na, asked",TRUE,
014,K,momonth,date,see Table * Month,NA,NA,NA,Unresolved PDF cross-reference: Table *MONTH is not defined in LASA014_varinfo.pdf.
014,I,moyear,date,"na, wrong skip(-3)",-3,"na, wrong skip",TRUE,
014,I,moyear,date,"na, see I/J/KMOVED(-2)",-2,"na, see I/J/KMOVED",TRUE,
014,I,moyear,date,"na, asked(-1)",-1,"na, asked",TRUE,
014,J,moyear,date,"na, wrong skip(-3)",-3,"na, wrong skip",TRUE,
014,J,moyear,date,"na, see I/J/KMOVED(-2)",-2,"na, see I/J/KMOVED",TRUE,
014,J,moyear,date,"na, asked(-1)",-1,"na, asked",TRUE,
014,K,moyear,date,"na, wrong skip(-3)",-3,"na, wrong skip",TRUE,
014,K,moyear,date,"na, see I/J/KMOVED(-2)",-2,"na, see I/J/KMOVED",TRUE,
014,K,moyear,date,"na, asked(-1)",-1,"na, asked",TRUE,
014,I,housem,categorical,"na, see I/J/KHINDEP(-5)",-5,"na, see I/J/KHINDEP",TRUE,
014,I,housem,categorical,"na, wrong skip(-3)",-3,"na, wrong skip",TRUE,
014,I,housem,categorical,"na, see I/J/KMOVED(-2)",-2,"na, see I/J/KMOVED",TRUE,
014,I,housem,categorical,"na, asked(-1)",-1,"na, asked",TRUE,
014,I,housem,categorical,attached row or semi-detached(1),1,attached row or semi-detached,FALSE,
014,I,housem,categorical,detached(2),2,detached,FALSE,
014,I,housem,categorical,high rise (elevator)(3),3,high rise (elevator),FALSE,
014,I,housem,categorical,high rise (no elevator)(4),4,high rise (no elevator),FALSE,
014,I,housem,categorical,ground floor apartment(5),5,ground floor apartment,FALSE,
014,I,housem,categorical,apt build elderly (elevator)(6),6,apt build elderly (elevator),FALSE,
014,I,housem,categorical,home elderly (street level)(7),7,home elderly (street level),FALSE,
014,I,housem,categorical,semi-independent(8),8,semi-independent,FALSE,
014,I,housem,categorical,farm / corporate housing(9),9,farm / corporate housing,FALSE,
014,I,housem,categorical,houseboat(10),10,houseboat,FALSE,
014,I,housem,categorical,housing with communal facilities(11),11,housing with communal facilities,FALSE,
014,I,housem,categorical,other (documented(12),12,other (documented,FALSE,
014,J,housem,categorical,"na, see I/J/KHINDEP(-5)",-5,"na, see I/J/KHINDEP",TRUE,
014,J,housem,categorical,"na, wrong skip(-3)",-3,"na, wrong skip",TRUE,
014,J,housem,categorical,"na, see I/J/KMOVED(-2)",-2,"na, see I/J/KMOVED",TRUE,
014,J,housem,categorical,"na, asked(-1)",-1,"na, asked",TRUE,
014,J,housem,categorical,attached row or semi-detached(1),1,attached row or semi-detached,FALSE,
014,J,housem,categorical,detached(2),2,detached,FALSE,
014,J,housem,categorical,high rise (elevator)(3),3,high rise (elevator),FALSE,
014,J,housem,categorical,high rise (no elevator)(4),4,high rise (no elevator),FALSE,
014,J,housem,categorical,ground floor apartment(5),5,ground floor apartment,FALSE,
014,J,housem,categorical,apt build elderly (elevator)(6),6,apt build elderly (elevator),FALSE,
014,J,housem,categorical,home elderly (street level)(7),7,home elderly (street level),FALSE,
014,J,housem,categorical,semi-independent(8),8,semi-independent,FALSE,
014,J,housem,categorical,farm / corporate housing(9),9,farm / corporate housing,FALSE,
014,J,housem,categorical,houseboat(10),10,houseboat,FALSE,
014,J,housem,categorical,housing with communal facilities(11),11,housing with communal facilities,FALSE,
014,J,housem,categorical,other (documented(12),12,other (documented,FALSE,
014,K,housem,categorical,"na, see I/J/KHINDEP(-5)",-5,"na, see I/J/KHINDEP",TRUE,
014,K,housem,categorical,"na, wrong skip(-3)",-3,"na, wrong skip",TRUE,
014,K,housem,categorical,"na, see I/J/KMOVED(-2)",-2,"na, see I/J/KMOVED",TRUE,
014,K,housem,categorical,"na, asked(-1)",-1,"na, asked",TRUE,
014,K,housem,categorical,attached row or semi-detached(1),1,attached row or semi-detached,FALSE,
014,K,housem,categorical,detached(2),2,detached,FALSE,
014,K,housem,categorical,high rise (elevator)(3),3,high rise (elevator),FALSE,
014,K,housem,categorical,high rise (no elevator)(4),4,high rise (no elevator),FALSE,
014,K,housem,categorical,ground floor apartment(5),5,ground floor apartment,FALSE,
014,K,housem,categorical,apt build elderly (elevator)(6),6,apt build elderly (elevator),FALSE,
014,K,housem,categorical,home elderly (street level)(7),7,home elderly (street level),FALSE,
014,K,housem,categorical,semi-independent(8),8,semi-independent,FALSE,
014,K,housem,categorical,farm / corporate housing(9),9,farm / corporate housing,FALSE,
014,K,housem,categorical,houseboat(10),10,houseboat,FALSE,
014,K,housem,categorical,housing with communal facilities(11),11,housing with communal facilities,FALSE,
014,K,housem,categorical,other (documented(12),12,other (documented,FALSE,
014,I,houstyp,categorical,"na, previous interview telephonic(-4)",-4,"na, previous interview telephonic",TRUE,
014,I,houstyp,categorical,"na, wrong skip(-3)",-3,"na, wrong skip",TRUE,
014,I,houstyp,categorical,unknown(-1),-1,unknown,TRUE,
014,I,houstyp,categorical,attached row or semi-detached(1),1,attached row or semi-detached,FALSE,
014,I,houstyp,categorical,detached(2),2,detached,FALSE,
014,I,houstyp,categorical,high rise (elevator)(3),3,high rise (elevator),FALSE,
014,I,houstyp,categorical,high rise (no elevator)(4),4,high rise (no elevator),FALSE,
014,I,houstyp,categorical,ground floor apartment(5),5,ground floor apartment,FALSE,
014,I,houstyp,categorical,apt build elderly (elevator)(6),6,apt build elderly (elevator),FALSE,
014,I,houstyp,categorical,home elderly (street level)(7),7,home elderly (street level),FALSE,
014,I,houstyp,categorical,semi-independent(8),8,semi-independent,FALSE,
014,I,houstyp,categorical,farm / corporate housing(9),9,farm / corporate housing,FALSE,
014,I,houstyp,categorical,houseboat(10),10,houseboat,FALSE,
014,I,houstyp,categorical,housing with communal facilities(11),11,housing with communal facilities,FALSE,
014,I,houstyp,categorical,other(12),12,other,FALSE,
014,I,houstyp,categorical,institution(13),13,institution,FALSE,
014,I,houstyp,categorical,monastery(14),14,monastery,FALSE,
014,J,houstyp,categorical,"na, previous interview telephonic(-4)",-4,"na, previous interview telephonic",TRUE,
014,J,houstyp,categorical,"na, wrong skip(-3)",-3,"na, wrong skip",TRUE,
014,J,houstyp,categorical,unknown(-1),-1,unknown,TRUE,
014,J,houstyp,categorical,attached row or semi-detached(1),1,attached row or semi-detached,FALSE,
014,J,houstyp,categorical,detached(2),2,detached,FALSE,
014,J,houstyp,categorical,high rise (elevator)(3),3,high rise (elevator),FALSE,
014,J,houstyp,categorical,high rise (no elevator)(4),4,high rise (no elevator),FALSE,
014,J,houstyp,categorical,ground floor apartment(5),5,ground floor apartment,FALSE,
014,J,houstyp,categorical,apt build elderly (elevator)(6),6,apt build elderly (elevator),FALSE,
014,J,houstyp,categorical,home elderly (street level)(7),7,home elderly (street level),FALSE,
014,J,houstyp,categorical,semi-independent(8),8,semi-independent,FALSE,
014,J,houstyp,categorical,farm / corporate housing(9),9,farm / corporate housing,FALSE,
014,J,houstyp,categorical,houseboat(10),10,houseboat,FALSE,
014,J,houstyp,categorical,housing with communal facilities(11),11,housing with communal facilities,FALSE,
014,J,houstyp,categorical,other(12),12,other,FALSE,
014,J,houstyp,categorical,institution(13),13,institution,FALSE,
014,J,houstyp,categorical,monastery(14),14,monastery,FALSE,
014,K,houstyp,categorical,"na, previous interview telephonic(-4)",-4,"na, previous interview telephonic",TRUE,
014,K,houstyp,categorical,"na, previous interview unknown(-4)",-4,"na, previous interview unknown",TRUE,
014,K,houstyp,categorical,"na, wrong skip(-3)",-3,"na, wrong skip",TRUE,
014,K,houstyp,categorical,unknown(-1),-1,unknown,TRUE,
014,K,houstyp,categorical,attached row or semi-detached(1),1,attached row or semi-detached,FALSE,
014,K,houstyp,categorical,detached(2),2,detached,FALSE,
014,K,houstyp,categorical,high rise (elevator)(3),3,high rise (elevator),FALSE,
014,K,houstyp,categorical,high rise (no elevator)(4),4,high rise (no elevator),FALSE,
014,K,houstyp,categorical,ground floor apartment(5),5,ground floor apartment,FALSE,
014,K,houstyp,categorical,apt build elderly (elevator)(6),6,apt build elderly (elevator),FALSE,
014,K,houstyp,categorical,home elderly (street level)(7),7,home elderly (street level),FALSE,
014,K,houstyp,categorical,semi-independent(8),8,semi-independent,FALSE,
014,K,houstyp,categorical,farm / corporate housing(9),9,farm / corporate housing,FALSE,
014,K,houstyp,categorical,houseboat(10),10,houseboat,FALSE,
014,K,houstyp,categorical,housing with communal facilities(11),11,housing with communal facilities,FALSE,
014,K,houstyp,categorical,other(12),12,other,FALSE,
014,K,houstyp,categorical,institution(13),13,institution,FALSE,
014,K,houstyp,categorical,monastery(14),14,monastery,FALSE,
014,I,hwhacc,categorical,"na, see I/J/KHINDEP(-5)",-5,"na, see I/J/KHINDEP",TRUE,
014,I,hwhacc,categorical,"na, wrong skip(-3)",-3,"na, wrong skip",TRUE,
014,I,hwhacc,categorical,"na, see I/J/KMOVED(-2)",-2,"na, see I/J/KMOVED",TRUE,
014,I,hwhacc,categorical,"na, asked(-1)",-1,"na, asked",TRUE,
014,I,hwhacc,categorical,yes(1),1,yes,FALSE,
014,I,hwhacc,categorical,only with help(2),2,only with help,FALSE,
014,I,hwhacc,categorical,no(3),3,no,FALSE,
014,J,hwhacc,categorical,"na, see I/J/KHINDEP(-5)",-5,"na, see I/J/KHINDEP",TRUE,
014,J,hwhacc,categorical,"na, wrong skip(-3)",-3,"na, wrong skip",TRUE,
014,J,hwhacc,categorical,"na, see I/J/KMOVED(-2)",-2,"na, see I/J/KMOVED",TRUE,
014,J,hwhacc,categorical,"na, asked(-1)",-1,"na, asked",TRUE,
014,J,hwhacc,categorical,yes(1),1,yes,FALSE,
014,J,hwhacc,categorical,only with help(2),2,only with help,FALSE,
014,J,hwhacc,categorical,no(3),3,no,FALSE,
014,K,hwhacc,categorical,"na, see I/J/KHINDEP(-5)",-5,"na, see I/J/KHINDEP",TRUE,
014,K,hwhacc,categorical,"na, wrong skip(-3)",-3,"na, wrong skip",TRUE,
014,K,hwhacc,categorical,"na, see I/J/KMOVED(-2)",-2,"na, see I/J/KMOVED",TRUE,
014,K,hwhacc,categorical,"na, asked(-1)",-1,"na, asked",TRUE,
014,K,hwhacc,categorical,yes(1),1,yes,FALSE,
014,K,hwhacc,categorical,only with help(2),2,only with help,FALSE,
014,K,hwhacc,categorical,no(3),3,no,FALSE,
014,I,nrooms,numeric,"na, see IHINDEP(-5)",-5,"na, see IHINDEP",TRUE,
014,I,nrooms,numeric,"na, wrong skip(-3)",-3,"na, wrong skip",TRUE,
014,I,nrooms,numeric,"na, see IMOVED(-2)",-2,"na, see IMOVED",TRUE,
014,I,nrooms,numeric,"na, asked(-1)",-1,"na, asked",TRUE,
014,I,lrooms,binary,"na, see IHINDEP(-5)",-5,"na, see IHINDEP",TRUE,
014,I,lrooms,binary,"na, wrong skip(-3)",-3,"na, wrong skip",TRUE,
014,I,lrooms,binary,"na, see IMOVED(-2)",-2,"na, see IMOVED",TRUE,
014,I,lrooms,binary,"na, asked(-1)",-1,"na, asked",TRUE,
014,I,lrooms,binary,no(1),1,no,FALSE,
014,I,lrooms,binary,yes(2),2,yes,FALSE,
014,I,specadj,binary,"na, wrong skip(-3)",-3,"na, wrong skip",TRUE,
014,I,specadj,binary,"na, see I/J/KMOVED(-2)",-2,"na, see I/J/KMOVED",TRUE,
014,I,specadj,binary,"na, asked(-1)",-1,"na, asked",TRUE,
014,I,specadj,binary,no(1),1,no,FALSE,
014,I,specadj,binary,yes(2),2,yes,FALSE,
014,J,specadj,binary,"na, wrong skip(-3)",-3,"na, wrong skip",TRUE,
014,J,specadj,binary,"na, see I/J/KMOVED(-2)",-2,"na, see I/J/KMOVED",TRUE,
014,J,specadj,binary,"na, asked(-1)",-1,"na, asked",TRUE,
014,J,specadj,binary,no(1),1,no,FALSE,
014,J,specadj,binary,yes(2),2,yes,FALSE,
014,K,specadj,binary,"na, wrong skip(-3)",-3,"na, wrong skip",TRUE,
014,K,specadj,binary,"na, see I/J/KMOVED(-2)",-2,"na, see I/J/KMOVED",TRUE,
014,K,specadj,binary,"na, asked(-1)",-1,"na, asked",TRUE,
014,K,specadj,binary,no(1),1,no,FALSE,
014,K,specadj,binary,yes(2),2,yes,FALSE,
014,I,spec1,binary,"na, wrong skip(-3)",-3,"na, wrong skip",TRUE,
014,I,spec1,binary,"na, see I/J/KSPECADJ(-2)",-2,"na, see I/J/KSPECADJ",TRUE,
014,I,spec1,binary,"na, asked(-1)",-1,"na, asked",TRUE,
014,I,spec1,binary,not mentioned(0),0,not mentioned,FALSE,
014,I,spec1,binary,mentioned(1),1,mentioned,FALSE,
014,J,spec1,binary,"na, wrong skip(-3)",-3,"na, wrong skip",TRUE,
014,J,spec1,binary,"na, see I/J/KSPECADJ(-2)",-2,"na, see I/J/KSPECADJ",TRUE,
014,J,spec1,binary,"na, asked(-1)",-1,"na, asked",TRUE,
014,J,spec1,binary,not mentioned(0),0,not mentioned,FALSE,
014,J,spec1,binary,mentioned(1),1,mentioned,FALSE,
014,K,spec1,binary,"na, wrong skip(-3)",-3,"na, wrong skip",TRUE,
014,K,spec1,binary,"na, see I/J/KSPECADJ(-2)",-2,"na, see I/J/KSPECADJ",TRUE,
014,K,spec1,binary,"na, asked(-1)",-1,"na, asked",TRUE,
014,K,spec1,binary,not mentioned(0),0,not mentioned,FALSE,
014,K,spec1,binary,mentioned(1),1,mentioned,FALSE,
014,I,spec2,binary,"na, wrong skip(-3)",-3,"na, wrong skip",TRUE,
014,I,spec2,binary,"na, see I/J/KSPECADJ(-2)",-2,"na, see I/J/KSPECADJ",TRUE,
014,I,spec2,binary,"na, asked(-1)",-1,"na, asked",TRUE,
014,I,spec2,binary,not mentioned(0),0,not mentioned,FALSE,
014,I,spec2,binary,mentioned(1),1,mentioned,FALSE,
014,J,spec2,binary,"na, wrong skip(-3)",-3,"na, wrong skip",TRUE,
014,J,spec2,binary,"na, see I/J/KSPECADJ(-2)",-2,"na, see I/J/KSPECADJ",TRUE,
014,J,spec2,binary,"na, asked(-1)",-1,"na, asked",TRUE,
014,J,spec2,binary,not mentioned(0),0,not mentioned,FALSE,
014,J,spec2,binary,mentioned(1),1,mentioned,FALSE,
014,K,spec2,binary,"na, wrong skip(-3)",-3,"na, wrong skip",TRUE,
014,K,spec2,binary,"na, see I/J/KSPECADJ(-2)",-2,"na, see I/J/KSPECADJ",TRUE,
014,K,spec2,binary,"na, asked(-1)",-1,"na, asked",TRUE,
014,K,spec2,binary,not mentioned(0),0,not mentioned,FALSE,
014,K,spec2,binary,mentioned(1),1,mentioned,FALSE,
014,I,spec3,binary,"na, wrong skip(-3)",-3,"na, wrong skip",TRUE,
014,I,spec3,binary,"na, see I/J/KSPECADJ(-2)",-2,"na, see I/J/KSPECADJ",TRUE,
014,I,spec3,binary,"na, asked(-1)",-1,"na, asked",TRUE,
014,I,spec3,binary,not mentioned(0),0,not mentioned,FALSE,
014,I,spec3,binary,mentioned(1),1,mentioned,FALSE,
014,J,spec3,binary,"na, wrong skip(-3)",-3,"na, wrong skip",TRUE,
014,J,spec3,binary,"na, see I/J/KSPECADJ(-2)",-2,"na, see I/J/KSPECADJ",TRUE,
014,J,spec3,binary,"na, asked(-1)",-1,"na, asked",TRUE,
014,J,spec3,binary,not mentioned(0),0,not mentioned,FALSE,
014,J,spec3,binary,mentioned(1),1,mentioned,FALSE,
014,K,spec3,binary,"na, wrong skip(-3)",-3,"na, wrong skip",TRUE,
014,K,spec3,binary,"na, see I/J/KSPECADJ(-2)",-2,"na, see I/J/KSPECADJ",TRUE,
014,K,spec3,binary,"na, asked(-1)",-1,"na, asked",TRUE,
014,K,spec3,binary,not mentioned(0),0,not mentioned,FALSE,
014,K,spec3,binary,mentioned(1),1,mentioned,FALSE,
014,I,spec4,binary,"na, see I/J/KHINDEP(-5)",-5,"na, see I/J/KHINDEP",TRUE,
014,I,spec4,binary,"na, wrong skip(-3)",-3,"na, wrong skip",TRUE,
014,I,spec4,binary,"na, see I/J/KSPECADJ(-2)",-2,"na, see I/J/KSPECADJ",TRUE,
014,I,spec4,binary,"na, asked(-1)",-1,"na, asked",TRUE,
014,I,spec4,binary,not mentioned(0),0,not mentioned,FALSE,
014,I,spec4,binary,mentioned(1),1,mentioned,FALSE,
014,J,spec4,binary,"na, see I/J/KHINDEP(-5)",-5,"na, see I/J/KHINDEP",TRUE,
014,J,spec4,binary,"na, wrong skip(-3)",-3,"na, wrong skip",TRUE,
014,J,spec4,binary,"na, see I/J/KSPECADJ(-2)",-2,"na, see I/J/KSPECADJ",TRUE,
014,J,spec4,binary,"na, asked(-1)",-1,"na, asked",TRUE,
014,J,spec4,binary,not mentioned(0),0,not mentioned,FALSE,
014,J,spec4,binary,mentioned(1),1,mentioned,FALSE,
014,K,spec4,binary,"na, see I/J/KHINDEP(-5)",-5,"na, see I/J/KHINDEP",TRUE,
014,K,spec4,binary,"na, wrong skip(-3)",-3,"na, wrong skip",TRUE,
014,K,spec4,binary,"na, see I/J/KSPECADJ(-2)",-2,"na, see I/J/KSPECADJ",TRUE,
014,K,spec4,binary,"na, asked(-1)",-1,"na, asked",TRUE,
014,K,spec4,binary,not mentioned(0),0,not mentioned,FALSE,
014,K,spec4,binary,mentioned(1),1,mentioned,FALSE,
014,I,spec5,binary,"na, see I/J/KHINDEP(-5)",-5,"na, see I/J/KHINDEP",TRUE,
014,I,spec5,binary,"na, wrong skip(-3)",-3,"na, wrong skip",TRUE,
014,I,spec5,binary,"na, see I/J/KSPECADJ(-2)",-2,"na, see I/J/KSPECADJ",TRUE,
014,I,spec5,binary,"na, asked(-1)",-1,"na, asked",TRUE,
014,I,spec5,binary,not mentioned(0),0,not mentioned,FALSE,
014,I,spec5,binary,mentioned(1),1,mentioned,FALSE,
014,J,spec5,binary,"na, see I/J/KHINDEP(-5)",-5,"na, see I/J/KHINDEP",TRUE,
014,J,spec5,binary,"na, wrong skip(-3)",-3,"na, wrong skip",TRUE,
014,J,spec5,binary,"na, see I/J/KSPECADJ(-2)",-2,"na, see I/J/KSPECADJ",TRUE,
014,J,spec5,binary,"na, asked(-1)",-1,"na, asked",TRUE,
014,J,spec5,binary,not mentioned(0),0,not mentioned,FALSE,
014,J,spec5,binary,mentioned(1),1,mentioned,FALSE,
014,K,spec5,binary,"na, see I/J/KHINDEP(-5)",-5,"na, see I/J/KHINDEP",TRUE,
014,K,spec5,binary,"na, wrong skip(-3)",-3,"na, wrong skip",TRUE,
014,K,spec5,binary,"na, see I/J/KSPECADJ(-2)",-2,"na, see I/J/KSPECADJ",TRUE,
014,K,spec5,binary,"na, asked(-1)",-1,"na, asked",TRUE,
014,K,spec5,binary,not mentioned(0),0,not mentioned,FALSE,
014,K,spec5,binary,mentioned(1),1,mentioned,FALSE,
014,I,spec6,binary,"na, wrong skip(-3)",-3,"na, wrong skip",TRUE,
014,I,spec6,binary,"na, see I/J/KSPECADJ(-2)",-2,"na, see I/J/KSPECADJ",TRUE,
014,I,spec6,binary,"na, asked(-1)",-1,"na, asked",TRUE,
014,I,spec6,binary,not mentioned(0),0,not mentioned,FALSE,
014,I,spec6,binary,mentioned(1),1,mentioned,FALSE,
014,J,spec6,binary,"na, wrong skip(-3)",-3,"na, wrong skip",TRUE,
014,J,spec6,binary,"na, see I/J/KSPECADJ(-2)",-2,"na, see I/J/KSPECADJ",TRUE,
014,J,spec6,binary,"na, asked(-1)",-1,"na, asked",TRUE,
014,J,spec6,binary,not mentioned(0),0,not mentioned,FALSE,
014,J,spec6,binary,mentioned(1),1,mentioned,FALSE,
014,K,spec6,binary,"na, wrong skip(-3)",-3,"na, wrong skip",TRUE,
014,K,spec6,binary,"na, see I/J/KSPECADJ(-2)",-2,"na, see I/J/KSPECADJ",TRUE,
014,K,spec6,binary,"na, asked(-1)",-1,"na, asked",TRUE,
014,K,spec6,binary,not mentioned(0),0,not mentioned,FALSE,
014,K,spec6,binary,mentioned(1),1,mentioned,FALSE,
014,I,spec7,binary,"na, wrong skip(-3)",-3,"na, wrong skip",TRUE,
014,I,spec7,binary,"na, see I/J/KSPECADJ(-2)",-2,"na, see I/J/KSPECADJ",TRUE,
014,I,spec7,binary,"na, asked(-1)",-1,"na, asked",TRUE,
014,I,spec7,binary,not mentioned(0),0,not mentioned,FALSE,
014,I,spec7,binary,mentioned(1),1,mentioned,FALSE,
014,J,spec7,binary,"na, wrong skip(-3)",-3,"na, wrong skip",TRUE,
014,J,spec7,binary,"na, see I/J/KSPECADJ(-2)",-2,"na, see I/J/KSPECADJ",TRUE,
014,J,spec7,binary,"na, asked(-1)",-1,"na, asked",TRUE,
014,J,spec7,binary,not mentioned(0),0,not mentioned,FALSE,
014,J,spec7,binary,mentioned(1),1,mentioned,FALSE,
014,K,spec7,binary,"na, wrong skip(-3)",-3,"na, wrong skip",TRUE,
014,K,spec7,binary,"na, see I/J/KSPECADJ(-2)",-2,"na, see I/J/KSPECADJ",TRUE,
014,K,spec7,binary,"na, asked(-1)",-1,"na, asked",TRUE,
014,K,spec7,binary,not mentioned(0),0,not mentioned,FALSE,
014,K,spec7,binary,mentioned(1),1,mentioned,FALSE,
014,I,spec8,binary,"na, see I/J/KHINDEP(-5)",-5,"na, see I/J/KHINDEP",TRUE,
014,I,spec8,binary,"na, wrong skip(-3)",-3,"na, wrong skip",TRUE,
014,I,spec8,binary,"na, see I/J/KSPECADJ(-2)",-2,"na, see I/J/KSPECADJ",TRUE,
014,I,spec8,binary,"na, asked(-1)",-1,"na, asked",TRUE,
014,I,spec8,binary,not mentioned(0),0,not mentioned,FALSE,
014,I,spec8,binary,mentioned(1),1,mentioned,FALSE,
014,J,spec8,binary,"na, see I/J/KHINDEP(-5)",-5,"na, see I/J/KHINDEP",TRUE,
014,J,spec8,binary,"na, wrong skip(-3)",-3,"na, wrong skip",TRUE,
014,J,spec8,binary,"na, see I/J/KSPECADJ(-2)",-2,"na, see I/J/KSPECADJ",TRUE,
014,J,spec8,binary,"na, asked(-1)",-1,"na, asked",TRUE,
014,J,spec8,binary,not mentioned(0),0,not mentioned,FALSE,
014,J,spec8,binary,mentioned(1),1,mentioned,FALSE,
014,K,spec8,binary,"na, see I/J/KHINDEP(-5)",-5,"na, see I/J/KHINDEP",TRUE,
014,K,spec8,binary,"na, wrong skip(-3)",-3,"na, wrong skip",TRUE,
014,K,spec8,binary,"na, see I/J/KSPECADJ(-2)",-2,"na, see I/J/KSPECADJ",TRUE,
014,K,spec8,binary,"na, asked(-1)",-1,"na, asked",TRUE,
014,K,spec8,binary,not mentioned(0),0,not mentioned,FALSE,
014,K,spec8,binary,mentioned(1),1,mentioned,FALSE,
014,I,spec9,binary,"na, wrong skip(-3)",-3,"na, wrong skip",TRUE,
014,I,spec9,binary,"na, see I/JSPECADJ(-2)",-2,"na, see I/JSPECADJ",TRUE,
014,I,spec9,binary,"na, asked(-1)",-1,"na, asked",TRUE,
014,I,spec9,binary,not mentioned(0),0,not mentioned,FALSE,
014,I,spec9,binary,mentioned(1),1,mentioned,FALSE,
014,J,spec9,binary,"na, wrong skip(-3)",-3,"na, wrong skip",TRUE,
014,J,spec9,binary,"na, see I/JSPECADJ(-2)",-2,"na, see I/JSPECADJ",TRUE,
014,J,spec9,binary,"na, asked(-1)",-1,"na, asked",TRUE,
014,J,spec9,binary,not mentioned(0),0,not mentioned,FALSE,
014,J,spec9,binary,mentioned(1),1,mentioned,FALSE,
014,K,spec9,binary,"na, wrong skip(-3)",-3,"na, wrong skip",TRUE,
014,K,spec9,binary,"na, see KSPECADJ(-2)",-2,"na, see KSPECADJ",TRUE,
014,K,spec9,binary,"na, asked(-1)",-1,"na, asked",TRUE,
014,K,spec9,binary,not mentioned(0),0,not mentioned,FALSE,
014,K,spec9,binary,mentioned(1),1,mentioned,FALSE,
014,K,spec10,binary,"na, wrong skip(-3)",-3,"na, wrong skip",TRUE,
014,K,spec10,binary,"na, see KSPECADJ(-2)",-2,"na, see KSPECADJ",TRUE,
014,K,spec10,binary,"na, asked(-1)",-1,"na, asked",TRUE,
014,K,spec10,binary,not mentioned(0),0,not mentioned,FALSE,
014,K,spec10,binary,mentioned(1),1,mentioned,FALSE,
014,I,specwho,categorical,"na, wrong skip(-3)",-3,"na, wrong skip",TRUE,
014,I,specwho,categorical,"na, see I/J/KSPECADJ(-2)",-2,"na, see I/J/KSPECADJ",TRUE,
014,I,specwho,categorical,"na, asked(-1)",-1,"na, asked",TRUE,
014,I,specwho,categorical,for respondent(1),1,for respondent,FALSE,
014,I,specwho,categorical,for (former) inmate(2),2,for (former) inmate,FALSE,
014,I,specwho,categorical,for both(3),3,for both,FALSE,
014,I,specwho,categorical,"for none, already present(4)",4,"for none, already present",FALSE,
014,J,specwho,categorical,"na, wrong skip(-3)",-3,"na, wrong skip",TRUE,
014,J,specwho,categorical,"na, see I/J/KSPECADJ(-2)",-2,"na, see I/J/KSPECADJ",TRUE,
014,J,specwho,categorical,"na, asked(-1)",-1,"na, asked",TRUE,
014,J,specwho,categorical,for respondent(1),1,for respondent,FALSE,
014,J,specwho,categorical,for (former) inmate(2),2,for (former) inmate,FALSE,
014,J,specwho,categorical,for both(3),3,for both,FALSE,
014,J,specwho,categorical,"for none, already present(4)",4,"for none, already present",FALSE,
014,K,specwho,categorical,"na, wrong skip(-3)",-3,"na, wrong skip",TRUE,
014,K,specwho,categorical,"na, see I/J/KSPECADJ(-2)",-2,"na, see I/J/KSPECADJ",TRUE,
014,K,specwho,categorical,"na, asked(-1)",-1,"na, asked",TRUE,
014,K,specwho,categorical,for respondent(1),1,for respondent,FALSE,
014,K,specwho,categorical,for (former) inmate(2),2,for (former) inmate,FALSE,
014,K,specwho,categorical,for both(3),3,for both,FALSE,
014,K,specwho,categorical,"for none, already present(4)",4,"for none, already present",FALSE,
014,I,satis,ordinal,"na, wrong skip(-3)",-3,"na, wrong skip",TRUE,
014,I,satis,ordinal,"na, routing(-2)",-2,"na, routing",TRUE,
014,I,satis,ordinal,"na, asked(-1)",-1,"na, asked",TRUE,
014,I,satis,ordinal,dissatisfied(1),1,dissatisfied,FALSE,
014,I,satis,ordinal,not satisfied/dissatisfied(2),2,not satisfied/dissatisfied,FALSE,
014,I,satis,ordinal,satisfied(3),3,satisfied,FALSE,
014,J,satis,ordinal,"na, wrong skip(-3)",-3,"na, wrong skip",TRUE,
014,J,satis,ordinal,"na, routing(-2)",-2,"na, routing",TRUE,
014,J,satis,ordinal,"na, asked(-1)",-1,"na, asked",TRUE,
014,J,satis,ordinal,dissatisfied(1),1,dissatisfied,FALSE,
014,J,satis,ordinal,not satisfied/dissatisfied(2),2,not satisfied/dissatisfied,FALSE,
014,J,satis,ordinal,satisfied(3),3,satisfied,FALSE,
014,K,satis,ordinal,"na, wrong skip(-3)",-3,"na, wrong skip",TRUE,
014,K,satis,ordinal,"na, routing(-2)",-2,"na, routing",TRUE,
014,K,satis,ordinal,"na, asked(-1)",-1,"na, asked",TRUE,
014,K,satis,ordinal,dissatisfied(1),1,dissatisfied,FALSE,
014,K,satis,ordinal,not satisfied/dissatisfied(2),2,not satisfied/dissatisfied,FALSE,
014,K,satis,ordinal,satisfied(3),3,satisfied,FALSE,
014,Z,hindep,categorical,-3,-3,"not available, wrong skip",TRUE,
014,Z,hindep,categorical,-2,-2,not available,TRUE,"Cross-wave coding conflict: -2 differs for C/D/E/F/G/H/I/J/K (not available, routing), 2B (not available, interview terminated)"
014,Z,hindep,categorical,-1,-1,"not available, asked",TRUE,
014,Z,hindep,categorical,1,1,independent,FALSE,
014,Z,hindep,categorical,2,2,residential home,FALSE,
014,Z,hindep,categorical,3,3,nursing h-somatic,FALSE,
014,Z,hindep,categorical,4,4,nursing h-psych,FALSE,
014,Z,hindep,categorical,5,5,hospital,FALSE,
014,Z,hindep,categorical,6,6,psychiatric hospital,FALSE,
014,Z,hindep,categorical,7,7,other,FALSE,
014,Z,hindep,categorical,8,8,monastery,FALSE,
014,Z,moved,categorical,-1,-1,"not available, asked",TRUE,
014,Z,moved,categorical,1,1,no,FALSE,
014,Z,moved,categorical,2,2,yes,FALSE,
014,Z,moved,categorical,3,3,"yes, temporarily living elsewhere",FALSE,
014,Z,moved,categorical,4,4,lived temporarily elsewhere,FALSE,
014,Z,momonth,date,-4,-4,"not available, short version",TRUE,
014,Z,momonth,date,-3,-3,"not available, wrong skip",TRUE,
014,Z,momonth,date,-2,-2,"not available, routing",TRUE,
014,Z,momonth,date,-1,-1,"not available, asked",TRUE,
014,Z,momonth,date,NA,NA,NA,NA,Unresolved PDF cross-reference: Table *MONTH is not defined in LASA014_varinfo.pdf.
014,Z,moyear,date,-4,-4,"not available, short version",TRUE,
014,Z,moyear,date,-3,-3,"not available, wrong skip",TRUE,
014,Z,moyear,date,-2,-2,"not available, routing",TRUE,
014,Z,moyear,date,-1,-1,"not available, asked",TRUE,
014,Z,housem,categorical,-5,-5,"not available, routing",TRUE,
014,Z,housem,categorical,-4,-4,"not available, short version",TRUE,
014,Z,housem,categorical,-3,-3,"not available, wrong skip",TRUE,
014,Z,housem,categorical,-2,-2,"not available, routing",TRUE,
014,Z,housem,categorical,-1,-1,"not available, asked",TRUE,
014,Z,housem,categorical,1,1,housing type category 1,FALSE,"Cross-wave coding conflict: 1 differs for B/C/D/E/F/G (attached row), H/I/J/K (attached row or semi-detached)"
014,Z,housem,categorical,2,2,housing type category 2,FALSE,"Cross-wave coding conflict: 2 differs for B/C/D/E/F/G (semi-detached), H/I/J/K (detached)"
014,Z,housem,categorical,3,3,housing type category 3,FALSE,"Cross-wave coding conflict: 3 differs for B/C/D/E/F/G (detached), H/I/J/K (high rise (elevator))"
014,Z,housem,categorical,4,4,housing type category 4,FALSE,"Cross-wave coding conflict: 4 differs for B/C/D/E/F/G (high rise (elevator)), H/I/J/K (high rise (no elevator))"
014,Z,housem,categorical,5,5,housing type category 5,FALSE,"Cross-wave coding conflict: 5 differs for B/C/D/E/F/G (high rise (no elevator)), H/I/J/K (ground floor apartment)"
014,Z,housem,categorical,6,6,housing type category 6,FALSE,"Cross-wave coding conflict: 6 differs for B/C/D/E/F/G (low-level apt building), H/I/J/K (apt build elderly (elevator))"
014,Z,housem,categorical,7,7,housing type category 7,FALSE,"Cross-wave coding conflict: 7 differs for B/C/D/E/F/G (ground floor apartment), H/I/J/K (home elderly (street level))"
014,Z,housem,categorical,8,8,housing type category 8,FALSE,"Cross-wave coding conflict: 8 differs for B/C/D/E/F/G (apt build elderly (elevator)), H/I/J/K (semi-independent)"
014,Z,housem,categorical,9,9,housing type category 9,FALSE,"Cross-wave coding conflict: 9 differs for B/C/D/E/F/G (home elderly (street level)), H/I/J/K (farm/corporate housing)"
014,Z,housem,categorical,10,10,housing type category 10,FALSE,"Cross-wave coding conflict: 10 differs for B/C/D/E/F/G (service flat (home elderly)), H/I/J/K (houseboat)"
014,Z,housem,categorical,11,11,housing type category 11,FALSE,"Cross-wave coding conflict: 11 differs for B/C/D/E/F/G (semi-independent), H (other), I/J/K (housing with communal facilities)"
014,Z,housem,categorical,12,12,housing type category 12,FALSE,"Cross-wave coding conflict: 12 differs for B/C/D/E/F/G (farm), I/J/K (other (documented)"
014,Z,housem,categorical,13,13,houseboat,FALSE,
014,Z,housem,categorical,14,14,commune,FALSE,
014,Z,housem,categorical,15,15,other,FALSE,
014,Z,houstyp,categorical,-4,-4,not available,TRUE,"Cross-wave coding conflict: -4 differs for I/J/K (not available, previous interview telephonic), K (not available, previous interview unknown)"
014,Z,houstyp,categorical,-3,-3,"not available, wrong skip",TRUE,
014,Z,houstyp,categorical,-2,-2,"not available, routing",TRUE,
014,Z,houstyp,categorical,-1,-1,unknown,TRUE,
014,Z,houstyp,categorical,1,1,housing type category 1,FALSE,"Cross-wave coding conflict: 1 differs for B/C/D/E/2B/F/G (attached row), H/3B/I/J/K (attached row or semi-detached)"
014,Z,houstyp,categorical,2,2,housing type category 2,FALSE,"Cross-wave coding conflict: 2 differs for B/C/D/E/2B/F/G (semi-detached), H/3B/I/J/K (detached)"
014,Z,houstyp,categorical,3,3,housing type category 3,FALSE,"Cross-wave coding conflict: 3 differs for B/C/D/E/2B/F/G (detached), H/3B/I/J/K (high rise (elevator))"
014,Z,houstyp,categorical,4,4,housing type category 4,FALSE,"Cross-wave coding conflict: 4 differs for B/C/D/E/2B/F/G (high rise (elevator)), H/3B/I/J/K (high rise (no elevator))"
014,Z,houstyp,categorical,5,5,housing type category 5,FALSE,"Cross-wave coding conflict: 5 differs for B/C/D/E/2B/F/G (high rise (no elevator)), H/3B/I/J/K (ground floor apartment)"
014,Z,houstyp,categorical,6,6,housing type category 6,FALSE,"Cross-wave coding conflict: 6 differs for B/C/D/E/2B/F/G (low-level apt building), H/3B/I/J/K (apt build elderly (elevator))"
014,Z,houstyp,categorical,7,7,housing type category 7,FALSE,"Cross-wave coding conflict: 7 differs for B/C/D/E/2B/F/G (ground floor apartment), H/3B/I/J/K (home elderly (street level))"
014,Z,houstyp,categorical,8,8,housing type category 8,FALSE,"Cross-wave coding conflict: 8 differs for B/C/D/E/2B/F/G (apt build elderly (elevator)), H/3B/I/J/K (semi-independent)"
014,Z,houstyp,categorical,9,9,housing type category 9,FALSE,"Cross-wave coding conflict: 9 differs for B/C/D/E/2B/F/G (home elderly (street level)), H/3B/I/J/K (farm/corporate housing)"
014,Z,houstyp,categorical,10,10,housing type category 10,FALSE,"Cross-wave coding conflict: 10 differs for B/C/D/E/2B/F/G (service flat (home elderly)), H/3B/I/J/K (houseboat)"
014,Z,houstyp,categorical,11,11,housing type category 11,FALSE,"Cross-wave coding conflict: 11 differs for B/C/D/E/2B/F/G (semi-independent), H (other), 3B/I/J/K (housing with communal facilities)"
014,Z,houstyp,categorical,12,12,housing type category 12,FALSE,"Cross-wave coding conflict: 12 differs for B/C/D/E/2B/F/G (farm), H (institution), 3B/I/J/K (other)"
014,Z,houstyp,categorical,13,13,housing type category 13,FALSE,"Cross-wave coding conflict: 13 differs for B/C/D/E/2B/F/G (houseboat), H (monastery), 3B/I/J/K (institution)"
014,Z,houstyp,categorical,14,14,housing type category 14,FALSE,"Cross-wave coding conflict: 14 differs for B/C/D/E/2B/F/G (commune), 3B/I/J/K (monastery)"
014,Z,houstyp,categorical,15,15,other,FALSE,
014,Z,houstyp,categorical,16,16,institution,FALSE,
014,Z,houstyp,categorical,17,17,monastery,FALSE,
014,Z,fdoor,numeric,-5,-5,"not available, routing",TRUE,
014,Z,fdoor,numeric,-3,-3,"not available, wrong skip",TRUE,
014,Z,fdoor,numeric,-2,-2,"not available, routing",TRUE,
014,Z,fdoor,numeric,-1,-1,not available,TRUE,"Cross-wave coding conflict: -1 differs for B (not available), C/D/E/2B/F/G (not available, asked)"
014,Z,fdoorc,numeric,-3,-3,monastery,TRUE,
014,Z,fdoorc,numeric,-2,-2,institution,TRUE,
014,Z,fdoorc,numeric,-1,-1,unknown,TRUE,
014,Z,rfdoor,categorical,-4,-4,"not available, short version",TRUE,
014,Z,rfdoor,categorical,-3,-3,"not available, wrong skip",TRUE,
014,Z,rfdoor,categorical,-2,-2,"not available, routing",TRUE,
014,Z,rfdoor,categorical,-1,-1,not available,TRUE,"Cross-wave coding conflict: -1 differs for B (not available), C/D/E/2B/F/G (not available, asked)"
014,Z,rfdoor,categorical,1,1,only stairs,FALSE,
014,Z,rfdoor,categorical,2,2,elevator present,FALSE,
014,Z,rfdoor,categorical,3,3,other,FALSE,
014,Z,nrooms,numeric,-5,-5,"not available, routing",TRUE,
014,Z,nrooms,numeric,-4,-4,"not available, short version",TRUE,
014,Z,nrooms,numeric,-3,-3,"not available, wrong skip",TRUE,
014,Z,nrooms,numeric,-2,-2,"not available, routing",TRUE,
014,Z,nrooms,numeric,-1,-1,not available,TRUE,"Cross-wave coding conflict: -1 differs for B (not available), C/D/E/2B/F/G/H/I (not available, asked)"
014,Z,nroomsc,numeric,-3,-3,monastery,TRUE,
014,Z,nroomsc,numeric,-2,-2,institution,TRUE,
014,Z,nroomsc,numeric,-1,-1,unknown,TRUE,
014,Z,lrooms,binary,-5,-5,"not available, routing",TRUE,
014,Z,lrooms,binary,-4,-4,"not available, short version",TRUE,
014,Z,lrooms,binary,-3,-3,"not available, wrong skip",TRUE,
014,Z,lrooms,binary,-2,-2,"not available, routing",TRUE,
014,Z,lrooms,binary,-1,-1,not available,TRUE,"Cross-wave coding conflict: -1 differs for B (not available), C/D/E/2B/F/G/H/I (not available, asked)"
014,Z,lrooms,binary,1,1,no,FALSE,
014,Z,lrooms,binary,2,2,yes,FALSE,
014,Z,specadj,binary,-3,-3,"not available, wrong skip",TRUE,
014,Z,specadj,binary,-2,-2,"not available, routing",TRUE,
014,Z,specadj,binary,-1,-1,"not available, asked",TRUE,
014,Z,specadj,binary,0,0,no,FALSE,
014,Z,specadj,binary,1,1,binary category 1,FALSE,"Cross-wave coding conflict: 1 differs for B (yes), C/D/E/2B/F/G/H/3B/I/J/K (no)"
014,Z,specadj,binary,2,2,yes,FALSE,
014,Z,spec01,binary,-3,-3,"not available, wrong skip",TRUE,
014,Z,spec01,binary,-2,-2,"not available, routing",TRUE,
014,Z,spec01,binary,-1,-1,"not available, asked",TRUE,
014,Z,spec01,binary,0,0,not mentioned,FALSE,
014,Z,spec01,binary,1,1,binary category 1,FALSE,"Cross-wave coding conflict: 1 differs for B/C/D/E/F/G (mentioned), 2B (not mentioned)"
014,Z,spec01,binary,2,2,mentioned,FALSE,
014,Z,spec02,binary,-3,-3,"not available, wrong skip",TRUE,
014,Z,spec02,binary,-2,-2,"not available, routing",TRUE,
014,Z,spec02,binary,-1,-1,"not available, asked",TRUE,
014,Z,spec02,binary,0,0,not mentioned,FALSE,
014,Z,spec02,binary,1,1,binary category 1,FALSE,"Cross-wave coding conflict: 1 differs for B/C/D/E/F/G (mentioned), 2B (not mentioned)"
014,Z,spec02,binary,2,2,mentioned,FALSE,
014,Z,spec03,binary,-3,-3,"not available, wrong skip",TRUE,
014,Z,spec03,binary,-2,-2,"not available, routing",TRUE,
014,Z,spec03,binary,-1,-1,"not available, asked",TRUE,
014,Z,spec03,binary,0,0,not mentioned,FALSE,
014,Z,spec03,binary,1,1,binary category 1,FALSE,"Cross-wave coding conflict: 1 differs for B/C/D/E/F/G (mentioned), 2B (not mentioned)"
014,Z,spec03,binary,2,2,mentioned,FALSE,
014,Z,spec04,binary,-3,-3,"not available, wrong skip",TRUE,
014,Z,spec04,binary,-2,-2,"not available, routing",TRUE,
014,Z,spec04,binary,-1,-1,"not available, asked",TRUE,
014,Z,spec04,binary,0,0,not mentioned,FALSE,
014,Z,spec04,binary,1,1,binary category 1,FALSE,"Cross-wave coding conflict: 1 differs for B/C/D/E/F/G (mentioned), 2B (not mentioned)"
014,Z,spec04,binary,2,2,mentioned,FALSE,
014,Z,spec05,binary,-3,-3,"not available, wrong skip",TRUE,
014,Z,spec05,binary,-2,-2,"not available, routing",TRUE,
014,Z,spec05,binary,-1,-1,"not available, asked",TRUE,
014,Z,spec05,binary,0,0,not mentioned,FALSE,
014,Z,spec05,binary,1,1,binary category 1,FALSE,"Cross-wave coding conflict: 1 differs for B/C/D/E/F/G (mentioned), 2B (not mentioned)"
014,Z,spec05,binary,2,2,mentioned,FALSE,
014,Z,spec06,binary,-5,-5,"not available, routing",TRUE,
014,Z,spec06,binary,-3,-3,"not available, wrong skip",TRUE,
014,Z,spec06,binary,-2,-2,"not available, routing",TRUE,
014,Z,spec06,binary,-1,-1,"not available, asked",TRUE,
014,Z,spec06,binary,0,0,not mentioned,FALSE,
014,Z,spec06,binary,1,1,binary category 1,FALSE,"Cross-wave coding conflict: 1 differs for B/C/D/E/F/G (mentioned), 2B (not mentioned)"
014,Z,spec06,binary,2,2,mentioned,FALSE,
014,Z,spec07,binary,-5,-5,"not available, routing",TRUE,
014,Z,spec07,binary,-3,-3,"not available, wrong skip",TRUE,
014,Z,spec07,binary,-2,-2,"not available, routing",TRUE,
014,Z,spec07,binary,-1,-1,"not available, asked",TRUE,
014,Z,spec07,binary,0,0,not mentioned,FALSE,
014,Z,spec07,binary,1,1,binary category 1,FALSE,"Cross-wave coding conflict: 1 differs for B/C/D/E/F/G (mentioned), 2B (not mentioned)"
014,Z,spec07,binary,2,2,mentioned,FALSE,
014,Z,spec08,binary,-3,-3,"not available, wrong skip",TRUE,
014,Z,spec08,binary,-2,-2,"not available, routing",TRUE,
014,Z,spec08,binary,-1,-1,"not available, asked",TRUE,
014,Z,spec08,binary,0,0,not mentioned,FALSE,
014,Z,spec08,binary,1,1,binary category 1,FALSE,"Cross-wave coding conflict: 1 differs for B/C/D/E/F/G (mentioned), 2B (not mentioned)"
014,Z,spec08,binary,2,2,mentioned,FALSE,
014,Z,spec09,binary,-3,-3,"not available, wrong skip",TRUE,
014,Z,spec09,binary,-2,-2,"not available, routing",TRUE,
014,Z,spec09,binary,-1,-1,"not available, asked",TRUE,
014,Z,spec09,binary,0,0,not mentioned,FALSE,
014,Z,spec09,binary,1,1,binary category 1,FALSE,"Cross-wave coding conflict: 1 differs for B/C/D/E/F/G (mentioned), 2B (not mentioned)"
014,Z,spec09,binary,2,2,mentioned,FALSE,
014,Z,spec10,binary,-3,-3,"not available, wrong skip",TRUE,
014,Z,spec10,binary,-2,-2,"not available, routing",TRUE,
014,Z,spec10,binary,-1,-1,"not available, asked",TRUE,
014,Z,spec10,binary,0,0,not mentioned,FALSE,
014,Z,spec10,binary,1,1,special housing adjustment category 1,FALSE,"Cross-wave coding conflict: 1 differs for B/C/D/E/F/G/K (mentioned), 2B (not mentioned)"
014,Z,spec10,binary,2,2,mentioned,FALSE,
014,Z,spec11,binary,-3,-3,"not available, wrong skip",TRUE,
014,Z,spec11,binary,-2,-2,"not available, routing",TRUE,
014,Z,spec11,binary,-1,-1,"not available, asked",TRUE,
014,Z,spec11,binary,0,0,not mentioned,FALSE,
014,Z,spec11,binary,1,1,binary category 1,FALSE,"Cross-wave coding conflict: 1 differs for B/C/D/E/F/G (mentioned), 2B (not mentioned)"
014,Z,spec11,binary,2,2,mentioned,FALSE,
014,Z,spec12,binary,-3,-3,"not available, wrong skip",TRUE,
014,Z,spec12,binary,-2,-2,"not available, routing",TRUE,
014,Z,spec12,binary,-1,-1,"not available, asked",TRUE,
014,Z,spec12,binary,0,0,not mentioned,FALSE,
014,Z,spec12,binary,1,1,binary category 1,FALSE,"Cross-wave coding conflict: 1 differs for B/C/D/E/F/G (mentioned), 2B (not mentioned)"
014,Z,spec12,binary,2,2,mentioned,FALSE,
014,Z,spec13,binary,-3,-3,"not available, wrong skip",TRUE,
014,Z,spec13,binary,-2,-2,"not available, routing",TRUE,
014,Z,spec13,binary,-1,-1,"not available, asked",TRUE,
014,Z,spec13,binary,0,0,not mentioned,FALSE,
014,Z,spec13,binary,1,1,binary category 1,FALSE,"Cross-wave coding conflict: 1 differs for B/C/D/E/F/G (mentioned), 2B (not mentioned)"
014,Z,spec13,binary,2,2,mentioned,FALSE,
014,Z,spec14,binary,-5,-5,"not available, routing",TRUE,
014,Z,spec14,binary,-3,-3,"not available, wrong skip",TRUE,
014,Z,spec14,binary,-2,-2,"not available, routing",TRUE,
014,Z,spec14,binary,-1,-1,"not available, asked",TRUE,
014,Z,spec14,binary,0,0,not mentioned,FALSE,
014,Z,spec14,binary,1,1,binary category 1,FALSE,"Cross-wave coding conflict: 1 differs for B/C/D/E/F/G (mentioned), 2B (not mentioned)"
014,Z,spec14,binary,2,2,mentioned,FALSE,
014,Z,spec15,binary,-5,-5,"not available, routing",TRUE,
014,Z,spec15,binary,-3,-3,"not available, wrong skip",TRUE,
014,Z,spec15,binary,-2,-2,"not available, routing",TRUE,
014,Z,spec15,binary,-1,-1,"not available, asked",TRUE,
014,Z,spec15,binary,0,0,not mentioned,FALSE,
014,Z,spec15,binary,1,1,binary category 1,FALSE,"Cross-wave coding conflict: 1 differs for B/C/D/E/F/G (mentioned), 2B (not mentioned)"
014,Z,spec15,binary,2,2,mentioned,FALSE,
014,Z,spec16,binary,-5,-5,"not available, routing",TRUE,
014,Z,spec16,binary,-3,-3,"not available, wrong skip",TRUE,
014,Z,spec16,binary,-2,-2,"not available, routing",TRUE,
014,Z,spec16,binary,-1,-1,"not available, asked",TRUE,
014,Z,spec16,binary,0,0,not mentioned,FALSE,
014,Z,spec16,binary,1,1,binary category 1,FALSE,"Cross-wave coding conflict: 1 differs for B/C/D/E/F/G (mentioned), 2B (not mentioned)"
014,Z,spec16,binary,2,2,mentioned,FALSE,
014,Z,spec17,binary,-3,-3,"not available, wrong skip",TRUE,
014,Z,spec17,binary,-2,-2,"not available, routing",TRUE,
014,Z,spec17,binary,-1,-1,"not available, asked",TRUE,
014,Z,spec17,binary,0,0,not mentioned,FALSE,
014,Z,spec17,binary,1,1,binary category 1,FALSE,"Cross-wave coding conflict: 1 differs for B/C/D/E/F/G (mentioned), 2B (not mentioned)"
014,Z,spec17,binary,2,2,mentioned,FALSE,
014,Z,satis,ordinal,-4,-4,"not available, short version",TRUE,
014,Z,satis,ordinal,-3,-3,"not available, wrong skip",TRUE,
014,Z,satis,ordinal,-2,-2,"not available, routing",TRUE,
014,Z,satis,ordinal,-1,-1,"not available, asked",TRUE,
014,Z,satis,ordinal,1,1,dissatisfied,FALSE,
014,Z,satis,ordinal,2,2,not satisfied/dissatisfied,FALSE,
014,Z,satis,ordinal,3,3,satisfied,FALSE,
014,Z,satis01,binary,-2,-2,"not available, routing",TRUE,
014,Z,satis01,binary,-1,-1,"not available, asked",TRUE,
014,Z,satis01,binary,0,0,not mentioned,FALSE,
014,Z,satis01,binary,1,1,mentioned,FALSE,
014,Z,satis02,binary,-2,-2,"not available, routing",TRUE,
014,Z,satis02,binary,-1,-1,"not available, asked",TRUE,
014,Z,satis02,binary,0,0,not mentioned,FALSE,
014,Z,satis02,binary,1,1,mentioned,FALSE,
014,Z,satis03,binary,-2,-2,"not available, routing",TRUE,
014,Z,satis03,binary,-1,-1,"not available, asked",TRUE,
014,Z,satis03,binary,0,0,not mentioned,FALSE,
014,Z,satis03,binary,1,1,mentioned,FALSE,
014,Z,satis04,binary,-2,-2,"not available, routing",TRUE,
014,Z,satis04,binary,-1,-1,"not available, asked",TRUE,
014,Z,satis04,binary,0,0,not mentioned,FALSE,
014,Z,satis04,binary,1,1,mentioned,FALSE,
014,Z,satis05,binary,-2,-2,"not available, routing",TRUE,
014,Z,satis05,binary,-1,-1,"not available, asked",TRUE,
014,Z,satis05,binary,0,0,not mentioned,FALSE,
014,Z,satis05,binary,1,1,mentioned,FALSE,
014,Z,satis06,binary,-2,-2,"not available, routing",TRUE,
014,Z,satis06,binary,-1,-1,"not available, asked",TRUE,
014,Z,satis06,binary,0,0,not mentioned,FALSE,
014,Z,satis06,binary,1,1,mentioned,FALSE,
014,Z,satis07,binary,-2,-2,"not available, routing",TRUE,
014,Z,satis07,binary,-1,-1,"not available, asked",TRUE,
014,Z,satis07,binary,0,0,not mentioned,FALSE,
014,Z,satis07,binary,1,1,mentioned,FALSE,
014,Z,satis08,binary,-2,-2,"not available, routing",TRUE,
014,Z,satis08,binary,-1,-1,"not available, asked",TRUE,
014,Z,satis08,binary,0,0,not mentioned,FALSE,
014,Z,satis08,binary,1,1,mentioned,FALSE,
014,Z,satis09,binary,-2,-2,"not available, routing",TRUE,
014,Z,satis09,binary,-1,-1,"not available, asked",TRUE,
014,Z,satis09,binary,0,0,not mentioned,FALSE,
014,Z,satis09,binary,1,1,mentioned,FALSE,
014,Z,ospec1,binary,-2,-2,"not available, routing",TRUE,
014,Z,ospec1,binary,0,0,no,FALSE,
014,Z,ospec1,binary,1,1,yes,FALSE,
014,Z,ospec2,binary,-2,-2,"not available, routing",TRUE,
014,Z,ospec2,binary,0,0,no,FALSE,
014,Z,ospec2,binary,1,1,yes,FALSE,
014,Z,ospec3,binary,-2,-2,"not available, routing",TRUE,
014,Z,ospec3,binary,0,0,no,FALSE,
014,Z,ospec3,binary,1,1,yes,FALSE,
014,Z,ospec4,binary,-2,-2,"not available, routing",TRUE,
014,Z,ospec4,binary,0,0,no,FALSE,
014,Z,ospec4,binary,1,1,yes,FALSE,
014,Z,ospec5,binary,-2,-2,"not available, routing",TRUE,
014,Z,ospec5,binary,0,0,no,FALSE,
014,Z,ospec5,binary,1,1,yes,FALSE,
014,Z,ospec6,binary,-2,-2,"not available, routing",TRUE,
014,Z,ospec6,binary,0,0,no,FALSE,
014,Z,ospec6,binary,1,1,yes,FALSE,
014,Z,hwhacc,categorical,-5,-5,"not available, routing",TRUE,
014,Z,hwhacc,categorical,-3,-3,"not available, wrong skip",TRUE,
014,Z,hwhacc,categorical,-2,-2,"not available, routing",TRUE,
014,Z,hwhacc,categorical,-1,-1,"not available, asked",TRUE,
014,Z,hwhacc,categorical,1,1,yes,FALSE,
014,Z,hwhacc,categorical,2,2,only with help,FALSE,
014,Z,hwhacc,categorical,3,3,no,FALSE,
014,Z,spec1,binary,-3,-3,"not available, wrong skip",TRUE,
014,Z,spec1,binary,-2,-2,"not available, routing",TRUE,
014,Z,spec1,binary,-1,-1,"not available, asked",TRUE,
014,Z,spec1,binary,0,0,not mentioned,FALSE,
014,Z,spec1,binary,1,1,mentioned,FALSE,
014,Z,spec2,binary,-3,-3,"not available, wrong skip",TRUE,
014,Z,spec2,binary,-2,-2,"not available, routing",TRUE,
014,Z,spec2,binary,-1,-1,"not available, asked",TRUE,
014,Z,spec2,binary,0,0,not mentioned,FALSE,
014,Z,spec2,binary,1,1,mentioned,FALSE,
014,Z,spec3,binary,-3,-3,"not available, wrong skip",TRUE,
014,Z,spec3,binary,-2,-2,"not available, routing",TRUE,
014,Z,spec3,binary,-1,-1,"not available, asked",TRUE,
014,Z,spec3,binary,0,0,not mentioned,FALSE,
014,Z,spec3,binary,1,1,mentioned,FALSE,
014,Z,spec4,binary,-5,-5,"not available, routing",TRUE,
014,Z,spec4,binary,-3,-3,"not available, wrong skip",TRUE,
014,Z,spec4,binary,-2,-2,"not available, routing",TRUE,
014,Z,spec4,binary,-1,-1,"not available, asked",TRUE,
014,Z,spec4,binary,0,0,not mentioned,FALSE,
014,Z,spec4,binary,1,1,mentioned,FALSE,
014,Z,spec5,binary,-5,-5,"not available, routing",TRUE,
014,Z,spec5,binary,-3,-3,"not available, wrong skip",TRUE,
014,Z,spec5,binary,-2,-2,"not available, routing",TRUE,
014,Z,spec5,binary,-1,-1,"not available, asked",TRUE,
014,Z,spec5,binary,0,0,not mentioned,FALSE,
014,Z,spec5,binary,1,1,mentioned,FALSE,
014,Z,spec6,binary,-3,-3,"not available, wrong skip",TRUE,
014,Z,spec6,binary,-2,-2,"not available, routing",TRUE,
014,Z,spec6,binary,-1,-1,"not available, asked",TRUE,
014,Z,spec6,binary,0,0,not mentioned,FALSE,
014,Z,spec6,binary,1,1,mentioned,FALSE,
014,Z,spec7,binary,-5,-5,"not available, routing",TRUE,
014,Z,spec7,binary,-3,-3,"not available, wrong skip",TRUE,
014,Z,spec7,binary,-2,-2,"not available, routing",TRUE,
014,Z,spec7,binary,-1,-1,"not available, asked",TRUE,
014,Z,spec7,binary,0,0,not mentioned,FALSE,
014,Z,spec7,binary,1,1,mentioned,FALSE,
014,Z,spec8,binary,-5,-5,"not available, routing",TRUE,
014,Z,spec8,binary,-3,-3,"not available, wrong skip",TRUE,
014,Z,spec8,binary,-2,-2,"not available, routing",TRUE,
014,Z,spec8,binary,-1,-1,"not available, asked",TRUE,
014,Z,spec8,binary,0,0,not mentioned,FALSE,
014,Z,spec8,binary,1,1,mentioned,FALSE,
014,Z,spec9,binary,-3,-3,"not available, wrong skip",TRUE,
014,Z,spec9,binary,-2,-2,"not available, routing",TRUE,
014,Z,spec9,binary,-1,-1,"not available, asked",TRUE,
014,Z,spec9,binary,0,0,not mentioned,FALSE,
014,Z,spec9,binary,1,1,mentioned,FALSE,
014,Z,specwho,categorical,-3,-3,"not available, wrong skip",TRUE,
014,Z,specwho,categorical,-2,-2,"not available, routing",TRUE,
014,Z,specwho,categorical,-1,-1,"not available, asked",TRUE,
014,Z,specwho,categorical,1,1,for respondent,FALSE,
014,Z,specwho,categorical,2,2,for (former) inmate,FALSE,
014,Z,specwho,categorical,3,3,for both,FALSE,
014,Z,specwho,categorical,4,4,"for none, already present",FALSE,
