filecode,wave,canonical_name,variable_type,value_raw,value_numeric,value_label,is_missing,conflicts
016,B,job1,binary,"na, short version(-4)",-4,"na, short version",TRUE,
016,B,job1,binary,"na, asked(-1)",-1,"na, asked",TRUE,
016,B,job1,binary,no(1),1,no,FALSE,
016,B,job1,binary,yes(2),2,yes,FALSE,
016,B,cjsbc92,categorical,"na, wrong skip(-3)",-3,"na, wrong skip",TRUE,
016,B,cjsbc92,categorical,"na, see BJOB1(-2)",-2,"na, see BJOB1",TRUE,
016,B,cjsbc92,categorical,"na, asked(-1)",-1,"na, asked",TRUE,
016,B,cjclass,categorical,"na, wrong skip(-3)",-3,"na, wrong skip",TRUE,
016,B,cjclass,categorical,"na, see BJOB1(-2)",-2,"na, see BJOB1",TRUE,
016,B,cjclass,categorical,"na, asked(-1)",-1,"na, asked",TRUE,
016,B,cjclass,categorical,see table *A SBC92 -> elementary occupations(11),11,elementary occupations,FALSE,
016,B,cjclass,categorical,see table *A SBC92 -> lower non-specialized occupations(21),21,lower non-specialized occupations,FALSE,
016,B,cjclass,categorical,see table *A SBC92 -> lower teaching & instruction occupations(22),22,lower teaching & instruction occupations,FALSE,
016,B,cjclass,categorical,see table *A SBC92 -> lower agricultural occupations(24),24,lower agricultural occupations,FALSE,
016,B,cjclass,categorical,see table *A SBC92 -> lower natural science occupations(25),25,lower natural science occupations,FALSE,
016,B,cjclass,categorical,see table *A SBC92 -> lower technical occupations(26),26,lower technical occupations,FALSE,
016,B,cjclass,categorical,see table *A SBC92 -> lower transport occupations(28),28,lower transport occupations,FALSE,
016,B,cjclass,categorical,see table *A SBC92 -> lower (para)medical occupations(29),29,lower (para)medical occupations,FALSE,
016,B,cjclass,categorical,see table *A SBC92 -> lower administrative & commercial occupations(31),31,lower administrative & commercial occupations,FALSE,
016,B,cjclass,categorical,see table *A SBC92 -> lower security occupations(33),33,lower security occupations,FALSE,
016,B,cjclass,categorical,see table *A SBC92 -> lower service & care occupations(37),37,lower service & care occupations,FALSE,
016,B,cjclass,categorical,see table *A SBC92 -> medium teaching & instruction occupations(42),42,medium teaching & instruction occupations,FALSE,
016,B,cjclass,categorical,see table *A SBC92 -> medium agricultural occupations(44),44,medium agricultural occupations,FALSE,
016,B,cjclass,categorical,see table *A SBC92 -> medium natural science occupations(45),45,medium natural science occupations,FALSE,
016,B,cjclass,categorical,see table *A SBC92 -> medium technical occupations(46),46,medium technical occupations,FALSE,
016,B,cjclass,categorical,see table *A SBC92 -> medium transport occupations(48),48,medium transport occupations,FALSE,
016,B,cjclass,categorical,see table *A SBC92 -> medium (para)medical occupations(49),49,medium (para)medical occupations,FALSE,
016,B,cjclass,categorical,see table *A SBC92 -> medium administrative & commercial occupations(51),51,medium administrative & commercial occupations,FALSE,
016,B,cjclass,categorical,see table *A SBC92 -> medium juridical & security occupations(53),53,medium juridical & security occupations,FALSE,
016,B,cjclass,categorical,see table *A SBC92 -> medium linguistic & cultural occupations(55),55,medium linguistic & cultural occupations,FALSE,
016,B,cjclass,categorical,see table *A SBC92 -> medium social occupations(56),56,medium social occupations,FALSE,
016,B,cjclass,categorical,see table *A SBC92 -> medium service & care occupations(57),57,medium service & care occupations,FALSE,
016,B,cjclass,categorical,see table *A SBC92 -> higher pedagogical occupations(62),62,higher pedagogical occupations,FALSE,
016,B,cjclass,categorical,see table *A SBC92 -> higher agricultural occupations(64),64,higher agricultural occupations,FALSE,
016,B,cjclass,categorical,see table *A SBC92 -> higher natural science occupations(65),65,higher natural science occupations,FALSE,
016,B,cjclass,categorical,see table *A SBC92 -> higher technical occupations(66),66,higher technical occupations,FALSE,
016,B,cjclass,categorical,see table *A SBC92 -> higher transport occupations(68),68,higher transport occupations,FALSE,
016,B,cjclass,categorical,see table *A SBC92 -> higher (para)medical occupations(69),69,higher (para)medical occupations,FALSE,
016,B,cjclass,categorical,see table *A SBC92 -> higher administrative & commercial occupations(71),71,higher administrative & commercial occupations,FALSE,
016,B,cjclass,categorical,see table *A SBC92 -> higher juridical & security occupations(73),73,higher juridical & security occupations,FALSE,
016,B,cjclass,categorical,see table *A SBC92 -> higher linguistic & cultural occupations(75),75,higher linguistic & cultural occupations,FALSE,
016,B,cjclass,categorical,see table *A SBC92 -> higher social occupations(76),76,higher social occupations,FALSE,
016,B,cjclass,categorical,see table *A SBC92 -> higher service & care occupations(77),77,higher service & care occupations,FALSE,
016,B,cjclass,categorical,see table *A SBC92 -> higher managers(78),78,higher managers,FALSE,
016,B,cjclass,categorical,see table *A SBC92 -> scientific pedagogical occupations(82),82,scientific pedagogical occupations,FALSE,
016,B,cjclass,categorical,see table *A SBC92 -> scientific agricultural occupations(84),84,scientific agricultural occupations,FALSE,
016,B,cjclass,categorical,see table *A SBC92 -> scientific natural science occupations(85),85,scientific natural science occupations,FALSE,
016,B,cjclass,categorical,see table *A SBC92 -> scientific technical occupations(86),86,scientific technical occupations,FALSE,
016,B,cjclass,categorical,see table *A SBC92 -> scientific (para)medical occupations(89),89,scientific (para)medical occupations,FALSE,
016,B,cjclass,categorical,see table *A SBC92 -> scientific administrative & economic occupations(91),91,scientific administrative & economic occupations,FALSE,
016,B,cjclass,categorical,see table *A SBC92 -> scientific juridical & policy occupations(93),93,scientific juridical & policy occupations,FALSE,
016,B,cjclass,categorical,see table *A SBC92 -> scientific social occupations(96),96,scientific social occupations,FALSE,
016,B,cjclass,categorical,see table *A SBC92 -> scientific managers(98),98,scientific managers,FALSE,
016,B,cjlevel,ordinal,"na, wrong skip(-3)",-3,"na, wrong skip",TRUE,
016,B,cjlevel,ordinal,"na, see BJOB1(-2)",-2,"na, see BJOB1",TRUE,
016,B,cjlevel,ordinal,"na, asked(-1)",-1,"na, asked",TRUE,
016,B,cjlevel,ordinal,see table *F Skill / work level -> elementary(1),1,elementary,FALSE,
016,B,cjlevel,ordinal,see table *F Skill / work level -> low(2),2,low,FALSE,
016,B,cjlevel,ordinal,see table *F Skill / work level -> medium(3),3,medium,FALSE,
016,B,cjlevel,ordinal,see table *F Skill / work level -> high(4),4,high,FALSE,
016,B,cjlevel,ordinal,see table *F Skill / work level -> scientific(5),5,scientific,FALSE,
016,B,cjtype,categorical,"na, wrong skip(-3)",-3,"na, wrong skip",TRUE,
016,B,cjtype,categorical,"na, see BJOB1(-2)",-2,"na, see BJOB1",TRUE,
016,B,cjtype,categorical,"na, asked(-1)",-1,"na, asked",TRUE,
016,B,cjtype,categorical,see table *C Skill type -> general(1),1,general,FALSE,
016,B,cjtype,categorical,see table *C Skill type -> pedagogical(2),2,pedagogical,FALSE,
016,B,cjtype,categorical,see table *C Skill type -> agricultural(4),4,agricultural,FALSE,
016,B,cjtype,categorical,see table *C Skill type -> natural science(5),5,natural science,FALSE,
016,B,cjtype,categorical,see table *C Skill type -> technical(6),6,technical,FALSE,
016,B,cjtype,categorical,see table *C Skill type -> transport(8),8,transport,FALSE,
016,B,cjtype,categorical,see table *C Skill type -> (para)medical(9),9,(para)medical,FALSE,
016,B,cjtype,categorical,see table *C Skill type -> administrative/commercial(11),11,administrative/commercial,FALSE,
016,B,cjtype,categorical,see table *C Skill type -> juridical/security(13),13,juridical/security,FALSE,
016,B,cjtype,categorical,see table *C Skill type -> cultural/linguistic(15),15,cultural/linguistic,FALSE,
016,B,cjtype,categorical,see table *C Skill type -> social science(16),16,social science,FALSE,
016,B,cjtype,categorical,see table *C Skill type -> care & services(17),17,care & services,FALSE,
016,B,cjtype,categorical,see table *C Skill type -> management(18),18,management,FALSE,
016,B,cjpresi,numeric,"na, wrong skip(-3)",-3,"na, wrong skip",TRUE,
016,B,cjpresi,numeric,"na, see BJOB1(-2)",-2,"na, see BJOB1",TRUE,
016,B,cjpresi,numeric,"na, asked(-1)",-1,"na, asked",TRUE,
016,B,cjpresi,numeric,low prestige(13),13,NA,FALSE,
016,B,cjpresi,numeric,high prestige(87),87,NA,FALSE,
016,B,job3,categorical,"na, wrong skip(-3)",-3,"na, wrong skip",TRUE,
016,B,job3,categorical,"na, see BJOB1(-2)",-2,"na, see BJOB1",TRUE,
016,B,job3,categorical,"na, asked(-1)",-1,"na, asked",TRUE,
016,B,job3,categorical,see table *E Job type -> steady job(1),1,steady job,FALSE,
016,B,job3,categorical,see table *E Job type -> temporary job with contract(2),2,temporary job with contract,FALSE,
016,B,job3,categorical,see table *E Job type -> temporary job via employment agency(3),3,temporary job via employment agency,FALSE,
016,B,job3,categorical,see table *E Job type -> self-employed(4),4,self-employed,FALSE,
016,B,job3,categorical,see table *E Job type -> free-lance basis(5),5,free-lance basis,FALSE,
016,B,job3,categorical,see table *E Job type -> family company(6),6,family company,FALSE,
016,B,job3,categorical,see table *E Job type -> other(7),7,other,FALSE,
016,B,job4,binary,"na, short version(-4)",-4,"na, short version",TRUE,
016,B,job4,binary,"na, wrong skip(-3)",-3,"na, wrong skip",TRUE,
016,B,job4,binary,"na, see BJOB1(-2)",-2,"na, see BJOB1",TRUE,
016,B,job4,binary,"na, asked(-1)",-1,"na, asked",TRUE,
016,B,job4,binary,no(0),0,no,FALSE,
016,B,job4,binary,yes(1),1,yes,FALSE,
016,B,job5,numeric,"na, wrong skip(-3)",-3,"na, wrong skip",TRUE,
016,B,job5,numeric,"na, see BJOB1(-2)",-2,"na, see BJOB1",TRUE,
016,B,job5,numeric,"na, asked(-1)",-1,"na, asked",TRUE,
016,B,job5,numeric,98 or more(98),98,NA,FALSE,
016,B,job6,numeric,"na, wrong skip(-3)",-3,"na, wrong skip",TRUE,
016,B,job6,numeric,"na, see BJOB1(-2)",-2,"na, see BJOB1",TRUE,
016,B,job6,numeric,"na, asked(-1)",-1,"na, asked",TRUE,
016,B,job7,categorical,"na, wrong skip(-3)",-3,"na, wrong skip",TRUE,
016,B,job7,categorical,"na, see BJOB1(-2)",-2,"na, see BJOB1",TRUE,
016,B,job7,categorical,"na, asked(-1)",-1,"na, asked",TRUE,
016,B,job7,categorical,see table *D Job regularity -> regular hours (9 to 5)(1),1,regular hours (9 to 5),FALSE,
016,B,job7,categorical,"see table *D Job regularity -> regular hours, including night/weekend shifts(2)",2,"regular hours, including night/weekend shifts",FALSE,
016,B,job7,categorical,"see table *D Job regularity -> shift work, no weekend shifts(3)",3,"shift work, no weekend shifts",FALSE,
016,B,job7,categorical,"see table *D Job regularity -> shift work, including weekend shifts(4)",4,"shift work, including weekend shifts",FALSE,
016,B,job7,categorical,"see table *D Job regularity -> irregular hours, no weekend shifts(5)",5,"irregular hours, no weekend shifts",FALSE,
016,B,job7,categorical,"see table *D Job regularity -> irregular hours, including weekend shifts(6)",6,"irregular hours, including weekend shifts",FALSE,
016,B,job8,binary,"no answer, short version(-4)",-4,"no answer, short version",TRUE,
016,B,job8,binary,"na, wrong skip(-3)",-3,"na, wrong skip",TRUE,
016,B,job8,binary,"na, see BJOB1(-2)",-2,"na, see BJOB1",TRUE,
016,B,job8,binary,"na, asked(-1)",-1,"na, asked",TRUE,
016,B,job8,binary,no(0),0,no,FALSE,
016,B,job8,binary,yes(1),1,yes,FALSE,
016,B,joblo1,binary,"no answer, short version(-4)",-4,"no answer, short version",TRUE,
016,B,joblo1,binary,"no answer, wrong skip(-3)",-3,"no answer, wrong skip",TRUE,
016,B,joblo1,binary,"no answer, routing(-2)",-2,"no answer, routing",TRUE,
016,B,joblo1,binary,"no answer, asked(-1)",-1,"no answer, asked",TRUE,
016,B,joblo1,binary,no(0),0,no,FALSE,
016,B,joblo1,binary,yes(1),1,yes,FALSE,
016,B,ljsbc92,categorical,"na, wrong skip(-3)",-3,"na, wrong skip",TRUE,
016,B,ljsbc92,categorical,"na, BJOB8 & BJOBLO1(-2)",-2,"na, BJOB8 & BJOBLO1",TRUE,
016,B,ljsbc92,categorical,"na, asked(-1)",-1,"na, asked",TRUE,
016,B,ljclass,categorical,"na, wrong skip(-3)",-3,"na, wrong skip",TRUE,
016,B,ljclass,categorical,"na, see BJOB8 & BJOBLO1(-2)",-2,"na, see BJOB8 & BJOBLO1",TRUE,
016,B,ljclass,categorical,"na, asked(-1)",-1,"na, asked",TRUE,
016,B,ljclass,categorical,see table *A SBC92 -> elementary occupations(11),11,elementary occupations,FALSE,
016,B,ljclass,categorical,see table *A SBC92 -> lower non-specialized occupations(21),21,lower non-specialized occupations,FALSE,
016,B,ljclass,categorical,see table *A SBC92 -> lower teaching & instruction occupations(22),22,lower teaching & instruction occupations,FALSE,
016,B,ljclass,categorical,see table *A SBC92 -> lower agricultural occupations(24),24,lower agricultural occupations,FALSE,
016,B,ljclass,categorical,see table *A SBC92 -> lower natural science occupations(25),25,lower natural science occupations,FALSE,
016,B,ljclass,categorical,see table *A SBC92 -> lower technical occupations(26),26,lower technical occupations,FALSE,
016,B,ljclass,categorical,see table *A SBC92 -> lower transport occupations(28),28,lower transport occupations,FALSE,
016,B,ljclass,categorical,see table *A SBC92 -> lower (para)medical occupations(29),29,lower (para)medical occupations,FALSE,
016,B,ljclass,categorical,see table *A SBC92 -> lower administrative & commercial occupations(31),31,lower administrative & commercial occupations,FALSE,
016,B,ljclass,categorical,see table *A SBC92 -> lower security occupations(33),33,lower security occupations,FALSE,
016,B,ljclass,categorical,see table *A SBC92 -> lower service & care occupations(37),37,lower service & care occupations,FALSE,
016,B,ljclass,categorical,see table *A SBC92 -> medium teaching & instruction occupations(42),42,medium teaching & instruction occupations,FALSE,
016,B,ljclass,categorical,see table *A SBC92 -> medium agricultural occupations(44),44,medium agricultural occupations,FALSE,
016,B,ljclass,categorical,see table *A SBC92 -> medium natural science occupations(45),45,medium natural science occupations,FALSE,
016,B,ljclass,categorical,see table *A SBC92 -> medium technical occupations(46),46,medium technical occupations,FALSE,
016,B,ljclass,categorical,see table *A SBC92 -> medium transport occupations(48),48,medium transport occupations,FALSE,
016,B,ljclass,categorical,see table *A SBC92 -> medium (para)medical occupations(49),49,medium (para)medical occupations,FALSE,
016,B,ljclass,categorical,see table *A SBC92 -> medium administrative & commercial occupations(51),51,medium administrative & commercial occupations,FALSE,
016,B,ljclass,categorical,see table *A SBC92 -> medium juridical & security occupations(53),53,medium juridical & security occupations,FALSE,
016,B,ljclass,categorical,see table *A SBC92 -> medium linguistic & cultural occupations(55),55,medium linguistic & cultural occupations,FALSE,
016,B,ljclass,categorical,see table *A SBC92 -> medium social occupations(56),56,medium social occupations,FALSE,
016,B,ljclass,categorical,see table *A SBC92 -> medium service & care occupations(57),57,medium service & care occupations,FALSE,
016,B,ljclass,categorical,see table *A SBC92 -> higher pedagogical occupations(62),62,higher pedagogical occupations,FALSE,
016,B,ljclass,categorical,see table *A SBC92 -> higher agricultural occupations(64),64,higher agricultural occupations,FALSE,
016,B,ljclass,categorical,see table *A SBC92 -> higher natural science occupations(65),65,higher natural science occupations,FALSE,
016,B,ljclass,categorical,see table *A SBC92 -> higher technical occupations(66),66,higher technical occupations,FALSE,
016,B,ljclass,categorical,see table *A SBC92 -> higher transport occupations(68),68,higher transport occupations,FALSE,
016,B,ljclass,categorical,see table *A SBC92 -> higher (para)medical occupations(69),69,higher (para)medical occupations,FALSE,
016,B,ljclass,categorical,see table *A SBC92 -> higher administrative & commercial occupations(71),71,higher administrative & commercial occupations,FALSE,
016,B,ljclass,categorical,see table *A SBC92 -> higher juridical & security occupations(73),73,higher juridical & security occupations,FALSE,
016,B,ljclass,categorical,see table *A SBC92 -> higher linguistic & cultural occupations(75),75,higher linguistic & cultural occupations,FALSE,
016,B,ljclass,categorical,see table *A SBC92 -> higher social occupations(76),76,higher social occupations,FALSE,
016,B,ljclass,categorical,see table *A SBC92 -> higher service & care occupations(77),77,higher service & care occupations,FALSE,
016,B,ljclass,categorical,see table *A SBC92 -> higher managers(78),78,higher managers,FALSE,
016,B,ljclass,categorical,see table *A SBC92 -> scientific pedagogical occupations(82),82,scientific pedagogical occupations,FALSE,
016,B,ljclass,categorical,see table *A SBC92 -> scientific agricultural occupations(84),84,scientific agricultural occupations,FALSE,
016,B,ljclass,categorical,see table *A SBC92 -> scientific natural science occupations(85),85,scientific natural science occupations,FALSE,
016,B,ljclass,categorical,see table *A SBC92 -> scientific technical occupations(86),86,scientific technical occupations,FALSE,
016,B,ljclass,categorical,see table *A SBC92 -> scientific (para)medical occupations(89),89,scientific (para)medical occupations,FALSE,
016,B,ljclass,categorical,see table *A SBC92 -> scientific administrative & economic occupations(91),91,scientific administrative & economic occupations,FALSE,
016,B,ljclass,categorical,see table *A SBC92 -> scientific juridical & policy occupations(93),93,scientific juridical & policy occupations,FALSE,
016,B,ljclass,categorical,see table *A SBC92 -> scientific social occupations(96),96,scientific social occupations,FALSE,
016,B,ljclass,categorical,see table *A SBC92 -> scientific managers(98),98,scientific managers,FALSE,
016,B,ljlevel,ordinal,"na, wrong skip(-3)",-3,"na, wrong skip",TRUE,
016,B,ljlevel,ordinal,"na, BJOB8 & BJOBLO1(-2)",-2,"na, BJOB8 & BJOBLO1",TRUE,
016,B,ljlevel,ordinal,"na, asked(-1)",-1,"na, asked",TRUE,
016,B,ljlevel,ordinal,see table *F Skill / work level -> elementary(1),1,elementary,FALSE,
016,B,ljlevel,ordinal,see table *F Skill / work level -> low(2),2,low,FALSE,
016,B,ljlevel,ordinal,see table *F Skill / work level -> medium(3),3,medium,FALSE,
016,B,ljlevel,ordinal,see table *F Skill / work level -> high(4),4,high,FALSE,
016,B,ljlevel,ordinal,see table *F Skill / work level -> scientific(5),5,scientific,FALSE,
016,B,ljtype,categorical,"na, wrong skip(-3)",-3,"na, wrong skip",TRUE,
016,B,ljtype,categorical,"na, see BJOB8 & BJOBLO1(-2)",-2,"na, see BJOB8 & BJOBLO1",TRUE,
016,B,ljtype,categorical,"na, asked(-1)",-1,"na, asked",TRUE,
016,B,ljtype,categorical,see table *C Skill type -> general(1),1,general,FALSE,
016,B,ljtype,categorical,see table *C Skill type -> pedagogical(2),2,pedagogical,FALSE,
016,B,ljtype,categorical,see table *C Skill type -> agricultural(4),4,agricultural,FALSE,
016,B,ljtype,categorical,see table *C Skill type -> natural science(5),5,natural science,FALSE,
016,B,ljtype,categorical,see table *C Skill type -> technical(6),6,technical,FALSE,
016,B,ljtype,categorical,see table *C Skill type -> transport(8),8,transport,FALSE,
016,B,ljtype,categorical,see table *C Skill type -> (para)medical(9),9,(para)medical,FALSE,
016,B,ljtype,categorical,see table *C Skill type -> administrative/commercial(11),11,administrative/commercial,FALSE,
016,B,ljtype,categorical,see table *C Skill type -> juridical/security(13),13,juridical/security,FALSE,
016,B,ljtype,categorical,see table *C Skill type -> cultural/linguistic(15),15,cultural/linguistic,FALSE,
016,B,ljtype,categorical,see table *C Skill type -> social science(16),16,social science,FALSE,
016,B,ljtype,categorical,see table *C Skill type -> care & services(17),17,care & services,FALSE,
016,B,ljtype,categorical,see table *C Skill type -> management(18),18,management,FALSE,
016,B,ljpresi,numeric,"na, wrong skip(-3)",-3,"na, wrong skip",TRUE,
016,B,ljpresi,numeric,"na, see BJOB8 & BJOBLO1(-2)",-2,"na, see BJOB8 & BJOBLO1",TRUE,
016,B,ljpresi,numeric,"na, asked(-1)",-1,"na, asked",TRUE,
016,B,ljpresi,numeric,low prestige(13),13,NA,FALSE,
016,B,ljpresi,numeric,high prestige(87),87,NA,FALSE,
016,B,joblo3,categorical,"na, wrong skip(-3)",-3,"na, wrong skip",TRUE,
016,B,joblo3,categorical,"na, see BJOB8 & BJOBLO1(-2)",-2,"na, see BJOB8 & BJOBLO1",TRUE,
016,B,joblo3,categorical,"na, asked(-1)",-1,"na, asked",TRUE,
016,B,joblo3,categorical,see table *E Job type -> steady job(1),1,steady job,FALSE,
016,B,joblo3,categorical,see table *E Job type -> temporary job with contract(2),2,temporary job with contract,FALSE,
016,B,joblo3,categorical,see table *E Job type -> temporary job via employment agency(3),3,temporary job via employment agency,FALSE,
016,B,joblo3,categorical,see table *E Job type -> self-employed(4),4,self-employed,FALSE,
016,B,joblo3,categorical,see table *E Job type -> free-lance basis(5),5,free-lance basis,FALSE,
016,B,joblo3,categorical,see table *E Job type -> family company(6),6,family company,FALSE,
016,B,joblo3,categorical,see table *E Job type -> other(7),7,other,FALSE,
016,B,joblo4,binary,"no answer, short version(-4)",-4,"no answer, short version",TRUE,
016,B,joblo4,binary,"na, wrong skip(-3)",-3,"na, wrong skip",TRUE,
016,B,joblo4,binary,"na, BJOB8 & BJOBLO1(-2)",-2,"na, BJOB8 & BJOBLO1",TRUE,
016,B,joblo4,binary,"na, asked(-1)",-1,"na, asked",TRUE,
016,B,joblo4,binary,no(0),0,no,FALSE,
016,B,joblo4,binary,yes(1),1,yes,FALSE,
016,B,joblo5,numeric,"na, wrong skip(-3)",-3,"na, wrong skip",TRUE,
016,B,joblo5,numeric,"na, see BJOB8 & BJOBLO1(-2)",-2,"na, see BJOB8 & BJOBLO1",TRUE,
016,B,joblo5,numeric,"na, asked(-1)",-1,"na, asked",TRUE,
016,B,joblo5,numeric,98 or more(98),98,NA,FALSE,
016,B,joblo6,numeric,"na, wrong skip(-3)",-3,"na, wrong skip",TRUE,
016,B,joblo6,numeric,"na, see BJOB8 & BJOBLO1(-2)",-2,"na, see BJOB8 & BJOBLO1",TRUE,
016,B,joblo6,numeric,"na, asked(-1)",-1,"na, asked",TRUE,
016,B,joblo7,categorical,"na, wrong skip(-3)",-3,"na, wrong skip",TRUE,
016,B,joblo7,categorical,"na, see BJOB8 & BJOBLO1(-2)",-2,"na, see BJOB8 & BJOBLO1",TRUE,
016,B,joblo7,categorical,"na, asked(-1)",-1,"na, asked",TRUE,
016,B,joblo7,categorical,see table *D Job regularity -> regular hours (9 to 5)(1),1,regular hours (9 to 5),FALSE,
016,B,joblo7,categorical,"see table *D Job regularity -> regular hours, including night/weekend shifts(2)",2,"regular hours, including night/weekend shifts",FALSE,
016,B,joblo7,categorical,"see table *D Job regularity -> shift work, no weekend shifts(3)",3,"shift work, no weekend shifts",FALSE,
016,B,joblo7,categorical,"see table *D Job regularity -> shift work, including weekend shifts(4)",4,"shift work, including weekend shifts",FALSE,
016,B,joblo7,categorical,"see table *D Job regularity -> irregular hours, no weekend shifts(5)",5,"irregular hours, no weekend shifts",FALSE,
016,B,joblo7,categorical,"see table *D Job regularity -> irregular hours, including weekend shifts(6)",6,"irregular hours, including weekend shifts",FALSE,
016,B,jobmon,date,"no answer, info NESTOR(-5)",-5,"no answer, info NESTOR",TRUE,
016,B,jobmon,date,"no answer, wrong skip(-3)",-3,"no answer, wrong skip",TRUE,
016,B,jobmon,date,"no answer, routing(-2)",-2,"no answer, routing",TRUE,
016,B,jobmon,date,do not know(-1),-1,do not know,TRUE,
016,B,jobmon,date,see table *B Month -> January(1),1,January,FALSE,
016,B,jobmon,date,see table *B Month -> February(2),2,February,FALSE,
016,B,jobmon,date,see table *B Month -> March(3),3,March,FALSE,
016,B,jobmon,date,see table *B Month -> April(4),4,April,FALSE,
016,B,jobmon,date,see table *B Month -> May(5),5,May,FALSE,
016,B,jobmon,date,see table *B Month -> June(6),6,June,FALSE,
016,B,jobmon,date,see table *B Month -> July(7),7,July,FALSE,
016,B,jobmon,date,see table *B Month -> August(8),8,August,FALSE,
016,B,jobmon,date,see table *B Month -> September(9),9,September,FALSE,
016,B,jobmon,date,see table *B Month -> October(10),10,October,FALSE,
016,B,jobmon,date,see table *B Month -> November(11),11,November,FALSE,
016,B,jobmon,date,see table *B Month -> December(12),12,December,FALSE,
016,B,jobyear,date,"no answer, info NESTOR(-5)",-5,"no answer, info NESTOR",TRUE,
016,B,jobyear,date,"no answer, wrong skip(-3)",-3,"no answer, wrong skip",TRUE,
016,B,jobyear,date,"no answer, routing(-2)",-2,"no answer, routing",TRUE,
016,B,jobyear,date,"no answer, asked(-1)",-1,"no answer, asked",TRUE,
016,B,jobyear,date,do not know(0),0,do not know,FALSE,
016,B,employ,binary,"no answer, short version(-4)",-4,"no answer, short version",TRUE,
016,B,employ,binary,"no answer, wrong skip(-3)",-3,"no answer, wrong skip",TRUE,
016,B,employ,binary,"no answer, routing(-2)",-2,"no answer, routing",TRUE,
016,B,employ,binary,"no answer, asked(-1)",-1,"no answer, asked",TRUE,
016,B,employ,binary,no(0),0,no,FALSE,
016,B,employ,binary,yes(1),1,yes,FALSE,
016,B,disabl,binary,"no answer, short version(-4)",-4,"no answer, short version",TRUE,
016,B,disabl,binary,"no answer, wrong skip(-3)",-3,"no answer, wrong skip",TRUE,
016,B,disabl,binary,"no answer, routing(-2)",-2,"no answer, routing",TRUE,
016,B,disabl,binary,"no answer, asked(-1)",-1,"no answer, asked",TRUE,
016,B,disabl,binary,no(0),0,no,FALSE,
016,B,disabl,binary,yes(1),1,yes,FALSE,
016,B,disablp,numeric,"no answer, wrong skip(-3)",-3,"no answer, wrong skip",TRUE,
016,B,disablp,numeric,"no answer, routing(-2)",-2,"no answer, routing",TRUE,
016,B,disablp,numeric,do not know(-1),-1,do not know,TRUE,
016,B,retired,categorical,"na, Age >= 65(-5)",-5,"na, Age >= 65",TRUE,
016,B,retired,categorical,"na, wrong skip(-3)",-3,"na, wrong skip",TRUE,
016,B,retired,categorical,"na, see BJOB1(-2)",-2,"na, see BJOB1",TRUE,
016,B,retired,categorical,"na, asked(-1)",-1,"na, asked",TRUE,
016,B,retired,categorical,no(0),0,no,FALSE,
016,B,retired,categorical,"yes, partly(1)",1,"yes, partly",FALSE,
016,B,retired,categorical,"yes, completely(2)",2,"yes, completely",FALSE,
016,B,retifut,binary,"no answer, short version(-4)",-4,"no answer, short version",TRUE,
016,B,retifut,binary,"na, wrong skip(-3)",-3,"na, wrong skip",TRUE,
016,B,retifut,binary,"na, see BRETIRED(-2)",-2,"na, see BRETIRED",TRUE,
016,B,retifut,binary,"na, asked(-1)",-1,"na, asked",TRUE,
016,B,retifut,binary,no(0),0,no,FALSE,
016,B,retifut,binary,yes(1),1,yes,FALSE,
016,B,retirf1,binary,"no answer, short version(-4)",-4,"no answer, short version",TRUE,
016,B,retirf1,binary,"na, wrong skip(-3)",-3,"na, wrong skip",TRUE,
016,B,retirf1,binary,"na, see BRETIFUT(-2)",-2,"na, see BRETIFUT",TRUE,
016,B,retirf1,binary,"na, asked(-1)",-1,"na, asked",TRUE,
016,B,retirf1,binary,not mentioned(0),0,not mentioned,FALSE,
016,B,retirf1,binary,mentioned(1),1,mentioned,FALSE,
016,B,retirf2,binary,"see bretirf1 -> no answer, short version(-4)",-4,"no answer, short version",TRUE,
016,B,retirf2,binary,"see bretirf1 -> na, wrong skip(-3)",-3,"na, wrong skip",TRUE,
016,B,retirf2,binary,"see bretirf1 -> na, see BRETIFUT(-2)",-2,"na, see BRETIFUT",TRUE,
016,B,retirf2,binary,"see bretirf1 -> na, asked(-1)",-1,"na, asked",TRUE,
016,B,retirf2,binary,see bretirf1 -> not mentioned(0),0,not mentioned,FALSE,
016,B,retirf2,binary,see bretirf1 -> mentioned(1),1,mentioned,FALSE,
016,B,retirf3,binary,"see bretirf1 -> no answer, short version(-4)",-4,"no answer, short version",TRUE,
016,B,retirf3,binary,"see bretirf1 -> na, wrong skip(-3)",-3,"na, wrong skip",TRUE,
016,B,retirf3,binary,"see bretirf1 -> na, see BRETIFUT(-2)",-2,"na, see BRETIFUT",TRUE,
016,B,retirf3,binary,"see bretirf1 -> na, asked(-1)",-1,"na, asked",TRUE,
016,B,retirf3,binary,see bretirf1 -> not mentioned(0),0,not mentioned,FALSE,
016,B,retirf3,binary,see bretirf1 -> mentioned(1),1,mentioned,FALSE,
016,B,retirf4,binary,"see bretirf1 -> no answer, short version(-4)",-4,"no answer, short version",TRUE,
016,B,retirf4,binary,"see bretirf1 -> na, wrong skip(-3)",-3,"na, wrong skip",TRUE,
016,B,retirf4,binary,"see bretirf1 -> na, see BRETIFUT(-2)",-2,"na, see BRETIFUT",TRUE,
016,B,retirf4,binary,"see bretirf1 -> na, asked(-1)",-1,"na, asked",TRUE,
016,B,retirf4,binary,see bretirf1 -> not mentioned(0),0,not mentioned,FALSE,
016,B,retirf4,binary,see bretirf1 -> mentioned(1),1,mentioned,FALSE,
016,B,retirf5,binary,"see bretirf1 -> no answer, short version(-4)",-4,"no answer, short version",TRUE,
016,B,retirf5,binary,"see bretirf1 -> na, wrong skip(-3)",-3,"na, wrong skip",TRUE,
016,B,retirf5,binary,"see bretirf1 -> na, see BRETIFUT(-2)",-2,"na, see BRETIFUT",TRUE,
016,B,retirf5,binary,"see bretirf1 -> na, asked(-1)",-1,"na, asked",TRUE,
016,B,retirf5,binary,see bretirf1 -> not mentioned(0),0,not mentioned,FALSE,
016,B,retirf5,binary,see bretirf1 -> mentioned(1),1,mentioned,FALSE,
016,B,retirf6,binary,"see bretirf1 -> no answer, short version(-4)",-4,"no answer, short version",TRUE,
016,B,retirf6,binary,"see bretirf1 -> na, wrong skip(-3)",-3,"na, wrong skip",TRUE,
016,B,retirf6,binary,"see bretirf1 -> na, see BRETIFUT(-2)",-2,"na, see BRETIFUT",TRUE,
016,B,retirf6,binary,"see bretirf1 -> na, asked(-1)",-1,"na, asked",TRUE,
016,B,retirf6,binary,see bretirf1 -> not mentioned(0),0,not mentioned,FALSE,
016,B,retirf6,binary,see bretirf1 -> mentioned(1),1,mentioned,FALSE,
016,C,job1,binary,"na, short version(-4)",-4,"na, short version",TRUE,
016,C,job1,binary,no(1),1,no,FALSE,
016,C,job1,binary,yes(2),2,yes,FALSE,
016,D,job1,binary,"na, short version(-4)",-4,"na, short version",TRUE,
016,D,job1,binary,no(1),1,no,FALSE,
016,D,job1,binary,yes(2),2,yes,FALSE,
016,E,job1,binary,"na, short version(-4)",-4,"na, short version",TRUE,
016,E,job1,binary,no(1),1,no,FALSE,
016,E,job1,binary,yes(2),2,yes,FALSE,
016,F,job1,binary,"na, short version(-4)",-4,"na, short version",TRUE,
016,F,job1,binary,no(1),1,no,FALSE,
016,F,job1,binary,yes(2),2,yes,FALSE,
016,G,job1,binary,"na, short version(-4)",-4,"na, short version",TRUE,
016,G,job1,binary,no(1),1,no,FALSE,
016,G,job1,binary,yes(2),2,yes,FALSE,
016,C,jobc,categorical,"na, see C/D/E/F/GJOB1(-2)",-2,"na, see C/D/E/F/GJOB1",TRUE,
016,C,jobc,categorical,"never had job, unknown before(-1)",-1,"never had job, unknown before",TRUE,
016,C,jobc,categorical,"no job, not changed(1)",1,"no job, not changed",FALSE,
016,C,jobc,categorical,"no job, changed(2)",2,"no job, changed",FALSE,
016,C,jobc,categorical,"no job, unknown before(3)",3,"no job, unknown before",FALSE,
016,C,jobc,categorical,"job, not changed(4)",4,"job, not changed",FALSE,
016,C,jobc,categorical,"job, changed(5)",5,"job, changed",FALSE,
016,C,jobc,categorical,"job, unknown before(6)",6,"job, unknown before",FALSE,
016,D,jobc,categorical,"na, see C/D/E/F/GJOB1(-2)",-2,"na, see C/D/E/F/GJOB1",TRUE,
016,D,jobc,categorical,"never had job, unknown before(-1)",-1,"never had job, unknown before",TRUE,
016,D,jobc,categorical,"no job, not changed(1)",1,"no job, not changed",FALSE,
016,D,jobc,categorical,"no job, changed(2)",2,"no job, changed",FALSE,
016,D,jobc,categorical,"no job, unknown before(3)",3,"no job, unknown before",FALSE,
016,D,jobc,categorical,"job, not changed(4)",4,"job, not changed",FALSE,
016,D,jobc,categorical,"job, changed(5)",5,"job, changed",FALSE,
016,D,jobc,categorical,"job, unknown before(6)",6,"job, unknown before",FALSE,
016,E,jobc,categorical,"na, see C/D/E/F/GJOB1(-2)",-2,"na, see C/D/E/F/GJOB1",TRUE,
016,E,jobc,categorical,"never had job, unknown before(-1)",-1,"never had job, unknown before",TRUE,
016,E,jobc,categorical,"no job, not changed(1)",1,"no job, not changed",FALSE,
016,E,jobc,categorical,"no job, changed(2)",2,"no job, changed",FALSE,
016,E,jobc,categorical,"no job, unknown before(3)",3,"no job, unknown before",FALSE,
016,E,jobc,categorical,"job, not changed(4)",4,"job, not changed",FALSE,
016,E,jobc,categorical,"job, changed(5)",5,"job, changed",FALSE,
016,E,jobc,categorical,"job, unknown before(6)",6,"job, unknown before",FALSE,
016,F,jobc,categorical,"na, see C/D/E/F/GJOB1(-2)",-2,"na, see C/D/E/F/GJOB1",TRUE,
016,F,jobc,categorical,"never had job, unknown before(-1)",-1,"never had job, unknown before",TRUE,
016,F,jobc,categorical,"no job, not changed(1)",1,"no job, not changed",FALSE,
016,F,jobc,categorical,"no job, changed(2)",2,"no job, changed",FALSE,
016,F,jobc,categorical,"no job, unknown before(3)",3,"no job, unknown before",FALSE,
016,F,jobc,categorical,"job, not changed(4)",4,"job, not changed",FALSE,
016,F,jobc,categorical,"job, changed(5)",5,"job, changed",FALSE,
016,F,jobc,categorical,"job, unknown before(6)",6,"job, unknown before",FALSE,
016,G,jobc,categorical,"na, see C/D/E/F/GJOB1(-2)",-2,"na, see C/D/E/F/GJOB1",TRUE,
016,G,jobc,categorical,"never had job, unknown before(-1)",-1,"never had job, unknown before",TRUE,
016,G,jobc,categorical,"no job, not changed(1)",1,"no job, not changed",FALSE,
016,G,jobc,categorical,"no job, changed(2)",2,"no job, changed",FALSE,
016,G,jobc,categorical,"no job, unknown before(3)",3,"no job, unknown before",FALSE,
016,G,jobc,categorical,"job, not changed(4)",4,"job, not changed",FALSE,
016,G,jobc,categorical,"job, changed(5)",5,"job, changed",FALSE,
016,G,jobc,categorical,"job, unknown before(6)",6,"job, unknown before",FALSE,
016,C,jobstam,date,"na, see C/D/E/F/GJOBC(-2)",-2,"na, see C/D/E/F/GJOBC",TRUE,
016,C,jobstam,date,"na, asked(-1)",-1,"na, asked",TRUE,
016,C,jobstam,date,see table *B Month -> January(1),1,January,FALSE,
016,C,jobstam,date,see table *B Month -> February(2),2,February,FALSE,
016,C,jobstam,date,see table *B Month -> March(3),3,March,FALSE,
016,C,jobstam,date,see table *B Month -> April(4),4,April,FALSE,
016,C,jobstam,date,see table *B Month -> May(5),5,May,FALSE,
016,C,jobstam,date,see table *B Month -> June(6),6,June,FALSE,
016,C,jobstam,date,see table *B Month -> July(7),7,July,FALSE,
016,C,jobstam,date,see table *B Month -> August(8),8,August,FALSE,
016,C,jobstam,date,see table *B Month -> September(9),9,September,FALSE,
016,C,jobstam,date,see table *B Month -> October(10),10,October,FALSE,
016,C,jobstam,date,see table *B Month -> November(11),11,November,FALSE,
016,C,jobstam,date,see table *B Month -> December(12),12,December,FALSE,
016,D,jobstam,date,"na, see C/D/E/F/GJOBC(-2)",-2,"na, see C/D/E/F/GJOBC",TRUE,
016,D,jobstam,date,"na, asked(-1)",-1,"na, asked",TRUE,
016,D,jobstam,date,see table *B Month -> January(1),1,January,FALSE,
016,D,jobstam,date,see table *B Month -> February(2),2,February,FALSE,
016,D,jobstam,date,see table *B Month -> March(3),3,March,FALSE,
016,D,jobstam,date,see table *B Month -> April(4),4,April,FALSE,
016,D,jobstam,date,see table *B Month -> May(5),5,May,FALSE,
016,D,jobstam,date,see table *B Month -> June(6),6,June,FALSE,
016,D,jobstam,date,see table *B Month -> July(7),7,July,FALSE,
016,D,jobstam,date,see table *B Month -> August(8),8,August,FALSE,
016,D,jobstam,date,see table *B Month -> September(9),9,September,FALSE,
016,D,jobstam,date,see table *B Month -> October(10),10,October,FALSE,
016,D,jobstam,date,see table *B Month -> November(11),11,November,FALSE,
016,D,jobstam,date,see table *B Month -> December(12),12,December,FALSE,
016,E,jobstam,date,"na, see C/D/E/F/GJOBC(-2)",-2,"na, see C/D/E/F/GJOBC",TRUE,
016,E,jobstam,date,"na, asked(-1)",-1,"na, asked",TRUE,
016,E,jobstam,date,see table *B Month -> January(1),1,January,FALSE,
016,E,jobstam,date,see table *B Month -> February(2),2,February,FALSE,
016,E,jobstam,date,see table *B Month -> March(3),3,March,FALSE,
016,E,jobstam,date,see table *B Month -> April(4),4,April,FALSE,
016,E,jobstam,date,see table *B Month -> May(5),5,May,FALSE,
016,E,jobstam,date,see table *B Month -> June(6),6,June,FALSE,
016,E,jobstam,date,see table *B Month -> July(7),7,July,FALSE,
016,E,jobstam,date,see table *B Month -> August(8),8,August,FALSE,
016,E,jobstam,date,see table *B Month -> September(9),9,September,FALSE,
016,E,jobstam,date,see table *B Month -> October(10),10,October,FALSE,
016,E,jobstam,date,see table *B Month -> November(11),11,November,FALSE,
016,E,jobstam,date,see table *B Month -> December(12),12,December,FALSE,
016,F,jobstam,date,na wrong skip(-3),-3,na wrong skip,TRUE,
016,F,jobstam,date,"na, see C/D/E/F/GJOBC(-2)",-2,"na, see C/D/E/F/GJOBC",TRUE,
016,F,jobstam,date,"na, asked(-1)",-1,"na, asked",TRUE,
016,F,jobstam,date,see table *B Month -> January(1),1,January,FALSE,
016,F,jobstam,date,see table *B Month -> February(2),2,February,FALSE,
016,F,jobstam,date,see table *B Month -> March(3),3,March,FALSE,
016,F,jobstam,date,see table *B Month -> April(4),4,April,FALSE,
016,F,jobstam,date,see table *B Month -> May(5),5,May,FALSE,
016,F,jobstam,date,see table *B Month -> June(6),6,June,FALSE,
016,F,jobstam,date,see table *B Month -> July(7),7,July,FALSE,
016,F,jobstam,date,see table *B Month -> August(8),8,August,FALSE,
016,F,jobstam,date,see table *B Month -> September(9),9,September,FALSE,
016,F,jobstam,date,see table *B Month -> October(10),10,October,FALSE,
016,F,jobstam,date,see table *B Month -> November(11),11,November,FALSE,
016,F,jobstam,date,see table *B Month -> December(12),12,December,FALSE,
016,G,jobstam,date,na wrong skip(-3),-3,na wrong skip,TRUE,
016,G,jobstam,date,"na, see C/D/E/F/GJOBC(-2)",-2,"na, see C/D/E/F/GJOBC",TRUE,
016,G,jobstam,date,"na, asked(-1)",-1,"na, asked",TRUE,
016,G,jobstam,date,see table *B Month -> January(1),1,January,FALSE,
016,G,jobstam,date,see table *B Month -> February(2),2,February,FALSE,
016,G,jobstam,date,see table *B Month -> March(3),3,March,FALSE,
016,G,jobstam,date,see table *B Month -> April(4),4,April,FALSE,
016,G,jobstam,date,see table *B Month -> May(5),5,May,FALSE,
016,G,jobstam,date,see table *B Month -> June(6),6,June,FALSE,
016,G,jobstam,date,see table *B Month -> July(7),7,July,FALSE,
016,G,jobstam,date,see table *B Month -> August(8),8,August,FALSE,
016,G,jobstam,date,see table *B Month -> September(9),9,September,FALSE,
016,G,jobstam,date,see table *B Month -> October(10),10,October,FALSE,
016,G,jobstam,date,see table *B Month -> November(11),11,November,FALSE,
016,G,jobstam,date,see table *B Month -> December(12),12,December,FALSE,
016,C,jobstay,date,"na, see C/D/E/F/GJOBC(-2)",-2,"na, see C/D/E/F/GJOBC",TRUE,
016,C,jobstay,date,"na, asked(-1)",-1,"na, asked",TRUE,
016,D,jobstay,date,"na, see C/D/E/F/GJOBC(-2)",-2,"na, see C/D/E/F/GJOBC",TRUE,
016,D,jobstay,date,"na, asked(-1)",-1,"na, asked",TRUE,
016,E,jobstay,date,"na, wrong skip(-3)",-3,"na, wrong skip",TRUE,
016,E,jobstay,date,"na, see C/D/E/F/GJOBC(-2)",-2,"na, see C/D/E/F/GJOBC",TRUE,
016,E,jobstay,date,"na, asked(-1)",-1,"na, asked",TRUE,
016,F,jobstay,date,"na, wrong skip(-3)",-3,"na, wrong skip",TRUE,
016,F,jobstay,date,"na, see C/D/E/F/GJOBC(-2)",-2,"na, see C/D/E/F/GJOBC",TRUE,
016,F,jobstay,date,"na, asked(-1)",-1,"na, asked",TRUE,
016,G,jobstay,date,"na, wrong skip(-3)",-3,"na, wrong skip",TRUE,
016,G,jobstay,date,"na, see C/D/E/F/GJOBC(-2)",-2,"na, see C/D/E/F/GJOBC",TRUE,
016,G,jobstay,date,"na, asked(-1)",-1,"na, asked",TRUE,
016,C,cjsbc92,categorical,"na, wrong skip(-3)",-3,"na, wrong skip",TRUE,
016,C,cjsbc92,categorical,"na, see C/D/E/F/GJOB1(-2)",-2,"na, see C/D/E/F/GJOB1",TRUE,
016,C,cjsbc92,categorical,"na, asked(-1)",-1,"na, asked",TRUE,
016,D,cjsbc92,categorical,"na, wrong skip(-3)",-3,"na, wrong skip",TRUE,
016,D,cjsbc92,categorical,"na, see C/D/E/F/GJOB1(-2)",-2,"na, see C/D/E/F/GJOB1",TRUE,
016,D,cjsbc92,categorical,"na, asked(-1)",-1,"na, asked",TRUE,
016,D,cjsbc92,categorical,"na, asked / not classified(-1)",-1,"na, asked / not classified",TRUE,
016,D,cjsbc92,categorical,- to be coded -(0),0,- to be coded -,FALSE,
016,E,cjsbc92,categorical,"na, wrong skip(-3)",-3,"na, wrong skip",TRUE,
016,E,cjsbc92,categorical,"na, see C/D/E/F/GJOB1(-2)",-2,"na, see C/D/E/F/GJOB1",TRUE,
016,E,cjsbc92,categorical,"na, asked(-1)",-1,"na, asked",TRUE,
016,E,cjsbc92,categorical,"na, asked / not classified(-1)",-1,"na, asked / not classified",TRUE,
016,F,cjsbc92,categorical,"na, wrong skip(-3)",-3,"na, wrong skip",TRUE,
016,F,cjsbc92,categorical,"na, see C/D/E/F/GJOB1(-2)",-2,"na, see C/D/E/F/GJOB1",TRUE,
016,F,cjsbc92,categorical,"na, asked(-1)",-1,"na, asked",TRUE,
016,F,cjsbc92,categorical,- to be coded -(0),0,- to be coded -,FALSE,
016,G,cjsbc92,categorical,"na, wrong skip(-3)",-3,"na, wrong skip",TRUE,
016,G,cjsbc92,categorical,"na, see C/D/E/F/GJOB1(-2)",-2,"na, see C/D/E/F/GJOB1",TRUE,
016,G,cjsbc92,categorical,"na, asked(-1)",-1,"na, asked",TRUE,
016,G,cjsbc92,categorical,- to be coded -(0),0,- to be coded -,FALSE,
016,C,cjclass,categorical,"na, wrong skip(-3)",-3,"na, wrong skip",TRUE,
016,C,cjclass,categorical,"na, see C/D/E/F/GJOB1(-2)",-2,"na, see C/D/E/F/GJOB1",TRUE,
016,C,cjclass,categorical,"na, asked(-1)",-1,"na, asked",TRUE,
016,C,cjclass,categorical,see table *A SBC92 -> elementary occupations(11),11,elementary occupations,FALSE,
016,C,cjclass,categorical,see table *A SBC92 -> lower non-specialized occupations(21),21,lower non-specialized occupations,FALSE,
016,C,cjclass,categorical,see table *A SBC92 -> lower teaching & instruction occupations(22),22,lower teaching & instruction occupations,FALSE,
016,C,cjclass,categorical,see table *A SBC92 -> lower agricultural occupations(24),24,lower agricultural occupations,FALSE,
016,C,cjclass,categorical,see table *A SBC92 -> lower natural science occupations(25),25,lower natural science occupations,FALSE,
016,C,cjclass,categorical,see table *A SBC92 -> lower technical occupations(26),26,lower technical occupations,FALSE,
016,C,cjclass,categorical,see table *A SBC92 -> lower transport occupations(28),28,lower transport occupations,FALSE,
016,C,cjclass,categorical,see table *A SBC92 -> lower (para)medical occupations(29),29,lower (para)medical occupations,FALSE,
016,C,cjclass,categorical,see table *A SBC92 -> lower administrative & commercial occupations(31),31,lower administrative & commercial occupations,FALSE,
016,C,cjclass,categorical,see table *A SBC92 -> lower security occupations(33),33,lower security occupations,FALSE,
016,C,cjclass,categorical,see table *A SBC92 -> lower service & care occupations(37),37,lower service & care occupations,FALSE,
016,C,cjclass,categorical,see table *A SBC92 -> medium teaching & instruction occupations(42),42,medium teaching & instruction occupations,FALSE,
016,C,cjclass,categorical,see table *A SBC92 -> medium agricultural occupations(44),44,medium agricultural occupations,FALSE,
016,C,cjclass,categorical,see table *A SBC92 -> medium natural science occupations(45),45,medium natural science occupations,FALSE,
016,C,cjclass,categorical,see table *A SBC92 -> medium technical occupations(46),46,medium technical occupations,FALSE,
016,C,cjclass,categorical,see table *A SBC92 -> medium transport occupations(48),48,medium transport occupations,FALSE,
016,C,cjclass,categorical,see table *A SBC92 -> medium (para)medical occupations(49),49,medium (para)medical occupations,FALSE,
016,C,cjclass,categorical,see table *A SBC92 -> medium administrative & commercial occupations(51),51,medium administrative & commercial occupations,FALSE,
016,C,cjclass,categorical,see table *A SBC92 -> medium juridical & security occupations(53),53,medium juridical & security occupations,FALSE,
016,C,cjclass,categorical,see table *A SBC92 -> medium linguistic & cultural occupations(55),55,medium linguistic & cultural occupations,FALSE,
016,C,cjclass,categorical,see table *A SBC92 -> medium social occupations(56),56,medium social occupations,FALSE,
016,C,cjclass,categorical,see table *A SBC92 -> medium service & care occupations(57),57,medium service & care occupations,FALSE,
016,C,cjclass,categorical,see table *A SBC92 -> higher pedagogical occupations(62),62,higher pedagogical occupations,FALSE,
016,C,cjclass,categorical,see table *A SBC92 -> higher agricultural occupations(64),64,higher agricultural occupations,FALSE,
016,C,cjclass,categorical,see table *A SBC92 -> higher natural science occupations(65),65,higher natural science occupations,FALSE,
016,C,cjclass,categorical,see table *A SBC92 -> higher technical occupations(66),66,higher technical occupations,FALSE,
016,C,cjclass,categorical,see table *A SBC92 -> higher transport occupations(68),68,higher transport occupations,FALSE,
016,C,cjclass,categorical,see table *A SBC92 -> higher (para)medical occupations(69),69,higher (para)medical occupations,FALSE,
016,C,cjclass,categorical,see table *A SBC92 -> higher administrative & commercial occupations(71),71,higher administrative & commercial occupations,FALSE,
016,C,cjclass,categorical,see table *A SBC92 -> higher juridical & security occupations(73),73,higher juridical & security occupations,FALSE,
016,C,cjclass,categorical,see table *A SBC92 -> higher linguistic & cultural occupations(75),75,higher linguistic & cultural occupations,FALSE,
016,C,cjclass,categorical,see table *A SBC92 -> higher social occupations(76),76,higher social occupations,FALSE,
016,C,cjclass,categorical,see table *A SBC92 -> higher service & care occupations(77),77,higher service & care occupations,FALSE,
016,C,cjclass,categorical,see table *A SBC92 -> higher managers(78),78,higher managers,FALSE,
016,C,cjclass,categorical,see table *A SBC92 -> scientific pedagogical occupations(82),82,scientific pedagogical occupations,FALSE,
016,C,cjclass,categorical,see table *A SBC92 -> scientific agricultural occupations(84),84,scientific agricultural occupations,FALSE,
016,C,cjclass,categorical,see table *A SBC92 -> scientific natural science occupations(85),85,scientific natural science occupations,FALSE,
016,C,cjclass,categorical,see table *A SBC92 -> scientific technical occupations(86),86,scientific technical occupations,FALSE,
016,C,cjclass,categorical,see table *A SBC92 -> scientific (para)medical occupations(89),89,scientific (para)medical occupations,FALSE,
016,C,cjclass,categorical,see table *A SBC92 -> scientific administrative & economic occupations(91),91,scientific administrative & economic occupations,FALSE,
016,C,cjclass,categorical,see table *A SBC92 -> scientific juridical & policy occupations(93),93,scientific juridical & policy occupations,FALSE,
016,C,cjclass,categorical,see table *A SBC92 -> scientific social occupations(96),96,scientific social occupations,FALSE,
016,C,cjclass,categorical,see table *A SBC92 -> scientific managers(98),98,scientific managers,FALSE,
016,D,cjclass,categorical,"na, wrong skip(-3)",-3,"na, wrong skip",TRUE,
016,D,cjclass,categorical,"na, see C/D/E/F/GJOB1(-2)",-2,"na, see C/D/E/F/GJOB1",TRUE,
016,D,cjclass,categorical,"na, asked / not classified(-1)",-1,"na, asked / not classified",TRUE,
016,D,cjclass,categorical,- to be coded -(0),0,- to be coded -,FALSE,
016,D,cjclass,categorical,see table *A SBC92 -> elementary occupations(11),11,elementary occupations,FALSE,
016,D,cjclass,categorical,see table *A SBC92 -> lower non-specialized occupations(21),21,lower non-specialized occupations,FALSE,
016,D,cjclass,categorical,see table *A SBC92 -> lower teaching & instruction occupations(22),22,lower teaching & instruction occupations,FALSE,
016,D,cjclass,categorical,see table *A SBC92 -> lower agricultural occupations(24),24,lower agricultural occupations,FALSE,
016,D,cjclass,categorical,see table *A SBC92 -> lower natural science occupations(25),25,lower natural science occupations,FALSE,
016,D,cjclass,categorical,see table *A SBC92 -> lower technical occupations(26),26,lower technical occupations,FALSE,
016,D,cjclass,categorical,see table *A SBC92 -> lower transport occupations(28),28,lower transport occupations,FALSE,
016,D,cjclass,categorical,see table *A SBC92 -> lower (para)medical occupations(29),29,lower (para)medical occupations,FALSE,
016,D,cjclass,categorical,see table *A SBC92 -> lower administrative & commercial occupations(31),31,lower administrative & commercial occupations,FALSE,
016,D,cjclass,categorical,see table *A SBC92 -> lower security occupations(33),33,lower security occupations,FALSE,
016,D,cjclass,categorical,see table *A SBC92 -> lower service & care occupations(37),37,lower service & care occupations,FALSE,
016,D,cjclass,categorical,see table *A SBC92 -> medium teaching & instruction occupations(42),42,medium teaching & instruction occupations,FALSE,
016,D,cjclass,categorical,see table *A SBC92 -> medium agricultural occupations(44),44,medium agricultural occupations,FALSE,
016,D,cjclass,categorical,see table *A SBC92 -> medium natural science occupations(45),45,medium natural science occupations,FALSE,
016,D,cjclass,categorical,see table *A SBC92 -> medium technical occupations(46),46,medium technical occupations,FALSE,
016,D,cjclass,categorical,see table *A SBC92 -> medium transport occupations(48),48,medium transport occupations,FALSE,
016,D,cjclass,categorical,see table *A SBC92 -> medium (para)medical occupations(49),49,medium (para)medical occupations,FALSE,
016,D,cjclass,categorical,see table *A SBC92 -> medium administrative & commercial occupations(51),51,medium administrative & commercial occupations,FALSE,
016,D,cjclass,categorical,see table *A SBC92 -> medium juridical & security occupations(53),53,medium juridical & security occupations,FALSE,
016,D,cjclass,categorical,see table *A SBC92 -> medium linguistic & cultural occupations(55),55,medium linguistic & cultural occupations,FALSE,
016,D,cjclass,categorical,see table *A SBC92 -> medium social occupations(56),56,medium social occupations,FALSE,
016,D,cjclass,categorical,see table *A SBC92 -> medium service & care occupations(57),57,medium service & care occupations,FALSE,
016,D,cjclass,categorical,see table *A SBC92 -> higher pedagogical occupations(62),62,higher pedagogical occupations,FALSE,
016,D,cjclass,categorical,see table *A SBC92 -> higher agricultural occupations(64),64,higher agricultural occupations,FALSE,
016,D,cjclass,categorical,see table *A SBC92 -> higher natural science occupations(65),65,higher natural science occupations,FALSE,
016,D,cjclass,categorical,see table *A SBC92 -> higher technical occupations(66),66,higher technical occupations,FALSE,
016,D,cjclass,categorical,see table *A SBC92 -> higher transport occupations(68),68,higher transport occupations,FALSE,
016,D,cjclass,categorical,see table *A SBC92 -> higher (para)medical occupations(69),69,higher (para)medical occupations,FALSE,
016,D,cjclass,categorical,see table *A SBC92 -> higher administrative & commercial occupations(71),71,higher administrative & commercial occupations,FALSE,
016,D,cjclass,categorical,see table *A SBC92 -> higher juridical & security occupations(73),73,higher juridical & security occupations,FALSE,
016,D,cjclass,categorical,see table *A SBC92 -> higher linguistic & cultural occupations(75),75,higher linguistic & cultural occupations,FALSE,
016,D,cjclass,categorical,see table *A SBC92 -> higher social occupations(76),76,higher social occupations,FALSE,
016,D,cjclass,categorical,see table *A SBC92 -> higher service & care occupations(77),77,higher service & care occupations,FALSE,
016,D,cjclass,categorical,see table *A SBC92 -> higher managers(78),78,higher managers,FALSE,
016,D,cjclass,categorical,see table *A SBC92 -> scientific pedagogical occupations(82),82,scientific pedagogical occupations,FALSE,
016,D,cjclass,categorical,see table *A SBC92 -> scientific agricultural occupations(84),84,scientific agricultural occupations,FALSE,
016,D,cjclass,categorical,see table *A SBC92 -> scientific natural science occupations(85),85,scientific natural science occupations,FALSE,
016,D,cjclass,categorical,see table *A SBC92 -> scientific technical occupations(86),86,scientific technical occupations,FALSE,
016,D,cjclass,categorical,see table *A SBC92 -> scientific (para)medical occupations(89),89,scientific (para)medical occupations,FALSE,
016,D,cjclass,categorical,see table *A SBC92 -> scientific administrative & economic occupations(91),91,scientific administrative & economic occupations,FALSE,
016,D,cjclass,categorical,see table *A SBC92 -> scientific juridical & policy occupations(93),93,scientific juridical & policy occupations,FALSE,
016,D,cjclass,categorical,see table *A SBC92 -> scientific social occupations(96),96,scientific social occupations,FALSE,
016,D,cjclass,categorical,see table *A SBC92 -> scientific managers(98),98,scientific managers,FALSE,
016,E,cjclass,categorical,"na, wrong skip(-3)",-3,"na, wrong skip",TRUE,
016,E,cjclass,categorical,"na, see C/D/E/F/GJOB1(-2)",-2,"na, see C/D/E/F/GJOB1",TRUE,
016,E,cjclass,categorical,"na asked, not classified(-1)",-1,"na asked, not classified",TRUE,
016,E,cjclass,categorical,see table *A SBC92 -> elementary occupations(11),11,elementary occupations,FALSE,
016,E,cjclass,categorical,see table *A SBC92 -> lower non-specialized occupations(21),21,lower non-specialized occupations,FALSE,
016,E,cjclass,categorical,see table *A SBC92 -> lower teaching & instruction occupations(22),22,lower teaching & instruction occupations,FALSE,
016,E,cjclass,categorical,see table *A SBC92 -> lower agricultural occupations(24),24,lower agricultural occupations,FALSE,
016,E,cjclass,categorical,see table *A SBC92 -> lower natural science occupations(25),25,lower natural science occupations,FALSE,
016,E,cjclass,categorical,see table *A SBC92 -> lower technical occupations(26),26,lower technical occupations,FALSE,
016,E,cjclass,categorical,see table *A SBC92 -> lower transport occupations(28),28,lower transport occupations,FALSE,
016,E,cjclass,categorical,see table *A SBC92 -> lower (para)medical occupations(29),29,lower (para)medical occupations,FALSE,
016,E,cjclass,categorical,see table *A SBC92 -> lower administrative & commercial occupations(31),31,lower administrative & commercial occupations,FALSE,
016,E,cjclass,categorical,see table *A SBC92 -> lower security occupations(33),33,lower security occupations,FALSE,
016,E,cjclass,categorical,see table *A SBC92 -> lower service & care occupations(37),37,lower service & care occupations,FALSE,
016,E,cjclass,categorical,see table *A SBC92 -> medium teaching & instruction occupations(42),42,medium teaching & instruction occupations,FALSE,
016,E,cjclass,categorical,see table *A SBC92 -> medium agricultural occupations(44),44,medium agricultural occupations,FALSE,
016,E,cjclass,categorical,see table *A SBC92 -> medium natural science occupations(45),45,medium natural science occupations,FALSE,
016,E,cjclass,categorical,see table *A SBC92 -> medium technical occupations(46),46,medium technical occupations,FALSE,
016,E,cjclass,categorical,see table *A SBC92 -> medium transport occupations(48),48,medium transport occupations,FALSE,
016,E,cjclass,categorical,see table *A SBC92 -> medium (para)medical occupations(49),49,medium (para)medical occupations,FALSE,
016,E,cjclass,categorical,see table *A SBC92 -> medium administrative & commercial occupations(51),51,medium administrative & commercial occupations,FALSE,
016,E,cjclass,categorical,see table *A SBC92 -> medium juridical & security occupations(53),53,medium juridical & security occupations,FALSE,
016,E,cjclass,categorical,see table *A SBC92 -> medium linguistic & cultural occupations(55),55,medium linguistic & cultural occupations,FALSE,
016,E,cjclass,categorical,see table *A SBC92 -> medium social occupations(56),56,medium social occupations,FALSE,
016,E,cjclass,categorical,see table *A SBC92 -> medium service & care occupations(57),57,medium service & care occupations,FALSE,
016,E,cjclass,categorical,see table *A SBC92 -> higher pedagogical occupations(62),62,higher pedagogical occupations,FALSE,
016,E,cjclass,categorical,see table *A SBC92 -> higher agricultural occupations(64),64,higher agricultural occupations,FALSE,
016,E,cjclass,categorical,see table *A SBC92 -> higher natural science occupations(65),65,higher natural science occupations,FALSE,
016,E,cjclass,categorical,see table *A SBC92 -> higher technical occupations(66),66,higher technical occupations,FALSE,
016,E,cjclass,categorical,see table *A SBC92 -> higher transport occupations(68),68,higher transport occupations,FALSE,
016,E,cjclass,categorical,see table *A SBC92 -> higher (para)medical occupations(69),69,higher (para)medical occupations,FALSE,
016,E,cjclass,categorical,see table *A SBC92 -> higher administrative & commercial occupations(71),71,higher administrative & commercial occupations,FALSE,
016,E,cjclass,categorical,see table *A SBC92 -> higher juridical & security occupations(73),73,higher juridical & security occupations,FALSE,
016,E,cjclass,categorical,see table *A SBC92 -> higher linguistic & cultural occupations(75),75,higher linguistic & cultural occupations,FALSE,
016,E,cjclass,categorical,see table *A SBC92 -> higher social occupations(76),76,higher social occupations,FALSE,
016,E,cjclass,categorical,see table *A SBC92 -> higher service & care occupations(77),77,higher service & care occupations,FALSE,
016,E,cjclass,categorical,see table *A SBC92 -> higher managers(78),78,higher managers,FALSE,
016,E,cjclass,categorical,see table *A SBC92 -> scientific pedagogical occupations(82),82,scientific pedagogical occupations,FALSE,
016,E,cjclass,categorical,see table *A SBC92 -> scientific agricultural occupations(84),84,scientific agricultural occupations,FALSE,
016,E,cjclass,categorical,see table *A SBC92 -> scientific natural science occupations(85),85,scientific natural science occupations,FALSE,
016,E,cjclass,categorical,see table *A SBC92 -> scientific technical occupations(86),86,scientific technical occupations,FALSE,
016,E,cjclass,categorical,see table *A SBC92 -> scientific (para)medical occupations(89),89,scientific (para)medical occupations,FALSE,
016,E,cjclass,categorical,see table *A SBC92 -> scientific administrative & economic occupations(91),91,scientific administrative & economic occupations,FALSE,
016,E,cjclass,categorical,see table *A SBC92 -> scientific juridical & policy occupations(93),93,scientific juridical & policy occupations,FALSE,
016,E,cjclass,categorical,see table *A SBC92 -> scientific social occupations(96),96,scientific social occupations,FALSE,
016,E,cjclass,categorical,see table *A SBC92 -> scientific managers(98),98,scientific managers,FALSE,
016,F,cjclass,categorical,"na, wrong skip(-3)",-3,"na, wrong skip",TRUE,
016,F,cjclass,categorical,"na, see C/D/E/F/GJOB1(-2)",-2,"na, see C/D/E/F/GJOB1",TRUE,
016,F,cjclass,categorical,"na, asked(-1)",-1,"na, asked",TRUE,
016,F,cjclass,categorical,- to be coded -(0),0,- to be coded -,FALSE,
016,F,cjclass,categorical,see table *A SBC92 -> elementary occupations(11),11,elementary occupations,FALSE,
016,F,cjclass,categorical,see table *A SBC92 -> lower non-specialized occupations(21),21,lower non-specialized occupations,FALSE,
016,F,cjclass,categorical,see table *A SBC92 -> lower teaching & instruction occupations(22),22,lower teaching & instruction occupations,FALSE,
016,F,cjclass,categorical,see table *A SBC92 -> lower agricultural occupations(24),24,lower agricultural occupations,FALSE,
016,F,cjclass,categorical,see table *A SBC92 -> lower natural science occupations(25),25,lower natural science occupations,FALSE,
016,F,cjclass,categorical,see table *A SBC92 -> lower technical occupations(26),26,lower technical occupations,FALSE,
016,F,cjclass,categorical,see table *A SBC92 -> lower transport occupations(28),28,lower transport occupations,FALSE,
016,F,cjclass,categorical,see table *A SBC92 -> lower (para)medical occupations(29),29,lower (para)medical occupations,FALSE,
016,F,cjclass,categorical,see table *A SBC92 -> lower administrative & commercial occupations(31),31,lower administrative & commercial occupations,FALSE,
016,F,cjclass,categorical,see table *A SBC92 -> lower security occupations(33),33,lower security occupations,FALSE,
016,F,cjclass,categorical,see table *A SBC92 -> lower service & care occupations(37),37,lower service & care occupations,FALSE,
016,F,cjclass,categorical,see table *A SBC92 -> medium teaching & instruction occupations(42),42,medium teaching & instruction occupations,FALSE,
016,F,cjclass,categorical,see table *A SBC92 -> medium agricultural occupations(44),44,medium agricultural occupations,FALSE,
016,F,cjclass,categorical,see table *A SBC92 -> medium natural science occupations(45),45,medium natural science occupations,FALSE,
016,F,cjclass,categorical,see table *A SBC92 -> medium technical occupations(46),46,medium technical occupations,FALSE,
016,F,cjclass,categorical,see table *A SBC92 -> medium transport occupations(48),48,medium transport occupations,FALSE,
016,F,cjclass,categorical,see table *A SBC92 -> medium (para)medical occupations(49),49,medium (para)medical occupations,FALSE,
016,F,cjclass,categorical,see table *A SBC92 -> medium administrative & commercial occupations(51),51,medium administrative & commercial occupations,FALSE,
016,F,cjclass,categorical,see table *A SBC92 -> medium juridical & security occupations(53),53,medium juridical & security occupations,FALSE,
016,F,cjclass,categorical,see table *A SBC92 -> medium linguistic & cultural occupations(55),55,medium linguistic & cultural occupations,FALSE,
016,F,cjclass,categorical,see table *A SBC92 -> medium social occupations(56),56,medium social occupations,FALSE,
016,F,cjclass,categorical,see table *A SBC92 -> medium service & care occupations(57),57,medium service & care occupations,FALSE,
016,F,cjclass,categorical,see table *A SBC92 -> higher pedagogical occupations(62),62,higher pedagogical occupations,FALSE,
016,F,cjclass,categorical,see table *A SBC92 -> higher agricultural occupations(64),64,higher agricultural occupations,FALSE,
016,F,cjclass,categorical,see table *A SBC92 -> higher natural science occupations(65),65,higher natural science occupations,FALSE,
016,F,cjclass,categorical,see table *A SBC92 -> higher technical occupations(66),66,higher technical occupations,FALSE,
016,F,cjclass,categorical,see table *A SBC92 -> higher transport occupations(68),68,higher transport occupations,FALSE,
016,F,cjclass,categorical,see table *A SBC92 -> higher (para)medical occupations(69),69,higher (para)medical occupations,FALSE,
016,F,cjclass,categorical,see table *A SBC92 -> higher administrative & commercial occupations(71),71,higher administrative & commercial occupations,FALSE,
016,F,cjclass,categorical,see table *A SBC92 -> higher juridical & security occupations(73),73,higher juridical & security occupations,FALSE,
016,F,cjclass,categorical,see table *A SBC92 -> higher linguistic & cultural occupations(75),75,higher linguistic & cultural occupations,FALSE,
016,F,cjclass,categorical,see table *A SBC92 -> higher social occupations(76),76,higher social occupations,FALSE,
016,F,cjclass,categorical,see table *A SBC92 -> higher service & care occupations(77),77,higher service & care occupations,FALSE,
016,F,cjclass,categorical,see table *A SBC92 -> higher managers(78),78,higher managers,FALSE,
016,F,cjclass,categorical,see table *A SBC92 -> scientific pedagogical occupations(82),82,scientific pedagogical occupations,FALSE,
016,F,cjclass,categorical,see table *A SBC92 -> scientific agricultural occupations(84),84,scientific agricultural occupations,FALSE,
016,F,cjclass,categorical,see table *A SBC92 -> scientific natural science occupations(85),85,scientific natural science occupations,FALSE,
016,F,cjclass,categorical,see table *A SBC92 -> scientific technical occupations(86),86,scientific technical occupations,FALSE,
016,F,cjclass,categorical,see table *A SBC92 -> scientific (para)medical occupations(89),89,scientific (para)medical occupations,FALSE,
016,F,cjclass,categorical,see table *A SBC92 -> scientific administrative & economic occupations(91),91,scientific administrative & economic occupations,FALSE,
016,F,cjclass,categorical,see table *A SBC92 -> scientific juridical & policy occupations(93),93,scientific juridical & policy occupations,FALSE,
016,F,cjclass,categorical,see table *A SBC92 -> scientific social occupations(96),96,scientific social occupations,FALSE,
016,F,cjclass,categorical,see table *A SBC92 -> scientific managers(98),98,scientific managers,FALSE,
016,G,cjclass,categorical,"na, wrong skip(-3)",-3,"na, wrong skip",TRUE,
016,G,cjclass,categorical,"na, see C/D/E/F/GJOB1(-2)",-2,"na, see C/D/E/F/GJOB1",TRUE,
016,G,cjclass,categorical,"na, asked(-1)",-1,"na, asked",TRUE,
016,G,cjclass,categorical,- to be coded -(0),0,- to be coded -,FALSE,
016,G,cjclass,categorical,see table *A SBC92 -> elementary occupations(11),11,elementary occupations,FALSE,
016,G,cjclass,categorical,see table *A SBC92 -> lower non-specialized occupations(21),21,lower non-specialized occupations,FALSE,
016,G,cjclass,categorical,see table *A SBC92 -> lower teaching & instruction occupations(22),22,lower teaching & instruction occupations,FALSE,
016,G,cjclass,categorical,see table *A SBC92 -> lower agricultural occupations(24),24,lower agricultural occupations,FALSE,
016,G,cjclass,categorical,see table *A SBC92 -> lower natural science occupations(25),25,lower natural science occupations,FALSE,
016,G,cjclass,categorical,see table *A SBC92 -> lower technical occupations(26),26,lower technical occupations,FALSE,
016,G,cjclass,categorical,see table *A SBC92 -> lower transport occupations(28),28,lower transport occupations,FALSE,
016,G,cjclass,categorical,see table *A SBC92 -> lower (para)medical occupations(29),29,lower (para)medical occupations,FALSE,
016,G,cjclass,categorical,see table *A SBC92 -> lower administrative & commercial occupations(31),31,lower administrative & commercial occupations,FALSE,
016,G,cjclass,categorical,see table *A SBC92 -> lower security occupations(33),33,lower security occupations,FALSE,
016,G,cjclass,categorical,see table *A SBC92 -> lower service & care occupations(37),37,lower service & care occupations,FALSE,
016,G,cjclass,categorical,see table *A SBC92 -> medium teaching & instruction occupations(42),42,medium teaching & instruction occupations,FALSE,
016,G,cjclass,categorical,see table *A SBC92 -> medium agricultural occupations(44),44,medium agricultural occupations,FALSE,
016,G,cjclass,categorical,see table *A SBC92 -> medium natural science occupations(45),45,medium natural science occupations,FALSE,
016,G,cjclass,categorical,see table *A SBC92 -> medium technical occupations(46),46,medium technical occupations,FALSE,
016,G,cjclass,categorical,see table *A SBC92 -> medium transport occupations(48),48,medium transport occupations,FALSE,
016,G,cjclass,categorical,see table *A SBC92 -> medium (para)medical occupations(49),49,medium (para)medical occupations,FALSE,
016,G,cjclass,categorical,see table *A SBC92 -> medium administrative & commercial occupations(51),51,medium administrative & commercial occupations,FALSE,
016,G,cjclass,categorical,see table *A SBC92 -> medium juridical & security occupations(53),53,medium juridical & security occupations,FALSE,
016,G,cjclass,categorical,see table *A SBC92 -> medium linguistic & cultural occupations(55),55,medium linguistic & cultural occupations,FALSE,
016,G,cjclass,categorical,see table *A SBC92 -> medium social occupations(56),56,medium social occupations,FALSE,
016,G,cjclass,categorical,see table *A SBC92 -> medium service & care occupations(57),57,medium service & care occupations,FALSE,
016,G,cjclass,categorical,see table *A SBC92 -> higher pedagogical occupations(62),62,higher pedagogical occupations,FALSE,
016,G,cjclass,categorical,see table *A SBC92 -> higher agricultural occupations(64),64,higher agricultural occupations,FALSE,
016,G,cjclass,categorical,see table *A SBC92 -> higher natural science occupations(65),65,higher natural science occupations,FALSE,
016,G,cjclass,categorical,see table *A SBC92 -> higher technical occupations(66),66,higher technical occupations,FALSE,
016,G,cjclass,categorical,see table *A SBC92 -> higher transport occupations(68),68,higher transport occupations,FALSE,
016,G,cjclass,categorical,see table *A SBC92 -> higher (para)medical occupations(69),69,higher (para)medical occupations,FALSE,
016,G,cjclass,categorical,see table *A SBC92 -> higher administrative & commercial occupations(71),71,higher administrative & commercial occupations,FALSE,
016,G,cjclass,categorical,see table *A SBC92 -> higher juridical & security occupations(73),73,higher juridical & security occupations,FALSE,
016,G,cjclass,categorical,see table *A SBC92 -> higher linguistic & cultural occupations(75),75,higher linguistic & cultural occupations,FALSE,
016,G,cjclass,categorical,see table *A SBC92 -> higher social occupations(76),76,higher social occupations,FALSE,
016,G,cjclass,categorical,see table *A SBC92 -> higher service & care occupations(77),77,higher service & care occupations,FALSE,
016,G,cjclass,categorical,see table *A SBC92 -> higher managers(78),78,higher managers,FALSE,
016,G,cjclass,categorical,see table *A SBC92 -> scientific pedagogical occupations(82),82,scientific pedagogical occupations,FALSE,
016,G,cjclass,categorical,see table *A SBC92 -> scientific agricultural occupations(84),84,scientific agricultural occupations,FALSE,
016,G,cjclass,categorical,see table *A SBC92 -> scientific natural science occupations(85),85,scientific natural science occupations,FALSE,
016,G,cjclass,categorical,see table *A SBC92 -> scientific technical occupations(86),86,scientific technical occupations,FALSE,
016,G,cjclass,categorical,see table *A SBC92 -> scientific (para)medical occupations(89),89,scientific (para)medical occupations,FALSE,
016,G,cjclass,categorical,see table *A SBC92 -> scientific administrative & economic occupations(91),91,scientific administrative & economic occupations,FALSE,
016,G,cjclass,categorical,see table *A SBC92 -> scientific juridical & policy occupations(93),93,scientific juridical & policy occupations,FALSE,
016,G,cjclass,categorical,see table *A SBC92 -> scientific social occupations(96),96,scientific social occupations,FALSE,
016,G,cjclass,categorical,see table *A SBC92 -> scientific managers(98),98,scientific managers,FALSE,
016,C,cjlevel,ordinal,"na, wrong skip(-3)",-3,"na, wrong skip",TRUE,
016,C,cjlevel,ordinal,"na, see C/D/E/F/GJOB1(-2)",-2,"na, see C/D/E/F/GJOB1",TRUE,
016,C,cjlevel,ordinal,"na, asked(-1)",-1,"na, asked",TRUE,
016,C,cjlevel,ordinal,see table *F Skill / work level -> elementary(1),1,elementary,FALSE,
016,C,cjlevel,ordinal,see table *F Skill / work level -> low(2),2,low,FALSE,
016,C,cjlevel,ordinal,see table *F Skill / work level -> medium(3),3,medium,FALSE,
016,C,cjlevel,ordinal,see table *F Skill / work level -> high(4),4,high,FALSE,
016,C,cjlevel,ordinal,see table *F Skill / work level -> scientific(5),5,scientific,FALSE,
016,D,cjlevel,ordinal,"na, wrong skip(-3)",-3,"na, wrong skip",TRUE,
016,D,cjlevel,ordinal,"na, see C/D/E/F/GJOB1(-2)",-2,"na, see C/D/E/F/GJOB1",TRUE,
016,D,cjlevel,ordinal,"na, asked / not classified(-1)",-1,"na, asked / not classified",TRUE,
016,D,cjlevel,ordinal,- to be coded -(0),0,- to be coded -,FALSE,
016,D,cjlevel,ordinal,see table *F Skill / work level -> elementary(1),1,elementary,FALSE,
016,D,cjlevel,ordinal,see table *F Skill / work level -> low(2),2,low,FALSE,
016,D,cjlevel,ordinal,see table *F Skill / work level -> medium(3),3,medium,FALSE,
016,D,cjlevel,ordinal,see table *F Skill / work level -> high(4),4,high,FALSE,
016,D,cjlevel,ordinal,see table *F Skill / work level -> scientific(5),5,scientific,FALSE,
016,E,cjlevel,ordinal,"na, wrong skip(-3)",-3,"na, wrong skip",TRUE,
016,E,cjlevel,ordinal,"na, see C/D/E/F/GJOB1(-2)",-2,"na, see C/D/E/F/GJOB1",TRUE,
016,E,cjlevel,ordinal,"na, asked / not classified(-1)",-1,"na, asked / not classified",TRUE,
016,E,cjlevel,ordinal,see table *F Skill / work level -> elementary(1),1,elementary,FALSE,
016,E,cjlevel,ordinal,see table *F Skill / work level -> low(2),2,low,FALSE,
016,E,cjlevel,ordinal,see table *F Skill / work level -> medium(3),3,medium,FALSE,
016,E,cjlevel,ordinal,see table *F Skill / work level -> high(4),4,high,FALSE,
016,E,cjlevel,ordinal,see table *F Skill / work level -> scientific(5),5,scientific,FALSE,
016,F,cjlevel,ordinal,"na, wrong skip(-3)",-3,"na, wrong skip",TRUE,
016,F,cjlevel,ordinal,"na, see C/D/E/F/GJOB1(-2)",-2,"na, see C/D/E/F/GJOB1",TRUE,
016,F,cjlevel,ordinal,"na, asked(-1)",-1,"na, asked",TRUE,
016,F,cjlevel,ordinal,- to be coded -(0),0,- to be coded -,FALSE,
016,F,cjlevel,ordinal,see table *F Skill / work level -> elementary(1),1,elementary,FALSE,
016,F,cjlevel,ordinal,see table *F Skill / work level -> low(2),2,low,FALSE,
016,F,cjlevel,ordinal,see table *F Skill / work level -> medium(3),3,medium,FALSE,
016,F,cjlevel,ordinal,see table *F Skill / work level -> high(4),4,high,FALSE,
016,F,cjlevel,ordinal,see table *F Skill / work level -> scientific(5),5,scientific,FALSE,
016,G,cjlevel,ordinal,"na, wrong skip(-3)",-3,"na, wrong skip",TRUE,
016,G,cjlevel,ordinal,"na, see C/D/E/F/GJOB1(-2)",-2,"na, see C/D/E/F/GJOB1",TRUE,
016,G,cjlevel,ordinal,"na, asked(-1)",-1,"na, asked",TRUE,
016,G,cjlevel,ordinal,- to be coded -(0),0,- to be coded -,FALSE,
016,G,cjlevel,ordinal,see table *F Skill / work level -> elementary(1),1,elementary,FALSE,
016,G,cjlevel,ordinal,see table *F Skill / work level -> low(2),2,low,FALSE,
016,G,cjlevel,ordinal,see table *F Skill / work level -> medium(3),3,medium,FALSE,
016,G,cjlevel,ordinal,see table *F Skill / work level -> high(4),4,high,FALSE,
016,G,cjlevel,ordinal,see table *F Skill / work level -> scientific(5),5,scientific,FALSE,
016,C,cjtype,categorical,"na, wrong skip(-3)",-3,"na, wrong skip",TRUE,
016,C,cjtype,categorical,"na, see C/D/E/F/GJOB1(-2)",-2,"na, see C/D/E/F/GJOB1",TRUE,
016,C,cjtype,categorical,"na, asked(-1)",-1,"na, asked",TRUE,
016,C,cjtype,categorical,see table *C Skill type -> general(1),1,general,FALSE,
016,C,cjtype,categorical,see table *C Skill type -> pedagogical(2),2,pedagogical,FALSE,
016,C,cjtype,categorical,see table *C Skill type -> agricultural(4),4,agricultural,FALSE,
016,C,cjtype,categorical,see table *C Skill type -> natural science(5),5,natural science,FALSE,
016,C,cjtype,categorical,see table *C Skill type -> technical(6),6,technical,FALSE,
016,C,cjtype,categorical,see table *C Skill type -> transport(8),8,transport,FALSE,
016,C,cjtype,categorical,see table *C Skill type -> (para)medical(9),9,(para)medical,FALSE,
016,C,cjtype,categorical,see table *C Skill type -> administrative/commercial(11),11,administrative/commercial,FALSE,
016,C,cjtype,categorical,see table *C Skill type -> juridical/security(13),13,juridical/security,FALSE,
016,C,cjtype,categorical,see table *C Skill type -> cultural/linguistic(15),15,cultural/linguistic,FALSE,
016,C,cjtype,categorical,see table *C Skill type -> social science(16),16,social science,FALSE,
016,C,cjtype,categorical,see table *C Skill type -> care & services(17),17,care & services,FALSE,
016,C,cjtype,categorical,see table *C Skill type -> management(18),18,management,FALSE,
016,D,cjtype,categorical,"na, wrong skip(-3)",-3,"na, wrong skip",TRUE,
016,D,cjtype,categorical,"na, see C/D/E/F/GJOB1(-2)",-2,"na, see C/D/E/F/GJOB1",TRUE,
016,D,cjtype,categorical,"na, asked / not classified(-1)",-1,"na, asked / not classified",TRUE,
016,D,cjtype,categorical,- to be coded -(0),0,- to be coded -,FALSE,
016,D,cjtype,categorical,see table *C Skill type -> general(1),1,general,FALSE,
016,D,cjtype,categorical,see table *C Skill type -> pedagogical(2),2,pedagogical,FALSE,
016,D,cjtype,categorical,see table *C Skill type -> agricultural(4),4,agricultural,FALSE,
016,D,cjtype,categorical,see table *C Skill type -> natural science(5),5,natural science,FALSE,
016,D,cjtype,categorical,see table *C Skill type -> technical(6),6,technical,FALSE,
016,D,cjtype,categorical,see table *C Skill type -> transport(8),8,transport,FALSE,
016,D,cjtype,categorical,see table *C Skill type -> (para)medical(9),9,(para)medical,FALSE,
016,D,cjtype,categorical,see table *C Skill type -> administrative/commercial(11),11,administrative/commercial,FALSE,
016,D,cjtype,categorical,see table *C Skill type -> juridical/security(13),13,juridical/security,FALSE,
016,D,cjtype,categorical,see table *C Skill type -> cultural/linguistic(15),15,cultural/linguistic,FALSE,
016,D,cjtype,categorical,see table *C Skill type -> social science(16),16,social science,FALSE,
016,D,cjtype,categorical,see table *C Skill type -> care & services(17),17,care & services,FALSE,
016,D,cjtype,categorical,see table *C Skill type -> management(18),18,management,FALSE,
016,E,cjtype,categorical,"na, wrong skip(-3)",-3,"na, wrong skip",TRUE,
016,E,cjtype,categorical,"na, see C/D/E/F/GJOB1(-2)",-2,"na, see C/D/E/F/GJOB1",TRUE,
016,E,cjtype,categorical,"na, asked / not classified(-1)",-1,"na, asked / not classified",TRUE,
016,E,cjtype,categorical,see table *C Skill type -> general(1),1,general,FALSE,
016,E,cjtype,categorical,see table *C Skill type -> pedagogical(2),2,pedagogical,FALSE,
016,E,cjtype,categorical,see table *C Skill type -> agricultural(4),4,agricultural,FALSE,
016,E,cjtype,categorical,see table *C Skill type -> natural science(5),5,natural science,FALSE,
016,E,cjtype,categorical,see table *C Skill type -> technical(6),6,technical,FALSE,
016,E,cjtype,categorical,see table *C Skill type -> transport(8),8,transport,FALSE,
016,E,cjtype,categorical,see table *C Skill type -> (para)medical(9),9,(para)medical,FALSE,
016,E,cjtype,categorical,see table *C Skill type -> administrative/commercial(11),11,administrative/commercial,FALSE,
016,E,cjtype,categorical,see table *C Skill type -> juridical/security(13),13,juridical/security,FALSE,
016,E,cjtype,categorical,see table *C Skill type -> cultural/linguistic(15),15,cultural/linguistic,FALSE,
016,E,cjtype,categorical,see table *C Skill type -> social science(16),16,social science,FALSE,
016,E,cjtype,categorical,see table *C Skill type -> care & services(17),17,care & services,FALSE,
016,E,cjtype,categorical,see table *C Skill type -> management(18),18,management,FALSE,
016,F,cjtype,categorical,"na, wrong skip(-3)",-3,"na, wrong skip",TRUE,
016,F,cjtype,categorical,"na, see C/D/E/F/GJOB1(-2)",-2,"na, see C/D/E/F/GJOB1",TRUE,
016,F,cjtype,categorical,"na, asked(-1)",-1,"na, asked",TRUE,
016,F,cjtype,categorical,- to be coded -(0),0,- to be coded -,FALSE,
016,F,cjtype,categorical,see table *C Skill type -> general(1),1,general,FALSE,
016,F,cjtype,categorical,see table *C Skill type -> pedagogical(2),2,pedagogical,FALSE,
016,F,cjtype,categorical,see table *C Skill type -> agricultural(4),4,agricultural,FALSE,
016,F,cjtype,categorical,see table *C Skill type -> natural science(5),5,natural science,FALSE,
016,F,cjtype,categorical,see table *C Skill type -> technical(6),6,technical,FALSE,
016,F,cjtype,categorical,see table *C Skill type -> transport(8),8,transport,FALSE,
016,F,cjtype,categorical,see table *C Skill type -> (para)medical(9),9,(para)medical,FALSE,
016,F,cjtype,categorical,see table *C Skill type -> administrative/commercial(11),11,administrative/commercial,FALSE,
016,F,cjtype,categorical,see table *C Skill type -> juridical/security(13),13,juridical/security,FALSE,
016,F,cjtype,categorical,see table *C Skill type -> cultural/linguistic(15),15,cultural/linguistic,FALSE,
016,F,cjtype,categorical,see table *C Skill type -> social science(16),16,social science,FALSE,
016,F,cjtype,categorical,see table *C Skill type -> care & services(17),17,care & services,FALSE,
016,F,cjtype,categorical,see table *C Skill type -> management(18),18,management,FALSE,
016,G,cjtype,categorical,"na, wrong skip(-3)",-3,"na, wrong skip",TRUE,
016,G,cjtype,categorical,"na, see C/D/E/F/GJOB1(-2)",-2,"na, see C/D/E/F/GJOB1",TRUE,
016,G,cjtype,categorical,"na, asked(-1)",-1,"na, asked",TRUE,
016,G,cjtype,categorical,- to be coded -(0),0,- to be coded -,FALSE,
016,G,cjtype,categorical,see table *C Skill type -> general(1),1,general,FALSE,
016,G,cjtype,categorical,see table *C Skill type -> pedagogical(2),2,pedagogical,FALSE,
016,G,cjtype,categorical,see table *C Skill type -> agricultural(4),4,agricultural,FALSE,
016,G,cjtype,categorical,see table *C Skill type -> natural science(5),5,natural science,FALSE,
016,G,cjtype,categorical,see table *C Skill type -> technical(6),6,technical,FALSE,
016,G,cjtype,categorical,see table *C Skill type -> transport(8),8,transport,FALSE,
016,G,cjtype,categorical,see table *C Skill type -> (para)medical(9),9,(para)medical,FALSE,
016,G,cjtype,categorical,see table *C Skill type -> administrative/commercial(11),11,administrative/commercial,FALSE,
016,G,cjtype,categorical,see table *C Skill type -> juridical/security(13),13,juridical/security,FALSE,
016,G,cjtype,categorical,see table *C Skill type -> cultural/linguistic(15),15,cultural/linguistic,FALSE,
016,G,cjtype,categorical,see table *C Skill type -> social science(16),16,social science,FALSE,
016,G,cjtype,categorical,see table *C Skill type -> care & services(17),17,care & services,FALSE,
016,G,cjtype,categorical,see table *C Skill type -> management(18),18,management,FALSE,
016,C,cjpresi,numeric,"na, wrong skip(-3)",-3,"na, wrong skip",TRUE,
016,C,cjpresi,numeric,"na, see C/D/E/F/GJOB1(-2)",-2,"na, see C/D/E/F/GJOB1",TRUE,
016,C,cjpresi,numeric,"na, asked(-1)",-1,"na, asked",TRUE,
016,C,cjpresi,numeric,low prestige(13),13,NA,FALSE,
016,C,cjpresi,numeric,high prestige(87),87,NA,FALSE,
016,D,cjpresi,numeric,"na, wrong skip(-3)",-3,"na, wrong skip",TRUE,
016,D,cjpresi,numeric,"na, see C/D/E/F/GJOB1(-2)",-2,"na, see C/D/E/F/GJOB1",TRUE,
016,D,cjpresi,numeric,"na, asked / not classified(-1)",-1,"na, asked / not classified",TRUE,
016,D,cjpresi,numeric,- to be coded -(0),0,- to be coded -,FALSE,
016,D,cjpresi,numeric,low prestige(13),13,NA,FALSE,
016,D,cjpresi,numeric,high prestige(87),87,NA,FALSE,
016,E,cjpresi,numeric,"na, wrong skip(-3)",-3,"na, wrong skip",TRUE,
016,E,cjpresi,numeric,"na, see C/D/E/F/GJOB1(-2)",-2,"na, see C/D/E/F/GJOB1",TRUE,
016,E,cjpresi,numeric,"na, asked / not classified(-1)",-1,"na, asked / not classified",TRUE,
016,E,cjpresi,numeric,low prestige(13),13,NA,FALSE,
016,E,cjpresi,numeric,high prestige(87),87,NA,FALSE,
016,F,cjpresi,numeric,"na, wrong skip(-3)",-3,"na, wrong skip",TRUE,
016,F,cjpresi,numeric,"na, see C/D/E/F/GJOB1(-2)",-2,"na, see C/D/E/F/GJOB1",TRUE,
016,F,cjpresi,numeric,"na, asked(-1)",-1,"na, asked",TRUE,
016,F,cjpresi,numeric,- to be coded -(0),0,- to be coded -,FALSE,
016,F,cjpresi,numeric,low prestige(13),13,NA,FALSE,
016,F,cjpresi,numeric,high prestige(87),87,NA,FALSE,
016,G,cjpresi,numeric,"na, wrong skip(-3)",-3,"na, wrong skip",TRUE,
016,G,cjpresi,numeric,"na, see C/D/E/F/GJOB1(-2)",-2,"na, see C/D/E/F/GJOB1",TRUE,
016,G,cjpresi,numeric,"na, asked(-1)",-1,"na, asked",TRUE,
016,G,cjpresi,numeric,- to be coded -(0),0,- to be coded -,FALSE,
016,G,cjpresi,numeric,low prestige(13),13,NA,FALSE,
016,G,cjpresi,numeric,high prestige(87),87,NA,FALSE,
016,C,job3,categorical,"na, wrong skip(-3)",-3,"na, wrong skip",TRUE,
016,C,job3,categorical,"na, see C/D/E/F/GJOBC(-2)",-2,"na, see C/D/E/F/GJOBC",TRUE,
016,C,job3,categorical,"na, asked(-1)",-1,"na, asked",TRUE,
016,C,job3,categorical,see table *E Job type -> steady job(1),1,steady job,FALSE,
016,C,job3,categorical,see table *E Job type -> temporary job with contract(2),2,temporary job with contract,FALSE,
016,C,job3,categorical,see table *E Job type -> temporary job via employment agency(3),3,temporary job via employment agency,FALSE,
016,C,job3,categorical,see table *E Job type -> self-employed(4),4,self-employed,FALSE,
016,C,job3,categorical,see table *E Job type -> free-lance basis(5),5,free-lance basis,FALSE,
016,C,job3,categorical,see table *E Job type -> family company(6),6,family company,FALSE,
016,C,job3,categorical,see table *E Job type -> other(7),7,other,FALSE,
016,D,job3,categorical,"na, wrong skip(-3)",-3,"na, wrong skip",TRUE,
016,D,job3,categorical,"na, see C/D/E/F/GJOBC(-2)",-2,"na, see C/D/E/F/GJOBC",TRUE,
016,D,job3,categorical,"na, asked(-1)",-1,"na, asked",TRUE,
016,D,job3,categorical,see table *E Job type -> steady job(1),1,steady job,FALSE,
016,D,job3,categorical,see table *E Job type -> temporary job with contract(2),2,temporary job with contract,FALSE,
016,D,job3,categorical,see table *E Job type -> temporary job via employment agency(3),3,temporary job via employment agency,FALSE,
016,D,job3,categorical,see table *E Job type -> self-employed(4),4,self-employed,FALSE,
016,D,job3,categorical,see table *E Job type -> free-lance basis(5),5,free-lance basis,FALSE,
016,D,job3,categorical,see table *E Job type -> family company(6),6,family company,FALSE,
016,D,job3,categorical,see table *E Job type -> other(7),7,other,FALSE,
016,E,job3,categorical,"na, wrong skip(-3)",-3,"na, wrong skip",TRUE,
016,E,job3,categorical,"na, see C/D/E/F/GJOBC(-2)",-2,"na, see C/D/E/F/GJOBC",TRUE,
016,E,job3,categorical,"na, asked(-1)",-1,"na, asked",TRUE,
016,E,job3,categorical,see table *E Job type -> steady job(1),1,steady job,FALSE,
016,E,job3,categorical,see table *E Job type -> temporary job with contract(2),2,temporary job with contract,FALSE,
016,E,job3,categorical,see table *E Job type -> temporary job via employment agency(3),3,temporary job via employment agency,FALSE,
016,E,job3,categorical,see table *E Job type -> self-employed(4),4,self-employed,FALSE,
016,E,job3,categorical,see table *E Job type -> free-lance basis(5),5,free-lance basis,FALSE,
016,E,job3,categorical,see table *E Job type -> family company(6),6,family company,FALSE,
016,E,job3,categorical,see table *E Job type -> other(7),7,other,FALSE,
016,F,job3,categorical,"na, wrong skip(-3)",-3,"na, wrong skip",TRUE,
016,F,job3,categorical,"na, see C/D/E/F/GJOBC(-2)",-2,"na, see C/D/E/F/GJOBC",TRUE,
016,F,job3,categorical,"na, asked(-1)",-1,"na, asked",TRUE,
016,F,job3,categorical,see table *E Job type -> steady job(1),1,steady job,FALSE,
016,F,job3,categorical,see table *E Job type -> temporary job with contract(2),2,temporary job with contract,FALSE,
016,F,job3,categorical,see table *E Job type -> temporary job via employment agency(3),3,temporary job via employment agency,FALSE,
016,F,job3,categorical,see table *E Job type -> self-employed(4),4,self-employed,FALSE,
016,F,job3,categorical,see table *E Job type -> free-lance basis(5),5,free-lance basis,FALSE,
016,F,job3,categorical,see table *E Job type -> family company(6),6,family company,FALSE,
016,F,job3,categorical,see table *E Job type -> other(7),7,other,FALSE,
016,G,job3,categorical,"na, wrong skip(-3)",-3,"na, wrong skip",TRUE,
016,G,job3,categorical,"na, see C/D/E/F/GJOBC(-2)",-2,"na, see C/D/E/F/GJOBC",TRUE,
016,G,job3,categorical,"na, asked(-1)",-1,"na, asked",TRUE,
016,G,job3,categorical,see table *E Job type -> steady job(1),1,steady job,FALSE,
016,G,job3,categorical,see table *E Job type -> temporary job with contract(2),2,temporary job with contract,FALSE,
016,G,job3,categorical,see table *E Job type -> temporary job via employment agency(3),3,temporary job via employment agency,FALSE,
016,G,job3,categorical,see table *E Job type -> self-employed(4),4,self-employed,FALSE,
016,G,job3,categorical,see table *E Job type -> free-lance basis(5),5,free-lance basis,FALSE,
016,G,job3,categorical,see table *E Job type -> family company(6),6,family company,FALSE,
016,G,job3,categorical,see table *E Job type -> other(7),7,other,FALSE,
016,C,job4,binary,"na, wrong skip(-3)",-3,"na, wrong skip",TRUE,
016,C,job4,binary,"na, see C/D/E/F/GJOBC(-2)",-2,"na, see C/D/E/F/GJOBC",TRUE,
016,C,job4,binary,"na, asked(-1)",-1,"na, asked",TRUE,
016,C,job4,binary,no(0),0,no,FALSE,
016,C,job4,binary,yes(1),1,yes,FALSE,
016,D,job4,binary,"na, wrong skip(-3)",-3,"na, wrong skip",TRUE,
016,D,job4,binary,"na, see C/D/E/F/GJOBC(-2)",-2,"na, see C/D/E/F/GJOBC",TRUE,
016,D,job4,binary,"na, asked(-1)",-1,"na, asked",TRUE,
016,D,job4,binary,no(0),0,no,FALSE,
016,D,job4,binary,yes(1),1,yes,FALSE,
016,E,job4,binary,"na, wrong skip(-3)",-3,"na, wrong skip",TRUE,
016,E,job4,binary,"na, see C/D/E/F/GJOBC(-2)",-2,"na, see C/D/E/F/GJOBC",TRUE,
016,E,job4,binary,"na, asked(-1)",-1,"na, asked",TRUE,
016,E,job4,binary,no(0),0,no,FALSE,
016,E,job4,binary,yes(1),1,yes,FALSE,
016,F,job4,binary,"na, wrong skip(-3)",-3,"na, wrong skip",TRUE,
016,F,job4,binary,"na, see C/D/E/F/GJOBC(-2)",-2,"na, see C/D/E/F/GJOBC",TRUE,
016,F,job4,binary,"na, asked(-1)",-1,"na, asked",TRUE,
016,F,job4,binary,no(0),0,no,FALSE,
016,F,job4,binary,yes(1),1,yes,FALSE,
016,G,job4,binary,"na, wrong skip(-3)",-3,"na, wrong skip",TRUE,
016,G,job4,binary,"na, see C/D/E/F/GJOBC(-2)",-2,"na, see C/D/E/F/GJOBC",TRUE,
016,G,job4,binary,"na, asked(-1)",-1,"na, asked",TRUE,
016,G,job4,binary,no(0),0,no,FALSE,
016,G,job4,binary,yes(1),1,yes,FALSE,
016,C,job5,numeric,"na, wrong skip(-3)",-3,"na, wrong skip",TRUE,
016,C,job5,numeric,"na, see C/D/E/F/GJOB4(-2)",-2,"na, see C/D/E/F/GJOB4",TRUE,
016,C,job5,numeric,"na, asked(-1)",-1,"na, asked",TRUE,
016,D,job5,numeric,"na, wrong skip(-3)",-3,"na, wrong skip",TRUE,
016,D,job5,numeric,"na, see C/D/E/F/GJOB4(-2)",-2,"na, see C/D/E/F/GJOB4",TRUE,
016,D,job5,numeric,"na, asked(-1)",-1,"na, asked",TRUE,
016,E,job5,numeric,"na, wrong skip(-3)",-3,"na, wrong skip",TRUE,
016,E,job5,numeric,"na, see C/D/E/F/GJOB4(-2)",-2,"na, see C/D/E/F/GJOB4",TRUE,
016,E,job5,numeric,"na, asked(-1)",-1,"na, asked",TRUE,
016,F,job5,numeric,"na, wrong skip(-3)",-3,"na, wrong skip",TRUE,
016,F,job5,numeric,"na, see C/D/E/F/GJOB4(-2)",-2,"na, see C/D/E/F/GJOB4",TRUE,
016,F,job5,numeric,"na, asked(-1)",-1,"na, asked",TRUE,
016,F,job5,numeric,98 or more(98),98,NA,FALSE,
016,G,job5,numeric,"na, wrong skip(-3)",-3,"na, wrong skip",TRUE,
016,G,job5,numeric,"na, see C/D/E/F/GJOB4(-2)",-2,"na, see C/D/E/F/GJOB4",TRUE,
016,G,job5,numeric,"na, asked(-1)",-1,"na, asked",TRUE,
016,G,job5,numeric,98 or more(98),98,NA,FALSE,
016,C,job6,numeric,"na, wrong skip(-3)",-3,"na, wrong skip",TRUE,
016,C,job6,numeric,"na, see C/D/E/F/GJOBC(-2)",-2,"na, see C/D/E/F/GJOBC",TRUE,
016,C,job6,numeric,"na, asked(-1)",-1,"na, asked",TRUE,
016,D,job6,numeric,"na, wrong skip(-3)",-3,"na, wrong skip",TRUE,
016,D,job6,numeric,"na, see C/D/E/F/GJOBC(-2)",-2,"na, see C/D/E/F/GJOBC",TRUE,
016,D,job6,numeric,"na, asked(-1)",-1,"na, asked",TRUE,
016,E,job6,numeric,"na, wrong skip(-3)",-3,"na, wrong skip",TRUE,
016,E,job6,numeric,"na, see C/D/E/F/GJOBC(-2)",-2,"na, see C/D/E/F/GJOBC",TRUE,
016,E,job6,numeric,"na, asked(-1)",-1,"na, asked",TRUE,
016,F,job6,numeric,"na, wrong skip(-3)",-3,"na, wrong skip",TRUE,
016,F,job6,numeric,"na, see C/D/E/F/GJOBC(-2)",-2,"na, see C/D/E/F/GJOBC",TRUE,
016,F,job6,numeric,"na, asked(-1)",-1,"na, asked",TRUE,
016,G,job6,numeric,"na, wrong skip(-3)",-3,"na, wrong skip",TRUE,
016,G,job6,numeric,"na, see C/D/E/F/GJOBC(-2)",-2,"na, see C/D/E/F/GJOBC",TRUE,
016,G,job6,numeric,"na, asked(-1)",-1,"na, asked",TRUE,
016,C,job7,categorical,"na, wrong skip(-3)",-3,"na, wrong skip",TRUE,
016,C,job7,categorical,"na, see C/D/E/F/GJOBC(-2)",-2,"na, see C/D/E/F/GJOBC",TRUE,
016,C,job7,categorical,"na, asked(-1)",-1,"na, asked",TRUE,
016,C,job7,categorical,see table *D Job regularity -> regular hours (9 to 5)(1),1,regular hours (9 to 5),FALSE,
016,C,job7,categorical,"see table *D Job regularity -> regular hours, including night/weekend shifts(2)",2,"regular hours, including night/weekend shifts",FALSE,
016,C,job7,categorical,"see table *D Job regularity -> shift work, no weekend shifts(3)",3,"shift work, no weekend shifts",FALSE,
016,C,job7,categorical,"see table *D Job regularity -> shift work, including weekend shifts(4)",4,"shift work, including weekend shifts",FALSE,
016,C,job7,categorical,"see table *D Job regularity -> irregular hours, no weekend shifts(5)",5,"irregular hours, no weekend shifts",FALSE,
016,C,job7,categorical,"see table *D Job regularity -> irregular hours, including weekend shifts(6)",6,"irregular hours, including weekend shifts",FALSE,
016,D,job7,categorical,"na, wrong skip(-3)",-3,"na, wrong skip",TRUE,
016,D,job7,categorical,"na, see C/D/E/F/GJOBC(-2)",-2,"na, see C/D/E/F/GJOBC",TRUE,
016,D,job7,categorical,"na, asked(-1)",-1,"na, asked",TRUE,
016,D,job7,categorical,see table *D Job regularity -> regular hours (9 to 5)(1),1,regular hours (9 to 5),FALSE,
016,D,job7,categorical,"see table *D Job regularity -> regular hours, including night/weekend shifts(2)",2,"regular hours, including night/weekend shifts",FALSE,
016,D,job7,categorical,"see table *D Job regularity -> shift work, no weekend shifts(3)",3,"shift work, no weekend shifts",FALSE,
016,D,job7,categorical,"see table *D Job regularity -> shift work, including weekend shifts(4)",4,"shift work, including weekend shifts",FALSE,
016,D,job7,categorical,"see table *D Job regularity -> irregular hours, no weekend shifts(5)",5,"irregular hours, no weekend shifts",FALSE,
016,D,job7,categorical,"see table *D Job regularity -> irregular hours, including weekend shifts(6)",6,"irregular hours, including weekend shifts",FALSE,
016,E,job7,categorical,"na, wrong skip(-3)",-3,"na, wrong skip",TRUE,
016,E,job7,categorical,"na, see C/D/E/F/GJOBC(-2)",-2,"na, see C/D/E/F/GJOBC",TRUE,
016,E,job7,categorical,"na, asked(-1)",-1,"na, asked",TRUE,
016,E,job7,categorical,see table *D Job regularity -> regular hours (9 to 5)(1),1,regular hours (9 to 5),FALSE,
016,E,job7,categorical,"see table *D Job regularity -> regular hours, including night/weekend shifts(2)",2,"regular hours, including night/weekend shifts",FALSE,
016,E,job7,categorical,"see table *D Job regularity -> shift work, no weekend shifts(3)",3,"shift work, no weekend shifts",FALSE,
016,E,job7,categorical,"see table *D Job regularity -> shift work, including weekend shifts(4)",4,"shift work, including weekend shifts",FALSE,
016,E,job7,categorical,"see table *D Job regularity -> irregular hours, no weekend shifts(5)",5,"irregular hours, no weekend shifts",FALSE,
016,E,job7,categorical,"see table *D Job regularity -> irregular hours, including weekend shifts(6)",6,"irregular hours, including weekend shifts",FALSE,
016,F,job7,categorical,"na, wrong skip(-3)",-3,"na, wrong skip",TRUE,
016,F,job7,categorical,"na, see C/D/E/F/GJOBC(-2)",-2,"na, see C/D/E/F/GJOBC",TRUE,
016,F,job7,categorical,"na, asked(-1)",-1,"na, asked",TRUE,
016,F,job7,categorical,see table *D Job regularity -> regular hours (9 to 5)(1),1,regular hours (9 to 5),FALSE,
016,F,job7,categorical,"see table *D Job regularity -> regular hours, including night/weekend shifts(2)",2,"regular hours, including night/weekend shifts",FALSE,
016,F,job7,categorical,"see table *D Job regularity -> shift work, no weekend shifts(3)",3,"shift work, no weekend shifts",FALSE,
016,F,job7,categorical,"see table *D Job regularity -> shift work, including weekend shifts(4)",4,"shift work, including weekend shifts",FALSE,
016,F,job7,categorical,"see table *D Job regularity -> irregular hours, no weekend shifts(5)",5,"irregular hours, no weekend shifts",FALSE,
016,F,job7,categorical,"see table *D Job regularity -> irregular hours, including weekend shifts(6)",6,"irregular hours, including weekend shifts",FALSE,
016,G,job7,categorical,"na, wrong skip(-3)",-3,"na, wrong skip",TRUE,
016,G,job7,categorical,"na, see C/D/E/F/GJOBC(-2)",-2,"na, see C/D/E/F/GJOBC",TRUE,
016,G,job7,categorical,"na, asked(-1)",-1,"na, asked",TRUE,
016,G,job7,categorical,see table *D Job regularity -> regular hours (9 to 5)(1),1,regular hours (9 to 5),FALSE,
016,G,job7,categorical,"see table *D Job regularity -> regular hours, including night/weekend shifts(2)",2,"regular hours, including night/weekend shifts",FALSE,
016,G,job7,categorical,"see table *D Job regularity -> shift work, no weekend shifts(3)",3,"shift work, no weekend shifts",FALSE,
016,G,job7,categorical,"see table *D Job regularity -> shift work, including weekend shifts(4)",4,"shift work, including weekend shifts",FALSE,
016,G,job7,categorical,"see table *D Job regularity -> irregular hours, no weekend shifts(5)",5,"irregular hours, no weekend shifts",FALSE,
016,G,job7,categorical,"see table *D Job regularity -> irregular hours, including weekend shifts(6)",6,"irregular hours, including weekend shifts",FALSE,
016,C,jobstom,date,na wrong skip(-3),-3,na wrong skip,TRUE,
016,C,jobstom,date,"na, see C/D/E/F/GJOBC(-2)",-2,"na, see C/D/E/F/GJOBC",TRUE,
016,C,jobstom,date,"na, asked(-1)",-1,"na, asked",TRUE,
016,C,jobstom,date,see table *B Month -> January(1),1,January,FALSE,
016,C,jobstom,date,see table *B Month -> February(2),2,February,FALSE,
016,C,jobstom,date,see table *B Month -> March(3),3,March,FALSE,
016,C,jobstom,date,see table *B Month -> April(4),4,April,FALSE,
016,C,jobstom,date,see table *B Month -> May(5),5,May,FALSE,
016,C,jobstom,date,see table *B Month -> June(6),6,June,FALSE,
016,C,jobstom,date,see table *B Month -> July(7),7,July,FALSE,
016,C,jobstom,date,see table *B Month -> August(8),8,August,FALSE,
016,C,jobstom,date,see table *B Month -> September(9),9,September,FALSE,
016,C,jobstom,date,see table *B Month -> October(10),10,October,FALSE,
016,C,jobstom,date,see table *B Month -> November(11),11,November,FALSE,
016,C,jobstom,date,see table *B Month -> December(12),12,December,FALSE,
016,D,jobstom,date,na wrong skip(-3),-3,na wrong skip,TRUE,
016,D,jobstom,date,"na, see C/D/E/F/GJOBC(-2)",-2,"na, see C/D/E/F/GJOBC",TRUE,
016,D,jobstom,date,"na, asked(-1)",-1,"na, asked",TRUE,
016,D,jobstom,date,see table *B Month -> January(1),1,January,FALSE,
016,D,jobstom,date,see table *B Month -> February(2),2,February,FALSE,
016,D,jobstom,date,see table *B Month -> March(3),3,March,FALSE,
016,D,jobstom,date,see table *B Month -> April(4),4,April,FALSE,
016,D,jobstom,date,see table *B Month -> May(5),5,May,FALSE,
016,D,jobstom,date,see table *B Month -> June(6),6,June,FALSE,
016,D,jobstom,date,see table *B Month -> July(7),7,July,FALSE,
016,D,jobstom,date,see table *B Month -> August(8),8,August,FALSE,
016,D,jobstom,date,see table *B Month -> September(9),9,September,FALSE,
016,D,jobstom,date,see table *B Month -> October(10),10,October,FALSE,
016,D,jobstom,date,see table *B Month -> November(11),11,November,FALSE,
016,D,jobstom,date,see table *B Month -> December(12),12,December,FALSE,
016,E,jobstom,date,na wrong skip(-3),-3,na wrong skip,TRUE,
016,E,jobstom,date,"na, see C/D/E/F/GJOBC(-2)",-2,"na, see C/D/E/F/GJOBC",TRUE,
016,E,jobstom,date,"na, asked(-1)",-1,"na, asked",TRUE,
016,E,jobstom,date,see table *B Month -> January(1),1,January,FALSE,
016,E,jobstom,date,see table *B Month -> February(2),2,February,FALSE,
016,E,jobstom,date,see table *B Month -> March(3),3,March,FALSE,
016,E,jobstom,date,see table *B Month -> April(4),4,April,FALSE,
016,E,jobstom,date,see table *B Month -> May(5),5,May,FALSE,
016,E,jobstom,date,see table *B Month -> June(6),6,June,FALSE,
016,E,jobstom,date,see table *B Month -> July(7),7,July,FALSE,
016,E,jobstom,date,see table *B Month -> August(8),8,August,FALSE,
016,E,jobstom,date,see table *B Month -> September(9),9,September,FALSE,
016,E,jobstom,date,see table *B Month -> October(10),10,October,FALSE,
016,E,jobstom,date,see table *B Month -> November(11),11,November,FALSE,
016,E,jobstom,date,see table *B Month -> December(12),12,December,FALSE,
016,F,jobstom,date,na wrong skip(-3),-3,na wrong skip,TRUE,
016,F,jobstom,date,"na, see C/D/E/F/GJOBC(-2)",-2,"na, see C/D/E/F/GJOBC",TRUE,
016,F,jobstom,date,"na, asked(-1)",-1,"na, asked",TRUE,
016,F,jobstom,date,see table *B Month -> January(1),1,January,FALSE,
016,F,jobstom,date,see table *B Month -> February(2),2,February,FALSE,
016,F,jobstom,date,see table *B Month -> March(3),3,March,FALSE,
016,F,jobstom,date,see table *B Month -> April(4),4,April,FALSE,
016,F,jobstom,date,see table *B Month -> May(5),5,May,FALSE,
016,F,jobstom,date,see table *B Month -> June(6),6,June,FALSE,
016,F,jobstom,date,see table *B Month -> July(7),7,July,FALSE,
016,F,jobstom,date,see table *B Month -> August(8),8,August,FALSE,
016,F,jobstom,date,see table *B Month -> September(9),9,September,FALSE,
016,F,jobstom,date,see table *B Month -> October(10),10,October,FALSE,
016,F,jobstom,date,see table *B Month -> November(11),11,November,FALSE,
016,F,jobstom,date,see table *B Month -> December(12),12,December,FALSE,
016,G,jobstom,date,na wrong skip(-3),-3,na wrong skip,TRUE,
016,G,jobstom,date,"na, see C/D/E/F/GJOBC(-2)",-2,"na, see C/D/E/F/GJOBC",TRUE,
016,G,jobstom,date,"na, asked(-1)",-1,"na, asked",TRUE,
016,G,jobstom,date,see table *B Month -> January(1),1,January,FALSE,
016,G,jobstom,date,see table *B Month -> February(2),2,February,FALSE,
016,G,jobstom,date,see table *B Month -> March(3),3,March,FALSE,
016,G,jobstom,date,see table *B Month -> April(4),4,April,FALSE,
016,G,jobstom,date,see table *B Month -> May(5),5,May,FALSE,
016,G,jobstom,date,see table *B Month -> June(6),6,June,FALSE,
016,G,jobstom,date,see table *B Month -> July(7),7,July,FALSE,
016,G,jobstom,date,see table *B Month -> August(8),8,August,FALSE,
016,G,jobstom,date,see table *B Month -> September(9),9,September,FALSE,
016,G,jobstom,date,see table *B Month -> October(10),10,October,FALSE,
016,G,jobstom,date,see table *B Month -> November(11),11,November,FALSE,
016,G,jobstom,date,see table *B Month -> December(12),12,December,FALSE,
016,C,jobstoy,date,"na, wrong skip(-3)",-3,"na, wrong skip",TRUE,
016,C,jobstoy,date,"na, see C/D/E/F/GJOBC(-2)",-2,"na, see C/D/E/F/GJOBC",TRUE,
016,C,jobstoy,date,"na, asked(-1)",-1,"na, asked",TRUE,
016,D,jobstoy,date,"na, wrong skip(-3)",-3,"na, wrong skip",TRUE,
016,D,jobstoy,date,"na, see C/D/E/F/GJOBC(-2)",-2,"na, see C/D/E/F/GJOBC",TRUE,
016,D,jobstoy,date,"na, asked(-1)",-1,"na, asked",TRUE,
016,E,jobstoy,date,"na, wrong skip(-3)",-3,"na, wrong skip",TRUE,
016,E,jobstoy,date,"na, see C/D/E/F/GJOBC(-2)",-2,"na, see C/D/E/F/GJOBC",TRUE,
016,E,jobstoy,date,"na, asked(-1)",-1,"na, asked",TRUE,
016,F,jobstoy,date,"na, wrong skip(-3)",-3,"na, wrong skip",TRUE,
016,F,jobstoy,date,"na, see C/D/E/F/GJOBC(-2)",-2,"na, see C/D/E/F/GJOBC",TRUE,
016,F,jobstoy,date,"na, asked(-1)",-1,"na, asked",TRUE,
016,G,jobstoy,date,"na, wrong skip(-3)",-3,"na, wrong skip",TRUE,
016,G,jobstoy,date,"na, see C/D/E/F/GJOBC(-2)",-2,"na, see C/D/E/F/GJOBC",TRUE,
016,G,jobstoy,date,"na, asked(-1)",-1,"na, asked",TRUE,
016,C,employ,binary,"na, age >= 65(-5)",-5,"na, age >= 65",TRUE,
016,C,employ,binary,"na, wrong skip(-3)",-3,"na, wrong skip",TRUE,
016,C,employ,binary,"na, see C/D/E/F/GJOBC(-2)",-2,"na, see C/D/E/F/GJOBC",TRUE,
016,C,employ,binary,"na, asked(-1)",-1,"na, asked",TRUE,
016,C,employ,binary,no(1),1,no,FALSE,
016,C,employ,binary,yes(2),2,yes,FALSE,
016,D,employ,binary,"na, age >= 65(-5)",-5,"na, age >= 65",TRUE,
016,D,employ,binary,"na, wrong skip(-3)",-3,"na, wrong skip",TRUE,
016,D,employ,binary,"na, see C/D/E/F/GJOBC(-2)",-2,"na, see C/D/E/F/GJOBC",TRUE,
016,D,employ,binary,"na, asked(-1)",-1,"na, asked",TRUE,
016,D,employ,binary,no(1),1,no,FALSE,
016,D,employ,binary,yes(2),2,yes,FALSE,
016,E,employ,binary,"na, age >= 65(-5)",-5,"na, age >= 65",TRUE,
016,E,employ,binary,"na, wrong skip(-3)",-3,"na, wrong skip",TRUE,
016,E,employ,binary,"na, see C/D/E/F/GJOBC(-2)",-2,"na, see C/D/E/F/GJOBC",TRUE,
016,E,employ,binary,"na, asked(-1)",-1,"na, asked",TRUE,
016,E,employ,binary,no(1),1,no,FALSE,
016,E,employ,binary,yes(2),2,yes,FALSE,
016,F,employ,binary,"na, age >= 65(-5)",-5,"na, age >= 65",TRUE,
016,F,employ,binary,"na, wrong skip(-3)",-3,"na, wrong skip",TRUE,
016,F,employ,binary,"na, see C/D/E/F/GJOBC(-2)",-2,"na, see C/D/E/F/GJOBC",TRUE,
016,F,employ,binary,"na, asked(-1)",-1,"na, asked",TRUE,
016,F,employ,binary,no(1),1,no,FALSE,
016,F,employ,binary,yes(2),2,yes,FALSE,
016,G,employ,binary,"na, age >= 65(-5)",-5,"na, age >= 65",TRUE,
016,G,employ,binary,"na, wrong skip(-3)",-3,"na, wrong skip",TRUE,
016,G,employ,binary,"na, see C/D/E/F/GJOBC(-2)",-2,"na, see C/D/E/F/GJOBC",TRUE,
016,G,employ,binary,"na, asked(-1)",-1,"na, asked",TRUE,
016,G,employ,binary,no(1),1,no,FALSE,
016,G,employ,binary,yes(2),2,yes,FALSE,
016,C,disabl,binary,"na, age >= 65(-5)",-5,"na, age >= 65",TRUE,
016,C,disabl,binary,"na, wrong skip(-3)",-3,"na, wrong skip",TRUE,
016,C,disabl,binary,"na, see C/D/E/F/GJOBC(-2)",-2,"na, see C/D/E/F/GJOBC",TRUE,
016,C,disabl,binary,"na, asked(-1)",-1,"na, asked",TRUE,
016,C,disabl,binary,no(1),1,no,FALSE,
016,C,disabl,binary,yes(2),2,yes,FALSE,
016,D,disabl,binary,"na, age >= 65(-5)",-5,"na, age >= 65",TRUE,
016,D,disabl,binary,"na, wrong skip(-3)",-3,"na, wrong skip",TRUE,
016,D,disabl,binary,"na, see C/D/E/F/GJOBC(-2)",-2,"na, see C/D/E/F/GJOBC",TRUE,
016,D,disabl,binary,"na, asked(-1)",-1,"na, asked",TRUE,
016,D,disabl,binary,no(1),1,no,FALSE,
016,D,disabl,binary,yes(2),2,yes,FALSE,
016,E,disabl,binary,"na, age >= 65(-5)",-5,"na, age >= 65",TRUE,
016,E,disabl,binary,"na, wrong skip(-3)",-3,"na, wrong skip",TRUE,
016,E,disabl,binary,"na, see C/D/E/F/GJOBC(-2)",-2,"na, see C/D/E/F/GJOBC",TRUE,
016,E,disabl,binary,"na, asked(-1)",-1,"na, asked",TRUE,
016,E,disabl,binary,no(1),1,no,FALSE,
016,E,disabl,binary,yes(2),2,yes,FALSE,
016,F,disabl,binary,"na, age >= 65(-5)",-5,"na, age >= 65",TRUE,
016,F,disabl,binary,"na, wrong skip(-3)",-3,"na, wrong skip",TRUE,
016,F,disabl,binary,"na, see C/D/E/F/GJOBC(-2)",-2,"na, see C/D/E/F/GJOBC",TRUE,
016,F,disabl,binary,"na, asked(-1)",-1,"na, asked",TRUE,
016,F,disabl,binary,no(1),1,no,FALSE,
016,F,disabl,binary,yes(2),2,yes,FALSE,
016,G,disabl,binary,"na, age >= 65(-5)",-5,"na, age >= 65",TRUE,
016,G,disabl,binary,"na, wrong skip(-3)",-3,"na, wrong skip",TRUE,
016,G,disabl,binary,"na, see C/D/E/F/GJOBC(-2)",-2,"na, see C/D/E/F/GJOBC",TRUE,
016,G,disabl,binary,"na, asked(-1)",-1,"na, asked",TRUE,
016,G,disabl,binary,no(1),1,no,FALSE,
016,G,disabl,binary,yes(2),2,yes,FALSE,
016,C,disablp,numeric,"na, see C/D/E/F/GDISABL(-2)",-2,"na, see C/D/E/F/GDISABL",TRUE,
016,C,disablp,numeric,"na, asked(-1)",-1,"na, asked",TRUE,
016,D,disablp,numeric,"na, see C/D/E/F/GDISABL(-2)",-2,"na, see C/D/E/F/GDISABL",TRUE,
016,D,disablp,numeric,"na, asked(-1)",-1,"na, asked",TRUE,
016,E,disablp,numeric,"na, see C/D/E/F/GDISABL(-2)",-2,"na, see C/D/E/F/GDISABL",TRUE,
016,E,disablp,numeric,"na, asked(-1)",-1,"na, asked",TRUE,
016,F,disablp,numeric,"na, see C/D/E/F/GDISABL(-2)",-2,"na, see C/D/E/F/GDISABL",TRUE,
016,F,disablp,numeric,"na, asked(-1)",-1,"na, asked",TRUE,
016,G,disablp,numeric,"na, see C/D/E/F/GDISABL(-2)",-2,"na, see C/D/E/F/GDISABL",TRUE,
016,G,disablp,numeric,"na, asked(-1)",-1,"na, asked",TRUE,
016,C,retired,categorical,"na, age >= 65(-5)",-5,"na, age >= 65",TRUE,
016,C,retired,categorical,"na, wrong skip(-3)",-3,"na, wrong skip",TRUE,
016,C,retired,categorical,"na, see C/D/E/F/GJOBC(-2)",-2,"na, see C/D/E/F/GJOBC",TRUE,
016,C,retired,categorical,"na, asked(-1)",-1,"na, asked",TRUE,
016,C,retired,categorical,no(1),1,no,FALSE,
016,C,retired,categorical,"yes, partly(2)",2,"yes, partly",FALSE,
016,C,retired,categorical,"yes, completely(3)",3,"yes, completely",FALSE,
016,D,retired,categorical,"na, age >= 65(-5)",-5,"na, age >= 65",TRUE,
016,D,retired,categorical,"na, wrong skip(-3)",-3,"na, wrong skip",TRUE,
016,D,retired,categorical,"na, see C/D/E/F/GJOBC(-2)",-2,"na, see C/D/E/F/GJOBC",TRUE,
016,D,retired,categorical,"na, asked(-1)",-1,"na, asked",TRUE,
016,D,retired,categorical,no(1),1,no,FALSE,
016,D,retired,categorical,"yes, partly(2)",2,"yes, partly",FALSE,
016,D,retired,categorical,"yes, completely(3)",3,"yes, completely",FALSE,
016,E,retired,categorical,"na, age >= 65(-5)",-5,"na, age >= 65",TRUE,
016,E,retired,categorical,"na, wrong skip(-3)",-3,"na, wrong skip",TRUE,
016,E,retired,categorical,"na, see C/D/E/F/GJOBC(-2)",-2,"na, see C/D/E/F/GJOBC",TRUE,
016,E,retired,categorical,"na, asked(-1)",-1,"na, asked",TRUE,
016,E,retired,categorical,no(1),1,no,FALSE,
016,E,retired,categorical,"yes, partly(2)",2,"yes, partly",FALSE,
016,E,retired,categorical,"yes, completely(3)",3,"yes, completely",FALSE,
016,F,retired,categorical,"na, age >= 65(-5)",-5,"na, age >= 65",TRUE,
016,F,retired,categorical,"na, wrong skip(-3)",-3,"na, wrong skip",TRUE,
016,F,retired,categorical,"na, see C/D/E/F/GJOBC(-2)",-2,"na, see C/D/E/F/GJOBC",TRUE,
016,F,retired,categorical,"na, asked(-1)",-1,"na, asked",TRUE,
016,F,retired,categorical,no(1),1,no,FALSE,
016,F,retired,categorical,"yes, partly(2)",2,"yes, partly",FALSE,
016,F,retired,categorical,"yes, completely(3)",3,"yes, completely",FALSE,
016,G,retired,categorical,"na, age >= 65(-5)",-5,"na, age >= 65",TRUE,
016,G,retired,categorical,"na, wrong skip(-3)",-3,"na, wrong skip",TRUE,
016,G,retired,categorical,"na, see C/D/E/F/GJOBC(-2)",-2,"na, see C/D/E/F/GJOBC",TRUE,
016,G,retired,categorical,"na, asked(-1)",-1,"na, asked",TRUE,
016,G,retired,categorical,no(1),1,no,FALSE,
016,G,retired,categorical,"yes, partly(2)",2,"yes, partly",FALSE,
016,G,retired,categorical,"yes, completely(3)",3,"yes, completely",FALSE,
016,C,retifut,binary,"na, see C/D/E/F/GRETIRED(-2)",-2,"na, see C/D/E/F/GRETIRED",TRUE,
016,C,retifut,binary,"na, asked(-1)",-1,"na, asked",TRUE,
016,C,retifut,binary,no(1),1,no,FALSE,
016,C,retifut,binary,yes(2),2,yes,FALSE,
016,D,retifut,binary,"na, see C/D/E/F/GRETIRED(-2)",-2,"na, see C/D/E/F/GRETIRED",TRUE,
016,D,retifut,binary,"na, asked(-1)",-1,"na, asked",TRUE,
016,D,retifut,binary,no(1),1,no,FALSE,
016,D,retifut,binary,yes(2),2,yes,FALSE,
016,E,retifut,binary,"na, see C/D/E/F/GRETIRED(-2)",-2,"na, see C/D/E/F/GRETIRED",TRUE,
016,E,retifut,binary,"na, asked(-1)",-1,"na, asked",TRUE,
016,E,retifut,binary,no(1),1,no,FALSE,
016,E,retifut,binary,yes(2),2,yes,FALSE,
016,F,retifut,binary,"na, see C/D/E/F/GRETIRED(-2)",-2,"na, see C/D/E/F/GRETIRED",TRUE,
016,F,retifut,binary,"na, asked(-1)",-1,"na, asked",TRUE,
016,F,retifut,binary,no(1),1,no,FALSE,
016,F,retifut,binary,yes(2),2,yes,FALSE,
016,G,retifut,binary,"na, see C/D/E/F/GRETIRED(-2)",-2,"na, see C/D/E/F/GRETIRED",TRUE,
016,G,retifut,binary,"na, asked(-1)",-1,"na, asked",TRUE,
016,G,retifut,binary,no(1),1,no,FALSE,
016,G,retifut,binary,yes(2),2,yes,FALSE,
016,C,retirf1,binary,"na, see C/D/E/F/GRETIFUT(-2)",-2,"na, see C/D/E/F/GRETIFUT",TRUE,
016,C,retirf1,binary,"na, asked(-1)",-1,"na, asked",TRUE,
016,C,retirf1,binary,not mentioned(0),0,not mentioned,FALSE,
016,C,retirf1,binary,mentioned(1),1,mentioned,FALSE,
016,D,retirf1,binary,"na, see C/D/E/F/GRETIFUT(-2)",-2,"na, see C/D/E/F/GRETIFUT",TRUE,
016,D,retirf1,binary,"na, asked(-1)",-1,"na, asked",TRUE,
016,D,retirf1,binary,not mentioned(0),0,not mentioned,FALSE,
016,D,retirf1,binary,mentioned(1),1,mentioned,FALSE,
016,E,retirf1,binary,"na, see C/D/E/F/GRETIFUT(-2)",-2,"na, see C/D/E/F/GRETIFUT",TRUE,
016,E,retirf1,binary,"na, asked(-1)",-1,"na, asked",TRUE,
016,E,retirf1,binary,not mentioned(0),0,not mentioned,FALSE,
016,E,retirf1,binary,mentioned(1),1,mentioned,FALSE,
016,F,retirf1,binary,"na, see C/D/E/F/GRETIFUT(-2)",-2,"na, see C/D/E/F/GRETIFUT",TRUE,
016,F,retirf1,binary,"na, asked(-1)",-1,"na, asked",TRUE,
016,F,retirf1,binary,not mentioned(0),0,not mentioned,FALSE,
016,F,retirf1,binary,mentioned(1),1,mentioned,FALSE,
016,G,retirf1,binary,"na, see C/D/E/F/GRETIFUT(-2)",-2,"na, see C/D/E/F/GRETIFUT",TRUE,
016,G,retirf1,binary,"na, asked(-1)",-1,"na, asked",TRUE,
016,G,retirf1,binary,not mentioned(0),0,not mentioned,FALSE,
016,G,retirf1,binary,mentioned(1),1,mentioned,FALSE,
016,C,retirf2,binary,"see c/d/e/f/gretirf1 -> na, see C/D/E/F/GRETIFUT(-2)",-2,"na, see C/D/E/F/GRETIFUT",TRUE,
016,C,retirf2,binary,"see c/d/e/f/gretirf1 -> na, asked(-1)",-1,"na, asked",TRUE,
016,C,retirf2,binary,see c/d/e/f/gretirf1 -> not mentioned(0),0,not mentioned,FALSE,
016,C,retirf2,binary,see c/d/e/f/gretirf1 -> mentioned(1),1,mentioned,FALSE,
016,D,retirf2,binary,"see c/d/e/f/gretirf1 -> na, see C/D/E/F/GRETIFUT(-2)",-2,"na, see C/D/E/F/GRETIFUT",TRUE,
016,D,retirf2,binary,"see c/d/e/f/gretirf1 -> na, asked(-1)",-1,"na, asked",TRUE,
016,D,retirf2,binary,see c/d/e/f/gretirf1 -> not mentioned(0),0,not mentioned,FALSE,
016,D,retirf2,binary,see c/d/e/f/gretirf1 -> mentioned(1),1,mentioned,FALSE,
016,E,retirf2,binary,"see c/d/e/f/gretirf1 -> na, see C/D/E/F/GRETIFUT(-2)",-2,"na, see C/D/E/F/GRETIFUT",TRUE,
016,E,retirf2,binary,"see c/d/e/f/gretirf1 -> na, asked(-1)",-1,"na, asked",TRUE,
016,E,retirf2,binary,see c/d/e/f/gretirf1 -> not mentioned(0),0,not mentioned,FALSE,
016,E,retirf2,binary,see c/d/e/f/gretirf1 -> mentioned(1),1,mentioned,FALSE,
016,F,retirf2,binary,"see c/d/e/f/gretirf1 -> na, see C/D/E/F/GRETIFUT(-2)",-2,"na, see C/D/E/F/GRETIFUT",TRUE,
016,F,retirf2,binary,"see c/d/e/f/gretirf1 -> na, asked(-1)",-1,"na, asked",TRUE,
016,F,retirf2,binary,see c/d/e/f/gretirf1 -> not mentioned(0),0,not mentioned,FALSE,
016,F,retirf2,binary,see c/d/e/f/gretirf1 -> mentioned(1),1,mentioned,FALSE,
016,G,retirf2,binary,"see c/d/e/f/gretirf1 -> na, see C/D/E/F/GRETIFUT(-2)",-2,"na, see C/D/E/F/GRETIFUT",TRUE,
016,G,retirf2,binary,"see c/d/e/f/gretirf1 -> na, asked(-1)",-1,"na, asked",TRUE,
016,G,retirf2,binary,see c/d/e/f/gretirf1 -> not mentioned(0),0,not mentioned,FALSE,
016,G,retirf2,binary,see c/d/e/f/gretirf1 -> mentioned(1),1,mentioned,FALSE,
016,C,retirf3,binary,"see c/d/e/f/gretirf1 -> na, see C/D/E/F/GRETIFUT(-2)",-2,"na, see C/D/E/F/GRETIFUT",TRUE,
016,C,retirf3,binary,"see c/d/e/f/gretirf1 -> na, asked(-1)",-1,"na, asked",TRUE,
016,C,retirf3,binary,see c/d/e/f/gretirf1 -> not mentioned(0),0,not mentioned,FALSE,
016,C,retirf3,binary,see c/d/e/f/gretirf1 -> mentioned(1),1,mentioned,FALSE,
016,D,retirf3,binary,"see c/d/e/f/gretirf1 -> na, see C/D/E/F/GRETIFUT(-2)",-2,"na, see C/D/E/F/GRETIFUT",TRUE,
016,D,retirf3,binary,"see c/d/e/f/gretirf1 -> na, asked(-1)",-1,"na, asked",TRUE,
016,D,retirf3,binary,see c/d/e/f/gretirf1 -> not mentioned(0),0,not mentioned,FALSE,
016,D,retirf3,binary,see c/d/e/f/gretirf1 -> mentioned(1),1,mentioned,FALSE,
016,E,retirf3,binary,"see c/d/e/f/gretirf1 -> na, see C/D/E/F/GRETIFUT(-2)",-2,"na, see C/D/E/F/GRETIFUT",TRUE,
016,E,retirf3,binary,"see c/d/e/f/gretirf1 -> na, asked(-1)",-1,"na, asked",TRUE,
016,E,retirf3,binary,see c/d/e/f/gretirf1 -> not mentioned(0),0,not mentioned,FALSE,
016,E,retirf3,binary,see c/d/e/f/gretirf1 -> mentioned(1),1,mentioned,FALSE,
016,F,retirf3,binary,"see c/d/e/f/gretirf1 -> na, see C/D/E/F/GRETIFUT(-2)",-2,"na, see C/D/E/F/GRETIFUT",TRUE,
016,F,retirf3,binary,"see c/d/e/f/gretirf1 -> na, asked(-1)",-1,"na, asked",TRUE,
016,F,retirf3,binary,see c/d/e/f/gretirf1 -> not mentioned(0),0,not mentioned,FALSE,
016,F,retirf3,binary,see c/d/e/f/gretirf1 -> mentioned(1),1,mentioned,FALSE,
016,G,retirf3,binary,"see c/d/e/f/gretirf1 -> na, see C/D/E/F/GRETIFUT(-2)",-2,"na, see C/D/E/F/GRETIFUT",TRUE,
016,G,retirf3,binary,"see c/d/e/f/gretirf1 -> na, asked(-1)",-1,"na, asked",TRUE,
016,G,retirf3,binary,see c/d/e/f/gretirf1 -> not mentioned(0),0,not mentioned,FALSE,
016,G,retirf3,binary,see c/d/e/f/gretirf1 -> mentioned(1),1,mentioned,FALSE,
016,C,retirf4,binary,"see c/d/e/f/gretirf1 -> na, see C/D/E/F/GRETIFUT(-2)",-2,"na, see C/D/E/F/GRETIFUT",TRUE,
016,C,retirf4,binary,"see c/d/e/f/gretirf1 -> na, asked(-1)",-1,"na, asked",TRUE,
016,C,retirf4,binary,see c/d/e/f/gretirf1 -> not mentioned(0),0,not mentioned,FALSE,
016,C,retirf4,binary,see c/d/e/f/gretirf1 -> mentioned(1),1,mentioned,FALSE,
016,D,retirf4,binary,"see c/d/e/f/gretirf1 -> na, see C/D/E/F/GRETIFUT(-2)",-2,"na, see C/D/E/F/GRETIFUT",TRUE,
016,D,retirf4,binary,"see c/d/e/f/gretirf1 -> na, asked(-1)",-1,"na, asked",TRUE,
016,D,retirf4,binary,see c/d/e/f/gretirf1 -> not mentioned(0),0,not mentioned,FALSE,
016,D,retirf4,binary,see c/d/e/f/gretirf1 -> mentioned(1),1,mentioned,FALSE,
016,E,retirf4,binary,"see c/d/e/f/gretirf1 -> na, see C/D/E/F/GRETIFUT(-2)",-2,"na, see C/D/E/F/GRETIFUT",TRUE,
016,E,retirf4,binary,"see c/d/e/f/gretirf1 -> na, asked(-1)",-1,"na, asked",TRUE,
016,E,retirf4,binary,see c/d/e/f/gretirf1 -> not mentioned(0),0,not mentioned,FALSE,
016,E,retirf4,binary,see c/d/e/f/gretirf1 -> mentioned(1),1,mentioned,FALSE,
016,F,retirf4,binary,"see c/d/e/f/gretirf1 -> na, see C/D/E/F/GRETIFUT(-2)",-2,"na, see C/D/E/F/GRETIFUT",TRUE,
016,F,retirf4,binary,"see c/d/e/f/gretirf1 -> na, asked(-1)",-1,"na, asked",TRUE,
016,F,retirf4,binary,see c/d/e/f/gretirf1 -> not mentioned(0),0,not mentioned,FALSE,
016,F,retirf4,binary,see c/d/e/f/gretirf1 -> mentioned(1),1,mentioned,FALSE,
016,G,retirf4,binary,"see c/d/e/f/gretirf1 -> na, see C/D/E/F/GRETIFUT(-2)",-2,"na, see C/D/E/F/GRETIFUT",TRUE,
016,G,retirf4,binary,"see c/d/e/f/gretirf1 -> na, asked(-1)",-1,"na, asked",TRUE,
016,G,retirf4,binary,see c/d/e/f/gretirf1 -> not mentioned(0),0,not mentioned,FALSE,
016,G,retirf4,binary,see c/d/e/f/gretirf1 -> mentioned(1),1,mentioned,FALSE,
016,C,retirf5,binary,"see c/d/e/f/gretirf1 -> na, see C/D/E/F/GRETIFUT(-2)",-2,"na, see C/D/E/F/GRETIFUT",TRUE,
016,C,retirf5,binary,"see c/d/e/f/gretirf1 -> na, asked(-1)",-1,"na, asked",TRUE,
016,C,retirf5,binary,see c/d/e/f/gretirf1 -> not mentioned(0),0,not mentioned,FALSE,
016,C,retirf5,binary,see c/d/e/f/gretirf1 -> mentioned(1),1,mentioned,FALSE,
016,D,retirf5,binary,"see c/d/e/f/gretirf1 -> na, see C/D/E/F/GRETIFUT(-2)",-2,"na, see C/D/E/F/GRETIFUT",TRUE,
016,D,retirf5,binary,"see c/d/e/f/gretirf1 -> na, asked(-1)",-1,"na, asked",TRUE,
016,D,retirf5,binary,see c/d/e/f/gretirf1 -> not mentioned(0),0,not mentioned,FALSE,
016,D,retirf5,binary,see c/d/e/f/gretirf1 -> mentioned(1),1,mentioned,FALSE,
016,E,retirf5,binary,"see c/d/e/f/gretirf1 -> na, see C/D/E/F/GRETIFUT(-2)",-2,"na, see C/D/E/F/GRETIFUT",TRUE,
016,E,retirf5,binary,"see c/d/e/f/gretirf1 -> na, asked(-1)",-1,"na, asked",TRUE,
016,E,retirf5,binary,see c/d/e/f/gretirf1 -> not mentioned(0),0,not mentioned,FALSE,
016,E,retirf5,binary,see c/d/e/f/gretirf1 -> mentioned(1),1,mentioned,FALSE,
016,F,retirf5,binary,"see c/d/e/f/gretirf1 -> na, see C/D/E/F/GRETIFUT(-2)",-2,"na, see C/D/E/F/GRETIFUT",TRUE,
016,F,retirf5,binary,"see c/d/e/f/gretirf1 -> na, asked(-1)",-1,"na, asked",TRUE,
016,F,retirf5,binary,see c/d/e/f/gretirf1 -> not mentioned(0),0,not mentioned,FALSE,
016,F,retirf5,binary,see c/d/e/f/gretirf1 -> mentioned(1),1,mentioned,FALSE,
016,G,retirf5,binary,"see c/d/e/f/gretirf1 -> na, see C/D/E/F/GRETIFUT(-2)",-2,"na, see C/D/E/F/GRETIFUT",TRUE,
016,G,retirf5,binary,"see c/d/e/f/gretirf1 -> na, asked(-1)",-1,"na, asked",TRUE,
016,G,retirf5,binary,see c/d/e/f/gretirf1 -> not mentioned(0),0,not mentioned,FALSE,
016,G,retirf5,binary,see c/d/e/f/gretirf1 -> mentioned(1),1,mentioned,FALSE,
016,C,retirf6,binary,"see c/d/e/f/gretirf1 -> na, see C/D/E/F/GRETIFUT(-2)",-2,"na, see C/D/E/F/GRETIFUT",TRUE,
016,C,retirf6,binary,"see c/d/e/f/gretirf1 -> na, asked(-1)",-1,"na, asked",TRUE,
016,C,retirf6,binary,see c/d/e/f/gretirf1 -> not mentioned(0),0,not mentioned,FALSE,
016,C,retirf6,binary,see c/d/e/f/gretirf1 -> mentioned(1),1,mentioned,FALSE,
016,D,retirf6,binary,"see c/d/e/f/gretirf1 -> na, see C/D/E/F/GRETIFUT(-2)",-2,"na, see C/D/E/F/GRETIFUT",TRUE,
016,D,retirf6,binary,"see c/d/e/f/gretirf1 -> na, asked(-1)",-1,"na, asked",TRUE,
016,D,retirf6,binary,see c/d/e/f/gretirf1 -> not mentioned(0),0,not mentioned,FALSE,
016,D,retirf6,binary,see c/d/e/f/gretirf1 -> mentioned(1),1,mentioned,FALSE,
016,E,retirf6,binary,"see c/d/e/f/gretirf1 -> na, see C/D/E/F/GRETIFUT(-2)",-2,"na, see C/D/E/F/GRETIFUT",TRUE,
016,E,retirf6,binary,"see c/d/e/f/gretirf1 -> na, asked(-1)",-1,"na, asked",TRUE,
016,E,retirf6,binary,see c/d/e/f/gretirf1 -> not mentioned(0),0,not mentioned,FALSE,
016,E,retirf6,binary,see c/d/e/f/gretirf1 -> mentioned(1),1,mentioned,FALSE,
016,F,retirf6,binary,"see c/d/e/f/gretirf1 -> na, see C/D/E/F/GRETIFUT(-2)",-2,"na, see C/D/E/F/GRETIFUT",TRUE,
016,F,retirf6,binary,"see c/d/e/f/gretirf1 -> na, asked(-1)",-1,"na, asked",TRUE,
016,F,retirf6,binary,see c/d/e/f/gretirf1 -> not mentioned(0),0,not mentioned,FALSE,
016,F,retirf6,binary,see c/d/e/f/gretirf1 -> mentioned(1),1,mentioned,FALSE,
016,G,retirf6,binary,"see c/d/e/f/gretirf1 -> na, see C/D/E/F/GRETIFUT(-2)",-2,"na, see C/D/E/F/GRETIFUT",TRUE,
016,G,retirf6,binary,"see c/d/e/f/gretirf1 -> na, asked(-1)",-1,"na, asked",TRUE,
016,G,retirf6,binary,see c/d/e/f/gretirf1 -> not mentioned(0),0,not mentioned,FALSE,
016,G,retirf6,binary,see c/d/e/f/gretirf1 -> mentioned(1),1,mentioned,FALSE,
016,G,retivol,categorical,"na, wrong skip(-3)",-3,"na, wrong skip",TRUE,
016,G,retivol,categorical,"na, see G/JOBC(-2)",-2,"na, see G/JOBC",TRUE,
016,G,retivol,categorical,"na, asked(-1)",-1,"na, asked",TRUE,
016,G,retivol,categorical,"no, not retired(1)",1,"no, not retired",FALSE,
016,G,retivol,categorical,"yes, retired entirely voluntarily(2)",2,"yes, retired entirely voluntarily",FALSE,
016,G,retivol,categorical,"yes, retired but not entirely voluntarily(3)",3,"yes, retired but not entirely voluntarily",FALSE,
016,2B,job1,binary,"na, interview terminated(-5)",-5,"na, interview terminated",TRUE,
016,2B,job1,binary,"na, asked(-1)",-1,"na, asked",TRUE,
016,2B,job1,binary,no(1),1,no,FALSE,
016,2B,job1,binary,yes(2),2,yes,FALSE,
016,2B,cjsbc92,categorical,"na, wrong skip(-3)",-3,"na, wrong skip",TRUE,
016,2B,cjsbc92,categorical,"na, see BJOB1(-2)",-2,"na, see BJOB1",TRUE,
016,2B,cjsbc92,categorical,"na, asked(-1)",-1,"na, asked",TRUE,
016,2B,cjsbc92,categorical,- to be coded -(0),0,- to be coded -,FALSE,
016,2B,cjclass,categorical,"na, wrong skip(-3)",-3,"na, wrong skip",TRUE,
016,2B,cjclass,categorical,"na, see BCJSBC92(-2)",-2,"na, see BCJSBC92",TRUE,
016,2B,cjclass,categorical,unknown(-1),-1,unknown,TRUE,
016,2B,cjclass,categorical,- to be coded -(0),0,- to be coded -,FALSE,
016,2B,cjclass,categorical,see table *A SBC92 -> elementary occupations(11),11,elementary occupations,FALSE,
016,2B,cjclass,categorical,see table *A SBC92 -> lower non-specialized occupations(21),21,lower non-specialized occupations,FALSE,
016,2B,cjclass,categorical,see table *A SBC92 -> lower teaching & instruction occupations(22),22,lower teaching & instruction occupations,FALSE,
016,2B,cjclass,categorical,see table *A SBC92 -> lower agricultural occupations(24),24,lower agricultural occupations,FALSE,
016,2B,cjclass,categorical,see table *A SBC92 -> lower natural science occupations(25),25,lower natural science occupations,FALSE,
016,2B,cjclass,categorical,see table *A SBC92 -> lower technical occupations(26),26,lower technical occupations,FALSE,
016,2B,cjclass,categorical,see table *A SBC92 -> lower transport occupations(28),28,lower transport occupations,FALSE,
016,2B,cjclass,categorical,see table *A SBC92 -> lower (para)medical occupations(29),29,lower (para)medical occupations,FALSE,
016,2B,cjclass,categorical,see table *A SBC92 -> lower administrative & commercial occupations(31),31,lower administrative & commercial occupations,FALSE,
016,2B,cjclass,categorical,see table *A SBC92 -> lower security occupations(33),33,lower security occupations,FALSE,
016,2B,cjclass,categorical,see table *A SBC92 -> lower service & care occupations(37),37,lower service & care occupations,FALSE,
016,2B,cjclass,categorical,see table *A SBC92 -> medium teaching & instruction occupations(42),42,medium teaching & instruction occupations,FALSE,
016,2B,cjclass,categorical,see table *A SBC92 -> medium agricultural occupations(44),44,medium agricultural occupations,FALSE,
016,2B,cjclass,categorical,see table *A SBC92 -> medium natural science occupations(45),45,medium natural science occupations,FALSE,
016,2B,cjclass,categorical,see table *A SBC92 -> medium technical occupations(46),46,medium technical occupations,FALSE,
016,2B,cjclass,categorical,see table *A SBC92 -> medium transport occupations(48),48,medium transport occupations,FALSE,
016,2B,cjclass,categorical,see table *A SBC92 -> medium (para)medical occupations(49),49,medium (para)medical occupations,FALSE,
016,2B,cjclass,categorical,see table *A SBC92 -> medium administrative & commercial occupations(51),51,medium administrative & commercial occupations,FALSE,
016,2B,cjclass,categorical,see table *A SBC92 -> medium juridical & security occupations(53),53,medium juridical & security occupations,FALSE,
016,2B,cjclass,categorical,see table *A SBC92 -> medium linguistic & cultural occupations(55),55,medium linguistic & cultural occupations,FALSE,
016,2B,cjclass,categorical,see table *A SBC92 -> medium social occupations(56),56,medium social occupations,FALSE,
016,2B,cjclass,categorical,see table *A SBC92 -> medium service & care occupations(57),57,medium service & care occupations,FALSE,
016,2B,cjclass,categorical,see table *A SBC92 -> higher pedagogical occupations(62),62,higher pedagogical occupations,FALSE,
016,2B,cjclass,categorical,see table *A SBC92 -> higher agricultural occupations(64),64,higher agricultural occupations,FALSE,
016,2B,cjclass,categorical,see table *A SBC92 -> higher natural science occupations(65),65,higher natural science occupations,FALSE,
016,2B,cjclass,categorical,see table *A SBC92 -> higher technical occupations(66),66,higher technical occupations,FALSE,
016,2B,cjclass,categorical,see table *A SBC92 -> higher transport occupations(68),68,higher transport occupations,FALSE,
016,2B,cjclass,categorical,see table *A SBC92 -> higher (para)medical occupations(69),69,higher (para)medical occupations,FALSE,
016,2B,cjclass,categorical,see table *A SBC92 -> higher administrative & commercial occupations(71),71,higher administrative & commercial occupations,FALSE,
016,2B,cjclass,categorical,see table *A SBC92 -> higher juridical & security occupations(73),73,higher juridical & security occupations,FALSE,
016,2B,cjclass,categorical,see table *A SBC92 -> higher linguistic & cultural occupations(75),75,higher linguistic & cultural occupations,FALSE,
016,2B,cjclass,categorical,see table *A SBC92 -> higher social occupations(76),76,higher social occupations,FALSE,
016,2B,cjclass,categorical,see table *A SBC92 -> higher service & care occupations(77),77,higher service & care occupations,FALSE,
016,2B,cjclass,categorical,see table *A SBC92 -> higher managers(78),78,higher managers,FALSE,
016,2B,cjclass,categorical,see table *A SBC92 -> scientific pedagogical occupations(82),82,scientific pedagogical occupations,FALSE,
016,2B,cjclass,categorical,see table *A SBC92 -> scientific agricultural occupations(84),84,scientific agricultural occupations,FALSE,
016,2B,cjclass,categorical,see table *A SBC92 -> scientific natural science occupations(85),85,scientific natural science occupations,FALSE,
016,2B,cjclass,categorical,see table *A SBC92 -> scientific technical occupations(86),86,scientific technical occupations,FALSE,
016,2B,cjclass,categorical,see table *A SBC92 -> scientific (para)medical occupations(89),89,scientific (para)medical occupations,FALSE,
016,2B,cjclass,categorical,see table *A SBC92 -> scientific administrative & economic occupations(91),91,scientific administrative & economic occupations,FALSE,
016,2B,cjclass,categorical,see table *A SBC92 -> scientific juridical & policy occupations(93),93,scientific juridical & policy occupations,FALSE,
016,2B,cjclass,categorical,see table *A SBC92 -> scientific social occupations(96),96,scientific social occupations,FALSE,
016,2B,cjclass,categorical,see table *A SBC92 -> scientific managers(98),98,scientific managers,FALSE,
016,2B,cjlevel,ordinal,"na, wrong skip(-3)",-3,"na, wrong skip",TRUE,
016,2B,cjlevel,ordinal,"na, see BCJSBC92(-2)",-2,"na, see BCJSBC92",TRUE,
016,2B,cjlevel,ordinal,unknown(-1),-1,unknown,TRUE,
016,2B,cjlevel,ordinal,- to be coded -(0),0,- to be coded -,FALSE,
016,2B,cjlevel,ordinal,see table *F Skill / work level -> elementary(1),1,elementary,FALSE,
016,2B,cjlevel,ordinal,see table *F Skill / work level -> low(2),2,low,FALSE,
016,2B,cjlevel,ordinal,see table *F Skill / work level -> medium(3),3,medium,FALSE,
016,2B,cjlevel,ordinal,see table *F Skill / work level -> high(4),4,high,FALSE,
016,2B,cjlevel,ordinal,see table *F Skill / work level -> scientific(5),5,scientific,FALSE,
016,2B,cjtype,categorical,"na, wrong skip(-3)",-3,"na, wrong skip",TRUE,
016,2B,cjtype,categorical,"na, see BCJSBC92(-2)",-2,"na, see BCJSBC92",TRUE,
016,2B,cjtype,categorical,unknown(-1),-1,unknown,TRUE,
016,2B,cjtype,categorical,- to be coded -(0),0,- to be coded -,FALSE,
016,2B,cjtype,categorical,see table *C Skill type -> general(1),1,general,FALSE,
016,2B,cjtype,categorical,see table *C Skill type -> pedagogical(2),2,pedagogical,FALSE,
016,2B,cjtype,categorical,see table *C Skill type -> agricultural(4),4,agricultural,FALSE,
016,2B,cjtype,categorical,see table *C Skill type -> natural science(5),5,natural science,FALSE,
016,2B,cjtype,categorical,see table *C Skill type -> technical(6),6,technical,FALSE,
016,2B,cjtype,categorical,see table *C Skill type -> transport(8),8,transport,FALSE,
016,2B,cjtype,categorical,see table *C Skill type -> (para)medical(9),9,(para)medical,FALSE,
016,2B,cjtype,categorical,see table *C Skill type -> administrative/commercial(11),11,administrative/commercial,FALSE,
016,2B,cjtype,categorical,see table *C Skill type -> juridical/security(13),13,juridical/security,FALSE,
016,2B,cjtype,categorical,see table *C Skill type -> cultural/linguistic(15),15,cultural/linguistic,FALSE,
016,2B,cjtype,categorical,see table *C Skill type -> social science(16),16,social science,FALSE,
016,2B,cjtype,categorical,see table *C Skill type -> care & services(17),17,care & services,FALSE,
016,2B,cjtype,categorical,see table *C Skill type -> management(18),18,management,FALSE,
016,2B,cjpresi,numeric,"na, wrong skip(-3)",-3,"na, wrong skip",TRUE,
016,2B,cjpresi,numeric,"na, see BCJSBC92(-2)",-2,"na, see BCJSBC92",TRUE,
016,2B,cjpresi,numeric,unknown(-1),-1,unknown,TRUE,
016,2B,cjpresi,numeric,- to be coded -(0),0,- to be coded -,FALSE,
016,2B,cjpresi,numeric,low prestige(13),13,NA,FALSE,
016,2B,cjpresi,numeric,high prestige(87),87,NA,FALSE,
016,2B,job6,numeric,"na, wrong skip(-3)",-3,"na, wrong skip",TRUE,
016,2B,job6,numeric,"na, see BJOB1(-2)",-2,"na, see BJOB1",TRUE,
016,2B,job6,numeric,"na, asked(-1)",-1,"na, asked",TRUE,
016,2B,jobl1,binary,"na, wrong skip(-3)",-3,"na, wrong skip",TRUE,
016,2B,jobl1,binary,"na, see BJOB1(-2)",-2,"na, see BJOB1",TRUE,
016,2B,jobl1,binary,"na, asked(-1)",-1,"na, asked",TRUE,
016,2B,jobl1,binary,no(1),1,no,FALSE,
016,2B,jobl1,binary,yes(2),2,yes,FALSE,
016,2B,jobstom,date,na wrong skip(-3),-3,na wrong skip,TRUE,
016,2B,jobstom,date,"na, see BJOBL1(-2)",-2,"na, see BJOBL1",TRUE,
016,2B,jobstom,date,"na, asked(-1)",-1,"na, asked",TRUE,
016,2B,jobstom,date,see table *B Month -> January(1),1,January,FALSE,
016,2B,jobstom,date,see table *B Month -> February(2),2,February,FALSE,
016,2B,jobstom,date,see table *B Month -> March(3),3,March,FALSE,
016,2B,jobstom,date,see table *B Month -> April(4),4,April,FALSE,
016,2B,jobstom,date,see table *B Month -> May(5),5,May,FALSE,
016,2B,jobstom,date,see table *B Month -> June(6),6,June,FALSE,
016,2B,jobstom,date,see table *B Month -> July(7),7,July,FALSE,
016,2B,jobstom,date,see table *B Month -> August(8),8,August,FALSE,
016,2B,jobstom,date,see table *B Month -> September(9),9,September,FALSE,
016,2B,jobstom,date,see table *B Month -> October(10),10,October,FALSE,
016,2B,jobstom,date,see table *B Month -> November(11),11,November,FALSE,
016,2B,jobstom,date,see table *B Month -> December(12),12,December,FALSE,
016,2B,jobstoy,date,"na, wrong skip(-3)",-3,"na, wrong skip",TRUE,
016,2B,jobstoy,date,"na, see BJOBL1(-2)",-2,"na, see BJOBL1",TRUE,
016,2B,jobstoy,date,"na, asked(-1)",-1,"na, asked",TRUE,
016,2B,rlsbc92,categorical,"na, wrong skip(-3)",-3,"na, wrong skip",TRUE,
016,2B,rlsbc92,categorical,"na, see BJOB1(-2)",-2,"na, see BJOB1",TRUE,
016,2B,rlsbc92,categorical,"na, asked(-1)",-1,"na, asked",TRUE,
016,2B,rlsbc92,categorical,- to be coded -(0),0,- to be coded -,FALSE,
016,2B,rlclass,categorical,"na, wrong skip(-3)",-3,"na, wrong skip",TRUE,
016,2B,rlclass,categorical,"na, see BRLSBC92(-2)",-2,"na, see BRLSBC92",TRUE,
016,2B,rlclass,categorical,unknown(-1),-1,unknown,TRUE,
016,2B,rlclass,categorical,- to be coded -(0),0,- to be coded -,FALSE,
016,2B,rlclass,categorical,see table *A SBC92 -> elementary occupations(11),11,elementary occupations,FALSE,
016,2B,rlclass,categorical,see table *A SBC92 -> lower non-specialized occupations(21),21,lower non-specialized occupations,FALSE,
016,2B,rlclass,categorical,see table *A SBC92 -> lower teaching & instruction occupations(22),22,lower teaching & instruction occupations,FALSE,
016,2B,rlclass,categorical,see table *A SBC92 -> lower agricultural occupations(24),24,lower agricultural occupations,FALSE,
016,2B,rlclass,categorical,see table *A SBC92 -> lower natural science occupations(25),25,lower natural science occupations,FALSE,
016,2B,rlclass,categorical,see table *A SBC92 -> lower technical occupations(26),26,lower technical occupations,FALSE,
016,2B,rlclass,categorical,see table *A SBC92 -> lower transport occupations(28),28,lower transport occupations,FALSE,
016,2B,rlclass,categorical,see table *A SBC92 -> lower (para)medical occupations(29),29,lower (para)medical occupations,FALSE,
016,2B,rlclass,categorical,see table *A SBC92 -> lower administrative & commercial occupations(31),31,lower administrative & commercial occupations,FALSE,
016,2B,rlclass,categorical,see table *A SBC92 -> lower security occupations(33),33,lower security occupations,FALSE,
016,2B,rlclass,categorical,see table *A SBC92 -> lower service & care occupations(37),37,lower service & care occupations,FALSE,
016,2B,rlclass,categorical,see table *A SBC92 -> medium teaching & instruction occupations(42),42,medium teaching & instruction occupations,FALSE,
016,2B,rlclass,categorical,see table *A SBC92 -> medium agricultural occupations(44),44,medium agricultural occupations,FALSE,
016,2B,rlclass,categorical,see table *A SBC92 -> medium natural science occupations(45),45,medium natural science occupations,FALSE,
016,2B,rlclass,categorical,see table *A SBC92 -> medium technical occupations(46),46,medium technical occupations,FALSE,
016,2B,rlclass,categorical,see table *A SBC92 -> medium transport occupations(48),48,medium transport occupations,FALSE,
016,2B,rlclass,categorical,see table *A SBC92 -> medium (para)medical occupations(49),49,medium (para)medical occupations,FALSE,
016,2B,rlclass,categorical,see table *A SBC92 -> medium administrative & commercial occupations(51),51,medium administrative & commercial occupations,FALSE,
016,2B,rlclass,categorical,see table *A SBC92 -> medium juridical & security occupations(53),53,medium juridical & security occupations,FALSE,
016,2B,rlclass,categorical,see table *A SBC92 -> medium linguistic & cultural occupations(55),55,medium linguistic & cultural occupations,FALSE,
016,2B,rlclass,categorical,see table *A SBC92 -> medium social occupations(56),56,medium social occupations,FALSE,
016,2B,rlclass,categorical,see table *A SBC92 -> medium service & care occupations(57),57,medium service & care occupations,FALSE,
016,2B,rlclass,categorical,see table *A SBC92 -> higher pedagogical occupations(62),62,higher pedagogical occupations,FALSE,
016,2B,rlclass,categorical,see table *A SBC92 -> higher agricultural occupations(64),64,higher agricultural occupations,FALSE,
016,2B,rlclass,categorical,see table *A SBC92 -> higher natural science occupations(65),65,higher natural science occupations,FALSE,
016,2B,rlclass,categorical,see table *A SBC92 -> higher technical occupations(66),66,higher technical occupations,FALSE,
016,2B,rlclass,categorical,see table *A SBC92 -> higher transport occupations(68),68,higher transport occupations,FALSE,
016,2B,rlclass,categorical,see table *A SBC92 -> higher (para)medical occupations(69),69,higher (para)medical occupations,FALSE,
016,2B,rlclass,categorical,see table *A SBC92 -> higher administrative & commercial occupations(71),71,higher administrative & commercial occupations,FALSE,
016,2B,rlclass,categorical,see table *A SBC92 -> higher juridical & security occupations(73),73,higher juridical & security occupations,FALSE,
016,2B,rlclass,categorical,see table *A SBC92 -> higher linguistic & cultural occupations(75),75,higher linguistic & cultural occupations,FALSE,
016,2B,rlclass,categorical,see table *A SBC92 -> higher social occupations(76),76,higher social occupations,FALSE,
016,2B,rlclass,categorical,see table *A SBC92 -> higher service & care occupations(77),77,higher service & care occupations,FALSE,
016,2B,rlclass,categorical,see table *A SBC92 -> higher managers(78),78,higher managers,FALSE,
016,2B,rlclass,categorical,see table *A SBC92 -> scientific pedagogical occupations(82),82,scientific pedagogical occupations,FALSE,
016,2B,rlclass,categorical,see table *A SBC92 -> scientific agricultural occupations(84),84,scientific agricultural occupations,FALSE,
016,2B,rlclass,categorical,see table *A SBC92 -> scientific natural science occupations(85),85,scientific natural science occupations,FALSE,
016,2B,rlclass,categorical,see table *A SBC92 -> scientific technical occupations(86),86,scientific technical occupations,FALSE,
016,2B,rlclass,categorical,see table *A SBC92 -> scientific (para)medical occupations(89),89,scientific (para)medical occupations,FALSE,
016,2B,rlclass,categorical,see table *A SBC92 -> scientific administrative & economic occupations(91),91,scientific administrative & economic occupations,FALSE,
016,2B,rlclass,categorical,see table *A SBC92 -> scientific juridical & policy occupations(93),93,scientific juridical & policy occupations,FALSE,
016,2B,rlclass,categorical,see table *A SBC92 -> scientific social occupations(96),96,scientific social occupations,FALSE,
016,2B,rlclass,categorical,see table *A SBC92 -> scientific managers(98),98,scientific managers,FALSE,
016,2B,rllevel,ordinal,"na, wrong skip(-3)",-3,"na, wrong skip",TRUE,
016,2B,rllevel,ordinal,"na, see BRLSBC92(-2)",-2,"na, see BRLSBC92",TRUE,
016,2B,rllevel,ordinal,unknown(-1),-1,unknown,TRUE,
016,2B,rllevel,ordinal,- to be coded -(0),0,- to be coded -,FALSE,
016,2B,rllevel,ordinal,see table *F Skill / work level -> elementary(1),1,elementary,FALSE,
016,2B,rllevel,ordinal,see table *F Skill / work level -> low(2),2,low,FALSE,
016,2B,rllevel,ordinal,see table *F Skill / work level -> medium(3),3,medium,FALSE,
016,2B,rllevel,ordinal,see table *F Skill / work level -> high(4),4,high,FALSE,
016,2B,rllevel,ordinal,see table *F Skill / work level -> scientific(5),5,scientific,FALSE,
016,2B,rltype,categorical,"na, wrong skip(-3)",-3,"na, wrong skip",TRUE,
016,2B,rltype,categorical,"na, see BRLSBC92(-2)",-2,"na, see BRLSBC92",TRUE,
016,2B,rltype,categorical,unknown(-1),-1,unknown,TRUE,
016,2B,rltype,categorical,- to be coded -(0),0,- to be coded -,FALSE,
016,2B,rltype,categorical,see table *C Skill type -> general(1),1,general,FALSE,
016,2B,rltype,categorical,see table *C Skill type -> pedagogical(2),2,pedagogical,FALSE,
016,2B,rltype,categorical,see table *C Skill type -> agricultural(4),4,agricultural,FALSE,
016,2B,rltype,categorical,see table *C Skill type -> natural science(5),5,natural science,FALSE,
016,2B,rltype,categorical,see table *C Skill type -> technical(6),6,technical,FALSE,
016,2B,rltype,categorical,see table *C Skill type -> transport(8),8,transport,FALSE,
016,2B,rltype,categorical,see table *C Skill type -> (para)medical(9),9,(para)medical,FALSE,
016,2B,rltype,categorical,see table *C Skill type -> administrative/commercial(11),11,administrative/commercial,FALSE,
016,2B,rltype,categorical,see table *C Skill type -> juridical/security(13),13,juridical/security,FALSE,
016,2B,rltype,categorical,see table *C Skill type -> cultural/linguistic(15),15,cultural/linguistic,FALSE,
016,2B,rltype,categorical,see table *C Skill type -> social science(16),16,social science,FALSE,
016,2B,rltype,categorical,see table *C Skill type -> care & services(17),17,care & services,FALSE,
016,2B,rltype,categorical,see table *C Skill type -> management(18),18,management,FALSE,
016,2B,rlpresi,numeric,"na, wrong skip(-3)",-3,"na, wrong skip",TRUE,
016,2B,rlpresi,numeric,"na, see BRLSBC92(-2)",-2,"na, see BRLSBC92",TRUE,
016,2B,rlpresi,numeric,unknown(-1),-1,unknown,TRUE,
016,2B,rlpresi,numeric,- to be coded -(0),0,- to be coded -,FALSE,
016,2B,rlpresi,numeric,low prestige(13),13,NA,FALSE,
016,2B,rlpresi,numeric,high prestige(87),87,NA,FALSE,
016,2B,jobl6,numeric,"na, wrong skip(-3)",-3,"na, wrong skip",TRUE,
016,2B,jobl6,numeric,"na, see BJOBL1(-2)",-2,"na, see BJOBL1",TRUE,
016,2B,jobl6,numeric,"na, asked(-1)",-1,"na, asked",TRUE,
016,2B,employ,binary,"na, age >= 65(-5)",-5,"na, age >= 65",TRUE,
016,2B,employ,binary,"na, wrong skip(-3)",-3,"na, wrong skip",TRUE,
016,2B,employ,binary,"na, see BJOB1(-2)",-2,"na, see BJOB1",TRUE,
016,2B,employ,binary,"na, asked(-1)",-1,"na, asked",TRUE,
016,2B,employ,binary,no(1),1,no,FALSE,
016,2B,employ,binary,yes(2),2,yes,FALSE,
016,2B,disabl,binary,"na, age >= 65(-5)",-5,"na, age >= 65",TRUE,
016,2B,disabl,binary,"na, wrong skip(-3)",-3,"na, wrong skip",TRUE,
016,2B,disabl,binary,"na, see BJOB1 & BJOBL1(-2)",-2,"na, see BJOB1 & BJOBL1",TRUE,
016,2B,disabl,binary,"na, asked(-1)",-1,"na, asked",TRUE,
016,2B,disabl,binary,no(1),1,no,FALSE,
016,2B,disabl,binary,yes(2),2,yes,FALSE,
016,2B,disablp,numeric,"na, see BDISABL(-2)",-2,"na, see BDISABL",TRUE,
016,2B,disablp,numeric,"na, asked(-1)",-1,"na, asked",TRUE,
016,2B,retired,categorical,"na, age >= 65(-5)",-5,"na, age >= 65",TRUE,
016,2B,retired,categorical,"na, wrong skip(-3)",-3,"na, wrong skip",TRUE,
016,2B,retired,categorical,"na, see BJOB1 & BJOBL1(-2)",-2,"na, see BJOB1 & BJOBL1",TRUE,
016,2B,retired,categorical,"na, asked(-1)",-1,"na, asked",TRUE,
016,2B,retired,categorical,no(1),1,no,FALSE,
016,2B,retired,categorical,"yes, partly(2)",2,"yes, partly",FALSE,
016,2B,retired,categorical,"yes, completely(3)",3,"yes, completely",FALSE,
016,2B,retifut,binary,"na, wrong skip(-3)",-3,"na, wrong skip",TRUE,
016,2B,retifut,binary,"na, see BRETIRED(-2)",-2,"na, see BRETIRED",TRUE,
016,2B,retifut,binary,"na, asked(-1)",-1,"na, asked",TRUE,
016,2B,retifut,binary,no(1),1,no,FALSE,
016,2B,retifut,binary,yes(2),2,yes,FALSE,
016,2B,work65,ordinal,"na, wrong skip(-3)",-3,"na, wrong skip",TRUE,
016,2B,work65,ordinal,"na, see BRETIRED & BJOB6(-2)",-2,"na, see BRETIRED & BJOB6",TRUE,
016,2B,work65,ordinal,"na, asked(-1)",-1,"na, asked",TRUE,
016,2B,work65,ordinal,"no, I do not think so(1)",1,"no, I do not think so",FALSE,
016,2B,work65,ordinal,I am sometimes not sure about this(2),2,I am sometimes not sure about this,FALSE,
016,2B,work65,ordinal,"yes, I do think so(3)",3,"yes, I do think so",FALSE,
016,2B,retfin,binary,"na, wrong skip(-3)",-3,"na, wrong skip",TRUE,
016,2B,retfin,binary,"na, see BRETIRED & BJOB6(-2)",-2,"na, see BRETIRED & BJOB6",TRUE,
016,2B,retfin,binary,"na, asked(-1)",-1,"na, asked",TRUE,
016,2B,retfin,binary,no(1),1,no,FALSE,
016,2B,retfin,binary,yes(2),2,yes,FALSE,
016,2B,retyr,categorical,"na, wrong skip(-3)",-3,"na, wrong skip",TRUE,
016,2B,retyr,categorical,"na, see BRETFIN(-2)",-2,"na, see BRETFIN",TRUE,
016,2B,retyr,categorical,"na, asked(-1)",-1,"na, asked",TRUE,
016,2B,retyr,categorical,stress and pressure of work too high(1),1,stress and pressure of work too high,FALSE,
016,2B,retyr,categorical,physically too heavy(2),2,physically too heavy,FALSE,
016,2B,retyr,categorical,health complaints too hampering(3),3,health complaints too hampering,FALSE,
016,2B,retyr,categorical,not motivated anymore(4),4,not motivated anymore,FALSE,
016,2B,retyr,categorical,nicer to spend more time on private life(5),5,nicer to spend more time on private life,FALSE,
016,2B,retyr,categorical,not possible anymore in the future(6),6,not possible anymore in the future,FALSE,
016,2B,retyr,categorical,other reason(7),7,other reason,FALSE,
016,2B,retnfr,categorical,"na, wrong skip(-3)",-3,"na, wrong skip",TRUE,
016,2B,retnfr,categorical,"na, see BRETFIN(-2)",-2,"na, see BRETFIN",TRUE,
016,2B,retnfr,categorical,"na, asked(-1)",-1,"na, asked",TRUE,
016,2B,retnfr,categorical,enough challenges at work(1),1,enough challenges at work,FALSE,
016,2B,retnfr,categorical,maintain social contacts(2),2,maintain social contacts,FALSE,
016,2B,retnfr,categorical,other pastime less pleasant(3),3,other pastime less pleasant,FALSE,
016,2B,retnfr,categorical,financially more favourable(4),4,financially more favourable,FALSE,
016,2B,retnfr,categorical,other reason(5),5,other reason,FALSE,
016,2B,nretr,categorical,"na, wrong skip(-3)",-3,"na, wrong skip",TRUE,
016,2B,nretr,categorical,"na, see BRETFIN(-2)",-2,"na, see BRETFIN",TRUE,
016,2B,nretr,categorical,"na, asked(-1)",-1,"na, asked",TRUE,
016,2B,nretr,categorical,enough challenges at work(1),1,enough challenges at work,FALSE,
016,2B,nretr,categorical,maintain social contacts(2),2,maintain social contacts,FALSE,
016,2B,nretr,categorical,other pastime less pleasant(3),3,other pastime less pleasant,FALSE,
016,2B,nretr,categorical,financially more favourable(4),4,financially more favourable,FALSE,
016,2B,nretr,categorical,other reason(5),5,other reason,FALSE,
016,2B,retreas,categorical,"na, wrong skip(-3)",-3,"na, wrong skip",TRUE,
016,2B,retreas,categorical,"na, see BRETIRED(-2)",-2,"na, see BRETIRED",TRUE,
016,2B,retreas,categorical,"na, asked(-1)",-1,"na, asked",TRUE,
016,2B,retreas,categorical,stress and pressure of work too high(1),1,stress and pressure of work too high,FALSE,
016,2B,retreas,categorical,physically too heavy(2),2,physically too heavy,FALSE,
016,2B,retreas,categorical,health complaints too hampering(3),3,health complaints too hampering,FALSE,
016,2B,retreas,categorical,not motivated anymore(4),4,not motivated anymore,FALSE,
016,2B,retreas,categorical,nicer to spend more time on private life(5),5,nicer to spend more time on private life,FALSE,
016,2B,retreas,categorical,not possible anymore in the future(6),6,not possible anymore in the future,FALSE,
016,2B,retreas,categorical,other reason(7),7,other reason,FALSE,
016,2B,flsbc92,categorical,"na, interview terminated(-5)",-5,"na, interview terminated",TRUE,
016,2B,flsbc92,categorical,"na, wrong skip(-3)",-3,"na, wrong skip",TRUE,
016,2B,flsbc92,categorical,"na, asked(-1)",-1,"na, asked",TRUE,
016,2B,flsbc92,categorical,- to be coded -(0),0,- to be coded -,FALSE,
016,2B,flclass,categorical,"na, wrong skip(-3)",-3,"na, wrong skip",TRUE,
016,2B,flclass,categorical,"na, see BFLSBC92(-2)",-2,"na, see BFLSBC92",TRUE,
016,2B,flclass,categorical,unknown(-1),-1,unknown,TRUE,
016,2B,flclass,categorical,- to be coded -(0),0,- to be coded -,FALSE,
016,2B,flclass,categorical,see table *A SBC92 -> elementary occupations(11),11,elementary occupations,FALSE,
016,2B,flclass,categorical,see table *A SBC92 -> lower non-specialized occupations(21),21,lower non-specialized occupations,FALSE,
016,2B,flclass,categorical,see table *A SBC92 -> lower teaching & instruction occupations(22),22,lower teaching & instruction occupations,FALSE,
016,2B,flclass,categorical,see table *A SBC92 -> lower agricultural occupations(24),24,lower agricultural occupations,FALSE,
016,2B,flclass,categorical,see table *A SBC92 -> lower natural science occupations(25),25,lower natural science occupations,FALSE,
016,2B,flclass,categorical,see table *A SBC92 -> lower technical occupations(26),26,lower technical occupations,FALSE,
016,2B,flclass,categorical,see table *A SBC92 -> lower transport occupations(28),28,lower transport occupations,FALSE,
016,2B,flclass,categorical,see table *A SBC92 -> lower (para)medical occupations(29),29,lower (para)medical occupations,FALSE,
016,2B,flclass,categorical,see table *A SBC92 -> lower administrative & commercial occupations(31),31,lower administrative & commercial occupations,FALSE,
016,2B,flclass,categorical,see table *A SBC92 -> lower security occupations(33),33,lower security occupations,FALSE,
016,2B,flclass,categorical,see table *A SBC92 -> lower service & care occupations(37),37,lower service & care occupations,FALSE,
016,2B,flclass,categorical,see table *A SBC92 -> medium teaching & instruction occupations(42),42,medium teaching & instruction occupations,FALSE,
016,2B,flclass,categorical,see table *A SBC92 -> medium agricultural occupations(44),44,medium agricultural occupations,FALSE,
016,2B,flclass,categorical,see table *A SBC92 -> medium natural science occupations(45),45,medium natural science occupations,FALSE,
016,2B,flclass,categorical,see table *A SBC92 -> medium technical occupations(46),46,medium technical occupations,FALSE,
016,2B,flclass,categorical,see table *A SBC92 -> medium transport occupations(48),48,medium transport occupations,FALSE,
016,2B,flclass,categorical,see table *A SBC92 -> medium (para)medical occupations(49),49,medium (para)medical occupations,FALSE,
016,2B,flclass,categorical,see table *A SBC92 -> medium administrative & commercial occupations(51),51,medium administrative & commercial occupations,FALSE,
016,2B,flclass,categorical,see table *A SBC92 -> medium juridical & security occupations(53),53,medium juridical & security occupations,FALSE,
016,2B,flclass,categorical,see table *A SBC92 -> medium linguistic & cultural occupations(55),55,medium linguistic & cultural occupations,FALSE,
016,2B,flclass,categorical,see table *A SBC92 -> medium social occupations(56),56,medium social occupations,FALSE,
016,2B,flclass,categorical,see table *A SBC92 -> medium service & care occupations(57),57,medium service & care occupations,FALSE,
016,2B,flclass,categorical,see table *A SBC92 -> higher pedagogical occupations(62),62,higher pedagogical occupations,FALSE,
016,2B,flclass,categorical,see table *A SBC92 -> higher agricultural occupations(64),64,higher agricultural occupations,FALSE,
016,2B,flclass,categorical,see table *A SBC92 -> higher natural science occupations(65),65,higher natural science occupations,FALSE,
016,2B,flclass,categorical,see table *A SBC92 -> higher technical occupations(66),66,higher technical occupations,FALSE,
016,2B,flclass,categorical,see table *A SBC92 -> higher transport occupations(68),68,higher transport occupations,FALSE,
016,2B,flclass,categorical,see table *A SBC92 -> higher (para)medical occupations(69),69,higher (para)medical occupations,FALSE,
016,2B,flclass,categorical,see table *A SBC92 -> higher administrative & commercial occupations(71),71,higher administrative & commercial occupations,FALSE,
016,2B,flclass,categorical,see table *A SBC92 -> higher juridical & security occupations(73),73,higher juridical & security occupations,FALSE,
016,2B,flclass,categorical,see table *A SBC92 -> higher linguistic & cultural occupations(75),75,higher linguistic & cultural occupations,FALSE,
016,2B,flclass,categorical,see table *A SBC92 -> higher social occupations(76),76,higher social occupations,FALSE,
016,2B,flclass,categorical,see table *A SBC92 -> higher service & care occupations(77),77,higher service & care occupations,FALSE,
016,2B,flclass,categorical,see table *A SBC92 -> higher managers(78),78,higher managers,FALSE,
016,2B,flclass,categorical,see table *A SBC92 -> scientific pedagogical occupations(82),82,scientific pedagogical occupations,FALSE,
016,2B,flclass,categorical,see table *A SBC92 -> scientific agricultural occupations(84),84,scientific agricultural occupations,FALSE,
016,2B,flclass,categorical,see table *A SBC92 -> scientific natural science occupations(85),85,scientific natural science occupations,FALSE,
016,2B,flclass,categorical,see table *A SBC92 -> scientific technical occupations(86),86,scientific technical occupations,FALSE,
016,2B,flclass,categorical,see table *A SBC92 -> scientific (para)medical occupations(89),89,scientific (para)medical occupations,FALSE,
016,2B,flclass,categorical,see table *A SBC92 -> scientific administrative & economic occupations(91),91,scientific administrative & economic occupations,FALSE,
016,2B,flclass,categorical,see table *A SBC92 -> scientific juridical & policy occupations(93),93,scientific juridical & policy occupations,FALSE,
016,2B,flclass,categorical,see table *A SBC92 -> scientific social occupations(96),96,scientific social occupations,FALSE,
016,2B,flclass,categorical,see table *A SBC92 -> scientific managers(98),98,scientific managers,FALSE,
016,2B,fllevel,ordinal,"na, wrong skip(-3)",-3,"na, wrong skip",TRUE,
016,2B,fllevel,ordinal,"na, see BFLSBC92(-2)",-2,"na, see BFLSBC92",TRUE,
016,2B,fllevel,ordinal,unknown(-1),-1,unknown,TRUE,
016,2B,fllevel,ordinal,- to be coded -(0),0,- to be coded -,FALSE,
016,2B,fllevel,ordinal,see table *F Skill / work level -> elementary(1),1,elementary,FALSE,
016,2B,fllevel,ordinal,see table *F Skill / work level -> low(2),2,low,FALSE,
016,2B,fllevel,ordinal,see table *F Skill / work level -> medium(3),3,medium,FALSE,
016,2B,fllevel,ordinal,see table *F Skill / work level -> high(4),4,high,FALSE,
016,2B,fllevel,ordinal,see table *F Skill / work level -> scientific(5),5,scientific,FALSE,
016,2B,fltype,categorical,"na, wrong skip(-3)",-3,"na, wrong skip",TRUE,
016,2B,fltype,categorical,"na, see BFLSBC92(-2)",-2,"na, see BFLSBC92",TRUE,
016,2B,fltype,categorical,unknown(-1),-1,unknown,TRUE,
016,2B,fltype,categorical,- to be coded -(0),0,- to be coded -,FALSE,
016,2B,fltype,categorical,see table *C Skill type -> general(1),1,general,FALSE,
016,2B,fltype,categorical,see table *C Skill type -> pedagogical(2),2,pedagogical,FALSE,
016,2B,fltype,categorical,see table *C Skill type -> agricultural(4),4,agricultural,FALSE,
016,2B,fltype,categorical,see table *C Skill type -> natural science(5),5,natural science,FALSE,
016,2B,fltype,categorical,see table *C Skill type -> technical(6),6,technical,FALSE,
016,2B,fltype,categorical,see table *C Skill type -> transport(8),8,transport,FALSE,
016,2B,fltype,categorical,see table *C Skill type -> (para)medical(9),9,(para)medical,FALSE,
016,2B,fltype,categorical,see table *C Skill type -> administrative/commercial(11),11,administrative/commercial,FALSE,
016,2B,fltype,categorical,see table *C Skill type -> juridical/security(13),13,juridical/security,FALSE,
016,2B,fltype,categorical,see table *C Skill type -> cultural/linguistic(15),15,cultural/linguistic,FALSE,
016,2B,fltype,categorical,see table *C Skill type -> social science(16),16,social science,FALSE,
016,2B,fltype,categorical,see table *C Skill type -> care & services(17),17,care & services,FALSE,
016,2B,fltype,categorical,see table *C Skill type -> management(18),18,management,FALSE,
016,2B,flpresi,numeric,"na, wrong skip(-3)",-3,"na, wrong skip",TRUE,
016,2B,flpresi,numeric,"na, see BFLSBC92(-2)",-2,"na, see BFLSBC92",TRUE,
016,2B,flpresi,numeric,unknown(-1),-1,unknown,TRUE,
016,2B,flpresi,numeric,- to be coded -(0),0,- to be coded -,FALSE,
016,2B,flpresi,numeric,low prestige(13),13,NA,FALSE,
016,2B,flpresi,numeric,high prestige(87),87,NA,FALSE,
016,2B,pjob1,binary,"na, interview terminated(-5)",-5,"na, interview terminated",TRUE,
016,2B,pjob1,binary,"na, no household partner(-4)",-4,"na, no household partner",TRUE,
016,2B,pjob1,binary,"na, asked(-1)",-1,"na, asked",TRUE,
016,2B,pjob1,binary,no(1),1,no,FALSE,
016,2B,pjob1,binary,yes(2),2,yes,FALSE,
016,2B,pcsbc92,categorical,"na, wrong skip(-3)",-3,"na, wrong skip",TRUE,
016,2B,pcsbc92,categorical,"na, see BPJOB1(-2)",-2,"na, see BPJOB1",TRUE,
016,2B,pcsbc92,categorical,"na, asked(-1)",-1,"na, asked",TRUE,
016,2B,pcsbc92,categorical,- to be coded -(0),0,- to be coded -,FALSE,
016,2B,pcclass,categorical,"na, wrong skip(-3)",-3,"na, wrong skip",TRUE,
016,2B,pcclass,categorical,"na, see BPCSBC92(-2)",-2,"na, see BPCSBC92",TRUE,
016,2B,pcclass,categorical,unknown(-1),-1,unknown,TRUE,
016,2B,pcclass,categorical,- to be coded -(0),0,- to be coded -,FALSE,
016,2B,pcclass,categorical,see table *A SBC92 -> elementary occupations(11),11,elementary occupations,FALSE,
016,2B,pcclass,categorical,see table *A SBC92 -> lower non-specialized occupations(21),21,lower non-specialized occupations,FALSE,
016,2B,pcclass,categorical,see table *A SBC92 -> lower teaching & instruction occupations(22),22,lower teaching & instruction occupations,FALSE,
016,2B,pcclass,categorical,see table *A SBC92 -> lower agricultural occupations(24),24,lower agricultural occupations,FALSE,
016,2B,pcclass,categorical,see table *A SBC92 -> lower natural science occupations(25),25,lower natural science occupations,FALSE,
016,2B,pcclass,categorical,see table *A SBC92 -> lower technical occupations(26),26,lower technical occupations,FALSE,
016,2B,pcclass,categorical,see table *A SBC92 -> lower transport occupations(28),28,lower transport occupations,FALSE,
016,2B,pcclass,categorical,see table *A SBC92 -> lower (para)medical occupations(29),29,lower (para)medical occupations,FALSE,
016,2B,pcclass,categorical,see table *A SBC92 -> lower administrative & commercial occupations(31),31,lower administrative & commercial occupations,FALSE,
016,2B,pcclass,categorical,see table *A SBC92 -> lower security occupations(33),33,lower security occupations,FALSE,
016,2B,pcclass,categorical,see table *A SBC92 -> lower service & care occupations(37),37,lower service & care occupations,FALSE,
016,2B,pcclass,categorical,see table *A SBC92 -> medium teaching & instruction occupations(42),42,medium teaching & instruction occupations,FALSE,
016,2B,pcclass,categorical,see table *A SBC92 -> medium agricultural occupations(44),44,medium agricultural occupations,FALSE,
016,2B,pcclass,categorical,see table *A SBC92 -> medium natural science occupations(45),45,medium natural science occupations,FALSE,
016,2B,pcclass,categorical,see table *A SBC92 -> medium technical occupations(46),46,medium technical occupations,FALSE,
016,2B,pcclass,categorical,see table *A SBC92 -> medium transport occupations(48),48,medium transport occupations,FALSE,
016,2B,pcclass,categorical,see table *A SBC92 -> medium (para)medical occupations(49),49,medium (para)medical occupations,FALSE,
016,2B,pcclass,categorical,see table *A SBC92 -> medium administrative & commercial occupations(51),51,medium administrative & commercial occupations,FALSE,
016,2B,pcclass,categorical,see table *A SBC92 -> medium juridical & security occupations(53),53,medium juridical & security occupations,FALSE,
016,2B,pcclass,categorical,see table *A SBC92 -> medium linguistic & cultural occupations(55),55,medium linguistic & cultural occupations,FALSE,
016,2B,pcclass,categorical,see table *A SBC92 -> medium social occupations(56),56,medium social occupations,FALSE,
016,2B,pcclass,categorical,see table *A SBC92 -> medium service & care occupations(57),57,medium service & care occupations,FALSE,
016,2B,pcclass,categorical,see table *A SBC92 -> higher pedagogical occupations(62),62,higher pedagogical occupations,FALSE,
016,2B,pcclass,categorical,see table *A SBC92 -> higher agricultural occupations(64),64,higher agricultural occupations,FALSE,
016,2B,pcclass,categorical,see table *A SBC92 -> higher natural science occupations(65),65,higher natural science occupations,FALSE,
016,2B,pcclass,categorical,see table *A SBC92 -> higher technical occupations(66),66,higher technical occupations,FALSE,
016,2B,pcclass,categorical,see table *A SBC92 -> higher transport occupations(68),68,higher transport occupations,FALSE,
016,2B,pcclass,categorical,see table *A SBC92 -> higher (para)medical occupations(69),69,higher (para)medical occupations,FALSE,
016,2B,pcclass,categorical,see table *A SBC92 -> higher administrative & commercial occupations(71),71,higher administrative & commercial occupations,FALSE,
016,2B,pcclass,categorical,see table *A SBC92 -> higher juridical & security occupations(73),73,higher juridical & security occupations,FALSE,
016,2B,pcclass,categorical,see table *A SBC92 -> higher linguistic & cultural occupations(75),75,higher linguistic & cultural occupations,FALSE,
016,2B,pcclass,categorical,see table *A SBC92 -> higher social occupations(76),76,higher social occupations,FALSE,
016,2B,pcclass,categorical,see table *A SBC92 -> higher service & care occupations(77),77,higher service & care occupations,FALSE,
016,2B,pcclass,categorical,see table *A SBC92 -> higher managers(78),78,higher managers,FALSE,
016,2B,pcclass,categorical,see table *A SBC92 -> scientific pedagogical occupations(82),82,scientific pedagogical occupations,FALSE,
016,2B,pcclass,categorical,see table *A SBC92 -> scientific agricultural occupations(84),84,scientific agricultural occupations,FALSE,
016,2B,pcclass,categorical,see table *A SBC92 -> scientific natural science occupations(85),85,scientific natural science occupations,FALSE,
016,2B,pcclass,categorical,see table *A SBC92 -> scientific technical occupations(86),86,scientific technical occupations,FALSE,
016,2B,pcclass,categorical,see table *A SBC92 -> scientific (para)medical occupations(89),89,scientific (para)medical occupations,FALSE,
016,2B,pcclass,categorical,see table *A SBC92 -> scientific administrative & economic occupations(91),91,scientific administrative & economic occupations,FALSE,
016,2B,pcclass,categorical,see table *A SBC92 -> scientific juridical & policy occupations(93),93,scientific juridical & policy occupations,FALSE,
016,2B,pcclass,categorical,see table *A SBC92 -> scientific social occupations(96),96,scientific social occupations,FALSE,
016,2B,pcclass,categorical,see table *A SBC92 -> scientific managers(98),98,scientific managers,FALSE,
016,2B,pclevel,ordinal,"na, wrong skip(-3)",-3,"na, wrong skip",TRUE,
016,2B,pclevel,ordinal,"na, see BPCSBC92(-2)",-2,"na, see BPCSBC92",TRUE,
016,2B,pclevel,ordinal,unknown(-1),-1,unknown,TRUE,
016,2B,pclevel,ordinal,- to be coded -(0),0,- to be coded -,FALSE,
016,2B,pclevel,ordinal,see table *F Skill / work level -> elementary(1),1,elementary,FALSE,
016,2B,pclevel,ordinal,see table *F Skill / work level -> low(2),2,low,FALSE,
016,2B,pclevel,ordinal,see table *F Skill / work level -> medium(3),3,medium,FALSE,
016,2B,pclevel,ordinal,see table *F Skill / work level -> high(4),4,high,FALSE,
016,2B,pclevel,ordinal,see table *F Skill / work level -> scientific(5),5,scientific,FALSE,
016,2B,pctype,categorical,"na, wrong skip(-3)",-3,"na, wrong skip",TRUE,
016,2B,pctype,categorical,"na, see BPCSBC92(-2)",-2,"na, see BPCSBC92",TRUE,
016,2B,pctype,categorical,unknown(-1),-1,unknown,TRUE,
016,2B,pctype,categorical,- to be coded -(0),0,- to be coded -,FALSE,
016,2B,pctype,categorical,see table *C Skill type -> general(1),1,general,FALSE,
016,2B,pctype,categorical,see table *C Skill type -> pedagogical(2),2,pedagogical,FALSE,
016,2B,pctype,categorical,see table *C Skill type -> agricultural(4),4,agricultural,FALSE,
016,2B,pctype,categorical,see table *C Skill type -> natural science(5),5,natural science,FALSE,
016,2B,pctype,categorical,see table *C Skill type -> technical(6),6,technical,FALSE,
016,2B,pctype,categorical,see table *C Skill type -> transport(8),8,transport,FALSE,
016,2B,pctype,categorical,see table *C Skill type -> (para)medical(9),9,(para)medical,FALSE,
016,2B,pctype,categorical,see table *C Skill type -> administrative/commercial(11),11,administrative/commercial,FALSE,
016,2B,pctype,categorical,see table *C Skill type -> juridical/security(13),13,juridical/security,FALSE,
016,2B,pctype,categorical,see table *C Skill type -> cultural/linguistic(15),15,cultural/linguistic,FALSE,
016,2B,pctype,categorical,see table *C Skill type -> social science(16),16,social science,FALSE,
016,2B,pctype,categorical,see table *C Skill type -> care & services(17),17,care & services,FALSE,
016,2B,pctype,categorical,see table *C Skill type -> management(18),18,management,FALSE,
016,2B,pcpresi,numeric,"na, wrong skip(-3)",-3,"na, wrong skip",TRUE,
016,2B,pcpresi,numeric,"na, see BPCSBC92(-2)",-2,"na, see BPCSBC92",TRUE,
016,2B,pcpresi,numeric,unknown(-1),-1,unknown,TRUE,
016,2B,pcpresi,numeric,- to be coded -(0),0,- to be coded -,FALSE,
016,2B,pcpresi,numeric,low prestige(13),13,NA,FALSE,
016,2B,pcpresi,numeric,high prestige(87),87,NA,FALSE,
016,2B,pjob6,numeric,"na, wrong skip(-3)",-3,"na, wrong skip",TRUE,
016,2B,pjob6,numeric,"na, see BPJOB1(-2)",-2,"na, see BPJOB1",TRUE,
016,2B,pjob6,numeric,"na, asked(-1)",-1,"na, asked",TRUE,
016,2B,pjobl1,binary,"na, wrong skip(-3)",-3,"na, wrong skip",TRUE,
016,2B,pjobl1,binary,"na, see BPJOB1(-2)",-2,"na, see BPJOB1",TRUE,
016,2B,pjobl1,binary,"na, asked(-1)",-1,"na, asked",TRUE,
016,2B,pjobl1,binary,no(1),1,no,FALSE,
016,2B,pjobl1,binary,yes(2),2,yes,FALSE,
016,2B,pjobstm,date,na wrong skip(-3),-3,na wrong skip,TRUE,
016,2B,pjobstm,date,"na, see BPJOBL1(-2)",-2,"na, see BPJOBL1",TRUE,
016,2B,pjobstm,date,"na, asked(-1)",-1,"na, asked",TRUE,
016,2B,pjobstm,date,see table *B Month -> January(1),1,January,FALSE,
016,2B,pjobstm,date,see table *B Month -> February(2),2,February,FALSE,
016,2B,pjobstm,date,see table *B Month -> March(3),3,March,FALSE,
016,2B,pjobstm,date,see table *B Month -> April(4),4,April,FALSE,
016,2B,pjobstm,date,see table *B Month -> May(5),5,May,FALSE,
016,2B,pjobstm,date,see table *B Month -> June(6),6,June,FALSE,
016,2B,pjobstm,date,see table *B Month -> July(7),7,July,FALSE,
016,2B,pjobstm,date,see table *B Month -> August(8),8,August,FALSE,
016,2B,pjobstm,date,see table *B Month -> September(9),9,September,FALSE,
016,2B,pjobstm,date,see table *B Month -> October(10),10,October,FALSE,
016,2B,pjobstm,date,see table *B Month -> November(11),11,November,FALSE,
016,2B,pjobstm,date,see table *B Month -> December(12),12,December,FALSE,
016,2B,pjobsty,date,"na, wrong skip(-3)",-3,"na, wrong skip",TRUE,
016,2B,pjobsty,date,"na, see BPJOBL1(-2)",-2,"na, see BPJOBL1",TRUE,
016,2B,pjobsty,date,"na, asked(-1)",-1,"na, asked",TRUE,
016,2B,plsbc92,categorical,"na, wrong skip(-3)",-3,"na, wrong skip",TRUE,
016,2B,plsbc92,categorical,"na, see BPJOB1(-2)",-2,"na, see BPJOB1",TRUE,
016,2B,plsbc92,categorical,"na, asked(-1)",-1,"na, asked",TRUE,
016,2B,plsbc92,categorical,- to be coded -(0),0,- to be coded -,FALSE,
016,2B,plclass,categorical,"na, wrong skip(-3)",-3,"na, wrong skip",TRUE,
016,2B,plclass,categorical,"na, see BPLSBC92(-2)",-2,"na, see BPLSBC92",TRUE,
016,2B,plclass,categorical,unknown(-1),-1,unknown,TRUE,
016,2B,plclass,categorical,- to be coded -(0),0,- to be coded -,FALSE,
016,2B,plclass,categorical,see table *A SBC92 -> elementary occupations(11),11,elementary occupations,FALSE,
016,2B,plclass,categorical,see table *A SBC92 -> lower non-specialized occupations(21),21,lower non-specialized occupations,FALSE,
016,2B,plclass,categorical,see table *A SBC92 -> lower teaching & instruction occupations(22),22,lower teaching & instruction occupations,FALSE,
016,2B,plclass,categorical,see table *A SBC92 -> lower agricultural occupations(24),24,lower agricultural occupations,FALSE,
016,2B,plclass,categorical,see table *A SBC92 -> lower natural science occupations(25),25,lower natural science occupations,FALSE,
016,2B,plclass,categorical,see table *A SBC92 -> lower technical occupations(26),26,lower technical occupations,FALSE,
016,2B,plclass,categorical,see table *A SBC92 -> lower transport occupations(28),28,lower transport occupations,FALSE,
016,2B,plclass,categorical,see table *A SBC92 -> lower (para)medical occupations(29),29,lower (para)medical occupations,FALSE,
016,2B,plclass,categorical,see table *A SBC92 -> lower administrative & commercial occupations(31),31,lower administrative & commercial occupations,FALSE,
016,2B,plclass,categorical,see table *A SBC92 -> lower security occupations(33),33,lower security occupations,FALSE,
016,2B,plclass,categorical,see table *A SBC92 -> lower service & care occupations(37),37,lower service & care occupations,FALSE,
016,2B,plclass,categorical,see table *A SBC92 -> medium teaching & instruction occupations(42),42,medium teaching & instruction occupations,FALSE,
016,2B,plclass,categorical,see table *A SBC92 -> medium agricultural occupations(44),44,medium agricultural occupations,FALSE,
016,2B,plclass,categorical,see table *A SBC92 -> medium natural science occupations(45),45,medium natural science occupations,FALSE,
016,2B,plclass,categorical,see table *A SBC92 -> medium technical occupations(46),46,medium technical occupations,FALSE,
016,2B,plclass,categorical,see table *A SBC92 -> medium transport occupations(48),48,medium transport occupations,FALSE,
016,2B,plclass,categorical,see table *A SBC92 -> medium (para)medical occupations(49),49,medium (para)medical occupations,FALSE,
016,2B,plclass,categorical,see table *A SBC92 -> medium administrative & commercial occupations(51),51,medium administrative & commercial occupations,FALSE,
016,2B,plclass,categorical,see table *A SBC92 -> medium juridical & security occupations(53),53,medium juridical & security occupations,FALSE,
016,2B,plclass,categorical,see table *A SBC92 -> medium linguistic & cultural occupations(55),55,medium linguistic & cultural occupations,FALSE,
016,2B,plclass,categorical,see table *A SBC92 -> medium social occupations(56),56,medium social occupations,FALSE,
016,2B,plclass,categorical,see table *A SBC92 -> medium service & care occupations(57),57,medium service & care occupations,FALSE,
016,2B,plclass,categorical,see table *A SBC92 -> higher pedagogical occupations(62),62,higher pedagogical occupations,FALSE,
016,2B,plclass,categorical,see table *A SBC92 -> higher agricultural occupations(64),64,higher agricultural occupations,FALSE,
016,2B,plclass,categorical,see table *A SBC92 -> higher natural science occupations(65),65,higher natural science occupations,FALSE,
016,2B,plclass,categorical,see table *A SBC92 -> higher technical occupations(66),66,higher technical occupations,FALSE,
016,2B,plclass,categorical,see table *A SBC92 -> higher transport occupations(68),68,higher transport occupations,FALSE,
016,2B,plclass,categorical,see table *A SBC92 -> higher (para)medical occupations(69),69,higher (para)medical occupations,FALSE,
016,2B,plclass,categorical,see table *A SBC92 -> higher administrative & commercial occupations(71),71,higher administrative & commercial occupations,FALSE,
016,2B,plclass,categorical,see table *A SBC92 -> higher juridical & security occupations(73),73,higher juridical & security occupations,FALSE,
016,2B,plclass,categorical,see table *A SBC92 -> higher linguistic & cultural occupations(75),75,higher linguistic & cultural occupations,FALSE,
016,2B,plclass,categorical,see table *A SBC92 -> higher social occupations(76),76,higher social occupations,FALSE,
016,2B,plclass,categorical,see table *A SBC92 -> higher service & care occupations(77),77,higher service & care occupations,FALSE,
016,2B,plclass,categorical,see table *A SBC92 -> higher managers(78),78,higher managers,FALSE,
016,2B,plclass,categorical,see table *A SBC92 -> scientific pedagogical occupations(82),82,scientific pedagogical occupations,FALSE,
016,2B,plclass,categorical,see table *A SBC92 -> scientific agricultural occupations(84),84,scientific agricultural occupations,FALSE,
016,2B,plclass,categorical,see table *A SBC92 -> scientific natural science occupations(85),85,scientific natural science occupations,FALSE,
016,2B,plclass,categorical,see table *A SBC92 -> scientific technical occupations(86),86,scientific technical occupations,FALSE,
016,2B,plclass,categorical,see table *A SBC92 -> scientific (para)medical occupations(89),89,scientific (para)medical occupations,FALSE,
016,2B,plclass,categorical,see table *A SBC92 -> scientific administrative & economic occupations(91),91,scientific administrative & economic occupations,FALSE,
016,2B,plclass,categorical,see table *A SBC92 -> scientific juridical & policy occupations(93),93,scientific juridical & policy occupations,FALSE,
016,2B,plclass,categorical,see table *A SBC92 -> scientific social occupations(96),96,scientific social occupations,FALSE,
016,2B,plclass,categorical,see table *A SBC92 -> scientific managers(98),98,scientific managers,FALSE,
016,2B,pllevel,ordinal,"na, wrong skip(-3)",-3,"na, wrong skip",TRUE,
016,2B,pllevel,ordinal,"na, see BPLSBC92(-2)",-2,"na, see BPLSBC92",TRUE,
016,2B,pllevel,ordinal,unknown(-1),-1,unknown,TRUE,
016,2B,pllevel,ordinal,- to be coded -(0),0,- to be coded -,FALSE,
016,2B,pllevel,ordinal,see table *F Skill / work level -> elementary(1),1,elementary,FALSE,
016,2B,pllevel,ordinal,see table *F Skill / work level -> low(2),2,low,FALSE,
016,2B,pllevel,ordinal,see table *F Skill / work level -> medium(3),3,medium,FALSE,
016,2B,pllevel,ordinal,see table *F Skill / work level -> high(4),4,high,FALSE,
016,2B,pllevel,ordinal,see table *F Skill / work level -> scientific(5),5,scientific,FALSE,
016,2B,pltype,categorical,"na, wrong skip(-3)",-3,"na, wrong skip",TRUE,
016,2B,pltype,categorical,"na, see BPLSBC92(-2)",-2,"na, see BPLSBC92",TRUE,
016,2B,pltype,categorical,unknown(-1),-1,unknown,TRUE,
016,2B,pltype,categorical,- to be coded -(0),0,- to be coded -,FALSE,
016,2B,pltype,categorical,see table *C Skill type -> general(1),1,general,FALSE,
016,2B,pltype,categorical,see table *C Skill type -> pedagogical(2),2,pedagogical,FALSE,
016,2B,pltype,categorical,see table *C Skill type -> agricultural(4),4,agricultural,FALSE,
016,2B,pltype,categorical,see table *C Skill type -> natural science(5),5,natural science,FALSE,
016,2B,pltype,categorical,see table *C Skill type -> technical(6),6,technical,FALSE,
016,2B,pltype,categorical,see table *C Skill type -> transport(8),8,transport,FALSE,
016,2B,pltype,categorical,see table *C Skill type -> (para)medical(9),9,(para)medical,FALSE,
016,2B,pltype,categorical,see table *C Skill type -> administrative/commercial(11),11,administrative/commercial,FALSE,
016,2B,pltype,categorical,see table *C Skill type -> juridical/security(13),13,juridical/security,FALSE,
016,2B,pltype,categorical,see table *C Skill type -> cultural/linguistic(15),15,cultural/linguistic,FALSE,
016,2B,pltype,categorical,see table *C Skill type -> social science(16),16,social science,FALSE,
016,2B,pltype,categorical,see table *C Skill type -> care & services(17),17,care & services,FALSE,
016,2B,pltype,categorical,see table *C Skill type -> management(18),18,management,FALSE,
016,2B,plpresi,numeric,"na, wrong skip(-3)",-3,"na, wrong skip",TRUE,
016,2B,plpresi,numeric,"na, see BPLSBC92(-2)",-2,"na, see BPLSBC92",TRUE,
016,2B,plpresi,numeric,unknown(-1),-1,unknown,TRUE,
016,2B,plpresi,numeric,- to be coded -(0),0,- to be coded -,FALSE,
016,2B,plpresi,numeric,low prestige(13),13,NA,FALSE,
016,2B,plpresi,numeric,high prestige(87),87,NA,FALSE,
016,2B,pjobl6,numeric,"na, wrong skip(-3)",-3,"na, wrong skip",TRUE,
016,2B,pjobl6,numeric,"na, see BPJOBL1(-2)",-2,"na, see BPJOBL1",TRUE,
016,2B,pjobl6,numeric,"na, asked(-1)",-1,"na, asked",TRUE,
016,2B,pemploy,binary,"na, wrong skip(-3)",-3,"na, wrong skip",TRUE,
016,2B,pemploy,binary,"na, see BPJOB1(-2)",-2,"na, see BPJOB1",TRUE,
016,2B,pemploy,binary,"na, asked(-1)",-1,"na, asked",TRUE,
016,2B,pemploy,binary,no(1),1,no,FALSE,
016,2B,pemploy,binary,yes(2),2,yes,FALSE,
016,2B,pdisabl,binary,"na, wrong skip(-3)",-3,"na, wrong skip",TRUE,
016,2B,pdisabl,binary,"na, see BPJOB1 & BPJOBL1(-2)",-2,"na, see BPJOB1 & BPJOBL1",TRUE,
016,2B,pdisabl,binary,"na, asked(-1)",-1,"na, asked",TRUE,
016,2B,pdisabl,binary,no(1),1,no,FALSE,
016,2B,pdisabl,binary,yes(2),2,yes,FALSE,
016,2B,pdisabp,numeric,"na, see BPDISABL(-2)",-2,"na, see BPDISABL",TRUE,
016,2B,pdisabp,numeric,"na, asked(-1)",-1,"na, asked",TRUE,
016,2B,pretire,categorical,"na, wrong skip(-3)",-3,"na, wrong skip",TRUE,
016,2B,pretire,categorical,"na, see BPJOB1 & BPJOBL1(-2)",-2,"na, see BPJOB1 & BPJOBL1",TRUE,
016,2B,pretire,categorical,"na, asked(-1)",-1,"na, asked",TRUE,
016,2B,pretire,categorical,no(1),1,no,FALSE,
016,2B,pretire,categorical,"yes, partly(2)",2,"yes, partly",FALSE,
016,2B,pretire,categorical,"yes, completely(3)",3,"yes, completely",FALSE,
016,2B,pretifu,binary,"na, wrong skip(-3)",-3,"na, wrong skip",TRUE,
016,2B,pretifu,binary,"na, see BRETIRE(-2)",-2,"na, see BRETIRE",TRUE,
016,2B,pretifu,binary,"na, asked(-1)",-1,"na, asked",TRUE,
016,2B,pretifu,binary,no(1),1,no,FALSE,
016,2B,pretifu,binary,yes(2),2,yes,FALSE,
016,H,job1,binary,"na, short version(-4)",-4,"na, short version",TRUE,
016,H,job1,binary,"na, asked(-1)",-1,"na, asked",TRUE,
016,H,job1,binary,no(1),1,no,FALSE,
016,H,job1,binary,yes(2),2,yes,FALSE,
016,H,jobc,categorical,"na, see HJOB1(-2)",-2,"na, see HJOB1",TRUE,
016,H,jobc,categorical,"never had job, unknown before(-1)",-1,"never had job, unknown before",TRUE,
016,H,jobc,categorical,unknown(0),0,unknown,FALSE,
016,H,jobc,categorical,"no job, not changed(1)",1,"no job, not changed",FALSE,
016,H,jobc,categorical,"no job, changed(2)",2,"no job, changed",FALSE,
016,H,jobc,categorical,"no job, unknown before(3)",3,"no job, unknown before",FALSE,
016,H,jobc,categorical,"job, not changed(4)",4,"job, not changed",FALSE,
016,H,jobc,categorical,"job, changed(5)",5,"job, changed",FALSE,
016,H,jobc,categorical,"job, unknown before(6)",6,"job, unknown before",FALSE,
016,H,jobstam,date,na wrong skip(-3),-3,na wrong skip,TRUE,
016,H,jobstam,date,"na, see HJOBC(-2)",-2,"na, see HJOBC",TRUE,
016,H,jobstam,date,"na, asked(-1)",-1,"na, asked",TRUE,
016,H,jobstam,date,see table *B Month -> January(1),1,January,FALSE,
016,H,jobstam,date,see table *B Month -> February(2),2,February,FALSE,
016,H,jobstam,date,see table *B Month -> March(3),3,March,FALSE,
016,H,jobstam,date,see table *B Month -> April(4),4,April,FALSE,
016,H,jobstam,date,see table *B Month -> May(5),5,May,FALSE,
016,H,jobstam,date,see table *B Month -> June(6),6,June,FALSE,
016,H,jobstam,date,see table *B Month -> July(7),7,July,FALSE,
016,H,jobstam,date,see table *B Month -> August(8),8,August,FALSE,
016,H,jobstam,date,see table *B Month -> September(9),9,September,FALSE,
016,H,jobstam,date,see table *B Month -> October(10),10,October,FALSE,
016,H,jobstam,date,see table *B Month -> November(11),11,November,FALSE,
016,H,jobstam,date,see table *B Month -> December(12),12,December,FALSE,
016,H,jobstay,date,"na, wrong skip(-3)",-3,"na, wrong skip",TRUE,
016,H,jobstay,date,"na, see HJOBC(-2)",-2,"na, see HJOBC",TRUE,
016,H,jobstay,date,"na, asked(-1)",-1,"na, asked",TRUE,
016,H,cjsbc,numeric,"na, wrong skip(-3)",-3,"na, wrong skip",TRUE,
016,H,cjsbc,numeric,"na, see HJOBC(-2)",-2,"na, see HJOBC",TRUE,
016,H,cjsbc,numeric,"na, asked(-1)",-1,"na, asked",TRUE,
016,H,cjclass,categorical,"na, see HCJSBC(-2)",-2,"na, see HCJSBC",TRUE,
016,H,cjclass,categorical,see table *A SBC92 -> elementary occupations(11),11,elementary occupations,FALSE,
016,H,cjclass,categorical,see table *A SBC92 -> lower non-specialized occupations(21),21,lower non-specialized occupations,FALSE,
016,H,cjclass,categorical,see table *A SBC92 -> lower teaching & instruction occupations(22),22,lower teaching & instruction occupations,FALSE,
016,H,cjclass,categorical,see table *A SBC92 -> lower agricultural occupations(24),24,lower agricultural occupations,FALSE,
016,H,cjclass,categorical,see table *A SBC92 -> lower natural science occupations(25),25,lower natural science occupations,FALSE,
016,H,cjclass,categorical,see table *A SBC92 -> lower technical occupations(26),26,lower technical occupations,FALSE,
016,H,cjclass,categorical,see table *A SBC92 -> lower transport occupations(28),28,lower transport occupations,FALSE,
016,H,cjclass,categorical,see table *A SBC92 -> lower (para)medical occupations(29),29,lower (para)medical occupations,FALSE,
016,H,cjclass,categorical,see table *A SBC92 -> lower administrative & commercial occupations(31),31,lower administrative & commercial occupations,FALSE,
016,H,cjclass,categorical,see table *A SBC92 -> lower security occupations(33),33,lower security occupations,FALSE,
016,H,cjclass,categorical,see table *A SBC92 -> lower service & care occupations(37),37,lower service & care occupations,FALSE,
016,H,cjclass,categorical,see table *A SBC92 -> medium teaching & instruction occupations(42),42,medium teaching & instruction occupations,FALSE,
016,H,cjclass,categorical,see table *A SBC92 -> medium agricultural occupations(44),44,medium agricultural occupations,FALSE,
016,H,cjclass,categorical,see table *A SBC92 -> medium natural science occupations(45),45,medium natural science occupations,FALSE,
016,H,cjclass,categorical,see table *A SBC92 -> medium technical occupations(46),46,medium technical occupations,FALSE,
016,H,cjclass,categorical,see table *A SBC92 -> medium transport occupations(48),48,medium transport occupations,FALSE,
016,H,cjclass,categorical,see table *A SBC92 -> medium (para)medical occupations(49),49,medium (para)medical occupations,FALSE,
016,H,cjclass,categorical,see table *A SBC92 -> medium administrative & commercial occupations(51),51,medium administrative & commercial occupations,FALSE,
016,H,cjclass,categorical,see table *A SBC92 -> medium juridical & security occupations(53),53,medium juridical & security occupations,FALSE,
016,H,cjclass,categorical,see table *A SBC92 -> medium linguistic & cultural occupations(55),55,medium linguistic & cultural occupations,FALSE,
016,H,cjclass,categorical,see table *A SBC92 -> medium social occupations(56),56,medium social occupations,FALSE,
016,H,cjclass,categorical,see table *A SBC92 -> medium service & care occupations(57),57,medium service & care occupations,FALSE,
016,H,cjclass,categorical,see table *A SBC92 -> higher pedagogical occupations(62),62,higher pedagogical occupations,FALSE,
016,H,cjclass,categorical,see table *A SBC92 -> higher agricultural occupations(64),64,higher agricultural occupations,FALSE,
016,H,cjclass,categorical,see table *A SBC92 -> higher natural science occupations(65),65,higher natural science occupations,FALSE,
016,H,cjclass,categorical,see table *A SBC92 -> higher technical occupations(66),66,higher technical occupations,FALSE,
016,H,cjclass,categorical,see table *A SBC92 -> higher transport occupations(68),68,higher transport occupations,FALSE,
016,H,cjclass,categorical,see table *A SBC92 -> higher (para)medical occupations(69),69,higher (para)medical occupations,FALSE,
016,H,cjclass,categorical,see table *A SBC92 -> higher administrative & commercial occupations(71),71,higher administrative & commercial occupations,FALSE,
016,H,cjclass,categorical,see table *A SBC92 -> higher juridical & security occupations(73),73,higher juridical & security occupations,FALSE,
016,H,cjclass,categorical,see table *A SBC92 -> higher linguistic & cultural occupations(75),75,higher linguistic & cultural occupations,FALSE,
016,H,cjclass,categorical,see table *A SBC92 -> higher social occupations(76),76,higher social occupations,FALSE,
016,H,cjclass,categorical,see table *A SBC92 -> higher service & care occupations(77),77,higher service & care occupations,FALSE,
016,H,cjclass,categorical,see table *A SBC92 -> higher managers(78),78,higher managers,FALSE,
016,H,cjclass,categorical,see table *A SBC92 -> scientific pedagogical occupations(82),82,scientific pedagogical occupations,FALSE,
016,H,cjclass,categorical,see table *A SBC92 -> scientific agricultural occupations(84),84,scientific agricultural occupations,FALSE,
016,H,cjclass,categorical,see table *A SBC92 -> scientific natural science occupations(85),85,scientific natural science occupations,FALSE,
016,H,cjclass,categorical,see table *A SBC92 -> scientific technical occupations(86),86,scientific technical occupations,FALSE,
016,H,cjclass,categorical,see table *A SBC92 -> scientific (para)medical occupations(89),89,scientific (para)medical occupations,FALSE,
016,H,cjclass,categorical,see table *A SBC92 -> scientific administrative & economic occupations(91),91,scientific administrative & economic occupations,FALSE,
016,H,cjclass,categorical,see table *A SBC92 -> scientific juridical & policy occupations(93),93,scientific juridical & policy occupations,FALSE,
016,H,cjclass,categorical,see table *A SBC92 -> scientific social occupations(96),96,scientific social occupations,FALSE,
016,H,cjclass,categorical,see table *A SBC92 -> scientific managers(98),98,scientific managers,FALSE,
016,H,cjlevel,ordinal,"na, see HCJSBC(-2)",-2,"na, see HCJSBC",TRUE,
016,H,cjlevel,ordinal,see table *F Skill / work level -> elementary(1),1,elementary,FALSE,
016,H,cjlevel,ordinal,see table *F Skill / work level -> low(2),2,low,FALSE,
016,H,cjlevel,ordinal,see table *F Skill / work level -> medium(3),3,medium,FALSE,
016,H,cjlevel,ordinal,see table *F Skill / work level -> high(4),4,high,FALSE,
016,H,cjlevel,ordinal,see table *F Skill / work level -> scientific(5),5,scientific,FALSE,
016,H,cjtype,categorical,"na, see HCJSBC(-2)",-2,"na, see HCJSBC",TRUE,
016,H,cjtype,categorical,see table *C Skill type -> general(1),1,general,FALSE,
016,H,cjtype,categorical,see table *C Skill type -> pedagogical(2),2,pedagogical,FALSE,
016,H,cjtype,categorical,see table *C Skill type -> agricultural(4),4,agricultural,FALSE,
016,H,cjtype,categorical,see table *C Skill type -> natural science(5),5,natural science,FALSE,
016,H,cjtype,categorical,see table *C Skill type -> technical(6),6,technical,FALSE,
016,H,cjtype,categorical,see table *C Skill type -> transport(8),8,transport,FALSE,
016,H,cjtype,categorical,see table *C Skill type -> (para)medical(9),9,(para)medical,FALSE,
016,H,cjtype,categorical,see table *C Skill type -> administrative/commercial(11),11,administrative/commercial,FALSE,
016,H,cjtype,categorical,see table *C Skill type -> juridical/security(13),13,juridical/security,FALSE,
016,H,cjtype,categorical,see table *C Skill type -> cultural/linguistic(15),15,cultural/linguistic,FALSE,
016,H,cjtype,categorical,see table *C Skill type -> social science(16),16,social science,FALSE,
016,H,cjtype,categorical,see table *C Skill type -> care & services(17),17,care & services,FALSE,
016,H,cjtype,categorical,see table *C Skill type -> management(18),18,management,FALSE,
016,H,job3,categorical,"na, wrong skip(-3)",-3,"na, wrong skip",TRUE,
016,H,job3,categorical,"na, see HJOBC(-2)",-2,"na, see HJOBC",TRUE,
016,H,job3,categorical,"na, asked(-1)",-1,"na, asked",TRUE,
016,H,job3,categorical,see table *E Job type -> steady job(1),1,steady job,FALSE,
016,H,job3,categorical,see table *E Job type -> temporary job with contract(2),2,temporary job with contract,FALSE,
016,H,job3,categorical,see table *E Job type -> temporary job via employment agency(3),3,temporary job via employment agency,FALSE,
016,H,job3,categorical,see table *E Job type -> self-employed(4),4,self-employed,FALSE,
016,H,job3,categorical,see table *E Job type -> free-lance basis(5),5,free-lance basis,FALSE,
016,H,job3,categorical,see table *E Job type -> family company(6),6,family company,FALSE,
016,H,job3,categorical,see table *E Job type -> other(7),7,other,FALSE,
016,H,job3a,ordinal,"na, wrong skip(-3)",-3,"na, wrong skip",TRUE,
016,H,job3a,ordinal,"na, see HJOBC(-2)",-2,"na, see HJOBC",TRUE,
016,H,job3a,ordinal,"na, asked(-1)",-1,"na, asked",TRUE,
016,H,job3a,ordinal,see table *F Skill / Work level -> elementary(1),1,elementary,FALSE,
016,H,job3a,ordinal,see table *F Skill / Work level -> low(2),2,low,FALSE,
016,H,job3a,ordinal,see table *F Skill / Work level -> medium(3),3,medium,FALSE,
016,H,job3a,ordinal,see table *F Skill / Work level -> high(4),4,high,FALSE,
016,H,job3a,ordinal,see table *F Skill / Work level -> scientific(5),5,scientific,FALSE,
016,H,job4,binary,"na, wrong skip(-3)",-3,"na, wrong skip",TRUE,
016,H,job4,binary,"na, see HJOBC(-2)",-2,"na, see HJOBC",TRUE,
016,H,job4,binary,"na, asked(-1)",-1,"na, asked",TRUE,
016,H,job4,binary,no(1),1,no,FALSE,
016,H,job4,binary,yes(2),2,yes,FALSE,
016,H,job5,numeric,"na, wrong skip(-3)",-3,"na, wrong skip",TRUE,
016,H,job5,numeric,"na, see HJOB4(-2)",-2,"na, see HJOB4",TRUE,
016,H,job5,numeric,"na, asked(-1)",-1,"na, asked",TRUE,
016,H,job5,numeric,98 or more(98),98,NA,FALSE,
016,H,job5a,binary,"na, wrong skip(-3)",-3,"na, wrong skip",TRUE,
016,H,job5a,binary,"na, see HJOB4(-2)",-2,"na, see HJOB4",TRUE,
016,H,job5a,binary,"na, asked(-1)",-1,"na, asked",TRUE,
016,H,job5a,binary,no(1),1,no,FALSE,
016,H,job5a,binary,yes(2),2,yes,FALSE,
016,H,job5b,binary,"na, wrong skip(-3)",-3,"na, wrong skip",TRUE,
016,H,job5b,binary,"na, see HJOB4(-2)",-2,"na, see HJOB4",TRUE,
016,H,job5b,binary,"na, asked(-1)",-1,"na, asked",TRUE,
016,H,job5b,binary,no(1),1,no,FALSE,
016,H,job5b,binary,yes(2),2,yes,FALSE,
016,H,job6,numeric,"na, wrong skip(-3)",-3,"na, wrong skip",TRUE,
016,H,job6,numeric,"na, see HJOBC(-2)",-2,"na, see HJOBC",TRUE,
016,H,job6,numeric,"na, asked(-1)",-1,"na, asked",TRUE,
016,H,job7,categorical,"na, wrong skip(-3)",-3,"na, wrong skip",TRUE,
016,H,job7,categorical,"na, see HJOBC(-2)",-2,"na, see HJOBC",TRUE,
016,H,job7,categorical,"na, asked(-1)",-1,"na, asked",TRUE,
016,H,job7,categorical,see table *D Job regularity -> regular hours (9 to 5)(1),1,regular hours (9 to 5),FALSE,
016,H,job7,categorical,"see table *D Job regularity -> regular hours, including night/weekend shifts(2)",2,"regular hours, including night/weekend shifts",FALSE,
016,H,job7,categorical,"see table *D Job regularity -> shift work, no weekend shifts(3)",3,"shift work, no weekend shifts",FALSE,
016,H,job7,categorical,"see table *D Job regularity -> shift work, including weekend shifts(4)",4,"shift work, including weekend shifts",FALSE,
016,H,job7,categorical,"see table *D Job regularity -> irregular hours, no weekend shifts(5)",5,"irregular hours, no weekend shifts",FALSE,
016,H,job7,categorical,"see table *D Job regularity -> irregular hours, including weekend shifts(6)",6,"irregular hours, including weekend shifts",FALSE,
016,H,jobstom,date,na wrong skip(-3),-3,na wrong skip,TRUE,
016,H,jobstom,date,"na, see HJOBC(-2)",-2,"na, see HJOBC",TRUE,
016,H,jobstom,date,"na, asked(-1)",-1,"na, asked",TRUE,
016,H,jobstom,date,see table *B Month -> January(1),1,January,FALSE,
016,H,jobstom,date,see table *B Month -> February(2),2,February,FALSE,
016,H,jobstom,date,see table *B Month -> March(3),3,March,FALSE,
016,H,jobstom,date,see table *B Month -> April(4),4,April,FALSE,
016,H,jobstom,date,see table *B Month -> May(5),5,May,FALSE,
016,H,jobstom,date,see table *B Month -> June(6),6,June,FALSE,
016,H,jobstom,date,see table *B Month -> July(7),7,July,FALSE,
016,H,jobstom,date,see table *B Month -> August(8),8,August,FALSE,
016,H,jobstom,date,see table *B Month -> September(9),9,September,FALSE,
016,H,jobstom,date,see table *B Month -> October(10),10,October,FALSE,
016,H,jobstom,date,see table *B Month -> November(11),11,November,FALSE,
016,H,jobstom,date,see table *B Month -> December(12),12,December,FALSE,
016,H,jobstoy,date,"na, wrong skip(-3)",-3,"na, wrong skip",TRUE,
016,H,jobstoy,date,"na, see HJOBC(-2)",-2,"na, see HJOBC",TRUE,
016,H,jobstoy,date,"na, asked(-1)",-1,"na, asked",TRUE,
016,H,employ,binary,"na, age >= 65(-5)",-5,"na, age >= 65",TRUE,
016,H,employ,binary,"na, wrong skip(-3)",-3,"na, wrong skip",TRUE,
016,H,employ,binary,"na, see HJOBC(-2)",-2,"na, see HJOBC",TRUE,
016,H,employ,binary,"na, asked(-1)",-1,"na, asked",TRUE,
016,H,employ,binary,no(1),1,no,FALSE,
016,H,employ,binary,yes(2),2,yes,FALSE,
016,H,disabl,binary,"see hemploy -> na, age >= 65(-5)",-5,"na, age >= 65",TRUE,
016,H,disabl,binary,"see hemploy -> na, wrong skip(-3)",-3,"na, wrong skip",TRUE,
016,H,disabl,binary,"see hemploy -> na, see HJOBC(-2)",-2,"na, see HJOBC",TRUE,
016,H,disabl,binary,"see hemploy -> na, asked(-1)",-1,"na, asked",TRUE,
016,H,disabl,binary,see hemploy -> no(1),1,no,FALSE,
016,H,disabl,binary,see hemploy -> yes(2),2,yes,FALSE,
016,H,disablp,numeric,"na, see HDISABL(-2)",-2,"na, see HDISABL",TRUE,
016,H,disablp,numeric,"na, asked(-1)",-1,"na, asked",TRUE,
016,H,retired,categorical,"na, age >= 65(-5)",-5,"na, age >= 65",TRUE,
016,H,retired,categorical,"na, wrong skip(-3)",-3,"na, wrong skip",TRUE,
016,H,retired,categorical,"na, see HJOBC(-2)",-2,"na, see HJOBC",TRUE,
016,H,retired,categorical,"na, asked(-1)",-1,"na, asked",TRUE,
016,H,retired,categorical,no(1),1,no,FALSE,
016,H,retired,categorical,"yes, partly(2)",2,"yes, partly",FALSE,
016,H,retired,categorical,"yes, completely(3)",3,"yes, completely",FALSE,
016,H,retifut,binary,"na, see HRETIRED(-2)",-2,"na, see HRETIRED",TRUE,
016,H,retifut,binary,"na, asked(-1)",-1,"na, asked",TRUE,
016,H,retifut,binary,no(1),1,no,FALSE,
016,H,retifut,binary,yes(2),2,yes,FALSE,
016,H,retirf1,binary,"na, see HRETIFUT(-2)",-2,"na, see HRETIFUT",TRUE,
016,H,retirf1,binary,"na, asked(-1)",-1,"na, asked",TRUE,
016,H,retirf1,binary,not mentioned(0),0,not mentioned,FALSE,
016,H,retirf1,binary,mentioned(1),1,mentioned,FALSE,
016,H,retirf2,binary,"see hretirf1 -> na, see HRETIFUT(-2)",-2,"na, see HRETIFUT",TRUE,
016,H,retirf2,binary,"see hretirf1 -> na, asked(-1)",-1,"na, asked",TRUE,
016,H,retirf2,binary,see hretirf1 -> not mentioned(0),0,not mentioned,FALSE,
016,H,retirf2,binary,see hretirf1 -> mentioned(1),1,mentioned,FALSE,
016,H,retirf3,binary,"see hretirf1 -> na, see HRETIFUT(-2)",-2,"na, see HRETIFUT",TRUE,
016,H,retirf3,binary,"see hretirf1 -> na, asked(-1)",-1,"na, asked",TRUE,
016,H,retirf3,binary,see hretirf1 -> not mentioned(0),0,not mentioned,FALSE,
016,H,retirf3,binary,see hretirf1 -> mentioned(1),1,mentioned,FALSE,
016,H,retirf4,binary,"see hretirf1 -> na, see HRETIFUT(-2)",-2,"na, see HRETIFUT",TRUE,
016,H,retirf4,binary,"see hretirf1 -> na, asked(-1)",-1,"na, asked",TRUE,
016,H,retirf4,binary,see hretirf1 -> not mentioned(0),0,not mentioned,FALSE,
016,H,retirf4,binary,see hretirf1 -> mentioned(1),1,mentioned,FALSE,
016,H,retirf5,binary,"see hretirf1 -> na, see HRETIFUT(-2)",-2,"na, see HRETIFUT",TRUE,
016,H,retirf5,binary,"see hretirf1 -> na, asked(-1)",-1,"na, asked",TRUE,
016,H,retirf5,binary,see hretirf1 -> not mentioned(0),0,not mentioned,FALSE,
016,H,retirf5,binary,see hretirf1 -> mentioned(1),1,mentioned,FALSE,
016,H,retirf6,binary,"see hretirf1 -> na, see HRETIFUT(-2)",-2,"na, see HRETIFUT",TRUE,
016,H,retirf6,binary,"see hretirf1 -> na, asked(-1)",-1,"na, asked",TRUE,
016,H,retirf6,binary,see hretirf1 -> not mentioned(0),0,not mentioned,FALSE,
016,H,retirf6,binary,see hretirf1 -> mentioned(1),1,mentioned,FALSE,
016,H,retivol,categorical,"na, age >=65(-5)",-5,"na, age >=65",TRUE,
016,H,retivol,categorical,"na, wrong skip(-3)",-3,"na, wrong skip",TRUE,
016,H,retivol,categorical,"na, see HJOBC(-2)",-2,"na, see HJOBC",TRUE,
016,H,retivol,categorical,"na, asked(-1)",-1,"na, asked",TRUE,
016,H,retivol,categorical,"no, not retired(1)",1,"no, not retired",FALSE,
016,H,retivol,categorical,"yes, retired entirely voluntarily(2)",2,"yes, retired entirely voluntarily",FALSE,
016,H,retivol,categorical,"yes, retired but not entirely voluntarily(3)",3,"yes, retired but not entirely voluntarily",FALSE,
016,H,pjob1,binary,"na, short version(-4)",-4,"na, short version",TRUE,
016,H,pjob1,binary,"na, wrong skip(-3)",-3,"na, wrong skip",TRUE,
016,H,pjob1,binary,no (household) partner(-2),-2,no (household) partner,TRUE,
016,H,pjob1,binary,"na, asked(-1)",-1,"na, asked",TRUE,
016,H,pjob1,binary,no(1),1,no,FALSE,
016,H,pjob1,binary,yes(2),2,yes,FALSE,
016,H,pcjsbc,categorical,"na, wrong skip(-3)",-3,"na, wrong skip",TRUE,
016,H,pcjsbc,categorical,"na, see HPJOB1(-2)",-2,"na, see HPJOB1",TRUE,
016,H,pcjsbc,categorical,"na, asked(-1)",-1,"na, asked",TRUE,
016,H,pcjclass,categorical,"na, see HPCJSBC(-2)",-2,"na, see HPCJSBC",TRUE,
016,H,pcjclass,categorical,see table *A SBC92 -> elementary occupations(11),11,elementary occupations,FALSE,
016,H,pcjclass,categorical,see table *A SBC92 -> lower non-specialized occupations(21),21,lower non-specialized occupations,FALSE,
016,H,pcjclass,categorical,see table *A SBC92 -> lower teaching & instruction occupations(22),22,lower teaching & instruction occupations,FALSE,
016,H,pcjclass,categorical,see table *A SBC92 -> lower agricultural occupations(24),24,lower agricultural occupations,FALSE,
016,H,pcjclass,categorical,see table *A SBC92 -> lower natural science occupations(25),25,lower natural science occupations,FALSE,
016,H,pcjclass,categorical,see table *A SBC92 -> lower technical occupations(26),26,lower technical occupations,FALSE,
016,H,pcjclass,categorical,see table *A SBC92 -> lower transport occupations(28),28,lower transport occupations,FALSE,
016,H,pcjclass,categorical,see table *A SBC92 -> lower (para)medical occupations(29),29,lower (para)medical occupations,FALSE,
016,H,pcjclass,categorical,see table *A SBC92 -> lower administrative & commercial occupations(31),31,lower administrative & commercial occupations,FALSE,
016,H,pcjclass,categorical,see table *A SBC92 -> lower security occupations(33),33,lower security occupations,FALSE,
016,H,pcjclass,categorical,see table *A SBC92 -> lower service & care occupations(37),37,lower service & care occupations,FALSE,
016,H,pcjclass,categorical,see table *A SBC92 -> medium teaching & instruction occupations(42),42,medium teaching & instruction occupations,FALSE,
016,H,pcjclass,categorical,see table *A SBC92 -> medium agricultural occupations(44),44,medium agricultural occupations,FALSE,
016,H,pcjclass,categorical,see table *A SBC92 -> medium natural science occupations(45),45,medium natural science occupations,FALSE,
016,H,pcjclass,categorical,see table *A SBC92 -> medium technical occupations(46),46,medium technical occupations,FALSE,
016,H,pcjclass,categorical,see table *A SBC92 -> medium transport occupations(48),48,medium transport occupations,FALSE,
016,H,pcjclass,categorical,see table *A SBC92 -> medium (para)medical occupations(49),49,medium (para)medical occupations,FALSE,
016,H,pcjclass,categorical,see table *A SBC92 -> medium administrative & commercial occupations(51),51,medium administrative & commercial occupations,FALSE,
016,H,pcjclass,categorical,see table *A SBC92 -> medium juridical & security occupations(53),53,medium juridical & security occupations,FALSE,
016,H,pcjclass,categorical,see table *A SBC92 -> medium linguistic & cultural occupations(55),55,medium linguistic & cultural occupations,FALSE,
016,H,pcjclass,categorical,see table *A SBC92 -> medium social occupations(56),56,medium social occupations,FALSE,
016,H,pcjclass,categorical,see table *A SBC92 -> medium service & care occupations(57),57,medium service & care occupations,FALSE,
016,H,pcjclass,categorical,see table *A SBC92 -> higher pedagogical occupations(62),62,higher pedagogical occupations,FALSE,
016,H,pcjclass,categorical,see table *A SBC92 -> higher agricultural occupations(64),64,higher agricultural occupations,FALSE,
016,H,pcjclass,categorical,see table *A SBC92 -> higher natural science occupations(65),65,higher natural science occupations,FALSE,
016,H,pcjclass,categorical,see table *A SBC92 -> higher technical occupations(66),66,higher technical occupations,FALSE,
016,H,pcjclass,categorical,see table *A SBC92 -> higher transport occupations(68),68,higher transport occupations,FALSE,
016,H,pcjclass,categorical,see table *A SBC92 -> higher (para)medical occupations(69),69,higher (para)medical occupations,FALSE,
016,H,pcjclass,categorical,see table *A SBC92 -> higher administrative & commercial occupations(71),71,higher administrative & commercial occupations,FALSE,
016,H,pcjclass,categorical,see table *A SBC92 -> higher juridical & security occupations(73),73,higher juridical & security occupations,FALSE,
016,H,pcjclass,categorical,see table *A SBC92 -> higher linguistic & cultural occupations(75),75,higher linguistic & cultural occupations,FALSE,
016,H,pcjclass,categorical,see table *A SBC92 -> higher social occupations(76),76,higher social occupations,FALSE,
016,H,pcjclass,categorical,see table *A SBC92 -> higher service & care occupations(77),77,higher service & care occupations,FALSE,
016,H,pcjclass,categorical,see table *A SBC92 -> higher managers(78),78,higher managers,FALSE,
016,H,pcjclass,categorical,see table *A SBC92 -> scientific pedagogical occupations(82),82,scientific pedagogical occupations,FALSE,
016,H,pcjclass,categorical,see table *A SBC92 -> scientific agricultural occupations(84),84,scientific agricultural occupations,FALSE,
016,H,pcjclass,categorical,see table *A SBC92 -> scientific natural science occupations(85),85,scientific natural science occupations,FALSE,
016,H,pcjclass,categorical,see table *A SBC92 -> scientific technical occupations(86),86,scientific technical occupations,FALSE,
016,H,pcjclass,categorical,see table *A SBC92 -> scientific (para)medical occupations(89),89,scientific (para)medical occupations,FALSE,
016,H,pcjclass,categorical,see table *A SBC92 -> scientific administrative & economic occupations(91),91,scientific administrative & economic occupations,FALSE,
016,H,pcjclass,categorical,see table *A SBC92 -> scientific juridical & policy occupations(93),93,scientific juridical & policy occupations,FALSE,
016,H,pcjclass,categorical,see table *A SBC92 -> scientific social occupations(96),96,scientific social occupations,FALSE,
016,H,pcjclass,categorical,see table *A SBC92 -> scientific managers(98),98,scientific managers,FALSE,
016,H,pcjlevel,ordinal,"na, see HPCJSBC(-2)",-2,"na, see HPCJSBC",TRUE,
016,H,pcjlevel,ordinal,see table *F Skill / work level -> elementary(1),1,elementary,FALSE,
016,H,pcjlevel,ordinal,see table *F Skill / work level -> low(2),2,low,FALSE,
016,H,pcjlevel,ordinal,see table *F Skill / work level -> medium(3),3,medium,FALSE,
016,H,pcjlevel,ordinal,see table *F Skill / work level -> high(4),4,high,FALSE,
016,H,pcjlevel,ordinal,see table *F Skill / work level -> scientific(5),5,scientific,FALSE,
016,H,pcjtype,categorical,"na, see HPCJSBC(-2)",-2,"na, see HPCJSBC",TRUE,
016,H,pcjtype,categorical,see table *C Skill type -> general(1),1,general,FALSE,
016,H,pcjtype,categorical,see table *C Skill type -> pedagogical(2),2,pedagogical,FALSE,
016,H,pcjtype,categorical,see table *C Skill type -> agricultural(4),4,agricultural,FALSE,
016,H,pcjtype,categorical,see table *C Skill type -> natural science(5),5,natural science,FALSE,
016,H,pcjtype,categorical,see table *C Skill type -> technical(6),6,technical,FALSE,
016,H,pcjtype,categorical,see table *C Skill type -> transport(8),8,transport,FALSE,
016,H,pcjtype,categorical,see table *C Skill type -> (para)medical(9),9,(para)medical,FALSE,
016,H,pcjtype,categorical,see table *C Skill type -> administrative/commercial(11),11,administrative/commercial,FALSE,
016,H,pcjtype,categorical,see table *C Skill type -> juridical/security(13),13,juridical/security,FALSE,
016,H,pcjtype,categorical,see table *C Skill type -> cultural/linguistic(15),15,cultural/linguistic,FALSE,
016,H,pcjtype,categorical,see table *C Skill type -> social science(16),16,social science,FALSE,
016,H,pcjtype,categorical,see table *C Skill type -> care & services(17),17,care & services,FALSE,
016,H,pcjtype,categorical,see table *C Skill type -> management(18),18,management,FALSE,
016,H,pjob3a,ordinal,"na, wrong skip(-3)",-3,"na, wrong skip",TRUE,
016,H,pjob3a,ordinal,"na, see HPJOB1(-2)",-2,"na, see HPJOB1",TRUE,
016,H,pjob3a,ordinal,"na, asked(-1)",-1,"na, asked",TRUE,
016,H,pjob3a,ordinal,see table *F Skill / Work level -> elementary(1),1,elementary,FALSE,
016,H,pjob3a,ordinal,see table *F Skill / Work level -> low(2),2,low,FALSE,
016,H,pjob3a,ordinal,see table *F Skill / Work level -> medium(3),3,medium,FALSE,
016,H,pjob3a,ordinal,see table *F Skill / Work level -> high(4),4,high,FALSE,
016,H,pjob3a,ordinal,see table *F Skill / Work level -> scientific(5),5,scientific,FALSE,
016,H,pjob4,binary,"na, wrong skip(-3)",-3,"na, wrong skip",TRUE,
016,H,pjob4,binary,"na, see HPJOB1(-2)",-2,"na, see HPJOB1",TRUE,
016,H,pjob4,binary,"na, asked(-1)",-1,"na, asked",TRUE,
016,H,pjob4,binary,no(1),1,no,FALSE,
016,H,pjob4,binary,yes(2),2,yes,FALSE,
016,H,pjob5,numeric,"na, wrong skip(-3)",-3,"na, wrong skip",TRUE,
016,H,pjob5,numeric,"na, see HPJOB4(-2)",-2,"na, see HPJOB4",TRUE,
016,H,pjob5,numeric,"na, asked(-1)",-1,"na, asked",TRUE,
016,H,pjob5a,binary,"na, wrong skip(-3)",-3,"na, wrong skip",TRUE,
016,H,pjob5a,binary,"na, see HPJOB4(-2)",-2,"na, see HPJOB4",TRUE,
016,H,pjob5a,binary,"na, asked(-1)",-1,"na, asked",TRUE,
016,H,pjob5a,binary,no(1),1,no,FALSE,
016,H,pjob5a,binary,yes(2),2,yes,FALSE,
016,H,pjob5b,binary,"na, wrong skip(-3)",-3,"na, wrong skip",TRUE,
016,H,pjob5b,binary,"na, see HPJOB4(-2)",-2,"na, see HPJOB4",TRUE,
016,H,pjob5b,binary,"na, asked(-1)",-1,"na, asked",TRUE,
016,H,pjob5b,binary,no(1),1,no,FALSE,
016,H,pjob5b,binary,yes(2),2,yes,FALSE,
016,H,pjob6,numeric,"na, wrong skip(-3)",-3,"na, wrong skip",TRUE,
016,H,pjob6,numeric,"na, see HPJOB1(-2)",-2,"na, see HPJOB1",TRUE,
016,H,pjob6,numeric,"na, asked(-1)",-1,"na, asked",TRUE,
016,3B,job1,binary,"na, short version(-4)",-4,"na, short version",TRUE,
016,3B,job1,binary,"na, asked(-1)",-1,"na, asked",TRUE,
016,3B,job1,binary,no(1),1,no,FALSE,
016,3B,job1,binary,yes(2),2,yes,FALSE,
016,3B,cjsbc,numeric,"na, wrong skip(-3)",-3,"na, wrong skip",TRUE,
016,3B,cjsbc,numeric,"na, see BJOB1(-2)",-2,"na, see BJOB1",TRUE,
016,3B,cjsbc,numeric,"na, asked(-1)",-1,"na, asked",TRUE,
016,3B,cjclass,categorical,"na, see BCJSBC(-2)",-2,"na, see BCJSBC",TRUE,
016,3B,cjclass,categorical,see table *A SBC92 -> elementary occupations(11),11,elementary occupations,FALSE,
016,3B,cjclass,categorical,see table *A SBC92 -> lower non-specialized occupations(21),21,lower non-specialized occupations,FALSE,
016,3B,cjclass,categorical,see table *A SBC92 -> lower teaching & instruction occupations(22),22,lower teaching & instruction occupations,FALSE,
016,3B,cjclass,categorical,see table *A SBC92 -> lower agricultural occupations(24),24,lower agricultural occupations,FALSE,
016,3B,cjclass,categorical,see table *A SBC92 -> lower natural science occupations(25),25,lower natural science occupations,FALSE,
016,3B,cjclass,categorical,see table *A SBC92 -> lower technical occupations(26),26,lower technical occupations,FALSE,
016,3B,cjclass,categorical,see table *A SBC92 -> lower transport occupations(28),28,lower transport occupations,FALSE,
016,3B,cjclass,categorical,see table *A SBC92 -> lower (para)medical occupations(29),29,lower (para)medical occupations,FALSE,
016,3B,cjclass,categorical,see table *A SBC92 -> lower administrative & commercial occupations(31),31,lower administrative & commercial occupations,FALSE,
016,3B,cjclass,categorical,see table *A SBC92 -> lower security occupations(33),33,lower security occupations,FALSE,
016,3B,cjclass,categorical,see table *A SBC92 -> lower service & care occupations(37),37,lower service & care occupations,FALSE,
016,3B,cjclass,categorical,see table *A SBC92 -> medium teaching & instruction occupations(42),42,medium teaching & instruction occupations,FALSE,
016,3B,cjclass,categorical,see table *A SBC92 -> medium agricultural occupations(44),44,medium agricultural occupations,FALSE,
016,3B,cjclass,categorical,see table *A SBC92 -> medium natural science occupations(45),45,medium natural science occupations,FALSE,
016,3B,cjclass,categorical,see table *A SBC92 -> medium technical occupations(46),46,medium technical occupations,FALSE,
016,3B,cjclass,categorical,see table *A SBC92 -> medium transport occupations(48),48,medium transport occupations,FALSE,
016,3B,cjclass,categorical,see table *A SBC92 -> medium (para)medical occupations(49),49,medium (para)medical occupations,FALSE,
016,3B,cjclass,categorical,see table *A SBC92 -> medium administrative & commercial occupations(51),51,medium administrative & commercial occupations,FALSE,
016,3B,cjclass,categorical,see table *A SBC92 -> medium juridical & security occupations(53),53,medium juridical & security occupations,FALSE,
016,3B,cjclass,categorical,see table *A SBC92 -> medium linguistic & cultural occupations(55),55,medium linguistic & cultural occupations,FALSE,
016,3B,cjclass,categorical,see table *A SBC92 -> medium social occupations(56),56,medium social occupations,FALSE,
016,3B,cjclass,categorical,see table *A SBC92 -> medium service & care occupations(57),57,medium service & care occupations,FALSE,
016,3B,cjclass,categorical,see table *A SBC92 -> higher pedagogical occupations(62),62,higher pedagogical occupations,FALSE,
016,3B,cjclass,categorical,see table *A SBC92 -> higher agricultural occupations(64),64,higher agricultural occupations,FALSE,
016,3B,cjclass,categorical,see table *A SBC92 -> higher natural science occupations(65),65,higher natural science occupations,FALSE,
016,3B,cjclass,categorical,see table *A SBC92 -> higher technical occupations(66),66,higher technical occupations,FALSE,
016,3B,cjclass,categorical,see table *A SBC92 -> higher transport occupations(68),68,higher transport occupations,FALSE,
016,3B,cjclass,categorical,see table *A SBC92 -> higher (para)medical occupations(69),69,higher (para)medical occupations,FALSE,
016,3B,cjclass,categorical,see table *A SBC92 -> higher administrative & commercial occupations(71),71,higher administrative & commercial occupations,FALSE,
016,3B,cjclass,categorical,see table *A SBC92 -> higher juridical & security occupations(73),73,higher juridical & security occupations,FALSE,
016,3B,cjclass,categorical,see table *A SBC92 -> higher linguistic & cultural occupations(75),75,higher linguistic & cultural occupations,FALSE,
016,3B,cjclass,categorical,see table *A SBC92 -> higher social occupations(76),76,higher social occupations,FALSE,
016,3B,cjclass,categorical,see table *A SBC92 -> higher service & care occupations(77),77,higher service & care occupations,FALSE,
016,3B,cjclass,categorical,see table *A SBC92 -> higher managers(78),78,higher managers,FALSE,
016,3B,cjclass,categorical,see table *A SBC92 -> scientific pedagogical occupations(82),82,scientific pedagogical occupations,FALSE,
016,3B,cjclass,categorical,see table *A SBC92 -> scientific agricultural occupations(84),84,scientific agricultural occupations,FALSE,
016,3B,cjclass,categorical,see table *A SBC92 -> scientific natural science occupations(85),85,scientific natural science occupations,FALSE,
016,3B,cjclass,categorical,see table *A SBC92 -> scientific technical occupations(86),86,scientific technical occupations,FALSE,
016,3B,cjclass,categorical,see table *A SBC92 -> scientific (para)medical occupations(89),89,scientific (para)medical occupations,FALSE,
016,3B,cjclass,categorical,see table *A SBC92 -> scientific administrative & economic occupations(91),91,scientific administrative & economic occupations,FALSE,
016,3B,cjclass,categorical,see table *A SBC92 -> scientific juridical & policy occupations(93),93,scientific juridical & policy occupations,FALSE,
016,3B,cjclass,categorical,see table *A SBC92 -> scientific social occupations(96),96,scientific social occupations,FALSE,
016,3B,cjclass,categorical,see table *A SBC92 -> scientific managers(98),98,scientific managers,FALSE,
016,3B,cjlevel,ordinal,"na, see BCJSBC(-2)",-2,"na, see BCJSBC",TRUE,
016,3B,cjlevel,ordinal,see table *F Skill / work level -> elementary(1),1,elementary,FALSE,
016,3B,cjlevel,ordinal,see table *F Skill / work level -> low(2),2,low,FALSE,
016,3B,cjlevel,ordinal,see table *F Skill / work level -> medium(3),3,medium,FALSE,
016,3B,cjlevel,ordinal,see table *F Skill / work level -> high(4),4,high,FALSE,
016,3B,cjlevel,ordinal,see table *F Skill / work level -> scientific(5),5,scientific,FALSE,
016,3B,cjtype,categorical,"na, see BCJSBC(-2)",-2,"na, see BCJSBC",TRUE,
016,3B,cjtype,categorical,see table *C Skill type -> general(1),1,general,FALSE,
016,3B,cjtype,categorical,see table *C Skill type -> pedagogical(2),2,pedagogical,FALSE,
016,3B,cjtype,categorical,see table *C Skill type -> agricultural(4),4,agricultural,FALSE,
016,3B,cjtype,categorical,see table *C Skill type -> natural science(5),5,natural science,FALSE,
016,3B,cjtype,categorical,see table *C Skill type -> technical(6),6,technical,FALSE,
016,3B,cjtype,categorical,see table *C Skill type -> transport(8),8,transport,FALSE,
016,3B,cjtype,categorical,see table *C Skill type -> (para)medical(9),9,(para)medical,FALSE,
016,3B,cjtype,categorical,see table *C Skill type -> administrative/commercial(11),11,administrative/commercial,FALSE,
016,3B,cjtype,categorical,see table *C Skill type -> juridical/security(13),13,juridical/security,FALSE,
016,3B,cjtype,categorical,see table *C Skill type -> cultural/linguistic(15),15,cultural/linguistic,FALSE,
016,3B,cjtype,categorical,see table *C Skill type -> social science(16),16,social science,FALSE,
016,3B,cjtype,categorical,see table *C Skill type -> care & services(17),17,care & services,FALSE,
016,3B,cjtype,categorical,see table *C Skill type -> management(18),18,management,FALSE,
016,3B,jobstam,date,na wrong skip(-3),-3,na wrong skip,TRUE,
016,3B,jobstam,date,"na, see BJOB1(-2)",-2,"na, see BJOB1",TRUE,
016,3B,jobstam,date,"na, asked(-1)",-1,"na, asked",TRUE,
016,3B,jobstam,date,see table *B Month -> January(1),1,January,FALSE,
016,3B,jobstam,date,see table *B Month -> February(2),2,February,FALSE,
016,3B,jobstam,date,see table *B Month -> March(3),3,March,FALSE,
016,3B,jobstam,date,see table *B Month -> April(4),4,April,FALSE,
016,3B,jobstam,date,see table *B Month -> May(5),5,May,FALSE,
016,3B,jobstam,date,see table *B Month -> June(6),6,June,FALSE,
016,3B,jobstam,date,see table *B Month -> July(7),7,July,FALSE,
016,3B,jobstam,date,see table *B Month -> August(8),8,August,FALSE,
016,3B,jobstam,date,see table *B Month -> September(9),9,September,FALSE,
016,3B,jobstam,date,see table *B Month -> October(10),10,October,FALSE,
016,3B,jobstam,date,see table *B Month -> November(11),11,November,FALSE,
016,3B,jobstam,date,see table *B Month -> December(12),12,December,FALSE,
016,3B,jobstay,date,na wrong skip(-3),-3,na wrong skip,TRUE,
016,3B,jobstay,date,"na, see BJOB1(-2)",-2,"na, see BJOB1",TRUE,
016,3B,jobstay,date,"na, asked(-1)",-1,"na, asked",TRUE,
016,3B,job3,categorical,"na, wrong skip(-3)",-3,"na, wrong skip",TRUE,
016,3B,job3,categorical,"na, see BJOB1(-2)",-2,"na, see BJOB1",TRUE,
016,3B,job3,categorical,"na, asked(-1)",-1,"na, asked",TRUE,
016,3B,job3,categorical,see table *E Job type -> steady job(1),1,steady job,FALSE,
016,3B,job3,categorical,see table *E Job type -> temporary job with contract(2),2,temporary job with contract,FALSE,
016,3B,job3,categorical,see table *E Job type -> temporary job via employment agency(3),3,temporary job via employment agency,FALSE,
016,3B,job3,categorical,see table *E Job type -> self-employed(4),4,self-employed,FALSE,
016,3B,job3,categorical,see table *E Job type -> free-lance basis(5),5,free-lance basis,FALSE,
016,3B,job3,categorical,see table *E Job type -> family company(6),6,family company,FALSE,
016,3B,job3,categorical,see table *E Job type -> other(7),7,other,FALSE,
016,3B,job3a,ordinal,"na, wrong skip(-3)",-3,"na, wrong skip",TRUE,
016,3B,job3a,ordinal,"na, see BJOB1(-2)",-2,"na, see BJOB1",TRUE,
016,3B,job3a,ordinal,"na, asked(-1)",-1,"na, asked",TRUE,
016,3B,job3a,ordinal,see table *F Skill / Work level -> elementary(1),1,elementary,FALSE,
016,3B,job3a,ordinal,see table *F Skill / Work level -> low(2),2,low,FALSE,
016,3B,job3a,ordinal,see table *F Skill / Work level -> medium(3),3,medium,FALSE,
016,3B,job3a,ordinal,see table *F Skill / Work level -> high(4),4,high,FALSE,
016,3B,job3a,ordinal,see table *F Skill / Work level -> scientific(5),5,scientific,FALSE,
016,3B,job4,binary,"na, wrong skip(-3)",-3,"na, wrong skip",TRUE,
016,3B,job4,binary,"na, see BJOB1(-2)",-2,"na, see BJOB1",TRUE,
016,3B,job4,binary,"na, asked(-1)",-1,"na, asked",TRUE,
016,3B,job4,binary,no(1),1,no,FALSE,
016,3B,job4,binary,yes(2),2,yes,FALSE,
016,3B,job5,numeric,"na, wrong skip(-3)",-3,"na, wrong skip",TRUE,
016,3B,job5,numeric,"na, see BJOB4(-2)",-2,"na, see BJOB4",TRUE,
016,3B,job5,numeric,"na, asked(-1)",-1,"na, asked",TRUE,
016,3B,job5a,binary,"na, wrong skip(-3)",-3,"na, wrong skip",TRUE,
016,3B,job5a,binary,"na, see BJOB4(-2)",-2,"na, see BJOB4",TRUE,
016,3B,job5a,binary,"na, asked(-1)",-1,"na, asked",TRUE,
016,3B,job5a,binary,no(1),1,no,FALSE,
016,3B,job5a,binary,yes(2),2,yes,FALSE,
016,3B,job5b,binary,"na, wrong skip(-3)",-3,"na, wrong skip",TRUE,
016,3B,job5b,binary,"na, see BJOB4(-2)",-2,"na, see BJOB4",TRUE,
016,3B,job5b,binary,"na, asked(-1)",-1,"na, asked",TRUE,
016,3B,job5b,binary,no(1),1,no,FALSE,
016,3B,job5b,binary,yes(2),2,yes,FALSE,
016,3B,job6,numeric,"na, wrong skip(-3)",-3,"na, wrong skip",TRUE,
016,3B,job6,numeric,"na, see BJOB1(-2)",-2,"na, see BJOB1",TRUE,
016,3B,job6,numeric,"na, asked(-1)",-1,"na, asked",TRUE,
016,3B,job7,categorical,"na, wrong skip(-3)",-3,"na, wrong skip",TRUE,
016,3B,job7,categorical,"na, see BJOB1(-2)",-2,"na, see BJOB1",TRUE,
016,3B,job7,categorical,"na, asked(-1)",-1,"na, asked",TRUE,
016,3B,job7,categorical,see table *D Job regularity -> regular hours (9 to 5)(1),1,regular hours (9 to 5),FALSE,
016,3B,job7,categorical,"see table *D Job regularity -> regular hours, including night/weekend shifts(2)",2,"regular hours, including night/weekend shifts",FALSE,
016,3B,job7,categorical,"see table *D Job regularity -> shift work, no weekend shifts(3)",3,"shift work, no weekend shifts",FALSE,
016,3B,job7,categorical,"see table *D Job regularity -> shift work, including weekend shifts(4)",4,"shift work, including weekend shifts",FALSE,
016,3B,job7,categorical,"see table *D Job regularity -> irregular hours, no weekend shifts(5)",5,"irregular hours, no weekend shifts",FALSE,
016,3B,job7,categorical,"see table *D Job regularity -> irregular hours, including weekend shifts(6)",6,"irregular hours, including weekend shifts",FALSE,
016,3B,jobl1,binary,"na, wrong skip(-3)",-3,"na, wrong skip",TRUE,
016,3B,jobl1,binary,"na, see BJOB1(-2)",-2,"na, see BJOB1",TRUE,
016,3B,jobl1,binary,"na, asked(-1)",-1,"na, asked",TRUE,
016,3B,jobl1,binary,no(1),1,no,FALSE,
016,3B,jobl1,binary,yes(2),2,yes,FALSE,
016,3B,rlsbc,numeric,"na, wrong skip(-3)",-3,"na, wrong skip",TRUE,
016,3B,rlsbc,numeric,"na, see BJOBL1(-2)",-2,"na, see BJOBL1",TRUE,
016,3B,rlsbc,numeric,"na, asked(-1)",-1,"na, asked",TRUE,
016,3B,rlclass,categorical,"na, see BRLSBC(-2)",-2,"na, see BRLSBC",TRUE,
016,3B,rlclass,categorical,see table *A SBC92 -> elementary occupations(11),11,elementary occupations,FALSE,
016,3B,rlclass,categorical,see table *A SBC92 -> lower non-specialized occupations(21),21,lower non-specialized occupations,FALSE,
016,3B,rlclass,categorical,see table *A SBC92 -> lower teaching & instruction occupations(22),22,lower teaching & instruction occupations,FALSE,
016,3B,rlclass,categorical,see table *A SBC92 -> lower agricultural occupations(24),24,lower agricultural occupations,FALSE,
016,3B,rlclass,categorical,see table *A SBC92 -> lower natural science occupations(25),25,lower natural science occupations,FALSE,
016,3B,rlclass,categorical,see table *A SBC92 -> lower technical occupations(26),26,lower technical occupations,FALSE,
016,3B,rlclass,categorical,see table *A SBC92 -> lower transport occupations(28),28,lower transport occupations,FALSE,
016,3B,rlclass,categorical,see table *A SBC92 -> lower (para)medical occupations(29),29,lower (para)medical occupations,FALSE,
016,3B,rlclass,categorical,see table *A SBC92 -> lower administrative & commercial occupations(31),31,lower administrative & commercial occupations,FALSE,
016,3B,rlclass,categorical,see table *A SBC92 -> lower security occupations(33),33,lower security occupations,FALSE,
016,3B,rlclass,categorical,see table *A SBC92 -> lower service & care occupations(37),37,lower service & care occupations,FALSE,
016,3B,rlclass,categorical,see table *A SBC92 -> medium teaching & instruction occupations(42),42,medium teaching & instruction occupations,FALSE,
016,3B,rlclass,categorical,see table *A SBC92 -> medium agricultural occupations(44),44,medium agricultural occupations,FALSE,
016,3B,rlclass,categorical,see table *A SBC92 -> medium natural science occupations(45),45,medium natural science occupations,FALSE,
016,3B,rlclass,categorical,see table *A SBC92 -> medium technical occupations(46),46,medium technical occupations,FALSE,
016,3B,rlclass,categorical,see table *A SBC92 -> medium transport occupations(48),48,medium transport occupations,FALSE,
016,3B,rlclass,categorical,see table *A SBC92 -> medium (para)medical occupations(49),49,medium (para)medical occupations,FALSE,
016,3B,rlclass,categorical,see table *A SBC92 -> medium administrative & commercial occupations(51),51,medium administrative & commercial occupations,FALSE,
016,3B,rlclass,categorical,see table *A SBC92 -> medium juridical & security occupations(53),53,medium juridical & security occupations,FALSE,
016,3B,rlclass,categorical,see table *A SBC92 -> medium linguistic & cultural occupations(55),55,medium linguistic & cultural occupations,FALSE,
016,3B,rlclass,categorical,see table *A SBC92 -> medium social occupations(56),56,medium social occupations,FALSE,
016,3B,rlclass,categorical,see table *A SBC92 -> medium service & care occupations(57),57,medium service & care occupations,FALSE,
016,3B,rlclass,categorical,see table *A SBC92 -> higher pedagogical occupations(62),62,higher pedagogical occupations,FALSE,
016,3B,rlclass,categorical,see table *A SBC92 -> higher agricultural occupations(64),64,higher agricultural occupations,FALSE,
016,3B,rlclass,categorical,see table *A SBC92 -> higher natural science occupations(65),65,higher natural science occupations,FALSE,
016,3B,rlclass,categorical,see table *A SBC92 -> higher technical occupations(66),66,higher technical occupations,FALSE,
016,3B,rlclass,categorical,see table *A SBC92 -> higher transport occupations(68),68,higher transport occupations,FALSE,
016,3B,rlclass,categorical,see table *A SBC92 -> higher (para)medical occupations(69),69,higher (para)medical occupations,FALSE,
016,3B,rlclass,categorical,see table *A SBC92 -> higher administrative & commercial occupations(71),71,higher administrative & commercial occupations,FALSE,
016,3B,rlclass,categorical,see table *A SBC92 -> higher juridical & security occupations(73),73,higher juridical & security occupations,FALSE,
016,3B,rlclass,categorical,see table *A SBC92 -> higher linguistic & cultural occupations(75),75,higher linguistic & cultural occupations,FALSE,
016,3B,rlclass,categorical,see table *A SBC92 -> higher social occupations(76),76,higher social occupations,FALSE,
016,3B,rlclass,categorical,see table *A SBC92 -> higher service & care occupations(77),77,higher service & care occupations,FALSE,
016,3B,rlclass,categorical,see table *A SBC92 -> higher managers(78),78,higher managers,FALSE,
016,3B,rlclass,categorical,see table *A SBC92 -> scientific pedagogical occupations(82),82,scientific pedagogical occupations,FALSE,
016,3B,rlclass,categorical,see table *A SBC92 -> scientific agricultural occupations(84),84,scientific agricultural occupations,FALSE,
016,3B,rlclass,categorical,see table *A SBC92 -> scientific natural science occupations(85),85,scientific natural science occupations,FALSE,
016,3B,rlclass,categorical,see table *A SBC92 -> scientific technical occupations(86),86,scientific technical occupations,FALSE,
016,3B,rlclass,categorical,see table *A SBC92 -> scientific (para)medical occupations(89),89,scientific (para)medical occupations,FALSE,
016,3B,rlclass,categorical,see table *A SBC92 -> scientific administrative & economic occupations(91),91,scientific administrative & economic occupations,FALSE,
016,3B,rlclass,categorical,see table *A SBC92 -> scientific juridical & policy occupations(93),93,scientific juridical & policy occupations,FALSE,
016,3B,rlclass,categorical,see table *A SBC92 -> scientific social occupations(96),96,scientific social occupations,FALSE,
016,3B,rlclass,categorical,see table *A SBC92 -> scientific managers(98),98,scientific managers,FALSE,
016,3B,rllevel,ordinal,"na, see BRLSBC(-2)",-2,"na, see BRLSBC",TRUE,
016,3B,rllevel,ordinal,see table *F Skill / work level -> elementary(1),1,elementary,FALSE,
016,3B,rllevel,ordinal,see table *F Skill / work level -> low(2),2,low,FALSE,
016,3B,rllevel,ordinal,see table *F Skill / work level -> medium(3),3,medium,FALSE,
016,3B,rllevel,ordinal,see table *F Skill / work level -> high(4),4,high,FALSE,
016,3B,rllevel,ordinal,see table *F Skill / work level -> scientific(5),5,scientific,FALSE,
016,3B,rltype,categorical,"na, see BRLSBC(-2)",-2,"na, see BRLSBC",TRUE,
016,3B,rltype,categorical,see table *C Skill type -> general(1),1,general,FALSE,
016,3B,rltype,categorical,see table *C Skill type -> pedagogical(2),2,pedagogical,FALSE,
016,3B,rltype,categorical,see table *C Skill type -> agricultural(4),4,agricultural,FALSE,
016,3B,rltype,categorical,see table *C Skill type -> natural science(5),5,natural science,FALSE,
016,3B,rltype,categorical,see table *C Skill type -> technical(6),6,technical,FALSE,
016,3B,rltype,categorical,see table *C Skill type -> transport(8),8,transport,FALSE,
016,3B,rltype,categorical,see table *C Skill type -> (para)medical(9),9,(para)medical,FALSE,
016,3B,rltype,categorical,see table *C Skill type -> administrative/commercial(11),11,administrative/commercial,FALSE,
016,3B,rltype,categorical,see table *C Skill type -> juridical/security(13),13,juridical/security,FALSE,
016,3B,rltype,categorical,see table *C Skill type -> cultural/linguistic(15),15,cultural/linguistic,FALSE,
016,3B,rltype,categorical,see table *C Skill type -> social science(16),16,social science,FALSE,
016,3B,rltype,categorical,see table *C Skill type -> care & services(17),17,care & services,FALSE,
016,3B,rltype,categorical,see table *C Skill type -> management(18),18,management,FALSE,
016,3B,jlstam,date,na wrong skip(-3),-3,na wrong skip,TRUE,
016,3B,jlstam,date,"na, see BJOBL1(-2)",-2,"na, see BJOBL1",TRUE,
016,3B,jlstam,date,"na, asked(-1)",-1,"na, asked",TRUE,
016,3B,jlstam,date,see table *B Month -> January(1),1,January,FALSE,
016,3B,jlstam,date,see table *B Month -> February(2),2,February,FALSE,
016,3B,jlstam,date,see table *B Month -> March(3),3,March,FALSE,
016,3B,jlstam,date,see table *B Month -> April(4),4,April,FALSE,
016,3B,jlstam,date,see table *B Month -> May(5),5,May,FALSE,
016,3B,jlstam,date,see table *B Month -> June(6),6,June,FALSE,
016,3B,jlstam,date,see table *B Month -> July(7),7,July,FALSE,
016,3B,jlstam,date,see table *B Month -> August(8),8,August,FALSE,
016,3B,jlstam,date,see table *B Month -> September(9),9,September,FALSE,
016,3B,jlstam,date,see table *B Month -> October(10),10,October,FALSE,
016,3B,jlstam,date,see table *B Month -> November(11),11,November,FALSE,
016,3B,jlstam,date,see table *B Month -> December(12),12,December,FALSE,
016,3B,jlstay,date,na wrong skip(-3),-3,na wrong skip,TRUE,
016,3B,jlstay,date,"na, see BJOBL1(-2)",-2,"na, see BJOBL1",TRUE,
016,3B,jlstay,date,"na, asked(-1)",-1,"na, asked",TRUE,
016,3B,jobl3,categorical,"na, wrong skip(-3)",-3,"na, wrong skip",TRUE,
016,3B,jobl3,categorical,"na, see BJOBL1(-2)",-2,"na, see BJOBL1",TRUE,
016,3B,jobl3,categorical,"na, asked(-1)",-1,"na, asked",TRUE,
016,3B,jobl3,categorical,see table *E Job type -> steady job(1),1,steady job,FALSE,
016,3B,jobl3,categorical,see table *E Job type -> temporary job with contract(2),2,temporary job with contract,FALSE,
016,3B,jobl3,categorical,see table *E Job type -> temporary job via employment agency(3),3,temporary job via employment agency,FALSE,
016,3B,jobl3,categorical,see table *E Job type -> self-employed(4),4,self-employed,FALSE,
016,3B,jobl3,categorical,see table *E Job type -> free-lance basis(5),5,free-lance basis,FALSE,
016,3B,jobl3,categorical,see table *E Job type -> family company(6),6,family company,FALSE,
016,3B,jobl3,categorical,see table *E Job type -> other(7),7,other,FALSE,
016,3B,jobl3a,ordinal,"na, wrong skip(-3)",-3,"na, wrong skip",TRUE,
016,3B,jobl3a,ordinal,"na, see BJOBL1(-2)",-2,"na, see BJOBL1",TRUE,
016,3B,jobl3a,ordinal,"na, asked(-1)",-1,"na, asked",TRUE,
016,3B,jobl3a,ordinal,see table *F Skill / Work level -> elementary(1),1,elementary,FALSE,
016,3B,jobl3a,ordinal,see table *F Skill / Work level -> low(2),2,low,FALSE,
016,3B,jobl3a,ordinal,see table *F Skill / Work level -> medium(3),3,medium,FALSE,
016,3B,jobl3a,ordinal,see table *F Skill / Work level -> high(4),4,high,FALSE,
016,3B,jobl3a,ordinal,see table *F Skill / Work level -> scientific(5),5,scientific,FALSE,
016,3B,jobl4,binary,"na, wrong skip(-3)",-3,"na, wrong skip",TRUE,
016,3B,jobl4,binary,"na, see BJOBL1(-2)",-2,"na, see BJOBL1",TRUE,
016,3B,jobl4,binary,"na, asked(-1)",-1,"na, asked",TRUE,
016,3B,jobl4,binary,no(1),1,no,FALSE,
016,3B,jobl4,binary,yes(2),2,yes,FALSE,
016,3B,jobl5,numeric,"na, wrong skip(-3)",-3,"na, wrong skip",TRUE,
016,3B,jobl5,numeric,"na, see BJOBL4(-2)",-2,"na, see BJOBL4",TRUE,
016,3B,jobl5,numeric,"na, asked(-1)",-1,"na, asked",TRUE,
016,3B,jobl5a,binary,"na, wrong skip(-3)",-3,"na, wrong skip",TRUE,
016,3B,jobl5a,binary,"na, see BJOB4(-2)",-2,"na, see BJOB4",TRUE,
016,3B,jobl5a,binary,"na, asked(-1)",-1,"na, asked",TRUE,
016,3B,jobl5a,binary,no(1),1,no,FALSE,
016,3B,jobl5a,binary,yes(2),2,yes,FALSE,
016,3B,jobl5b,binary,"na, wrong skip(-3)",-3,"na, wrong skip",TRUE,
016,3B,jobl5b,binary,"na, see BJOB4(-2)",-2,"na, see BJOB4",TRUE,
016,3B,jobl5b,binary,"na, asked(-1)",-1,"na, asked",TRUE,
016,3B,jobl5b,binary,no(1),1,no,FALSE,
016,3B,jobl5b,binary,yes(2),2,yes,FALSE,
016,3B,jobl6,numeric,"na, wrong skip(-3)",-3,"na, wrong skip",TRUE,
016,3B,jobl6,numeric,"na, see BJOBL1(-2)",-2,"na, see BJOBL1",TRUE,
016,3B,jobl6,numeric,"na, asked(-1)",-1,"na, asked",TRUE,
016,3B,jobl7,ordinal,"na, wrong skip(-3)",-3,"na, wrong skip",TRUE,
016,3B,jobl7,ordinal,"na, see BJOBL1(-2)",-2,"na, see BJOBL1",TRUE,
016,3B,jobl7,ordinal,"na, asked(-1)",-1,"na, asked",TRUE,
016,3B,jobl7,ordinal,see table *D Job regularity -> regular hours (9 to 5)(1),1,regular hours (9 to 5),FALSE,
016,3B,jobl7,ordinal,"see table *D Job regularity -> regular hours, including night/weekend shifts(2)",2,"regular hours, including night/weekend shifts",FALSE,
016,3B,jobl7,ordinal,"see table *D Job regularity -> shift work, no weekend shifts(3)",3,"shift work, no weekend shifts",FALSE,
016,3B,jobl7,ordinal,"see table *D Job regularity -> shift work, including weekend shifts(4)",4,"shift work, including weekend shifts",FALSE,
016,3B,jobl7,ordinal,"see table *D Job regularity -> irregular hours, no weekend shifts(5)",5,"irregular hours, no weekend shifts",FALSE,
016,3B,jobl7,ordinal,"see table *D Job regularity -> irregular hours, including weekend shifts(6)",6,"irregular hours, including weekend shifts",FALSE,
016,3B,jobstom,date,na wrong skip(-3),-3,na wrong skip,TRUE,
016,3B,jobstom,date,"na, see BJOBL1(-2)",-2,"na, see BJOBL1",TRUE,
016,3B,jobstom,date,"na, asked(-1)",-1,"na, asked",TRUE,
016,3B,jobstom,date,see table *B Month -> January(1),1,January,FALSE,
016,3B,jobstom,date,see table *B Month -> February(2),2,February,FALSE,
016,3B,jobstom,date,see table *B Month -> March(3),3,March,FALSE,
016,3B,jobstom,date,see table *B Month -> April(4),4,April,FALSE,
016,3B,jobstom,date,see table *B Month -> May(5),5,May,FALSE,
016,3B,jobstom,date,see table *B Month -> June(6),6,June,FALSE,
016,3B,jobstom,date,see table *B Month -> July(7),7,July,FALSE,
016,3B,jobstom,date,see table *B Month -> August(8),8,August,FALSE,
016,3B,jobstom,date,see table *B Month -> September(9),9,September,FALSE,
016,3B,jobstom,date,see table *B Month -> October(10),10,October,FALSE,
016,3B,jobstom,date,see table *B Month -> November(11),11,November,FALSE,
016,3B,jobstom,date,see table *B Month -> December(12),12,December,FALSE,
016,3B,jobstoy,date,"na, wrong skip(-3)",-3,"na, wrong skip",TRUE,
016,3B,jobstoy,date,"na, see BJOBL1(-2)",-2,"na, see BJOBL1",TRUE,
016,3B,jobstoy,date,"na, asked(-1)",-1,"na, asked",TRUE,
016,3B,employ,binary,"na, wrong skip(-3)",-3,"na, wrong skip",TRUE,
016,3B,employ,binary,"na, see BJOB1(-2)",-2,"na, see BJOB1",TRUE,
016,3B,employ,binary,"na, asked(-1)",-1,"na, asked",TRUE,
016,3B,employ,binary,no(1),1,no,FALSE,
016,3B,employ,binary,yes(2),2,yes,FALSE,
016,3B,disabl,binary,"na, wrong skip(-3)",-3,"na, wrong skip",TRUE,
016,3B,disabl,binary,"na, see BJOB1 & BJOBL1(-2)",-2,"na, see BJOB1 & BJOBL1",TRUE,
016,3B,disabl,binary,"na, asked(-1)",-1,"na, asked",TRUE,
016,3B,disabl,binary,no(1),1,no,FALSE,
016,3B,disabl,binary,yes(2),2,yes,FALSE,
016,3B,disablp,numeric,"na, see BDISABL(-2)",-2,"na, see BDISABL",TRUE,
016,3B,disablp,numeric,"na, asked(-1)",-1,"na, asked",TRUE,
016,3B,retired,categorical,"na, wrong skip(-3)",-3,"na, wrong skip",TRUE,
016,3B,retired,categorical,"na, see BJOB1 & BJOBL1(-2)",-2,"na, see BJOB1 & BJOBL1",TRUE,
016,3B,retired,categorical,"na, asked(-1)",-1,"na, asked",TRUE,
016,3B,retired,categorical,no(1),1,no,FALSE,
016,3B,retired,categorical,"yes, partly(2)",2,"yes, partly",FALSE,
016,3B,retired,categorical,"yes, completely(3)",3,"yes, completely",FALSE,
016,3B,retreas,categorical,"na, wrong skip(-3)",-3,"na, wrong skip",TRUE,
016,3B,retreas,categorical,see BRETIRED(-2),-2,see BRETIRED,TRUE,
016,3B,retreas,categorical,"na, asked(-1)",-1,"na, asked",TRUE,
016,3B,retreas,categorical,stress and pressure of work too high(1),1,stress and pressure of work too high,FALSE,
016,3B,retreas,categorical,physically too heavy(2),2,physically too heavy,FALSE,
016,3B,retreas,categorical,health complaints too hampering(3),3,health complaints too hampering,FALSE,
016,3B,retreas,categorical,not motivated anymore(4),4,not motivated anymore,FALSE,
016,3B,retreas,categorical,nicer to spend more time on private life(5),5,nicer to spend more time on private life,FALSE,
016,3B,retreas,categorical,not possible anymore in the future(6),6,not possible anymore in the future,FALSE,
016,3B,retreas,categorical,other reason(7),7,other reason,FALSE,
016,3B,retyr,categorical,"na, wrong skip(-3)",-3,"na, wrong skip",TRUE,
016,3B,retyr,categorical,see BRETIRED(-2),-2,see BRETIRED,TRUE,
016,3B,retyr,categorical,"na, asked(-1)",-1,"na, asked",TRUE,
016,3B,retyr,categorical,stress and pressure of work too high(1),1,stress and pressure of work too high,FALSE,
016,3B,retyr,categorical,physically too heavy(2),2,physically too heavy,FALSE,
016,3B,retyr,categorical,health complaints too hampering(3),3,health complaints too hampering,FALSE,
016,3B,retyr,categorical,not motivated anymore(4),4,not motivated anymore,FALSE,
016,3B,retyr,categorical,nicer to spend more time on private life(5),5,nicer to spend more time on private life,FALSE,
016,3B,retyr,categorical,not possible anymore in the future(6),6,not possible anymore in the future,FALSE,
016,3B,retyr,categorical,other reason(7),7,other reason,FALSE,
016,3B,retivol,categorical,"na, wrong skip(-3)",-3,"na, wrong skip",TRUE,
016,3B,retivol,categorical,see BRETIRED(-2),-2,see BRETIRED,TRUE,
016,3B,retivol,categorical,"na, asked(-1)",-1,"na, asked",TRUE,
016,3B,retivol,categorical,"no, not retired(1)",1,"no, not retired",FALSE,
016,3B,retivol,categorical,"yes, retired entirely voluntarily(2)",2,"yes, retired entirely voluntarily",FALSE,
016,3B,retivol,categorical,"yes, retired but not entirely voluntarily(3)",3,"yes, retired but not entirely voluntarily",FALSE,
016,3B,nretr,categorical,"na, wrong skip(-3)",-3,"na, wrong skip",TRUE,
016,3B,nretr,categorical,see BRETIRED(-2),-2,see BRETIRED,TRUE,
016,3B,nretr,categorical,"na, asked(-1)",-1,"na, asked",TRUE,
016,3B,nretr,categorical,enough challenges at work(1),1,enough challenges at work,FALSE,
016,3B,nretr,categorical,maintain social contacts(2),2,maintain social contacts,FALSE,
016,3B,nretr,categorical,other pastime less pleasant(3),3,other pastime less pleasant,FALSE,
016,3B,nretr,categorical,no possibility for early retirement(4),4,no possibility for early retirement,FALSE,
016,3B,nretr,categorical,financially more favourable(5),5,financially more favourable,FALSE,
016,3B,nretr,categorical,should work on to have adequate pension(6),6,should work on to have adequate pension,FALSE,
016,3B,nretr,categorical,other reason(7),7,other reason,FALSE,
016,3B,retnfr,categorical,"na, wrong skip(-3)",-3,"na, wrong skip",TRUE,
016,3B,retnfr,categorical,see BRETIRED(-2),-2,see BRETIRED,TRUE,
016,3B,retnfr,categorical,"na, asked(-1)",-1,"na, asked",TRUE,
016,3B,retnfr,categorical,enough challenges at work(1),1,enough challenges at work,FALSE,
016,3B,retnfr,categorical,maintain social contacts(2),2,maintain social contacts,FALSE,
016,3B,retnfr,categorical,other pastime less pleasant(3),3,other pastime less pleasant,FALSE,
016,3B,retnfr,categorical,no possibility for early retirement(4),4,no possibility for early retirement,FALSE,
016,3B,retnfr,categorical,financially more favourable(5),5,financially more favourable,FALSE,
016,3B,retnfr,categorical,should work on to have adequate pension(6),6,should work on to have adequate pension,FALSE,
016,3B,retnfr,categorical,other reason(7),7,other reason,FALSE,
016,3B,retnfr2,categorical,"na, wrong skip(-3)",-3,"na, wrong skip",TRUE,
016,3B,retnfr2,categorical,see BRETIRED(-2),-2,see BRETIRED,TRUE,
016,3B,retnfr2,categorical,"na, asked(-1)",-1,"na, asked",TRUE,
016,3B,retnfr2,categorical,enough challenges at work(1),1,enough challenges at work,FALSE,
016,3B,retnfr2,categorical,maintain social contacts(2),2,maintain social contacts,FALSE,
016,3B,retnfr2,categorical,other pastime less pleasant(3),3,other pastime less pleasant,FALSE,
016,3B,retnfr2,categorical,no possibility for early retirement(4),4,no possibility for early retirement,FALSE,
016,3B,retnfr2,categorical,financially more favourable(5),5,financially more favourable,FALSE,
016,3B,retnfr2,categorical,should work on to have adequate pension(6),6,should work on to have adequate pension,FALSE,
016,3B,retnfr2,categorical,other reason(7),7,other reason,FALSE,
016,3B,work65,ordinal,"na, wrong skip(-3)",-3,"na, wrong skip",TRUE,
016,3B,work65,ordinal,"na, see BJOB1 & BRETIRED(-2)",-2,"na, see BJOB1 & BRETIRED",TRUE,
016,3B,work65,ordinal,"na, asked(-1)",-1,"na, asked",TRUE,
016,3B,work65,ordinal,"no, I do not think so(1)",1,"no, I do not think so",FALSE,
016,3B,work65,ordinal,I am sometimes not sure about this(2),2,I am sometimes not sure about this,FALSE,
016,3B,work65,ordinal,"yes, I do think so(3)",3,"yes, I do think so",FALSE,
016,3B,pjdata,categorical,no partner(0),0,no partner,FALSE,
016,3B,pjdata,categorical,current partner(1),1,current partner,FALSE,
016,3B,pjdata,categorical,former partner(2),2,former partner,FALSE,
016,3B,pjob1,binary,"na, see BPJDATA(-2)",-2,"na, see BPJDATA",TRUE,
016,3B,pjob1,binary,"na, asked(-1)",-1,"na, asked",TRUE,
016,3B,pjob1,binary,no(1),1,no,FALSE,
016,3B,pjob1,binary,yes(2),2,yes,FALSE,
016,3B,pcsbc,numeric,"na, wrong skip(-3)",-3,"na, wrong skip",TRUE,
016,3B,pcsbc,numeric,"na, see BPJOB1(-2)",-2,"na, see BPJOB1",TRUE,
016,3B,pcsbc,numeric,"na, asked(-1)",-1,"na, asked",TRUE,
016,3B,pcclass,categorical,"na, see BPCSBC(-2)",-2,"na, see BPCSBC",TRUE,
016,3B,pcclass,categorical,see table *A SBC92 -> elementary occupations(11),11,elementary occupations,FALSE,
016,3B,pcclass,categorical,see table *A SBC92 -> lower non-specialized occupations(21),21,lower non-specialized occupations,FALSE,
016,3B,pcclass,categorical,see table *A SBC92 -> lower teaching & instruction occupations(22),22,lower teaching & instruction occupations,FALSE,
016,3B,pcclass,categorical,see table *A SBC92 -> lower agricultural occupations(24),24,lower agricultural occupations,FALSE,
016,3B,pcclass,categorical,see table *A SBC92 -> lower natural science occupations(25),25,lower natural science occupations,FALSE,
016,3B,pcclass,categorical,see table *A SBC92 -> lower technical occupations(26),26,lower technical occupations,FALSE,
016,3B,pcclass,categorical,see table *A SBC92 -> lower transport occupations(28),28,lower transport occupations,FALSE,
016,3B,pcclass,categorical,see table *A SBC92 -> lower (para)medical occupations(29),29,lower (para)medical occupations,FALSE,
016,3B,pcclass,categorical,see table *A SBC92 -> lower administrative & commercial occupations(31),31,lower administrative & commercial occupations,FALSE,
016,3B,pcclass,categorical,see table *A SBC92 -> lower security occupations(33),33,lower security occupations,FALSE,
016,3B,pcclass,categorical,see table *A SBC92 -> lower service & care occupations(37),37,lower service & care occupations,FALSE,
016,3B,pcclass,categorical,see table *A SBC92 -> medium teaching & instruction occupations(42),42,medium teaching & instruction occupations,FALSE,
016,3B,pcclass,categorical,see table *A SBC92 -> medium agricultural occupations(44),44,medium agricultural occupations,FALSE,
016,3B,pcclass,categorical,see table *A SBC92 -> medium natural science occupations(45),45,medium natural science occupations,FALSE,
016,3B,pcclass,categorical,see table *A SBC92 -> medium technical occupations(46),46,medium technical occupations,FALSE,
016,3B,pcclass,categorical,see table *A SBC92 -> medium transport occupations(48),48,medium transport occupations,FALSE,
016,3B,pcclass,categorical,see table *A SBC92 -> medium (para)medical occupations(49),49,medium (para)medical occupations,FALSE,
016,3B,pcclass,categorical,see table *A SBC92 -> medium administrative & commercial occupations(51),51,medium administrative & commercial occupations,FALSE,
016,3B,pcclass,categorical,see table *A SBC92 -> medium juridical & security occupations(53),53,medium juridical & security occupations,FALSE,
016,3B,pcclass,categorical,see table *A SBC92 -> medium linguistic & cultural occupations(55),55,medium linguistic & cultural occupations,FALSE,
016,3B,pcclass,categorical,see table *A SBC92 -> medium social occupations(56),56,medium social occupations,FALSE,
016,3B,pcclass,categorical,see table *A SBC92 -> medium service & care occupations(57),57,medium service & care occupations,FALSE,
016,3B,pcclass,categorical,see table *A SBC92 -> higher pedagogical occupations(62),62,higher pedagogical occupations,FALSE,
016,3B,pcclass,categorical,see table *A SBC92 -> higher agricultural occupations(64),64,higher agricultural occupations,FALSE,
016,3B,pcclass,categorical,see table *A SBC92 -> higher natural science occupations(65),65,higher natural science occupations,FALSE,
016,3B,pcclass,categorical,see table *A SBC92 -> higher technical occupations(66),66,higher technical occupations,FALSE,
016,3B,pcclass,categorical,see table *A SBC92 -> higher transport occupations(68),68,higher transport occupations,FALSE,
016,3B,pcclass,categorical,see table *A SBC92 -> higher (para)medical occupations(69),69,higher (para)medical occupations,FALSE,
016,3B,pcclass,categorical,see table *A SBC92 -> higher administrative & commercial occupations(71),71,higher administrative & commercial occupations,FALSE,
016,3B,pcclass,categorical,see table *A SBC92 -> higher juridical & security occupations(73),73,higher juridical & security occupations,FALSE,
016,3B,pcclass,categorical,see table *A SBC92 -> higher linguistic & cultural occupations(75),75,higher linguistic & cultural occupations,FALSE,
016,3B,pcclass,categorical,see table *A SBC92 -> higher social occupations(76),76,higher social occupations,FALSE,
016,3B,pcclass,categorical,see table *A SBC92 -> higher service & care occupations(77),77,higher service & care occupations,FALSE,
016,3B,pcclass,categorical,see table *A SBC92 -> higher managers(78),78,higher managers,FALSE,
016,3B,pcclass,categorical,see table *A SBC92 -> scientific pedagogical occupations(82),82,scientific pedagogical occupations,FALSE,
016,3B,pcclass,categorical,see table *A SBC92 -> scientific agricultural occupations(84),84,scientific agricultural occupations,FALSE,
016,3B,pcclass,categorical,see table *A SBC92 -> scientific natural science occupations(85),85,scientific natural science occupations,FALSE,
016,3B,pcclass,categorical,see table *A SBC92 -> scientific technical occupations(86),86,scientific technical occupations,FALSE,
016,3B,pcclass,categorical,see table *A SBC92 -> scientific (para)medical occupations(89),89,scientific (para)medical occupations,FALSE,
016,3B,pcclass,categorical,see table *A SBC92 -> scientific administrative & economic occupations(91),91,scientific administrative & economic occupations,FALSE,
016,3B,pcclass,categorical,see table *A SBC92 -> scientific juridical & policy occupations(93),93,scientific juridical & policy occupations,FALSE,
016,3B,pcclass,categorical,see table *A SBC92 -> scientific social occupations(96),96,scientific social occupations,FALSE,
016,3B,pcclass,categorical,see table *A SBC92 -> scientific managers(98),98,scientific managers,FALSE,
016,3B,pclevel,ordinal,"na, see BPCSBC(-2)",-2,"na, see BPCSBC",TRUE,
016,3B,pclevel,ordinal,see table *F Skill / work level -> elementary(1),1,elementary,FALSE,
016,3B,pclevel,ordinal,see table *F Skill / work level -> low(2),2,low,FALSE,
016,3B,pclevel,ordinal,see table *F Skill / work level -> medium(3),3,medium,FALSE,
016,3B,pclevel,ordinal,see table *F Skill / work level -> high(4),4,high,FALSE,
016,3B,pclevel,ordinal,see table *F Skill / work level -> scientific(5),5,scientific,FALSE,
016,3B,pctype,categorical,"na, see BPCSBC(-2)",-2,"na, see BPCSBC",TRUE,
016,3B,pctype,categorical,see table *C Skill type -> general(1),1,general,FALSE,
016,3B,pctype,categorical,see table *C Skill type -> pedagogical(2),2,pedagogical,FALSE,
016,3B,pctype,categorical,see table *C Skill type -> agricultural(4),4,agricultural,FALSE,
016,3B,pctype,categorical,see table *C Skill type -> natural science(5),5,natural science,FALSE,
016,3B,pctype,categorical,see table *C Skill type -> technical(6),6,technical,FALSE,
016,3B,pctype,categorical,see table *C Skill type -> transport(8),8,transport,FALSE,
016,3B,pctype,categorical,see table *C Skill type -> (para)medical(9),9,(para)medical,FALSE,
016,3B,pctype,categorical,see table *C Skill type -> administrative/commercial(11),11,administrative/commercial,FALSE,
016,3B,pctype,categorical,see table *C Skill type -> juridical/security(13),13,juridical/security,FALSE,
016,3B,pctype,categorical,see table *C Skill type -> cultural/linguistic(15),15,cultural/linguistic,FALSE,
016,3B,pctype,categorical,see table *C Skill type -> social science(16),16,social science,FALSE,
016,3B,pctype,categorical,see table *C Skill type -> care & services(17),17,care & services,FALSE,
016,3B,pctype,categorical,see table *C Skill type -> management(18),18,management,FALSE,
016,3B,pjstam,date,na wrong skip(-3),-3,na wrong skip,TRUE,
016,3B,pjstam,date,"na, see BPJOB1(-2)",-2,"na, see BPJOB1",TRUE,
016,3B,pjstam,date,"na, asked(-1)",-1,"na, asked",TRUE,
016,3B,pjstam,date,see table *B Month -> January(1),1,January,FALSE,
016,3B,pjstam,date,see table *B Month -> February(2),2,February,FALSE,
016,3B,pjstam,date,see table *B Month -> March(3),3,March,FALSE,
016,3B,pjstam,date,see table *B Month -> April(4),4,April,FALSE,
016,3B,pjstam,date,see table *B Month -> May(5),5,May,FALSE,
016,3B,pjstam,date,see table *B Month -> June(6),6,June,FALSE,
016,3B,pjstam,date,see table *B Month -> July(7),7,July,FALSE,
016,3B,pjstam,date,see table *B Month -> August(8),8,August,FALSE,
016,3B,pjstam,date,see table *B Month -> September(9),9,September,FALSE,
016,3B,pjstam,date,see table *B Month -> October(10),10,October,FALSE,
016,3B,pjstam,date,see table *B Month -> November(11),11,November,FALSE,
016,3B,pjstam,date,see table *B Month -> December(12),12,December,FALSE,
016,3B,pjstay,date,na wrong skip(-3),-3,na wrong skip,TRUE,
016,3B,pjstay,date,"na, see BPJOB1(-2)",-2,"na, see BPJOB1",TRUE,
016,3B,pjstay,date,"na, asked(-1)",-1,"na, asked",TRUE,
016,3B,pjob3,categorical,"na, wrong skip(-3)",-3,"na, wrong skip",TRUE,
016,3B,pjob3,categorical,"na, see BPJOB1(-2)",-2,"na, see BPJOB1",TRUE,
016,3B,pjob3,categorical,"na, asked(-1)",-1,"na, asked",TRUE,
016,3B,pjob3,categorical,see table *E Job type -> steady job(1),1,steady job,FALSE,
016,3B,pjob3,categorical,see table *E Job type -> temporary job with contract(2),2,temporary job with contract,FALSE,
016,3B,pjob3,categorical,see table *E Job type -> temporary job via employment agency(3),3,temporary job via employment agency,FALSE,
016,3B,pjob3,categorical,see table *E Job type -> self-employed(4),4,self-employed,FALSE,
016,3B,pjob3,categorical,see table *E Job type -> free-lance basis(5),5,free-lance basis,FALSE,
016,3B,pjob3,categorical,see table *E Job type -> family company(6),6,family company,FALSE,
016,3B,pjob3,categorical,see table *E Job type -> other(7),7,other,FALSE,
016,3B,pjob3a,ordinal,"na, wrong skip(-3)",-3,"na, wrong skip",TRUE,
016,3B,pjob3a,ordinal,"na, see BPJOB1(-2)",-2,"na, see BPJOB1",TRUE,
016,3B,pjob3a,ordinal,"na, asked(-1)",-1,"na, asked",TRUE,
016,3B,pjob3a,ordinal,see table *F Skill / Work level -> elementary(1),1,elementary,FALSE,
016,3B,pjob3a,ordinal,see table *F Skill / Work level -> low(2),2,low,FALSE,
016,3B,pjob3a,ordinal,see table *F Skill / Work level -> medium(3),3,medium,FALSE,
016,3B,pjob3a,ordinal,see table *F Skill / Work level -> high(4),4,high,FALSE,
016,3B,pjob3a,ordinal,see table *F Skill / Work level -> scientific(5),5,scientific,FALSE,
016,3B,pjob4,binary,"na, wrong skip(-3)",-3,"na, wrong skip",TRUE,
016,3B,pjob4,binary,"na, see BPJOB1(-2)",-2,"na, see BPJOB1",TRUE,
016,3B,pjob4,binary,"na, asked(-1)",-1,"na, asked",TRUE,
016,3B,pjob4,binary,no(1),1,no,FALSE,
016,3B,pjob4,binary,yes(2),2,yes,FALSE,
016,3B,pjob5,numeric,"na, wrong skip(-3)",-3,"na, wrong skip",TRUE,
016,3B,pjob5,numeric,"na, see BPJOB4(-2)",-2,"na, see BPJOB4",TRUE,
016,3B,pjob5,numeric,"na, asked(-1)",-1,"na, asked",TRUE,
016,3B,pjob5a,binary,"na, wrong skip(-3)",-3,"na, wrong skip",TRUE,
016,3B,pjob5a,binary,"na, see BPJOB4(-2)",-2,"na, see BPJOB4",TRUE,
016,3B,pjob5a,binary,"na, asked(-1)",-1,"na, asked",TRUE,
016,3B,pjob5a,binary,no(1),1,no,FALSE,
016,3B,pjob5a,binary,yes(2),2,yes,FALSE,
016,3B,pjob5b,binary,"na, wrong skip(-3)",-3,"na, wrong skip",TRUE,
016,3B,pjob5b,binary,"na, see BPJOB4(-2)",-2,"na, see BPJOB4",TRUE,
016,3B,pjob5b,binary,"na, asked(-1)",-1,"na, asked",TRUE,
016,3B,pjob5b,binary,no(1),1,no,FALSE,
016,3B,pjob5b,binary,yes(2),2,yes,FALSE,
016,3B,pjob6,numeric,"na, wrong skip(-3)",-3,"na, wrong skip",TRUE,
016,3B,pjob6,numeric,"na, see BPJOB1(-2)",-2,"na, see BPJOB1",TRUE,
016,3B,pjob6,numeric,"na, asked(-1)",-1,"na, asked",TRUE,
016,3B,pjob7,ordinal,"na, wrong skip(-3)",-3,"na, wrong skip",TRUE,
016,3B,pjob7,ordinal,"na, see BPJOB1(-2)",-2,"na, see BPJOB1",TRUE,
016,3B,pjob7,ordinal,"na, asked(-1)",-1,"na, asked",TRUE,
016,3B,pjob7,ordinal,see table *D Job regularity -> regular hours (9 to 5)(1),1,regular hours (9 to 5),FALSE,
016,3B,pjob7,ordinal,"see table *D Job regularity -> regular hours, including night/weekend shifts(2)",2,"regular hours, including night/weekend shifts",FALSE,
016,3B,pjob7,ordinal,"see table *D Job regularity -> shift work, no weekend shifts(3)",3,"shift work, no weekend shifts",FALSE,
016,3B,pjob7,ordinal,"see table *D Job regularity -> shift work, including weekend shifts(4)",4,"shift work, including weekend shifts",FALSE,
016,3B,pjob7,ordinal,"see table *D Job regularity -> irregular hours, no weekend shifts(5)",5,"irregular hours, no weekend shifts",FALSE,
016,3B,pjob7,ordinal,"see table *D Job regularity -> irregular hours, including weekend shifts(6)",6,"irregular hours, including weekend shifts",FALSE,
016,3B,pjobl1,binary,"na, wrong skip(-3)",-3,"na, wrong skip",TRUE,
016,3B,pjobl1,binary,"na, see BPJOB1(-2)",-2,"na, see BPJOB1",TRUE,
016,3B,pjobl1,binary,"na, asked(-1)",-1,"na, asked",TRUE,
016,3B,pjobl1,binary,no(1),1,no,FALSE,
016,3B,pjobl1,binary,yes(2),2,yes,FALSE,
016,3B,plsbc,numeric,"na, wrong skip(-3)",-3,"na, wrong skip",TRUE,
016,3B,plsbc,numeric,"na, see BPJOBL1(-2)",-2,"na, see BPJOBL1",TRUE,
016,3B,plsbc,numeric,"na, asked(-1)",-1,"na, asked",TRUE,
016,3B,plclass,categorical,"na, see BPLSBC(-2)",-2,"na, see BPLSBC",TRUE,
016,3B,plclass,categorical,see table *A SBC92 -> elementary occupations(11),11,elementary occupations,FALSE,
016,3B,plclass,categorical,see table *A SBC92 -> lower non-specialized occupations(21),21,lower non-specialized occupations,FALSE,
016,3B,plclass,categorical,see table *A SBC92 -> lower teaching & instruction occupations(22),22,lower teaching & instruction occupations,FALSE,
016,3B,plclass,categorical,see table *A SBC92 -> lower agricultural occupations(24),24,lower agricultural occupations,FALSE,
016,3B,plclass,categorical,see table *A SBC92 -> lower natural science occupations(25),25,lower natural science occupations,FALSE,
016,3B,plclass,categorical,see table *A SBC92 -> lower technical occupations(26),26,lower technical occupations,FALSE,
016,3B,plclass,categorical,see table *A SBC92 -> lower transport occupations(28),28,lower transport occupations,FALSE,
016,3B,plclass,categorical,see table *A SBC92 -> lower (para)medical occupations(29),29,lower (para)medical occupations,FALSE,
016,3B,plclass,categorical,see table *A SBC92 -> lower administrative & commercial occupations(31),31,lower administrative & commercial occupations,FALSE,
016,3B,plclass,categorical,see table *A SBC92 -> lower security occupations(33),33,lower security occupations,FALSE,
016,3B,plclass,categorical,see table *A SBC92 -> lower service & care occupations(37),37,lower service & care occupations,FALSE,
016,3B,plclass,categorical,see table *A SBC92 -> medium teaching & instruction occupations(42),42,medium teaching & instruction occupations,FALSE,
016,3B,plclass,categorical,see table *A SBC92 -> medium agricultural occupations(44),44,medium agricultural occupations,FALSE,
016,3B,plclass,categorical,see table *A SBC92 -> medium natural science occupations(45),45,medium natural science occupations,FALSE,
016,3B,plclass,categorical,see table *A SBC92 -> medium technical occupations(46),46,medium technical occupations,FALSE,
016,3B,plclass,categorical,see table *A SBC92 -> medium transport occupations(48),48,medium transport occupations,FALSE,
016,3B,plclass,categorical,see table *A SBC92 -> medium (para)medical occupations(49),49,medium (para)medical occupations,FALSE,
016,3B,plclass,categorical,see table *A SBC92 -> medium administrative & commercial occupations(51),51,medium administrative & commercial occupations,FALSE,
016,3B,plclass,categorical,see table *A SBC92 -> medium juridical & security occupations(53),53,medium juridical & security occupations,FALSE,
016,3B,plclass,categorical,see table *A SBC92 -> medium linguistic & cultural occupations(55),55,medium linguistic & cultural occupations,FALSE,
016,3B,plclass,categorical,see table *A SBC92 -> medium social occupations(56),56,medium social occupations,FALSE,
016,3B,plclass,categorical,see table *A SBC92 -> medium service & care occupations(57),57,medium service & care occupations,FALSE,
016,3B,plclass,categorical,see table *A SBC92 -> higher pedagogical occupations(62),62,higher pedagogical occupations,FALSE,
016,3B,plclass,categorical,see table *A SBC92 -> higher agricultural occupations(64),64,higher agricultural occupations,FALSE,
016,3B,plclass,categorical,see table *A SBC92 -> higher natural science occupations(65),65,higher natural science occupations,FALSE,
016,3B,plclass,categorical,see table *A SBC92 -> higher technical occupations(66),66,higher technical occupations,FALSE,
016,3B,plclass,categorical,see table *A SBC92 -> higher transport occupations(68),68,higher transport occupations,FALSE,
016,3B,plclass,categorical,see table *A SBC92 -> higher (para)medical occupations(69),69,higher (para)medical occupations,FALSE,
016,3B,plclass,categorical,see table *A SBC92 -> higher administrative & commercial occupations(71),71,higher administrative & commercial occupations,FALSE,
016,3B,plclass,categorical,see table *A SBC92 -> higher juridical & security occupations(73),73,higher juridical & security occupations,FALSE,
016,3B,plclass,categorical,see table *A SBC92 -> higher linguistic & cultural occupations(75),75,higher linguistic & cultural occupations,FALSE,
016,3B,plclass,categorical,see table *A SBC92 -> higher social occupations(76),76,higher social occupations,FALSE,
016,3B,plclass,categorical,see table *A SBC92 -> higher service & care occupations(77),77,higher service & care occupations,FALSE,
016,3B,plclass,categorical,see table *A SBC92 -> higher managers(78),78,higher managers,FALSE,
016,3B,plclass,categorical,see table *A SBC92 -> scientific pedagogical occupations(82),82,scientific pedagogical occupations,FALSE,
016,3B,plclass,categorical,see table *A SBC92 -> scientific agricultural occupations(84),84,scientific agricultural occupations,FALSE,
016,3B,plclass,categorical,see table *A SBC92 -> scientific natural science occupations(85),85,scientific natural science occupations,FALSE,
016,3B,plclass,categorical,see table *A SBC92 -> scientific technical occupations(86),86,scientific technical occupations,FALSE,
016,3B,plclass,categorical,see table *A SBC92 -> scientific (para)medical occupations(89),89,scientific (para)medical occupations,FALSE,
016,3B,plclass,categorical,see table *A SBC92 -> scientific administrative & economic occupations(91),91,scientific administrative & economic occupations,FALSE,
016,3B,plclass,categorical,see table *A SBC92 -> scientific juridical & policy occupations(93),93,scientific juridical & policy occupations,FALSE,
016,3B,plclass,categorical,see table *A SBC92 -> scientific social occupations(96),96,scientific social occupations,FALSE,
016,3B,plclass,categorical,see table *A SBC92 -> scientific managers(98),98,scientific managers,FALSE,
016,3B,pllevel,ordinal,"na, see BPLSBC(-2)",-2,"na, see BPLSBC",TRUE,
016,3B,pllevel,ordinal,see table *F Skill / work level -> elementary(1),1,elementary,FALSE,
016,3B,pllevel,ordinal,see table *F Skill / work level -> low(2),2,low,FALSE,
016,3B,pllevel,ordinal,see table *F Skill / work level -> medium(3),3,medium,FALSE,
016,3B,pllevel,ordinal,see table *F Skill / work level -> high(4),4,high,FALSE,
016,3B,pllevel,ordinal,see table *F Skill / work level -> scientific(5),5,scientific,FALSE,
016,3B,pltype,categorical,"na, see BPLSBC(-2)",-2,"na, see BPLSBC",TRUE,
016,3B,pltype,categorical,see table *C Skill type -> general(1),1,general,FALSE,
016,3B,pltype,categorical,see table *C Skill type -> pedagogical(2),2,pedagogical,FALSE,
016,3B,pltype,categorical,see table *C Skill type -> agricultural(4),4,agricultural,FALSE,
016,3B,pltype,categorical,see table *C Skill type -> natural science(5),5,natural science,FALSE,
016,3B,pltype,categorical,see table *C Skill type -> technical(6),6,technical,FALSE,
016,3B,pltype,categorical,see table *C Skill type -> transport(8),8,transport,FALSE,
016,3B,pltype,categorical,see table *C Skill type -> (para)medical(9),9,(para)medical,FALSE,
016,3B,pltype,categorical,see table *C Skill type -> administrative/commercial(11),11,administrative/commercial,FALSE,
016,3B,pltype,categorical,see table *C Skill type -> juridical/security(13),13,juridical/security,FALSE,
016,3B,pltype,categorical,see table *C Skill type -> cultural/linguistic(15),15,cultural/linguistic,FALSE,
016,3B,pltype,categorical,see table *C Skill type -> social science(16),16,social science,FALSE,
016,3B,pltype,categorical,see table *C Skill type -> care & services(17),17,care & services,FALSE,
016,3B,pltype,categorical,see table *C Skill type -> management(18),18,management,FALSE,
016,3B,pjlstam,date,na wrong skip(-3),-3,na wrong skip,TRUE,
016,3B,pjlstam,date,"na, see BJOBL1(-2)",-2,"na, see BJOBL1",TRUE,
016,3B,pjlstam,date,"na, asked(-1)",-1,"na, asked",TRUE,
016,3B,pjlstam,date,see table *B Month -> January(1),1,January,FALSE,
016,3B,pjlstam,date,see table *B Month -> February(2),2,February,FALSE,
016,3B,pjlstam,date,see table *B Month -> March(3),3,March,FALSE,
016,3B,pjlstam,date,see table *B Month -> April(4),4,April,FALSE,
016,3B,pjlstam,date,see table *B Month -> May(5),5,May,FALSE,
016,3B,pjlstam,date,see table *B Month -> June(6),6,June,FALSE,
016,3B,pjlstam,date,see table *B Month -> July(7),7,July,FALSE,
016,3B,pjlstam,date,see table *B Month -> August(8),8,August,FALSE,
016,3B,pjlstam,date,see table *B Month -> September(9),9,September,FALSE,
016,3B,pjlstam,date,see table *B Month -> October(10),10,October,FALSE,
016,3B,pjlstam,date,see table *B Month -> November(11),11,November,FALSE,
016,3B,pjlstam,date,see table *B Month -> December(12),12,December,FALSE,
016,3B,pjlstay,date,na wrong skip(-3),-3,na wrong skip,TRUE,
016,3B,pjlstay,date,"na, see BPJOBL1(-2)",-2,"na, see BPJOBL1",TRUE,
016,3B,pjlstay,date,"na, asked(-1)",-1,"na, asked",TRUE,
016,3B,pjobl3,categorical,"na, wrong skip(-3)",-3,"na, wrong skip",TRUE,
016,3B,pjobl3,categorical,"na, see BPJOBL1(-2)",-2,"na, see BPJOBL1",TRUE,
016,3B,pjobl3,categorical,"na, asked(-1)",-1,"na, asked",TRUE,
016,3B,pjobl3,categorical,see table *E Job type -> steady job(1),1,steady job,FALSE,
016,3B,pjobl3,categorical,see table *E Job type -> temporary job with contract(2),2,temporary job with contract,FALSE,
016,3B,pjobl3,categorical,see table *E Job type -> temporary job via employment agency(3),3,temporary job via employment agency,FALSE,
016,3B,pjobl3,categorical,see table *E Job type -> self-employed(4),4,self-employed,FALSE,
016,3B,pjobl3,categorical,see table *E Job type -> free-lance basis(5),5,free-lance basis,FALSE,
016,3B,pjobl3,categorical,see table *E Job type -> family company(6),6,family company,FALSE,
016,3B,pjobl3,categorical,see table *E Job type -> other(7),7,other,FALSE,
016,3B,pjobl3a,ordinal,"na, wrong skip(-3)",-3,"na, wrong skip",TRUE,
016,3B,pjobl3a,ordinal,"na, see BPJOBL1(-2)",-2,"na, see BPJOBL1",TRUE,
016,3B,pjobl3a,ordinal,"na, asked(-1)",-1,"na, asked",TRUE,
016,3B,pjobl3a,ordinal,see table *F Skill / Work level -> elementary(1),1,elementary,FALSE,
016,3B,pjobl3a,ordinal,see table *F Skill / Work level -> low(2),2,low,FALSE,
016,3B,pjobl3a,ordinal,see table *F Skill / Work level -> medium(3),3,medium,FALSE,
016,3B,pjobl3a,ordinal,see table *F Skill / Work level -> high(4),4,high,FALSE,
016,3B,pjobl3a,ordinal,see table *F Skill / Work level -> scientific(5),5,scientific,FALSE,
016,3B,pjobl4,binary,"na, wrong skip(-3)",-3,"na, wrong skip",TRUE,
016,3B,pjobl4,binary,"na, see BPJOBL1(-2)",-2,"na, see BPJOBL1",TRUE,
016,3B,pjobl4,binary,"na, asked(-1)",-1,"na, asked",TRUE,
016,3B,pjobl4,binary,no(1),1,no,FALSE,
016,3B,pjobl4,binary,yes(2),2,yes,FALSE,
016,3B,pjobl5,numeric,"na, wrong skip(-3)",-3,"na, wrong skip",TRUE,
016,3B,pjobl5,numeric,"na, see BPJOBL4(-2)",-2,"na, see BPJOBL4",TRUE,
016,3B,pjobl5,numeric,"na, asked(-1)",-1,"na, asked",TRUE,
016,3B,pjobl5a,binary,"na, wrong skip(-3)",-3,"na, wrong skip",TRUE,
016,3B,pjobl5a,binary,"na, see BPJOBL4(-2)",-2,"na, see BPJOBL4",TRUE,
016,3B,pjobl5a,binary,"na, asked(-1)",-1,"na, asked",TRUE,
016,3B,pjobl5a,binary,no(1),1,no,FALSE,
016,3B,pjobl5a,binary,yes(2),2,yes,FALSE,
016,3B,pjobl5b,binary,"na, wrong skip(-3)",-3,"na, wrong skip",TRUE,
016,3B,pjobl5b,binary,"na, see BPJOBL4(-2)",-2,"na, see BPJOBL4",TRUE,
016,3B,pjobl5b,binary,"na, asked(-1)",-1,"na, asked",TRUE,
016,3B,pjobl5b,binary,no(1),1,no,FALSE,
016,3B,pjobl5b,binary,yes(2),2,yes,FALSE,
016,3B,pjobl6,numeric,"na, wrong skip(-3)",-3,"na, wrong skip",TRUE,
016,3B,pjobl6,numeric,"na, see BPJOBL1(-2)",-2,"na, see BPJOBL1",TRUE,
016,3B,pjobl6,numeric,"na, asked(-1)",-1,"na, asked",TRUE,
016,3B,pjobl7,ordinal,"na, wrong skip(-3)",-3,"na, wrong skip",TRUE,
016,3B,pjobl7,ordinal,"na, see BPJOBL1(-2)",-2,"na, see BPJOBL1",TRUE,
016,3B,pjobl7,ordinal,"na, asked(-1)",-1,"na, asked",TRUE,
016,3B,pjobl7,ordinal,see table *D Job regularity -> regular hours (9 to 5)(1),1,regular hours (9 to 5),FALSE,
016,3B,pjobl7,ordinal,"see table *D Job regularity -> regular hours, including night/weekend shifts(2)",2,"regular hours, including night/weekend shifts",FALSE,
016,3B,pjobl7,ordinal,"see table *D Job regularity -> shift work, no weekend shifts(3)",3,"shift work, no weekend shifts",FALSE,
016,3B,pjobl7,ordinal,"see table *D Job regularity -> shift work, including weekend shifts(4)",4,"shift work, including weekend shifts",FALSE,
016,3B,pjobl7,ordinal,"see table *D Job regularity -> irregular hours, no weekend shifts(5)",5,"irregular hours, no weekend shifts",FALSE,
016,3B,pjobl7,ordinal,"see table *D Job regularity -> irregular hours, including weekend shifts(6)",6,"irregular hours, including weekend shifts",FALSE,
016,3B,pjobstm,date,na wrong skip(-3),-3,na wrong skip,TRUE,
016,3B,pjobstm,date,"na, see BPJOBL1(-2)",-2,"na, see BPJOBL1",TRUE,
016,3B,pjobstm,date,"na, asked(-1)",-1,"na, asked",TRUE,
016,3B,pjobstm,date,see table *B Month -> January(1),1,January,FALSE,
016,3B,pjobstm,date,see table *B Month -> February(2),2,February,FALSE,
016,3B,pjobstm,date,see table *B Month -> March(3),3,March,FALSE,
016,3B,pjobstm,date,see table *B Month -> April(4),4,April,FALSE,
016,3B,pjobstm,date,see table *B Month -> May(5),5,May,FALSE,
016,3B,pjobstm,date,see table *B Month -> June(6),6,June,FALSE,
016,3B,pjobstm,date,see table *B Month -> July(7),7,July,FALSE,
016,3B,pjobstm,date,see table *B Month -> August(8),8,August,FALSE,
016,3B,pjobstm,date,see table *B Month -> September(9),9,September,FALSE,
016,3B,pjobstm,date,see table *B Month -> October(10),10,October,FALSE,
016,3B,pjobstm,date,see table *B Month -> November(11),11,November,FALSE,
016,3B,pjobstm,date,see table *B Month -> December(12),12,December,FALSE,
016,3B,pjobsty,date,"na, wrong skip(-3)",-3,"na, wrong skip",TRUE,
016,3B,pjobsty,date,"na, see BPJOBL1(-2)",-2,"na, see BPJOBL1",TRUE,
016,3B,pjobsty,date,"na, asked(-1)",-1,"na, asked",TRUE,
016,3B,pemploy,binary,"na, wrong skip(-3)",-3,"na, wrong skip",TRUE,
016,3B,pemploy,binary,"na, see BPJOB1(-2)",-2,"na, see BPJOB1",TRUE,
016,3B,pemploy,binary,"na, asked(-1)",-1,"na, asked",TRUE,
016,3B,pemploy,binary,no(1),1,no,FALSE,
016,3B,pemploy,binary,yes(2),2,yes,FALSE,
016,3B,pdisabl,binary,"na, wrong skip(-3)",-3,"na, wrong skip",TRUE,
016,3B,pdisabl,binary,"na, see BPJOB1 & BPJOBL1(-2)",-2,"na, see BPJOB1 & BPJOBL1",TRUE,
016,3B,pdisabl,binary,"na, asked(-1)",-1,"na, asked",TRUE,
016,3B,pdisabl,binary,no(1),1,no,FALSE,
016,3B,pdisabl,binary,yes(2),2,yes,FALSE,
016,3B,pdisabp,numeric,"na, see BPDISABL(-2)",-2,"na, see BPDISABL",TRUE,
016,3B,pdisabp,numeric,"na, asked(-1)",-1,"na, asked",TRUE,
016,3B,pretire,categorical,"na, wrong skip(-3)",-3,"na, wrong skip",TRUE,
016,3B,pretire,categorical,"na, see BPJOB1 & BPJOBL1(-2)",-2,"na, see BPJOB1 & BPJOBL1",TRUE,
016,3B,pretire,categorical,"na, asked(-1)",-1,"na, asked",TRUE,
016,3B,pretire,categorical,no(1),1,no,FALSE,
016,3B,pretire,categorical,"yes, partly(2)",2,"yes, partly",FALSE,
016,3B,pretire,categorical,"yes, completely(3)",3,"yes, completely",FALSE,
016,MB,job1,binary,"na, short version(-4)",-4,"na, short version",TRUE,
016,MB,job1,binary,"na, asked(-1)",-1,"na, asked",TRUE,
016,MB,job1,binary,no(1),1,no,FALSE,
016,MB,job1,binary,yes(2),2,yes,FALSE,
016,MB,jobstam,date,na wrong skip(-3),-3,na wrong skip,TRUE,
016,MB,jobstam,date,"na, see BJOB1(-2)",-2,"na, see BJOB1",TRUE,
016,MB,jobstam,date,"na, asked(-1)",-1,"na, asked",TRUE,
016,MB,jobstam,date,see table *B Month -> January(1),1,January,FALSE,
016,MB,jobstam,date,see table *B Month -> February(2),2,February,FALSE,
016,MB,jobstam,date,see table *B Month -> March(3),3,March,FALSE,
016,MB,jobstam,date,see table *B Month -> April(4),4,April,FALSE,
016,MB,jobstam,date,see table *B Month -> May(5),5,May,FALSE,
016,MB,jobstam,date,see table *B Month -> June(6),6,June,FALSE,
016,MB,jobstam,date,see table *B Month -> July(7),7,July,FALSE,
016,MB,jobstam,date,see table *B Month -> August(8),8,August,FALSE,
016,MB,jobstam,date,see table *B Month -> September(9),9,September,FALSE,
016,MB,jobstam,date,see table *B Month -> October(10),10,October,FALSE,
016,MB,jobstam,date,see table *B Month -> November(11),11,November,FALSE,
016,MB,jobstam,date,see table *B Month -> December(12),12,December,FALSE,
016,MB,jobstay,date,na wrong skip(-3),-3,na wrong skip,TRUE,
016,MB,jobstay,date,"na, see BJOB1(-2)",-2,"na, see BJOB1",TRUE,
016,MB,jobstay,date,"na, asked(-1)",-1,"na, asked",TRUE,
016,MB,job3,categorical,"na, wrong skip(-3)",-3,"na, wrong skip",TRUE,
016,MB,job3,categorical,"na, see BJOB1(-2)",-2,"na, see BJOB1",TRUE,
016,MB,job3,categorical,"na, asked(-1)",-1,"na, asked",TRUE,
016,MB,job3,categorical,see table *E Job type -> steady job(1),1,steady job,FALSE,
016,MB,job3,categorical,see table *E Job type -> temporary job with contract(2),2,temporary job with contract,FALSE,
016,MB,job3,categorical,see table *E Job type -> temporary job via employment agency(3),3,temporary job via employment agency,FALSE,
016,MB,job3,categorical,see table *E Job type -> self-employed(4),4,self-employed,FALSE,
016,MB,job3,categorical,see table *E Job type -> free-lance basis(5),5,free-lance basis,FALSE,
016,MB,job3,categorical,see table *E Job type -> family company(6),6,family company,FALSE,
016,MB,job3,categorical,see table *E Job type -> other(7),7,other,FALSE,
016,MB,job3a,ordinal,"na, wrong skip(-3)",-3,"na, wrong skip",TRUE,
016,MB,job3a,ordinal,"na, see BJOB1(-2)",-2,"na, see BJOB1",TRUE,
016,MB,job3a,ordinal,"na, asked(-1)",-1,"na, asked",TRUE,
016,MB,job3a,ordinal,see table *F Skill / Work level -> elementary(1),1,elementary,FALSE,
016,MB,job3a,ordinal,see table *F Skill / Work level -> low(2),2,low,FALSE,
016,MB,job3a,ordinal,see table *F Skill / Work level -> medium(3),3,medium,FALSE,
016,MB,job3a,ordinal,see table *F Skill / Work level -> high(4),4,high,FALSE,
016,MB,job3a,ordinal,see table *F Skill / Work level -> scientific(5),5,scientific,FALSE,
016,MB,job4,binary,"na, wrong skip(-3)",-3,"na, wrong skip",TRUE,
016,MB,job4,binary,"na, see BJOB1(-2)",-2,"na, see BJOB1",TRUE,
016,MB,job4,binary,"na, asked(-1)",-1,"na, asked",TRUE,
016,MB,job4,binary,no(1),1,no,FALSE,
016,MB,job4,binary,yes(2),2,yes,FALSE,
016,MB,job5,numeric,"na, wrong skip(-3)",-3,"na, wrong skip",TRUE,
016,MB,job5,numeric,"na, see BJOB4(-2)",-2,"na, see BJOB4",TRUE,
016,MB,job5,numeric,"na, asked(-1)",-1,"na, asked",TRUE,
016,MB,job5a,binary,"na, wrong skip(-3)",-3,"na, wrong skip",TRUE,
016,MB,job5a,binary,"na, see BJOB4(-2)",-2,"na, see BJOB4",TRUE,
016,MB,job5a,binary,"na, asked(-1)",-1,"na, asked",TRUE,
016,MB,job5a,binary,no(1),1,no,FALSE,
016,MB,job5a,binary,yes(2),2,yes,FALSE,
016,MB,job6,numeric,"na, wrong skip(-3)",-3,"na, wrong skip",TRUE,
016,MB,job6,numeric,"na, see BJOB1(-2)",-2,"na, see BJOB1",TRUE,
016,MB,job6,numeric,"na, asked(-1)",-1,"na, asked",TRUE,
016,MB,job7,categorical,"na, wrong skip(-3)",-3,"na, wrong skip",TRUE,
016,MB,job7,categorical,"na, see BJOB1(-2)",-2,"na, see BJOB1",TRUE,
016,MB,job7,categorical,"na, asked(-1)",-1,"na, asked",TRUE,
016,MB,job7,categorical,see table *D Job regularity -> regular hours (9 to 5)(1),1,regular hours (9 to 5),FALSE,
016,MB,job7,categorical,"see table *D Job regularity -> regular hours, including night/weekend shifts(2)",2,"regular hours, including night/weekend shifts",FALSE,
016,MB,job7,categorical,"see table *D Job regularity -> shift work, no weekend shifts(3)",3,"shift work, no weekend shifts",FALSE,
016,MB,job7,categorical,"see table *D Job regularity -> shift work, including weekend shifts(4)",4,"shift work, including weekend shifts",FALSE,
016,MB,job7,categorical,"see table *D Job regularity -> irregular hours, no weekend shifts(5)",5,"irregular hours, no weekend shifts",FALSE,
016,MB,job7,categorical,"see table *D Job regularity -> irregular hours, including weekend shifts(6)",6,"irregular hours, including weekend shifts",FALSE,
016,MB,jobl1,binary,"na, wrong skip(-3)",-3,"na, wrong skip",TRUE,
016,MB,jobl1,binary,"na, see BJOB1(-2)",-2,"na, see BJOB1",TRUE,
016,MB,jobl1,binary,"na, asked(-1)",-1,"na, asked",TRUE,
016,MB,jobl1,binary,no(1),1,no,FALSE,
016,MB,jobl1,binary,yes(2),2,yes,FALSE,
016,MB,jlstam,date,na wrong skip(-3),-3,na wrong skip,TRUE,
016,MB,jlstam,date,"na, see BJOBL1(-2)",-2,"na, see BJOBL1",TRUE,
016,MB,jlstam,date,"na, asked(-1)",-1,"na, asked",TRUE,
016,MB,jlstam,date,see table *B Month -> January(1),1,January,FALSE,
016,MB,jlstam,date,see table *B Month -> February(2),2,February,FALSE,
016,MB,jlstam,date,see table *B Month -> March(3),3,March,FALSE,
016,MB,jlstam,date,see table *B Month -> April(4),4,April,FALSE,
016,MB,jlstam,date,see table *B Month -> May(5),5,May,FALSE,
016,MB,jlstam,date,see table *B Month -> June(6),6,June,FALSE,
016,MB,jlstam,date,see table *B Month -> July(7),7,July,FALSE,
016,MB,jlstam,date,see table *B Month -> August(8),8,August,FALSE,
016,MB,jlstam,date,see table *B Month -> September(9),9,September,FALSE,
016,MB,jlstam,date,see table *B Month -> October(10),10,October,FALSE,
016,MB,jlstam,date,see table *B Month -> November(11),11,November,FALSE,
016,MB,jlstam,date,see table *B Month -> December(12),12,December,FALSE,
016,MB,jlstay,date,na wrong skip(-3),-3,na wrong skip,TRUE,
016,MB,jlstay,date,"na, see BJOBL1(-2)",-2,"na, see BJOBL1",TRUE,
016,MB,jlstay,date,"na, asked(-1)",-1,"na, asked",TRUE,
016,MB,jobl3,categorical,"na, wrong skip(-3)",-3,"na, wrong skip",TRUE,
016,MB,jobl3,categorical,"na, see BJOBL1(-2)",-2,"na, see BJOBL1",TRUE,
016,MB,jobl3,categorical,"na, asked(-1)",-1,"na, asked",TRUE,
016,MB,jobl3,categorical,see table *E Job type -> steady job(1),1,steady job,FALSE,
016,MB,jobl3,categorical,see table *E Job type -> temporary job with contract(2),2,temporary job with contract,FALSE,
016,MB,jobl3,categorical,see table *E Job type -> temporary job via employment agency(3),3,temporary job via employment agency,FALSE,
016,MB,jobl3,categorical,see table *E Job type -> self-employed(4),4,self-employed,FALSE,
016,MB,jobl3,categorical,see table *E Job type -> free-lance basis(5),5,free-lance basis,FALSE,
016,MB,jobl3,categorical,see table *E Job type -> family company(6),6,family company,FALSE,
016,MB,jobl3,categorical,see table *E Job type -> other(7),7,other,FALSE,
016,MB,jobl3a,ordinal,"na, wrong skip(-3)",-3,"na, wrong skip",TRUE,
016,MB,jobl3a,ordinal,"na, see BJOBL1(-2)",-2,"na, see BJOBL1",TRUE,
016,MB,jobl3a,ordinal,"na, asked(-1)",-1,"na, asked",TRUE,
016,MB,jobl3a,ordinal,see table *F Skill / Work level -> elementary(1),1,elementary,FALSE,
016,MB,jobl3a,ordinal,see table *F Skill / Work level -> low(2),2,low,FALSE,
016,MB,jobl3a,ordinal,see table *F Skill / Work level -> medium(3),3,medium,FALSE,
016,MB,jobl3a,ordinal,see table *F Skill / Work level -> high(4),4,high,FALSE,
016,MB,jobl3a,ordinal,see table *F Skill / Work level -> scientific(5),5,scientific,FALSE,
016,MB,jobl4,binary,"na, wrong skip(-3)",-3,"na, wrong skip",TRUE,
016,MB,jobl4,binary,"na, see BJOBL1(-2)",-2,"na, see BJOBL1",TRUE,
016,MB,jobl4,binary,"na, asked(-1)",-1,"na, asked",TRUE,
016,MB,jobl4,binary,no(1),1,no,FALSE,
016,MB,jobl4,binary,yes(2),2,yes,FALSE,
016,MB,jobl5,numeric,"na, wrong skip(-3)",-3,"na, wrong skip",TRUE,
016,MB,jobl5,numeric,"na, see BJOBL4(-2)",-2,"na, see BJOBL4",TRUE,
016,MB,jobl5,numeric,"na, asked(-1)",-1,"na, asked",TRUE,
016,MB,jobl5a,binary,"na, wrong skip(-3)",-3,"na, wrong skip",TRUE,
016,MB,jobl5a,binary,"na, see BJOBL4(-2)",-2,"na, see BJOBL4",TRUE,
016,MB,jobl5a,binary,"na, asked(-1)",-1,"na, asked",TRUE,
016,MB,jobl5a,binary,no(1),1,no,FALSE,
016,MB,jobl5a,binary,yes(2),2,yes,FALSE,
016,MB,jobl6,numeric,"na, wrong skip(-3)",-3,"na, wrong skip",TRUE,
016,MB,jobl6,numeric,"na, see BJOBL1(-2)",-2,"na, see BJOBL1",TRUE,
016,MB,jobl6,numeric,"na, asked(-1)",-1,"na, asked",TRUE,
016,MB,jobl7,ordinal,"na, wrong skip(-3)",-3,"na, wrong skip",TRUE,
016,MB,jobl7,ordinal,"na, see BJOBL1(-2)",-2,"na, see BJOBL1",TRUE,
016,MB,jobl7,ordinal,"na, asked(-1)",-1,"na, asked",TRUE,
016,MB,jobl7,ordinal,see table *D Job regularity -> regular hours (9 to 5)(1),1,regular hours (9 to 5),FALSE,
016,MB,jobl7,ordinal,"see table *D Job regularity -> regular hours, including night/weekend shifts(2)",2,"regular hours, including night/weekend shifts",FALSE,
016,MB,jobl7,ordinal,"see table *D Job regularity -> shift work, no weekend shifts(3)",3,"shift work, no weekend shifts",FALSE,
016,MB,jobl7,ordinal,"see table *D Job regularity -> shift work, including weekend shifts(4)",4,"shift work, including weekend shifts",FALSE,
016,MB,jobl7,ordinal,"see table *D Job regularity -> irregular hours, no weekend shifts(5)",5,"irregular hours, no weekend shifts",FALSE,
016,MB,jobl7,ordinal,"see table *D Job regularity -> irregular hours, including weekend shifts(6)",6,"irregular hours, including weekend shifts",FALSE,
016,MB,jobstom,date,na wrong skip(-3),-3,na wrong skip,TRUE,
016,MB,jobstom,date,"na, see BJOBL1(-2)",-2,"na, see BJOBL1",TRUE,
016,MB,jobstom,date,"na, asked(-1)",-1,"na, asked",TRUE,
016,MB,jobstom,date,see table *B Month -> January(1),1,January,FALSE,
016,MB,jobstom,date,see table *B Month -> February(2),2,February,FALSE,
016,MB,jobstom,date,see table *B Month -> March(3),3,March,FALSE,
016,MB,jobstom,date,see table *B Month -> April(4),4,April,FALSE,
016,MB,jobstom,date,see table *B Month -> May(5),5,May,FALSE,
016,MB,jobstom,date,see table *B Month -> June(6),6,June,FALSE,
016,MB,jobstom,date,see table *B Month -> July(7),7,July,FALSE,
016,MB,jobstom,date,see table *B Month -> August(8),8,August,FALSE,
016,MB,jobstom,date,see table *B Month -> September(9),9,September,FALSE,
016,MB,jobstom,date,see table *B Month -> October(10),10,October,FALSE,
016,MB,jobstom,date,see table *B Month -> November(11),11,November,FALSE,
016,MB,jobstom,date,see table *B Month -> December(12),12,December,FALSE,
016,MB,jobstoy,date,"na, wrong skip(-3)",-3,"na, wrong skip",TRUE,
016,MB,jobstoy,date,"na, see BJOBL1(-2)",-2,"na, see BJOBL1",TRUE,
016,MB,jobstoy,date,"na, asked(-1)",-1,"na, asked",TRUE,
016,MB,employ,binary,"na, wrong skip(-3)",-3,"na, wrong skip",TRUE,
016,MB,employ,binary,"na, see BJOB1(-2)",-2,"na, see BJOB1",TRUE,
016,MB,employ,binary,"na, asked(-1)",-1,"na, asked",TRUE,
016,MB,employ,binary,no(1),1,no,FALSE,
016,MB,employ,binary,yes(2),2,yes,FALSE,
016,MB,disabl,binary,"na, wrong skip(-3)",-3,"na, wrong skip",TRUE,
016,MB,disabl,binary,"na, see BJOB1/BJOBL1(-2)",-2,"na, see BJOB1/BJOBL1",TRUE,
016,MB,disabl,binary,"na, asked(-1)",-1,"na, asked",TRUE,
016,MB,disabl,binary,no(1),1,no,FALSE,
016,MB,disabl,binary,yes(2),2,yes,FALSE,
016,MB,disablp,numeric,"na, refused(-3)",-3,"na, refused",TRUE,
016,MB,disablp,numeric,"na, see BDISABL(-2)",-2,"na, see BDISABL",TRUE,
016,MB,disablp,numeric,"na, asked(-1)",-1,"na, asked",TRUE,
016,MB,retired,categorical,"na, wrong skip(-3)",-3,"na, wrong skip",TRUE,
016,MB,retired,categorical,"na, see BJOB1/BJOBL1(-2)",-2,"na, see BJOB1/BJOBL1",TRUE,
016,MB,retired,categorical,"na, asked(-1)",-1,"na, asked",TRUE,
016,MB,retired,categorical,no(1),1,no,FALSE,
016,MB,retired,categorical,"yes, partly(2)",2,"yes, partly",FALSE,
016,MB,retired,categorical,"yes, completely(3)",3,"yes, completely",FALSE,
016,MB,retivol,categorical,"na, wrong skip(-3)",-3,"na, wrong skip",TRUE,
016,MB,retivol,categorical,see BRETIRED(-2),-2,see BRETIRED,TRUE,
016,MB,retivol,categorical,"na, asked(-1)",-1,"na, asked",TRUE,
016,MB,retivol,categorical,"no, not retired(1)",1,"no, not retired",FALSE,
016,MB,retivol,categorical,"yes, retired entirely voluntarily(2)",2,"yes, retired entirely voluntarily",FALSE,
016,MB,retivol,categorical,"yes, retired but not entirely voluntarily(3)",3,"yes, retired but not entirely voluntarily",FALSE,
016,MB,workret,ordinal,"na, wrong skip(-3)",-3,"na, wrong skip",TRUE,
016,MB,workret,ordinal,"na, see BJOB1/BRETIRED(-2)",-2,"na, see BJOB1/BRETIRED",TRUE,
016,MB,workret,ordinal,"na, asked(-1)",-1,"na, asked",TRUE,
016,MB,workret,ordinal,"no, I do not think so(1)",1,"no, I do not think so",FALSE,
016,MB,workret,ordinal,I am sometimes not sure about this(2),2,I am sometimes not sure about this,FALSE,
016,MB,workret,ordinal,"yes, I do think so(3)",3,"yes, I do think so",FALSE,
016,MB,pjob1,binary,"na, wrong skip(-3)",-3,"na, wrong skip",TRUE,
016,MB,pjob1,binary,"na, see BPJDATA(-2)",-2,"na, see BPJDATA",TRUE,
016,MB,pjob1,binary,"na, asked(-1)",-1,"na, asked",TRUE,
016,MB,pjob1,binary,no(1),1,no,FALSE,
016,MB,pjob1,binary,yes(2),2,yes,FALSE,
016,MB,pjstam,date,na wrong skip(-3),-3,na wrong skip,TRUE,
016,MB,pjstam,date,"na, see BPJOB1(-2)",-2,"na, see BPJOB1",TRUE,
016,MB,pjstam,date,"na, asked(-1)",-1,"na, asked",TRUE,
016,MB,pjstam,date,see table *B Month -> January(1),1,January,FALSE,
016,MB,pjstam,date,see table *B Month -> February(2),2,February,FALSE,
016,MB,pjstam,date,see table *B Month -> March(3),3,March,FALSE,
016,MB,pjstam,date,see table *B Month -> April(4),4,April,FALSE,
016,MB,pjstam,date,see table *B Month -> May(5),5,May,FALSE,
016,MB,pjstam,date,see table *B Month -> June(6),6,June,FALSE,
016,MB,pjstam,date,see table *B Month -> July(7),7,July,FALSE,
016,MB,pjstam,date,see table *B Month -> August(8),8,August,FALSE,
016,MB,pjstam,date,see table *B Month -> September(9),9,September,FALSE,
016,MB,pjstam,date,see table *B Month -> October(10),10,October,FALSE,
016,MB,pjstam,date,see table *B Month -> November(11),11,November,FALSE,
016,MB,pjstam,date,see table *B Month -> December(12),12,December,FALSE,
016,MB,pjstay,date,na wrong skip(-3),-3,na wrong skip,TRUE,
016,MB,pjstay,date,"na, see BPJOB1(-2)",-2,"na, see BPJOB1",TRUE,
016,MB,pjstay,date,"na, asked(-1)",-1,"na, asked",TRUE,
016,MB,pjob3,categorical,"na, wrong skip(-3)",-3,"na, wrong skip",TRUE,
016,MB,pjob3,categorical,"na, see BPJOB1(-2)",-2,"na, see BPJOB1",TRUE,
016,MB,pjob3,categorical,"na, asked(-1)",-1,"na, asked",TRUE,
016,MB,pjob3,categorical,see table *E Job type -> steady job(1),1,steady job,FALSE,
016,MB,pjob3,categorical,see table *E Job type -> temporary job with contract(2),2,temporary job with contract,FALSE,
016,MB,pjob3,categorical,see table *E Job type -> temporary job via employment agency(3),3,temporary job via employment agency,FALSE,
016,MB,pjob3,categorical,see table *E Job type -> self-employed(4),4,self-employed,FALSE,
016,MB,pjob3,categorical,see table *E Job type -> free-lance basis(5),5,free-lance basis,FALSE,
016,MB,pjob3,categorical,see table *E Job type -> family company(6),6,family company,FALSE,
016,MB,pjob3,categorical,see table *E Job type -> other(7),7,other,FALSE,
016,MB,pjob3a,ordinal,"na, wrong skip(-3)",-3,"na, wrong skip",TRUE,
016,MB,pjob3a,ordinal,"na, see BPJOB1(-2)",-2,"na, see BPJOB1",TRUE,
016,MB,pjob3a,ordinal,"na, asked(-1)",-1,"na, asked",TRUE,
016,MB,pjob3a,ordinal,see table *F Skill / Work level -> elementary(1),1,elementary,FALSE,
016,MB,pjob3a,ordinal,see table *F Skill / Work level -> low(2),2,low,FALSE,
016,MB,pjob3a,ordinal,see table *F Skill / Work level -> medium(3),3,medium,FALSE,
016,MB,pjob3a,ordinal,see table *F Skill / Work level -> high(4),4,high,FALSE,
016,MB,pjob3a,ordinal,see table *F Skill / Work level -> scientific(5),5,scientific,FALSE,
016,MB,pjob4,binary,"na, wrong skip(-3)",-3,"na, wrong skip",TRUE,
016,MB,pjob4,binary,"na, see BPJOB1(-2)",-2,"na, see BPJOB1",TRUE,
016,MB,pjob4,binary,"na, asked(-1)",-1,"na, asked",TRUE,
016,MB,pjob4,binary,no(1),1,no,FALSE,
016,MB,pjob4,binary,yes(2),2,yes,FALSE,
016,MB,pjob5,numeric,"na, wrong skip(-3)",-3,"na, wrong skip",TRUE,
016,MB,pjob5,numeric,"na, see BPJOB4(-2)",-2,"na, see BPJOB4",TRUE,
016,MB,pjob5,numeric,"na, asked(-1)",-1,"na, asked",TRUE,
016,MB,pjob5a,binary,"na, wrong skip(-3)",-3,"na, wrong skip",TRUE,
016,MB,pjob5a,binary,"na, see BPJOB4(-2)",-2,"na, see BPJOB4",TRUE,
016,MB,pjob5a,binary,"na, asked(-1)",-1,"na, asked",TRUE,
016,MB,pjob5a,binary,no(1),1,no,FALSE,
016,MB,pjob5a,binary,yes(2),2,yes,FALSE,
016,MB,pjob6,numeric,"na, wrong skip(-3)",-3,"na, wrong skip",TRUE,
016,MB,pjob6,numeric,"na, see BPJOB1(-2)",-2,"na, see BPJOB1",TRUE,
016,MB,pjob6,numeric,"na, asked(-1)",-1,"na, asked",TRUE,
016,MB,pjob7,ordinal,"na, wrong skip(-3)",-3,"na, wrong skip",TRUE,
016,MB,pjob7,ordinal,"na, see BPJOB1(-2)",-2,"na, see BPJOB1",TRUE,
016,MB,pjob7,ordinal,"na, asked(-1)",-1,"na, asked",TRUE,
016,MB,pjob7,ordinal,see table *D Job regularity -> regular hours (9 to 5)(1),1,regular hours (9 to 5),FALSE,
016,MB,pjob7,ordinal,"see table *D Job regularity -> regular hours, including night/weekend shifts(2)",2,"regular hours, including night/weekend shifts",FALSE,
016,MB,pjob7,ordinal,"see table *D Job regularity -> shift work, no weekend shifts(3)",3,"shift work, no weekend shifts",FALSE,
016,MB,pjob7,ordinal,"see table *D Job regularity -> shift work, including weekend shifts(4)",4,"shift work, including weekend shifts",FALSE,
016,MB,pjob7,ordinal,"see table *D Job regularity -> irregular hours, no weekend shifts(5)",5,"irregular hours, no weekend shifts",FALSE,
016,MB,pjob7,ordinal,"see table *D Job regularity -> irregular hours, including weekend shifts(6)",6,"irregular hours, including weekend shifts",FALSE,
016,MB,pjobl1,binary,"na, wrong skip(-3)",-3,"na, wrong skip",TRUE,
016,MB,pjobl1,binary,"na, see BPJOB1(-2)",-2,"na, see BPJOB1",TRUE,
016,MB,pjobl1,binary,"na, asked(-1)",-1,"na, asked",TRUE,
016,MB,pjobl1,binary,no(1),1,no,FALSE,
016,MB,pjobl1,binary,yes(2),2,yes,FALSE,
016,MB,pjobl3,categorical,"na, wrong skip(-3)",-3,"na, wrong skip",TRUE,
016,MB,pjobl3,categorical,"na, see BPJOBL1(-2)",-2,"na, see BPJOBL1",TRUE,
016,MB,pjobl3,categorical,"na, asked(-1)",-1,"na, asked",TRUE,
016,MB,pjobl3,categorical,see table *E Job type -> steady job(1),1,steady job,FALSE,
016,MB,pjobl3,categorical,see table *E Job type -> temporary job with contract(2),2,temporary job with contract,FALSE,
016,MB,pjobl3,categorical,see table *E Job type -> temporary job via employment agency(3),3,temporary job via employment agency,FALSE,
016,MB,pjobl3,categorical,see table *E Job type -> self-employed(4),4,self-employed,FALSE,
016,MB,pjobl3,categorical,see table *E Job type -> free-lance basis(5),5,free-lance basis,FALSE,
016,MB,pjobl3,categorical,see table *E Job type -> family company(6),6,family company,FALSE,
016,MB,pjobl3,categorical,see table *E Job type -> other(7),7,other,FALSE,
016,MB,pjobl3a,ordinal,"na, wrong skip(-3)",-3,"na, wrong skip",TRUE,
016,MB,pjobl3a,ordinal,"na, see BPJOBL1(-2)",-2,"na, see BPJOBL1",TRUE,
016,MB,pjobl3a,ordinal,"na, asked(-1)",-1,"na, asked",TRUE,
016,MB,pjobl3a,ordinal,see table *F Skill / Work level -> elementary(1),1,elementary,FALSE,
016,MB,pjobl3a,ordinal,see table *F Skill / Work level -> low(2),2,low,FALSE,
016,MB,pjobl3a,ordinal,see table *F Skill / Work level -> medium(3),3,medium,FALSE,
016,MB,pjobl3a,ordinal,see table *F Skill / Work level -> high(4),4,high,FALSE,
016,MB,pjobl3a,ordinal,see table *F Skill / Work level -> scientific(5),5,scientific,FALSE,
016,MB,pjobl4,binary,"na, wrong skip(-3)",-3,"na, wrong skip",TRUE,
016,MB,pjobl4,binary,"na, see BPJOBL1(-2)",-2,"na, see BPJOBL1",TRUE,
016,MB,pjobl4,binary,"na, asked(-1)",-1,"na, asked",TRUE,
016,MB,pjobl4,binary,no(1),1,no,FALSE,
016,MB,pjobl4,binary,yes(2),2,yes,FALSE,
016,MB,pjobl5,numeric,"na, wrong skip(-3)",-3,"na, wrong skip",TRUE,
016,MB,pjobl5,numeric,"na, see BPJOBL4(-2)",-2,"na, see BPJOBL4",TRUE,
016,MB,pjobl5,numeric,"na, asked(-1)",-1,"na, asked",TRUE,
016,MB,pjobl5a,binary,"na, wrong skip(-3)",-3,"na, wrong skip",TRUE,
016,MB,pjobl5a,binary,"na, see BPJOBL4(-2)",-2,"na, see BPJOBL4",TRUE,
016,MB,pjobl5a,binary,"na, asked(-1)",-1,"na, asked",TRUE,
016,MB,pjobl5a,binary,no(1),1,no,FALSE,
016,MB,pjobl5a,binary,yes(2),2,yes,FALSE,
016,MB,pjobl6,numeric,"na, wrong skip(-3)",-3,"na, wrong skip",TRUE,
016,MB,pjobl6,numeric,"na, see BPJOBL1(-2)",-2,"na, see BPJOBL1",TRUE,
016,MB,pjobl6,numeric,"na, asked(-1)",-1,"na, asked",TRUE,
016,MB,pjobl7,ordinal,"na, wrong skip(-3)",-3,"na, wrong skip",TRUE,
016,MB,pjobl7,ordinal,"na, see BPJOBL1(-2)",-2,"na, see BPJOBL1",TRUE,
016,MB,pjobl7,ordinal,"na, asked(-1)",-1,"na, asked",TRUE,
016,MB,pjobl7,ordinal,see table *D Job regularity -> regular hours (9 to 5)(1),1,regular hours (9 to 5),FALSE,
016,MB,pjobl7,ordinal,"see table *D Job regularity -> regular hours, including night/weekend shifts(2)",2,"regular hours, including night/weekend shifts",FALSE,
016,MB,pjobl7,ordinal,"see table *D Job regularity -> shift work, no weekend shifts(3)",3,"shift work, no weekend shifts",FALSE,
016,MB,pjobl7,ordinal,"see table *D Job regularity -> shift work, including weekend shifts(4)",4,"shift work, including weekend shifts",FALSE,
016,MB,pjobl7,ordinal,"see table *D Job regularity -> irregular hours, no weekend shifts(5)",5,"irregular hours, no weekend shifts",FALSE,
016,MB,pjobl7,ordinal,"see table *D Job regularity -> irregular hours, including weekend shifts(6)",6,"irregular hours, including weekend shifts",FALSE,
016,MB,pjobstm,date,na wrong skip(-3),-3,na wrong skip,TRUE,
016,MB,pjobstm,date,"na, see BPJOBL1(-2)",-2,"na, see BPJOBL1",TRUE,
016,MB,pjobstm,date,"na, asked(-1)",-1,"na, asked",TRUE,
016,MB,pjobstm,date,see table *B Month -> January(1),1,January,FALSE,
016,MB,pjobstm,date,see table *B Month -> February(2),2,February,FALSE,
016,MB,pjobstm,date,see table *B Month -> March(3),3,March,FALSE,
016,MB,pjobstm,date,see table *B Month -> April(4),4,April,FALSE,
016,MB,pjobstm,date,see table *B Month -> May(5),5,May,FALSE,
016,MB,pjobstm,date,see table *B Month -> June(6),6,June,FALSE,
016,MB,pjobstm,date,see table *B Month -> July(7),7,July,FALSE,
016,MB,pjobstm,date,see table *B Month -> August(8),8,August,FALSE,
016,MB,pjobstm,date,see table *B Month -> September(9),9,September,FALSE,
016,MB,pjobstm,date,see table *B Month -> October(10),10,October,FALSE,
016,MB,pjobstm,date,see table *B Month -> November(11),11,November,FALSE,
016,MB,pjobstm,date,see table *B Month -> December(12),12,December,FALSE,
016,MB,pjobsty,date,"na, wrong skip(-3)",-3,"na, wrong skip",TRUE,
016,MB,pjobsty,date,"na, see BPJOBL1(-2)",-2,"na, see BPJOBL1",TRUE,
016,MB,pjobsty,date,"na, asked(-1)",-1,"na, asked",TRUE,
016,MB,pemploy,binary,"na, wrong skip(-3)",-3,"na, wrong skip",TRUE,
016,MB,pemploy,binary,"na, see BPJOB1(-2)",-2,"na, see BPJOB1",TRUE,
016,MB,pemploy,binary,"na, asked(-1)",-1,"na, asked",TRUE,
016,MB,pemploy,binary,no(1),1,no,FALSE,
016,MB,pemploy,binary,yes(2),2,yes,FALSE,
016,MB,pdisabl,binary,"na, wrong skip(-3)",-3,"na, wrong skip",TRUE,
016,MB,pdisabl,binary,"na, see BPJOB1/BPJOBL1(-2)",-2,"na, see BPJOB1/BPJOBL1",TRUE,
016,MB,pdisabl,binary,"na, asked(-1)",-1,"na, asked",TRUE,
016,MB,pdisabl,binary,no(1),1,no,FALSE,
016,MB,pdisabl,binary,yes(2),2,yes,FALSE,
016,MB,pdisabp,numeric,"na, refused(-3)",-3,"na, refused",TRUE,
016,MB,pdisabp,numeric,"na, see BPDISABL(-2)",-2,"na, see BPDISABL",TRUE,
016,MB,pdisabp,numeric,"na, asked(-1)",-1,"na, asked",TRUE,
016,I,job1,binary,"na, short version(-4)",-4,"na, short version",TRUE,
016,I,job1,binary,"na, asked(-1)",-1,"na, asked",TRUE,
016,I,job1,binary,no(1),1,no,FALSE,
016,I,job1,binary,yes(2),2,yes,FALSE,
016,I,jobc,categorical,"na, see IJOB1(-2)",-2,"na, see IJOB1",TRUE,
016,I,jobc,categorical,"never had job, unknown before(-1)",-1,"never had job, unknown before",TRUE,
016,I,jobc,categorical,unknown(0),0,unknown,FALSE,
016,I,jobc,categorical,"no job, not changed(1)",1,"no job, not changed",FALSE,
016,I,jobc,categorical,"no job, changed(2)",2,"no job, changed",FALSE,
016,I,jobc,categorical,"no job, unknown before(3)",3,"no job, unknown before",FALSE,
016,I,jobc,categorical,"job, not changed(4)",4,"job, not changed",FALSE,
016,I,jobc,categorical,"job, changed(5)",5,"job, changed",FALSE,
016,I,jobc,categorical,"job, unknown before(6)",6,"job, unknown before",FALSE,
016,I,jobs,categorical,"na, see IJOB1(-2)",-2,"na, see IJOB1",TRUE,
016,I,jobs,categorical,"na, see IJOBC(-1)",-1,"na, see IJOBC",TRUE,
016,I,jobs,categorical,no(1),1,no,FALSE,
016,I,jobs,categorical,not sure(2),2,not sure,FALSE,
016,I,jobs,categorical,yes(3),3,yes,FALSE,
016,I,jobstam,date,na wrong skip(-3),-3,na wrong skip,TRUE,
016,I,jobstam,date,"na, see IJOBC/S(-2)",-2,"na, see IJOBC/S",TRUE,
016,I,jobstam,date,"na, asked(-1)",-1,"na, asked",TRUE,
016,I,jobstam,date,see table *B Month -> January(1),1,January,FALSE,
016,I,jobstam,date,see table *B Month -> February(2),2,February,FALSE,
016,I,jobstam,date,see table *B Month -> March(3),3,March,FALSE,
016,I,jobstam,date,see table *B Month -> April(4),4,April,FALSE,
016,I,jobstam,date,see table *B Month -> May(5),5,May,FALSE,
016,I,jobstam,date,see table *B Month -> June(6),6,June,FALSE,
016,I,jobstam,date,see table *B Month -> July(7),7,July,FALSE,
016,I,jobstam,date,see table *B Month -> August(8),8,August,FALSE,
016,I,jobstam,date,see table *B Month -> September(9),9,September,FALSE,
016,I,jobstam,date,see table *B Month -> October(10),10,October,FALSE,
016,I,jobstam,date,see table *B Month -> November(11),11,November,FALSE,
016,I,jobstam,date,see table *B Month -> December(12),12,December,FALSE,
016,I,jobstay,date,"na, wrong skip(-3)",-3,"na, wrong skip",TRUE,
016,I,jobstay,date,"na, see IJOBC/S(-2)",-2,"na, see IJOBC/S",TRUE,
016,I,jobstay,date,"na, asked(-1)",-1,"na, asked",TRUE,
016,I,cjsbc,numeric,"na, wrong skip(-3)",-3,"na, wrong skip",TRUE,
016,I,cjsbc,numeric,"na, see IJOBC/S(-2)",-2,"na, see IJOBC/S",TRUE,
016,I,cjsbc,numeric,"na, asked(-1)",-1,"na, asked",TRUE,
016,I,cjclass,categorical,"na, see ICJSBC(-2)",-2,"na, see ICJSBC",TRUE,
016,I,cjclass,categorical,see table *A SBC92 -> elementary occupations(11),11,elementary occupations,FALSE,
016,I,cjclass,categorical,see table *A SBC92 -> lower non-specialized occupations(21),21,lower non-specialized occupations,FALSE,
016,I,cjclass,categorical,see table *A SBC92 -> lower teaching & instruction occupations(22),22,lower teaching & instruction occupations,FALSE,
016,I,cjclass,categorical,see table *A SBC92 -> lower agricultural occupations(24),24,lower agricultural occupations,FALSE,
016,I,cjclass,categorical,see table *A SBC92 -> lower natural science occupations(25),25,lower natural science occupations,FALSE,
016,I,cjclass,categorical,see table *A SBC92 -> lower technical occupations(26),26,lower technical occupations,FALSE,
016,I,cjclass,categorical,see table *A SBC92 -> lower transport occupations(28),28,lower transport occupations,FALSE,
016,I,cjclass,categorical,see table *A SBC92 -> lower (para)medical occupations(29),29,lower (para)medical occupations,FALSE,
016,I,cjclass,categorical,see table *A SBC92 -> lower administrative & commercial occupations(31),31,lower administrative & commercial occupations,FALSE,
016,I,cjclass,categorical,see table *A SBC92 -> lower security occupations(33),33,lower security occupations,FALSE,
016,I,cjclass,categorical,see table *A SBC92 -> lower service & care occupations(37),37,lower service & care occupations,FALSE,
016,I,cjclass,categorical,see table *A SBC92 -> medium teaching & instruction occupations(42),42,medium teaching & instruction occupations,FALSE,
016,I,cjclass,categorical,see table *A SBC92 -> medium agricultural occupations(44),44,medium agricultural occupations,FALSE,
016,I,cjclass,categorical,see table *A SBC92 -> medium natural science occupations(45),45,medium natural science occupations,FALSE,
016,I,cjclass,categorical,see table *A SBC92 -> medium technical occupations(46),46,medium technical occupations,FALSE,
016,I,cjclass,categorical,see table *A SBC92 -> medium transport occupations(48),48,medium transport occupations,FALSE,
016,I,cjclass,categorical,see table *A SBC92 -> medium (para)medical occupations(49),49,medium (para)medical occupations,FALSE,
016,I,cjclass,categorical,see table *A SBC92 -> medium administrative & commercial occupations(51),51,medium administrative & commercial occupations,FALSE,
016,I,cjclass,categorical,see table *A SBC92 -> medium juridical & security occupations(53),53,medium juridical & security occupations,FALSE,
016,I,cjclass,categorical,see table *A SBC92 -> medium linguistic & cultural occupations(55),55,medium linguistic & cultural occupations,FALSE,
016,I,cjclass,categorical,see table *A SBC92 -> medium social occupations(56),56,medium social occupations,FALSE,
016,I,cjclass,categorical,see table *A SBC92 -> medium service & care occupations(57),57,medium service & care occupations,FALSE,
016,I,cjclass,categorical,see table *A SBC92 -> higher pedagogical occupations(62),62,higher pedagogical occupations,FALSE,
016,I,cjclass,categorical,see table *A SBC92 -> higher agricultural occupations(64),64,higher agricultural occupations,FALSE,
016,I,cjclass,categorical,see table *A SBC92 -> higher natural science occupations(65),65,higher natural science occupations,FALSE,
016,I,cjclass,categorical,see table *A SBC92 -> higher technical occupations(66),66,higher technical occupations,FALSE,
016,I,cjclass,categorical,see table *A SBC92 -> higher transport occupations(68),68,higher transport occupations,FALSE,
016,I,cjclass,categorical,see table *A SBC92 -> higher (para)medical occupations(69),69,higher (para)medical occupations,FALSE,
016,I,cjclass,categorical,see table *A SBC92 -> higher administrative & commercial occupations(71),71,higher administrative & commercial occupations,FALSE,
016,I,cjclass,categorical,see table *A SBC92 -> higher juridical & security occupations(73),73,higher juridical & security occupations,FALSE,
016,I,cjclass,categorical,see table *A SBC92 -> higher linguistic & cultural occupations(75),75,higher linguistic & cultural occupations,FALSE,
016,I,cjclass,categorical,see table *A SBC92 -> higher social occupations(76),76,higher social occupations,FALSE,
016,I,cjclass,categorical,see table *A SBC92 -> higher service & care occupations(77),77,higher service & care occupations,FALSE,
016,I,cjclass,categorical,see table *A SBC92 -> higher managers(78),78,higher managers,FALSE,
016,I,cjclass,categorical,see table *A SBC92 -> scientific pedagogical occupations(82),82,scientific pedagogical occupations,FALSE,
016,I,cjclass,categorical,see table *A SBC92 -> scientific agricultural occupations(84),84,scientific agricultural occupations,FALSE,
016,I,cjclass,categorical,see table *A SBC92 -> scientific natural science occupations(85),85,scientific natural science occupations,FALSE,
016,I,cjclass,categorical,see table *A SBC92 -> scientific technical occupations(86),86,scientific technical occupations,FALSE,
016,I,cjclass,categorical,see table *A SBC92 -> scientific (para)medical occupations(89),89,scientific (para)medical occupations,FALSE,
016,I,cjclass,categorical,see table *A SBC92 -> scientific administrative & economic occupations(91),91,scientific administrative & economic occupations,FALSE,
016,I,cjclass,categorical,see table *A SBC92 -> scientific juridical & policy occupations(93),93,scientific juridical & policy occupations,FALSE,
016,I,cjclass,categorical,see table *A SBC92 -> scientific social occupations(96),96,scientific social occupations,FALSE,
016,I,cjclass,categorical,see table *A SBC92 -> scientific managers(98),98,scientific managers,FALSE,
016,I,cjlevel,ordinal,"na, see ICJSBC(-2)",-2,"na, see ICJSBC",TRUE,
016,I,cjlevel,ordinal,see table *F Skill / work level -> elementary(1),1,elementary,FALSE,
016,I,cjlevel,ordinal,see table *F Skill / work level -> low(2),2,low,FALSE,
016,I,cjlevel,ordinal,see table *F Skill / work level -> medium(3),3,medium,FALSE,
016,I,cjlevel,ordinal,see table *F Skill / work level -> high(4),4,high,FALSE,
016,I,cjlevel,ordinal,see table *F Skill / work level -> scientific(5),5,scientific,FALSE,
016,I,cjtype,categorical,"na, see ICJSBC(-2)",-2,"na, see ICJSBC",TRUE,
016,I,cjtype,categorical,see table *C Skill type -> general(1),1,general,FALSE,
016,I,cjtype,categorical,see table *C Skill type -> pedagogical(2),2,pedagogical,FALSE,
016,I,cjtype,categorical,see table *C Skill type -> agricultural(4),4,agricultural,FALSE,
016,I,cjtype,categorical,see table *C Skill type -> natural science(5),5,natural science,FALSE,
016,I,cjtype,categorical,see table *C Skill type -> technical(6),6,technical,FALSE,
016,I,cjtype,categorical,see table *C Skill type -> transport(8),8,transport,FALSE,
016,I,cjtype,categorical,see table *C Skill type -> (para)medical(9),9,(para)medical,FALSE,
016,I,cjtype,categorical,see table *C Skill type -> administrative/commercial(11),11,administrative/commercial,FALSE,
016,I,cjtype,categorical,see table *C Skill type -> juridical/security(13),13,juridical/security,FALSE,
016,I,cjtype,categorical,see table *C Skill type -> cultural/linguistic(15),15,cultural/linguistic,FALSE,
016,I,cjtype,categorical,see table *C Skill type -> social science(16),16,social science,FALSE,
016,I,cjtype,categorical,see table *C Skill type -> care & services(17),17,care & services,FALSE,
016,I,cjtype,categorical,see table *C Skill type -> management(18),18,management,FALSE,
016,I,job3,categorical,"na, wrong skip(-3)",-3,"na, wrong skip",TRUE,
016,I,job3,categorical,"na, see IJOBC/S(-2)",-2,"na, see IJOBC/S",TRUE,
016,I,job3,categorical,"na, asked(-1)",-1,"na, asked",TRUE,
016,I,job3,categorical,see table *E Job type -> steady job(1),1,steady job,FALSE,
016,I,job3,categorical,see table *E Job type -> temporary job with contract(2),2,temporary job with contract,FALSE,
016,I,job3,categorical,see table *E Job type -> temporary job via employment agency(3),3,temporary job via employment agency,FALSE,
016,I,job3,categorical,see table *E Job type -> self-employed(4),4,self-employed,FALSE,
016,I,job3,categorical,see table *E Job type -> free-lance basis(5),5,free-lance basis,FALSE,
016,I,job3,categorical,see table *E Job type -> family company(6),6,family company,FALSE,
016,I,job3,categorical,see table *E Job type -> other(7),7,other,FALSE,
016,I,job3a,ordinal,"na, wrong skip(-3)",-3,"na, wrong skip",TRUE,
016,I,job3a,ordinal,"na, see IJOBC/S(-2)",-2,"na, see IJOBC/S",TRUE,
016,I,job3a,ordinal,"na, asked(-1)",-1,"na, asked",TRUE,
016,I,job3a,ordinal,see table *F Skill / Work level -> elementary(1),1,elementary,FALSE,
016,I,job3a,ordinal,see table *F Skill / Work level -> low(2),2,low,FALSE,
016,I,job3a,ordinal,see table *F Skill / Work level -> medium(3),3,medium,FALSE,
016,I,job3a,ordinal,see table *F Skill / Work level -> high(4),4,high,FALSE,
016,I,job3a,ordinal,see table *F Skill / Work level -> scientific(5),5,scientific,FALSE,
016,I,job4,binary,"na, wrong skip(-3)",-3,"na, wrong skip",TRUE,
016,I,job4,binary,"na, see IJOBC/S(-2)",-2,"na, see IJOBC/S",TRUE,
016,I,job4,binary,"na, asked(-1)",-1,"na, asked",TRUE,
016,I,job4,binary,no(1),1,no,FALSE,
016,I,job4,binary,yes(2),2,yes,FALSE,
016,I,job5,numeric,"na, wrong skip(-3)",-3,"na, wrong skip",TRUE,
016,I,job5,numeric,"na, see IJOB4(-2)",-2,"na, see IJOB4",TRUE,
016,I,job5,numeric,"na, asked(-1)",-1,"na, asked",TRUE,
016,I,job5,numeric,98 or more(98),98,NA,FALSE,
016,I,job5a,binary,"na, wrong skip(-3)",-3,"na, wrong skip",TRUE,
016,I,job5a,binary,"na, see IJOB4(-2)",-2,"na, see IJOB4",TRUE,
016,I,job5a,binary,"na, asked(-1)",-1,"na, asked",TRUE,
016,I,job5a,binary,no(1),1,no,FALSE,
016,I,job5a,binary,yes(2),2,yes,FALSE,
016,I,job5b,binary,"na, wrong skip(-3)",-3,"na, wrong skip",TRUE,
016,I,job5b,binary,"na, see IJOB4(-2)",-2,"na, see IJOB4",TRUE,
016,I,job5b,binary,"na, asked(-1)",-1,"na, asked",TRUE,
016,I,job5b,binary,no(1),1,no,FALSE,
016,I,job5b,binary,yes(2),2,yes,FALSE,
016,I,job6,numeric,"na, wrong skip(-3)",-3,"na, wrong skip",TRUE,
016,I,job6,numeric,"na, see IJOBC/S(-2)",-2,"na, see IJOBC/S",TRUE,
016,I,job6,numeric,"na, asked(-1)",-1,"na, asked",TRUE,
016,I,job7,categorical,"na, wrong skip(-3)",-3,"na, wrong skip",TRUE,
016,I,job7,categorical,"na, see IJOBC/S(-2)",-2,"na, see IJOBC/S",TRUE,
016,I,job7,categorical,"na, asked(-1)",-1,"na, asked",TRUE,
016,I,job7,categorical,see table *D Job regularity -> regular hours (9 to 5)(1),1,regular hours (9 to 5),FALSE,
016,I,job7,categorical,"see table *D Job regularity -> regular hours, including night/weekend shifts(2)",2,"regular hours, including night/weekend shifts",FALSE,
016,I,job7,categorical,"see table *D Job regularity -> shift work, no weekend shifts(3)",3,"shift work, no weekend shifts",FALSE,
016,I,job7,categorical,"see table *D Job regularity -> shift work, including weekend shifts(4)",4,"shift work, including weekend shifts",FALSE,
016,I,job7,categorical,"see table *D Job regularity -> irregular hours, no weekend shifts(5)",5,"irregular hours, no weekend shifts",FALSE,
016,I,job7,categorical,"see table *D Job regularity -> irregular hours, including weekend shifts(6)",6,"irregular hours, including weekend shifts",FALSE,
016,I,jobstom,date,na wrong skip(-3),-3,na wrong skip,TRUE,
016,I,jobstom,date,"na, see IJOBC(-2)",-2,"na, see IJOBC",TRUE,
016,I,jobstom,date,"na, asked(-1)",-1,"na, asked",TRUE,
016,I,jobstom,date,see table *B Month -> January(1),1,January,FALSE,
016,I,jobstom,date,see table *B Month -> February(2),2,February,FALSE,
016,I,jobstom,date,see table *B Month -> March(3),3,March,FALSE,
016,I,jobstom,date,see table *B Month -> April(4),4,April,FALSE,
016,I,jobstom,date,see table *B Month -> May(5),5,May,FALSE,
016,I,jobstom,date,see table *B Month -> June(6),6,June,FALSE,
016,I,jobstom,date,see table *B Month -> July(7),7,July,FALSE,
016,I,jobstom,date,see table *B Month -> August(8),8,August,FALSE,
016,I,jobstom,date,see table *B Month -> September(9),9,September,FALSE,
016,I,jobstom,date,see table *B Month -> October(10),10,October,FALSE,
016,I,jobstom,date,see table *B Month -> November(11),11,November,FALSE,
016,I,jobstom,date,see table *B Month -> December(12),12,December,FALSE,
016,I,jobstoy,date,"na, wrong skip(-3)",-3,"na, wrong skip",TRUE,
016,I,jobstoy,date,"na, see IJOBC(-2)",-2,"na, see IJOBC",TRUE,
016,I,jobstoy,date,"na, asked(-1)",-1,"na, asked",TRUE,
016,I,employ,binary,"na, age >= 66(-5)",-5,"na, age >= 66",TRUE,
016,I,employ,binary,"na, wrong skip(-3)",-3,"na, wrong skip",TRUE,
016,I,employ,binary,"na, see IJOBC(-2)",-2,"na, see IJOBC",TRUE,
016,I,employ,binary,"na, asked(-1)",-1,"na, asked",TRUE,
016,I,employ,binary,no(1),1,no,FALSE,
016,I,employ,binary,yes(2),2,yes,FALSE,
016,I,disabl,binary,"see iemploy -> na, age >= 66(-5)",-5,"na, age >= 66",TRUE,
016,I,disabl,binary,"see iemploy -> na, wrong skip(-3)",-3,"na, wrong skip",TRUE,
016,I,disabl,binary,"see iemploy -> na, see IJOBC(-2)",-2,"na, see IJOBC",TRUE,
016,I,disabl,binary,"see iemploy -> na, asked(-1)",-1,"na, asked",TRUE,
016,I,disabl,binary,see iemploy -> no(1),1,no,FALSE,
016,I,disabl,binary,see iemploy -> yes(2),2,yes,FALSE,
016,I,disablp,numeric,"na, see IDISABL(-2)",-2,"na, see IDISABL",TRUE,
016,I,disablp,numeric,"na, asked(-1)",-1,"na, asked",TRUE,
016,I,retired,categorical,"na, age >= 66(-5)",-5,"na, age >= 66",TRUE,
016,I,retired,categorical,"na, wrong skip(-3)",-3,"na, wrong skip",TRUE,
016,I,retired,categorical,"na, see IJOBC(-2)",-2,"na, see IJOBC",TRUE,
016,I,retired,categorical,"na, asked(-1)",-1,"na, asked",TRUE,
016,I,retired,categorical,no(1),1,no,FALSE,
016,I,retired,categorical,"yes, partly(2)",2,"yes, partly",FALSE,
016,I,retired,categorical,"yes, completely(3)",3,"yes, completely",FALSE,
016,I,retivol,categorical,"na, age >=66(-5)",-5,"na, age >=66",TRUE,
016,I,retivol,categorical,"na, wrong skip(-3)",-3,"na, wrong skip",TRUE,
016,I,retivol,categorical,"na, see IJOBC(-2)",-2,"na, see IJOBC",TRUE,
016,I,retivol,categorical,"na, asked(-1)",-1,"na, asked",TRUE,
016,I,retivol,categorical,"no, not retired(1)",1,"no, not retired",FALSE,
016,I,retivol,categorical,"yes, retired entirely voluntarily(2)",2,"yes, retired entirely voluntarily",FALSE,
016,I,retivol,categorical,"yes, retired but not entirely voluntarily(3)",3,"yes, retired but not entirely voluntarily",FALSE,
016,I,workret,ordinal,"na, wrong skip(-3)",-3,"na, wrong skip",TRUE,
016,I,workret,ordinal,"na, see IJOB1/IRETIRED(-2)",-2,"na, see IJOB1/IRETIRED",TRUE,
016,I,workret,ordinal,"na, asked(-1)",-1,"na, asked",TRUE,
016,I,workret,ordinal,"no, I do not think so(1)",1,"no, I do not think so",FALSE,
016,I,workret,ordinal,I am not sure about this(2),2,I am not sure about this,FALSE,
016,I,workret,ordinal,"yes, I do think so(3)",3,"yes, I do think so",FALSE,
016,I,pjob1,binary,"na, short version(-4)",-4,"na, short version",TRUE,
016,I,pjob1,binary,"na, wrong skip(-3)",-3,"na, wrong skip",TRUE,
016,I,pjob1,binary,no (household) partner(-2),-2,no (household) partner,TRUE,
016,I,pjob1,binary,"na, asked(-1)",-1,"na, asked",TRUE,
016,I,pjob1,binary,no(1),1,no,FALSE,
016,I,pjob1,binary,yes(2),2,yes,FALSE,
016,I,pjobc,categorical,"na, see IPJOB1(-2)",-2,"na, see IPJOB1",TRUE,
016,I,pjobc,categorical,"never had job, unknown before(-1)",-1,"never had job, unknown before",TRUE,
016,I,pjobc,categorical,unknown(0),0,unknown,FALSE,
016,I,pjobc,categorical,"no job, not changed(1)",1,"no job, not changed",FALSE,
016,I,pjobc,categorical,"no job, changed(2)",2,"no job, changed",FALSE,
016,I,pjobc,categorical,"no job, unknown before(3)",3,"no job, unknown before",FALSE,
016,I,pjobc,categorical,"job, not changed(4)",4,"job, not changed",FALSE,
016,I,pjobc,categorical,"job, changed(5)",5,"job, changed",FALSE,
016,I,pjobc,categorical,"job, unknown before(6)",6,"job, unknown before",FALSE,
016,I,pjobs,categorical,"na, see IPJOB1(-2)",-2,"na, see IPJOB1",TRUE,
016,I,pjobs,categorical,"na, see IPJOBC(-1)",-1,"na, see IPJOBC",TRUE,
016,I,pjobs,categorical,no(1),1,no,FALSE,
016,I,pjobs,categorical,not sure(2),2,not sure,FALSE,
016,I,pjobs,categorical,yes(3),3,yes,FALSE,
016,I,pjstam,date,na wrong skip(-3),-3,na wrong skip,TRUE,
016,I,pjstam,date,"na, see IPJOBC/S(-2)",-2,"na, see IPJOBC/S",TRUE,
016,I,pjstam,date,"na, asked(-1)",-1,"na, asked",TRUE,
016,I,pjstam,date,see table *B Month -> January(1),1,January,FALSE,
016,I,pjstam,date,see table *B Month -> February(2),2,February,FALSE,
016,I,pjstam,date,see table *B Month -> March(3),3,March,FALSE,
016,I,pjstam,date,see table *B Month -> April(4),4,April,FALSE,
016,I,pjstam,date,see table *B Month -> May(5),5,May,FALSE,
016,I,pjstam,date,see table *B Month -> June(6),6,June,FALSE,
016,I,pjstam,date,see table *B Month -> July(7),7,July,FALSE,
016,I,pjstam,date,see table *B Month -> August(8),8,August,FALSE,
016,I,pjstam,date,see table *B Month -> September(9),9,September,FALSE,
016,I,pjstam,date,see table *B Month -> October(10),10,October,FALSE,
016,I,pjstam,date,see table *B Month -> November(11),11,November,FALSE,
016,I,pjstam,date,see table *B Month -> December(12),12,December,FALSE,
016,I,pjstay,date,"na, wrong skip(-3)",-3,"na, wrong skip",TRUE,
016,I,pjstay,date,"na, see IPJOBC/S(-2)",-2,"na, see IPJOBC/S",TRUE,
016,I,pjstay,date,"na, asked(-1)",-1,"na, asked",TRUE,
016,I,pcjsbc,categorical,"na, wrong skip(-3)",-3,"na, wrong skip",TRUE,
016,I,pcjsbc,categorical,"na, see IPJOBC(-2)",-2,"na, see IPJOBC",TRUE,
016,I,pcjsbc,categorical,"na, asked(-1)",-1,"na, asked",TRUE,
016,I,pcjclass,categorical,"na, see IPCJSBC(-2)",-2,"na, see IPCJSBC",TRUE,
016,I,pcjclass,categorical,see table *A SBC92 -> elementary occupations(11),11,elementary occupations,FALSE,
016,I,pcjclass,categorical,see table *A SBC92 -> lower non-specialized occupations(21),21,lower non-specialized occupations,FALSE,
016,I,pcjclass,categorical,see table *A SBC92 -> lower teaching & instruction occupations(22),22,lower teaching & instruction occupations,FALSE,
016,I,pcjclass,categorical,see table *A SBC92 -> lower agricultural occupations(24),24,lower agricultural occupations,FALSE,
016,I,pcjclass,categorical,see table *A SBC92 -> lower natural science occupations(25),25,lower natural science occupations,FALSE,
016,I,pcjclass,categorical,see table *A SBC92 -> lower technical occupations(26),26,lower technical occupations,FALSE,
016,I,pcjclass,categorical,see table *A SBC92 -> lower transport occupations(28),28,lower transport occupations,FALSE,
016,I,pcjclass,categorical,see table *A SBC92 -> lower (para)medical occupations(29),29,lower (para)medical occupations,FALSE,
016,I,pcjclass,categorical,see table *A SBC92 -> lower administrative & commercial occupations(31),31,lower administrative & commercial occupations,FALSE,
016,I,pcjclass,categorical,see table *A SBC92 -> lower security occupations(33),33,lower security occupations,FALSE,
016,I,pcjclass,categorical,see table *A SBC92 -> lower service & care occupations(37),37,lower service & care occupations,FALSE,
016,I,pcjclass,categorical,see table *A SBC92 -> medium teaching & instruction occupations(42),42,medium teaching & instruction occupations,FALSE,
016,I,pcjclass,categorical,see table *A SBC92 -> medium agricultural occupations(44),44,medium agricultural occupations,FALSE,
016,I,pcjclass,categorical,see table *A SBC92 -> medium natural science occupations(45),45,medium natural science occupations,FALSE,
016,I,pcjclass,categorical,see table *A SBC92 -> medium technical occupations(46),46,medium technical occupations,FALSE,
016,I,pcjclass,categorical,see table *A SBC92 -> medium transport occupations(48),48,medium transport occupations,FALSE,
016,I,pcjclass,categorical,see table *A SBC92 -> medium (para)medical occupations(49),49,medium (para)medical occupations,FALSE,
016,I,pcjclass,categorical,see table *A SBC92 -> medium administrative & commercial occupations(51),51,medium administrative & commercial occupations,FALSE,
016,I,pcjclass,categorical,see table *A SBC92 -> medium juridical & security occupations(53),53,medium juridical & security occupations,FALSE,
016,I,pcjclass,categorical,see table *A SBC92 -> medium linguistic & cultural occupations(55),55,medium linguistic & cultural occupations,FALSE,
016,I,pcjclass,categorical,see table *A SBC92 -> medium social occupations(56),56,medium social occupations,FALSE,
016,I,pcjclass,categorical,see table *A SBC92 -> medium service & care occupations(57),57,medium service & care occupations,FALSE,
016,I,pcjclass,categorical,see table *A SBC92 -> higher pedagogical occupations(62),62,higher pedagogical occupations,FALSE,
016,I,pcjclass,categorical,see table *A SBC92 -> higher agricultural occupations(64),64,higher agricultural occupations,FALSE,
016,I,pcjclass,categorical,see table *A SBC92 -> higher natural science occupations(65),65,higher natural science occupations,FALSE,
016,I,pcjclass,categorical,see table *A SBC92 -> higher technical occupations(66),66,higher technical occupations,FALSE,
016,I,pcjclass,categorical,see table *A SBC92 -> higher transport occupations(68),68,higher transport occupations,FALSE,
016,I,pcjclass,categorical,see table *A SBC92 -> higher (para)medical occupations(69),69,higher (para)medical occupations,FALSE,
016,I,pcjclass,categorical,see table *A SBC92 -> higher administrative & commercial occupations(71),71,higher administrative & commercial occupations,FALSE,
016,I,pcjclass,categorical,see table *A SBC92 -> higher juridical & security occupations(73),73,higher juridical & security occupations,FALSE,
016,I,pcjclass,categorical,see table *A SBC92 -> higher linguistic & cultural occupations(75),75,higher linguistic & cultural occupations,FALSE,
016,I,pcjclass,categorical,see table *A SBC92 -> higher social occupations(76),76,higher social occupations,FALSE,
016,I,pcjclass,categorical,see table *A SBC92 -> higher service & care occupations(77),77,higher service & care occupations,FALSE,
016,I,pcjclass,categorical,see table *A SBC92 -> higher managers(78),78,higher managers,FALSE,
016,I,pcjclass,categorical,see table *A SBC92 -> scientific pedagogical occupations(82),82,scientific pedagogical occupations,FALSE,
016,I,pcjclass,categorical,see table *A SBC92 -> scientific agricultural occupations(84),84,scientific agricultural occupations,FALSE,
016,I,pcjclass,categorical,see table *A SBC92 -> scientific natural science occupations(85),85,scientific natural science occupations,FALSE,
016,I,pcjclass,categorical,see table *A SBC92 -> scientific technical occupations(86),86,scientific technical occupations,FALSE,
016,I,pcjclass,categorical,see table *A SBC92 -> scientific (para)medical occupations(89),89,scientific (para)medical occupations,FALSE,
016,I,pcjclass,categorical,see table *A SBC92 -> scientific administrative & economic occupations(91),91,scientific administrative & economic occupations,FALSE,
016,I,pcjclass,categorical,see table *A SBC92 -> scientific juridical & policy occupations(93),93,scientific juridical & policy occupations,FALSE,
016,I,pcjclass,categorical,see table *A SBC92 -> scientific social occupations(96),96,scientific social occupations,FALSE,
016,I,pcjclass,categorical,see table *A SBC92 -> scientific managers(98),98,scientific managers,FALSE,
016,I,pcjlevel,ordinal,"na, see IPCJSBC(-2)",-2,"na, see IPCJSBC",TRUE,
016,I,pcjlevel,ordinal,see table *F Skill / work level -> elementary(1),1,elementary,FALSE,
016,I,pcjlevel,ordinal,see table *F Skill / work level -> low(2),2,low,FALSE,
016,I,pcjlevel,ordinal,see table *F Skill / work level -> medium(3),3,medium,FALSE,
016,I,pcjlevel,ordinal,see table *F Skill / work level -> high(4),4,high,FALSE,
016,I,pcjlevel,ordinal,see table *F Skill / work level -> scientific(5),5,scientific,FALSE,
016,I,pcjtype,categorical,"na, see IPCJSBC(-2)",-2,"na, see IPCJSBC",TRUE,
016,I,pcjtype,categorical,see table *C Skill type -> general(1),1,general,FALSE,
016,I,pcjtype,categorical,see table *C Skill type -> pedagogical(2),2,pedagogical,FALSE,
016,I,pcjtype,categorical,see table *C Skill type -> agricultural(4),4,agricultural,FALSE,
016,I,pcjtype,categorical,see table *C Skill type -> natural science(5),5,natural science,FALSE,
016,I,pcjtype,categorical,see table *C Skill type -> technical(6),6,technical,FALSE,
016,I,pcjtype,categorical,see table *C Skill type -> transport(8),8,transport,FALSE,
016,I,pcjtype,categorical,see table *C Skill type -> (para)medical(9),9,(para)medical,FALSE,
016,I,pcjtype,categorical,see table *C Skill type -> administrative/commercial(11),11,administrative/commercial,FALSE,
016,I,pcjtype,categorical,see table *C Skill type -> juridical/security(13),13,juridical/security,FALSE,
016,I,pcjtype,categorical,see table *C Skill type -> cultural/linguistic(15),15,cultural/linguistic,FALSE,
016,I,pcjtype,categorical,see table *C Skill type -> social science(16),16,social science,FALSE,
016,I,pcjtype,categorical,see table *C Skill type -> care & services(17),17,care & services,FALSE,
016,I,pcjtype,categorical,see table *C Skill type -> management(18),18,management,FALSE,
016,I,pjob3,categorical,"na, wrong skip(-3)",-3,"na, wrong skip",TRUE,
016,I,pjob3,categorical,"na, see IPJOBC/S(-2)",-2,"na, see IPJOBC/S",TRUE,
016,I,pjob3,categorical,"na, asked(-1)",-1,"na, asked",TRUE,
016,I,pjob3,categorical,see table *E Job type -> steady job(1),1,steady job,FALSE,
016,I,pjob3,categorical,see table *E Job type -> temporary job with contract(2),2,temporary job with contract,FALSE,
016,I,pjob3,categorical,see table *E Job type -> temporary job via employment agency(3),3,temporary job via employment agency,FALSE,
016,I,pjob3,categorical,see table *E Job type -> self-employed(4),4,self-employed,FALSE,
016,I,pjob3,categorical,see table *E Job type -> free-lance basis(5),5,free-lance basis,FALSE,
016,I,pjob3,categorical,see table *E Job type -> family company(6),6,family company,FALSE,
016,I,pjob3,categorical,see table *E Job type -> other(7),7,other,FALSE,
016,I,pjob3a,ordinal,"na, wrong skip(-3)",-3,"na, wrong skip",TRUE,
016,I,pjob3a,ordinal,"na, see IPJOBC/S(-2)",-2,"na, see IPJOBC/S",TRUE,
016,I,pjob3a,ordinal,"na, asked(-1)",-1,"na, asked",TRUE,
016,I,pjob3a,ordinal,see table *F Skill / Work level -> elementary(1),1,elementary,FALSE,
016,I,pjob3a,ordinal,see table *F Skill / Work level -> low(2),2,low,FALSE,
016,I,pjob3a,ordinal,see table *F Skill / Work level -> medium(3),3,medium,FALSE,
016,I,pjob3a,ordinal,see table *F Skill / Work level -> high(4),4,high,FALSE,
016,I,pjob3a,ordinal,see table *F Skill / Work level -> scientific(5),5,scientific,FALSE,
016,I,pjob4,binary,"na, wrong skip(-3)",-3,"na, wrong skip",TRUE,
016,I,pjob4,binary,"na, see IPJOBC/S(-2)",-2,"na, see IPJOBC/S",TRUE,
016,I,pjob4,binary,"na, asked(-1)",-1,"na, asked",TRUE,
016,I,pjob4,binary,no(1),1,no,FALSE,
016,I,pjob4,binary,yes(2),2,yes,FALSE,
016,I,pjob5,numeric,"na, wrong skip(-3)",-3,"na, wrong skip",TRUE,
016,I,pjob5,numeric,"na, see IPJOB4(-2)",-2,"na, see IPJOB4",TRUE,
016,I,pjob5,numeric,"na, asked(-1)",-1,"na, asked",TRUE,
016,I,pjob5a,binary,"na, wrong skip(-3)",-3,"na, wrong skip",TRUE,
016,I,pjob5a,binary,"na, see IPJOB4(-2)",-2,"na, see IPJOB4",TRUE,
016,I,pjob5a,binary,"na, asked(-1)",-1,"na, asked",TRUE,
016,I,pjob5a,binary,no(1),1,no,FALSE,
016,I,pjob5a,binary,yes(2),2,yes,FALSE,
016,I,pjob5b,binary,"na, wrong skip(-3)",-3,"na, wrong skip",TRUE,
016,I,pjob5b,binary,"na, see IPJOB4(-2)",-2,"na, see IPJOB4",TRUE,
016,I,pjob5b,binary,"na, asked(-1)",-1,"na, asked",TRUE,
016,I,pjob5b,binary,no(1),1,no,FALSE,
016,I,pjob5b,binary,yes(2),2,yes,FALSE,
016,I,pjob6,numeric,"na, wrong skip(-3)",-3,"na, wrong skip",TRUE,
016,I,pjob6,numeric,"na, see IPJOB1(-2)",-2,"na, see IPJOB1",TRUE,
016,I,pjob6,numeric,"na, asked(-1)",-1,"na, asked",TRUE,
016,I,pjob7,ordinal,"na, wrong skip(-3)",-3,"na, wrong skip",TRUE,
016,I,pjob7,ordinal,"na, see IPJOB1(-2)",-2,"na, see IPJOB1",TRUE,
016,I,pjob7,ordinal,"na, asked(-1)",-1,"na, asked",TRUE,
016,I,pjob7,ordinal,see table *D Job regularity -> regular hours (9 to 5)(1),1,regular hours (9 to 5),FALSE,
016,I,pjob7,ordinal,"see table *D Job regularity -> regular hours, including night/weekend shifts(2)",2,"regular hours, including night/weekend shifts",FALSE,
016,I,pjob7,ordinal,"see table *D Job regularity -> shift work, no weekend shifts(3)",3,"shift work, no weekend shifts",FALSE,
016,I,pjob7,ordinal,"see table *D Job regularity -> shift work, including weekend shifts(4)",4,"shift work, including weekend shifts",FALSE,
016,I,pjob7,ordinal,"see table *D Job regularity -> irregular hours, no weekend shifts(5)",5,"irregular hours, no weekend shifts",FALSE,
016,I,pjob7,ordinal,"see table *D Job regularity -> irregular hours, including weekend shifts(6)",6,"irregular hours, including weekend shifts",FALSE,
016,J,job1,binary,"na, short version(-4)",-4,"na, short version",TRUE,
016,J,job1,binary,"na, asked(-1)",-1,"na, asked",TRUE,
016,J,job1,binary,no(1),1,no,FALSE,
016,J,job1,binary,yes(2),2,yes,FALSE,
016,J,jobc,categorical,"na, see JJOB1(-2)",-2,"na, see JJOB1",TRUE,
016,J,jobc,categorical,"never had job, unknown before(-1)",-1,"never had job, unknown before",TRUE,
016,J,jobc,categorical,unknown(0),0,unknown,FALSE,
016,J,jobc,categorical,"no job, not changed(1)",1,"no job, not changed",FALSE,
016,J,jobc,categorical,"no job, changed(2)",2,"no job, changed",FALSE,
016,J,jobc,categorical,"no job, unknown before(3)",3,"no job, unknown before",FALSE,
016,J,jobc,categorical,"job, not changed(4)",4,"job, not changed",FALSE,
016,J,jobc,categorical,"job, changed(5)",5,"job, changed",FALSE,
016,J,jobc,categorical,"job, unknown before(6)",6,"job, unknown before",FALSE,
016,J,jobs,categorical,"na, see JJOB1(-2)",-2,"na, see JJOB1",TRUE,
016,J,jobs,categorical,"na, see JJOBC(-1)",-1,"na, see JJOBC",TRUE,
016,J,jobs,categorical,no(1),1,no,FALSE,
016,J,jobs,categorical,not sure(2),2,not sure,FALSE,
016,J,jobs,categorical,yes(3),3,yes,FALSE,
016,J,wjobchange,categorical,"na, see JJOBS(-2)",-2,"na, see JJOBS",TRUE,
016,J,wjobchange,categorical,"na, asked(-1)",-1,"na, asked",TRUE,
016,J,wjobchange,categorical,me(1),1,me,FALSE,
016,J,wjobchange,categorical,my employer(2),2,my employer,FALSE,
016,J,wjobchange,categorical,I switched employers(3),3,I switched employers,FALSE,
016,J,rjobchange01,binary,"na, see JJOBS(-2)",-2,"na, see JJOBS",TRUE,
016,J,rjobchange01,binary,not mentioned(0),0,not mentioned,FALSE,
016,J,rjobchange01,binary,mentioned(1),1,mentioned,FALSE,
016,J,rjobchange02,binary,"see jrjobchange01 -> na, see JJOBS(-2)",-2,"na, see JJOBS",TRUE,
016,J,rjobchange02,binary,see jrjobchange01 -> not mentioned(0),0,not mentioned,FALSE,
016,J,rjobchange02,binary,see jrjobchange01 -> mentioned(1),1,mentioned,FALSE,
016,J,rjobchange03,binary,"see jrjobchange01 -> na, see JJOBS(-2)",-2,"na, see JJOBS",TRUE,
016,J,rjobchange03,binary,see jrjobchange01 -> not mentioned(0),0,not mentioned,FALSE,
016,J,rjobchange03,binary,see jrjobchange01 -> mentioned(1),1,mentioned,FALSE,
016,J,rjobchange04,binary,"see jrjobchange01 -> na, see JJOBS(-2)",-2,"na, see JJOBS",TRUE,
016,J,rjobchange04,binary,see jrjobchange01 -> not mentioned(0),0,not mentioned,FALSE,
016,J,rjobchange04,binary,see jrjobchange01 -> mentioned(1),1,mentioned,FALSE,
016,J,rjobchange05,binary,"see jrjobchange01 -> na, see JJOBS(-2)",-2,"na, see JJOBS",TRUE,
016,J,rjobchange05,binary,see jrjobchange01 -> not mentioned(0),0,not mentioned,FALSE,
016,J,rjobchange05,binary,see jrjobchange01 -> mentioned(1),1,mentioned,FALSE,
016,J,rjobchange06,binary,"see jrjobchange01 -> na, see JJOBS(-2)",-2,"na, see JJOBS",TRUE,
016,J,rjobchange06,binary,see jrjobchange01 -> not mentioned(0),0,not mentioned,FALSE,
016,J,rjobchange06,binary,see jrjobchange01 -> mentioned(1),1,mentioned,FALSE,
016,J,rjobchange07,binary,"see jrjobchange01 -> na, see JJOBS(-2)",-2,"na, see JJOBS",TRUE,
016,J,rjobchange07,binary,see jrjobchange01 -> not mentioned(0),0,not mentioned,FALSE,
016,J,rjobchange07,binary,see jrjobchange01 -> mentioned(1),1,mentioned,FALSE,
016,J,rjobchange08,binary,"see jrjobchange01 -> na, see JJOBS(-2)",-2,"na, see JJOBS",TRUE,
016,J,rjobchange08,binary,see jrjobchange01 -> not mentioned(0),0,not mentioned,FALSE,
016,J,rjobchange08,binary,see jrjobchange01 -> mentioned(1),1,mentioned,FALSE,
016,J,rjobchange09,binary,"see jrjobchange01 -> na, see JJOBS(-2)",-2,"na, see JJOBS",TRUE,
016,J,rjobchange09,binary,see jrjobchange01 -> not mentioned(0),0,not mentioned,FALSE,
016,J,rjobchange09,binary,see jrjobchange01 -> mentioned(1),1,mentioned,FALSE,
016,J,rjobchange10,binary,"see jrjobchange01 -> na, see JJOBS(-2)",-2,"na, see JJOBS",TRUE,
016,J,rjobchange10,binary,see jrjobchange01 -> not mentioned(0),0,not mentioned,FALSE,
016,J,rjobchange10,binary,see jrjobchange01 -> mentioned(1),1,mentioned,FALSE,
016,J,rjobchange11,binary,"see jrjobchange01 -> na, see JJOBS(-2)",-2,"na, see JJOBS",TRUE,
016,J,rjobchange11,binary,see jrjobchange01 -> not mentioned(0),0,not mentioned,FALSE,
016,J,rjobchange11,binary,see jrjobchange01 -> mentioned(1),1,mentioned,FALSE,
016,J,rjobchange12,binary,"see jrjobchange01 -> na, see JJOBS(-2)",-2,"na, see JJOBS",TRUE,
016,J,rjobchange12,binary,see jrjobchange01 -> not mentioned(0),0,not mentioned,FALSE,
016,J,rjobchange12,binary,see jrjobchange01 -> mentioned(1),1,mentioned,FALSE,
016,J,rjobchange13,binary,"see jrjobchange01 -> na, see JJOBS(-2)",-2,"na, see JJOBS",TRUE,
016,J,rjobchange13,binary,see jrjobchange01 -> not mentioned(0),0,not mentioned,FALSE,
016,J,rjobchange13,binary,see jrjobchange01 -> mentioned(1),1,mentioned,FALSE,
016,J,jobstam,date,na wrong skip(-3),-3,na wrong skip,TRUE,
016,J,jobstam,date,"na, see JJOBC/S(-2)",-2,"na, see JJOBC/S",TRUE,
016,J,jobstam,date,"na, asked(-1)",-1,"na, asked",TRUE,
016,J,jobstam,date,see table *B Month -> January(1),1,January,FALSE,
016,J,jobstam,date,see table *B Month -> February(2),2,February,FALSE,
016,J,jobstam,date,see table *B Month -> March(3),3,March,FALSE,
016,J,jobstam,date,see table *B Month -> April(4),4,April,FALSE,
016,J,jobstam,date,see table *B Month -> May(5),5,May,FALSE,
016,J,jobstam,date,see table *B Month -> June(6),6,June,FALSE,
016,J,jobstam,date,see table *B Month -> July(7),7,July,FALSE,
016,J,jobstam,date,see table *B Month -> August(8),8,August,FALSE,
016,J,jobstam,date,see table *B Month -> September(9),9,September,FALSE,
016,J,jobstam,date,see table *B Month -> October(10),10,October,FALSE,
016,J,jobstam,date,see table *B Month -> November(11),11,November,FALSE,
016,J,jobstam,date,see table *B Month -> December(12),12,December,FALSE,
016,J,jobstay,date,"na, wrong skip(-3)",-3,"na, wrong skip",TRUE,
016,J,jobstay,date,"na, see JJOBC/S(-2)",-2,"na, see JJOBC/S",TRUE,
016,J,jobstay,date,"na, asked(-1)",-1,"na, asked",TRUE,
016,J,jobstar01,binary,"na, see JJOBS(-2)",-2,"na, see JJOBS",TRUE,
016,J,jobstar01,binary,not mentioned(0),0,not mentioned,FALSE,
016,J,jobstar01,binary,mentioned(1),1,mentioned,FALSE,
016,J,jobstar02,binary,"see jjobstar01 -> na, see JJOBS(-2)",-2,"na, see JJOBS",TRUE,
016,J,jobstar02,binary,see jjobstar01 -> not mentioned(0),0,not mentioned,FALSE,
016,J,jobstar02,binary,see jjobstar01 -> mentioned(1),1,mentioned,FALSE,
016,J,jobstar03,binary,"see jjobstar01 -> na, see JJOBS(-2)",-2,"na, see JJOBS",TRUE,
016,J,jobstar03,binary,see jjobstar01 -> not mentioned(0),0,not mentioned,FALSE,
016,J,jobstar03,binary,see jjobstar01 -> mentioned(1),1,mentioned,FALSE,
016,J,jobstar04,binary,"see jjobstar01 -> na, see JJOBS(-2)",-2,"na, see JJOBS",TRUE,
016,J,jobstar04,binary,see jjobstar01 -> not mentioned(0),0,not mentioned,FALSE,
016,J,jobstar04,binary,see jjobstar01 -> mentioned(1),1,mentioned,FALSE,
016,J,jobstar05,binary,"see jjobstar01 -> na, see JJOBS(-2)",-2,"na, see JJOBS",TRUE,
016,J,jobstar05,binary,see jjobstar01 -> not mentioned(0),0,not mentioned,FALSE,
016,J,jobstar05,binary,see jjobstar01 -> mentioned(1),1,mentioned,FALSE,
016,J,jobstar06,binary,"see jjobstar01 -> na, see JJOBS(-2)",-2,"na, see JJOBS",TRUE,
016,J,jobstar06,binary,see jjobstar01 -> not mentioned(0),0,not mentioned,FALSE,
016,J,jobstar06,binary,see jjobstar01 -> mentioned(1),1,mentioned,FALSE,
016,J,jobstar07,binary,"see jjobstar01 -> na, see JJOBS(-2)",-2,"na, see JJOBS",TRUE,
016,J,jobstar07,binary,see jjobstar01 -> not mentioned(0),0,not mentioned,FALSE,
016,J,jobstar07,binary,see jjobstar01 -> mentioned(1),1,mentioned,FALSE,
016,J,jobstar08,binary,"see jjobstar01 -> na, see JJOBS(-2)",-2,"na, see JJOBS",TRUE,
016,J,jobstar08,binary,see jjobstar01 -> not mentioned(0),0,not mentioned,FALSE,
016,J,jobstar08,binary,see jjobstar01 -> mentioned(1),1,mentioned,FALSE,
016,J,jobstar09,binary,"see jjobstar01 -> na, see JJOBS(-2)",-2,"na, see JJOBS",TRUE,
016,J,jobstar09,binary,see jjobstar01 -> not mentioned(0),0,not mentioned,FALSE,
016,J,jobstar09,binary,see jjobstar01 -> mentioned(1),1,mentioned,FALSE,
016,J,cjsbc,numeric,"na, wrong skip(-3)",-3,"na, wrong skip",TRUE,
016,J,cjsbc,numeric,"na, see JJOBC/S(-2)",-2,"na, see JJOBC/S",TRUE,
016,J,cjsbc,numeric,"na, asked(-1)",-1,"na, asked",TRUE,
016,J,cjclass,categorical,"na, see JCJSBC(-2)",-2,"na, see JCJSBC",TRUE,
016,J,cjclass,categorical,see table *A SBC92 -> elementary occupations(11),11,elementary occupations,FALSE,
016,J,cjclass,categorical,see table *A SBC92 -> lower non-specialized occupations(21),21,lower non-specialized occupations,FALSE,
016,J,cjclass,categorical,see table *A SBC92 -> lower teaching & instruction occupations(22),22,lower teaching & instruction occupations,FALSE,
016,J,cjclass,categorical,see table *A SBC92 -> lower agricultural occupations(24),24,lower agricultural occupations,FALSE,
016,J,cjclass,categorical,see table *A SBC92 -> lower natural science occupations(25),25,lower natural science occupations,FALSE,
016,J,cjclass,categorical,see table *A SBC92 -> lower technical occupations(26),26,lower technical occupations,FALSE,
016,J,cjclass,categorical,see table *A SBC92 -> lower transport occupations(28),28,lower transport occupations,FALSE,
016,J,cjclass,categorical,see table *A SBC92 -> lower (para)medical occupations(29),29,lower (para)medical occupations,FALSE,
016,J,cjclass,categorical,see table *A SBC92 -> lower administrative & commercial occupations(31),31,lower administrative & commercial occupations,FALSE,
016,J,cjclass,categorical,see table *A SBC92 -> lower security occupations(33),33,lower security occupations,FALSE,
016,J,cjclass,categorical,see table *A SBC92 -> lower service & care occupations(37),37,lower service & care occupations,FALSE,
016,J,cjclass,categorical,see table *A SBC92 -> medium teaching & instruction occupations(42),42,medium teaching & instruction occupations,FALSE,
016,J,cjclass,categorical,see table *A SBC92 -> medium agricultural occupations(44),44,medium agricultural occupations,FALSE,
016,J,cjclass,categorical,see table *A SBC92 -> medium natural science occupations(45),45,medium natural science occupations,FALSE,
016,J,cjclass,categorical,see table *A SBC92 -> medium technical occupations(46),46,medium technical occupations,FALSE,
016,J,cjclass,categorical,see table *A SBC92 -> medium transport occupations(48),48,medium transport occupations,FALSE,
016,J,cjclass,categorical,see table *A SBC92 -> medium (para)medical occupations(49),49,medium (para)medical occupations,FALSE,
016,J,cjclass,categorical,see table *A SBC92 -> medium administrative & commercial occupations(51),51,medium administrative & commercial occupations,FALSE,
016,J,cjclass,categorical,see table *A SBC92 -> medium juridical & security occupations(53),53,medium juridical & security occupations,FALSE,
016,J,cjclass,categorical,see table *A SBC92 -> medium linguistic & cultural occupations(55),55,medium linguistic & cultural occupations,FALSE,
016,J,cjclass,categorical,see table *A SBC92 -> medium social occupations(56),56,medium social occupations,FALSE,
016,J,cjclass,categorical,see table *A SBC92 -> medium service & care occupations(57),57,medium service & care occupations,FALSE,
016,J,cjclass,categorical,see table *A SBC92 -> higher pedagogical occupations(62),62,higher pedagogical occupations,FALSE,
016,J,cjclass,categorical,see table *A SBC92 -> higher agricultural occupations(64),64,higher agricultural occupations,FALSE,
016,J,cjclass,categorical,see table *A SBC92 -> higher natural science occupations(65),65,higher natural science occupations,FALSE,
016,J,cjclass,categorical,see table *A SBC92 -> higher technical occupations(66),66,higher technical occupations,FALSE,
016,J,cjclass,categorical,see table *A SBC92 -> higher transport occupations(68),68,higher transport occupations,FALSE,
016,J,cjclass,categorical,see table *A SBC92 -> higher (para)medical occupations(69),69,higher (para)medical occupations,FALSE,
016,J,cjclass,categorical,see table *A SBC92 -> higher administrative & commercial occupations(71),71,higher administrative & commercial occupations,FALSE,
016,J,cjclass,categorical,see table *A SBC92 -> higher juridical & security occupations(73),73,higher juridical & security occupations,FALSE,
016,J,cjclass,categorical,see table *A SBC92 -> higher linguistic & cultural occupations(75),75,higher linguistic & cultural occupations,FALSE,
016,J,cjclass,categorical,see table *A SBC92 -> higher social occupations(76),76,higher social occupations,FALSE,
016,J,cjclass,categorical,see table *A SBC92 -> higher service & care occupations(77),77,higher service & care occupations,FALSE,
016,J,cjclass,categorical,see table *A SBC92 -> higher managers(78),78,higher managers,FALSE,
016,J,cjclass,categorical,see table *A SBC92 -> scientific pedagogical occupations(82),82,scientific pedagogical occupations,FALSE,
016,J,cjclass,categorical,see table *A SBC92 -> scientific agricultural occupations(84),84,scientific agricultural occupations,FALSE,
016,J,cjclass,categorical,see table *A SBC92 -> scientific natural science occupations(85),85,scientific natural science occupations,FALSE,
016,J,cjclass,categorical,see table *A SBC92 -> scientific technical occupations(86),86,scientific technical occupations,FALSE,
016,J,cjclass,categorical,see table *A SBC92 -> scientific (para)medical occupations(89),89,scientific (para)medical occupations,FALSE,
016,J,cjclass,categorical,see table *A SBC92 -> scientific administrative & economic occupations(91),91,scientific administrative & economic occupations,FALSE,
016,J,cjclass,categorical,see table *A SBC92 -> scientific juridical & policy occupations(93),93,scientific juridical & policy occupations,FALSE,
016,J,cjclass,categorical,see table *A SBC92 -> scientific social occupations(96),96,scientific social occupations,FALSE,
016,J,cjclass,categorical,see table *A SBC92 -> scientific managers(98),98,scientific managers,FALSE,
016,J,cjlevel,ordinal,"na, see JCJSBC(-2)",-2,"na, see JCJSBC",TRUE,
016,J,cjlevel,ordinal,see table *F Skill / work level -> elementary(1),1,elementary,FALSE,
016,J,cjlevel,ordinal,see table *F Skill / work level -> low(2),2,low,FALSE,
016,J,cjlevel,ordinal,see table *F Skill / work level -> medium(3),3,medium,FALSE,
016,J,cjlevel,ordinal,see table *F Skill / work level -> high(4),4,high,FALSE,
016,J,cjlevel,ordinal,see table *F Skill / work level -> scientific(5),5,scientific,FALSE,
016,J,cjtype,categorical,"na, see JCJSBC(-2)",-2,"na, see JCJSBC",TRUE,
016,J,cjtype,categorical,see table *C Skill type -> general(1),1,general,FALSE,
016,J,cjtype,categorical,see table *C Skill type -> pedagogical(2),2,pedagogical,FALSE,
016,J,cjtype,categorical,see table *C Skill type -> agricultural(4),4,agricultural,FALSE,
016,J,cjtype,categorical,see table *C Skill type -> natural science(5),5,natural science,FALSE,
016,J,cjtype,categorical,see table *C Skill type -> technical(6),6,technical,FALSE,
016,J,cjtype,categorical,see table *C Skill type -> transport(8),8,transport,FALSE,
016,J,cjtype,categorical,see table *C Skill type -> (para)medical(9),9,(para)medical,FALSE,
016,J,cjtype,categorical,see table *C Skill type -> administrative/commercial(11),11,administrative/commercial,FALSE,
016,J,cjtype,categorical,see table *C Skill type -> juridical/security(13),13,juridical/security,FALSE,
016,J,cjtype,categorical,see table *C Skill type -> cultural/linguistic(15),15,cultural/linguistic,FALSE,
016,J,cjtype,categorical,see table *C Skill type -> social science(16),16,social science,FALSE,
016,J,cjtype,categorical,see table *C Skill type -> care & services(17),17,care & services,FALSE,
016,J,cjtype,categorical,see table *C Skill type -> management(18),18,management,FALSE,
016,J,job3,categorical,"na, wrong skip(-3)",-3,"na, wrong skip",TRUE,
016,J,job3,categorical,"na, see JJOBC/S(-2)",-2,"na, see JJOBC/S",TRUE,
016,J,job3,categorical,"na, asked(-1)",-1,"na, asked",TRUE,
016,J,job3,categorical,see table *E Job type -> steady job(1),1,steady job,FALSE,
016,J,job3,categorical,see table *E Job type -> temporary job with contract(2),2,temporary job with contract,FALSE,
016,J,job3,categorical,see table *E Job type -> temporary job via employment agency(3),3,temporary job via employment agency,FALSE,
016,J,job3,categorical,see table *E Job type -> self-employed(4),4,self-employed,FALSE,
016,J,job3,categorical,see table *E Job type -> free-lance basis(5),5,free-lance basis,FALSE,
016,J,job3,categorical,see table *E Job type -> family company(6),6,family company,FALSE,
016,J,job3,categorical,see table *E Job type -> other(7),7,other,FALSE,
016,J,job3a,ordinal,"na, wrong skip(-3)",-3,"na, wrong skip",TRUE,
016,J,job3a,ordinal,"na, see JJOBC/S(-2)",-2,"na, see JJOBC/S",TRUE,
016,J,job3a,ordinal,"na, asked(-1)",-1,"na, asked",TRUE,
016,J,job3a,ordinal,see table *F Skill / Work level -> elementary(1),1,elementary,FALSE,
016,J,job3a,ordinal,see table *F Skill / Work level -> low(2),2,low,FALSE,
016,J,job3a,ordinal,see table *F Skill / Work level -> medium(3),3,medium,FALSE,
016,J,job3a,ordinal,see table *F Skill / Work level -> high(4),4,high,FALSE,
016,J,job3a,ordinal,see table *F Skill / Work level -> scientific(5),5,scientific,FALSE,
016,J,job4,binary,"na, wrong skip(-3)",-3,"na, wrong skip",TRUE,
016,J,job4,binary,"na, see JJOBC/S(-2)",-2,"na, see JJOBC/S",TRUE,
016,J,job4,binary,"na, asked(-1)",-1,"na, asked",TRUE,
016,J,job4,binary,no(1),1,no,FALSE,
016,J,job4,binary,yes(2),2,yes,FALSE,
016,J,job5,numeric,"na, wrong skip(-3)",-3,"na, wrong skip",TRUE,
016,J,job5,numeric,"na, see JJOB4(-2)",-2,"na, see JJOB4",TRUE,
016,J,job5,numeric,"na, asked(-1)",-1,"na, asked",TRUE,
016,J,job5,numeric,98 or more(98),98,NA,FALSE,
016,J,job5a,binary,"na, wrong skip(-3)",-3,"na, wrong skip",TRUE,
016,J,job5a,binary,"na, see JJOB4(-2)",-2,"na, see JJOB4",TRUE,
016,J,job5a,binary,"na, asked(-1)",-1,"na, asked",TRUE,
016,J,job5a,binary,no(1),1,no,FALSE,
016,J,job5a,binary,yes(2),2,yes,FALSE,
016,J,job5b,binary,"na, wrong skip(-3)",-3,"na, wrong skip",TRUE,
016,J,job5b,binary,"na, see JJOB4(-2)",-2,"na, see JJOB4",TRUE,
016,J,job5b,binary,"na, asked(-1)",-1,"na, asked",TRUE,
016,J,job5b,binary,no(1),1,no,FALSE,
016,J,job5b,binary,yes(2),2,yes,FALSE,
016,J,job6c,numeric,"na, wrong skip(-3)",-3,"na, wrong skip",TRUE,
016,J,job6c,numeric,"na, see JJOBC/S(-2)",-2,"na, see JJOBC/S",TRUE,
016,J,job6c,numeric,"na, asked(-1)",-1,"na, asked",TRUE,
016,J,job6r,numeric,"na, wrong skip(-3)",-3,"na, wrong skip",TRUE,
016,J,job6r,numeric,"na, see JJOBC/S(-2)",-2,"na, see JJOBC/S",TRUE,
016,J,job6r,numeric,"na, asked(-1)",-1,"na, asked",TRUE,
016,J,job7,categorical,"na, wrong skip(-3)",-3,"na, wrong skip",TRUE,
016,J,job7,categorical,"na, see JJOBC/S(-2)",-2,"na, see JJOBC/S",TRUE,
016,J,job7,categorical,"na, asked(-1)",-1,"na, asked",TRUE,
016,J,job7,categorical,see table *D Job regularity -> regular hours (9 to 5)(1),1,regular hours (9 to 5),FALSE,
016,J,job7,categorical,"see table *D Job regularity -> regular hours, including night/weekend shifts(2)",2,"regular hours, including night/weekend shifts",FALSE,
016,J,job7,categorical,"see table *D Job regularity -> shift work, no weekend shifts(3)",3,"shift work, no weekend shifts",FALSE,
016,J,job7,categorical,"see table *D Job regularity -> shift work, including weekend shifts(4)",4,"shift work, including weekend shifts",FALSE,
016,J,job7,categorical,"see table *D Job regularity -> irregular hours, no weekend shifts(5)",5,"irregular hours, no weekend shifts",FALSE,
016,J,job7,categorical,"see table *D Job regularity -> irregular hours, including weekend shifts(6)",6,"irregular hours, including weekend shifts",FALSE,
016,J,tasks,categorical,"na, wrong skip(-3)",-3,"na, wrong skip",TRUE,
016,J,tasks,categorical,"na, see JJOBC/S(-2)",-2,"na, see JJOBC/S",TRUE,
016,J,tasks,categorical,"na, asked(-1)",-1,"na, asked",TRUE,
016,J,tasks,categorical,mainly mentally demanding tasks(-1),-1,mainly mentally demanding tasks,TRUE,
016,J,tasks,categorical,mainly physically demanding tasks(-2),-2,mainly physically demanding tasks,TRUE,
016,J,tasks,categorical,both mentally and physically demanding tasks(3),3,both mentally and physically demanding tasks,FALSE,
016,J,pability,ordinal,"na, wrong skip(-3)",-3,"na, wrong skip",TRUE,
016,J,pability,ordinal,"na, see JJOBC/S(-2)",-2,"na, see JJOBC/S",TRUE,
016,J,pability,ordinal,"na, asked(-1)",-1,"na, asked",TRUE,
016,J,pability,ordinal,very good(1),1,very good,FALSE,
016,J,pability,ordinal,good(2),2,good,FALSE,
016,J,pability,ordinal,moderate(3),3,moderate,FALSE,
016,J,pability,ordinal,bad(4),4,bad,FALSE,
016,J,pability,ordinal,very bad(5),5,very bad,FALSE,
016,J,mability,ordinal,"see jpability -> na, wrong skip(-3)",-3,"na, wrong skip",TRUE,
016,J,mability,ordinal,"see jpability -> na, see JJOBC/S(-2)",-2,"na, see JJOBC/S",TRUE,
016,J,mability,ordinal,"see jpability -> na, asked(-1)",-1,"na, asked",TRUE,
016,J,mability,ordinal,see jpability -> very good(1),1,very good,FALSE,
016,J,mability,ordinal,see jpability -> good(2),2,good,FALSE,
016,J,mability,ordinal,see jpability -> moderate(3),3,moderate,FALSE,
016,J,mability,ordinal,see jpability -> bad(4),4,bad,FALSE,
016,J,mability,ordinal,see jpability -> very bad(5),5,very bad,FALSE,
016,J,healthp,binary,"na, wrong skip(-3)",-3,"na, wrong skip",TRUE,
016,J,healthp,binary,"na, see JJOBC/S(-2)",-2,"na, see JJOBC/S",TRUE,
016,J,healthp,binary,"na, asked(-1)",-1,"na, asked",TRUE,
016,J,healthp,binary,no health problems/productivity not influenced by health problems(0),0,no health problems/productivity not influenced by health problems,FALSE,
016,J,healthp,binary,not productive due to health problems(10),10,not productive due to health problems,FALSE,
016,J,abstot,numeric,"na, wrong skip(-3)",-3,"na, wrong skip",TRUE,
016,J,abstot,numeric,"na, see JJOBC/S(-2)",-2,"na, see JJOBC/S",TRUE,
016,J,abstot,numeric,"na, asked(-1)",-1,"na, asked",TRUE,
016,J,abswd,numeric,"na, wrong skip(-3)",-3,"na, wrong skip",TRUE,
016,J,abswd,numeric,"na, see JJOBC/S(-2)",-2,"na, see JJOBC/S",TRUE,
016,J,abswd,numeric,"na, asked(-1)",-1,"na, asked",TRUE,
016,J,jobstom,date,na wrong skip(-3),-3,na wrong skip,TRUE,
016,J,jobstom,date,"na, see JJOBC(-2)",-2,"na, see JJOBC",TRUE,
016,J,jobstom,date,"na, asked(-1)",-1,"na, asked",TRUE,
016,J,jobstom,date,see table *B Month -> January(1),1,January,FALSE,
016,J,jobstom,date,see table *B Month -> February(2),2,February,FALSE,
016,J,jobstom,date,see table *B Month -> March(3),3,March,FALSE,
016,J,jobstom,date,see table *B Month -> April(4),4,April,FALSE,
016,J,jobstom,date,see table *B Month -> May(5),5,May,FALSE,
016,J,jobstom,date,see table *B Month -> June(6),6,June,FALSE,
016,J,jobstom,date,see table *B Month -> July(7),7,July,FALSE,
016,J,jobstom,date,see table *B Month -> August(8),8,August,FALSE,
016,J,jobstom,date,see table *B Month -> September(9),9,September,FALSE,
016,J,jobstom,date,see table *B Month -> October(10),10,October,FALSE,
016,J,jobstom,date,see table *B Month -> November(11),11,November,FALSE,
016,J,jobstom,date,see table *B Month -> December(12),12,December,FALSE,
016,J,jobstoy,date,"na, wrong skip(-3)",-3,"na, wrong skip",TRUE,
016,J,jobstoy,date,"na, see JJOBC(-2)",-2,"na, see JJOBC",TRUE,
016,J,jobstoy,date,"na, asked(-1)",-1,"na, asked",TRUE,
016,J,employ,binary,"na, age >= 67(-5)",-5,"na, age >= 67",TRUE,
016,J,employ,binary,"na, wrong skip(-3)",-3,"na, wrong skip",TRUE,
016,J,employ,binary,"na, see JJOBC(-2)",-2,"na, see JJOBC",TRUE,
016,J,employ,binary,"na, asked(-1)",-1,"na, asked",TRUE,
016,J,employ,binary,no(1),1,no,FALSE,
016,J,employ,binary,yes(2),2,yes,FALSE,
016,J,disabl,binary,"see jemploy -> na, age >= 67(-5)",-5,"na, age >= 67",TRUE,
016,J,disabl,binary,"see jemploy -> na, wrong skip(-3)",-3,"na, wrong skip",TRUE,
016,J,disabl,binary,"see jemploy -> na, see JJOBC(-2)",-2,"na, see JJOBC",TRUE,
016,J,disabl,binary,"see jemploy -> na, asked(-1)",-1,"na, asked",TRUE,
016,J,disabl,binary,see jemploy -> no(1),1,no,FALSE,
016,J,disabl,binary,see jemploy -> yes(2),2,yes,FALSE,
016,J,disablp,numeric,refused(-3),-3,refused,TRUE,
016,J,disablp,numeric,"na, see JDISABL(-2)",-2,"na, see JDISABL",TRUE,
016,J,disablp,numeric,"na, asked(-1)",-1,"na, asked",TRUE,
016,J,workret,ordinal,"na, wrong skip(-3)",-3,"na, wrong skip",TRUE,
016,J,workret,ordinal,"na, see JJOB1/JRETIRED(-2)",-2,"na, see JJOB1/JRETIRED",TRUE,
016,J,workret,ordinal,"na, asked(-1)",-1,"na, asked",TRUE,
016,J,workret,ordinal,"no, I do not think so(1)",1,"no, I do not think so",FALSE,
016,J,workret,ordinal,I am not sure about this(2),2,I am not sure about this,FALSE,
016,J,workret,ordinal,"yes, I do think so(3)",3,"yes, I do think so",FALSE,
016,J,retired,categorical,"na, age >= 71(-5)",-5,"na, age >= 71",TRUE,
016,J,retired,categorical,"na, wrong skip(-3)",-3,"na, wrong skip",TRUE,
016,J,retired,categorical,"na, see JJOBC(-2)",-2,"na, see JJOBC",TRUE,
016,J,retired,categorical,"na, not applicable(-1)",-1,"na, not applicable",TRUE,
016,J,retired,categorical,no(1),1,no,FALSE,
016,J,retired,categorical,"yes, partly(2)",2,"yes, partly",FALSE,
016,J,retired,categorical,"yes, completely(3)",3,"yes, completely",FALSE,
016,J,pretivol,binary,"na, age >=67(-5)",-5,"na, age >=67",TRUE,
016,J,pretivol,binary,"na, wrong skip(-3)",-3,"na, wrong skip",TRUE,
016,J,pretivol,binary,"na, see JJOBC(-2)",-2,"na, see JJOBC",TRUE,
016,J,pretivol,binary,"na, asked(-1)",-1,"na, asked",TRUE,
016,J,pretivol,binary,yes(1),1,yes,FALSE,
016,J,pretivol,binary,"no, not (entirely) voluntarily(2)",2,"no, not (entirely) voluntarily",FALSE,
016,J,retivol,categorical,"see jpretivol -> na, age >=67(-5)",-5,"na, age >=67",TRUE,
016,J,retivol,categorical,"see jpretivol -> na, wrong skip(-3)",-3,"na, wrong skip",TRUE,
016,J,retivol,categorical,"see jpretivol -> na, see JJOBC(-2)",-2,"na, see JJOBC",TRUE,
016,J,retivol,categorical,"see jpretivol -> na, asked(-1)",-1,"na, asked",TRUE,
016,J,retivol,categorical,see jpretivol -> yes(1),1,yes,FALSE,
016,J,retivol,categorical,"see jpretivol -> no, not (entirely) voluntarily(2)",2,"no, not (entirely) voluntarily",FALSE,
016,J,prefret,categorical,"na, age >= 71(-5)",-5,"na, age >= 71",TRUE,
016,J,prefret,categorical,"na, wrong skip(-3)",-3,"na, wrong skip",TRUE,
016,J,prefret,categorical,"na, see JJOBC(-2)",-2,"na, see JJOBC",TRUE,
016,J,prefret,categorical,"na, asked(-1)",-1,"na, asked",TRUE,
016,J,prefret,categorical,partial retirement first(1),1,partial retirement first,FALSE,
016,J,prefret,categorical,full retirement right away(2),2,full retirement right away,FALSE,
016,J,prefret,categorical,dont know yet(3),3,dont know yet,FALSE,
016,J,retage,numeric,"na, wrong skip(-3)",-3,"na, wrong skip",TRUE,
016,J,retage,numeric,"na, see JRETIRED(-2)",-2,"na, see JRETIRED",TRUE,
016,J,retage,numeric,"na, asked(-1)",-1,"na, asked",TRUE,
016,J,pretage,numeric,"see jretage -> na, wrong skip(-3)",-3,"na, wrong skip",TRUE,
016,J,pretage,numeric,"see jretage -> na, see JRETIRED(-2)",-2,"na, see JRETIRED",TRUE,
016,J,pretage,numeric,"see jretage -> na, asked(-1)",-1,"na, asked",TRUE,
016,J,fretage,numeric,"see jretage -> na, wrong skip(-3)",-3,"na, wrong skip",TRUE,
016,J,fretage,numeric,"see jretage -> na, see JRETIRED(-2)",-2,"na, see JRETIRED",TRUE,
016,J,fretage,numeric,"see jretage -> na, asked(-1)",-1,"na, asked",TRUE,
016,J,peretfin,binary,"na, wrong skip(-3)",-3,"na, wrong skip",TRUE,
016,J,peretfin,binary,"na, see JRETIRED(-2)",-2,"na, see JRETIRED",TRUE,
016,J,peretfin,binary,"na, asked(-1)",-1,"na, asked",TRUE,
016,J,peretfin,binary,no(1),1,no,FALSE,
016,J,peretfin,binary,yes(2),2,yes,FALSE,
016,J,eretfin,binary,"see jperetfin -> na, wrong skip(-3)",-3,"na, wrong skip",TRUE,
016,J,eretfin,binary,"see jperetfin -> na, see JRETIRED(-2)",-2,"na, see JRETIRED",TRUE,
016,J,eretfin,binary,"see jperetfin -> na, asked(-1)",-1,"na, asked",TRUE,
016,J,eretfin,binary,see jperetfin -> no(1),1,no,FALSE,
016,J,eretfin,binary,see jperetfin -> yes(2),2,yes,FALSE,
016,J,retyr,categorical,"na, wrong skip(-3)",-3,"na, wrong skip",TRUE,
016,J,retyr,categorical,"na, see JRETIRED(-2)",-2,"na, see JRETIRED",TRUE,
016,J,retyr,categorical,"na, asked(-1)",-1,"na, asked",TRUE,
016,J,retyr,categorical,stress and pressure of work too high(1),1,stress and pressure of work too high,FALSE,
016,J,retyr,categorical,other work related factors (organisational changes/conflicts)(2),2,other work related factors (organisational changes/conflicts),FALSE,
016,J,retyr,categorical,physically too demanding(3),3,physically too demanding,FALSE,
016,J,retyr,categorical,health complaints too limiting(4),4,health complaints too limiting,FALSE,
016,J,retyr,categorical,afraid of deterioration of health(5),5,afraid of deterioration of health,FALSE,
016,J,retyr,categorical,not motivated anymore/lost interest(6),6,not motivated anymore/lost interest,FALSE,
016,J,retyr,categorical,more enjoyable to spend more time on private life(7),7,more enjoyable to spend more time on private life,FALSE,
016,J,retyr,categorical,enjoy life as long as health permits(8),8,enjoy life as long as health permits,FALSE,
016,J,retyr,categorical,not possible anymore in the future(9),9,not possible anymore in the future,FALSE,
016,J,retyr,categorical,other reason(10),10,other reason,FALSE,
016,J,retyr,categorical,"more freedom, less obligations(11)",11,"more freedom, less obligations",FALSE,
016,J,retyr,categorical,family related factors(12),12,family related factors,FALSE,
016,J,retyr,categorical,partner is retired/is going to retire(13),13,partner is retired/is going to retire,FALSE,
016,J,retyr,categorical,commute is burdensome(14),14,commute is burdensome,FALSE,
016,J,nretr,categorical,"na, wrong skip(-3)",-3,"na, wrong skip",TRUE,
016,J,nretr,categorical,"na, see JRETIRED(-2)",-2,"na, see JRETIRED",TRUE,
016,J,nretr,categorical,"na, asked(-1)",-1,"na, asked",TRUE,
016,J,nretr,categorical,enough challenges at work(1),1,enough challenges at work,FALSE,
016,J,nretr,categorical,maintain social contacts at work(2),2,maintain social contacts at work,FALSE,
016,J,nretr,categorical,other pastimes less pleasant than work(3),3,other pastimes less pleasant than work,FALSE,
016,J,nretr,categorical,financially more favourable(4),4,financially more favourable,FALSE,
016,J,nretr,categorical,continue working after retirement age in same job(5),5,continue working after retirement age in same job,FALSE,
016,J,nretr,categorical,continue working after retirement age in new job(6),6,continue working after retirement age in new job,FALSE,
016,J,nretr,categorical,other reason(7),7,other reason,FALSE,
016,J,nretr,categorical,partner is still working(8),8,partner is still working,FALSE,
016,J,nretr,categorical,loyalty towards employer/colleagues(9),9,loyalty towards employer/colleagues,FALSE,
016,J,pretreas,ordinal,"na, wrong skip(-3)",-3,"na, wrong skip",TRUE,
016,J,pretreas,ordinal,"na, see JRETIRED(-2)",-2,"na, see JRETIRED",TRUE,
016,J,pretreas,ordinal,"na, asked(-1)",-1,"na, asked",TRUE,
016,J,pretreas,ordinal,stress and pressure of work too high(1),1,stress and pressure of work too high,FALSE,
016,J,pretreas,ordinal,other work related factors (organisational changes/conflicts)(2),2,other work related factors (organisational changes/conflicts),FALSE,
016,J,pretreas,ordinal,physically too heavy(3),3,physically too heavy,FALSE,
016,J,pretreas,ordinal,health complaints too hampering(4),4,health complaints too hampering,FALSE,
016,J,pretreas,ordinal,afraid of deterioration of health(5),5,afraid of deterioration of health,FALSE,
016,J,pretreas,ordinal,not motivated anymore/lost interest(6),6,not motivated anymore/lost interest,FALSE,
016,J,pretreas,ordinal,more enjoyable to spend more time on private life(7),7,more enjoyable to spend more time on private life,FALSE,
016,J,pretreas,ordinal,enjoy life as long as health permits(8),8,enjoy life as long as health permits,FALSE,
016,J,pretreas,ordinal,not possible anymore in the future(9),9,not possible anymore in the future,FALSE,
016,J,pretreas,ordinal,other reason(10),10,other reason,FALSE,
016,J,pretreas,ordinal,reached official retirement age(11),11,reached official retirement age,FALSE,
016,J,pretreas,ordinal,financial benefit(12),12,financial benefit,FALSE,
016,J,pretreas,ordinal,more time needed for activities outside work(13),13,more time needed for activities outside work,FALSE,
016,J,retreas,categorical,"see jpretreas -> na, wrong skip(-3)",-3,"na, wrong skip",TRUE,
016,J,retreas,categorical,"see jpretreas -> na, see JRETIRED(-2)",-2,"na, see JRETIRED",TRUE,
016,J,retreas,categorical,"see jpretreas -> na, asked(-1)",-1,"na, asked",TRUE,
016,J,retreas,categorical,see jpretreas -> stress and pressure of work too high(1),1,stress and pressure of work too high,FALSE,
016,J,retreas,categorical,see jpretreas -> other work related factors (organisational changes/conflicts)(2),2,other work related factors (organisational changes/conflicts),FALSE,
016,J,retreas,categorical,see jpretreas -> physically too heavy(3),3,physically too heavy,FALSE,
016,J,retreas,categorical,see jpretreas -> health complaints too hampering(4),4,health complaints too hampering,FALSE,
016,J,retreas,categorical,see jpretreas -> afraid of deterioration of health(5),5,afraid of deterioration of health,FALSE,
016,J,retreas,categorical,see jpretreas -> not motivated anymore/lost interest(6),6,not motivated anymore/lost interest,FALSE,
016,J,retreas,categorical,see jpretreas -> more enjoyable to spend more time on private life(7),7,more enjoyable to spend more time on private life,FALSE,
016,J,retreas,categorical,see jpretreas -> enjoy life as long as health permits(8),8,enjoy life as long as health permits,FALSE,
016,J,retreas,categorical,see jpretreas -> not possible anymore in the future(9),9,not possible anymore in the future,FALSE,
016,J,retreas,categorical,see jpretreas -> other reason(10),10,other reason,FALSE,
016,J,retreas,categorical,see jpretreas -> reached official retirement age(11),11,reached official retirement age,FALSE,
016,J,retreas,categorical,see jpretreas -> financial benefit(12),12,financial benefit,FALSE,
016,J,retreas,categorical,see jpretreas -> more time needed for activities outside work(13),13,more time needed for activities outside work,FALSE,
016,J,pjob1,binary,"na, short version(-4)",-4,"na, short version",TRUE,
016,J,pjob1,binary,"na, wrong skip(-3)",-3,"na, wrong skip",TRUE,
016,J,pjob1,binary,no (household) partner(-2),-2,no (household) partner,TRUE,
016,J,pjob1,binary,"na, asked(-1)",-1,"na, asked",TRUE,
016,J,pjob1,binary,no(1),1,no,FALSE,
016,J,pjob1,binary,yes(2),2,yes,FALSE,
016,J,pjobc,categorical,"na, see JPJOB1(-2)",-2,"na, see JPJOB1",TRUE,
016,J,pjobc,categorical,"never had job, unknown before(-1)",-1,"never had job, unknown before",TRUE,
016,J,pjobc,categorical,unknown(0),0,unknown,FALSE,
016,J,pjobc,categorical,"no job, not changed(1)",1,"no job, not changed",FALSE,
016,J,pjobc,categorical,"no job, changed(2)",2,"no job, changed",FALSE,
016,J,pjobc,categorical,"no job, unknown before(3)",3,"no job, unknown before",FALSE,
016,J,pjobc,categorical,"job, not changed(4)",4,"job, not changed",FALSE,
016,J,pjobc,categorical,"job, changed(5)",5,"job, changed",FALSE,
016,J,pjobc,categorical,"job, unknown before(6)",6,"job, unknown before",FALSE,
016,J,pjobs,categorical,"na, wrong skip(-3)",-3,"na, wrong skip",TRUE,
016,J,pjobs,categorical,"na, see JPJOB1(-2)",-2,"na, see JPJOB1",TRUE,
016,J,pjobs,categorical,"na, see JPJOBC(-1)",-1,"na, see JPJOBC",TRUE,
016,J,pjobs,categorical,no(1),1,no,FALSE,
016,J,pjobs,categorical,not sure(2),2,not sure,FALSE,
016,J,pjobs,categorical,yes(3),3,yes,FALSE,
016,J,pjstam,date,na wrong skip(-3),-3,na wrong skip,TRUE,
016,J,pjstam,date,"na, see JPJOBC/S(-2)",-2,"na, see JPJOBC/S",TRUE,
016,J,pjstam,date,"na, asked(-1)",-1,"na, asked",TRUE,
016,J,pjstam,date,see table *B Month -> January(1),1,January,FALSE,
016,J,pjstam,date,see table *B Month -> February(2),2,February,FALSE,
016,J,pjstam,date,see table *B Month -> March(3),3,March,FALSE,
016,J,pjstam,date,see table *B Month -> April(4),4,April,FALSE,
016,J,pjstam,date,see table *B Month -> May(5),5,May,FALSE,
016,J,pjstam,date,see table *B Month -> June(6),6,June,FALSE,
016,J,pjstam,date,see table *B Month -> July(7),7,July,FALSE,
016,J,pjstam,date,see table *B Month -> August(8),8,August,FALSE,
016,J,pjstam,date,see table *B Month -> September(9),9,September,FALSE,
016,J,pjstam,date,see table *B Month -> October(10),10,October,FALSE,
016,J,pjstam,date,see table *B Month -> November(11),11,November,FALSE,
016,J,pjstam,date,see table *B Month -> December(12),12,December,FALSE,
016,J,pjstay,date,"na, wrong skip(-3)",-3,"na, wrong skip",TRUE,
016,J,pjstay,date,"na, see JPJOBC/S(-2)",-2,"na, see JPJOBC/S",TRUE,
016,J,pjstay,date,"na, asked(-1)",-1,"na, asked",TRUE,
016,J,pcjsbc,categorical,"na, wrong skip(-3)",-3,"na, wrong skip",TRUE,
016,J,pcjsbc,categorical,"na, see JPJOBC(-2)",-2,"na, see JPJOBC",TRUE,
016,J,pcjsbc,categorical,"na, asked(-1)",-1,"na, asked",TRUE,
016,J,pcjclass,categorical,"na, see JPCJSBC(-2)",-2,"na, see JPCJSBC",TRUE,
016,J,pcjclass,categorical,see table *A SBC92 -> elementary occupations(11),11,elementary occupations,FALSE,
016,J,pcjclass,categorical,see table *A SBC92 -> lower non-specialized occupations(21),21,lower non-specialized occupations,FALSE,
016,J,pcjclass,categorical,see table *A SBC92 -> lower teaching & instruction occupations(22),22,lower teaching & instruction occupations,FALSE,
016,J,pcjclass,categorical,see table *A SBC92 -> lower agricultural occupations(24),24,lower agricultural occupations,FALSE,
016,J,pcjclass,categorical,see table *A SBC92 -> lower natural science occupations(25),25,lower natural science occupations,FALSE,
016,J,pcjclass,categorical,see table *A SBC92 -> lower technical occupations(26),26,lower technical occupations,FALSE,
016,J,pcjclass,categorical,see table *A SBC92 -> lower transport occupations(28),28,lower transport occupations,FALSE,
016,J,pcjclass,categorical,see table *A SBC92 -> lower (para)medical occupations(29),29,lower (para)medical occupations,FALSE,
016,J,pcjclass,categorical,see table *A SBC92 -> lower administrative & commercial occupations(31),31,lower administrative & commercial occupations,FALSE,
016,J,pcjclass,categorical,see table *A SBC92 -> lower security occupations(33),33,lower security occupations,FALSE,
016,J,pcjclass,categorical,see table *A SBC92 -> lower service & care occupations(37),37,lower service & care occupations,FALSE,
016,J,pcjclass,categorical,see table *A SBC92 -> medium teaching & instruction occupations(42),42,medium teaching & instruction occupations,FALSE,
016,J,pcjclass,categorical,see table *A SBC92 -> medium agricultural occupations(44),44,medium agricultural occupations,FALSE,
016,J,pcjclass,categorical,see table *A SBC92 -> medium natural science occupations(45),45,medium natural science occupations,FALSE,
016,J,pcjclass,categorical,see table *A SBC92 -> medium technical occupations(46),46,medium technical occupations,FALSE,
016,J,pcjclass,categorical,see table *A SBC92 -> medium transport occupations(48),48,medium transport occupations,FALSE,
016,J,pcjclass,categorical,see table *A SBC92 -> medium (para)medical occupations(49),49,medium (para)medical occupations,FALSE,
016,J,pcjclass,categorical,see table *A SBC92 -> medium administrative & commercial occupations(51),51,medium administrative & commercial occupations,FALSE,
016,J,pcjclass,categorical,see table *A SBC92 -> medium juridical & security occupations(53),53,medium juridical & security occupations,FALSE,
016,J,pcjclass,categorical,see table *A SBC92 -> medium linguistic & cultural occupations(55),55,medium linguistic & cultural occupations,FALSE,
016,J,pcjclass,categorical,see table *A SBC92 -> medium social occupations(56),56,medium social occupations,FALSE,
016,J,pcjclass,categorical,see table *A SBC92 -> medium service & care occupations(57),57,medium service & care occupations,FALSE,
016,J,pcjclass,categorical,see table *A SBC92 -> higher pedagogical occupations(62),62,higher pedagogical occupations,FALSE,
016,J,pcjclass,categorical,see table *A SBC92 -> higher agricultural occupations(64),64,higher agricultural occupations,FALSE,
016,J,pcjclass,categorical,see table *A SBC92 -> higher natural science occupations(65),65,higher natural science occupations,FALSE,
016,J,pcjclass,categorical,see table *A SBC92 -> higher technical occupations(66),66,higher technical occupations,FALSE,
016,J,pcjclass,categorical,see table *A SBC92 -> higher transport occupations(68),68,higher transport occupations,FALSE,
016,J,pcjclass,categorical,see table *A SBC92 -> higher (para)medical occupations(69),69,higher (para)medical occupations,FALSE,
016,J,pcjclass,categorical,see table *A SBC92 -> higher administrative & commercial occupations(71),71,higher administrative & commercial occupations,FALSE,
016,J,pcjclass,categorical,see table *A SBC92 -> higher juridical & security occupations(73),73,higher juridical & security occupations,FALSE,
016,J,pcjclass,categorical,see table *A SBC92 -> higher linguistic & cultural occupations(75),75,higher linguistic & cultural occupations,FALSE,
016,J,pcjclass,categorical,see table *A SBC92 -> higher social occupations(76),76,higher social occupations,FALSE,
016,J,pcjclass,categorical,see table *A SBC92 -> higher service & care occupations(77),77,higher service & care occupations,FALSE,
016,J,pcjclass,categorical,see table *A SBC92 -> higher managers(78),78,higher managers,FALSE,
016,J,pcjclass,categorical,see table *A SBC92 -> scientific pedagogical occupations(82),82,scientific pedagogical occupations,FALSE,
016,J,pcjclass,categorical,see table *A SBC92 -> scientific agricultural occupations(84),84,scientific agricultural occupations,FALSE,
016,J,pcjclass,categorical,see table *A SBC92 -> scientific natural science occupations(85),85,scientific natural science occupations,FALSE,
016,J,pcjclass,categorical,see table *A SBC92 -> scientific technical occupations(86),86,scientific technical occupations,FALSE,
016,J,pcjclass,categorical,see table *A SBC92 -> scientific (para)medical occupations(89),89,scientific (para)medical occupations,FALSE,
016,J,pcjclass,categorical,see table *A SBC92 -> scientific administrative & economic occupations(91),91,scientific administrative & economic occupations,FALSE,
016,J,pcjclass,categorical,see table *A SBC92 -> scientific juridical & policy occupations(93),93,scientific juridical & policy occupations,FALSE,
016,J,pcjclass,categorical,see table *A SBC92 -> scientific social occupations(96),96,scientific social occupations,FALSE,
016,J,pcjclass,categorical,see table *A SBC92 -> scientific managers(98),98,scientific managers,FALSE,
016,J,pcjlevel,ordinal,"na, see JPCJSBC(-2)",-2,"na, see JPCJSBC",TRUE,
016,J,pcjlevel,ordinal,see table *F Skill / work level -> elementary(1),1,elementary,FALSE,
016,J,pcjlevel,ordinal,see table *F Skill / work level -> low(2),2,low,FALSE,
016,J,pcjlevel,ordinal,see table *F Skill / work level -> medium(3),3,medium,FALSE,
016,J,pcjlevel,ordinal,see table *F Skill / work level -> high(4),4,high,FALSE,
016,J,pcjlevel,ordinal,see table *F Skill / work level -> scientific(5),5,scientific,FALSE,
016,J,pcjtype,categorical,"na, see JPCJSBC(-2)",-2,"na, see JPCJSBC",TRUE,
016,J,pcjtype,categorical,see table *C Skill type -> general(1),1,general,FALSE,
016,J,pcjtype,categorical,see table *C Skill type -> pedagogical(2),2,pedagogical,FALSE,
016,J,pcjtype,categorical,see table *C Skill type -> agricultural(4),4,agricultural,FALSE,
016,J,pcjtype,categorical,see table *C Skill type -> natural science(5),5,natural science,FALSE,
016,J,pcjtype,categorical,see table *C Skill type -> technical(6),6,technical,FALSE,
016,J,pcjtype,categorical,see table *C Skill type -> transport(8),8,transport,FALSE,
016,J,pcjtype,categorical,see table *C Skill type -> (para)medical(9),9,(para)medical,FALSE,
016,J,pcjtype,categorical,see table *C Skill type -> administrative/commercial(11),11,administrative/commercial,FALSE,
016,J,pcjtype,categorical,see table *C Skill type -> juridical/security(13),13,juridical/security,FALSE,
016,J,pcjtype,categorical,see table *C Skill type -> cultural/linguistic(15),15,cultural/linguistic,FALSE,
016,J,pcjtype,categorical,see table *C Skill type -> social science(16),16,social science,FALSE,
016,J,pcjtype,categorical,see table *C Skill type -> care & services(17),17,care & services,FALSE,
016,J,pcjtype,categorical,see table *C Skill type -> management(18),18,management,FALSE,
016,J,pjob3,categorical,"na, wrong skip(-3)",-3,"na, wrong skip",TRUE,
016,J,pjob3,categorical,"na, see JPJOBC/S(-2)",-2,"na, see JPJOBC/S",TRUE,
016,J,pjob3,categorical,"na, asked(-1)",-1,"na, asked",TRUE,
016,J,pjob3,categorical,see table *E Job type -> steady job(1),1,steady job,FALSE,
016,J,pjob3,categorical,see table *E Job type -> temporary job with contract(2),2,temporary job with contract,FALSE,
016,J,pjob3,categorical,see table *E Job type -> temporary job via employment agency(3),3,temporary job via employment agency,FALSE,
016,J,pjob3,categorical,see table *E Job type -> self-employed(4),4,self-employed,FALSE,
016,J,pjob3,categorical,see table *E Job type -> free-lance basis(5),5,free-lance basis,FALSE,
016,J,pjob3,categorical,see table *E Job type -> family company(6),6,family company,FALSE,
016,J,pjob3,categorical,see table *E Job type -> other(7),7,other,FALSE,
016,J,pjob3a,ordinal,"na, wrong skip(-3)",-3,"na, wrong skip",TRUE,
016,J,pjob3a,ordinal,"na, see JPJOBC/S(-2)",-2,"na, see JPJOBC/S",TRUE,
016,J,pjob3a,ordinal,"na, asked(-1)",-1,"na, asked",TRUE,
016,J,pjob3a,ordinal,see table *F Skill / Work level -> elementary(1),1,elementary,FALSE,
016,J,pjob3a,ordinal,see table *F Skill / Work level -> low(2),2,low,FALSE,
016,J,pjob3a,ordinal,see table *F Skill / Work level -> medium(3),3,medium,FALSE,
016,J,pjob3a,ordinal,see table *F Skill / Work level -> high(4),4,high,FALSE,
016,J,pjob3a,ordinal,see table *F Skill / Work level -> scientific(5),5,scientific,FALSE,
016,J,pjob4,binary,"na, wrong skip(-3)",-3,"na, wrong skip",TRUE,
016,J,pjob4,binary,"na, see JPJOBC/S(-2)",-2,"na, see JPJOBC/S",TRUE,
016,J,pjob4,binary,"na, asked(-1)",-1,"na, asked",TRUE,
016,J,pjob4,binary,no(1),1,no,FALSE,
016,J,pjob4,binary,yes(2),2,yes,FALSE,
016,J,pjob5,numeric,"na, wrong skip(-3)",-3,"na, wrong skip",TRUE,
016,J,pjob5,numeric,"na, see JPJOB4(-2)",-2,"na, see JPJOB4",TRUE,
016,J,pjob5,numeric,"na, asked(-1)",-1,"na, asked",TRUE,
016,J,pjob5a,binary,"na, wrong skip(-3)",-3,"na, wrong skip",TRUE,
016,J,pjob5a,binary,"na, see JPJOB4(-2)",-2,"na, see JPJOB4",TRUE,
016,J,pjob5a,binary,"na, asked(-1)",-1,"na, asked",TRUE,
016,J,pjob5a,binary,no(1),1,no,FALSE,
016,J,pjob5a,binary,yes(2),2,yes,FALSE,
016,J,pjob5b,binary,"na, wrong skip(-3)",-3,"na, wrong skip",TRUE,
016,J,pjob5b,binary,"na, see JPJOB4(-2)",-2,"na, see JPJOB4",TRUE,
016,J,pjob5b,binary,"na, asked(-1)",-1,"na, asked",TRUE,
016,J,pjob5b,binary,no(1),1,no,FALSE,
016,J,pjob5b,binary,yes(2),2,yes,FALSE,
016,J,pjob6c,numeric,"na, wrong skip(-3)",-3,"na, wrong skip",TRUE,
016,J,pjob6c,numeric,"na, see JPJOB1(-2)",-2,"na, see JPJOB1",TRUE,
016,J,pjob6c,numeric,"na, asked(-1)",-1,"na, asked",TRUE,
016,J,pjob6r,numeric,"na, wrong skip(-3)",-3,"na, wrong skip",TRUE,
016,J,pjob6r,numeric,"na, see JPJOB1(-2)",-2,"na, see JPJOB1",TRUE,
016,J,pjob6r,numeric,"na, asked(-1)",-1,"na, asked",TRUE,
016,J,pjob7,ordinal,"na, wrong skip(-3)",-3,"na, wrong skip",TRUE,
016,J,pjob7,ordinal,"na, see JPJOB1(-2)",-2,"na, see JPJOB1",TRUE,
016,J,pjob7,ordinal,"na, asked(-1)",-1,"na, asked",TRUE,
016,J,pjob7,ordinal,see table *D Job regularity -> regular hours (9 to 5)(1),1,regular hours (9 to 5),FALSE,
016,J,pjob7,ordinal,"see table *D Job regularity -> regular hours, including night/weekend shifts(2)",2,"regular hours, including night/weekend shifts",FALSE,
016,J,pjob7,ordinal,"see table *D Job regularity -> shift work, no weekend shifts(3)",3,"shift work, no weekend shifts",FALSE,
016,J,pjob7,ordinal,"see table *D Job regularity -> shift work, including weekend shifts(4)",4,"shift work, including weekend shifts",FALSE,
016,J,pjob7,ordinal,"see table *D Job regularity -> irregular hours, no weekend shifts(5)",5,"irregular hours, no weekend shifts",FALSE,
016,J,pjob7,ordinal,"see table *D Job regularity -> irregular hours, including weekend shifts(6)",6,"irregular hours, including weekend shifts",FALSE,
016,K,kob1,binary,"na, short version(-4)",-4,"na, short version",TRUE,
016,K,kob1,binary,"na, asked(-1)",-1,"na, asked",TRUE,
016,K,kob1,binary,no(1),1,no,FALSE,
016,K,kob1,binary,yes(2),2,yes,FALSE,
016,K,jobc,categorical,"na, see KJOB1(-2)",-2,"na, see KJOB1",TRUE,
016,K,jobc,categorical,"never had job, unknown before(-1)",-1,"never had job, unknown before",TRUE,
016,K,jobc,categorical,unknown(0),0,unknown,FALSE,
016,K,jobc,categorical,"no job, not changed(1)",1,"no job, not changed",FALSE,
016,K,jobc,categorical,"no job, changed(2)",2,"no job, changed",FALSE,
016,K,jobc,categorical,"no job, unknown before(3)",3,"no job, unknown before",FALSE,
016,K,jobc,categorical,"job, not changed(4)",4,"job, not changed",FALSE,
016,K,jobc,categorical,"job, changed(5)",5,"job, changed",FALSE,
016,K,jobc,categorical,"job, unknown before(6)",6,"job, unknown before",FALSE,
016,K,jobs,categorical,"na, see KJOB1(-2)",-2,"na, see KJOB1",TRUE,
016,K,jobs,categorical,"na, see KJOBC(-1)",-1,"na, see KJOBC",TRUE,
016,K,jobs,categorical,no(1),1,no,FALSE,
016,K,jobs,categorical,not sure(2),2,not sure,FALSE,
016,K,jobs,categorical,yes(3),3,yes,FALSE,
016,K,wjobchange,categorical,"na, see KJOBS(-2)",-2,"na, see KJOBS",TRUE,
016,K,wjobchange,categorical,"na, asked(-1)",-1,"na, asked",TRUE,
016,K,wjobchange,categorical,me(1),1,me,FALSE,
016,K,wjobchange,categorical,my employer(2),2,my employer,FALSE,
016,K,wjobchange,categorical,I switched employers(3),3,I switched employers,FALSE,
016,K,rjobchange01,binary,"na, see KJOBS(-2)",-2,"na, see KJOBS",TRUE,
016,K,rjobchange01,binary,not mentioned(0),0,not mentioned,FALSE,
016,K,rjobchange01,binary,mentioned(1),1,mentioned,FALSE,
016,K,rjobchange02,binary,"see krjobchange01 -> na, see KJOBS(-2)",-2,"na, see KJOBS",TRUE,
016,K,rjobchange02,binary,see krjobchange01 -> not mentioned(0),0,not mentioned,FALSE,
016,K,rjobchange02,binary,see krjobchange01 -> mentioned(1),1,mentioned,FALSE,
016,K,rjobchange03,binary,"see krjobchange01 -> na, see KJOBS(-2)",-2,"na, see KJOBS",TRUE,
016,K,rjobchange03,binary,see krjobchange01 -> not mentioned(0),0,not mentioned,FALSE,
016,K,rjobchange03,binary,see krjobchange01 -> mentioned(1),1,mentioned,FALSE,
016,K,rjobchange04,binary,"see krjobchange01 -> na, see KJOBS(-2)",-2,"na, see KJOBS",TRUE,
016,K,rjobchange04,binary,see krjobchange01 -> not mentioned(0),0,not mentioned,FALSE,
016,K,rjobchange04,binary,see krjobchange01 -> mentioned(1),1,mentioned,FALSE,
016,K,rjobchange05,binary,"see krjobchange01 -> na, see KJOBS(-2)",-2,"na, see KJOBS",TRUE,
016,K,rjobchange05,binary,see krjobchange01 -> not mentioned(0),0,not mentioned,FALSE,
016,K,rjobchange05,binary,see krjobchange01 -> mentioned(1),1,mentioned,FALSE,
016,K,rjobchange06,binary,"see krjobchange01 -> na, see KJOBS(-2)",-2,"na, see KJOBS",TRUE,
016,K,rjobchange06,binary,see krjobchange01 -> not mentioned(0),0,not mentioned,FALSE,
016,K,rjobchange06,binary,see krjobchange01 -> mentioned(1),1,mentioned,FALSE,
016,K,rjobchange07,binary,"see krjobchange01 -> na, see KJOBS(-2)",-2,"na, see KJOBS",TRUE,
016,K,rjobchange07,binary,see krjobchange01 -> not mentioned(0),0,not mentioned,FALSE,
016,K,rjobchange07,binary,see krjobchange01 -> mentioned(1),1,mentioned,FALSE,
016,K,rjobchange08,binary,"see krjobchange01 -> na, see KJOBS(-2)",-2,"na, see KJOBS",TRUE,
016,K,rjobchange08,binary,see krjobchange01 -> not mentioned(0),0,not mentioned,FALSE,
016,K,rjobchange08,binary,see krjobchange01 -> mentioned(1),1,mentioned,FALSE,
016,K,rjobchange09,binary,"see krjobchange01 -> na, see KJOBS(-2)",-2,"na, see KJOBS",TRUE,
016,K,rjobchange09,binary,see krjobchange01 -> not mentioned(0),0,not mentioned,FALSE,
016,K,rjobchange09,binary,see krjobchange01 -> mentioned(1),1,mentioned,FALSE,
016,K,rjobchange10,binary,"see krjobchange01 -> na, see KJOBS(-2)",-2,"na, see KJOBS",TRUE,
016,K,rjobchange10,binary,see krjobchange01 -> not mentioned(0),0,not mentioned,FALSE,
016,K,rjobchange10,binary,see krjobchange01 -> mentioned(1),1,mentioned,FALSE,
016,K,rjobchange11,binary,"see krjobchange01 -> na, see KJOBS(-2)",-2,"na, see KJOBS",TRUE,
016,K,rjobchange11,binary,see krjobchange01 -> not mentioned(0),0,not mentioned,FALSE,
016,K,rjobchange11,binary,see krjobchange01 -> mentioned(1),1,mentioned,FALSE,
016,K,rjobchange12,binary,"see krjobchange01 -> na, see KJOBS(-2)",-2,"na, see KJOBS",TRUE,
016,K,rjobchange12,binary,see krjobchange01 -> not mentioned(0),0,not mentioned,FALSE,
016,K,rjobchange12,binary,see krjobchange01 -> mentioned(1),1,mentioned,FALSE,
016,K,rjobchange13,binary,"see krjobchange01 -> na, see KJOBS(-2)",-2,"na, see KJOBS",TRUE,
016,K,rjobchange13,binary,see krjobchange01 -> not mentioned(0),0,not mentioned,FALSE,
016,K,rjobchange13,binary,see krjobchange01 -> mentioned(1),1,mentioned,FALSE,
016,K,jobstam,date,na wrong skip(-3),-3,na wrong skip,TRUE,
016,K,jobstam,date,"na, see KJOBC/S(-2)",-2,"na, see KJOBC/S",TRUE,
016,K,jobstam,date,"na, asked(-1)",-1,"na, asked",TRUE,
016,K,jobstam,date,see table *B Month -> January(1),1,January,FALSE,
016,K,jobstam,date,see table *B Month -> February(2),2,February,FALSE,
016,K,jobstam,date,see table *B Month -> March(3),3,March,FALSE,
016,K,jobstam,date,see table *B Month -> April(4),4,April,FALSE,
016,K,jobstam,date,see table *B Month -> May(5),5,May,FALSE,
016,K,jobstam,date,see table *B Month -> June(6),6,June,FALSE,
016,K,jobstam,date,see table *B Month -> July(7),7,July,FALSE,
016,K,jobstam,date,see table *B Month -> August(8),8,August,FALSE,
016,K,jobstam,date,see table *B Month -> September(9),9,September,FALSE,
016,K,jobstam,date,see table *B Month -> October(10),10,October,FALSE,
016,K,jobstam,date,see table *B Month -> November(11),11,November,FALSE,
016,K,jobstam,date,see table *B Month -> December(12),12,December,FALSE,
016,K,jobstay,date,"na, wrong skip(-3)",-3,"na, wrong skip",TRUE,
016,K,jobstay,date,"na, see KJOBC/S(-2)",-2,"na, see KJOBC/S",TRUE,
016,K,jobstay,date,"na, asked(-1)",-1,"na, asked",TRUE,
016,K,jobstar01,binary,"na, see KJOBS(-2)",-2,"na, see KJOBS",TRUE,
016,K,jobstar01,binary,not mentioned(0),0,not mentioned,FALSE,
016,K,jobstar01,binary,mentioned(1),1,mentioned,FALSE,
016,K,jobstar02,binary,"see kjobstar01 -> na, see KJOBS(-2)",-2,"na, see KJOBS",TRUE,
016,K,jobstar02,binary,see kjobstar01 -> not mentioned(0),0,not mentioned,FALSE,
016,K,jobstar02,binary,see kjobstar01 -> mentioned(1),1,mentioned,FALSE,
016,K,jobstar03,binary,"see kjobstar01 -> na, see KJOBS(-2)",-2,"na, see KJOBS",TRUE,
016,K,jobstar03,binary,see kjobstar01 -> not mentioned(0),0,not mentioned,FALSE,
016,K,jobstar03,binary,see kjobstar01 -> mentioned(1),1,mentioned,FALSE,
016,K,jobstar04,binary,"see kjobstar01 -> na, see KJOBS(-2)",-2,"na, see KJOBS",TRUE,
016,K,jobstar04,binary,see kjobstar01 -> not mentioned(0),0,not mentioned,FALSE,
016,K,jobstar04,binary,see kjobstar01 -> mentioned(1),1,mentioned,FALSE,
016,K,jobstar05,binary,"see kjobstar01 -> na, see KJOBS(-2)",-2,"na, see KJOBS",TRUE,
016,K,jobstar05,binary,see kjobstar01 -> not mentioned(0),0,not mentioned,FALSE,
016,K,jobstar05,binary,see kjobstar01 -> mentioned(1),1,mentioned,FALSE,
016,K,jobstar06,binary,"see kjobstar01 -> na, see KJOBS(-2)",-2,"na, see KJOBS",TRUE,
016,K,jobstar06,binary,see kjobstar01 -> not mentioned(0),0,not mentioned,FALSE,
016,K,jobstar06,binary,see kjobstar01 -> mentioned(1),1,mentioned,FALSE,
016,K,jobstar07,binary,"see kjobstar01 -> na, see KJOBS(-2)",-2,"na, see KJOBS",TRUE,
016,K,jobstar07,binary,see kjobstar01 -> not mentioned(0),0,not mentioned,FALSE,
016,K,jobstar07,binary,see kjobstar01 -> mentioned(1),1,mentioned,FALSE,
016,K,jobstar08,binary,"see kjobstar01 -> na, see KJOBS(-2)",-2,"na, see KJOBS",TRUE,
016,K,jobstar08,binary,see kjobstar01 -> not mentioned(0),0,not mentioned,FALSE,
016,K,jobstar08,binary,see kjobstar01 -> mentioned(1),1,mentioned,FALSE,
016,K,jobstar09,binary,"see kjobstar01 -> na, see KJOBS(-2)",-2,"na, see KJOBS",TRUE,
016,K,jobstar09,binary,see kjobstar01 -> not mentioned(0),0,not mentioned,FALSE,
016,K,jobstar09,binary,see kjobstar01 -> mentioned(1),1,mentioned,FALSE,
016,K,cjsbc,numeric,"na, wrong skip(-3)",-3,"na, wrong skip",TRUE,
016,K,cjsbc,numeric,"na, see KJOBC/S(-2)",-2,"na, see KJOBC/S",TRUE,
016,K,cjsbc,numeric,"na, asked(-1)",-1,"na, asked",TRUE,
016,K,job3,categorical,"na, wrong skip(-3)",-3,"na, wrong skip",TRUE,
016,K,job3,categorical,"na, see KJOBC/S(-2)",-2,"na, see KJOBC/S",TRUE,
016,K,job3,categorical,"na, asked(-1)",-1,"na, asked",TRUE,
016,K,job3,categorical,see table *E Job type -> steady job(1),1,steady job,FALSE,
016,K,job3,categorical,see table *E Job type -> temporary job with contract(2),2,temporary job with contract,FALSE,
016,K,job3,categorical,see table *E Job type -> temporary job via employment agency(3),3,temporary job via employment agency,FALSE,
016,K,job3,categorical,see table *E Job type -> self-employed(4),4,self-employed,FALSE,
016,K,job3,categorical,see table *E Job type -> free-lance basis(5),5,free-lance basis,FALSE,
016,K,job3,categorical,see table *E Job type -> family company(6),6,family company,FALSE,
016,K,job3,categorical,see table *E Job type -> other(7),7,other,FALSE,
016,K,job3,categorical,see table *E Job type -> 0-hours/stand-by contract(8),8,0-hours/stand-by contract,FALSE,
016,K,job3a,ordinal,"na, wrong skip(-3)",-3,"na, wrong skip",TRUE,
016,K,job3a,ordinal,"na, see KJOBC/S(-2)",-2,"na, see KJOBC/S",TRUE,
016,K,job3a,ordinal,"na, asked(-1)",-1,"na, asked",TRUE,
016,K,job3a,ordinal,see table *F Skill / Work level -> elementary(1),1,elementary,FALSE,
016,K,job3a,ordinal,see table *F Skill / Work level -> low(2),2,low,FALSE,
016,K,job3a,ordinal,see table *F Skill / Work level -> medium(3),3,medium,FALSE,
016,K,job3a,ordinal,see table *F Skill / Work level -> high(4),4,high,FALSE,
016,K,job3a,ordinal,see table *F Skill / Work level -> scientific(5),5,scientific,FALSE,
016,K,job4,binary,"na, wrong skip(-3)",-3,"na, wrong skip",TRUE,
016,K,job4,binary,"na, see KJOBC/S(-2)",-2,"na, see KJOBC/S",TRUE,
016,K,job4,binary,"na, asked(-1)",-1,"na, asked",TRUE,
016,K,job4,binary,no(1),1,no,FALSE,
016,K,job4,binary,yes(2),2,yes,FALSE,
016,K,job5,numeric,"na, wrong skip(-3)",-3,"na, wrong skip",TRUE,
016,K,job5,numeric,"na, see KJOB4(-2)",-2,"na, see KJOB4",TRUE,
016,K,job5,numeric,"na, asked(-1)",-1,"na, asked",TRUE,
016,K,job5,numeric,98 or more(98),98,NA,FALSE,
016,K,job5a,binary,"na, wrong skip(-3)",-3,"na, wrong skip",TRUE,
016,K,job5a,binary,"na, see KJOB4(-2)",-2,"na, see KJOB4",TRUE,
016,K,job5a,binary,"na, asked(-1)",-1,"na, asked",TRUE,
016,K,job5a,binary,no(1),1,no,FALSE,
016,K,job5a,binary,yes(2),2,yes,FALSE,
016,K,job5b,binary,"na, wrong skip(-3)",-3,"na, wrong skip",TRUE,
016,K,job5b,binary,"na, see KJOB4(-2)",-2,"na, see KJOB4",TRUE,
016,K,job5b,binary,"na, asked(-1)",-1,"na, asked",TRUE,
016,K,job5b,binary,no(1),1,no,FALSE,
016,K,job5b,binary,yes(2),2,yes,FALSE,
016,K,job6c,numeric,"na, wrong skip(-3)",-3,"na, wrong skip",TRUE,
016,K,job6c,numeric,"na, see KJOBC/S(-2)",-2,"na, see KJOBC/S",TRUE,
016,K,job6c,numeric,"na, asked(-1)",-1,"na, asked",TRUE,
016,K,job6r,numeric,"na, wrong skip(-3)",-3,"na, wrong skip",TRUE,
016,K,job6r,numeric,"na, see KJOBC/S(-2)",-2,"na, see KJOBC/S",TRUE,
016,K,job6r,numeric,"na, asked(-1)",-1,"na, asked",TRUE,
016,K,job7,categorical,"na, wrong skip(-3)",-3,"na, wrong skip",TRUE,
016,K,job7,categorical,"na, see KJOBC/S(-2)",-2,"na, see KJOBC/S",TRUE,
016,K,job7,categorical,"na, asked(-1)",-1,"na, asked",TRUE,
016,K,job7,categorical,see table *D Job regularity -> regular hours (9 to 5)(1),1,regular hours (9 to 5),FALSE,
016,K,job7,categorical,"see table *D Job regularity -> regular hours, including night/weekend shifts(2)",2,"regular hours, including night/weekend shifts",FALSE,
016,K,job7,categorical,"see table *D Job regularity -> shift work, no weekend shifts(3)",3,"shift work, no weekend shifts",FALSE,
016,K,job7,categorical,"see table *D Job regularity -> shift work, including weekend shifts(4)",4,"shift work, including weekend shifts",FALSE,
016,K,job7,categorical,"see table *D Job regularity -> irregular hours, no weekend shifts(5)",5,"irregular hours, no weekend shifts",FALSE,
016,K,job7,categorical,"see table *D Job regularity -> irregular hours, including weekend shifts(6)",6,"irregular hours, including weekend shifts",FALSE,
016,K,tasks,categorical,"na, wrong skip(-3)",-3,"na, wrong skip",TRUE,
016,K,tasks,categorical,"na, see KJOBC/S(-2)",-2,"na, see KJOBC/S",TRUE,
016,K,tasks,categorical,"na, asked(-1)",-1,"na, asked",TRUE,
016,K,tasks,categorical,mainly mentally demanding tasks(-1),-1,mainly mentally demanding tasks,TRUE,
016,K,tasks,categorical,mainly physically demanding tasks(-2),-2,mainly physically demanding tasks,TRUE,
016,K,tasks,categorical,both mentally and physically demanding tasks(3),3,both mentally and physically demanding tasks,FALSE,
016,K,pability,ordinal,"na, wrong skip(-3)",-3,"na, wrong skip",TRUE,
016,K,pability,ordinal,"na, see KJOBC/S(-2)",-2,"na, see KJOBC/S",TRUE,
016,K,pability,ordinal,"na, asked(-1)",-1,"na, asked",TRUE,
016,K,pability,ordinal,very good(1),1,very good,FALSE,
016,K,pability,ordinal,good(2),2,good,FALSE,
016,K,pability,ordinal,moderate(3),3,moderate,FALSE,
016,K,pability,ordinal,bad(4),4,bad,FALSE,
016,K,pability,ordinal,very bad(5),5,very bad,FALSE,
016,K,mability,ordinal,"see kpability -> na, wrong skip(-3)",-3,"na, wrong skip",TRUE,
016,K,mability,ordinal,"see kpability -> na, see KJOBC/S(-2)",-2,"na, see KJOBC/S",TRUE,
016,K,mability,ordinal,"see kpability -> na, asked(-1)",-1,"na, asked",TRUE,
016,K,mability,ordinal,see kpability -> very good(1),1,very good,FALSE,
016,K,mability,ordinal,see kpability -> good(2),2,good,FALSE,
016,K,mability,ordinal,see kpability -> moderate(3),3,moderate,FALSE,
016,K,mability,ordinal,see kpability -> bad(4),4,bad,FALSE,
016,K,mability,ordinal,see kpability -> very bad(5),5,very bad,FALSE,
016,K,healthp,binary,"na, wrong skip(-3)",-3,"na, wrong skip",TRUE,
016,K,healthp,binary,"na, see KJOBC/S(-2)",-2,"na, see KJOBC/S",TRUE,
016,K,healthp,binary,"na, asked(-1)",-1,"na, asked",TRUE,
016,K,healthp,binary,no health problems/productivity not influenced by health problems(0),0,no health problems/productivity not influenced by health problems,FALSE,
016,K,healthp,binary,not productive due to health problems(10),10,not productive due to health problems,FALSE,
016,K,abstot,numeric,"na, wrong skip(-3)",-3,"na, wrong skip",TRUE,
016,K,abstot,numeric,"na, see KJOBC/S(-2)",-2,"na, see KJOBC/S",TRUE,
016,K,abstot,numeric,"na, asked(-1)",-1,"na, asked",TRUE,
016,K,abswd,numeric,"na, wrong skip(-3)",-3,"na, wrong skip",TRUE,
016,K,abswd,numeric,"na, see KJOBC/S(-2)",-2,"na, see KJOBC/S",TRUE,
016,K,abswd,numeric,"na, asked(-1)",-1,"na, asked",TRUE,
016,K,jobstom,date,na wrong skip(-3),-3,na wrong skip,TRUE,
016,K,jobstom,date,"na, see KJOBC(-2)",-2,"na, see KJOBC",TRUE,
016,K,jobstom,date,"na, asked(-1)",-1,"na, asked",TRUE,
016,K,jobstom,date,see table *B Month -> January(1),1,January,FALSE,
016,K,jobstom,date,see table *B Month -> February(2),2,February,FALSE,
016,K,jobstom,date,see table *B Month -> March(3),3,March,FALSE,
016,K,jobstom,date,see table *B Month -> April(4),4,April,FALSE,
016,K,jobstom,date,see table *B Month -> May(5),5,May,FALSE,
016,K,jobstom,date,see table *B Month -> June(6),6,June,FALSE,
016,K,jobstom,date,see table *B Month -> July(7),7,July,FALSE,
016,K,jobstom,date,see table *B Month -> August(8),8,August,FALSE,
016,K,jobstom,date,see table *B Month -> September(9),9,September,FALSE,
016,K,jobstom,date,see table *B Month -> October(10),10,October,FALSE,
016,K,jobstom,date,see table *B Month -> November(11),11,November,FALSE,
016,K,jobstom,date,see table *B Month -> December(12),12,December,FALSE,
016,K,jobstoy,date,"na, wrong skip(-3)",-3,"na, wrong skip",TRUE,
016,K,jobstoy,date,"na, see KJOBC(-2)",-2,"na, see KJOBC",TRUE,
016,K,jobstoy,date,"na, asked(-1)",-1,"na, asked",TRUE,
016,K,employ,binary,"na, age >= 67(-5)",-5,"na, age >= 67",TRUE,
016,K,employ,binary,"na, wrong skip(-3)",-3,"na, wrong skip",TRUE,
016,K,employ,binary,"na, see KJOBC(-2)",-2,"na, see KJOBC",TRUE,
016,K,employ,binary,"na, asked(-1)",-1,"na, asked",TRUE,
016,K,employ,binary,no(1),1,no,FALSE,
016,K,employ,binary,yes(2),2,yes,FALSE,
016,K,disabl,binary,"see kemploy -> na, age >= 67(-5)",-5,"na, age >= 67",TRUE,
016,K,disabl,binary,"see kemploy -> na, wrong skip(-3)",-3,"na, wrong skip",TRUE,
016,K,disabl,binary,"see kemploy -> na, see KJOBC(-2)",-2,"na, see KJOBC",TRUE,
016,K,disabl,binary,"see kemploy -> na, asked(-1)",-1,"na, asked",TRUE,
016,K,disabl,binary,see kemploy -> no(1),1,no,FALSE,
016,K,disabl,binary,see kemploy -> yes(2),2,yes,FALSE,
016,K,disablp,numeric,refused(-3),-3,refused,TRUE,
016,K,disablp,numeric,"na, see KDISABL(-2)",-2,"na, see KDISABL",TRUE,
016,K,disablp,numeric,"na, asked(-1)",-1,"na, asked",TRUE,
016,K,workret,ordinal,"na, wrong skip(-3)",-3,"na, wrong skip",TRUE,
016,K,workret,ordinal,"na, see KJOB1/KRETIRED(-2)",-2,"na, see KJOB1/KRETIRED",TRUE,
016,K,workret,ordinal,"na, asked(-1)",-1,"na, asked",TRUE,
016,K,workret,ordinal,"no, I do not think so(1)",1,"no, I do not think so",FALSE,
016,K,workret,ordinal,I am not sure about this(2),2,I am not sure about this,FALSE,
016,K,workret,ordinal,"yes, I do think so(3)",3,"yes, I do think so",FALSE,
016,K,retired,categorical,"na, age >= 71(-5)",-5,"na, age >= 71",TRUE,
016,K,retired,categorical,"na, wrong skip(-3)",-3,"na, wrong skip",TRUE,
016,K,retired,categorical,"na, see KJOBC(-2)",-2,"na, see KJOBC",TRUE,
016,K,retired,categorical,"na, not applicable(-1)",-1,"na, not applicable",TRUE,
016,K,retired,categorical,no(1),1,no,FALSE,
016,K,retired,categorical,"yes, partly(2)",2,"yes, partly",FALSE,
016,K,retired,categorical,"yes, completely(3)",3,"yes, completely",FALSE,
016,K,pretivol,binary,"na, age >=67(-5)",-5,"na, age >=67",TRUE,
016,K,pretivol,binary,"na, wrong skip(-3)",-3,"na, wrong skip",TRUE,
016,K,pretivol,binary,"na, see KJOBC(-2)",-2,"na, see KJOBC",TRUE,
016,K,pretivol,binary,"na, asked(-1)",-1,"na, asked",TRUE,
016,K,pretivol,binary,yes(1),1,yes,FALSE,
016,K,pretivol,binary,"no, not (entirely) voluntarily(2)",2,"no, not (entirely) voluntarily",FALSE,
016,K,retivol,categorical,"see kpretivol -> na, age >=67(-5)",-5,"na, age >=67",TRUE,
016,K,retivol,categorical,"see kpretivol -> na, wrong skip(-3)",-3,"na, wrong skip",TRUE,
016,K,retivol,categorical,"see kpretivol -> na, see KJOBC(-2)",-2,"na, see KJOBC",TRUE,
016,K,retivol,categorical,"see kpretivol -> na, asked(-1)",-1,"na, asked",TRUE,
016,K,retivol,categorical,see kpretivol -> yes(1),1,yes,FALSE,
016,K,retivol,categorical,"see kpretivol -> no, not (entirely) voluntarily(2)",2,"no, not (entirely) voluntarily",FALSE,
016,K,prefret,categorical,"na, age >= 71(-5)",-5,"na, age >= 71",TRUE,
016,K,prefret,categorical,"na, wrong skip(-3)",-3,"na, wrong skip",TRUE,
016,K,prefret,categorical,"na, see KJOBC(-2)",-2,"na, see KJOBC",TRUE,
016,K,prefret,categorical,"na, asked(-1)",-1,"na, asked",TRUE,
016,K,prefret,categorical,partial retirement first(1),1,partial retirement first,FALSE,
016,K,prefret,categorical,full retirement right away(2),2,full retirement right away,FALSE,
016,K,prefret,categorical,dont know yet(3),3,dont know yet,FALSE,
016,K,retage,numeric,"na, wrong skip(-3)",-3,"na, wrong skip",TRUE,
016,K,retage,numeric,"na, see KRETIRED(-2)",-2,"na, see KRETIRED",TRUE,
016,K,retage,numeric,"na, asked(-1)",-1,"na, asked",TRUE,
016,K,pretage,numeric,"see kretage -> na, wrong skip(-3)",-3,"na, wrong skip",TRUE,
016,K,pretage,numeric,"see kretage -> na, see KRETIRED(-2)",-2,"na, see KRETIRED",TRUE,
016,K,pretage,numeric,"see kretage -> na, asked(-1)",-1,"na, asked",TRUE,
016,K,fretage,numeric,"see kretage -> na, wrong skip(-3)",-3,"na, wrong skip",TRUE,
016,K,fretage,numeric,"see kretage -> na, see KRETIRED(-2)",-2,"na, see KRETIRED",TRUE,
016,K,fretage,numeric,"see kretage -> na, asked(-1)",-1,"na, asked",TRUE,
016,K,peretfin,binary,"na, wrong skip(-3)",-3,"na, wrong skip",TRUE,
016,K,peretfin,binary,"na, see KRETIRED(-2)",-2,"na, see KRETIRED",TRUE,
016,K,peretfin,binary,"na, asked(-1)",-1,"na, asked",TRUE,
016,K,peretfin,binary,no(1),1,no,FALSE,
016,K,peretfin,binary,yes(2),2,yes,FALSE,
016,K,eretfin,binary,"see kperetfin -> na, wrong skip(-3)",-3,"na, wrong skip",TRUE,
016,K,eretfin,binary,"see kperetfin -> na, see KRETIRED(-2)",-2,"na, see KRETIRED",TRUE,
016,K,eretfin,binary,"see kperetfin -> na, asked(-1)",-1,"na, asked",TRUE,
016,K,eretfin,binary,see kperetfin -> no(1),1,no,FALSE,
016,K,eretfin,binary,see kperetfin -> yes(2),2,yes,FALSE,
016,K,retyr01,binary,"na, wrong skip(-3)",-3,"na, wrong skip",TRUE,
016,K,retyr01,binary,"na, see KRETIRED(-2)",-2,"na, see KRETIRED",TRUE,
016,K,retyr01,binary,"na, asked(-1)",-1,"na, asked",TRUE,
016,K,retyr01,binary,not mentioned(0),0,not mentioned,FALSE,
016,K,retyr01,binary,mentioned(1),1,mentioned,FALSE,
016,K,retyr02,binary,"see kretyr01 -> na, wrong skip(-3)",-3,"na, wrong skip",TRUE,
016,K,retyr02,binary,"see kretyr01 -> na, see KRETIRED(-2)",-2,"na, see KRETIRED",TRUE,
016,K,retyr02,binary,"see kretyr01 -> na, asked(-1)",-1,"na, asked",TRUE,
016,K,retyr02,binary,see kretyr01 -> not mentioned(0),0,not mentioned,FALSE,
016,K,retyr02,binary,see kretyr01 -> mentioned(1),1,mentioned,FALSE,
016,K,retyr03,binary,"see kretyr01 -> na, wrong skip(-3)",-3,"na, wrong skip",TRUE,
016,K,retyr03,binary,"see kretyr01 -> na, see KRETIRED(-2)",-2,"na, see KRETIRED",TRUE,
016,K,retyr03,binary,"see kretyr01 -> na, asked(-1)",-1,"na, asked",TRUE,
016,K,retyr03,binary,see kretyr01 -> not mentioned(0),0,not mentioned,FALSE,
016,K,retyr03,binary,see kretyr01 -> mentioned(1),1,mentioned,FALSE,
016,K,retyr04,binary,"see kretyr01 -> na, wrong skip(-3)",-3,"na, wrong skip",TRUE,
016,K,retyr04,binary,"see kretyr01 -> na, see KRETIRED(-2)",-2,"na, see KRETIRED",TRUE,
016,K,retyr04,binary,"see kretyr01 -> na, asked(-1)",-1,"na, asked",TRUE,
016,K,retyr04,binary,see kretyr01 -> not mentioned(0),0,not mentioned,FALSE,
016,K,retyr04,binary,see kretyr01 -> mentioned(1),1,mentioned,FALSE,
016,K,retyr05,binary,"see kretyr01 -> na, wrong skip(-3)",-3,"na, wrong skip",TRUE,
016,K,retyr05,binary,"see kretyr01 -> na, see KRETIRED(-2)",-2,"na, see KRETIRED",TRUE,
016,K,retyr05,binary,"see kretyr01 -> na, asked(-1)",-1,"na, asked",TRUE,
016,K,retyr05,binary,see kretyr01 -> not mentioned(0),0,not mentioned,FALSE,
016,K,retyr05,binary,see kretyr01 -> mentioned(1),1,mentioned,FALSE,
016,K,retyr06,binary,"see kretyr01 -> na, wrong skip(-3)",-3,"na, wrong skip",TRUE,
016,K,retyr06,binary,"see kretyr01 -> na, see KRETIRED(-2)",-2,"na, see KRETIRED",TRUE,
016,K,retyr06,binary,"see kretyr01 -> na, asked(-1)",-1,"na, asked",TRUE,
016,K,retyr06,binary,see kretyr01 -> not mentioned(0),0,not mentioned,FALSE,
016,K,retyr06,binary,see kretyr01 -> mentioned(1),1,mentioned,FALSE,
016,K,retyr07,binary,"see kretyr01 -> na, wrong skip(-3)",-3,"na, wrong skip",TRUE,
016,K,retyr07,binary,"see kretyr01 -> na, see KRETIRED(-2)",-2,"na, see KRETIRED",TRUE,
016,K,retyr07,binary,"see kretyr01 -> na, asked(-1)",-1,"na, asked",TRUE,
016,K,retyr07,binary,see kretyr01 -> not mentioned(0),0,not mentioned,FALSE,
016,K,retyr07,binary,see kretyr01 -> mentioned(1),1,mentioned,FALSE,
016,K,retyr08,binary,"see kretyr01 -> na, wrong skip(-3)",-3,"na, wrong skip",TRUE,
016,K,retyr08,binary,"see kretyr01 -> na, see KRETIRED(-2)",-2,"na, see KRETIRED",TRUE,
016,K,retyr08,binary,"see kretyr01 -> na, asked(-1)",-1,"na, asked",TRUE,
016,K,retyr08,binary,see kretyr01 -> not mentioned(0),0,not mentioned,FALSE,
016,K,retyr08,binary,see kretyr01 -> mentioned(1),1,mentioned,FALSE,
016,K,retyr09,binary,"see kretyr01 -> na, wrong skip(-3)",-3,"na, wrong skip",TRUE,
016,K,retyr09,binary,"see kretyr01 -> na, see KRETIRED(-2)",-2,"na, see KRETIRED",TRUE,
016,K,retyr09,binary,"see kretyr01 -> na, asked(-1)",-1,"na, asked",TRUE,
016,K,retyr09,binary,see kretyr01 -> not mentioned(0),0,not mentioned,FALSE,
016,K,retyr09,binary,see kretyr01 -> mentioned(1),1,mentioned,FALSE,
016,K,retyr10,binary,"see kretyr01 -> na, wrong skip(-3)",-3,"na, wrong skip",TRUE,
016,K,retyr10,binary,"see kretyr01 -> na, see KRETIRED(-2)",-2,"na, see KRETIRED",TRUE,
016,K,retyr10,binary,"see kretyr01 -> na, asked(-1)",-1,"na, asked",TRUE,
016,K,retyr10,binary,see kretyr01 -> not mentioned(0),0,not mentioned,FALSE,
016,K,retyr10,binary,see kretyr01 -> mentioned(1),1,mentioned,FALSE,
016,K,nretr01,binary,"see kretyr01 -> na, wrong skip(-3)",-3,"na, wrong skip",TRUE,
016,K,nretr01,binary,"see kretyr01 -> na, see KRETIRED(-2)",-2,"na, see KRETIRED",TRUE,
016,K,nretr01,binary,"see kretyr01 -> na, asked(-1)",-1,"na, asked",TRUE,
016,K,nretr01,binary,see kretyr01 -> not mentioned(0),0,not mentioned,FALSE,
016,K,nretr01,binary,see kretyr01 -> mentioned(1),1,mentioned,FALSE,
016,K,nretr02,binary,"see kretyr01 -> na, wrong skip(-3)",-3,"na, wrong skip",TRUE,
016,K,nretr02,binary,"see kretyr01 -> na, see KRETIRED(-2)",-2,"na, see KRETIRED",TRUE,
016,K,nretr02,binary,"see kretyr01 -> na, asked(-1)",-1,"na, asked",TRUE,
016,K,nretr02,binary,see kretyr01 -> not mentioned(0),0,not mentioned,FALSE,
016,K,nretr02,binary,see kretyr01 -> mentioned(1),1,mentioned,FALSE,
016,K,nretr03,binary,"see kretyr01 -> na, wrong skip(-3)",-3,"na, wrong skip",TRUE,
016,K,nretr03,binary,"see kretyr01 -> na, see KRETIRED(-2)",-2,"na, see KRETIRED",TRUE,
016,K,nretr03,binary,"see kretyr01 -> na, asked(-1)",-1,"na, asked",TRUE,
016,K,nretr03,binary,see kretyr01 -> not mentioned(0),0,not mentioned,FALSE,
016,K,nretr03,binary,see kretyr01 -> mentioned(1),1,mentioned,FALSE,
016,K,nretr04,binary,"see kretyr01 -> na, wrong skip(-3)",-3,"na, wrong skip",TRUE,
016,K,nretr04,binary,"see kretyr01 -> na, see KRETIRED(-2)",-2,"na, see KRETIRED",TRUE,
016,K,nretr04,binary,"see kretyr01 -> na, asked(-1)",-1,"na, asked",TRUE,
016,K,nretr04,binary,see kretyr01 -> not mentioned(0),0,not mentioned,FALSE,
016,K,nretr04,binary,see kretyr01 -> mentioned(1),1,mentioned,FALSE,
016,K,nretr05,binary,"see kretyr01 -> na, wrong skip(-3)",-3,"na, wrong skip",TRUE,
016,K,nretr05,binary,"see kretyr01 -> na, see KRETIRED(-2)",-2,"na, see KRETIRED",TRUE,
016,K,nretr05,binary,"see kretyr01 -> na, asked(-1)",-1,"na, asked",TRUE,
016,K,nretr05,binary,see kretyr01 -> not mentioned(0),0,not mentioned,FALSE,
016,K,nretr05,binary,see kretyr01 -> mentioned(1),1,mentioned,FALSE,
016,K,nretr06,binary,"see kretyr01 -> na, wrong skip(-3)",-3,"na, wrong skip",TRUE,
016,K,nretr06,binary,"see kretyr01 -> na, see KRETIRED(-2)",-2,"na, see KRETIRED",TRUE,
016,K,nretr06,binary,"see kretyr01 -> na, asked(-1)",-1,"na, asked",TRUE,
016,K,nretr06,binary,see kretyr01 -> not mentioned(0),0,not mentioned,FALSE,
016,K,nretr06,binary,see kretyr01 -> mentioned(1),1,mentioned,FALSE,
016,K,pretreas01,binary,"see kretyr01 -> na, wrong skip(-3)",-3,"na, wrong skip",TRUE,
016,K,pretreas01,binary,"see kretyr01 -> na, see KRETIRED(-2)",-2,"na, see KRETIRED",TRUE,
016,K,pretreas01,binary,"see kretyr01 -> na, asked(-1)",-1,"na, asked",TRUE,
016,K,pretreas01,binary,see kretyr01 -> not mentioned(0),0,not mentioned,FALSE,
016,K,pretreas01,binary,see kretyr01 -> mentioned(1),1,mentioned,FALSE,
016,K,pretreas02,binary,"see kretyr01 -> na, wrong skip(-3)",-3,"na, wrong skip",TRUE,
016,K,pretreas02,binary,"see kretyr01 -> na, see KRETIRED(-2)",-2,"na, see KRETIRED",TRUE,
016,K,pretreas02,binary,"see kretyr01 -> na, asked(-1)",-1,"na, asked",TRUE,
016,K,pretreas02,binary,see kretyr01 -> not mentioned(0),0,not mentioned,FALSE,
016,K,pretreas02,binary,see kretyr01 -> mentioned(1),1,mentioned,FALSE,
016,K,pretreas03,binary,"see kretyr01 -> na, wrong skip(-3)",-3,"na, wrong skip",TRUE,
016,K,pretreas03,binary,"see kretyr01 -> na, see KRETIRED(-2)",-2,"na, see KRETIRED",TRUE,
016,K,pretreas03,binary,"see kretyr01 -> na, asked(-1)",-1,"na, asked",TRUE,
016,K,pretreas03,binary,see kretyr01 -> not mentioned(0),0,not mentioned,FALSE,
016,K,pretreas03,binary,see kretyr01 -> mentioned(1),1,mentioned,FALSE,
016,K,pretreas04,binary,"see kretyr01 -> na, wrong skip(-3)",-3,"na, wrong skip",TRUE,
016,K,pretreas04,binary,"see kretyr01 -> na, see KRETIRED(-2)",-2,"na, see KRETIRED",TRUE,
016,K,pretreas04,binary,"see kretyr01 -> na, asked(-1)",-1,"na, asked",TRUE,
016,K,pretreas04,binary,see kretyr01 -> not mentioned(0),0,not mentioned,FALSE,
016,K,pretreas04,binary,see kretyr01 -> mentioned(1),1,mentioned,FALSE,
016,K,pretreas05,binary,"see kretyr01 -> na, wrong skip(-3)",-3,"na, wrong skip",TRUE,
016,K,pretreas05,binary,"see kretyr01 -> na, see KRETIRED(-2)",-2,"na, see KRETIRED",TRUE,
016,K,pretreas05,binary,"see kretyr01 -> na, asked(-1)",-1,"na, asked",TRUE,
016,K,pretreas05,binary,see kretyr01 -> not mentioned(0),0,not mentioned,FALSE,
016,K,pretreas05,binary,see kretyr01 -> mentioned(1),1,mentioned,FALSE,
016,K,pretreas06,binary,"see kretyr01 -> na, wrong skip(-3)",-3,"na, wrong skip",TRUE,
016,K,pretreas06,binary,"see kretyr01 -> na, see KRETIRED(-2)",-2,"na, see KRETIRED",TRUE,
016,K,pretreas06,binary,"see kretyr01 -> na, asked(-1)",-1,"na, asked",TRUE,
016,K,pretreas06,binary,see kretyr01 -> not mentioned(0),0,not mentioned,FALSE,
016,K,pretreas06,binary,see kretyr01 -> mentioned(1),1,mentioned,FALSE,
016,K,pretreas07,binary,"see kretyr01 -> na, wrong skip(-3)",-3,"na, wrong skip",TRUE,
016,K,pretreas07,binary,"see kretyr01 -> na, see KRETIRED(-2)",-2,"na, see KRETIRED",TRUE,
016,K,pretreas07,binary,"see kretyr01 -> na, asked(-1)",-1,"na, asked",TRUE,
016,K,pretreas07,binary,see kretyr01 -> not mentioned(0),0,not mentioned,FALSE,
016,K,pretreas07,binary,see kretyr01 -> mentioned(1),1,mentioned,FALSE,
016,K,pretreas08,binary,"see kretyr01 -> na, wrong skip(-3)",-3,"na, wrong skip",TRUE,
016,K,pretreas08,binary,"see kretyr01 -> na, see KRETIRED(-2)",-2,"na, see KRETIRED",TRUE,
016,K,pretreas08,binary,"see kretyr01 -> na, asked(-1)",-1,"na, asked",TRUE,
016,K,pretreas08,binary,see kretyr01 -> not mentioned(0),0,not mentioned,FALSE,
016,K,pretreas08,binary,see kretyr01 -> mentioned(1),1,mentioned,FALSE,
016,K,pretreas09,binary,"see kretyr01 -> na, wrong skip(-3)",-3,"na, wrong skip",TRUE,
016,K,pretreas09,binary,"see kretyr01 -> na, see KRETIRED(-2)",-2,"na, see KRETIRED",TRUE,
016,K,pretreas09,binary,"see kretyr01 -> na, asked(-1)",-1,"na, asked",TRUE,
016,K,pretreas09,binary,see kretyr01 -> not mentioned(0),0,not mentioned,FALSE,
016,K,pretreas09,binary,see kretyr01 -> mentioned(1),1,mentioned,FALSE,
016,K,pretreas10,binary,"see kretyr01 -> na, wrong skip(-3)",-3,"na, wrong skip",TRUE,
016,K,pretreas10,binary,"see kretyr01 -> na, see KRETIRED(-2)",-2,"na, see KRETIRED",TRUE,
016,K,pretreas10,binary,"see kretyr01 -> na, asked(-1)",-1,"na, asked",TRUE,
016,K,pretreas10,binary,see kretyr01 -> not mentioned(0),0,not mentioned,FALSE,
016,K,pretreas10,binary,see kretyr01 -> mentioned(1),1,mentioned,FALSE,
016,K,pretreas11,binary,"see kretyr01 -> na, wrong skip(-3)",-3,"na, wrong skip",TRUE,
016,K,pretreas11,binary,"see kretyr01 -> na, see KRETIRED(-2)",-2,"na, see KRETIRED",TRUE,
016,K,pretreas11,binary,"see kretyr01 -> na, asked(-1)",-1,"na, asked",TRUE,
016,K,pretreas11,binary,see kretyr01 -> not mentioned(0),0,not mentioned,FALSE,
016,K,pretreas11,binary,see kretyr01 -> mentioned(1),1,mentioned,FALSE,
016,K,pretreas12,binary,"see kretyr01 -> na, wrong skip(-3)",-3,"na, wrong skip",TRUE,
016,K,pretreas12,binary,"see kretyr01 -> na, see KRETIRED(-2)",-2,"na, see KRETIRED",TRUE,
016,K,pretreas12,binary,"see kretyr01 -> na, asked(-1)",-1,"na, asked",TRUE,
016,K,pretreas12,binary,see kretyr01 -> not mentioned(0),0,not mentioned,FALSE,
016,K,pretreas12,binary,see kretyr01 -> mentioned(1),1,mentioned,FALSE,
016,K,pretreas13,binary,"see kretyr01 -> na, wrong skip(-3)",-3,"na, wrong skip",TRUE,
016,K,pretreas13,binary,"see kretyr01 -> na, see KRETIRED(-2)",-2,"na, see KRETIRED",TRUE,
016,K,pretreas13,binary,"see kretyr01 -> na, asked(-1)",-1,"na, asked",TRUE,
016,K,pretreas13,binary,see kretyr01 -> not mentioned(0),0,not mentioned,FALSE,
016,K,pretreas13,binary,see kretyr01 -> mentioned(1),1,mentioned,FALSE,
016,K,retreas01,binary,"see kretyr01 -> na, wrong skip(-3)",-3,"na, wrong skip",TRUE,
016,K,retreas01,binary,"see kretyr01 -> na, see KRETIRED(-2)",-2,"na, see KRETIRED",TRUE,
016,K,retreas01,binary,"see kretyr01 -> na, asked(-1)",-1,"na, asked",TRUE,
016,K,retreas01,binary,see kretyr01 -> not mentioned(0),0,not mentioned,FALSE,
016,K,retreas01,binary,see kretyr01 -> mentioned(1),1,mentioned,FALSE,
016,K,retreas02,binary,"see kretyr01 -> na, wrong skip(-3)",-3,"na, wrong skip",TRUE,
016,K,retreas02,binary,"see kretyr01 -> na, see KRETIRED(-2)",-2,"na, see KRETIRED",TRUE,
016,K,retreas02,binary,"see kretyr01 -> na, asked(-1)",-1,"na, asked",TRUE,
016,K,retreas02,binary,see kretyr01 -> not mentioned(0),0,not mentioned,FALSE,
016,K,retreas02,binary,see kretyr01 -> mentioned(1),1,mentioned,FALSE,
016,K,retreas03,binary,"see kretyr01 -> na, wrong skip(-3)",-3,"na, wrong skip",TRUE,
016,K,retreas03,binary,"see kretyr01 -> na, see KRETIRED(-2)",-2,"na, see KRETIRED",TRUE,
016,K,retreas03,binary,"see kretyr01 -> na, asked(-1)",-1,"na, asked",TRUE,
016,K,retreas03,binary,see kretyr01 -> not mentioned(0),0,not mentioned,FALSE,
016,K,retreas03,binary,see kretyr01 -> mentioned(1),1,mentioned,FALSE,
016,K,retreas04,binary,"see kretyr01 -> na, wrong skip(-3)",-3,"na, wrong skip",TRUE,
016,K,retreas04,binary,"see kretyr01 -> na, see KRETIRED(-2)",-2,"na, see KRETIRED",TRUE,
016,K,retreas04,binary,"see kretyr01 -> na, asked(-1)",-1,"na, asked",TRUE,
016,K,retreas04,binary,see kretyr01 -> not mentioned(0),0,not mentioned,FALSE,
016,K,retreas04,binary,see kretyr01 -> mentioned(1),1,mentioned,FALSE,
016,K,retreas05,binary,"see kretyr01 -> na, wrong skip(-3)",-3,"na, wrong skip",TRUE,
016,K,retreas05,binary,"see kretyr01 -> na, see KRETIRED(-2)",-2,"na, see KRETIRED",TRUE,
016,K,retreas05,binary,"see kretyr01 -> na, asked(-1)",-1,"na, asked",TRUE,
016,K,retreas05,binary,see kretyr01 -> not mentioned(0),0,not mentioned,FALSE,
016,K,retreas05,binary,see kretyr01 -> mentioned(1),1,mentioned,FALSE,
016,K,retreas06,binary,"see kretyr01 -> na, wrong skip(-3)",-3,"na, wrong skip",TRUE,
016,K,retreas06,binary,"see kretyr01 -> na, see KRETIRED(-2)",-2,"na, see KRETIRED",TRUE,
016,K,retreas06,binary,"see kretyr01 -> na, asked(-1)",-1,"na, asked",TRUE,
016,K,retreas06,binary,see kretyr01 -> not mentioned(0),0,not mentioned,FALSE,
016,K,retreas06,binary,see kretyr01 -> mentioned(1),1,mentioned,FALSE,
016,K,retreas07,binary,"see kretyr01 -> na, wrong skip(-3)",-3,"na, wrong skip",TRUE,
016,K,retreas07,binary,"see kretyr01 -> na, see KRETIRED(-2)",-2,"na, see KRETIRED",TRUE,
016,K,retreas07,binary,"see kretyr01 -> na, asked(-1)",-1,"na, asked",TRUE,
016,K,retreas07,binary,see kretyr01 -> not mentioned(0),0,not mentioned,FALSE,
016,K,retreas07,binary,see kretyr01 -> mentioned(1),1,mentioned,FALSE,
016,K,retreas08,binary,"see kretyr01 -> na, wrong skip(-3)",-3,"na, wrong skip",TRUE,
016,K,retreas08,binary,"see kretyr01 -> na, see KRETIRED(-2)",-2,"na, see KRETIRED",TRUE,
016,K,retreas08,binary,"see kretyr01 -> na, asked(-1)",-1,"na, asked",TRUE,
016,K,retreas08,binary,see kretyr01 -> not mentioned(0),0,not mentioned,FALSE,
016,K,retreas08,binary,see kretyr01 -> mentioned(1),1,mentioned,FALSE,
016,K,retreas09,binary,"see kretyr01 -> na, wrong skip(-3)",-3,"na, wrong skip",TRUE,
016,K,retreas09,binary,"see kretyr01 -> na, see KRETIRED(-2)",-2,"na, see KRETIRED",TRUE,
016,K,retreas09,binary,"see kretyr01 -> na, asked(-1)",-1,"na, asked",TRUE,
016,K,retreas09,binary,see kretyr01 -> not mentioned(0),0,not mentioned,FALSE,
016,K,retreas09,binary,see kretyr01 -> mentioned(1),1,mentioned,FALSE,
016,K,retreas10,binary,"see kretyr01 -> na, wrong skip(-3)",-3,"na, wrong skip",TRUE,
016,K,retreas10,binary,"see kretyr01 -> na, see KRETIRED(-2)",-2,"na, see KRETIRED",TRUE,
016,K,retreas10,binary,"see kretyr01 -> na, asked(-1)",-1,"na, asked",TRUE,
016,K,retreas10,binary,see kretyr01 -> not mentioned(0),0,not mentioned,FALSE,
016,K,retreas10,binary,see kretyr01 -> mentioned(1),1,mentioned,FALSE,
016,K,retreas11,binary,"see kretyr01 -> na, wrong skip(-3)",-3,"na, wrong skip",TRUE,
016,K,retreas11,binary,"see kretyr01 -> na, see KRETIRED(-2)",-2,"na, see KRETIRED",TRUE,
016,K,retreas11,binary,"see kretyr01 -> na, asked(-1)",-1,"na, asked",TRUE,
016,K,retreas11,binary,see kretyr01 -> not mentioned(0),0,not mentioned,FALSE,
016,K,retreas11,binary,see kretyr01 -> mentioned(1),1,mentioned,FALSE,
016,K,retreas12,binary,"see kretyr01 -> na, wrong skip(-3)",-3,"na, wrong skip",TRUE,
016,K,retreas12,binary,"see kretyr01 -> na, see KRETIRED(-2)",-2,"na, see KRETIRED",TRUE,
016,K,retreas12,binary,"see kretyr01 -> na, asked(-1)",-1,"na, asked",TRUE,
016,K,retreas12,binary,see kretyr01 -> not mentioned(0),0,not mentioned,FALSE,
016,K,retreas12,binary,see kretyr01 -> mentioned(1),1,mentioned,FALSE,
016,K,retreas13,binary,"see kretyr01 -> na, wrong skip(-3)",-3,"na, wrong skip",TRUE,
016,K,retreas13,binary,"see kretyr01 -> na, see KRETIRED(-2)",-2,"na, see KRETIRED",TRUE,
016,K,retreas13,binary,"see kretyr01 -> na, asked(-1)",-1,"na, asked",TRUE,
016,K,retreas13,binary,see kretyr01 -> not mentioned(0),0,not mentioned,FALSE,
016,K,retreas13,binary,see kretyr01 -> mentioned(1),1,mentioned,FALSE,
016,K,pjob1,binary,"na, short version(-4)",-4,"na, short version",TRUE,
016,K,pjob1,binary,"na, wrong skip(-3)",-3,"na, wrong skip",TRUE,
016,K,pjob1,binary,no (household) partner(-2),-2,no (household) partner,TRUE,
016,K,pjob1,binary,"na, asked(-1)",-1,"na, asked",TRUE,
016,K,pjob1,binary,no(1),1,no,FALSE,
016,K,pjob1,binary,yes(2),2,yes,FALSE,
016,K,pjobc,categorical,"na, see KPJOB1(-2)",-2,"na, see KPJOB1",TRUE,
016,K,pjobc,categorical,"never had job, unknown before(-1)",-1,"never had job, unknown before",TRUE,
016,K,pjobc,categorical,unknown(0),0,unknown,FALSE,
016,K,pjobc,categorical,"no job, not changed(1)",1,"no job, not changed",FALSE,
016,K,pjobc,categorical,"no job, changed(2)",2,"no job, changed",FALSE,
016,K,pjobc,categorical,"no job, unknown before(3)",3,"no job, unknown before",FALSE,
016,K,pjobc,categorical,"job, not changed(4)",4,"job, not changed",FALSE,
016,K,pjobc,categorical,"job, changed(5)",5,"job, changed",FALSE,
016,K,pjobc,categorical,"job, unknown before(6)",6,"job, unknown before",FALSE,
016,K,pjobs,categorical,"na, wrong skip(-3)",-3,"na, wrong skip",TRUE,
016,K,pjobs,categorical,"na, see KPJOB1(-2)",-2,"na, see KPJOB1",TRUE,
016,K,pjobs,categorical,"na, see KPJOBC(-1)",-1,"na, see KPJOBC",TRUE,
016,K,pjobs,categorical,no(1),1,no,FALSE,
016,K,pjobs,categorical,not sure(2),2,not sure,FALSE,
016,K,pjobs,categorical,yes(3),3,yes,FALSE,
016,K,pjstam,date,na wrong skip(-3),-3,na wrong skip,TRUE,
016,K,pjstam,date,"na, see KPJOBC/S(-2)",-2,"na, see KPJOBC/S",TRUE,
016,K,pjstam,date,"na, asked(-1)",-1,"na, asked",TRUE,
016,K,pjstam,date,see table *B Month -> January(1),1,January,FALSE,
016,K,pjstam,date,see table *B Month -> February(2),2,February,FALSE,
016,K,pjstam,date,see table *B Month -> March(3),3,March,FALSE,
016,K,pjstam,date,see table *B Month -> April(4),4,April,FALSE,
016,K,pjstam,date,see table *B Month -> May(5),5,May,FALSE,
016,K,pjstam,date,see table *B Month -> June(6),6,June,FALSE,
016,K,pjstam,date,see table *B Month -> July(7),7,July,FALSE,
016,K,pjstam,date,see table *B Month -> August(8),8,August,FALSE,
016,K,pjstam,date,see table *B Month -> September(9),9,September,FALSE,
016,K,pjstam,date,see table *B Month -> October(10),10,October,FALSE,
016,K,pjstam,date,see table *B Month -> November(11),11,November,FALSE,
016,K,pjstam,date,see table *B Month -> December(12),12,December,FALSE,
016,K,pjstay,date,"na, wrong skip(-3)",-3,"na, wrong skip",TRUE,
016,K,pjstay,date,"na, see KPJOBC/S(-2)",-2,"na, see KPJOBC/S",TRUE,
016,K,pjstay,date,"na, asked(-1)",-1,"na, asked",TRUE,
016,K,pcjsbc,categorical,"na, wrong skip(-3)",-3,"na, wrong skip",TRUE,
016,K,pcjsbc,categorical,"na, see KPJOBC(-2)",-2,"na, see KPJOBC",TRUE,
016,K,pcjsbc,categorical,"na, asked(-1)",-1,"na, asked",TRUE,
016,K,pjob3,categorical,"na, wrong skip(-3)",-3,"na, wrong skip",TRUE,
016,K,pjob3,categorical,"na, see KPJOBC/S(-2)",-2,"na, see KPJOBC/S",TRUE,
016,K,pjob3,categorical,"na, asked(-1)",-1,"na, asked",TRUE,
016,K,pjob3,categorical,see table *E Job type -> steady job(1),1,steady job,FALSE,
016,K,pjob3,categorical,see table *E Job type -> temporary job with contract(2),2,temporary job with contract,FALSE,
016,K,pjob3,categorical,see table *E Job type -> temporary job via employment agency(3),3,temporary job via employment agency,FALSE,
016,K,pjob3,categorical,see table *E Job type -> self-employed(4),4,self-employed,FALSE,
016,K,pjob3,categorical,see table *E Job type -> free-lance basis(5),5,free-lance basis,FALSE,
016,K,pjob3,categorical,see table *E Job type -> family company(6),6,family company,FALSE,
016,K,pjob3,categorical,see table *E Job type -> other(7),7,other,FALSE,
016,K,pjob3,categorical,see table *E Job type -> 0-hours/stand-by contract(8),8,0-hours/stand-by contract,FALSE,
016,K,pjob3a,ordinal,"na, wrong skip(-3)",-3,"na, wrong skip",TRUE,
016,K,pjob3a,ordinal,"na, see KPJOBC/S(-2)",-2,"na, see KPJOBC/S",TRUE,
016,K,pjob3a,ordinal,"na, asked(-1)",-1,"na, asked",TRUE,
016,K,pjob3a,ordinal,see table *F Skill / Work level -> elementary(1),1,elementary,FALSE,
016,K,pjob3a,ordinal,see table *F Skill / Work level -> low(2),2,low,FALSE,
016,K,pjob3a,ordinal,see table *F Skill / Work level -> medium(3),3,medium,FALSE,
016,K,pjob3a,ordinal,see table *F Skill / Work level -> high(4),4,high,FALSE,
016,K,pjob3a,ordinal,see table *F Skill / Work level -> scientific(5),5,scientific,FALSE,
016,K,pjob4,binary,"na, wrong skip(-3)",-3,"na, wrong skip",TRUE,
016,K,pjob4,binary,"na, see KPJOBC/S(-2)",-2,"na, see KPJOBC/S",TRUE,
016,K,pjob4,binary,"na, asked(-1)",-1,"na, asked",TRUE,
016,K,pjob4,binary,no(1),1,no,FALSE,
016,K,pjob4,binary,yes(2),2,yes,FALSE,
016,K,pjob5,numeric,"na, wrong skip(-3)",-3,"na, wrong skip",TRUE,
016,K,pjob5,numeric,"na, see KPJOB4(-2)",-2,"na, see KPJOB4",TRUE,
016,K,pjob5,numeric,"na, asked(-1)",-1,"na, asked",TRUE,
016,K,pjob5a,binary,"na, wrong skip(-3)",-3,"na, wrong skip",TRUE,
016,K,pjob5a,binary,"na, see KPJOB4(-2)",-2,"na, see KPJOB4",TRUE,
016,K,pjob5a,binary,"na, asked(-1)",-1,"na, asked",TRUE,
016,K,pjob5a,binary,no(1),1,no,FALSE,
016,K,pjob5a,binary,yes(2),2,yes,FALSE,
016,K,pjob5b,binary,"na, wrong skip(-3)",-3,"na, wrong skip",TRUE,
016,K,pjob5b,binary,"na, see KPJOB4(-2)",-2,"na, see KPJOB4",TRUE,
016,K,pjob5b,binary,"na, asked(-1)",-1,"na, asked",TRUE,
016,K,pjob5b,binary,no(1),1,no,FALSE,
016,K,pjob5b,binary,yes(2),2,yes,FALSE,
016,K,pjob6c,numeric,"na, wrong skip(-3)",-3,"na, wrong skip",TRUE,
016,K,pjob6c,numeric,"na, see KPJOB1(-2)",-2,"na, see KPJOB1",TRUE,
016,K,pjob6c,numeric,"na, asked(-1)",-1,"na, asked",TRUE,
016,K,pjob6r,numeric,"na, wrong skip(-3)",-3,"na, wrong skip",TRUE,
016,K,pjob6r,numeric,"na, see KPJOB1(-2)",-2,"na, see KPJOB1",TRUE,
016,K,pjob6r,numeric,"na, asked(-1)",-1,"na, asked",TRUE,
016,K,pjob7,ordinal,"na, wrong skip(-3)",-3,"na, wrong skip",TRUE,
016,K,pjob7,ordinal,"na, see KPJOB1(-2)",-2,"na, see KPJOB1",TRUE,
016,K,pjob7,ordinal,"na, asked(-1)",-1,"na, asked",TRUE,
016,K,pjob7,ordinal,see table *D Job regularity -> regular hours (9 to 5)(1),1,regular hours (9 to 5),FALSE,
016,K,pjob7,ordinal,"see table *D Job regularity -> regular hours, including night/weekend shifts(2)",2,"regular hours, including night/weekend shifts",FALSE,
016,K,pjob7,ordinal,"see table *D Job regularity -> shift work, no weekend shifts(3)",3,"shift work, no weekend shifts",FALSE,
016,K,pjob7,ordinal,"see table *D Job regularity -> shift work, including weekend shifts(4)",4,"shift work, including weekend shifts",FALSE,
016,K,pjob7,ordinal,"see table *D Job regularity -> irregular hours, no weekend shifts(5)",5,"irregular hours, no weekend shifts",FALSE,
016,K,pjob7,ordinal,"see table *D Job regularity -> irregular hours, including weekend shifts(6)",6,"irregular hours, including weekend shifts",FALSE,
016,Z,job1,binary,-5,-5,"not available, interview terminated",TRUE,
016,Z,job1,binary,-4,-4,"not available, short version",TRUE,
016,Z,job1,binary,-1,-1,"not available, asked",TRUE,
016,Z,job1,binary,1,1,no,FALSE,
016,Z,job1,binary,2,2,yes,FALSE,
016,Z,cjsbc92,categorical,-3,-3,"not available, wrong skip",TRUE,
016,Z,cjsbc92,categorical,-2,-2,"not available, routing",TRUE,
016,Z,cjsbc92,categorical,-1,-1,not available,TRUE,"Cross-wave coding conflict: -1 differs for B/C/D/E/2B/F/G (not available, asked), D/E (not available, asked, not classified)"
016,Z,cjsbc92,categorical,0,0,-to be coded-,FALSE,
016,Z,cjclass,categorical,-3,-3,"not available, wrong skip",TRUE,
016,Z,cjclass,categorical,-2,-2,"not available, routing",TRUE,
016,Z,cjclass,categorical,-1,-1,not available,TRUE,"Cross-wave coding conflict: -1 differs for B/C/F/G (not available, asked), D/E (not available, asked, not classified), 2B (unknown)"
016,Z,cjclass,categorical,0,0,-to be coded-,FALSE,
016,Z,cjclass,categorical,11,11,elementary occupations,FALSE,
016,Z,cjclass,categorical,21,21,lower non-specialized occupations,FALSE,
016,Z,cjclass,categorical,22,22,lower teaching & instruction occupations,FALSE,
016,Z,cjclass,categorical,24,24,lower agricultural occupations,FALSE,
016,Z,cjclass,categorical,25,25,lower natural science occupations,FALSE,
016,Z,cjclass,categorical,26,26,lower technical occupations,FALSE,
016,Z,cjclass,categorical,28,28,lower transport occupations,FALSE,
016,Z,cjclass,categorical,29,29,lower (para)medical occupations,FALSE,
016,Z,cjclass,categorical,31,31,lower administrative & commercial occupations,FALSE,
016,Z,cjclass,categorical,33,33,lower security occupations,FALSE,
016,Z,cjclass,categorical,37,37,lower service & care occupations,FALSE,
016,Z,cjclass,categorical,42,42,medium teaching & instruction occupations,FALSE,
016,Z,cjclass,categorical,44,44,medium agricultural occupations,FALSE,
016,Z,cjclass,categorical,45,45,medium natural science occupations,FALSE,
016,Z,cjclass,categorical,46,46,medium technical occupations,FALSE,
016,Z,cjclass,categorical,48,48,medium transport occupations,FALSE,
016,Z,cjclass,categorical,49,49,medium (para)medical occupations,FALSE,
016,Z,cjclass,categorical,51,51,medium administrative & commercial occupations,FALSE,
016,Z,cjclass,categorical,53,53,medium juridical & security occupations,FALSE,
016,Z,cjclass,categorical,55,55,medium linguistic & cultural occupations,FALSE,
016,Z,cjclass,categorical,56,56,medium social occupations,FALSE,
016,Z,cjclass,categorical,57,57,medium service & care occupations,FALSE,
016,Z,cjclass,categorical,62,62,higher pedagogical occupations,FALSE,
016,Z,cjclass,categorical,64,64,higher agricultural occupations,FALSE,
016,Z,cjclass,categorical,65,65,higher natural science occupations,FALSE,
016,Z,cjclass,categorical,66,66,higher technical occupations,FALSE,
016,Z,cjclass,categorical,68,68,higher transport occupations,FALSE,
016,Z,cjclass,categorical,69,69,higher (para)medical occupations,FALSE,
016,Z,cjclass,categorical,71,71,higher administrative & commercial occupations,FALSE,
016,Z,cjclass,categorical,73,73,higher juridical & security occupations,FALSE,
016,Z,cjclass,categorical,75,75,higher linguistic & cultural occupations,FALSE,
016,Z,cjclass,categorical,76,76,higher social occupations,FALSE,
016,Z,cjclass,categorical,77,77,higher service & care occupations,FALSE,
016,Z,cjclass,categorical,78,78,higher managers,FALSE,
016,Z,cjclass,categorical,82,82,scientific pedagogical occupations,FALSE,
016,Z,cjclass,categorical,84,84,scientific agricultural occupations,FALSE,
016,Z,cjclass,categorical,85,85,scientific natural science occupations,FALSE,
016,Z,cjclass,categorical,86,86,scientific technical occupations,FALSE,
016,Z,cjclass,categorical,89,89,scientific (para)medical occupations,FALSE,
016,Z,cjclass,categorical,91,91,scientific administrative & economic occupations,FALSE,
016,Z,cjclass,categorical,93,93,scientific juridical & policy occupations,FALSE,
016,Z,cjclass,categorical,96,96,scientific social occupations,FALSE,
016,Z,cjclass,categorical,98,98,scientific managers,FALSE,
016,Z,cjlevel,ordinal,-3,-3,"not available, wrong skip",TRUE,
016,Z,cjlevel,ordinal,-2,-2,"not available, routing",TRUE,
016,Z,cjlevel,ordinal,-1,-1,not available,TRUE,"Cross-wave coding conflict: -1 differs for B/C/F/G (not available, asked), D/E (not available, asked, not classified), 2B (unknown)"
016,Z,cjlevel,ordinal,0,0,-to be coded-,FALSE,
016,Z,cjlevel,ordinal,1,1,elementary,FALSE,
016,Z,cjlevel,ordinal,2,2,low,FALSE,
016,Z,cjlevel,ordinal,3,3,medium,FALSE,
016,Z,cjlevel,ordinal,4,4,high,FALSE,
016,Z,cjlevel,ordinal,5,5,scientific,FALSE,
016,Z,cjtype,categorical,-3,-3,"not available, wrong skip",TRUE,
016,Z,cjtype,categorical,-2,-2,"not available, routing",TRUE,
016,Z,cjtype,categorical,-1,-1,not available,TRUE,"Cross-wave coding conflict: -1 differs for B/C/F/G (not available, asked), D/E (not available, asked, not classified), 2B (unknown)"
016,Z,cjtype,categorical,0,0,-to be coded-,FALSE,
016,Z,cjtype,categorical,1,1,general,FALSE,
016,Z,cjtype,categorical,2,2,pedagogical,FALSE,
016,Z,cjtype,categorical,4,4,agricultural,FALSE,
016,Z,cjtype,categorical,5,5,natural science,FALSE,
016,Z,cjtype,categorical,6,6,technical,FALSE,
016,Z,cjtype,categorical,8,8,transport,FALSE,
016,Z,cjtype,categorical,9,9,(para)medical,FALSE,
016,Z,cjtype,categorical,11,11,administrative/commercial,FALSE,
016,Z,cjtype,categorical,13,13,juridical/security,FALSE,
016,Z,cjtype,categorical,15,15,cultural/linguistic,FALSE,
016,Z,cjtype,categorical,16,16,social science,FALSE,
016,Z,cjtype,categorical,17,17,care & services,FALSE,
016,Z,cjtype,categorical,18,18,management,FALSE,
016,Z,cjpresi,numeric,-3,-3,"not available, wrong skip",TRUE,
016,Z,cjpresi,numeric,-2,-2,"not available, routing",TRUE,
016,Z,cjpresi,numeric,-1,-1,not available,TRUE,"Cross-wave coding conflict: -1 differs for B/C/F/G (not available, asked), D/E (not available, asked, not classified), 2B (unknown)"
016,Z,cjpresi,numeric,0,0,-to be coded-,FALSE,
016,Z,cjpresi,numeric,13,13,NA,FALSE,
016,Z,cjpresi,numeric,87,87,NA,FALSE,
016,Z,job3,categorical,-3,-3,"not available, wrong skip",TRUE,
016,Z,job3,categorical,-2,-2,"not available, routing",TRUE,
016,Z,job3,categorical,-1,-1,"not available, asked",TRUE,
016,Z,job3,categorical,1,1,steady job,FALSE,
016,Z,job3,categorical,2,2,temporary job with contract,FALSE,
016,Z,job3,categorical,3,3,temporary job via employment agency,FALSE,
016,Z,job3,categorical,4,4,self-employed,FALSE,
016,Z,job3,categorical,5,5,free-lance basis,FALSE,
016,Z,job3,categorical,6,6,family company,FALSE,
016,Z,job3,categorical,7,7,other,FALSE,
016,Z,job3,categorical,8,8,0-hours/stand-by contract,FALSE,
016,Z,job4,binary,-4,-4,"not available, short version",TRUE,
016,Z,job4,binary,-3,-3,"not available, wrong skip",TRUE,
016,Z,job4,binary,-2,-2,"not available, routing",TRUE,
016,Z,job4,binary,-1,-1,"not available, asked",TRUE,
016,Z,job4,binary,0,0,no,FALSE,
016,Z,job4,binary,1,1,binary category 1,FALSE,"Cross-wave coding conflict: 1 differs for B/C/D/E/F/G (yes), H/3B/MB/I/J/K (no)"
016,Z,job4,binary,2,2,yes,FALSE,
016,Z,job5,numeric,-3,-3,"not available, wrong skip",TRUE,
016,Z,job5,numeric,-2,-2,"not available, routing",TRUE,
016,Z,job5,numeric,-1,-1,"not available, asked",TRUE,
016,Z,job5,numeric,98,98,NA,FALSE,
016,Z,job6,numeric,-3,-3,"not available, wrong skip",TRUE,
016,Z,job6,numeric,-2,-2,"not available, routing",TRUE,
016,Z,job6,numeric,-1,-1,"not available, asked",TRUE,
016,Z,job7,categorical,-3,-3,"not available, wrong skip",TRUE,
016,Z,job7,categorical,-2,-2,"not available, routing",TRUE,
016,Z,job7,categorical,-1,-1,"not available, asked",TRUE,
016,Z,job7,categorical,1,1,regular hours (9 to 5),FALSE,
016,Z,job7,categorical,2,2,"regular hours, including night/weekend shifts",FALSE,
016,Z,job7,categorical,3,3,"shift work, no weekend shifts",FALSE,
016,Z,job7,categorical,4,4,"shift work, including weekend shifts",FALSE,
016,Z,job7,categorical,5,5,"irregular hours, no weekend shifts",FALSE,
016,Z,job7,categorical,6,6,"irregular hours, including weekend shifts",FALSE,
016,Z,job8,binary,-4,-4,"no answer, short version",TRUE,
016,Z,job8,binary,-3,-3,"not available, wrong skip",TRUE,
016,Z,job8,binary,-2,-2,"not available, routing",TRUE,
016,Z,job8,binary,-1,-1,"not available, asked",TRUE,
016,Z,job8,binary,0,0,no,FALSE,
016,Z,job8,binary,1,1,yes,FALSE,
016,Z,joblo1,binary,-4,-4,"no answer, short version",TRUE,
016,Z,joblo1,binary,-3,-3,"not available, wrong skip",TRUE,
016,Z,joblo1,binary,-2,-2,"not available, routing",TRUE,
016,Z,joblo1,binary,-1,-1,"not available, asked",TRUE,
016,Z,joblo1,binary,0,0,no,FALSE,
016,Z,joblo1,binary,1,1,yes,FALSE,
016,Z,ljsbc92,categorical,-3,-3,"not available, wrong skip",TRUE,
016,Z,ljsbc92,categorical,-2,-2,"not available, bjob8 & bjoblo1",TRUE,
016,Z,ljsbc92,categorical,-1,-1,"not available, asked",TRUE,
016,Z,ljclass,categorical,-3,-3,"not available, wrong skip",TRUE,
016,Z,ljclass,categorical,-2,-2,"not available, routing",TRUE,
016,Z,ljclass,categorical,-1,-1,"not available, asked",TRUE,
016,Z,ljclass,categorical,11,11,elementary occupations,FALSE,
016,Z,ljclass,categorical,21,21,lower non-specialized occupations,FALSE,
016,Z,ljclass,categorical,22,22,lower teaching & instruction occupations,FALSE,
016,Z,ljclass,categorical,24,24,lower agricultural occupations,FALSE,
016,Z,ljclass,categorical,25,25,lower natural science occupations,FALSE,
016,Z,ljclass,categorical,26,26,lower technical occupations,FALSE,
016,Z,ljclass,categorical,28,28,lower transport occupations,FALSE,
016,Z,ljclass,categorical,29,29,lower (para)medical occupations,FALSE,
016,Z,ljclass,categorical,31,31,lower administrative & commercial occupations,FALSE,
016,Z,ljclass,categorical,33,33,lower security occupations,FALSE,
016,Z,ljclass,categorical,37,37,lower service & care occupations,FALSE,
016,Z,ljclass,categorical,42,42,medium teaching & instruction occupations,FALSE,
016,Z,ljclass,categorical,44,44,medium agricultural occupations,FALSE,
016,Z,ljclass,categorical,45,45,medium natural science occupations,FALSE,
016,Z,ljclass,categorical,46,46,medium technical occupations,FALSE,
016,Z,ljclass,categorical,48,48,medium transport occupations,FALSE,
016,Z,ljclass,categorical,49,49,medium (para)medical occupations,FALSE,
016,Z,ljclass,categorical,51,51,medium administrative & commercial occupations,FALSE,
016,Z,ljclass,categorical,53,53,medium juridical & security occupations,FALSE,
016,Z,ljclass,categorical,55,55,medium linguistic & cultural occupations,FALSE,
016,Z,ljclass,categorical,56,56,medium social occupations,FALSE,
016,Z,ljclass,categorical,57,57,medium service & care occupations,FALSE,
016,Z,ljclass,categorical,62,62,higher pedagogical occupations,FALSE,
016,Z,ljclass,categorical,64,64,higher agricultural occupations,FALSE,
016,Z,ljclass,categorical,65,65,higher natural science occupations,FALSE,
016,Z,ljclass,categorical,66,66,higher technical occupations,FALSE,
016,Z,ljclass,categorical,68,68,higher transport occupations,FALSE,
016,Z,ljclass,categorical,69,69,higher (para)medical occupations,FALSE,
016,Z,ljclass,categorical,71,71,higher administrative & commercial occupations,FALSE,
016,Z,ljclass,categorical,73,73,higher juridical & security occupations,FALSE,
016,Z,ljclass,categorical,75,75,higher linguistic & cultural occupations,FALSE,
016,Z,ljclass,categorical,76,76,higher social occupations,FALSE,
016,Z,ljclass,categorical,77,77,higher service & care occupations,FALSE,
016,Z,ljclass,categorical,78,78,higher managers,FALSE,
016,Z,ljclass,categorical,82,82,scientific pedagogical occupations,FALSE,
016,Z,ljclass,categorical,84,84,scientific agricultural occupations,FALSE,
016,Z,ljclass,categorical,85,85,scientific natural science occupations,FALSE,
016,Z,ljclass,categorical,86,86,scientific technical occupations,FALSE,
016,Z,ljclass,categorical,89,89,scientific (para)medical occupations,FALSE,
016,Z,ljclass,categorical,91,91,scientific administrative & economic occupations,FALSE,
016,Z,ljclass,categorical,93,93,scientific juridical & policy occupations,FALSE,
016,Z,ljclass,categorical,96,96,scientific social occupations,FALSE,
016,Z,ljclass,categorical,98,98,scientific managers,FALSE,
016,Z,ljlevel,ordinal,-3,-3,"not available, wrong skip",TRUE,
016,Z,ljlevel,ordinal,-2,-2,"not available, bjob8 & bjoblo1",TRUE,
016,Z,ljlevel,ordinal,-1,-1,"not available, asked",TRUE,
016,Z,ljlevel,ordinal,1,1,elementary,FALSE,
016,Z,ljlevel,ordinal,2,2,low,FALSE,
016,Z,ljlevel,ordinal,3,3,medium,FALSE,
016,Z,ljlevel,ordinal,4,4,high,FALSE,
016,Z,ljlevel,ordinal,5,5,scientific,FALSE,
016,Z,ljtype,categorical,-3,-3,"not available, wrong skip",TRUE,
016,Z,ljtype,categorical,-2,-2,"not available, routing",TRUE,
016,Z,ljtype,categorical,-1,-1,"not available, asked",TRUE,
016,Z,ljtype,categorical,1,1,general,FALSE,
016,Z,ljtype,categorical,2,2,pedagogical,FALSE,
016,Z,ljtype,categorical,4,4,agricultural,FALSE,
016,Z,ljtype,categorical,5,5,natural science,FALSE,
016,Z,ljtype,categorical,6,6,technical,FALSE,
016,Z,ljtype,categorical,8,8,transport,FALSE,
016,Z,ljtype,categorical,9,9,(para)medical,FALSE,
016,Z,ljtype,categorical,11,11,administrative/commercial,FALSE,
016,Z,ljtype,categorical,13,13,juridical/security,FALSE,
016,Z,ljtype,categorical,15,15,cultural/linguistic,FALSE,
016,Z,ljtype,categorical,16,16,social science,FALSE,
016,Z,ljtype,categorical,17,17,care & services,FALSE,
016,Z,ljtype,categorical,18,18,management,FALSE,
016,Z,ljpresi,numeric,-3,-3,"not available, wrong skip",TRUE,
016,Z,ljpresi,numeric,-2,-2,"not available, routing",TRUE,
016,Z,ljpresi,numeric,-1,-1,"not available, asked",TRUE,
016,Z,ljpresi,numeric,13,13,NA,FALSE,
016,Z,ljpresi,numeric,87,87,NA,FALSE,
016,Z,joblo3,categorical,-3,-3,"not available, wrong skip",TRUE,
016,Z,joblo3,categorical,-2,-2,"not available, routing",TRUE,
016,Z,joblo3,categorical,-1,-1,"not available, asked",TRUE,
016,Z,joblo3,categorical,1,1,steady job,FALSE,
016,Z,joblo3,categorical,2,2,temporary job with contract,FALSE,
016,Z,joblo3,categorical,3,3,temporary job via employment agency,FALSE,
016,Z,joblo3,categorical,4,4,self-employed,FALSE,
016,Z,joblo3,categorical,5,5,free-lance basis,FALSE,
016,Z,joblo3,categorical,6,6,family company,FALSE,
016,Z,joblo3,categorical,7,7,other,FALSE,
016,Z,joblo4,binary,-4,-4,"no answer, short version",TRUE,
016,Z,joblo4,binary,-3,-3,"not available, wrong skip",TRUE,
016,Z,joblo4,binary,-2,-2,"not available, bjob8 & bjoblo1",TRUE,
016,Z,joblo4,binary,-1,-1,"not available, asked",TRUE,
016,Z,joblo4,binary,0,0,no,FALSE,
016,Z,joblo4,binary,1,1,yes,FALSE,
016,Z,joblo5,numeric,-3,-3,"not available, wrong skip",TRUE,
016,Z,joblo5,numeric,-2,-2,"not available, routing",TRUE,
016,Z,joblo5,numeric,-1,-1,"not available, asked",TRUE,
016,Z,joblo5,numeric,98,98,NA,FALSE,
016,Z,joblo6,numeric,-3,-3,"not available, wrong skip",TRUE,
016,Z,joblo6,numeric,-2,-2,"not available, routing",TRUE,
016,Z,joblo6,numeric,-1,-1,"not available, asked",TRUE,
016,Z,joblo7,categorical,-3,-3,"not available, wrong skip",TRUE,
016,Z,joblo7,categorical,-2,-2,"not available, routing",TRUE,
016,Z,joblo7,categorical,-1,-1,"not available, asked",TRUE,
016,Z,joblo7,categorical,1,1,regular hours (9 to 5),FALSE,
016,Z,joblo7,categorical,2,2,"regular hours, including night/weekend shifts",FALSE,
016,Z,joblo7,categorical,3,3,"shift work, no weekend shifts",FALSE,
016,Z,joblo7,categorical,4,4,"shift work, including weekend shifts",FALSE,
016,Z,joblo7,categorical,5,5,"irregular hours, no weekend shifts",FALSE,
016,Z,joblo7,categorical,6,6,"irregular hours, including weekend shifts",FALSE,
016,Z,jobmon,date,-5,-5,"no answer, info nestor",TRUE,
016,Z,jobmon,date,-3,-3,"not available, wrong skip",TRUE,
016,Z,jobmon,date,-2,-2,"not available, routing",TRUE,
016,Z,jobmon,date,-1,-1,do not know,TRUE,
016,Z,jobmon,date,1,1,january,FALSE,
016,Z,jobmon,date,2,2,february,FALSE,
016,Z,jobmon,date,3,3,march,FALSE,
016,Z,jobmon,date,4,4,april,FALSE,
016,Z,jobmon,date,5,5,may,FALSE,
016,Z,jobmon,date,6,6,june,FALSE,
016,Z,jobmon,date,7,7,july,FALSE,
016,Z,jobmon,date,8,8,august,FALSE,
016,Z,jobmon,date,9,9,september,FALSE,
016,Z,jobmon,date,10,10,october,FALSE,
016,Z,jobmon,date,11,11,november,FALSE,
016,Z,jobmon,date,12,12,december,FALSE,
016,Z,jobyear,date,-5,-5,"no answer, info nestor",TRUE,
016,Z,jobyear,date,-3,-3,"not available, wrong skip",TRUE,
016,Z,jobyear,date,-2,-2,"not available, routing",TRUE,
016,Z,jobyear,date,-1,-1,"not available, asked",TRUE,
016,Z,jobyear,date,0,0,do not know,FALSE,
016,Z,employ,binary,-5,-5,"not available, above age threshold",TRUE,
016,Z,employ,binary,-4,-4,"no answer, short version",TRUE,
016,Z,employ,binary,-3,-3,"not available, wrong skip",TRUE,
016,Z,employ,binary,-2,-2,"not available, routing",TRUE,
016,Z,employ,binary,-1,-1,"not available, asked",TRUE,
016,Z,employ,binary,0,0,no,FALSE,
016,Z,employ,binary,1,1,binary category 1,FALSE,"Cross-wave coding conflict: 1 differs for B (yes), C/D/E/2B/F/G/H/3B/MB/I/J/K (no)"
016,Z,employ,binary,2,2,yes,FALSE,
016,Z,disabl,binary,-5,-5,"not available, above age threshold",TRUE,
016,Z,disabl,binary,-4,-4,"no answer, short version",TRUE,
016,Z,disabl,binary,-3,-3,"not available, wrong skip",TRUE,
016,Z,disabl,binary,-2,-2,"not available, routing",TRUE,
016,Z,disabl,binary,-1,-1,"not available, asked",TRUE,
016,Z,disabl,binary,0,0,no,FALSE,
016,Z,disabl,binary,1,1,binary category 1,FALSE,"Cross-wave coding conflict: 1 differs for B (yes), C/D/E/2B/F/G/H/3B/MB/I/J/K (no)"
016,Z,disabl,binary,2,2,yes,FALSE,
016,Z,disablp,numeric,-3,-3,not available,TRUE,"Cross-wave coding conflict: -3 differs for B (not available, wrong skip), MB (not available, refused), J/K (refused)"
016,Z,disablp,numeric,-2,-2,"not available, routing",TRUE,
016,Z,disablp,numeric,-1,-1,not available,TRUE,"Cross-wave coding conflict: -1 differs for B (do not know), C/D/E/2B/F/G/H/3B/MB/I/J/K (not available, asked)"
016,Z,retired,categorical,-5,-5,"not available, above age threshold",TRUE,
016,Z,retired,categorical,-3,-3,"not available, wrong skip",TRUE,
016,Z,retired,categorical,-2,-2,"not available, routing",TRUE,
016,Z,retired,categorical,-1,-1,not available,TRUE,"Cross-wave coding conflict: -1 differs for B/C/D/E/2B/F/G/H/3B/MB/I (not available, asked), J/K (not available, not applicable)"
016,Z,retired,categorical,0,0,no,FALSE,
016,Z,retired,categorical,1,1,category 1,FALSE,"Cross-wave coding conflict: 1 differs for B (yes, partly), C/D/E/2B/F/G/H/3B/MB/I/J/K (no)"
016,Z,retired,categorical,2,2,category 2,FALSE,"Cross-wave coding conflict: 2 differs for B (yes, completely), C/D/E/2B/F/G/H/3B/MB/I/J/K (yes, partly)"
016,Z,retired,categorical,3,3,"yes, completely",FALSE,
016,Z,retifut,binary,-4,-4,"no answer, short version",TRUE,
016,Z,retifut,binary,-3,-3,"not available, wrong skip",TRUE,
016,Z,retifut,binary,-2,-2,"not available, routing",TRUE,
016,Z,retifut,binary,-1,-1,"not available, asked",TRUE,
016,Z,retifut,binary,0,0,no,FALSE,
016,Z,retifut,binary,1,1,binary category 1,FALSE,"Cross-wave coding conflict: 1 differs for B (yes), C/D/E/2B/F/G/H (no)"
016,Z,retifut,binary,2,2,yes,FALSE,
016,Z,retirf1,binary,-4,-4,"no answer, short version",TRUE,
016,Z,retirf1,binary,-3,-3,"not available, wrong skip",TRUE,
016,Z,retirf1,binary,-2,-2,"not available, routing",TRUE,
016,Z,retirf1,binary,-1,-1,"not available, asked",TRUE,
016,Z,retirf1,binary,0,0,not mentioned,FALSE,
016,Z,retirf1,binary,1,1,mentioned,FALSE,
016,Z,retirf2,binary,-4,-4,"no answer, short version",TRUE,
016,Z,retirf2,binary,-3,-3,"not available, wrong skip",TRUE,
016,Z,retirf2,binary,-2,-2,"not available, routing",TRUE,
016,Z,retirf2,binary,-1,-1,"not available, asked",TRUE,
016,Z,retirf2,binary,0,0,not mentioned,FALSE,
016,Z,retirf2,binary,1,1,mentioned,FALSE,
016,Z,retirf3,binary,-4,-4,"no answer, short version",TRUE,
016,Z,retirf3,binary,-3,-3,"not available, wrong skip",TRUE,
016,Z,retirf3,binary,-2,-2,"not available, routing",TRUE,
016,Z,retirf3,binary,-1,-1,"not available, asked",TRUE,
016,Z,retirf3,binary,0,0,not mentioned,FALSE,
016,Z,retirf3,binary,1,1,mentioned,FALSE,
016,Z,retirf4,binary,-4,-4,"no answer, short version",TRUE,
016,Z,retirf4,binary,-3,-3,"not available, wrong skip",TRUE,
016,Z,retirf4,binary,-2,-2,"not available, routing",TRUE,
016,Z,retirf4,binary,-1,-1,"not available, asked",TRUE,
016,Z,retirf4,binary,0,0,not mentioned,FALSE,
016,Z,retirf4,binary,1,1,mentioned,FALSE,
016,Z,retirf5,binary,-4,-4,"no answer, short version",TRUE,
016,Z,retirf5,binary,-3,-3,"not available, wrong skip",TRUE,
016,Z,retirf5,binary,-2,-2,"not available, routing",TRUE,
016,Z,retirf5,binary,-1,-1,"not available, asked",TRUE,
016,Z,retirf5,binary,0,0,not mentioned,FALSE,
016,Z,retirf5,binary,1,1,mentioned,FALSE,
016,Z,retirf6,binary,-4,-4,"no answer, short version",TRUE,
016,Z,retirf6,binary,-3,-3,"not available, wrong skip",TRUE,
016,Z,retirf6,binary,-2,-2,"not available, routing",TRUE,
016,Z,retirf6,binary,-1,-1,"not available, asked",TRUE,
016,Z,retirf6,binary,0,0,not mentioned,FALSE,
016,Z,retirf6,binary,1,1,mentioned,FALSE,
016,Z,jobc,categorical,-2,-2,"not available, routing",TRUE,
016,Z,jobc,categorical,-1,-1,"never had job, unknown before",TRUE,
016,Z,jobc,categorical,0,0,unknown,FALSE,
016,Z,jobc,categorical,1,1,"no job, not changed",FALSE,
016,Z,jobc,categorical,2,2,"no job, changed",FALSE,
016,Z,jobc,categorical,3,3,"no job, unknown before",FALSE,
016,Z,jobc,categorical,4,4,"job, not changed",FALSE,
016,Z,jobc,categorical,5,5,"job, changed",FALSE,
016,Z,jobc,categorical,6,6,"job, unknown before",FALSE,
016,Z,jobstam,date,-3,-3,"not available, wrong skip",TRUE,
016,Z,jobstam,date,-2,-2,"not available, routing",TRUE,
016,Z,jobstam,date,-1,-1,"not available, asked",TRUE,
016,Z,jobstam,date,1,1,january,FALSE,
016,Z,jobstam,date,2,2,february,FALSE,
016,Z,jobstam,date,3,3,march,FALSE,
016,Z,jobstam,date,4,4,april,FALSE,
016,Z,jobstam,date,5,5,may,FALSE,
016,Z,jobstam,date,6,6,june,FALSE,
016,Z,jobstam,date,7,7,july,FALSE,
016,Z,jobstam,date,8,8,august,FALSE,
016,Z,jobstam,date,9,9,september,FALSE,
016,Z,jobstam,date,10,10,october,FALSE,
016,Z,jobstam,date,11,11,november,FALSE,
016,Z,jobstam,date,12,12,december,FALSE,
016,Z,jobstay,date,-3,-3,"not available, wrong skip",TRUE,
016,Z,jobstay,date,-2,-2,"not available, routing",TRUE,
016,Z,jobstay,date,-1,-1,"not available, asked",TRUE,
016,Z,jobstom,date,-3,-3,"not available, wrong skip",TRUE,
016,Z,jobstom,date,-2,-2,"not available, routing",TRUE,
016,Z,jobstom,date,-1,-1,"not available, asked",TRUE,
016,Z,jobstom,date,1,1,january,FALSE,
016,Z,jobstom,date,2,2,february,FALSE,
016,Z,jobstom,date,3,3,march,FALSE,
016,Z,jobstom,date,4,4,april,FALSE,
016,Z,jobstom,date,5,5,may,FALSE,
016,Z,jobstom,date,6,6,june,FALSE,
016,Z,jobstom,date,7,7,july,FALSE,
016,Z,jobstom,date,8,8,august,FALSE,
016,Z,jobstom,date,9,9,september,FALSE,
016,Z,jobstom,date,10,10,october,FALSE,
016,Z,jobstom,date,11,11,november,FALSE,
016,Z,jobstom,date,12,12,december,FALSE,
016,Z,jobstoy,date,-3,-3,"not available, wrong skip",TRUE,
016,Z,jobstoy,date,-2,-2,"not available, routing",TRUE,
016,Z,jobstoy,date,-1,-1,"not available, asked",TRUE,
016,Z,retivol,categorical,-5,-5,"not available, above age threshold",TRUE,
016,Z,retivol,categorical,-3,-3,"not available, wrong skip",TRUE,
016,Z,retivol,categorical,-2,-2,"not available, routing",TRUE,
016,Z,retivol,categorical,-1,-1,"not available, asked",TRUE,
016,Z,retivol,categorical,1,1,category 1,FALSE,"Cross-wave coding conflict: 1 differs for G/H/3B/MB/I (no, not retired), J/K (yes)"
016,Z,retivol,categorical,2,2,category 2,FALSE,"Cross-wave coding conflict: 2 differs for G/H/3B/MB/I (yes, retired entirely voluntarily), J/K (no, not (entirely) voluntarily)"
016,Z,retivol,categorical,3,3,"yes, retired but not entirely voluntarily",FALSE,
016,Z,jobl1,binary,-3,-3,"not available, wrong skip",TRUE,
016,Z,jobl1,binary,-2,-2,"not available, routing",TRUE,
016,Z,jobl1,binary,-1,-1,"not available, asked",TRUE,
016,Z,jobl1,binary,1,1,no,FALSE,
016,Z,jobl1,binary,2,2,yes,FALSE,
016,Z,rlsbc92,categorical,-3,-3,"not available, wrong skip",TRUE,
016,Z,rlsbc92,categorical,-2,-2,"not available, routing",TRUE,
016,Z,rlsbc92,categorical,-1,-1,"not available, asked",TRUE,
016,Z,rlsbc92,categorical,0,0,-to be coded-,FALSE,
016,Z,rlclass,categorical,-3,-3,"not available, wrong skip",TRUE,
016,Z,rlclass,categorical,-2,-2,"not available, routing",TRUE,
016,Z,rlclass,categorical,-1,-1,unknown,TRUE,
016,Z,rlclass,categorical,0,0,-to be coded-,FALSE,
016,Z,rlclass,categorical,11,11,elementary occupations,FALSE,
016,Z,rlclass,categorical,21,21,lower non-specialized occupations,FALSE,
016,Z,rlclass,categorical,22,22,lower teaching & instruction occupations,FALSE,
016,Z,rlclass,categorical,24,24,lower agricultural occupations,FALSE,
016,Z,rlclass,categorical,25,25,lower natural science occupations,FALSE,
016,Z,rlclass,categorical,26,26,lower technical occupations,FALSE,
016,Z,rlclass,categorical,28,28,lower transport occupations,FALSE,
016,Z,rlclass,categorical,29,29,lower (para)medical occupations,FALSE,
016,Z,rlclass,categorical,31,31,lower administrative & commercial occupations,FALSE,
016,Z,rlclass,categorical,33,33,lower security occupations,FALSE,
016,Z,rlclass,categorical,37,37,lower service & care occupations,FALSE,
016,Z,rlclass,categorical,42,42,medium teaching & instruction occupations,FALSE,
016,Z,rlclass,categorical,44,44,medium agricultural occupations,FALSE,
016,Z,rlclass,categorical,45,45,medium natural science occupations,FALSE,
016,Z,rlclass,categorical,46,46,medium technical occupations,FALSE,
016,Z,rlclass,categorical,48,48,medium transport occupations,FALSE,
016,Z,rlclass,categorical,49,49,medium (para)medical occupations,FALSE,
016,Z,rlclass,categorical,51,51,medium administrative & commercial occupations,FALSE,
016,Z,rlclass,categorical,53,53,medium juridical & security occupations,FALSE,
016,Z,rlclass,categorical,55,55,medium linguistic & cultural occupations,FALSE,
016,Z,rlclass,categorical,56,56,medium social occupations,FALSE,
016,Z,rlclass,categorical,57,57,medium service & care occupations,FALSE,
016,Z,rlclass,categorical,62,62,higher pedagogical occupations,FALSE,
016,Z,rlclass,categorical,64,64,higher agricultural occupations,FALSE,
016,Z,rlclass,categorical,65,65,higher natural science occupations,FALSE,
016,Z,rlclass,categorical,66,66,higher technical occupations,FALSE,
016,Z,rlclass,categorical,68,68,higher transport occupations,FALSE,
016,Z,rlclass,categorical,69,69,higher (para)medical occupations,FALSE,
016,Z,rlclass,categorical,71,71,higher administrative & commercial occupations,FALSE,
016,Z,rlclass,categorical,73,73,higher juridical & security occupations,FALSE,
016,Z,rlclass,categorical,75,75,higher linguistic & cultural occupations,FALSE,
016,Z,rlclass,categorical,76,76,higher social occupations,FALSE,
016,Z,rlclass,categorical,77,77,higher service & care occupations,FALSE,
016,Z,rlclass,categorical,78,78,higher managers,FALSE,
016,Z,rlclass,categorical,82,82,scientific pedagogical occupations,FALSE,
016,Z,rlclass,categorical,84,84,scientific agricultural occupations,FALSE,
016,Z,rlclass,categorical,85,85,scientific natural science occupations,FALSE,
016,Z,rlclass,categorical,86,86,scientific technical occupations,FALSE,
016,Z,rlclass,categorical,89,89,scientific (para)medical occupations,FALSE,
016,Z,rlclass,categorical,91,91,scientific administrative & economic occupations,FALSE,
016,Z,rlclass,categorical,93,93,scientific juridical & policy occupations,FALSE,
016,Z,rlclass,categorical,96,96,scientific social occupations,FALSE,
016,Z,rlclass,categorical,98,98,scientific managers,FALSE,
016,Z,rllevel,ordinal,-3,-3,"not available, wrong skip",TRUE,
016,Z,rllevel,ordinal,-2,-2,"not available, routing",TRUE,
016,Z,rllevel,ordinal,-1,-1,unknown,TRUE,
016,Z,rllevel,ordinal,0,0,-to be coded-,FALSE,
016,Z,rllevel,ordinal,1,1,elementary,FALSE,
016,Z,rllevel,ordinal,2,2,low,FALSE,
016,Z,rllevel,ordinal,3,3,medium,FALSE,
016,Z,rllevel,ordinal,4,4,high,FALSE,
016,Z,rllevel,ordinal,5,5,scientific,FALSE,
016,Z,rltype,categorical,-3,-3,"not available, wrong skip",TRUE,
016,Z,rltype,categorical,-2,-2,"not available, routing",TRUE,
016,Z,rltype,categorical,-1,-1,unknown,TRUE,
016,Z,rltype,categorical,0,0,-to be coded-,FALSE,
016,Z,rltype,categorical,1,1,general,FALSE,
016,Z,rltype,categorical,2,2,pedagogical,FALSE,
016,Z,rltype,categorical,4,4,agricultural,FALSE,
016,Z,rltype,categorical,5,5,natural science,FALSE,
016,Z,rltype,categorical,6,6,technical,FALSE,
016,Z,rltype,categorical,8,8,transport,FALSE,
016,Z,rltype,categorical,9,9,(para)medical,FALSE,
016,Z,rltype,categorical,11,11,administrative/commercial,FALSE,
016,Z,rltype,categorical,13,13,juridical/security,FALSE,
016,Z,rltype,categorical,15,15,cultural/linguistic,FALSE,
016,Z,rltype,categorical,16,16,social science,FALSE,
016,Z,rltype,categorical,17,17,care & services,FALSE,
016,Z,rltype,categorical,18,18,management,FALSE,
016,Z,rlpresi,numeric,-3,-3,"not available, wrong skip",TRUE,
016,Z,rlpresi,numeric,-2,-2,"not available, routing",TRUE,
016,Z,rlpresi,numeric,-1,-1,unknown,TRUE,
016,Z,rlpresi,numeric,0,0,-to be coded-,FALSE,
016,Z,rlpresi,numeric,13,13,NA,FALSE,
016,Z,rlpresi,numeric,87,87,NA,FALSE,
016,Z,jobl6,numeric,-3,-3,"not available, wrong skip",TRUE,
016,Z,jobl6,numeric,-2,-2,"not available, routing",TRUE,
016,Z,jobl6,numeric,-1,-1,"not available, asked",TRUE,
016,Z,work65,ordinal,-3,-3,"not available, wrong skip",TRUE,
016,Z,work65,ordinal,-2,-2,"not available, routing",TRUE,
016,Z,work65,ordinal,-1,-1,"not available, asked",TRUE,
016,Z,work65,ordinal,1,1,"no, i do not think so",FALSE,
016,Z,work65,ordinal,2,2,i am sometimes not sure about this,FALSE,
016,Z,work65,ordinal,3,3,"yes, i do think so",FALSE,
016,Z,retfin,binary,-3,-3,"not available, wrong skip",TRUE,
016,Z,retfin,binary,-2,-2,"not available, routing",TRUE,
016,Z,retfin,binary,-1,-1,"not available, asked",TRUE,
016,Z,retfin,binary,1,1,no,FALSE,
016,Z,retfin,binary,2,2,yes,FALSE,
016,Z,retyr,categorical,-3,-3,"not available, wrong skip",TRUE,
016,Z,retyr,categorical,-2,-2,"not available, routing",TRUE,
016,Z,retyr,categorical,-1,-1,"not available, asked",TRUE,
016,Z,retyr,categorical,1,1,stress and pressure of work too high,FALSE,
016,Z,retyr,categorical,2,2,reason category 2,FALSE,"Cross-wave coding conflict: 2 differs for 2B/3B (physically too heavy), J (other work related factors (organisational changes/conflicts))"
016,Z,retyr,categorical,3,3,reason category 3,FALSE,"Cross-wave coding conflict: 3 differs for 2B/3B (health complaints too hampering), J (physically too demanding)"
016,Z,retyr,categorical,4,4,reason category 4,FALSE,"Cross-wave coding conflict: 4 differs for 2B/3B (not motivated anymore), J (health complaints too limiting)"
016,Z,retyr,categorical,5,5,reason category 5,FALSE,"Cross-wave coding conflict: 5 differs for 2B/3B (nicer to spend more time on private life), J (afraid of deterioration of health)"
016,Z,retyr,categorical,6,6,reason category 6,FALSE,"Cross-wave coding conflict: 6 differs for 2B/3B (not possible anymore in the future), J (not motivated anymore/lost interest)"
016,Z,retyr,categorical,7,7,reason category 7,FALSE,"Cross-wave coding conflict: 7 differs for 2B/3B (other reason), J (more enjoyable to spend more time on private life)"
016,Z,retyr,categorical,8,8,enjoy life as long as health permits,FALSE,
016,Z,retyr,categorical,9,9,not possible anymore in the future,FALSE,
016,Z,retyr,categorical,10,10,other reason,FALSE,
016,Z,retyr,categorical,11,11,"more freedom, less obligations",FALSE,
016,Z,retyr,categorical,12,12,family related factors,FALSE,
016,Z,retyr,categorical,13,13,partner is retired/is going to retire,FALSE,
016,Z,retyr,categorical,14,14,commute is burdensome,FALSE,
016,Z,retnfr,categorical,-3,-3,"not available, wrong skip",TRUE,
016,Z,retnfr,categorical,-2,-2,"not available, routing",TRUE,
016,Z,retnfr,categorical,-1,-1,"not available, asked",TRUE,
016,Z,retnfr,categorical,1,1,enough challenges at work,FALSE,
016,Z,retnfr,categorical,2,2,maintain social contacts,FALSE,
016,Z,retnfr,categorical,3,3,other pastime less pleasant,FALSE,
016,Z,retnfr,categorical,4,4,reason category 4,FALSE,"Cross-wave coding conflict: 4 differs for 2B (financially more favourable), 3B (no possibility for early retirement)"
016,Z,retnfr,categorical,5,5,reason category 5,FALSE,"Cross-wave coding conflict: 5 differs for 2B (other reason), 3B (financially more favourable)"
016,Z,retnfr,categorical,6,6,should work on to have adequate pension,FALSE,
016,Z,retnfr,categorical,7,7,other reason,FALSE,
016,Z,nretr,categorical,-3,-3,"not available, wrong skip",TRUE,
016,Z,nretr,categorical,-2,-2,"not available, routing",TRUE,
016,Z,nretr,categorical,-1,-1,"not available, asked",TRUE,
016,Z,nretr,categorical,1,1,enough challenges at work,FALSE,
016,Z,nretr,categorical,2,2,reason category 2,FALSE,"Cross-wave coding conflict: 2 differs for 2B/3B (maintain social contacts), J (maintain social contacts at work)"
016,Z,nretr,categorical,3,3,reason category 3,FALSE,"Cross-wave coding conflict: 3 differs for 2B/3B (other pastime less pleasant), J (other pastimes less pleasant than work)"
016,Z,nretr,categorical,4,4,reason category 4,FALSE,"Cross-wave coding conflict: 4 differs for 2B/J (financially more favourable), 3B (no possibility for early retirement)"
016,Z,nretr,categorical,5,5,reason category 5,FALSE,"Cross-wave coding conflict: 5 differs for 2B (other reason), 3B (financially more favourable), J (continue working after retirement age in same job)"
016,Z,nretr,categorical,6,6,reason category 6,FALSE,"Cross-wave coding conflict: 6 differs for 3B (should work on to have adequate pension), J (continue working after retirement age in new job)"
016,Z,nretr,categorical,7,7,other reason,FALSE,
016,Z,nretr,categorical,8,8,partner is still working,FALSE,
016,Z,nretr,categorical,9,9,loyalty towards employer/colleagues,FALSE,
016,Z,retreas,categorical,-3,-3,"not available, wrong skip",TRUE,
016,Z,retreas,categorical,-2,-2,"not available, routing",TRUE,
016,Z,retreas,categorical,-1,-1,"not available, asked",TRUE,
016,Z,retreas,categorical,1,1,stress and pressure of work too high,FALSE,
016,Z,retreas,categorical,2,2,reason category 2,FALSE,"Cross-wave coding conflict: 2 differs for 2B/3B (physically too heavy), J (other work related factors (organisational changes/conflicts))"
016,Z,retreas,categorical,3,3,reason category 3,FALSE,"Cross-wave coding conflict: 3 differs for 2B/3B (health complaints too hampering), J (physically too heavy)"
016,Z,retreas,categorical,4,4,reason category 4,FALSE,"Cross-wave coding conflict: 4 differs for 2B/3B (not motivated anymore), J (health complaints too hampering)"
016,Z,retreas,categorical,5,5,reason category 5,FALSE,"Cross-wave coding conflict: 5 differs for 2B/3B (nicer to spend more time on private life), J (afraid of deterioration of health)"
016,Z,retreas,categorical,6,6,reason category 6,FALSE,"Cross-wave coding conflict: 6 differs for 2B/3B (not possible anymore in the future), J (not motivated anymore/lost interest)"
016,Z,retreas,categorical,7,7,reason category 7,FALSE,"Cross-wave coding conflict: 7 differs for 2B/3B (other reason), J (more enjoyable to spend more time on private life)"
016,Z,retreas,categorical,8,8,enjoy life as long as health permits,FALSE,
016,Z,retreas,categorical,9,9,not possible anymore in the future,FALSE,
016,Z,retreas,categorical,10,10,other reason,FALSE,
016,Z,retreas,categorical,11,11,reached official retirement age,FALSE,
016,Z,retreas,categorical,12,12,financial benefit,FALSE,
016,Z,retreas,categorical,13,13,more time needed for activities outside work,FALSE,
016,Z,flsbc92,categorical,-5,-5,"not available, interview terminated",TRUE,
016,Z,flsbc92,categorical,-3,-3,"not available, wrong skip",TRUE,
016,Z,flsbc92,categorical,-1,-1,"not available, asked",TRUE,
016,Z,flsbc92,categorical,0,0,-to be coded-,FALSE,
016,Z,flclass,categorical,-3,-3,"not available, wrong skip",TRUE,
016,Z,flclass,categorical,-2,-2,"not available, routing",TRUE,
016,Z,flclass,categorical,-1,-1,unknown,TRUE,
016,Z,flclass,categorical,0,0,-to be coded-,FALSE,
016,Z,flclass,categorical,11,11,elementary occupations,FALSE,
016,Z,flclass,categorical,21,21,lower non-specialized occupations,FALSE,
016,Z,flclass,categorical,22,22,lower teaching & instruction occupations,FALSE,
016,Z,flclass,categorical,24,24,lower agricultural occupations,FALSE,
016,Z,flclass,categorical,25,25,lower natural science occupations,FALSE,
016,Z,flclass,categorical,26,26,lower technical occupations,FALSE,
016,Z,flclass,categorical,28,28,lower transport occupations,FALSE,
016,Z,flclass,categorical,29,29,lower (para)medical occupations,FALSE,
016,Z,flclass,categorical,31,31,lower administrative & commercial occupations,FALSE,
016,Z,flclass,categorical,33,33,lower security occupations,FALSE,
016,Z,flclass,categorical,37,37,lower service & care occupations,FALSE,
016,Z,flclass,categorical,42,42,medium teaching & instruction occupations,FALSE,
016,Z,flclass,categorical,44,44,medium agricultural occupations,FALSE,
016,Z,flclass,categorical,45,45,medium natural science occupations,FALSE,
016,Z,flclass,categorical,46,46,medium technical occupations,FALSE,
016,Z,flclass,categorical,48,48,medium transport occupations,FALSE,
016,Z,flclass,categorical,49,49,medium (para)medical occupations,FALSE,
016,Z,flclass,categorical,51,51,medium administrative & commercial occupations,FALSE,
016,Z,flclass,categorical,53,53,medium juridical & security occupations,FALSE,
016,Z,flclass,categorical,55,55,medium linguistic & cultural occupations,FALSE,
016,Z,flclass,categorical,56,56,medium social occupations,FALSE,
016,Z,flclass,categorical,57,57,medium service & care occupations,FALSE,
016,Z,flclass,categorical,62,62,higher pedagogical occupations,FALSE,
016,Z,flclass,categorical,64,64,higher agricultural occupations,FALSE,
016,Z,flclass,categorical,65,65,higher natural science occupations,FALSE,
016,Z,flclass,categorical,66,66,higher technical occupations,FALSE,
016,Z,flclass,categorical,68,68,higher transport occupations,FALSE,
016,Z,flclass,categorical,69,69,higher (para)medical occupations,FALSE,
016,Z,flclass,categorical,71,71,higher administrative & commercial occupations,FALSE,
016,Z,flclass,categorical,73,73,higher juridical & security occupations,FALSE,
016,Z,flclass,categorical,75,75,higher linguistic & cultural occupations,FALSE,
016,Z,flclass,categorical,76,76,higher social occupations,FALSE,
016,Z,flclass,categorical,77,77,higher service & care occupations,FALSE,
016,Z,flclass,categorical,78,78,higher managers,FALSE,
016,Z,flclass,categorical,82,82,scientific pedagogical occupations,FALSE,
016,Z,flclass,categorical,84,84,scientific agricultural occupations,FALSE,
016,Z,flclass,categorical,85,85,scientific natural science occupations,FALSE,
016,Z,flclass,categorical,86,86,scientific technical occupations,FALSE,
016,Z,flclass,categorical,89,89,scientific (para)medical occupations,FALSE,
016,Z,flclass,categorical,91,91,scientific administrative & economic occupations,FALSE,
016,Z,flclass,categorical,93,93,scientific juridical & policy occupations,FALSE,
016,Z,flclass,categorical,96,96,scientific social occupations,FALSE,
016,Z,flclass,categorical,98,98,scientific managers,FALSE,
016,Z,fllevel,ordinal,-3,-3,"not available, wrong skip",TRUE,
016,Z,fllevel,ordinal,-2,-2,"not available, routing",TRUE,
016,Z,fllevel,ordinal,-1,-1,unknown,TRUE,
016,Z,fllevel,ordinal,0,0,-to be coded-,FALSE,
016,Z,fllevel,ordinal,1,1,elementary,FALSE,
016,Z,fllevel,ordinal,2,2,low,FALSE,
016,Z,fllevel,ordinal,3,3,medium,FALSE,
016,Z,fllevel,ordinal,4,4,high,FALSE,
016,Z,fllevel,ordinal,5,5,scientific,FALSE,
016,Z,fltype,categorical,-3,-3,"not available, wrong skip",TRUE,
016,Z,fltype,categorical,-2,-2,"not available, routing",TRUE,
016,Z,fltype,categorical,-1,-1,unknown,TRUE,
016,Z,fltype,categorical,0,0,-to be coded-,FALSE,
016,Z,fltype,categorical,1,1,general,FALSE,
016,Z,fltype,categorical,2,2,pedagogical,FALSE,
016,Z,fltype,categorical,4,4,agricultural,FALSE,
016,Z,fltype,categorical,5,5,natural science,FALSE,
016,Z,fltype,categorical,6,6,technical,FALSE,
016,Z,fltype,categorical,8,8,transport,FALSE,
016,Z,fltype,categorical,9,9,(para)medical,FALSE,
016,Z,fltype,categorical,11,11,administrative/commercial,FALSE,
016,Z,fltype,categorical,13,13,juridical/security,FALSE,
016,Z,fltype,categorical,15,15,cultural/linguistic,FALSE,
016,Z,fltype,categorical,16,16,social science,FALSE,
016,Z,fltype,categorical,17,17,care & services,FALSE,
016,Z,fltype,categorical,18,18,management,FALSE,
016,Z,flpresi,numeric,-3,-3,"not available, wrong skip",TRUE,
016,Z,flpresi,numeric,-2,-2,"not available, routing",TRUE,
016,Z,flpresi,numeric,-1,-1,unknown,TRUE,
016,Z,flpresi,numeric,0,0,-to be coded-,FALSE,
016,Z,flpresi,numeric,13,13,NA,FALSE,
016,Z,flpresi,numeric,87,87,NA,FALSE,
016,Z,pjob1,binary,-5,-5,"not available, interview terminated",TRUE,
016,Z,pjob1,binary,-4,-4,not available,TRUE,"Cross-wave coding conflict: -4 differs for 2B (not available, no household partner), H/I/J/K (not available, short version)"
016,Z,pjob1,binary,-3,-3,"not available, wrong skip",TRUE,
016,Z,pjob1,binary,-2,-2,negative code -2,TRUE,"Cross-wave coding conflict: -2 differs for H/I/J/K (no (household) partner), 3B/MB (not available, routing)"
016,Z,pjob1,binary,-1,-1,"not available, asked",TRUE,
016,Z,pjob1,binary,1,1,no,FALSE,
016,Z,pjob1,binary,2,2,yes,FALSE,
016,Z,pcsbc92,categorical,-3,-3,"not available, wrong skip",TRUE,
016,Z,pcsbc92,categorical,-2,-2,"not available, routing",TRUE,
016,Z,pcsbc92,categorical,-1,-1,"not available, asked",TRUE,
016,Z,pcsbc92,categorical,0,0,-to be coded-,FALSE,
016,Z,pcclass,categorical,-3,-3,"not available, wrong skip",TRUE,
016,Z,pcclass,categorical,-2,-2,"not available, routing",TRUE,
016,Z,pcclass,categorical,-1,-1,unknown,TRUE,
016,Z,pcclass,categorical,0,0,-to be coded-,FALSE,
016,Z,pcclass,categorical,11,11,elementary occupations,FALSE,
016,Z,pcclass,categorical,21,21,lower non-specialized occupations,FALSE,
016,Z,pcclass,categorical,22,22,lower teaching & instruction occupations,FALSE,
016,Z,pcclass,categorical,24,24,lower agricultural occupations,FALSE,
016,Z,pcclass,categorical,25,25,lower natural science occupations,FALSE,
016,Z,pcclass,categorical,26,26,lower technical occupations,FALSE,
016,Z,pcclass,categorical,28,28,lower transport occupations,FALSE,
016,Z,pcclass,categorical,29,29,lower (para)medical occupations,FALSE,
016,Z,pcclass,categorical,31,31,lower administrative & commercial occupations,FALSE,
016,Z,pcclass,categorical,33,33,lower security occupations,FALSE,
016,Z,pcclass,categorical,37,37,lower service & care occupations,FALSE,
016,Z,pcclass,categorical,42,42,medium teaching & instruction occupations,FALSE,
016,Z,pcclass,categorical,44,44,medium agricultural occupations,FALSE,
016,Z,pcclass,categorical,45,45,medium natural science occupations,FALSE,
016,Z,pcclass,categorical,46,46,medium technical occupations,FALSE,
016,Z,pcclass,categorical,48,48,medium transport occupations,FALSE,
016,Z,pcclass,categorical,49,49,medium (para)medical occupations,FALSE,
016,Z,pcclass,categorical,51,51,medium administrative & commercial occupations,FALSE,
016,Z,pcclass,categorical,53,53,medium juridical & security occupations,FALSE,
016,Z,pcclass,categorical,55,55,medium linguistic & cultural occupations,FALSE,
016,Z,pcclass,categorical,56,56,medium social occupations,FALSE,
016,Z,pcclass,categorical,57,57,medium service & care occupations,FALSE,
016,Z,pcclass,categorical,62,62,higher pedagogical occupations,FALSE,
016,Z,pcclass,categorical,64,64,higher agricultural occupations,FALSE,
016,Z,pcclass,categorical,65,65,higher natural science occupations,FALSE,
016,Z,pcclass,categorical,66,66,higher technical occupations,FALSE,
016,Z,pcclass,categorical,68,68,higher transport occupations,FALSE,
016,Z,pcclass,categorical,69,69,higher (para)medical occupations,FALSE,
016,Z,pcclass,categorical,71,71,higher administrative & commercial occupations,FALSE,
016,Z,pcclass,categorical,73,73,higher juridical & security occupations,FALSE,
016,Z,pcclass,categorical,75,75,higher linguistic & cultural occupations,FALSE,
016,Z,pcclass,categorical,76,76,higher social occupations,FALSE,
016,Z,pcclass,categorical,77,77,higher service & care occupations,FALSE,
016,Z,pcclass,categorical,78,78,higher managers,FALSE,
016,Z,pcclass,categorical,82,82,scientific pedagogical occupations,FALSE,
016,Z,pcclass,categorical,84,84,scientific agricultural occupations,FALSE,
016,Z,pcclass,categorical,85,85,scientific natural science occupations,FALSE,
016,Z,pcclass,categorical,86,86,scientific technical occupations,FALSE,
016,Z,pcclass,categorical,89,89,scientific (para)medical occupations,FALSE,
016,Z,pcclass,categorical,91,91,scientific administrative & economic occupations,FALSE,
016,Z,pcclass,categorical,93,93,scientific juridical & policy occupations,FALSE,
016,Z,pcclass,categorical,96,96,scientific social occupations,FALSE,
016,Z,pcclass,categorical,98,98,scientific managers,FALSE,
016,Z,pclevel,ordinal,-3,-3,"not available, wrong skip",TRUE,
016,Z,pclevel,ordinal,-2,-2,"not available, routing",TRUE,
016,Z,pclevel,ordinal,-1,-1,unknown,TRUE,
016,Z,pclevel,ordinal,0,0,-to be coded-,FALSE,
016,Z,pclevel,ordinal,1,1,elementary,FALSE,
016,Z,pclevel,ordinal,2,2,low,FALSE,
016,Z,pclevel,ordinal,3,3,medium,FALSE,
016,Z,pclevel,ordinal,4,4,high,FALSE,
016,Z,pclevel,ordinal,5,5,scientific,FALSE,
016,Z,pctype,categorical,-3,-3,"not available, wrong skip",TRUE,
016,Z,pctype,categorical,-2,-2,"not available, routing",TRUE,
016,Z,pctype,categorical,-1,-1,unknown,TRUE,
016,Z,pctype,categorical,0,0,-to be coded-,FALSE,
016,Z,pctype,categorical,1,1,general,FALSE,
016,Z,pctype,categorical,2,2,pedagogical,FALSE,
016,Z,pctype,categorical,4,4,agricultural,FALSE,
016,Z,pctype,categorical,5,5,natural science,FALSE,
016,Z,pctype,categorical,6,6,technical,FALSE,
016,Z,pctype,categorical,8,8,transport,FALSE,
016,Z,pctype,categorical,9,9,(para)medical,FALSE,
016,Z,pctype,categorical,11,11,administrative/commercial,FALSE,
016,Z,pctype,categorical,13,13,juridical/security,FALSE,
016,Z,pctype,categorical,15,15,cultural/linguistic,FALSE,
016,Z,pctype,categorical,16,16,social science,FALSE,
016,Z,pctype,categorical,17,17,care & services,FALSE,
016,Z,pctype,categorical,18,18,management,FALSE,
016,Z,pcpresi,numeric,-3,-3,"not available, wrong skip",TRUE,
016,Z,pcpresi,numeric,-2,-2,"not available, routing",TRUE,
016,Z,pcpresi,numeric,-1,-1,unknown,TRUE,
016,Z,pcpresi,numeric,0,0,-to be coded-,FALSE,
016,Z,pcpresi,numeric,13,13,NA,FALSE,
016,Z,pcpresi,numeric,87,87,NA,FALSE,
016,Z,pjob6,numeric,-3,-3,"not available, wrong skip",TRUE,
016,Z,pjob6,numeric,-2,-2,"not available, routing",TRUE,
016,Z,pjob6,numeric,-1,-1,"not available, asked",TRUE,
016,Z,pjobl1,binary,-3,-3,"not available, wrong skip",TRUE,
016,Z,pjobl1,binary,-2,-2,"not available, routing",TRUE,
016,Z,pjobl1,binary,-1,-1,"not available, asked",TRUE,
016,Z,pjobl1,binary,1,1,no,FALSE,
016,Z,pjobl1,binary,2,2,yes,FALSE,
016,Z,pjobstm,date,-3,-3,"not available, wrong skip",TRUE,
016,Z,pjobstm,date,-2,-2,"not available, routing",TRUE,
016,Z,pjobstm,date,-1,-1,"not available, asked",TRUE,
016,Z,pjobstm,date,1,1,january,FALSE,
016,Z,pjobstm,date,2,2,february,FALSE,
016,Z,pjobstm,date,3,3,march,FALSE,
016,Z,pjobstm,date,4,4,april,FALSE,
016,Z,pjobstm,date,5,5,may,FALSE,
016,Z,pjobstm,date,6,6,june,FALSE,
016,Z,pjobstm,date,7,7,july,FALSE,
016,Z,pjobstm,date,8,8,august,FALSE,
016,Z,pjobstm,date,9,9,september,FALSE,
016,Z,pjobstm,date,10,10,october,FALSE,
016,Z,pjobstm,date,11,11,november,FALSE,
016,Z,pjobstm,date,12,12,december,FALSE,
016,Z,pjobsty,date,-3,-3,"not available, wrong skip",TRUE,
016,Z,pjobsty,date,-2,-2,"not available, routing",TRUE,
016,Z,pjobsty,date,-1,-1,"not available, asked",TRUE,
016,Z,plsbc92,categorical,-3,-3,"not available, wrong skip",TRUE,
016,Z,plsbc92,categorical,-2,-2,"not available, routing",TRUE,
016,Z,plsbc92,categorical,-1,-1,"not available, asked",TRUE,
016,Z,plsbc92,categorical,0,0,-to be coded-,FALSE,
016,Z,plclass,categorical,-3,-3,"not available, wrong skip",TRUE,
016,Z,plclass,categorical,-2,-2,"not available, routing",TRUE,
016,Z,plclass,categorical,-1,-1,unknown,TRUE,
016,Z,plclass,categorical,0,0,-to be coded-,FALSE,
016,Z,plclass,categorical,11,11,elementary occupations,FALSE,
016,Z,plclass,categorical,21,21,lower non-specialized occupations,FALSE,
016,Z,plclass,categorical,22,22,lower teaching & instruction occupations,FALSE,
016,Z,plclass,categorical,24,24,lower agricultural occupations,FALSE,
016,Z,plclass,categorical,25,25,lower natural science occupations,FALSE,
016,Z,plclass,categorical,26,26,lower technical occupations,FALSE,
016,Z,plclass,categorical,28,28,lower transport occupations,FALSE,
016,Z,plclass,categorical,29,29,lower (para)medical occupations,FALSE,
016,Z,plclass,categorical,31,31,lower administrative & commercial occupations,FALSE,
016,Z,plclass,categorical,33,33,lower security occupations,FALSE,
016,Z,plclass,categorical,37,37,lower service & care occupations,FALSE,
016,Z,plclass,categorical,42,42,medium teaching & instruction occupations,FALSE,
016,Z,plclass,categorical,44,44,medium agricultural occupations,FALSE,
016,Z,plclass,categorical,45,45,medium natural science occupations,FALSE,
016,Z,plclass,categorical,46,46,medium technical occupations,FALSE,
016,Z,plclass,categorical,48,48,medium transport occupations,FALSE,
016,Z,plclass,categorical,49,49,medium (para)medical occupations,FALSE,
016,Z,plclass,categorical,51,51,medium administrative & commercial occupations,FALSE,
016,Z,plclass,categorical,53,53,medium juridical & security occupations,FALSE,
016,Z,plclass,categorical,55,55,medium linguistic & cultural occupations,FALSE,
016,Z,plclass,categorical,56,56,medium social occupations,FALSE,
016,Z,plclass,categorical,57,57,medium service & care occupations,FALSE,
016,Z,plclass,categorical,62,62,higher pedagogical occupations,FALSE,
016,Z,plclass,categorical,64,64,higher agricultural occupations,FALSE,
016,Z,plclass,categorical,65,65,higher natural science occupations,FALSE,
016,Z,plclass,categorical,66,66,higher technical occupations,FALSE,
016,Z,plclass,categorical,68,68,higher transport occupations,FALSE,
016,Z,plclass,categorical,69,69,higher (para)medical occupations,FALSE,
016,Z,plclass,categorical,71,71,higher administrative & commercial occupations,FALSE,
016,Z,plclass,categorical,73,73,higher juridical & security occupations,FALSE,
016,Z,plclass,categorical,75,75,higher linguistic & cultural occupations,FALSE,
016,Z,plclass,categorical,76,76,higher social occupations,FALSE,
016,Z,plclass,categorical,77,77,higher service & care occupations,FALSE,
016,Z,plclass,categorical,78,78,higher managers,FALSE,
016,Z,plclass,categorical,82,82,scientific pedagogical occupations,FALSE,
016,Z,plclass,categorical,84,84,scientific agricultural occupations,FALSE,
016,Z,plclass,categorical,85,85,scientific natural science occupations,FALSE,
016,Z,plclass,categorical,86,86,scientific technical occupations,FALSE,
016,Z,plclass,categorical,89,89,scientific (para)medical occupations,FALSE,
016,Z,plclass,categorical,91,91,scientific administrative & economic occupations,FALSE,
016,Z,plclass,categorical,93,93,scientific juridical & policy occupations,FALSE,
016,Z,plclass,categorical,96,96,scientific social occupations,FALSE,
016,Z,plclass,categorical,98,98,scientific managers,FALSE,
016,Z,pllevel,ordinal,-3,-3,"not available, wrong skip",TRUE,
016,Z,pllevel,ordinal,-2,-2,"not available, routing",TRUE,
016,Z,pllevel,ordinal,-1,-1,unknown,TRUE,
016,Z,pllevel,ordinal,0,0,-to be coded-,FALSE,
016,Z,pllevel,ordinal,1,1,elementary,FALSE,
016,Z,pllevel,ordinal,2,2,low,FALSE,
016,Z,pllevel,ordinal,3,3,medium,FALSE,
016,Z,pllevel,ordinal,4,4,high,FALSE,
016,Z,pllevel,ordinal,5,5,scientific,FALSE,
016,Z,pltype,categorical,-3,-3,"not available, wrong skip",TRUE,
016,Z,pltype,categorical,-2,-2,"not available, routing",TRUE,
016,Z,pltype,categorical,-1,-1,unknown,TRUE,
016,Z,pltype,categorical,0,0,-to be coded-,FALSE,
016,Z,pltype,categorical,1,1,general,FALSE,
016,Z,pltype,categorical,2,2,pedagogical,FALSE,
016,Z,pltype,categorical,4,4,agricultural,FALSE,
016,Z,pltype,categorical,5,5,natural science,FALSE,
016,Z,pltype,categorical,6,6,technical,FALSE,
016,Z,pltype,categorical,8,8,transport,FALSE,
016,Z,pltype,categorical,9,9,(para)medical,FALSE,
016,Z,pltype,categorical,11,11,administrative/commercial,FALSE,
016,Z,pltype,categorical,13,13,juridical/security,FALSE,
016,Z,pltype,categorical,15,15,cultural/linguistic,FALSE,
016,Z,pltype,categorical,16,16,social science,FALSE,
016,Z,pltype,categorical,17,17,care & services,FALSE,
016,Z,pltype,categorical,18,18,management,FALSE,
016,Z,plpresi,numeric,-3,-3,"not available, wrong skip",TRUE,
016,Z,plpresi,numeric,-2,-2,"not available, routing",TRUE,
016,Z,plpresi,numeric,-1,-1,unknown,TRUE,
016,Z,plpresi,numeric,0,0,-to be coded-,FALSE,
016,Z,plpresi,numeric,13,13,NA,FALSE,
016,Z,plpresi,numeric,87,87,NA,FALSE,
016,Z,pjobl6,numeric,-3,-3,"not available, wrong skip",TRUE,
016,Z,pjobl6,numeric,-2,-2,"not available, routing",TRUE,
016,Z,pjobl6,numeric,-1,-1,"not available, asked",TRUE,
016,Z,pemploy,binary,-3,-3,"not available, wrong skip",TRUE,
016,Z,pemploy,binary,-2,-2,"not available, routing",TRUE,
016,Z,pemploy,binary,-1,-1,"not available, asked",TRUE,
016,Z,pemploy,binary,1,1,no,FALSE,
016,Z,pemploy,binary,2,2,yes,FALSE,
016,Z,pdisabl,binary,-3,-3,"not available, wrong skip",TRUE,
016,Z,pdisabl,binary,-2,-2,"not available, routing",TRUE,
016,Z,pdisabl,binary,-1,-1,"not available, asked",TRUE,
016,Z,pdisabl,binary,1,1,no,FALSE,
016,Z,pdisabl,binary,2,2,yes,FALSE,
016,Z,pdisabp,numeric,-3,-3,"not available, refused",TRUE,
016,Z,pdisabp,numeric,-2,-2,"not available, routing",TRUE,
016,Z,pdisabp,numeric,-1,-1,"not available, asked",TRUE,
016,Z,pretire,categorical,-3,-3,"not available, wrong skip",TRUE,
016,Z,pretire,categorical,-2,-2,"not available, routing",TRUE,
016,Z,pretire,categorical,-1,-1,"not available, asked",TRUE,
016,Z,pretire,categorical,1,1,no,FALSE,
016,Z,pretire,categorical,2,2,"yes, partly",FALSE,
016,Z,pretire,categorical,3,3,"yes, completely",FALSE,
016,Z,pretifu,binary,-3,-3,"not available, wrong skip",TRUE,
016,Z,pretifu,binary,-2,-2,"not available, routing",TRUE,
016,Z,pretifu,binary,-1,-1,"not available, asked",TRUE,
016,Z,pretifu,binary,1,1,no,FALSE,
016,Z,pretifu,binary,2,2,yes,FALSE,
016,Z,cjsbc,numeric,-3,-3,"not available, wrong skip",TRUE,
016,Z,cjsbc,numeric,-2,-2,"not available, routing",TRUE,
016,Z,cjsbc,numeric,-1,-1,"not available, asked",TRUE,
016,Z,job3a,ordinal,-3,-3,"not available, wrong skip",TRUE,
016,Z,job3a,ordinal,-2,-2,"not available, routing",TRUE,
016,Z,job3a,ordinal,-1,-1,"not available, asked",TRUE,
016,Z,job3a,ordinal,1,1,elementary,FALSE,
016,Z,job3a,ordinal,2,2,low,FALSE,
016,Z,job3a,ordinal,3,3,medium,FALSE,
016,Z,job3a,ordinal,4,4,high,FALSE,
016,Z,job3a,ordinal,5,5,scientific,FALSE,
016,Z,job5a,binary,-3,-3,"not available, wrong skip",TRUE,
016,Z,job5a,binary,-2,-2,"not available, routing",TRUE,
016,Z,job5a,binary,-1,-1,"not available, asked",TRUE,
016,Z,job5a,binary,1,1,no,FALSE,
016,Z,job5a,binary,2,2,yes,FALSE,
016,Z,job5b,binary,-3,-3,"not available, wrong skip",TRUE,
016,Z,job5b,binary,-2,-2,"not available, routing",TRUE,
016,Z,job5b,binary,-1,-1,"not available, asked",TRUE,
016,Z,job5b,binary,1,1,no,FALSE,
016,Z,job5b,binary,2,2,yes,FALSE,
016,Z,pcjsbc,categorical,-3,-3,"not available, wrong skip",TRUE,
016,Z,pcjsbc,categorical,-2,-2,"not available, routing",TRUE,
016,Z,pcjsbc,categorical,-1,-1,"not available, asked",TRUE,
016,Z,pcjclass,categorical,-2,-2,"not available, routing",TRUE,
016,Z,pcjclass,categorical,11,11,elementary occupations,FALSE,
016,Z,pcjclass,categorical,21,21,lower non-specialized occupations,FALSE,
016,Z,pcjclass,categorical,22,22,lower teaching & instruction occupations,FALSE,
016,Z,pcjclass,categorical,24,24,lower agricultural occupations,FALSE,
016,Z,pcjclass,categorical,25,25,lower natural science occupations,FALSE,
016,Z,pcjclass,categorical,26,26,lower technical occupations,FALSE,
016,Z,pcjclass,categorical,28,28,lower transport occupations,FALSE,
016,Z,pcjclass,categorical,29,29,lower (para)medical occupations,FALSE,
016,Z,pcjclass,categorical,31,31,lower administrative & commercial occupations,FALSE,
016,Z,pcjclass,categorical,33,33,lower security occupations,FALSE,
016,Z,pcjclass,categorical,37,37,lower service & care occupations,FALSE,
016,Z,pcjclass,categorical,42,42,medium teaching & instruction occupations,FALSE,
016,Z,pcjclass,categorical,44,44,medium agricultural occupations,FALSE,
016,Z,pcjclass,categorical,45,45,medium natural science occupations,FALSE,
016,Z,pcjclass,categorical,46,46,medium technical occupations,FALSE,
016,Z,pcjclass,categorical,48,48,medium transport occupations,FALSE,
016,Z,pcjclass,categorical,49,49,medium (para)medical occupations,FALSE,
016,Z,pcjclass,categorical,51,51,medium administrative & commercial occupations,FALSE,
016,Z,pcjclass,categorical,53,53,medium juridical & security occupations,FALSE,
016,Z,pcjclass,categorical,55,55,medium linguistic & cultural occupations,FALSE,
016,Z,pcjclass,categorical,56,56,medium social occupations,FALSE,
016,Z,pcjclass,categorical,57,57,medium service & care occupations,FALSE,
016,Z,pcjclass,categorical,62,62,higher pedagogical occupations,FALSE,
016,Z,pcjclass,categorical,64,64,higher agricultural occupations,FALSE,
016,Z,pcjclass,categorical,65,65,higher natural science occupations,FALSE,
016,Z,pcjclass,categorical,66,66,higher technical occupations,FALSE,
016,Z,pcjclass,categorical,68,68,higher transport occupations,FALSE,
016,Z,pcjclass,categorical,69,69,higher (para)medical occupations,FALSE,
016,Z,pcjclass,categorical,71,71,higher administrative & commercial occupations,FALSE,
016,Z,pcjclass,categorical,73,73,higher juridical & security occupations,FALSE,
016,Z,pcjclass,categorical,75,75,higher linguistic & cultural occupations,FALSE,
016,Z,pcjclass,categorical,76,76,higher social occupations,FALSE,
016,Z,pcjclass,categorical,77,77,higher service & care occupations,FALSE,
016,Z,pcjclass,categorical,78,78,higher managers,FALSE,
016,Z,pcjclass,categorical,82,82,scientific pedagogical occupations,FALSE,
016,Z,pcjclass,categorical,84,84,scientific agricultural occupations,FALSE,
016,Z,pcjclass,categorical,85,85,scientific natural science occupations,FALSE,
016,Z,pcjclass,categorical,86,86,scientific technical occupations,FALSE,
016,Z,pcjclass,categorical,89,89,scientific (para)medical occupations,FALSE,
016,Z,pcjclass,categorical,91,91,scientific administrative & economic occupations,FALSE,
016,Z,pcjclass,categorical,93,93,scientific juridical & policy occupations,FALSE,
016,Z,pcjclass,categorical,96,96,scientific social occupations,FALSE,
016,Z,pcjclass,categorical,98,98,scientific managers,FALSE,
016,Z,pcjlevel,ordinal,-2,-2,"not available, routing",TRUE,
016,Z,pcjlevel,ordinal,1,1,elementary,FALSE,
016,Z,pcjlevel,ordinal,2,2,low,FALSE,
016,Z,pcjlevel,ordinal,3,3,medium,FALSE,
016,Z,pcjlevel,ordinal,4,4,high,FALSE,
016,Z,pcjlevel,ordinal,5,5,scientific,FALSE,
016,Z,pcjtype,categorical,-2,-2,"not available, routing",TRUE,
016,Z,pcjtype,categorical,1,1,general,FALSE,
016,Z,pcjtype,categorical,2,2,pedagogical,FALSE,
016,Z,pcjtype,categorical,4,4,agricultural,FALSE,
016,Z,pcjtype,categorical,5,5,natural science,FALSE,
016,Z,pcjtype,categorical,6,6,technical,FALSE,
016,Z,pcjtype,categorical,8,8,transport,FALSE,
016,Z,pcjtype,categorical,9,9,(para)medical,FALSE,
016,Z,pcjtype,categorical,11,11,administrative/commercial,FALSE,
016,Z,pcjtype,categorical,13,13,juridical/security,FALSE,
016,Z,pcjtype,categorical,15,15,cultural/linguistic,FALSE,
016,Z,pcjtype,categorical,16,16,social science,FALSE,
016,Z,pcjtype,categorical,17,17,care & services,FALSE,
016,Z,pcjtype,categorical,18,18,management,FALSE,
016,Z,pjob3a,ordinal,-3,-3,"not available, wrong skip",TRUE,
016,Z,pjob3a,ordinal,-2,-2,"not available, routing",TRUE,
016,Z,pjob3a,ordinal,-1,-1,"not available, asked",TRUE,
016,Z,pjob3a,ordinal,1,1,elementary,FALSE,
016,Z,pjob3a,ordinal,2,2,low,FALSE,
016,Z,pjob3a,ordinal,3,3,medium,FALSE,
016,Z,pjob3a,ordinal,4,4,high,FALSE,
016,Z,pjob3a,ordinal,5,5,scientific,FALSE,
016,Z,pjob4,binary,-3,-3,"not available, wrong skip",TRUE,
016,Z,pjob4,binary,-2,-2,"not available, routing",TRUE,
016,Z,pjob4,binary,-1,-1,"not available, asked",TRUE,
016,Z,pjob4,binary,1,1,no,FALSE,
016,Z,pjob4,binary,2,2,yes,FALSE,
016,Z,pjob5,numeric,-3,-3,"not available, wrong skip",TRUE,
016,Z,pjob5,numeric,-2,-2,"not available, routing",TRUE,
016,Z,pjob5,numeric,-1,-1,"not available, asked",TRUE,
016,Z,pjob5a,binary,-3,-3,"not available, wrong skip",TRUE,
016,Z,pjob5a,binary,-2,-2,"not available, routing",TRUE,
016,Z,pjob5a,binary,-1,-1,"not available, asked",TRUE,
016,Z,pjob5a,binary,1,1,no,FALSE,
016,Z,pjob5a,binary,2,2,yes,FALSE,
016,Z,pjob5b,binary,-3,-3,"not available, wrong skip",TRUE,
016,Z,pjob5b,binary,-2,-2,"not available, routing",TRUE,
016,Z,pjob5b,binary,-1,-1,"not available, asked",TRUE,
016,Z,pjob5b,binary,1,1,no,FALSE,
016,Z,pjob5b,binary,2,2,yes,FALSE,
016,Z,rlsbc,numeric,-3,-3,"not available, wrong skip",TRUE,
016,Z,rlsbc,numeric,-2,-2,"not available, routing",TRUE,
016,Z,rlsbc,numeric,-1,-1,"not available, asked",TRUE,
016,Z,jlstam,date,-3,-3,"not available, wrong skip",TRUE,
016,Z,jlstam,date,-2,-2,"not available, routing",TRUE,
016,Z,jlstam,date,-1,-1,"not available, asked",TRUE,
016,Z,jlstam,date,1,1,january,FALSE,
016,Z,jlstam,date,2,2,february,FALSE,
016,Z,jlstam,date,3,3,march,FALSE,
016,Z,jlstam,date,4,4,april,FALSE,
016,Z,jlstam,date,5,5,may,FALSE,
016,Z,jlstam,date,6,6,june,FALSE,
016,Z,jlstam,date,7,7,july,FALSE,
016,Z,jlstam,date,8,8,august,FALSE,
016,Z,jlstam,date,9,9,september,FALSE,
016,Z,jlstam,date,10,10,october,FALSE,
016,Z,jlstam,date,11,11,november,FALSE,
016,Z,jlstam,date,12,12,december,FALSE,
016,Z,jlstay,date,-3,-3,"not available, wrong skip",TRUE,
016,Z,jlstay,date,-2,-2,"not available, routing",TRUE,
016,Z,jlstay,date,-1,-1,"not available, asked",TRUE,
016,Z,jobl3,categorical,-3,-3,"not available, wrong skip",TRUE,
016,Z,jobl3,categorical,-2,-2,"not available, routing",TRUE,
016,Z,jobl3,categorical,-1,-1,"not available, asked",TRUE,
016,Z,jobl3,categorical,1,1,steady job,FALSE,
016,Z,jobl3,categorical,2,2,temporary job with contract,FALSE,
016,Z,jobl3,categorical,3,3,temporary job via employment agency,FALSE,
016,Z,jobl3,categorical,4,4,self-employed,FALSE,
016,Z,jobl3,categorical,5,5,free-lance basis,FALSE,
016,Z,jobl3,categorical,6,6,family company,FALSE,
016,Z,jobl3,categorical,7,7,other,FALSE,
016,Z,jobl3a,ordinal,-3,-3,"not available, wrong skip",TRUE,
016,Z,jobl3a,ordinal,-2,-2,"not available, routing",TRUE,
016,Z,jobl3a,ordinal,-1,-1,"not available, asked",TRUE,
016,Z,jobl3a,ordinal,1,1,elementary,FALSE,
016,Z,jobl3a,ordinal,2,2,low,FALSE,
016,Z,jobl3a,ordinal,3,3,medium,FALSE,
016,Z,jobl3a,ordinal,4,4,high,FALSE,
016,Z,jobl3a,ordinal,5,5,scientific,FALSE,
016,Z,jobl4,binary,-3,-3,"not available, wrong skip",TRUE,
016,Z,jobl4,binary,-2,-2,"not available, routing",TRUE,
016,Z,jobl4,binary,-1,-1,"not available, asked",TRUE,
016,Z,jobl4,binary,1,1,no,FALSE,
016,Z,jobl4,binary,2,2,yes,FALSE,
016,Z,jobl5,numeric,-3,-3,"not available, wrong skip",TRUE,
016,Z,jobl5,numeric,-2,-2,"not available, routing",TRUE,
016,Z,jobl5,numeric,-1,-1,"not available, asked",TRUE,
016,Z,jobl5a,binary,-3,-3,"not available, wrong skip",TRUE,
016,Z,jobl5a,binary,-2,-2,"not available, routing",TRUE,
016,Z,jobl5a,binary,-1,-1,"not available, asked",TRUE,
016,Z,jobl5a,binary,1,1,no,FALSE,
016,Z,jobl5a,binary,2,2,yes,FALSE,
016,Z,jobl5b,binary,-3,-3,"not available, wrong skip",TRUE,
016,Z,jobl5b,binary,-2,-2,"not available, routing",TRUE,
016,Z,jobl5b,binary,-1,-1,"not available, asked",TRUE,
016,Z,jobl5b,binary,1,1,no,FALSE,
016,Z,jobl5b,binary,2,2,yes,FALSE,
016,Z,jobl7,ordinal,-3,-3,"not available, wrong skip",TRUE,
016,Z,jobl7,ordinal,-2,-2,"not available, routing",TRUE,
016,Z,jobl7,ordinal,-1,-1,"not available, asked",TRUE,
016,Z,jobl7,ordinal,1,1,regular hours (9 to 5),FALSE,
016,Z,jobl7,ordinal,2,2,"regular hours, including night/weekend shifts",FALSE,
016,Z,jobl7,ordinal,3,3,"shift work, no weekend shifts",FALSE,
016,Z,jobl7,ordinal,4,4,"shift work, including weekend shifts",FALSE,
016,Z,jobl7,ordinal,5,5,"irregular hours, no weekend shifts",FALSE,
016,Z,jobl7,ordinal,6,6,"irregular hours, including weekend shifts",FALSE,
016,Z,retnfr2,categorical,-3,-3,"not available, wrong skip",TRUE,
016,Z,retnfr2,categorical,-2,-2,"not available, routing",TRUE,
016,Z,retnfr2,categorical,-1,-1,"not available, asked",TRUE,
016,Z,retnfr2,categorical,1,1,enough challenges at work,FALSE,
016,Z,retnfr2,categorical,2,2,maintain social contacts,FALSE,
016,Z,retnfr2,categorical,3,3,other pastime less pleasant,FALSE,
016,Z,retnfr2,categorical,4,4,no possibility for early retirement,FALSE,
016,Z,retnfr2,categorical,5,5,financially more favourable,FALSE,
016,Z,retnfr2,categorical,6,6,should work on to have adequate pension,FALSE,
016,Z,retnfr2,categorical,7,7,other reason,FALSE,
016,Z,pjdata,categorical,0,0,no partner,FALSE,
016,Z,pjdata,categorical,1,1,current partner,FALSE,
016,Z,pjdata,categorical,2,2,former partner,FALSE,
016,Z,pcsbc,numeric,-3,-3,"not available, wrong skip",TRUE,
016,Z,pcsbc,numeric,-2,-2,"not available, routing",TRUE,
016,Z,pcsbc,numeric,-1,-1,"not available, asked",TRUE,
016,Z,pjstam,date,-3,-3,"not available, wrong skip",TRUE,
016,Z,pjstam,date,-2,-2,"not available, routing",TRUE,
016,Z,pjstam,date,-1,-1,"not available, asked",TRUE,
016,Z,pjstam,date,1,1,january,FALSE,
016,Z,pjstam,date,2,2,february,FALSE,
016,Z,pjstam,date,3,3,march,FALSE,
016,Z,pjstam,date,4,4,april,FALSE,
016,Z,pjstam,date,5,5,may,FALSE,
016,Z,pjstam,date,6,6,june,FALSE,
016,Z,pjstam,date,7,7,july,FALSE,
016,Z,pjstam,date,8,8,august,FALSE,
016,Z,pjstam,date,9,9,september,FALSE,
016,Z,pjstam,date,10,10,october,FALSE,
016,Z,pjstam,date,11,11,november,FALSE,
016,Z,pjstam,date,12,12,december,FALSE,
016,Z,pjstay,date,-3,-3,"not available, wrong skip",TRUE,
016,Z,pjstay,date,-2,-2,"not available, routing",TRUE,
016,Z,pjstay,date,-1,-1,"not available, asked",TRUE,
016,Z,pjob3,categorical,-3,-3,"not available, wrong skip",TRUE,
016,Z,pjob3,categorical,-2,-2,"not available, routing",TRUE,
016,Z,pjob3,categorical,-1,-1,"not available, asked",TRUE,
016,Z,pjob3,categorical,1,1,steady job,FALSE,
016,Z,pjob3,categorical,2,2,temporary job with contract,FALSE,
016,Z,pjob3,categorical,3,3,temporary job via employment agency,FALSE,
016,Z,pjob3,categorical,4,4,self-employed,FALSE,
016,Z,pjob3,categorical,5,5,free-lance basis,FALSE,
016,Z,pjob3,categorical,6,6,family company,FALSE,
016,Z,pjob3,categorical,7,7,other,FALSE,
016,Z,pjob3,categorical,8,8,0-hours/stand-by contract,FALSE,
016,Z,pjob7,ordinal,-3,-3,"not available, wrong skip",TRUE,
016,Z,pjob7,ordinal,-2,-2,"not available, routing",TRUE,
016,Z,pjob7,ordinal,-1,-1,"not available, asked",TRUE,
016,Z,pjob7,ordinal,1,1,regular hours (9 to 5),FALSE,
016,Z,pjob7,ordinal,2,2,"regular hours, including night/weekend shifts",FALSE,
016,Z,pjob7,ordinal,3,3,"shift work, no weekend shifts",FALSE,
016,Z,pjob7,ordinal,4,4,"shift work, including weekend shifts",FALSE,
016,Z,pjob7,ordinal,5,5,"irregular hours, no weekend shifts",FALSE,
016,Z,pjob7,ordinal,6,6,"irregular hours, including weekend shifts",FALSE,
016,Z,plsbc,numeric,-3,-3,"not available, wrong skip",TRUE,
016,Z,plsbc,numeric,-2,-2,"not available, routing",TRUE,
016,Z,plsbc,numeric,-1,-1,"not available, asked",TRUE,
016,Z,pjlstam,date,-3,-3,"not available, wrong skip",TRUE,
016,Z,pjlstam,date,-2,-2,"not available, routing",TRUE,
016,Z,pjlstam,date,-1,-1,"not available, asked",TRUE,
016,Z,pjlstam,date,1,1,january,FALSE,
016,Z,pjlstam,date,2,2,february,FALSE,
016,Z,pjlstam,date,3,3,march,FALSE,
016,Z,pjlstam,date,4,4,april,FALSE,
016,Z,pjlstam,date,5,5,may,FALSE,
016,Z,pjlstam,date,6,6,june,FALSE,
016,Z,pjlstam,date,7,7,july,FALSE,
016,Z,pjlstam,date,8,8,august,FALSE,
016,Z,pjlstam,date,9,9,september,FALSE,
016,Z,pjlstam,date,10,10,october,FALSE,
016,Z,pjlstam,date,11,11,november,FALSE,
016,Z,pjlstam,date,12,12,december,FALSE,
016,Z,pjlstay,date,-3,-3,"not available, wrong skip",TRUE,
016,Z,pjlstay,date,-2,-2,"not available, routing",TRUE,
016,Z,pjlstay,date,-1,-1,"not available, asked",TRUE,
016,Z,pjobl3,categorical,-3,-3,"not available, wrong skip",TRUE,
016,Z,pjobl3,categorical,-2,-2,"not available, routing",TRUE,
016,Z,pjobl3,categorical,-1,-1,"not available, asked",TRUE,
016,Z,pjobl3,categorical,1,1,steady job,FALSE,
016,Z,pjobl3,categorical,2,2,temporary job with contract,FALSE,
016,Z,pjobl3,categorical,3,3,temporary job via employment agency,FALSE,
016,Z,pjobl3,categorical,4,4,self-employed,FALSE,
016,Z,pjobl3,categorical,5,5,free-lance basis,FALSE,
016,Z,pjobl3,categorical,6,6,family company,FALSE,
016,Z,pjobl3,categorical,7,7,other,FALSE,
016,Z,pjobl3a,ordinal,-3,-3,"not available, wrong skip",TRUE,
016,Z,pjobl3a,ordinal,-2,-2,"not available, routing",TRUE,
016,Z,pjobl3a,ordinal,-1,-1,"not available, asked",TRUE,
016,Z,pjobl3a,ordinal,1,1,elementary,FALSE,
016,Z,pjobl3a,ordinal,2,2,low,FALSE,
016,Z,pjobl3a,ordinal,3,3,medium,FALSE,
016,Z,pjobl3a,ordinal,4,4,high,FALSE,
016,Z,pjobl3a,ordinal,5,5,scientific,FALSE,
016,Z,pjobl4,binary,-3,-3,"not available, wrong skip",TRUE,
016,Z,pjobl4,binary,-2,-2,"not available, routing",TRUE,
016,Z,pjobl4,binary,-1,-1,"not available, asked",TRUE,
016,Z,pjobl4,binary,1,1,no,FALSE,
016,Z,pjobl4,binary,2,2,yes,FALSE,
016,Z,pjobl5,numeric,-3,-3,"not available, wrong skip",TRUE,
016,Z,pjobl5,numeric,-2,-2,"not available, routing",TRUE,
016,Z,pjobl5,numeric,-1,-1,"not available, asked",TRUE,
016,Z,pjobl5a,binary,-3,-3,"not available, wrong skip",TRUE,
016,Z,pjobl5a,binary,-2,-2,"not available, routing",TRUE,
016,Z,pjobl5a,binary,-1,-1,"not available, asked",TRUE,
016,Z,pjobl5a,binary,1,1,no,FALSE,
016,Z,pjobl5a,binary,2,2,yes,FALSE,
016,Z,pjobl5b,binary,-3,-3,"not available, wrong skip",TRUE,
016,Z,pjobl5b,binary,-2,-2,"not available, routing",TRUE,
016,Z,pjobl5b,binary,-1,-1,"not available, asked",TRUE,
016,Z,pjobl5b,binary,1,1,no,FALSE,
016,Z,pjobl5b,binary,2,2,yes,FALSE,
016,Z,pjobl7,ordinal,-3,-3,"not available, wrong skip",TRUE,
016,Z,pjobl7,ordinal,-2,-2,"not available, routing",TRUE,
016,Z,pjobl7,ordinal,-1,-1,"not available, asked",TRUE,
016,Z,pjobl7,ordinal,1,1,regular hours (9 to 5),FALSE,
016,Z,pjobl7,ordinal,2,2,"regular hours, including night/weekend shifts",FALSE,
016,Z,pjobl7,ordinal,3,3,"shift work, no weekend shifts",FALSE,
016,Z,pjobl7,ordinal,4,4,"shift work, including weekend shifts",FALSE,
016,Z,pjobl7,ordinal,5,5,"irregular hours, no weekend shifts",FALSE,
016,Z,pjobl7,ordinal,6,6,"irregular hours, including weekend shifts",FALSE,
016,Z,workret,ordinal,-3,-3,"not available, wrong skip",TRUE,
016,Z,workret,ordinal,-2,-2,"not available, routing",TRUE,
016,Z,workret,ordinal,-1,-1,"not available, asked",TRUE,
016,Z,workret,ordinal,1,1,"no, i do not think so",FALSE,
016,Z,workret,ordinal,2,2,ordinal category 2,FALSE,"Cross-wave coding conflict: 2 differs for MB (i am sometimes not sure about this), I/J/K (i am not sure about this)"
016,Z,workret,ordinal,3,3,"yes, i do think so",FALSE,
016,Z,jobs,categorical,-2,-2,"not available, routing",TRUE,
016,Z,jobs,categorical,-1,-1,"not available, routing",TRUE,
016,Z,jobs,categorical,1,1,no,FALSE,
016,Z,jobs,categorical,2,2,not sure,FALSE,
016,Z,jobs,categorical,3,3,yes,FALSE,
016,Z,pjobc,categorical,-2,-2,"not available, routing",TRUE,
016,Z,pjobc,categorical,-1,-1,"never had job, unknown before",TRUE,
016,Z,pjobc,categorical,0,0,unknown,FALSE,
016,Z,pjobc,categorical,1,1,"no job, not changed",FALSE,
016,Z,pjobc,categorical,2,2,"no job, changed",FALSE,
016,Z,pjobc,categorical,3,3,"no job, unknown before",FALSE,
016,Z,pjobc,categorical,4,4,"job, not changed",FALSE,
016,Z,pjobc,categorical,5,5,"job, changed",FALSE,
016,Z,pjobc,categorical,6,6,"job, unknown before",FALSE,
016,Z,pjobs,categorical,-3,-3,"not available, wrong skip",TRUE,
016,Z,pjobs,categorical,-2,-2,"not available, routing",TRUE,
016,Z,pjobs,categorical,-1,-1,"not available, routing",TRUE,
016,Z,pjobs,categorical,1,1,no,FALSE,
016,Z,pjobs,categorical,2,2,not sure,FALSE,
016,Z,pjobs,categorical,3,3,yes,FALSE,
016,Z,wjobchange,categorical,-2,-2,"not available, routing",TRUE,
016,Z,wjobchange,categorical,-1,-1,"not available, asked",TRUE,
016,Z,wjobchange,categorical,1,1,me,FALSE,
016,Z,wjobchange,categorical,2,2,my employer,FALSE,
016,Z,wjobchange,categorical,3,3,i switched employers,FALSE,
016,Z,rjobchange01,binary,-2,-2,"not available, routing",TRUE,
016,Z,rjobchange01,binary,0,0,not mentioned,FALSE,
016,Z,rjobchange01,binary,1,1,mentioned,FALSE,
016,Z,rjobchange02,binary,-2,-2,"not available, routing",TRUE,
016,Z,rjobchange02,binary,0,0,not mentioned,FALSE,
016,Z,rjobchange02,binary,1,1,mentioned,FALSE,
016,Z,rjobchange03,binary,-2,-2,"not available, routing",TRUE,
016,Z,rjobchange03,binary,0,0,not mentioned,FALSE,
016,Z,rjobchange03,binary,1,1,mentioned,FALSE,
016,Z,rjobchange04,binary,-2,-2,"not available, routing",TRUE,
016,Z,rjobchange04,binary,0,0,not mentioned,FALSE,
016,Z,rjobchange04,binary,1,1,mentioned,FALSE,
016,Z,rjobchange05,binary,-2,-2,"not available, routing",TRUE,
016,Z,rjobchange05,binary,0,0,not mentioned,FALSE,
016,Z,rjobchange05,binary,1,1,mentioned,FALSE,
016,Z,rjobchange06,binary,-2,-2,"not available, routing",TRUE,
016,Z,rjobchange06,binary,0,0,not mentioned,FALSE,
016,Z,rjobchange06,binary,1,1,mentioned,FALSE,
016,Z,rjobchange07,binary,-2,-2,"not available, routing",TRUE,
016,Z,rjobchange07,binary,0,0,not mentioned,FALSE,
016,Z,rjobchange07,binary,1,1,mentioned,FALSE,
016,Z,rjobchange08,binary,-2,-2,"not available, routing",TRUE,
016,Z,rjobchange08,binary,0,0,not mentioned,FALSE,
016,Z,rjobchange08,binary,1,1,mentioned,FALSE,
016,Z,rjobchange09,binary,-2,-2,"not available, routing",TRUE,
016,Z,rjobchange09,binary,0,0,not mentioned,FALSE,
016,Z,rjobchange09,binary,1,1,mentioned,FALSE,
016,Z,rjobchange10,binary,-2,-2,"not available, routing",TRUE,
016,Z,rjobchange10,binary,0,0,not mentioned,FALSE,
016,Z,rjobchange10,binary,1,1,mentioned,FALSE,
016,Z,rjobchange11,binary,-2,-2,"not available, routing",TRUE,
016,Z,rjobchange11,binary,0,0,not mentioned,FALSE,
016,Z,rjobchange11,binary,1,1,mentioned,FALSE,
016,Z,rjobchange12,binary,-2,-2,"not available, routing",TRUE,
016,Z,rjobchange12,binary,0,0,not mentioned,FALSE,
016,Z,rjobchange12,binary,1,1,mentioned,FALSE,
016,Z,rjobchange13,binary,-2,-2,"not available, routing",TRUE,
016,Z,rjobchange13,binary,0,0,not mentioned,FALSE,
016,Z,rjobchange13,binary,1,1,mentioned,FALSE,
016,Z,jobstar01,binary,-2,-2,"not available, routing",TRUE,
016,Z,jobstar01,binary,0,0,not mentioned,FALSE,
016,Z,jobstar01,binary,1,1,mentioned,FALSE,
016,Z,jobstar02,binary,-2,-2,"not available, routing",TRUE,
016,Z,jobstar02,binary,0,0,not mentioned,FALSE,
016,Z,jobstar02,binary,1,1,mentioned,FALSE,
016,Z,jobstar03,binary,-2,-2,"not available, routing",TRUE,
016,Z,jobstar03,binary,0,0,not mentioned,FALSE,
016,Z,jobstar03,binary,1,1,mentioned,FALSE,
016,Z,jobstar04,binary,-2,-2,"not available, routing",TRUE,
016,Z,jobstar04,binary,0,0,not mentioned,FALSE,
016,Z,jobstar04,binary,1,1,mentioned,FALSE,
016,Z,jobstar05,binary,-2,-2,"not available, routing",TRUE,
016,Z,jobstar05,binary,0,0,not mentioned,FALSE,
016,Z,jobstar05,binary,1,1,mentioned,FALSE,
016,Z,jobstar06,binary,-2,-2,"not available, routing",TRUE,
016,Z,jobstar06,binary,0,0,not mentioned,FALSE,
016,Z,jobstar06,binary,1,1,mentioned,FALSE,
016,Z,jobstar07,binary,-2,-2,"not available, routing",TRUE,
016,Z,jobstar07,binary,0,0,not mentioned,FALSE,
016,Z,jobstar07,binary,1,1,mentioned,FALSE,
016,Z,jobstar08,binary,-2,-2,"not available, routing",TRUE,
016,Z,jobstar08,binary,0,0,not mentioned,FALSE,
016,Z,jobstar08,binary,1,1,mentioned,FALSE,
016,Z,jobstar09,binary,-2,-2,"not available, routing",TRUE,
016,Z,jobstar09,binary,0,0,not mentioned,FALSE,
016,Z,jobstar09,binary,1,1,mentioned,FALSE,
016,Z,job6c,numeric,-3,-3,"not available, wrong skip",TRUE,
016,Z,job6c,numeric,-2,-2,"not available, routing",TRUE,
016,Z,job6c,numeric,-1,-1,"not available, asked",TRUE,
016,Z,job6r,numeric,-3,-3,"not available, wrong skip",TRUE,
016,Z,job6r,numeric,-2,-2,"not available, routing",TRUE,
016,Z,job6r,numeric,-1,-1,"not available, asked",TRUE,
016,Z,tasks,categorical,-3,-3,"not available, wrong skip",TRUE,
016,Z,tasks,categorical,-2,-2,negative code -2,TRUE,"Cross-wave coding conflict: -2 differs for J/K (not available, routing), J/K (mainly physically demanding tasks)"
016,Z,tasks,categorical,-1,-1,negative code -1,TRUE,"Cross-wave coding conflict: -1 differs for J/K (not available, asked), J/K (mainly mentally demanding tasks)"
016,Z,tasks,categorical,3,3,both mentally and physically demanding tasks,FALSE,
016,Z,pability,ordinal,-3,-3,"not available, wrong skip",TRUE,
016,Z,pability,ordinal,-2,-2,"not available, routing",TRUE,
016,Z,pability,ordinal,-1,-1,"not available, asked",TRUE,
016,Z,pability,ordinal,1,1,very good,FALSE,
016,Z,pability,ordinal,2,2,good,FALSE,
016,Z,pability,ordinal,3,3,moderate,FALSE,
016,Z,pability,ordinal,4,4,bad,FALSE,
016,Z,pability,ordinal,5,5,very bad,FALSE,
016,Z,mability,ordinal,-3,-3,"not available, wrong skip",TRUE,
016,Z,mability,ordinal,-2,-2,"not available, routing",TRUE,
016,Z,mability,ordinal,-1,-1,"not available, asked",TRUE,
016,Z,mability,ordinal,1,1,very good,FALSE,
016,Z,mability,ordinal,2,2,good,FALSE,
016,Z,mability,ordinal,3,3,moderate,FALSE,
016,Z,mability,ordinal,4,4,bad,FALSE,
016,Z,mability,ordinal,5,5,very bad,FALSE,
016,Z,healthp,binary,-3,-3,"not available, wrong skip",TRUE,
016,Z,healthp,binary,-2,-2,"not available, routing",TRUE,
016,Z,healthp,binary,-1,-1,"not available, asked",TRUE,
016,Z,healthp,binary,0,0,no health problems/productivity not influenced by health problems,FALSE,
016,Z,healthp,binary,10,10,not productive due to health problems,FALSE,
016,Z,abstot,numeric,-3,-3,"not available, wrong skip",TRUE,
016,Z,abstot,numeric,-2,-2,"not available, routing",TRUE,
016,Z,abstot,numeric,-1,-1,"not available, asked",TRUE,
016,Z,abswd,numeric,-3,-3,"not available, wrong skip",TRUE,
016,Z,abswd,numeric,-2,-2,"not available, routing",TRUE,
016,Z,abswd,numeric,-1,-1,"not available, asked",TRUE,
016,Z,pretivol,binary,-5,-5,"not available, above age threshold",TRUE,
016,Z,pretivol,binary,-3,-3,"not available, wrong skip",TRUE,
016,Z,pretivol,binary,-2,-2,"not available, routing",TRUE,
016,Z,pretivol,binary,-1,-1,"not available, asked",TRUE,
016,Z,pretivol,binary,1,1,yes,FALSE,
016,Z,pretivol,binary,2,2,"no, not (entirely) voluntarily",FALSE,
016,Z,prefret,categorical,-5,-5,"not available, above age threshold",TRUE,
016,Z,prefret,categorical,-3,-3,"not available, wrong skip",TRUE,
016,Z,prefret,categorical,-2,-2,"not available, routing",TRUE,
016,Z,prefret,categorical,-1,-1,"not available, asked",TRUE,
016,Z,prefret,categorical,1,1,partial retirement first,FALSE,
016,Z,prefret,categorical,2,2,full retirement right away,FALSE,
016,Z,prefret,categorical,3,3,dont know yet,FALSE,
016,Z,retage,numeric,-3,-3,"not available, wrong skip",TRUE,
016,Z,retage,numeric,-2,-2,"not available, routing",TRUE,
016,Z,retage,numeric,-1,-1,"not available, asked",TRUE,
016,Z,pretage,numeric,-3,-3,"not available, wrong skip",TRUE,
016,Z,pretage,numeric,-2,-2,"not available, routing",TRUE,
016,Z,pretage,numeric,-1,-1,"not available, asked",TRUE,
016,Z,fretage,numeric,-3,-3,"not available, wrong skip",TRUE,
016,Z,fretage,numeric,-2,-2,"not available, routing",TRUE,
016,Z,fretage,numeric,-1,-1,"not available, asked",TRUE,
016,Z,peretfin,binary,-3,-3,"not available, wrong skip",TRUE,
016,Z,peretfin,binary,-2,-2,"not available, routing",TRUE,
016,Z,peretfin,binary,-1,-1,"not available, asked",TRUE,
016,Z,peretfin,binary,1,1,no,FALSE,
016,Z,peretfin,binary,2,2,yes,FALSE,
016,Z,eretfin,binary,-3,-3,"not available, wrong skip",TRUE,
016,Z,eretfin,binary,-2,-2,"not available, routing",TRUE,
016,Z,eretfin,binary,-1,-1,"not available, asked",TRUE,
016,Z,eretfin,binary,1,1,no,FALSE,
016,Z,eretfin,binary,2,2,yes,FALSE,
016,Z,pretreas,ordinal,-3,-3,"not available, wrong skip",TRUE,
016,Z,pretreas,ordinal,-2,-2,"not available, routing",TRUE,
016,Z,pretreas,ordinal,-1,-1,"not available, asked",TRUE,
016,Z,pretreas,ordinal,1,1,stress and pressure of work too high,FALSE,
016,Z,pretreas,ordinal,2,2,other work related factors (organisational changes/conflicts),FALSE,
016,Z,pretreas,ordinal,3,3,physically too heavy,FALSE,
016,Z,pretreas,ordinal,4,4,health complaints too hampering,FALSE,
016,Z,pretreas,ordinal,5,5,afraid of deterioration of health,FALSE,
016,Z,pretreas,ordinal,6,6,not motivated anymore/lost interest,FALSE,
016,Z,pretreas,ordinal,7,7,more enjoyable to spend more time on private life,FALSE,
016,Z,pretreas,ordinal,8,8,enjoy life as long as health permits,FALSE,
016,Z,pretreas,ordinal,9,9,not possible anymore in the future,FALSE,
016,Z,pretreas,ordinal,10,10,other reason,FALSE,
016,Z,pretreas,ordinal,11,11,reached official retirement age,FALSE,
016,Z,pretreas,ordinal,12,12,financial benefit,FALSE,
016,Z,pretreas,ordinal,13,13,more time needed for activities outside work,FALSE,
016,Z,pjob6c,numeric,-3,-3,"not available, wrong skip",TRUE,
016,Z,pjob6c,numeric,-2,-2,"not available, routing",TRUE,
016,Z,pjob6c,numeric,-1,-1,"not available, asked",TRUE,
016,Z,pjob6r,numeric,-3,-3,"not available, wrong skip",TRUE,
016,Z,pjob6r,numeric,-2,-2,"not available, routing",TRUE,
016,Z,pjob6r,numeric,-1,-1,"not available, asked",TRUE,
016,Z,kob1,binary,-4,-4,"not available, short version",TRUE,
016,Z,kob1,binary,-1,-1,"not available, asked",TRUE,
016,Z,kob1,binary,1,1,no,FALSE,
016,Z,kob1,binary,2,2,yes,FALSE,
016,Z,retyr01,binary,-3,-3,"not available, wrong skip",TRUE,
016,Z,retyr01,binary,-2,-2,"not available, routing",TRUE,
016,Z,retyr01,binary,-1,-1,"not available, asked",TRUE,
016,Z,retyr01,binary,0,0,not mentioned,FALSE,
016,Z,retyr01,binary,1,1,mentioned,FALSE,
016,Z,retyr02,binary,-3,-3,"not available, wrong skip",TRUE,
016,Z,retyr02,binary,-2,-2,"not available, routing",TRUE,
016,Z,retyr02,binary,-1,-1,"not available, asked",TRUE,
016,Z,retyr02,binary,0,0,not mentioned,FALSE,
016,Z,retyr02,binary,1,1,mentioned,FALSE,
016,Z,retyr03,binary,-3,-3,"not available, wrong skip",TRUE,
016,Z,retyr03,binary,-2,-2,"not available, routing",TRUE,
016,Z,retyr03,binary,-1,-1,"not available, asked",TRUE,
016,Z,retyr03,binary,0,0,not mentioned,FALSE,
016,Z,retyr03,binary,1,1,mentioned,FALSE,
016,Z,retyr04,binary,-3,-3,"not available, wrong skip",TRUE,
016,Z,retyr04,binary,-2,-2,"not available, routing",TRUE,
016,Z,retyr04,binary,-1,-1,"not available, asked",TRUE,
016,Z,retyr04,binary,0,0,not mentioned,FALSE,
016,Z,retyr04,binary,1,1,mentioned,FALSE,
016,Z,retyr05,binary,-3,-3,"not available, wrong skip",TRUE,
016,Z,retyr05,binary,-2,-2,"not available, routing",TRUE,
016,Z,retyr05,binary,-1,-1,"not available, asked",TRUE,
016,Z,retyr05,binary,0,0,not mentioned,FALSE,
016,Z,retyr05,binary,1,1,mentioned,FALSE,
016,Z,retyr06,binary,-3,-3,"not available, wrong skip",TRUE,
016,Z,retyr06,binary,-2,-2,"not available, routing",TRUE,
016,Z,retyr06,binary,-1,-1,"not available, asked",TRUE,
016,Z,retyr06,binary,0,0,not mentioned,FALSE,
016,Z,retyr06,binary,1,1,mentioned,FALSE,
016,Z,retyr07,binary,-3,-3,"not available, wrong skip",TRUE,
016,Z,retyr07,binary,-2,-2,"not available, routing",TRUE,
016,Z,retyr07,binary,-1,-1,"not available, asked",TRUE,
016,Z,retyr07,binary,0,0,not mentioned,FALSE,
016,Z,retyr07,binary,1,1,mentioned,FALSE,
016,Z,retyr08,binary,-3,-3,"not available, wrong skip",TRUE,
016,Z,retyr08,binary,-2,-2,"not available, routing",TRUE,
016,Z,retyr08,binary,-1,-1,"not available, asked",TRUE,
016,Z,retyr08,binary,0,0,not mentioned,FALSE,
016,Z,retyr08,binary,1,1,mentioned,FALSE,
016,Z,retyr09,binary,-3,-3,"not available, wrong skip",TRUE,
016,Z,retyr09,binary,-2,-2,"not available, routing",TRUE,
016,Z,retyr09,binary,-1,-1,"not available, asked",TRUE,
016,Z,retyr09,binary,0,0,not mentioned,FALSE,
016,Z,retyr09,binary,1,1,mentioned,FALSE,
016,Z,retyr10,binary,-3,-3,"not available, wrong skip",TRUE,
016,Z,retyr10,binary,-2,-2,"not available, routing",TRUE,
016,Z,retyr10,binary,-1,-1,"not available, asked",TRUE,
016,Z,retyr10,binary,0,0,not mentioned,FALSE,
016,Z,retyr10,binary,1,1,mentioned,FALSE,
016,Z,nretr01,binary,-3,-3,"not available, wrong skip",TRUE,
016,Z,nretr01,binary,-2,-2,"not available, routing",TRUE,
016,Z,nretr01,binary,-1,-1,"not available, asked",TRUE,
016,Z,nretr01,binary,0,0,not mentioned,FALSE,
016,Z,nretr01,binary,1,1,mentioned,FALSE,
016,Z,nretr02,binary,-3,-3,"not available, wrong skip",TRUE,
016,Z,nretr02,binary,-2,-2,"not available, routing",TRUE,
016,Z,nretr02,binary,-1,-1,"not available, asked",TRUE,
016,Z,nretr02,binary,0,0,not mentioned,FALSE,
016,Z,nretr02,binary,1,1,mentioned,FALSE,
016,Z,nretr03,binary,-3,-3,"not available, wrong skip",TRUE,
016,Z,nretr03,binary,-2,-2,"not available, routing",TRUE,
016,Z,nretr03,binary,-1,-1,"not available, asked",TRUE,
016,Z,nretr03,binary,0,0,not mentioned,FALSE,
016,Z,nretr03,binary,1,1,mentioned,FALSE,
016,Z,nretr04,binary,-3,-3,"not available, wrong skip",TRUE,
016,Z,nretr04,binary,-2,-2,"not available, routing",TRUE,
016,Z,nretr04,binary,-1,-1,"not available, asked",TRUE,
016,Z,nretr04,binary,0,0,not mentioned,FALSE,
016,Z,nretr04,binary,1,1,mentioned,FALSE,
016,Z,nretr05,binary,-3,-3,"not available, wrong skip",TRUE,
016,Z,nretr05,binary,-2,-2,"not available, routing",TRUE,
016,Z,nretr05,binary,-1,-1,"not available, asked",TRUE,
016,Z,nretr05,binary,0,0,not mentioned,FALSE,
016,Z,nretr05,binary,1,1,mentioned,FALSE,
016,Z,nretr06,binary,-3,-3,"not available, wrong skip",TRUE,
016,Z,nretr06,binary,-2,-2,"not available, routing",TRUE,
016,Z,nretr06,binary,-1,-1,"not available, asked",TRUE,
016,Z,nretr06,binary,0,0,not mentioned,FALSE,
016,Z,nretr06,binary,1,1,mentioned,FALSE,
016,Z,pretreas01,binary,-3,-3,"not available, wrong skip",TRUE,
016,Z,pretreas01,binary,-2,-2,"not available, routing",TRUE,
016,Z,pretreas01,binary,-1,-1,"not available, asked",TRUE,
016,Z,pretreas01,binary,0,0,not mentioned,FALSE,
016,Z,pretreas01,binary,1,1,mentioned,FALSE,
016,Z,pretreas02,binary,-3,-3,"not available, wrong skip",TRUE,
016,Z,pretreas02,binary,-2,-2,"not available, routing",TRUE,
016,Z,pretreas02,binary,-1,-1,"not available, asked",TRUE,
016,Z,pretreas02,binary,0,0,not mentioned,FALSE,
016,Z,pretreas02,binary,1,1,mentioned,FALSE,
016,Z,pretreas03,binary,-3,-3,"not available, wrong skip",TRUE,
016,Z,pretreas03,binary,-2,-2,"not available, routing",TRUE,
016,Z,pretreas03,binary,-1,-1,"not available, asked",TRUE,
016,Z,pretreas03,binary,0,0,not mentioned,FALSE,
016,Z,pretreas03,binary,1,1,mentioned,FALSE,
016,Z,pretreas04,binary,-3,-3,"not available, wrong skip",TRUE,
016,Z,pretreas04,binary,-2,-2,"not available, routing",TRUE,
016,Z,pretreas04,binary,-1,-1,"not available, asked",TRUE,
016,Z,pretreas04,binary,0,0,not mentioned,FALSE,
016,Z,pretreas04,binary,1,1,mentioned,FALSE,
016,Z,pretreas05,binary,-3,-3,"not available, wrong skip",TRUE,
016,Z,pretreas05,binary,-2,-2,"not available, routing",TRUE,
016,Z,pretreas05,binary,-1,-1,"not available, asked",TRUE,
016,Z,pretreas05,binary,0,0,not mentioned,FALSE,
016,Z,pretreas05,binary,1,1,mentioned,FALSE,
016,Z,pretreas06,binary,-3,-3,"not available, wrong skip",TRUE,
016,Z,pretreas06,binary,-2,-2,"not available, routing",TRUE,
016,Z,pretreas06,binary,-1,-1,"not available, asked",TRUE,
016,Z,pretreas06,binary,0,0,not mentioned,FALSE,
016,Z,pretreas06,binary,1,1,mentioned,FALSE,
016,Z,pretreas07,binary,-3,-3,"not available, wrong skip",TRUE,
016,Z,pretreas07,binary,-2,-2,"not available, routing",TRUE,
016,Z,pretreas07,binary,-1,-1,"not available, asked",TRUE,
016,Z,pretreas07,binary,0,0,not mentioned,FALSE,
016,Z,pretreas07,binary,1,1,mentioned,FALSE,
016,Z,pretreas08,binary,-3,-3,"not available, wrong skip",TRUE,
016,Z,pretreas08,binary,-2,-2,"not available, routing",TRUE,
016,Z,pretreas08,binary,-1,-1,"not available, asked",TRUE,
016,Z,pretreas08,binary,0,0,not mentioned,FALSE,
016,Z,pretreas08,binary,1,1,mentioned,FALSE,
016,Z,pretreas09,binary,-3,-3,"not available, wrong skip",TRUE,
016,Z,pretreas09,binary,-2,-2,"not available, routing",TRUE,
016,Z,pretreas09,binary,-1,-1,"not available, asked",TRUE,
016,Z,pretreas09,binary,0,0,not mentioned,FALSE,
016,Z,pretreas09,binary,1,1,mentioned,FALSE,
016,Z,pretreas10,binary,-3,-3,"not available, wrong skip",TRUE,
016,Z,pretreas10,binary,-2,-2,"not available, routing",TRUE,
016,Z,pretreas10,binary,-1,-1,"not available, asked",TRUE,
016,Z,pretreas10,binary,0,0,not mentioned,FALSE,
016,Z,pretreas10,binary,1,1,mentioned,FALSE,
016,Z,pretreas11,binary,-3,-3,"not available, wrong skip",TRUE,
016,Z,pretreas11,binary,-2,-2,"not available, routing",TRUE,
016,Z,pretreas11,binary,-1,-1,"not available, asked",TRUE,
016,Z,pretreas11,binary,0,0,not mentioned,FALSE,
016,Z,pretreas11,binary,1,1,mentioned,FALSE,
016,Z,pretreas12,binary,-3,-3,"not available, wrong skip",TRUE,
016,Z,pretreas12,binary,-2,-2,"not available, routing",TRUE,
016,Z,pretreas12,binary,-1,-1,"not available, asked",TRUE,
016,Z,pretreas12,binary,0,0,not mentioned,FALSE,
016,Z,pretreas12,binary,1,1,mentioned,FALSE,
016,Z,pretreas13,binary,-3,-3,"not available, wrong skip",TRUE,
016,Z,pretreas13,binary,-2,-2,"not available, routing",TRUE,
016,Z,pretreas13,binary,-1,-1,"not available, asked",TRUE,
016,Z,pretreas13,binary,0,0,not mentioned,FALSE,
016,Z,pretreas13,binary,1,1,mentioned,FALSE,
016,Z,retreas01,binary,-3,-3,"not available, wrong skip",TRUE,
016,Z,retreas01,binary,-2,-2,"not available, routing",TRUE,
016,Z,retreas01,binary,-1,-1,"not available, asked",TRUE,
016,Z,retreas01,binary,0,0,not mentioned,FALSE,
016,Z,retreas01,binary,1,1,mentioned,FALSE,
016,Z,retreas02,binary,-3,-3,"not available, wrong skip",TRUE,
016,Z,retreas02,binary,-2,-2,"not available, routing",TRUE,
016,Z,retreas02,binary,-1,-1,"not available, asked",TRUE,
016,Z,retreas02,binary,0,0,not mentioned,FALSE,
016,Z,retreas02,binary,1,1,mentioned,FALSE,
016,Z,retreas03,binary,-3,-3,"not available, wrong skip",TRUE,
016,Z,retreas03,binary,-2,-2,"not available, routing",TRUE,
016,Z,retreas03,binary,-1,-1,"not available, asked",TRUE,
016,Z,retreas03,binary,0,0,not mentioned,FALSE,
016,Z,retreas03,binary,1,1,mentioned,FALSE,
016,Z,retreas04,binary,-3,-3,"not available, wrong skip",TRUE,
016,Z,retreas04,binary,-2,-2,"not available, routing",TRUE,
016,Z,retreas04,binary,-1,-1,"not available, asked",TRUE,
016,Z,retreas04,binary,0,0,not mentioned,FALSE,
016,Z,retreas04,binary,1,1,mentioned,FALSE,
016,Z,retreas05,binary,-3,-3,"not available, wrong skip",TRUE,
016,Z,retreas05,binary,-2,-2,"not available, routing",TRUE,
016,Z,retreas05,binary,-1,-1,"not available, asked",TRUE,
016,Z,retreas05,binary,0,0,not mentioned,FALSE,
016,Z,retreas05,binary,1,1,mentioned,FALSE,
016,Z,retreas06,binary,-3,-3,"not available, wrong skip",TRUE,
016,Z,retreas06,binary,-2,-2,"not available, routing",TRUE,
016,Z,retreas06,binary,-1,-1,"not available, asked",TRUE,
016,Z,retreas06,binary,0,0,not mentioned,FALSE,
016,Z,retreas06,binary,1,1,mentioned,FALSE,
016,Z,retreas07,binary,-3,-3,"not available, wrong skip",TRUE,
016,Z,retreas07,binary,-2,-2,"not available, routing",TRUE,
016,Z,retreas07,binary,-1,-1,"not available, asked",TRUE,
016,Z,retreas07,binary,0,0,not mentioned,FALSE,
016,Z,retreas07,binary,1,1,mentioned,FALSE,
016,Z,retreas08,binary,-3,-3,"not available, wrong skip",TRUE,
016,Z,retreas08,binary,-2,-2,"not available, routing",TRUE,
016,Z,retreas08,binary,-1,-1,"not available, asked",TRUE,
016,Z,retreas08,binary,0,0,not mentioned,FALSE,
016,Z,retreas08,binary,1,1,mentioned,FALSE,
016,Z,retreas09,binary,-3,-3,"not available, wrong skip",TRUE,
016,Z,retreas09,binary,-2,-2,"not available, routing",TRUE,
016,Z,retreas09,binary,-1,-1,"not available, asked",TRUE,
016,Z,retreas09,binary,0,0,not mentioned,FALSE,
016,Z,retreas09,binary,1,1,mentioned,FALSE,
016,Z,retreas10,binary,-3,-3,"not available, wrong skip",TRUE,
016,Z,retreas10,binary,-2,-2,"not available, routing",TRUE,
016,Z,retreas10,binary,-1,-1,"not available, asked",TRUE,
016,Z,retreas10,binary,0,0,not mentioned,FALSE,
016,Z,retreas10,binary,1,1,mentioned,FALSE,
016,Z,retreas11,binary,-3,-3,"not available, wrong skip",TRUE,
016,Z,retreas11,binary,-2,-2,"not available, routing",TRUE,
016,Z,retreas11,binary,-1,-1,"not available, asked",TRUE,
016,Z,retreas11,binary,0,0,not mentioned,FALSE,
016,Z,retreas11,binary,1,1,mentioned,FALSE,
016,Z,retreas12,binary,-3,-3,"not available, wrong skip",TRUE,
016,Z,retreas12,binary,-2,-2,"not available, routing",TRUE,
016,Z,retreas12,binary,-1,-1,"not available, asked",TRUE,
016,Z,retreas12,binary,0,0,not mentioned,FALSE,
016,Z,retreas12,binary,1,1,mentioned,FALSE,
016,Z,retreas13,binary,-3,-3,"not available, wrong skip",TRUE,
016,Z,retreas13,binary,-2,-2,"not available, routing",TRUE,
016,Z,retreas13,binary,-1,-1,"not available, asked",TRUE,
016,Z,retreas13,binary,0,0,not mentioned,FALSE,
016,Z,retreas13,binary,1,1,mentioned,FALSE,
