filecode,wave,variable_name,canonical_name,variable_label,harmonized_var_label,conflicts
035,B,bartve8a,artve8a,Arteries: surgery bifurcation,"Arteries: surgery, bifurcation",
035,B,bartve8b,artve8b,Arteries: surgery femoral legs,"Arteries: surgery, femoral",
035,B,bartve8c,artve8c,Arteries: surgery femoral groin,"Arteries: surgery, groins",
035,B,bartve8d,artve8d,Arteries: surgery dotter,"Arteries: surgery, dotter",
035,B,bartve8e,artve8e,Arteries: surgery other,"Arteries: surgery, other",
035,B,bartvei1,artvei1,Arteries: disease or abnormalities,Arteries: disease or abnormalities,
035,B,bartvei2,artvei2,Arteries: from which age,Arteries: from which age,
035,B,bartvei3,artvei3,Arteries: take medicine,Arteries: taking medication,
035,B,bartvei4,artvei4,Arteries: treatment doctor,Arteries: treatment doctor,
035,B,bartvei5,artvei5,Arteries: pain when walking,Arteries: pain when walking,
035,B,bartvei6,artvei6,Arteries: pain when walking: meters,Arteries: pain when walking: meters,
035,B,bartvei7,artvei7,Arteries: pain disappears standing still,Arteries: pain disappears standing still,
035,B,bartvei8,artvei8,Arteries: surgery,Arteries: surgery since last interview,"Cross-wave variable-label conflict: B/2B/3B (Arteries: surgery), C/D/E/F/G/H/I/J/K (Arteries: surgery since last interview)"
035,B,bartvei9,artvei9,Arteries: going outdoors less because of these diseases or abnormalities of the arteries or blood vessels,Arteries: outdoors less often,
035,B,bcance5a,cance5a,Cancer: lungs,"Cancer: tumor, lungs",
035,B,bcance5b,cance5b,Cancer: breast,"Cancer: tumor, breast",
035,B,bcance5c,cance5c,Cancer: uterus,Cancer,
035,B,bcance5d,cance5d,Cancer: cervix,"Cancer: tumor, cervix",
035,B,bcance5e,cance5e,Cancer: intestines,"Cancer: tumor, intestines",
035,B,bcance5f,cance5f,Cancer: prostate,Cancer,
035,B,bcance5g,cance5g,Cancer: larynx,"Cancer: tumor, larynx",
035,B,bcance5h,cance5h,Cancer: esophagus,"Cancer: tumor, esophagus",
035,B,bcance5i,cance5i,Cancer: stomach,"Cancer: tumor, stomach",
035,B,bcance5j,cance5j,Cancer: blood,"Cancer: tumor, blood",
035,B,bcance5k,cance5k,Cancer: skin,"Cancer: tumor, skin",
035,B,bcance5l,cance5l,Cancer: other,"Cancer: tumor, other",
035,B,bcance6a,cance6a,Cancer: metastases bone/skeleton,"Cancer: metastases, bone/skeleton",
035,B,bcance6b,cance6b,Cancer: metastases liver,"Cancer: metastases, liver",
035,B,bcance6c,cance6c,Cancer: metastases brain,"Cancer: metastases, brain",
035,B,bcance6d,cance6d,Cancer: metastases lungs,"Cancer: metastases, lungs",
035,B,bcance6e,cance6e,Cancer: metastases other,"Cancer: metastases, lymph nodes",
035,B,bcance7a,cance7a,Cancer: treatment surgery,"Cancer: surgery, since last interview","Cross-wave variable-label conflict: B (Cancer: treatment surgery), C/D/E/F/G/H/I/J/K (Cancer: surgery, since last interview), 2B/3B (Cancer: surgery)"
035,B,bcance7b,cance7b,Cancer: treatment chemotherapy,"Cancer: chemotherapy, since last int.","Cross-wave variable-label conflict: B (Cancer: treatment chemotherapy), C/I/J/K (Cancer: chemotherapy, since last interview), D/E/F/G/H (Cancer: chemotherapy, since last int.), 2B/3B (Cancer: chemotherapy surgery)"
035,B,bcance7c,cance7c,Cancer: treatment radiotherapy,"Cancer: radiotherapy, since last int.","Cross-wave variable-label conflict: B (Cancer: treatment radiotherapy), C/I/J/K (Cancer: radiotherapy, since last interview), D/E/F/G/H (Cancer: radiotherapy, since last int.), 2B/3B (Cancer: radiotherapy surgery)"
035,B,bcance7d,cance7d,Cancer: treatment alternative (Moerman etc),"Cancer: altern. treatment, since l. int.","Cross-wave variable-label conflict: B (Cancer: treatment alternative (Moerman etc)), C/I/J/K (Cancer: alternative treatment, since last interview), D/E/F/G/H (Cancer: altern. treatment, since l. int.), 2B/3B (Cancer: alternative treatment)"
035,B,bcancer1,cancer1,Cancer: yes/no,Cancer,
035,B,bcancer2,cancer2,Cancer: from which age,Cancer: from which age,
035,B,bcancer3,cancer3,Cancer: take medicine,Cancer: taking medication,
035,B,bcancer4,cancer4,Cancer: treatment doctor,Cancer: treatment doctor,
035,B,bcancer6,cancer6,Cancer: metastases yes/no,Cancer: metastases since last interview,"Cross-wave variable-label conflict: B (Cancer: metastases yes/no), C/D/E/F/G/H/I/J/K (Cancer: metastases since last interview), 2B/3B (Cancer: metastases)"
035,B,bcancer8,cancer8,Cancer: going outdoors less because of cancer,Cancer: outdoors less often,
035,B,bcara01,cara01,"CNSLD: asthma, chr bronch, emphysema","CNSLD: asthma, chronic bronch, emphysema",
035,B,bcara02,cara02,CNSLD: from which age,CNSLD: from which age,
035,B,bcara03,cara03,CNSLD: take medicine,CNSLD: taking medication,
035,B,bcara04,cara04,CNSLD: treatment doctor,CNSLD: treatment doctor,
035,B,bcara05,cara05,CNSLD: cough almost daily,CNSLD: cough almost daily,
035,B,bcara06,cara06,CNSLD: phlegm almost daily,CNSLD: phlegm almost daily,
035,B,bcara07,cara07,CNSLD: period increased phlegm past year,CNSLD: period increased phlegm past year,
035,B,bcara08,cara08,CNSLD: shortness of breath sometimes,CNSLD: shortness of breath sometimes,
035,B,bcara09,cara09,CNSLD: wheezing breath ever,CNSLD: wheezing breath ever,
035,B,bcara10,cara10,CNSLD: wheezing breath during rest,CNSLD: wheezing breath during rest,
035,B,bcara11,cara11,CNSLD: disturbed night-rest or sleeping,CNSLD: disturbed night-rest or sleep,
035,B,bcara12,cara12,CNSLD: going outdoors less because of CNSLD,CNSLD: outdoors less often,
035,B,bcva01,cva01,CVA: yes/no,CVA,
035,B,bcva02,cva02,CVA: how many times,CVA: how many times,
035,B,bcva03,cva03,CVA: one stroke age,CVA: one stroke age,
035,B,bcva04,cva04,CVA: first stroke age,CVA: first stroke age,
035,B,bcva05,cva05,CVA: last stroke age,CVA: last stroke age,
035,B,bcva06,cva06,CVA: take medicine,CVA: taking medication,
035,B,bcva07,cva07,CVA: treatment doctor,CVA: treatment doctor,
035,B,bcva08,cva08,CVA: still problems with arms and legs,CVA: still problems with arms and legs,
035,B,bcva09,cva09,CVA: still problems with vision,CVA: still problems with vision,
035,B,bcva10,cva10,CVA: still problems speech,CVA: still problems speech,
035,B,bcva11,cva11,CVA: still problems understanding written text,CVA: still problems understanding written text,
035,B,bcva12,cva12,CVA: going outdoors less because of CVA,CVA: outdoors less often,
035,B,bdiabe01,diabe01,Diabetes: yes/no,Diabetes,
035,B,bdiabe02,diabe02,Diabetes: from which age,Diabetes: from which age,
035,B,bdiabe03,diabe03,Diabetes: take medicine,Diabetes: taking medication,
035,B,bdiabe04,diabe04,Diabetes: treatment doctor,Diabetes: treatment doctor,
035,B,bdiabe05,diabe05,Diabetes: treatment related eye problems,Diabetes: treatment related eye problems,
035,B,bdiabe06,diabe06,Diabetes: type of treatment eye problems,Diabetes: type of treatment eye problems,
035,B,bdiabe07,diabe07,Diabetes:,Diabetes: pain when walking,
035,B,bdiabe08,diabe08,Diabetes: pain when walking: no of meter,Diabetes: pain when walking: no of meter,
035,B,bdiabe09,diabe09,Diabetes: pain disappears standing still,Diabetes: pain disappears standing still,
035,B,bdiabe10,diabe10,Diabetes: pain in legs during rest,Diabetes: pain in legs during rest,
035,B,bdiabe11,diabe11,Diabetes:,Diabetes: chest pain during exertion,
035,B,bdiabe12,diabe12,Diabetes: exertion pain disappears in 10 minutes,Diabetes: exertion pain disappears in 10 minutes,
035,B,bdiabe13,diabe13,Diabetes: going outdoors less because of diabetes,Diabetes: outdoors less often,
035,B,bhart01,hart01,Heart: heart disease,Heart: heart disease,
035,B,bhart02,hart02,Heart: from which age,Heart: from which age,
035,B,bhart03,hart03,Heart: take medicine,Heart: taking medication,
035,B,bhart04,hart04,Heart: treatment doctor,Heart: treatment doctor,
035,B,bhart05,hart05,Heart: myocardial infarction,Heart: myocardial infarction since last interview,"Cross-wave variable-label conflict: B/2B/3B (Heart: myocardial infarction), C (Heart: myocardial infarction since last), D/E/F/G/H/I/J/K (Heart: myocardial infarction since last interview)"
035,B,bhart06,hart06,Heart: myocardial inf no of times,Heart: no of myocardial inf since last interview,"Cross-wave variable-label conflict: B (Heart: myocardial inf no of times), C/D/E/F/G/H/I (Heart: no of myocardial inf since last interview), 2B/3B (Heart: no of myocardial infarctions)"
035,B,bhart07,hart07,Heart: one infarction age,Heart: one infarction age,
035,B,bhart08,hart08,Heart: first infarction age,Heart: first infarction age,
035,B,bhart09,hart09,Heart: last infarction age,Heart: last infarction age,
035,B,bhart10,hart10,Heart: chest pain during exertion,Heart: chest pain during exertion,
035,B,bhart11,hart11,Heart: exertion pain disappears in 10 minutes,Heart: exertion pain disappears in 10 minutes,
035,B,bhart12,hart12,Heart: >1 pillow for shortness of breath,Heart: >1 pillow for shortness of breath,
035,B,bhart13,hart13,"Heart: edema morning; legs, feet, ankles","Heart: edema morning; legs, feet, ankles",
035,B,bhart14,hart14,"Heart: edema evening; legs, feet, ankles","Heart: edema evening; legs, feet, ankles",
035,B,bhart15,hart15,Heart: cardiac surgery,Heart: cardiac surgery since last int.,
035,B,bhart15a,hart15a,Heart: surgery valves,Heart: valves/cardiac surgery since last interview,"Cross-wave variable-label conflict: B (Heart: surgery valves), C (Heart: valves/cardiac surgery since last), D/E/F/G/H/I/J/K (Heart: valves/cardiac surgery since last interview), 2B/3B (Heart: valves/cardiac surgery)"
035,B,bhart15b,hart15b,Heart: surgery bypass,Heart: bypass/cardiac surgery since last interview,"Cross-wave variable-label conflict: B (Heart: surgery bypass), C/D/E/F/G/H/I/J/K (Heart: bypass/cardiac surgery since last int.), 2B/3B (Heart: bypass/cardiac surgery)"
035,B,bhart15c,hart15c,Heart: surgery dotter,Heart: dotter/cardiac surgery since last interview,"Cross-wave variable-label conflict: B (Heart: surgery dotter), C/D/E/F/G/H/I/J/K (Heart: dotter/cardiac surgery since last int.), 2B/3B (Heart: dotter/cardiac surgery)"
035,B,bhart15d,hart15d,Heart: surgery pacemaker,Heart: pacemaker/cardiac surgery since last interview,"Cross-wave variable-label conflict: B (Heart: surgery pacemaker), C/D/E/F/G/H/I/J/K (Heart: pacemaker/cardiac surgery since last interview), 2B/3B (Heart: pacemaker/cardiac surgery)"
035,B,bhart15e,hart15e,Heart: surgery other,Heart: other/cardiac surgery since l. int.,"Cross-wave variable-label conflict: B (Heart: surgery other), C/D/E/F/G/H/I/J/K (Heart: other/cardiac surgery since last int.), 2B/3B (Heart: other/cardiac surgery)"
035,B,bhart16,hart16,Heart: going outdoors less because of heart disease,Heart: outdoors less often,
035,B,bincon1,incon1,Incontinence: yes/no,Incontinence,
035,B,bincon2,incon2,Incontinence: from which age,Incontinence: from which age,
035,B,bincon3,incon3,Incontinence: take medicine,Incontinence: taking medication,
035,B,bincon4,incon4,Incontinence: treatment doctor,Incontinence: treatment doctor,
035,B,bincon5,incon5,Incontinence: how often loss of urine,Incontinence: how often loss of urine,
035,B,bincon6,incon6,Incontinence: use special material,Incontinence: use special material,
035,B,bincon7,incon7,Incontinence: surgery yes/no,Incontinence: surgery since last interview,"Cross-wave variable-label conflict: B (Incontinence: surgery yes/no), C/D/E/F/G/H (Incontinence: surgery since last interview), 2B/3B (Incontinence: surgery)"
035,B,bincon8,incon8,Incontinence: going outdoors less because of loss of urine,Incontinence: outdoors less often,
035,B,bothsi01,othsi01,Other: other diseases yes/no (first),Other1: other chronic diseases,
035,B,bothsi02,othsi02,Other: first disease,Other1: disease,
035,B,bothsi04,othsi04,Other: from which age (first),Other1: from which age,
035,B,bothsi05,othsi05,Other: take medicine (first),Other1: taking medication,
035,B,bothsi06,othsi06,Other: treatment doctor (first),Other1: treatment doctor,
035,B,bothsi07,othsi07,Other: other diseases yes/no (second),Other2: other chronic diseases,
035,B,bothsi08,othsi08,Other: second disease,Other2: disease,
035,B,bothsi10,othsi10,Other: from which age (second),Other2: from which age,
035,B,bothsi11,othsi11,Other: take medicine (second),Other2: taking medication,
035,B,bothsi12,othsi12,Other: treatment doctor (second),Other2: treatment doctor,
035,B,brheum01,rheum01,Rheum/arthrosis: osteoarthritis,Osteo/rheum art: osteoarthritis,
035,B,brheum02,rheum02,Rheum/arthrosis: rheumatoid arthritis,Osteo/rheum art: rheumatoid arthritis,
035,B,brheum03,rheum03,Rheum/arthrosis: from which age,Osteo/rheum art: from which age,
035,B,brheum04,rheum04,Rheum/arthrosis: take medicine,Osteo/rheum art: taking medication,
035,B,brheum05,rheum05,Rheum/arthrosis: treatment doctor,Osteo/rheum art: treatment doctor,
035,B,brheum06,rheum06,Rheum/arthrosis: pain in joints past 3 months,Osteo/rheum art: pain in joints past 3 months,
035,B,brheum07,rheum07,Rheum/arthrosis: stiffness joints past 3 month,Osteo/rheum art: morning stiffness joint,
035,B,brheum08,rheum08,Rheum/arthrosis: swelling joints past month,Osteo/rheum art: swelling joints past month,
035,B,brheum09,rheum09,Rheum/arthrosis: surgery yes/no,Osteo/rheum art: surgery since last int.,
035,B,brheum10,rheum10,Rheum/arthrosis: joint prostheses,Osteo/rheum art: joint prostheses,
035,B,brheum11,rheum11,Rheum/arthrosis: going outdoors less because of complaints of joints,Osteo/rheum art: outdoors less often,
035,B,brheum12,rheum12,Rheum/arthrosis: observation hands,Osteo/rheum art: observation hands,
035,B,brheum8a,rheum8a,Rheum/arthrosis: complaints fingers,Osteo/rheum art: complaints fingers,
035,B,brheum8b,rheum8b,Rheum/arthrosis: complaints hand/wrist,Osteo/rheum art: complaints hand/wrist,
035,B,brheum8c,rheum8c,Rheum/arthrosis: complaints elbows,Osteo/rheum art: complaints elbows,
035,B,brheum8d,rheum8d,Rheum/arthrosis: complaints shoulders,Osteo/rheum art: complaints shoulders,
035,B,brheum8e,rheum8e,Rheum/arthrosis: complaints toes,Osteo/rheum art: complaints toes,
035,B,brheum8f,rheum8f,Rheum/arthrosis: complaints feet/ankles,Osteo/rheum art: complaints feet/ankles,
035,B,brheum8g,rheum8g,Rheum/arthrosis: complaints knees,Osteo/rheum art: complaints knees,
035,B,brheum8h,rheum8h,Rheum/arthrosis: complaints hip,Osteo/rheum art: complaints hip,
035,B,brheum8i,rheum8i,Rheum/arthrosis: complaints neck,Osteo/rheum art: complaints neck,
035,B,brheum9a,rheum9a,Rheum/arthrosis: surgery fingers,Osteo/rheum art: surgery fingers,
035,B,brheum9b,rheum9b,Rheum/arthrosis: surgery hand/wrist,Osteo/rheum art: surgery hand/wrist,
035,B,brheum9c,rheum9c,Rheum/arthrosis: surgery elbows,Osteo/rheum art: surgery elbows,
035,B,brheum9d,rheum9d,Rheum/arthrosis: surgery shoulders,Osteo/rheum art: surgery shoulders,
035,B,brheum9e,rheum9e,Rheum/arthrosis: surgery toes,Osteo/rheum art: surgery toes since,
035,B,brheum9f,rheum9f,Rheum/arthrosis: surgery feet/ankles,Osteo/rheum art: surgery feet/ankles,
035,B,brheum9g,rheum9g,Rheum/arthrosis: surgery knees,Osteo/rheum art: surgery knees,
035,B,brheum9h,rheum9h,Rheum/arthrosis: surgery hip,Osteo/rheum art: surgery hip,
035,B,brheum9i,rheum9i,Rheum/arthrosis: surgery neck,Osteo/rheum art: surgery neck,
035,B,brmch,rmch,Reason missing chronic diseases,Reason missing: chronic diseases,Cross-wave variable-label conflict: MB source variable bcancer1 is labelled and coded as the chronic-disease missing-reason variable; harmonized with rmch
035,C,cartve8a,artve8a,"Arteries: surgery, bifurcation","Arteries: surgery, bifurcation",
035,C,cartve8b,artve8b,"Arteries: surgery, femoral","Arteries: surgery, femoral",
035,C,cartve8c,artve8c,"Arteries: surgery, groins","Arteries: surgery, groins",
035,C,cartve8d,artve8d,"Arteries: surgery, dotter","Arteries: surgery, dotter",
035,C,cartve8e,artve8e,"Arteries: surgery, other","Arteries: surgery, other",
035,C,cartvei1,artvei1,Arteries: disease or abnormalities,Arteries: disease or abnormalities,
035,C,cartvei2,artvei2,Arteries: from which age,Arteries: from which age,
035,C,cartvei3,artvei3,Arteries: taking medication,Arteries: taking medication,
035,C,cartvei4,artvei4,Arteries: treatment doctor,Arteries: treatment doctor,
035,C,cartvei5,artvei5,Arteries: pain when walking,Arteries: pain when walking,
035,C,cartvei6,artvei6,Arteries: pain when walking: meters,Arteries: pain when walking: meters,
035,C,cartvei7,artvei7,Arteries: pain disappears standing still,Arteries: pain disappears standing still,
035,C,cartvei8,artvei8,Arteries: surgery since last interview,Arteries: surgery since last interview,"Cross-wave variable-label conflict: B/2B/3B (Arteries: surgery), C/D/E/F/G/H/I/J/K (Arteries: surgery since last interview)"
035,C,cartvei9,artvei9,Arteries: outdoors less often,Arteries: outdoors less often,
035,C,ccance5a,cance5a,"Cancer: tumor, lungs","Cancer: tumor, lungs",
035,C,ccance5b,cance5b,"Cancer: tumor, breast","Cancer: tumor, breast",
035,C,ccance5c,cance5c,Cancer:,Cancer,
035,C,ccance5d,cance5d,"Cancer: tumor, cervix","Cancer: tumor, cervix",
035,C,ccance5e,cance5e,"Cancer: tumor, intestines","Cancer: tumor, intestines",
035,C,ccance5f,cance5f,Cancer:,Cancer,
035,C,ccance5g,cance5g,"Cancer: tumor, larynx","Cancer: tumor, larynx",
035,C,ccance5h,cance5h,"Cancer: tumor, esophagus","Cancer: tumor, esophagus",
035,C,ccance5i,cance5i,"Cancer: tumor, stomach","Cancer: tumor, stomach",
035,C,ccance5j,cance5j,"Cancer: tumor, blood","Cancer: tumor, blood",
035,C,ccance5k,cance5k,"Cancer: tumor, skin","Cancer: tumor, skin",
035,C,ccance5l,cance5l,"Cancer: tumor, other","Cancer: tumor, other",
035,C,ccance5m,cance5m,"Cancer: tumor, which other","Cancer: tumor, which other",
035,C,ccance6a,cance6a,"Cancer: metastases, bone/skeleton","Cancer: metastases, bone/skeleton",
035,C,ccance6b,cance6b,"Cancer: metastases, liver","Cancer: metastases, liver",
035,C,ccance6c,cance6c,"Cancer: metastases, brain","Cancer: metastases, brain",
035,C,ccance6d,cance6d,"Cancer: metastases, lungs","Cancer: metastases, lungs",
035,C,ccance6e,cance6e,"Cancer: metastases, lymph nodes","Cancer: metastases, lymph nodes",
035,C,ccance6f,cance6f,"Cancer: metastases, other","Cancer: metastases, other",
035,C,ccance6g,cance6g,"Cancer: metastases, which other","Cancer: metastases, which other",
035,C,ccance7a,cance7a,"Cancer: surgery, since last interview","Cancer: surgery, since last interview","Cross-wave variable-label conflict: B (Cancer: treatment surgery), C/D/E/F/G/H/I/J/K (Cancer: surgery, since last interview), 2B/3B (Cancer: surgery)"
035,C,ccance7b,cance7b,"Cancer: chemotherapy, since last interview","Cancer: chemotherapy, since last int.","Cross-wave variable-label conflict: B (Cancer: treatment chemotherapy), C/I/J/K (Cancer: chemotherapy, since last interview), D/E/F/G/H (Cancer: chemotherapy, since last int.), 2B/3B (Cancer: chemotherapy surgery)"
035,C,ccance7c,cance7c,"Cancer: radiotherapy, since last interview","Cancer: radiotherapy, since last int.","Cross-wave variable-label conflict: B (Cancer: treatment radiotherapy), C/I/J/K (Cancer: radiotherapy, since last interview), D/E/F/G/H (Cancer: radiotherapy, since last int.), 2B/3B (Cancer: radiotherapy surgery)"
035,C,ccance7d,cance7d,"Cancer: alternative treatment, since last interview","Cancer: altern. treatment, since l. int.","Cross-wave variable-label conflict: B (Cancer: treatment alternative (Moerman etc)), C/I/J/K (Cancer: alternative treatment, since last interview), D/E/F/G/H (Cancer: altern. treatment, since l. int.), 2B/3B (Cancer: alternative treatment)"
035,C,ccancer1,cancer1,Cancer,Cancer,
035,C,ccancer2,cancer2,Cancer: from which age,Cancer: from which age,
035,C,ccancer3,cancer3,Cancer: taking medication,Cancer: taking medication,
035,C,ccancer4,cancer4,Cancer: treatment doctor,Cancer: treatment doctor,
035,C,ccancer5,cancer5,Cancer: tumor since last interview,Cancer: tumor since last interview,"Cross-wave variable-label conflict: C/D/E/F/G/H/I/J/K (Cancer: tumor since last interview), 2B (Cancer: tumor)"
035,C,ccancer6,cancer6,Cancer: metastases since last interview,Cancer: metastases since last interview,"Cross-wave variable-label conflict: B (Cancer: metastases yes/no), C/D/E/F/G/H/I/J/K (Cancer: metastases since last interview), 2B/3B (Cancer: metastases)"
035,C,ccancer8,cancer8,Cancer: outdoors less often,Cancer: outdoors less often,
035,C,ccara01,cara01,"CNSLD: asthma, chr bronch, emphysema","CNSLD: asthma, chronic bronch, emphysema",
035,C,ccara02,cara02,CNSLD: from which age,CNSLD: from which age,
035,C,ccara03,cara03,CNSLD: taking medication,CNSLD: taking medication,
035,C,ccara04,cara04,CNSLD: treatment doctor,CNSLD: treatment doctor,
035,C,ccara05,cara05,CNSLD: cough almost daily,CNSLD: cough almost daily,
035,C,ccara06,cara06,CNSLD: phlegm almost daily,CNSLD: phlegm almost daily,
035,C,ccara07,cara07,CNSLD: period increased phlegm past year,CNSLD: period increased phlegm past year,
035,C,ccara08,cara08,CNSLD: shortness of breath sometimes,CNSLD: shortness of breath sometimes,
035,C,ccara09,cara09,CNSLD: wheezing breath ever,CNSLD: wheezing breath ever,
035,C,ccara10,cara10,CNSLD: wheezing breath during rest,CNSLD: wheezing breath during rest,
035,C,ccara11,cara11,CNSLD: disturbed night-rest or sleep,CNSLD: disturbed night-rest or sleep,
035,C,ccara12,cara12,CNSLD: outdoors less often,CNSLD: outdoors less often,
035,C,ccva01,cva01,CVA,CVA,
035,C,ccva02a,cva02a,CVA: stroke since last interview,CVA: stroke since last interview,
035,C,ccva02b,cva02b,CVA: no of strokes,CVA: no of strokes,
035,C,ccva03j,cva03j,"CVA: 1, stroke year","CVA: 1, stroke year",
035,C,ccva03m,cva03m,"CVA: 1, stroke month","CVA: 1, stroke month",
035,C,ccva04j,cva04j,"CVA: > 1, first stroke year","CVA: > 1, first stroke year",
035,C,ccva04m,cva04m,"CVA: > 1, first stroke month","CVA: > 1, first stroke month",
035,C,ccva05j,cva05j,"CVA: > 1, last stroke year","CVA: > 1, last stroke year",
035,C,ccva05m,cva05m,"CVA: > 1, last stroke month","CVA: > 1, last stroke month",
035,C,ccva06,cva06,CVA: taking medication,CVA: taking medication,
035,C,ccva07,cva07,CVA: treatment doctor,CVA: treatment doctor,
035,C,ccva08,cva08,CVA: still problems with arms and legs,CVA: still problems with arms and legs,
035,C,ccva09,cva09,CVA: still problems with vision,CVA: still problems with vision,
035,C,ccva10,cva10,CVA: still problems speech,CVA: still problems speech,
035,C,ccva11,cva11,CVA: still problems understanding written text,CVA: still problems understanding written text,
035,C,ccva12,cva12,CVA: outdoors less often,CVA: outdoors less often,
035,C,cdiabe01,diabe01,Diabetes,Diabetes,
035,C,cdiabe02,diabe02,Diabetes: from which age,Diabetes: from which age,
035,C,cdiabe03,diabe03,Diabetes: taking medication,Diabetes: taking medication,
035,C,cdiabe04,diabe04,Diabetes: treatment doctor,Diabetes: treatment doctor,
035,C,cdiabe05,diabe05,Diabetes: treatment related eye problems,Diabetes: treatment related eye problems,
035,C,cdiabe07,diabe07,Diabetes: pain when walking,Diabetes: pain when walking,
035,C,cdiabe08,diabe08,Diabetes: pain when walking: no of meter,Diabetes: pain when walking: no of meter,
035,C,cdiabe09,diabe09,Diabetes: pain disappears standing still,Diabetes: pain disappears standing still,
035,C,cdiabe10,diabe10,Diabetes: pain in legs during rest,Diabetes: pain in legs during rest,
035,C,cdiabe11,diabe11,Diabetes:,Diabetes: chest pain during exertion,
035,C,cdiabe12,diabe12,Diabetes: exertion pain disappears in 10 minutes,Diabetes: exertion pain disappears in 10 minutes,
035,C,cdiabe13,diabe13,Diabetes: outdoors less often,Diabetes: outdoors less often,
035,C,cdiabe6a,diabe6a,"Diabetes: eye probl, laser","Diabetes: eye probl, laser",
035,C,cdiabe6b,diabe6b,"Diabetes: eye probl, cataract","Diabetes: eye probl, cataract",
035,C,cdiabe6c,diabe6c,"Diabetes: eye probl, other treatment","Diabetes: eye probl, other treatment",
035,C,chart01,hart01,Heart: heart disease,Heart: heart disease,
035,C,chart02,hart02,Heart: from which age,Heart: from which age,
035,C,chart03,hart03,Heart: taking medication,Heart: taking medication,
035,C,chart04,hart04,Heart: treatment doctor,Heart: treatment doctor,
035,C,chart05,hart05,Heart: myocardial infarction since last,Heart: myocardial infarction since last interview,"Cross-wave variable-label conflict: B/2B/3B (Heart: myocardial infarction), C (Heart: myocardial infarction since last), D/E/F/G/H/I/J/K (Heart: myocardial infarction since last interview)"
035,C,chart06,hart06,Heart: no of myocardial inf since last interview,Heart: no of myocardial inf since last interview,"Cross-wave variable-label conflict: B (Heart: myocardial inf no of times), C/D/E/F/G/H/I (Heart: no of myocardial inf since last interview), 2B/3B (Heart: no of myocardial infarctions)"
035,C,chart07j,hart07j,Heart: one infarction year,Heart: one infarction year,
035,C,chart07m,hart07m,Heart: one infarction month,Heart: one infarction month,
035,C,chart08j,hart08j,Heart: >1; first infarction year,Heart: >1; first infarction year,
035,C,chart08m,hart08m,Heart: >1; first infarction month,Heart: >1; first infarction month,
035,C,chart09j,hart09j,Heart: >1; last infarction year,Heart: >1; last infarction year,
035,C,chart09m,hart09m,Heart: >1; last infarction month,Heart: >1; last infarction month,
035,C,chart10,hart10,Heart: chest pain during exertion,Heart: chest pain during exertion,
035,C,chart11,hart11,Heart: exertion pain disappears in 10 minutes,Heart: exertion pain disappears in 10 minutes,
035,C,chart12,hart12,Heart: >1 pillow for shortness of breath,Heart: >1 pillow for shortness of breath,
035,C,chart13,hart13,"Heart: edema morning; legs, feet, ankles","Heart: edema morning; legs, feet, ankles",
035,C,chart14,hart14,"Heart: edema evening; legs, feet, ankles","Heart: edema evening; legs, feet, ankles",
035,C,chart15,hart15,Heart: cardiac surgery sin 3be last interview,Heart: cardiac surgery since last int.,
035,C,chart15a,hart15a,Heart: valves/cardiac surgery since last,Heart: valves/cardiac surgery since last interview,"Cross-wave variable-label conflict: B (Heart: surgery valves), C (Heart: valves/cardiac surgery since last), D/E/F/G/H/I/J/K (Heart: valves/cardiac surgery since last interview), 2B/3B (Heart: valves/cardiac surgery)"
035,C,chart15b,hart15b,Heart: bypass/cardiac surgery since last int.,Heart: bypass/cardiac surgery since last interview,"Cross-wave variable-label conflict: B (Heart: surgery bypass), C/D/E/F/G/H/I/J/K (Heart: bypass/cardiac surgery since last int.), 2B/3B (Heart: bypass/cardiac surgery)"
035,C,chart15c,hart15c,Heart: dotter/cardiac surgery since last int.,Heart: dotter/cardiac surgery since last interview,"Cross-wave variable-label conflict: B (Heart: surgery dotter), C/D/E/F/G/H/I/J/K (Heart: dotter/cardiac surgery since last int.), 2B/3B (Heart: dotter/cardiac surgery)"
035,C,chart15d,hart15d,Heart: pacemaker/cardiac surgery since last interview,Heart: pacemaker/cardiac surgery since last interview,"Cross-wave variable-label conflict: B (Heart: surgery pacemaker), C/D/E/F/G/H/I/J/K (Heart: pacemaker/cardiac surgery since last interview), 2B/3B (Heart: pacemaker/cardiac surgery)"
035,C,chart15e,hart15e,Heart: other/cardiac surgery since last int.,Heart: other/cardiac surgery since l. int.,"Cross-wave variable-label conflict: B (Heart: surgery other), C/D/E/F/G/H/I/J/K (Heart: other/cardiac surgery since last int.), 2B/3B (Heart: other/cardiac surgery)"
035,C,chart16,hart16,Heart: outdoors less often,Heart: outdoors less often,
035,C,chbd1,hbd1,Hypertension,Hypertension,
035,C,chbd2,hbd2,Hypertension: from which age,Hypertension: from which age,
035,C,chbd2a,hbd2a,Hypertension: taking medication,Hypertension: taking medication,
035,C,chbd3,hbd3,Hypertension: treatment doctor,Hypertension: treatment doctor,
035,C,cincon1,incon1,Incontinence,Incontinence,
035,C,cincon2,incon2,Incontinence: from which age,Incontinence: from which age,
035,C,cincon3,incon3,Incontinence: taking medication,Incontinence: taking medication,
035,C,cincon4,incon4,Incontinence: treatment doctor,Incontinence: treatment doctor,
035,C,cincon5,incon5,Incontinence: how often loss of urine,Incontinence: how often loss of urine,
035,C,cincon6,incon6,Incontinence: use special material,Incontinence: use special material,
035,C,cincon7,incon7,Incontinence: surgery since last interview,Incontinence: surgery since last interview,"Cross-wave variable-label conflict: B (Incontinence: surgery yes/no), C/D/E/F/G/H (Incontinence: surgery since last interview), 2B/3B (Incontinence: surgery)"
035,C,cincon8,incon8,Incontinence: outdoors less often,Incontinence: outdoors less often,
035,C,cothsi01,othsi01,Other1: other chronic diseases,Other1: other chronic diseases,
035,C,cothsi02,othsi02,Other1: disease,Other1: disease,
035,C,cothsi04,othsi04,Other1: from which age,Other1: from which age,
035,C,cothsi05,othsi05,Other1: taking medication,Other1: taking medication,
035,C,cothsi06,othsi06,Other1: treatment doctor,Other1: treatment doctor,
035,C,cothsi07,othsi07,Other2: other chronic diseases,Other2: other chronic diseases,
035,C,cothsi08,othsi08,Other2: disease,Other2: disease,
035,C,cothsi10,othsi10,Other2: from which age,Other2: from which age,
035,C,cothsi11,othsi11,Other2: taking medication,Other2: taking medication,
035,C,cothsi12,othsi12,Other2: treatment doctor,Other2: treatment doctor,
035,C,crheum01,rheum01,Osteo/rheum art: osteoarthritis,Osteo/rheum art: osteoarthritis,
035,C,crheum02,rheum02,Osteo/rheum art: rheumatoid arthritis,Osteo/rheum art: rheumatoid arthritis,
035,C,crheum03,rheum03,Osteo/rheum art: from which age,Osteo/rheum art: from which age,
035,C,crheum04,rheum04,Osteo/rheum art: taking medication,Osteo/rheum art: taking medication,
035,C,crheum05,rheum05,Osteo/rheum art: treatment doctor,Osteo/rheum art: treatment doctor,
035,C,crheum06,rheum06,Osteo/rheum art: pain in joints past 3 m,Osteo/rheum art: pain in joints past 3 months,
035,C,crheum07,rheum07,Osteo/rheum art: morning stiffness joint,Osteo/rheum art: morning stiffness joint,
035,C,crheum08,rheum08,Osteo/rheum art: swelling joints past month,Osteo/rheum art: swelling joints past month,
035,C,crheum09,rheum09,Osteo/rheum art: surgery since last int,Osteo/rheum art: surgery since last int.,
035,C,crheum10,rheum10,Osteo/rheum art: joint prostheses,Osteo/rheum art: joint prostheses,
035,C,crheum11,rheum11,Osteo/rheum art: outdoors less often,Osteo/rheum art: outdoors less often,
035,C,crheum12,rheum12,Osteo/rheum art: observation hands,Osteo/rheum art: observation hands,
035,C,crheum8a,rheum8a,Osteo/rheum art: complaints fingers,Osteo/rheum art: complaints fingers,
035,C,crheum8b,rheum8b,Osteo/rheum art: complaints hand/wrist,Osteo/rheum art: complaints hand/wrist,
035,C,crheum8c,rheum8c,Osteo/rheum art: complaints elbows,Osteo/rheum art: complaints elbows,
035,C,crheum8d,rheum8d,Osteo/rheum art: complaints shoulders,Osteo/rheum art: complaints shoulders,
035,C,crheum8e,rheum8e,Osteo/rheum art: complaints toes,Osteo/rheum art: complaints toes,
035,C,crheum8f,rheum8f,Osteo/rheum art: complaints feet/ankles,Osteo/rheum art: complaints feet/ankles,
035,C,crheum8g,rheum8g,Osteo/rheum art: complaints knees,Osteo/rheum art: complaints knees,
035,C,crheum8h,rheum8h,Osteo/rheum art: complaints hip,Osteo/rheum art: complaints hip,
035,C,crheum8i,rheum8i,Osteo/rheum art: complaints neck,Osteo/rheum art: complaints neck,
035,C,crheum9a,rheum9a,Osteo/rheum art: surgery fingers,Osteo/rheum art: surgery fingers,
035,C,crheum9b,rheum9b,Osteo/rheum art: surgery hand/wrist,Osteo/rheum art: surgery hand/wrist,
035,C,crheum9c,rheum9c,Osteo/rheum art: surgery elbows,Osteo/rheum art: surgery elbows,
035,C,crheum9d,rheum9d,Osteo/rheum art: surgery shoulders,Osteo/rheum art: surgery shoulders,
035,C,crheum9e,rheum9e,Osteo/rheum art: surgery toes since,Osteo/rheum art: surgery toes since,
035,C,crheum9f,rheum9f,Osteo/rheum art: surgery feet/ankles,Osteo/rheum art: surgery feet/ankles,
035,C,crheum9g,rheum9g,Osteo/rheum art: surgery knees,Osteo/rheum art: surgery knees,
035,C,crheum9h,rheum9h,Osteo/rheum art: surgery hip,Osteo/rheum art: surgery hip,
035,C,crheum9i,rheum9i,Osteo/rheum art: surgery neck,Osteo/rheum art: surgery neck,
035,C,crmch,rmch,Reason missing: chronical diseases,Reason missing: chronic diseases,Cross-wave variable-label conflict: MB source variable bcancer1 is labelled and coded as the chronic-disease missing-reason variable; harmonized with rmch
035,D,dartve8a,artve8a,"Arteries: surgery, bifurcation","Arteries: surgery, bifurcation",
035,D,dartve8b,artve8b,"Arteries: surgery, femoral","Arteries: surgery, femoral",
035,D,dartve8c,artve8c,"Arteries: surgery, groins","Arteries: surgery, groins",
035,D,dartve8d,artve8d,"Arteries: surgery, dotter","Arteries: surgery, dotter",
035,D,dartve8e,artve8e,"Arteries: surgery, other","Arteries: surgery, other",
035,D,dartvei1,artvei1,Arteries: disease or abnormalities,Arteries: disease or abnormalities,
035,D,dartvei2,artvei2,Arteries: from which age,Arteries: from which age,
035,D,dartvei3,artvei3,Arteries: taking medication,Arteries: taking medication,
035,D,dartvei4,artvei4,Arteries: treatment doctor,Arteries: treatment doctor,
035,D,dartvei5,artvei5,Arteries: pain when walking,Arteries: pain when walking,
035,D,dartvei6,artvei6,Arteries: pain when walking: meters,Arteries: pain when walking: meters,
035,D,dartvei7,artvei7,Arteries: pain disappears standing still,Arteries: pain disappears standing still,
035,D,dartvei8,artvei8,Arteries: surgery since last interview,Arteries: surgery since last interview,"Cross-wave variable-label conflict: B/2B/3B (Arteries: surgery), C/D/E/F/G/H/I/J/K (Arteries: surgery since last interview)"
035,D,dartvei9,artvei9,Arteries: outdoors less often,Arteries: outdoors less often,
035,D,dcance5a,cance5a,"Cancer: tumor, lungs","Cancer: tumor, lungs",
035,D,dcance5b,cance5b,"Cancer: tumor, breast","Cancer: tumor, breast",
035,D,dcance5c,cance5c,Cancer:,Cancer,
035,D,dcance5d,cance5d,"Cancer: tumor, cervix","Cancer: tumor, cervix",
035,D,dcance5e,cance5e,"Cancer: tumor, intestines","Cancer: tumor, intestines",
035,D,dcance5f,cance5f,Cancer:,Cancer,
035,D,dcance5g,cance5g,"Cancer: tumor, larynx","Cancer: tumor, larynx",
035,D,dcance5h,cance5h,"Cancer: tumor, esophagus","Cancer: tumor, esophagus",
035,D,dcance5i,cance5i,"Cancer: tumor, stomach","Cancer: tumor, stomach",
035,D,dcance5j,cance5j,"Cancer: tumor, blood","Cancer: tumor, blood",
035,D,dcance5k,cance5k,"Cancer: tumor, skin","Cancer: tumor, skin",
035,D,dcance5l,cance5l,"Cancer: tumor, other","Cancer: tumor, other",
035,D,dcance5m,cance5m,"Cancer: tumor, which other","Cancer: tumor, which other",
035,D,dcance6a,cance6a,"Cancer: metastases, bone/skeleton","Cancer: metastases, bone/skeleton",
035,D,dcance6b,cance6b,"Cancer: metastases, liver","Cancer: metastases, liver",
035,D,dcance6c,cance6c,"Cancer: metastases, brain","Cancer: metastases, brain",
035,D,dcance6d,cance6d,"Cancer: metastases, lungs","Cancer: metastases, lungs",
035,D,dcance6e,cance6e,"Cancer: metastases, lymph nodes","Cancer: metastases, lymph nodes",
035,D,dcance6f,cance6f,"Cancer: metastases, other","Cancer: metastases, other",
035,D,dcance6g,cance6g,"Cancer: metastases, which other","Cancer: metastases, which other",
035,D,dcance7a,cance7a,"Cancer: surgery, since last interview","Cancer: surgery, since last interview","Cross-wave variable-label conflict: B (Cancer: treatment surgery), C/D/E/F/G/H/I/J/K (Cancer: surgery, since last interview), 2B/3B (Cancer: surgery)"
035,D,dcance7b,cance7b,"Cancer: chemotherapy, since last int.","Cancer: chemotherapy, since last int.","Cross-wave variable-label conflict: B (Cancer: treatment chemotherapy), C/I/J/K (Cancer: chemotherapy, since last interview), D/E/F/G/H (Cancer: chemotherapy, since last int.), 2B/3B (Cancer: chemotherapy surgery)"
035,D,dcance7c,cance7c,"Cancer: radiotherapy, since last int.","Cancer: radiotherapy, since last int.","Cross-wave variable-label conflict: B (Cancer: treatment radiotherapy), C/I/J/K (Cancer: radiotherapy, since last interview), D/E/F/G/H (Cancer: radiotherapy, since last int.), 2B/3B (Cancer: radiotherapy surgery)"
035,D,dcance7d,cance7d,"Cancer: altern. treatment, since l. int.","Cancer: altern. treatment, since l. int.","Cross-wave variable-label conflict: B (Cancer: treatment alternative (Moerman etc)), C/I/J/K (Cancer: alternative treatment, since last interview), D/E/F/G/H (Cancer: altern. treatment, since l. int.), 2B/3B (Cancer: alternative treatment)"
035,D,dcancer1,cancer1,Cancer,Cancer,
035,D,dcancer2,cancer2,Cancer: from which age,Cancer: from which age,
035,D,dcancer3,cancer3,Cancer: taking medication,Cancer: taking medication,
035,D,dcancer4,cancer4,Cancer: treatment doctor,Cancer: treatment doctor,
035,D,dcancer5,cancer5,Cancer: tumor since last interview,Cancer: tumor since last interview,"Cross-wave variable-label conflict: C/D/E/F/G/H/I/J/K (Cancer: tumor since last interview), 2B (Cancer: tumor)"
035,D,dcancer6,cancer6,Cancer: metastases since last interview,Cancer: metastases since last interview,"Cross-wave variable-label conflict: B (Cancer: metastases yes/no), C/D/E/F/G/H/I/J/K (Cancer: metastases since last interview), 2B/3B (Cancer: metastases)"
035,D,dcancer8,cancer8,Cancer: outdoors less often,Cancer: outdoors less often,
035,D,dcara01,cara01,"CNSLD: asthma, chr bronch, emphysema","CNSLD: asthma, chronic bronch, emphysema",
035,D,dcara02,cara02,CNSLD: from which age,CNSLD: from which age,
035,D,dcara03,cara03,CNSLD: taking medication,CNSLD: taking medication,
035,D,dcara04,cara04,CNSLD: treatment doctor,CNSLD: treatment doctor,
035,D,dcara05,cara05,CNSLD: cough almost daily,CNSLD: cough almost daily,
035,D,dcara06,cara06,CNSLD: phlegm almost daily,CNSLD: phlegm almost daily,
035,D,dcara07,cara07,CNSLD: period increased phlegm past year,CNSLD: period increased phlegm past year,
035,D,dcara08,cara08,CNSLD: shortness of breath sometimes,CNSLD: shortness of breath sometimes,
035,D,dcara09,cara09,CNSLD: wheezing breath ever,CNSLD: wheezing breath ever,
035,D,dcara10,cara10,CNSLD: wheezing breath during rest,CNSLD: wheezing breath during rest,
035,D,dcara11,cara11,CNSLD: disturbed night-rest or sleep,CNSLD: disturbed night-rest or sleep,
035,D,dcara12,cara12,CNSLD: outdoors less often,CNSLD: outdoors less often,
035,D,dchmodus,chmodus,Long or short interview,Long or short interview,
035,D,dcva01,cva01,CVA,CVA,
035,D,dcva02a,cva02a,CVA: stroke since last interview,CVA: stroke since last interview,
035,D,dcva02b,cva02b,CVA: no of strokes,CVA: no of strokes,
035,D,dcva02c,cva02c,CVA: (short) no of strokes,CVA: (short) no of strokes,
035,D,dcva03a,cva03a,CVA: (short) 1 stroke age,CVA: (short) 1 stroke age,
035,D,dcva03j,cva03j,"CVA: 1, stroke year","CVA: 1, stroke year",
035,D,dcva03m,cva03m,"CVA: 1, stroke month","CVA: 1, stroke month",
035,D,dcva04a,cva04a,"CVA: (short) > 1, first stroke age","CVA: (short) > 1, first stroke age",
035,D,dcva04j,cva04j,"CVA: > 1, first stroke year","CVA: > 1, first stroke year",
035,D,dcva04m,cva04m,"CVA: > 1, first stroke month","CVA: > 1, first stroke month",
035,D,dcva05a,cva05a,"CVA: (short) > 1, last stroke age","CVA: (short) > 1, last stroke age",
035,D,dcva05j,cva05j,"CVA: > 1, last stroke year","CVA: > 1, last stroke year",
035,D,dcva05m,cva05m,"CVA: > 1, last stroke month","CVA: > 1, last stroke month",
035,D,dcva06,cva06,CVA: taking medication,CVA: taking medication,
035,D,dcva07,cva07,CVA: treatment doctor,CVA: treatment doctor,
035,D,dcva08,cva08,CVA: still problems with arms and legs,CVA: still problems with arms and legs,
035,D,dcva09,cva09,CVA: still problems with vision,CVA: still problems with vision,
035,D,dcva10,cva10,CVA: still problems speech,CVA: still problems speech,
035,D,dcva11,cva11,CVA: still problems understanding written text,CVA: still problems understanding written text,
035,D,dcva12,cva12,CVA: outdoors less often,CVA: outdoors less often,
035,D,ddiabe01,diabe01,Diabetes,Diabetes,
035,D,ddiabe02,diabe02,Diabetes: from which age,Diabetes: from which age,
035,D,ddiabe03,diabe03,Diabetes: taking medication,Diabetes: taking medication,
035,D,ddiabe04,diabe04,Diabetes: treatment doctor,Diabetes: treatment doctor,
035,D,ddiabe05,diabe05,Diabetes: treatment related eye problems,Diabetes: treatment related eye problems,
035,D,ddiabe07,diabe07,Diabetes: pain when walking,Diabetes: pain when walking,
035,D,ddiabe08,diabe08,Diabetes: pain when walking: no of meter,Diabetes: pain when walking: no of meter,
035,D,ddiabe09,diabe09,Diabetes: pain disappears standing still,Diabetes: pain disappears standing still,
035,D,ddiabe10,diabe10,Diabetes: pain in legs during rest,Diabetes: pain in legs during rest,
035,D,ddiabe11,diabe11,Diabetes: chest pain during exertion,Diabetes: chest pain during exertion,
035,D,ddiabe12,diabe12,Diabetes: exertion pain disappears in 10 minutes,Diabetes: exertion pain disappears in 10 minutes,
035,D,ddiabe13,diabe13,Diabetes: outdoors less often,Diabetes: outdoors less often,
035,D,ddiabe6a,diabe6a,"Diabetes: eye probl, laser","Diabetes: eye probl, laser",
035,D,ddiabe6b,diabe6b,"Diabetes: eye probl, cataract","Diabetes: eye probl, cataract",
035,D,ddiabe6c,diabe6c,"Diabetes: eye probl, other treatment","Diabetes: eye probl, other treatment",
035,D,dhart01,hart01,Heart: heart disease,Heart: heart disease,
035,D,dhart02,hart02,Heart: from which age,Heart: from which age,
035,D,dhart03,hart03,Heart: taking medication,Heart: taking medication,
035,D,dhart04,hart04,Heart: treatment doctor,Heart: treatment doctor,
035,D,dhart05,hart05,Heart: myocardial infarction since last interview,Heart: myocardial infarction since last interview,"Cross-wave variable-label conflict: B/2B/3B (Heart: myocardial infarction), C (Heart: myocardial infarction since last), D/E/F/G/H/I/J/K (Heart: myocardial infarction since last interview)"
035,D,dhart06,hart06,Heart: no of myocardial inf since last interview,Heart: no of myocardial inf since last interview,"Cross-wave variable-label conflict: B (Heart: myocardial inf no of times), C/D/E/F/G/H/I (Heart: no of myocardial inf since last interview), 2B/3B (Heart: no of myocardial infarctions)"
035,D,dhart07j,hart07j,Heart: one infarction year,Heart: one infarction year,
035,D,dhart07m,hart07m,Heart: one infarction month,Heart: one infarction month,
035,D,dhart08j,hart08j,Heart: >1; first infarction year,Heart: >1; first infarction year,
035,D,dhart08m,hart08m,Heart: >1; first infarction month,Heart: >1; first infarction month,
035,D,dhart09j,hart09j,Heart: >1; last infarction year,Heart: >1; last infarction year,
035,D,dhart09m,hart09m,Heart: >1; last infarction month,Heart: >1; last infarction month,
035,D,dhart10,hart10,Heart: chest pain during exertion,Heart: chest pain during exertion,
035,D,dhart11,hart11,Heart: exertion pain disappears in 10 minutes,Heart: exertion pain disappears in 10 minutes,
035,D,dhart12,hart12,Heart: >1 pillow for shortness of breath,Heart: >1 pillow for shortness of breath,
035,D,dhart13,hart13,"Heart: edema morning; legs, feet, ankles","Heart: edema morning; legs, feet, ankles",
035,D,dhart14,hart14,"Heart: edema evening; legs, feet, ankles","Heart: edema evening; legs, feet, ankles",
035,D,dhart15,hart15,Heart: cardiac surgery since last int.,Heart: cardiac surgery since last int.,
035,D,dhart15a,hart15a,Heart: valves/cardiac surgery since last interview,Heart: valves/cardiac surgery since last interview,"Cross-wave variable-label conflict: B (Heart: surgery valves), C (Heart: valves/cardiac surgery since last), D/E/F/G/H/I/J/K (Heart: valves/cardiac surgery since last interview), 2B/3B (Heart: valves/cardiac surgery)"
035,D,dhart15b,hart15b,Heart: bypass/cardiac surgery since last interview,Heart: bypass/cardiac surgery since last interview,"Cross-wave variable-label conflict: B (Heart: surgery bypass), C/D/E/F/G/H/I/J/K (Heart: bypass/cardiac surgery since last int.), 2B/3B (Heart: bypass/cardiac surgery)"
035,D,dhart15c,hart15c,Heart: dotter/cardiac surgery since last interview,Heart: dotter/cardiac surgery since last interview,"Cross-wave variable-label conflict: B (Heart: surgery dotter), C/D/E/F/G/H/I/J/K (Heart: dotter/cardiac surgery since last int.), 2B/3B (Heart: dotter/cardiac surgery)"
035,D,dhart15d,hart15d,Heart: pacemaker/cardiac surgery since last interview,Heart: pacemaker/cardiac surgery since last interview,"Cross-wave variable-label conflict: B (Heart: surgery pacemaker), C/D/E/F/G/H/I/J/K (Heart: pacemaker/cardiac surgery since last interview), 2B/3B (Heart: pacemaker/cardiac surgery)"
035,D,dhart15e,hart15e,Heart: other/cardiac surgery since l. int.,Heart: other/cardiac surgery since l. int.,"Cross-wave variable-label conflict: B (Heart: surgery other), C/D/E/F/G/H/I/J/K (Heart: other/cardiac surgery since last int.), 2B/3B (Heart: other/cardiac surgery)"
035,D,dhart16,hart16,Heart: outdoors less often,Heart: outdoors less often,
035,D,dhbd1,hbd1,Hypertension,Hypertension,
035,D,dhbd2,hbd2,Hypertension: from which age,Hypertension: from which age,
035,D,dhbd2a,hbd2a,Hypertension: taking medication,Hypertension: taking medication,
035,D,dhbd3,hbd3,Hypertension: treatment doctor,Hypertension: treatment doctor,
035,D,dincon1,incon1,Incontinence,Incontinence,
035,D,dincon2,incon2,Incontinence: from which age,Incontinence: from which age,
035,D,dincon3,incon3,Incontinence: taking medication,Incontinence: taking medication,
035,D,dincon4,incon4,Incontinence: treatment doctor,Incontinence: treatment doctor,
035,D,dincon5,incon5,Incontinence: how often loss of urine,Incontinence: how often loss of urine,
035,D,dincon6,incon6,Incontinence: use special material,Incontinence: use special material,
035,D,dincon7,incon7,Incontinence: surgery since last interview,Incontinence: surgery since last interview,"Cross-wave variable-label conflict: B (Incontinence: surgery yes/no), C/D/E/F/G/H (Incontinence: surgery since last interview), 2B/3B (Incontinence: surgery)"
035,D,dincon8,incon8,Incontinence: outdoors less often,Incontinence: outdoors less often,
035,D,dothsi01,othsi01,Other1: other chronic diseases,Other1: other chronic diseases,
035,D,dothsi02,othsi02,Other1: disease,Other1: disease,
035,D,dothsi04,othsi04,Other1: from which age,Other1: from which age,
035,D,dothsi05,othsi05,Other1: taking medication,Other1: taking medication,
035,D,dothsi06,othsi06,Other1: treatment doctor,Other1: treatment doctor,
035,D,dothsi07,othsi07,Other2: other chronic diseases,Other2: other chronic diseases,
035,D,dothsi08,othsi08,Other2: disease,Other2: disease,
035,D,dothsi10,othsi10,Other2: from which age,Other2: from which age,
035,D,dothsi11,othsi11,Other2: taking medication,Other2: taking medication,
035,D,dothsi12,othsi12,Other2: treatment doctor,Other2: treatment doctor,
035,D,drheum01,rheum01,Osteo/rheum art: osteoarthritis,Osteo/rheum art: osteoarthritis,
035,D,drheum02,rheum02,Osteo/rheum art: rheumatoid arthritis,Osteo/rheum art: rheumatoid arthritis,
035,D,drheum03,rheum03,Osteo/rheum art: from which age,Osteo/rheum art: from which age,
035,D,drheum04,rheum04,Osteo/rheum art: taking medication,Osteo/rheum art: taking medication,
035,D,drheum05,rheum05,Osteo/rheum art: treatment doctor,Osteo/rheum art: treatment doctor,
035,D,drheum06,rheum06,Osteo/rheum art: pain in joints past 3 months,Osteo/rheum art: pain in joints past 3 months,
035,D,drheum07,rheum07,Osteo/rheum art: morning stiffness joint,Osteo/rheum art: morning stiffness joint,
035,D,drheum08,rheum08,Osteo/rheum art: swelling joints past month,Osteo/rheum art: swelling joints past month,
035,D,drheum09,rheum09,Osteo/rheum art: surgery since last int.,Osteo/rheum art: surgery since last int.,
035,D,drheum10,rheum10,Osteo/rheum art: joint prostheses,Osteo/rheum art: joint prostheses,
035,D,drheum11,rheum11,Osteo/rheum art: outdoors less often,Osteo/rheum art: outdoors less often,
035,D,drheum12,rheum12,Osteo/rheum art: observation hands,Osteo/rheum art: observation hands,
035,D,drheum8a,rheum8a,Osteo/rheum art: complaints fingers,Osteo/rheum art: complaints fingers,
035,D,drheum8b,rheum8b,Osteo/rheum art: complaints hand/wrist,Osteo/rheum art: complaints hand/wrist,
035,D,drheum8c,rheum8c,Osteo/rheum art: complaints elbows,Osteo/rheum art: complaints elbows,
035,D,drheum8d,rheum8d,Osteo/rheum art: complaints shoulders,Osteo/rheum art: complaints shoulders,
035,D,drheum8e,rheum8e,Osteo/rheum art: complaints toes,Osteo/rheum art: complaints toes,
035,D,drheum8f,rheum8f,Osteo/rheum art: complaints feet/ankles,Osteo/rheum art: complaints feet/ankles,
035,D,drheum8g,rheum8g,Osteo/rheum art: complaints knees,Osteo/rheum art: complaints knees,
035,D,drheum8h,rheum8h,Osteo/rheum art: complaints hip,Osteo/rheum art: complaints hip,
035,D,drheum8i,rheum8i,Osteo/rheum art: complaints neck,Osteo/rheum art: complaints neck,
035,D,drheum9a,rheum9a,Osteo/rheum art: surgery fingers,Osteo/rheum art: surgery fingers,
035,D,drheum9b,rheum9b,Osteo/rheum art: surgery hand/wrist,Osteo/rheum art: surgery hand/wrist,
035,D,drheum9c,rheum9c,Osteo/rheum art: surgery elbows,Osteo/rheum art: surgery elbows,
035,D,drheum9d,rheum9d,Osteo/rheum art: surgery shoulders,Osteo/rheum art: surgery shoulders,
035,D,drheum9e,rheum9e,Osteo/rheum art: surgery toes since,Osteo/rheum art: surgery toes since,
035,D,drheum9f,rheum9f,Osteo/rheum art: surgery feet/ankles,Osteo/rheum art: surgery feet/ankles,
035,D,drheum9g,rheum9g,Osteo/rheum art: surgery knees,Osteo/rheum art: surgery knees,
035,D,drheum9h,rheum9h,Osteo/rheum art: surgery hip,Osteo/rheum art: surgery hip,
035,D,drheum9i,rheum9i,Osteo/rheum art: surgery neck,Osteo/rheum art: surgery neck,
035,D,drmch,rmch,Reason missing: chronical diseases,Reason missing: chronic diseases,Cross-wave variable-label conflict: MB source variable bcancer1 is labelled and coded as the chronic-disease missing-reason variable; harmonized with rmch
035,E,eartve8a,artve8a,"Arteries: surgery, bifurcation","Arteries: surgery, bifurcation",
035,E,eartve8b,artve8b,"Arteries: surgery, femoral","Arteries: surgery, femoral",
035,E,eartve8c,artve8c,"Arteries: surgery, groins","Arteries: surgery, groins",
035,E,eartve8d,artve8d,"Arteries: surgery, dotter","Arteries: surgery, dotter",
035,E,eartve8e,artve8e,"Arteries: surgery, other","Arteries: surgery, other",
035,E,eartvei1,artvei1,Arteries: disease or abnormalities,Arteries: disease or abnormalities,
035,E,eartvei2,artvei2,Arteries: from which age,Arteries: from which age,
035,E,eartvei3,artvei3,Arteries: taking medication,Arteries: taking medication,
035,E,eartvei4,artvei4,Arteries: treatment doctor,Arteries: treatment doctor,
035,E,eartvei5,artvei5,Arteries: pain when walking,Arteries: pain when walking,
035,E,eartvei6,artvei6,Arteries: pain when walking: meters,Arteries: pain when walking: meters,
035,E,eartvei7,artvei7,Arteries: pain disappears standing still,Arteries: pain disappears standing still,
035,E,eartvei8,artvei8,Arteries: surgery since last interview,Arteries: surgery since last interview,"Cross-wave variable-label conflict: B/2B/3B (Arteries: surgery), C/D/E/F/G/H/I/J/K (Arteries: surgery since last interview)"
035,E,eartvei9,artvei9,Arteries: outdoors less often,Arteries: outdoors less often,
035,E,ecance5a,cance5a,"Cancer: tumor, lungs","Cancer: tumor, lungs",
035,E,ecance5b,cance5b,"Cancer: tumor, breast","Cancer: tumor, breast",
035,E,ecance5c,cance5c,Cancer:,Cancer,
035,E,ecance5d,cance5d,"Cancer: tumor, cervix","Cancer: tumor, cervix",
035,E,ecance5e,cance5e,"Cancer: tumor, intestines","Cancer: tumor, intestines",
035,E,ecance5f,cance5f,Cancer:,Cancer,
035,E,ecance5g,cance5g,"Cancer: tumor, larynx","Cancer: tumor, larynx",
035,E,ecance5h,cance5h,"Cancer: tumor, esophagus","Cancer: tumor, esophagus",
035,E,ecance5i,cance5i,"Cancer: tumor, stomach","Cancer: tumor, stomach",
035,E,ecance5j,cance5j,"Cancer: tumor, blood","Cancer: tumor, blood",
035,E,ecance5k,cance5k,"Cancer: tumor, skin","Cancer: tumor, skin",
035,E,ecance5l,cance5l,"Cancer: tumor, other","Cancer: tumor, other",
035,E,ecance5m,cance5m,"Cancer: tumor, which other","Cancer: tumor, which other",
035,E,ecance6a,cance6a,"Cancer: metastases, bone/skeleton","Cancer: metastases, bone/skeleton",
035,E,ecance6b,cance6b,"Cancer: metastases, liver","Cancer: metastases, liver",
035,E,ecance6c,cance6c,"Cancer: metastases, brain","Cancer: metastases, brain",
035,E,ecance6d,cance6d,"Cancer: metastases, lungs","Cancer: metastases, lungs",
035,E,ecance6e,cance6e,"Cancer: metastases, lymph nodes","Cancer: metastases, lymph nodes",
035,E,ecance6f,cance6f,"Cancer: metastases, other","Cancer: metastases, other",
035,E,ecance6g,cance6g,"Cancer: metastases, which other","Cancer: metastases, which other",
035,E,ecance7a,cance7a,"Cancer: surgery, since last interview","Cancer: surgery, since last interview","Cross-wave variable-label conflict: B (Cancer: treatment surgery), C/D/E/F/G/H/I/J/K (Cancer: surgery, since last interview), 2B/3B (Cancer: surgery)"
035,E,ecance7b,cance7b,"Cancer: chemotherapy, since last int.","Cancer: chemotherapy, since last int.","Cross-wave variable-label conflict: B (Cancer: treatment chemotherapy), C/I/J/K (Cancer: chemotherapy, since last interview), D/E/F/G/H (Cancer: chemotherapy, since last int.), 2B/3B (Cancer: chemotherapy surgery)"
035,E,ecance7c,cance7c,"Cancer: radiotherapy, since last int.","Cancer: radiotherapy, since last int.","Cross-wave variable-label conflict: B (Cancer: treatment radiotherapy), C/I/J/K (Cancer: radiotherapy, since last interview), D/E/F/G/H (Cancer: radiotherapy, since last int.), 2B/3B (Cancer: radiotherapy surgery)"
035,E,ecance7d,cance7d,"Cancer: altern. treatment, since l. int.","Cancer: altern. treatment, since l. int.","Cross-wave variable-label conflict: B (Cancer: treatment alternative (Moerman etc)), C/I/J/K (Cancer: alternative treatment, since last interview), D/E/F/G/H (Cancer: altern. treatment, since l. int.), 2B/3B (Cancer: alternative treatment)"
035,E,ecancer1,cancer1,Cancer,Cancer,
035,E,ecancer2,cancer2,Cancer: from which age,Cancer: from which age,
035,E,ecancer3,cancer3,Cancer: taking medication,Cancer: taking medication,
035,E,ecancer4,cancer4,Cancer: treatment doctor,Cancer: treatment doctor,
035,E,ecancer5,cancer5,Cancer: tumor since last interview,Cancer: tumor since last interview,"Cross-wave variable-label conflict: C/D/E/F/G/H/I/J/K (Cancer: tumor since last interview), 2B (Cancer: tumor)"
035,E,ecancer6,cancer6,Cancer: metastases since last interview,Cancer: metastases since last interview,"Cross-wave variable-label conflict: B (Cancer: metastases yes/no), C/D/E/F/G/H/I/J/K (Cancer: metastases since last interview), 2B/3B (Cancer: metastases)"
035,E,ecancer8,cancer8,Cancer: outdoors less often,Cancer: outdoors less often,
035,E,ecara01,cara01,"CNSLD: asthma, chr bronch, emphysema","CNSLD: asthma, chronic bronch, emphysema",
035,E,ecara02,cara02,CNSLD: from which age,CNSLD: from which age,
035,E,ecara03,cara03,CNSLD: taking medication,CNSLD: taking medication,
035,E,ecara04,cara04,CNSLD: treatment doctor,CNSLD: treatment doctor,
035,E,ecara05,cara05,CNSLD: cough almost daily,CNSLD: cough almost daily,
035,E,ecara06,cara06,CNSLD: phlegm almost daily,CNSLD: phlegm almost daily,
035,E,ecara07,cara07,CNSLD: period increased phlegm past year,CNSLD: period increased phlegm past year,
035,E,ecara08,cara08,CNSLD: shortness of breath sometimes,CNSLD: shortness of breath sometimes,
035,E,ecara09,cara09,CNSLD: wheezing breath ever,CNSLD: wheezing breath ever,
035,E,ecara10,cara10,CNSLD: wheezing breath during rest,CNSLD: wheezing breath during rest,
035,E,ecara11,cara11,CNSLD: disturbed night-rest or sleep,CNSLD: disturbed night-rest or sleep,
035,E,ecara12,cara12,CNSLD: outdoors less often,CNSLD: outdoors less often,
035,E,echmodus,chmodus,Long or short interview,Long or short interview,
035,E,ecva01,cva01,CVA,CVA,
035,E,ecva02a,cva02a,CVA: stroke since last interview,CVA: stroke since last interview,
035,E,ecva02b,cva02b,CVA: no of strokes,CVA: no of strokes,
035,E,ecva02c,cva02c,CVA: (short) no of strokes,CVA: (short) no of strokes,
035,E,ecva03a,cva03a,CVA: (short) 1 stroke age,CVA: (short) 1 stroke age,
035,E,ecva03j,cva03j,"CVA: 1, stroke year","CVA: 1, stroke year",
035,E,ecva03m,cva03m,"CVA: 1, stroke month","CVA: 1, stroke month",
035,E,ecva04a,cva04a,"CVA: (short) > 1, first stroke age","CVA: (short) > 1, first stroke age",
035,E,ecva04j,cva04j,"CVA: > 1, first stroke year","CVA: > 1, first stroke year",
035,E,ecva04m,cva04m,"CVA: > 1, first stroke month","CVA: > 1, first stroke month",
035,E,ecva05a,cva05a,"CVA: (short) > 1, last stroke age","CVA: (short) > 1, last stroke age",
035,E,ecva05j,cva05j,"CVA: > 1, last stroke year","CVA: > 1, last stroke year",
035,E,ecva05m,cva05m,"CVA: > 1, last stroke month","CVA: > 1, last stroke month",
035,E,ecva06,cva06,CVA: taking medication,CVA: taking medication,
035,E,ecva07,cva07,CVA: treatment doctor,CVA: treatment doctor,
035,E,ecva08,cva08,CVA: still problems with arms and legs,CVA: still problems with arms and legs,
035,E,ecva09,cva09,CVA: still problems with vision,CVA: still problems with vision,
035,E,ecva10,cva10,CVA: still problems speech,CVA: still problems speech,
035,E,ecva11,cva11,CVA: still problems understanding written text,CVA: still problems understanding written text,
035,E,ecva12,cva12,CVA: outdoors less often,CVA: outdoors less often,
035,E,ediabe01,diabe01,Diabetes,Diabetes,
035,E,ediabe02,diabe02,Diabetes: from which age,Diabetes: from which age,
035,E,ediabe03,diabe03,Diabetes: taking medication,Diabetes: taking medication,
035,E,ediabe04,diabe04,Diabetes: treatment doctor,Diabetes: treatment doctor,
035,E,ediabe05,diabe05,Diabetes: treatment related eye problems,Diabetes: treatment related eye problems,
035,E,ediabe07,diabe07,Diabetes: pain when walking,Diabetes: pain when walking,
035,E,ediabe08,diabe08,Diabetes: pain when walking: no of meter,Diabetes: pain when walking: no of meter,
035,E,ediabe09,diabe09,Diabetes: pain disappears standing still,Diabetes: pain disappears standing still,
035,E,ediabe10,diabe10,Diabetes: pain in legs during rest,Diabetes: pain in legs during rest,
035,E,ediabe11,diabe11,Diabetes: chest pain during exertion,Diabetes: chest pain during exertion,
035,E,ediabe12,diabe12,Diabetes: exertion pain disappears in 10 minutes,Diabetes: exertion pain disappears in 10 minutes,
035,E,ediabe13,diabe13,Diabetes: outdoors less often,Diabetes: outdoors less often,
035,E,ediabe6a,diabe6a,"Diabetes: eye probl, laser","Diabetes: eye probl, laser",
035,E,ediabe6b,diabe6b,"Diabetes: eye probl, cataract","Diabetes: eye probl, cataract",
035,E,ediabe6c,diabe6c,"Diabetes: eye probl, other treatment","Diabetes: eye probl, other treatment",
035,E,ehart01,hart01,Heart: heart disease,Heart: heart disease,
035,E,ehart02,hart02,Heart: from which age,Heart: from which age,
035,E,ehart03,hart03,Heart: taking medication,Heart: taking medication,
035,E,ehart04,hart04,Heart: treatment doctor,Heart: treatment doctor,
035,E,ehart05,hart05,Heart: myocardial infarction since last interview,Heart: myocardial infarction since last interview,"Cross-wave variable-label conflict: B/2B/3B (Heart: myocardial infarction), C (Heart: myocardial infarction since last), D/E/F/G/H/I/J/K (Heart: myocardial infarction since last interview)"
035,E,ehart06,hart06,Heart: no of myocardial inf since last interview,Heart: no of myocardial inf since last interview,"Cross-wave variable-label conflict: B (Heart: myocardial inf no of times), C/D/E/F/G/H/I (Heart: no of myocardial inf since last interview), 2B/3B (Heart: no of myocardial infarctions)"
035,E,ehart07j,hart07j,Heart: one infarction year,Heart: one infarction year,
035,E,ehart07m,hart07m,Heart: one infarction month,Heart: one infarction month,
035,E,ehart08j,hart08j,Heart: >1; first infarction year,Heart: >1; first infarction year,
035,E,ehart08m,hart08m,Heart: >1; first infarction month,Heart: >1; first infarction month,
035,E,ehart09j,hart09j,Heart: >1; last infarction year,Heart: >1; last infarction year,
035,E,ehart09m,hart09m,Heart: >1; last infarction month,Heart: >1; last infarction month,
035,E,ehart10,hart10,Heart: chest pain during exertion,Heart: chest pain during exertion,
035,E,ehart11,hart11,Heart: exertion pain disappears in 10 minutes,Heart: exertion pain disappears in 10 minutes,
035,E,ehart12,hart12,Heart: >1 pillow for shortness of breath,Heart: >1 pillow for shortness of breath,
035,E,ehart13,hart13,"Heart: edema morning; legs, feet, ankles","Heart: edema morning; legs, feet, ankles",
035,E,ehart14,hart14,"Heart: edema evening; legs, feet, ankles","Heart: edema evening; legs, feet, ankles",
035,E,ehart15,hart15,Heart: cardiac surgery since last int.,Heart: cardiac surgery since last int.,
035,E,ehart15a,hart15a,Heart: valves/cardiac surgery since last interview,Heart: valves/cardiac surgery since last interview,"Cross-wave variable-label conflict: B (Heart: surgery valves), C (Heart: valves/cardiac surgery since last), D/E/F/G/H/I/J/K (Heart: valves/cardiac surgery since last interview), 2B/3B (Heart: valves/cardiac surgery)"
035,E,ehart15b,hart15b,Heart: bypass/cardiac surgery since last interview,Heart: bypass/cardiac surgery since last interview,"Cross-wave variable-label conflict: B (Heart: surgery bypass), C/D/E/F/G/H/I/J/K (Heart: bypass/cardiac surgery since last int.), 2B/3B (Heart: bypass/cardiac surgery)"
035,E,ehart15c,hart15c,Heart: dotter/cardiac surgery since last interview,Heart: dotter/cardiac surgery since last interview,"Cross-wave variable-label conflict: B (Heart: surgery dotter), C/D/E/F/G/H/I/J/K (Heart: dotter/cardiac surgery since last int.), 2B/3B (Heart: dotter/cardiac surgery)"
035,E,ehart15d,hart15d,Heart: pacemaker/cardiac surgery since last interview,Heart: pacemaker/cardiac surgery since last interview,"Cross-wave variable-label conflict: B (Heart: surgery pacemaker), C/D/E/F/G/H/I/J/K (Heart: pacemaker/cardiac surgery since last interview), 2B/3B (Heart: pacemaker/cardiac surgery)"
035,E,ehart15e,hart15e,Heart: other/cardiac surgery since l. int.,Heart: other/cardiac surgery since l. int.,"Cross-wave variable-label conflict: B (Heart: surgery other), C/D/E/F/G/H/I/J/K (Heart: other/cardiac surgery since last int.), 2B/3B (Heart: other/cardiac surgery)"
035,E,ehart16,hart16,Heart: outdoors less often,Heart: outdoors less often,
035,E,ehbd1,hbd1,Hypertension,Hypertension,
035,E,ehbd2,hbd2,Hypertension: from which age,Hypertension: from which age,
035,E,ehbd2a,hbd2a,Hypertension: taking medication,Hypertension: taking medication,
035,E,ehbd3,hbd3,Hypertension: treatment doctor,Hypertension: treatment doctor,
035,E,eincon1,incon1,Incontinence,Incontinence,
035,E,eincon2,incon2,Incontinence: from which age,Incontinence: from which age,
035,E,eincon3,incon3,Incontinence: taking medication,Incontinence: taking medication,
035,E,eincon4,incon4,Incontinence: treatment doctor,Incontinence: treatment doctor,
035,E,eincon5,incon5,Incontinence: how often loss of urine,Incontinence: how often loss of urine,
035,E,eincon6,incon6,Incontinence: use special material,Incontinence: use special material,
035,E,eincon7,incon7,Incontinence: surgery since last interview,Incontinence: surgery since last interview,"Cross-wave variable-label conflict: B (Incontinence: surgery yes/no), C/D/E/F/G/H (Incontinence: surgery since last interview), 2B/3B (Incontinence: surgery)"
035,E,eincon8,incon8,Incontinence: outdoors less often,Incontinence: outdoors less often,
035,E,eothsi01,othsi01,Other1: other chronic diseases,Other1: other chronic diseases,
035,E,eothsi02,othsi02,Other1: disease,Other1: disease,
035,E,eothsi04,othsi04,Other1: from which age,Other1: from which age,
035,E,eothsi05,othsi05,Other1: taking medication,Other1: taking medication,
035,E,eothsi06,othsi06,Other1: treatment doctor,Other1: treatment doctor,
035,E,eothsi07,othsi07,Other2: other chronic diseases,Other2: other chronic diseases,
035,E,eothsi08,othsi08,Other2: disease,Other2: disease,
035,E,eothsi10,othsi10,Other2: from which age,Other2: from which age,
035,E,eothsi11,othsi11,Other2: taking medication,Other2: taking medication,
035,E,eothsi12,othsi12,Other2: treatment doctor,Other2: treatment doctor,
035,E,erheum01,rheum01,Osteo/rheum art: osteoarthritis,Osteo/rheum art: osteoarthritis,
035,E,erheum02,rheum02,Osteo/rheum art: rheumatoid arthritis,Osteo/rheum art: rheumatoid arthritis,
035,E,erheum03,rheum03,Osteo/rheum art: from which age,Osteo/rheum art: from which age,
035,E,erheum04,rheum04,Osteo/rheum art: taking medication,Osteo/rheum art: taking medication,
035,E,erheum05,rheum05,Osteo/rheum art: treatment doctor,Osteo/rheum art: treatment doctor,
035,E,erheum06,rheum06,Osteo/rheum art: pain in joints past 3 months,Osteo/rheum art: pain in joints past 3 months,
035,E,erheum07,rheum07,Osteo/rheum art: morning stiffness joint,Osteo/rheum art: morning stiffness joint,
035,E,erheum08,rheum08,Osteo/rheum art: swelling joints past month,Osteo/rheum art: swelling joints past month,
035,E,erheum09,rheum09,Osteo/rheum art: surgery since last int.,Osteo/rheum art: surgery since last int.,
035,E,erheum10,rheum10,Osteo/rheum art: joint prostheses,Osteo/rheum art: joint prostheses,
035,E,erheum11,rheum11,Osteo/rheum art: outdoors less often,Osteo/rheum art: outdoors less often,
035,E,erheum12,rheum12,Osteo/rheum art: observation hands,Osteo/rheum art: observation hands,
035,E,erheum8a,rheum8a,Osteo/rheum art: complaints fingers,Osteo/rheum art: complaints fingers,
035,E,erheum8b,rheum8b,Osteo/rheum art: complaints hand/wrist,Osteo/rheum art: complaints hand/wrist,
035,E,erheum8c,rheum8c,Osteo/rheum art: complaints elbows,Osteo/rheum art: complaints elbows,
035,E,erheum8d,rheum8d,Osteo/rheum art: complaints shoulders,Osteo/rheum art: complaints shoulders,
035,E,erheum8e,rheum8e,Osteo/rheum art: complaints toes,Osteo/rheum art: complaints toes,
035,E,erheum8f,rheum8f,Osteo/rheum art: complaints feet/ankles,Osteo/rheum art: complaints feet/ankles,
035,E,erheum8g,rheum8g,Osteo/rheum art: complaints knees,Osteo/rheum art: complaints knees,
035,E,erheum8h,rheum8h,Osteo/rheum art: complaints hip,Osteo/rheum art: complaints hip,
035,E,erheum8i,rheum8i,Osteo/rheum art: complaints neck,Osteo/rheum art: complaints neck,
035,E,erheum9a,rheum9a,Osteo/rheum art: surgery fingers,Osteo/rheum art: surgery fingers,
035,E,erheum9b,rheum9b,Osteo/rheum art: surgery hand/wrist,Osteo/rheum art: surgery hand/wrist,
035,E,erheum9c,rheum9c,Osteo/rheum art: surgery elbows,Osteo/rheum art: surgery elbows,
035,E,erheum9d,rheum9d,Osteo/rheum art: surgery shoulders,Osteo/rheum art: surgery shoulders,
035,E,erheum9e,rheum9e,Osteo/rheum art: surgery toes since,Osteo/rheum art: surgery toes since,
035,E,erheum9f,rheum9f,Osteo/rheum art: surgery feet/ankles,Osteo/rheum art: surgery feet/ankles,
035,E,erheum9g,rheum9g,Osteo/rheum art: surgery knees,Osteo/rheum art: surgery knees,
035,E,erheum9h,rheum9h,Osteo/rheum art: surgery hip,Osteo/rheum art: surgery hip,
035,E,erheum9i,rheum9i,Osteo/rheum art: surgery neck,Osteo/rheum art: surgery neck,
035,E,ermch,rmch,Reason missing: chronical diseases,Reason missing: chronic diseases,Cross-wave variable-label conflict: MB source variable bcancer1 is labelled and coded as the chronic-disease missing-reason variable; harmonized with rmch
035,2B,bartve8a,artve8a,"Arteries: surgery, bifurcation","Arteries: surgery, bifurcation",
035,2B,bartve8b,artve8b,"Arteries: surgery, femoral","Arteries: surgery, femoral",
035,2B,bartve8c,artve8c,"Arteries: surgery, groins","Arteries: surgery, groins",
035,2B,bartve8d,artve8d,"Arteries: surgery, dotter","Arteries: surgery, dotter",
035,2B,bartve8e,artve8e,"Arteries: surgery, other","Arteries: surgery, other",
035,2B,bartvei1,artvei1,Arteries: disease or abnormalities,Arteries: disease or abnormalities,
035,2B,bartvei2,artvei2,Arteries: from which age,Arteries: from which age,
035,2B,bartvei3,artvei3,Arteries: taking medication,Arteries: taking medication,
035,2B,bartvei4,artvei4,Arteries: treatment doctor,Arteries: treatment doctor,
035,2B,bartvei5,artvei5,Arteries: pain when walking,Arteries: pain when walking,
035,2B,bartvei6,artvei6,Arteries: pain when walking: meters,Arteries: pain when walking: meters,
035,2B,bartvei7,artvei7,Arteries: pain disappears standing still,Arteries: pain disappears standing still,
035,2B,bartvei8,artvei8,Arteries: surgery,Arteries: surgery since last interview,"Cross-wave variable-label conflict: B/2B/3B (Arteries: surgery), C/D/E/F/G/H/I/J/K (Arteries: surgery since last interview)"
035,2B,bcance5a,cance5a,"Cancer: tumor, lungs","Cancer: tumor, lungs",
035,2B,bcance5b,cance5b,"Cancer: tumor, breast","Cancer: tumor, breast",
035,2B,bcance5c,cance5c,Cancer:,Cancer,
035,2B,bcance5d,cance5d,Cancer:,"Cancer: tumor, cervix",
035,2B,bcance5e,cance5e,"Cancer: tumor, intestines","Cancer: tumor, intestines",
035,2B,bcance5f,cance5f,Cancer:,Cancer,
035,2B,bcance5g,cance5g,"Cancer: tumor, larynx","Cancer: tumor, larynx",
035,2B,bcance5h,cance5h,"Cancer: tumor, esophagus","Cancer: tumor, esophagus",
035,2B,bcance5i,cance5i,"Cancer: tumor, stomach","Cancer: tumor, stomach",
035,2B,bcance5j,cance5j,"Cancer: tumor, blood","Cancer: tumor, blood",
035,2B,bcance5k,cance5k,"Cancer: tumor, skin","Cancer: tumor, skin",
035,2B,bcance5l,cance5l,"Cancer: tumor, other","Cancer: tumor, other",
035,2B,bcance5m,cance5m,"Cancer: tumor, which other","Cancer: tumor, which other",
035,2B,bcance6a,cance6a,"Cancer: metastases, bone/skeleton","Cancer: metastases, bone/skeleton",
035,2B,bcance6b,cance6b,"Cancer: metastases, liver","Cancer: metastases, liver",
035,2B,bcance6c,cance6c,"Cancer: metastases, brain","Cancer: metastases, brain",
035,2B,bcance6d,cance6d,"Cancer: metastases, lungs","Cancer: metastases, lungs",
035,2B,bcance6e,cance6e,"Cancer: metastases, lymph nodes","Cancer: metastases, lymph nodes",
035,2B,bcance6f,cance6f,"Cancer: metastases, other","Cancer: metastases, other",
035,2B,bcance6g,cance6g,"Cancer: metastases, which other","Cancer: metastases, which other",
035,2B,bcance7a,cance7a,Cancer: surgery,"Cancer: surgery, since last interview","Cross-wave variable-label conflict: B (Cancer: treatment surgery), C/D/E/F/G/H/I/J/K (Cancer: surgery, since last interview), 2B/3B (Cancer: surgery)"
035,2B,bcance7b,cance7b,Cancer: chemotherapy surgery,"Cancer: chemotherapy, since last int.","Cross-wave variable-label conflict: B (Cancer: treatment chemotherapy), C/I/J/K (Cancer: chemotherapy, since last interview), D/E/F/G/H (Cancer: chemotherapy, since last int.), 2B/3B (Cancer: chemotherapy surgery)"
035,2B,bcance7c,cance7c,Cancer: radiotherapy surgery,"Cancer: radiotherapy, since last int.","Cross-wave variable-label conflict: B (Cancer: treatment radiotherapy), C/I/J/K (Cancer: radiotherapy, since last interview), D/E/F/G/H (Cancer: radiotherapy, since last int.), 2B/3B (Cancer: radiotherapy surgery)"
035,2B,bcance7d,cance7d,Cancer: alternative treatment,"Cancer: altern. treatment, since l. int.","Cross-wave variable-label conflict: B (Cancer: treatment alternative (Moerman etc)), C/I/J/K (Cancer: alternative treatment, since last interview), D/E/F/G/H (Cancer: altern. treatment, since l. int.), 2B/3B (Cancer: alternative treatment)"
035,2B,bcancer1,cancer1,Cancer,Cancer,
035,2B,bcancer2,cancer2,Cancer: from which age,Cancer: from which age,
035,2B,bcancer3,cancer3,Cancer: taking medication,Cancer: taking medication,
035,2B,bcancer4,cancer4,Cancer: treatment doctor,Cancer: treatment doctor,
035,2B,bcancer5,cancer5,Cancer: tumor,Cancer: tumor since last interview,"Cross-wave variable-label conflict: C/D/E/F/G/H/I/J/K (Cancer: tumor since last interview), 2B (Cancer: tumor)"
035,2B,bcancer6,cancer6,Cancer: metastases,Cancer: metastases since last interview,"Cross-wave variable-label conflict: B (Cancer: metastases yes/no), C/D/E/F/G/H/I/J/K (Cancer: metastases since last interview), 2B/3B (Cancer: metastases)"
035,2B,bcara01,cara01,"CNSLD: asthma, chr bronch, emphysema","CNSLD: asthma, chronic bronch, emphysema",
035,2B,bcara02,cara02,CNSLD: from which age,CNSLD: from which age,
035,2B,bcara03,cara03,CNSLD: taking medication,CNSLD: taking medication,
035,2B,bcara04,cara04,CNSLD: treatment doctor,CNSLD: treatment doctor,
035,2B,bcara05,cara05,CNSLD: cough almost daily,CNSLD: cough almost daily,
035,2B,bcara06,cara06,CNSLD: phlegm almost daily,CNSLD: phlegm almost daily,
035,2B,bcara07,cara07,CNSLD: period increased phlegm past year,CNSLD: period increased phlegm past year,
035,2B,bcara08,cara08,CNSLD: shortness of breath sometimes,CNSLD: shortness of breath sometimes,
035,2B,bcara09,cara09,CNSLD: wheezing breath ever,CNSLD: wheezing breath ever,
035,2B,bcara10,cara10,CNSLD: wheezing breath during rest,CNSLD: wheezing breath during rest,
035,2B,bcara11,cara11,CNSLD: disturbed night-rest or sleep,CNSLD: disturbed night-rest or sleep,
035,2B,bcva01,cva01,CVA,CVA,
035,2B,bcva02b,cva02b,CVA: number of strokes,CVA: no of strokes,
035,2B,bcva03j,cva03j,"CVA: 1, stroke year","CVA: 1, stroke year",
035,2B,bcva03m,cva03m,"CVA: 1, stroke month","CVA: 1, stroke month",
035,2B,bcva04j,cva04j,"CVA: > 1, first stroke year","CVA: > 1, first stroke year",
035,2B,bcva04m,cva04m,"CVA: > 1, first stroke month","CVA: > 1, first stroke month",
035,2B,bcva05j,cva05j,"CVA: > 1, last stroke year","CVA: > 1, last stroke year",
035,2B,bcva05m,cva05m,"CVA: > 1, last stroke month","CVA: > 1, last stroke month",
035,2B,bcva06,cva06,CVA: taking medication,CVA: taking medication,
035,2B,bcva07,cva07,CVA: treatment doctor,CVA: treatment doctor,
035,2B,bcva08,cva08,CVA: still problems with arms and legs,CVA: still problems with arms and legs,
035,2B,bcva09,cva09,CVA: still problems with vision,CVA: still problems with vision,
035,2B,bcva10,cva10,CVA: still problems speech,CVA: still problems speech,
035,2B,bcva11,cva11,CVA: still problems understanding written text,CVA: still problems understanding written text,
035,2B,bdiabe01,diabe01,Diabetes,Diabetes,
035,2B,bdiabe02,diabe02,Diabetes: from which age,Diabetes: from which age,
035,2B,bdiabe03,diabe03,Diabetes: taking medication,Diabetes: taking medication,
035,2B,bdiabe04,diabe04,Diabetes: treatment doctor,Diabetes: treatment doctor,
035,2B,bdiabe05,diabe05,Diabetes: treatment related eye problems,Diabetes: treatment related eye problems,
035,2B,bdiabe07,diabe07,Diabetes: pain when walking,Diabetes: pain when walking,
035,2B,bdiabe08,diabe08,Diabetes: pain when walking: no of meter,Diabetes: pain when walking: no of meter,
035,2B,bdiabe09,diabe09,Diabetes: pain disappears standing still,Diabetes: pain disappears standing still,
035,2B,bdiabe10,diabe10,Diabetes: pain in legs during rest,Diabetes: pain in legs during rest,
035,2B,bdiabe11,diabe11,Diabetes: chest pain during exertion already asked/,Diabetes: chest pain during exertion,
035,2B,bdiabe12,diabe12,Diabetes: exertion pain disappears in 10 minutes,Diabetes: exertion pain disappears in 10 minutes,
035,2B,bdiabe6a,diabe6a,"Diabetes: eye probl, laser","Diabetes: eye probl, laser",
035,2B,bbdiabe6b,diabe6b,"Diabetes: eye probl, cataract","Diabetes: eye probl, cataract",
035,2B,bdiabe6c,diabe6c,"Diabetes: eye probl, other treatment","Diabetes: eye probl, other treatment",
035,2B,bhart01,hart01,Heart: heart disease,Heart: heart disease,
035,2B,bhart02,hart02,Heart: from which age,Heart: from which age,
035,2B,bhart03,hart03,Heart: taking medication,Heart: taking medication,
035,2B,bhart04,hart04,Heart: treatment doctor,Heart: treatment doctor,
035,2B,bhart05,hart05,Heart: myocardial infarction,Heart: myocardial infarction since last interview,"Cross-wave variable-label conflict: B/2B/3B (Heart: myocardial infarction), C (Heart: myocardial infarction since last), D/E/F/G/H/I/J/K (Heart: myocardial infarction since last interview)"
035,2B,bhart06,hart06,Heart: no of myocardial infarctions,Heart: no of myocardial inf since last interview,"Cross-wave variable-label conflict: B (Heart: myocardial inf no of times), C/D/E/F/G/H/I (Heart: no of myocardial inf since last interview), 2B/3B (Heart: no of myocardial infarctions)"
035,2B,bhart07j,hart07j,Heart: one infarction year,Heart: one infarction year,
035,2B,bhart07m,hart07m,Heart: one infarction month,Heart: one infarction month,
035,2B,bhart08j,hart08j,Heart: >1; first infarction year,Heart: >1; first infarction year,
035,2B,bhart08m,hart08m,Heart: >1; first infarction month,Heart: >1; first infarction month,
035,2B,bhart09j,hart09j,Heart: >1; last infarction year,Heart: >1; last infarction year,
035,2B,bhart09m,hart09m,Heart: >1; last infarction month,Heart: >1; last infarction month,
035,2B,bhart10,hart10,Heart: chest pain during exertion,Heart: chest pain during exertion,
035,2B,bhart11,hart11,Heart: exertion pain disappears in 10 minutes,Heart: exertion pain disappears in 10 minutes,
035,2B,bhart12,hart12,Heart: >1 pillow for shortness of breath,Heart: >1 pillow for shortness of breath,
035,2B,bhart13,hart13,"Heart: edema morning; legs, feet, ankles","Heart: edema morning; legs, feet, ankles",
035,2B,bhart14,hart14,"Heart: edema evening; legs, feet, ankles","Heart: edema evening; legs, feet, ankles",
035,2B,bhart15,hart15,Heart: cardiac surgery,Heart: cardiac surgery since last int.,
035,2B,bhart15a,hart15a,Heart: valves/cardiac surgery,Heart: valves/cardiac surgery since last interview,"Cross-wave variable-label conflict: B (Heart: surgery valves), C (Heart: valves/cardiac surgery since last), D/E/F/G/H/I/J/K (Heart: valves/cardiac surgery since last interview), 2B/3B (Heart: valves/cardiac surgery)"
035,2B,bhart15b,hart15b,Heart: bypass/cardiac surgery,Heart: bypass/cardiac surgery since last interview,"Cross-wave variable-label conflict: B (Heart: surgery bypass), C/D/E/F/G/H/I/J/K (Heart: bypass/cardiac surgery since last int.), 2B/3B (Heart: bypass/cardiac surgery)"
035,2B,bhart15c,hart15c,Heart: dotter/cardiac surgery,Heart: dotter/cardiac surgery since last interview,"Cross-wave variable-label conflict: B (Heart: surgery dotter), C/D/E/F/G/H/I/J/K (Heart: dotter/cardiac surgery since last int.), 2B/3B (Heart: dotter/cardiac surgery)"
035,2B,bhart15d,hart15d,Heart: pacemaker/cardiac surgery,Heart: pacemaker/cardiac surgery since last interview,"Cross-wave variable-label conflict: B (Heart: surgery pacemaker), C/D/E/F/G/H/I/J/K (Heart: pacemaker/cardiac surgery since last interview), 2B/3B (Heart: pacemaker/cardiac surgery)"
035,2B,bhart15e,hart15e,Heart: other/cardiac surgery,Heart: other/cardiac surgery since l. int.,"Cross-wave variable-label conflict: B (Heart: surgery other), C/D/E/F/G/H/I/J/K (Heart: other/cardiac surgery since last int.), 2B/3B (Heart: other/cardiac surgery)"
035,2B,bhbd1,hbd1,Hypertension,Hypertension,
035,2B,bhbd2,hbd2,Hypertension: from which age,Hypertension: from which age,
035,2B,bhbd2a,hbd2a,Hypertension: taking medication,Hypertension: taking medication,
035,2B,bhbd3,hbd3,Hypertension: treatment doctor,Hypertension: treatment doctor,
035,2B,bincon1,incon1,Incontinence,Incontinence,
035,2B,bincon2,incon2,Incontinence: from which age,Incontinence: from which age,
035,2B,bincon3,incon3,Incontinence: taking medication,Incontinence: taking medication,
035,2B,bincon4,incon4,Incontinence: treatment doctor,Incontinence: treatment doctor,
035,2B,bincon5,incon5,Incontinence: how often loss of urine,Incontinence: how often loss of urine,
035,2B,bincon6,incon6,Incontinence: use special material,Incontinence: use special material,
035,2B,bincon7,incon7,Incontinence: surgery,Incontinence: surgery since last interview,"Cross-wave variable-label conflict: B (Incontinence: surgery yes/no), C/D/E/F/G/H (Incontinence: surgery since last interview), 2B/3B (Incontinence: surgery)"
035,2B,bothsi01,othsi01,Other1: other chronic diseases,Other1: other chronic diseases,
035,2B,bothsi02,othsi02,Other1: disease,Other1: disease,
035,2B,bothsi04,othsi04,Other1: from which age,Other1: from which age,
035,2B,bothsi05,othsi05,Other1: taking medication,Other1: taking medication,
035,2B,bothsi06,othsi06,Other1: treatment doctor,Other1: treatment doctor,
035,2B,bothsi07,othsi07,Other2: other chronic diseases,Other2: other chronic diseases,
035,2B,bothsi08,othsi08,Other2: disease,Other2: disease,
035,2B,bothsi10,othsi10,Other2: from which age,Other2: from which age,
035,2B,bothsi12,othsi12,Other2: treatment doctor,Other2: treatment doctor,
035,2B,brheum01,rheum01,Osteo/rheum art: osteoarthritis,Osteo/rheum art: osteoarthritis,
035,2B,brheum02,rheum02,Osteo/rheum art: rheumatoid arthritis,Osteo/rheum art: rheumatoid arthritis,
035,2B,brheum03,rheum03,Osteo/rheum art: from which age,Osteo/rheum art: from which age,
035,2B,brheum04,rheum04,Osteo/rheum art: taking medication,Osteo/rheum art: taking medication,
035,2B,brheum05,rheum05,Osteo/rheum art: treatment doctor,Osteo/rheum art: treatment doctor,
035,2B,brheum06,rheum06,Osteo/rheum art: pain in joints past 3 months,Osteo/rheum art: pain in joints past 3 months,
035,2B,brheum07,rheum07,Osteo/rheum art: morning stiffness joint,Osteo/rheum art: morning stiffness joint,
035,2B,brheum08,rheum08,Osteo/rheum art: swelling joints past month,Osteo/rheum art: swelling joints past month,
035,2B,brheum09,rheum09,Osteo/rheum art: surgery,Osteo/rheum art: surgery since last int.,
035,2B,brheum10,rheum10,Osteo/rheum art: joint prostheses,Osteo/rheum art: joint prostheses,
035,2B,brheum12,rheum12,Osteo/rheum art: observation hands,Osteo/rheum art: observation hands,
035,2B,brheum8a,rheum8a,Osteo/rheum art: complaints fingers,Osteo/rheum art: complaints fingers,
035,2B,brheum8b,rheum8b,Osteo/rheum art: complaints hand/wrist,Osteo/rheum art: complaints hand/wrist,
035,2B,brheum8c,rheum8c,Osteo/rheum art: complaints elbows,Osteo/rheum art: complaints elbows,
035,2B,brheum8d,rheum8d,Osteo/rheum art: complaints shoulders,Osteo/rheum art: complaints shoulders,
035,2B,brheum8e,rheum8e,Osteo/rheum art: complaints toes,Osteo/rheum art: complaints toes,
035,2B,brheum8f,rheum8f,Osteo/rheum art: complaints feet/ankles,Osteo/rheum art: complaints feet/ankles,
035,2B,brheum8g,rheum8g,Osteo/rheum art: complaints knees,Osteo/rheum art: complaints knees,
035,2B,brheum8h,rheum8h,Osteo/rheum art: complaints hip,Osteo/rheum art: complaints hip,
035,2B,brheum8i,rheum8i,Osteo/rheum art: complaints neck,Osteo/rheum art: complaints neck,
035,2B,brheum9a,rheum9a,Osteo/rheum art: surgery fingers,Osteo/rheum art: surgery fingers,
035,2B,brheum9b,rheum9b,Osteo/rheum art: surgery hand/wrist,Osteo/rheum art: surgery hand/wrist,
035,2B,brheum9c,rheum9c,Osteo/rheum art: surgery elbows,Osteo/rheum art: surgery elbows,
035,2B,brheum9d,rheum9d,Osteo/rheum art: surgery shoulders,Osteo/rheum art: surgery shoulders,
035,2B,brheum9e,rheum9e,Osteo/rheum art: surgery toes since,Osteo/rheum art: surgery toes since,
035,2B,brheum9f,rheum9f,Osteo/rheum art: surgery feet/ankles,Osteo/rheum art: surgery feet/ankles,
035,2B,brheum9g,rheum9g,Osteo/rheum art: surgery knees,Osteo/rheum art: surgery knees,
035,2B,brheum9h,rheum9h,Osteo/rheum art: surgery hip,Osteo/rheum art: surgery hip,
035,2B,brheum9i,rheum9i,Osteo/rheum art: surgery neck,Osteo/rheum art: surgery neck,
035,2B,brmch,rmch,Reason missing: chronical diseases,Reason missing: chronic diseases,Cross-wave variable-label conflict: MB source variable bcancer1 is labelled and coded as the chronic-disease missing-reason variable; harmonized with rmch
035,F,fartve8a,artve8a,"Arteries: surgery, bifurcation","Arteries: surgery, bifurcation",
035,F,fartve8b,artve8b,"Arteries: surgery, femoral","Arteries: surgery, femoral",
035,F,fartve8c,artve8c,"Arteries: surgery, groins","Arteries: surgery, groins",
035,F,fartve8d,artve8d,"Arteries: surgery, dotter","Arteries: surgery, dotter",
035,F,fartve8e,artve8e,"Arteries: surgery, other","Arteries: surgery, other",
035,F,fartvei1,artvei1,Arteries: disease or abnormalities,Arteries: disease or abnormalities,
035,F,fartvei2,artvei2,Arteries: from which age,Arteries: from which age,
035,F,fartvei3,artvei3,Arteries: taking medication,Arteries: taking medication,
035,F,fartvei4,artvei4,Arteries: treatment doctor,Arteries: treatment doctor,
035,F,fartvei5,artvei5,Arteries: pain when walking,Arteries: pain when walking,
035,F,fartvei6,artvei6,Arteries: pain when walking: meters,Arteries: pain when walking: meters,
035,F,fartvei7,artvei7,Arteries: pain disappears standing still,Arteries: pain disappears standing still,
035,F,fartvei8,artvei8,Arteries: surgery since last interview,Arteries: surgery since last interview,"Cross-wave variable-label conflict: B/2B/3B (Arteries: surgery), C/D/E/F/G/H/I/J/K (Arteries: surgery since last interview)"
035,F,fartvei9,artvei9,Arteries: outdoors less often,Arteries: outdoors less often,
035,F,fcance5a,cance5a,"Cancer: tumor, lungs","Cancer: tumor, lungs",
035,F,fcance5b,cance5b,"Cancer: tumor, breast","Cancer: tumor, breast",
035,F,fcance5c,cance5c,Cancer:,Cancer,
035,F,fcance5d,cance5d,"Cancer: tumor, cervix","Cancer: tumor, cervix",
035,F,fcance5e,cance5e,"Cancer: tumor, intestines","Cancer: tumor, intestines",
035,F,fcance5f,cance5f,Cancer:,Cancer,
035,F,fcance5g,cance5g,"Cancer: tumor, larynx","Cancer: tumor, larynx",
035,F,fcance5h,cance5h,"Cancer: tumor, esophagus","Cancer: tumor, esophagus",
035,F,fcance5i,cance5i,"Cancer: tumor, stomach","Cancer: tumor, stomach",
035,F,fcance5j,cance5j,"Cancer: tumor, blood","Cancer: tumor, blood",
035,F,fcance5k,cance5k,"Cancer: tumor, skin","Cancer: tumor, skin",
035,F,fcance5l,cance5l,"Cancer: tumor, other","Cancer: tumor, other",
035,F,fcance5m,cance5m,"Cancer: tumor, which other","Cancer: tumor, which other",
035,F,fcance6a,cance6a,"Cancer: metastases, bone/skeleton","Cancer: metastases, bone/skeleton",
035,F,fcance6b,cance6b,"Cancer: metastases, liver","Cancer: metastases, liver",
035,F,fcance6c,cance6c,"Cancer: metastases, brain","Cancer: metastases, brain",
035,F,fcance6d,cance6d,"Cancer: metastases, lungs","Cancer: metastases, lungs",
035,F,fcance6e,cance6e,"Cancer: metastases, lymph nodes","Cancer: metastases, lymph nodes",
035,F,fcance6f,cance6f,"Cancer: metastases, other","Cancer: metastases, other",
035,F,fcance6g,cance6g,"Cancer: metastases, which other","Cancer: metastases, which other",
035,F,fcance7a,cance7a,"Cancer: surgery, since last interview","Cancer: surgery, since last interview","Cross-wave variable-label conflict: B (Cancer: treatment surgery), C/D/E/F/G/H/I/J/K (Cancer: surgery, since last interview), 2B/3B (Cancer: surgery)"
035,F,fcance7b,cance7b,"Cancer: chemotherapy, since last int.","Cancer: chemotherapy, since last int.","Cross-wave variable-label conflict: B (Cancer: treatment chemotherapy), C/I/J/K (Cancer: chemotherapy, since last interview), D/E/F/G/H (Cancer: chemotherapy, since last int.), 2B/3B (Cancer: chemotherapy surgery)"
035,F,fcance7c,cance7c,"Cancer: radiotherapy, since last int.","Cancer: radiotherapy, since last int.","Cross-wave variable-label conflict: B (Cancer: treatment radiotherapy), C/I/J/K (Cancer: radiotherapy, since last interview), D/E/F/G/H (Cancer: radiotherapy, since last int.), 2B/3B (Cancer: radiotherapy surgery)"
035,F,fcance7d,cance7d,"Cancer: altern. treatment, since l. int.","Cancer: altern. treatment, since l. int.","Cross-wave variable-label conflict: B (Cancer: treatment alternative (Moerman etc)), C/I/J/K (Cancer: alternative treatment, since last interview), D/E/F/G/H (Cancer: altern. treatment, since l. int.), 2B/3B (Cancer: alternative treatment)"
035,F,fcancer1,cancer1,Cancer,Cancer,
035,F,fcancer2,cancer2,Cancer: from which age,Cancer: from which age,
035,F,fcancer3,cancer3,Cancer: taking medication,Cancer: taking medication,
035,F,fcancer4,cancer4,Cancer: treatment doctor,Cancer: treatment doctor,
035,F,fcancer5,cancer5,Cancer: tumor since last interview,Cancer: tumor since last interview,"Cross-wave variable-label conflict: C/D/E/F/G/H/I/J/K (Cancer: tumor since last interview), 2B (Cancer: tumor)"
035,F,fcancer6,cancer6,Cancer: metastases since last interview,Cancer: metastases since last interview,"Cross-wave variable-label conflict: B (Cancer: metastases yes/no), C/D/E/F/G/H/I/J/K (Cancer: metastases since last interview), 2B/3B (Cancer: metastases)"
035,F,fcancer8,cancer8,Cancer: outdoors less often,Cancer: outdoors less often,
035,F,fcara01,cara01,"CNSLD: asthma, chr bronch, emphysema","CNSLD: asthma, chronic bronch, emphysema",
035,F,fcara02,cara02,CNSLD: from which age,CNSLD: from which age,
035,F,fcara03,cara03,CNSLD: taking medication,CNSLD: taking medication,
035,F,fcara04,cara04,CNSLD: treatment doctor,CNSLD: treatment doctor,
035,F,fcara05,cara05,CNSLD: cough almost daily,CNSLD: cough almost daily,
035,F,fcara06,cara06,CNSLD: phlegm almost daily,CNSLD: phlegm almost daily,
035,F,fcara07,cara07,CNSLD: period increased phlegm past year,CNSLD: period increased phlegm past year,
035,F,fcara08,cara08,CNSLD: shortness of breath sometimes,CNSLD: shortness of breath sometimes,
035,F,fcara09,cara09,CNSLD: wheezing breath ever,CNSLD: wheezing breath ever,
035,F,fcara10,cara10,CNSLD: wheezing breath during rest,CNSLD: wheezing breath during rest,
035,F,fcara11,cara11,CNSLD: disturbed night-rest or sleep,CNSLD: disturbed night-rest or sleep,
035,F,fcara12,cara12,CNSLD: outdoors less often,CNSLD: outdoors less often,
035,F,fchmodus,chmodus,Long or short interview,Long or short interview,
035,F,fcva01,cva01,CVA,CVA,
035,F,fcva02a,cva02a,CVA: stroke since last interview,CVA: stroke since last interview,
035,F,fcva02b,cva02b,CVA: no of strokes,CVA: no of strokes,
035,F,fcva02c,cva02c,CVA: (short) no of strokes,CVA: (short) no of strokes,
035,F,fcva03a,cva03a,CVA: (short) 1 stroke age,CVA: (short) 1 stroke age,
035,F,fcva03j,cva03j,"CVA: 1, stroke year","CVA: 1, stroke year",
035,F,fcva03m,cva03m,"CVA: 1, stroke month","CVA: 1, stroke month",
035,F,fcva04a,cva04a,"CVA: (short) > 1, first stroke age","CVA: (short) > 1, first stroke age",
035,F,fcva04j,cva04j,"CVA: > 1, first stroke year","CVA: > 1, first stroke year",
035,F,fcva04m,cva04m,"CVA: > 1, first stroke month","CVA: > 1, first stroke month",
035,F,fcva05a,cva05a,"CVA: (short) > 1, last stroke age","CVA: (short) > 1, last stroke age",
035,F,fcva05j,cva05j,"CVA: > 1, last stroke year","CVA: > 1, last stroke year",
035,F,fcva05m,cva05m,"CVA: > 1, last stroke month","CVA: > 1, last stroke month",
035,F,fcva06,cva06,CVA: taking medication,CVA: taking medication,
035,F,fcva07,cva07,CVA: treatment doctor,CVA: treatment doctor,
035,F,fcva08,cva08,CVA: still problems with arms and legs,CVA: still problems with arms and legs,
035,F,fcva09,cva09,CVA: still problems with vision,CVA: still problems with vision,
035,F,fcva10,cva10,CVA: still problems speech,CVA: still problems speech,
035,F,fcva11,cva11,CVA: still problems understanding written text,CVA: still problems understanding written text,
035,F,fcva12,cva12,CVA: outdoors less often,CVA: outdoors less often,
035,F,fdiabe01,diabe01,Diabetes,Diabetes,
035,F,fdiabe02,diabe02,Diabetes: from which age,Diabetes: from which age,
035,F,fdiabe03,diabe03,Diabetes: taking medication,Diabetes: taking medication,
035,F,fdiabe04,diabe04,Diabetes: treatment doctor,Diabetes: treatment doctor,
035,F,fdiabe05,diabe05,Diabetes: treatment related eye problems,Diabetes: treatment related eye problems,
035,F,fdiabe07,diabe07,Diabetes: pain when walking,Diabetes: pain when walking,
035,F,fdiabe08,diabe08,Diabetes: pain when walking: no of meter,Diabetes: pain when walking: no of meter,
035,F,fdiabe09,diabe09,Diabetes: pain disappears standing still,Diabetes: pain disappears standing still,
035,F,fdiabe10,diabe10,Diabetes: pain in legs during rest,Diabetes: pain in legs during rest,
035,F,fdiabe11,diabe11,Diabetes: chest pain during exertion,Diabetes: chest pain during exertion,
035,F,fdiabe12,diabe12,Diabetes: exertion pain disappears in 10 minutes,Diabetes: exertion pain disappears in 10 minutes,
035,F,fdiabe13,diabe13,Diabetes: outdoors less often,Diabetes: outdoors less often,
035,F,fdiabe6a,diabe6a,"Diabetes: eye probl, laser","Diabetes: eye probl, laser",
035,F,fdiabe6b,diabe6b,"Diabetes: eye probl, cataract","Diabetes: eye probl, cataract",
035,F,fdiabe6c,diabe6c,"Diabetes: eye probl, other treatment","Diabetes: eye probl, other treatment",
035,F,fhart01,hart01,Heart: heart disease,Heart: heart disease,
035,F,fhart02,hart02,Heart: from which age,Heart: from which age,
035,F,fhart03,hart03,Heart: taking medication,Heart: taking medication,
035,F,fhart04,hart04,Heart: treatment doctor,Heart: treatment doctor,
035,F,fhart05,hart05,Heart: myocardial infarction since last interview,Heart: myocardial infarction since last interview,"Cross-wave variable-label conflict: B/2B/3B (Heart: myocardial infarction), C (Heart: myocardial infarction since last), D/E/F/G/H/I/J/K (Heart: myocardial infarction since last interview)"
035,F,fhart06,hart06,Heart: no of myocardial inf since last interview,Heart: no of myocardial inf since last interview,"Cross-wave variable-label conflict: B (Heart: myocardial inf no of times), C/D/E/F/G/H/I (Heart: no of myocardial inf since last interview), 2B/3B (Heart: no of myocardial infarctions)"
035,F,fhart07j,hart07j,Heart: one infarction year,Heart: one infarction year,
035,F,fhart07m,hart07m,Heart: one infarction month,Heart: one infarction month,
035,F,fhart08j,hart08j,Heart: >1; first infarction year,Heart: >1; first infarction year,
035,F,fhart08m,hart08m,Heart: >1; first infarction month,Heart: >1; first infarction month,
035,F,fhart09j,hart09j,Heart: >1; last infarction year,Heart: >1; last infarction year,
035,F,fhart09m,hart09m,Heart: >1; last infarction month,Heart: >1; last infarction month,
035,F,fhart10,hart10,Heart: chest pain during exertion,Heart: chest pain during exertion,
035,F,fhart11,hart11,Heart: exertion pain disappears in 10 minutes,Heart: exertion pain disappears in 10 minutes,
035,F,fhart12,hart12,Heart: >1 pillow for shortness of breath,Heart: >1 pillow for shortness of breath,
035,F,fhart13,hart13,"Heart: edema morning; legs, feet, ankles","Heart: edema morning; legs, feet, ankles",
035,F,fhart14,hart14,"Heart: edema evening; legs, feet, ankles","Heart: edema evening; legs, feet, ankles",
035,F,fhart15,hart15,Heart: cardiac surgery since last int.,Heart: cardiac surgery since last int.,
035,F,fhart15a,hart15a,Heart: valves/cardiac surgery since last interview,Heart: valves/cardiac surgery since last interview,"Cross-wave variable-label conflict: B (Heart: surgery valves), C (Heart: valves/cardiac surgery since last), D/E/F/G/H/I/J/K (Heart: valves/cardiac surgery since last interview), 2B/3B (Heart: valves/cardiac surgery)"
035,F,fhart15b,hart15b,Heart: bypass/cardiac surgery since last interview,Heart: bypass/cardiac surgery since last interview,"Cross-wave variable-label conflict: B (Heart: surgery bypass), C/D/E/F/G/H/I/J/K (Heart: bypass/cardiac surgery since last int.), 2B/3B (Heart: bypass/cardiac surgery)"
035,F,fhart15c,hart15c,Heart: dotter/cardiac surgery since last interview,Heart: dotter/cardiac surgery since last interview,"Cross-wave variable-label conflict: B (Heart: surgery dotter), C/D/E/F/G/H/I/J/K (Heart: dotter/cardiac surgery since last int.), 2B/3B (Heart: dotter/cardiac surgery)"
035,F,fhart15d,hart15d,Heart: pacemaker/cardiac surgery since last interview,Heart: pacemaker/cardiac surgery since last interview,"Cross-wave variable-label conflict: B (Heart: surgery pacemaker), C/D/E/F/G/H/I/J/K (Heart: pacemaker/cardiac surgery since last interview), 2B/3B (Heart: pacemaker/cardiac surgery)"
035,F,fhart15e,hart15e,Heart: other/cardiac surgery since l. int.,Heart: other/cardiac surgery since l. int.,"Cross-wave variable-label conflict: B (Heart: surgery other), C/D/E/F/G/H/I/J/K (Heart: other/cardiac surgery since last int.), 2B/3B (Heart: other/cardiac surgery)"
035,F,fhart16,hart16,Heart: outdoors less often,Heart: outdoors less often,
035,F,fhbd1,hbd1,Hypertension,Hypertension,
035,F,fhbd2,hbd2,Hypertension: from which age,Hypertension: from which age,
035,F,fhbd2a,hbd2a,Hypertension: taking medication,Hypertension: taking medication,
035,F,fhbd3,hbd3,Hypertension: treatment doctor,Hypertension: treatment doctor,
035,F,fincon1,incon1,Incontinence,Incontinence,
035,F,fincon2,incon2,Incontinence: from which age,Incontinence: from which age,
035,F,fincon3,incon3,Incontinence: taking medication,Incontinence: taking medication,
035,F,fincon4,incon4,Incontinence: treatment doctor,Incontinence: treatment doctor,
035,F,fincon5,incon5,Incontinence: how often loss of urine,Incontinence: how often loss of urine,
035,F,fincon6,incon6,Incontinence: use special material,Incontinence: use special material,
035,F,fincon7,incon7,Incontinence: surgery since last interview,Incontinence: surgery since last interview,"Cross-wave variable-label conflict: B (Incontinence: surgery yes/no), C/D/E/F/G/H (Incontinence: surgery since last interview), 2B/3B (Incontinence: surgery)"
035,F,fincon8,incon8,Incontinence: outdoors less often,Incontinence: outdoors less often,
035,F,fothsi01,othsi01,Other1: other chronic diseases,Other1: other chronic diseases,
035,F,fothsi02,othsi02,Other1: disease,Other1: disease,
035,F,fothsi04,othsi04,Other1: from which age,Other1: from which age,
035,F,fothsi05,othsi05,Other1: taking medication,Other1: taking medication,
035,F,fothsi06,othsi06,Other1: treatment doctor,Other1: treatment doctor,
035,F,fothsi07,othsi07,Other2: other chronic diseases,Other2: other chronic diseases,
035,F,fothsi08,othsi08,Other2: disease,Other2: disease,
035,F,fothsi10,othsi10,Other2: from which age,Other2: from which age,
035,F,fothsi11,othsi11,Other2: taking medication,Other2: taking medication,
035,F,fothsi12,othsi12,Other2: treatment doctor,Other2: treatment doctor,
035,F,frheum01,rheum01,Osteo/rheum art: osteoarthritis,Osteo/rheum art: osteoarthritis,
035,F,frheum02,rheum02,Osteo/rheum art: rheumatoid arthritis,Osteo/rheum art: rheumatoid arthritis,
035,F,frheum03,rheum03,Osteo/rheum art: from which age,Osteo/rheum art: from which age,
035,F,frheum04,rheum04,Osteo/rheum art: taking medication,Osteo/rheum art: taking medication,
035,F,frheum05,rheum05,Osteo/rheum art: treatment doctor,Osteo/rheum art: treatment doctor,
035,F,frheum06,rheum06,Osteo/rheum art: pain in joints past 3 months,Osteo/rheum art: pain in joints past 3 months,
035,F,frheum07,rheum07,Osteo/rheum art: morning stiffness joint,Osteo/rheum art: morning stiffness joint,
035,F,frheum08,rheum08,Osteo/rheum art: swelling joints past month,Osteo/rheum art: swelling joints past month,
035,F,frheum09,rheum09,Osteo/rheum art: surgery since last int.,Osteo/rheum art: surgery since last int.,
035,F,frheum10,rheum10,Osteo/rheum art: joint prostheses,Osteo/rheum art: joint prostheses,
035,F,frheum11,rheum11,Osteo/rheum art: outdoors less often,Osteo/rheum art: outdoors less often,
035,F,frheum12,rheum12,Osteo/rheum art: observation hands,Osteo/rheum art: observation hands,
035,F,frheum8a,rheum8a,Osteo/rheum art: complaints fingers,Osteo/rheum art: complaints fingers,
035,F,frheum8b,rheum8b,Osteo/rheum art: complaints hand/wrist,Osteo/rheum art: complaints hand/wrist,
035,F,frheum8c,rheum8c,Osteo/rheum art: complaints elbows,Osteo/rheum art: complaints elbows,
035,F,frheum8d,rheum8d,Osteo/rheum art: complaints shoulders,Osteo/rheum art: complaints shoulders,
035,F,frheum8e,rheum8e,Osteo/rheum art: complaints toes,Osteo/rheum art: complaints toes,
035,F,frheum8f,rheum8f,Osteo/rheum art: complaints feet/ankles,Osteo/rheum art: complaints feet/ankles,
035,F,frheum8g,rheum8g,Osteo/rheum art: complaints knees,Osteo/rheum art: complaints knees,
035,F,frheum8h,rheum8h,Osteo/rheum art: complaints hip,Osteo/rheum art: complaints hip,
035,F,frheum8i,rheum8i,Osteo/rheum art: complaints neck,Osteo/rheum art: complaints neck,
035,F,frheum8j,rheum8j,Osteo/rheum art: complaints back,Osteo/rheum art: complaints back,
035,F,frheum9a,rheum9a,Osteo/rheum art: surgery fingers,Osteo/rheum art: surgery fingers,
035,F,frheum9b,rheum9b,Osteo/rheum art: surgery hand/wrist,Osteo/rheum art: surgery hand/wrist,
035,F,frheum9c,rheum9c,Osteo/rheum art: surgery elbows,Osteo/rheum art: surgery elbows,
035,F,frheum9d,rheum9d,Osteo/rheum art: surgery shoulders,Osteo/rheum art: surgery shoulders,
035,F,frheum9e,rheum9e,Osteo/rheum art: surgery toes since,Osteo/rheum art: surgery toes since,
035,F,frheum9f,rheum9f,Osteo/rheum art: surgery feet/ankles,Osteo/rheum art: surgery feet/ankles,
035,F,frheum9g,rheum9g,Osteo/rheum art: surgery knees,Osteo/rheum art: surgery knees,
035,F,frheum9h,rheum9h,Osteo/rheum art: surgery hip,Osteo/rheum art: surgery hip,
035,F,frheum9i,rheum9i,Osteo/rheum art: surgery neck,Osteo/rheum art: surgery neck,
035,F,frheum9j,rheum9j,Osteo/rheum art: surgery back,Osteo/rheum art: surgery back,
035,F,frmch,rmch,Reason missing: chronical diseases,Reason missing: chronic diseases,Cross-wave variable-label conflict: MB source variable bcancer1 is labelled and coded as the chronic-disease missing-reason variable; harmonized with rmch
035,G,gartve8a,artve8a,"Arteries: surgery, bifurcation","Arteries: surgery, bifurcation",
035,G,gartve8b,artve8b,"Arteries: surgery, femoral","Arteries: surgery, femoral",
035,G,gartve8c,artve8c,"Arteries: surgery, groins","Arteries: surgery, groins",
035,G,gartve8d,artve8d,"Arteries: surgery, dotter","Arteries: surgery, dotter",
035,G,gartve8e,artve8e,"Arteries: surgery, other","Arteries: surgery, other",
035,G,gartvei1,artvei1,Arteries: disease or abnormalities,Arteries: disease or abnormalities,
035,G,gartvei2,artvei2,Arteries: from which age,Arteries: from which age,
035,G,gartvei3,artvei3,Arteries: taking medication,Arteries: taking medication,
035,G,gartvei4,artvei4,Arteries: treatment doctor,Arteries: treatment doctor,
035,G,gartvei5,artvei5,Arteries: pain when walking,Arteries: pain when walking,
035,G,gartvei6,artvei6,Arteries: pain when walking: meters,Arteries: pain when walking: meters,
035,G,gartvei7,artvei7,Arteries: pain disappears standing still,Arteries: pain disappears standing still,
035,G,gartvei8,artvei8,Arteries: surgery since last interview,Arteries: surgery since last interview,"Cross-wave variable-label conflict: B/2B/3B (Arteries: surgery), C/D/E/F/G/H/I/J/K (Arteries: surgery since last interview)"
035,G,gartvei9,artvei9,Arteries: outdoors less often,Arteries: outdoors less often,
035,G,gcance5a,cance5a,"Cancer: tumor, lungs","Cancer: tumor, lungs",
035,G,gcance5b,cance5b,"Cancer: tumor, breast","Cancer: tumor, breast",
035,G,gcance5c,cance5c,Cancer:,Cancer,
035,G,gcance5d,cance5d,"Cancer: tumor, cervix","Cancer: tumor, cervix",
035,G,gcance5e,cance5e,"Cancer: tumor, intestines","Cancer: tumor, intestines",
035,G,gcance5f,cance5f,Cancer:,Cancer,
035,G,gcance5g,cance5g,"Cancer: tumor, larynx","Cancer: tumor, larynx",
035,G,gcance5h,cance5h,"Cancer: tumor, esophagus","Cancer: tumor, esophagus",
035,G,gcance5i,cance5i,"Cancer: tumor, stomach","Cancer: tumor, stomach",
035,G,gcance5j,cance5j,"Cancer: tumor, blood","Cancer: tumor, blood",
035,G,gcance5k,cance5k,"Cancer: tumor, skin","Cancer: tumor, skin",
035,G,gcance5l,cance5l,"Cancer: tumor, other","Cancer: tumor, other",
035,G,gcance5m,cance5m,"Cancer: tumor, which other","Cancer: tumor, which other",
035,G,gcance6a,cance6a,"Cancer: metastases, bone/skeleton","Cancer: metastases, bone/skeleton",
035,G,gcance6b,cance6b,"Cancer: metastases, liver","Cancer: metastases, liver",
035,G,gcance6c,cance6c,"Cancer: metastases, brain","Cancer: metastases, brain",
035,G,gcance6d,cance6d,"Cancer: metastases, lungs","Cancer: metastases, lungs",
035,G,gcance6e,cance6e,"Cancer: metastases, lymph nodes","Cancer: metastases, lymph nodes",
035,G,gcance6f,cance6f,"Cancer: metastases, other","Cancer: metastases, other",
035,G,gcance6g,cance6g,"Cancer: metastases, which other","Cancer: metastases, which other",
035,G,gcance7a,cance7a,"Cancer: surgery, since last interview","Cancer: surgery, since last interview","Cross-wave variable-label conflict: B (Cancer: treatment surgery), C/D/E/F/G/H/I/J/K (Cancer: surgery, since last interview), 2B/3B (Cancer: surgery)"
035,G,gcance7b,cance7b,"Cancer: chemotherapy, since last int.","Cancer: chemotherapy, since last int.","Cross-wave variable-label conflict: B (Cancer: treatment chemotherapy), C/I/J/K (Cancer: chemotherapy, since last interview), D/E/F/G/H (Cancer: chemotherapy, since last int.), 2B/3B (Cancer: chemotherapy surgery)"
035,G,gcance7c,cance7c,"Cancer: radiotherapy, since last int.","Cancer: radiotherapy, since last int.","Cross-wave variable-label conflict: B (Cancer: treatment radiotherapy), C/I/J/K (Cancer: radiotherapy, since last interview), D/E/F/G/H (Cancer: radiotherapy, since last int.), 2B/3B (Cancer: radiotherapy surgery)"
035,G,gcance7d,cance7d,"Cancer: altern. treatment, since l. int.","Cancer: altern. treatment, since l. int.","Cross-wave variable-label conflict: B (Cancer: treatment alternative (Moerman etc)), C/I/J/K (Cancer: alternative treatment, since last interview), D/E/F/G/H (Cancer: altern. treatment, since l. int.), 2B/3B (Cancer: alternative treatment)"
035,G,gcancer1,cancer1,Cancer,Cancer,
035,G,gcancer2,cancer2,Cancer: from which age,Cancer: from which age,
035,G,gcancer3,cancer3,Cancer: taking medication,Cancer: taking medication,
035,G,gcancer4,cancer4,Cancer: treatment doctor,Cancer: treatment doctor,
035,G,gcancer5,cancer5,Cancer: tumor since last interview,Cancer: tumor since last interview,"Cross-wave variable-label conflict: C/D/E/F/G/H/I/J/K (Cancer: tumor since last interview), 2B (Cancer: tumor)"
035,G,gcancer6,cancer6,Cancer: metastases since last interview,Cancer: metastases since last interview,"Cross-wave variable-label conflict: B (Cancer: metastases yes/no), C/D/E/F/G/H/I/J/K (Cancer: metastases since last interview), 2B/3B (Cancer: metastases)"
035,G,gcancer8,cancer8,Cancer: outdoors less often,Cancer: outdoors less often,
035,G,gcara01,cara01,"CNSLD: asthma, chr bronch, emphysema","CNSLD: asthma, chronic bronch, emphysema",
035,G,gcara02,cara02,CNSLD: from which age,CNSLD: from which age,
035,G,gcara03,cara03,CNSLD: taking medication,CNSLD: taking medication,
035,G,gcara04,cara04,CNSLD: treatment doctor,CNSLD: treatment doctor,
035,G,gcara05,cara05,CNSLD: cough almost daily,CNSLD: cough almost daily,
035,G,gcara06,cara06,CNSLD: phlegm almost daily,CNSLD: phlegm almost daily,
035,G,gcara07,cara07,CNSLD: period increased phlegm past year,CNSLD: period increased phlegm past year,
035,G,gcara08,cara08,CNSLD: shortness of breath sometimes,CNSLD: shortness of breath sometimes,
035,G,gcara09,cara09,CNSLD: wheezing breath ever,CNSLD: wheezing breath ever,
035,G,gcara10,cara10,CNSLD: wheezing breath during rest,CNSLD: wheezing breath during rest,
035,G,gcara11,cara11,CNSLD: disturbed night-rest or sleep,CNSLD: disturbed night-rest or sleep,
035,G,gcara12,cara12,CNSLD: outdoors less often,CNSLD: outdoors less often,
035,G,gchmodus,chmodus,Long or short interview,Long or short interview,
035,G,gcva01,cva01,CVA,CVA,
035,G,gcva02a,cva02a,CVA: stroke since last interview,CVA: stroke since last interview,
035,G,gcva02b,cva02b,CVA: no of strokes,CVA: no of strokes,
035,G,gcva02c,cva02c,CVA: (short) no of strokes,CVA: (short) no of strokes,
035,G,gcva03a,cva03a,CVA: (short) 1 stroke age,CVA: (short) 1 stroke age,
035,G,gcva03j,cva03j,"CVA: 1, stroke year","CVA: 1, stroke year",
035,G,gcva03m,cva03m,"CVA: 1, stroke month","CVA: 1, stroke month",
035,G,gcva04a,cva04a,"CVA: (short) > 1, first stroke age","CVA: (short) > 1, first stroke age",
035,G,gcva04j,cva04j,"CVA: > 1, first stroke year","CVA: > 1, first stroke year",
035,G,gcva04m,cva04m,"CVA: > 1, first stroke month","CVA: > 1, first stroke month",
035,G,gcva05a,cva05a,"CVA: (short) > 1, last stroke age","CVA: (short) > 1, last stroke age",
035,G,gcva05j,cva05j,"CVA: > 1, last stroke year","CVA: > 1, last stroke year",
035,G,gcva05m,cva05m,"CVA: > 1, last stroke month","CVA: > 1, last stroke month",
035,G,gcva06,cva06,CVA: taking medication,CVA: taking medication,
035,G,gcva07,cva07,CVA: treatment doctor,CVA: treatment doctor,
035,G,gcva08,cva08,CVA: still problems with arms and legs,CVA: still problems with arms and legs,
035,G,gcva09,cva09,CVA: still problems with vision,CVA: still problems with vision,
035,G,gcva10,cva10,CVA: still problems speech,CVA: still problems speech,
035,G,gcva11,cva11,CVA: still problems understanding written text,CVA: still problems understanding written text,
035,G,gcva12,cva12,CVA: outdoors less often,CVA: outdoors less often,
035,G,gdiabe01,diabe01,Diabetes,Diabetes,
035,G,gdiabe02,diabe02,Diabetes: from which age,Diabetes: from which age,
035,G,gdiabe03,diabe03,Diabetes: taking medication,Diabetes: taking medication,
035,G,gdiabe04,diabe04,Diabetes: treatment doctor,Diabetes: treatment doctor,
035,G,gdiabe05,diabe05,Diabetes: treatment related eye problems,Diabetes: treatment related eye problems,
035,G,gdiabe07,diabe07,Diabetes: pain when walking,Diabetes: pain when walking,
035,G,gdiabe08,diabe08,Diabetes: pain when walking: no of meter,Diabetes: pain when walking: no of meter,
035,G,gdiabe09,diabe09,Diabetes: pain disappears standing still,Diabetes: pain disappears standing still,
035,G,gdiabe10,diabe10,Diabetes: pain in legs during rest,Diabetes: pain in legs during rest,
035,G,gdiabe11,diabe11,Diabetes: chest pain during exertion,Diabetes: chest pain during exertion,
035,G,gdiabe12,diabe12,Diabetes: exertion pain disappears in 10 minutes,Diabetes: exertion pain disappears in 10 minutes,
035,G,gdiabe13,diabe13,Diabetes: outdoors less often,Diabetes: outdoors less often,
035,G,gdiabe6a,diabe6a,"Diabetes: eye probl, laser","Diabetes: eye probl, laser",
035,G,gdiabe6b,diabe6b,"Diabetes: eye probl, cataract","Diabetes: eye probl, cataract",
035,G,gdiabe6c,diabe6c,"Diabetes: eye probl, other treatment","Diabetes: eye probl, other treatment",
035,G,ghart01,hart01,Heart: heart disease,Heart: heart disease,
035,G,ghart02,hart02,Heart: from which age,Heart: from which age,
035,G,ghart03,hart03,Heart: taking medication,Heart: taking medication,
035,G,ghart04,hart04,Heart: treatment doctor,Heart: treatment doctor,
035,G,ghart05,hart05,Heart: myocardial infarction since last interview,Heart: myocardial infarction since last interview,"Cross-wave variable-label conflict: B/2B/3B (Heart: myocardial infarction), C (Heart: myocardial infarction since last), D/E/F/G/H/I/J/K (Heart: myocardial infarction since last interview)"
035,G,ghart06,hart06,Heart: no of myocardial inf since last interview,Heart: no of myocardial inf since last interview,"Cross-wave variable-label conflict: B (Heart: myocardial inf no of times), C/D/E/F/G/H/I (Heart: no of myocardial inf since last interview), 2B/3B (Heart: no of myocardial infarctions)"
035,G,ghart07j,hart07j,Heart: one infarction year,Heart: one infarction year,
035,G,ghart07m,hart07m,Heart: one infarction month,Heart: one infarction month,
035,G,ghart08j,hart08j,Heart: >1; first infarction year,Heart: >1; first infarction year,
035,G,ghart08m,hart08m,Heart: >1; first infarction month,Heart: >1; first infarction month,
035,G,ghart09j,hart09j,Heart: >1; last infarction year,Heart: >1; last infarction year,
035,G,ghart09m,hart09m,Heart: >1; last infarction month,Heart: >1; last infarction month,
035,G,ghart10,hart10,Heart: chest pain during exertion,Heart: chest pain during exertion,
035,G,ghart11,hart11,Heart: exertion pain disappears in 10 minutes,Heart: exertion pain disappears in 10 minutes,
035,G,ghart12,hart12,Heart: >1 pillow for shortness of breath,Heart: >1 pillow for shortness of breath,
035,G,ghart13,hart13,"Heart: edema morning; legs, feet, ankles","Heart: edema morning; legs, feet, ankles",
035,G,ghart14,hart14,"Heart: edema evening; legs, feet, ankles","Heart: edema evening; legs, feet, ankles",
035,G,ghart15,hart15,Heart: cardiac surgery since last int.,Heart: cardiac surgery since last int.,
035,G,ghart15a,hart15a,Heart: valves/cardiac surgery since last interview,Heart: valves/cardiac surgery since last interview,"Cross-wave variable-label conflict: B (Heart: surgery valves), C (Heart: valves/cardiac surgery since last), D/E/F/G/H/I/J/K (Heart: valves/cardiac surgery since last interview), 2B/3B (Heart: valves/cardiac surgery)"
035,G,ghart15b,hart15b,Heart: bypass/cardiac surgery since last interview,Heart: bypass/cardiac surgery since last interview,"Cross-wave variable-label conflict: B (Heart: surgery bypass), C/D/E/F/G/H/I/J/K (Heart: bypass/cardiac surgery since last int.), 2B/3B (Heart: bypass/cardiac surgery)"
035,G,ghart15c,hart15c,Heart: dotter/cardiac surgery since last interview,Heart: dotter/cardiac surgery since last interview,"Cross-wave variable-label conflict: B (Heart: surgery dotter), C/D/E/F/G/H/I/J/K (Heart: dotter/cardiac surgery since last int.), 2B/3B (Heart: dotter/cardiac surgery)"
035,G,ghart15d,hart15d,Heart: pacemaker/cardiac surgery since last interview,Heart: pacemaker/cardiac surgery since last interview,"Cross-wave variable-label conflict: B (Heart: surgery pacemaker), C/D/E/F/G/H/I/J/K (Heart: pacemaker/cardiac surgery since last interview), 2B/3B (Heart: pacemaker/cardiac surgery)"
035,G,ghart15e,hart15e,Heart: other/cardiac surgery since l. int.,Heart: other/cardiac surgery since l. int.,"Cross-wave variable-label conflict: B (Heart: surgery other), C/D/E/F/G/H/I/J/K (Heart: other/cardiac surgery since last int.), 2B/3B (Heart: other/cardiac surgery)"
035,G,ghart16,hart16,Heart: outdoors less often,Heart: outdoors less often,
035,G,ghbd1,hbd1,Hypertension,Hypertension,
035,G,ghbd2,hbd2,Hypertension: from which age,Hypertension: from which age,
035,G,ghbd2a,hbd2a,Hypertension: taking medication,Hypertension: taking medication,
035,G,ghbd3,hbd3,Hypertension: treatment doctor,Hypertension: treatment doctor,
035,G,gincon1,incon1,Incontinence,Incontinence,
035,G,gincon2,incon2,Incontinence: from which age,Incontinence: from which age,
035,G,gincon3,incon3,Incontinence: taking medication,Incontinence: taking medication,
035,G,gincon4,incon4,Incontinence: treatment doctor,Incontinence: treatment doctor,
035,G,gincon5,incon5,Incontinence: how often loss of urine,Incontinence: how often loss of urine,
035,G,gincon6,incon6,Incontinence: use special material,Incontinence: use special material,
035,G,gincon7,incon7,Incontinence: surgery since last interview,Incontinence: surgery since last interview,"Cross-wave variable-label conflict: B (Incontinence: surgery yes/no), C/D/E/F/G/H (Incontinence: surgery since last interview), 2B/3B (Incontinence: surgery)"
035,G,gincon8,incon8,Incontinence: outdoors less often,Incontinence: outdoors less often,
035,G,gothsi01,othsi01,Other1: other chronic diseases,Other1: other chronic diseases,
035,G,gothsi02,othsi02,Other1: disease,Other1: disease,
035,G,gothsi04,othsi04,Other1: from which age,Other1: from which age,
035,G,gothsi05,othsi05,Other1: taking medication,Other1: taking medication,
035,G,gothsi06,othsi06,Other1: treatment doctor,Other1: treatment doctor,
035,G,gothsi07,othsi07,Other2: other chronic diseases,Other2: other chronic diseases,
035,G,gothsi08,othsi08,Other2: disease,Other2: disease,
035,G,gothsi10,othsi10,Other2: from which age,Other2: from which age,
035,G,gothsi11,othsi11,Other2: taking medication,Other2: taking medication,
035,G,gothsi12,othsi12,Other2: treatment doctor,Other2: treatment doctor,
035,G,grheum01,rheum01,Osteo/rheum art: osteoarthritis,Osteo/rheum art: osteoarthritis,
035,G,grheum02,rheum02,Osteo/rheum art: rheumatoid arthritis,Osteo/rheum art: rheumatoid arthritis,
035,G,grheum03,rheum03,Osteo/rheum art: from which age,Osteo/rheum art: from which age,
035,G,grheum04,rheum04,Osteo/rheum art: taking medication,Osteo/rheum art: taking medication,
035,G,grheum05,rheum05,Osteo/rheum art: treatment doctor,Osteo/rheum art: treatment doctor,
035,G,grheum06,rheum06,Osteo/rheum art: pain in joints past 3 months,Osteo/rheum art: pain in joints past 3 months,
035,G,grheum07,rheum07,Osteo/rheum art: morning stiffness joint,Osteo/rheum art: morning stiffness joint,
035,G,grheum08,rheum08,Osteo/rheum art: swelling joints past month,Osteo/rheum art: swelling joints past month,
035,G,grheum09,rheum09,Osteo/rheum art: surgery since last int.,Osteo/rheum art: surgery since last int.,
035,G,grheum10,rheum10,Osteo/rheum art: joint prostheses,Osteo/rheum art: joint prostheses,
035,G,grheum11,rheum11,Osteo/rheum art: outdoors less often,Osteo/rheum art: outdoors less often,
035,G,grheum12,rheum12,Osteo/rheum art: observation hands,Osteo/rheum art: observation hands,
035,G,grheum8a,rheum8a,Osteo/rheum art: complaints fingers,Osteo/rheum art: complaints fingers,
035,G,grheum8b,rheum8b,Osteo/rheum art: complaints hand/wrist,Osteo/rheum art: complaints hand/wrist,
035,G,grheum8c,rheum8c,Osteo/rheum art: complaints elbows,Osteo/rheum art: complaints elbows,
035,G,grheum8d,rheum8d,Osteo/rheum art: complaints shoulders,Osteo/rheum art: complaints shoulders,
035,G,grheum8e,rheum8e,Osteo/rheum art: complaints toes,Osteo/rheum art: complaints toes,
035,G,grheum8f,rheum8f,Osteo/rheum art: complaints feet/ankles,Osteo/rheum art: complaints feet/ankles,
035,G,grheum8g,rheum8g,Osteo/rheum art: complaints knees,Osteo/rheum art: complaints knees,
035,G,grheum8h,rheum8h,Osteo/rheum art: complaints hip,Osteo/rheum art: complaints hip,
035,G,grheum8i,rheum8i,Osteo/rheum art: complaints neck,Osteo/rheum art: complaints neck,
035,G,grheum8j,rheum8j,Osteo/rheum art: complaints back,Osteo/rheum art: complaints back,
035,G,grheum9a,rheum9a,Osteo/rheum art: surgery fingers,Osteo/rheum art: surgery fingers,
035,G,grheum9b,rheum9b,Osteo/rheum art: surgery hand/wrist,Osteo/rheum art: surgery hand/wrist,
035,G,grheum9c,rheum9c,Osteo/rheum art: surgery elbows,Osteo/rheum art: surgery elbows,
035,G,grheum9d,rheum9d,Osteo/rheum art: surgery shoulders,Osteo/rheum art: surgery shoulders,
035,G,grheum9e,rheum9e,Osteo/rheum art: surgery toes since,Osteo/rheum art: surgery toes since,
035,G,grheum9f,rheum9f,Osteo/rheum art: surgery feet/ankles,Osteo/rheum art: surgery feet/ankles,
035,G,grheum9g,rheum9g,Osteo/rheum art: surgery knees,Osteo/rheum art: surgery knees,
035,G,grheum9h,rheum9h,Osteo/rheum art: surgery hip,Osteo/rheum art: surgery hip,
035,G,grheum9i,rheum9i,Osteo/rheum art: surgery neck,Osteo/rheum art: surgery neck,
035,G,grheum9j,rheum9j,Osteo/rheum art: surgery back,Osteo/rheum art: surgery back,
035,G,grmch,rmch,Reason missing: chronical diseases,Reason missing: chronic diseases,Cross-wave variable-label conflict: MB source variable bcancer1 is labelled and coded as the chronic-disease missing-reason variable; harmonized with rmch
035,H,hartve8a,artve8a,"Arteries: surgery, bifurcation","Arteries: surgery, bifurcation",
035,H,hartve8b,artve8b,"Arteries: surgery, femoral","Arteries: surgery, femoral",
035,H,hartve8c,artve8c,"Arteries: surgery, groins","Arteries: surgery, groins",
035,H,hartve8d,artve8d,"Arteries: surgery, dotter","Arteries: surgery, dotter",
035,H,hartve8e,artve8e,"Arteries: surgery, other","Arteries: surgery, other",
035,H,hartvei1,artvei1,Arteries: disease or abnormalities,Arteries: disease or abnormalities,
035,H,hartvei2,artvei2,Arteries: from which age,Arteries: from which age,
035,H,hartvei3,artvei3,Arteries: taking medication,Arteries: taking medication,
035,H,hartvei4,artvei4,Arteries: treatment doctor,Arteries: treatment doctor,
035,H,hartvei5,artvei5,Arteries: pain when walking,Arteries: pain when walking,
035,H,hartvei6,artvei6,Arteries: pain when walking: meters,Arteries: pain when walking: meters,
035,H,hartvei7,artvei7,Arteries: pain disappears standing still,Arteries: pain disappears standing still,
035,H,hartvei8,artvei8,Arteries: surgery since last interview,Arteries: surgery since last interview,"Cross-wave variable-label conflict: B/2B/3B (Arteries: surgery), C/D/E/F/G/H/I/J/K (Arteries: surgery since last interview)"
035,H,hartvei9,artvei9,Arteries: outdoors less often,Arteries: outdoors less often,
035,H,hcance5a,cance5a,"Cancer: tumor, lungs","Cancer: tumor, lungs",
035,H,hcance5b,cance5b,"Cancer: tumor, breast","Cancer: tumor, breast",
035,H,hcance5c,cance5c,Cancer:,Cancer,
035,H,hcance5d,cance5d,"Cancer: tumor, cervix","Cancer: tumor, cervix",
035,H,hcance5e,cance5e,"Cancer: tumor, intestines","Cancer: tumor, intestines",
035,H,hcance5f,cance5f,Cancer:,Cancer,
035,H,hcance5g,cance5g,"Cancer: tumor, larynx","Cancer: tumor, larynx",
035,H,hcance5h,cance5h,"Cancer: tumor, esophagus","Cancer: tumor, esophagus",
035,H,hcance5i,cance5i,"Cancer: tumor, stomach","Cancer: tumor, stomach",
035,H,hcance5j,cance5j,"Cancer: tumor, blood","Cancer: tumor, blood",
035,H,hcance5k,cance5k,"Cancer: tumor, skin","Cancer: tumor, skin",
035,H,hcance5l,cance5l,"Cancer: tumor, other","Cancer: tumor, other",
035,H,hcance5m,cance5m,"Cancer: tumor, which other","Cancer: tumor, which other",
035,H,hcance6a,cance6a,"Cancer: metastases, bone/skeleton","Cancer: metastases, bone/skeleton",
035,H,hcance6b,cance6b,"Cancer: metastases, liver","Cancer: metastases, liver",
035,H,hcance6c,cance6c,"Cancer: metastases, brain","Cancer: metastases, brain",
035,H,hcance6d,cance6d,"Cancer: metastases, lungs","Cancer: metastases, lungs",
035,H,hcance6e,cance6e,"Cancer: metastases, lymph nodes","Cancer: metastases, lymph nodes",
035,H,hcance6f,cance6f,"Cancer: metastases, other","Cancer: metastases, other",
035,H,hcance6g,cance6g,"Cancer: metastases, which other","Cancer: metastases, which other",
035,H,hcance7a,cance7a,"Cancer: surgery, since last interview","Cancer: surgery, since last interview","Cross-wave variable-label conflict: B (Cancer: treatment surgery), C/D/E/F/G/H/I/J/K (Cancer: surgery, since last interview), 2B/3B (Cancer: surgery)"
035,H,hcance7b,cance7b,"Cancer: chemotherapy, since last int.","Cancer: chemotherapy, since last int.","Cross-wave variable-label conflict: B (Cancer: treatment chemotherapy), C/I/J/K (Cancer: chemotherapy, since last interview), D/E/F/G/H (Cancer: chemotherapy, since last int.), 2B/3B (Cancer: chemotherapy surgery)"
035,H,hcance7c,cance7c,"Cancer: radiotherapy, since last int.","Cancer: radiotherapy, since last int.","Cross-wave variable-label conflict: B (Cancer: treatment radiotherapy), C/I/J/K (Cancer: radiotherapy, since last interview), D/E/F/G/H (Cancer: radiotherapy, since last int.), 2B/3B (Cancer: radiotherapy surgery)"
035,H,hcance7d,cance7d,"Cancer: altern. treatment, since l. int.","Cancer: altern. treatment, since l. int.","Cross-wave variable-label conflict: B (Cancer: treatment alternative (Moerman etc)), C/I/J/K (Cancer: alternative treatment, since last interview), D/E/F/G/H (Cancer: altern. treatment, since l. int.), 2B/3B (Cancer: alternative treatment)"
035,H,hcancer1,cancer1,Cancer,Cancer,
035,H,hcancer2,cancer2,Cancer: from which age,Cancer: from which age,
035,H,hcancer3,cancer3,Cancer: taking medication,Cancer: taking medication,
035,H,hcancer4,cancer4,Cancer: treatment doctor,Cancer: treatment doctor,
035,H,hcancer5,cancer5,Cancer: tumor since last interview,Cancer: tumor since last interview,"Cross-wave variable-label conflict: C/D/E/F/G/H/I/J/K (Cancer: tumor since last interview), 2B (Cancer: tumor)"
035,H,hcancer6,cancer6,Cancer: metastases since last interview,Cancer: metastases since last interview,"Cross-wave variable-label conflict: B (Cancer: metastases yes/no), C/D/E/F/G/H/I/J/K (Cancer: metastases since last interview), 2B/3B (Cancer: metastases)"
035,H,hcancer8,cancer8,Cancer: outdoors less often,Cancer: outdoors less often,
035,H,hcara01,cara01,"CNSLD: asthma, chr bronch, emphysema","CNSLD: asthma, chronic bronch, emphysema",
035,H,hcara02,cara02,CNSLD: from which age,CNSLD: from which age,
035,H,hcara03,cara03,CNSLD: taking medication,CNSLD: taking medication,
035,H,hcara04,cara04,CNSLD: treatment doctor,CNSLD: treatment doctor,
035,H,hcara05,cara05,CNSLD: cough almost daily,CNSLD: cough almost daily,
035,H,hcara06,cara06,CNSLD: phlegm almost daily,CNSLD: phlegm almost daily,
035,H,hcara07,cara07,CNSLD: period increased phlegm past year,CNSLD: period increased phlegm past year,
035,H,hcara08,cara08,CNSLD: shortness of breath sometimes,CNSLD: shortness of breath sometimes,
035,H,hcara09,cara09,CNSLD: wheezing breath ever,CNSLD: wheezing breath ever,
035,H,hcara10,cara10,CNSLD: wheezing breath during rest,CNSLD: wheezing breath during rest,
035,H,hcara11,cara11,CNSLD: disturbed night-rest or sleep,CNSLD: disturbed night-rest or sleep,
035,H,hcara12,cara12,CNSLD: outdoors less often,CNSLD: outdoors less often,
035,H,hchmodus,chmodus,Long or short interview,Long or short interview,
035,H,hcva01,cva01,CVA,CVA,
035,H,hcva02a,cva02a,CVA: stroke since last interview,CVA: stroke since last interview,
035,H,hcva02b,cva02b,CVA: no of strokes,CVA: no of strokes,
035,H,hcva03j,cva03j,"CVA: 1, stroke year","CVA: 1, stroke year",
035,H,hcva03m,cva03m,"CVA: 1, stroke month","CVA: 1, stroke month",
035,H,hcva04j,cva04j,"CVA: > 1, first stroke year","CVA: > 1, first stroke year",
035,H,hcva04m,cva04m,"CVA: > 1, first stroke month","CVA: > 1, first stroke month",
035,H,hcva05j,cva05j,"CVA: > 1, last stroke year","CVA: > 1, last stroke year",
035,H,hcva05m,cva05m,"CVA: > 1, last stroke month","CVA: > 1, last stroke month",
035,H,hcva06,cva06,CVA: taking medication,CVA: taking medication,
035,H,hcva07,cva07,CVA: treatment doctor,CVA: treatment doctor,
035,H,hcva08,cva08,CVA: still problems with arms and legs,CVA: still problems with arms and legs,
035,H,hcva09,cva09,CVA: still problems with vision,CVA: still problems with vision,
035,H,hcva10,cva10,CVA: still problems speech,CVA: still problems speech,
035,H,hcva11,cva11,CVA: still problems understanding written text,CVA: still problems understanding written text,
035,H,hcva12,cva12,CVA: outdoors less often,CVA: outdoors less often,
035,H,hdiabe01,diabe01,Diabetes,Diabetes,
035,H,hdiabe02,diabe02,Diabetes: from which age,Diabetes: from which age,
035,H,hdiabe03,diabe03,Diabetes: taking medication,Diabetes: taking medication,
035,H,hdiabe04,diabe04,Diabetes: treatment doctor,Diabetes: treatment doctor,
035,H,hdiabe05,diabe05,Diabetes: treatment related eye problems,Diabetes: treatment related eye problems,
035,H,hdiabe07,diabe07,Diabetes: pain when walking,Diabetes: pain when walking,
035,H,hdiabe08,diabe08,Diabetes: pain when walking: no of meter,Diabetes: pain when walking: no of meter,
035,H,hdiabe09,diabe09,Diabetes: pain disappears standing still,Diabetes: pain disappears standing still,
035,H,hdiabe10,diabe10,Diabetes: pain in legs during rest,Diabetes: pain in legs during rest,
035,H,hdiabe11,diabe11,Diabetes: chest pain during exertion,Diabetes: chest pain during exertion,
035,H,hdiabe12,diabe12,Diabetes: exertion pain disappears in 10 minutes,Diabetes: exertion pain disappears in 10 minutes,
035,H,hdiabe13,diabe13,Diabetes: outdoors less often,Diabetes: outdoors less often,
035,H,hdiabe6a,diabe6a,"Diabetes: eye probl, laser","Diabetes: eye probl, laser",
035,H,hdiabe6b,diabe6b,"Diabetes: eye probl, cataract","Diabetes: eye probl, cataract",
035,H,hdiabe6c,diabe6c,"Diabetes: eye probl, other treatment","Diabetes: eye probl, other treatment",
035,H,hhart01,hart01,Heart: heart disease,Heart: heart disease,
035,H,hhart02,hart02,Heart: from which age,Heart: from which age,
035,H,hhart03,hart03,Heart: taking medication,Heart: taking medication,
035,H,hhart04,hart04,Heart: treatment doctor,Heart: treatment doctor,
035,H,hhart05,hart05,Heart: myocardial infarction since last interview,Heart: myocardial infarction since last interview,"Cross-wave variable-label conflict: B/2B/3B (Heart: myocardial infarction), C (Heart: myocardial infarction since last), D/E/F/G/H/I/J/K (Heart: myocardial infarction since last interview)"
035,H,hhart06,hart06,Heart: no of myocardial inf since last interview,Heart: no of myocardial inf since last interview,"Cross-wave variable-label conflict: B (Heart: myocardial inf no of times), C/D/E/F/G/H/I (Heart: no of myocardial inf since last interview), 2B/3B (Heart: no of myocardial infarctions)"
035,H,hhart07j,hart07j,Heart: one infarction year,Heart: one infarction year,
035,H,hhart07m,hart07m,Heart: one infarction month,Heart: one infarction month,
035,H,hhart08j,hart08j,Heart: >1; first infarction year,Heart: >1; first infarction year,
035,H,hhart08m,hart08m,Heart: >1; first infarction month,Heart: >1; first infarction month,
035,H,hhart09j,hart09j,Heart: >1; last infarction year,Heart: >1; last infarction year,
035,H,hhart09m,hart09m,Heart: >1; last infarction month,Heart: >1; last infarction month,
035,H,hhart10,hart10,Heart: chest pain during exertion,Heart: chest pain during exertion,
035,H,hhart11,hart11,Heart: exertion pain disappears in 10 minutes,Heart: exertion pain disappears in 10 minutes,
035,H,hhart12,hart12,Heart: >1 pillow for shortness of breath,Heart: >1 pillow for shortness of breath,
035,H,hhart13,hart13,"Heart: edema morning; legs, feet, ankles","Heart: edema morning; legs, feet, ankles",
035,H,hhart14,hart14,"Heart: edema evening; legs, feet, ankles","Heart: edema evening; legs, feet, ankles",
035,H,hhart15,hart15,Heart: cardiac surgery since last int.,Heart: cardiac surgery since last int.,
035,H,hhart15a,hart15a,Heart: valves/cardiac surgery since last interview,Heart: valves/cardiac surgery since last interview,"Cross-wave variable-label conflict: B (Heart: surgery valves), C (Heart: valves/cardiac surgery since last), D/E/F/G/H/I/J/K (Heart: valves/cardiac surgery since last interview), 2B/3B (Heart: valves/cardiac surgery)"
035,H,hhart15b,hart15b,Heart: bypass/cardiac surgery since last interview,Heart: bypass/cardiac surgery since last interview,"Cross-wave variable-label conflict: B (Heart: surgery bypass), C/D/E/F/G/H/I/J/K (Heart: bypass/cardiac surgery since last int.), 2B/3B (Heart: bypass/cardiac surgery)"
035,H,hhart15c,hart15c,Heart: dotter/cardiac surgery since last interview,Heart: dotter/cardiac surgery since last interview,"Cross-wave variable-label conflict: B (Heart: surgery dotter), C/D/E/F/G/H/I/J/K (Heart: dotter/cardiac surgery since last int.), 2B/3B (Heart: dotter/cardiac surgery)"
035,H,hhart15d,hart15d,Heart: pacemaker/cardiac surgery since last interview,Heart: pacemaker/cardiac surgery since last interview,"Cross-wave variable-label conflict: B (Heart: surgery pacemaker), C/D/E/F/G/H/I/J/K (Heart: pacemaker/cardiac surgery since last interview), 2B/3B (Heart: pacemaker/cardiac surgery)"
035,H,hhart15e,hart15e,Heart: other/cardiac surgery since l. int.,Heart: other/cardiac surgery since l. int.,"Cross-wave variable-label conflict: B (Heart: surgery other), C/D/E/F/G/H/I/J/K (Heart: other/cardiac surgery since last int.), 2B/3B (Heart: other/cardiac surgery)"
035,H,hhart16,hart16,Heart: outdoors less often,Heart: outdoors less often,
035,H,hhbd1,hbd1,Hypertension,Hypertension,
035,H,hhbd2,hbd2,Hypertension: from which age,Hypertension: from which age,
035,H,hhbd2a,hbd2a,Hypertension: taking medication,Hypertension: taking medication,
035,H,hhbd3,hbd3,Hypertension: treatment doctor,Hypertension: treatment doctor,
035,H,hincon1,incon1,Incontinence,Incontinence,
035,H,hincon2,incon2,Incontinence: from which age,Incontinence: from which age,
035,H,hincon3,incon3,Incontinence: taking medication,Incontinence: taking medication,
035,H,hincon4,incon4,Incontinence: treatment doctor,Incontinence: treatment doctor,
035,H,hincon5,incon5,Incontinence: how often loss of urine,Incontinence: how often loss of urine,
035,H,hincon6,incon6,Incontinence: use special material,Incontinence: use special material,
035,H,hincon7,incon7,Incontinence: surgery since last interview,Incontinence: surgery since last interview,"Cross-wave variable-label conflict: B (Incontinence: surgery yes/no), C/D/E/F/G/H (Incontinence: surgery since last interview), 2B/3B (Incontinence: surgery)"
035,H,hincon8,incon8,Incontinence: outdoors less often,Incontinence: outdoors less often,
035,H,hothsi01,othsi01,Other1: other chronic diseases,Other1: other chronic diseases,
035,H,hothsi02,othsi02,Other1: disease,Other1: disease,
035,H,hothsi04,othsi04,Other1: from which age,Other1: from which age,
035,H,hothsi05,othsi05,Other1: taking medication,Other1: taking medication,
035,H,hothsi06,othsi06,Other1: treatment doctor,Other1: treatment doctor,
035,H,hothsi07,othsi07,Other2: other chronic diseases,Other2: other chronic diseases,
035,H,hothsi08,othsi08,Other2: disease,Other2: disease,
035,H,hothsi10,othsi10,Other2: from which age,Other2: from which age,
035,H,hothsi11,othsi11,Other2: taking medication,Other2: taking medication,
035,H,hothsi12,othsi12,Other2: treatment doctor,Other2: treatment doctor,
035,H,hrheum01,rheum01,Osteo/rheum art: osteoarthritis,Osteo/rheum art: osteoarthritis,
035,H,hrheum02,rheum02,Osteo/rheum art: rheumatoid arthritis,Osteo/rheum art: rheumatoid arthritis,
035,H,hrheum03,rheum03,Osteo/rheum art: from which age,Osteo/rheum art: from which age,
035,H,hrheum04,rheum04,Osteo/rheum art: taking medication,Osteo/rheum art: taking medication,
035,H,hrheum05,rheum05,Osteo/rheum art: treatment doctor,Osteo/rheum art: treatment doctor,
035,H,hrheum06,rheum06,Osteo/rheum art: pain in joints past 3 months,Osteo/rheum art: pain in joints past 3 months,
035,H,hrheum07,rheum07,Osteo/rheum art: morning stiffness joint,Osteo/rheum art: morning stiffness joint,
035,H,hrheum08,rheum08,Osteo/rheum art: swelling joints past month,Osteo/rheum art: swelling joints past month,
035,H,hrheum09,rheum09,Osteo/rheum art: surgery since last int.,Osteo/rheum art: surgery since last int.,
035,H,hrheum10,rheum10,Osteo/rheum art: joint prostheses,Osteo/rheum art: joint prostheses,
035,H,hrheum11,rheum11,Osteo/rheum art: outdoors less often,Osteo/rheum art: outdoors less often,
035,H,hrheum12,rheum12,Osteo/rheum art: observation hands,Osteo/rheum art: observation hands,
035,H,hrheum8a,rheum8a,Osteo/rheum art: complaints fingers,Osteo/rheum art: complaints fingers,
035,H,hrheum8b,rheum8b,Osteo/rheum art: complaints hand/wrist,Osteo/rheum art: complaints hand/wrist,
035,H,hrheum8c,rheum8c,Osteo/rheum art: complaints elbows,Osteo/rheum art: complaints elbows,
035,H,hrheum8d,rheum8d,Osteo/rheum art: complaints shoulders,Osteo/rheum art: complaints shoulders,
035,H,hrheum8e,rheum8e,Osteo/rheum art: complaints toes,Osteo/rheum art: complaints toes,
035,H,hrheum8f,rheum8f,Osteo/rheum art: complaints feet/ankles,Osteo/rheum art: complaints feet/ankles,
035,H,hrheum8g,rheum8g,Osteo/rheum art: complaints knees,Osteo/rheum art: complaints knees,
035,H,hrheum8h,rheum8h,Osteo/rheum art: complaints hip,Osteo/rheum art: complaints hip,
035,H,hrheum8i,rheum8i,Osteo/rheum art: complaints neck,Osteo/rheum art: complaints neck,
035,H,hrheum8j,rheum8j,Osteo/rheum art: complaints back,Osteo/rheum art: complaints back,
035,H,hrheum9a,rheum9a,Osteo/rheum art: surgery fingers,Osteo/rheum art: surgery fingers,
035,H,hrheum9b,rheum9b,Osteo/rheum art: surgery hand/wrist,Osteo/rheum art: surgery hand/wrist,
035,H,hrheum9c,rheum9c,Osteo/rheum art: surgery elbows,Osteo/rheum art: surgery elbows,
035,H,hrheum9d,rheum9d,Osteo/rheum art: surgery shoulders,Osteo/rheum art: surgery shoulders,
035,H,hrheum9e,rheum9e,Osteo/rheum art: surgery toes since,Osteo/rheum art: surgery toes since,
035,H,hrheum9f,rheum9f,Osteo/rheum art: surgery feet/ankles,Osteo/rheum art: surgery feet/ankles,
035,H,hrheum9g,rheum9g,Osteo/rheum art: surgery knees,Osteo/rheum art: surgery knees,
035,H,hrheum9h,rheum9h,Osteo/rheum art: surgery hip,Osteo/rheum art: surgery hip,
035,H,hrheum9i,rheum9i,Osteo/rheum art: surgery neck,Osteo/rheum art: surgery neck,
035,H,hrheum9j,rheum9j,Osteo/rheum art: surgery back,Osteo/rheum art: surgery back,
035,H,hrmch,rmch,Reason missing: chronical diseases,Reason missing: chronic diseases,Cross-wave variable-label conflict: MB source variable bcancer1 is labelled and coded as the chronic-disease missing-reason variable; harmonized with rmch
035,3B,bartve8a,artve8a,"Arteries: surgery, bifurcation","Arteries: surgery, bifurcation",
035,3B,bartve8b,artve8b,"Arteries: surgery, femoral","Arteries: surgery, femoral",
035,3B,bartve8c,artve8c,"Arteries: surgery, groins","Arteries: surgery, groins",
035,3B,bartve8d,artve8d,"Arteries: surgery, dotter","Arteries: surgery, dotter",
035,3B,bartve8e,artve8e,"Arteries: surgery, other","Arteries: surgery, other",
035,3B,bartvei1,artvei1,Arteries: disease or abnormalities,Arteries: disease or abnormalities,
035,3B,bartvei2,artvei2,Arteries: from which age,Arteries: from which age,
035,3B,bartvei3,artvei3,Arteries: taking medication,Arteries: taking medication,
035,3B,bartvei4,artvei4,Arteries: treatment doctor,Arteries: treatment doctor,
035,3B,bartvei5,artvei5,Arteries: pain when walking,Arteries: pain when walking,
035,3B,bartvei6,artvei6,Arteries: pain when walking: meters,Arteries: pain when walking: meters,
035,3B,bartvei7,artvei7,Arteries: pain disappears standing still,Arteries: pain disappears standing still,
035,3B,bartvei8,artvei8,Arteries: surgery,Arteries: surgery since last interview,"Cross-wave variable-label conflict: B/2B/3B (Arteries: surgery), C/D/E/F/G/H/I/J/K (Arteries: surgery since last interview)"
035,3B,bcance5a,cance5a,"Cancer: tumor, lungs","Cancer: tumor, lungs",
035,3B,bcance5b,cance5b,"Cancer: tumor, breast","Cancer: tumor, breast",
035,3B,bcance5c,cance5c,Cancer:,Cancer,
035,3B,bcance5d,cance5d,Cancer:,"Cancer: tumor, cervix",
035,3B,bcance5e,cance5e,"Cancer: tumor, intestines","Cancer: tumor, intestines",
035,3B,bcance5f,cance5f,Cancer:,Cancer,
035,3B,bcance5g,cance5g,"Cancer: tumor, larynx","Cancer: tumor, larynx",
035,3B,bcance5h,cance5h,"Cancer: tumor, esophagus","Cancer: tumor, esophagus",
035,3B,bcance5i,cance5i,"Cancer: tumor, stomach","Cancer: tumor, stomach",
035,3B,bcance5j,cance5j,"Cancer: tumor, blood","Cancer: tumor, blood",
035,3B,bcance5k,cance5k,"Cancer: tumor, skin","Cancer: tumor, skin",
035,3B,bcance5l,cance5l,"Cancer: tumor, other","Cancer: tumor, other",
035,3B,bcance5m,cance5m,"Cancer: tumor, which other","Cancer: tumor, which other",
035,3B,bcance6a,cance6a,"Cancer: metastases, bone/skeleton","Cancer: metastases, bone/skeleton",
035,3B,bcance6b,cance6b,"Cancer: metastases, liver","Cancer: metastases, liver",
035,3B,bcance6c,cance6c,"Cancer: metastases, brain","Cancer: metastases, brain",
035,3B,bcance6d,cance6d,"Cancer: metastases, lungs","Cancer: metastases, lungs",
035,3B,bcance6e,cance6e,"Cancer: metastases, lymph nodes","Cancer: metastases, lymph nodes",
035,3B,bcance6f,cance6f,"Cancer: metastases, other","Cancer: metastases, other",
035,3B,bcance6g,cance6g,"Cancer: metastases, which other","Cancer: metastases, which other",
035,3B,bcance7a,cance7a,Cancer: surgery,"Cancer: surgery, since last interview","Cross-wave variable-label conflict: B (Cancer: treatment surgery), C/D/E/F/G/H/I/J/K (Cancer: surgery, since last interview), 2B/3B (Cancer: surgery)"
035,3B,bcance7b,cance7b,Cancer: chemotherapy surgery,"Cancer: chemotherapy, since last int.","Cross-wave variable-label conflict: B (Cancer: treatment chemotherapy), C/I/J/K (Cancer: chemotherapy, since last interview), D/E/F/G/H (Cancer: chemotherapy, since last int.), 2B/3B (Cancer: chemotherapy surgery)"
035,3B,bcance7c,cance7c,Cancer: radiotherapy surgery,"Cancer: radiotherapy, since last int.","Cross-wave variable-label conflict: B (Cancer: treatment radiotherapy), C/I/J/K (Cancer: radiotherapy, since last interview), D/E/F/G/H (Cancer: radiotherapy, since last int.), 2B/3B (Cancer: radiotherapy surgery)"
035,3B,bcance7d,cance7d,Cancer: alternative treatment,"Cancer: altern. treatment, since l. int.","Cross-wave variable-label conflict: B (Cancer: treatment alternative (Moerman etc)), C/I/J/K (Cancer: alternative treatment, since last interview), D/E/F/G/H (Cancer: altern. treatment, since l. int.), 2B/3B (Cancer: alternative treatment)"
035,3B,bcancer1,cancer1,Cancer,Cancer,
035,3B,bcancer2,cancer2,Cancer: from which age,Cancer: from which age,
035,3B,bcancer3,cancer3,Cancer: taking medication,Cancer: taking medication,
035,3B,bcancer4,cancer4,Cancer: treatment doctor,Cancer: treatment doctor,
035,3B,bcancer6,cancer6,Cancer: metastases,Cancer: metastases since last interview,"Cross-wave variable-label conflict: B (Cancer: metastases yes/no), C/D/E/F/G/H/I/J/K (Cancer: metastases since last interview), 2B/3B (Cancer: metastases)"
035,3B,bcara01,cara01,"CNSLD: asthma, chr bronch, emphysema","CNSLD: asthma, chronic bronch, emphysema",
035,3B,bcara02,cara02,CNSLD: from which age,CNSLD: from which age,
035,3B,bcara03,cara03,CNSLD: taking medication,CNSLD: taking medication,
035,3B,bcara04,cara04,CNSLD: treatment doctor,CNSLD: treatment doctor,
035,3B,bcara05,cara05,CNSLD: cough almost daily,CNSLD: cough almost daily,
035,3B,bcara06,cara06,CNSLD: phlegm almost daily,CNSLD: phlegm almost daily,
035,3B,bcara07,cara07,CNSLD: period increased phlegm past year,CNSLD: period increased phlegm past year,
035,3B,bcara08,cara08,CNSLD: shortness of breath sometimes,CNSLD: shortness of breath sometimes,
035,3B,bcara09,cara09,CNSLD: wheezing breath ever,CNSLD: wheezing breath ever,
035,3B,bcara10,cara10,CNSLD: wheezing breath during rest,CNSLD: wheezing breath during rest,
035,3B,bcara11,cara11,CNSLD: disturbed night-rest or sleep,CNSLD: disturbed night-rest or sleep,
035,3B,brchmodus,chmodus,Long or short interview,Long or short interview,
035,3B,bcva01,cva01,CVA,CVA,
035,3B,bcva02b,cva02b,CVA: number of strokes,CVA: no of strokes,
035,3B,bcva03j,cva03j,"CVA: 1, stroke year","CVA: 1, stroke year",
035,3B,bcva03m,cva03m,"CVA: 1, stroke month","CVA: 1, stroke month",
035,3B,bcva04j,cva04j,"CVA: > 1, first stroke year","CVA: > 1, first stroke year",
035,3B,bcva04m,cva04m,"CVA: > 1, first stroke month","CVA: > 1, first stroke month",
035,3B,bcva05j,cva05j,"CVA: > 1, last stroke year","CVA: > 1, last stroke year",
035,3B,bcva05m,cva05m,"CVA: > 1, last stroke month","CVA: > 1, last stroke month",
035,3B,bcva06,cva06,CVA: taking medication,CVA: taking medication,
035,3B,bcva07,cva07,CVA: treatment doctor,CVA: treatment doctor,
035,3B,bcva08,cva08,CVA: still problems with arms and legs,CVA: still problems with arms and legs,
035,3B,bcva09,cva09,CVA: still problems with vision,CVA: still problems with vision,
035,3B,bcva10,cva10,CVA: still problems speech,CVA: still problems speech,
035,3B,bcva11,cva11,CVA: still problems understanding written text,CVA: still problems understanding written text,
035,3B,bdiabe01,diabe01,Diabetes,Diabetes,
035,3B,bdiabe02,diabe02,Diabetes: from which age,Diabetes: from which age,
035,3B,bdiabe03,diabe03,Diabetes: taking medication,Diabetes: taking medication,
035,3B,bdiabe04,diabe04,Diabetes: treatment doctor,Diabetes: treatment doctor,
035,3B,bdiabe05,diabe05,Diabetes: treatment related eye problems,Diabetes: treatment related eye problems,
035,3B,bdiabe06,diabe06,Diabetes: eye problems: type of treatment,Diabetes: type of treatment eye problems,
035,3B,bdiabe07,diabe07,Diabetes: pain when walking,Diabetes: pain when walking,
035,3B,bdiabe08,diabe08,Diabetes: pain when walking: no of meter,Diabetes: pain when walking: no of meter,
035,3B,bdiabe09,diabe09,Diabetes: pain disappears standing still,Diabetes: pain disappears standing still,
035,3B,bdiabe10,diabe10,Diabetes: pain in legs during rest,Diabetes: pain in legs during rest,
035,3B,bdiabe11,diabe11,Diabetes: chest pain during exertion already asked/,Diabetes: chest pain during exertion,
035,3B,bdiabe12,diabe12,Diabetes: exertion pain disappears in 10 minutes,Diabetes: exertion pain disappears in 10 minutes,
035,3B,bhart01,hart01,Heart: heart disease,Heart: heart disease,
035,3B,bhart02,hart02,Heart: from which age,Heart: from which age,
035,3B,bhart03,hart03,Heart: taking medication,Heart: taking medication,
035,3B,bhart04,hart04,Heart: treatment doctor,Heart: treatment doctor,
035,3B,bhart05,hart05,Heart: myocardial infarction,Heart: myocardial infarction since last interview,"Cross-wave variable-label conflict: B/2B/3B (Heart: myocardial infarction), C (Heart: myocardial infarction since last), D/E/F/G/H/I/J/K (Heart: myocardial infarction since last interview)"
035,3B,bhart06,hart06,Heart: no of myocardial infarctions,Heart: no of myocardial inf since last interview,"Cross-wave variable-label conflict: B (Heart: myocardial inf no of times), C/D/E/F/G/H/I (Heart: no of myocardial inf since last interview), 2B/3B (Heart: no of myocardial infarctions)"
035,3B,bhart07j,hart07j,Heart: one infarction year,Heart: one infarction year,
035,3B,bhart07m,hart07m,Heart: one infarction month,Heart: one infarction month,
035,3B,bhart08j,hart08j,Heart: >1; first infarction year,Heart: >1; first infarction year,
035,3B,bhart08m,hart08m,Heart: >1; first infarction month,Heart: >1; first infarction month,
035,3B,bhart09j,hart09j,Heart: >1; last infarction year,Heart: >1; last infarction year,
035,3B,bhart09m,hart09m,Heart: >1; last infarction month,Heart: >1; last infarction month,
035,3B,bhart10,hart10,Heart: chest pain during exertion,Heart: chest pain during exertion,
035,3B,bhart11,hart11,Heart: exertion pain disappears in 10 minutes,Heart: exertion pain disappears in 10 minutes,
035,3B,bhart12,hart12,Heart: >1 pillow for shortness of breath,Heart: >1 pillow for shortness of breath,
035,3B,bhart13,hart13,"Heart: edema morning; legs, feet, ankles","Heart: edema morning; legs, feet, ankles",
035,3B,bhart14,hart14,"Heart: edema evening; legs, feet, ankles","Heart: edema evening; legs, feet, ankles",
035,3B,bhart15,hart15,Heart: cardiac surgery,Heart: cardiac surgery since last int.,
035,3B,bhart15a,hart15a,Heart: valves/cardiac surgery,Heart: valves/cardiac surgery since last interview,"Cross-wave variable-label conflict: B (Heart: surgery valves), C (Heart: valves/cardiac surgery since last), D/E/F/G/H/I/J/K (Heart: valves/cardiac surgery since last interview), 2B/3B (Heart: valves/cardiac surgery)"
035,3B,bhart15b,hart15b,Heart: bypass/cardiac surgery,Heart: bypass/cardiac surgery since last interview,"Cross-wave variable-label conflict: B (Heart: surgery bypass), C/D/E/F/G/H/I/J/K (Heart: bypass/cardiac surgery since last int.), 2B/3B (Heart: bypass/cardiac surgery)"
035,3B,bhart15c,hart15c,Heart: dotter/cardiac surgery,Heart: dotter/cardiac surgery since last interview,"Cross-wave variable-label conflict: B (Heart: surgery dotter), C/D/E/F/G/H/I/J/K (Heart: dotter/cardiac surgery since last int.), 2B/3B (Heart: dotter/cardiac surgery)"
035,3B,bhart15d,hart15d,Heart: pacemaker/cardiac surgery,Heart: pacemaker/cardiac surgery since last interview,"Cross-wave variable-label conflict: B (Heart: surgery pacemaker), C/D/E/F/G/H/I/J/K (Heart: pacemaker/cardiac surgery since last interview), 2B/3B (Heart: pacemaker/cardiac surgery)"
035,3B,bhart15e,hart15e,Heart: other/cardiac surgery,Heart: other/cardiac surgery since l. int.,"Cross-wave variable-label conflict: B (Heart: surgery other), C/D/E/F/G/H/I/J/K (Heart: other/cardiac surgery since last int.), 2B/3B (Heart: other/cardiac surgery)"
035,3B,bhbd1,hbd1,Hypertension,Hypertension,
035,3B,bhbd2,hbd2,Hypertension: from which age,Hypertension: from which age,
035,3B,bhbd2a,hbd2a,Hypertension: taking medication,Hypertension: taking medication,
035,3B,bhbd3,hbd3,Hypertension: treatment doctor,Hypertension: treatment doctor,
035,3B,bincon1,incon1,Incontinence,Incontinence,
035,3B,bincon2,incon2,Incontinence: from which age,Incontinence: from which age,
035,3B,bincon3,incon3,Incontinence: taking medication,Incontinence: taking medication,
035,3B,bincon4,incon4,Incontinence: treatment doctor,Incontinence: treatment doctor,
035,3B,bincon5,incon5,Incontinence: how often loss of urine,Incontinence: how often loss of urine,
035,3B,bincon6,incon6,Incontinence: use special material,Incontinence: use special material,
035,3B,bincon7,incon7,Incontinence: surgery,Incontinence: surgery since last interview,"Cross-wave variable-label conflict: B (Incontinence: surgery yes/no), C/D/E/F/G/H (Incontinence: surgery since last interview), 2B/3B (Incontinence: surgery)"
035,3B,bothsi01,othsi01,Other1: other chronic diseases,Other1: other chronic diseases,
035,3B,bothsi02,othsi02,Other1: disease,Other1: disease,
035,3B,bothsi04,othsi04,Other1: from which age,Other1: from which age,
035,3B,bothsi05,othsi05,Other1: taking medication,Other1: taking medication,
035,3B,bothsi06,othsi06,Other1: treatment doctor,Other1: treatment doctor,
035,3B,bothsi07,othsi07,Other2: other chronic diseases,Other2: other chronic diseases,
035,3B,bothsi08,othsi08,Other2: disease,Other2: disease,
035,3B,bothsi10,othsi10,Other2: from which age,Other2: from which age,
035,3B,bothsi12,othsi12,Other2: treatment doctor,Other2: treatment doctor,
035,3B,brheum01,rheum01,Osteo/rheum art: osteoarthritis,Osteo/rheum art: osteoarthritis,
035,3B,brheum02,rheum02,Osteo/rheum art: rheumatoid arthritis,Osteo/rheum art: rheumatoid arthritis,
035,3B,brheum03,rheum03,Osteo/rheum art: from which age,Osteo/rheum art: from which age,
035,3B,brheum04,rheum04,Osteo/rheum art: taking medication,Osteo/rheum art: taking medication,
035,3B,brheum05,rheum05,Osteo/rheum art: treatment doctor,Osteo/rheum art: treatment doctor,
035,3B,brheum06,rheum06,Osteo/rheum art: pain in joints past 3 months,Osteo/rheum art: pain in joints past 3 months,
035,3B,brheum07,rheum07,Osteo/rheum art: morning stiffness joint,Osteo/rheum art: morning stiffness joint,
035,3B,brheum08,rheum08,Osteo/rheum art: swelling joints past month,Osteo/rheum art: swelling joints past month,
035,3B,brheum09,rheum09,Osteo/rheum art: surgery,Osteo/rheum art: surgery since last int.,
035,3B,brheum10,rheum10,Osteo/rheum art: joint prostheses,Osteo/rheum art: joint prostheses,
035,3B,brheum12,rheum12,Osteo/rheum art: observation hands,Osteo/rheum art: observation hands,
035,3B,brheum8a,rheum8a,Osteo/rheum art: complaints fingers,Osteo/rheum art: complaints fingers,
035,3B,brheum8b,rheum8b,Osteo/rheum art: complaints hand/wrist,Osteo/rheum art: complaints hand/wrist,
035,3B,brheum8c,rheum8c,Osteo/rheum art: complaints elbows,Osteo/rheum art: complaints elbows,
035,3B,brheum8d,rheum8d,Osteo/rheum art: complaints shoulders,Osteo/rheum art: complaints shoulders,
035,3B,brheum8e,rheum8e,Osteo/rheum art: complaints toes,Osteo/rheum art: complaints toes,
035,3B,brheum8f,rheum8f,Osteo/rheum art: complaints feet/ankles,Osteo/rheum art: complaints feet/ankles,
035,3B,brheum8g,rheum8g,Osteo/rheum art: complaints knees,Osteo/rheum art: complaints knees,
035,3B,brheum8h,rheum8h,Osteo/rheum art: complaints hip,Osteo/rheum art: complaints hip,
035,3B,brheum8i,rheum8i,Osteo/rheum art: complaints neck,Osteo/rheum art: complaints neck,
035,3B,brheum8j,rheum8j,Osteo/rheum art: complaints back,Osteo/rheum art: complaints back,
035,3B,brheum9a,rheum9a,Osteo/rheum art: surgery fingers,Osteo/rheum art: surgery fingers,
035,3B,brheum9b,rheum9b,Osteo/rheum art: surgery hand/wrist,Osteo/rheum art: surgery hand/wrist,
035,3B,brheum9c,rheum9c,Osteo/rheum art: surgery elbows,Osteo/rheum art: surgery elbows,
035,3B,brheum9d,rheum9d,Osteo/rheum art: surgery shoulders,Osteo/rheum art: surgery shoulders,
035,3B,brheum9e,rheum9e,Osteo/rheum art: surgery toes since,Osteo/rheum art: surgery toes since,
035,3B,brheum9f,rheum9f,Osteo/rheum art: surgery feet/ankles,Osteo/rheum art: surgery feet/ankles,
035,3B,brheum9g,rheum9g,Osteo/rheum art: surgery knees,Osteo/rheum art: surgery knees,
035,3B,brheum9h,rheum9h,Osteo/rheum art: surgery hip,Osteo/rheum art: surgery hip,
035,3B,brheum9i,rheum9i,Osteo/rheum art: surgery neck,Osteo/rheum art: surgery neck,
035,3B,brheum9j,rheum9j,Osteo/rheum art: surgery back,Osteo/rheum art: surgery back,
035,3B,brmch,rmch,Reason missing: chronical diseases,Reason missing: chronic diseases,Cross-wave variable-label conflict: MB source variable bcancer1 is labelled and coded as the chronic-disease missing-reason variable; harmonized with rmch
035,MB,bartvei1,artvei1,Arteries: disease or abnormalities,Arteries: disease or abnormalities,
035,MB,bcara01,cara01,"CNSLD: asthma, chr bronch, emphysema","CNSLD: asthma, chronic bronch, emphysema",
035,MB,bcva01,cva01,CVA,CVA,
035,MB,bdaiabe01,diabe01,Diabetes,Diabetes,
035,MB,bhart01,hart01,Heart: heart disease,Heart: heart disease,
035,MB,brheum01,rheum01,Osteo/rheum art: osteoarthritis,Osteo/rheum art: osteoarthritis,
035,MB,brheum02,rheum02,Osteo/rheum art: rheumatoid arthritis,Osteo/rheum art: rheumatoid arthritis,
035,MB,bcancer1,rmch,Reason missing: chronical diseases,Reason missing: chronic diseases,Cross-wave variable-label conflict: MB source variable bcancer1 is labelled and coded as the chronic-disease missing-reason variable; harmonized with rmch
035,I,iartve8a,artve8a,"Arteries: surgery, bifurcation","Arteries: surgery, bifurcation",
035,I,iartve8b,artve8b,"Arteries: surgery, femoral","Arteries: surgery, femoral",
035,I,iartve8c,artve8c,"Arteries: surgery, groins","Arteries: surgery, groins",
035,I,iartve8d,artve8d,"Arteries: surgery, dotter","Arteries: surgery, dotter",
035,I,iartve8e,artve8e,"Arteries: surgery, other","Arteries: surgery, other",
035,I,iartvei1,artvei1,Arteries: disease or abnormalities,Arteries: disease or abnormalities,
035,I,iartvei4,artvei4,Arteries: treatment doctor,Arteries: treatment doctor,
035,I,iartvei5,artvei5,Arteries: pain when walking,Arteries: pain when walking,
035,I,iartvei7,artvei7,Arteries: pain disappears standing still,Arteries: pain disappears standing still,
035,I,iartvei8,artvei8,Arteries: surgery since last interview,Arteries: surgery since last interview,"Cross-wave variable-label conflict: B/2B/3B (Arteries: surgery), C/D/E/F/G/H/I/J/K (Arteries: surgery since last interview)"
035,I,iartvei9,artvei9,Arteries: outdoors less often,Arteries: outdoors less often,
035,I,icance5a,cance5a,"Cancer: tumor, lungs","Cancer: tumor, lungs",
035,I,icance5b,cance5b,"Cancer: tumor, breast","Cancer: tumor, breast",
035,I,icance5c,cance5c,Cancer:,Cancer,
035,I,icance5d,cance5d,"Cancer: tumor, cervix","Cancer: tumor, cervix",
035,I,icance5e,cance5e,"Cancer: tumor, intestines","Cancer: tumor, intestines",
035,I,icance5f,cance5f,Cancer:,Cancer,
035,I,icance5g,cance5g,"Cancer: tumor, larynx","Cancer: tumor, larynx",
035,I,icance5h,cance5h,"Cancer: tumor, esophagus","Cancer: tumor, esophagus",
035,I,icance5i,cance5i,"Cancer: tumor, stomach","Cancer: tumor, stomach",
035,I,icance5j,cance5j,"Cancer: tumor, blood","Cancer: tumor, blood",
035,I,icance5k,cance5k,"Cancer: tumor, skin","Cancer: tumor, skin",
035,I,icance5l,cance5l,"Cancer: tumor, other","Cancer: tumor, other",
035,I,icance5m,cance5m,"Cancer: tumor, which other","Cancer: tumor, which other",
035,I,icance6a,cance6a,"Cancer: metastases, bone/skeleton","Cancer: metastases, bone/skeleton",
035,I,icance6b,cance6b,"Cancer: metastases, liver","Cancer: metastases, liver",
035,I,icance6c,cance6c,"Cancer: metastases, brain","Cancer: metastases, brain",
035,I,icance6d,cance6d,"Cancer: metastases, lungs","Cancer: metastases, lungs",
035,I,icance6e,cance6e,"Cancer: metastases, lymph nodes","Cancer: metastases, lymph nodes",
035,I,icance6f,cance6f,"Cancer: metastases, other","Cancer: metastases, other",
035,I,icance6g,cance6g,"Cancer: metastases, which other","Cancer: metastases, which other",
035,I,icance7a,cance7a,"Cancer: surgery, since last interview","Cancer: surgery, since last interview","Cross-wave variable-label conflict: B (Cancer: treatment surgery), C/D/E/F/G/H/I/J/K (Cancer: surgery, since last interview), 2B/3B (Cancer: surgery)"
035,I,icance7b,cance7b,"Cancer: chemotherapy, since last interview","Cancer: chemotherapy, since last int.","Cross-wave variable-label conflict: B (Cancer: treatment chemotherapy), C/I/J/K (Cancer: chemotherapy, since last interview), D/E/F/G/H (Cancer: chemotherapy, since last int.), 2B/3B (Cancer: chemotherapy surgery)"
035,I,icance7c,cance7c,"Cancer: radiotherapy, since last interview","Cancer: radiotherapy, since last int.","Cross-wave variable-label conflict: B (Cancer: treatment radiotherapy), C/I/J/K (Cancer: radiotherapy, since last interview), D/E/F/G/H (Cancer: radiotherapy, since last int.), 2B/3B (Cancer: radiotherapy surgery)"
035,I,icance7d,cance7d,"Cancer: alternative treatment, since last interview","Cancer: altern. treatment, since l. int.","Cross-wave variable-label conflict: B (Cancer: treatment alternative (Moerman etc)), C/I/J/K (Cancer: alternative treatment, since last interview), D/E/F/G/H (Cancer: altern. treatment, since l. int.), 2B/3B (Cancer: alternative treatment)"
035,I,icancer1,cancer1,Cancer,Cancer,
035,I,icancer4,cancer4,Cancer: treatment doctor,Cancer: treatment doctor,
035,I,icancer5,cancer5,Cancer: tumor since last interview,Cancer: tumor since last interview,"Cross-wave variable-label conflict: C/D/E/F/G/H/I/J/K (Cancer: tumor since last interview), 2B (Cancer: tumor)"
035,I,icancer6,cancer6,Cancer: metastases since last interview,Cancer: metastases since last interview,"Cross-wave variable-label conflict: B (Cancer: metastases yes/no), C/D/E/F/G/H/I/J/K (Cancer: metastases since last interview), 2B/3B (Cancer: metastases)"
035,I,icara01,cara01,"CNSLD: asthma, chr bronch, emphysema","CNSLD: asthma, chronic bronch, emphysema",
035,I,icara02,cara02,CNSLD: from which age,CNSLD: from which age,
035,I,icara04,cara04,CNSLD: treatment doctor,CNSLD: treatment doctor,
035,I,icara08,cara08,CNSLD: shortness of breath sometimes,CNSLD: shortness of breath sometimes,
035,I,icara11,cara11,CNSLD: disturbed night-rest or sleep,CNSLD: disturbed night-rest or sleep,
035,I,ichmodus,chmodus,Long or short interview,Long or short interview,
035,I,ichoutd,choutd,Chronic diseases: outdoors less often,Chronic diseases: outdoors less often,
035,I,ichoutd01,choutd01,Ch. dis. outdoors less often: CNSLD,Ch. dis. outdoors less often: CNSLD,
035,I,ichoutd02,choutd02,Ch. dis. outdoors less often: heart,Ch. dis. outdoors less often: heart,
035,I,ichoutd03,choutd03,Ch. dis. outdoors less often: arteries,Ch. dis. outdoors less often: arteries,
035,I,ichoutd04,choutd04,Ch. dis. outdoors less often: diabetes,Ch. dis. outdoors less often: diabetes,
035,I,ichoutd05,choutd05,Ch. dis. outdoors less often: CVA,Ch. dis. outdoors less often: CVA,
035,I,ichoutd06,choutd06,Ch. dis. outdoors less often: incontinence,Ch. dis. outdoors less often: incontinence,
035,I,ichoutd07,choutd07,Ch. dis. outdoors less often: osteoarthritis,Ch. dis. outdoors less often: osteoarthritis,
035,I,ichoutd08,choutd08,Ch. dis. outdoors less often: rheumatoid arthritis,Ch. dis. outdoors less often: rheumatoid arthritis,
035,I,ichoutd09,choutd09,Ch. dis. outdoors less often: cancer,Ch. dis. outdoors less often: cancer,
035,I,ichoutd10,choutd10,Ch. dis. outdoors less often: other chronic disease 1,Ch. dis. outdoors less often: other chronic disease 1,
035,I,ichoutd11,choutd11,Ch. dis. outdoors less often: other chronic disease 2,Ch. dis. outdoors less often: other chronic disease 2,
035,I,ichoutd12,choutd12,Ch. dis. outdoors less often: hypertension,Ch. dis. outdoors less often: hypertension,
035,I,icva01,cva01,CVA,CVA,
035,I,icva02a,cva02a,CVA: stroke since last interview,CVA: stroke since last interview,
035,I,icva02b,cva02b,CVA: no of strokes,CVA: no of strokes,
035,I,icva03j,cva03j,"CVA: 1, stroke year","CVA: 1, stroke year",
035,I,icva03m,cva03m,"CVA: 1, stroke month","CVA: 1, stroke month",
035,I,icva04j,cva04j,"CVA: > 1, first stroke year","CVA: > 1, first stroke year",
035,I,icva04m,cva04m,"CVA: > 1, first stroke month","CVA: > 1, first stroke month",
035,I,icva05j,cva05j,"CVA: > 1, last stroke year","CVA: > 1, last stroke year",
035,I,icva05m,cva05m,"CVA: > 1, last stroke month","CVA: > 1, last stroke month",
035,I,icva07,cva07,CVA: treatment doctor,CVA: treatment doctor,
035,I,icva09,cva09,CVA: still problems with vision,CVA: still problems with vision,
035,I,idiabe01,diabe01,Diabetes,Diabetes,
035,I,idiabe02,diabe02,Diabetes: from which age,Diabetes: from which age,
035,I,idiabe03a,diabe03a,Diabetes: which medication from onset,Diabetes: which medication from onset,
035,I,idiabe04,diabe04,Diabetes: treatment doctor,Diabetes: treatment doctor,
035,I,idiabe05,diabe05,Diabetes: treatment related eye problems,Diabetes: treatment related eye problems,
035,I,idiabe07,diabe07,Diabetes: pain when walking,Diabetes: pain when walking,
035,I,idiabe09,diabe09,Diabetes: pain disappears standing still,Diabetes: pain disappears standing still,
035,I,idiabe11,diabe11,Diabetes: chest pain during exertion,Diabetes: chest pain during exertion,
035,I,idiabe12,diabe12,Diabetes: exertion pain disappears in 10 minutes,Diabetes: exertion pain disappears in 10 minutes,
035,I,idiabe6a,diabe6a,Diabetes eye problems: laser treatment,"Diabetes: eye probl, laser",
035,I,idiabe6b,diabe6b,Diabetes eye problems: cataract operation,"Diabetes: eye probl, cataract",
035,I,idiabe6c,diabe6c,Diabetes eye problems: other treatment,"Diabetes: eye probl, other treatment",
035,I,ihart01,hart01,Heart: heart disease,Heart: heart disease,
035,I,ihart04,hart04,Heart: treatment doctor,Heart: treatment doctor,
035,I,ihart05,hart05,Heart: myocardial infarction since last interview,Heart: myocardial infarction since last interview,"Cross-wave variable-label conflict: B/2B/3B (Heart: myocardial infarction), C (Heart: myocardial infarction since last), D/E/F/G/H/I/J/K (Heart: myocardial infarction since last interview)"
035,I,ihart06,hart06,Heart: no of myocardial inf since last interview,Heart: no of myocardial inf since last interview,"Cross-wave variable-label conflict: B (Heart: myocardial inf no of times), C/D/E/F/G/H/I (Heart: no of myocardial inf since last interview), 2B/3B (Heart: no of myocardial infarctions)"
035,I,ihart07j,hart07j,Heart: one infarction year,Heart: one infarction year,
035,I,ihart07m,hart07m,Heart: one infarction,Heart: one infarction month,
035,I,ihart08j,hart08j,Heart: >1; first infarction year,Heart: >1; first infarction year,
035,I,ihart08m,hart08m,Heart: >1; first infarction month,Heart: >1; first infarction month,
035,I,ihart09j,hart09j,Heart: >1; last infarction year,Heart: >1; last infarction year,
035,I,ihart09m,hart09m,Heart: >1; last infarction month,Heart: >1; last infarction month,
035,I,ihart10,hart10,Heart: chest pain during exertion,Heart: chest pain during exertion,
035,I,ihart11,hart11,Heart: exertion pain disappears in 10 min,Heart: exertion pain disappears in 10 minutes,
035,I,ihart12,hart12,Heart: >1 pillow for shortness of breath,Heart: >1 pillow for shortness of breath,
035,I,ihart13,hart13,"Heart: edema morning; legs, feet, ankles","Heart: edema morning; legs, feet, ankles",
035,I,ihart15,hart15,Heart: cardiac surgery since last interview,Heart: cardiac surgery since last int.,
035,I,ihart15a,hart15a,Heart: valves/cardiac surgery since last interview,Heart: valves/cardiac surgery since last interview,"Cross-wave variable-label conflict: B (Heart: surgery valves), C (Heart: valves/cardiac surgery since last), D/E/F/G/H/I/J/K (Heart: valves/cardiac surgery since last interview), 2B/3B (Heart: valves/cardiac surgery)"
035,I,ihart15b,hart15b,Heart: bypass/cardiac surgery since last interview,Heart: bypass/cardiac surgery since last interview,"Cross-wave variable-label conflict: B (Heart: surgery bypass), C/D/E/F/G/H/I/J/K (Heart: bypass/cardiac surgery since last int.), 2B/3B (Heart: bypass/cardiac surgery)"
035,I,ihart15c,hart15c,Heart: dotter/cardiac surgery since last interview,Heart: dotter/cardiac surgery since last interview,"Cross-wave variable-label conflict: B (Heart: surgery dotter), C/D/E/F/G/H/I/J/K (Heart: dotter/cardiac surgery since last int.), 2B/3B (Heart: dotter/cardiac surgery)"
035,I,ihart15d,hart15d,Heart: pacemaker/cardiac surgery since interview,Heart: pacemaker/cardiac surgery since last interview,"Cross-wave variable-label conflict: B (Heart: surgery pacemaker), C/D/E/F/G/H/I/J/K (Heart: pacemaker/cardiac surgery since last interview), 2B/3B (Heart: pacemaker/cardiac surgery)"
035,I,ihart15e,hart15e,Heart: other/cardiac surgery since last interview,Heart: other/cardiac surgery since l. int.,"Cross-wave variable-label conflict: B (Heart: surgery other), C/D/E/F/G/H/I/J/K (Heart: other/cardiac surgery since last int.), 2B/3B (Heart: other/cardiac surgery)"
035,I,ihbd1,hbd1,Hypertension,Hypertension,
035,I,ihbd1a,hbd1a,Hypertension: taking medication,Hypertension: taking medication,
035,I,ihbd2,hbd2,Hypertension: from which age,Hypertension: from which age,
035,I,ihbd3,hbd3,Hypertension: treatment doctor,Hypertension: treatment doctor,
035,I,iincon10,incon10,Past month: strong urge to urinate and unable to make it to the toilet on time,Past month: strong urge to urinate and unable to make it to the toilet on time,
035,I,iincon9,incon9,Past month: unintentional urine loss with physical exertion,Past month: unintentional urine loss with physical exertion,
035,I,ikneep1,kneep1,Knee pain past 6 months,Knee pain past 6 monthsnths,
035,I,ikneep2,kneep2,Knee pain: pain level now,Knee pain: pain level now,
035,I,ikneep3,kneep3,Knee pain: worst pain past 6 months,Knee pain: worst pain past 6 monthsnths,
035,I,ikneep4,kneep4,Knee pain: average pain past 6 months,Knee pain: average pain past 6 monthsnths,
035,I,ikneep5,kneep5,Knee pain: number of days unable to perform normal activities,Knee pain: number of days unable to perform normal activities,
035,I,ikneep6,kneep6,Knee pain: to which extent impeded daily activities,Knee pain: to which extent impeded daily activities,
035,I,ikneep7,kneep7,Knee pain: to which extent changed social activities,Knee pain: to which extent changed social activities,
035,I,ikneep8,kneep8,Knee pain: to which extent changed daily work activities,Knee pain: to which extent changed daily work activities,
035,I,ikneep9,kneep9,Knee pain: number of days pain past 6 months,Knee pain: number of days pain past 6 monthsnths,
035,I,iothsi01,othsi01,Other1: other chronic diseases,Other1: other chronic diseases,
035,I,iothsi02,othsi02,Other1: disease,Other1: disease,
035,I,iothsi04,othsi04,Other1: from which age,Other1: from which age,
035,I,iothsi05,othsi05,Other1: taking medication,Other1: taking medication,
035,I,iothsi06,othsi06,Other1: treatment doctor,Other1: treatment doctor,
035,I,iothsi07,othsi07,Other2: other chronic diseases,Other2: other chronic diseases,
035,I,iothsi08,othsi08,Other2: disease,Other2: disease,
035,I,iothsi10,othsi10,Other2: from which age,Other2: from which age,
035,I,iothsi12,othsi12,Other2: treatment doctor,Other2: treatment doctor,
035,I,irh10_1j,rh10_1j,Joint replacement surgery (1): joint,Joint replacement surgery (1): joint,
035,I,irh10_1r,rh10_1r,Joint replacement surgery (1): reason,Joint replacement surgery (1): reason,
035,I,irh10_1s,rh10_1s,Joint replacement surgery (1): side,Joint replacement surgery (1): side,
035,I,irh10_1y1,rh10_1y1,Joint replacement surgery (1): year (1),Joint replacement surgery (1): year (1),
035,I,irh10_1y2,rh10_1y2,Joint replacement surgery (1): year (2),Joint replacement surgery (1): year (2),
035,I,irh10_2j,rh10_2j,Joint replacement surgery (2): joint,Joint replacement surgery (2): joint,
035,I,irh10_2r,rh10_2r,Joint replacement surgery (2): reason,Joint replacement surgery (2): reason,
035,I,irh10_2s,rh10_2s,Joint replacement surgery (2): side,Joint replacement surgery (2): side,
035,I,irh10_2y1,rh10_2y1,Joint replacement surgery (2): year (1),Joint replacement surgery (2): year (1),
035,I,irh10_2y2,rh10_2y2,Joint replacement surgery (2): year (2),Joint replacement surgery (2): year (2),
035,I,irh10_3j,rh10_3j,Joint replacement surgery (3): joint,Joint replacement surgery (3): joint,
035,I,irh10_3r,rh10_3r,Joint replacement surgery (3): reason,Joint replacement surgery (3): reason,
035,I,irh10_3s,rh10_3s,Joint replacement surgery (3): side,Joint replacement surgery (3): side,
035,I,irh10_3y1,rh10_3y1,Joint replacement surgery (3): year (1),Joint replacement surgery (3): year (1),
035,I,irh10_3y2,rh10_3y2,Joint replacement surgery (3): year (2),Joint replacement surgery (3): year (2),
035,I,irheum01,rheum01,Osteo/rheum art: osteoarthritis,Osteo/rheum art: osteoarthritis,
035,I,irheum02,rheum02,Osteo/rheum art: rheumatoid arthritis,Osteo/rheum art: rheumatoid arthritis,
035,I,irheum04,rheum04,Osteo/rheum art: taking medication,Osteo/rheum art: taking medication,
035,I,irheum05,rheum05,Osteo/rheum art: treatment doctor,Osteo/rheum art: treatment doctor,
035,I,irheum06,rheum06,Osteo/rheum art: pain in joints past 3 months,Osteo/rheum art: pain in joints past 3 months,
035,I,irheum07,rheum07,Osteo/rheum art: morning stiffness joint,Osteo/rheum art: morning stiffness joint,
035,I,irheum08,rheum08,Osteo/rheum art: swelling joints past month,Osteo/rheum art: swelling joints past month,
035,I,irheum09,rheum09,Osteo/rheum art: surgery since last interview,Osteo/rheum art: surgery since last int.,
035,I,irheum10a,rheum10a,Osteo/rheum art: joint replacement surgery,Osteo/rheum art: joint replacement surgery,
035,I,irheum10a2,rheum10a2,Osteo/rheum art: joint replacement surgery (2),Osteo/rheum art: joint replacement surgery (2),
035,I,irheum10a3,rheum10a3,Osteo/rheum art: joint replacement surgery (3),Osteo/rheum art: joint replacement surgery (3),
035,I,irheum12,rheum12,Osteo/rheum art: observation hands,Osteo/rheum art: observation hands,
035,I,irheum8a,rheum8a,Osteo/rheum art: complaints fingers,Osteo/rheum art: complaints fingers,
035,I,irheum8b,rheum8b,Osteo/rheum art: complaints hand/wrist,Osteo/rheum art: complaints hand/wrist,
035,I,irheum8c,rheum8c,Osteo/rheum art: complaints elbows,Osteo/rheum art: complaints elbows,
035,I,irheum8d,rheum8d,Osteo/rheum art: complaints shoulders,Osteo/rheum art: complaints shoulders,
035,I,irheum8e,rheum8e,Osteo/rheum art: complaints toes,Osteo/rheum art: complaints toes,
035,I,irheum8f,rheum8f,Osteo/rheum art: complaints feet/ankles,Osteo/rheum art: complaints feet/ankles,
035,I,irheum8g,rheum8g,Osteo/rheum art: complaints knees,Osteo/rheum art: complaints knees,
035,I,irheum8h,rheum8h,Osteo/rheum art: complaints hip,Osteo/rheum art: complaints hip,
035,I,irheum8i,rheum8i,Osteo/rheum art: complaints neck,Osteo/rheum art: complaints neck,
035,I,irheum8j,rheum8j,Osteo/rheum art: complaints back,Osteo/rheum art: complaints back,
035,I,irheum9a,rheum9a,Osteo/rheum art: surgery fingers,Osteo/rheum art: surgery fingers,
035,I,irheum9b,rheum9b,Osteo/rheum art: surgery hand/wrist,Osteo/rheum art: surgery hand/wrist,
035,I,irheum9c,rheum9c,Osteo/rheum art: surgery elbows,Osteo/rheum art: surgery elbows,
035,I,irheum9d,rheum9d,Osteo/rheum art: surgery shoulders,Osteo/rheum art: surgery shoulders,
035,I,irheum9e,rheum9e,Osteo/rheum art: surgery toes since,Osteo/rheum art: surgery toes since,
035,I,irheum9f,rheum9f,Osteo/rheum art: surgery feet/ankles,Osteo/rheum art: surgery feet/ankles,
035,I,irheum9g,rheum9g,Osteo/rheum art: surgery knees,Osteo/rheum art: surgery knees,
035,I,irheum9h,rheum9h,Osteo/rheum art: surgery hip,Osteo/rheum art: surgery hip,
035,I,irheum9i,rheum9i,Osteo/rheum art: surgery neck,Osteo/rheum art: surgery neck,
035,I,irheum9j,rheum9j,Osteo/rheum art: surgery back,Osteo/rheum art: surgery back,
035,I,irmch,rmch,Reason missing: chronical diseases,Reason missing: chronic diseases,Cross-wave variable-label conflict: MB source variable bcancer1 is labelled and coded as the chronic-disease missing-reason variable; harmonized with rmch
035,I,itrauy,trauy,,,
035,J,jartve8a,artve8a,"Arteries: surgery, bifurcation","Arteries: surgery, bifurcation",
035,J,jartve8b,artve8b,"Arteries: surgery, femoral","Arteries: surgery, femoral",
035,J,jartve8c,artve8c,"Arteries: surgery, groins","Arteries: surgery, groins",
035,J,jartve8d,artve8d,"Arteries: surgery, dotter","Arteries: surgery, dotter",
035,J,jartve8e,artve8e,"Arteries: surgery, other","Arteries: surgery, other",
035,J,jartvei1,artvei1,Arteries: disease or abnormalities,Arteries: disease or abnormalities,
035,J,jartvei4,artvei4,Arteries: treatment doctor,Arteries: treatment doctor,
035,J,jartvei5,artvei5,Arteries: pain when walking,Arteries: pain when walking,
035,J,jartvei7,artvei7,Arteries: pain disappears standing still,Arteries: pain disappears standing still,
035,J,jartvei8,artvei8,Arteries: surgery since last interview,Arteries: surgery since last interview,"Cross-wave variable-label conflict: B/2B/3B (Arteries: surgery), C/D/E/F/G/H/I/J/K (Arteries: surgery since last interview)"
035,J,jcance1x,cance1x,Cancer: nature of tumor,Cancer: nature of tumor,
035,J,jcance5a,cance5a,"Cancer: tumor, lungs","Cancer: tumor, lungs",
035,J,jcance5b,cance5b,"Cancer: tumor, breast","Cancer: tumor, breast",
035,J,jcance5c,cance5c,Cancer:,Cancer,
035,J,jcance5d,cance5d,"Cancer: tumor, cervix","Cancer: tumor, cervix",
035,J,jcance5e,cance5e,"Cancer: tumor, intestines","Cancer: tumor, intestines",
035,J,jcance5f,cance5f,Cancer:,Cancer,
035,J,jcance5g,cance5g,"Cancer: tumor, larynx","Cancer: tumor, larynx",
035,J,jcance5h,cance5h,"Cancer: tumor, esophagus","Cancer: tumor, esophagus",
035,J,jcance5i,cance5i,"Cancer: tumor, stomach","Cancer: tumor, stomach",
035,J,jcance5j,cance5j,"Cancer: tumor, blood","Cancer: tumor, blood",
035,J,jcance5k,cance5k,"Cancer: tumor, skin","Cancer: tumor, skin",
035,J,jcance5l,cance5l,"Cancer: tumor, other","Cancer: tumor, other",
035,J,jcance6a,cance6a,"Cancer: metastases, bone/skeleton","Cancer: metastases, bone/skeleton",
035,J,jcance6b,cance6b,"Cancer: metastases, liver","Cancer: metastases, liver",
035,J,jcance6c,cance6c,"Cancer: metastases, brain","Cancer: metastases, brain",
035,J,jcance6d,cance6d,"Cancer: metastases, lungs","Cancer: metastases, lungs",
035,J,jcance6e,cance6e,"Cancer: metastases, lymph nodes","Cancer: metastases, lymph nodes",
035,J,jcance6f,cance6f,"Cancer: metastases, other","Cancer: metastases, other",
035,J,jcance7a,cance7a,"Cancer: surgery, since last interview","Cancer: surgery, since last interview","Cross-wave variable-label conflict: B (Cancer: treatment surgery), C/D/E/F/G/H/I/J/K (Cancer: surgery, since last interview), 2B/3B (Cancer: surgery)"
035,J,jcance7b,cance7b,"Cancer: chemotherapy, since last interview","Cancer: chemotherapy, since last int.","Cross-wave variable-label conflict: B (Cancer: treatment chemotherapy), C/I/J/K (Cancer: chemotherapy, since last interview), D/E/F/G/H (Cancer: chemotherapy, since last int.), 2B/3B (Cancer: chemotherapy surgery)"
035,J,jcance7c,cance7c,"Cancer: radiotherapy, since last interview","Cancer: radiotherapy, since last int.","Cross-wave variable-label conflict: B (Cancer: treatment radiotherapy), C/I/J/K (Cancer: radiotherapy, since last interview), D/E/F/G/H (Cancer: radiotherapy, since last int.), 2B/3B (Cancer: radiotherapy surgery)"
035,J,jcance7d,cance7d,"Cancer: alternative treatment, since last interview","Cancer: altern. treatment, since l. int.","Cross-wave variable-label conflict: B (Cancer: treatment alternative (Moerman etc)), C/I/J/K (Cancer: alternative treatment, since last interview), D/E/F/G/H (Cancer: altern. treatment, since l. int.), 2B/3B (Cancer: alternative treatment)"
035,J,jcancer1,cancer1,Cancer,Cancer,
035,J,jcancer4,cancer4,Cancer: treatment doctor,Cancer: treatment doctor,
035,J,jcancer5,cancer5,Cancer: tumor since last interview,Cancer: tumor since last interview,"Cross-wave variable-label conflict: C/D/E/F/G/H/I/J/K (Cancer: tumor since last interview), 2B (Cancer: tumor)"
035,J,jcancer6,cancer6,Cancer: metastases since last interview,Cancer: metastases since last interview,"Cross-wave variable-label conflict: B (Cancer: metastases yes/no), C/D/E/F/G/H/I/J/K (Cancer: metastases since last interview), 2B/3B (Cancer: metastases)"
035,J,jcara01,cara01,"CNSLD: asthma, chr bronch, emphysema","CNSLD: asthma, chronic bronch, emphysema",
035,J,jcara02,cara02,CNSLD: from which age,CNSLD: from which age,
035,J,jcara04,cara04,CNSLD: treatment doctor,CNSLD: treatment doctor,
035,J,jcara08,cara08,CNSLD: shortness of breath sometimes,CNSLD: shortness of breath sometimes,
035,J,jcara11,cara11,CNSLD: disturbed night-rest or sleep,CNSLD: disturbed night-rest or sleep,
035,J,jchmodus,chmodus,Long or short interview,Long or short interview,
035,J,jchoutd,choutd,Chronic diseases: outdoors less often,Chronic diseases: outdoors less often,
035,J,jchoutd01,choutd01,Ch. dis. outdoors less often: CNSLD,Ch. dis. outdoors less often: CNSLD,
035,J,jchoutd02,choutd02,Ch. dis. outdoors less often: heart,Ch. dis. outdoors less often: heart,
035,J,jchoutd03,choutd03,Ch. dis. outdoors less often: arteries,Ch. dis. outdoors less often: arteries,
035,J,jchoutd04,choutd04,Ch. dis. outdoors less often: diabetes,Ch. dis. outdoors less often: diabetes,
035,J,jchoutd05,choutd05,Ch. dis. outdoors less often: CVA,Ch. dis. outdoors less often: CVA,
035,J,jchoutd06,choutd06,Ch. dis. outdoors less often: incontinence,Ch. dis. outdoors less often: incontinence,
035,J,jchoutd07,choutd07,Ch. dis. outdoors less often: osteoarthritis,Ch. dis. outdoors less often: osteoarthritis,
035,J,jchoutd08,choutd08,Ch. dis. outdoors less often: rheumatoid arthritis,Ch. dis. outdoors less often: rheumatoid arthritis,
035,J,jchoutd09,choutd09,Ch. dis. outdoors less often: cancer,Ch. dis. outdoors less often: cancer,
035,J,jchoutd10,choutd10,Ch. dis. outdoors less often: other chronic disease 1,Ch. dis. outdoors less often: other chronic disease 1,
035,J,jchoutd11,choutd11,Ch. dis. outdoors less often: other chronic disease 2,Ch. dis. outdoors less often: other chronic disease 2,
035,J,jchoutd12,choutd12,Ch. dis. outdoors less often: hypertension,Ch. dis. outdoors less often: hypertension,
035,J,jcva01,cva01,CVA,CVA,
035,J,jcva02a,cva02a,CVA: stroke since last interview,CVA: stroke since last interview,
035,J,jcva03j,cva03j,CVA: (first) stroke year,"CVA: 1, stroke year",
035,J,jcva03m,cva03m,CVA: (first) stroke month,"CVA: 1, stroke month",
035,J,jcva07,cva07,CVA: treatment doctor,CVA: treatment doctor,
035,J,jdiabe01,diabe01,Diabetes,Diabetes,
035,J,jdiabe02,diabe02,Diabetes: from which age,Diabetes: from which age,
035,J,jdiabe03a,diabe03a,Diabetes: which medication from onset,Diabetes: which medication from onset,
035,J,jdiabe04,diabe04,Diabetes: treatment doctor,Diabetes: treatment doctor,
035,J,jdiabe07,diabe07,Diabetes: pain when walking,Diabetes: pain when walking,
035,J,jdiabe09,diabe09,Diabetes: pain disappears standing still,Diabetes: pain disappears standing still,
035,J,jdiabe11,diabe11,Diabetes: chest pain during exertion,Diabetes: chest pain during exertion,
035,J,jdiabe12,diabe12,Diabetes: exertion pain disappears in 10 minutes,Diabetes: exertion pain disappears in 10 minutes,
035,J,jhart01,hart01,Heart: heart disease,Heart: heart disease,
035,J,jhart04,hart04,Heart: treatment doctor,Heart: treatment doctor,
035,J,jhart05,hart05,Heart: myocardial infarction since last interview,Heart: myocardial infarction since last interview,"Cross-wave variable-label conflict: B/2B/3B (Heart: myocardial infarction), C (Heart: myocardial infarction since last), D/E/F/G/H/I/J/K (Heart: myocardial infarction since last interview)"
035,J,jhart07j,hart07j,Heart: (first) infarction,Heart: one infarction year,
035,J,jhart07m,hart07m,Heart: (first) infarction,Heart: one infarction month,
035,J,jhart10,hart10,Heart: chest pain during exertion,Heart: chest pain during exertion,
035,J,jhart11,hart11,Heart: exertion pain disappears in 10 min,Heart: exertion pain disappears in 10 minutes,
035,J,jhart12,hart12,Heart: >1 pillow for shortness of breath,Heart: >1 pillow for shortness of breath,
035,J,jhart14,hart14,"Heart: edema evening; legs, feet, ankles","Heart: edema evening; legs, feet, ankles",
035,J,jhart15,hart15,Heart: cardiac surgery since last interview,Heart: cardiac surgery since last int.,
035,J,jhart15a,hart15a,Heart: valves/cardiac surgery since last interview,Heart: valves/cardiac surgery since last interview,"Cross-wave variable-label conflict: B (Heart: surgery valves), C (Heart: valves/cardiac surgery since last), D/E/F/G/H/I/J/K (Heart: valves/cardiac surgery since last interview), 2B/3B (Heart: valves/cardiac surgery)"
035,J,jhart15b,hart15b,Heart: bypass/cardiac surgery since last interview,Heart: bypass/cardiac surgery since last interview,"Cross-wave variable-label conflict: B (Heart: surgery bypass), C/D/E/F/G/H/I/J/K (Heart: bypass/cardiac surgery since last int.), 2B/3B (Heart: bypass/cardiac surgery)"
035,J,jhart15c,hart15c,Heart: dotter/cardiac surgery since last interview,Heart: dotter/cardiac surgery since last interview,"Cross-wave variable-label conflict: B (Heart: surgery dotter), C/D/E/F/G/H/I/J/K (Heart: dotter/cardiac surgery since last int.), 2B/3B (Heart: dotter/cardiac surgery)"
035,J,jhart15d,hart15d,Heart: pacemaker/cardiac surgery since interview,Heart: pacemaker/cardiac surgery since last interview,"Cross-wave variable-label conflict: B (Heart: surgery pacemaker), C/D/E/F/G/H/I/J/K (Heart: pacemaker/cardiac surgery since last interview), 2B/3B (Heart: pacemaker/cardiac surgery)"
035,J,jhart15e,hart15e,Heart: other/cardiac surgery since last interview,Heart: other/cardiac surgery since l. int.,"Cross-wave variable-label conflict: B (Heart: surgery other), C/D/E/F/G/H/I/J/K (Heart: other/cardiac surgery since last int.), 2B/3B (Heart: other/cardiac surgery)"
035,J,jhbd1,hbd1,Hypertension,Hypertension,
035,J,jhbd1a,hbd1a,Hypertension: taking medication,Hypertension: taking medication,
035,J,jhbd2,hbd2,Hypertension: from which age,Hypertension: from which age,
035,J,jhbd3,hbd3,Hypertension: treatment doctor,Hypertension: treatment doctor,
035,J,jincon10,incon10,Past month: strong urge to urinate and unable to make it to the toilet on time,Past month: strong urge to urinate and unable to make it to the toilet on time,
035,J,jincon9,incon9,Past month: unintentional urine loss with physical exertion,Past month: unintentional urine loss with physical exertion,
035,J,jkneep1,kneep1,Knee pain past 6 months,Knee pain past 6 monthsnths,
035,J,jkneep2,kneep2,Knee pain: pain level now,Knee pain: pain level now,
035,J,jkneep3,kneep3,Knee pain: worst pain past 6 months,Knee pain: worst pain past 6 monthsnths,
035,J,jkneep4,kneep4,Knee pain: average pain past 6 months,Knee pain: average pain past 6 monthsnths,
035,J,jkneep5,kneep5,Knee pain: number of days unable to perform normal activities,Knee pain: number of days unable to perform normal activities,
035,J,jkneep6,kneep6,Knee pain: to which extent impeded daily activities,Knee pain: to which extent impeded daily activities,
035,J,jkneep7,kneep7,Knee pain: to which extent changed social activities,Knee pain: to which extent changed social activities,
035,J,jkneep8,kneep8,Knee pain: to which extent changed daily work activities,Knee pain: to which extent changed daily work activities,
035,J,jkneep9,kneep9,Knee pain: number of days pain past 6 months,Knee pain: number of days pain past 6 monthsnths,
035,J,jothsi01,othsi01,Other1: other chronic diseases,Other1: other chronic diseases,
035,J,jothsi02,othsi02,Other1: disease,Other1: disease,
035,J,jothsi04,othsi04,Other1: from which age,Other1: from which age,
035,J,jothsi06,othsi06,Other1: treatment doctor,Other1: treatment doctor,
035,J,jothsi07,othsi07,Other2: other chronic diseases,Other2: other chronic diseases,
035,J,jothsi08,othsi08,Other2: disease,Other2: disease,
035,J,jothsi10,othsi10,Other2: from which age,Other2: from which age,
035,J,jothsi12,othsi12,Other2: treatment doctor,Other2: treatment doctor,
035,J,jrh10_1j,rh10_1j,Joint replacement surgery (1): joint,Joint replacement surgery (1): joint,
035,J,jrh10_1r,rh10_1r,Joint replacement surgery (1): reason,Joint replacement surgery (1): reason,
035,J,jrh10_1s,rh10_1s,Joint replacement surgery (1): side,Joint replacement surgery (1): side,
035,J,jrh10_1y1,rh10_1y1,Joint replacement surgery (1): year (1),Joint replacement surgery (1): year (1),
035,J,jrh10_1y2,rh10_1y2,Joint replacement surgery (1): year (2),Joint replacement surgery (1): year (2),
035,J,jrh10_2j,rh10_2j,Joint replacement surgery (2): joint,Joint replacement surgery (2): joint,
035,J,jrh10_2r,rh10_2r,Joint replacement surgery (2): reason,Joint replacement surgery (2): reason,
035,J,jrh10_2s,rh10_2s,Joint replacement surgery (2): side,Joint replacement surgery (2): side,
035,J,jrh10_2y1,rh10_2y1,Joint replacement surgery (2): year (1),Joint replacement surgery (2): year (1),
035,J,jrh10_2y2,rh10_2y2,Joint replacement surgery (2): year (2),Joint replacement surgery (2): year (2),
035,J,jrh10_3j,rh10_3j,Joint replacement surgery (3): joint,Joint replacement surgery (3): joint,
035,J,jrh10_3r,rh10_3r,Joint replacement surgery (3): reason,Joint replacement surgery (3): reason,
035,J,jrh10_3s,rh10_3s,Joint replacement surgery (3): side,Joint replacement surgery (3): side,
035,J,jrh10_3y1,rh10_3y1,Joint replacement surgery (3): year (1),Joint replacement surgery (3): year (1),
035,J,jrh10_3y2,rh10_3y2,Joint replacement surgery (3): year (2),Joint replacement surgery (3): year (2),
035,J,jrheum01,rheum01,Osteo/rheum art: osteoarthritis,Osteo/rheum art: osteoarthritis,
035,J,jrheum02,rheum02,Osteo/rheum art: rheumatoid arthritis,Osteo/rheum art: rheumatoid arthritis,
035,J,jrheum04,rheum04,Osteo/rheum art: taking medication,Osteo/rheum art: taking medication,
035,J,jrheum05,rheum05,Osteo/rheum art: treatment doctor,Osteo/rheum art: treatment doctor,
035,J,jrheum06,rheum06,Osteo/rheum art: pain in joints past 3 months,Osteo/rheum art: pain in joints past 3 months,
035,J,jrheum07,rheum07,Osteo/rheum art: morning stiffness joint,Osteo/rheum art: morning stiffness joint,
035,J,jrheum08,rheum08,Osteo/rheum art: swelling joints past month,Osteo/rheum art: swelling joints past month,
035,J,jrheum09,rheum09,Osteo/rheum art: surgery since last interview,Osteo/rheum art: surgery since last int.,
035,J,jrheum10a,rheum10a,Osteo/rheum art: joint replacement surgery,Osteo/rheum art: joint replacement surgery,
035,J,jrheum10a2,rheum10a2,Osteo/rheum art: joint replacement surgery (2),Osteo/rheum art: joint replacement surgery (2),
035,J,jrheum10a3,rheum10a3,Osteo/rheum art: joint replacement surgery (3),Osteo/rheum art: joint replacement surgery (3),
035,J,jrheum12,rheum12,Osteo/rheum art: observation hands,Osteo/rheum art: observation hands,
035,J,jrheum8a,rheum8a,Osteo/rheum art: complaints fingers,Osteo/rheum art: complaints fingers,
035,J,jrheum8b,rheum8b,Osteo/rheum art: complaints hand/wrist,Osteo/rheum art: complaints hand/wrist,
035,J,jrheum8c,rheum8c,Osteo/rheum art: complaints elbows,Osteo/rheum art: complaints elbows,
035,J,jrheum8d,rheum8d,Osteo/rheum art: complaints shoulders,Osteo/rheum art: complaints shoulders,
035,J,jrheum8e,rheum8e,Osteo/rheum art: complaints toes,Osteo/rheum art: complaints toes,
035,J,jrheum8f,rheum8f,Osteo/rheum art: complaints feet/ankles,Osteo/rheum art: complaints feet/ankles,
035,J,jrheum8g,rheum8g,Osteo/rheum art: complaints knees,Osteo/rheum art: complaints knees,
035,J,jrheum8h,rheum8h,Osteo/rheum art: complaints hip,Osteo/rheum art: complaints hip,
035,J,jrheum8i,rheum8i,Osteo/rheum art: complaints neck,Osteo/rheum art: complaints neck,
035,J,jrheum8j,rheum8j,Osteo/rheum art: complaints back,Osteo/rheum art: complaints back,
035,J,jrheum9a,rheum9a,Osteo/rheum art: surgery fingers,Osteo/rheum art: surgery fingers,
035,J,jrheum9b,rheum9b,Osteo/rheum art: surgery hand/wrist,Osteo/rheum art: surgery hand/wrist,
035,J,jrheum9c,rheum9c,Osteo/rheum art: surgery elbows,Osteo/rheum art: surgery elbows,
035,J,jrheum9d,rheum9d,Osteo/rheum art: surgery shoulders,Osteo/rheum art: surgery shoulders,
035,J,jrheum9e,rheum9e,Osteo/rheum art: surgery toes since,Osteo/rheum art: surgery toes since,
035,J,jrheum9f,rheum9f,Osteo/rheum art: surgery feet/ankles,Osteo/rheum art: surgery feet/ankles,
035,J,jrheum9g,rheum9g,Osteo/rheum art: surgery knees,Osteo/rheum art: surgery knees,
035,J,jrheum9h,rheum9h,Osteo/rheum art: surgery hip,Osteo/rheum art: surgery hip,
035,J,jrheum9i,rheum9i,Osteo/rheum art: surgery neck,Osteo/rheum art: surgery neck,
035,J,jrheum9j,rheum9j,Osteo/rheum art: surgery back,Osteo/rheum art: surgery back,
035,J,jrmch,rmch,Reason missing: chronical diseases,Reason missing: chronic diseases,Cross-wave variable-label conflict: MB source variable bcancer1 is labelled and coded as the chronic-disease missing-reason variable; harmonized with rmch
035,J,jtrauy,trauy,,,
035,K,kartve8a,artve8a,"Arteries: surgery, bifurcation","Arteries: surgery, bifurcation",
035,K,kartve8b,artve8b,"Arteries: surgery, femoral","Arteries: surgery, femoral",
035,K,kartve8c,artve8c,"Arteries: surgery, groins","Arteries: surgery, groins",
035,K,kartve8d,artve8d,"Arteries: surgery, dotter","Arteries: surgery, dotter",
035,K,kartve8e,artve8e,"Arteries: surgery, other","Arteries: surgery, other",
035,K,kartvei1,artvei1,Arteries: disease or abnormalities,Arteries: disease or abnormalities,
035,K,kartvei1b,artvei1b,"Arteries: No, previous interview Yes","Arteries: No, previous interview Yes",
035,K,kartvei1c,artvei1c,Arteries: disease not present since,Arteries: disease not present since,
035,K,kartvei1d,artvei1d,Arteries: reason disease not present,Arteries: reason disease not present,
035,K,kartvei4,artvei4,Arteries: treatment doctor,Arteries: treatment doctor,
035,K,kartvei5,artvei5,Arteries: pain when walking,Arteries: pain when walking,
035,K,kartvei7,artvei7,Arteries: pain disappears standing still,Arteries: pain disappears standing still,
035,K,kartvei8,artvei8,Arteries: surgery since last interview,Arteries: surgery since last interview,"Cross-wave variable-label conflict: B/2B/3B (Arteries: surgery), C/D/E/F/G/H/I/J/K (Arteries: surgery since last interview)"
035,K,kcance1x,cance1x,Cancer: nature of tumor,Cancer: nature of tumor,
035,K,kcance5a,cance5a,"Cancer: tumor, lungs","Cancer: tumor, lungs",
035,K,kcance5b,cance5b,"Cancer: tumor, breast","Cancer: tumor, breast",
035,K,kcance5c,cance5c,Cancer:,Cancer,
035,K,kcance5d,cance5d,"Cancer: tumor, cervix","Cancer: tumor, cervix",
035,K,kcance5e,cance5e,"Cancer: tumor, intestines","Cancer: tumor, intestines",
035,K,kcance5f,cance5f,Cancer:,Cancer,
035,K,kcance5g,cance5g,"Cancer: tumor, larynx","Cancer: tumor, larynx",
035,K,kcance5h,cance5h,"Cancer: tumor, esophagus","Cancer: tumor, esophagus",
035,K,kcance5i,cance5i,"Cancer: tumor, stomach","Cancer: tumor, stomach",
035,K,kcance5j,cance5j,"Cancer: tumor, blood","Cancer: tumor, blood",
035,K,kcance5k,cance5k,"Cancer: tumor, skin","Cancer: tumor, skin",
035,K,kcance5l,cance5l,"Cancer: tumor, other","Cancer: tumor, other",
035,K,kcance5x,cance5x,Cancer: nature of new tumor,Cancer: nature of new tumor,
035,K,kcance6a,cance6a,"Cancer: metastases, bone/skeleton","Cancer: metastases, bone/skeleton",
035,K,kcance6b,cance6b,"Cancer: metastases, liver","Cancer: metastases, liver",
035,K,kcance6c,cance6c,"Cancer: metastases, brain","Cancer: metastases, brain",
035,K,kcance6d,cance6d,"Cancer: metastases, lungs","Cancer: metastases, lungs",
035,K,kcance6e,cance6e,"Cancer: metastases, lymph nodes","Cancer: metastases, lymph nodes",
035,K,kcance6f,cance6f,"Cancer: metastases, other","Cancer: metastases, other",
035,K,kcance7a,cance7a,"Cancer: surgery, since last interview","Cancer: surgery, since last interview","Cross-wave variable-label conflict: B (Cancer: treatment surgery), C/D/E/F/G/H/I/J/K (Cancer: surgery, since last interview), 2B/3B (Cancer: surgery)"
035,K,kcance7b,cance7b,"Cancer: chemotherapy, since last interview","Cancer: chemotherapy, since last int.","Cross-wave variable-label conflict: B (Cancer: treatment chemotherapy), C/I/J/K (Cancer: chemotherapy, since last interview), D/E/F/G/H (Cancer: chemotherapy, since last int.), 2B/3B (Cancer: chemotherapy surgery)"
035,K,kcance7c,cance7c,"Cancer: radiotherapy, since last interview","Cancer: radiotherapy, since last int.","Cross-wave variable-label conflict: B (Cancer: treatment radiotherapy), C/I/J/K (Cancer: radiotherapy, since last interview), D/E/F/G/H (Cancer: radiotherapy, since last int.), 2B/3B (Cancer: radiotherapy surgery)"
035,K,kcance7d,cance7d,"Cancer: alternative treatment, since last interview","Cancer: altern. treatment, since l. int.","Cross-wave variable-label conflict: B (Cancer: treatment alternative (Moerman etc)), C/I/J/K (Cancer: alternative treatment, since last interview), D/E/F/G/H (Cancer: altern. treatment, since l. int.), 2B/3B (Cancer: alternative treatment)"
035,K,kcancer1,cancer1,Cancer,Cancer,
035,K,kcancer4,cancer4,Cancer: treatment doctor,Cancer: treatment doctor,
035,K,kcancer5,cancer5,Cancer: tumor since last interview,Cancer: tumor since last interview,"Cross-wave variable-label conflict: C/D/E/F/G/H/I/J/K (Cancer: tumor since last interview), 2B (Cancer: tumor)"
035,K,kcancer6,cancer6,Cancer: metastases since last interview,Cancer: metastases since last interview,"Cross-wave variable-label conflict: B (Cancer: metastases yes/no), C/D/E/F/G/H/I/J/K (Cancer: metastases since last interview), 2B/3B (Cancer: metastases)"
035,K,kcara01,cara01,"CNSLD: asthma, chr bronch, emphysema","CNSLD: asthma, chronic bronch, emphysema",
035,K,kcara02,cara02,CNSLD: from which age,CNSLD: from which age,
035,K,kcara04,cara04,CNSLD: treatment doctor,CNSLD: treatment doctor,
035,K,kcara08,cara08,CNSLD: shortness of breath sometimes,CNSLD: shortness of breath sometimes,
035,K,kcara11,cara11,CNSLD: disturbed night-rest or sleep,CNSLD: disturbed night-rest or sleep,
035,K,kchmodus,chmodus,Long or short interview,Long or short interview,
035,K,kchol1,chol1,Hypercholesterolemia,Hypercholesterolemia,
035,K,kchol2,chol2,Hypercholesterolemia: taking medication,Hypercholesterolemia: taking medication,
035,K,kchoutd,choutd,Chronic diseases: outdoors less often,Chronic diseases: outdoors less often,
035,K,kchoutd01,choutd01,Ch. dis. outdoors less often: CNSLD,Ch. dis. outdoors less often: CNSLD,
035,K,kchoutd02,choutd02,Ch. dis. outdoors less often: heart,Ch. dis. outdoors less often: heart,
035,K,kchoutd03,choutd03,Ch. dis. outdoors less often: arteries,Ch. dis. outdoors less often: arteries,
035,K,kchoutd04,choutd04,Ch. dis. outdoors less often: diabetes,Ch. dis. outdoors less often: diabetes,
035,K,kchoutd05,choutd05,Ch. dis. outdoors less often: CVA,Ch. dis. outdoors less often: CVA,
035,K,kchoutd06,choutd06,Ch. dis. outdoors less often: incontinence,Ch. dis. outdoors less often: incontinence,
035,K,kchoutd07,choutd07,Ch. dis. outdoors less often: osteoarthritis,Ch. dis. outdoors less often: osteoarthritis,
035,K,kchoutd08,choutd08,Ch. dis. outdoors less often: rheumatoid arthritis,Ch. dis. outdoors less often: rheumatoid arthritis,
035,K,kchoutd09,choutd09,Ch. dis. outdoors less often: cancer,Ch. dis. outdoors less often: cancer,
035,K,kchoutd10,choutd10,Ch. dis. outdoors less often: other chronic disease 1,Ch. dis. outdoors less often: other chronic disease 1,
035,K,kchoutd11,choutd11,Ch. dis. outdoors less often: other chronic disease 2,Ch. dis. outdoors less often: other chronic disease 2,
035,K,kchoutd12,choutd12,Ch. dis. outdoors less often: hypertension,Ch. dis. outdoors less often: hypertension,
035,K,KCORONA1,corona1,Since March 2020: R tested positive on corona test,Since March 2020: R tested positive on corona test,
035,K,KCORONA1_LC1,corona1_lc1,Long-Covid 1: shortness of breath / fatigue,Long-Covid 1: shortness of breath / fatigue,
035,K,KCORONA1_LC2,corona1_lc2,Long-Covid 1: gloom / anxious,Long-Covid 1: gloom / anxious,
035,K,KCORONA1_LC3,corona1_lc3,Long-Covid 1: forgetfulness / concentration problems,Long-Covid 1: forgetfulness / concentration problems,
035,K,KCORONA1_LC4,corona1_lc4,Long-Covid 1: more help from others / decreased working ability,Long-Covid 1: more help from others / decreased working ability,
035,K,KCORONA1_M,corona1_m,Month positive corona test,Month positive corona test,
035,K,KCORONA1_Y,corona1_y,Year positive corona test,Year positive corona test,
035,K,KCORONA2,corona2,Second positive corona test,Second positive corona test,
035,K,KCORONA2_LC1,corona2_lc1,Long-Covid 2: shortness of breath / fatigue,Long-Covid 2: shortness of breath / fatigue,
035,K,KCORONA2_LC2,corona2_lc2,Long-Covid 2: gloom / anxious,Long-Covid 2: gloom / anxious,
035,K,KCORONA2_LC3,corona2_lc3,Long-Covid 2: forgetfulness / concentration problems,Long-Covid 2: forgetfulness / concentration problems,
035,K,KCORONA2_LC4,corona2_lc4,Long-Covid 2: more help from others / decreased working ability,Long-Covid 2: more help from others / decreased working ability,
035,K,KCORONA2_M,corona2_m,Month second positive corona test,Month second positive corona test,
035,K,KCORONA2_Y,corona2_y,Year second positive corona test,Year second positive corona test,
035,K,kcva01,cva01,CVA,CVA,
035,K,kcva02a,cva02a,CVA: stroke since last interview,CVA: stroke since last interview,
035,K,kcva03j,cva03j,CVA: (first) stroke year,"CVA: 1, stroke year",
035,K,kcva03m,cva03m,CVA: (first) stroke month,"CVA: 1, stroke month",
035,K,kcva07,cva07,CVA: treatment doctor,CVA: treatment doctor,
035,K,kdiabe01,diabe01,Diabetes,Diabetes,
035,K,kdiabe02,diabe02,Diabetes: from which age,Diabetes: from which age,
035,K,kdiabe03,diabe03,Diabetes: medication from onset,Diabetes: taking medication,
035,K,kdiabe03a,diabe03a,Diabetes: medication; insulin injections,Diabetes: which medication from onset,
035,K,kdiabe03b,diabe03b,Diabetes: medication; insulin tablets,Diabetes: medication; insulin tablets,
035,K,kdiabe03c,diabe03c,Diabetes: medication; insulin pump,Diabetes: medication; insulin pump,
035,K,kdiabe04,diabe04,Diabetes: treatment doctor,Diabetes: treatment doctor,
035,K,kdiabe07,diabe07,Diabetes: pain when walking,Diabetes: pain when walking,
035,K,kdiabe09,diabe09,Diabetes: pain disappears standing still,Diabetes: pain disappears standing still,
035,K,kdiabe11,diabe11,Diabetes: chest pain during exertion,Diabetes: chest pain during exertion,
035,K,kdiabe12,diabe12,Diabetes: exertion pain disappears in 10 minutes,Diabetes: exertion pain disappears in 10 minutes,
035,K,khart01,hart01,Heart: heart disease,Heart: heart disease,
035,K,khart02,hart02,Heart: from which age,Heart: from which age,
035,K,khart04,hart04,Heart: treatment doctor,Heart: treatment doctor,
035,K,khart05,hart05,Heart: myocardial infarction since last interview,Heart: myocardial infarction since last interview,"Cross-wave variable-label conflict: B/2B/3B (Heart: myocardial infarction), C (Heart: myocardial infarction since last), D/E/F/G/H/I/J/K (Heart: myocardial infarction since last interview)"
035,K,khart10,hart10,Heart: chest pain during exertion,Heart: chest pain during exertion,
035,K,khart11,hart11,Heart: exertion pain disappears in 10 min,Heart: exertion pain disappears in 10 minutes,
035,K,khart12,hart12,Heart: >1 pillow for shortness of breath,Heart: >1 pillow for shortness of breath,
035,K,khart14,hart14,"Heart: edema evening; legs, feet, ankles","Heart: edema evening; legs, feet, ankles",
035,K,khart15,hart15,Heart: cardiac surgery since last interview,Heart: cardiac surgery since last int.,
035,K,khart15a,hart15a,Heart: valves/cardiac surgery since last interview,Heart: valves/cardiac surgery since last interview,"Cross-wave variable-label conflict: B (Heart: surgery valves), C (Heart: valves/cardiac surgery since last), D/E/F/G/H/I/J/K (Heart: valves/cardiac surgery since last interview), 2B/3B (Heart: valves/cardiac surgery)"
035,K,khart15b,hart15b,Heart: bypass/cardiac surgery since last interview,Heart: bypass/cardiac surgery since last interview,"Cross-wave variable-label conflict: B (Heart: surgery bypass), C/D/E/F/G/H/I/J/K (Heart: bypass/cardiac surgery since last int.), 2B/3B (Heart: bypass/cardiac surgery)"
035,K,khart15c,hart15c,Heart: dotter/cardiac surgery since last interview,Heart: dotter/cardiac surgery since last interview,"Cross-wave variable-label conflict: B (Heart: surgery dotter), C/D/E/F/G/H/I/J/K (Heart: dotter/cardiac surgery since last int.), 2B/3B (Heart: dotter/cardiac surgery)"
035,K,khart15d,hart15d,Heart: pacemaker/cardiac surgery since interview,Heart: pacemaker/cardiac surgery since last interview,"Cross-wave variable-label conflict: B (Heart: surgery pacemaker), C/D/E/F/G/H/I/J/K (Heart: pacemaker/cardiac surgery since last interview), 2B/3B (Heart: pacemaker/cardiac surgery)"
035,K,khart15e,hart15e,Heart: other/cardiac surgery since last interview,Heart: other/cardiac surgery since l. int.,"Cross-wave variable-label conflict: B (Heart: surgery other), C/D/E/F/G/H/I/J/K (Heart: other/cardiac surgery since last int.), 2B/3B (Heart: other/cardiac surgery)"
035,K,khbd1,hbd1,Hypertension,Hypertension,
035,K,khbd1a,hbd1a,Hypertension: taking medication,Hypertension: taking medication,
035,K,khbd2,hbd2,Hypertension: from which age,Hypertension: from which age,
035,K,khbd3,hbd3,Hypertension: treatment doctor,Hypertension: treatment doctor,
035,K,khtraumj,htraumj,,,
035,K,kincon10,incon10,Past month: strong urge to urinate and unable to make it to the toilet on time,Past month: strong urge to urinate and unable to make it to the toilet on time,
035,K,kincon9,incon9,Past month: unintentional urine loss with physical exertion,Past month: unintentional urine loss with physical exertion,
035,K,kkneep1,kneep1,Knee pain past 6 months,Knee pain past 6 monthsnths,
035,K,kkneep2,kneep2,Knee pain: pain level now,Knee pain: pain level now,
035,K,kkneep3,kneep3,Knee pain: worst pain past 6 months,Knee pain: worst pain past 6 monthsnths,
035,K,kkneep4,kneep4,Knee pain: average pain past 6 months,Knee pain: average pain past 6 monthsnths,
035,K,kkneep5,kneep5,Knee pain: number of days unable to perform normal activities,Knee pain: number of days unable to perform normal activities,
035,K,kkneep6,kneep6,Knee pain: to which extent impeded daily activities,Knee pain: to which extent impeded daily activities,
035,K,kkneep7,kneep7,Knee pain: to which extent changed social activities,Knee pain: to which extent changed social activities,
035,K,kkneep8,kneep8,Knee pain: to which extent changed daily work activities,Knee pain: to which extent changed daily work activities,
035,K,kkneep9,kneep9,Knee pain: number of days pain past 6 months,Knee pain: number of days pain past 6 monthsnths,
035,K,kothsi01,othsi01,Other1: other chronic diseases,Other1: other chronic diseases,
035,K,kothsi02,othsi02,Other1: disease,Other1: disease,
035,K,kothsi04,othsi04,Other1: from which age,Other1: from which age,
035,K,kothsi06,othsi06,Other1: treatment doctor,Other1: treatment doctor,
035,K,kothsi07,othsi07,Other2: other chronic diseases,Other2: other chronic diseases,
035,K,kothsi08,othsi08,Other2: disease,Other2: disease,
035,K,kothsi10,othsi10,Other2: from which age,Other2: from which age,
035,K,kothsi12,othsi12,Other2: treatment doctor,Other2: treatment doctor,
035,K,krh10_1j,rh10_1j,Joint replacement surgery (1): joint,Joint replacement surgery (1): joint,
035,K,krh10_1r,rh10_1r,Joint replacement surgery (1): reason,Joint replacement surgery (1): reason,
035,K,krh10_1s,rh10_1s,Joint replacement surgery (1): side,Joint replacement surgery (1): side,
035,K,krh10_1y1,rh10_1y1,Joint replacement surgery (1):,Joint replacement surgery (1): year (1),
035,K,krh10_1y2,rh10_1y2,Joint replacement surgery (1):,Joint replacement surgery (1): year (2),
035,K,krh10_2j,rh10_2j,Joint replacement surgery (2): joint,Joint replacement surgery (2): joint,
035,K,krh10_2r,rh10_2r,Joint replacement surgery (2): reason,Joint replacement surgery (2): reason,
035,K,krh10_2s,rh10_2s,Joint replacement surgery (2): side,Joint replacement surgery (2): side,
035,K,krh10_2y1,rh10_2y1,Joint replacement surgery (2):,Joint replacement surgery (2): year (1),
035,K,krh10_2y2,rh10_2y2,Joint replacement surgery (2):,Joint replacement surgery (2): year (2),
035,K,krh10_3j,rh10_3j,Joint replacement surgery (3): joint,Joint replacement surgery (3): joint,
035,K,krh10_3r,rh10_3r,Joint replacement surgery (3): reason,Joint replacement surgery (3): reason,
035,K,krh10_3s,rh10_3s,Joint replacement surgery (3): side,Joint replacement surgery (3): side,
035,K,krh10_3y1,rh10_3y1,Joint replacement surgery (3):,Joint replacement surgery (3): year (1),
035,K,krh10_3y2,rh10_3y2,Joint replacement surgery (3):,Joint replacement surgery (3): year (2),
035,K,krheum01,rheum01,"Osteo/rheum art: osteoarthritis (knee, hip or hand)",Osteo/rheum art: osteoarthritis,
035,K,krheum01a,rheum01a,"Osteo/rheum art: osteoarthritis (other than knee, hip or hand)","Osteo/rheum art: osteoarthritis (other than knee, hip or hand)",
035,K,krheum02,rheum02,Osteo/rheum art: rheumatoid arthritis,Osteo/rheum art: rheumatoid arthritis,
035,K,krheum04,rheum04,Osteo/rheum art: taking medication,Osteo/rheum art: taking medication,
035,K,krheum05,rheum05,Osteo/rheum art: treatment doctor,Osteo/rheum art: treatment doctor,
035,K,krheum06,rheum06,Osteo/rheum art: pain in joints past 3 months,Osteo/rheum art: pain in joints past 3 months,
035,K,krheum07,rheum07,Osteo/rheum art: morning stiffness joint,Osteo/rheum art: morning stiffness joint,
035,K,krheum08,rheum08,Osteo/rheum art: swelling joints past month,Osteo/rheum art: swelling joints past month,
035,K,krheum09,rheum09,Osteo/rheum art: surgery since last interview,Osteo/rheum art: surgery since last int.,
035,K,krheum10a,rheum10a,Osteo/rheum art: joint replacement surgery,Osteo/rheum art: joint replacement surgery,
035,K,krheum10a2,rheum10a2,Osteo/rheum art: joint replacement surgery (2),Osteo/rheum art: joint replacement surgery (2),
035,K,krheum10a3,rheum10a3,Osteo/rheum art: joint replacement surgery (3),Osteo/rheum art: joint replacement surgery (3),
035,K,krheum12,rheum12,Osteo/rheum art: observation hands,Osteo/rheum art: observation hands,
035,K,krheum8a,rheum8a,Osteo/rheum art: complaints fingers,Osteo/rheum art: complaints fingers,
035,K,krheum8b,rheum8b,Osteo/rheum art: complaints hand/wrist,Osteo/rheum art: complaints hand/wrist,
035,K,krheum8c,rheum8c,Osteo/rheum art: complaints elbows,Osteo/rheum art: complaints elbows,
035,K,krheum8d,rheum8d,Osteo/rheum art: complaints shoulders,Osteo/rheum art: complaints shoulders,
035,K,krheum8e,rheum8e,Osteo/rheum art: complaints toes,Osteo/rheum art: complaints toes,
035,K,krheum8f,rheum8f,Osteo/rheum art: complaints feet/ankles,Osteo/rheum art: complaints feet/ankles,
035,K,krheum8g,rheum8g,Osteo/rheum art: complaints knees,Osteo/rheum art: complaints knees,
035,K,krheum8h,rheum8h,Osteo/rheum art: complaints hip,Osteo/rheum art: complaints hip,
035,K,krheum8i,rheum8i,Osteo/rheum art: complaints neck,Osteo/rheum art: complaints neck,
035,K,krheum8j,rheum8j,Osteo/rheum art: complaints back,Osteo/rheum art: complaints back,
035,K,krheum9a,rheum9a,Osteo/rheum art: surgery fingers,Osteo/rheum art: surgery fingers,
035,K,krheum9b,rheum9b,Osteo/rheum art: surgery hand/wrist,Osteo/rheum art: surgery hand/wrist,
035,K,krheum9c,rheum9c,Osteo/rheum art: surgery elbows,Osteo/rheum art: surgery elbows,
035,K,krheum9d,rheum9d,Osteo/rheum art: surgery shoulders,Osteo/rheum art: surgery shoulders,
035,K,krheum9e,rheum9e,Osteo/rheum art: surgery toes since,Osteo/rheum art: surgery toes since,
035,K,krheum9f,rheum9f,Osteo/rheum art: surgery feet/ankles,Osteo/rheum art: surgery feet/ankles,
035,K,krheum9g,rheum9g,Osteo/rheum art: surgery knees,Osteo/rheum art: surgery knees,
035,K,krheum9h,rheum9h,Osteo/rheum art: surgery hip,Osteo/rheum art: surgery hip,
035,K,krheum9i,rheum9i,Osteo/rheum art: surgery neck,Osteo/rheum art: surgery neck,
035,K,krheum9j,rheum9j,Osteo/rheum art: surgery back,Osteo/rheum art: surgery back,
035,K,krmch,rmch,Reason missing: chronical diseases,Reason missing: chronic diseases,Cross-wave variable-label conflict: MB source variable bcancer1 is labelled and coded as the chronic-disease missing-reason variable; harmonized with rmch
035,K,KVACCIN,vaccin,R vaccinated against corona,R vaccinated against corona,
035,K,KVACCIN_M,vaccin_m,R vaccinated against corona: month first vaccination,R vaccinated against corona: month first vaccination,
035,K,kvaccin_y,vaccin_y,R vaccinated against corona: year first vaccination,R vaccinated against corona: year first vaccination,
