filecode,wave,variable_name,canonical_name,variable_label,harmonized_var_label,conflicts
033,B,bdhelp01,dhelp01,Help: partner,Help: partner,
033,B,bdhelp02,dhelp02,Help: resident child,Help: resident child,
033,B,bdhelp03,dhelp03,Help: resident other,Help: resident other,
033,B,bdhelp04,dhelp04,Help: non-resident child,Help: non-resident child,
033,B,bdhelp05,dhelp05,Help: non-resident other family,Help: non-resident other family,
033,B,bdhelp06,dhelp06,Help: neighbours/friends/acquaintances,Help: neighbours/friends/acquaintances,
033,B,bdhelp07,dhelp07,Help: volunteers,Help: volunteers,
033,B,bdhelp08,dhelp08,Help: district nurse,Help: district nurse,
033,B,bdhelp09,dhelp09,Help: elderly/home/alpha help,Help: elderly/home/alpha help,
033,B,bdhelp10,dhelp10,Help: private,Help: private,
033,B,bdhelp11,dhelp11,Help: personnel home/hospital,Help: personnel home/hospital,
033,B,bdhelp12,dhelp12,Help: other,Help: other,
033,B,bdhelpyn,dhelpyn,Help with domestic tasks Yes/No,Help with domestic tasks Yes/No,
033,B,bdhour01,dhour01,Hours help: partner,Hours help: partner,
033,B,bdhour02,dhour02,Hours help: resident child,Hours help: resident child,
033,B,bdhour03,dhour03,Hours help: resident other,Hours help: resident other,
033,B,bdhour04,dhour04,Hours help: non-resident child,Hours help: non-resident child,
033,B,bdhour05,dhour05,Hours help: non-resident other family,Hours help: non-resident other family,
033,B,bdhour06,dhour06,Hours help: neighbours/friends/acquaintances,Hours help: neighbours/friends/acquaintances,
033,B,bdhour07,dhour07,Hours help: volunteers,Hours help: volunteers,
033,B,bdhour08,dhour08,Hours help: district nurse,Hours help: district nurse,
033,B,bdhour09,dhour09,Hours help: elderly/home/alpha help,Hours help: elderly/home/alpha help,
033,B,bdhour10,dhour10,Hours help: private help,Hours help: private help,
033,B,bdhour11,dhour11,Hours help: personnel home/hospital,Hours help: personnel home/hospital,
033,B,bdhour12,dhour12,Hours help: other,Hours help: other,
033,B,bhealth1,health1,Health problems limit normal activities,Health problems limit normal activities,
033,B,bhealth2,health2,How long limitations,How long limitations,
033,B,bhealth3,health3,Past month: days sick in bed,Past month: days sick in bed,
033,B,bhealth4,health4,Past month: days limited in activities,Past month: #days limited in activities,
033,B,bhmunici,hmunici,Sufficient help facilities in municipality,Sufficient help facilities in municipality,
033,B,bphelp01,phelp01,Helpp: respondent,Helpp: respondent,
033,B,bphelp02,phelp02,Helpp: resident child,Helpp: resident child,
033,B,bphelp03,phelp03,Helpp: resident other,Helpp: resident other,
033,B,bphelp04,phelp04,Helpp: non-resident child,Helpp: non-resident child,
033,B,bphelp05,phelp05,Helpp: non-resident other family,Helpp: non-resident other family,
033,B,bphelp06,phelp06,Helpp: neighbours/friends/acquaintances,Helpp: neighbours/friends/acquaintances,
033,B,bphelp07,phelp07,Helpp: volunteers,Helpp: volunteers,
033,B,bphelp08,phelp08,Helpp: district nurse,Helpp: district nurse,
033,B,bphelp09,phelp09,Helpp: elderly/home/alpha help,Helpp: elderly/home/alpha help,
033,B,bphelp10,phelp10,Helpp: private,Helpp: private,
033,B,bphelp11,phelp11,Helpp: personnel home/hospital,Helpp: personnel home/hospital,
033,B,bphelp12,phelp12,Helpp: other,Helpp: other,
033,B,bphelpyn,phelpyn,Help partner with personal care,Help partner with personal care,
033,B,bphour01,phour01,Hours helpp: respondent,Hours helpp: respondent,
033,B,bphour02,phour02,Hours helpp: resident other,Hours helpp: resident other,
033,B,bphour03,phour03,Hours helpp: resident other,Hours helpp: resident other,
033,B,bphour04,phour04,Hours helpp: non-resident child,Hours helpp: non-resident child,
033,B,bphour05,phour05,Hours helpp: non-resident other family,Hours helpp: non-resident other family,
033,B,bphour06,phour06,Hours helpp: neighbours/friends/acquaintances,Hours helpp: neighbours/friends/acquaintances,
033,B,bphour07,phour07,Hours helpp: volunteers,Hours helpp: volunteers,
033,B,bphour08,phour08,Hours helpp: district nurse,Hours helpp: district nurse,
033,B,bphour09,phour09,Hours helpp: elderly/home/alpha help,Hours helpp: elderly/home/alpha help,
033,B,bphour10,phour10,Hours helpp: private,Hours helpp: private,
033,B,bphour11,phour11,Hours helpp: personnel home/hospital,Hours helpp: personnel home/hospital,
033,B,bphour12,phour12,Hours helpp: other,Hours helpp: other,
033,B,brhelp01,rhelp01,Help R: partner,Help R: partner,
033,B,brhelp02,rhelp02,Help R: resident child,Help R: resident child,
033,B,brhelp03,rhelp03,Help R: resident other,Help R: resident other,
033,B,brhelp04,rhelp04,Help R: non-resident child,Help R: non-resident child,
033,B,brhelp05,rhelp05,Help R: non-resident other family,Help R: non-resident other family,
033,B,brhelp06,rhelp06,Help R: (neighbours/friends/acquaintances,Help R: neighbours/friends/acquaintances,
033,B,brhelp07,rhelp07,Help R: volunteers,Help R: volunteers,
033,B,brhelp08,rhelp08,Help R: district nurse,Help R: district nurse,
033,B,brhelp09,rhelp09,Help R: elderly/home/alpha help,Help R: elderly/home/alpha help,
033,B,brhelp10,rhelp10,Help R: private,Help R: private,
033,B,brhelp11,rhelp11,Help R: personnel home/hospital,Help R: personnel home/hospital,
033,B,brhelp12,rhelp12,Help R: other,Help R: other,
033,B,brhelpyn,rhelpyn,Help R with personal care Y/N,Help R with personal care Y/N,
033,B,brhour01,rhour01,Hours help R: partner,Hours help R: partner,
033,B,brhour02,rhour02,Hours help R: resident child,Hours help R: resident child,
033,B,brhour03,rhour03,Hours help R: resident other,Hours help R: resident other,
033,B,brhour04,rhour04,Hours help R: non-resident child,Hours help R: non-resident child,
033,B,brhour05,rhour05,Hours help R: non-resident other family,Hours help R: non-resident other family,
033,B,brhour06,rhour06,Hours help R: neighbours/friends/acquaintances,Hours help R: neighbours/friends/acquaintances,
033,B,brhour07,rhour07,Hours help R: volunteers,Hours help R: volunteers,
033,B,brhour08,rhour08,Hours help R: district nurse,Hours help R: district nurse,
033,B,brhour09,rhour09,Hours help R: elderly/home/alpha help,Hours help R: elderly/home/alpha help,
033,B,brhour10,rhour10,Hours help R: private,Hours help R: private,
033,B,brhour11,rhour11,Hours help R: personnel home/hospital,Hours help R: personnel home/hospital,
033,B,brhour12,rhour12,Hours help R: other,Hours help R: other,
033,B,brsick01,rsick01,Sick: pers care by respondent,Sick: pers care by respondent,
033,B,brsick02,rsick02,Sick: pers care by partner,Sick: pers care by partner,
033,B,brsick03,rsick03,Sick: pers care by resident child,Sick: pers care by resident child,
033,B,brsick04,rsick04,Sick: pers care by resident other,Sick: pers care by resident other,
033,B,brsick05,rsick05,Sick: pers care by non-resident child,Sick: pers care by non-resident child,
033,B,brsick06,rsick06,Sick: pers care by non-resident other family,Sick: pers care by non-resident other family,
033,B,brsick07,rsick07,Sick: pers care by neighbours/friends/acquaintances,Sick: pers care by neighbours/friends/acquaintances,
033,B,brsick08,rsick08,Sick: pers care by volunteers,Sick: pers care by volunteers,
033,B,brsick09,rsick09,Sick: pers care by district nurse,Sick: pers care by district nurse,
033,B,brsick10,rsick10,Sick: pers care by elderly/home/alpha help,Sick: pers care by elderly/home/alpha help,
033,B,brsick11,rsick11,Sick: pers care by private help,Sick: pers care by private help,
033,B,brsick12,rsick12,Sick: pers care by personnel home/hospital,Sick: pers care by personnel home/hospital,
033,B,brsick13,rsick13,Sick: pers care by nobody,Sick: pers care by nobody,
033,B,brsick14,rsick14,Sick: pers care by other,Sick: pers care by other,
033,B,brsick15,rsick15,Sick: domestic care by respondent,Sick: domestic care by respondent,
033,B,brsick16,rsick16,Sick: domestic care by partner,Sick: domestic care by partner,
033,B,brsick17,rsick17,Sick: domestic care by resident child,Sick: domestic care by resident child,
033,B,brsick18,rsick18,Sick: domestic care by resident other,Sick: domestic care by resident other,
033,B,brsick19,rsick19,Sick: domestic care by non-resident child,Sick: domestic care by non-resident child,
033,B,brsick20,rsick20,Sick: domestic care by non-resident family,Sick: domestic care by non-resident family,
033,B,brsick21,rsick21,Sick: domestic care by neighbours/friends/acquaintances,Sick: domestic care by neighbours/friends/acquaintances,
033,B,brsick22,rsick22,Sick: domestic care by volunteers,Sick: domestic care by volunteers,
033,B,brsick23,rsick23,Sick: domestic care by district nurse,Sick: domestic care by district nurse,
033,B,brsick24,rsick24,Sick: domestic care by elderly/home/alpha help,Sick: domestic care by elderly/home/alpha help,
033,B,brsick25,rsick25,Sick: domestic care by private help,Sick: domestic care by private help,
033,B,brsick26,rsick26,Sick: domestic care by personnel home/hospital,Sick: domestic care by personnel home/hospital,
033,B,brsick27,rsick27,Sick: domestic care by nobody,Sick: domestic care by nobody,
033,B,brsick28,rsick28,Sick: domestic care by other,Sick: domestic care by other,
033,B,bsuffic,suffic,Respondent gets sufficient help,Respondent gets sufficient help,
033,C,cdhelp01,dhelp01,Help: partner,Help: partner,
033,C,cdhelp02,dhelp02,Help: resident child,Help: resident child,
033,C,cdhelp03,dhelp03,Help: resident other,Help: resident other,
033,C,cdhelp04,dhelp04,Help: non-resident child,Help: non-resident child,
033,C,cdhelp05,dhelp05,Help: non-resident other family,Help: non-resident other family,
033,C,cdhelp06,dhelp06,Help: neighbours/friends/acquaintances,Help: neighbours/friends/acquaintances,
033,C,cdhelp07,dhelp07,Help: volunteers,Help: volunteers,
033,C,cdhelp08,dhelp08,Help: district nurse,Help: district nurse,
033,C,cdhelp09,dhelp09,Help: elderly/home/alpha help,Help: elderly/home/alpha help,
033,C,cdhelp10,dhelp10,Help: private,Help: private,
033,C,cdhelp11,dhelp11,Help: personnel home/hospital,Help: personnel home/hospital,
033,C,cdhelp12,dhelp12,Help: other,Help: other,
033,C,cdhelpyn,dhelpyn,Help with domestic tasks Yes/No,Help with domestic tasks Yes/No,
033,C,cdhour01,dhour01,Hours help: partner,Hours help: partner,
033,C,cdhour02,dhour02,Hours help: resident child,Hours help: resident child,
033,C,cdhour03,dhour03,Hours help: resident other,Hours help: resident other,
033,C,cdhour04,dhour04,Hours help: non-resident child,Hours help: non-resident child,
033,C,cdhour05,dhour05,Hours help: non-resident other family,Hours help: non-resident other family,
033,C,cdhour06,dhour06,Hours help: neighbours/friends/acquaintances,Hours help: neighbours/friends/acquaintances,
033,C,cdhour07,dhour07,Hours help: volunteers,Hours help: volunteers,
033,C,cdhour08,dhour08,Hours help: district nurse,Hours help: district nurse,
033,C,cdhour09,dhour09,Hours help: elderly/home/alpha help,Hours help: elderly/home/alpha help,
033,C,cdhour10,dhour10,Hours help: private help,Hours help: private help,
033,C,cdhour11,dhour11,Hours help: personnel home/hospital,Hours help: personnel home/hospital,
033,C,cdhour12,dhour12,Hours help: other,Hours help: other,
033,C,chealth1,health1,Health problems limit normal activities,Health problems limit normal activities,
033,C,chealth2,health2,How long limitations,How long limitations,
033,C,chealth3,health3,Past month: days sick in bed,Past month: days sick in bed,
033,C,chealth4,health4,Past month: #days limited in activities,Past month: #days limited in activities,
033,C,cphelp01,phelp01,Helpp: respondent,Helpp: respondent,
033,C,cphelp02,phelp02,Helpp: resident child,Helpp: resident child,
033,C,cphelp03,phelp03,Helpp: resident other,Helpp: resident other,
033,C,cphelp04,phelp04,Helpp: non-resident child,Helpp: non-resident child,
033,C,cphelp05,phelp05,Helpp: non-resident other family,Helpp: non-resident other family,
033,C,cphelp06,phelp06,Helpp: neighbours/friends/acquaintances,Helpp: neighbours/friends/acquaintances,
033,C,cphelp07,phelp07,Helpp: volunteers,Helpp: volunteers,
033,C,cphelp08,phelp08,Helpp: district nurse,Helpp: district nurse,
033,C,cphelp09,phelp09,Helpp: elderly/home/alpha help,Helpp: elderly/home/alpha help,
033,C,cphelp10,phelp10,Helpp: private,Helpp: private,
033,C,cphelp11,phelp11,Helpp: personnel home/hospital,Helpp: personnel home/hospital,
033,C,cphelp12,phelp12,Helpp: other,Helpp: other,
033,C,cphelpyn,phelpyn,Help partner with personal care,Help partner with personal care,
033,C,cphour01,phour01,Hours helpp: respondent,Hours helpp: respondent,
033,C,cphour02,phour02,Hours helpp: resident other,Hours helpp: resident other,
033,C,cphour03,phour03,Hours helpp: resident other,Hours helpp: resident other,
033,C,cphour04,phour04,Hours helpp: non-resident child,Hours helpp: non-resident child,
033,C,cphour05,phour05,Hours helpp: non-resident other family,Hours helpp: non-resident other family,
033,C,cphour06,phour06,Hours helpp: neighbours/friends/acquaintances,Hours helpp: neighbours/friends/acquaintances,
033,C,cphour07,phour07,Hours helpp: volunteers,Hours helpp: volunteers,
033,C,cphour08,phour08,Hours helpp: district nurse,Hours helpp: district nurse,
033,C,cphour09,phour09,Hours helpp: elderly/home/alpha help,Hours helpp: elderly/home/alpha help,
033,C,cphour10,phour10,Hours helpp: private,Hours helpp: private,
033,C,cphour11,phour11,Hours helpp: personnel home/hospital,Hours helpp: personnel home/hospital,
033,C,cphour12,phour12,Hours helpp: other,Hours helpp: other,
033,C,crhelp01,rhelp01,Help R: partner,Help R: partner,
033,C,crhelp02,rhelp02,Help R: resident child,Help R: resident child,
033,C,crhelp03,rhelp03,Help R: resident other,Help R: resident other,
033,C,crhelp04,rhelp04,Help R: non-resident child,Help R: non-resident child,
033,C,crhelp05,rhelp05,Help R: non-resident other family,Help R: non-resident other family,
033,C,crhelp06,rhelp06,Help R: neighbours/friends/acquaintances,Help R: neighbours/friends/acquaintances,
033,C,crhelp07,rhelp07,Help R: volunteers,Help R: volunteers,
033,C,crhelp08,rhelp08,Help R: district nurse,Help R: district nurse,
033,C,crhelp09,rhelp09,Help R: elderly/home/alpha help,Help R: elderly/home/alpha help,
033,C,crhelp10,rhelp10,Help R: private,Help R: private,
033,C,crhelp11,rhelp11,Help R: personnel home/hospital,Help R: personnel home/hospital,
033,C,crhelp12,rhelp12,Help R: other,Help R: other,
033,C,crhelpyn,rhelpyn,Help R with personal care Y/N,Help R with personal care Y/N,
033,C,crhour01,rhour01,Hours help R: partner,Hours help R: partner,
033,C,crhour02,rhour02,Hours help R: resident child,Hours help R: resident child,
033,C,crhour03,rhour03,Hours help R: resident other,Hours help R: resident other,
033,C,crhour04,rhour04,Hours help R: non-resident child,Hours help R: non-resident child,
033,C,crhour05,rhour05,Hours help R: non-resident other family,Hours help R: non-resident other family,
033,C,crhour06,rhour06,Hours help R: neighbours/friends/acquaintances,Hours help R: neighbours/friends/acquaintances,
033,C,crhour07,rhour07,Hours help R: volunteers,Hours help R: volunteers,
033,C,crhour08,rhour08,Hours help R: district nurse,Hours help R: district nurse,
033,C,crhour09,rhour09,Hours help R: elderly/home/alpha help,Hours help R: elderly/home/alpha help,
033,C,crhour10,rhour10,Hours help R: private,Hours help R: private,
033,C,crhour11,rhour11,Hours help R: personnel home/hospital,Hours help R: personnel home/hospital,
033,C,crhour12,rhour12,Hours help R: other,Hours help R: other,
033,C,crsick01,rsick01,Sick: pers care by respondent,Sick: pers care by respondent,
033,C,crsick02,rsick02,Sick: pers care by partner,Sick: pers care by partner,
033,C,crsick03,rsick03,Sick: pers care by resident child,Sick: pers care by resident child,
033,C,crsick04,rsick04,Sick: pers care by resident other,Sick: pers care by resident other,
033,C,crsick05,rsick05,Sick: pers care by non-resident child,Sick: pers care by non-resident child,
033,C,crsick06,rsick06,Sick: pers care by non-resident other family,Sick: pers care by non-resident other family,
033,C,crsick07,rsick07,Sick: pers care by neighbours/friends/acquaintances,Sick: pers care by neighbours/friends/acquaintances,
033,C,crsick08,rsick08,Sick: pers care by volunteers,Sick: pers care by volunteers,
033,C,crsick09,rsick09,Sick: pers care by district nurse,Sick: pers care by district nurse,
033,C,crsick10,rsick10,Sick: pers care by elderly/home/alpha help,Sick: pers care by elderly/home/alpha help,
033,C,crsick11,rsick11,Sick: pers care by private help,Sick: pers care by private help,
033,C,crsick12,rsick12,Sick: pers care by personnel home/hospital,Sick: pers care by personnel home/hospital,
033,C,crsick13,rsick13,Sick: pers care by nobody,Sick: pers care by nobody,
033,C,crsick14,rsick14,Sick: pers care by other,Sick: pers care by other,
033,C,crsick15,rsick15,Sick: domestic care by respondent,Sick: domestic care by respondent,
033,C,crsick16,rsick16,Sick: domestic care by partner,Sick: domestic care by partner,
033,C,crsick17,rsick17,Sick: domestic care by resident child,Sick: domestic care by resident child,
033,C,crsick18,rsick18,Sick: domestic care by resident other,Sick: domestic care by resident other,
033,C,crsick19,rsick19,Sick: domestic care by non-resident child,Sick: domestic care by non-resident child,
033,C,crsick20,rsick20,Sick: domestic care by non-resident family,Sick: domestic care by non-resident family,
033,C,crsick21,rsick21,Sick: domestic care by neighbours/friends/acquaintances,Sick: domestic care by neighbours/friends/acquaintances,
033,C,crsick22,rsick22,Sick: domestic care by volunteers,Sick: domestic care by volunteers,
033,C,crsick23,rsick23,Sick: domestic care by district nurse,Sick: domestic care by district nurse,
033,C,crsick24,rsick24,Sick: domestic care by elderly/home/alpha help,Sick: domestic care by elderly/home/alpha help,
033,C,crsick25,rsick25,Sick: domestic care by private help,Sick: domestic care by private help,
033,C,crsick26,rsick26,Sick: domestic care by personnel home/hospital,Sick: domestic care by personnel home/hospital,
033,C,crsick27,rsick27,Sick: domestic care by nobody,Sick: domestic care by nobody,
033,C,crsick28,rsick28,Sick: domestic care by other,Sick: domestic care by other,
033,C,csuffic,suffic,Respondent gets sufficient help,Respondent gets sufficient help,
033,D,ddhelp01,dhelp01,Help: partner,Help: partner,
033,D,ddhelp02,dhelp02,Help: resident child,Help: resident child,
033,D,ddhelp03,dhelp03,Help: resident other,Help: resident other,
033,D,ddhelp04,dhelp04,Help: non-resident child,Help: non-resident child,
033,D,ddhelp05,dhelp05,Help: non-resident other family,Help: non-resident other family,
033,D,ddhelp06,dhelp06,Help: neighbours/friends/acquaintances,Help: neighbours/friends/acquaintances,
033,D,ddhelp07,dhelp07,Help: volunteers,Help: volunteers,
033,D,ddhelp08,dhelp08,Help: district nurse,Help: district nurse,
033,D,ddhelp09,dhelp09,Help: elderly/home/alpha help,Help: elderly/home/alpha help,
033,D,ddhelp10,dhelp10,Help: private,Help: private,
033,D,ddhelp11,dhelp11,Help: personnel home/hospital,Help: personnel home/hospital,
033,D,ddhelp12,dhelp12,Help: other,Help: other,
033,D,ddhelpyn,dhelpyn,Help with domestic tasks Yes/No,Help with domestic tasks Yes/No,
033,D,ddhour01,dhour01,Hours help: partner,Hours help: partner,
033,D,ddhour02,dhour02,Hours help: resident child,Hours help: resident child,
033,D,ddhour03,dhour03,Hours help: resident other,Hours help: resident other,
033,D,ddhour04,dhour04,Hours help: non-resident child,Hours help: non-resident child,
033,D,ddhour05,dhour05,Hours help: non-resident other family,Hours help: non-resident other family,
033,D,ddhour06,dhour06,Hours help: neighbours/friends/acquaintances,Hours help: neighbours/friends/acquaintances,
033,D,ddhour07,dhour07,Hours help: volunteers,Hours help: volunteers,
033,D,ddhour08,dhour08,Hours help: district nurse,Hours help: district nurse,
033,D,ddhour09,dhour09,Hours help: elderly/home/alpha help,Hours help: elderly/home/alpha help,
033,D,ddhour10,dhour10,Hours help: private help,Hours help: private help,
033,D,ddhour11,dhour11,Hours help: personnel home/hospital,Hours help: personnel home/hospital,
033,D,ddhour12,dhour12,Hours help: other,Hours help: other,
033,D,dhealth1,health1,Health problems limit normal activities,Health problems limit normal activities,
033,D,dhealth2,health2,How long limitations,How long limitations,
033,D,dhealth3,health3,Past month: days sick in bed,Past month: days sick in bed,
033,D,dhealth4,health4,Past month: #days limited in activities,Past month: #days limited in activities,
033,D,dphelp01,phelp01,Helpp: respondent,Helpp: respondent,
033,D,dphelp02,phelp02,Helpp: resident child,Helpp: resident child,
033,D,dphelp03,phelp03,Helpp: resident other,Helpp: resident other,
033,D,dphelp04,phelp04,Helpp: non-resident child,Helpp: non-resident child,
033,D,dphelp05,phelp05,Helpp: non-resident other family,Helpp: non-resident other family,
033,D,dphelp06,phelp06,Helpp: neighbours/friends/acquaintances,Helpp: neighbours/friends/acquaintances,
033,D,dphelp07,phelp07,Helpp: volunteers,Helpp: volunteers,
033,D,dphelp08,phelp08,Helpp: district nurse,Helpp: district nurse,
033,D,dphelp09,phelp09,Helpp: elderly/home/alpha help,Helpp: elderly/home/alpha help,
033,D,dphelp10,phelp10,Helpp: private,Helpp: private,
033,D,dphelp11,phelp11,Helpp: personnel home/hospital,Helpp: personnel home/hospital,
033,D,dphelp12,phelp12,Helpp: other,Helpp: other,
033,D,dphelpyn,phelpyn,Help partner with personal care,Help partner with personal care,
033,D,dphour01,phour01,Hours helpp: respondent,Hours helpp: respondent,
033,D,dphour02,phour02,Hours helpp: resident other,Hours helpp: resident other,
033,D,dphour03,phour03,Hours helpp: resident other,Hours helpp: resident other,
033,D,dphour04,phour04,Hours helpp: non-resident child,Hours helpp: non-resident child,
033,D,dphour05,phour05,Hours helpp: non-resident other family,Hours helpp: non-resident other family,
033,D,dphour06,phour06,Hours helpp: neighbours/friends/acquaintances,Hours helpp: neighbours/friends/acquaintances,
033,D,dphour07,phour07,Hours helpp: volunteers,Hours helpp: volunteers,
033,D,dphour08,phour08,Hours helpp: district nurse,Hours helpp: district nurse,
033,D,dphour09,phour09,Hours helpp: elderly/home/alpha help,Hours helpp: elderly/home/alpha help,
033,D,dphour10,phour10,Hours helpp: private,Hours helpp: private,
033,D,dphour11,phour11,Hours helpp: personnel home/hospital,Hours helpp: personnel home/hospital,
033,D,dphour12,phour12,Hours helpp: other,Hours helpp: other,
033,D,drhelp01,rhelp01,Help R: partner,Help R: partner,
033,D,drhelp02,rhelp02,Help R: resident child,Help R: resident child,
033,D,drhelp03,rhelp03,Help R: resident other,Help R: resident other,
033,D,drhelp04,rhelp04,Help R: non-resident child,Help R: non-resident child,
033,D,drhelp05,rhelp05,Help R: non-resident other family,Help R: non-resident other family,
033,D,drhelp06,rhelp06,Help R: neighbours/friends/acquaintances,Help R: neighbours/friends/acquaintances,
033,D,drhelp07,rhelp07,Help R: volunteers,Help R: volunteers,
033,D,drhelp08,rhelp08,Help R: district nurse,Help R: district nurse,
033,D,drhelp09,rhelp09,Help R: elderly/home/alpha help,Help R: elderly/home/alpha help,
033,D,drhelp10,rhelp10,Help R: private,Help R: private,
033,D,drhelp11,rhelp11,Help R: personnel home/hospital,Help R: personnel home/hospital,
033,D,drhelp12,rhelp12,Help R: other,Help R: other,
033,D,drhelpyn,rhelpyn,Help R with personal care Y/N,Help R with personal care Y/N,
033,D,drhour01,rhour01,Hours help R: partner,Hours help R: partner,
033,D,drhour02,rhour02,Hours help R: resident child,Hours help R: resident child,
033,D,drhour03,rhour03,Hours help R: resident other,Hours help R: resident other,
033,D,drhour04,rhour04,Hours help R: non-resident child,Hours help R: non-resident child,
033,D,drhour05,rhour05,Hours help R: non-resident other family,Hours help R: non-resident other family,
033,D,drhour06,rhour06,Hours help R: neighbours/friends/acquaintances,Hours help R: neighbours/friends/acquaintances,
033,D,drhour07,rhour07,Hours help R: volunteers,Hours help R: volunteers,
033,D,drhour08,rhour08,Hours help R: district nurse,Hours help R: district nurse,
033,D,drhour09,rhour09,Hours help R: elderly/home/alpha help,Hours help R: elderly/home/alpha help,
033,D,drhour10,rhour10,Hours help R: private,Hours help R: private,
033,D,drhour11,rhour11,Hours help R: personnel home/hospital,Hours help R: personnel home/hospital,
033,D,drhour12,rhour12,Hours help R: other,Hours help R: other,
033,D,drsick01,rsick01,Sick: pers care by respondent,Sick: pers care by respondent,
033,D,drsick02,rsick02,Sick: pers care by partner,Sick: pers care by partner,
033,D,drsick03,rsick03,Sick: pers care by resident child,Sick: pers care by resident child,
033,D,drsick04,rsick04,Sick: pers care by resident other,Sick: pers care by resident other,
033,D,drsick05,rsick05,Sick: pers care by non-resident child,Sick: pers care by non-resident child,
033,D,drsick06,rsick06,Sick: pers care by non-resident other family,Sick: pers care by non-resident other family,
033,D,drsick07,rsick07,Sick: pers care by neighbours/friends/acquaintances,Sick: pers care by neighbours/friends/acquaintances,
033,D,drsick08,rsick08,Sick: pers care by volunteers,Sick: pers care by volunteers,
033,D,drsick09,rsick09,Sick: pers care by district nurse,Sick: pers care by district nurse,
033,D,drsick10,rsick10,Sick: pers care by elderly/home/alpha help,Sick: pers care by elderly/home/alpha help,
033,D,drsick11,rsick11,Sick: pers care by private help,Sick: pers care by private help,
033,D,drsick12,rsick12,Sick: pers care by personnel home/hospital,Sick: pers care by personnel home/hospital,
033,D,drsick13,rsick13,Sick: pers care by nobody,Sick: pers care by nobody,
033,D,drsick14,rsick14,Sick: pers care by other,Sick: pers care by other,
033,D,drsick15,rsick15,Sick: domestic care by respondent,Sick: domestic care by respondent,
033,D,drsick16,rsick16,Sick: domestic care by partner,Sick: domestic care by partner,
033,D,drsick17,rsick17,Sick: domestic care by resident child,Sick: domestic care by resident child,
033,D,drsick18,rsick18,Sick: domestic care by resident other,Sick: domestic care by resident other,
033,D,drsick19,rsick19,Sick: domestic care by non-resident child,Sick: domestic care by non-resident child,
033,D,drsick20,rsick20,Sick: domestic care by non-resident family,Sick: domestic care by non-resident family,
033,D,drsick21,rsick21,Sick: domestic care by neighbours/friends/acquaintances,Sick: domestic care by neighbours/friends/acquaintances,
033,D,drsick22,rsick22,Sick: domestic care by volunteers,Sick: domestic care by volunteers,
033,D,drsick23,rsick23,Sick: domestic care by district nurse,Sick: domestic care by district nurse,
033,D,drsick24,rsick24,Sick: domestic care by elderly/home/alpha help,Sick: domestic care by elderly/home/alpha help,
033,D,drsick25,rsick25,Sick: domestic care by private help,Sick: domestic care by private help,
033,D,drsick26,rsick26,Sick: domestic care by personnel home/hospital,Sick: domestic care by personnel home/hospital,
033,D,drsick27,rsick27,Sick: domestic care by nobody,Sick: domestic care by nobody,
033,D,drsick28,rsick28,Sick: domestic care by other,Sick: domestic care by other,
033,D,dsuffic,suffic,Respondent gets sufficient help,Respondent gets sufficient help,
033,E,edhelp01,dhelp01,Help: partner,Help: partner,
033,E,edhelp02,dhelp02,Help: resident child,Help: resident child,
033,E,edhelp03,dhelp03,Help: resident other,Help: resident other,
033,E,edhelp04,dhelp04,Help: non-resident child,Help: non-resident child,
033,E,edhelp05,dhelp05,Help: non-resident other family,Help: non-resident other family,
033,E,edhelp06,dhelp06,Help: neighbours/friends/acquaintances,Help: neighbours/friends/acquaintances,
033,E,edhelp07,dhelp07,Help: volunteers,Help: volunteers,
033,E,edhelp08,dhelp08,Help: district nurse,Help: district nurse,
033,E,edhelp09,dhelp09,Help: elderly/home/alpha help,Help: elderly/home/alpha help,
033,E,edhelp10,dhelp10,Help: private,Help: private,
033,E,edhelp11,dhelp11,Help: personnel home/hospital,Help: personnel home/hospital,
033,E,edhelp12,dhelp12,Help: other,Help: other,
033,E,edhelpyn,dhelpyn,Help with domestic tasks Yes/No,Help with domestic tasks Yes/No,
033,E,edhour01,dhour01,Hours help: partner,Hours help: partner,
033,E,edhour02,dhour02,Hours help: resident child,Hours help: resident child,
033,E,edhour03,dhour03,Hours help: resident other,Hours help: resident other,
033,E,edhour04,dhour04,Hours help: non-resident child,Hours help: non-resident child,
033,E,edhour05,dhour05,Hours help: non-resident other family,Hours help: non-resident other family,
033,E,edhour06,dhour06,Hours help: neighbours/friends/acquaintances,Hours help: neighbours/friends/acquaintances,
033,E,edhour07,dhour07,Hours help: volunteers,Hours help: volunteers,
033,E,edhour08,dhour08,Hours help: district nurse,Hours help: district nurse,
033,E,edhour09,dhour09,Hours help: elderly/home/alpha help,Hours help: elderly/home/alpha help,
033,E,edhour10,dhour10,Hours help: private help,Hours help: private help,
033,E,edhour11,dhour11,Hours help: personnel home/hospital,Hours help: personnel home/hospital,
033,E,edhour12,dhour12,Hours help: other,Hours help: other,
033,E,ehealth1,health1,Health problems limit normal activities,Health problems limit normal activities,
033,E,ehealth2,health2,How long limitations,How long limitations,
033,E,ehealth3,health3,Past month: days sick in bed,Past month: days sick in bed,
033,E,ehealth4,health4,Past month: #days limited in activities,Past month: #days limited in activities,
033,E,ephelp01,phelp01,Helpp: respondent,Helpp: respondent,
033,E,ephelp02,phelp02,Helpp: resident child,Helpp: resident child,
033,E,ephelp03,phelp03,Helpp: resident other,Helpp: resident other,
033,E,ephelp04,phelp04,Helpp: non-resident child,Helpp: non-resident child,
033,E,ephelp05,phelp05,Helpp: non-resident other family,Helpp: non-resident other family,
033,E,ephelp06,phelp06,Helpp: neighbours/friends/acquaintances,Helpp: neighbours/friends/acquaintances,
033,E,ephelp07,phelp07,Helpp: volunteers,Helpp: volunteers,
033,E,ephelp08,phelp08,Helpp: district nurse,Helpp: district nurse,
033,E,ephelp09,phelp09,Helpp: elderly/home/alpha help,Helpp: elderly/home/alpha help,
033,E,ephelp10,phelp10,Helpp: private,Helpp: private,
033,E,ephelp11,phelp11,Helpp: personnel home/hospital,Helpp: personnel home/hospital,
033,E,ephelp12,phelp12,Helpp: other,Helpp: other,
033,E,ephelpyn,phelpyn,Help partner with personal care,Help partner with personal care,
033,E,ephour01,phour01,Hours helpp: respondent,Hours helpp: respondent,
033,E,ephour02,phour02,Hours helpp: resident other,Hours helpp: resident other,
033,E,ephour03,phour03,Hours helpp: resident other,Hours helpp: resident other,
033,E,ephour04,phour04,Hours helpp: non-resident child,Hours helpp: non-resident child,
033,E,ephour05,phour05,Hours helpp: non-resident other family,Hours helpp: non-resident other family,
033,E,ephour06,phour06,Hours helpp: neighbours/friends/acquaintances,Hours helpp: neighbours/friends/acquaintances,
033,E,ephour07,phour07,Hours helpp: volunteers,Hours helpp: volunteers,
033,E,ephour08,phour08,Hours helpp: district nurse,Hours helpp: district nurse,
033,E,ephour09,phour09,Hours helpp: elderly/home/alpha help,Hours helpp: elderly/home/alpha help,
033,E,ephour10,phour10,Hours helpp: private,Hours helpp: private,
033,E,ephour11,phour11,Hours helpp: personnel home/hospital,Hours helpp: personnel home/hospital,
033,E,ephour12,phour12,Hours helpp: other,Hours helpp: other,
033,E,erhelp01,rhelp01,Help R: partner,Help R: partner,
033,E,erhelp02,rhelp02,Help R: resident child,Help R: resident child,
033,E,erhelp03,rhelp03,Help R: resident other,Help R: resident other,
033,E,erhelp04,rhelp04,Help R: non-resident child,Help R: non-resident child,
033,E,erhelp05,rhelp05,Help R: non-resident other family,Help R: non-resident other family,
033,E,erhelp06,rhelp06,Help R: neighbours/friends/acquaintances,Help R: neighbours/friends/acquaintances,
033,E,erhelp07,rhelp07,Help R: volunteers,Help R: volunteers,
033,E,erhelp08,rhelp08,Help R: district nurse,Help R: district nurse,
033,E,erhelp09,rhelp09,Help R: elderly/home/alpha help,Help R: elderly/home/alpha help,
033,E,erhelp10,rhelp10,Help R: private,Help R: private,
033,E,erhelp11,rhelp11,Help R: personnel home/hospital,Help R: personnel home/hospital,
033,E,erhelp12,rhelp12,Help R: other,Help R: other,
033,E,erhelpyn,rhelpyn,Help R with personal care Y/N,Help R with personal care Y/N,
033,E,erhour01,rhour01,Hours help R: partner,Hours help R: partner,
033,E,erhour02,rhour02,Hours help R: resident child,Hours help R: resident child,
033,E,erhour03,rhour03,Hours help R: resident other,Hours help R: resident other,
033,E,erhour04,rhour04,Hours help R: non-resident child,Hours help R: non-resident child,
033,E,erhour05,rhour05,Hours help R: non-resident other family,Hours help R: non-resident other family,
033,E,erhour06,rhour06,Hours help R: neighbours/friends/acquaintances,Hours help R: neighbours/friends/acquaintances,
033,E,erhour07,rhour07,Hours help R: volunteers,Hours help R: volunteers,
033,E,erhour08,rhour08,Hours help R: district nurse,Hours help R: district nurse,
033,E,erhour09,rhour09,Hours help R: elderly/home/alpha help,Hours help R: elderly/home/alpha help,
033,E,erhour10,rhour10,Hours help R: private,Hours help R: private,
033,E,erhour11,rhour11,Hours help R: personnel home/hospital,Hours help R: personnel home/hospital,
033,E,erhour12,rhour12,Hours help R: other,Hours help R: other,
033,E,esuffic,suffic,Respondent gets sufficient help,Respondent gets sufficient help,
033,2B,bdhelp01,dhelp01,Help: partner,Help: partner,
033,2B,bdhelp02,dhelp02,Help: resident child,Help: resident child,
033,2B,bdhelp03,dhelp03,Help: resident other,Help: resident other,
033,2B,bdhelp04,dhelp04,Help: non-resident child,Help: non-resident child,
033,2B,bdhelp05,dhelp05,Help: non-resident other family,Help: non-resident other family,
033,2B,bdhelp06,dhelp06,Help: neighbours/friends/acquaintances,Help: neighbours/friends/acquaintances,
033,2B,bdhelp07,dhelp07,Help: volunteers,Help: volunteers,
033,2B,bdhelp08,dhelp08,Help: district nurse,Help: district nurse,
033,2B,bdhelp09,dhelp09,Help: elderly/home/alpha help,Help: elderly/home/alpha help,
033,2B,bdhelp10,dhelp10,Help: private,Help: private,
033,2B,bdhelp11,dhelp11,Help: personnel home/hospital,Help: personnel home/hospital,
033,2B,bdhelp12,dhelp12,Help: other,Help: other,
033,2B,bdhelpyn,dhelpyn,Help with domestic tasks Yes/No,Help with domestic tasks Yes/No,
033,2B,bdhour01,dhour01,Hours help: partner,Hours help: partner,
033,2B,bdhour02,dhour02,Hours help: resident child,Hours help: resident child,
033,2B,bdhour03,dhour03,Hours help: resident other,Hours help: resident other,
033,2B,bdhour04,dhour04,Hours help: non-resident child,Hours help: non-resident child,
033,2B,bdhour05,dhour05,Hours help: non-resident other family,Hours help: non-resident other family,
033,2B,bdhour06,dhour06,Hours help: neighbours/friends/acquaintances,Hours help: neighbours/friends/acquaintances,
033,2B,bdhour07,dhour07,Hours help: volunteers,Hours help: volunteers,
033,2B,bdhour08,dhour08,Hours help: district nurse,Hours help: district nurse,
033,2B,bdhour09,dhour09,Hours help: elderly/home/alpha help,Hours help: elderly/home/alpha help,
033,2B,bdhour10,dhour10,Hours help: private help,Hours help: private help,
033,2B,bdhour11,dhour11,Hours help: personnel home/hospital,Hours help: personnel home/hospital,
033,2B,bdhour12,dhour12,Hours help: other,Hours help: other,
033,2B,bhealth1,health1,Health problems limit normal activities,Health problems limit normal activities,
033,2B,bhealth2,health2,How long limitations,How long limitations,
033,2B,bhealth3,health3,Past month: days sick in bed,Past month: days sick in bed,
033,2B,bhealth4,health4,Past month: #days limited in activities,Past month: #days limited in activities,
033,2B,bhmunici,hmunici,(nb.: not in D) Sufficient help facilities in municipality,Sufficient help facilities in municipality,
033,2B,bphelp01,phelp01,Helpp: respondent,Helpp: respondent,
033,2B,bphelp02,phelp02,Helpp: resident child,Helpp: resident child,
033,2B,bphelp03,phelp03,Helpp: resident other,Helpp: resident other,
033,2B,bphelp04,phelp04,Helpp: non-resident child,Helpp: non-resident child,
033,2B,bphelp05,phelp05,Helpp: non-resident other family,Helpp: non-resident other family,
033,2B,bphelp06,phelp06,Helpp: neighbours/friends/acquaintances,Helpp: neighbours/friends/acquaintances,
033,2B,bphelp07,phelp07,Helpp: volunteers,Helpp: volunteers,
033,2B,bphelp08,phelp08,Helpp: district nurse,Helpp: district nurse,
033,2B,bphelp09,phelp09,Helpp: elderly/home/alpha help,Helpp: elderly/home/alpha help,
033,2B,bphelp10,phelp10,Helpp: private,Helpp: private,
033,2B,bphelp11,phelp11,Helpp: personnel home/hospital,Helpp: personnel home/hospital,
033,2B,bphelp12,phelp12,Helpp: other,Helpp: other,
033,2B,bphelpyn,phelpyn,Help partner with personal care,Help partner with personal care,
033,2B,bphour01,phour01,Hours helpp: respondent,Hours helpp: respondent,
033,2B,bphour02,phour02,Hours helpp: resident other,Hours helpp: resident other,
033,2B,bphour03,phour03,Hours helpp: resident other,Hours helpp: resident other,
033,2B,bphour04,phour04,Hours helpp: non-resident child,Hours helpp: non-resident child,
033,2B,bphour05,phour05,Hours helpp: non-resident other family,Hours helpp: non-resident other family,
033,2B,bphour06,phour06,Hours helpp: neighbours/friends/acquaintances,Hours helpp: neighbours/friends/acquaintances,
033,2B,bphour07,phour07,Hours helpp: volunteers,Hours helpp: volunteers,
033,2B,bphour08,phour08,Hours helpp: district nurse,Hours helpp: district nurse,
033,2B,bphour09,phour09,Hours helpp: elderly/home/alpha help,Hours helpp: elderly/home/alpha help,
033,2B,bphour10,phour10,Hours helpp: private,Hours helpp: private,
033,2B,bphour11,phour11,Hours helpp: personnel home/hospital,Hours helpp: personnel home/hospital,
033,2B,bphour12,phour12,Hours helpp: other,Hours helpp: other,
033,2B,brhelp01,rhelp01,Help R: partner,Help R: partner,
033,2B,brhelp02,rhelp02,Help R: resident child,Help R: resident child,
033,2B,brhelp03,rhelp03,Help R: resident other,Help R: resident other,
033,2B,brhelp04,rhelp04,Help R: non-resident child,Help R: non-resident child,
033,2B,brhelp05,rhelp05,Help R: non-resident other family,Help R: non-resident other family,
033,2B,brhelp06,rhelp06,Help R: neighbours/friends/acquaintances,Help R: neighbours/friends/acquaintances,
033,2B,brhelp07,rhelp07,Help R: volunteers,Help R: volunteers,
033,2B,brhelp08,rhelp08,Help R: district nurse,Help R: district nurse,
033,2B,brhelp09,rhelp09,Help R: elderly/home/alpha help,Help R: elderly/home/alpha help,
033,2B,brhelp10,rhelp10,Help R: private,Help R: private,
033,2B,brhelp11,rhelp11,Help R: personnel home/hospital,Help R: personnel home/hospital,
033,2B,brhelp12,rhelp12,Help R: other,Help R: other,
033,2B,brhelpyn,rhelpyn,Help R with personal care Y/N,Help R with personal care Y/N,
033,2B,brhour01,rhour01,Hours help R: partner,Hours help R: partner,
033,2B,brhour02,rhour02,Hours help R: resident child,Hours help R: resident child,
033,2B,brhour03,rhour03,Hours help R: resident other,Hours help R: resident other,
033,2B,brhour04,rhour04,Hours help R: non-resident child,Hours help R: non-resident child,
033,2B,brhour05,rhour05,Hours help R: non-resident other family,Hours help R: non-resident other family,
033,2B,brhour06,rhour06,Hours help R: neighbours/friends/acquaintances,Hours help R: neighbours/friends/acquaintances,
033,2B,brhour07,rhour07,Hours help R: volunteers,Hours help R: volunteers,
033,2B,brhour08,rhour08,Hours help R: district nurse,Hours help R: district nurse,
033,2B,brhour09,rhour09,Hours help R: elderly/home/alpha help,Hours help R: elderly/home/alpha help,
033,2B,brhour10,rhour10,Hours help R: private,Hours help R: private,
033,2B,brhour11,rhour11,Hours help R: personnel home/hospital,Hours help R: personnel home/hospital,
033,2B,brhour12,rhour12,Hours help R: other,Hours help R: other,
033,2B,brsick01,rsick01,Sick: pers care by respondent,Sick: pers care by respondent,
033,2B,brsick02,rsick02,Sick: pers care by partner,Sick: pers care by partner,
033,2B,brsick03,rsick03,Sick: pers care by resident child,Sick: pers care by resident child,
033,2B,brsick04,rsick04,Sick: pers care by resident other,Sick: pers care by resident other,
033,2B,brsick05,rsick05,Sick: pers care by non-resident child,Sick: pers care by non-resident child,
033,2B,brsick06,rsick06,Sick: pers care by non-resident other family,Sick: pers care by non-resident other family,
033,2B,brsick07,rsick07,Sick: pers care by neighbours/friends/acquaintances,Sick: pers care by neighbours/friends/acquaintances,
033,2B,brsick08,rsick08,Sick: pers care by volunteers,Sick: pers care by volunteers,
033,2B,brsick09,rsick09,Sick: pers care by district nurse,Sick: pers care by district nurse,
033,2B,brsick10,rsick10,Sick: pers care by elderly/home/alpha help,Sick: pers care by elderly/home/alpha help,
033,2B,brsick11,rsick11,Sick: pers care by private help,Sick: pers care by private help,
033,2B,brsick12,rsick12,Sick: pers care by personnel home/hospital,Sick: pers care by personnel home/hospital,
033,2B,brsick13,rsick13,Sick: pers care by nobody,Sick: pers care by nobody,
033,2B,brsick14,rsick14,Sick: pers care by other,Sick: pers care by other,
033,2B,brsick15,rsick15,Sick: domestic care by respondent,Sick: domestic care by respondent,
033,2B,brsick16,rsick16,Sick: domestic care by partner,Sick: domestic care by partner,
033,2B,brsick17,rsick17,Sick: domestic care by resident child,Sick: domestic care by resident child,
033,2B,brsick18,rsick18,Sick: domestic care by resident other,Sick: domestic care by resident other,
033,2B,brsick19,rsick19,Sick: domestic care by non-resident child,Sick: domestic care by non-resident child,
033,2B,brsick20,rsick20,Sick: domestic care by non-resident family,Sick: domestic care by non-resident family,
033,2B,brsick21,rsick21,Sick: domestic care by neighbours/friends/acquaintances,Sick: domestic care by neighbours/friends/acquaintances,
033,2B,brsick22,rsick22,Sick: domestic care by volunteers,Sick: domestic care by volunteers,
033,2B,brsick23,rsick23,Sick: domestic care by district nurse,Sick: domestic care by district nurse,
033,2B,brsick24,rsick24,Sick: domestic care by elderly/home/alpha help,Sick: domestic care by elderly/home/alpha help,
033,2B,brsick25,rsick25,Sick: domestic care by private help,Sick: domestic care by private help,
033,2B,brsick26,rsick26,Sick: domestic care by personnel home/hospital,Sick: domestic care by personnel home/hospital,
033,2B,brsick27,rsick27,Sick: domestic care by nobody,Sick: domestic care by nobody,
033,2B,brsick28,rsick28,Sick: domestic care by other,Sick: domestic care by other,
033,2B,bsuffic,suffic,Respondent gets sufficient help,Respondent gets sufficient help,
033,F,fdhelp01,dhelp01,Help: partner,Help: partner,
033,F,fdhelp02,dhelp02,Help: resident child,Help: resident child,
033,F,fdhelp03,dhelp03,Help: resident other,Help: resident other,
033,F,fdhelp04,dhelp04,Help: non-resident child,Help: non-resident child,
033,F,fdhelp05,dhelp05,Help: non-resident other family,Help: non-resident other family,
033,F,fdhelp06,dhelp06,Help: neighbours/friends/acquaintances,Help: neighbours/friends/acquaintances,
033,F,fdhelp07,dhelp07,Help: volunteers,Help: volunteers,
033,F,fdhelp08,dhelp08,Help: district nurse,Help: district nurse,
033,F,fdhelp09,dhelp09,Help: elderly/home/alpha help,Help: elderly/home/alpha help,
033,F,fdhelp10,dhelp10,Help: private,Help: private,
033,F,fdhelp11,dhelp11,Help: personnel home/hospital,Help: personnel home/hospital,
033,F,fdhelp12,dhelp12,Help: other,Help: other,
033,F,fdhelpyn,dhelpyn,Help with domestic tasks Yes/No,Help with domestic tasks Yes/No,
033,F,fdhour01,dhour01,Hours help: partner,Hours help: partner,
033,F,fdhour02,dhour02,Hours help: resident child,Hours help: resident child,
033,F,fdhour03,dhour03,Hours help: resident other,Hours help: resident other,
033,F,fdhour04,dhour04,Hours help: non-resident child,Hours help: non-resident child,
033,F,fdhour05,dhour05,Hours help: non-resident other family,Hours help: non-resident other family,
033,F,fdhour06,dhour06,Hours help: neighbours/friends/acquaintances,Hours help: neighbours/friends/acquaintances,
033,F,fdhour07,dhour07,Hours help: volunteers,Hours help: volunteers,
033,F,fdhour08,dhour08,Hours help: district nurse,Hours help: district nurse,
033,F,fdhour09,dhour09,Hours help: elderly/home/alpha help,Hours help: elderly/home/alpha help,
033,F,fdhour10,dhour10,Hours help: private help,Hours help: private help,
033,F,fdhour11,dhour11,Hours help: personnel home/hospital,Hours help: personnel home/hospital,
033,F,fdhour12,dhour12,Hours help: other,Hours help: other,
033,F,fhealth1,health1,Health problems limit normal activities,Health problems limit normal activities,
033,F,fhealth2,health2,How long limitations,How long limitations,
033,F,fhealth3,health3,Past month: days sick in bed,Past month: days sick in bed,
033,F,fhealth4,health4,Past month: #days limited in activities,Past month: #days limited in activities,
033,F,fhomec1,homec1,Need (more) homecare,Need (more) homecare,
033,F,fhomec2,homec2,Applied for homecare,Applied for homecare,
033,F,fhomec3,homec3,Reason for not receiving homecare,Reason for not receiving homecare,
033,F,fhomec3s,homec3s,Other reason not receiving homecare (specified),Other reason not receiving homecare (specified),
033,F,fhomec4,homec4,Reason for not applying for homecare,Reason for not applying for homecare,
033,F,fhomec4s,homec4s,Other reason not applying for homecare (specified),Other reason not applying for homecare (specified),
033,F,fphelp01,phelp01,Helpp: respondent,Helpp: respondent,
033,F,fphelp02,phelp02,Helpp: resident child,Helpp: resident child,
033,F,fphelp03,phelp03,Helpp: resident other,Helpp: resident other,
033,F,fphelp04,phelp04,Helpp: non-resident child,Helpp: non-resident child,
033,F,fphelp05,phelp05,Helpp: non-resident other family,Helpp: non-resident other family,
033,F,fphelp06,phelp06,Helpp: neighbours/friends/acquaintances,Helpp: neighbours/friends/acquaintances,
033,F,fphelp07,phelp07,Helpp: volunteers,Helpp: volunteers,
033,F,fphelp08,phelp08,Helpp: district nurse,Helpp: district nurse,
033,F,fphelp09,phelp09,Helpp: elderly/home/alpha help,Helpp: elderly/home/alpha help,
033,F,fphelp10,phelp10,Helpp: private,Helpp: private,
033,F,fphelp11,phelp11,Helpp: personnel home/hospital,Helpp: personnel home/hospital,
033,F,fphelp12,phelp12,Helpp: other,Helpp: other,
033,F,fphelpyn,phelpyn,Help partner with personal care,Help partner with personal care,
033,F,fphour01,phour01,Hours helpp: respondent,Hours helpp: respondent,
033,F,fphour02,phour02,Hours helpp: resident other,Hours helpp: resident other,
033,F,fphour03,phour03,Hours helpp: resident other,Hours helpp: resident other,
033,F,fphour04,phour04,Hours helpp: non-resident child,Hours helpp: non-resident child,
033,F,fphour05,phour05,Hours helpp: non-resident other family,Hours helpp: non-resident other family,
033,F,fphour06,phour06,Hours helpp: neighbours/friends/acquaintances,Hours helpp: neighbours/friends/acquaintances,
033,F,fphour07,phour07,Hours helpp: volunteers,Hours helpp: volunteers,
033,F,fphour08,phour08,Hours helpp: district nurse,Hours helpp: district nurse,
033,F,fphour09,phour09,Hours helpp: elderly/home/alpha help,Hours helpp: elderly/home/alpha help,
033,F,fphour10,phour10,Hours helpp: private,Hours helpp: private,
033,F,fphour11,phour11,Hours helpp: personnel home/hospital,Hours helpp: personnel home/hospital,
033,F,fphour12,phour12,Hours helpp: other,Hours helpp: other,
033,F,frhelp01,rhelp01,Help R: partner,Help R: partner,
033,F,frhelp02,rhelp02,Help R: resident child,Help R: resident child,
033,F,frhelp03,rhelp03,Help R: resident other,Help R: resident other,
033,F,frhelp04,rhelp04,Help R: non-resident child,Help R: non-resident child,
033,F,frhelp05,rhelp05,Help R: non-resident other family,Help R: non-resident other family,
033,F,frhelp06,rhelp06,Help R: neighbours/friends/acquaintances,Help R: neighbours/friends/acquaintances,
033,F,frhelp07,rhelp07,Help R: volunteers,Help R: volunteers,
033,F,frhelp08,rhelp08,Help R: district nurse,Help R: district nurse,
033,F,frhelp09,rhelp09,Help R: elderly/home/alpha help,Help R: elderly/home/alpha help,
033,F,frhelp10,rhelp10,Help R: private,Help R: private,
033,F,frhelp11,rhelp11,Help R: personnel home/hospital,Help R: personnel home/hospital,
033,F,frhelp12,rhelp12,Help R: other,Help R: other,
033,F,frhelpyn,rhelpyn,Help R with personal care Y/N,Help R with personal care Y/N,
033,F,frhour01,rhour01,Hours help R: partner,Hours help R: partner,
033,F,frhour02,rhour02,Hours help R: resident child,Hours help R: resident child,
033,F,frhour03,rhour03,Hours help R: resident other,Hours help R: resident other,
033,F,frhour04,rhour04,Hours help R: non-resident child,Hours help R: non-resident child,
033,F,frhour05,rhour05,Hours help R: non-resident other family,Hours help R: non-resident other family,
033,F,frhour06,rhour06,Hours help R: neighbours/friends/acquaintances,Hours help R: neighbours/friends/acquaintances,
033,F,frhour07,rhour07,Hours help R: volunteers,Hours help R: volunteers,
033,F,frhour08,rhour08,Hours help R: district nurse,Hours help R: district nurse,
033,F,frhour09,rhour09,Hours help R: elderly/home/alpha help,Hours help R: elderly/home/alpha help,
033,F,frhour10,rhour10,Hours help R: private,Hours help R: private,
033,F,frhour11,rhour11,Hours help R: personnel home/hospital,Hours help R: personnel home/hospital,
033,F,frhour12,rhour12,Hours help R: other,Hours help R: other,
033,F,frsick01,rsick01,Sick: pers care by respondent,Sick: pers care by respondent,
033,F,frsick02,rsick02,Sick: pers care by partner,Sick: pers care by partner,
033,F,frsick03,rsick03,Sick: pers care by resident child,Sick: pers care by resident child,
033,F,frsick04,rsick04,Sick: pers care by resident other,Sick: pers care by resident other,
033,F,frsick05,rsick05,Sick: pers care by non-resident child,Sick: pers care by non-resident child,
033,F,frsick06,rsick06,Sick: pers care by non-resident other family,Sick: pers care by non-resident other family,
033,F,frsick07,rsick07,Sick: pers care by neighbours/friends/acquaintances,Sick: pers care by neighbours/friends/acquaintances,
033,F,frsick08,rsick08,Sick: pers care by volunteers,Sick: pers care by volunteers,
033,F,frsick09,rsick09,Sick: pers care by district nurse,Sick: pers care by district nurse,
033,F,frsick10,rsick10,Sick: pers care by elderly/home/alpha help,Sick: pers care by elderly/home/alpha help,
033,F,frsick11,rsick11,Sick: pers care by private help,Sick: pers care by private help,
033,F,frsick12,rsick12,Sick: pers care by personnel home/hospital,Sick: pers care by personnel home/hospital,
033,F,frsick13,rsick13,Sick: pers care by nobody,Sick: pers care by nobody,
033,F,frsick14,rsick14,Sick: pers care by other,Sick: pers care by other,
033,F,frsick15,rsick15,Sick: domestic care by respondent,Sick: domestic care by respondent,
033,F,frsick16,rsick16,Sick: domestic care by partner,Sick: domestic care by partner,
033,F,frsick17,rsick17,Sick: domestic care by resident child,Sick: domestic care by resident child,
033,F,frsick18,rsick18,Sick: domestic care by resident other,Sick: domestic care by resident other,
033,F,frsick19,rsick19,Sick: domestic care by non-resident child,Sick: domestic care by non-resident child,
033,F,frsick20,rsick20,Sick: domestic care by non-resident family,Sick: domestic care by non-resident family,
033,F,frsick21,rsick21,Sick: domestic care by neighbours/friends/acquaintances,Sick: domestic care by neighbours/friends/acquaintances,
033,F,frsick22,rsick22,Sick: domestic care by volunteers,Sick: domestic care by volunteers,
033,F,frsick23,rsick23,Sick: domestic care by district nurse,Sick: domestic care by district nurse,
033,F,frsick24,rsick24,Sick: domestic care by elderly/home/alpha help,Sick: domestic care by elderly/home/alpha help,
033,F,frsick25,rsick25,Sick: domestic care by private help,Sick: domestic care by private help,
033,F,frsick26,rsick26,Sick: domestic care by personnel home/hospital,Sick: domestic care by personnel home/hospital,
033,F,frsick27,rsick27,Sick: domestic care by nobody,Sick: domestic care by nobody,
033,F,frsick28,rsick28,Sick: domestic care by other,Sick: domestic care by other,
033,F,fsuffic,suffic,Respondent gets sufficient help,Respondent gets sufficient help,
033,G,gdhelp01,dhelp01,Help: partner,Help: partner,
033,G,gdhelp02,dhelp02,Help: resident child,Help: resident child,
033,G,gdhelp03,dhelp03,Help: resident other,Help: resident other,
033,G,gdhelp04,dhelp04,Help: non-resident child,Help: non-resident child,
033,G,gdhelp05,dhelp05,Help: non-resident other family,Help: non-resident other family,
033,G,gdhelp06,dhelp06,Help: neighbours/friends/acquaintances,Help: neighbours/friends/acquaintances,
033,G,gdhelp07,dhelp07,Help: volunteers,Help: volunteers,
033,G,gdhelp08,dhelp08,Help: district nurse,Help: district nurse,
033,G,gdhelp09,dhelp09,Help: elderly/home/alpha help,Help: elderly/home/alpha help,
033,G,gdhelp10,dhelp10,Help: private,Help: private,
033,G,gdhelp11,dhelp11,Help: personnel home/hospital,Help: personnel home/hospital,
033,G,gdhelp12,dhelp12,Help: other,Help: other,
033,G,gdhelpyn,dhelpyn,Help with domestic tasks Yes/No,Help with domestic tasks Yes/No,
033,G,gdhour01,dhour01,Hours help: partner,Hours help: partner,
033,G,gdhour02,dhour02,Hours help: resident child,Hours help: resident child,
033,G,gdhour03,dhour03,Hours help: resident other,Hours help: resident other,
033,G,gdhour04,dhour04,Hours help: non-resident child,Hours help: non-resident child,
033,G,gdhour05,dhour05,Hours help: non-resident other family,Hours help: non-resident other family,
033,G,gdhour06,dhour06,Hours help: neighbours/friends/acquaintances,Hours help: neighbours/friends/acquaintances,
033,G,gdhour07,dhour07,Hours help: volunteers,Hours help: volunteers,
033,G,gdhour08,dhour08,Hours help: district nurse,Hours help: district nurse,
033,G,gdhour09,dhour09,Hours help: elderly/home/alpha help,Hours help: elderly/home/alpha help,
033,G,gdhour10,dhour10,Hours help: private help,Hours help: private help,
033,G,gdhour11,dhour11,Hours help: personnel home/hospital,Hours help: personnel home/hospital,
033,G,gdhour12,dhour12,Hours help: other,Hours help: other,
033,G,ghealth1,health1,Health problems limit normal activities,Health problems limit normal activities,
033,G,ghealth2,health2,How long limitations,How long limitations,
033,G,ghealth3,health3,Past month: days sick in bed,Past month: days sick in bed,
033,G,ghealth4,health4,Past month: #days limited in activities,Past month: #days limited in activities,
033,G,ghomec1,homec1,Need (more) homecare,Need (more) homecare,
033,G,gphelp01,phelp01,Helpp: respondent,Helpp: respondent,
033,G,gphelp02,phelp02,Helpp: resident child,Helpp: resident child,
033,G,gphelp03,phelp03,Helpp: resident other,Helpp: resident other,
033,G,gphelp04,phelp04,Helpp: non-resident child,Helpp: non-resident child,
033,G,gphelp05,phelp05,Helpp: non-resident other family,Helpp: non-resident other family,
033,G,gphelp06,phelp06,Helpp: neighbours/friends/acquaintances,Helpp: neighbours/friends/acquaintances,
033,G,gphelp07,phelp07,Helpp: volunteers,Helpp: volunteers,
033,G,gphelp08,phelp08,Helpp: district nurse,Helpp: district nurse,
033,G,gphelp09,phelp09,Helpp: elderly/home/alpha help,Helpp: elderly/home/alpha help,
033,G,gphelp10,phelp10,Helpp: private,Helpp: private,
033,G,gphelp11,phelp11,Helpp: personnel home/hospital,Helpp: personnel home/hospital,
033,G,gphelp12,phelp12,Helpp: other,Helpp: other,
033,G,gphelpyn,phelpyn,Help partner with personal care,Help partner with personal care,
033,G,gphlp01b,phlp01b,Helpp: burden for respondent,Help P: burden for respondent,
033,G,gphlp01m,phlp01m,"Helpp: respondent, start month","Help P: respondent, start month",
033,G,gphlp01y,phlp01y,"Helpp: respondent, start year","Help P: respondent, start year",
033,G,gphour01,phour01,Hours helpp: respondent,Hours helpp: respondent,
033,G,gphour02,phour02,Hours helpp: resident other,Hours helpp: resident other,
033,G,gphour03,phour03,Hours helpp: resident other,Hours helpp: resident other,
033,G,gphour04,phour04,Hours helpp: non-resident child,Hours helpp: non-resident child,
033,G,gphour05,phour05,Hours helpp: non-resident other family,Hours helpp: non-resident other family,
033,G,gphour06,phour06,Hours helpp: neighbours/friends/acquaintances,Hours helpp: neighbours/friends/acquaintances,
033,G,gphour07,phour07,Hours helpp: volunteers,Hours helpp: volunteers,
033,G,gphour08,phour08,Hours helpp: district nurse,Hours helpp: district nurse,
033,G,gphour09,phour09,Hours helpp: elderly/home/alpha help,Hours helpp: elderly/home/alpha help,
033,G,gphour10,phour10,Hours helpp: private,Hours helpp: private,
033,G,gphour11,phour11,Hours helpp: personnel home/hospital,Hours helpp: personnel home/hospital,
033,G,gphour12,phour12,Hours helpp: other,Hours helpp: other,
033,G,grhelp01,rhelp01,Help R: partner,Help R: partner,
033,G,grhelp02,rhelp02,Help R: resident child,Help R: resident child,
033,G,grhelp03,rhelp03,Help R: resident other,Help R: resident other,
033,G,grhelp04,rhelp04,Help R: non-resident child,Help R: non-resident child,
033,G,grhelp05,rhelp05,Help R: non-resident other family,Help R: non-resident other family,
033,G,grhelp06,rhelp06,Help R: neighbours/friends/acquaintances,Help R: neighbours/friends/acquaintances,
033,G,grhelp07,rhelp07,Help R: volunteers,Help R: volunteers,
033,G,grhelp08,rhelp08,Help R: district nurse,Help R: district nurse,
033,G,grhelp09,rhelp09,Help R: elderly/home/alpha help,Help R: elderly/home/alpha help,
033,G,grhelp10,rhelp10,Help R: private,Help R: private,
033,G,grhelp11,rhelp11,Help R: personnel home/hospital,Help R: personnel home/hospital,
033,G,grhelp12,rhelp12,Help R: other,Help R: other,
033,G,grhelpyn,rhelpyn,Help R with personal care Y/N,Help R with personal care Y/N,
033,G,grhour01,rhour01,Hours help R: partner,Hours help R: partner,
033,G,grhour02,rhour02,Hours help R: resident child,Hours help R: resident child,
033,G,grhour03,rhour03,Hours help R: resident other,Hours help R: resident other,
033,G,grhour04,rhour04,Hours help R: non-resident child,Hours help R: non-resident child,
033,G,grhour05,rhour05,Hours help R: non-resident other family,Hours help R: non-resident other family,
033,G,grhour06,rhour06,Hours help R: neighbours/friends/acquaintances,Hours help R: neighbours/friends/acquaintances,
033,G,grhour07,rhour07,Hours help R: volunteers,Hours help R: volunteers,
033,G,grhour08,rhour08,Hours help R: district nurse,Hours help R: district nurse,
033,G,grhour09,rhour09,Hours help R: elderly/home/alpha help,Hours help R: elderly/home/alpha help,
033,G,grhour10,rhour10,Hours help R: private,Hours help R: private,
033,G,grhour11,rhour11,Hours help R: personnel home/hospital,Hours help R: personnel home/hospital,
033,G,grhour12,rhour12,Hours help R: other,Hours help R: other,
033,G,grsick01,rsick01,Sick: pers care by respondent,Sick: pers care by respondent,
033,G,grsick02,rsick02,Sick: pers care by partner,Sick: pers care by partner,
033,G,grsick03,rsick03,Sick: pers care by resident child,Sick: pers care by resident child,
033,G,grsick04,rsick04,Sick: pers care by resident other,Sick: pers care by resident other,
033,G,grsick05,rsick05,Sick: pers care by non-resident child,Sick: pers care by non-resident child,
033,G,grsick06,rsick06,Sick: pers care by non-resident other family,Sick: pers care by non-resident other family,
033,G,grsick07,rsick07,Sick: pers care by neighbours/friends/acquaintances,Sick: pers care by neighbours/friends/acquaintances,
033,G,grsick08,rsick08,Sick: pers care by volunteers,Sick: pers care by volunteers,
033,G,grsick09,rsick09,Sick: pers care by district nurse,Sick: pers care by district nurse,
033,G,grsick10,rsick10,Sick: pers care by elderly/home/alpha help,Sick: pers care by elderly/home/alpha help,
033,G,grsick11,rsick11,Sick: pers care by private help,Sick: pers care by private help,
033,G,grsick12,rsick12,Sick: pers care by personnel home/hospital,Sick: pers care by personnel home/hospital,
033,G,grsick13,rsick13,Sick: pers care by nobody,Sick: pers care by nobody,
033,G,grsick14,rsick14,Sick: pers care by other,Sick: pers care by other,
033,G,grsick15,rsick15,Sick: domestic care by respondent,Sick: domestic care by respondent,
033,G,grsick16,rsick16,Sick: domestic care by partner,Sick: domestic care by partner,
033,G,grsick17,rsick17,Sick: domestic care by resident child,Sick: domestic care by resident child,
033,G,grsick18,rsick18,Sick: domestic care by resident other,Sick: domestic care by resident other,
033,G,grsick19,rsick19,Sick: domestic care by non-resident child,Sick: domestic care by non-resident child,
033,G,grsick20,rsick20,Sick: domestic care by non-resident family,Sick: domestic care by non-resident family,
033,G,grsick21,rsick21,Sick: domestic care by neighbours/friends/acquaintances,Sick: domestic care by neighbours/friends/acquaintances,
033,G,grsick22,rsick22,Sick: domestic care by volunteers,Sick: domestic care by volunteers,
033,G,grsick23,rsick23,Sick: domestic care by district nurse,Sick: domestic care by district nurse,
033,G,grsick24,rsick24,Sick: domestic care by elderly/home/alpha help,Sick: domestic care by elderly/home/alpha help,
033,G,grsick25,rsick25,Sick: domestic care by private help,Sick: domestic care by private help,
033,G,grsick26,rsick26,Sick: domestic care by personnel home/hospital,Sick: domestic care by personnel home/hospital,
033,G,grsick27,rsick27,Sick: domestic care by nobody,Sick: domestic care by nobody,
033,G,grsick28,rsick28,Sick: domestic care by other,Sick: domestic care by other,
033,G,gsuffic,suffic,Respondent gets sufficient help,Respondent gets sufficient help,
033,H,hahelp01,ahelp01,administrative help R: partner,Administrative help R: partner,
033,H,hahelp02,ahelp02,administrative help R: resident child,admin help R: resident child,
033,H,hahelp03,ahelp03,administrative help R: resident other,Administrative help R: resident other,
033,H,hahelp04,ahelp04,administrative help R: non-resident child,admin help R: non-resident child,
033,H,hahelp05,ahelp05,administrative help R: non-resident other family,Administrative help R: non-resident other family,
033,H,hahelp06,ahelp06,administrative help R: neighbours/friends/acquaintances,administrative help R: neighbours/friends/acquaintances,
033,H,hahelp07,ahelp07,administrative help R: volunteers,Administrative help R: volunteers,
033,H,hahelp08,ahelp08,administrative help R: district nurse,Administrative help R: district nurse,
033,H,hahelp09,ahelp09,administrative help R: elderly/home/alpha,Administrative help R: elderly/home/alpha,
033,H,hahelp10,ahelp10,administrative help R: private,Administrative help R: private,
033,H,hahelp11,ahelp11,administrative help R: personnel home/hospital,Administrative help R: personnel home/hospital,
033,H,hahelp12,ahelp12,administrative help R: other,Administrative help R: other,
033,H,hahelpyn,ahelpyn,Help R with administration Y/N,Help R with administration Y/N,
033,H,hahour01,ahour01,Hours administrative help R: partner,Hours administrative help R: partner,
033,H,hahour02,ahour02,Hours administrative help R: resident child,Hours admin help R: resident child,
033,H,hahour03,ahour03,Hours administrative help R: resident other,Hours administrative help R: resident other,
033,H,hahour04,ahour04,Hours administrative help R: non-resident child,Hours admin help R: non-resident child,
033,H,hahour05,ahour05,Hours administrative help R: non-resident other family,Hours administrative help R: non-resident other family,
033,H,hahour06,ahour06,Hours administrative help R: neighbours/friends/acquaintances,Hours administrative help R: neighbours/friends/acquaintances,
033,H,hahour07,ahour07,Hours administrative help R: volunteers,Hours administrative help R: volunteers,
033,H,hahour08,ahour08,Hours administrative help R: district nurse,Hours administrative help R: district nurse,
033,H,hahour09,ahour09,Hours administrative help R: elderly/home/alpha,Hours administrative help R: elderly/home/alpha,
033,H,hahour10,ahour10,Hours administrative help R: private help,Hours administrative help R: private,
033,H,hahour1001,ahour1001,,,
033,H,hahour1002,ahour1002,,,
033,H,hahour1003,ahour1003,,,
033,H,hahour1004,ahour1004,,,
033,H,hahour1005,ahour1005,,,
033,H,hahour11,ahour11,Hours administrative help R: personnel home/hospital,Hours administrative help R: personnel home/hospital,
033,H,hahour1101,ahour1101,,,
033,H,hahour1102,ahour1102,,,
033,H,hahour1103,ahour1103,,,
033,H,hahour1104,ahour1104,,,
033,H,hahour1105,ahour1105,,,
033,H,hahour12,ahour12,Hours administrative help R: other,Hours administrative help R: other,
033,H,hahour1201,ahour1201,,,
033,H,hahour1202,ahour1202,,,
033,H,hahour1203,ahour1203,,,
033,H,hahour1204,ahour1204,,,
033,H,hahour1205,ahour1205,,,
033,H,hahour201,ahour201,,,
033,H,hahour202,ahour202,,,
033,H,hahour203,ahour203,,,
033,H,hahour204,ahour204,,,
033,H,hahour205,ahour205,,,
033,H,hahour301,ahour301,,,
033,H,hahour302,ahour302,,,
033,H,hahour303,ahour303,,,
033,H,hahour304,ahour304,,,
033,H,hahour305,ahour305,,,
033,H,hahour401,ahour401,,,
033,H,hahour402,ahour402,,,
033,H,hahour403,ahour403,,,
033,H,hahour404,ahour404,,,
033,H,hahour405,ahour405,,,
033,H,hahour501,ahour501,,,
033,H,hahour502,ahour502,,,
033,H,hahour503,ahour503,,,
033,H,hahour504,ahour504,,,
033,H,hahour505,ahour505,,,
033,H,hahour601,ahour601,,,
033,H,hahour602,ahour602,,,
033,H,hahour603,ahour603,,,
033,H,hahour604,ahour604,,,
033,H,hahour605,ahour605,,,
033,H,hahour701,ahour701,,,
033,H,hahour702,ahour702,,,
033,H,hahour703,ahour703,,,
033,H,hahour704,ahour704,,,
033,H,hahour705,ahour705,,,
033,H,hahour801,ahour801,,,
033,H,hahour802,ahour802,,,
033,H,hahour803,ahour803,,,
033,H,hahour804,ahour804,,,
033,H,hahour805,ahour805,,,
033,H,hahour901,ahour901,,,
033,H,hahour902,ahour902,,,
033,H,hahour903,ahour903,,,
033,H,hahour904,ahour904,,,
033,H,hahour905,ahour905,,,
033,H,hahourtot,ahourtot,Hours administrative help R: total,(calculated) Hours administrative help R: total,
033,H,hasex1001,asex1001,,,
033,H,hasex1002,asex1002,,,
033,H,hasex1003,asex1003,,,
033,H,hasex1004,asex1004,,,
033,H,hasex1005,asex1005,,,
033,H,hasex1101,asex1101,,,
033,H,hasex1102,asex1102,,,
033,H,hasex1103,asex1103,,,
033,H,hasex1104,asex1104,,,
033,H,hasex1105,asex1105,,,
033,H,hasex1201,asex1201,,,
033,H,hasex1202,asex1202,,,
033,H,hasex1203,asex1203,,,
033,H,hasex1204,asex1204,,,
033,H,hasex1205,asex1205,,,
033,H,hasex201,asex201,,,
033,H,hasex202,asex202,,,
033,H,hasex203,asex203,,,
033,H,hasex204,asex204,,,
033,H,hasex205,asex205,,,
033,H,hasex301,asex301,,,
033,H,hasex302,asex302,,,
033,H,hasex303,asex303,,,
033,H,hasex304,asex304,,,
033,H,hasex305,asex305,,,
033,H,hasex401,asex401,,,
033,H,hasex402,asex402,,,
033,H,hasex403,asex403,,,
033,H,hasex404,asex404,,,
033,H,hasex405,asex405,,,
033,H,hasex501,asex501,,,
033,H,hasex502,asex502,,,
033,H,hasex503,asex503,,,
033,H,hasex504,asex504,,,
033,H,hasex505,asex505,,,
033,H,hasex601,asex601,,,
033,H,hasex602,asex602,,,
033,H,hasex603,asex603,,,
033,H,hasex604,asex604,,,
033,H,hasex605,asex605,,,
033,H,hasex701,asex701,,,
033,H,hasex702,asex702,,,
033,H,hasex703,asex703,,,
033,H,hasex704,asex704,,,
033,H,hasex705,asex705,,,
033,H,hasex801,asex801,,,
033,H,hasex802,asex802,,,
033,H,hasex803,asex803,,,
033,H,hasex804,asex804,,,
033,H,hasex805,asex805,,,
033,H,hasex901,asex901,,,
033,H,hasex902,asex902,,,
033,H,hasex903,asex903,,,
033,H,hasex904,asex904,,,
033,H,hasex905,asex905,,,
033,H,hax02,ax02,number of persons administrative help R: resident child,number of persons administrative help R: resident child,
033,H,hax03,ax03,number of persons help R: resident other,number of persons help R: resident other,
033,H,hax04,ax04,number of persons administrative help R: non-resident child,number of persons administrative help R: non-resident child,
033,H,hax05,ax05,number of persons administrative help R: non-resident other family,number of persons administrative help R: non-resident other family,
033,H,hax06,ax06,number of persons administrative help R: neighbours/friends/acquaint,number of persons administrative help R: neighbours/friends/acquaint,
033,H,hax07,ax07,number of persons administrative help R: volunteers,number of persons administrative help R: volunteers,
033,H,hax08,ax08,number of persons administrative help R: district nurse,number of persons administrative help R: district nurse,
033,H,hax09,ax09,number of persons administrative help R: elderly/home/alpha,number of persons administrative help R: elderly/home/alpha,
033,H,hax10,ax10,number of persons administrative help R: private,number of persons administrative help R: private,
033,H,hax11,ax11,number of persons administrative help R: personnel home/hospital,number of persons administrative help R: personnel home/hospital,
033,H,hax12,ax12,number of persons administrative help R: other,number of persons administrative help R: other,
033,H,hcoop1,coop1,the caregivers cooperate well,the caregivers cooperate well,
033,H,hcoop2,coop2,"when things dont go well, the caregivers discuss with me","when things dont go well, the caregivers discuss with me",
033,H,hdhelp01,dhelp01,domestic help R: partner,Help: partner,
033,H,hdhelp02,dhelp02,domestic help R: resident child,Help: resident child,
033,H,hdhelp03,dhelp03,domestic help R: resident other,Help: resident other,
033,H,hdhelp04,dhelp04,domestic help R: non-resident child,Help: non-resident child,
033,H,hdhelp05,dhelp05,domestic help R: non-resident other family,Help: non-resident other family,
033,H,hdhelp06,dhelp06,domestic help R: neighbours/friends/acquaintances,Help: neighbours/friends/acquaintances,
033,H,hdhelp07,dhelp07,domestic help R: volunteers,Help: volunteers,
033,H,hdhelp08,dhelp08,domestic help R: district nurse,Help: district nurse,
033,H,hdhelp09,dhelp09,domestic help R: elderly/home/alpha,Help: elderly/home/alpha help,
033,H,hdhelp10,dhelp10,domestic help R: private,Help: private,
033,H,hdhelp11,dhelp11,domestic help R: personnel home/hospital,Help: personnel home/hospital,
033,H,hdhelp12,dhelp12,domestic help R: other,Help: other,
033,H,hdhelpyn,dhelpyn,Help R with domestic tasks Y/N,Help with domestic tasks Yes/No,
033,H,hdhour01,dhour01,Hours domestic help R: partner,Hours help: partner,
033,H,hdhour02,dhour02,Hours domestic help R: resident child,Hours help: resident child,
033,H,hdhour03,dhour03,Hours domestic help R: resident other,Hours help: resident other,
033,H,hdhour04,dhour04,Hours domestic help R: non-resident child,Hours help: non-resident child,
033,H,hdhour05,dhour05,Hours domestic help R: non-resident other family,Hours help: non-resident other family,
033,H,hdhour06,dhour06,Hours domestic help R: neighbours/friends/acquaintances,Hours help: neighbours/friends/acquaintances,
033,H,hdhour07,dhour07,Hours domestic help R: volunteers,Hours help: volunteers,
033,H,hdhour08,dhour08,Hours domestic help R: district nurse,Hours help: district nurse,
033,H,hdhour09,dhour09,Hours domestic help R: elderly/home/alpha,Hours help: elderly/home/alpha help,
033,H,hdhour10,dhour10,Hours domestic help R: private help,Hours help: private help,
033,H,hdhour1001,dhour1001,,,
033,H,hdhour1002,dhour1002,,,
033,H,hdhour1003,dhour1003,,,
033,H,hdhour1004,dhour1004,,,
033,H,hdhour1005,dhour1005,,,
033,H,hdhour11,dhour11,Hours domestic help R: personnel home/hospital,Hours help: personnel home/hospital,
033,H,hdhour1101,dhour1101,,,
033,H,hdhour1102,dhour1102,,,
033,H,hdhour1103,dhour1103,,,
033,H,hdhour1104,dhour1104,,,
033,H,hdhour1105,dhour1105,,,
033,H,hdhour12,dhour12,Hours domestic help R: other,Hours help: other,
033,H,hdhour1201,dhour1201,,,
033,H,hdhour1202,dhour1202,,,
033,H,hdhour1203,dhour1203,,,
033,H,hdhour1204,dhour1204,,,
033,H,hdhour1205,dhour1205,,,
033,H,hdhour201,dhour201,,,
033,H,hdhour202,dhour202,,,
033,H,hdhour203,dhour203,,,
033,H,hdhour204,dhour204,,,
033,H,hdhour205,dhour205,,,
033,H,hdhour301,dhour301,,,
033,H,hdhour302,dhour302,,,
033,H,hdhour303,dhour303,,,
033,H,hdhour304,dhour304,,,
033,H,hdhour305,dhour305,,,
033,H,hdhour401,dhour401,,,
033,H,hdhour402,dhour402,,,
033,H,hdhour403,dhour403,,,
033,H,hdhour404,dhour404,,,
033,H,hdhour405,dhour405,,,
033,H,hdhour501,dhour501,,,
033,H,hdhour502,dhour502,,,
033,H,hdhour503,dhour503,,,
033,H,hdhour504,dhour504,,,
033,H,hdhour505,dhour505,,,
033,H,hdhour601,dhour601,,,
033,H,hdhour602,dhour602,,,
033,H,hdhour603,dhour603,,,
033,H,hdhour604,dhour604,,,
033,H,hdhour605,dhour605,,,
033,H,hdhour701,dhour701,,,
033,H,hdhour702,dhour702,,,
033,H,hdhour703,dhour703,,,
033,H,hdhour704,dhour704,,,
033,H,hdhour705,dhour705,,,
033,H,hdhour801,dhour801,,,
033,H,hdhour802,dhour802,,,
033,H,hdhour803,dhour803,,,
033,H,hdhour804,dhour804,,,
033,H,hdhour805,dhour805,,,
033,H,hdhour901,dhour901,,,
033,H,hdhour902,dhour902,,,
033,H,hdhour903,dhour903,,,
033,H,hdhour904,dhour904,,,
033,H,hdhour905,dhour905,,,
033,H,hdhourtot,dhourtot,Hours domestic help R: total,(calculated) Hours domestic help R: total,
033,H,hdsex1001,dsex1001,,,
033,H,hdsex1002,dsex1002,,,
033,H,hdsex1003,dsex1003,,,
033,H,hdsex1004,dsex1004,,,
033,H,hdsex1005,dsex1005,,,
033,H,hdsex1101,dsex1101,,,
033,H,hdsex1102,dsex1102,,,
033,H,hdsex1103,dsex1103,,,
033,H,hdsex1104,dsex1104,,,
033,H,hdsex1105,dsex1105,,,
033,H,hdsex1201,dsex1201,,,
033,H,hdsex1202,dsex1202,,,
033,H,hdsex1203,dsex1203,,,
033,H,hdsex1204,dsex1204,,,
033,H,hdsex1205,dsex1205,,,
033,H,hdsex201,dsex201,,,
033,H,hdsex202,dsex202,,,
033,H,hdsex203,dsex203,,,
033,H,hdsex204,dsex204,,,
033,H,hdsex205,dsex205,,,
033,H,hdsex301,dsex301,,,
033,H,hdsex302,dsex302,,,
033,H,hdsex303,dsex303,,,
033,H,hdsex304,dsex304,,,
033,H,hdsex305,dsex305,,,
033,H,hdsex401,dsex401,,,
033,H,hdsex402,dsex402,,,
033,H,hdsex403,dsex403,,,
033,H,hdsex404,dsex404,,,
033,H,hdsex405,dsex405,,,
033,H,hdsex501,dsex501,,,
033,H,hdsex502,dsex502,,,
033,H,hdsex503,dsex503,,,
033,H,hdsex504,dsex504,,,
033,H,hdsex505,dsex505,,,
033,H,hdsex601,dsex601,,,
033,H,hdsex602,dsex602,,,
033,H,hdsex603,dsex603,,,
033,H,hdsex604,dsex604,,,
033,H,hdsex605,dsex605,,,
033,H,hdsex701,dsex701,,,
033,H,hdsex702,dsex702,,,
033,H,hdsex703,dsex703,,,
033,H,hdsex704,dsex704,,,
033,H,hdsex705,dsex705,,,
033,H,hdsex801,dsex801,,,
033,H,hdsex802,dsex802,,,
033,H,hdsex803,dsex803,,,
033,H,hdsex804,dsex804,,,
033,H,hdsex805,dsex805,,,
033,H,hdsex901,dsex901,,,
033,H,hdsex902,dsex902,,,
033,H,hdsex903,dsex903,,,
033,H,hdsex904,dsex904,,,
033,H,hdsex905,dsex905,,,
033,H,hdx02,dx02,number of persons domestic help R: resident child,number of persons domestic help R: resident child,
033,H,hdx03,dx03,number of persons help R: resident other,number of persons help R: resident other,
033,H,hdx04,dx04,number of persons domestic help R: non-resident child,number of persons domestic help R: non-resident child,
033,H,hdx05,dx05,number of persons domestic help R: non-resident other family,number of persons domestic help R: non-resident other family,
033,H,hdx06,dx06,number of persons domestic help R: neighbours/friends/acquaint,number of persons domestic help R: neighbours/friends/acquaint,
033,H,hdx07,dx07,number of persons domestic help R: volunteers,number of persons domestic help R: volunteers,
033,H,hdx08,dx08,number of persons domestic help R: district nurse,number of persons domestic help R: district nurse,
033,H,hdx09,dx09,number of persons domestic help R: elderly/home/alpha,number of persons domestic help R: elderly/home/alpha,
033,H,hdx10,dx10,number of persons domestic help R: private,number of persons domestic help R: private,
033,H,hdx11,dx11,number of persons domestic help R: personnel home/hospital,number of persons domestic help R: personnel home/hospital,
033,H,hdx12,dx12,number of persons domestic help R: other,number of persons domestic help R: other,
033,H,hghelp01,ghelp01,guidance help R: partner,guidance help R: partner,
033,H,hghelp02,ghelp02,guidance help R: resident child,guidance help R: resident child,
033,H,hghelp03,ghelp03,guidance help R: resident other,guidance help R: resident other,
033,H,hghelp04,ghelp04,guidance help R: non-resident child,guidance help R: non-resident child,
033,H,hghelp05,ghelp05,guidance help R: non-resident other family,guidance help R: non-resident other family,
033,H,hghelp06,ghelp06,guidance help R: neighbours/friends/acquaintances,guidance help R: neighbours/friends/acquaintances,
033,H,hghelp07,ghelp07,guidance help R: volunteers,guidance help R: volunteers,
033,H,hghelp08,ghelp08,guidance help R: district nurse,guidance help R: district nurse,
033,H,hghelp09,ghelp09,guidance help R: elderly/home/alpha,guidance help R: elderly/home/alpha,
033,H,hghelp10,ghelp10,guidance help R: private,guidance help R: private,
033,H,hghelp11,ghelp11,guidance help R: personnel home/hospital,guidance help R: personnel home/hospital,
033,H,hghelp12,ghelp12,guidance help R: other,guidance help R: other,
033,H,hghelpyn,ghelpyn,Help R with guidance Y/N,Help R with guidance tasks Y/N,
033,H,hghour01,ghour01,Hours guidance help R: partner,Hours guidance help R: partner,
033,H,hghour02,ghour02,Hours guidance help R: resident child,Hours guidance help R: resident child,
033,H,hghour03,ghour03,Hours guidance help R: resident other,Hours guidance help R: resident other,
033,H,hghour04,ghour04,Hours guidance help R: non-resident child,Hours guidance help R: non-resident child,
033,H,hghour05,ghour05,Hours guidance help R: non-resident other family,Hours guidance help R: non-resident other family,
033,H,hghour06,ghour06,Hours guidance help R: neighbours/friends/acquaintances,Hours guidance help R: neighbours/friends/acquaintances,
033,H,hghour07,ghour07,Hours guidance help R: volunteers,Hours guidance help R: volunteers,
033,H,hghour08,ghour08,Hours guidance help R: district nurse,Hours guidance help R: district nurse,
033,H,hghour09,ghour09,Hours guidance help R: elderly/home/alpha,Hours guidance help R: elderly/home/alpha,
033,H,hghour10,ghour10,Hours guidance help R: private help,Hours guidance help R: private help,
033,H,hghour1001,ghour1001,,,
033,H,hghour1002,ghour1002,,,
033,H,hghour1003,ghour1003,,,
033,H,hghour1004,ghour1004,,,
033,H,hghour1005,ghour1005,,,
033,H,hghour11,ghour11,Hours guidance help R: personnel home/hospital,Hours guidance help R: personnel home/hospital,
033,H,hghour1101,ghour1101,,,
033,H,hghour1102,ghour1102,,,
033,H,hghour1103,ghour1103,,,
033,H,hghour1104,ghour1104,,,
033,H,hghour1105,ghour1105,,,
033,H,hghour12,ghour12,Hours guidance help R: other,Hours guidance help R: other,
033,H,hghour1201,ghour1201,,,
033,H,hghour1202,ghour1202,,,
033,H,hghour1203,ghour1203,,,
033,H,hghour1204,ghour1204,,,
033,H,hghour1205,ghour1205,,,
033,H,hghour201,ghour201,,,
033,H,hghour202,ghour202,,,
033,H,hghour203,ghour203,,,
033,H,hghour204,ghour204,,,
033,H,hghour205,ghour205,,,
033,H,hghour301,ghour301,,,
033,H,hghour302,ghour302,,,
033,H,hghour303,ghour303,,,
033,H,hghour304,ghour304,,,
033,H,hghour305,ghour305,,,
033,H,hghour401,ghour401,,,
033,H,hghour402,ghour402,,,
033,H,hghour403,ghour403,,,
033,H,hghour404,ghour404,,,
033,H,hghour405,ghour405,,,
033,H,hghour501,ghour501,,,
033,H,hghour502,ghour502,,,
033,H,hghour503,ghour503,,,
033,H,hghour504,ghour504,,,
033,H,hghour505,ghour505,,,
033,H,hghour601,ghour601,,,
033,H,hghour602,ghour602,,,
033,H,hghour603,ghour603,,,
033,H,hghour604,ghour604,,,
033,H,hghour605,ghour605,,,
033,H,hghour701,ghour701,,,
033,H,hghour702,ghour702,,,
033,H,hghour703,ghour703,,,
033,H,hghour704,ghour704,,,
033,H,hghour705,ghour705,,,
033,H,hghour801,ghour801,,,
033,H,hghour802,ghour802,,,
033,H,hghour803,ghour803,,,
033,H,hghour804,ghour804,,,
033,H,hghour805,ghour805,,,
033,H,hghour901,ghour901,,,
033,H,hghour902,ghour902,,,
033,H,hghour903,ghour903,,,
033,H,hghour904,ghour904,,,
033,H,hghour905,ghour905,,,
033,H,hghourtot,ghourtot,Hours guidance help R: total,(calculated) Hours guidance help R: total,
033,H,hgsex1001,gsex1001,,,
033,H,hgsex1002,gsex1002,,,
033,H,hgsex1003,gsex1003,,,
033,H,hgsex1004,gsex1004,,,
033,H,hgsex1005,gsex1005,,,
033,H,hgsex1101,gsex1101,,,
033,H,hgsex1102,gsex1102,,,
033,H,hgsex1103,gsex1103,,,
033,H,hgsex1104,gsex1104,,,
033,H,hgsex1105,gsex1105,,,
033,H,hgsex1201,gsex1201,,,
033,H,hgsex1202,gsex1202,,,
033,H,hgsex1203,gsex1203,,,
033,H,hgsex1204,gsex1204,,,
033,H,hgsex1205,gsex1205,,,
033,H,hgsex201,gsex201,,,
033,H,hgsex202,gsex202,,,
033,H,hgsex203,gsex203,,,
033,H,hgsex204,gsex204,,,
033,H,hgsex205,gsex205,,,
033,H,hgsex301,gsex301,,,
033,H,hgsex302,gsex302,,,
033,H,hgsex303,gsex303,,,
033,H,hgsex304,gsex304,,,
033,H,hgsex305,gsex305,,,
033,H,hgsex401,gsex401,,,
033,H,hgsex402,gsex402,,,
033,H,hgsex403,gsex403,,,
033,H,hgsex404,gsex404,,,
033,H,hgsex405,gsex405,,,
033,H,hgsex501,gsex501,,,
033,H,hgsex502,gsex502,,,
033,H,hgsex503,gsex503,,,
033,H,hgsex504,gsex504,,,
033,H,hgsex505,gsex505,,,
033,H,hgsex601,gsex601,,,
033,H,hgsex602,gsex602,,,
033,H,hgsex603,gsex603,,,
033,H,hgsex604,gsex604,,,
033,H,hgsex605,gsex605,,,
033,H,hgsex701,gsex701,,,
033,H,hgsex702,gsex702,,,
033,H,hgsex703,gsex703,,,
033,H,hgsex704,gsex704,,,
033,H,hgsex705,gsex705,,,
033,H,hgsex801,gsex801,,,
033,H,hgsex802,gsex802,,,
033,H,hgsex803,gsex803,,,
033,H,hgsex804,gsex804,,,
033,H,hgsex805,gsex805,,,
033,H,hgsex901,gsex901,,,
033,H,hgsex902,gsex902,,,
033,H,hgsex903,gsex903,,,
033,H,hgsex904,gsex904,,,
033,H,hgsex905,gsex905,,,
033,H,hgx02,gx02,number of persons guidance help R: resident child,number of persons guidance help R: resident child,
033,H,hgx03,gx03,number of persons help R: resident other,number of persons help R: resident other,
033,H,hgx04,gx04,number of persons guidance help R: non-resident child,number of persons guidance help R: non-resident child,
033,H,hgx05,gx05,number of persons guidance help R: non-resident other family,number of persons guidance help R: non-resident other family,
033,H,hgx06,gx06,number of persons guidance help R: neighbours/friends/acquaint,number of persons guidance help R: neighbours/friends/acquaint,
033,H,hgx07,gx07,number of persons guidance help R: volunteers,number of persons guidance help R: volunteers,
033,H,hgx08,gx08,number of persons guidance help R: district nurse,number of persons guidance help R: district nurse,
033,H,hgx09,gx09,number of persons guidance help R: elderly/home/alpha,number of persons guidance help R: elderly/home/alpha,
033,H,hgx10,gx10,number of persons guidance help R: private,number of persons guidance help R: private,
033,H,hgx11,gx11,number of persons guidance help R: personnel home/hospital,number of persons guidance help R: personnel home/hospital,
033,H,hgx12,gx12,number of persons guidance help R: other,number of persons guidance help R: other,
033,H,hhealth1,health1,Health problems limit normal activities,Health problems limit normal activities,
033,H,hhealth2,health2,How long limitations,How long limitations,
033,H,hhealth3,health3,Past month: days sick in bed,Past month: days sick in bed,
033,H,hhealth4,health4,Past month: #days limited in activities,Past month: #days limited in activities,
033,H,hnhelp01,nhelp01,nursing help R: partner,nursing help R: partner,
033,H,hnhelp02,nhelp02,nursing help R: resident child,nursing help R: resident child,
033,H,hnhelp03,nhelp03,nursing help R: resident other,nursing help R: resident other,
033,H,hnhelp04,nhelp04,nursing help R: non-resident child,nursing help R: non-resident child,
033,H,hnhelp05,nhelp05,nursing help R: non-resident other family,nursing help R: non-resident other family,
033,H,hnhelp06,nhelp06,nursing help R: neighbours/friends/acquaintances,nursing help R: neighbours/friends/acquaintances,
033,H,hnhelp07,nhelp07,nursing help R: volunteers,nursing help R: volunteers,
033,H,hnhelp08,nhelp08,nursing help R: district nurse,nursing help R: district nurse,
033,H,hnhelp09,nhelp09,nursing help R: elderly/home/alpha,nursing help R: elderly/home/alpha,
033,H,hnhelp10,nhelp10,nursing help R: private,nursing help R: private,
033,H,hnhelp11,nhelp11,nursing help R: personnel home/hospital,nursing help R: personnel home/hospital,
033,H,hnhelp12,nhelp12,nursing help R: other,nursing help R: other,
033,H,hnhelpyn,nhelpyn,Help R with nursing tasks Y/N,Help R with nursing tasks Y/N,
033,H,hnhour01,nhour01,Hours nursing help R: partner,Hours nursing help R: partner,
033,H,hnhour02,nhour02,Hours nursing help R: resident child,Hours nursing help R: resident child,
033,H,hnhour03,nhour03,Hours nursing help R: resident other,Hours nursing help R: resident other,
033,H,hnhour04,nhour04,Hours nursing help R: non-resident child,Hours nursing help R: non-resident child,
033,H,hnhour05,nhour05,Hours nursing help R: non-resident other family,Hours nursing help R: non-resident other family,
033,H,hnhour06,nhour06,Hours nursing help R: neighbours/friends/acquaintances,Hours nursing help R: neighbours/friends/acquaintances,
033,H,hnhour07,nhour07,Hours nursing help R: volunteers,Hours nursing help R: volunteers,
033,H,hnhour08,nhour08,Hours nursing help R: district nurse,Hours nursing help R: district nurse,
033,H,hnhour09,nhour09,Hours nursing help R: elderly/home/alpha,Hours nursing help R: elderly/home/alpha,
033,H,hnhour10,nhour10,Hours nursing help R: private help,Hours nursing help R: private,
033,H,hnhour1001,nhour1001,,,
033,H,hnhour1002,nhour1002,,,
033,H,hnhour1003,nhour1003,,,
033,H,hnhour1004,nhour1004,,,
033,H,hnhour1005,nhour1005,,,
033,H,hnhour11,nhour11,Hours nursing help R: personnel home/hospital,Hours nursing help R: personnel home/hospital,
033,H,hnhour1101,nhour1101,,,
033,H,hnhour1102,nhour1102,,,
033,H,hnhour1103,nhour1103,,,
033,H,hnhour1104,nhour1104,,,
033,H,hnhour1105,nhour1105,,,
033,H,hnhour12,nhour12,Hours nursing help R: other,Hours nursing help R: other,
033,H,hnhour1201,nhour1201,,,
033,H,hnhour1202,nhour1202,,,
033,H,hnhour1203,nhour1203,,,
033,H,hnhour1204,nhour1204,,,
033,H,hnhour1205,nhour1205,,,
033,H,hnhour201,nhour201,,,
033,H,hnhour202,nhour202,,,
033,H,hnhour203,nhour203,,,
033,H,hnhour204,nhour204,,,
033,H,hnhour205,nhour205,,,
033,H,hnhour301,nhour301,,,
033,H,hnhour302,nhour302,,,
033,H,hnhour303,nhour303,,,
033,H,hnhour304,nhour304,,,
033,H,hnhour305,nhour305,,,
033,H,hnhour401,nhour401,,,
033,H,hnhour402,nhour402,,,
033,H,hnhour403,nhour403,,,
033,H,hnhour404,nhour404,,,
033,H,hnhour405,nhour405,,,
033,H,hnhour501,nhour501,,,
033,H,hnhour502,nhour502,,,
033,H,hnhour503,nhour503,,,
033,H,hnhour504,nhour504,,,
033,H,hnhour505,nhour505,,,
033,H,hnhour601,nhour601,,,
033,H,hnhour602,nhour602,,,
033,H,hnhour603,nhour603,,,
033,H,hnhour604,nhour604,,,
033,H,hnhour605,nhour605,,,
033,H,hnhour701,nhour701,,,
033,H,hnhour702,nhour702,,,
033,H,hnhour703,nhour703,,,
033,H,hnhour704,nhour704,,,
033,H,hnhour705,nhour705,,,
033,H,hnhour801,nhour801,,,
033,H,hnhour802,nhour802,,,
033,H,hnhour803,nhour803,,,
033,H,hnhour804,nhour804,,,
033,H,hnhour805,nhour805,,,
033,H,hnhour901,nhour901,,,
033,H,hnhour902,nhour902,,,
033,H,hnhour903,nhour903,,,
033,H,hnhour904,nhour904,,,
033,H,hnhour905,nhour905,,,
033,H,hnhourtot,nhourtot,Hours nursing help R: total,(calculated) Hours nursing help R: total,
033,H,hnsex1001,nsex1001,,,
033,H,hnsex1002,nsex1002,,,
033,H,hnsex1003,nsex1003,,,
033,H,hnsex1004,nsex1004,,,
033,H,hnsex1005,nsex1005,,,
033,H,hnsex1101,nsex1101,,,
033,H,hnsex1102,nsex1102,,,
033,H,hnsex1103,nsex1103,,,
033,H,hnsex1104,nsex1104,,,
033,H,hnsex1105,nsex1105,,,
033,H,hnsex1201,nsex1201,,,
033,H,hnsex1202,nsex1202,,,
033,H,hnsex1203,nsex1203,,,
033,H,hnsex1204,nsex1204,,,
033,H,hnsex1205,nsex1205,,,
033,H,hnsex201,nsex201,,,
033,H,hnsex202,nsex202,,,
033,H,hnsex203,nsex203,,,
033,H,hnsex204,nsex204,,,
033,H,hnsex205,nsex205,,,
033,H,hnsex301,nsex301,,,
033,H,hnsex302,nsex302,,,
033,H,hnsex303,nsex303,,,
033,H,hnsex304,nsex304,,,
033,H,hnsex305,nsex305,,,
033,H,hnsex401,nsex401,,,
033,H,hnsex402,nsex402,,,
033,H,hnsex403,nsex403,,,
033,H,hnsex404,nsex404,,,
033,H,hnsex405,nsex405,,,
033,H,hnsex501,nsex501,,,
033,H,hnsex502,nsex502,,,
033,H,hnsex503,nsex503,,,
033,H,hnsex504,nsex504,,,
033,H,hnsex505,nsex505,,,
033,H,hnsex601,nsex601,,,
033,H,hnsex602,nsex602,,,
033,H,hnsex603,nsex603,,,
033,H,hnsex604,nsex604,,,
033,H,hnsex605,nsex605,,,
033,H,hnsex701,nsex701,,,
033,H,hnsex702,nsex702,,,
033,H,hnsex703,nsex703,,,
033,H,hnsex704,nsex704,,,
033,H,hnsex705,nsex705,,,
033,H,hnsex801,nsex801,,,
033,H,hnsex802,nsex802,,,
033,H,hnsex803,nsex803,,,
033,H,hnsex804,nsex804,,,
033,H,hnsex805,nsex805,,,
033,H,hnsex901,nsex901,,,
033,H,hnsex902,nsex902,,,
033,H,hnsex903,nsex903,,,
033,H,hnsex904,nsex904,,,
033,H,hnsex905,nsex905,,,
033,H,hnx02,nx02,number of persons nursing help R: resident child,number of persons nursing help R: resident child,
033,H,hnx03,nx03,number of persons help R: resident other,number of persons help R: resident other,
033,H,hnx04,nx04,number of persons nursing help R: non-resident child,number of persons nursing help R: non-resident child,
033,H,hnx05,nx05,number of persons nursing help R: non-resident other family,number of persons nursing help R: non-resident other family,
033,H,hnx06,nx06,number of persons nursing help R: neighbours/friends/acquaint,number of persons nursing help R: neighbours/friends/acquaint,
033,H,hnx07,nx07,number of persons nursing help R: volunteers,number of persons nursing help R: volunteers,
033,H,hnx08,nx08,number of persons nursing help R: district nurse,number of persons nursing help R: district nurse,
033,H,hnx09,nx09,number of persons nursing help R: elderly/home/alpha,number of persons nursing help R: elderly/home/alpha,
033,H,hnx10,nx10,number of persons nursing help R: private,number of persons nursing help R: private,
033,H,hnx11,nx11,number of persons nursing help R: personnel home/hospital,number of persons nursing help R: personnel home/hospital,
033,H,hnx12,nx12,number of persons nursing help R: other,number of persons nursing help R: other,
033,H,hpgb01,pgb01,R pays from PGB: partner,R pays from PGB: partner,
033,H,hpgb02,pgb02,R pays from PGB: resident child,R pays from PGB: resident child,
033,H,hpgb03,pgb03,R pays from PGB: resident other,R pays from PGB: resident other,
033,H,hpgb04,pgb04,R pays from PGB: non-resident,R pays from PGB: non-resident,
033,H,hpgb05,pgb05,R pays from PGB: non-resident other,R pays from PGB: non-resident other,
033,H,hpgb06,pgb06,R pays from PGB: neighbours/friends/acquaintances,R pays from PGB: neighbours/friends/acquaintances,
033,H,hpgb07,pgb07,R pays from PGB: volunteers,R pays from PGB: volunteers,
033,H,hpgb08,pgb08,R pays from PGB: district nurse,R pays from PGB: district nurse,
033,H,hpgb09,pgb09,R pays from PGB: elderly/home/alpha,R pays from PGB: elderly/home/alpha,
033,H,hpgb10,pgb10,R pays from PGB: private,R pays from PGB: private,
033,H,hpgb11,pgb11,R pays from PGB: personnel home/hospital,R pays from PGB: personnel home/hospital,
033,H,hpgb12,pgb12,R pays from PGB: other,R pays from PGB: other,
033,H,hpgbyn,pgbyn,R pays for care from PGB (personal budget) Y/N,R pays for care from PGB (personal budget) Y/N,
033,H,hphelp01,phelp01,Help P: respondent,Helpp: respondent,
033,H,hphelp02,phelp02,Help P: resident child,Helpp: resident child,
033,H,hphelp03,phelp03,Help P: resident other,Helpp: resident other,
033,H,hphelp04,phelp04,Help P: non-resident child,Helpp: non-resident child,
033,H,hphelp05,phelp05,Help P: non-resident other family,Helpp: non-resident other family,
033,H,hphelp06,phelp06,Help P: neighbours/friends/acquaintances,Helpp: neighbours/friends/acquaintances,
033,H,hphelp07,phelp07,Help P: volunteers,Helpp: volunteers,
033,H,hphelp08,phelp08,Help P: district nurse,Helpp: district nurse,
033,H,hphelp09,phelp09,Help P: elderly/home/alpha,Helpp: elderly/home/alpha help,
033,H,hphelp10,phelp10,Help P: private,Helpp: private,
033,H,hphelp11,phelp11,Help P: personnel home/hospital,Helpp: personnel home/hospital,
033,H,hphelp12,phelp12,Help P: other,Helpp: other,
033,H,hphelpyn,phelpyn,Help partner with personal care,Help partner with personal care,
033,H,hphlp01b,phlp01b,Help P: burden for respondent,Help P: burden for respondent,
033,H,hphlp01m,phlp01m,"Help P: respondent, start month","Help P: respondent, start month",
033,H,hphlp01y,phlp01y,"Help P: respondent, start year","Help P: respondent, start year",
033,H,hphour01,phour01,Hours help P: respondent,Hours helpp: respondent,
033,H,hphour02,phour02,Hours help P: resident other,Hours helpp: resident other,
033,H,hphour03,phour03,Hours help P: resident other,Hours helpp: resident other,
033,H,hphour04,phour04,Hours help P: non-resident child,Hours helpp: non-resident child,
033,H,hphour05,phour05,Hours help P: non-resident other family,Hours helpp: non-resident other family,
033,H,hphour06,phour06,Hours help P: neighbours/friends/acquaintances,Hours helpp: neighbours/friends/acquaintances,
033,H,hphour07,phour07,Hours help P: volunteers,Hours helpp: volunteers,
033,H,hphour08,phour08,Hours help P: district nurse,Hours helpp: district nurse,
033,H,hphour09,phour09,Hours help P: elderly/home/alpha,Hours helpp: elderly/home/alpha help,
033,H,hphour10,phour10,Hours help P: private,Hours helpp: private,
033,H,hphour1001,phour1001,,,
033,H,hphour1002,phour1002,,,
033,H,hphour1003,phour1003,,,
033,H,hphour1004,phour1004,,,
033,H,hphour1005,phour1005,,,
033,H,hphour11,phour11,Hours help P: personnel home/hospital,Hours helpp: personnel home/hospital,
033,H,hphour1101,phour1101,,,
033,H,hphour1102,phour1102,,,
033,H,hphour1103,phour1103,,,
033,H,hphour1104,phour1104,,,
033,H,hphour1105,phour1105,,,
033,H,hphour12,phour12,Hours help P: other,Hours helpp: other,
033,H,hphour1201,phour1201,,,
033,H,hphour1202,phour1202,,,
033,H,hphour1203,phour1203,,,
033,H,hphour1204,phour1204,,,
033,H,hphour1205,phour1205,,,
033,H,hphour201,phour201,,,
033,H,hphour202,phour202,,,
033,H,hphour203,phour203,,,
033,H,hphour204,phour204,,,
033,H,hphour205,phour205,,,
033,H,hphour301,phour301,,,
033,H,hphour302,phour302,,,
033,H,hphour303,phour303,,,
033,H,hphour304,phour304,,,
033,H,hphour305,phour305,,,
033,H,hphour401,phour401,,,
033,H,hphour402,phour402,,,
033,H,hphour403,phour403,,,
033,H,hphour404,phour404,,,
033,H,hphour405,phour405,,,
033,H,hphour501,phour501,,,
033,H,hphour502,phour502,,,
033,H,hphour503,phour503,,,
033,H,hphour504,phour504,,,
033,H,hphour505,phour505,,,
033,H,hphour601,phour601,,,
033,H,hphour602,phour602,,,
033,H,hphour603,phour603,,,
033,H,hphour604,phour604,,,
033,H,hphour605,phour605,,,
033,H,hphour701,phour701,,,
033,H,hphour702,phour702,,,
033,H,hphour703,phour703,,,
033,H,hphour704,phour704,,,
033,H,hphour705,phour705,,,
033,H,hphour801,phour801,,,
033,H,hphour802,phour802,,,
033,H,hphour803,phour803,,,
033,H,hphour804,phour804,,,
033,H,hphour805,phour805,,,
033,H,hphour901,phour901,,,
033,H,hphour902,phour902,,,
033,H,hphour903,phour903,,,
033,H,hphour904,phour904,,,
033,H,hphour905,phour905,,,
033,H,hphourtot,phourtot,Hours help P: total,(calculated) Hours help P: total,
033,H,hpsex1001,psex1001,,,
033,H,hpsex1002,psex1002,,,
033,H,hpsex1003,psex1003,,,
033,H,hpsex1004,psex1004,,,
033,H,hpsex1005,psex1005,,,
033,H,hpsex1101,psex1101,,,
033,H,hpsex1102,psex1102,,,
033,H,hpsex1103,psex1103,,,
033,H,hpsex1104,psex1104,,,
033,H,hpsex1105,psex1105,,,
033,H,hpsex1201,psex1201,,,
033,H,hpsex1202,psex1202,,,
033,H,hpsex1203,psex1203,,,
033,H,hpsex1204,psex1204,,,
033,H,hpsex1205,psex1205,,,
033,H,hpsex201,psex201,,,
033,H,hpsex202,psex202,,,
033,H,hpsex203,psex203,,,
033,H,hpsex204,psex204,,,
033,H,hpsex205,psex205,,,
033,H,hpsex301,psex301,,,
033,H,hpsex302,psex302,,,
033,H,hpsex303,psex303,,,
033,H,hpsex304,psex304,,,
033,H,hpsex305,psex305,,,
033,H,hpsex401,psex401,,,
033,H,hpsex402,psex402,,,
033,H,hpsex403,psex403,,,
033,H,hpsex404,psex404,,,
033,H,hpsex405,psex405,,,
033,H,hpsex501,psex501,,,
033,H,hpsex502,psex502,,,
033,H,hpsex503,psex503,,,
033,H,hpsex504,psex504,,,
033,H,hpsex505,psex505,,,
033,H,hpsex601,psex601,,,
033,H,hpsex602,psex602,,,
033,H,hpsex603,psex603,,,
033,H,hpsex604,psex604,,,
033,H,hpsex605,psex605,,,
033,H,hpsex701,psex701,,,
033,H,hpsex702,psex702,,,
033,H,hpsex703,psex703,,,
033,H,hpsex704,psex704,,,
033,H,hpsex705,psex705,,,
033,H,hpsex801,psex801,,,
033,H,hpsex802,psex802,,,
033,H,hpsex803,psex803,,,
033,H,hpsex804,psex804,,,
033,H,hpsex805,psex805,,,
033,H,hpsex901,psex901,,,
033,H,hpsex902,psex902,,,
033,H,hpsex903,psex903,,,
033,H,hpsex904,psex904,,,
033,H,hpsex905,psex905,,,
033,H,hpx02,px02,number of persons help P: resident child,number of persons help P: resident child,
033,H,hpx03,px03,number of persons help P: resident other,number of persons help P: resident other,
033,H,hpx04,px04,number of persons help P: non-resident child,number of persons help P: non-resident child,
033,H,hpx05,px05,number of persons help P: non-resident other family,number of persons help P: non-resident other family,
033,H,hpx06,px06,number of persons help P: neighbours/friends/ acquaintances,number of persons help P: neighbours/friends/ acquaintances,
033,H,hpx07,px07,number of persons help R: volunteers,number of persons help R: volunteers,
033,H,hpx08,px08,number of persons help P: district nurse,number of persons help P: district nurse,
033,H,hpx09,px09,number of persons help P: elderly/home/alpha,number of persons help P: elderly/home/alpha,
033,H,hpx10,px10,number of persons help P: private,number of persons help P: private,
033,H,hpx11,px11,number of persons help P: personnel home/hospital,number of persons help P: personnel home/hospital,
033,H,hpx12,px12,number of persons help P: other,number of persons help P: other,
033,H,hregie1,regie1,control: to what extent can R determine who gives help,control: to what extent can R determine who gives help,
033,H,hregie2,regie2,control: to what extent can R determine which help is given,control: to what extent can R determine which help is given,
033,H,hregie3,regie3,control: to what extent can R determine when help is given,control: to what extent can R determine when help is given,
033,H,hregie4,regie4,control: to what extent does R find it important to determine the caregiving,control: to what extent does R find it important to determine the caregiving,
033,H,hrhelp01,rhelp01,Help R: partner,Help R: partner,
033,H,hrhelp02,rhelp02,Help R: resident child,Help R: resident child,
033,H,hrhelp03,rhelp03,Help R: resident other,Help R: resident other,
033,H,hrhelp04,rhelp04,Help R: non-resident child,Help R: non-resident child,
033,H,hrhelp05,rhelp05,Help R: non-resident other family,Help R: non-resident other family,
033,H,hrhelp06,rhelp06,Help R: neighbours/friends/acquaintances,Help R: neighbours/friends/acquaintances,
033,H,hrhelp07,rhelp07,Help R: volunteers,Help R: volunteers,
033,H,hrhelp08,rhelp08,Help R: district nurse,Help R: district nurse,
033,H,hrhelp09,rhelp09,Help R: elderly/home/alpha,Help R: elderly/home/alpha help,
033,H,hrhelp10,rhelp10,Help R: private,Help R: private,
033,H,hrhelp11,rhelp11,Help R: personnel home/hospital,Help R: personnel home/hospital,
033,H,hrhelp12,rhelp12,Help R: other,Help R: other,
033,H,hrhelpyn,rhelpyn,Help R with personal care Y/N,Help R with personal care Y/N,
033,H,hrhour01,rhour01,Hours help R: partner,Hours help R: partner,
033,H,hrhour02,rhour02,Hours help R: resident child,Hours help R: resident child,
033,H,hrhour03,rhour03,Hours help R: resident other,Hours help R: resident other,
033,H,hrhour04,rhour04,Hours help R: non-resident child,Hours help R: non-resident child,
033,H,hrhour05,rhour05,Hours help R: non-resident other family,Hours help R: non-resident other family,
033,H,hrhour06,rhour06,Hours help R: neighbours/friends/acquaintances,Hours help R: neighbours/friends/acquaintances,
033,H,hrhour07,rhour07,Hours help R: volunteers,Hours help R: volunteers,
033,H,hrhour08,rhour08,Hours help R: district nurse,Hours help R: district nurse,
033,H,hrhour09,rhour09,Hours help R: elderly/home/alpha,Hours help R: elderly/home/alpha help,
033,H,hrhour10,rhour10,Hours help R: private,Hours help R: private,
033,H,hrhour1001,rhour1001,,,
033,H,hrhour1002,rhour1002,,,
033,H,hrhour1003,rhour1003,,,
033,H,hrhour1004,rhour1004,,,
033,H,hrhour1005,rhour1005,,,
033,H,hrhour11,rhour11,Hours help R: personnel home/hospital,Hours help R: personnel home/hospital,
033,H,hrhour1101,rhour1101,,,
033,H,hrhour1102,rhour1102,,,
033,H,hrhour1103,rhour1103,,,
033,H,hrhour1104,rhour1104,,,
033,H,hrhour1105,rhour1105,,,
033,H,hrhour12,rhour12,Hours help R: other,Hours help R: other,
033,H,hrhour1201,rhour1201,,,
033,H,hrhour1202,rhour1202,,,
033,H,hrhour1203,rhour1203,,,
033,H,hrhour1204,rhour1204,,,
033,H,hrhour1205,rhour1205,,,
033,H,hrhour201,rhour201,,,
033,H,hrhour202,rhour202,,,
033,H,hrhour203,rhour203,,,
033,H,hrhour204,rhour204,,,
033,H,hrhour205,rhour205,,,
033,H,hrhour301,rhour301,,,
033,H,hrhour302,rhour302,,,
033,H,hrhour303,rhour303,,,
033,H,hrhour304,rhour304,,,
033,H,hrhour305,rhour305,,,
033,H,hrhour401,rhour401,,,
033,H,hrhour402,rhour402,,,
033,H,hrhour403,rhour403,,,
033,H,hrhour404,rhour404,,,
033,H,hrhour405,rhour405,,,
033,H,hrhour501,rhour501,,,
033,H,hrhour502,rhour502,,,
033,H,hrhour503,rhour503,,,
033,H,hrhour504,rhour504,,,
033,H,hrhour505,rhour505,,,
033,H,hrhour601,rhour601,,,
033,H,hrhour602,rhour602,,,
033,H,hrhour603,rhour603,,,
033,H,hrhour604,rhour604,,,
033,H,hrhour605,rhour605,,,
033,H,hrhour701,rhour701,,,
033,H,hrhour702,rhour702,,,
033,H,hrhour703,rhour703,,,
033,H,hrhour704,rhour704,,,
033,H,hrhour705,rhour705,,,
033,H,hrhour801,rhour801,,,
033,H,hrhour802,rhour802,,,
033,H,hrhour803,rhour803,,,
033,H,hrhour804,rhour804,,,
033,H,hrhour805,rhour805,,,
033,H,hrhour901,rhour901,,,
033,H,hrhour902,rhour902,,,
033,H,hrhour903,rhour903,,,
033,H,hrhour904,rhour904,,,
033,H,hrhour905,rhour905,,,
033,H,hrhourtot,rhourtot,Hours help R: total,(calculated) Hours help R: total,
033,H,hrsex1001,rsex1001,,,
033,H,hrsex1002,rsex1002,,,
033,H,hrsex1003,rsex1003,,,
033,H,hrsex1004,rsex1004,,,
033,H,hrsex1005,rsex1005,,,
033,H,hrsex1101,rsex1101,,,
033,H,hrsex1102,rsex1102,,,
033,H,hrsex1103,rsex1103,,,
033,H,hrsex1104,rsex1104,,,
033,H,hrsex1105,rsex1105,,,
033,H,hrsex1201,rsex1201,,,
033,H,hrsex1202,rsex1202,,,
033,H,hrsex1203,rsex1203,,,
033,H,hrsex1204,rsex1204,,,
033,H,hrsex1205,rsex1205,,,
033,H,hrsex201,rsex201,,,
033,H,hrsex202,rsex202,,,
033,H,hrsex203,rsex203,,,
033,H,hrsex204,rsex204,,,
033,H,hrsex205,rsex205,,,
033,H,hrsex301,rsex301,,,
033,H,hrsex302,rsex302,,,
033,H,hrsex303,rsex303,,,
033,H,hrsex304,rsex304,,,
033,H,hrsex305,rsex305,,,
033,H,hrsex401,rsex401,,,
033,H,hrsex402,rsex402,,,
033,H,hrsex403,rsex403,,,
033,H,hrsex404,rsex404,,,
033,H,hrsex405,rsex405,,,
033,H,hrsex501,rsex501,,,
033,H,hrsex502,rsex502,,,
033,H,hrsex503,rsex503,,,
033,H,hrsex504,rsex504,,,
033,H,hrsex505,rsex505,,,
033,H,hrsex601,rsex601,,,
033,H,hrsex602,rsex602,,,
033,H,hrsex603,rsex603,,,
033,H,hrsex604,rsex604,,,
033,H,hrsex605,rsex605,,,
033,H,hrsex701,rsex701,,,
033,H,hrsex702,rsex702,,,
033,H,hrsex703,rsex703,,,
033,H,hrsex704,rsex704,,,
033,H,hrsex705,rsex705,,,
033,H,hrsex801,rsex801,,,
033,H,hrsex802,rsex802,,,
033,H,hrsex803,rsex803,,,
033,H,hrsex804,rsex804,,,
033,H,hrsex805,rsex805,,,
033,H,hrsex901,rsex901,,,
033,H,hrsex902,rsex902,,,
033,H,hrsex903,rsex903,,,
033,H,hrsex904,rsex904,,,
033,H,hrsex905,rsex905,,,
033,H,hrsick01,rsick01,Sick: pers care by respondent,Sick: pers care by respondent,
033,H,hrsick02,rsick02,Sick: pers care by partner,Sick: pers care by partner,
033,H,hrsick03,rsick03,Sick: pers care by resident child,Sick: pers care by resident child,
033,H,hrsick04,rsick04,Sick: pers care by resident other,Sick: pers care by resident other,
033,H,hrsick05,rsick05,Sick: pers care by non-resident child,Sick: pers care by non-resident child,
033,H,hrsick06,rsick06,Sick: pers care by non-resident other family,Sick: pers care by non-resident other family,
033,H,hrsick07,rsick07,Sick: pers care by neighbours/friends/acquaintances,Sick: pers care by neighbours/friends/acquaintances,
033,H,hrsick08,rsick08,Sick: pers care by volunteers,Sick: pers care by volunteers,
033,H,hrsick09,rsick09,Sick: pers care by district nurse,Sick: pers care by district nurse,
033,H,hrsick10,rsick10,Sick: pers care by elderly/home/alpha,Sick: pers care by elderly/home/alpha help,
033,H,hrsick11,rsick11,Sick: pers care by private help,Sick: pers care by private help,
033,H,hrsick12,rsick12,Sick: pers care by personnel home/hospital,Sick: pers care by personnel home/hospital,
033,H,hrsick13,rsick13,Sick: pers care by nobody,Sick: pers care by nobody,
033,H,hrsick14,rsick14,Sick: pers care by other,Sick: pers care by other,
033,H,hrsick15,rsick15,Sick: domestic care by respondent,Sick: domestic care by respondent,
033,H,hrsick16,rsick16,Sick: domestic care by partner,Sick: domestic care by partner,
033,H,hrsick17,rsick17,Sick: domestic care by resident child,Sick: domestic care by resident child,
033,H,hrsick18,rsick18,Sick: domestic care by resident other,Sick: domestic care by resident other,
033,H,hrsick19,rsick19,Sick: domestic care by non-resident child,Sick: domestic care by non-resident child,
033,H,hrsick20,rsick20,Sick: domestic care by non-resident family,Sick: domestic care by non-resident family,
033,H,hrsick21,rsick21,Sick: domestic care by neighbours/friends/acquaintances,Sick: domestic care by neighbours/friends/acquaintances,
033,H,hrsick22,rsick22,Sick: domestic care by volunteers,Sick: domestic care by volunteers,
033,H,hrsick23,rsick23,Sick: domestic care by district nurse,Sick: domestic care by district nurse,
033,H,hrsick24,rsick24,Sick: domestic care by elderly/home/alpha,Sick: domestic care by elderly/home/alpha help,
033,H,hrsick25,rsick25,Sick: domestic care by private help,Sick: domestic care by private help,
033,H,hrsick26,rsick26,Sick: domestic care by personnel home/hospital,Sick: domestic care by personnel home/hospital,
033,H,hrsick27,rsick27,Sick: domestic care by nobody,Sick: domestic care by nobody,
033,H,hrsick28,rsick28,Sick: domestic care by other,Sick: domestic care by other,
033,H,hrx02,rx02,number of persons help R: resident child,number of persons help R: resident child,
033,H,hrx03,rx03,number of persons help R: resident other,number of persons help R: resident other,
033,H,hrx04,rx04,number of persons help R: non-resident child,number of persons help R: non-resident child,
033,H,hrx05,rx05,number of persons help R: non-resident other family,number of persons help R: non-resident other family,
033,H,hrx06,rx06,number of persons help R: neighbours/friends/acquaint,number of persons help R: neighbours/friends/acquaint,
033,H,hrx07,rx07,number of persons help R: volunteers,number of persons help R: volunteers,
033,H,hrx08,rx08,number of persons help R: district nurse,number of persons help R: district nurse,
033,H,hrx09,rx09,number of persons help R: elderly/home/alpha,number of persons help R: elderly/home/alpha,
033,H,hrx10,rx10,number of persons help R: private,number of persons help R: private,
033,H,hrx11,rx11,number of persons help R: personnel home/hospital,number of persons help R: personnel home/hospital,
033,H,hrx12,rx12,number of persons help R: other,number of persons help R: other,
033,H,hsuff401,suff401,preferably help from: partner,preferably help from: partner,
033,H,hsuff402,suff402,preferably help from: resident child,preferably help from: resident child,
033,H,hsuff403,suff403,preferably help from: resident other,preferably help from: resident other,
033,H,hsuff404,suff404,preferably help from: non-resident child,preferably help from: non-resident child,
033,H,hsuff405,suff405,preferably help from: non-resident other family,preferably help from: non-resident other family,
033,H,hsuff406,suff406,preferably help from: neighbours/friends/acquaintances,preferably help from: neighbours/friends/acquaintances,
033,H,hsuff407,suff407,preferably help from: volunteers,preferably help from: volunteers,
033,H,hsuff408,suff408,preferably help from: district nurse,preferably help from: district nurse,
033,H,hsuff409,suff409,preferably help from: elderly/home/alpha,preferably help from: elderly/home/alpha,
033,H,hsuff410,suff410,preferably help from: private,preferably help from: private,
033,H,hsuff411,suff411,preferably help from: personnel home/hospital,preferably help from: personnel home/hospital,
033,H,hsuff412,suff412,preferably help from: other,preferably help from: other,
033,H,hsuff413,suff413,preferably help from: nobody,preferably help from: nobody,
033,H,hsuffic,suffic,Respondent gets sufficient help,Respondent gets sufficient help,
033,H,hsuffic1,suffic1,insufficient help problem: too little help,insufficient help problem: too little help,
033,H,hsuffic2,suffic2,insufficient help problem: wrong kind of help,insufficient help problem: wrong kind of help,
033,H,hsuffic3,suffic3,insufficient help problem: help is not given properly,insufficient help problem: help is not given properly,
033,H,hsuffic4,suffic4,"insufficient help problem: preferably from someone else, namely..","insufficient help problem: preferably from someone else, namely..",
033,H,hsuffoth,suffoth,insufficient help problem: other,insufficient help problem: other,
033,3B,bdhelp01,dhelp01,domestic help R: partner,Help: partner,
033,3B,bdhelp02,dhelp02,domestic help R: resident child,Help: resident child,
033,3B,bdhelp03,dhelp03,domestic help R: resident other,Help: resident other,
033,3B,bdhelp04,dhelp04,domestic help R: non-resident child,Help: non-resident child,
033,3B,bdhelp05,dhelp05,domestic help R: non-resident other family,Help: non-resident other family,
033,3B,bdhelp06,dhelp06,domestic help R: neighbours/friends/acquaintances,Help: neighbours/friends/acquaintances,
033,3B,bdhelp07,dhelp07,domestic help R: volunteers,Help: volunteers,
033,3B,bdhelp08,dhelp08,domestic help R: district nurse,Help: district nurse,
033,3B,bdhelp09,dhelp09,domestic help R: elderly/home/alpha help,Help: elderly/home/alpha help,
033,3B,bdhelp10,dhelp10,domestic help R: private,Help: private,
033,3B,bdhelp11,dhelp11,domestic help R: personnel home/hospital,Help: personnel home/hospital,
033,3B,bdhelp12,dhelp12,domestic help R: other,Help: other,
033,3B,bdhelpyn,dhelpyn,Help R with domestic tasks Y/N,Help with domestic tasks Yes/No,
033,3B,bdhour01,dhour01,Hours domestic help R: partner,Hours help: partner,
033,3B,bdhour02,dhour02,Hours domestic help R: resident child,Hours help: resident child,
033,3B,bdhour03,dhour03,Hours domestic help R: resident other,Hours help: resident other,
033,3B,bdhour04,dhour04,Hours domestic help R: non-resident child,Hours help: non-resident child,
033,3B,bdhour05,dhour05,Hours domestic help R: non-resident other family,Hours help: non-resident other family,
033,3B,bdhour06,dhour06,Hours domestic help R: neighbours/friends/acquaintances,Hours help: neighbours/friends/acquaintances,
033,3B,bdhour07,dhour07,Hours domestic help R: volunteers,Hours help: volunteers,
033,3B,bdhour08,dhour08,Hours domestic help R: district nurse,Hours help: district nurse,
033,3B,bdhour09,dhour09,Hours domestic help R: elderly/home/alpha help,Hours help: elderly/home/alpha help,
033,3B,bdhour10,dhour10,Hours domestic help R: private help,Hours help: private help,
033,3B,bdhour11,dhour11,Hours domestic help R: personnel home/hospital,Hours help: personnel home/hospital,
033,3B,bdhour12,dhour12,Hours domestic help R: other,Hours help: other,
033,3B,bdhourtot,dhourtot,(calculated) Hours domestic help R: total,(calculated) Hours domestic help R: total,
033,3B,bhealth1,health1,Health problems limit normal activities,Health problems limit normal activities,
033,3B,bhealth2,health2,How long limitations,How long limitations,
033,3B,bhealth3,health3,Past month: days sick in bed,Past month: days sick in bed,
033,3B,bhealth4,health4,Past month: #days limited in activities,Past month: #days limited in activities,
033,3B,bnhelp01,nhelp01,nursing help R: partner,nursing help R: partner,
033,3B,bnhelp02,nhelp02,nursing help R: resident child,nursing help R: resident child,
033,3B,bnhelp03,nhelp03,nursing help R: resident other,nursing help R: resident other,
033,3B,bnhelp04,nhelp04,nursing help R: non-resident child,nursing help R: non-resident child,
033,3B,bnhelp05,nhelp05,nursing help R: non-resident other family,nursing help R: non-resident other family,
033,3B,bnhelp06,nhelp06,nursing help R: neighbours/friends/acquaintances,nursing help R: neighbours/friends/acquaintances,
033,3B,bnhelp07,nhelp07,nursing help R: volunteers,nursing help R: volunteers,
033,3B,bnhelp08,nhelp08,nursing help R: district nurse,nursing help R: district nurse,
033,3B,bnhelp09,nhelp09,nursing help R: elderly/home/alpha help,nursing help R: elderly/home/alpha,
033,3B,bnhelp10,nhelp10,nursing help R: private,nursing help R: private,
033,3B,bnhelp11,nhelp11,nursing help R: personnel home/hospital,nursing help R: personnel home/hospital,
033,3B,bnhelp12,nhelp12,nursing help R: other,nursing help R: other,
033,3B,bnhelpyn,nhelpyn,Help R with nursing tasks Y/N,Help R with nursing tasks Y/N,
033,3B,bnhour01,nhour01,Hours nursing help R: partner,Hours nursing help R: partner,
033,3B,bnhour02,nhour02,Hours nursing help R: resident child,Hours nursing help R: resident child,
033,3B,bnhour03,nhour03,Hours nursing help R: resident other,Hours nursing help R: resident other,
033,3B,bnhour04,nhour04,Hours nursing help R: non-resident child,Hours nursing help R: non-resident child,
033,3B,bnhour05,nhour05,Hours nursing help R: non-resident other family,Hours nursing help R: non-resident other family,
033,3B,bnhour06,nhour06,Hours nursing help R: neighbours/friends/acquaintances,Hours nursing help R: neighbours/friends/acquaintances,
033,3B,bnhour07,nhour07,Hours nursing help R: volunteers,Hours nursing help R: volunteers,
033,3B,bnhour08,nhour08,Hours nursing help R: district nurse,Hours nursing help R: district nurse,
033,3B,bnhour09,nhour09,Hours nursing help R: elderly/home/alpha help,Hours nursing help R: elderly/home/alpha,
033,3B,bnhour10,nhour10,Hours nursing help R: private help,Hours nursing help R: private,
033,3B,bnhour11,nhour11,Hours nursing help R: personnel home/hospital,Hours nursing help R: personnel home/hospital,
033,3B,bnhour12,nhour12,Hours nursing help R: other,Hours nursing help R: other,
033,3B,bnhourtot,nhourtot,(calculated) Hours nursing help R: total,(calculated) Hours nursing help R: total,
033,3B,bphelp01,phelp01,Help P: respondent,Helpp: respondent,
033,3B,bphelp02,phelp02,Help P: resident child,Helpp: resident child,
033,3B,bphelp03,phelp03,Help P: resident other,Helpp: resident other,
033,3B,bphelp04,phelp04,Help P: non-resident child,Helpp: non-resident child,
033,3B,bphelp05,phelp05,Help P: non-resident other family,Helpp: non-resident other family,
033,3B,bphelp06,phelp06,Help P: neighbours/friends/acquaintances,Helpp: neighbours/friends/acquaintances,
033,3B,bphelp07,phelp07,Help P: volunteers,Helpp: volunteers,
033,3B,bphelp08,phelp08,Help P: district nurse,Helpp: district nurse,
033,3B,bphelp09,phelp09,Help P: elderly/home/alpha help,Helpp: elderly/home/alpha help,
033,3B,bphelp10,phelp10,Help P: private,Helpp: private,
033,3B,bphelp11,phelp11,Help P: personnel home/hospital,Helpp: personnel home/hospital,
033,3B,bphelp12,phelp12,Help P: other,Helpp: other,
033,3B,bphelpyn,phelpyn,Help partner with personal care,Help partner with personal care,
033,3B,bphlp01b,phlp01b,Help P: burden for respondent,Help P: burden for respondent,
033,3B,bphlp01m,phlp01m,"Help P: respondent, start month","Help P: respondent, start month",
033,3B,bphlp01y,phlp01y,"Help P: respondent, start year","Help P: respondent, start year",
033,3B,bphour01,phour01,Hours help P: respondent,Hours helpp: respondent,
033,3B,bphour02,phour02,Hours help P: resident other,Hours helpp: resident other,
033,3B,bphour03,phour03,Hours help P: resident other,Hours helpp: resident other,
033,3B,bphour04,phour04,Hours help P: non-resident child,Hours helpp: non-resident child,
033,3B,bphour05,phour05,Hours help P: non-resident other family,Hours helpp: non-resident other family,
033,3B,bphour06,phour06,Hours help P: neighbours/friends/acquaintances,Hours helpp: neighbours/friends/acquaintances,
033,3B,bphour07,phour07,Hours help P: volunteers,Hours helpp: volunteers,
033,3B,bphour08,phour08,Hours help P: district nurse,Hours helpp: district nurse,
033,3B,bphour09,phour09,Hours help P: elderly/home/alpha help,Hours helpp: elderly/home/alpha help,
033,3B,bphour10,phour10,Hours help P: private,Hours helpp: private,
033,3B,bphour11,phour11,Hours help P: personnel home/hospital,Hours helpp: personnel home/hospital,
033,3B,bphour12,phour12,Hours help P: other,Hours helpp: other,
033,3B,bphourtot,phourtot,(calculated) Hours help P: total,(calculated) Hours help P: total,
033,3B,bregie1,regie1,control: to what extent can R determine who gives help,control: to what extent can R determine who gives help,
033,3B,bregie2,regie2,control: to what extent can R determine which help is given,control: to what extent can R determine which help is given,
033,3B,bregie3,regie3,control: to what extent can R determine when help is given,control: to what extent can R determine when help is given,
033,3B,bregie4,regie4,control: to what extent does R find it important to determine the caregiving,control: to what extent does R find it important to determine the caregiving,
033,3B,brhelp01,rhelp01,Help R: partner,Help R: partner,
033,3B,brhelp02,rhelp02,Help R: resident child,Help R: resident child,
033,3B,brhelp03,rhelp03,Help R: resident other,Help R: resident other,
033,3B,brhelp04,rhelp04,Help R: non-resident child,Help R: non-resident child,
033,3B,brhelp05,rhelp05,Help R: non-resident other family,Help R: non-resident other family,
033,3B,brhelp06,rhelp06,Help R: neighbours/friends/acquaintances,Help R: neighbours/friends/acquaintances,
033,3B,brhelp07,rhelp07,Help R: volunteers,Help R: volunteers,
033,3B,brhelp08,rhelp08,Help R: district nurse,Help R: district nurse,
033,3B,brhelp09,rhelp09,Help R: elderly/home/alpha help,Help R: elderly/home/alpha help,
033,3B,brhelp10,rhelp10,Help R: private,Help R: private,
033,3B,brhelp11,rhelp11,Help R: personnel home/hospital,Help R: personnel home/hospital,
033,3B,brhelp12,rhelp12,Help R: other,Help R: other,
033,3B,brhelpyn,rhelpyn,Help R with personal care Y/N,Help R with personal care Y/N,
033,3B,brhour01,rhour01,Hours help R: partner,Hours help R: partner,
033,3B,brhour02,rhour02,Hours help R: resident child,Hours help R: resident child,
033,3B,brhour03,rhour03,Hours help R: resident other,Hours help R: resident other,
033,3B,brhour04,rhour04,Hours help R: non-resident child,Hours help R: non-resident child,
033,3B,brhour05,rhour05,Hours help R: non-resident other family,Hours help R: non-resident other family,
033,3B,brhour06,rhour06,Hours help R: neighbours/friends/acquaintances,Hours help R: neighbours/friends/acquaintances,
033,3B,brhour07,rhour07,Hours help R: volunteers,Hours help R: volunteers,
033,3B,brhour08,rhour08,Hours help R: district nurse,Hours help R: district nurse,
033,3B,brhour09,rhour09,Hours help R: elderly/home/alpha help,Hours help R: elderly/home/alpha help,
033,3B,brhour10,rhour10,Hours help R: private,Hours help R: private,
033,3B,brhour11,rhour11,Hours help R: personnel home/hospital,Hours help R: personnel home/hospital,
033,3B,brhour12,rhour12,Hours help R: other,Hours help R: other,
033,3B,brhourtot,rhourtot,(calculated) Hours help R: total,(calculated) Hours help R: total,
033,3B,brsick01,rsick01,Sick: pers care by respondent,Sick: pers care by respondent,
033,3B,brsick02,rsick02,Sick: pers care by partner,Sick: pers care by partner,
033,3B,brsick03,rsick03,Sick: pers care by resident child,Sick: pers care by resident child,
033,3B,brsick04,rsick04,Sick: pers care by resident other,Sick: pers care by resident other,
033,3B,brsick05,rsick05,Sick: pers care by non-resident child,Sick: pers care by non-resident child,
033,3B,brsick06,rsick06,Sick: pers care by non-resident other family,Sick: pers care by non-resident other family,
033,3B,brsick07,rsick07,Sick: pers care by neighbours/friends/acquaintances,Sick: pers care by neighbours/friends/acquaintances,
033,3B,brsick08,rsick08,Sick: pers care by volunteers,Sick: pers care by volunteers,
033,3B,brsick09,rsick09,Sick: pers care by district nurse,Sick: pers care by district nurse,
033,3B,brsick10,rsick10,Sick: pers care by elderly/home/alpha help,Sick: pers care by elderly/home/alpha help,
033,3B,brsick11,rsick11,Sick: pers care by private help,Sick: pers care by private help,
033,3B,brsick12,rsick12,Sick: pers care by personnel home/hospital,Sick: pers care by personnel home/hospital,
033,3B,brsick13,rsick13,Sick: pers care by nobody,Sick: pers care by nobody,
033,3B,brsick14,rsick14,Sick: pers care by other,Sick: pers care by other,
033,3B,brsick15,rsick15,Sick: domestic care by respondent,Sick: domestic care by respondent,
033,3B,brsick16,rsick16,Sick: domestic care by partner,Sick: domestic care by partner,
033,3B,brsick17,rsick17,Sick: domestic care by resident child,Sick: domestic care by resident child,
033,3B,brsick18,rsick18,Sick: domestic care by resident other,Sick: domestic care by resident other,
033,3B,brsick19,rsick19,Sick: domestic care by non-resident child,Sick: domestic care by non-resident child,
033,3B,brsick20,rsick20,Sick: domestic care by non-resident family,Sick: domestic care by non-resident family,
033,3B,brsick21,rsick21,Sick: domestic care by neighbours/friends/acquaintances,Sick: domestic care by neighbours/friends/acquaintances,
033,3B,brsick22,rsick22,Sick: domestic care by volunteers,Sick: domestic care by volunteers,
033,3B,brsick23,rsick23,Sick: domestic care by district nurse,Sick: domestic care by district nurse,
033,3B,brsick24,rsick24,Sick: domestic care by elderly/home/alpha help,Sick: domestic care by elderly/home/alpha help,
033,3B,brsick25,rsick25,Sick: domestic care by private help,Sick: domestic care by private help,
033,3B,brsick26,rsick26,Sick: domestic care by personnel home/hospital,Sick: domestic care by personnel home/hospital,
033,3B,brsick27,rsick27,Sick: domestic care by nobody,Sick: domestic care by nobody,
033,3B,brsick28,rsick28,Sick: domestic care by other,Sick: domestic care by other,
033,3B,bsuff401,suff401,preferably help from: partner,preferably help from: partner,
033,3B,bsuff402,suff402,preferably help from: resident child,preferably help from: resident child,
033,3B,bsuff403,suff403,preferably help from: resident other,preferably help from: resident other,
033,3B,bsuff404,suff404,preferably help from: non-resident child,preferably help from: non-resident child,
033,3B,bsuff405,suff405,preferably help from: non-resident other family,preferably help from: non-resident other family,
033,3B,bsuff406,suff406,preferably help from: neighbours/friends/acquaintances,preferably help from: neighbours/friends/acquaintances,
033,3B,bsuff407,suff407,preferably help from: volunteers,preferably help from: volunteers,
033,3B,bsuff408,suff408,preferably help from: district nurse,preferably help from: district nurse,
033,3B,bsuff409,suff409,preferably help from: elderly/home/alpha,preferably help from: elderly/home/alpha,
033,3B,bsuff410,suff410,preferably help from: private,preferably help from: private,
033,3B,bsuff411,suff411,preferably help from: personnel home/hospital,preferably help from: personnel home/hospital,
033,3B,bsuff412,suff412,preferably help from: other,preferably help from: other,
033,3B,bsuff413,suff413,preferably help from: nobody,preferably help from: nobody,
033,3B,bsuffic,suffic,Respondent gets sufficient help,Respondent gets sufficient help,
033,3B,bsuffic1,suffic1,insufficient help problem: too little help,insufficient help problem: too little help,
033,3B,bsuffic2,suffic2,insufficient help problem: wrong kind of help,insufficient help problem: wrong kind of help,
033,3B,bsuffic3,suffic3,insufficient help problem: help is not given properly,insufficient help problem: help is not given properly,
033,3B,bsuffic4,suffic4,"insufficient help problem: preferably from someone else, namely..","insufficient help problem: preferably from someone else, namely..",
033,3B,bsuffoth,suffoth,insufficient help problem: other,insufficient help problem: other,
033,MB,bdhelp01,dhelp01,domestic help R: partner,Help: partner,
033,MB,bdhelp02,dhelp02,domestic help R: resident child,Help: resident child,
033,MB,bdhelp03,dhelp03,domestic help R: resident other,Help: resident other,
033,MB,bdhelp04,dhelp04,domestic help R: non-resident child,Help: non-resident child,
033,MB,bdhelp05,dhelp05,domestic help R: non-resident other family,Help: non-resident other family,
033,MB,bdhelp06,dhelp06,domestic help R: neighbrs/frnds/acquaint.,Help: neighbours/friends/acquaintances,
033,MB,bdhelp07,dhelp07,domestic help R: volunteers,Help: volunteers,
033,MB,bdhelp08,dhelp08,domestic help R: district nurse,Help: district nurse,
033,MB,bdhelp09,dhelp09,domestic help R: elderly/home/alpha help,Help: elderly/home/alpha help,
033,MB,bdhelp10,dhelp10,domestic help R: private,Help: private,
033,MB,bdhelp11,dhelp11,domestic help R: personnel home/hospital,Help: personnel home/hospital,
033,MB,bdhelp12,dhelp12,domestic help R: other,Help: other,
033,MB,bdhelpyn,dhelpyn,Help R with domestic tasks Y/N,Help with domestic tasks Yes/No,
033,MB,bdhour01,dhour01,Hours domestic help R: partner,Hours help: partner,
033,MB,bdhour02,dhour02,Hours domestic help R: resident child,Hours help: resident child,
033,MB,bdhour03,dhour03,Hours domestic help R: resident other,Hours help: resident other,
033,MB,bdhour04,dhour04,Hours domestic help R: non-resident child,Hours help: non-resident child,
033,MB,bdhour05,dhour05,Hours domestic help R: non-resident other family,Hours help: non-resident other family,
033,MB,bdhour06,dhour06,Hours domestic help R: neighbrs/frnds/acquaint.,Hours help: neighbours/friends/acquaintances,
033,MB,bdhour07,dhour07,Hours domestic help R: volunteers,Hours help: volunteers,
033,MB,bdhour08,dhour08,Hours domestic help R: district nurse,Hours help: district nurse,
033,MB,bdhour09,dhour09,Hours domestic help R: elderly/home/alpha,Hours help: elderly/home/alpha help,
033,MB,bdhour10,dhour10,Hours domestic help R: private,Hours help: private help,
033,MB,bdhour11,dhour11,Hours domestic help R: personnel home/hospital,Hours help: personnel home/hospital,
033,MB,bdhour12,dhour12,Hours domestic help R: other,Hours help: other,
033,MB,bdhourtot,dhourtot,(calculated) Hours domestic help R: total,(calculated) Hours domestic help R: total,
033,MB,bnhelp01,nhelp01,nursing help R: partner,nursing help R: partner,
033,MB,bnhelp02,nhelp02,nursing help R: resident child,nursing help R: resident child,
033,MB,bnhelp03,nhelp03,nursing help R: resident other,nursing help R: resident other,
033,MB,bnhelp04,nhelp04,nursing help R: non-resident child,nursing help R: non-resident child,
033,MB,bnhelp05,nhelp05,nursing help R: non-resident other family,nursing help R: non-resident other family,
033,MB,bnhelp06,nhelp06,nursing help R: neighbrs/frnds/acquaint.,nursing help R: neighbours/friends/acquaintances,
033,MB,bnhelp07,nhelp07,nursing help R: volunteers,nursing help R: volunteers,
033,MB,bnhelp08,nhelp08,nursing help R: district nurse,nursing help R: district nurse,
033,MB,bnhelp09,nhelp09,nursing help R: elderly/home/alpha,nursing help R: elderly/home/alpha,
033,MB,bnhelp10,nhelp10,nursing help R: private,nursing help R: private,
033,MB,bnhelp11,nhelp11,nursing help R: personnel home/hospital,nursing help R: personnel home/hospital,
033,MB,bnhelp12,nhelp12,nursing help R: other,nursing help R: other,
033,MB,bnhelpyn,nhelpyn,Help R with nursing tasks Y/N,Help R with nursing tasks Y/N,
033,MB,bnhour01,nhour01,Hours nursing help R: partner,Hours nursing help R: partner,
033,MB,bnhour02,nhour02,Hours nursing help R: resident child,Hours nursing help R: resident child,
033,MB,bnhour03,nhour03,Hours nursing help R: resident other,Hours nursing help R: resident other,
033,MB,bnhour04,nhour04,Hours nursing help R: non-resident child,Hours nursing help R: non-resident child,
033,MB,bnhour05,nhour05,Hours nursing help R: non-resident other family,Hours nursing help R: non-resident other family,
033,MB,bnhour06,nhour06,Hours nursing help R: neighbrs/frnds/acquaint.,Hours nursing help R: neighbours/friends/acquaintances,
033,MB,bnhour07,nhour07,Hours nursing help R: volunteers,Hours nursing help R: volunteers,
033,MB,bnhour08,nhour08,Hours nursing help R: district nurse,Hours nursing help R: district nurse,
033,MB,bnhour09,nhour09,Hours nursing help R: elderly/home/alpha,Hours nursing help R: elderly/home/alpha,
033,MB,bnhour10,nhour10,Hours nursing help R: private,Hours nursing help R: private,
033,MB,bnhour11,nhour11,Hours nursing help R: personnel home/hospital,Hours nursing help R: personnel home/hospital,
033,MB,bnhour12,nhour12,Hours nursing help R: other,Hours nursing help R: other,
033,MB,bnhourtot,nhourtot,(calculated) Hours nursing help R: total,(calculated) Hours nursing help R: total,
033,MB,bphelp01,phelp01,Help P: respondent,Helpp: respondent,
033,MB,bphelp02,phelp02,Help P: resident child,Helpp: resident child,
033,MB,bphelp03,phelp03,Help P: resident other,Helpp: resident other,
033,MB,bphelp04,phelp04,Help P: non-resident child,Helpp: non-resident child,
033,MB,bphelp05,phelp05,Help P: non-resident other family,Helpp: non-resident other family,
033,MB,bphelp06,phelp06,Help P: neighbours/friends/acquaintances,Helpp: neighbours/friends/acquaintances,
033,MB,bphelp07,phelp07,Help P: volunteers,Helpp: volunteers,
033,MB,bphelp08,phelp08,Help P: district nurse,Helpp: district nurse,
033,MB,bphelp09,phelp09,Help P: elderly/home/alpha,Helpp: elderly/home/alpha help,
033,MB,bphelp10,phelp10,Help P: private,Helpp: private,
033,MB,bphelp11,phelp11,Help P: personnel home/hospital,Helpp: personnel home/hospital,
033,MB,bphelp12,phelp12,Help P: other,Helpp: other,
033,MB,bphelpyn,phelpyn,Help partner with personal care,Help partner with personal care,
033,MB,bphour01,phour01,Hours help P: respondent,Hours helpp: respondent,
033,MB,bphour02,phour02,Hours help P: resident other,Hours helpp: resident other,
033,MB,bphour03,phour03,Hours help P: resident other,Hours helpp: resident other,
033,MB,bphour04,phour04,Hours help P: non-resident child,Hours helpp: non-resident child,
033,MB,bphour05,phour05,Hours help P: non-resident other family,Hours helpp: non-resident other family,
033,MB,bphour06,phour06,Hours help P: neighbours/friends/acquaintances,Hours helpp: neighbours/friends/acquaintances,
033,MB,bphour07,phour07,Hours help P: volunteers,Hours helpp: volunteers,
033,MB,bphour08,phour08,Hours help P: district nurse,Hours helpp: district nurse,
033,MB,bphour09,phour09,Hours help P: elderly/home/alpha,Hours helpp: elderly/home/alpha help,
033,MB,bphour10,phour10,Hours help P: private,Hours helpp: private,
033,MB,bphour11,phour11,Hours help P: personnel home/hospital,Hours helpp: personnel home/hospital,
033,MB,bphour12,phour12,Hours help P: other,Hours helpp: other,
033,MB,bphourtot,phourtot,(calculated) Hours help P: total,(calculated) Hours help P: total,
033,MB,bregie1,regie1,control: to what extent can R determine who gives help,control: to what extent can R determine who gives help,
033,MB,bregie2,regie2,control: to what extent can R determine which help is given,control: to what extent can R determine which help is given,
033,MB,bregie3,regie3,control: to what extent can R determine when help is given,control: to what extent can R determine when help is given,
033,MB,bregie4,regie4,control: to what extent does R find it important to determine the caregiving,control: to what extent does R find it important to determine the caregiving,
033,MB,brhelp01,rhelp01,Help R: partner,Help R: partner,
033,MB,brhelp02,rhelp02,Help R: resident child,Help R: resident child,
033,MB,brhelp03,rhelp03,Help R: resident other,Help R: resident other,
033,MB,brhelp04,rhelp04,Help R: non-resident child,Help R: non-resident child,
033,MB,brhelp05,rhelp05,Help R: non-resident other family,Help R: non-resident other family,
033,MB,brhelp06,rhelp06,Help R: neighbours/friends/acquaintances,Help R: neighbours/friends/acquaintances,
033,MB,brhelp07,rhelp07,Help R: volunteers,Help R: volunteers,
033,MB,brhelp08,rhelp08,Help R: district nurse,Help R: district nurse,
033,MB,brhelp09,rhelp09,Help R: elderly/home/alpha,Help R: elderly/home/alpha help,
033,MB,brhelp10,rhelp10,Help R: private,Help R: private,
033,MB,brhelp11,rhelp11,Help R: personnel home/hospital,Help R: personnel home/hospital,
033,MB,brhelp12,rhelp12,Help R: other,Help R: other,
033,MB,brhelpyn,rhelpyn,Help R with personal care Y/N,Help R with personal care Y/N,
033,MB,brhour01,rhour01,Hours help R: partner,Hours help R: partner,
033,MB,brhour02,rhour02,Hours help R: resident child,Hours help R: resident child,
033,MB,brhour03,rhour03,Hours help R: resident other,Hours help R: resident other,
033,MB,brhour04,rhour04,Hours help R: non-resident child,Hours help R: non-resident child,
033,MB,brhour05,rhour05,Hours help R: non-resident other family,Hours help R: non-resident other family,
033,MB,brhour06,rhour06,Hours help R: neighbours/friends/acquaintances,Hours help R: neighbours/friends/acquaintances,
033,MB,brhour07,rhour07,Hours help R: volunteers,Hours help R: volunteers,
033,MB,brhour08,rhour08,Hours help R: district nurse,Hours help R: district nurse,
033,MB,brhour09,rhour09,Hours help R: elderly/home/alpha,Hours help R: elderly/home/alpha help,
033,MB,brhour10,rhour10,Hours help R: private,Hours help R: private,
033,MB,brhour11,rhour11,Hours help R: personnel home/hospital,Hours help R: personnel home/hospital,
033,MB,brhour12,rhour12,Hours help R: other,Hours help R: other,
033,MB,brhourtot,rhourtot,(calculated) Hours help R: total,(calculated) Hours help R: total,
033,MB,bsuff401,suff401,preferably help from: partner,preferably help from: partner,
033,MB,bsuff402,suff402,preferably help from: resident child,preferably help from: resident child,
033,MB,bsuff403,suff403,preferably help from: resident other,preferably help from: resident other,
033,MB,bsuff404,suff404,preferably help from: non-resident child,preferably help from: non-resident child,
033,MB,bsuff405,suff405,preferably help from: non-resident other family,preferably help from: non-resident other family,
033,MB,bsuff406,suff406,preferably help from: neighbrs/frnds/acquaint.,preferably help from: neighbours/friends/acquaintances,
033,MB,bsuff407,suff407,preferably help from: volunteers,preferably help from: volunteers,
033,MB,bsuff408,suff408,preferably help from: district nurse,preferably help from: district nurse,
033,MB,bsuff409,suff409,preferably help from: elderly/home/alpha,preferably help from: elderly/home/alpha,
033,MB,bsuff410,suff410,preferably help from: private,preferably help from: private,
033,MB,bsuff411,suff411,preferably help from: personnel home/hospital,preferably help from: personnel home/hospital,
033,MB,bsuff412,suff412,preferably help from: other,preferably help from: other,
033,MB,bsuff413,suff413,preferably help from: nobody,preferably help from: nobody,
033,MB,bsuffic,suffic,Respondent gets sufficient help,Respondent gets sufficient help,
033,MB,bsuffic1,suffic1,insufficient help problem: too little help,insufficient help problem: too little help,
033,MB,bsuffic2,suffic2,insufficient help problem: wrong kind of help,insufficient help problem: wrong kind of help,
033,MB,bsuffic3,suffic3,insufficient help problem: help is not given properly,insufficient help problem: help is not given properly,
033,MB,bsuffic4,suffic4,"insufficient help problem: preferably from someone else, namely..","insufficient help problem: preferably from someone else, namely..",
033,I,iahelp01,ahelp01,admin help R: partner,Administrative help R: partner,
033,I,iahelp02,ahelp02,admin help R: resident child,admin help R: resident child,
033,I,iahelp03,ahelp03,admin help R: resident other,Administrative help R: resident other,
033,I,iahelp04,ahelp04,admin help R: non-resident child,admin help R: non-resident child,
033,I,iahelp05,ahelp05,admin help R: non-resident other family,Administrative help R: non-resident other family,
033,I,iahelp06A,ahelp06a,admin help R: neighbours,Administrative help R: neighbours,
033,I,iahelp06B,ahelp06b,Admin help R: friends/acquaintances,Administrative help R: friends/acquaintances,
033,I,iahelp07,ahelp07,admin help R: volunteers,Administrative help R: volunteers,
033,I,iahelp08,ahelp08,admin help R: district nurse,Administrative help R: district nurse,
033,I,iahelp09,ahelp09,admin help R: elderly/home/alpha,Administrative help R: elderly/home/alpha,
033,I,iahelp10,ahelp10,admin help R: private,Administrative help R: private,
033,I,iahelp11,ahelp11,admin help R: personnel home/hospital,Administrative help R: personnel home/hospital,
033,I,iahelp12,ahelp12,admin help R: other,Administrative help R: other,
033,I,iahelpyn,ahelpyn,Help R with admin tasks Y/N,Help R with administration Y/N,
033,I,iahour01,ahour01,Hours admin help R: partner,Hours administrative help R: partner,
033,I,iahour02,ahour02,Hours admin help R: resident child,Hours admin help R: resident child,
033,I,iahour03,ahour03,Hours admin help R: resident other,Hours administrative help R: resident other,
033,I,iahour04,ahour04,Hours admin help R: non-resident child,Hours admin help R: non-resident child,
033,I,iahour05,ahour05,Hours admin help R: non-resident oth.family,Hours administrative help R: non-resident other family,
033,I,iahour06A,ahour06a,Hours admin help R: neighbours,Hours administrative help R: neighbours,
033,I,iahour06B,ahour06b,Hours admin help R: friends/acquaintances,Hours administrative help R: friends/acquaintances,
033,I,iahour07,ahour07,Hours admin help R: volunteers,Hours administrative help R: volunteers,
033,I,iahour08,ahour08,Hours admin help R: district nurse,Hours administrative help R: district nurse,
033,I,iahour09,ahour09,Hours admin help R: elderly/home/alpha,Hours administrative help R: elderly/home/alpha,
033,I,iahour10,ahour10,Hours admin help R: private help,Hours administrative help R: private,
033,I,iahour11,ahour11,Hours admin help R: person. home/hospital,Hours administrative help R: personnel home/hospital,
033,I,iahour12,ahour12,Hours admin help R: other,Hours administrative help R: other,
033,I,iahourtot,ahourtot,(calculated) Hours admin help R: total,(calculated) Hours administrative help R: total,
033,I,idhelp01,dhelp01,domestic help R: partner,Help: partner,
033,I,idhelp02,dhelp02,domestic help R: resident child,Help: resident child,
033,I,idhelp03,dhelp03,domestic help R: resident other,Help: resident other,
033,I,idhelp04,dhelp04,domestic help R: non-resident child,Help: non-resident child,
033,I,idhelp05,dhelp05,domestic help R: non-resident other family,Help: non-resident other family,
033,I,idhelp06A,dhelp06a,domestic help R: neighbours,domestic help R: neighbours,
033,I,idhelp06B,dhelp06b,Domestic help: friends/acquaintances,domestic help: friends/acquaintances,
033,I,idhelp07,dhelp07,domestic help R: volunteers,Help: volunteers,
033,I,idhelp08,dhelp08,domestic help R: district nurse,Help: district nurse,
033,I,idhelp09,dhelp09,domestic help R: elderly/home/alpha help,Help: elderly/home/alpha help,
033,I,idhelp10,dhelp10,domestic help R: private,Help: private,
033,I,idhelp11,dhelp11,domestic help R: personnel home/hospital,Help: personnel home/hospital,
033,I,idhelp12,dhelp12,domestic help R: other,Help: other,
033,I,idhelpyn,dhelpyn,Help R with domestic tasks Y/N,Help with domestic tasks Yes/No,
033,I,idhour01,dhour01,Hours domestic help R: partner,Hours help: partner,
033,I,idhour02,dhour02,Hours domestic help R: resident child,Hours help: resident child,
033,I,idhour03,dhour03,Hours domestic help R: resident other,Hours help: resident other,
033,I,idhour04,dhour04,Hours domestic help R: non-resident child,Hours help: non-resident child,
033,I,idhour05,dhour05,Hours domestic help R: non-resident other family,Hours help: non-resident other family,
033,I,idhour06A,dhour06a,Hours domestic help R: neighbours,Hours domestic help R: neighbours,
033,I,idhour06B,dhour06b,Hours domestic help: friends/acquaintances,Hours domestic help: friends/acquaintances,
033,I,idhour07,dhour07,Hours domestic help R: volunteers,Hours help: volunteers,
033,I,idhour08,dhour08,Hours domestic help R: district nurse,Hours help: district nurse,
033,I,idhour09,dhour09,Hours domestic help R: elderly/home/alpha,Hours help: elderly/home/alpha help,
033,I,idhour10,dhour10,Hours domestic help R: private help,Hours help: private help,
033,I,idhour11,dhour11,Hours domestic help R: personnel home/hospital,Hours help: personnel home/hospital,
033,I,idhour12,dhour12,Hours domestic help R: other,Hours help: other,
033,I,idhourtot,dhourtot,(calculated) Hours domestic help R: total,(calculated) Hours domestic help R: total,
033,I,ighelp01,ghelp01,guidance help R: partner,guidance help R: partner,
033,I,ighelp02,ghelp02,guidance help R: resident child,guidance help R: resident child,
033,I,ighelp03,ghelp03,guidance help R: resident other,guidance help R: resident other,
033,I,ighelp04,ghelp04,guidance help R: non-resident child,guidance help R: non-resident child,
033,I,ighelp05,ghelp05,guidance help R: non-resident other family,guidance help R: non-resident other family,
033,I,ighelp06A,ghelp06a,guidance help R: neighbours,guidance help R: neighbours,
033,I,ighelp06B,ghelp06b,Guidance help R: friends/acquaintances,Guidance help R: friends/acquaintances,
033,I,ighelp07,ghelp07,guidance help R: volunteers,guidance help R: volunteers,
033,I,ighelp08,ghelp08,guidance help R: district nurse,guidance help R: district nurse,
033,I,ighelp09,ghelp09,guidance help R: elderly/home/alpha help,guidance help R: elderly/home/alpha,
033,I,ighelp10,ghelp10,guidance help R: private,guidance help R: private,
033,I,ighelp11,ghelp11,guidance help R: personnel home/hospital,guidance help R: personnel home/hospital,
033,I,ighelp12,ghelp12,guidance help R: other,guidance help R: other,
033,I,ighelpyn,ghelpyn,Help R with guidance tasks Y/N,Help R with guidance tasks Y/N,
033,I,ighour01,ghour01,Hours guidance help R: partner,Hours guidance help R: partner,
033,I,ighour02,ghour02,Hours guidance help R: resident child,Hours guidance help R: resident child,
033,I,ighour03,ghour03,Hours guidance help R: resident other,Hours guidance help R: resident other,
033,I,ighour04,ghour04,Hours guidance help R: non-resident child,Hours guidance help R: non-resident child,
033,I,ighour05,ghour05,Hours guidance help R: non-resident other family,Hours guidance help R: non-resident other family,
033,I,ighour06A,ghour06a,Hours guidance help R: neighbours,Hours guidance help R: neighbours,
033,I,ighour06B,ghour06b,Hours guidance help R: friends/acquaint.,Hours guidance help R: friends/acquaintances,
033,I,ighour07,ghour07,Hours guidance help R: volunteers,Hours guidance help R: volunteers,
033,I,ighour08,ghour08,Hours guidance help R: district nurse,Hours guidance help R: district nurse,
033,I,ighour09,ghour09,Hours guidance help R: elderly/home/alpha,Hours guidance help R: elderly/home/alpha,
033,I,ighour10,ghour10,Hours guidance help R: private help,Hours guidance help R: private help,
033,I,ighour11,ghour11,Hours guidance help R: personn home/hosp,Hours guidance help R: personnel home/hospital,
033,I,ighour12,ghour12,Hours guidance help R: other,Hours guidance help R: other,
033,I,ighourtot,ghourtot,(calculated) Hours guidance help R: total,(calculated) Hours guidance help R: total,
033,I,ihealth1,health1,Health problems limit normal activities,Health problems limit normal activities,
033,I,ihealth2,health2,How long limitations,How long limitations,
033,I,ihealth3,health3,Past month: days sick in bed,Past month: days sick in bed,
033,I,ihealth4,health4,Past month: #days limited in activities,Past month: #days limited in activities,
033,I,ihhnic,hhnic,number of diff. persons help at home: informal carers,Number of different persons help at home: informal carers,
033,I,ihhnprof,hhnprof,nr of diff persons help at home: professionals,Number of different persons help at home: professionals,
033,I,ihhnvol,hhnvol,nr of diff persons help at home: volunteers,Number of different persons help at home: volunteers,
033,I,ihn1,hn1,Help needs: domestic tasks,Help needs: with domestic tasks,
033,I,ihn2,hn2,Help needs: personal care,Help needs: with personal care,
033,I,ihn3,hn3,Help needs: nursing,Help needs: with nursing,
033,I,ihn4,hn4,Help needs: guidance,Help needs: with guidance,
033,I,ihn5,hn5,Help needs: with mental complaints,Help needs: with mental complaints,
033,I,ihn6,hn6,Help needs: with physical complaints,Help needs: with physical complaints,
033,I,inhelp01,nhelp01,nursing help R: partner,nursing help R: partner,
033,I,inhelp02,nhelp02,nursing help R: resident child,nursing help R: resident child,
033,I,inhelp03,nhelp03,nursing help R: resident other,nursing help R: resident other,
033,I,inhelp04,nhelp04,nursing help R: non-resident child,nursing help R: non-resident child,
033,I,inhelp05,nhelp05,nursing help R: non-resident other family,nursing help R: non-resident other family,
033,I,inhelp06A,nhelp06a,nursing help R: neighbours,nursing help R: neighbours,
033,I,inhelp06B,nhelp06b,nursing help R: friends/acquaintances,Nursing help R: friends/acquaintances,
033,I,inhelp07,nhelp07,nursing help R: volunteers,nursing help R: volunteers,
033,I,inhelp08,nhelp08,nursing help R: district nurse,nursing help R: district nurse,
033,I,inhelp09,nhelp09,nursing help R: elderly/home/alpha help,nursing help R: elderly/home/alpha,
033,I,inhelp10,nhelp10,nursing help R: private,nursing help R: private,
033,I,inhelp11,nhelp11,nursing help R: personnel home/hospital,nursing help R: personnel home/hospital,
033,I,inhelp12,nhelp12,nursing help R: other,nursing help R: other,
033,I,inhelpyn,nhelpyn,Help R with nursing tasks Y/N,Help R with nursing tasks Y/N,
033,I,inhour01,nhour01,Hours nursing help R: partner,Hours nursing help R: partner,
033,I,inhour02,nhour02,Hours nursing help R: resident child,Hours nursing help R: resident child,
033,I,inhour03,nhour03,Hours nursing help R: resident other,Hours nursing help R: resident other,
033,I,inhour04,nhour04,Hours nursing help R: non-resident child,Hours nursing help R: non-resident child,
033,I,inhour05,nhour05,Hours nursing help R: non-resident other family,Hours nursing help R: non-resident other family,
033,I,inhour06A,nhour06a,Hours nursing help R: neighbours,Hours nursing help R: neighbours,
033,I,inhour06B,nhour06b,Hours nursing help R: friends/acquaintances,Hours nursing help R: friends/acquaintances,
033,I,inhour07,nhour07,Hours nursing help R: volunteers,Hours nursing help R: volunteers,
033,I,inhour08,nhour08,Hours nursing help R: district nurse,Hours nursing help R: district nurse,
033,I,inhour09,nhour09,Hours nursing help R: elderly/home/alpha,Hours nursing help R: elderly/home/alpha,
033,I,inhour10,nhour10,Hours nursing help R: private help,Hours nursing help R: private,
033,I,inhour11,nhour11,Hours nursing help R: personnel home/hospital,Hours nursing help R: personnel home/hospital,
033,I,inhour12,nhour12,Hours nursing help R: other,Hours nursing help R: other,
033,I,inhourtot,nhourtot,(calculated) Hours nursing help R: total,(calculated) Hours nursing help R: total,
033,I,iphelp01,phelp01,Help P: respondent,Helpp: respondent,
033,I,iphelp02,phelp02,Help P: resident child,Helpp: resident child,
033,I,iphelp03,phelp03,Help P: resident other,Helpp: resident other,
033,I,iphelp04,phelp04,Help P: non-resident child,Helpp: non-resident child,
033,I,iphelp05,phelp05,Help P: non-resident other family,Helpp: non-resident other family,
033,I,iphelp06A,phelp06a,Help P: neighbours,Help P: neighbours,
033,I,iphelp06B,phelp06b,Help P: friends/acquaintances,Help P: friends/acquaintances,
033,I,iphelp07,phelp07,Help P: volunteers,Helpp: volunteers,
033,I,iphelp08,phelp08,Help P: district nurse,Helpp: district nurse,
033,I,iphelp09,phelp09,Help P: elderly/home/alpha help,Helpp: elderly/home/alpha help,
033,I,iphelp10,phelp10,Help P: private,Helpp: private,
033,I,iphelp11,phelp11,Help P: personnel home/hospital,Helpp: personnel home/hospital,
033,I,iphelp12,phelp12,Help P: other,Helpp: other,
033,I,iphelpyn,phelpyn,Help partner with personal care,Help partner with personal care,
033,I,iphlp01b,phlp01b,Help P: burden for respondent,Help P: burden for respondent,
033,I,iphlp01m,phlp01m,"Help P: respondent, start month","Help P: respondent, start month",
033,I,iphlp01y,phlp01y,"Help P: respondent, start year","Help P: respondent, start year",
033,I,iphour01,phour01,Hours help P: respondent,Hours helpp: respondent,
033,I,iphour02,phour02,Hours help P: resident child,Hours helpp: resident other,
033,I,iphour03,phour03,Hours help P: resident other,Hours helpp: resident other,
033,I,iphour04,phour04,Hours help P: non-resident child,Hours helpp: non-resident child,
033,I,iphour05,phour05,Hours help P: non-resident other family,Hours helpp: non-resident other family,
033,I,iphour06A,phour06a,Hours help P: neighbours,Hours help P: neighbours,
033,I,iphour06B,phour06b,Hours help P : friends/acquaintances,Hours help P : friends/acquaintances,
033,I,iphour07,phour07,Hours help P: volunteers,Hours helpp: volunteers,
033,I,iphour08,phour08,Hours help P: district nurse,Hours helpp: district nurse,
033,I,iphour09,phour09,Hours help P: elderly/home/alpha help,Hours helpp: elderly/home/alpha help,
033,I,iphour10,phour10,Hours help P: private,Hours helpp: private,
033,I,iphour11,phour11,Hours help P: personnel home/hospital,Hours helpp: personnel home/hospital,
033,I,iphour12,phour12,Hours help P: other,Hours helpp: other,
033,I,iphourtot,phourtot,(calculated) Hours help P: total,(calculated) Hours help P: total,
033,I,iregie1,regie1,control: to what extent can R determine who gives help,control: to what extent can R determine who gives help,
033,I,iregie2,regie2,control: to what extent can R determine which help is given,control: to what extent can R determine which help is given,
033,I,iregie3,regie3,control: to what extent can R determine when help is given,control: to what extent can R determine when help is given,
033,I,iregie4,regie4,control: to what extent does R find it important to determine the caregiving,control: to what extent does R find it important to determine the caregiving,
033,I,irhelp01,rhelp01,Help R: partner,Help R: partner,
033,I,irhelp02,rhelp02,Help R: resident child,Help R: resident child,
033,I,irhelp03,rhelp03,Help R: resident other,Help R: resident other,
033,I,irhelp04,rhelp04,Help R: non-resident child,Help R: non-resident child,
033,I,irhelp05,rhelp05,Help R: non-resident other family,Help R: non-resident other family,
033,I,irhelp06A,rhelp06a,Help R: neighbours,Help R: neighbours,
033,I,irhelp06B,rhelp06b,Help R: friends / acquaintances,Help R: friends / acquaintances,
033,I,irhelp07,rhelp07,Help R: volunteers,Help R: volunteers,
033,I,irhelp08,rhelp08,Help R: district nurse,Help R: district nurse,
033,I,irhelp09,rhelp09,Help R: elderly/home/alpha help,Help R: elderly/home/alpha help,
033,I,irhelp10,rhelp10,Help R: private,Help R: private,
033,I,irhelp11,rhelp11,Help R: personnel home/hospital,Help R: personnel home/hospital,
033,I,irhelp12,rhelp12,Help R: other,Help R: other,
033,I,irhelpyn,rhelpyn,Help R with personal care Y/N,Help R with personal care Y/N,
033,I,irhour01,rhour01,Hours help R: partner,Hours help R: partner,
033,I,irhour02,rhour02,Hours help R: resident child,Hours help R: resident child,
033,I,irhour03,rhour03,Hours help R: resident other,Hours help R: resident other,
033,I,irhour04,rhour04,Hours help R: non-resident child,Hours help R: non-resident child,
033,I,irhour05,rhour05,Hours help R: non-resident other family,Hours help R: non-resident other family,
033,I,irhour06A,rhour06a,Hours help R: neighbour,Hours help R: neighbours,
033,I,irhour06B,rhour06b,Hours help R: friends/acquaintances,Hours help R: friends/acquaintances,
033,I,irhour07,rhour07,Hours help R: volunteers,Hours help R: volunteers,
033,I,irhour08,rhour08,Hours help R: district nurse,Hours help R: district nurse,
033,I,irhour09,rhour09,Hours help R: elderly/home/alpha help,Hours help R: elderly/home/alpha help,
033,I,irhour10,rhour10,Hours help R: private,Hours help R: private,
033,I,irhour11,rhour11,Hours help R: personnel home/hospital,Hours help R: personnel home/hospital,
033,I,irhour12,rhour12,Hours help R: other,Hours help R: other,
033,I,irhourtot,rhourtot,(calculated) Hours help R: total,(calculated) Hours help R: total,
033,I,irsick01,rsick01,Sick: pers care by respondent,Sick: pers care by respondent,
033,I,irsick02,rsick02,Sick: pers care by partner,Sick: pers care by partner,
033,I,irsick03,rsick03,Sick: pers care by resident child,Sick: pers care by resident child,
033,I,irsick04,rsick04,Sick: pers care by resident other,Sick: pers care by resident other,
033,I,irsick05,rsick05,Sick: pers care by non-resident child,Sick: pers care by non-resident child,
033,I,irsick06,rsick06,Sick: pers care by non-resident other family,Sick: pers care by non-resident other family,
033,I,irsick07A,rsick07a,Sick: pers care by neighbours,Sick: pers care by neighbours,
033,I,irsick07B,rsick07b,Sick: pers care by friends/acquaintances,Sick: pers care by friends/acquaintances,
033,I,irsick08,rsick08,Sick: pers care by volunteers,Sick: pers care by volunteers,
033,I,irsick09,rsick09,Sick: pers care by district nurse,Sick: pers care by district nurse,
033,I,irsick10,rsick10,Sick: pers care by elderly/home/alpha help,Sick: pers care by elderly/home/alpha help,
033,I,irsick11,rsick11,Sick: pers care by private help,Sick: pers care by private help,
033,I,irsick12,rsick12,Sick: pers care by personnel home/hospital,Sick: pers care by personnel home/hospital,
033,I,irsick13,rsick13,Sick: pers care by nobody,Sick: pers care by nobody,
033,I,irsick14A,rsick14a,Sick: pers care by other,Sick: pers care by other,
033,I,irsick14B,rsick14b,Sick: does not know by whom,Sick: does not know by whom,
033,I,irsick15,rsick15,Sick: domestic care by respondent,Sick: domestic care by respondent,
033,I,irsick16,rsick16,Sick: domestic care by partner,Sick: domestic care by partner,
033,I,irsick17,rsick17,Sick: domestic care by resident child,Sick: domestic care by resident child,
033,I,irsick18,rsick18,Sick: domestic care by resident other,Sick: domestic care by resident other,
033,I,irsick19,rsick19,Sick: domestic care by non-resident child,Sick: domestic care by non-resident child,
033,I,irsick20,rsick20,Sick: domestic care by non-resident family,Sick: domestic care by non-resident family,
033,I,irsick21A,rsick21a,Sick: domestic care by neighbours,Sick: domestic care by neighbours,
033,I,irsick21B,rsick21b,Sick: friends/acquaintances,Sick: friends/acquaintances,
033,I,irsick22,rsick22,Sick: domestic care by volunteers,Sick: domestic care by volunteers,
033,I,irsick23,rsick23,Sick: domestic care by district nurse,Sick: domestic care by district nurse,
033,I,irsick24,rsick24,Sick: domestic care by elderly/home/alpha,Sick: domestic care by elderly/home/alpha help,
033,I,irsick25,rsick25,Sick: domestic care by private help,Sick: domestic care by private help,
033,I,irsick26,rsick26,Sick: domestic care by personnel home/hospital,Sick: domestic care by personnel home/hospital,
033,I,irsick27,rsick27,Sick: domestic care by nobody,Sick: domestic care by nobody,
033,I,irsick28A,rsick28a,Sick: domestic care by other,Sick: domestic care by other,
033,I,irsick28B,rsick28b,Sick: does not know by whom,Sick: does not know by whom,
033,I,isuffic,suffic,Respondent gets sufficient help,Respondent gets sufficient help,
033,J,jahelp01,ahelp01,Administrative help R: partner,Administrative help R: partner,
033,J,jahelp02A,ahelp02a,Administrative help R: resident child,Administrative help R: resident child,
033,J,jahelp02B,ahelp02b,Administrative help R: resident child-in-law,Administrative help R: resident child-in-law,
033,J,jahelp03,ahelp03,Administrative help R: resident other,Administrative help R: resident other,
033,J,jahelp04A,ahelp04a,Administrative help R: non-resident child,Administrative help R: non-resident child,
033,J,jahelp04B,ahelp04b,Administrative help R: non-resident child-in-law,Administrative help R: non-resident child-in-law,
033,J,jahelp05,ahelp05,Administrative help R: non-resident other family,Administrative help R: non-resident other family,
033,J,jahelp06A,ahelp06a,Administrative help R: neighbours,Administrative help R: neighbours,
033,J,jahelp06B,ahelp06b,Administrative help R: friends/acquaintances,Administrative help R: friends/acquaintances,
033,J,jahelp07,ahelp07,Administrative help R: volunteers,Administrative help R: volunteers,
033,J,jahelp08,ahelp08,Administrative help R: district nurse,Administrative help R: district nurse,
033,J,jahelp09,ahelp09,Administrative help R: elderly/home/alpha,Administrative help R: elderly/home/alpha,
033,J,jahelp10,ahelp10,Administrative help R: private,Administrative help R: private,
033,J,jahelp11,ahelp11,Administrative help R: personnel home/hospital,Administrative help R: personnel home/hospital,
033,J,jahelp12,ahelp12,Administrative help R: other,Administrative help R: other,
033,J,jahelpyn,ahelpyn,Help R with administration Y/N,Help R with administration Y/N,
033,J,jahour01,ahour01,Hours administrative help R: partner,Hours administrative help R: partner,
033,J,jahour02A,ahour02a,Hours administrative help R: resident child,Hours administrative help R: resident child,
033,J,jahour02B,ahour02b,Hours administrative help R: resident child-in-law,Hours administrative help R: resident child-in-law,
033,J,jahour03,ahour03,Hours administrative help R: resident other,Hours administrative help R: resident other,
033,J,jahour04A,ahour04a,Hours administrative help R: non-resident child,Hours administrative help R: non-resident child,
033,J,jahour04B,ahour04b,Hours administrative help R: non-resident child-in-law,Hours administrative help R: non-resident child-in-law,
033,J,jahour05,ahour05,Hours administrative help R: non-resident other family,Hours administrative help R: non-resident other family,
033,J,jahour06A,ahour06a,Hours administrative help R: neighbours,Hours administrative help R: neighbours,
033,J,jahour06B,ahour06b,Hours administrative help R: friends/acquaintances,Hours administrative help R: friends/acquaintances,
033,J,jahour07,ahour07,Hours administrative help R: volunteers,Hours administrative help R: volunteers,
033,J,jahour08,ahour08,Hours administrative help R: district nurse,Hours administrative help R: district nurse,
033,J,jahour09,ahour09,Hours administrative help R: elderly/home/alpha,Hours administrative help R: elderly/home/alpha,
033,J,jahour10,ahour10,Hours administrative help R: private,Hours administrative help R: private,
033,J,jahour11,ahour11,Hours administrative help R: personnel home/hospital,Hours administrative help R: personnel home/hospital,
033,J,jahour12,ahour12,Hours administrative help R: other,Hours administrative help R: other,
033,J,jahourtot,ahourtot,(calculated) Hours administrative help R: total,(calculated) Hours administrative help R: total,
033,J,jdhelp01,dhelp01,domestic help R: partner,Help: partner,
033,J,jdhelp02A,dhelp02a,domestic help R: resident child,domestic help R: resident child,
033,J,jdhelp02B,dhelp02b,domestic help R: resident child-in-law,domestic help R: resident child-in-law,
033,J,jdhelp03,dhelp03,domestic help R: resident other,Help: resident other,
033,J,jdhelp04A,dhelp04a,domestic help R: non-resident child,domestic help R: non-resident child,
033,J,jdhelp04B,dhelp04b,domestic help R: non-resident child-in-law,domestic help R: non-resident child-in-law,
033,J,jdhelp05,dhelp05,domestic help R: non-resident other family,Help: non-resident other family,
033,J,jdhelp06A,dhelp06a,domestic help R: neighbours,domestic help R: neighbours,
033,J,jdhelp06B,dhelp06b,domestic help: friends/acquaintances,domestic help: friends/acquaintances,
033,J,jdhelp07,dhelp07,domestic help R: volunteers,Help: volunteers,
033,J,jdhelp08,dhelp08,domestic help R: district nurse,Help: district nurse,
033,J,jdhelp09,dhelp09,domestic help R: elderly/home/alpha,Help: elderly/home/alpha help,
033,J,jdhelp10,dhelp10,domestic help R: private,Help: private,
033,J,jdhelp11,dhelp11,domestic help R: personnel home/hospital,Help: personnel home/hospital,
033,J,jdhelp12,dhelp12,domestic help R: other,Help: other,
033,J,jdhelpyn,dhelpyn,Help R with domestic tasks Y/N,Help with domestic tasks Yes/No,
033,J,jdhour01,dhour01,Hours domestic help R: partner,Hours help: partner,
033,J,jdhour02A,dhour02a,Hours domestic help R: resident child,Hours domestic help R: resident child,
033,J,jdhour02B,dhour02b,Hours domestic help R: resident child-in-law,Hours domestic help R: resident child-in-law,
033,J,jdhour03,dhour03,Hours domestic help R: resident other,Hours help: resident other,
033,J,jdhour04A,dhour04a,Hours domestic help R: non-resident child,Hours domestic help R: non-resident child,
033,J,jdhour04B,dhour04b,Hours domestic help R: non-resident child-in-law,Hours domestic help R: non-resident child-in-law,
033,J,jdhour05,dhour05,Hours domestic help R: non-resident other family,Hours help: non-resident other family,
033,J,jdhour06A,dhour06a,Hours domestic help R: neighbours,Hours domestic help R: neighbours,
033,J,jdhour06B,dhour06b,Hours domestic help: friends/acquaintances,Hours domestic help: friends/acquaintances,
033,J,jdhour07,dhour07,Hours domestic help R: volunteers,Hours help: volunteers,
033,J,jdhour08,dhour08,Hours domestic help R: district nurse,Hours help: district nurse,
033,J,jdhour09,dhour09,Hours domestic help R: elderly/home/alpha help,Hours help: elderly/home/alpha help,
033,J,jdhour10,dhour10,Hours domestic help R: private,Hours help: private help,
033,J,jdhour11,dhour11,Hours domestic help R: personnel home/hospital,Hours help: personnel home/hospital,
033,J,jdhour12,dhour12,Hours domestic help R: other,Hours help: other,
033,J,jdhourtot,dhourtot,(calculated) Hours domestic help R: total,(calculated) Hours domestic help R: total,
033,J,jghelp01,ghelp01,guidance help R: partner,guidance help R: partner,
033,J,jghelp02A,ghelp02a,guidance help R: resident child,guidance help R: resident child,
033,J,jghelp02B,ghelp02b,guidance help R: resident child-in-law,guidance help R: resident child-in-law,
033,J,jghelp03,ghelp03,guidance help R: resident other,guidance help R: resident other,
033,J,jghelp04A,ghelp04a,guidance help R: non-resident child,guidance help R: non-resident child,
033,J,jghelp04B,ghelp04b,guidance help R: non-resident child-in-law,guidance help R: non-resident child-in-law,
033,J,jghelp05,ghelp05,guidance help R: non-resident other family,guidance help R: non-resident other family,
033,J,jghelp06A,ghelp06a,guidance help R: neighbours,guidance help R: neighbours,
033,J,jghelp06B,ghelp06b,Guidance help R: friends/acquaintances,Guidance help R: friends/acquaintances,
033,J,jghelp07,ghelp07,guidance help R: volunteers,guidance help R: volunteers,
033,J,jghelp08,ghelp08,guidance help R: district nurse,guidance help R: district nurse,
033,J,jghelp09,ghelp09,guidance help R: elderly/home/alpha,guidance help R: elderly/home/alpha,
033,J,jghelp10,ghelp10,guidance help R: private,guidance help R: private,
033,J,jghelp11,ghelp11,guidance help R: personnel home/hospital,guidance help R: personnel home/hospital,
033,J,jghelp12,ghelp12,guidance help R: other,guidance help R: other,
033,J,jghelpyn,ghelpyn,Help R with guidance tasks Y/N,Help R with guidance tasks Y/N,
033,J,jghour01,ghour01,Hours guidance help R: partner,Hours guidance help R: partner,
033,J,jghour02A,ghour02a,Hours guidance help R: resident child,Hours guidance help R: resident child,
033,J,jghour02B,ghour02b,Hours guidance help R: resident child-in-law,Hours guidance help R: resident child-in-law,
033,J,jghour03,ghour03,Hours guidance help R: resident other,Hours guidance help R: resident other,
033,J,jghour04A,ghour04a,Hours guidance help R: non-resident child,Hours guidance help R: non-resident child,
033,J,jghour04B,ghour04b,Hours guidance help R: non-resident child-in-law,Hours guidance help R: non-resident child-in-law,
033,J,jghour05,ghour05,Hours guidance help R: non-resident other family,Hours guidance help R: non-resident other family,
033,J,jghour06A,ghour06a,Hours guidance help R: neighbours,Hours guidance help R: neighbours,
033,J,jghour06B,ghour06b,Hours guidance help R: friends/acquaintances,Hours guidance help R: friends/acquaintances,
033,J,jghour07,ghour07,Hours guidance help R: volunteers,Hours guidance help R: volunteers,
033,J,jghour08,ghour08,Hours guidance help R: district nurse,Hours guidance help R: district nurse,
033,J,jghour09,ghour09,Hours guidance help R: elderly/home/alpha help,Hours guidance help R: elderly/home/alpha,
033,J,jghour10,ghour10,Hours guidance help R: private help,Hours guidance help R: private help,
033,J,jghour11,ghour11,Hours guidance help R: personnel home/hospital,Hours guidance help R: personnel home/hospital,
033,J,jghour12,ghour12,Hours guidance help R: other,Hours guidance help R: other,
033,J,jghourtot,ghourtot,(calculated) Hours guidance help R: total,(calculated) Hours guidance help R: total,
033,J,jhealth1,health1,Health problems limit normal activities,Health problems limit normal activities,
033,J,jhealth2,health2,How long limitations,How long limitations,
033,J,jhealth3,health3,Past month: days sick in bed,Past month: days sick in bed,
033,J,jhealth4,health4,Past month: #days limited in activities,Past month: #days limited in activities,
033,J,jhelpr,helpr,"(constructed) R gets help (personal, domestic, nursing, guidance or administrative)","(constructed) R gets help (personal, domestic, nursing, guidance or administrative)",
033,J,jhhnic,hhnic,Number of different persons help at home: informal carers,Number of different persons help at home: informal carers,
033,J,jhhnprof,hhnprof,Number of different persons help at home: professionals,Number of different persons help at home: professionals,
033,J,jhhnvol,hhnvol,Number of different persons help at home: volunteers,Number of different persons help at home: volunteers,
033,J,jhn1,hn1,Help needs: with domestic tasks,Help needs: with domestic tasks,
033,J,jhn2,hn2,Help needs: with personal care,Help needs: with personal care,
033,J,jhn3,hn3,Help needs: with nursing,Help needs: with nursing,
033,J,jhn4,hn4,Help needs: with guidance,Help needs: with guidance,
033,J,jhn5,hn5,Help needs: with mental complaints,Help needs: with mental complaints,
033,J,jhn6,hn6,Help needs: with physical complaints,Help needs: with physical complaints,
033,J,jnhelp01,nhelp01,nursing help R: partner,nursing help R: partner,
033,J,jnhelp02A,nhelp02a,nursing help R: resident child,nursing help R: resident child,
033,J,jnhelp02B,nhelp02b,nursing help R: resident child-in-law,nursing help R: resident child-in-law,
033,J,jnhelp03,nhelp03,nursing help R: resident other,nursing help R: resident other,
033,J,jnhelp04A,nhelp04a,nursing help R: non-resident child,nursing help R: non-resident child,
033,J,jnhelp04B,nhelp04b,nursing help R: non-resident child-in-law,nursing help R: non-resident child-in-law,
033,J,jnhelp05,nhelp05,nursing help R: non-resident other family,nursing help R: non-resident other family,
033,J,jnhelp06A,nhelp06a,nursing help R: neighbours,nursing help R: neighbours,
033,J,jnhelp06B,nhelp06b,Nursing help R: friends/acquaintances,Nursing help R: friends/acquaintances,
033,J,jnhelp07,nhelp07,nursing help R: volunteers,nursing help R: volunteers,
033,J,jnhelp08,nhelp08,nursing help R: district nurse,nursing help R: district nurse,
033,J,jnhelp09,nhelp09,nursing help R: elderly/home/alpha,nursing help R: elderly/home/alpha,
033,J,jnhelp10,nhelp10,nursing help R: private,nursing help R: private,
033,J,jnhelp11,nhelp11,nursing help R: personnel home/hospital,nursing help R: personnel home/hospital,
033,J,jnhelp12,nhelp12,nursing help R: other,nursing help R: other,
033,J,jnhelpyn,nhelpyn,Help R with nursing tasks Y/N,Help R with nursing tasks Y/N,
033,J,jnhour01,nhour01,Hours nursing help R: partner,Hours nursing help R: partner,
033,J,jnhour02A,nhour02a,Hours nursing help R: resident child,Hours nursing help R: resident child,
033,J,jnhour02B,nhour02b,Hours nursing help R: resident child-in-law,Hours nursing help R: resident child-in-law,
033,J,jnhour03,nhour03,Hours nursing help R: resident other,Hours nursing help R: resident other,
033,J,jnhour04A,nhour04a,Hours nursing help R: non-resident child,Hours nursing help R: non-resident child,
033,J,jnhour04B,nhour04b,Hours nursing help R: non-resident child-in-law,Hours nursing help R: non-resident child-in-law,
033,J,jnhour05,nhour05,Hours nursing help R: non-resident other family,Hours nursing help R: non-resident other family,
033,J,jnhour06A,nhour06a,Hours nursing help R: neighbours,Hours nursing help R: neighbours,
033,J,jnhour06B,nhour06b,Hours nursing help R: friends/acquaintances,Hours nursing help R: friends/acquaintances,
033,J,jnhour07,nhour07,Hours nursing help R: volunteers,Hours nursing help R: volunteers,
033,J,jnhour08,nhour08,Hours nursing help R: district nurse,Hours nursing help R: district nurse,
033,J,jnhour09,nhour09,Hours nursing help R: elderly/home/alpha help,Hours nursing help R: elderly/home/alpha,
033,J,jnhour10,nhour10,Hours nursing help R: private,Hours nursing help R: private,
033,J,jnhour11,nhour11,Hours nursing help R: personnel home/hospital,Hours nursing help R: personnel home/hospital,
033,J,jnhour12,nhour12,Hours nursing help R: other,Hours nursing help R: other,
033,J,jnhourtot,nhourtot,(calculated) Hours nursing help R: total,(calculated) Hours nursing help R: total,
033,J,jphelp01,phelp01,Help P: respondent,Helpp: respondent,
033,J,jphelp02A,phelp02a,Help P: resident child,Help P: resident child,
033,J,jphelp02B,phelp02b,Help P: resident child-in-law,Help P: resident child-in-law,
033,J,jphelp03,phelp03,Help P: resident other,Helpp: resident other,
033,J,jphelp04A,phelp04a,Help P: non-resident child,Help P: non-resident child,
033,J,jphelp04B,phelp04b,Help P: non-resident child-in-law,Help P: non-resident child-in-law,
033,J,jphelp05,phelp05,Help P: non-resident other family,Helpp: non-resident other family,
033,J,jphelp06A,phelp06a,Help P: neighbours,Help P: neighbours,
033,J,jphelp06B,phelp06b,Help P: friends/acquaintances,Help P: friends/acquaintances,
033,J,jphelp07,phelp07,Help P: volunteers,Helpp: volunteers,
033,J,jphelp08,phelp08,Help P: district nurse,Helpp: district nurse,
033,J,jphelp09,phelp09,Help P: elderly/home/alpha,Helpp: elderly/home/alpha help,
033,J,jphelp10,phelp10,Help P: private,Helpp: private,
033,J,jphelp11,phelp11,Help P: personnel home/hospital,Helpp: personnel home/hospital,
033,J,jphelp12,phelp12,Help P: other,Helpp: other,
033,J,jphelpyn,phelpyn,Help partner with personal care,Help partner with personal care,
033,J,jphlp01b,phlp01b,Help P: burden for respondent,Help P: burden for respondent,
033,J,jphlp01m,phlp01m,"Help P: respondent, start month","Help P: respondent, start month",
033,J,jphlp01y,phlp01y,"Help P: respondent, start year","Help P: respondent, start year",
033,J,jphour01,phour01,Hours help P: respondent,Hours helpp: respondent,
033,J,jphour02A,phour02a,Hours help P: resident child,Hours help P: resident child,
033,J,jphour02B,phour02b,Hours help P: resident child-in-law,Hours help P: resident child-in-law,
033,J,jphour03,phour03,Hours help P: resident other,Hours helpp: resident other,
033,J,jphour04A,phour04a,Hours help P: non-resident child,Hours help P: non-resident child,
033,J,jphour04B,phour04b,Hours help P: non-resident child-in-law,Hours help P: non-resident child-in-law,
033,J,jphour05,phour05,Hours help P: non-resident other family,Hours helpp: non-resident other family,
033,J,jphour06A,phour06a,Hours help P: neighbours,Hours help P: neighbours,
033,J,jphour06B,phour06b,Hours help P : friends/acquaintances,Hours help P : friends/acquaintances,
033,J,jphour07,phour07,Hours help P: volunteers,Hours helpp: volunteers,
033,J,jphour08,phour08,Hours help P: district nurse,Hours helpp: district nurse,
033,J,jphour09,phour09,Hours help P: elderly/home/alpha,Hours helpp: elderly/home/alpha help,
033,J,jphour10,phour10,Hours help P: private,Hours helpp: private,
033,J,jphour11,phour11,Hours help P: personnel home/hospital,Hours helpp: personnel home/hospital,
033,J,jphour12,phour12,Hours help P: other,Hours helpp: other,
033,J,jphourtot,phourtot,(calculated) Hours help P: total,(calculated) Hours help P: total,
033,J,jregie1,regie1,control: to what extent can R determine who gives help,control: to what extent can R determine who gives help,
033,J,jregie2,regie2,control: to what extent can R determine which help is given,control: to what extent can R determine which help is given,
033,J,jregie3,regie3,control: to what extent can R determine when help is given,control: to what extent can R determine when help is given,
033,J,jregie4,regie4,control: to what extent does R find it important to determine the caregiving,control: to what extent does R find it important to determine the caregiving,
033,J,jrhelp01,rhelp01,Help R: partner,Help R: partner,
033,J,jrhelp02A,rhelp02a,Help R: resident child,Help R: resident child,
033,J,jrhelp02B,rhelp02b,Help R: resident child-in-law,Help R: resident child-in-law,
033,J,jrhelp03,rhelp03,Help R: resident other,Help R: resident other,
033,J,jrhelp04A,rhelp04a,Help R: non-resident child,Help R: non-resident child,
033,J,jrhelp04B,rhelp04b,Help R: non-resident child-in-law,Help R: non-resident child-in-law,
033,J,jrhelp05,rhelp05,Help R: non-resident other family,Help R: non-resident other family,
033,J,jrhelp07,rhelp07,Help R: volunteers,Help R: volunteers,
033,J,jrhelp08,rhelp08,Help R: district nurse,Help R: district nurse,
033,J,jrhelp09,rhelp09,Help R: elderly/home/alpha,Help R: elderly/home/alpha help,
033,J,jrhelp10,rhelp10,Help R: private,Help R: private,
033,J,jrhelp11,rhelp11,Help R: personnel home/hospital,Help R: personnel home/hospital,
033,J,jrhelp12,rhelp12,Help R: other,Help R: other,
033,J,jrhelp6A,rhelp6a,Help R: neighbours,Help R: neighbours,
033,J,jrhelp6B,rhelp6b,Help R: friends / acquaintances,Help R: friends / acquaintances,
033,J,jrhelpyn,rhelpyn,Help R with personal care Y/N,Help R with personal care Y/N,
033,J,jrhour01,rhour01,Hours help R: partner,Hours help R: partner,
033,J,jrhour02A,rhour02a,Hours help R: resident child,Hours help R: resident child,
033,J,jrhour02B,rhour02b,Hours help R: resident child-in-law,Hours help R: resident child-in-law,
033,J,jrhour03,rhour03,Hours help R: resident other,Hours help R: resident other,
033,J,jrhour04A,rhour04a,Hours help R: non-resident child,Hours help R: non-resident child,
033,J,jrhour04B,rhour04b,Hours help R: resident child-in-law,Hours help R: resident child-in-law,
033,J,jrhour05,rhour05,Hours help R: non-resident other family,Hours help R: non-resident other family,
033,J,jrhour06A,rhour06a,Hours help R: neighbours,Hours help R: neighbours,
033,J,jrhour06B,rhour06b,Hours help R: friends/acquaintances,Hours help R: friends/acquaintances,
033,J,jrhour07,rhour07,Hours help R: volunteers,Hours help R: volunteers,
033,J,jrhour08,rhour08,Hours help R: district nurse,Hours help R: district nurse,
033,J,jrhour09,rhour09,Hours help R: elderly/home/alpha,Hours help R: elderly/home/alpha help,
033,J,jrhour10,rhour10,Hours help R: private,Hours help R: private,
033,J,jrhour11,rhour11,Hours help R: personnel home/hospital,Hours help R: personnel home/hospital,
033,J,jrhour12,rhour12,Hours help R: other,Hours help R: other,
033,J,jrhourtot,rhourtot,(calculated) Hours help R: total,(calculated) Hours help R: total,
033,J,jrsick01,rsick01,Sick: pers care by respondent,Sick: pers care by respondent,
033,J,jrsick02,rsick02,Sick: pers care by partner,Sick: pers care by partner,
033,J,jrsick03A,rsick03a,Sick: pers care by resident child,Sick: pers care by resident child,
033,J,jrsick03B,rsick03b,Sick: pers care by resident child-in-law,Sick: pers care by resident child-in-law,
033,J,jrsick04,rsick04,Sick: pers care by resident other,Sick: pers care by resident other,
033,J,jrsick05A,rsick05a,Sick: pers care by non-resident child,Sick: pers care by non-resident child,
033,J,jrsick05B,rsick05b,Sick: pers care by non-resident child-in-law,Sick: pers care by non-resident child-in-law,
033,J,jrsick06,rsick06,Sick: pers care by non-resident other family,Sick: pers care by non-resident other family,
033,J,jrsick07A,rsick07a,Sick: pers care by neighbours,Sick: pers care by neighbours,
033,J,jrsick07B,rsick07b,Sick: pers care by friends/acquaintances,Sick: pers care by friends/acquaintances,
033,J,jrsick08,rsick08,Sick: pers care by volunteers,Sick: pers care by volunteers,
033,J,jrsick09,rsick09,Sick: pers care by district nurse,Sick: pers care by district nurse,
033,J,jrsick10,rsick10,Sick: pers care by elderly/home/alpha help,Sick: pers care by elderly/home/alpha help,
033,J,jrsick11,rsick11,Sick: pers care by private help,Sick: pers care by private help,
033,J,jrsick12,rsick12,Sick: pers care by personnel home/hospital,Sick: pers care by personnel home/hospital,
033,J,jrsick13,rsick13,Sick: pers care by nobody,Sick: pers care by nobody,
033,J,jrsick14A,rsick14a,Sick: pers care by other,Sick: pers care by other,
033,J,jrsick14B,rsick14b,Sick: does not know by whom,Sick: does not know by whom,
033,J,jrsick15,rsick15,Sick: domestic care by respondent,Sick: domestic care by respondent,
033,J,jrsick16,rsick16,Sick: domestic care by partner,Sick: domestic care by partner,
033,J,jrsick17A,rsick17a,Sick: domestic care by resident child,Sick: domestic care by resident child,
033,J,jrsick17B,rsick17b,Sick: domestic care by resident child-in-law,Sick: domestic care by resident child-in-law,
033,J,jrsick18,rsick18,Sick: domestic care by resident other,Sick: domestic care by resident other,
033,J,jrsick19A,rsick19a,Sick: domestic care by non-resident child,Sick: domestic care by non-resident child,
033,J,jrsick19B,rsick19b,Sick: domestic care by non-resident child-in-law,Sick: domestic care by non-resident child-in-law,
033,J,jrsick20,rsick20,Sick: domestic care by non-resident family,Sick: domestic care by non-resident family,
033,J,jrsick21A,rsick21a,Sick: domestic care by neighbours,Sick: domestic care by neighbours,
033,J,jrsick21B,rsick21b,Sick: friends/acquaintances,Sick: friends/acquaintances,
033,J,jrsick22,rsick22,Sick: domestic care by volunteers,Sick: domestic care by volunteers,
033,J,jrsick23,rsick23,Sick: domestic care by district nurse,Sick: domestic care by district nurse,
033,J,jrsick24,rsick24,Sick: domestic care by elderly/home/alpha help,Sick: domestic care by elderly/home/alpha help,
033,J,jrsick25,rsick25,Sick: domestic care by private help,Sick: domestic care by private help,
033,J,jrsick26,rsick26,Sick: domestic care by personnel home/hospital,Sick: domestic care by personnel home/hospital,
033,J,jrsick27,rsick27,Sick: domestic care by nobody,Sick: domestic care by nobody,
033,J,jrsick28A,rsick28a,Sick: domestic care by other,Sick: domestic care by other,
033,J,jrsick28B,rsick28b,Sick: does not know by whom,Sick: does not know by whom,
033,J,jsuffic,suffic,Respondent gets sufficient help,Respondent gets sufficient help,
033,K,kahelp01,ahelp01,Administrative help R: partner,Administrative help R: partner,
033,K,kahelp02A,ahelp02a,Administrative help R: resident child,Administrative help R: resident child,
033,K,kahelp02B,ahelp02b,Administrative help R: resident child-in-law,Administrative help R: resident child-in-law,
033,K,kahelp03,ahelp03,Administrative help R: resident other,Administrative help R: resident other,
033,K,kahelp04A,ahelp04a,Administrative help R: non-resident child,Administrative help R: non-resident child,
033,K,kahelp04B,ahelp04b,Administrative help R: non-resident child-in-law,Administrative help R: non-resident child-in-law,
033,K,kahelp05,ahelp05,Administrative help R: non-resident other family,Administrative help R: non-resident other family,
033,K,kahelp06A,ahelp06a,Administrative help R: neighbours,Administrative help R: neighbours,
033,K,kahelp06B,ahelp06b,Administrative help R: friends/acquaintances,Administrative help R: friends/acquaintances,
033,K,kahelp07,ahelp07,Administrative help R: volunteers,Administrative help R: volunteers,
033,K,kahelp08,ahelp08,Administrative help R: district nurse,Administrative help R: district nurse,
033,K,kahelp09,ahelp09,Administrative help R: elderly/home/alpha,Administrative help R: elderly/home/alpha,
033,K,kahelp10,ahelp10,Administrative help R: private,Administrative help R: private,
033,K,kahelp11,ahelp11,Administrative help R: personnel home/hospital,Administrative help R: personnel home/hospital,
033,K,kahelp12,ahelp12,Administrative help R: other,Administrative help R: other,
033,K,kahelpyn,ahelpyn,Help R with administration Y/N,Help R with administration Y/N,
033,K,kahour01,ahour01,Hours administrative help R: partner,Hours administrative help R: partner,
033,K,kahour02A,ahour02a,Hours administrative help R: resident child,Hours administrative help R: resident child,
033,K,kahour02B,ahour02b,Hours administrative help R: resident child-in-law,Hours administrative help R: resident child-in-law,
033,K,kahour03,ahour03,Hours administrative help R: resident other,Hours administrative help R: resident other,
033,K,kahour04A,ahour04a,Hours administrative help R: non-resident child,Hours administrative help R: non-resident child,
033,K,kahour04B,ahour04b,Hours administrative help R: non-resident child-in-law,Hours administrative help R: non-resident child-in-law,
033,K,kahour05,ahour05,Hours administrative help R: non-resident other family,Hours administrative help R: non-resident other family,
033,K,kahour06A,ahour06a,Hours administrative help R: neighbours,Hours administrative help R: neighbours,
033,K,kahour06B,ahour06b,Hours administrative help R: friends/acquaintances,Hours administrative help R: friends/acquaintances,
033,K,kahour07,ahour07,Hours administrative help R: volunteers,Hours administrative help R: volunteers,
033,K,kahour08,ahour08,Hours administrative help R: district nurse,Hours administrative help R: district nurse,
033,K,kahour09,ahour09,Hours administrative help R: elderly/home/alpha,Hours administrative help R: elderly/home/alpha,
033,K,kahour10,ahour10,Hours administrative help R: private,Hours administrative help R: private,
033,K,kahour11,ahour11,Hours administrative help R: personnel home/hospital,Hours administrative help R: personnel home/hospital,
033,K,kahour12,ahour12,Hours administrative help R: other,Hours administrative help R: other,
033,K,kahourtot,ahourtot,(calculated) Hours administrative help R: total,(calculated) Hours administrative help R: total,
033,K,kdhelp01,dhelp01,domestic help R: partner,Help: partner,
033,K,kdhelp02A,dhelp02a,domestic help R: resident child,domestic help R: resident child,
033,K,kdhelp02B,dhelp02b,domestic help R: resident child-in-law,domestic help R: resident child-in-law,
033,K,kdhelp03,dhelp03,domestic help R: resident other,Help: resident other,
033,K,kdhelp04A,dhelp04a,domestic help R: non-resident child,domestic help R: non-resident child,
033,K,kdhelp04B,dhelp04b,domestic help R: non-resident child-in-law,domestic help R: non-resident child-in-law,
033,K,kdhelp05,dhelp05,domestic help R: non-resident other family,Help: non-resident other family,
033,K,kdhelp06A,dhelp06a,domestic help R: neighbours,domestic help R: neighbours,
033,K,kdhelp06B,dhelp06b,domestic help: friends/acquaintances,domestic help: friends/acquaintances,
033,K,kdhelp07,dhelp07,domestic help R: volunteers,Help: volunteers,
033,K,kdhelp08,dhelp08,domestic help R: district nurse,Help: district nurse,
033,K,kdhelp09,dhelp09,domestic help R: elderly/home/alpha,Help: elderly/home/alpha help,
033,K,kdhelp10,dhelp10,domestic help R: private,Help: private,
033,K,kdhelp11,dhelp11,domestic help R: personnel home/hospital,Help: personnel home/hospital,
033,K,kdhelp12,dhelp12,domestic help R: other,Help: other,
033,K,kdhelpyn,dhelpyn,Help R with domestic tasks Y/N,Help with domestic tasks Yes/No,
033,K,kdhour01,dhour01,Hours domestic help R: partner,Hours help: partner,
033,K,kdhour02A,dhour02a,Hours domestic help R: resident child,Hours domestic help R: resident child,
033,K,kdhour02B,dhour02b,Hours domestic help R: resident child-in-law,Hours domestic help R: resident child-in-law,
033,K,kdhour03,dhour03,Hours domestic help R: resident other,Hours help: resident other,
033,K,kdhour04A,dhour04a,Hours domestic help R: non-resident child,Hours domestic help R: non-resident child,
033,K,kdhour04B,dhour04b,Hours domestic help R: non-resident child-in-law,Hours domestic help R: non-resident child-in-law,
033,K,kdhour05,dhour05,Hours domestic help R: non-resident other family,Hours help: non-resident other family,
033,K,kdhour06A,dhour06a,Hours domestic help R: neighbours,Hours domestic help R: neighbours,
033,K,kdhour06B,dhour06b,Hours domestic help: friends/acquaintances,Hours domestic help: friends/acquaintances,
033,K,kdhour07,dhour07,Hours domestic help R: volunteers,Hours help: volunteers,
033,K,kdhour08,dhour08,Hours domestic help R: district nurse,Hours help: district nurse,
033,K,kdhour09,dhour09,Hours domestic help R: elderly/home/alpha help,Hours help: elderly/home/alpha help,
033,K,kdhour10,dhour10,Hours domestic help R: private,Hours help: private help,
033,K,kdhour11,dhour11,Hours domestic help R: personnel home/hospital,Hours help: personnel home/hospital,
033,K,kdhour12,dhour12,Hours domestic help R: other,Hours help: other,
033,K,kdhourtot,dhourtot,(calculated) Hours domestic help R: total,(calculated) Hours domestic help R: total,
033,K,kghelp01,ghelp01,guidance help R: partner,guidance help R: partner,
033,K,kghelp02A,ghelp02a,guidance help R: resident child,guidance help R: resident child,
033,K,kghelp02B,ghelp02b,guidance help R: resident child-in-law,guidance help R: resident child-in-law,
033,K,kghelp03,ghelp03,guidance help R: resident other,guidance help R: resident other,
033,K,kghelp04A,ghelp04a,guidance help R: non-resident child,guidance help R: non-resident child,
033,K,kghelp04B,ghelp04b,guidance help R: non-resident child-in-law,guidance help R: non-resident child-in-law,
033,K,kghelp05,ghelp05,guidance help R: non-resident other family,guidance help R: non-resident other family,
033,K,kghelp06A,ghelp06a,guidance help R: neighbours,guidance help R: neighbours,
033,K,kghelp06B,ghelp06b,Guidance help R: friends/acquaintances,Guidance help R: friends/acquaintances,
033,K,kghelp07,ghelp07,guidance help R: volunteers,guidance help R: volunteers,
033,K,kghelp08,ghelp08,guidance help R: district nurse,guidance help R: district nurse,
033,K,kghelp09,ghelp09,guidance help R: elderly/home/alpha,guidance help R: elderly/home/alpha,
033,K,kghelp10,ghelp10,guidance help R: private,guidance help R: private,
033,K,kghelp11,ghelp11,guidance help R: personnel home/hospital,guidance help R: personnel home/hospital,
033,K,kghelp12,ghelp12,guidance help R: other,guidance help R: other,
033,K,kghelpyn,ghelpyn,Help R with guidance tasks Y/N,Help R with guidance tasks Y/N,
033,K,kghour01,ghour01,Hours guidance help R: partner,Hours guidance help R: partner,
033,K,kghour02A,ghour02a,Hours guidance help R: resident child,Hours guidance help R: resident child,
033,K,kghour02B,ghour02b,Hours guidance help R: resident child-in-law,Hours guidance help R: resident child-in-law,
033,K,kghour03,ghour03,Hours guidance help R: resident other,Hours guidance help R: resident other,
033,K,kghour04A,ghour04a,Hours guidance help R: non-resident child,Hours guidance help R: non-resident child,
033,K,kghour04B,ghour04b,Hours guidance help R: non-resident child-in-law,Hours guidance help R: non-resident child-in-law,
033,K,kghour05,ghour05,Hours guidance help R: non-resident other family,Hours guidance help R: non-resident other family,
033,K,kghour06A,ghour06a,Hours guidance help R: neighbours,Hours guidance help R: neighbours,
033,K,kghour06B,ghour06b,Hours guidance help R: friends/acquaintances,Hours guidance help R: friends/acquaintances,
033,K,kghour07,ghour07,Hours guidance help R: volunteers,Hours guidance help R: volunteers,
033,K,kghour08,ghour08,Hours guidance help R: district nurse,Hours guidance help R: district nurse,
033,K,kghour09,ghour09,Hours guidance help R: elderly/home/alpha help,Hours guidance help R: elderly/home/alpha,
033,K,kghour10,ghour10,Hours guidance help R: private help,Hours guidance help R: private help,
033,K,kghour11,ghour11,Hours guidance help R: personnel home/hospital,Hours guidance help R: personnel home/hospital,
033,K,kghour12,ghour12,Hours guidance help R: other,Hours guidance help R: other,
033,K,kghourtot,ghourtot,(calculated) Hours guidance help R: total,(calculated) Hours guidance help R: total,
033,K,khealth1,health1,Health problems limit normal activities,Health problems limit normal activities,
033,K,khealth2,health2,How long limitations,How long limitations,
033,K,khealth3,health3,Past month: days sick in bed,Past month: days sick in bed,
033,K,khealth4,health4,Past month: #days limited in activities,Past month: #days limited in activities,
033,K,khelpr,helpr,"(constructed) R gets help (personal, domestic, nursing, guidance or administrative)","(constructed) R gets help (personal, domestic, nursing, guidance or administrative)",
033,K,khhnic,hhnic,Number of different persons help at home: informal carers,Number of different persons help at home: informal carers,
033,K,khhnprof,hhnprof,Number of different persons help at home: professionals,Number of different persons help at home: professionals,
033,K,khhnvol,hhnvol,Number of different persons help at home: volunteers,Number of different persons help at home: volunteers,
033,K,khn1,hn1,Help needs: with domestic tasks,Help needs: with domestic tasks,
033,K,khn2,hn2,Help needs: with personal care,Help needs: with personal care,
033,K,khn3,hn3,Help needs: with nursing,Help needs: with nursing,
033,K,khn4,hn4,Help needs: with guidance,Help needs: with guidance,
033,K,khn5,hn5,Help needs: with mental complaints,Help needs: with mental complaints,
033,K,khn6,hn6,Help needs: with physical complaints,Help needs: with physical complaints,
033,K,knhelp01,nhelp01,nursing help R: partner,nursing help R: partner,
033,K,knhelp02A,nhelp02a,nursing help R: resident child,nursing help R: resident child,
033,K,knhelp02B,nhelp02b,nursing help R: resident child-in-law,nursing help R: resident child-in-law,
033,K,knhelp03,nhelp03,nursing help R: resident other,nursing help R: resident other,
033,K,knhelp04A,nhelp04a,nursing help R: non-resident child,nursing help R: non-resident child,
033,K,knhelp04B,nhelp04b,nursing help R: non-resident child-in-law,nursing help R: non-resident child-in-law,
033,K,knhelp05,nhelp05,nursing help R: non-resident other family,nursing help R: non-resident other family,
033,K,knhelp06A,nhelp06a,nursing help R: neighbours,nursing help R: neighbours,
033,K,knhelp06B,nhelp06b,Nursing help R: friends/acquaintances,Nursing help R: friends/acquaintances,
033,K,knhelp07,nhelp07,nursing help R: volunteers,nursing help R: volunteers,
033,K,knhelp08,nhelp08,nursing help R: district nurse,nursing help R: district nurse,
033,K,knhelp09,nhelp09,nursing help R: elderly/home/alpha,nursing help R: elderly/home/alpha,
033,K,knhelp10,nhelp10,nursing help R: private,nursing help R: private,
033,K,knhelp11,nhelp11,nursing help R: personnel home/hospital,nursing help R: personnel home/hospital,
033,K,knhelp12,nhelp12,nursing help R: other,nursing help R: other,
033,K,knhelpyn,nhelpyn,Help R with nursing tasks Y/N,Help R with nursing tasks Y/N,
033,K,knhour01,nhour01,Hours nursing help R: partner,Hours nursing help R: partner,
033,K,knhour02A,nhour02a,Hours nursing help R: resident child,Hours nursing help R: resident child,
033,K,knhour02B,nhour02b,Hours nursing help R: resident child-in-law,Hours nursing help R: resident child-in-law,
033,K,knhour03,nhour03,Hours nursing help R: resident other,Hours nursing help R: resident other,
033,K,knhour04A,nhour04a,Hours nursing help R: non-resident child,Hours nursing help R: non-resident child,
033,K,knhour04B,nhour04b,Hours nursing help R: non-resident child-in-law,Hours nursing help R: non-resident child-in-law,
033,K,knhour05,nhour05,Hours nursing help R: non-resident other family,Hours nursing help R: non-resident other family,
033,K,knhour06A,nhour06a,Hours nursing help R: neighbours,Hours nursing help R: neighbours,
033,K,knhour06B,nhour06b,Hours nursing help R: friends/acquaintances,Hours nursing help R: friends/acquaintances,
033,K,knhour07,nhour07,Hours nursing help R: volunteers,Hours nursing help R: volunteers,
033,K,knhour08,nhour08,Hours nursing help R: district nurse,Hours nursing help R: district nurse,
033,K,knhour09,nhour09,Hours nursing help R: elderly/home/alpha help,Hours nursing help R: elderly/home/alpha,
033,K,knhour10,nhour10,Hours nursing help R: private,Hours nursing help R: private,
033,K,knhour11,nhour11,Hours nursing help R: personnel home/hospital,Hours nursing help R: personnel home/hospital,
033,K,knhour12,nhour12,Hours nursing help R: other,Hours nursing help R: other,
033,K,knhourtot,nhourtot,(calculated) Hours nursing help R: total,(calculated) Hours nursing help R: total,
033,K,kphelp01,phelp01,Help P: respondent,Helpp: respondent,
033,K,kphelp02A,phelp02a,Help P: resident child,Help P: resident child,
033,K,kphelp02B,phelp02b,Help P: resident child-in-law,Help P: resident child-in-law,
033,K,kphelp03,phelp03,Help P: resident other,Helpp: resident other,
033,K,kphelp04A,phelp04a,Help P: non-resident child,Help P: non-resident child,
033,K,kphelp04B,phelp04b,Help P: non-resident child-in-law,Help P: non-resident child-in-law,
033,K,kphelp05,phelp05,Help P: non-resident other family,Helpp: non-resident other family,
033,K,kphelp06A,phelp06a,Help P: neighbours,Help P: neighbours,
033,K,kphelp06B,phelp06b,Help P: friends/acquaintances,Help P: friends/acquaintances,
033,K,kphelp07,phelp07,Help P: volunteers,Helpp: volunteers,
033,K,kphelp08,phelp08,Help P: district nurse,Helpp: district nurse,
033,K,kphelp09,phelp09,Help P: elderly/home/alpha,Helpp: elderly/home/alpha help,
033,K,kphelp10,phelp10,Help P: private,Helpp: private,
033,K,kphelp11,phelp11,Help P: personnel home/hospital,Helpp: personnel home/hospital,
033,K,kphelp12,phelp12,Help P: other,Helpp: other,
033,K,kphelpyn,phelpyn,Help partner with personal care,Help partner with personal care,
033,K,kphlp01b,phlp01b,Help P: burden for respondent,Help P: burden for respondent,
033,K,kphlp01m,phlp01m,"Help P: respondent, start month","Help P: respondent, start month",
033,K,kphlp01y,phlp01y,"Help P: respondent, start year","Help P: respondent, start year",
033,K,kphour01,phour01,Hours help P: respondent,Hours helpp: respondent,
033,K,kphour02A,phour02a,Hours help P: resident child,Hours help P: resident child,
033,K,kphour02B,phour02b,Hours help P: resident child-in-law,Hours help P: resident child-in-law,
033,K,kphour03,phour03,Hours help P: resident other,Hours helpp: resident other,
033,K,kphour04A,phour04a,Hours help P: non-resident child,Hours help P: non-resident child,
033,K,kphour04B,phour04b,Hours help P: non-resident child-in-law,Hours help P: non-resident child-in-law,
033,K,kphour05,phour05,Hours help P: non-resident other family,Hours helpp: non-resident other family,
033,K,kphour06A,phour06a,Hours help P: neighbours,Hours help P: neighbours,
033,K,kphour06B,phour06b,Hours help P : friends/acquaintances,Hours help P : friends/acquaintances,
033,K,kphour07,phour07,Hours help P: volunteers,Hours helpp: volunteers,
033,K,kphour08,phour08,Hours help P: district nurse,Hours helpp: district nurse,
033,K,kphour09,phour09,Hours help P: elderly/home/alpha,Hours helpp: elderly/home/alpha help,
033,K,kphour10,phour10,Hours help P: private,Hours helpp: private,
033,K,kphour11,phour11,Hours help P: personnel home/hospital,Hours helpp: personnel home/hospital,
033,K,kphour12,phour12,Hours help P: other,Hours helpp: other,
033,K,kphourtot,phourtot,(calculated) Hours help P: total,(calculated) Hours help P: total,
033,K,kregie1,regie1,control: to what extent can R determine who gives help,control: to what extent can R determine who gives help,
033,K,kregie2,regie2,control: to what extent can R determine which help is given,control: to what extent can R determine which help is given,
033,K,kregie3,regie3,control: to what extent can R determine when help is given,control: to what extent can R determine when help is given,
033,K,kregie4,regie4,control: to what extent does R find it important to determine the caregiving,control: to what extent does R find it important to determine the caregiving,
033,K,krhelp01,rhelp01,Help R: partner,Help R: partner,
033,K,krhelp02A,rhelp02a,Help R: resident child,Help R: resident child,
033,K,krhelp02B,rhelp02b,Help R: resident child-in-law,Help R: resident child-in-law,
033,K,krhelp03,rhelp03,Help R: resident other,Help R: resident other,
033,K,krhelp04A,rhelp04a,Help R: non-resident child,Help R: non-resident child,
033,K,krhelp04B,rhelp04b,Help R: non-resident child-in-law,Help R: non-resident child-in-law,
033,K,krhelp05,rhelp05,Help R: non-resident other family,Help R: non-resident other family,
033,K,krhelp07,rhelp07,Help R: volunteers,Help R: volunteers,
033,K,krhelp08,rhelp08,Help R: district nurse,Help R: district nurse,
033,K,krhelp09,rhelp09,Help R: elderly/home/alpha,Help R: elderly/home/alpha help,
033,K,krhelp10,rhelp10,Help R: private,Help R: private,
033,K,krhelp11,rhelp11,Help R: personnel home/hospital,Help R: personnel home/hospital,
033,K,krhelp12,rhelp12,Help R: other,Help R: other,
033,K,krhelp6A,rhelp6a,Help R: neighbours,Help R: neighbours,
033,K,krhelp6B,rhelp6b,Help R: friends / acquaintances,Help R: friends / acquaintances,
033,K,krhelpyn,rhelpyn,Help R with personal care Y/N,Help R with personal care Y/N,
033,K,krhour01,rhour01,Hours help R: partner,Hours help R: partner,
033,K,krhour02A,rhour02a,Hours help R: resident child,Hours help R: resident child,
033,K,krhour02B,rhour02b,Hours help R: resident child-in-law,Hours help R: resident child-in-law,
033,K,krhour03,rhour03,Hours help R: resident other,Hours help R: resident other,
033,K,krhour04A,rhour04a,Hours help R: non-resident child,Hours help R: non-resident child,
033,K,krhour04B,rhour04b,Hours help R: resident child-in-law,Hours help R: resident child-in-law,
033,K,krhour05,rhour05,Hours help R: non-resident other family,Hours help R: non-resident other family,
033,K,krhour06A,rhour06a,Hours help R: neighbours,Hours help R: neighbours,
033,K,krhour06B,rhour06b,Hours help R: friends/acquaintances,Hours help R: friends/acquaintances,
033,K,krhour07,rhour07,Hours help R: volunteers,Hours help R: volunteers,
033,K,krhour08,rhour08,Hours help R: district nurse,Hours help R: district nurse,
033,K,krhour09,rhour09,Hours help R: elderly/home/alpha,Hours help R: elderly/home/alpha help,
033,K,krhour10,rhour10,Hours help R: private,Hours help R: private,
033,K,krhour11,rhour11,Hours help R: personnel home/hospital,Hours help R: personnel home/hospital,
033,K,krhour12,rhour12,Hours help R: other,Hours help R: other,
033,K,krhourtot,rhourtot,(calculated) Hours help R: total,(calculated) Hours help R: total,
033,K,krsick01,rsick01,Sick: pers care by respondent,Sick: pers care by respondent,
033,K,krsick02,rsick02,Sick: pers care by partner,Sick: pers care by partner,
033,K,krsick03A,rsick03a,Sick: pers care by resident child,Sick: pers care by resident child,
033,K,krsick03B,rsick03b,Sick: pers care by resident child-in-law,Sick: pers care by resident child-in-law,
033,K,krsick04,rsick04,Sick: pers care by resident other,Sick: pers care by resident other,
033,K,krsick05A,rsick05a,Sick: pers care by non-resident child,Sick: pers care by non-resident child,
033,K,krsick05B,rsick05b,Sick: pers care by non-resident child-in-law,Sick: pers care by non-resident child-in-law,
033,K,krsick06,rsick06,Sick: pers care by non-resident other family,Sick: pers care by non-resident other family,
033,K,krsick07A,rsick07a,Sick: pers care by neighbours,Sick: pers care by neighbours,
033,K,krsick07B,rsick07b,Sick: pers care by friends/acquaintances,Sick: pers care by friends/acquaintances,
033,K,krsick08,rsick08,Sick: pers care by volunteers,Sick: pers care by volunteers,
033,K,krsick09,rsick09,Sick: pers care by district nurse,Sick: pers care by district nurse,
033,K,krsick10,rsick10,Sick: pers care by elderly/home/alpha help,Sick: pers care by elderly/home/alpha help,
033,K,krsick11,rsick11,Sick: pers care by private help,Sick: pers care by private help,
033,K,krsick12,rsick12,Sick: pers care by personnel home/hospital,Sick: pers care by personnel home/hospital,
033,K,krsick13,rsick13,Sick: pers care by nobody,Sick: pers care by nobody,
033,K,krsick14A,rsick14a,Sick: pers care by other,Sick: pers care by other,
033,K,krsick14B,rsick14b,Sick: does not know by whom,Sick: does not know by whom,
033,K,krsick15,rsick15,Sick: domestic care by respondent,Sick: domestic care by respondent,
033,K,krsick16,rsick16,Sick: domestic care by partner,Sick: domestic care by partner,
033,K,krsick17A,rsick17a,Sick: domestic care by resident child,Sick: domestic care by resident child,
033,K,krsick17B,rsick17b,Sick: domestic care by resident child-in-law,Sick: domestic care by resident child-in-law,
033,K,krsick18,rsick18,Sick: domestic care by resident other,Sick: domestic care by resident other,
033,K,krsick19A,rsick19a,Sick: domestic care by non-resident child,Sick: domestic care by non-resident child,
033,K,krsick19B,rsick19b,Sick: domestic care by non-resident child-in-law,Sick: domestic care by non-resident child-in-law,
033,K,krsick20,rsick20,Sick: domestic care by non-resident family,Sick: domestic care by non-resident family,
033,K,krsick21A,rsick21a,Sick: domestic care by neighbours,Sick: domestic care by neighbours,
033,K,krsick21B,rsick21b,Sick: friends/acquaintances,Sick: friends/acquaintances,
033,K,krsick22,rsick22,Sick: domestic care by volunteers,Sick: domestic care by volunteers,
033,K,krsick23,rsick23,Sick: domestic care by district nurse,Sick: domestic care by district nurse,
033,K,krsick24,rsick24,Sick: domestic care by elderly/home/alpha help,Sick: domestic care by elderly/home/alpha help,
033,K,krsick25,rsick25,Sick: domestic care by private help,Sick: domestic care by private help,
033,K,krsick26,rsick26,Sick: domestic care by personnel home/hospital,Sick: domestic care by personnel home/hospital,
033,K,krsick27,rsick27,Sick: domestic care by nobody,Sick: domestic care by nobody,
033,K,krsick28A,rsick28a,Sick: domestic care by other,Sick: domestic care by other,
033,K,krsick28B,rsick28b,Sick: does not know by whom,Sick: does not know by whom,
033,K,ksuffic,suffic,Respondent gets sufficient help,Respondent gets sufficient help,
