filecode,wave,canonical_name,variable_type,value_raw,value_numeric,value_label,is_missing,conflicts
046,B,lphya01,categorical,"na, interview terminated(-5)",-5,"na, interview terminated",TRUE,
046,B,lphya01,categorical,"na, short interview(-4)",-4,"na, short interview",TRUE,
046,B,lphya01,categorical,"na, (from wave h: not done,) wrong skip(-3)",-3,"na, wrong skip",TRUE,
046,B,lphya01,categorical,"na, asked(-1)",-1,"na, asked",TRUE,
046,B,lphya01,categorical,respondent bedridden(1),1,respondent bedridden,FALSE,
046,B,lphya01,categorical,respondent in elec. wheelchair(2),2,respondent in elec. wheelchair,FALSE,
046,B,lphya01,categorical,respondent in mech. wheelchair(3),3,respondent in mech. wheelchair,FALSE,
046,B,lphya01,categorical,"not 1, 2 or 3(4)",4,"not 1, 2 or 3",FALSE,
046,B,lphya02,binary,"na, wrong skip(-3)",-3,"na, wrong skip",TRUE,
046,B,lphya02,binary,"na, see B/C/D/E/B/F/G/H/B/I/JLPHYA01(-2)",-2,"na, see B/C/D/E/B/F/G/H/B/I/JLPHYA01",TRUE,
046,B,lphya02,binary,"na, asked(-1)",-1,"na, asked",TRUE,
046,B,lphya02,binary,no(1),1,no,FALSE,
046,B,lphya02,binary,yes(2),2,yes,FALSE,
046,B,lphya03,binary,"na, wrong skip(-3)",-3,"na, wrong skip",TRUE,
046,B,lphya03,binary,"na, see B/C/D/E/B/F/G/H/B/I/JLPHYA02(-2)",-2,"na, see B/C/D/E/B/F/G/H/B/I/JLPHYA02",TRUE,
046,B,lphya03,binary,"na, asked(-1)",-1,"na, asked",TRUE,
046,B,lphya03,binary,no(1),1,no,FALSE,
046,B,lphya03,binary,yes(2),2,yes,FALSE,
046,B,lphya04,numeric,"na, wrong skip(-3)",-3,"na, wrong skip",TRUE,
046,B,lphya04,numeric,"na, see B/C/D/E/B/F/G/H/B/I/JLPHYA03(-2)",-2,"na, see B/C/D/E/B/F/G/H/B/I/JLPHYA03",TRUE,
046,B,lphya04,numeric,"na, asked(-1)",-1,"na, asked",TRUE,
046,B,lphya05,numeric,"na, wrong skip(-3)",-3,"na, wrong skip",TRUE,
046,B,lphya05,numeric,"na, see B/C/D/E/B/F/G/H/B/I/JLPHYA03(-2)",-2,"na, see B/C/D/E/B/F/G/H/B/I/JLPHYA03",TRUE,
046,B,lphya05,numeric,"na, asked(-1)",-1,"na, asked",TRUE,
046,B,lphya06,binary,"na, wrong skip(-3)",-3,"na, wrong skip",TRUE,
046,B,lphya06,binary,"na, see B/C/D/E/B/F/G/H/B/I/JLPHYA01(-2)",-2,"na, see B/C/D/E/B/F/G/H/B/I/JLPHYA01",TRUE,
046,B,lphya06,binary,"na, asked(-1)",-1,"na, asked",TRUE,
046,B,lphya06,binary,no(1),1,no,FALSE,
046,B,lphya06,binary,yes(2),2,yes,FALSE,
046,B,lphya07,binary,"na, wrong skip(-3)",-3,"na, wrong skip",TRUE,
046,B,lphya07,binary,"na, see B/C/D/E/B/F/G/H/B/I/JLPHYA06(-2)",-2,"na, see B/C/D/E/B/F/G/H/B/I/JLPHYA06",TRUE,
046,B,lphya07,binary,"na, asked(-1)",-1,"na, asked",TRUE,
046,B,lphya07,binary,no(1),1,no,FALSE,
046,B,lphya07,binary,yes(2),2,yes,FALSE,
046,B,lphya08,numeric,"na, wrong skip(-3)",-3,"na, wrong skip",TRUE,
046,B,lphya08,numeric,"na, see B/C/D/E/B/F/G/H/B/I/JLPHYA07(-2)",-2,"na, see B/C/D/E/B/F/G/H/B/I/JLPHYA07",TRUE,
046,B,lphya08,numeric,"na, asked(-1)",-1,"na, asked",TRUE,
046,B,lphya09,numeric,"na, wrong skip(-3)",-3,"na, wrong skip",TRUE,
046,B,lphya09,numeric,"na, see B/C/D/E/B/F/G/H/B/I/JLPHYA07(-2)",-2,"na, see B/C/D/E/B/F/G/H/B/I/JLPHYA07",TRUE,
046,B,lphya09,numeric,"na, asked(-1)",-1,"na, asked",TRUE,
046,B,lphya10,binary,"na, wrong skip(-3)",-3,"na, wrong skip",TRUE,
046,B,lphya10,binary,"na, see B/C/D/E/B/F/G/H/B/I/JLPHYA01(-2)",-2,"na, see B/C/D/E/B/F/G/H/B/I/JLPHYA01",TRUE,
046,B,lphya10,binary,"na, asked(-1)",-1,"na, asked",TRUE,
046,B,lphya10,binary,no(1),1,no,FALSE,
046,B,lphya10,binary,yes(2),2,yes,FALSE,
046,B,lphya11,binary,"na, wrong skip(-3)",-3,"na, wrong skip",TRUE,
046,B,lphya11,binary,"na, see B/C/D/E/B/F/G/H/B/I/JLPHYA10(-2)",-2,"na, see B/C/D/E/B/F/G/H/B/I/JLPHYA10",TRUE,
046,B,lphya11,binary,"na, asked(-1)",-1,"na, asked",TRUE,
046,B,lphya11,binary,no(1),1,no,FALSE,
046,B,lphya11,binary,yes(2),2,yes,FALSE,
046,B,lphya12,numeric,"na, wrong skip(-3)",-3,"na, wrong skip",TRUE,
046,B,lphya12,numeric,"na, see B/C/D/E/B/F/G/H/B/I/JLPHYA11(-2)",-2,"na, see B/C/D/E/B/F/G/H/B/I/JLPHYA11",TRUE,
046,B,lphya12,numeric,"na, asked(-1)",-1,"na, asked",TRUE,
046,B,lphya13,numeric,"na, wrong skip(-3)",-3,"na, wrong skip",TRUE,
046,B,lphya13,numeric,"na, see B/C/D/E/B/F/G/H/B/I/JLPHYA11(-2)",-2,"na, see B/C/D/E/B/F/G/H/B/I/JLPHYA11",TRUE,
046,B,lphya13,numeric,"na, asked(-1)",-1,"na, asked",TRUE,
046,B,lphya14,binary,"na, wrong skip(-3)",-3,"na, wrong skip",TRUE,
046,B,lphya14,binary,"na, see B/C/D/E/B/F/G/H/BLPHYA01(-2)",-2,"na, see B/C/D/E/B/F/G/H/BLPHYA01",TRUE,
046,B,lphya14,binary,"na, asked(-1)",-1,"na, asked",TRUE,
046,B,lphya14,binary,no(1),1,no,FALSE,
046,B,lphya14,binary,yes(2),2,yes,FALSE,
046,B,lphya15,binary,"na, wrong skip(-3)",-3,"na, wrong skip",TRUE,
046,B,lphya15,binary,"na, see B/C/D/E/B/F/G/H/BLPHYA14(-2)",-2,"na, see B/C/D/E/B/F/G/H/BLPHYA14",TRUE,
046,B,lphya15,binary,"na, asked(-1)",-1,"na, asked",TRUE,
046,B,lphya15,binary,no(1),1,no,FALSE,
046,B,lphya15,binary,yes(2),2,yes,FALSE,
046,B,lphya16,numeric,"na, wrong skip(-3)",-3,"na, wrong skip",TRUE,
046,B,lphya16,numeric,"na, see B/C/D/E/B/F/G/H/BLPHYA15(-2)",-2,"na, see B/C/D/E/B/F/G/H/BLPHYA15",TRUE,
046,B,lphya16,numeric,"na, asked(-1)",-1,"na, asked",TRUE,
046,B,lphya17,binary,"na, wrong skip(-3)",-3,"na, wrong skip",TRUE,
046,B,lphya17,binary,"na, see B/C/D/E/B/F/G/H/B/I/JLPHYA15(-2)",-2,"na, see B/C/D/E/B/F/G/H/B/I/JLPHYA15",TRUE,
046,B,lphya17,binary,"na, asked(-1)",-1,"na, asked",TRUE,
046,B,lphya17,binary,no(1),1,no,FALSE,
046,B,lphya17,binary,yes(2),2,yes,FALSE,
046,B,lphya18,numeric,"na, wrong skip(-3)",-3,"na, wrong skip",TRUE,
046,B,lphya18,numeric,"na, see B/C/D/E/B/F/G/H/B/I/JLPHYA17(-2)",-2,"na, see B/C/D/E/B/F/G/H/B/I/JLPHYA17",TRUE,
046,B,lphya18,numeric,"na, asked(-1)",-1,"na, asked",TRUE,
046,B,lphya19,numeric,"na, wrong skip(-3)",-3,"na, wrong skip",TRUE,
046,B,lphya19,numeric,"na, see B/C/D/E/B/F/G/H/B/I/JLPHYA17(-2)",-2,"na, see B/C/D/E/B/F/G/H/B/I/JLPHYA17",TRUE,
046,B,lphya19,numeric,"na, asked(-1)",-1,"na, asked",TRUE,
046,B,lphya20,binary,"na, wrong skip(-3)",-3,"na, wrong skip",TRUE,
046,B,lphya20,binary,"na, see B/C/D/E/B/F/G/H/BLPHYA17(-2)",-2,"na, see B/C/D/E/B/F/G/H/BLPHYA17",TRUE,
046,B,lphya20,binary,"na, asked(-1)",-1,"na, asked",TRUE,
046,B,lphya20,binary,no(1),1,no,FALSE,
046,B,lphya20,binary,yes(2),2,yes,FALSE,
046,B,lphya21,binary,"na, wrong skip(-3)",-3,"na, wrong skip",TRUE,
046,B,lphya21,binary,"na, see B/C/D/E/B/F/GLPHYA01(-2)",-2,"na, see B/C/D/E/B/F/GLPHYA01",TRUE,
046,B,lphya21,binary,"na, asked(-1)",-1,"na, asked",TRUE,
046,B,lphya21,binary,no(1),1,no,FALSE,
046,B,lphya21,binary,yes(2),2,yes,FALSE,
046,B,lphya22,categorical,"na, wrong skip(-3)",-3,"na, wrong skip",TRUE,
046,B,lphya22,categorical,"na, see B/C/D/E/B/F/GLPHYA21(-2)",-2,"na, see B/C/D/E/B/F/GLPHYA21",TRUE,
046,B,lphya22,categorical,"na, asked(-1)",-1,"na, asked",TRUE,
046,B,lphya22,categorical,distance walking(1),1,distance walking,FALSE,
046,B,lphya22,categorical,distance cycling(2),2,distance cycling,FALSE,
046,B,lphya22,categorical,gymnastics(3),3,gymnastics,FALSE,
046,B,lphya22,categorical,home trainer(4),4,home trainer,FALSE,
046,B,lphya22,categorical,swimming(5),5,swimming,FALSE,
046,B,lphya22,categorical,(folk)dancing(6),6,(folk)dancing,FALSE,
046,B,lphya22,categorical,bowling(7),7,bowling,FALSE,
046,B,lphya22,categorical,tennis(8),8,tennis,FALSE,
046,B,lphya22,categorical,jogging/running/speed walking(9),9,jogging/running/speed walking,FALSE,
046,B,lphya22,categorical,rowing(10),10,rowing,FALSE,
046,B,lphya22,categorical,sailing(11),11,sailing,FALSE,
046,B,lphya22,categorical,billiards(12),12,billiards,FALSE,
046,B,lphya22,categorical,fishing(13),13,fishing,FALSE,
046,B,lphya22,categorical,soccer/basketball/korfball(14),14,soccer/basketball/korfball,FALSE,
046,B,lphya22,categorical,volleybal/baseball(15),15,volleybal/baseball,FALSE,
046,B,lphya22,categorical,winter sports(16),16,winter sports,FALSE,
046,B,lphya22,categorical,other sports(17),17,other sports,FALSE,
046,B,lphya23,numeric,"na, wrong skip(-3)",-3,"na, wrong skip",TRUE,
046,B,lphya23,numeric,"na, see B/C/D/E/B/F/G/H/B/I/JLPHYA21(-2)",-2,"na, see B/C/D/E/B/F/G/H/B/I/JLPHYA21",TRUE,
046,B,lphya23,numeric,"na, asked(-1)",-1,"na, asked",TRUE,
046,B,lphya24,numeric,"na, wrong skip(-3)",-3,"na, wrong skip",TRUE,
046,B,lphya24,numeric,"na, see B/C/D/E/B/F/G/H/B/I/JLPHYA23(-2)",-2,"na, see B/C/D/E/B/F/G/H/B/I/JLPHYA23",TRUE,
046,B,lphya24,numeric,"na, asked(-1)",-1,"na, asked",TRUE,
046,B,lphya25,binary,"na, wrong skip(-3)",-3,"na, wrong skip",TRUE,
046,B,lphya25,binary,"na, see B/C/D/E/B/F/G/H/B/I/JLPHYA21(-2)",-2,"na, see B/C/D/E/B/F/G/H/B/I/JLPHYA21",TRUE,
046,B,lphya25,binary,"na, asked(-1)",-1,"na, asked",TRUE,
046,B,lphya25,binary,no(1),1,no,FALSE,
046,B,lphya25,binary,yes(2),2,yes,FALSE,
046,B,lphya26,categorical,"na, wrong skip(-3)",-3,"na, wrong skip",TRUE,
046,B,lphya26,categorical,"na, see B/C/D/E/B/F/GLPHYA25(-2)",-2,"na, see B/C/D/E/B/F/GLPHYA25",TRUE,
046,B,lphya26,categorical,"na, asked(-1)",-1,"na, asked",TRUE,
046,B,lphya26,categorical,distance walking(1),1,distance walking,FALSE,
046,B,lphya26,categorical,distance cycling(2),2,distance cycling,FALSE,
046,B,lphya26,categorical,gymnastics(3),3,gymnastics,FALSE,
046,B,lphya26,categorical,home trainer(4),4,home trainer,FALSE,
046,B,lphya26,categorical,swimming(5),5,swimming,FALSE,
046,B,lphya26,categorical,(folk)dancing(6),6,(folk)dancing,FALSE,
046,B,lphya26,categorical,bowling(7),7,bowling,FALSE,
046,B,lphya26,categorical,tennis(8),8,tennis,FALSE,
046,B,lphya26,categorical,jogging/running/speed walking(9),9,jogging/running/speed walking,FALSE,
046,B,lphya26,categorical,rowing(10),10,rowing,FALSE,
046,B,lphya26,categorical,sailing(11),11,sailing,FALSE,
046,B,lphya26,categorical,billiards(12),12,billiards,FALSE,
046,B,lphya26,categorical,fishing(13),13,fishing,FALSE,
046,B,lphya26,categorical,soccer/basketball/korfball(14),14,soccer/basketball/korfball,FALSE,
046,B,lphya26,categorical,volleybal/baseball(15),15,volleybal/baseball,FALSE,
046,B,lphya26,categorical,winter sports(16),16,winter sports,FALSE,
046,B,lphya26,categorical,other sports(17),17,other sports,FALSE,
046,B,lphya27,numeric,"na, wrong skip(-3)",-3,"na, wrong skip",TRUE,
046,B,lphya27,numeric,"na, see B/C/D/E/B/F/G/H/B/I/JLPHYA25(-2)",-2,"na, see B/C/D/E/B/F/G/H/B/I/JLPHYA25",TRUE,
046,B,lphya27,numeric,"na, asked(-1)",-1,"na, asked",TRUE,
046,B,lphya28,numeric,"na, wrong skip(-3)",-3,"na, wrong skip",TRUE,
046,B,lphya28,numeric,"na, see B/C/D/E/B/F/G/H/B/I/JLPHYA27(-2)",-2,"na, see B/C/D/E/B/F/G/H/B/I/JLPHYA27",TRUE,
046,B,lphya28,numeric,"na, asked(-1)",-1,"na, asked",TRUE,
046,B,lphya29,categorical,"na, wrong skip(-3)",-3,"na, wrong skip",TRUE,
046,B,lphya29,categorical,"na, see B/C/D/E/B/F/GLPHYA21(-2)",-2,"na, see B/C/D/E/B/F/GLPHYA21",TRUE,
046,B,lphya29,categorical,"na, asked(-1)",-1,"na, asked",TRUE,
046,B,lphya29,categorical,no(1),1,no,FALSE,
046,B,lphya29,categorical,yes(2),2,yes,FALSE,
046,B,lphya29,categorical,do not know(3),3,do not know,FALSE,
046,B,lphya30,numeric,"na, wrong skip(-3)",-3,"na, wrong skip",TRUE,
046,B,lphya30,numeric,"na, see B/C/D/E/B/F/GLPHYA29(-2)",-2,"na, see B/C/D/E/B/F/GLPHYA29",TRUE,
046,B,lphya30,numeric,"na, asked(-1)",-1,"na, asked",TRUE,
046,B,lphya31,binary,"na, wrong skip(-3)",-3,"na, wrong skip",TRUE,
046,B,lphya31,binary,"na, see B/C/D/E/B/F/G/H/B/I/JLPHYA01(-2)",-2,"na, see B/C/D/E/B/F/G/H/B/I/JLPHYA01",TRUE,
046,B,lphya31,binary,"na, asked(-1)",-1,"na, asked",TRUE,
046,B,lphya31,binary,no(1),1,no,FALSE,
046,B,lphya31,binary,yes(2),2,yes,FALSE,
046,B,lphya32,categorical,"na, wrong skip(-3)",-3,"na, wrong skip",TRUE,
046,B,lphya32,categorical,"na, see B/C/D/E/B/F/G/H/B/I/JLPHYA31(-2)",-2,"na, see B/C/D/E/B/F/G/H/B/I/JLPHYA31",TRUE,
046,B,lphya32,categorical,"na, asked(-1)",-1,"na, asked",TRUE,
046,B,lphya32,categorical,no(1),1,no,FALSE,
046,B,lphya32,categorical,yes(2),2,yes,FALSE,
046,B,lphya32,categorical,do not know(3),3,do not know,FALSE,
046,B,lphya32,categorical,refusal(4),4,refusal,FALSE,
046,B,lphya33,numeric,"na, wrong skip(-3)",-3,"na, wrong skip",TRUE,
046,B,lphya33,numeric,"na, see B/C/D/E/B/F/G/H/B/I/JLPHYA32(-2)",-2,"na, see B/C/D/E/B/F/G/H/B/I/JLPHYA32",TRUE,
046,B,lphya33,numeric,"na, asked(-1)",-1,"na, asked",TRUE,
046,B,lphya34,numeric,"na, wrong skip(-3)",-3,"na, wrong skip",TRUE,
046,B,lphya34,numeric,"na, see B/C/D/E/B/F/G/H/B/I/JLPHYA32(-2)",-2,"na, see B/C/D/E/B/F/G/H/B/I/JLPHYA32",TRUE,
046,B,lphya34,numeric,"na, asked(-1)",-1,"na, asked",TRUE,
046,B,lphya35,binary,"na, wrong skip(-3)",-3,"na, wrong skip",TRUE,
046,B,lphya35,binary,"na, see B/C/D/E/B/F/G/H/B/I/JLPHYA01(-2)",-2,"na, see B/C/D/E/B/F/G/H/B/I/JLPHYA01",TRUE,
046,B,lphya35,binary,"na, asked(-1)",-1,"na, asked",TRUE,
046,B,lphya35,binary,no(1),1,no,FALSE,
046,B,lphya35,binary,yes(2),2,yes,FALSE,
046,B,lphya36,categorical,"na, wrong skip(-3)",-3,"na, wrong skip",TRUE,
046,B,lphya36,categorical,"na, see B/C/D/E/B/F/G/H/B/I/JLPHYA35(-2)",-2,"na, see B/C/D/E/B/F/G/H/B/I/JLPHYA35",TRUE,
046,B,lphya36,categorical,"na, asked(-1)",-1,"na, asked",TRUE,
046,B,lphya36,categorical,no(1),1,no,FALSE,
046,B,lphya36,categorical,yes(2),2,yes,FALSE,
046,B,lphya36,categorical,do not know(3),3,do not know,FALSE,
046,B,lphya36,categorical,refusal(4),4,refusal,FALSE,
046,B,lphya37,numeric,"na, wrong skip(-3)",-3,"na, wrong skip",TRUE,
046,B,lphya37,numeric,"na, see B/C/D/E/B/F/G/H/B/I/JLPHYA36(-2)",-2,"na, see B/C/D/E/B/F/G/H/B/I/JLPHYA36",TRUE,
046,B,lphya37,numeric,"na, asked(-1)",-1,"na, asked",TRUE,
046,B,lphya38,numeric,"na, wrong skip(-3)",-3,"na, wrong skip",TRUE,
046,B,lphya38,numeric,"na, see B/C/D/E/B/F/G/H/B/I/JLPHYA36(-2)",-2,"na, see B/C/D/E/B/F/G/H/B/I/JLPHYA36",TRUE,
046,B,lphya38,numeric,"na, asked(-1)",-1,"na, asked",TRUE,
046,B,lphya39,binary,"na, wrong skip(-3)",-3,"na, wrong skip",TRUE,
046,B,lphya39,binary,"na, see B/C/D/E/B/F/G/H/B/I/JLPHYA01(-2)",-2,"na, see B/C/D/E/B/F/G/H/B/I/JLPHYA01",TRUE,
046,B,lphya39,binary,"na, asked(-1)",-1,"na, asked",TRUE,
046,B,lphya39,binary,no(1),1,no,FALSE,
046,B,lphya39,binary,yes(2),2,yes,FALSE,
046,B,lphya40,binary,"na, wrong skip(-3)",-3,"na, wrong skip",TRUE,
046,B,lphya40,binary,"na, see B/C/D/E/B/F/G/H/B/I/JLPHYA39(-2)",-2,"na, see B/C/D/E/B/F/G/H/B/I/JLPHYA39",TRUE,
046,B,lphya40,binary,"na, asked(-1)",-1,"na, asked",TRUE,
046,B,lphya40,binary,not mentioned(0),0,not mentioned,FALSE,
046,B,lphya40,binary,mentioned(1),1,mentioned,FALSE,
046,B,lphya41,binary,"na, wrong skip(-3)",-3,"na, wrong skip",TRUE,
046,B,lphya41,binary,"na, see B/C/D/E/B/F/G/H/B/I/JLPHYA39(-2)",-2,"na, see B/C/D/E/B/F/G/H/B/I/JLPHYA39",TRUE,
046,B,lphya41,binary,"na, asked(-1)",-1,"na, asked",TRUE,
046,B,lphya41,binary,not mentioned(0),0,not mentioned,FALSE,
046,B,lphya41,binary,mentioned(1),1,mentioned,FALSE,
046,B,lphya42,binary,"na, wrong skip(-3)",-3,"na, wrong skip",TRUE,
046,B,lphya42,binary,"na, see B/C/D/E/B/F/G/H/B/I/JLPHYA39(-2)",-2,"na, see B/C/D/E/B/F/G/H/B/I/JLPHYA39",TRUE,
046,B,lphya42,binary,"na, asked(-1)",-1,"na, asked",TRUE,
046,B,lphya42,binary,not mentioned(0),0,not mentioned,FALSE,
046,B,lphya42,binary,mentioned(1),1,mentioned,FALSE,
046,B,lphya43,binary,"na, wrong skip(-3)",-3,"na, wrong skip",TRUE,
046,B,lphya43,binary,"na, see B/C/D/E/B/F/G/H/B/I/JLPHYA39(-2)",-2,"na, see B/C/D/E/B/F/G/H/B/I/JLPHYA39",TRUE,
046,B,lphya43,binary,"na, asked(-1)",-1,"na, asked",TRUE,
046,B,lphya43,binary,not mentioned(0),0,not mentioned,FALSE,
046,B,lphya43,binary,mentioned(1),1,mentioned,FALSE,
046,B,lphya44,binary,"na, wrong skip(-3)",-3,"na, wrong skip",TRUE,
046,B,lphya44,binary,"na, see B/C/D/E/B/F/G/H/B/I/JLPHYA39(-2)",-2,"na, see B/C/D/E/B/F/G/H/B/I/JLPHYA39",TRUE,
046,B,lphya44,binary,"na, asked(-1)",-1,"na, asked",TRUE,
046,B,lphya44,binary,not mentioned(0),0,not mentioned,FALSE,
046,B,lphya44,binary,mentioned(1),1,mentioned,FALSE,
046,B,lphya45,binary,"na, wrong skip(-3)",-3,"na, wrong skip",TRUE,
046,B,lphya45,binary,"na, see B/C/D/E/BLPHYA39(-2)",-2,"na, see B/C/D/E/BLPHYA39",TRUE,
046,B,lphya45,binary,"na, asked(-1)",-1,"na, asked",TRUE,
046,B,lphya45,binary,not mentioned(0),0,not mentioned,FALSE,
046,B,lphya45,binary,mentioned(1),1,mentioned,FALSE,
046,B,lphya46,ordinal,"na, see B/C/D/E/BLPHYA45(-2)",-2,"na, see B/C/D/E/BLPHYA45",TRUE,
046,B,lphya46,ordinal,visit from friend/family(1),1,visit from friend/family,FALSE,
046,B,lphya46,ordinal,positive activities(2),2,positive activities,FALSE,
046,B,lphya46,ordinal,illness partner(3),3,illness partner,FALSE,
046,B,lphya46,ordinal,good weather(4),4,good weather,FALSE,
046,B,lphya46,ordinal,decease partner(5),5,decease partner,FALSE,
046,B,lphya46,ordinal,business-trip(6),6,business-trip,FALSE,
046,B,lphya46,ordinal,removal(7),7,removal,FALSE,
046,B,lphya46,ordinal,spring cleaning(8),8,spring cleaning,FALSE,
046,B,lphya46,ordinal,rebuilding(9),9,rebuilding,FALSE,
046,B,lphya46,ordinal,other(10),10,other,FALSE,
046,C,lphya01,categorical,"na, interview terminated(-5)",-5,"na, interview terminated",TRUE,
046,C,lphya01,categorical,"na, short interview(-4)",-4,"na, short interview",TRUE,
046,C,lphya01,categorical,"na, (from wave h: not done,) wrong skip(-3)",-3,"na, wrong skip",TRUE,
046,C,lphya01,categorical,"na, asked(-1)",-1,"na, asked",TRUE,
046,C,lphya01,categorical,respondent bedridden(1),1,respondent bedridden,FALSE,
046,C,lphya01,categorical,respondent in elec. wheelchair(2),2,respondent in elec. wheelchair,FALSE,
046,C,lphya01,categorical,respondent in mech. wheelchair(3),3,respondent in mech. wheelchair,FALSE,
046,C,lphya01,categorical,"not 1, 2 or 3(4)",4,"not 1, 2 or 3",FALSE,
046,C,lphya02,binary,"na, wrong skip(-3)",-3,"na, wrong skip",TRUE,
046,C,lphya02,binary,"na, see B/C/D/E/B/F/G/H/B/I/JLPHYA01(-2)",-2,"na, see B/C/D/E/B/F/G/H/B/I/JLPHYA01",TRUE,
046,C,lphya02,binary,"na, asked(-1)",-1,"na, asked",TRUE,
046,C,lphya02,binary,no(1),1,no,FALSE,
046,C,lphya02,binary,yes(2),2,yes,FALSE,
046,C,lphya03,binary,"na, wrong skip(-3)",-3,"na, wrong skip",TRUE,
046,C,lphya03,binary,"na, see B/C/D/E/B/F/G/H/B/I/JLPHYA02(-2)",-2,"na, see B/C/D/E/B/F/G/H/B/I/JLPHYA02",TRUE,
046,C,lphya03,binary,"na, asked(-1)",-1,"na, asked",TRUE,
046,C,lphya03,binary,no(1),1,no,FALSE,
046,C,lphya03,binary,yes(2),2,yes,FALSE,
046,C,lphya04,numeric,"na, wrong skip(-3)",-3,"na, wrong skip",TRUE,
046,C,lphya04,numeric,"na, see B/C/D/E/B/F/G/H/B/I/JLPHYA03(-2)",-2,"na, see B/C/D/E/B/F/G/H/B/I/JLPHYA03",TRUE,
046,C,lphya04,numeric,"na, asked(-1)",-1,"na, asked",TRUE,
046,C,lphya05,numeric,"na, wrong skip(-3)",-3,"na, wrong skip",TRUE,
046,C,lphya05,numeric,"na, see B/C/D/E/B/F/G/H/B/I/JLPHYA03(-2)",-2,"na, see B/C/D/E/B/F/G/H/B/I/JLPHYA03",TRUE,
046,C,lphya05,numeric,"na, asked(-1)",-1,"na, asked",TRUE,
046,C,lphya06,binary,"na, wrong skip(-3)",-3,"na, wrong skip",TRUE,
046,C,lphya06,binary,"na, see B/C/D/E/B/F/G/H/B/I/JLPHYA01(-2)",-2,"na, see B/C/D/E/B/F/G/H/B/I/JLPHYA01",TRUE,
046,C,lphya06,binary,"na, asked(-1)",-1,"na, asked",TRUE,
046,C,lphya06,binary,no(1),1,no,FALSE,
046,C,lphya06,binary,yes(2),2,yes,FALSE,
046,C,lphya07,binary,"na, wrong skip(-3)",-3,"na, wrong skip",TRUE,
046,C,lphya07,binary,"na, see B/C/D/E/B/F/G/H/B/I/JLPHYA06(-2)",-2,"na, see B/C/D/E/B/F/G/H/B/I/JLPHYA06",TRUE,
046,C,lphya07,binary,"na, asked(-1)",-1,"na, asked",TRUE,
046,C,lphya07,binary,no(1),1,no,FALSE,
046,C,lphya07,binary,yes(2),2,yes,FALSE,
046,C,lphya08,numeric,"na, wrong skip(-3)",-3,"na, wrong skip",TRUE,
046,C,lphya08,numeric,"na, see B/C/D/E/B/F/G/H/B/I/JLPHYA07(-2)",-2,"na, see B/C/D/E/B/F/G/H/B/I/JLPHYA07",TRUE,
046,C,lphya08,numeric,"na, asked(-1)",-1,"na, asked",TRUE,
046,C,lphya09,numeric,"na, wrong skip(-3)",-3,"na, wrong skip",TRUE,
046,C,lphya09,numeric,"na, see B/C/D/E/B/F/G/H/B/I/JLPHYA07(-2)",-2,"na, see B/C/D/E/B/F/G/H/B/I/JLPHYA07",TRUE,
046,C,lphya09,numeric,"na, asked(-1)",-1,"na, asked",TRUE,
046,C,lphya10,binary,"na, wrong skip(-3)",-3,"na, wrong skip",TRUE,
046,C,lphya10,binary,"na, see B/C/D/E/B/F/G/H/B/I/JLPHYA01(-2)",-2,"na, see B/C/D/E/B/F/G/H/B/I/JLPHYA01",TRUE,
046,C,lphya10,binary,"na, asked(-1)",-1,"na, asked",TRUE,
046,C,lphya10,binary,no(1),1,no,FALSE,
046,C,lphya10,binary,yes(2),2,yes,FALSE,
046,C,lphya11,binary,"na, wrong skip(-3)",-3,"na, wrong skip",TRUE,
046,C,lphya11,binary,"na, see B/C/D/E/B/F/G/H/B/I/JLPHYA10(-2)",-2,"na, see B/C/D/E/B/F/G/H/B/I/JLPHYA10",TRUE,
046,C,lphya11,binary,"na, asked(-1)",-1,"na, asked",TRUE,
046,C,lphya11,binary,no(1),1,no,FALSE,
046,C,lphya11,binary,yes(2),2,yes,FALSE,
046,C,lphya12,numeric,"na, wrong skip(-3)",-3,"na, wrong skip",TRUE,
046,C,lphya12,numeric,"na, see B/C/D/E/B/F/G/H/B/I/JLPHYA11(-2)",-2,"na, see B/C/D/E/B/F/G/H/B/I/JLPHYA11",TRUE,
046,C,lphya12,numeric,"na, asked(-1)",-1,"na, asked",TRUE,
046,C,lphya13,numeric,"na, wrong skip(-3)",-3,"na, wrong skip",TRUE,
046,C,lphya13,numeric,"na, see B/C/D/E/B/F/G/H/B/I/JLPHYA11(-2)",-2,"na, see B/C/D/E/B/F/G/H/B/I/JLPHYA11",TRUE,
046,C,lphya13,numeric,"na, asked(-1)",-1,"na, asked",TRUE,
046,C,lphya14,binary,"na, wrong skip(-3)",-3,"na, wrong skip",TRUE,
046,C,lphya14,binary,"na, see B/C/D/E/B/F/G/H/BLPHYA01(-2)",-2,"na, see B/C/D/E/B/F/G/H/BLPHYA01",TRUE,
046,C,lphya14,binary,"na, asked(-1)",-1,"na, asked",TRUE,
046,C,lphya14,binary,no(1),1,no,FALSE,
046,C,lphya14,binary,yes(2),2,yes,FALSE,
046,C,lphya15,binary,"na, wrong skip(-3)",-3,"na, wrong skip",TRUE,
046,C,lphya15,binary,"na, see B/C/D/E/B/F/G/H/BLPHYA14(-2)",-2,"na, see B/C/D/E/B/F/G/H/BLPHYA14",TRUE,
046,C,lphya15,binary,"na, asked(-1)",-1,"na, asked",TRUE,
046,C,lphya15,binary,no(1),1,no,FALSE,
046,C,lphya15,binary,yes(2),2,yes,FALSE,
046,C,lphya16,numeric,"na, wrong skip(-3)",-3,"na, wrong skip",TRUE,
046,C,lphya16,numeric,"na, see B/C/D/E/B/F/G/H/BLPHYA15(-2)",-2,"na, see B/C/D/E/B/F/G/H/BLPHYA15",TRUE,
046,C,lphya16,numeric,"na, asked(-1)",-1,"na, asked",TRUE,
046,C,lphya17,binary,"na, wrong skip(-3)",-3,"na, wrong skip",TRUE,
046,C,lphya17,binary,"na, see B/C/D/E/B/F/G/H/B/I/JLPHYA15(-2)",-2,"na, see B/C/D/E/B/F/G/H/B/I/JLPHYA15",TRUE,
046,C,lphya17,binary,"na, asked(-1)",-1,"na, asked",TRUE,
046,C,lphya17,binary,no(1),1,no,FALSE,
046,C,lphya17,binary,yes(2),2,yes,FALSE,
046,C,lphya18,numeric,"na, wrong skip(-3)",-3,"na, wrong skip",TRUE,
046,C,lphya18,numeric,"na, see B/C/D/E/B/F/G/H/B/I/JLPHYA17(-2)",-2,"na, see B/C/D/E/B/F/G/H/B/I/JLPHYA17",TRUE,
046,C,lphya18,numeric,"na, asked(-1)",-1,"na, asked",TRUE,
046,C,lphya19,numeric,"na, wrong skip(-3)",-3,"na, wrong skip",TRUE,
046,C,lphya19,numeric,"na, see B/C/D/E/B/F/G/H/B/I/JLPHYA17(-2)",-2,"na, see B/C/D/E/B/F/G/H/B/I/JLPHYA17",TRUE,
046,C,lphya19,numeric,"na, asked(-1)",-1,"na, asked",TRUE,
046,C,lphya20,binary,"na, wrong skip(-3)",-3,"na, wrong skip",TRUE,
046,C,lphya20,binary,"na, see B/C/D/E/B/F/G/H/BLPHYA17(-2)",-2,"na, see B/C/D/E/B/F/G/H/BLPHYA17",TRUE,
046,C,lphya20,binary,"na, asked(-1)",-1,"na, asked",TRUE,
046,C,lphya20,binary,no(1),1,no,FALSE,
046,C,lphya20,binary,yes(2),2,yes,FALSE,
046,C,lphya21,binary,"na, wrong skip(-3)",-3,"na, wrong skip",TRUE,
046,C,lphya21,binary,"na, see B/C/D/E/B/F/GLPHYA01(-2)",-2,"na, see B/C/D/E/B/F/GLPHYA01",TRUE,
046,C,lphya21,binary,"na, asked(-1)",-1,"na, asked",TRUE,
046,C,lphya21,binary,no(1),1,no,FALSE,
046,C,lphya21,binary,yes(2),2,yes,FALSE,
046,C,lphya22,categorical,"na, wrong skip(-3)",-3,"na, wrong skip",TRUE,
046,C,lphya22,categorical,"na, see B/C/D/E/B/F/GLPHYA21(-2)",-2,"na, see B/C/D/E/B/F/GLPHYA21",TRUE,
046,C,lphya22,categorical,"na, asked(-1)",-1,"na, asked",TRUE,
046,C,lphya22,categorical,distance walking(1),1,distance walking,FALSE,
046,C,lphya22,categorical,distance cycling(2),2,distance cycling,FALSE,
046,C,lphya22,categorical,gymnastics(3),3,gymnastics,FALSE,
046,C,lphya22,categorical,home trainer(4),4,home trainer,FALSE,
046,C,lphya22,categorical,swimming(5),5,swimming,FALSE,
046,C,lphya22,categorical,(folk)dancing(6),6,(folk)dancing,FALSE,
046,C,lphya22,categorical,bowling(7),7,bowling,FALSE,
046,C,lphya22,categorical,tennis(8),8,tennis,FALSE,
046,C,lphya22,categorical,jogging/running/speed walking(9),9,jogging/running/speed walking,FALSE,
046,C,lphya22,categorical,rowing(10),10,rowing,FALSE,
046,C,lphya22,categorical,sailing(11),11,sailing,FALSE,
046,C,lphya22,categorical,billiards(12),12,billiards,FALSE,
046,C,lphya22,categorical,fishing(13),13,fishing,FALSE,
046,C,lphya22,categorical,soccer/basketball/korfball(14),14,soccer/basketball/korfball,FALSE,
046,C,lphya22,categorical,volleybal/baseball(15),15,volleybal/baseball,FALSE,
046,C,lphya22,categorical,winter sports(16),16,winter sports,FALSE,
046,C,lphya22,categorical,other sports(17),17,other sports,FALSE,
046,C,lphya23,numeric,"na, wrong skip(-3)",-3,"na, wrong skip",TRUE,
046,C,lphya23,numeric,"na, see B/C/D/E/B/F/G/H/B/I/JLPHYA21(-2)",-2,"na, see B/C/D/E/B/F/G/H/B/I/JLPHYA21",TRUE,
046,C,lphya23,numeric,"na, asked(-1)",-1,"na, asked",TRUE,
046,C,lphya24,numeric,"na, wrong skip(-3)",-3,"na, wrong skip",TRUE,
046,C,lphya24,numeric,"na, see B/C/D/E/B/F/G/H/B/I/JLPHYA23(-2)",-2,"na, see B/C/D/E/B/F/G/H/B/I/JLPHYA23",TRUE,
046,C,lphya24,numeric,"na, asked(-1)",-1,"na, asked",TRUE,
046,C,lphya25,binary,"na, wrong skip(-3)",-3,"na, wrong skip",TRUE,
046,C,lphya25,binary,"na, see B/C/D/E/B/F/G/H/B/I/JLPHYA21(-2)",-2,"na, see B/C/D/E/B/F/G/H/B/I/JLPHYA21",TRUE,
046,C,lphya25,binary,"na, asked(-1)",-1,"na, asked",TRUE,
046,C,lphya25,binary,no(1),1,no,FALSE,
046,C,lphya25,binary,yes(2),2,yes,FALSE,
046,C,lphya26,categorical,"na, wrong skip(-3)",-3,"na, wrong skip",TRUE,
046,C,lphya26,categorical,"na, see B/C/D/E/B/F/GLPHYA25(-2)",-2,"na, see B/C/D/E/B/F/GLPHYA25",TRUE,
046,C,lphya26,categorical,"na, asked(-1)",-1,"na, asked",TRUE,
046,C,lphya26,categorical,distance walking(1),1,distance walking,FALSE,
046,C,lphya26,categorical,distance cycling(2),2,distance cycling,FALSE,
046,C,lphya26,categorical,gymnastics(3),3,gymnastics,FALSE,
046,C,lphya26,categorical,home trainer(4),4,home trainer,FALSE,
046,C,lphya26,categorical,swimming(5),5,swimming,FALSE,
046,C,lphya26,categorical,(folk)dancing(6),6,(folk)dancing,FALSE,
046,C,lphya26,categorical,bowling(7),7,bowling,FALSE,
046,C,lphya26,categorical,tennis(8),8,tennis,FALSE,
046,C,lphya26,categorical,jogging/running/speed walking(9),9,jogging/running/speed walking,FALSE,
046,C,lphya26,categorical,rowing(10),10,rowing,FALSE,
046,C,lphya26,categorical,sailing(11),11,sailing,FALSE,
046,C,lphya26,categorical,billiards(12),12,billiards,FALSE,
046,C,lphya26,categorical,fishing(13),13,fishing,FALSE,
046,C,lphya26,categorical,soccer/basketball/korfball(14),14,soccer/basketball/korfball,FALSE,
046,C,lphya26,categorical,volleybal/baseball(15),15,volleybal/baseball,FALSE,
046,C,lphya26,categorical,winter sports(16),16,winter sports,FALSE,
046,C,lphya26,categorical,other sports(17),17,other sports,FALSE,
046,C,lphya27,numeric,"na, wrong skip(-3)",-3,"na, wrong skip",TRUE,
046,C,lphya27,numeric,"na, see B/C/D/E/B/F/G/H/B/I/JLPHYA25(-2)",-2,"na, see B/C/D/E/B/F/G/H/B/I/JLPHYA25",TRUE,
046,C,lphya27,numeric,"na, asked(-1)",-1,"na, asked",TRUE,
046,C,lphya28,numeric,"na, wrong skip(-3)",-3,"na, wrong skip",TRUE,
046,C,lphya28,numeric,"na, see B/C/D/E/B/F/G/H/B/I/JLPHYA27(-2)",-2,"na, see B/C/D/E/B/F/G/H/B/I/JLPHYA27",TRUE,
046,C,lphya28,numeric,"na, asked(-1)",-1,"na, asked",TRUE,
046,C,lphya29,categorical,"na, wrong skip(-3)",-3,"na, wrong skip",TRUE,
046,C,lphya29,categorical,"na, see B/C/D/E/B/F/GLPHYA21(-2)",-2,"na, see B/C/D/E/B/F/GLPHYA21",TRUE,
046,C,lphya29,categorical,"na, asked(-1)",-1,"na, asked",TRUE,
046,C,lphya29,categorical,no(1),1,no,FALSE,
046,C,lphya29,categorical,yes(2),2,yes,FALSE,
046,C,lphya29,categorical,do not know(3),3,do not know,FALSE,
046,C,lphya30,numeric,"na, wrong skip(-3)",-3,"na, wrong skip",TRUE,
046,C,lphya30,numeric,"na, see B/C/D/E/B/F/GLPHYA29(-2)",-2,"na, see B/C/D/E/B/F/GLPHYA29",TRUE,
046,C,lphya30,numeric,"na, asked(-1)",-1,"na, asked",TRUE,
046,C,lphya31,binary,"na, wrong skip(-3)",-3,"na, wrong skip",TRUE,
046,C,lphya31,binary,"na, see B/C/D/E/B/F/G/H/B/I/JLPHYA01(-2)",-2,"na, see B/C/D/E/B/F/G/H/B/I/JLPHYA01",TRUE,
046,C,lphya31,binary,"na, asked(-1)",-1,"na, asked",TRUE,
046,C,lphya31,binary,no(1),1,no,FALSE,
046,C,lphya31,binary,yes(2),2,yes,FALSE,
046,C,lphya32,categorical,"na, wrong skip(-3)",-3,"na, wrong skip",TRUE,
046,C,lphya32,categorical,"na, see B/C/D/E/B/F/G/H/B/I/JLPHYA31(-2)",-2,"na, see B/C/D/E/B/F/G/H/B/I/JLPHYA31",TRUE,
046,C,lphya32,categorical,"na, asked(-1)",-1,"na, asked",TRUE,
046,C,lphya32,categorical,no(1),1,no,FALSE,
046,C,lphya32,categorical,yes(2),2,yes,FALSE,
046,C,lphya32,categorical,do not know(3),3,do not know,FALSE,
046,C,lphya32,categorical,refusal(4),4,refusal,FALSE,
046,C,lphya33,numeric,"na, wrong skip(-3)",-3,"na, wrong skip",TRUE,
046,C,lphya33,numeric,"na, see B/C/D/E/B/F/G/H/B/I/JLPHYA32(-2)",-2,"na, see B/C/D/E/B/F/G/H/B/I/JLPHYA32",TRUE,
046,C,lphya33,numeric,"na, asked(-1)",-1,"na, asked",TRUE,
046,C,lphya34,numeric,"na, wrong skip(-3)",-3,"na, wrong skip",TRUE,
046,C,lphya34,numeric,"na, see B/C/D/E/B/F/G/H/B/I/JLPHYA32(-2)",-2,"na, see B/C/D/E/B/F/G/H/B/I/JLPHYA32",TRUE,
046,C,lphya34,numeric,"na, asked(-1)",-1,"na, asked",TRUE,
046,C,lphya35,binary,"na, wrong skip(-3)",-3,"na, wrong skip",TRUE,
046,C,lphya35,binary,"na, see B/C/D/E/B/F/G/H/B/I/JLPHYA01(-2)",-2,"na, see B/C/D/E/B/F/G/H/B/I/JLPHYA01",TRUE,
046,C,lphya35,binary,"na, asked(-1)",-1,"na, asked",TRUE,
046,C,lphya35,binary,no(1),1,no,FALSE,
046,C,lphya35,binary,yes(2),2,yes,FALSE,
046,C,lphya36,categorical,"na, wrong skip(-3)",-3,"na, wrong skip",TRUE,
046,C,lphya36,categorical,"na, see B/C/D/E/B/F/G/H/B/I/JLPHYA35(-2)",-2,"na, see B/C/D/E/B/F/G/H/B/I/JLPHYA35",TRUE,
046,C,lphya36,categorical,"na, asked(-1)",-1,"na, asked",TRUE,
046,C,lphya36,categorical,no(1),1,no,FALSE,
046,C,lphya36,categorical,yes(2),2,yes,FALSE,
046,C,lphya36,categorical,do not know(3),3,do not know,FALSE,
046,C,lphya36,categorical,refusal(4),4,refusal,FALSE,
046,C,lphya37,numeric,"na, wrong skip(-3)",-3,"na, wrong skip",TRUE,
046,C,lphya37,numeric,"na, see B/C/D/E/B/F/G/H/B/I/JLPHYA36(-2)",-2,"na, see B/C/D/E/B/F/G/H/B/I/JLPHYA36",TRUE,
046,C,lphya37,numeric,"na, asked(-1)",-1,"na, asked",TRUE,
046,C,lphya38,numeric,"na, wrong skip(-3)",-3,"na, wrong skip",TRUE,
046,C,lphya38,numeric,"na, see B/C/D/E/B/F/G/H/B/I/JLPHYA36(-2)",-2,"na, see B/C/D/E/B/F/G/H/B/I/JLPHYA36",TRUE,
046,C,lphya38,numeric,"na, asked(-1)",-1,"na, asked",TRUE,
046,C,lphya39,binary,"na, wrong skip(-3)",-3,"na, wrong skip",TRUE,
046,C,lphya39,binary,"na, see B/C/D/E/B/F/G/H/B/I/JLPHYA01(-2)",-2,"na, see B/C/D/E/B/F/G/H/B/I/JLPHYA01",TRUE,
046,C,lphya39,binary,"na, asked(-1)",-1,"na, asked",TRUE,
046,C,lphya39,binary,no(1),1,no,FALSE,
046,C,lphya39,binary,yes(2),2,yes,FALSE,
046,C,lphya40,binary,"na, wrong skip(-3)",-3,"na, wrong skip",TRUE,
046,C,lphya40,binary,"na, see B/C/D/E/B/F/G/H/B/I/JLPHYA39(-2)",-2,"na, see B/C/D/E/B/F/G/H/B/I/JLPHYA39",TRUE,
046,C,lphya40,binary,"na, asked(-1)",-1,"na, asked",TRUE,
046,C,lphya40,binary,not mentioned(0),0,not mentioned,FALSE,
046,C,lphya40,binary,mentioned(1),1,mentioned,FALSE,
046,C,lphya41,binary,"na, wrong skip(-3)",-3,"na, wrong skip",TRUE,
046,C,lphya41,binary,"na, see B/C/D/E/B/F/G/H/B/I/JLPHYA39(-2)",-2,"na, see B/C/D/E/B/F/G/H/B/I/JLPHYA39",TRUE,
046,C,lphya41,binary,"na, asked(-1)",-1,"na, asked",TRUE,
046,C,lphya41,binary,not mentioned(0),0,not mentioned,FALSE,
046,C,lphya41,binary,mentioned(1),1,mentioned,FALSE,
046,C,lphya42,binary,"na, wrong skip(-3)",-3,"na, wrong skip",TRUE,
046,C,lphya42,binary,"na, see B/C/D/E/B/F/G/H/B/I/JLPHYA39(-2)",-2,"na, see B/C/D/E/B/F/G/H/B/I/JLPHYA39",TRUE,
046,C,lphya42,binary,"na, asked(-1)",-1,"na, asked",TRUE,
046,C,lphya42,binary,not mentioned(0),0,not mentioned,FALSE,
046,C,lphya42,binary,mentioned(1),1,mentioned,FALSE,
046,C,lphya43,binary,"na, wrong skip(-3)",-3,"na, wrong skip",TRUE,
046,C,lphya43,binary,"na, see B/C/D/E/B/F/G/H/B/I/JLPHYA39(-2)",-2,"na, see B/C/D/E/B/F/G/H/B/I/JLPHYA39",TRUE,
046,C,lphya43,binary,"na, asked(-1)",-1,"na, asked",TRUE,
046,C,lphya43,binary,not mentioned(0),0,not mentioned,FALSE,
046,C,lphya43,binary,mentioned(1),1,mentioned,FALSE,
046,C,lphya44,binary,"na, wrong skip(-3)",-3,"na, wrong skip",TRUE,
046,C,lphya44,binary,"na, see B/C/D/E/B/F/G/H/B/I/JLPHYA39(-2)",-2,"na, see B/C/D/E/B/F/G/H/B/I/JLPHYA39",TRUE,
046,C,lphya44,binary,"na, asked(-1)",-1,"na, asked",TRUE,
046,C,lphya44,binary,not mentioned(0),0,not mentioned,FALSE,
046,C,lphya44,binary,mentioned(1),1,mentioned,FALSE,
046,C,lphya45,binary,"na, wrong skip(-3)",-3,"na, wrong skip",TRUE,
046,C,lphya45,binary,"na, see B/C/D/E/BLPHYA39(-2)",-2,"na, see B/C/D/E/BLPHYA39",TRUE,
046,C,lphya45,binary,"na, asked(-1)",-1,"na, asked",TRUE,
046,C,lphya45,binary,not mentioned(0),0,not mentioned,FALSE,
046,C,lphya45,binary,mentioned(1),1,mentioned,FALSE,
046,C,lphya46,ordinal,"na, see B/C/D/E/BLPHYA45(-2)",-2,"na, see B/C/D/E/BLPHYA45",TRUE,
046,C,lphya46,ordinal,visit from friend/family(1),1,visit from friend/family,FALSE,
046,C,lphya46,ordinal,positive activities(2),2,positive activities,FALSE,
046,C,lphya46,ordinal,illness partner(3),3,illness partner,FALSE,
046,C,lphya46,ordinal,good weather(4),4,good weather,FALSE,
046,C,lphya46,ordinal,decease partner(5),5,decease partner,FALSE,
046,C,lphya46,ordinal,business-trip(6),6,business-trip,FALSE,
046,C,lphya46,ordinal,removal(7),7,removal,FALSE,
046,C,lphya46,ordinal,spring cleaning(8),8,spring cleaning,FALSE,
046,C,lphya46,ordinal,rebuilding(9),9,rebuilding,FALSE,
046,C,lphya46,ordinal,other(10),10,other,FALSE,
046,D,lphya01,categorical,"na, interview terminated(-5)",-5,"na, interview terminated",TRUE,
046,D,lphya01,categorical,"na, short interview(-4)",-4,"na, short interview",TRUE,
046,D,lphya01,categorical,"na, (from wave h: not done,) wrong skip(-3)",-3,"na, wrong skip",TRUE,
046,D,lphya01,categorical,"na, asked(-1)",-1,"na, asked",TRUE,
046,D,lphya01,categorical,respondent bedridden(1),1,respondent bedridden,FALSE,
046,D,lphya01,categorical,respondent in elec. wheelchair(2),2,respondent in elec. wheelchair,FALSE,
046,D,lphya01,categorical,respondent in mech. wheelchair(3),3,respondent in mech. wheelchair,FALSE,
046,D,lphya01,categorical,"not 1, 2 or 3(4)",4,"not 1, 2 or 3",FALSE,
046,D,lphya02,binary,"na, wrong skip(-3)",-3,"na, wrong skip",TRUE,
046,D,lphya02,binary,"na, see B/C/D/E/B/F/G/H/B/I/JLPHYA01(-2)",-2,"na, see B/C/D/E/B/F/G/H/B/I/JLPHYA01",TRUE,
046,D,lphya02,binary,"na, asked(-1)",-1,"na, asked",TRUE,
046,D,lphya02,binary,no(1),1,no,FALSE,
046,D,lphya02,binary,yes(2),2,yes,FALSE,
046,D,lphya03,binary,"na, wrong skip(-3)",-3,"na, wrong skip",TRUE,
046,D,lphya03,binary,"na, see B/C/D/E/B/F/G/H/B/I/JLPHYA02(-2)",-2,"na, see B/C/D/E/B/F/G/H/B/I/JLPHYA02",TRUE,
046,D,lphya03,binary,"na, asked(-1)",-1,"na, asked",TRUE,
046,D,lphya03,binary,no(1),1,no,FALSE,
046,D,lphya03,binary,yes(2),2,yes,FALSE,
046,D,lphya04,numeric,"na, wrong skip(-3)",-3,"na, wrong skip",TRUE,
046,D,lphya04,numeric,"na, see B/C/D/E/B/F/G/H/B/I/JLPHYA03(-2)",-2,"na, see B/C/D/E/B/F/G/H/B/I/JLPHYA03",TRUE,
046,D,lphya04,numeric,"na, asked(-1)",-1,"na, asked",TRUE,
046,D,lphya05,numeric,"na, wrong skip(-3)",-3,"na, wrong skip",TRUE,
046,D,lphya05,numeric,"na, see B/C/D/E/B/F/G/H/B/I/JLPHYA03(-2)",-2,"na, see B/C/D/E/B/F/G/H/B/I/JLPHYA03",TRUE,
046,D,lphya05,numeric,"na, asked(-1)",-1,"na, asked",TRUE,
046,D,lphya06,binary,"na, wrong skip(-3)",-3,"na, wrong skip",TRUE,
046,D,lphya06,binary,"na, see B/C/D/E/B/F/G/H/B/I/JLPHYA01(-2)",-2,"na, see B/C/D/E/B/F/G/H/B/I/JLPHYA01",TRUE,
046,D,lphya06,binary,"na, asked(-1)",-1,"na, asked",TRUE,
046,D,lphya06,binary,no(1),1,no,FALSE,
046,D,lphya06,binary,yes(2),2,yes,FALSE,
046,D,lphya07,binary,"na, wrong skip(-3)",-3,"na, wrong skip",TRUE,
046,D,lphya07,binary,"na, see B/C/D/E/B/F/G/H/B/I/JLPHYA06(-2)",-2,"na, see B/C/D/E/B/F/G/H/B/I/JLPHYA06",TRUE,
046,D,lphya07,binary,"na, asked(-1)",-1,"na, asked",TRUE,
046,D,lphya07,binary,no(1),1,no,FALSE,
046,D,lphya07,binary,yes(2),2,yes,FALSE,
046,D,lphya08,numeric,"na, wrong skip(-3)",-3,"na, wrong skip",TRUE,
046,D,lphya08,numeric,"na, see B/C/D/E/B/F/G/H/B/I/JLPHYA07(-2)",-2,"na, see B/C/D/E/B/F/G/H/B/I/JLPHYA07",TRUE,
046,D,lphya08,numeric,"na, asked(-1)",-1,"na, asked",TRUE,
046,D,lphya09,numeric,"na, wrong skip(-3)",-3,"na, wrong skip",TRUE,
046,D,lphya09,numeric,"na, see B/C/D/E/B/F/G/H/B/I/JLPHYA07(-2)",-2,"na, see B/C/D/E/B/F/G/H/B/I/JLPHYA07",TRUE,
046,D,lphya09,numeric,"na, asked(-1)",-1,"na, asked",TRUE,
046,D,lphya10,binary,"na, wrong skip(-3)",-3,"na, wrong skip",TRUE,
046,D,lphya10,binary,"na, see B/C/D/E/B/F/G/H/B/I/JLPHYA01(-2)",-2,"na, see B/C/D/E/B/F/G/H/B/I/JLPHYA01",TRUE,
046,D,lphya10,binary,"na, asked(-1)",-1,"na, asked",TRUE,
046,D,lphya10,binary,no(1),1,no,FALSE,
046,D,lphya10,binary,yes(2),2,yes,FALSE,
046,D,lphya11,binary,"na, wrong skip(-3)",-3,"na, wrong skip",TRUE,
046,D,lphya11,binary,"na, see B/C/D/E/B/F/G/H/B/I/JLPHYA10(-2)",-2,"na, see B/C/D/E/B/F/G/H/B/I/JLPHYA10",TRUE,
046,D,lphya11,binary,"na, asked(-1)",-1,"na, asked",TRUE,
046,D,lphya11,binary,no(1),1,no,FALSE,
046,D,lphya11,binary,yes(2),2,yes,FALSE,
046,D,lphya12,numeric,"na, wrong skip(-3)",-3,"na, wrong skip",TRUE,
046,D,lphya12,numeric,"na, see B/C/D/E/B/F/G/H/B/I/JLPHYA11(-2)",-2,"na, see B/C/D/E/B/F/G/H/B/I/JLPHYA11",TRUE,
046,D,lphya12,numeric,"na, asked(-1)",-1,"na, asked",TRUE,
046,D,lphya13,numeric,"na, wrong skip(-3)",-3,"na, wrong skip",TRUE,
046,D,lphya13,numeric,"na, see B/C/D/E/B/F/G/H/B/I/JLPHYA11(-2)",-2,"na, see B/C/D/E/B/F/G/H/B/I/JLPHYA11",TRUE,
046,D,lphya13,numeric,"na, asked(-1)",-1,"na, asked",TRUE,
046,D,lphya14,binary,"na, wrong skip(-3)",-3,"na, wrong skip",TRUE,
046,D,lphya14,binary,"na, see B/C/D/E/B/F/G/H/BLPHYA01(-2)",-2,"na, see B/C/D/E/B/F/G/H/BLPHYA01",TRUE,
046,D,lphya14,binary,"na, asked(-1)",-1,"na, asked",TRUE,
046,D,lphya14,binary,no(1),1,no,FALSE,
046,D,lphya14,binary,yes(2),2,yes,FALSE,
046,D,lphya15,binary,"na, wrong skip(-3)",-3,"na, wrong skip",TRUE,
046,D,lphya15,binary,"na, see B/C/D/E/B/F/G/H/BLPHYA14(-2)",-2,"na, see B/C/D/E/B/F/G/H/BLPHYA14",TRUE,
046,D,lphya15,binary,"na, asked(-1)",-1,"na, asked",TRUE,
046,D,lphya15,binary,no(1),1,no,FALSE,
046,D,lphya15,binary,yes(2),2,yes,FALSE,
046,D,lphya16,numeric,"na, wrong skip(-3)",-3,"na, wrong skip",TRUE,
046,D,lphya16,numeric,"na, see B/C/D/E/B/F/G/H/BLPHYA15(-2)",-2,"na, see B/C/D/E/B/F/G/H/BLPHYA15",TRUE,
046,D,lphya16,numeric,"na, asked(-1)",-1,"na, asked",TRUE,
046,D,lphya17,binary,"na, wrong skip(-3)",-3,"na, wrong skip",TRUE,
046,D,lphya17,binary,"na, see B/C/D/E/B/F/G/H/B/I/JLPHYA15(-2)",-2,"na, see B/C/D/E/B/F/G/H/B/I/JLPHYA15",TRUE,
046,D,lphya17,binary,"na, asked(-1)",-1,"na, asked",TRUE,
046,D,lphya17,binary,no(1),1,no,FALSE,
046,D,lphya17,binary,yes(2),2,yes,FALSE,
046,D,lphya18,numeric,"na, wrong skip(-3)",-3,"na, wrong skip",TRUE,
046,D,lphya18,numeric,"na, see B/C/D/E/B/F/G/H/B/I/JLPHYA17(-2)",-2,"na, see B/C/D/E/B/F/G/H/B/I/JLPHYA17",TRUE,
046,D,lphya18,numeric,"na, asked(-1)",-1,"na, asked",TRUE,
046,D,lphya19,numeric,"na, wrong skip(-3)",-3,"na, wrong skip",TRUE,
046,D,lphya19,numeric,"na, see B/C/D/E/B/F/G/H/B/I/JLPHYA17(-2)",-2,"na, see B/C/D/E/B/F/G/H/B/I/JLPHYA17",TRUE,
046,D,lphya19,numeric,"na, asked(-1)",-1,"na, asked",TRUE,
046,D,lphya20,binary,"na, wrong skip(-3)",-3,"na, wrong skip",TRUE,
046,D,lphya20,binary,"na, see B/C/D/E/B/F/G/H/BLPHYA17(-2)",-2,"na, see B/C/D/E/B/F/G/H/BLPHYA17",TRUE,
046,D,lphya20,binary,"na, asked(-1)",-1,"na, asked",TRUE,
046,D,lphya20,binary,no(1),1,no,FALSE,
046,D,lphya20,binary,yes(2),2,yes,FALSE,
046,D,lphya21,binary,"na, wrong skip(-3)",-3,"na, wrong skip",TRUE,
046,D,lphya21,binary,"na, see B/C/D/E/B/F/GLPHYA01(-2)",-2,"na, see B/C/D/E/B/F/GLPHYA01",TRUE,
046,D,lphya21,binary,"na, asked(-1)",-1,"na, asked",TRUE,
046,D,lphya21,binary,no(1),1,no,FALSE,
046,D,lphya21,binary,yes(2),2,yes,FALSE,
046,D,lphya22,categorical,"na, wrong skip(-3)",-3,"na, wrong skip",TRUE,
046,D,lphya22,categorical,"na, see B/C/D/E/B/F/GLPHYA21(-2)",-2,"na, see B/C/D/E/B/F/GLPHYA21",TRUE,
046,D,lphya22,categorical,"na, asked(-1)",-1,"na, asked",TRUE,
046,D,lphya22,categorical,distance walking(1),1,distance walking,FALSE,
046,D,lphya22,categorical,distance cycling(2),2,distance cycling,FALSE,
046,D,lphya22,categorical,gymnastics(3),3,gymnastics,FALSE,
046,D,lphya22,categorical,home trainer(4),4,home trainer,FALSE,
046,D,lphya22,categorical,swimming(5),5,swimming,FALSE,
046,D,lphya22,categorical,(folk)dancing(6),6,(folk)dancing,FALSE,
046,D,lphya22,categorical,bowling(7),7,bowling,FALSE,
046,D,lphya22,categorical,tennis(8),8,tennis,FALSE,
046,D,lphya22,categorical,jogging/running/speed walking(9),9,jogging/running/speed walking,FALSE,
046,D,lphya22,categorical,rowing(10),10,rowing,FALSE,
046,D,lphya22,categorical,sailing(11),11,sailing,FALSE,
046,D,lphya22,categorical,billiards(12),12,billiards,FALSE,
046,D,lphya22,categorical,fishing(13),13,fishing,FALSE,
046,D,lphya22,categorical,soccer/basketball/korfball(14),14,soccer/basketball/korfball,FALSE,
046,D,lphya22,categorical,volleybal/baseball(15),15,volleybal/baseball,FALSE,
046,D,lphya22,categorical,winter sports(16),16,winter sports,FALSE,
046,D,lphya22,categorical,other sports(17),17,other sports,FALSE,
046,D,lphya23,numeric,"na, wrong skip(-3)",-3,"na, wrong skip",TRUE,
046,D,lphya23,numeric,"na, see B/C/D/E/B/F/G/H/B/I/JLPHYA21(-2)",-2,"na, see B/C/D/E/B/F/G/H/B/I/JLPHYA21",TRUE,
046,D,lphya23,numeric,"na, asked(-1)",-1,"na, asked",TRUE,
046,D,lphya24,numeric,"na, wrong skip(-3)",-3,"na, wrong skip",TRUE,
046,D,lphya24,numeric,"na, see B/C/D/E/B/F/G/H/B/I/JLPHYA23(-2)",-2,"na, see B/C/D/E/B/F/G/H/B/I/JLPHYA23",TRUE,
046,D,lphya24,numeric,"na, asked(-1)",-1,"na, asked",TRUE,
046,D,lphya25,binary,"na, wrong skip(-3)",-3,"na, wrong skip",TRUE,
046,D,lphya25,binary,"na, see B/C/D/E/B/F/G/H/B/I/JLPHYA21(-2)",-2,"na, see B/C/D/E/B/F/G/H/B/I/JLPHYA21",TRUE,
046,D,lphya25,binary,"na, asked(-1)",-1,"na, asked",TRUE,
046,D,lphya25,binary,no(1),1,no,FALSE,
046,D,lphya25,binary,yes(2),2,yes,FALSE,
046,D,lphya26,categorical,"na, wrong skip(-3)",-3,"na, wrong skip",TRUE,
046,D,lphya26,categorical,"na, see B/C/D/E/B/F/GLPHYA25(-2)",-2,"na, see B/C/D/E/B/F/GLPHYA25",TRUE,
046,D,lphya26,categorical,"na, asked(-1)",-1,"na, asked",TRUE,
046,D,lphya26,categorical,distance walking(1),1,distance walking,FALSE,
046,D,lphya26,categorical,distance cycling(2),2,distance cycling,FALSE,
046,D,lphya26,categorical,gymnastics(3),3,gymnastics,FALSE,
046,D,lphya26,categorical,home trainer(4),4,home trainer,FALSE,
046,D,lphya26,categorical,swimming(5),5,swimming,FALSE,
046,D,lphya26,categorical,(folk)dancing(6),6,(folk)dancing,FALSE,
046,D,lphya26,categorical,bowling(7),7,bowling,FALSE,
046,D,lphya26,categorical,tennis(8),8,tennis,FALSE,
046,D,lphya26,categorical,jogging/running/speed walking(9),9,jogging/running/speed walking,FALSE,
046,D,lphya26,categorical,rowing(10),10,rowing,FALSE,
046,D,lphya26,categorical,sailing(11),11,sailing,FALSE,
046,D,lphya26,categorical,billiards(12),12,billiards,FALSE,
046,D,lphya26,categorical,fishing(13),13,fishing,FALSE,
046,D,lphya26,categorical,soccer/basketball/korfball(14),14,soccer/basketball/korfball,FALSE,
046,D,lphya26,categorical,volleybal/baseball(15),15,volleybal/baseball,FALSE,
046,D,lphya26,categorical,winter sports(16),16,winter sports,FALSE,
046,D,lphya26,categorical,other sports(17),17,other sports,FALSE,
046,D,lphya27,numeric,"na, wrong skip(-3)",-3,"na, wrong skip",TRUE,
046,D,lphya27,numeric,"na, see B/C/D/E/B/F/G/H/B/I/JLPHYA25(-2)",-2,"na, see B/C/D/E/B/F/G/H/B/I/JLPHYA25",TRUE,
046,D,lphya27,numeric,"na, asked(-1)",-1,"na, asked",TRUE,
046,D,lphya28,numeric,"na, wrong skip(-3)",-3,"na, wrong skip",TRUE,
046,D,lphya28,numeric,"na, see B/C/D/E/B/F/G/H/B/I/JLPHYA27(-2)",-2,"na, see B/C/D/E/B/F/G/H/B/I/JLPHYA27",TRUE,
046,D,lphya28,numeric,"na, asked(-1)",-1,"na, asked",TRUE,
046,D,lphya29,categorical,"na, wrong skip(-3)",-3,"na, wrong skip",TRUE,
046,D,lphya29,categorical,"na, see B/C/D/E/B/F/GLPHYA21(-2)",-2,"na, see B/C/D/E/B/F/GLPHYA21",TRUE,
046,D,lphya29,categorical,"na, asked(-1)",-1,"na, asked",TRUE,
046,D,lphya29,categorical,no(1),1,no,FALSE,
046,D,lphya29,categorical,yes(2),2,yes,FALSE,
046,D,lphya29,categorical,do not know(3),3,do not know,FALSE,
046,D,lphya30,numeric,"na, wrong skip(-3)",-3,"na, wrong skip",TRUE,
046,D,lphya30,numeric,"na, see B/C/D/E/B/F/GLPHYA29(-2)",-2,"na, see B/C/D/E/B/F/GLPHYA29",TRUE,
046,D,lphya30,numeric,"na, asked(-1)",-1,"na, asked",TRUE,
046,D,lphya31,binary,"na, wrong skip(-3)",-3,"na, wrong skip",TRUE,
046,D,lphya31,binary,"na, see B/C/D/E/B/F/G/H/B/I/JLPHYA01(-2)",-2,"na, see B/C/D/E/B/F/G/H/B/I/JLPHYA01",TRUE,
046,D,lphya31,binary,"na, asked(-1)",-1,"na, asked",TRUE,
046,D,lphya31,binary,no(1),1,no,FALSE,
046,D,lphya31,binary,yes(2),2,yes,FALSE,
046,D,lphya32,categorical,"na, wrong skip(-3)",-3,"na, wrong skip",TRUE,
046,D,lphya32,categorical,"na, see B/C/D/E/B/F/G/H/B/I/JLPHYA31(-2)",-2,"na, see B/C/D/E/B/F/G/H/B/I/JLPHYA31",TRUE,
046,D,lphya32,categorical,"na, asked(-1)",-1,"na, asked",TRUE,
046,D,lphya32,categorical,no(1),1,no,FALSE,
046,D,lphya32,categorical,yes(2),2,yes,FALSE,
046,D,lphya32,categorical,do not know(3),3,do not know,FALSE,
046,D,lphya32,categorical,refusal(4),4,refusal,FALSE,
046,D,lphya33,numeric,"na, wrong skip(-3)",-3,"na, wrong skip",TRUE,
046,D,lphya33,numeric,"na, see B/C/D/E/B/F/G/H/B/I/JLPHYA32(-2)",-2,"na, see B/C/D/E/B/F/G/H/B/I/JLPHYA32",TRUE,
046,D,lphya33,numeric,"na, asked(-1)",-1,"na, asked",TRUE,
046,D,lphya34,numeric,"na, wrong skip(-3)",-3,"na, wrong skip",TRUE,
046,D,lphya34,numeric,"na, see B/C/D/E/B/F/G/H/B/I/JLPHYA32(-2)",-2,"na, see B/C/D/E/B/F/G/H/B/I/JLPHYA32",TRUE,
046,D,lphya34,numeric,"na, asked(-1)",-1,"na, asked",TRUE,
046,D,lphya35,binary,"na, wrong skip(-3)",-3,"na, wrong skip",TRUE,
046,D,lphya35,binary,"na, see B/C/D/E/B/F/G/H/B/I/JLPHYA01(-2)",-2,"na, see B/C/D/E/B/F/G/H/B/I/JLPHYA01",TRUE,
046,D,lphya35,binary,"na, asked(-1)",-1,"na, asked",TRUE,
046,D,lphya35,binary,no(1),1,no,FALSE,
046,D,lphya35,binary,yes(2),2,yes,FALSE,
046,D,lphya36,categorical,"na, wrong skip(-3)",-3,"na, wrong skip",TRUE,
046,D,lphya36,categorical,"na, see B/C/D/E/B/F/G/H/B/I/JLPHYA35(-2)",-2,"na, see B/C/D/E/B/F/G/H/B/I/JLPHYA35",TRUE,
046,D,lphya36,categorical,"na, asked(-1)",-1,"na, asked",TRUE,
046,D,lphya36,categorical,no(1),1,no,FALSE,
046,D,lphya36,categorical,yes(2),2,yes,FALSE,
046,D,lphya36,categorical,do not know(3),3,do not know,FALSE,
046,D,lphya36,categorical,refusal(4),4,refusal,FALSE,
046,D,lphya37,numeric,"na, wrong skip(-3)",-3,"na, wrong skip",TRUE,
046,D,lphya37,numeric,"na, see B/C/D/E/B/F/G/H/B/I/JLPHYA36(-2)",-2,"na, see B/C/D/E/B/F/G/H/B/I/JLPHYA36",TRUE,
046,D,lphya37,numeric,"na, asked(-1)",-1,"na, asked",TRUE,
046,D,lphya38,numeric,"na, wrong skip(-3)",-3,"na, wrong skip",TRUE,
046,D,lphya38,numeric,"na, see B/C/D/E/B/F/G/H/B/I/JLPHYA36(-2)",-2,"na, see B/C/D/E/B/F/G/H/B/I/JLPHYA36",TRUE,
046,D,lphya38,numeric,"na, asked(-1)",-1,"na, asked",TRUE,
046,D,lphya39,binary,"na, wrong skip(-3)",-3,"na, wrong skip",TRUE,
046,D,lphya39,binary,"na, see B/C/D/E/B/F/G/H/B/I/JLPHYA01(-2)",-2,"na, see B/C/D/E/B/F/G/H/B/I/JLPHYA01",TRUE,
046,D,lphya39,binary,"na, asked(-1)",-1,"na, asked",TRUE,
046,D,lphya39,binary,no(1),1,no,FALSE,
046,D,lphya39,binary,yes(2),2,yes,FALSE,
046,D,lphya40,binary,"na, wrong skip(-3)",-3,"na, wrong skip",TRUE,
046,D,lphya40,binary,"na, see B/C/D/E/B/F/G/H/B/I/JLPHYA39(-2)",-2,"na, see B/C/D/E/B/F/G/H/B/I/JLPHYA39",TRUE,
046,D,lphya40,binary,"na, asked(-1)",-1,"na, asked",TRUE,
046,D,lphya40,binary,not mentioned(0),0,not mentioned,FALSE,
046,D,lphya40,binary,mentioned(1),1,mentioned,FALSE,
046,D,lphya41,binary,"na, wrong skip(-3)",-3,"na, wrong skip",TRUE,
046,D,lphya41,binary,"na, see B/C/D/E/B/F/G/H/B/I/JLPHYA39(-2)",-2,"na, see B/C/D/E/B/F/G/H/B/I/JLPHYA39",TRUE,
046,D,lphya41,binary,"na, asked(-1)",-1,"na, asked",TRUE,
046,D,lphya41,binary,not mentioned(0),0,not mentioned,FALSE,
046,D,lphya41,binary,mentioned(1),1,mentioned,FALSE,
046,D,lphya42,binary,"na, wrong skip(-3)",-3,"na, wrong skip",TRUE,
046,D,lphya42,binary,"na, see B/C/D/E/B/F/G/H/B/I/JLPHYA39(-2)",-2,"na, see B/C/D/E/B/F/G/H/B/I/JLPHYA39",TRUE,
046,D,lphya42,binary,"na, asked(-1)",-1,"na, asked",TRUE,
046,D,lphya42,binary,not mentioned(0),0,not mentioned,FALSE,
046,D,lphya42,binary,mentioned(1),1,mentioned,FALSE,
046,D,lphya43,binary,"na, wrong skip(-3)",-3,"na, wrong skip",TRUE,
046,D,lphya43,binary,"na, see B/C/D/E/B/F/G/H/B/I/JLPHYA39(-2)",-2,"na, see B/C/D/E/B/F/G/H/B/I/JLPHYA39",TRUE,
046,D,lphya43,binary,"na, asked(-1)",-1,"na, asked",TRUE,
046,D,lphya43,binary,not mentioned(0),0,not mentioned,FALSE,
046,D,lphya43,binary,mentioned(1),1,mentioned,FALSE,
046,D,lphya44,binary,"na, wrong skip(-3)",-3,"na, wrong skip",TRUE,
046,D,lphya44,binary,"na, see B/C/D/E/B/F/G/H/B/I/JLPHYA39(-2)",-2,"na, see B/C/D/E/B/F/G/H/B/I/JLPHYA39",TRUE,
046,D,lphya44,binary,"na, asked(-1)",-1,"na, asked",TRUE,
046,D,lphya44,binary,not mentioned(0),0,not mentioned,FALSE,
046,D,lphya44,binary,mentioned(1),1,mentioned,FALSE,
046,D,lphya45,binary,"na, wrong skip(-3)",-3,"na, wrong skip",TRUE,
046,D,lphya45,binary,"na, see B/C/D/E/BLPHYA39(-2)",-2,"na, see B/C/D/E/BLPHYA39",TRUE,
046,D,lphya45,binary,"na, asked(-1)",-1,"na, asked",TRUE,
046,D,lphya45,binary,not mentioned(0),0,not mentioned,FALSE,
046,D,lphya45,binary,mentioned(1),1,mentioned,FALSE,
046,D,lphya46,ordinal,"na, see B/C/D/E/BLPHYA45(-2)",-2,"na, see B/C/D/E/BLPHYA45",TRUE,
046,D,lphya46,ordinal,-to be coded-(0),0,-to be coded-,FALSE,
046,D,lphya46,ordinal,visit from friend/family(1),1,visit from friend/family,FALSE,
046,D,lphya46,ordinal,positive activities(2),2,positive activities,FALSE,
046,D,lphya46,ordinal,illness partner(3),3,illness partner,FALSE,
046,D,lphya46,ordinal,good weather(4),4,good weather,FALSE,
046,D,lphya46,ordinal,decease partner(5),5,decease partner,FALSE,
046,D,lphya46,ordinal,business-trip(6),6,business-trip,FALSE,
046,D,lphya46,ordinal,removal(7),7,removal,FALSE,
046,D,lphya46,ordinal,spring cleaning(8),8,spring cleaning,FALSE,
046,D,lphya46,ordinal,rebuilding(9),9,rebuilding,FALSE,
046,D,lphya46,ordinal,other(10),10,other,FALSE,
046,E,lphya01,categorical,"na, interview terminated(-5)",-5,"na, interview terminated",TRUE,
046,E,lphya01,categorical,"na, short interview(-4)",-4,"na, short interview",TRUE,
046,E,lphya01,categorical,"na, (from wave h: not done,) wrong skip(-3)",-3,"na, wrong skip",TRUE,
046,E,lphya01,categorical,"na, asked(-1)",-1,"na, asked",TRUE,
046,E,lphya01,categorical,respondent bedridden(1),1,respondent bedridden,FALSE,
046,E,lphya01,categorical,respondent in elec. wheelchair(2),2,respondent in elec. wheelchair,FALSE,
046,E,lphya01,categorical,respondent in mech. wheelchair(3),3,respondent in mech. wheelchair,FALSE,
046,E,lphya01,categorical,"not 1, 2 or 3(4)",4,"not 1, 2 or 3",FALSE,
046,E,lphya02,binary,"na, wrong skip(-3)",-3,"na, wrong skip",TRUE,
046,E,lphya02,binary,"na, see B/C/D/E/B/F/G/H/B/I/JLPHYA01(-2)",-2,"na, see B/C/D/E/B/F/G/H/B/I/JLPHYA01",TRUE,
046,E,lphya02,binary,"na, asked(-1)",-1,"na, asked",TRUE,
046,E,lphya02,binary,no(1),1,no,FALSE,
046,E,lphya02,binary,yes(2),2,yes,FALSE,
046,E,lphya03,binary,"na, wrong skip(-3)",-3,"na, wrong skip",TRUE,
046,E,lphya03,binary,"na, see B/C/D/E/B/F/G/H/B/I/JLPHYA02(-2)",-2,"na, see B/C/D/E/B/F/G/H/B/I/JLPHYA02",TRUE,
046,E,lphya03,binary,"na, asked(-1)",-1,"na, asked",TRUE,
046,E,lphya03,binary,no(1),1,no,FALSE,
046,E,lphya03,binary,yes(2),2,yes,FALSE,
046,E,lphya04,numeric,"na, wrong skip(-3)",-3,"na, wrong skip",TRUE,
046,E,lphya04,numeric,"na, see B/C/D/E/B/F/G/H/B/I/JLPHYA03(-2)",-2,"na, see B/C/D/E/B/F/G/H/B/I/JLPHYA03",TRUE,
046,E,lphya04,numeric,"na, asked(-1)",-1,"na, asked",TRUE,
046,E,lphya05,numeric,"na, wrong skip(-3)",-3,"na, wrong skip",TRUE,
046,E,lphya05,numeric,"na, see B/C/D/E/B/F/G/H/B/I/JLPHYA03(-2)",-2,"na, see B/C/D/E/B/F/G/H/B/I/JLPHYA03",TRUE,
046,E,lphya05,numeric,"na, asked(-1)",-1,"na, asked",TRUE,
046,E,lphya06,binary,"na, wrong skip(-3)",-3,"na, wrong skip",TRUE,
046,E,lphya06,binary,"na, see B/C/D/E/B/F/G/H/B/I/JLPHYA01(-2)",-2,"na, see B/C/D/E/B/F/G/H/B/I/JLPHYA01",TRUE,
046,E,lphya06,binary,"na, asked(-1)",-1,"na, asked",TRUE,
046,E,lphya06,binary,no(1),1,no,FALSE,
046,E,lphya06,binary,yes(2),2,yes,FALSE,
046,E,lphya07,binary,"na, wrong skip(-3)",-3,"na, wrong skip",TRUE,
046,E,lphya07,binary,"na, see B/C/D/E/B/F/G/H/B/I/JLPHYA06(-2)",-2,"na, see B/C/D/E/B/F/G/H/B/I/JLPHYA06",TRUE,
046,E,lphya07,binary,"na, asked(-1)",-1,"na, asked",TRUE,
046,E,lphya07,binary,no(1),1,no,FALSE,
046,E,lphya07,binary,yes(2),2,yes,FALSE,
046,E,lphya08,numeric,"na, wrong skip(-3)",-3,"na, wrong skip",TRUE,
046,E,lphya08,numeric,"na, see B/C/D/E/B/F/G/H/B/I/JLPHYA07(-2)",-2,"na, see B/C/D/E/B/F/G/H/B/I/JLPHYA07",TRUE,
046,E,lphya08,numeric,"na, asked(-1)",-1,"na, asked",TRUE,
046,E,lphya09,numeric,"na, wrong skip(-3)",-3,"na, wrong skip",TRUE,
046,E,lphya09,numeric,"na, see B/C/D/E/B/F/G/H/B/I/JLPHYA07(-2)",-2,"na, see B/C/D/E/B/F/G/H/B/I/JLPHYA07",TRUE,
046,E,lphya09,numeric,"na, asked(-1)",-1,"na, asked",TRUE,
046,E,lphya10,binary,"na, wrong skip(-3)",-3,"na, wrong skip",TRUE,
046,E,lphya10,binary,"na, see B/C/D/E/B/F/G/H/B/I/JLPHYA01(-2)",-2,"na, see B/C/D/E/B/F/G/H/B/I/JLPHYA01",TRUE,
046,E,lphya10,binary,"na, asked(-1)",-1,"na, asked",TRUE,
046,E,lphya10,binary,no(1),1,no,FALSE,
046,E,lphya10,binary,yes(2),2,yes,FALSE,
046,E,lphya11,binary,"na, wrong skip(-3)",-3,"na, wrong skip",TRUE,
046,E,lphya11,binary,"na, see B/C/D/E/B/F/G/H/B/I/JLPHYA10(-2)",-2,"na, see B/C/D/E/B/F/G/H/B/I/JLPHYA10",TRUE,
046,E,lphya11,binary,"na, asked(-1)",-1,"na, asked",TRUE,
046,E,lphya11,binary,no(1),1,no,FALSE,
046,E,lphya11,binary,yes(2),2,yes,FALSE,
046,E,lphya12,numeric,"na, wrong skip(-3)",-3,"na, wrong skip",TRUE,
046,E,lphya12,numeric,"na, see B/C/D/E/B/F/G/H/B/I/JLPHYA11(-2)",-2,"na, see B/C/D/E/B/F/G/H/B/I/JLPHYA11",TRUE,
046,E,lphya12,numeric,"na, asked(-1)",-1,"na, asked",TRUE,
046,E,lphya13,numeric,"na, wrong skip(-3)",-3,"na, wrong skip",TRUE,
046,E,lphya13,numeric,"na, see B/C/D/E/B/F/G/H/B/I/JLPHYA11(-2)",-2,"na, see B/C/D/E/B/F/G/H/B/I/JLPHYA11",TRUE,
046,E,lphya13,numeric,"na, asked(-1)",-1,"na, asked",TRUE,
046,E,lphya14,binary,"na, wrong skip(-3)",-3,"na, wrong skip",TRUE,
046,E,lphya14,binary,"na, see B/C/D/E/B/F/G/H/BLPHYA01(-2)",-2,"na, see B/C/D/E/B/F/G/H/BLPHYA01",TRUE,
046,E,lphya14,binary,"na, asked(-1)",-1,"na, asked",TRUE,
046,E,lphya14,binary,no(1),1,no,FALSE,
046,E,lphya14,binary,yes(2),2,yes,FALSE,
046,E,lphya15,binary,"na, wrong skip(-3)",-3,"na, wrong skip",TRUE,
046,E,lphya15,binary,"na, see B/C/D/E/B/F/G/H/BLPHYA14(-2)",-2,"na, see B/C/D/E/B/F/G/H/BLPHYA14",TRUE,
046,E,lphya15,binary,"na, asked(-1)",-1,"na, asked",TRUE,
046,E,lphya15,binary,no(1),1,no,FALSE,
046,E,lphya15,binary,yes(2),2,yes,FALSE,
046,E,lphya16,numeric,"na, wrong skip(-3)",-3,"na, wrong skip",TRUE,
046,E,lphya16,numeric,"na, see B/C/D/E/B/F/G/H/BLPHYA15(-2)",-2,"na, see B/C/D/E/B/F/G/H/BLPHYA15",TRUE,
046,E,lphya16,numeric,"na, asked(-1)",-1,"na, asked",TRUE,
046,E,lphya17,binary,"na, wrong skip(-3)",-3,"na, wrong skip",TRUE,
046,E,lphya17,binary,"na, see B/C/D/E/B/F/G/H/B/I/JLPHYA15(-2)",-2,"na, see B/C/D/E/B/F/G/H/B/I/JLPHYA15",TRUE,
046,E,lphya17,binary,"na, asked(-1)",-1,"na, asked",TRUE,
046,E,lphya17,binary,no(1),1,no,FALSE,
046,E,lphya17,binary,yes(2),2,yes,FALSE,
046,E,lphya18,numeric,"na, wrong skip(-3)",-3,"na, wrong skip",TRUE,
046,E,lphya18,numeric,"na, see B/C/D/E/B/F/G/H/B/I/JLPHYA17(-2)",-2,"na, see B/C/D/E/B/F/G/H/B/I/JLPHYA17",TRUE,
046,E,lphya18,numeric,"na, asked(-1)",-1,"na, asked",TRUE,
046,E,lphya19,numeric,"na, wrong skip(-3)",-3,"na, wrong skip",TRUE,
046,E,lphya19,numeric,"na, see B/C/D/E/B/F/G/H/B/I/JLPHYA17(-2)",-2,"na, see B/C/D/E/B/F/G/H/B/I/JLPHYA17",TRUE,
046,E,lphya19,numeric,"na, asked(-1)",-1,"na, asked",TRUE,
046,E,lphya20,binary,"na, wrong skip(-3)",-3,"na, wrong skip",TRUE,
046,E,lphya20,binary,"na, see B/C/D/E/B/F/G/H/BLPHYA17(-2)",-2,"na, see B/C/D/E/B/F/G/H/BLPHYA17",TRUE,
046,E,lphya20,binary,"na, asked(-1)",-1,"na, asked",TRUE,
046,E,lphya20,binary,no(1),1,no,FALSE,
046,E,lphya20,binary,yes(2),2,yes,FALSE,
046,E,lphya21,binary,"na, wrong skip(-3)",-3,"na, wrong skip",TRUE,
046,E,lphya21,binary,"na, see B/C/D/E/B/F/GLPHYA01(-2)",-2,"na, see B/C/D/E/B/F/GLPHYA01",TRUE,
046,E,lphya21,binary,"na, asked(-1)",-1,"na, asked",TRUE,
046,E,lphya21,binary,no(1),1,no,FALSE,
046,E,lphya21,binary,yes(2),2,yes,FALSE,
046,E,lphya22,categorical,"na, wrong skip(-3)",-3,"na, wrong skip",TRUE,
046,E,lphya22,categorical,"na, see B/C/D/E/B/F/GLPHYA21(-2)",-2,"na, see B/C/D/E/B/F/GLPHYA21",TRUE,
046,E,lphya22,categorical,"na, asked(-1)",-1,"na, asked",TRUE,
046,E,lphya22,categorical,distance walking(1),1,distance walking,FALSE,
046,E,lphya22,categorical,distance cycling(2),2,distance cycling,FALSE,
046,E,lphya22,categorical,gymnastics(3),3,gymnastics,FALSE,
046,E,lphya22,categorical,home trainer(4),4,home trainer,FALSE,
046,E,lphya22,categorical,swimming(5),5,swimming,FALSE,
046,E,lphya22,categorical,(folk)dancing(6),6,(folk)dancing,FALSE,
046,E,lphya22,categorical,bowling(7),7,bowling,FALSE,
046,E,lphya22,categorical,tennis(8),8,tennis,FALSE,
046,E,lphya22,categorical,jogging/running/speed walking(9),9,jogging/running/speed walking,FALSE,
046,E,lphya22,categorical,rowing(10),10,rowing,FALSE,
046,E,lphya22,categorical,sailing(11),11,sailing,FALSE,
046,E,lphya22,categorical,billiards(12),12,billiards,FALSE,
046,E,lphya22,categorical,fishing(13),13,fishing,FALSE,
046,E,lphya22,categorical,soccer/basketball/korfball(14),14,soccer/basketball/korfball,FALSE,
046,E,lphya22,categorical,volleybal/baseball(15),15,volleybal/baseball,FALSE,
046,E,lphya22,categorical,winter sports(16),16,winter sports,FALSE,
046,E,lphya22,categorical,other sports(17),17,other sports,FALSE,
046,E,lphya23,numeric,"na, wrong skip(-3)",-3,"na, wrong skip",TRUE,
046,E,lphya23,numeric,"na, see B/C/D/E/B/F/G/H/B/I/JLPHYA21(-2)",-2,"na, see B/C/D/E/B/F/G/H/B/I/JLPHYA21",TRUE,
046,E,lphya23,numeric,"na, asked(-1)",-1,"na, asked",TRUE,
046,E,lphya24,numeric,"na, wrong skip(-3)",-3,"na, wrong skip",TRUE,
046,E,lphya24,numeric,"na, see B/C/D/E/B/F/G/H/B/I/JLPHYA23(-2)",-2,"na, see B/C/D/E/B/F/G/H/B/I/JLPHYA23",TRUE,
046,E,lphya24,numeric,"na, asked(-1)",-1,"na, asked",TRUE,
046,E,lphya25,binary,"na, wrong skip(-3)",-3,"na, wrong skip",TRUE,
046,E,lphya25,binary,"na, see B/C/D/E/B/F/G/H/B/I/JLPHYA21(-2)",-2,"na, see B/C/D/E/B/F/G/H/B/I/JLPHYA21",TRUE,
046,E,lphya25,binary,"na, asked(-1)",-1,"na, asked",TRUE,
046,E,lphya25,binary,no(1),1,no,FALSE,
046,E,lphya25,binary,yes(2),2,yes,FALSE,
046,E,lphya26,categorical,"na, wrong skip(-3)",-3,"na, wrong skip",TRUE,
046,E,lphya26,categorical,"na, see B/C/D/E/B/F/GLPHYA25(-2)",-2,"na, see B/C/D/E/B/F/GLPHYA25",TRUE,
046,E,lphya26,categorical,"na, asked(-1)",-1,"na, asked",TRUE,
046,E,lphya26,categorical,distance walking(1),1,distance walking,FALSE,
046,E,lphya26,categorical,distance cycling(2),2,distance cycling,FALSE,
046,E,lphya26,categorical,gymnastics(3),3,gymnastics,FALSE,
046,E,lphya26,categorical,home trainer(4),4,home trainer,FALSE,
046,E,lphya26,categorical,swimming(5),5,swimming,FALSE,
046,E,lphya26,categorical,(folk)dancing(6),6,(folk)dancing,FALSE,
046,E,lphya26,categorical,bowling(7),7,bowling,FALSE,
046,E,lphya26,categorical,tennis(8),8,tennis,FALSE,
046,E,lphya26,categorical,jogging/running/speed walking(9),9,jogging/running/speed walking,FALSE,
046,E,lphya26,categorical,rowing(10),10,rowing,FALSE,
046,E,lphya26,categorical,sailing(11),11,sailing,FALSE,
046,E,lphya26,categorical,billiards(12),12,billiards,FALSE,
046,E,lphya26,categorical,fishing(13),13,fishing,FALSE,
046,E,lphya26,categorical,soccer/basketball/korfball(14),14,soccer/basketball/korfball,FALSE,
046,E,lphya26,categorical,volleybal/baseball(15),15,volleybal/baseball,FALSE,
046,E,lphya26,categorical,winter sports(16),16,winter sports,FALSE,
046,E,lphya26,categorical,other sports(17),17,other sports,FALSE,
046,E,lphya27,numeric,"na, wrong skip(-3)",-3,"na, wrong skip",TRUE,
046,E,lphya27,numeric,"na, see B/C/D/E/B/F/G/H/B/I/JLPHYA25(-2)",-2,"na, see B/C/D/E/B/F/G/H/B/I/JLPHYA25",TRUE,
046,E,lphya27,numeric,"na, asked(-1)",-1,"na, asked",TRUE,
046,E,lphya28,numeric,"na, wrong skip(-3)",-3,"na, wrong skip",TRUE,
046,E,lphya28,numeric,"na, see B/C/D/E/B/F/G/H/B/I/JLPHYA27(-2)",-2,"na, see B/C/D/E/B/F/G/H/B/I/JLPHYA27",TRUE,
046,E,lphya28,numeric,"na, asked(-1)",-1,"na, asked",TRUE,
046,E,lphya29,categorical,"na, wrong skip(-3)",-3,"na, wrong skip",TRUE,
046,E,lphya29,categorical,"na, see B/C/D/E/B/F/GLPHYA21(-2)",-2,"na, see B/C/D/E/B/F/GLPHYA21",TRUE,
046,E,lphya29,categorical,"na, asked(-1)",-1,"na, asked",TRUE,
046,E,lphya29,categorical,no(1),1,no,FALSE,
046,E,lphya29,categorical,yes(2),2,yes,FALSE,
046,E,lphya29,categorical,do not know(3),3,do not know,FALSE,
046,E,lphya30,numeric,"na, wrong skip(-3)",-3,"na, wrong skip",TRUE,
046,E,lphya30,numeric,"na, see B/C/D/E/B/F/GLPHYA29(-2)",-2,"na, see B/C/D/E/B/F/GLPHYA29",TRUE,
046,E,lphya30,numeric,"na, asked(-1)",-1,"na, asked",TRUE,
046,E,lphya31,binary,"na, wrong skip(-3)",-3,"na, wrong skip",TRUE,
046,E,lphya31,binary,"na, see B/C/D/E/B/F/G/H/B/I/JLPHYA01(-2)",-2,"na, see B/C/D/E/B/F/G/H/B/I/JLPHYA01",TRUE,
046,E,lphya31,binary,"na, asked(-1)",-1,"na, asked",TRUE,
046,E,lphya31,binary,no(1),1,no,FALSE,
046,E,lphya31,binary,yes(2),2,yes,FALSE,
046,E,lphya32,categorical,"na, wrong skip(-3)",-3,"na, wrong skip",TRUE,
046,E,lphya32,categorical,"na, see B/C/D/E/B/F/G/H/B/I/JLPHYA31(-2)",-2,"na, see B/C/D/E/B/F/G/H/B/I/JLPHYA31",TRUE,
046,E,lphya32,categorical,"na, asked(-1)",-1,"na, asked",TRUE,
046,E,lphya32,categorical,no(1),1,no,FALSE,
046,E,lphya32,categorical,yes(2),2,yes,FALSE,
046,E,lphya32,categorical,do not know(3),3,do not know,FALSE,
046,E,lphya32,categorical,refusal(4),4,refusal,FALSE,
046,E,lphya33,numeric,"na, wrong skip(-3)",-3,"na, wrong skip",TRUE,
046,E,lphya33,numeric,"na, see B/C/D/E/B/F/G/H/B/I/JLPHYA32(-2)",-2,"na, see B/C/D/E/B/F/G/H/B/I/JLPHYA32",TRUE,
046,E,lphya33,numeric,"na, asked(-1)",-1,"na, asked",TRUE,
046,E,lphya34,numeric,"na, wrong skip(-3)",-3,"na, wrong skip",TRUE,
046,E,lphya34,numeric,"na, see B/C/D/E/B/F/G/H/B/I/JLPHYA32(-2)",-2,"na, see B/C/D/E/B/F/G/H/B/I/JLPHYA32",TRUE,
046,E,lphya34,numeric,"na, asked(-1)",-1,"na, asked",TRUE,
046,E,lphya35,binary,"na, wrong skip(-3)",-3,"na, wrong skip",TRUE,
046,E,lphya35,binary,"na, see B/C/D/E/B/F/G/H/B/I/JLPHYA01(-2)",-2,"na, see B/C/D/E/B/F/G/H/B/I/JLPHYA01",TRUE,
046,E,lphya35,binary,"na, asked(-1)",-1,"na, asked",TRUE,
046,E,lphya35,binary,no(1),1,no,FALSE,
046,E,lphya35,binary,yes(2),2,yes,FALSE,
046,E,lphya36,categorical,"na, wrong skip(-3)",-3,"na, wrong skip",TRUE,
046,E,lphya36,categorical,"na, see B/C/D/E/B/F/G/H/B/I/JLPHYA35(-2)",-2,"na, see B/C/D/E/B/F/G/H/B/I/JLPHYA35",TRUE,
046,E,lphya36,categorical,"na, asked(-1)",-1,"na, asked",TRUE,
046,E,lphya36,categorical,no(1),1,no,FALSE,
046,E,lphya36,categorical,yes(2),2,yes,FALSE,
046,E,lphya36,categorical,do not know(3),3,do not know,FALSE,
046,E,lphya36,categorical,refusal(4),4,refusal,FALSE,
046,E,lphya37,numeric,"na, wrong skip(-3)",-3,"na, wrong skip",TRUE,
046,E,lphya37,numeric,"na, see B/C/D/E/B/F/G/H/B/I/JLPHYA36(-2)",-2,"na, see B/C/D/E/B/F/G/H/B/I/JLPHYA36",TRUE,
046,E,lphya37,numeric,"na, asked(-1)",-1,"na, asked",TRUE,
046,E,lphya38,numeric,"na, wrong skip(-3)",-3,"na, wrong skip",TRUE,
046,E,lphya38,numeric,"na, see B/C/D/E/B/F/G/H/B/I/JLPHYA36(-2)",-2,"na, see B/C/D/E/B/F/G/H/B/I/JLPHYA36",TRUE,
046,E,lphya38,numeric,"na, asked(-1)",-1,"na, asked",TRUE,
046,E,lphya39,binary,"na, wrong skip(-3)",-3,"na, wrong skip",TRUE,
046,E,lphya39,binary,"na, see B/C/D/E/B/F/G/H/B/I/JLPHYA01(-2)",-2,"na, see B/C/D/E/B/F/G/H/B/I/JLPHYA01",TRUE,
046,E,lphya39,binary,"na, asked(-1)",-1,"na, asked",TRUE,
046,E,lphya39,binary,no(1),1,no,FALSE,
046,E,lphya39,binary,yes(2),2,yes,FALSE,
046,E,lphya40,binary,"na, wrong skip(-3)",-3,"na, wrong skip",TRUE,
046,E,lphya40,binary,"na, see B/C/D/E/B/F/G/H/B/I/JLPHYA39(-2)",-2,"na, see B/C/D/E/B/F/G/H/B/I/JLPHYA39",TRUE,
046,E,lphya40,binary,"na, asked(-1)",-1,"na, asked",TRUE,
046,E,lphya40,binary,not mentioned(0),0,not mentioned,FALSE,
046,E,lphya40,binary,mentioned(1),1,mentioned,FALSE,
046,E,lphya41,binary,"na, wrong skip(-3)",-3,"na, wrong skip",TRUE,
046,E,lphya41,binary,"na, see B/C/D/E/B/F/G/H/B/I/JLPHYA39(-2)",-2,"na, see B/C/D/E/B/F/G/H/B/I/JLPHYA39",TRUE,
046,E,lphya41,binary,"na, asked(-1)",-1,"na, asked",TRUE,
046,E,lphya41,binary,not mentioned(0),0,not mentioned,FALSE,
046,E,lphya41,binary,mentioned(1),1,mentioned,FALSE,
046,E,lphya42,binary,"na, wrong skip(-3)",-3,"na, wrong skip",TRUE,
046,E,lphya42,binary,"na, see B/C/D/E/B/F/G/H/B/I/JLPHYA39(-2)",-2,"na, see B/C/D/E/B/F/G/H/B/I/JLPHYA39",TRUE,
046,E,lphya42,binary,"na, asked(-1)",-1,"na, asked",TRUE,
046,E,lphya42,binary,not mentioned(0),0,not mentioned,FALSE,
046,E,lphya42,binary,mentioned(1),1,mentioned,FALSE,
046,E,lphya43,binary,"na, wrong skip(-3)",-3,"na, wrong skip",TRUE,
046,E,lphya43,binary,"na, see B/C/D/E/B/F/G/H/B/I/JLPHYA39(-2)",-2,"na, see B/C/D/E/B/F/G/H/B/I/JLPHYA39",TRUE,
046,E,lphya43,binary,"na, asked(-1)",-1,"na, asked",TRUE,
046,E,lphya43,binary,not mentioned(0),0,not mentioned,FALSE,
046,E,lphya43,binary,mentioned(1),1,mentioned,FALSE,
046,E,lphya44,binary,"na, wrong skip(-3)",-3,"na, wrong skip",TRUE,
046,E,lphya44,binary,"na, see B/C/D/E/B/F/G/H/B/I/JLPHYA39(-2)",-2,"na, see B/C/D/E/B/F/G/H/B/I/JLPHYA39",TRUE,
046,E,lphya44,binary,"na, asked(-1)",-1,"na, asked",TRUE,
046,E,lphya44,binary,not mentioned(0),0,not mentioned,FALSE,
046,E,lphya44,binary,mentioned(1),1,mentioned,FALSE,
046,E,lphya45,binary,"na, wrong skip(-3)",-3,"na, wrong skip",TRUE,
046,E,lphya45,binary,"na, see B/C/D/E/BLPHYA39(-2)",-2,"na, see B/C/D/E/BLPHYA39",TRUE,
046,E,lphya45,binary,"na, asked(-1)",-1,"na, asked",TRUE,
046,E,lphya45,binary,not mentioned(0),0,not mentioned,FALSE,
046,E,lphya45,binary,mentioned(1),1,mentioned,FALSE,
046,E,lphya46,ordinal,"na, see B/C/D/E/BLPHYA45(-2)",-2,"na, see B/C/D/E/BLPHYA45",TRUE,
046,E,lphya46,ordinal,-to be coded-(0),0,-to be coded-,FALSE,
046,E,lphya46,ordinal,visit from friend/family(1),1,visit from friend/family,FALSE,
046,E,lphya46,ordinal,positive activities(2),2,positive activities,FALSE,
046,E,lphya46,ordinal,illness partner(3),3,illness partner,FALSE,
046,E,lphya46,ordinal,good weather(4),4,good weather,FALSE,
046,E,lphya46,ordinal,decease partner(5),5,decease partner,FALSE,
046,E,lphya46,ordinal,business-trip(6),6,business-trip,FALSE,
046,E,lphya46,ordinal,removal(7),7,removal,FALSE,
046,E,lphya46,ordinal,spring cleaning(8),8,spring cleaning,FALSE,
046,E,lphya46,ordinal,rebuilding(9),9,rebuilding,FALSE,
046,E,lphya46,ordinal,other(10),10,other,FALSE,
046,2B,lphya01,categorical,"na, interview terminated(-5)",-5,"na, interview terminated",TRUE,
046,2B,lphya01,categorical,"na, short interview(-4)",-4,"na, short interview",TRUE,
046,2B,lphya01,categorical,"na, (from wave h: not done,) wrong skip(-3)",-3,"na, wrong skip",TRUE,
046,2B,lphya01,categorical,"na, asked(-1)",-1,"na, asked",TRUE,
046,2B,lphya01,categorical,respondent bedridden(1),1,respondent bedridden,FALSE,
046,2B,lphya01,categorical,respondent in elec. wheelchair(2),2,respondent in elec. wheelchair,FALSE,
046,2B,lphya01,categorical,respondent in mech. wheelchair(3),3,respondent in mech. wheelchair,FALSE,
046,2B,lphya01,categorical,"not 1, 2 or 3(4)",4,"not 1, 2 or 3",FALSE,
046,2B,lphya02,binary,"na, wrong skip(-3)",-3,"na, wrong skip",TRUE,
046,2B,lphya02,binary,"na, see B/C/D/E/B/F/G/H/B/I/JLPHYA01(-2)",-2,"na, see B/C/D/E/B/F/G/H/B/I/JLPHYA01",TRUE,
046,2B,lphya02,binary,"na, asked(-1)",-1,"na, asked",TRUE,
046,2B,lphya02,binary,no(1),1,no,FALSE,
046,2B,lphya02,binary,yes(2),2,yes,FALSE,
046,2B,lphya03,binary,"na, wrong skip(-3)",-3,"na, wrong skip",TRUE,
046,2B,lphya03,binary,"na, see B/C/D/E/B/F/G/H/B/I/JLPHYA02(-2)",-2,"na, see B/C/D/E/B/F/G/H/B/I/JLPHYA02",TRUE,
046,2B,lphya03,binary,"na, asked(-1)",-1,"na, asked",TRUE,
046,2B,lphya03,binary,no(1),1,no,FALSE,
046,2B,lphya03,binary,yes(2),2,yes,FALSE,
046,2B,lphya04,numeric,"na, wrong skip(-3)",-3,"na, wrong skip",TRUE,
046,2B,lphya04,numeric,"na, see B/C/D/E/B/F/G/H/B/I/JLPHYA03(-2)",-2,"na, see B/C/D/E/B/F/G/H/B/I/JLPHYA03",TRUE,
046,2B,lphya04,numeric,"na, asked(-1)",-1,"na, asked",TRUE,
046,2B,lphya05,numeric,"na, wrong skip(-3)",-3,"na, wrong skip",TRUE,
046,2B,lphya05,numeric,"na, see B/C/D/E/B/F/G/H/B/I/JLPHYA03(-2)",-2,"na, see B/C/D/E/B/F/G/H/B/I/JLPHYA03",TRUE,
046,2B,lphya05,numeric,"na, asked(-1)",-1,"na, asked",TRUE,
046,2B,lphya06,binary,"na, wrong skip(-3)",-3,"na, wrong skip",TRUE,
046,2B,lphya06,binary,"na, see B/C/D/E/B/F/G/H/B/I/JLPHYA01(-2)",-2,"na, see B/C/D/E/B/F/G/H/B/I/JLPHYA01",TRUE,
046,2B,lphya06,binary,"na, asked(-1)",-1,"na, asked",TRUE,
046,2B,lphya06,binary,no(1),1,no,FALSE,
046,2B,lphya06,binary,yes(2),2,yes,FALSE,
046,2B,lphya07,binary,"na, wrong skip(-3)",-3,"na, wrong skip",TRUE,
046,2B,lphya07,binary,"na, see B/C/D/E/B/F/G/H/B/I/JLPHYA06(-2)",-2,"na, see B/C/D/E/B/F/G/H/B/I/JLPHYA06",TRUE,
046,2B,lphya07,binary,"na, asked(-1)",-1,"na, asked",TRUE,
046,2B,lphya07,binary,no(1),1,no,FALSE,
046,2B,lphya07,binary,yes(2),2,yes,FALSE,
046,2B,lphya08,numeric,"na, wrong skip(-3)",-3,"na, wrong skip",TRUE,
046,2B,lphya08,numeric,"na, see B/C/D/E/B/F/G/H/B/I/JLPHYA07(-2)",-2,"na, see B/C/D/E/B/F/G/H/B/I/JLPHYA07",TRUE,
046,2B,lphya08,numeric,"na, asked(-1)",-1,"na, asked",TRUE,
046,2B,lphya09,numeric,"na, wrong skip(-3)",-3,"na, wrong skip",TRUE,
046,2B,lphya09,numeric,"na, see B/C/D/E/B/F/G/H/B/I/JLPHYA07(-2)",-2,"na, see B/C/D/E/B/F/G/H/B/I/JLPHYA07",TRUE,
046,2B,lphya09,numeric,"na, asked(-1)",-1,"na, asked",TRUE,
046,2B,lphya10,binary,"na, wrong skip(-3)",-3,"na, wrong skip",TRUE,
046,2B,lphya10,binary,"na, see B/C/D/E/B/F/G/H/B/I/JLPHYA01(-2)",-2,"na, see B/C/D/E/B/F/G/H/B/I/JLPHYA01",TRUE,
046,2B,lphya10,binary,"na, asked(-1)",-1,"na, asked",TRUE,
046,2B,lphya10,binary,no(1),1,no,FALSE,
046,2B,lphya10,binary,yes(2),2,yes,FALSE,
046,2B,lphya11,binary,"na, wrong skip(-3)",-3,"na, wrong skip",TRUE,
046,2B,lphya11,binary,"na, see B/C/D/E/B/F/G/H/B/I/JLPHYA10(-2)",-2,"na, see B/C/D/E/B/F/G/H/B/I/JLPHYA10",TRUE,
046,2B,lphya11,binary,"na, asked(-1)",-1,"na, asked",TRUE,
046,2B,lphya11,binary,no(1),1,no,FALSE,
046,2B,lphya11,binary,yes(2),2,yes,FALSE,
046,2B,lphya12,numeric,"na, wrong skip(-3)",-3,"na, wrong skip",TRUE,
046,2B,lphya12,numeric,"na, see B/C/D/E/B/F/G/H/B/I/JLPHYA11(-2)",-2,"na, see B/C/D/E/B/F/G/H/B/I/JLPHYA11",TRUE,
046,2B,lphya12,numeric,"na, asked(-1)",-1,"na, asked",TRUE,
046,2B,lphya13,numeric,"na, wrong skip(-3)",-3,"na, wrong skip",TRUE,
046,2B,lphya13,numeric,"na, see B/C/D/E/B/F/G/H/B/I/JLPHYA11(-2)",-2,"na, see B/C/D/E/B/F/G/H/B/I/JLPHYA11",TRUE,
046,2B,lphya13,numeric,"na, asked(-1)",-1,"na, asked",TRUE,
046,2B,lphya14,binary,"na, wrong skip(-3)",-3,"na, wrong skip",TRUE,
046,2B,lphya14,binary,"na, see B/C/D/E/B/F/G/H/BLPHYA01(-2)",-2,"na, see B/C/D/E/B/F/G/H/BLPHYA01",TRUE,
046,2B,lphya14,binary,"na, asked(-1)",-1,"na, asked",TRUE,
046,2B,lphya14,binary,no(1),1,no,FALSE,
046,2B,lphya14,binary,yes(2),2,yes,FALSE,
046,2B,lphya15,binary,"na, wrong skip(-3)",-3,"na, wrong skip",TRUE,
046,2B,lphya15,binary,"na, see B/C/D/E/B/F/G/H/BLPHYA14(-2)",-2,"na, see B/C/D/E/B/F/G/H/BLPHYA14",TRUE,
046,2B,lphya15,binary,"na, asked(-1)",-1,"na, asked",TRUE,
046,2B,lphya15,binary,no(1),1,no,FALSE,
046,2B,lphya15,binary,yes(2),2,yes,FALSE,
046,2B,lphya16,numeric,"na, wrong skip(-3)",-3,"na, wrong skip",TRUE,
046,2B,lphya16,numeric,"na, see B/C/D/E/B/F/G/H/BLPHYA15(-2)",-2,"na, see B/C/D/E/B/F/G/H/BLPHYA15",TRUE,
046,2B,lphya16,numeric,"na, asked(-1)",-1,"na, asked",TRUE,
046,2B,lphya17,binary,"na, wrong skip(-3)",-3,"na, wrong skip",TRUE,
046,2B,lphya17,binary,"na, see B/C/D/E/B/F/G/H/B/I/JLPHYA15(-2)",-2,"na, see B/C/D/E/B/F/G/H/B/I/JLPHYA15",TRUE,
046,2B,lphya17,binary,"na, asked(-1)",-1,"na, asked",TRUE,
046,2B,lphya17,binary,no(1),1,no,FALSE,
046,2B,lphya17,binary,yes(2),2,yes,FALSE,
046,2B,lphya18,numeric,"na, wrong skip(-3)",-3,"na, wrong skip",TRUE,
046,2B,lphya18,numeric,"na, see B/C/D/E/B/F/G/H/B/I/JLPHYA17(-2)",-2,"na, see B/C/D/E/B/F/G/H/B/I/JLPHYA17",TRUE,
046,2B,lphya18,numeric,"na, asked(-1)",-1,"na, asked",TRUE,
046,2B,lphya19,numeric,"na, wrong skip(-3)",-3,"na, wrong skip",TRUE,
046,2B,lphya19,numeric,"na, see B/C/D/E/B/F/G/H/B/I/JLPHYA17(-2)",-2,"na, see B/C/D/E/B/F/G/H/B/I/JLPHYA17",TRUE,
046,2B,lphya19,numeric,"na, asked(-1)",-1,"na, asked",TRUE,
046,2B,lphya20,binary,"na, wrong skip(-3)",-3,"na, wrong skip",TRUE,
046,2B,lphya20,binary,"na, see B/C/D/E/B/F/G/H/BLPHYA17(-2)",-2,"na, see B/C/D/E/B/F/G/H/BLPHYA17",TRUE,
046,2B,lphya20,binary,"na, asked(-1)",-1,"na, asked",TRUE,
046,2B,lphya20,binary,no(1),1,no,FALSE,
046,2B,lphya20,binary,yes(2),2,yes,FALSE,
046,2B,lphya21,binary,"na, wrong skip(-3)",-3,"na, wrong skip",TRUE,
046,2B,lphya21,binary,"na, see B/C/D/E/B/F/GLPHYA01(-2)",-2,"na, see B/C/D/E/B/F/GLPHYA01",TRUE,
046,2B,lphya21,binary,"na, asked(-1)",-1,"na, asked",TRUE,
046,2B,lphya21,binary,no(1),1,no,FALSE,
046,2B,lphya21,binary,yes(2),2,yes,FALSE,
046,2B,lphya22,categorical,"na, wrong skip(-3)",-3,"na, wrong skip",TRUE,
046,2B,lphya22,categorical,"na, see B/C/D/E/B/F/GLPHYA21(-2)",-2,"na, see B/C/D/E/B/F/GLPHYA21",TRUE,
046,2B,lphya22,categorical,"na, asked(-1)",-1,"na, asked",TRUE,
046,2B,lphya22,categorical,distance walking(1),1,distance walking,FALSE,
046,2B,lphya22,categorical,distance cycling(2),2,distance cycling,FALSE,
046,2B,lphya22,categorical,gymnastics(3),3,gymnastics,FALSE,
046,2B,lphya22,categorical,home trainer(4),4,home trainer,FALSE,
046,2B,lphya22,categorical,swimming(5),5,swimming,FALSE,
046,2B,lphya22,categorical,(folk)dancing(6),6,(folk)dancing,FALSE,
046,2B,lphya22,categorical,bowling(7),7,bowling,FALSE,
046,2B,lphya22,categorical,tennis(8),8,tennis,FALSE,
046,2B,lphya22,categorical,jogging/running/speed walking(9),9,jogging/running/speed walking,FALSE,
046,2B,lphya22,categorical,rowing(10),10,rowing,FALSE,
046,2B,lphya22,categorical,sailing(11),11,sailing,FALSE,
046,2B,lphya22,categorical,billiards(12),12,billiards,FALSE,
046,2B,lphya22,categorical,fishing(13),13,fishing,FALSE,
046,2B,lphya22,categorical,soccer/basketball/korfball(14),14,soccer/basketball/korfball,FALSE,
046,2B,lphya22,categorical,volleybal/baseball(15),15,volleybal/baseball,FALSE,
046,2B,lphya22,categorical,winter sports(16),16,winter sports,FALSE,
046,2B,lphya22,categorical,golf(17),17,golf,FALSE,
046,2B,lphya22,categorical,other sports(18),18,other sports,FALSE,
046,2B,lphya23,numeric,"na, wrong skip(-3)",-3,"na, wrong skip",TRUE,
046,2B,lphya23,numeric,"na, see B/C/D/E/B/F/G/H/B/I/JLPHYA21(-2)",-2,"na, see B/C/D/E/B/F/G/H/B/I/JLPHYA21",TRUE,
046,2B,lphya23,numeric,"na, asked(-1)",-1,"na, asked",TRUE,
046,2B,lphya24,numeric,"na, wrong skip(-3)",-3,"na, wrong skip",TRUE,
046,2B,lphya24,numeric,"na, see B/C/D/E/B/F/G/H/B/I/JLPHYA23(-2)",-2,"na, see B/C/D/E/B/F/G/H/B/I/JLPHYA23",TRUE,
046,2B,lphya24,numeric,"na, asked(-1)",-1,"na, asked",TRUE,
046,2B,lphya25,binary,"na, wrong skip(-3)",-3,"na, wrong skip",TRUE,
046,2B,lphya25,binary,"na, see B/C/D/E/B/F/G/H/B/I/JLPHYA21(-2)",-2,"na, see B/C/D/E/B/F/G/H/B/I/JLPHYA21",TRUE,
046,2B,lphya25,binary,"na, asked(-1)",-1,"na, asked",TRUE,
046,2B,lphya25,binary,no(1),1,no,FALSE,
046,2B,lphya25,binary,yes(2),2,yes,FALSE,
046,2B,lphya26,categorical,"na, wrong skip(-3)",-3,"na, wrong skip",TRUE,
046,2B,lphya26,categorical,"na, see B/C/D/E/B/F/GLPHYA25(-2)",-2,"na, see B/C/D/E/B/F/GLPHYA25",TRUE,
046,2B,lphya26,categorical,"na, asked(-1)",-1,"na, asked",TRUE,
046,2B,lphya26,categorical,distance walking(1),1,distance walking,FALSE,
046,2B,lphya26,categorical,distance cycling(2),2,distance cycling,FALSE,
046,2B,lphya26,categorical,gymnastics(3),3,gymnastics,FALSE,
046,2B,lphya26,categorical,home trainer(4),4,home trainer,FALSE,
046,2B,lphya26,categorical,swimming(5),5,swimming,FALSE,
046,2B,lphya26,categorical,(folk)dancing(6),6,(folk)dancing,FALSE,
046,2B,lphya26,categorical,bowling(7),7,bowling,FALSE,
046,2B,lphya26,categorical,tennis(8),8,tennis,FALSE,
046,2B,lphya26,categorical,jogging/running/speed walking(9),9,jogging/running/speed walking,FALSE,
046,2B,lphya26,categorical,rowing(10),10,rowing,FALSE,
046,2B,lphya26,categorical,sailing(11),11,sailing,FALSE,
046,2B,lphya26,categorical,billiards(12),12,billiards,FALSE,
046,2B,lphya26,categorical,fishing(13),13,fishing,FALSE,
046,2B,lphya26,categorical,soccer/basketball/korfball(14),14,soccer/basketball/korfball,FALSE,
046,2B,lphya26,categorical,volleybal/baseball(15),15,volleybal/baseball,FALSE,
046,2B,lphya26,categorical,winter sports(16),16,winter sports,FALSE,
046,2B,lphya26,categorical,golf(17),17,golf,FALSE,
046,2B,lphya26,categorical,other sports(18),18,other sports,FALSE,
046,2B,lphya27,numeric,"na, wrong skip(-3)",-3,"na, wrong skip",TRUE,
046,2B,lphya27,numeric,"na, see B/C/D/E/B/F/G/H/B/I/JLPHYA25(-2)",-2,"na, see B/C/D/E/B/F/G/H/B/I/JLPHYA25",TRUE,
046,2B,lphya27,numeric,"na, asked(-1)",-1,"na, asked",TRUE,
046,2B,lphya28,numeric,"na, wrong skip(-3)",-3,"na, wrong skip",TRUE,
046,2B,lphya28,numeric,"na, see B/C/D/E/B/F/G/H/B/I/JLPHYA27(-2)",-2,"na, see B/C/D/E/B/F/G/H/B/I/JLPHYA27",TRUE,
046,2B,lphya28,numeric,"na, asked(-1)",-1,"na, asked",TRUE,
046,2B,lphya29,categorical,"na, wrong skip(-3)",-3,"na, wrong skip",TRUE,
046,2B,lphya29,categorical,"na, see B/C/D/E/B/F/GLPHYA21(-2)",-2,"na, see B/C/D/E/B/F/GLPHYA21",TRUE,
046,2B,lphya29,categorical,"na, asked(-1)",-1,"na, asked",TRUE,
046,2B,lphya29,categorical,no(1),1,no,FALSE,
046,2B,lphya29,categorical,yes(2),2,yes,FALSE,
046,2B,lphya29,categorical,do not know(3),3,do not know,FALSE,
046,2B,lphya30,numeric,"na, wrong skip(-3)",-3,"na, wrong skip",TRUE,
046,2B,lphya30,numeric,"na, see B/C/D/E/B/F/GLPHYA29(-2)",-2,"na, see B/C/D/E/B/F/GLPHYA29",TRUE,
046,2B,lphya30,numeric,"na, asked(-1)",-1,"na, asked",TRUE,
046,2B,lphya31,binary,"na, wrong skip(-3)",-3,"na, wrong skip",TRUE,
046,2B,lphya31,binary,"na, see B/C/D/E/B/F/G/H/B/I/JLPHYA01(-2)",-2,"na, see B/C/D/E/B/F/G/H/B/I/JLPHYA01",TRUE,
046,2B,lphya31,binary,"na, asked(-1)",-1,"na, asked",TRUE,
046,2B,lphya31,binary,no(1),1,no,FALSE,
046,2B,lphya31,binary,yes(2),2,yes,FALSE,
046,2B,lphya32,categorical,"na, wrong skip(-3)",-3,"na, wrong skip",TRUE,
046,2B,lphya32,categorical,"na, see B/C/D/E/B/F/G/H/B/I/JLPHYA31(-2)",-2,"na, see B/C/D/E/B/F/G/H/B/I/JLPHYA31",TRUE,
046,2B,lphya32,categorical,"na, asked(-1)",-1,"na, asked",TRUE,
046,2B,lphya32,categorical,no(1),1,no,FALSE,
046,2B,lphya32,categorical,yes(2),2,yes,FALSE,
046,2B,lphya32,categorical,do not know(3),3,do not know,FALSE,
046,2B,lphya32,categorical,refusal(4),4,refusal,FALSE,
046,2B,lphya33,numeric,"na, wrong skip(-3)",-3,"na, wrong skip",TRUE,
046,2B,lphya33,numeric,"na, see B/C/D/E/B/F/G/H/B/I/JLPHYA32(-2)",-2,"na, see B/C/D/E/B/F/G/H/B/I/JLPHYA32",TRUE,
046,2B,lphya33,numeric,"na, asked(-1)",-1,"na, asked",TRUE,
046,2B,lphya34,numeric,"na, wrong skip(-3)",-3,"na, wrong skip",TRUE,
046,2B,lphya34,numeric,"na, see B/C/D/E/B/F/G/H/B/I/JLPHYA32(-2)",-2,"na, see B/C/D/E/B/F/G/H/B/I/JLPHYA32",TRUE,
046,2B,lphya34,numeric,"na, asked(-1)",-1,"na, asked",TRUE,
046,2B,lphya35,binary,"na, wrong skip(-3)",-3,"na, wrong skip",TRUE,
046,2B,lphya35,binary,"na, see B/C/D/E/B/F/G/H/B/I/JLPHYA01(-2)",-2,"na, see B/C/D/E/B/F/G/H/B/I/JLPHYA01",TRUE,
046,2B,lphya35,binary,"na, asked(-1)",-1,"na, asked",TRUE,
046,2B,lphya35,binary,no(1),1,no,FALSE,
046,2B,lphya35,binary,yes(2),2,yes,FALSE,
046,2B,lphya36,categorical,"na, wrong skip(-3)",-3,"na, wrong skip",TRUE,
046,2B,lphya36,categorical,"na, see B/C/D/E/B/F/G/H/B/I/JLPHYA35(-2)",-2,"na, see B/C/D/E/B/F/G/H/B/I/JLPHYA35",TRUE,
046,2B,lphya36,categorical,"na, asked(-1)",-1,"na, asked",TRUE,
046,2B,lphya36,categorical,no(1),1,no,FALSE,
046,2B,lphya36,categorical,yes(2),2,yes,FALSE,
046,2B,lphya36,categorical,do not know(3),3,do not know,FALSE,
046,2B,lphya36,categorical,refusal(4),4,refusal,FALSE,
046,2B,lphya37,numeric,"na, wrong skip(-3)",-3,"na, wrong skip",TRUE,
046,2B,lphya37,numeric,"na, see B/C/D/E/B/F/G/H/B/I/JLPHYA36(-2)",-2,"na, see B/C/D/E/B/F/G/H/B/I/JLPHYA36",TRUE,
046,2B,lphya37,numeric,"na, asked(-1)",-1,"na, asked",TRUE,
046,2B,lphya38,numeric,"na, wrong skip(-3)",-3,"na, wrong skip",TRUE,
046,2B,lphya38,numeric,"na, see B/C/D/E/B/F/G/H/B/I/JLPHYA36(-2)",-2,"na, see B/C/D/E/B/F/G/H/B/I/JLPHYA36",TRUE,
046,2B,lphya38,numeric,"na, asked(-1)",-1,"na, asked",TRUE,
046,2B,lphya39,binary,"na, wrong skip(-3)",-3,"na, wrong skip",TRUE,
046,2B,lphya39,binary,"na, see B/C/D/E/B/F/G/H/B/I/JLPHYA01(-2)",-2,"na, see B/C/D/E/B/F/G/H/B/I/JLPHYA01",TRUE,
046,2B,lphya39,binary,"na, asked(-1)",-1,"na, asked",TRUE,
046,2B,lphya39,binary,no(1),1,no,FALSE,
046,2B,lphya39,binary,yes(2),2,yes,FALSE,
046,2B,lphya40,binary,"na, wrong skip(-3)",-3,"na, wrong skip",TRUE,
046,2B,lphya40,binary,"na, see B/C/D/E/B/F/G/H/B/I/JLPHYA39(-2)",-2,"na, see B/C/D/E/B/F/G/H/B/I/JLPHYA39",TRUE,
046,2B,lphya40,binary,"na, asked(-1)",-1,"na, asked",TRUE,
046,2B,lphya40,binary,not mentioned(0),0,not mentioned,FALSE,
046,2B,lphya40,binary,mentioned(1),1,mentioned,FALSE,
046,2B,lphya41,binary,"na, wrong skip(-3)",-3,"na, wrong skip",TRUE,
046,2B,lphya41,binary,"na, see B/C/D/E/B/F/G/H/B/I/JLPHYA39(-2)",-2,"na, see B/C/D/E/B/F/G/H/B/I/JLPHYA39",TRUE,
046,2B,lphya41,binary,"na, asked(-1)",-1,"na, asked",TRUE,
046,2B,lphya41,binary,not mentioned(0),0,not mentioned,FALSE,
046,2B,lphya41,binary,mentioned(1),1,mentioned,FALSE,
046,2B,lphya42,binary,"na, wrong skip(-3)",-3,"na, wrong skip",TRUE,
046,2B,lphya42,binary,"na, see B/C/D/E/B/F/G/H/B/I/JLPHYA39(-2)",-2,"na, see B/C/D/E/B/F/G/H/B/I/JLPHYA39",TRUE,
046,2B,lphya42,binary,"na, asked(-1)",-1,"na, asked",TRUE,
046,2B,lphya42,binary,not mentioned(0),0,not mentioned,FALSE,
046,2B,lphya42,binary,mentioned(1),1,mentioned,FALSE,
046,2B,lphya43,binary,"na, wrong skip(-3)",-3,"na, wrong skip",TRUE,
046,2B,lphya43,binary,"na, see B/C/D/E/B/F/G/H/B/I/JLPHYA39(-2)",-2,"na, see B/C/D/E/B/F/G/H/B/I/JLPHYA39",TRUE,
046,2B,lphya43,binary,"na, asked(-1)",-1,"na, asked",TRUE,
046,2B,lphya43,binary,not mentioned(0),0,not mentioned,FALSE,
046,2B,lphya43,binary,mentioned(1),1,mentioned,FALSE,
046,2B,lphya44,binary,"na, wrong skip(-3)",-3,"na, wrong skip",TRUE,
046,2B,lphya44,binary,"na, see B/C/D/E/B/F/G/H/B/I/JLPHYA39(-2)",-2,"na, see B/C/D/E/B/F/G/H/B/I/JLPHYA39",TRUE,
046,2B,lphya44,binary,"na, asked(-1)",-1,"na, asked",TRUE,
046,2B,lphya44,binary,not mentioned(0),0,not mentioned,FALSE,
046,2B,lphya44,binary,mentioned(1),1,mentioned,FALSE,
046,2B,lphya46,ordinal,"na, see B/C/D/E/BLPHYA45(-2)",-2,"na, see B/C/D/E/BLPHYA45",TRUE,
046,2B,lphya46,ordinal,-to be coded-(0),0,-to be coded-,FALSE,
046,2B,lphya46,ordinal,visit from friend/family(1),1,visit from friend/family,FALSE,
046,2B,lphya46,ordinal,positive activities(2),2,positive activities,FALSE,
046,2B,lphya46,ordinal,illness partner(3),3,illness partner,FALSE,
046,2B,lphya46,ordinal,good weather(4),4,good weather,FALSE,
046,2B,lphya46,ordinal,decease partner(5),5,decease partner,FALSE,
046,2B,lphya46,ordinal,business-trip(6),6,business-trip,FALSE,
046,2B,lphya46,ordinal,removal(7),7,removal,FALSE,
046,2B,lphya46,ordinal,spring cleaning(8),8,spring cleaning,FALSE,
046,2B,lphya46,ordinal,rebuilding(9),9,rebuilding,FALSE,
046,2B,lphya46,ordinal,other(10),10,other,FALSE,
046,F,lphya01,categorical,"na, interview terminated(-5)",-5,"na, interview terminated",TRUE,
046,F,lphya01,categorical,"na, short interview(-4)",-4,"na, short interview",TRUE,
046,F,lphya01,categorical,"na, (from wave h: not done,) wrong skip(-3)",-3,"na, wrong skip",TRUE,
046,F,lphya01,categorical,"na, asked(-1)",-1,"na, asked",TRUE,
046,F,lphya01,categorical,respondent bedridden(1),1,respondent bedridden,FALSE,
046,F,lphya01,categorical,respondent in elec. wheelchair(2),2,respondent in elec. wheelchair,FALSE,
046,F,lphya01,categorical,respondent in mech. wheelchair(3),3,respondent in mech. wheelchair,FALSE,
046,F,lphya01,categorical,"not 1, 2 or 3(4)",4,"not 1, 2 or 3",FALSE,
046,F,lphya02,binary,"na, wrong skip(-3)",-3,"na, wrong skip",TRUE,
046,F,lphya02,binary,"na, see B/C/D/E/B/F/G/H/B/I/JLPHYA01(-2)",-2,"na, see B/C/D/E/B/F/G/H/B/I/JLPHYA01",TRUE,
046,F,lphya02,binary,"na, asked(-1)",-1,"na, asked",TRUE,
046,F,lphya02,binary,no(1),1,no,FALSE,
046,F,lphya02,binary,yes(2),2,yes,FALSE,
046,F,lphya03,binary,"na, wrong skip(-3)",-3,"na, wrong skip",TRUE,
046,F,lphya03,binary,"na, see B/C/D/E/B/F/G/H/B/I/JLPHYA02(-2)",-2,"na, see B/C/D/E/B/F/G/H/B/I/JLPHYA02",TRUE,
046,F,lphya03,binary,"na, asked(-1)",-1,"na, asked",TRUE,
046,F,lphya03,binary,no(1),1,no,FALSE,
046,F,lphya03,binary,yes(2),2,yes,FALSE,
046,F,lphya04,numeric,"na, wrong skip(-3)",-3,"na, wrong skip",TRUE,
046,F,lphya04,numeric,"na, see B/C/D/E/B/F/G/H/B/I/JLPHYA03(-2)",-2,"na, see B/C/D/E/B/F/G/H/B/I/JLPHYA03",TRUE,
046,F,lphya04,numeric,"na, asked(-1)",-1,"na, asked",TRUE,
046,F,lphya05,numeric,"na, wrong skip(-3)",-3,"na, wrong skip",TRUE,
046,F,lphya05,numeric,"na, see B/C/D/E/B/F/G/H/B/I/JLPHYA03(-2)",-2,"na, see B/C/D/E/B/F/G/H/B/I/JLPHYA03",TRUE,
046,F,lphya05,numeric,"na, asked(-1)",-1,"na, asked",TRUE,
046,F,lphya06,binary,"na, wrong skip(-3)",-3,"na, wrong skip",TRUE,
046,F,lphya06,binary,"na, see B/C/D/E/B/F/G/H/B/I/JLPHYA01(-2)",-2,"na, see B/C/D/E/B/F/G/H/B/I/JLPHYA01",TRUE,
046,F,lphya06,binary,"na, asked(-1)",-1,"na, asked",TRUE,
046,F,lphya06,binary,no(1),1,no,FALSE,
046,F,lphya06,binary,yes(2),2,yes,FALSE,
046,F,lphya07,binary,"na, wrong skip(-3)",-3,"na, wrong skip",TRUE,
046,F,lphya07,binary,"na, see B/C/D/E/B/F/G/H/B/I/JLPHYA06(-2)",-2,"na, see B/C/D/E/B/F/G/H/B/I/JLPHYA06",TRUE,
046,F,lphya07,binary,"na, asked(-1)",-1,"na, asked",TRUE,
046,F,lphya07,binary,no(1),1,no,FALSE,
046,F,lphya07,binary,yes(2),2,yes,FALSE,
046,F,lphya08,numeric,"na, wrong skip(-3)",-3,"na, wrong skip",TRUE,
046,F,lphya08,numeric,"na, see B/C/D/E/B/F/G/H/B/I/JLPHYA07(-2)",-2,"na, see B/C/D/E/B/F/G/H/B/I/JLPHYA07",TRUE,
046,F,lphya08,numeric,"na, asked(-1)",-1,"na, asked",TRUE,
046,F,lphya09,numeric,"na, wrong skip(-3)",-3,"na, wrong skip",TRUE,
046,F,lphya09,numeric,"na, see B/C/D/E/B/F/G/H/B/I/JLPHYA07(-2)",-2,"na, see B/C/D/E/B/F/G/H/B/I/JLPHYA07",TRUE,
046,F,lphya09,numeric,"na, asked(-1)",-1,"na, asked",TRUE,
046,F,lphya10,binary,"na, wrong skip(-3)",-3,"na, wrong skip",TRUE,
046,F,lphya10,binary,"na, see B/C/D/E/B/F/G/H/B/I/JLPHYA01(-2)",-2,"na, see B/C/D/E/B/F/G/H/B/I/JLPHYA01",TRUE,
046,F,lphya10,binary,"na, asked(-1)",-1,"na, asked",TRUE,
046,F,lphya10,binary,no(1),1,no,FALSE,
046,F,lphya10,binary,yes(2),2,yes,FALSE,
046,F,lphya11,binary,"na, wrong skip(-3)",-3,"na, wrong skip",TRUE,
046,F,lphya11,binary,"na, see B/C/D/E/B/F/G/H/B/I/JLPHYA10(-2)",-2,"na, see B/C/D/E/B/F/G/H/B/I/JLPHYA10",TRUE,
046,F,lphya11,binary,"na, asked(-1)",-1,"na, asked",TRUE,
046,F,lphya11,binary,no(1),1,no,FALSE,
046,F,lphya11,binary,yes(2),2,yes,FALSE,
046,F,lphya12,numeric,"na, wrong skip(-3)",-3,"na, wrong skip",TRUE,
046,F,lphya12,numeric,"na, see B/C/D/E/B/F/G/H/B/I/JLPHYA11(-2)",-2,"na, see B/C/D/E/B/F/G/H/B/I/JLPHYA11",TRUE,
046,F,lphya12,numeric,"na, asked(-1)",-1,"na, asked",TRUE,
046,F,lphya13,numeric,"na, wrong skip(-3)",-3,"na, wrong skip",TRUE,
046,F,lphya13,numeric,"na, see B/C/D/E/B/F/G/H/B/I/JLPHYA11(-2)",-2,"na, see B/C/D/E/B/F/G/H/B/I/JLPHYA11",TRUE,
046,F,lphya13,numeric,"na, asked(-1)",-1,"na, asked",TRUE,
046,F,lphya14,binary,"na, wrong skip(-3)",-3,"na, wrong skip",TRUE,
046,F,lphya14,binary,"na, see B/C/D/E/B/F/G/H/BLPHYA01(-2)",-2,"na, see B/C/D/E/B/F/G/H/BLPHYA01",TRUE,
046,F,lphya14,binary,"na, asked(-1)",-1,"na, asked",TRUE,
046,F,lphya14,binary,no(1),1,no,FALSE,
046,F,lphya14,binary,yes(2),2,yes,FALSE,
046,F,lphya15,binary,"na, wrong skip(-3)",-3,"na, wrong skip",TRUE,
046,F,lphya15,binary,"na, see B/C/D/E/B/F/G/H/BLPHYA14(-2)",-2,"na, see B/C/D/E/B/F/G/H/BLPHYA14",TRUE,
046,F,lphya15,binary,"na, asked(-1)",-1,"na, asked",TRUE,
046,F,lphya15,binary,no(1),1,no,FALSE,
046,F,lphya15,binary,yes(2),2,yes,FALSE,
046,F,lphya16,numeric,"na, wrong skip(-3)",-3,"na, wrong skip",TRUE,
046,F,lphya16,numeric,"na, see B/C/D/E/B/F/G/H/BLPHYA15(-2)",-2,"na, see B/C/D/E/B/F/G/H/BLPHYA15",TRUE,
046,F,lphya16,numeric,"na, asked(-1)",-1,"na, asked",TRUE,
046,F,lphya17,binary,"na, wrong skip(-3)",-3,"na, wrong skip",TRUE,
046,F,lphya17,binary,"na, see B/C/D/E/B/F/G/H/B/I/JLPHYA15(-2)",-2,"na, see B/C/D/E/B/F/G/H/B/I/JLPHYA15",TRUE,
046,F,lphya17,binary,"na, asked(-1)",-1,"na, asked",TRUE,
046,F,lphya17,binary,no(1),1,no,FALSE,
046,F,lphya17,binary,yes(2),2,yes,FALSE,
046,F,lphya18,numeric,"na, wrong skip(-3)",-3,"na, wrong skip",TRUE,
046,F,lphya18,numeric,"na, see B/C/D/E/B/F/G/H/B/I/JLPHYA17(-2)",-2,"na, see B/C/D/E/B/F/G/H/B/I/JLPHYA17",TRUE,
046,F,lphya18,numeric,"na, asked(-1)",-1,"na, asked",TRUE,
046,F,lphya19,numeric,"na, wrong skip(-3)",-3,"na, wrong skip",TRUE,
046,F,lphya19,numeric,"na, see B/C/D/E/B/F/G/H/B/I/JLPHYA17(-2)",-2,"na, see B/C/D/E/B/F/G/H/B/I/JLPHYA17",TRUE,
046,F,lphya19,numeric,"na, asked(-1)",-1,"na, asked",TRUE,
046,F,lphya20,binary,"na, wrong skip(-3)",-3,"na, wrong skip",TRUE,
046,F,lphya20,binary,"na, see B/C/D/E/B/F/G/H/BLPHYA17(-2)",-2,"na, see B/C/D/E/B/F/G/H/BLPHYA17",TRUE,
046,F,lphya20,binary,"na, asked(-1)",-1,"na, asked",TRUE,
046,F,lphya20,binary,no(1),1,no,FALSE,
046,F,lphya20,binary,yes(2),2,yes,FALSE,
046,F,lphya21,binary,"na, wrong skip(-3)",-3,"na, wrong skip",TRUE,
046,F,lphya21,binary,"na, see B/C/D/E/B/F/GLPHYA01(-2)",-2,"na, see B/C/D/E/B/F/GLPHYA01",TRUE,
046,F,lphya21,binary,"na, asked(-1)",-1,"na, asked",TRUE,
046,F,lphya21,binary,no(1),1,no,FALSE,
046,F,lphya21,binary,yes(2),2,yes,FALSE,
046,F,lphya22,categorical,"na, wrong skip(-3)",-3,"na, wrong skip",TRUE,
046,F,lphya22,categorical,"na, see B/C/D/E/B/F/GLPHYA21(-2)",-2,"na, see B/C/D/E/B/F/GLPHYA21",TRUE,
046,F,lphya22,categorical,"na, asked(-1)",-1,"na, asked",TRUE,
046,F,lphya22,categorical,distance walking(1),1,distance walking,FALSE,
046,F,lphya22,categorical,distance cycling(2),2,distance cycling,FALSE,
046,F,lphya22,categorical,gymnastics(3),3,gymnastics,FALSE,
046,F,lphya22,categorical,home trainer(4),4,home trainer,FALSE,
046,F,lphya22,categorical,swimming(5),5,swimming,FALSE,
046,F,lphya22,categorical,(folk)dancing(6),6,(folk)dancing,FALSE,
046,F,lphya22,categorical,bowling(7),7,bowling,FALSE,
046,F,lphya22,categorical,tennis(8),8,tennis,FALSE,
046,F,lphya22,categorical,jogging/running/speed walking(9),9,jogging/running/speed walking,FALSE,
046,F,lphya22,categorical,rowing(10),10,rowing,FALSE,
046,F,lphya22,categorical,sailing(11),11,sailing,FALSE,
046,F,lphya22,categorical,billiards(12),12,billiards,FALSE,
046,F,lphya22,categorical,fishing(13),13,fishing,FALSE,
046,F,lphya22,categorical,soccer/basketball/korfball(14),14,soccer/basketball/korfball,FALSE,
046,F,lphya22,categorical,volleybal/baseball(15),15,volleybal/baseball,FALSE,
046,F,lphya22,categorical,winter sports(16),16,winter sports,FALSE,
046,F,lphya22,categorical,golf(17),17,golf,FALSE,
046,F,lphya22,categorical,other sports(18),18,other sports,FALSE,
046,F,lphya23,numeric,"na, wrong skip(-3)",-3,"na, wrong skip",TRUE,
046,F,lphya23,numeric,"na, see B/C/D/E/B/F/G/H/B/I/JLPHYA21(-2)",-2,"na, see B/C/D/E/B/F/G/H/B/I/JLPHYA21",TRUE,
046,F,lphya23,numeric,"na, asked(-1)",-1,"na, asked",TRUE,
046,F,lphya24,numeric,"na, wrong skip(-3)",-3,"na, wrong skip",TRUE,
046,F,lphya24,numeric,"na, see B/C/D/E/B/F/G/H/B/I/JLPHYA23(-2)",-2,"na, see B/C/D/E/B/F/G/H/B/I/JLPHYA23",TRUE,
046,F,lphya24,numeric,"na, asked(-1)",-1,"na, asked",TRUE,
046,F,lphya25,binary,"na, wrong skip(-3)",-3,"na, wrong skip",TRUE,
046,F,lphya25,binary,"na, see B/C/D/E/B/F/G/H/B/I/JLPHYA21(-2)",-2,"na, see B/C/D/E/B/F/G/H/B/I/JLPHYA21",TRUE,
046,F,lphya25,binary,"na, asked(-1)",-1,"na, asked",TRUE,
046,F,lphya25,binary,no(1),1,no,FALSE,
046,F,lphya25,binary,yes(2),2,yes,FALSE,
046,F,lphya26,categorical,"na, wrong skip(-3)",-3,"na, wrong skip",TRUE,
046,F,lphya26,categorical,"na, see B/C/D/E/B/F/GLPHYA25(-2)",-2,"na, see B/C/D/E/B/F/GLPHYA25",TRUE,
046,F,lphya26,categorical,"na, asked(-1)",-1,"na, asked",TRUE,
046,F,lphya26,categorical,distance walking(1),1,distance walking,FALSE,
046,F,lphya26,categorical,distance cycling(2),2,distance cycling,FALSE,
046,F,lphya26,categorical,gymnastics(3),3,gymnastics,FALSE,
046,F,lphya26,categorical,home trainer(4),4,home trainer,FALSE,
046,F,lphya26,categorical,swimming(5),5,swimming,FALSE,
046,F,lphya26,categorical,(folk)dancing(6),6,(folk)dancing,FALSE,
046,F,lphya26,categorical,bowling(7),7,bowling,FALSE,
046,F,lphya26,categorical,tennis(8),8,tennis,FALSE,
046,F,lphya26,categorical,jogging/running/speed walking(9),9,jogging/running/speed walking,FALSE,
046,F,lphya26,categorical,rowing(10),10,rowing,FALSE,
046,F,lphya26,categorical,sailing(11),11,sailing,FALSE,
046,F,lphya26,categorical,billiards(12),12,billiards,FALSE,
046,F,lphya26,categorical,fishing(13),13,fishing,FALSE,
046,F,lphya26,categorical,soccer/basketball/korfball(14),14,soccer/basketball/korfball,FALSE,
046,F,lphya26,categorical,volleybal/baseball(15),15,volleybal/baseball,FALSE,
046,F,lphya26,categorical,winter sports(16),16,winter sports,FALSE,
046,F,lphya26,categorical,golf(17),17,golf,FALSE,
046,F,lphya26,categorical,other sports(18),18,other sports,FALSE,
046,F,lphya27,numeric,"na, wrong skip(-3)",-3,"na, wrong skip",TRUE,
046,F,lphya27,numeric,"na, see B/C/D/E/B/F/G/H/B/I/JLPHYA25(-2)",-2,"na, see B/C/D/E/B/F/G/H/B/I/JLPHYA25",TRUE,
046,F,lphya27,numeric,"na, asked(-1)",-1,"na, asked",TRUE,
046,F,lphya28,numeric,"na, wrong skip(-3)",-3,"na, wrong skip",TRUE,
046,F,lphya28,numeric,"na, see B/C/D/E/B/F/G/H/B/I/JLPHYA27(-2)",-2,"na, see B/C/D/E/B/F/G/H/B/I/JLPHYA27",TRUE,
046,F,lphya28,numeric,"na, asked(-1)",-1,"na, asked",TRUE,
046,F,lphya29,categorical,"na, wrong skip(-3)",-3,"na, wrong skip",TRUE,
046,F,lphya29,categorical,"na, see B/C/D/E/B/F/GLPHYA21(-2)",-2,"na, see B/C/D/E/B/F/GLPHYA21",TRUE,
046,F,lphya29,categorical,"na, asked(-1)",-1,"na, asked",TRUE,
046,F,lphya29,categorical,no(1),1,no,FALSE,
046,F,lphya29,categorical,yes(2),2,yes,FALSE,
046,F,lphya29,categorical,do not know(3),3,do not know,FALSE,
046,F,lphya30,numeric,"na, wrong skip(-3)",-3,"na, wrong skip",TRUE,
046,F,lphya30,numeric,"na, see B/C/D/E/B/F/GLPHYA29(-2)",-2,"na, see B/C/D/E/B/F/GLPHYA29",TRUE,
046,F,lphya30,numeric,"na, asked(-1)",-1,"na, asked",TRUE,
046,F,lphya31,binary,"na, wrong skip(-3)",-3,"na, wrong skip",TRUE,
046,F,lphya31,binary,"na, see B/C/D/E/B/F/G/H/B/I/JLPHYA01(-2)",-2,"na, see B/C/D/E/B/F/G/H/B/I/JLPHYA01",TRUE,
046,F,lphya31,binary,"na, asked(-1)",-1,"na, asked",TRUE,
046,F,lphya31,binary,no(1),1,no,FALSE,
046,F,lphya31,binary,yes(2),2,yes,FALSE,
046,F,lphya32,categorical,"na, wrong skip(-3)",-3,"na, wrong skip",TRUE,
046,F,lphya32,categorical,"na, see B/C/D/E/B/F/G/H/B/I/JLPHYA31(-2)",-2,"na, see B/C/D/E/B/F/G/H/B/I/JLPHYA31",TRUE,
046,F,lphya32,categorical,"na, asked(-1)",-1,"na, asked",TRUE,
046,F,lphya32,categorical,no(1),1,no,FALSE,
046,F,lphya32,categorical,yes(2),2,yes,FALSE,
046,F,lphya32,categorical,do not know(3),3,do not know,FALSE,
046,F,lphya32,categorical,refusal(4),4,refusal,FALSE,
046,F,lphya33,numeric,"na, wrong skip(-3)",-3,"na, wrong skip",TRUE,
046,F,lphya33,numeric,"na, see B/C/D/E/B/F/G/H/B/I/JLPHYA32(-2)",-2,"na, see B/C/D/E/B/F/G/H/B/I/JLPHYA32",TRUE,
046,F,lphya33,numeric,"na, asked(-1)",-1,"na, asked",TRUE,
046,F,lphya34,numeric,"na, wrong skip(-3)",-3,"na, wrong skip",TRUE,
046,F,lphya34,numeric,"na, see B/C/D/E/B/F/G/H/B/I/JLPHYA32(-2)",-2,"na, see B/C/D/E/B/F/G/H/B/I/JLPHYA32",TRUE,
046,F,lphya34,numeric,"na, asked(-1)",-1,"na, asked",TRUE,
046,F,lphya35,binary,"na, wrong skip(-3)",-3,"na, wrong skip",TRUE,
046,F,lphya35,binary,"na, see B/C/D/E/B/F/G/H/B/I/JLPHYA01(-2)",-2,"na, see B/C/D/E/B/F/G/H/B/I/JLPHYA01",TRUE,
046,F,lphya35,binary,"na, asked(-1)",-1,"na, asked",TRUE,
046,F,lphya35,binary,no(1),1,no,FALSE,
046,F,lphya35,binary,yes(2),2,yes,FALSE,
046,F,lphya36,categorical,"na, wrong skip(-3)",-3,"na, wrong skip",TRUE,
046,F,lphya36,categorical,"na, see B/C/D/E/B/F/G/H/B/I/JLPHYA35(-2)",-2,"na, see B/C/D/E/B/F/G/H/B/I/JLPHYA35",TRUE,
046,F,lphya36,categorical,"na, asked(-1)",-1,"na, asked",TRUE,
046,F,lphya36,categorical,no(1),1,no,FALSE,
046,F,lphya36,categorical,yes(2),2,yes,FALSE,
046,F,lphya36,categorical,do not know(3),3,do not know,FALSE,
046,F,lphya36,categorical,refusal(4),4,refusal,FALSE,
046,F,lphya37,numeric,"na, wrong skip(-3)",-3,"na, wrong skip",TRUE,
046,F,lphya37,numeric,"na, see B/C/D/E/B/F/G/H/B/I/JLPHYA36(-2)",-2,"na, see B/C/D/E/B/F/G/H/B/I/JLPHYA36",TRUE,
046,F,lphya37,numeric,"na, asked(-1)",-1,"na, asked",TRUE,
046,F,lphya38,numeric,"na, wrong skip(-3)",-3,"na, wrong skip",TRUE,
046,F,lphya38,numeric,"na, see B/C/D/E/B/F/G/H/B/I/JLPHYA36(-2)",-2,"na, see B/C/D/E/B/F/G/H/B/I/JLPHYA36",TRUE,
046,F,lphya38,numeric,"na, asked(-1)",-1,"na, asked",TRUE,
046,F,lphya39,binary,"na, wrong skip(-3)",-3,"na, wrong skip",TRUE,
046,F,lphya39,binary,"na, see B/C/D/E/B/F/G/H/B/I/JLPHYA01(-2)",-2,"na, see B/C/D/E/B/F/G/H/B/I/JLPHYA01",TRUE,
046,F,lphya39,binary,"na, asked(-1)",-1,"na, asked",TRUE,
046,F,lphya39,binary,no(1),1,no,FALSE,
046,F,lphya39,binary,yes(2),2,yes,FALSE,
046,F,lphya40,binary,"na, wrong skip(-3)",-3,"na, wrong skip",TRUE,
046,F,lphya40,binary,"na, see B/C/D/E/B/F/G/H/B/I/JLPHYA39(-2)",-2,"na, see B/C/D/E/B/F/G/H/B/I/JLPHYA39",TRUE,
046,F,lphya40,binary,"na, asked(-1)",-1,"na, asked",TRUE,
046,F,lphya40,binary,not mentioned(0),0,not mentioned,FALSE,
046,F,lphya40,binary,mentioned(1),1,mentioned,FALSE,
046,F,lphya41,binary,"na, wrong skip(-3)",-3,"na, wrong skip",TRUE,
046,F,lphya41,binary,"na, see B/C/D/E/B/F/G/H/B/I/JLPHYA39(-2)",-2,"na, see B/C/D/E/B/F/G/H/B/I/JLPHYA39",TRUE,
046,F,lphya41,binary,"na, asked(-1)",-1,"na, asked",TRUE,
046,F,lphya41,binary,not mentioned(0),0,not mentioned,FALSE,
046,F,lphya41,binary,mentioned(1),1,mentioned,FALSE,
046,F,lphya42,binary,"na, wrong skip(-3)",-3,"na, wrong skip",TRUE,
046,F,lphya42,binary,"na, see B/C/D/E/B/F/G/H/B/I/JLPHYA39(-2)",-2,"na, see B/C/D/E/B/F/G/H/B/I/JLPHYA39",TRUE,
046,F,lphya42,binary,"na, asked(-1)",-1,"na, asked",TRUE,
046,F,lphya42,binary,not mentioned(0),0,not mentioned,FALSE,
046,F,lphya42,binary,mentioned(1),1,mentioned,FALSE,
046,F,lphya43,binary,"na, wrong skip(-3)",-3,"na, wrong skip",TRUE,
046,F,lphya43,binary,"na, see B/C/D/E/B/F/G/H/B/I/JLPHYA39(-2)",-2,"na, see B/C/D/E/B/F/G/H/B/I/JLPHYA39",TRUE,
046,F,lphya43,binary,"na, asked(-1)",-1,"na, asked",TRUE,
046,F,lphya43,binary,not mentioned(0),0,not mentioned,FALSE,
046,F,lphya43,binary,mentioned(1),1,mentioned,FALSE,
046,F,lphya44,binary,"na, wrong skip(-3)",-3,"na, wrong skip",TRUE,
046,F,lphya44,binary,"na, see B/C/D/E/B/F/G/H/B/I/JLPHYA39(-2)",-2,"na, see B/C/D/E/B/F/G/H/B/I/JLPHYA39",TRUE,
046,F,lphya44,binary,"na, asked(-1)",-1,"na, asked",TRUE,
046,F,lphya44,binary,not mentioned(0),0,not mentioned,FALSE,
046,F,lphya44,binary,mentioned(1),1,mentioned,FALSE,
046,F,lphya45,binary,"na, wrong skip(-3)",-3,"na, wrong skip",TRUE,
046,F,lphya45,binary,"na, see F/G/H/B/I/JLPHYA39(-2)",-2,"na, see F/G/H/B/I/JLPHYA39",TRUE,
046,F,lphya45,binary,"na, asked(-1)",-1,"na, asked",TRUE,
046,F,lphya45,binary,not mentioned(0),0,not mentioned,FALSE,
046,F,lphya45,binary,mentioned(1),1,mentioned,FALSE,
046,F,lphya46,ordinal,"na, wrong skip(-3)",-3,"na, wrong skip",TRUE,
046,F,lphya46,ordinal,"na, see F/G/H/B/I/JLPHYA39(-2)",-2,"na, see F/G/H/B/I/JLPHYA39",TRUE,
046,F,lphya46,ordinal,"na, asked(-1)",-1,"na, asked",TRUE,
046,F,lphya46,ordinal,not mentioned(0),0,not mentioned,FALSE,
046,F,lphya46,ordinal,mentioned(1),1,mentioned,FALSE,
046,F,lphya47,binary,"na, wrong skip(-3)",-3,"na, wrong skip",TRUE,
046,F,lphya47,binary,"na, see F/G/H/B/I/JLPHYA39(-2)",-2,"na, see F/G/H/B/I/JLPHYA39",TRUE,
046,F,lphya47,binary,"na, asked(-1)",-1,"na, asked",TRUE,
046,F,lphya47,binary,not mentioned(0),0,not mentioned,FALSE,
046,F,lphya47,binary,mentioned(1),1,mentioned,FALSE,
046,F,lphya48,binary,"na, wrong skip(-3)",-3,"na, wrong skip",TRUE,
046,F,lphya48,binary,"na, see F/G/H/B/I/JLPHYA39(-2)",-2,"na, see F/G/H/B/I/JLPHYA39",TRUE,
046,F,lphya48,binary,"na, asked(-1)",-1,"na, asked",TRUE,
046,F,lphya48,binary,not mentioned(0),0,not mentioned,FALSE,
046,F,lphya48,binary,mentioned(1),1,mentioned,FALSE,
046,F,lphya49,binary,"na, wrong skip(-3)",-3,"na, wrong skip",TRUE,
046,F,lphya49,binary,"na, see F/G/H/B/I/JLPHYA39(-2)",-2,"na, see F/G/H/B/I/JLPHYA39",TRUE,
046,F,lphya49,binary,"na, asked(-1)",-1,"na, asked",TRUE,
046,F,lphya49,binary,not mentioned(0),0,not mentioned,FALSE,
046,F,lphya49,binary,mentioned(1),1,mentioned,FALSE,
046,F,lphya50,ordinal,"na, see F/G/H/B/I/JLPHYA49(-2)",-2,"na, see F/G/H/B/I/JLPHYA49",TRUE,
046,F,lphya50,ordinal,visit from friend/family(1),1,visit from friend/family,FALSE,
046,F,lphya50,ordinal,positive activities(2),2,positive activities,FALSE,
046,F,lphya50,ordinal,illness partner(3),3,illness partner,FALSE,
046,F,lphya50,ordinal,good weather(4),4,good weather,FALSE,
046,F,lphya50,ordinal,death partner(5),5,death partner,FALSE,
046,F,lphya50,ordinal,business-trip(6),6,business-trip,FALSE,
046,F,lphya50,ordinal,removal/moved(7),7,removal/moved,FALSE,
046,F,lphya50,ordinal,spring cleaning(8),8,spring cleaning,FALSE,
046,F,lphya50,ordinal,rebuilding(9),9,rebuilding,FALSE,
046,F,lphya50,ordinal,other(10),10,other,FALSE,
046,G,lphya01,categorical,"na, interview terminated(-5)",-5,"na, interview terminated",TRUE,
046,G,lphya01,categorical,"na, short interview(-4)",-4,"na, short interview",TRUE,
046,G,lphya01,categorical,"na, (from wave h: not done,) wrong skip(-3)",-3,"na, wrong skip",TRUE,
046,G,lphya01,categorical,"na, asked(-1)",-1,"na, asked",TRUE,
046,G,lphya01,categorical,respondent bedridden(1),1,respondent bedridden,FALSE,
046,G,lphya01,categorical,respondent in elec. wheelchair(2),2,respondent in elec. wheelchair,FALSE,
046,G,lphya01,categorical,respondent in mech. wheelchair(3),3,respondent in mech. wheelchair,FALSE,
046,G,lphya01,categorical,"not 1, 2 or 3(4)",4,"not 1, 2 or 3",FALSE,
046,G,lphya02,binary,"na, wrong skip(-3)",-3,"na, wrong skip",TRUE,
046,G,lphya02,binary,"na, see B/C/D/E/B/F/G/H/B/I/JLPHYA01(-2)",-2,"na, see B/C/D/E/B/F/G/H/B/I/JLPHYA01",TRUE,
046,G,lphya02,binary,"na, asked(-1)",-1,"na, asked",TRUE,
046,G,lphya02,binary,no(1),1,no,FALSE,
046,G,lphya02,binary,yes(2),2,yes,FALSE,
046,G,lphya03,binary,"na, wrong skip(-3)",-3,"na, wrong skip",TRUE,
046,G,lphya03,binary,"na, see B/C/D/E/B/F/G/H/B/I/JLPHYA02(-2)",-2,"na, see B/C/D/E/B/F/G/H/B/I/JLPHYA02",TRUE,
046,G,lphya03,binary,"na, asked(-1)",-1,"na, asked",TRUE,
046,G,lphya03,binary,no(1),1,no,FALSE,
046,G,lphya03,binary,yes(2),2,yes,FALSE,
046,G,lphya04,numeric,"na, wrong skip(-3)",-3,"na, wrong skip",TRUE,
046,G,lphya04,numeric,"na, see B/C/D/E/B/F/G/H/B/I/JLPHYA03(-2)",-2,"na, see B/C/D/E/B/F/G/H/B/I/JLPHYA03",TRUE,
046,G,lphya04,numeric,"na, asked(-1)",-1,"na, asked",TRUE,
046,G,lphya05,numeric,"na, wrong skip(-3)",-3,"na, wrong skip",TRUE,
046,G,lphya05,numeric,"na, see B/C/D/E/B/F/G/H/B/I/JLPHYA03(-2)",-2,"na, see B/C/D/E/B/F/G/H/B/I/JLPHYA03",TRUE,
046,G,lphya05,numeric,"na, asked(-1)",-1,"na, asked",TRUE,
046,G,lphya06,binary,"na, wrong skip(-3)",-3,"na, wrong skip",TRUE,
046,G,lphya06,binary,"na, see B/C/D/E/B/F/G/H/B/I/JLPHYA01(-2)",-2,"na, see B/C/D/E/B/F/G/H/B/I/JLPHYA01",TRUE,
046,G,lphya06,binary,"na, asked(-1)",-1,"na, asked",TRUE,
046,G,lphya06,binary,no(1),1,no,FALSE,
046,G,lphya06,binary,yes(2),2,yes,FALSE,
046,G,lphya07,binary,"na, wrong skip(-3)",-3,"na, wrong skip",TRUE,
046,G,lphya07,binary,"na, see B/C/D/E/B/F/G/H/B/I/JLPHYA06(-2)",-2,"na, see B/C/D/E/B/F/G/H/B/I/JLPHYA06",TRUE,
046,G,lphya07,binary,"na, asked(-1)",-1,"na, asked",TRUE,
046,G,lphya07,binary,no(1),1,no,FALSE,
046,G,lphya07,binary,yes(2),2,yes,FALSE,
046,G,lphya08,numeric,"na, wrong skip(-3)",-3,"na, wrong skip",TRUE,
046,G,lphya08,numeric,"na, see B/C/D/E/B/F/G/H/B/I/JLPHYA07(-2)",-2,"na, see B/C/D/E/B/F/G/H/B/I/JLPHYA07",TRUE,
046,G,lphya08,numeric,"na, asked(-1)",-1,"na, asked",TRUE,
046,G,lphya09,numeric,"na, wrong skip(-3)",-3,"na, wrong skip",TRUE,
046,G,lphya09,numeric,"na, see B/C/D/E/B/F/G/H/B/I/JLPHYA07(-2)",-2,"na, see B/C/D/E/B/F/G/H/B/I/JLPHYA07",TRUE,
046,G,lphya09,numeric,"na, asked(-1)",-1,"na, asked",TRUE,
046,G,lphya10,binary,"na, wrong skip(-3)",-3,"na, wrong skip",TRUE,
046,G,lphya10,binary,"na, see B/C/D/E/B/F/G/H/B/I/JLPHYA01(-2)",-2,"na, see B/C/D/E/B/F/G/H/B/I/JLPHYA01",TRUE,
046,G,lphya10,binary,"na, asked(-1)",-1,"na, asked",TRUE,
046,G,lphya10,binary,no(1),1,no,FALSE,
046,G,lphya10,binary,yes(2),2,yes,FALSE,
046,G,lphya11,binary,"na, wrong skip(-3)",-3,"na, wrong skip",TRUE,
046,G,lphya11,binary,"na, see B/C/D/E/B/F/G/H/B/I/JLPHYA10(-2)",-2,"na, see B/C/D/E/B/F/G/H/B/I/JLPHYA10",TRUE,
046,G,lphya11,binary,"na, asked(-1)",-1,"na, asked",TRUE,
046,G,lphya11,binary,no(1),1,no,FALSE,
046,G,lphya11,binary,yes(2),2,yes,FALSE,
046,G,lphya12,numeric,"na, wrong skip(-3)",-3,"na, wrong skip",TRUE,
046,G,lphya12,numeric,"na, see B/C/D/E/B/F/G/H/B/I/JLPHYA11(-2)",-2,"na, see B/C/D/E/B/F/G/H/B/I/JLPHYA11",TRUE,
046,G,lphya12,numeric,"na, asked(-1)",-1,"na, asked",TRUE,
046,G,lphya13,numeric,"na, wrong skip(-3)",-3,"na, wrong skip",TRUE,
046,G,lphya13,numeric,"na, see B/C/D/E/B/F/G/H/B/I/JLPHYA11(-2)",-2,"na, see B/C/D/E/B/F/G/H/B/I/JLPHYA11",TRUE,
046,G,lphya13,numeric,"na, asked(-1)",-1,"na, asked",TRUE,
046,G,lphya14,binary,"na, wrong skip(-3)",-3,"na, wrong skip",TRUE,
046,G,lphya14,binary,"na, see B/C/D/E/B/F/G/H/BLPHYA01(-2)",-2,"na, see B/C/D/E/B/F/G/H/BLPHYA01",TRUE,
046,G,lphya14,binary,"na, asked(-1)",-1,"na, asked",TRUE,
046,G,lphya14,binary,no(1),1,no,FALSE,
046,G,lphya14,binary,yes(2),2,yes,FALSE,
046,G,lphya15,binary,"na, wrong skip(-3)",-3,"na, wrong skip",TRUE,
046,G,lphya15,binary,"na, see B/C/D/E/B/F/G/H/BLPHYA14(-2)",-2,"na, see B/C/D/E/B/F/G/H/BLPHYA14",TRUE,
046,G,lphya15,binary,"na, asked(-1)",-1,"na, asked",TRUE,
046,G,lphya15,binary,no(1),1,no,FALSE,
046,G,lphya15,binary,yes(2),2,yes,FALSE,
046,G,lphya16,numeric,"na, wrong skip(-3)",-3,"na, wrong skip",TRUE,
046,G,lphya16,numeric,"na, see B/C/D/E/B/F/G/H/BLPHYA15(-2)",-2,"na, see B/C/D/E/B/F/G/H/BLPHYA15",TRUE,
046,G,lphya16,numeric,"na, asked(-1)",-1,"na, asked",TRUE,
046,G,lphya17,binary,"na, wrong skip(-3)",-3,"na, wrong skip",TRUE,
046,G,lphya17,binary,"na, see B/C/D/E/B/F/G/H/B/I/JLPHYA15(-2)",-2,"na, see B/C/D/E/B/F/G/H/B/I/JLPHYA15",TRUE,
046,G,lphya17,binary,"na, asked(-1)",-1,"na, asked",TRUE,
046,G,lphya17,binary,no(1),1,no,FALSE,
046,G,lphya17,binary,yes(2),2,yes,FALSE,
046,G,lphya18,numeric,"na, wrong skip(-3)",-3,"na, wrong skip",TRUE,
046,G,lphya18,numeric,"na, see B/C/D/E/B/F/G/H/B/I/JLPHYA17(-2)",-2,"na, see B/C/D/E/B/F/G/H/B/I/JLPHYA17",TRUE,
046,G,lphya18,numeric,"na, asked(-1)",-1,"na, asked",TRUE,
046,G,lphya19,numeric,"na, wrong skip(-3)",-3,"na, wrong skip",TRUE,
046,G,lphya19,numeric,"na, see B/C/D/E/B/F/G/H/B/I/JLPHYA17(-2)",-2,"na, see B/C/D/E/B/F/G/H/B/I/JLPHYA17",TRUE,
046,G,lphya19,numeric,"na, asked(-1)",-1,"na, asked",TRUE,
046,G,lphya20,binary,"na, wrong skip(-3)",-3,"na, wrong skip",TRUE,
046,G,lphya20,binary,"na, see B/C/D/E/B/F/G/H/BLPHYA17(-2)",-2,"na, see B/C/D/E/B/F/G/H/BLPHYA17",TRUE,
046,G,lphya20,binary,"na, asked(-1)",-1,"na, asked",TRUE,
046,G,lphya20,binary,no(1),1,no,FALSE,
046,G,lphya20,binary,yes(2),2,yes,FALSE,
046,G,lphya21,binary,"na, wrong skip(-3)",-3,"na, wrong skip",TRUE,
046,G,lphya21,binary,"na, see B/C/D/E/B/F/GLPHYA01(-2)",-2,"na, see B/C/D/E/B/F/GLPHYA01",TRUE,
046,G,lphya21,binary,"na, asked(-1)",-1,"na, asked",TRUE,
046,G,lphya21,binary,no(1),1,no,FALSE,
046,G,lphya21,binary,yes(2),2,yes,FALSE,
046,G,lphya22,categorical,"na, wrong skip(-3)",-3,"na, wrong skip",TRUE,
046,G,lphya22,categorical,"na, see B/C/D/E/B/F/GLPHYA21(-2)",-2,"na, see B/C/D/E/B/F/GLPHYA21",TRUE,
046,G,lphya22,categorical,"na, asked(-1)",-1,"na, asked",TRUE,
046,G,lphya22,categorical,distance walking(1),1,distance walking,FALSE,
046,G,lphya22,categorical,distance cycling(2),2,distance cycling,FALSE,
046,G,lphya22,categorical,gymnastics(3),3,gymnastics,FALSE,
046,G,lphya22,categorical,home trainer(4),4,home trainer,FALSE,
046,G,lphya22,categorical,swimming(5),5,swimming,FALSE,
046,G,lphya22,categorical,(folk)dancing(6),6,(folk)dancing,FALSE,
046,G,lphya22,categorical,bowling(7),7,bowling,FALSE,
046,G,lphya22,categorical,tennis(8),8,tennis,FALSE,
046,G,lphya22,categorical,jogging/running/speed walking(9),9,jogging/running/speed walking,FALSE,
046,G,lphya22,categorical,rowing(10),10,rowing,FALSE,
046,G,lphya22,categorical,sailing(11),11,sailing,FALSE,
046,G,lphya22,categorical,billiards(12),12,billiards,FALSE,
046,G,lphya22,categorical,fishing(13),13,fishing,FALSE,
046,G,lphya22,categorical,soccer/basketball/korfball(14),14,soccer/basketball/korfball,FALSE,
046,G,lphya22,categorical,volleybal/baseball(15),15,volleybal/baseball,FALSE,
046,G,lphya22,categorical,winter sports(16),16,winter sports,FALSE,
046,G,lphya22,categorical,golf(17),17,golf,FALSE,
046,G,lphya22,categorical,other sports(18),18,other sports,FALSE,
046,G,lphya23,numeric,"na, wrong skip(-3)",-3,"na, wrong skip",TRUE,
046,G,lphya23,numeric,"na, see B/C/D/E/B/F/G/H/B/I/JLPHYA21(-2)",-2,"na, see B/C/D/E/B/F/G/H/B/I/JLPHYA21",TRUE,
046,G,lphya23,numeric,"na, asked(-1)",-1,"na, asked",TRUE,
046,G,lphya24,numeric,"na, wrong skip(-3)",-3,"na, wrong skip",TRUE,
046,G,lphya24,numeric,"na, see B/C/D/E/B/F/G/H/B/I/JLPHYA23(-2)",-2,"na, see B/C/D/E/B/F/G/H/B/I/JLPHYA23",TRUE,
046,G,lphya24,numeric,"na, asked(-1)",-1,"na, asked",TRUE,
046,G,lphya25,binary,"na, wrong skip(-3)",-3,"na, wrong skip",TRUE,
046,G,lphya25,binary,"na, see B/C/D/E/B/F/G/H/B/I/JLPHYA21(-2)",-2,"na, see B/C/D/E/B/F/G/H/B/I/JLPHYA21",TRUE,
046,G,lphya25,binary,"na, asked(-1)",-1,"na, asked",TRUE,
046,G,lphya25,binary,no(1),1,no,FALSE,
046,G,lphya25,binary,yes(2),2,yes,FALSE,
046,G,lphya26,categorical,"na, wrong skip(-3)",-3,"na, wrong skip",TRUE,
046,G,lphya26,categorical,"na, see B/C/D/E/B/F/GLPHYA25(-2)",-2,"na, see B/C/D/E/B/F/GLPHYA25",TRUE,
046,G,lphya26,categorical,"na, asked(-1)",-1,"na, asked",TRUE,
046,G,lphya26,categorical,distance walking(1),1,distance walking,FALSE,
046,G,lphya26,categorical,distance cycling(2),2,distance cycling,FALSE,
046,G,lphya26,categorical,gymnastics(3),3,gymnastics,FALSE,
046,G,lphya26,categorical,home trainer(4),4,home trainer,FALSE,
046,G,lphya26,categorical,swimming(5),5,swimming,FALSE,
046,G,lphya26,categorical,(folk)dancing(6),6,(folk)dancing,FALSE,
046,G,lphya26,categorical,bowling(7),7,bowling,FALSE,
046,G,lphya26,categorical,tennis(8),8,tennis,FALSE,
046,G,lphya26,categorical,jogging/running/speed walking(9),9,jogging/running/speed walking,FALSE,
046,G,lphya26,categorical,rowing(10),10,rowing,FALSE,
046,G,lphya26,categorical,sailing(11),11,sailing,FALSE,
046,G,lphya26,categorical,billiards(12),12,billiards,FALSE,
046,G,lphya26,categorical,fishing(13),13,fishing,FALSE,
046,G,lphya26,categorical,soccer/basketball/korfball(14),14,soccer/basketball/korfball,FALSE,
046,G,lphya26,categorical,volleybal/baseball(15),15,volleybal/baseball,FALSE,
046,G,lphya26,categorical,winter sports(16),16,winter sports,FALSE,
046,G,lphya26,categorical,golf(17),17,golf,FALSE,
046,G,lphya26,categorical,other sports(18),18,other sports,FALSE,
046,G,lphya27,numeric,"na, wrong skip(-3)",-3,"na, wrong skip",TRUE,
046,G,lphya27,numeric,"na, see B/C/D/E/B/F/G/H/B/I/JLPHYA25(-2)",-2,"na, see B/C/D/E/B/F/G/H/B/I/JLPHYA25",TRUE,
046,G,lphya27,numeric,"na, asked(-1)",-1,"na, asked",TRUE,
046,G,lphya28,numeric,"na, wrong skip(-3)",-3,"na, wrong skip",TRUE,
046,G,lphya28,numeric,"na, see B/C/D/E/B/F/G/H/B/I/JLPHYA27(-2)",-2,"na, see B/C/D/E/B/F/G/H/B/I/JLPHYA27",TRUE,
046,G,lphya28,numeric,"na, asked(-1)",-1,"na, asked",TRUE,
046,G,lphya29,categorical,"na, wrong skip(-3)",-3,"na, wrong skip",TRUE,
046,G,lphya29,categorical,"na, see B/C/D/E/B/F/GLPHYA21(-2)",-2,"na, see B/C/D/E/B/F/GLPHYA21",TRUE,
046,G,lphya29,categorical,"na, asked(-1)",-1,"na, asked",TRUE,
046,G,lphya29,categorical,no(1),1,no,FALSE,
046,G,lphya29,categorical,yes(2),2,yes,FALSE,
046,G,lphya29,categorical,do not know(3),3,do not know,FALSE,
046,G,lphya30,numeric,"na, wrong skip(-3)",-3,"na, wrong skip",TRUE,
046,G,lphya30,numeric,"na, see B/C/D/E/B/F/GLPHYA29(-2)",-2,"na, see B/C/D/E/B/F/GLPHYA29",TRUE,
046,G,lphya30,numeric,"na, asked(-1)",-1,"na, asked",TRUE,
046,G,lphya31,binary,"na, wrong skip(-3)",-3,"na, wrong skip",TRUE,
046,G,lphya31,binary,"na, see B/C/D/E/B/F/G/H/B/I/JLPHYA01(-2)",-2,"na, see B/C/D/E/B/F/G/H/B/I/JLPHYA01",TRUE,
046,G,lphya31,binary,"na, asked(-1)",-1,"na, asked",TRUE,
046,G,lphya31,binary,no(1),1,no,FALSE,
046,G,lphya31,binary,yes(2),2,yes,FALSE,
046,G,lphya32,categorical,"na, wrong skip(-3)",-3,"na, wrong skip",TRUE,
046,G,lphya32,categorical,"na, see B/C/D/E/B/F/G/H/B/I/JLPHYA31(-2)",-2,"na, see B/C/D/E/B/F/G/H/B/I/JLPHYA31",TRUE,
046,G,lphya32,categorical,"na, asked(-1)",-1,"na, asked",TRUE,
046,G,lphya32,categorical,no(1),1,no,FALSE,
046,G,lphya32,categorical,yes(2),2,yes,FALSE,
046,G,lphya32,categorical,do not know(3),3,do not know,FALSE,
046,G,lphya32,categorical,refusal(4),4,refusal,FALSE,
046,G,lphya33,numeric,"na, wrong skip(-3)",-3,"na, wrong skip",TRUE,
046,G,lphya33,numeric,"na, see B/C/D/E/B/F/G/H/B/I/JLPHYA32(-2)",-2,"na, see B/C/D/E/B/F/G/H/B/I/JLPHYA32",TRUE,
046,G,lphya33,numeric,"na, asked(-1)",-1,"na, asked",TRUE,
046,G,lphya34,numeric,"na, wrong skip(-3)",-3,"na, wrong skip",TRUE,
046,G,lphya34,numeric,"na, see B/C/D/E/B/F/G/H/B/I/JLPHYA32(-2)",-2,"na, see B/C/D/E/B/F/G/H/B/I/JLPHYA32",TRUE,
046,G,lphya34,numeric,"na, asked(-1)",-1,"na, asked",TRUE,
046,G,lphya35,binary,"na, wrong skip(-3)",-3,"na, wrong skip",TRUE,
046,G,lphya35,binary,"na, see B/C/D/E/B/F/G/H/B/I/JLPHYA01(-2)",-2,"na, see B/C/D/E/B/F/G/H/B/I/JLPHYA01",TRUE,
046,G,lphya35,binary,"na, asked(-1)",-1,"na, asked",TRUE,
046,G,lphya35,binary,no(1),1,no,FALSE,
046,G,lphya35,binary,yes(2),2,yes,FALSE,
046,G,lphya36,categorical,"na, wrong skip(-3)",-3,"na, wrong skip",TRUE,
046,G,lphya36,categorical,"na, see B/C/D/E/B/F/G/H/B/I/JLPHYA35(-2)",-2,"na, see B/C/D/E/B/F/G/H/B/I/JLPHYA35",TRUE,
046,G,lphya36,categorical,"na, asked(-1)",-1,"na, asked",TRUE,
046,G,lphya36,categorical,no(1),1,no,FALSE,
046,G,lphya36,categorical,yes(2),2,yes,FALSE,
046,G,lphya36,categorical,do not know(3),3,do not know,FALSE,
046,G,lphya36,categorical,refusal(4),4,refusal,FALSE,
046,G,lphya37,numeric,"na, wrong skip(-3)",-3,"na, wrong skip",TRUE,
046,G,lphya37,numeric,"na, see B/C/D/E/B/F/G/H/B/I/JLPHYA36(-2)",-2,"na, see B/C/D/E/B/F/G/H/B/I/JLPHYA36",TRUE,
046,G,lphya37,numeric,"na, asked(-1)",-1,"na, asked",TRUE,
046,G,lphya38,numeric,"na, wrong skip(-3)",-3,"na, wrong skip",TRUE,
046,G,lphya38,numeric,"na, see B/C/D/E/B/F/G/H/B/I/JLPHYA36(-2)",-2,"na, see B/C/D/E/B/F/G/H/B/I/JLPHYA36",TRUE,
046,G,lphya38,numeric,"na, asked(-1)",-1,"na, asked",TRUE,
046,G,lphya39,binary,"na, wrong skip(-3)",-3,"na, wrong skip",TRUE,
046,G,lphya39,binary,"na, see B/C/D/E/B/F/G/H/B/I/JLPHYA01(-2)",-2,"na, see B/C/D/E/B/F/G/H/B/I/JLPHYA01",TRUE,
046,G,lphya39,binary,"na, asked(-1)",-1,"na, asked",TRUE,
046,G,lphya39,binary,no(1),1,no,FALSE,
046,G,lphya39,binary,yes(2),2,yes,FALSE,
046,G,lphya40,binary,"na, wrong skip(-3)",-3,"na, wrong skip",TRUE,
046,G,lphya40,binary,"na, see B/C/D/E/B/F/G/H/B/I/JLPHYA39(-2)",-2,"na, see B/C/D/E/B/F/G/H/B/I/JLPHYA39",TRUE,
046,G,lphya40,binary,"na, asked(-1)",-1,"na, asked",TRUE,
046,G,lphya40,binary,not mentioned(0),0,not mentioned,FALSE,
046,G,lphya40,binary,mentioned(1),1,mentioned,FALSE,
046,G,lphya41,binary,"na, wrong skip(-3)",-3,"na, wrong skip",TRUE,
046,G,lphya41,binary,"na, see B/C/D/E/B/F/G/H/B/I/JLPHYA39(-2)",-2,"na, see B/C/D/E/B/F/G/H/B/I/JLPHYA39",TRUE,
046,G,lphya41,binary,"na, asked(-1)",-1,"na, asked",TRUE,
046,G,lphya41,binary,not mentioned(0),0,not mentioned,FALSE,
046,G,lphya41,binary,mentioned(1),1,mentioned,FALSE,
046,G,lphya42,binary,"na, wrong skip(-3)",-3,"na, wrong skip",TRUE,
046,G,lphya42,binary,"na, see B/C/D/E/B/F/G/H/B/I/JLPHYA39(-2)",-2,"na, see B/C/D/E/B/F/G/H/B/I/JLPHYA39",TRUE,
046,G,lphya42,binary,"na, asked(-1)",-1,"na, asked",TRUE,
046,G,lphya42,binary,not mentioned(0),0,not mentioned,FALSE,
046,G,lphya42,binary,mentioned(1),1,mentioned,FALSE,
046,G,lphya43,binary,"na, wrong skip(-3)",-3,"na, wrong skip",TRUE,
046,G,lphya43,binary,"na, see B/C/D/E/B/F/G/H/B/I/JLPHYA39(-2)",-2,"na, see B/C/D/E/B/F/G/H/B/I/JLPHYA39",TRUE,
046,G,lphya43,binary,"na, asked(-1)",-1,"na, asked",TRUE,
046,G,lphya43,binary,not mentioned(0),0,not mentioned,FALSE,
046,G,lphya43,binary,mentioned(1),1,mentioned,FALSE,
046,G,lphya44,binary,"na, wrong skip(-3)",-3,"na, wrong skip",TRUE,
046,G,lphya44,binary,"na, see B/C/D/E/B/F/G/H/B/I/JLPHYA39(-2)",-2,"na, see B/C/D/E/B/F/G/H/B/I/JLPHYA39",TRUE,
046,G,lphya44,binary,"na, asked(-1)",-1,"na, asked",TRUE,
046,G,lphya44,binary,not mentioned(0),0,not mentioned,FALSE,
046,G,lphya44,binary,mentioned(1),1,mentioned,FALSE,
046,G,lphya45,binary,"na, wrong skip(-3)",-3,"na, wrong skip",TRUE,
046,G,lphya45,binary,"na, see F/G/H/B/I/JLPHYA39(-2)",-2,"na, see F/G/H/B/I/JLPHYA39",TRUE,
046,G,lphya45,binary,"na, asked(-1)",-1,"na, asked",TRUE,
046,G,lphya45,binary,not mentioned(0),0,not mentioned,FALSE,
046,G,lphya45,binary,mentioned(1),1,mentioned,FALSE,
046,G,lphya46,ordinal,"na, wrong skip(-3)",-3,"na, wrong skip",TRUE,
046,G,lphya46,ordinal,"na, see F/G/H/B/I/JLPHYA39(-2)",-2,"na, see F/G/H/B/I/JLPHYA39",TRUE,
046,G,lphya46,ordinal,"na, asked(-1)",-1,"na, asked",TRUE,
046,G,lphya46,ordinal,not mentioned(0),0,not mentioned,FALSE,
046,G,lphya46,ordinal,mentioned(1),1,mentioned,FALSE,
046,G,lphya47,binary,"na, wrong skip(-3)",-3,"na, wrong skip",TRUE,
046,G,lphya47,binary,"na, see F/G/H/B/I/JLPHYA39(-2)",-2,"na, see F/G/H/B/I/JLPHYA39",TRUE,
046,G,lphya47,binary,"na, asked(-1)",-1,"na, asked",TRUE,
046,G,lphya47,binary,not mentioned(0),0,not mentioned,FALSE,
046,G,lphya47,binary,mentioned(1),1,mentioned,FALSE,
046,G,lphya48,binary,"na, wrong skip(-3)",-3,"na, wrong skip",TRUE,
046,G,lphya48,binary,"na, see F/G/H/B/I/JLPHYA39(-2)",-2,"na, see F/G/H/B/I/JLPHYA39",TRUE,
046,G,lphya48,binary,"na, asked(-1)",-1,"na, asked",TRUE,
046,G,lphya48,binary,not mentioned(0),0,not mentioned,FALSE,
046,G,lphya48,binary,mentioned(1),1,mentioned,FALSE,
046,G,lphya49,binary,"na, wrong skip(-3)",-3,"na, wrong skip",TRUE,
046,G,lphya49,binary,"na, see F/G/H/B/I/JLPHYA39(-2)",-2,"na, see F/G/H/B/I/JLPHYA39",TRUE,
046,G,lphya49,binary,"na, asked(-1)",-1,"na, asked",TRUE,
046,G,lphya49,binary,not mentioned(0),0,not mentioned,FALSE,
046,G,lphya49,binary,mentioned(1),1,mentioned,FALSE,
046,G,lphya50,ordinal,"na, see F/G/H/B/I/JLPHYA49(-2)",-2,"na, see F/G/H/B/I/JLPHYA49",TRUE,
046,G,lphya50,ordinal,visit from friend/family(1),1,visit from friend/family,FALSE,
046,G,lphya50,ordinal,positive activities(2),2,positive activities,FALSE,
046,G,lphya50,ordinal,illness partner(3),3,illness partner,FALSE,
046,G,lphya50,ordinal,good weather(4),4,good weather,FALSE,
046,G,lphya50,ordinal,death partner(5),5,death partner,FALSE,
046,G,lphya50,ordinal,business-trip(6),6,business-trip,FALSE,
046,G,lphya50,ordinal,removal/moved(7),7,removal/moved,FALSE,
046,G,lphya50,ordinal,spring cleaning(8),8,spring cleaning,FALSE,
046,G,lphya50,ordinal,rebuilding(9),9,rebuilding,FALSE,
046,G,lphya50,ordinal,other(10),10,other,FALSE,
046,H,lphya01,categorical,"na, interview terminated(-5)",-5,"na, interview terminated",TRUE,
046,H,lphya01,categorical,"na, short interview(-4)",-4,"na, short interview",TRUE,
046,H,lphya01,categorical,"na, (from wave h: not done,) wrong skip(-3)",-3,"not done, wrong skip",TRUE,
046,H,lphya01,categorical,"na, asked(-1)",-1,"na, asked",TRUE,
046,H,lphya01,categorical,respondent bedridden(1),1,respondent bedridden,FALSE,
046,H,lphya01,categorical,respondent in elec. wheelchair(2),2,respondent in elec. wheelchair,FALSE,
046,H,lphya01,categorical,respondent in mech. wheelchair(3),3,respondent in mech. wheelchair,FALSE,
046,H,lphya01,categorical,"not 1, 2 or 3(4)",4,"not 1, 2 or 3",FALSE,
046,H,lphya02,binary,"na, wrong skip(-3)",-3,"na, wrong skip",TRUE,
046,H,lphya02,binary,"na, see B/C/D/E/B/F/G/H/B/I/JLPHYA01(-2)",-2,"na, see B/C/D/E/B/F/G/H/B/I/JLPHYA01",TRUE,
046,H,lphya02,binary,"na, asked(-1)",-1,"na, asked",TRUE,
046,H,lphya02,binary,no(1),1,no,FALSE,
046,H,lphya02,binary,yes(2),2,yes,FALSE,
046,H,lphya03,binary,"na, wrong skip(-3)",-3,"na, wrong skip",TRUE,
046,H,lphya03,binary,"na, see B/C/D/E/B/F/G/H/B/I/JLPHYA02(-2)",-2,"na, see B/C/D/E/B/F/G/H/B/I/JLPHYA02",TRUE,
046,H,lphya03,binary,"na, asked(-1)",-1,"na, asked",TRUE,
046,H,lphya03,binary,no(1),1,no,FALSE,
046,H,lphya03,binary,yes(2),2,yes,FALSE,
046,H,lphya04,numeric,"na, wrong skip(-3)",-3,"na, wrong skip",TRUE,
046,H,lphya04,numeric,"na, see B/C/D/E/B/F/G/H/B/I/JLPHYA03(-2)",-2,"na, see B/C/D/E/B/F/G/H/B/I/JLPHYA03",TRUE,
046,H,lphya04,numeric,"na, asked(-1)",-1,"na, asked",TRUE,
046,H,lphya05,numeric,"na, wrong skip(-3)",-3,"na, wrong skip",TRUE,
046,H,lphya05,numeric,"na, see B/C/D/E/B/F/G/H/B/I/JLPHYA03(-2)",-2,"na, see B/C/D/E/B/F/G/H/B/I/JLPHYA03",TRUE,
046,H,lphya05,numeric,"na, asked(-1)",-1,"na, asked",TRUE,
046,H,lphya06,binary,"na, wrong skip(-3)",-3,"na, wrong skip",TRUE,
046,H,lphya06,binary,"na, see B/C/D/E/B/F/G/H/B/I/JLPHYA01(-2)",-2,"na, see B/C/D/E/B/F/G/H/B/I/JLPHYA01",TRUE,
046,H,lphya06,binary,"na, asked(-1)",-1,"na, asked",TRUE,
046,H,lphya06,binary,no(1),1,no,FALSE,
046,H,lphya06,binary,yes(2),2,yes,FALSE,
046,H,lphya07,binary,"na, wrong skip(-3)",-3,"na, wrong skip",TRUE,
046,H,lphya07,binary,"na, see B/C/D/E/B/F/G/H/B/I/JLPHYA06(-2)",-2,"na, see B/C/D/E/B/F/G/H/B/I/JLPHYA06",TRUE,
046,H,lphya07,binary,"na, asked(-1)",-1,"na, asked",TRUE,
046,H,lphya07,binary,no(1),1,no,FALSE,
046,H,lphya07,binary,yes(2),2,yes,FALSE,
046,H,lphya08,numeric,"na, wrong skip(-3)",-3,"na, wrong skip",TRUE,
046,H,lphya08,numeric,"na, see B/C/D/E/B/F/G/H/B/I/JLPHYA07(-2)",-2,"na, see B/C/D/E/B/F/G/H/B/I/JLPHYA07",TRUE,
046,H,lphya08,numeric,"na, asked(-1)",-1,"na, asked",TRUE,
046,H,lphya09,numeric,"na, wrong skip(-3)",-3,"na, wrong skip",TRUE,
046,H,lphya09,numeric,"na, see B/C/D/E/B/F/G/H/B/I/JLPHYA07(-2)",-2,"na, see B/C/D/E/B/F/G/H/B/I/JLPHYA07",TRUE,
046,H,lphya09,numeric,"na, asked(-1)",-1,"na, asked",TRUE,
046,H,lphya10,binary,"na, wrong skip(-3)",-3,"na, wrong skip",TRUE,
046,H,lphya10,binary,"na, see B/C/D/E/B/F/G/H/B/I/JLPHYA01(-2)",-2,"na, see B/C/D/E/B/F/G/H/B/I/JLPHYA01",TRUE,
046,H,lphya10,binary,"na, asked(-1)",-1,"na, asked",TRUE,
046,H,lphya10,binary,no(1),1,no,FALSE,
046,H,lphya10,binary,yes(2),2,yes,FALSE,
046,H,lphya11,binary,"na, wrong skip(-3)",-3,"na, wrong skip",TRUE,
046,H,lphya11,binary,"na, see B/C/D/E/B/F/G/H/B/I/JLPHYA10(-2)",-2,"na, see B/C/D/E/B/F/G/H/B/I/JLPHYA10",TRUE,
046,H,lphya11,binary,"na, asked(-1)",-1,"na, asked",TRUE,
046,H,lphya11,binary,no(1),1,no,FALSE,
046,H,lphya11,binary,yes(2),2,yes,FALSE,
046,H,lphya12,numeric,"na, wrong skip(-3)",-3,"na, wrong skip",TRUE,
046,H,lphya12,numeric,"na, see B/C/D/E/B/F/G/H/B/I/JLPHYA11(-2)",-2,"na, see B/C/D/E/B/F/G/H/B/I/JLPHYA11",TRUE,
046,H,lphya12,numeric,"na, asked(-1)",-1,"na, asked",TRUE,
046,H,lphya13,numeric,"na, wrong skip(-3)",-3,"na, wrong skip",TRUE,
046,H,lphya13,numeric,"na, see B/C/D/E/B/F/G/H/B/I/JLPHYA11(-2)",-2,"na, see B/C/D/E/B/F/G/H/B/I/JLPHYA11",TRUE,
046,H,lphya13,numeric,"na, asked(-1)",-1,"na, asked",TRUE,
046,H,lphya14,binary,"na, wrong skip(-3)",-3,"na, wrong skip",TRUE,
046,H,lphya14,binary,"na, see B/C/D/E/B/F/G/H/BLPHYA01(-2)",-2,"na, see B/C/D/E/B/F/G/H/BLPHYA01",TRUE,
046,H,lphya14,binary,"na, asked(-1)",-1,"na, asked",TRUE,
046,H,lphya14,binary,no(1),1,no,FALSE,
046,H,lphya14,binary,yes(2),2,yes,FALSE,
046,H,lphya15,binary,"na, wrong skip(-3)",-3,"na, wrong skip",TRUE,
046,H,lphya15,binary,"na, see B/C/D/E/B/F/G/H/BLPHYA14(-2)",-2,"na, see B/C/D/E/B/F/G/H/BLPHYA14",TRUE,
046,H,lphya15,binary,"na, asked(-1)",-1,"na, asked",TRUE,
046,H,lphya15,binary,no(1),1,no,FALSE,
046,H,lphya15,binary,yes(2),2,yes,FALSE,
046,H,lphya16,numeric,"na, wrong skip(-3)",-3,"na, wrong skip",TRUE,
046,H,lphya16,numeric,"na, see B/C/D/E/B/F/G/H/BLPHYA15(-2)",-2,"na, see B/C/D/E/B/F/G/H/BLPHYA15",TRUE,
046,H,lphya16,numeric,"na, asked(-1)",-1,"na, asked",TRUE,
046,H,lphya17,binary,"na, wrong skip(-3)",-3,"na, wrong skip",TRUE,
046,H,lphya17,binary,"na, see B/C/D/E/B/F/G/H/B/I/JLPHYA15(-2)",-2,"na, see B/C/D/E/B/F/G/H/B/I/JLPHYA15",TRUE,
046,H,lphya17,binary,"na, asked(-1)",-1,"na, asked",TRUE,
046,H,lphya17,binary,no(1),1,no,FALSE,
046,H,lphya17,binary,yes(2),2,yes,FALSE,
046,H,lphya18,numeric,"na, wrong skip(-3)",-3,"na, wrong skip",TRUE,
046,H,lphya18,numeric,"na, see B/C/D/E/B/F/G/H/B/I/JLPHYA17(-2)",-2,"na, see B/C/D/E/B/F/G/H/B/I/JLPHYA17",TRUE,
046,H,lphya18,numeric,"na, asked(-1)",-1,"na, asked",TRUE,
046,H,lphya19,numeric,"na, wrong skip(-3)",-3,"na, wrong skip",TRUE,
046,H,lphya19,numeric,"na, see B/C/D/E/B/F/G/H/B/I/JLPHYA17(-2)",-2,"na, see B/C/D/E/B/F/G/H/B/I/JLPHYA17",TRUE,
046,H,lphya19,numeric,"na, asked(-1)",-1,"na, asked",TRUE,
046,H,lphya20,binary,"na, wrong skip(-3)",-3,"na, wrong skip",TRUE,
046,H,lphya20,binary,"na, see B/C/D/E/B/F/G/H/BLPHYA17(-2)",-2,"na, see B/C/D/E/B/F/G/H/BLPHYA17",TRUE,
046,H,lphya20,binary,"na, asked(-1)",-1,"na, asked",TRUE,
046,H,lphya20,binary,no(1),1,no,FALSE,
046,H,lphya20,binary,yes(2),2,yes,FALSE,
046,H,lphya21,binary,"na, wrong skip(-3)",-3,"na, wrong skip",TRUE,
046,H,lphya21,binary,"na, see H/B/I/JLPHYASP(-2)",-2,"na, see H/B/I/JLPHYASP",TRUE,
046,H,lphya21,binary,"na, asked(-1)",-1,"na, asked",TRUE,
046,H,lphya21,binary,no(1),1,no,FALSE,
046,H,lphya21,binary,yes(2),2,yes,FALSE,
046,H,lphya22,categorical,"na, wrong skip(-3)",-3,"na, wrong skip",TRUE,
046,H,lphya22,categorical,"na, see H/B/I/JLPHYA21(-2)",-2,"na, see H/B/I/JLPHYA21",TRUE,
046,H,lphya22,categorical,"na, asked(-1)",-1,"na, asked",TRUE,
046,H,lphya22,categorical,see Table Activities and sports -> walking / hiking: long distance hiking(11),11,walking / hiking: long distance hiking,FALSE,
046,H,lphya22,categorical,see Table Activities and sports -> walking / hiking: nordic walking(12),12,walking / hiking: nordic walking,FALSE,
046,H,lphya22,categorical,see Table Activities and sports -> walking / hiking: speed walking(13),13,walking / hiking: speed walking,FALSE,
046,H,lphya22,categorical,see Table Activities and sports -> cycling: long distance cycling(21),21,cycling: long distance cycling,FALSE,
046,H,lphya22,categorical,see Table Activities and sports -> cycling: cycle racing / spinning / mountain biking(22),22,cycling: cycle racing / spinning / mountain biking,FALSE,
046,H,lphya22,categorical,see Table Activities and sports -> cycling: treadmill at home / cycle ergometer at home(23),23,cycling: treadmill at home / cycle ergometer at home,FALSE,
046,H,lphya22,categorical,see Table Activities and sports -> gymnastics and fitness: gymnastics / exercising at home(31),31,gymnastics and fitness: gymnastics / exercising at home,FALSE,
046,H,lphya22,categorical,see Table Activities and sports -> gymnastics and fitness: fitness / physiotherapy training / strength training / gyrotonics(32),32,gymnastics and fitness: fitness / physiotherapy training / strength training / gyrotonics,FALSE,
046,H,lphya22,categorical,see Table Activities and sports -> gymnastics and fitness: yoga / tai chi / qi gong / healing tao(33),33,gymnastics and fitness: yoga / tai chi / qi gong / healing tao,FALSE,
046,H,lphya22,categorical,see Table Activities and sports -> gymnastics and fitness: endurance training(34),34,gymnastics and fitness: endurance training,FALSE,
046,H,lphya22,categorical,see Table Activities and sports -> swimming: swimming(41),41,swimming: swimming,FALSE,
046,H,lphya22,categorical,see Table Activities and sports -> swimming: aqua gym / aqua jogging(42),42,swimming: aqua gym / aqua jogging,FALSE,
046,H,lphya22,categorical,see Table Activities and sports -> racket sports: tennis(51),51,racket sports: tennis,FALSE,
046,H,lphya22,categorical,see Table Activities and sports -> racket sports: table tennis(52),52,racket sports: table tennis,FALSE,
046,H,lphya22,categorical,see Table Activities and sports -> racket sports: squash(53),53,racket sports: squash,FALSE,
046,H,lphya22,categorical,see Table Activities and sports -> racket sports: badminton(54),54,racket sports: badminton,FALSE,
046,H,lphya22,categorical,see Table Activities and sports -> running: running / jogging(61),61,running: running / jogging,FALSE,
046,H,lphya22,categorical,see Table Activities and sports -> water sports: rowing(71),71,water sports: rowing,FALSE,
046,H,lphya22,categorical,see Table Activities and sports -> water sports: sailing(72),72,water sports: sailing,FALSE,
046,H,lphya22,categorical,see Table Activities and sports -> water sports: canoeing(73),73,water sports: canoeing,FALSE,
046,H,lphya22,categorical,see Table Activities and sports -> ball sports: soccer(81),81,ball sports: soccer,FALSE,
046,H,lphya22,categorical,see Table Activities and sports -> ball sports: futsal(82),82,ball sports: futsal,FALSE,
046,H,lphya22,categorical,see Table Activities and sports -> ball sports: hockey(83),83,ball sports: hockey,FALSE,
046,H,lphya22,categorical,see Table Activities and sports -> ball sports: volleyball(84),84,ball sports: volleyball,FALSE,
046,H,lphya22,categorical,see Table Activities and sports -> ball sports: basketball(85),85,ball sports: basketball,FALSE,
046,H,lphya22,categorical,see Table Activities and sports -> ball sports: baseball / softball(86),86,ball sports: baseball / softball,FALSE,
046,H,lphya22,categorical,see Table Activities and sports -> ball sports: golf / ball throwing game(87),87,ball sports: golf / ball throwing game,FALSE,
046,H,lphya22,categorical,see Table Activities and sports -> ball sports: bowling / skittles / lawn bowling / kolf / bowls(88),88,ball sports: bowling / skittles / lawn bowling / kolf / bowls,FALSE,
046,H,lphya22,categorical,see Table Activities and sports -> winter sports: skiing(91),91,winter sports: skiing,FALSE,
046,H,lphya22,categorical,see Table Activities and sports -> winter sports: cross country skiing(92),92,winter sports: cross country skiing,FALSE,
046,H,lphya22,categorical,see Table Activities and sports -> winter sports: ice skating(93),93,winter sports: ice skating,FALSE,
046,H,lphya22,categorical,see Table Activities and sports -> animal sports: horse riding(101),101,animal sports: horse riding,FALSE,
046,H,lphya22,categorical,see Table Activities and sports -> animal sports: fishing / pigeon racing(102),102,animal sports: fishing / pigeon racing,FALSE,
046,H,lphya22,categorical,see Table Activities and sports -> animal sports: dog training / horse carriage driving(103),103,animal sports: dog training / horse carriage driving,FALSE,
046,H,lphya22,categorical,see Table Activities and sports -> other sports: climbing(111),111,other sports: climbing,FALSE,
046,H,lphya22,categorical,see Table Activities and sports -> other sports: billiards / darts(112),112,other sports: billiards / darts,FALSE,
046,H,lphya22,categorical,see Table Activities and sports -> other sports: (folk) dancing(113),113,other sports: (folk) dancing,FALSE,
046,H,lphya22,categorical,see Table Activities and sports -> other sports: other(114),114,other sports: other,FALSE,
046,H,lphya23,numeric,"na, wrong skip(-3)",-3,"na, wrong skip",TRUE,
046,H,lphya23,numeric,"na, see B/C/D/E/B/F/G/H/B/I/JLPHYA21(-2)",-2,"na, see B/C/D/E/B/F/G/H/B/I/JLPHYA21",TRUE,
046,H,lphya23,numeric,"na, asked(-1)",-1,"na, asked",TRUE,
046,H,lphya24,numeric,"na, wrong skip(-3)",-3,"na, wrong skip",TRUE,
046,H,lphya24,numeric,"na, see B/C/D/E/B/F/G/H/B/I/JLPHYA23(-2)",-2,"na, see B/C/D/E/B/F/G/H/B/I/JLPHYA23",TRUE,
046,H,lphya24,numeric,"na, asked(-1)",-1,"na, asked",TRUE,
046,H,lphya25,binary,"na, wrong skip(-3)",-3,"na, wrong skip",TRUE,
046,H,lphya25,binary,"na, see B/C/D/E/B/F/G/H/B/I/JLPHYA21(-2)",-2,"na, see B/C/D/E/B/F/G/H/B/I/JLPHYA21",TRUE,
046,H,lphya25,binary,"na, asked(-1)",-1,"na, asked",TRUE,
046,H,lphya25,binary,no(1),1,no,FALSE,
046,H,lphya25,binary,yes(2),2,yes,FALSE,
046,H,lphya26,categorical,"na, wrong skip(-3)",-3,"na, wrong skip",TRUE,
046,H,lphya26,categorical,"na, see H/B/I/JLPHYA25(-2)",-2,"na, see H/B/I/JLPHYA25",TRUE,
046,H,lphya26,categorical,"na, asked(-1)",-1,"na, asked",TRUE,
046,H,lphya26,categorical,see Table Activities and sports -> walking / hiking: long distance hiking(11),11,walking / hiking: long distance hiking,FALSE,
046,H,lphya26,categorical,see Table Activities and sports -> walking / hiking: nordic walking(12),12,walking / hiking: nordic walking,FALSE,
046,H,lphya26,categorical,see Table Activities and sports -> walking / hiking: speed walking(13),13,walking / hiking: speed walking,FALSE,
046,H,lphya26,categorical,see Table Activities and sports -> cycling: long distance cycling(21),21,cycling: long distance cycling,FALSE,
046,H,lphya26,categorical,see Table Activities and sports -> cycling: cycle racing / spinning / mountain biking(22),22,cycling: cycle racing / spinning / mountain biking,FALSE,
046,H,lphya26,categorical,see Table Activities and sports -> cycling: treadmill at home / cycle ergometer at home(23),23,cycling: treadmill at home / cycle ergometer at home,FALSE,
046,H,lphya26,categorical,see Table Activities and sports -> gymnastics and fitness: gymnastics / exercising at home(31),31,gymnastics and fitness: gymnastics / exercising at home,FALSE,
046,H,lphya26,categorical,see Table Activities and sports -> gymnastics and fitness: fitness / physiotherapy training / strength training / gyrotonics(32),32,gymnastics and fitness: fitness / physiotherapy training / strength training / gyrotonics,FALSE,
046,H,lphya26,categorical,see Table Activities and sports -> gymnastics and fitness: yoga / tai chi / qi gong / healing tao(33),33,gymnastics and fitness: yoga / tai chi / qi gong / healing tao,FALSE,
046,H,lphya26,categorical,see Table Activities and sports -> gymnastics and fitness: endurance training(34),34,gymnastics and fitness: endurance training,FALSE,
046,H,lphya26,categorical,see Table Activities and sports -> swimming: swimming(41),41,swimming: swimming,FALSE,
046,H,lphya26,categorical,see Table Activities and sports -> swimming: aqua gym / aqua jogging(42),42,swimming: aqua gym / aqua jogging,FALSE,
046,H,lphya26,categorical,see Table Activities and sports -> racket sports: tennis(51),51,racket sports: tennis,FALSE,
046,H,lphya26,categorical,see Table Activities and sports -> racket sports: table tennis(52),52,racket sports: table tennis,FALSE,
046,H,lphya26,categorical,see Table Activities and sports -> racket sports: squash(53),53,racket sports: squash,FALSE,
046,H,lphya26,categorical,see Table Activities and sports -> racket sports: badminton(54),54,racket sports: badminton,FALSE,
046,H,lphya26,categorical,see Table Activities and sports -> running: running / jogging(61),61,running: running / jogging,FALSE,
046,H,lphya26,categorical,see Table Activities and sports -> water sports: rowing(71),71,water sports: rowing,FALSE,
046,H,lphya26,categorical,see Table Activities and sports -> water sports: sailing(72),72,water sports: sailing,FALSE,
046,H,lphya26,categorical,see Table Activities and sports -> water sports: canoeing(73),73,water sports: canoeing,FALSE,
046,H,lphya26,categorical,see Table Activities and sports -> ball sports: soccer(81),81,ball sports: soccer,FALSE,
046,H,lphya26,categorical,see Table Activities and sports -> ball sports: futsal(82),82,ball sports: futsal,FALSE,
046,H,lphya26,categorical,see Table Activities and sports -> ball sports: hockey(83),83,ball sports: hockey,FALSE,
046,H,lphya26,categorical,see Table Activities and sports -> ball sports: volleyball(84),84,ball sports: volleyball,FALSE,
046,H,lphya26,categorical,see Table Activities and sports -> ball sports: basketball(85),85,ball sports: basketball,FALSE,
046,H,lphya26,categorical,see Table Activities and sports -> ball sports: baseball / softball(86),86,ball sports: baseball / softball,FALSE,
046,H,lphya26,categorical,see Table Activities and sports -> ball sports: golf / ball throwing game(87),87,ball sports: golf / ball throwing game,FALSE,
046,H,lphya26,categorical,see Table Activities and sports -> ball sports: bowling / skittles / lawn bowling / kolf / bowls(88),88,ball sports: bowling / skittles / lawn bowling / kolf / bowls,FALSE,
046,H,lphya26,categorical,see Table Activities and sports -> winter sports: skiing(91),91,winter sports: skiing,FALSE,
046,H,lphya26,categorical,see Table Activities and sports -> winter sports: cross country skiing(92),92,winter sports: cross country skiing,FALSE,
046,H,lphya26,categorical,see Table Activities and sports -> winter sports: ice skating(93),93,winter sports: ice skating,FALSE,
046,H,lphya26,categorical,see Table Activities and sports -> animal sports: horse riding(101),101,animal sports: horse riding,FALSE,
046,H,lphya26,categorical,see Table Activities and sports -> animal sports: fishing / pigeon racing(102),102,animal sports: fishing / pigeon racing,FALSE,
046,H,lphya26,categorical,see Table Activities and sports -> animal sports: dog training / horse carriage driving(103),103,animal sports: dog training / horse carriage driving,FALSE,
046,H,lphya26,categorical,see Table Activities and sports -> other sports: climbing(111),111,other sports: climbing,FALSE,
046,H,lphya26,categorical,see Table Activities and sports -> other sports: billiards / darts(112),112,other sports: billiards / darts,FALSE,
046,H,lphya26,categorical,see Table Activities and sports -> other sports: (folk) dancing(113),113,other sports: (folk) dancing,FALSE,
046,H,lphya26,categorical,see Table Activities and sports -> other sports: other(114),114,other sports: other,FALSE,
046,H,lphya27,numeric,"na, wrong skip(-3)",-3,"na, wrong skip",TRUE,
046,H,lphya27,numeric,"na, see B/C/D/E/B/F/G/H/B/I/JLPHYA25(-2)",-2,"na, see B/C/D/E/B/F/G/H/B/I/JLPHYA25",TRUE,
046,H,lphya27,numeric,"na, asked(-1)",-1,"na, asked",TRUE,
046,H,lphya28,numeric,"na, wrong skip(-3)",-3,"na, wrong skip",TRUE,
046,H,lphya28,numeric,"na, see B/C/D/E/B/F/G/H/B/I/JLPHYA27(-2)",-2,"na, see B/C/D/E/B/F/G/H/B/I/JLPHYA27",TRUE,
046,H,lphya28,numeric,"na, asked(-1)",-1,"na, asked",TRUE,
046,H,lphya31,binary,"na, wrong skip(-3)",-3,"na, wrong skip",TRUE,
046,H,lphya31,binary,"na, see B/C/D/E/B/F/G/H/B/I/JLPHYA01(-2)",-2,"na, see B/C/D/E/B/F/G/H/B/I/JLPHYA01",TRUE,
046,H,lphya31,binary,"na, asked(-1)",-1,"na, asked",TRUE,
046,H,lphya31,binary,no(1),1,no,FALSE,
046,H,lphya31,binary,yes(2),2,yes,FALSE,
046,H,lphya32,categorical,"na, wrong skip(-3)",-3,"na, wrong skip",TRUE,
046,H,lphya32,categorical,"na, see B/C/D/E/B/F/G/H/B/I/JLPHYA31(-2)",-2,"na, see B/C/D/E/B/F/G/H/B/I/JLPHYA31",TRUE,
046,H,lphya32,categorical,"na, asked(-1)",-1,"na, asked",TRUE,
046,H,lphya32,categorical,no(1),1,no,FALSE,
046,H,lphya32,categorical,yes(2),2,yes,FALSE,
046,H,lphya32,categorical,do not know(3),3,do not know,FALSE,
046,H,lphya32,categorical,refusal(4),4,refusal,FALSE,
046,H,lphya33,numeric,"na, wrong skip(-3)",-3,"na, wrong skip",TRUE,
046,H,lphya33,numeric,"na, see B/C/D/E/B/F/G/H/B/I/JLPHYA32(-2)",-2,"na, see B/C/D/E/B/F/G/H/B/I/JLPHYA32",TRUE,
046,H,lphya33,numeric,"na, asked(-1)",-1,"na, asked",TRUE,
046,H,lphya34,numeric,"na, wrong skip(-3)",-3,"na, wrong skip",TRUE,
046,H,lphya34,numeric,"na, see B/C/D/E/B/F/G/H/B/I/JLPHYA32(-2)",-2,"na, see B/C/D/E/B/F/G/H/B/I/JLPHYA32",TRUE,
046,H,lphya34,numeric,"na, asked(-1)",-1,"na, asked",TRUE,
046,H,lphya35,binary,"na, wrong skip(-3)",-3,"na, wrong skip",TRUE,
046,H,lphya35,binary,"na, see B/C/D/E/B/F/G/H/B/I/JLPHYA01(-2)",-2,"na, see B/C/D/E/B/F/G/H/B/I/JLPHYA01",TRUE,
046,H,lphya35,binary,"na, asked(-1)",-1,"na, asked",TRUE,
046,H,lphya35,binary,no(1),1,no,FALSE,
046,H,lphya35,binary,yes(2),2,yes,FALSE,
046,H,lphya36,categorical,"na, wrong skip(-3)",-3,"na, wrong skip",TRUE,
046,H,lphya36,categorical,"na, see B/C/D/E/B/F/G/H/B/I/JLPHYA35(-2)",-2,"na, see B/C/D/E/B/F/G/H/B/I/JLPHYA35",TRUE,
046,H,lphya36,categorical,"na, asked(-1)",-1,"na, asked",TRUE,
046,H,lphya36,categorical,no(1),1,no,FALSE,
046,H,lphya36,categorical,yes(2),2,yes,FALSE,
046,H,lphya36,categorical,do not know(3),3,do not know,FALSE,
046,H,lphya36,categorical,refusal(4),4,refusal,FALSE,
046,H,lphya37,numeric,"na, wrong skip(-3)",-3,"na, wrong skip",TRUE,
046,H,lphya37,numeric,"na, see B/C/D/E/B/F/G/H/B/I/JLPHYA36(-2)",-2,"na, see B/C/D/E/B/F/G/H/B/I/JLPHYA36",TRUE,
046,H,lphya37,numeric,"na, asked(-1)",-1,"na, asked",TRUE,
046,H,lphya38,numeric,"na, wrong skip(-3)",-3,"na, wrong skip",TRUE,
046,H,lphya38,numeric,"na, see B/C/D/E/B/F/G/H/B/I/JLPHYA36(-2)",-2,"na, see B/C/D/E/B/F/G/H/B/I/JLPHYA36",TRUE,
046,H,lphya38,numeric,"na, asked(-1)",-1,"na, asked",TRUE,
046,H,lphya39,binary,"na, wrong skip(-3)",-3,"na, wrong skip",TRUE,
046,H,lphya39,binary,"na, see B/C/D/E/B/F/G/H/B/I/JLPHYA01(-2)",-2,"na, see B/C/D/E/B/F/G/H/B/I/JLPHYA01",TRUE,
046,H,lphya39,binary,"na, asked(-1)",-1,"na, asked",TRUE,
046,H,lphya39,binary,no(1),1,no,FALSE,
046,H,lphya39,binary,yes(2),2,yes,FALSE,
046,H,lphya40,binary,"na, wrong skip(-3)",-3,"na, wrong skip",TRUE,
046,H,lphya40,binary,"na, see B/C/D/E/B/F/G/H/B/I/JLPHYA39(-2)",-2,"na, see B/C/D/E/B/F/G/H/B/I/JLPHYA39",TRUE,
046,H,lphya40,binary,"na, asked(-1)",-1,"na, asked",TRUE,
046,H,lphya40,binary,not mentioned(0),0,not mentioned,FALSE,
046,H,lphya40,binary,mentioned(1),1,mentioned,FALSE,
046,H,lphya41,binary,"na, wrong skip(-3)",-3,"na, wrong skip",TRUE,
046,H,lphya41,binary,"na, see B/C/D/E/B/F/G/H/B/I/JLPHYA39(-2)",-2,"na, see B/C/D/E/B/F/G/H/B/I/JLPHYA39",TRUE,
046,H,lphya41,binary,"na, asked(-1)",-1,"na, asked",TRUE,
046,H,lphya41,binary,not mentioned(0),0,not mentioned,FALSE,
046,H,lphya41,binary,mentioned(1),1,mentioned,FALSE,
046,H,lphya42,binary,"na, wrong skip(-3)",-3,"na, wrong skip",TRUE,
046,H,lphya42,binary,"na, see B/C/D/E/B/F/G/H/B/I/JLPHYA39(-2)",-2,"na, see B/C/D/E/B/F/G/H/B/I/JLPHYA39",TRUE,
046,H,lphya42,binary,"na, asked(-1)",-1,"na, asked",TRUE,
046,H,lphya42,binary,not mentioned(0),0,not mentioned,FALSE,
046,H,lphya42,binary,mentioned(1),1,mentioned,FALSE,
046,H,lphya43,binary,"na, wrong skip(-3)",-3,"na, wrong skip",TRUE,
046,H,lphya43,binary,"na, see B/C/D/E/B/F/G/H/B/I/JLPHYA39(-2)",-2,"na, see B/C/D/E/B/F/G/H/B/I/JLPHYA39",TRUE,
046,H,lphya43,binary,"na, asked(-1)",-1,"na, asked",TRUE,
046,H,lphya43,binary,not mentioned(0),0,not mentioned,FALSE,
046,H,lphya43,binary,mentioned(1),1,mentioned,FALSE,
046,H,lphya44,binary,"na, wrong skip(-3)",-3,"na, wrong skip",TRUE,
046,H,lphya44,binary,"na, see B/C/D/E/B/F/G/H/B/I/JLPHYA39(-2)",-2,"na, see B/C/D/E/B/F/G/H/B/I/JLPHYA39",TRUE,
046,H,lphya44,binary,"na, asked(-1)",-1,"na, asked",TRUE,
046,H,lphya44,binary,not mentioned(0),0,not mentioned,FALSE,
046,H,lphya44,binary,mentioned(1),1,mentioned,FALSE,
046,H,lphya45,binary,"na, wrong skip(-3)",-3,"na, wrong skip",TRUE,
046,H,lphya45,binary,"na, see F/G/H/B/I/JLPHYA39(-2)",-2,"na, see F/G/H/B/I/JLPHYA39",TRUE,
046,H,lphya45,binary,"na, asked(-1)",-1,"na, asked",TRUE,
046,H,lphya45,binary,not mentioned(0),0,not mentioned,FALSE,
046,H,lphya45,binary,mentioned(1),1,mentioned,FALSE,
046,H,lphya46,ordinal,"na, wrong skip(-3)",-3,"na, wrong skip",TRUE,
046,H,lphya46,ordinal,"na, see F/G/H/B/I/JLPHYA39(-2)",-2,"na, see F/G/H/B/I/JLPHYA39",TRUE,
046,H,lphya46,ordinal,"na, asked(-1)",-1,"na, asked",TRUE,
046,H,lphya46,ordinal,not mentioned(0),0,not mentioned,FALSE,
046,H,lphya46,ordinal,mentioned(1),1,mentioned,FALSE,
046,H,lphya47,binary,"na, wrong skip(-3)",-3,"na, wrong skip",TRUE,
046,H,lphya47,binary,"na, see F/G/H/B/I/JLPHYA39(-2)",-2,"na, see F/G/H/B/I/JLPHYA39",TRUE,
046,H,lphya47,binary,"na, asked(-1)",-1,"na, asked",TRUE,
046,H,lphya47,binary,not mentioned(0),0,not mentioned,FALSE,
046,H,lphya47,binary,mentioned(1),1,mentioned,FALSE,
046,H,lphya48,binary,"na, wrong skip(-3)",-3,"na, wrong skip",TRUE,
046,H,lphya48,binary,"na, see F/G/H/B/I/JLPHYA39(-2)",-2,"na, see F/G/H/B/I/JLPHYA39",TRUE,
046,H,lphya48,binary,"na, asked(-1)",-1,"na, asked",TRUE,
046,H,lphya48,binary,not mentioned(0),0,not mentioned,FALSE,
046,H,lphya48,binary,mentioned(1),1,mentioned,FALSE,
046,H,lphya49,binary,"na, wrong skip(-3)",-3,"na, wrong skip",TRUE,
046,H,lphya49,binary,"na, see F/G/H/B/I/JLPHYA39(-2)",-2,"na, see F/G/H/B/I/JLPHYA39",TRUE,
046,H,lphya49,binary,"na, asked(-1)",-1,"na, asked",TRUE,
046,H,lphya49,binary,not mentioned(0),0,not mentioned,FALSE,
046,H,lphya49,binary,mentioned(1),1,mentioned,FALSE,
046,H,lphya50,ordinal,"na, see F/G/H/B/I/JLPHYA49(-2)",-2,"na, see F/G/H/B/I/JLPHYA49",TRUE,
046,H,lphya50,ordinal,visit from friend/family(1),1,visit from friend/family,FALSE,
046,H,lphya50,ordinal,positive activities(2),2,positive activities,FALSE,
046,H,lphya50,ordinal,illness partner(3),3,illness partner,FALSE,
046,H,lphya50,ordinal,good weather(4),4,good weather,FALSE,
046,H,lphya50,ordinal,death partner(5),5,death partner,FALSE,
046,H,lphya50,ordinal,business-trip(6),6,business-trip,FALSE,
046,H,lphya50,ordinal,removal/moved(7),7,removal/moved,FALSE,
046,H,lphya50,ordinal,spring cleaning(8),8,spring cleaning,FALSE,
046,H,lphya50,ordinal,rebuilding(9),9,rebuilding,FALSE,
046,H,lphya50,ordinal,other(10),10,other,FALSE,
046,H,lphyasp,binary,"na, wrong skip(-3)",-3,"na, wrong skip",TRUE,
046,H,lphyasp,binary,"na, see H/B/I/JLPHYA01(-2)",-2,"na, see H/B/I/JLPHYA01",TRUE,
046,H,lphyasp,binary,"na, asked(-1)",-1,"na, asked",TRUE,
046,H,lphyasp,binary,no(1),1,no,FALSE,
046,H,lphyasp,binary,yes(2),2,yes,FALSE,
046,3B,lphya01,categorical,"na, interview terminated(-5)",-5,"na, interview terminated",TRUE,
046,3B,lphya01,categorical,"na, short interview(-4)",-4,"na, short interview",TRUE,
046,3B,lphya01,categorical,"na, (from wave h: not done,) wrong skip(-3)",-3,"not done, wrong skip",TRUE,
046,3B,lphya01,categorical,"na, asked(-1)",-1,"na, asked",TRUE,
046,3B,lphya01,categorical,respondent bedridden(1),1,respondent bedridden,FALSE,
046,3B,lphya01,categorical,respondent in elec. wheelchair(2),2,respondent in elec. wheelchair,FALSE,
046,3B,lphya01,categorical,respondent in mech. wheelchair(3),3,respondent in mech. wheelchair,FALSE,
046,3B,lphya01,categorical,"not 1, 2 or 3(4)",4,"not 1, 2 or 3",FALSE,
046,3B,lphya02,binary,"na, wrong skip(-3)",-3,"na, wrong skip",TRUE,
046,3B,lphya02,binary,"na, see B/C/D/E/B/F/G/H/B/I/JLPHYA01(-2)",-2,"na, see B/C/D/E/B/F/G/H/B/I/JLPHYA01",TRUE,
046,3B,lphya02,binary,"na, asked(-1)",-1,"na, asked",TRUE,
046,3B,lphya02,binary,no(1),1,no,FALSE,
046,3B,lphya02,binary,yes(2),2,yes,FALSE,
046,3B,lphya03,binary,"na, wrong skip(-3)",-3,"na, wrong skip",TRUE,
046,3B,lphya03,binary,"na, see B/C/D/E/B/F/G/H/B/I/JLPHYA02(-2)",-2,"na, see B/C/D/E/B/F/G/H/B/I/JLPHYA02",TRUE,
046,3B,lphya03,binary,"na, asked(-1)",-1,"na, asked",TRUE,
046,3B,lphya03,binary,no(1),1,no,FALSE,
046,3B,lphya03,binary,yes(2),2,yes,FALSE,
046,3B,lphya04,numeric,"na, wrong skip(-3)",-3,"na, wrong skip",TRUE,
046,3B,lphya04,numeric,"na, see B/C/D/E/B/F/G/H/B/I/JLPHYA03(-2)",-2,"na, see B/C/D/E/B/F/G/H/B/I/JLPHYA03",TRUE,
046,3B,lphya04,numeric,"na, asked(-1)",-1,"na, asked",TRUE,
046,3B,lphya05,numeric,"na, wrong skip(-3)",-3,"na, wrong skip",TRUE,
046,3B,lphya05,numeric,"na, see B/C/D/E/B/F/G/H/B/I/JLPHYA03(-2)",-2,"na, see B/C/D/E/B/F/G/H/B/I/JLPHYA03",TRUE,
046,3B,lphya05,numeric,"na, asked(-1)",-1,"na, asked",TRUE,
046,3B,lphya06,binary,"na, wrong skip(-3)",-3,"na, wrong skip",TRUE,
046,3B,lphya06,binary,"na, see B/C/D/E/B/F/G/H/B/I/JLPHYA01(-2)",-2,"na, see B/C/D/E/B/F/G/H/B/I/JLPHYA01",TRUE,
046,3B,lphya06,binary,"na, asked(-1)",-1,"na, asked",TRUE,
046,3B,lphya06,binary,no(1),1,no,FALSE,
046,3B,lphya06,binary,yes(2),2,yes,FALSE,
046,3B,lphya07,binary,"na, wrong skip(-3)",-3,"na, wrong skip",TRUE,
046,3B,lphya07,binary,"na, see B/C/D/E/B/F/G/H/B/I/JLPHYA06(-2)",-2,"na, see B/C/D/E/B/F/G/H/B/I/JLPHYA06",TRUE,
046,3B,lphya07,binary,"na, asked(-1)",-1,"na, asked",TRUE,
046,3B,lphya07,binary,no(1),1,no,FALSE,
046,3B,lphya07,binary,yes(2),2,yes,FALSE,
046,3B,lphya08,numeric,"na, wrong skip(-3)",-3,"na, wrong skip",TRUE,
046,3B,lphya08,numeric,"na, see B/C/D/E/B/F/G/H/B/I/JLPHYA07(-2)",-2,"na, see B/C/D/E/B/F/G/H/B/I/JLPHYA07",TRUE,
046,3B,lphya08,numeric,"na, asked(-1)",-1,"na, asked",TRUE,
046,3B,lphya09,numeric,"na, wrong skip(-3)",-3,"na, wrong skip",TRUE,
046,3B,lphya09,numeric,"na, see B/C/D/E/B/F/G/H/B/I/JLPHYA07(-2)",-2,"na, see B/C/D/E/B/F/G/H/B/I/JLPHYA07",TRUE,
046,3B,lphya09,numeric,"na, asked(-1)",-1,"na, asked",TRUE,
046,3B,lphya10,binary,"na, wrong skip(-3)",-3,"na, wrong skip",TRUE,
046,3B,lphya10,binary,"na, see B/C/D/E/B/F/G/H/B/I/JLPHYA01(-2)",-2,"na, see B/C/D/E/B/F/G/H/B/I/JLPHYA01",TRUE,
046,3B,lphya10,binary,"na, asked(-1)",-1,"na, asked",TRUE,
046,3B,lphya10,binary,no(1),1,no,FALSE,
046,3B,lphya10,binary,yes(2),2,yes,FALSE,
046,3B,lphya11,binary,"na, wrong skip(-3)",-3,"na, wrong skip",TRUE,
046,3B,lphya11,binary,"na, see B/C/D/E/B/F/G/H/B/I/JLPHYA10(-2)",-2,"na, see B/C/D/E/B/F/G/H/B/I/JLPHYA10",TRUE,
046,3B,lphya11,binary,"na, asked(-1)",-1,"na, asked",TRUE,
046,3B,lphya11,binary,no(1),1,no,FALSE,
046,3B,lphya11,binary,yes(2),2,yes,FALSE,
046,3B,lphya12,numeric,"na, wrong skip(-3)",-3,"na, wrong skip",TRUE,
046,3B,lphya12,numeric,"na, see B/C/D/E/B/F/G/H/B/I/JLPHYA11(-2)",-2,"na, see B/C/D/E/B/F/G/H/B/I/JLPHYA11",TRUE,
046,3B,lphya12,numeric,"na, asked(-1)",-1,"na, asked",TRUE,
046,3B,lphya13,numeric,"na, wrong skip(-3)",-3,"na, wrong skip",TRUE,
046,3B,lphya13,numeric,"na, see B/C/D/E/B/F/G/H/B/I/JLPHYA11(-2)",-2,"na, see B/C/D/E/B/F/G/H/B/I/JLPHYA11",TRUE,
046,3B,lphya13,numeric,"na, asked(-1)",-1,"na, asked",TRUE,
046,3B,lphya14,binary,"na, wrong skip(-3)",-3,"na, wrong skip",TRUE,
046,3B,lphya14,binary,"na, see B/C/D/E/B/F/G/H/BLPHYA01(-2)",-2,"na, see B/C/D/E/B/F/G/H/BLPHYA01",TRUE,
046,3B,lphya14,binary,"na, asked(-1)",-1,"na, asked",TRUE,
046,3B,lphya14,binary,no(1),1,no,FALSE,
046,3B,lphya14,binary,yes(2),2,yes,FALSE,
046,3B,lphya15,binary,"na, wrong skip(-3)",-3,"na, wrong skip",TRUE,
046,3B,lphya15,binary,"na, see B/C/D/E/B/F/G/H/BLPHYA14(-2)",-2,"na, see B/C/D/E/B/F/G/H/BLPHYA14",TRUE,
046,3B,lphya15,binary,"na, asked(-1)",-1,"na, asked",TRUE,
046,3B,lphya15,binary,no(1),1,no,FALSE,
046,3B,lphya15,binary,yes(2),2,yes,FALSE,
046,3B,lphya16,numeric,"na, wrong skip(-3)",-3,"na, wrong skip",TRUE,
046,3B,lphya16,numeric,"na, see B/C/D/E/B/F/G/H/BLPHYA15(-2)",-2,"na, see B/C/D/E/B/F/G/H/BLPHYA15",TRUE,
046,3B,lphya16,numeric,"na, asked(-1)",-1,"na, asked",TRUE,
046,3B,lphya17,binary,"na, wrong skip(-3)",-3,"na, wrong skip",TRUE,
046,3B,lphya17,binary,"na, see B/C/D/E/B/F/G/H/B/I/JLPHYA15(-2)",-2,"na, see B/C/D/E/B/F/G/H/B/I/JLPHYA15",TRUE,
046,3B,lphya17,binary,"na, asked(-1)",-1,"na, asked",TRUE,
046,3B,lphya17,binary,no(1),1,no,FALSE,
046,3B,lphya17,binary,yes(2),2,yes,FALSE,
046,3B,lphya18,numeric,"na, wrong skip(-3)",-3,"na, wrong skip",TRUE,
046,3B,lphya18,numeric,"na, see B/C/D/E/B/F/G/H/B/I/JLPHYA17(-2)",-2,"na, see B/C/D/E/B/F/G/H/B/I/JLPHYA17",TRUE,
046,3B,lphya18,numeric,"na, asked(-1)",-1,"na, asked",TRUE,
046,3B,lphya19,numeric,"na, wrong skip(-3)",-3,"na, wrong skip",TRUE,
046,3B,lphya19,numeric,"na, see B/C/D/E/B/F/G/H/B/I/JLPHYA17(-2)",-2,"na, see B/C/D/E/B/F/G/H/B/I/JLPHYA17",TRUE,
046,3B,lphya19,numeric,"na, asked(-1)",-1,"na, asked",TRUE,
046,3B,lphya20,binary,"na, wrong skip(-3)",-3,"na, wrong skip",TRUE,
046,3B,lphya20,binary,"na, see B/C/D/E/B/F/G/H/BLPHYA17(-2)",-2,"na, see B/C/D/E/B/F/G/H/BLPHYA17",TRUE,
046,3B,lphya20,binary,"na, asked(-1)",-1,"na, asked",TRUE,
046,3B,lphya20,binary,no(1),1,no,FALSE,
046,3B,lphya20,binary,yes(2),2,yes,FALSE,
046,3B,lphya21,binary,"na, wrong skip(-3)",-3,"na, wrong skip",TRUE,
046,3B,lphya21,binary,"na, see H/B/I/JLPHYASP(-2)",-2,"na, see H/B/I/JLPHYASP",TRUE,
046,3B,lphya21,binary,"na, asked(-1)",-1,"na, asked",TRUE,
046,3B,lphya21,binary,no(1),1,no,FALSE,
046,3B,lphya21,binary,yes(2),2,yes,FALSE,
046,3B,lphya22,categorical,"na, wrong skip(-3)",-3,"na, wrong skip",TRUE,
046,3B,lphya22,categorical,"na, see H/B/I/JLPHYA21(-2)",-2,"na, see H/B/I/JLPHYA21",TRUE,
046,3B,lphya22,categorical,"na, asked(-1)",-1,"na, asked",TRUE,
046,3B,lphya22,categorical,see Table Activities and sports -> walking / hiking: long distance hiking(11),11,walking / hiking: long distance hiking,FALSE,
046,3B,lphya22,categorical,see Table Activities and sports -> walking / hiking: nordic walking(12),12,walking / hiking: nordic walking,FALSE,
046,3B,lphya22,categorical,see Table Activities and sports -> walking / hiking: speed walking(13),13,walking / hiking: speed walking,FALSE,
046,3B,lphya22,categorical,see Table Activities and sports -> cycling: long distance cycling(21),21,cycling: long distance cycling,FALSE,
046,3B,lphya22,categorical,see Table Activities and sports -> cycling: cycle racing / spinning / mountain biking(22),22,cycling: cycle racing / spinning / mountain biking,FALSE,
046,3B,lphya22,categorical,see Table Activities and sports -> cycling: treadmill at home / cycle ergometer at home(23),23,cycling: treadmill at home / cycle ergometer at home,FALSE,
046,3B,lphya22,categorical,see Table Activities and sports -> gymnastics and fitness: gymnastics / exercising at home(31),31,gymnastics and fitness: gymnastics / exercising at home,FALSE,
046,3B,lphya22,categorical,see Table Activities and sports -> gymnastics and fitness: fitness / physiotherapy training / strength training / gyrotonics(32),32,gymnastics and fitness: fitness / physiotherapy training / strength training / gyrotonics,FALSE,
046,3B,lphya22,categorical,see Table Activities and sports -> gymnastics and fitness: yoga / tai chi / qi gong / healing tao(33),33,gymnastics and fitness: yoga / tai chi / qi gong / healing tao,FALSE,
046,3B,lphya22,categorical,see Table Activities and sports -> gymnastics and fitness: endurance training(34),34,gymnastics and fitness: endurance training,FALSE,
046,3B,lphya22,categorical,see Table Activities and sports -> swimming: swimming(41),41,swimming: swimming,FALSE,
046,3B,lphya22,categorical,see Table Activities and sports -> swimming: aqua gym / aqua jogging(42),42,swimming: aqua gym / aqua jogging,FALSE,
046,3B,lphya22,categorical,see Table Activities and sports -> racket sports: tennis(51),51,racket sports: tennis,FALSE,
046,3B,lphya22,categorical,see Table Activities and sports -> racket sports: table tennis(52),52,racket sports: table tennis,FALSE,
046,3B,lphya22,categorical,see Table Activities and sports -> racket sports: squash(53),53,racket sports: squash,FALSE,
046,3B,lphya22,categorical,see Table Activities and sports -> racket sports: badminton(54),54,racket sports: badminton,FALSE,
046,3B,lphya22,categorical,see Table Activities and sports -> running: running / jogging(61),61,running: running / jogging,FALSE,
046,3B,lphya22,categorical,see Table Activities and sports -> water sports: rowing(71),71,water sports: rowing,FALSE,
046,3B,lphya22,categorical,see Table Activities and sports -> water sports: sailing(72),72,water sports: sailing,FALSE,
046,3B,lphya22,categorical,see Table Activities and sports -> water sports: canoeing(73),73,water sports: canoeing,FALSE,
046,3B,lphya22,categorical,see Table Activities and sports -> ball sports: soccer(81),81,ball sports: soccer,FALSE,
046,3B,lphya22,categorical,see Table Activities and sports -> ball sports: futsal(82),82,ball sports: futsal,FALSE,
046,3B,lphya22,categorical,see Table Activities and sports -> ball sports: hockey(83),83,ball sports: hockey,FALSE,
046,3B,lphya22,categorical,see Table Activities and sports -> ball sports: volleyball(84),84,ball sports: volleyball,FALSE,
046,3B,lphya22,categorical,see Table Activities and sports -> ball sports: basketball(85),85,ball sports: basketball,FALSE,
046,3B,lphya22,categorical,see Table Activities and sports -> ball sports: baseball / softball(86),86,ball sports: baseball / softball,FALSE,
046,3B,lphya22,categorical,see Table Activities and sports -> ball sports: golf / ball throwing game(87),87,ball sports: golf / ball throwing game,FALSE,
046,3B,lphya22,categorical,see Table Activities and sports -> ball sports: bowling / skittles / lawn bowling / kolf / bowls(88),88,ball sports: bowling / skittles / lawn bowling / kolf / bowls,FALSE,
046,3B,lphya22,categorical,see Table Activities and sports -> winter sports: skiing(91),91,winter sports: skiing,FALSE,
046,3B,lphya22,categorical,see Table Activities and sports -> winter sports: cross country skiing(92),92,winter sports: cross country skiing,FALSE,
046,3B,lphya22,categorical,see Table Activities and sports -> winter sports: ice skating(93),93,winter sports: ice skating,FALSE,
046,3B,lphya22,categorical,see Table Activities and sports -> animal sports: horse riding(101),101,animal sports: horse riding,FALSE,
046,3B,lphya22,categorical,see Table Activities and sports -> animal sports: fishing / pigeon racing(102),102,animal sports: fishing / pigeon racing,FALSE,
046,3B,lphya22,categorical,see Table Activities and sports -> animal sports: dog training / horse carriage driving(103),103,animal sports: dog training / horse carriage driving,FALSE,
046,3B,lphya22,categorical,see Table Activities and sports -> other sports: climbing(111),111,other sports: climbing,FALSE,
046,3B,lphya22,categorical,see Table Activities and sports -> other sports: billiards / darts(112),112,other sports: billiards / darts,FALSE,
046,3B,lphya22,categorical,see Table Activities and sports -> other sports: (folk) dancing(113),113,other sports: (folk) dancing,FALSE,
046,3B,lphya22,categorical,see Table Activities and sports -> other sports: other(114),114,other sports: other,FALSE,
046,3B,lphya23,numeric,"na, wrong skip(-3)",-3,"na, wrong skip",TRUE,
046,3B,lphya23,numeric,"na, see B/C/D/E/B/F/G/H/B/I/JLPHYA21(-2)",-2,"na, see B/C/D/E/B/F/G/H/B/I/JLPHYA21",TRUE,
046,3B,lphya23,numeric,"na, asked(-1)",-1,"na, asked",TRUE,
046,3B,lphya24,numeric,"na, wrong skip(-3)",-3,"na, wrong skip",TRUE,
046,3B,lphya24,numeric,"na, see B/C/D/E/B/F/G/H/B/I/JLPHYA23(-2)",-2,"na, see B/C/D/E/B/F/G/H/B/I/JLPHYA23",TRUE,
046,3B,lphya24,numeric,"na, asked(-1)",-1,"na, asked",TRUE,
046,3B,lphya25,binary,"na, wrong skip(-3)",-3,"na, wrong skip",TRUE,
046,3B,lphya25,binary,"na, see B/C/D/E/B/F/G/H/B/I/JLPHYA21(-2)",-2,"na, see B/C/D/E/B/F/G/H/B/I/JLPHYA21",TRUE,
046,3B,lphya25,binary,"na, asked(-1)",-1,"na, asked",TRUE,
046,3B,lphya25,binary,no(1),1,no,FALSE,
046,3B,lphya25,binary,yes(2),2,yes,FALSE,
046,3B,lphya26,categorical,"na, wrong skip(-3)",-3,"na, wrong skip",TRUE,
046,3B,lphya26,categorical,"na, see H/B/I/JLPHYA25(-2)",-2,"na, see H/B/I/JLPHYA25",TRUE,
046,3B,lphya26,categorical,"na, asked(-1)",-1,"na, asked",TRUE,
046,3B,lphya26,categorical,see Table Activities and sports -> walking / hiking: long distance hiking(11),11,walking / hiking: long distance hiking,FALSE,
046,3B,lphya26,categorical,see Table Activities and sports -> walking / hiking: nordic walking(12),12,walking / hiking: nordic walking,FALSE,
046,3B,lphya26,categorical,see Table Activities and sports -> walking / hiking: speed walking(13),13,walking / hiking: speed walking,FALSE,
046,3B,lphya26,categorical,see Table Activities and sports -> cycling: long distance cycling(21),21,cycling: long distance cycling,FALSE,
046,3B,lphya26,categorical,see Table Activities and sports -> cycling: cycle racing / spinning / mountain biking(22),22,cycling: cycle racing / spinning / mountain biking,FALSE,
046,3B,lphya26,categorical,see Table Activities and sports -> cycling: treadmill at home / cycle ergometer at home(23),23,cycling: treadmill at home / cycle ergometer at home,FALSE,
046,3B,lphya26,categorical,see Table Activities and sports -> gymnastics and fitness: gymnastics / exercising at home(31),31,gymnastics and fitness: gymnastics / exercising at home,FALSE,
046,3B,lphya26,categorical,see Table Activities and sports -> gymnastics and fitness: fitness / physiotherapy training / strength training / gyrotonics(32),32,gymnastics and fitness: fitness / physiotherapy training / strength training / gyrotonics,FALSE,
046,3B,lphya26,categorical,see Table Activities and sports -> gymnastics and fitness: yoga / tai chi / qi gong / healing tao(33),33,gymnastics and fitness: yoga / tai chi / qi gong / healing tao,FALSE,
046,3B,lphya26,categorical,see Table Activities and sports -> gymnastics and fitness: endurance training(34),34,gymnastics and fitness: endurance training,FALSE,
046,3B,lphya26,categorical,see Table Activities and sports -> swimming: swimming(41),41,swimming: swimming,FALSE,
046,3B,lphya26,categorical,see Table Activities and sports -> swimming: aqua gym / aqua jogging(42),42,swimming: aqua gym / aqua jogging,FALSE,
046,3B,lphya26,categorical,see Table Activities and sports -> racket sports: tennis(51),51,racket sports: tennis,FALSE,
046,3B,lphya26,categorical,see Table Activities and sports -> racket sports: table tennis(52),52,racket sports: table tennis,FALSE,
046,3B,lphya26,categorical,see Table Activities and sports -> racket sports: squash(53),53,racket sports: squash,FALSE,
046,3B,lphya26,categorical,see Table Activities and sports -> racket sports: badminton(54),54,racket sports: badminton,FALSE,
046,3B,lphya26,categorical,see Table Activities and sports -> running: running / jogging(61),61,running: running / jogging,FALSE,
046,3B,lphya26,categorical,see Table Activities and sports -> water sports: rowing(71),71,water sports: rowing,FALSE,
046,3B,lphya26,categorical,see Table Activities and sports -> water sports: sailing(72),72,water sports: sailing,FALSE,
046,3B,lphya26,categorical,see Table Activities and sports -> water sports: canoeing(73),73,water sports: canoeing,FALSE,
046,3B,lphya26,categorical,see Table Activities and sports -> ball sports: soccer(81),81,ball sports: soccer,FALSE,
046,3B,lphya26,categorical,see Table Activities and sports -> ball sports: futsal(82),82,ball sports: futsal,FALSE,
046,3B,lphya26,categorical,see Table Activities and sports -> ball sports: hockey(83),83,ball sports: hockey,FALSE,
046,3B,lphya26,categorical,see Table Activities and sports -> ball sports: volleyball(84),84,ball sports: volleyball,FALSE,
046,3B,lphya26,categorical,see Table Activities and sports -> ball sports: basketball(85),85,ball sports: basketball,FALSE,
046,3B,lphya26,categorical,see Table Activities and sports -> ball sports: baseball / softball(86),86,ball sports: baseball / softball,FALSE,
046,3B,lphya26,categorical,see Table Activities and sports -> ball sports: golf / ball throwing game(87),87,ball sports: golf / ball throwing game,FALSE,
046,3B,lphya26,categorical,see Table Activities and sports -> ball sports: bowling / skittles / lawn bowling / kolf / bowls(88),88,ball sports: bowling / skittles / lawn bowling / kolf / bowls,FALSE,
046,3B,lphya26,categorical,see Table Activities and sports -> winter sports: skiing(91),91,winter sports: skiing,FALSE,
046,3B,lphya26,categorical,see Table Activities and sports -> winter sports: cross country skiing(92),92,winter sports: cross country skiing,FALSE,
046,3B,lphya26,categorical,see Table Activities and sports -> winter sports: ice skating(93),93,winter sports: ice skating,FALSE,
046,3B,lphya26,categorical,see Table Activities and sports -> animal sports: horse riding(101),101,animal sports: horse riding,FALSE,
046,3B,lphya26,categorical,see Table Activities and sports -> animal sports: fishing / pigeon racing(102),102,animal sports: fishing / pigeon racing,FALSE,
046,3B,lphya26,categorical,see Table Activities and sports -> animal sports: dog training / horse carriage driving(103),103,animal sports: dog training / horse carriage driving,FALSE,
046,3B,lphya26,categorical,see Table Activities and sports -> other sports: climbing(111),111,other sports: climbing,FALSE,
046,3B,lphya26,categorical,see Table Activities and sports -> other sports: billiards / darts(112),112,other sports: billiards / darts,FALSE,
046,3B,lphya26,categorical,see Table Activities and sports -> other sports: (folk) dancing(113),113,other sports: (folk) dancing,FALSE,
046,3B,lphya26,categorical,see Table Activities and sports -> other sports: other(114),114,other sports: other,FALSE,
046,3B,lphya27,numeric,"na, wrong skip(-3)",-3,"na, wrong skip",TRUE,
046,3B,lphya27,numeric,"na, see B/C/D/E/B/F/G/H/B/I/JLPHYA25(-2)",-2,"na, see B/C/D/E/B/F/G/H/B/I/JLPHYA25",TRUE,
046,3B,lphya27,numeric,"na, asked(-1)",-1,"na, asked",TRUE,
046,3B,lphya28,numeric,"na, wrong skip(-3)",-3,"na, wrong skip",TRUE,
046,3B,lphya28,numeric,"na, see B/C/D/E/B/F/G/H/B/I/JLPHYA27(-2)",-2,"na, see B/C/D/E/B/F/G/H/B/I/JLPHYA27",TRUE,
046,3B,lphya28,numeric,"na, asked(-1)",-1,"na, asked",TRUE,
046,3B,lphya31,binary,"na, wrong skip(-3)",-3,"na, wrong skip",TRUE,
046,3B,lphya31,binary,"na, see B/C/D/E/B/F/G/H/B/I/JLPHYA01(-2)",-2,"na, see B/C/D/E/B/F/G/H/B/I/JLPHYA01",TRUE,
046,3B,lphya31,binary,"na, asked(-1)",-1,"na, asked",TRUE,
046,3B,lphya31,binary,no(1),1,no,FALSE,
046,3B,lphya31,binary,yes(2),2,yes,FALSE,
046,3B,lphya32,categorical,"na, wrong skip(-3)",-3,"na, wrong skip",TRUE,
046,3B,lphya32,categorical,"na, see B/C/D/E/B/F/G/H/B/I/JLPHYA31(-2)",-2,"na, see B/C/D/E/B/F/G/H/B/I/JLPHYA31",TRUE,
046,3B,lphya32,categorical,"na, asked(-1)",-1,"na, asked",TRUE,
046,3B,lphya32,categorical,no(1),1,no,FALSE,
046,3B,lphya32,categorical,yes(2),2,yes,FALSE,
046,3B,lphya32,categorical,do not know(3),3,do not know,FALSE,
046,3B,lphya32,categorical,refusal(4),4,refusal,FALSE,
046,3B,lphya33,numeric,"na, wrong skip(-3)",-3,"na, wrong skip",TRUE,
046,3B,lphya33,numeric,"na, see B/C/D/E/B/F/G/H/B/I/JLPHYA32(-2)",-2,"na, see B/C/D/E/B/F/G/H/B/I/JLPHYA32",TRUE,
046,3B,lphya33,numeric,"na, asked(-1)",-1,"na, asked",TRUE,
046,3B,lphya34,numeric,"na, wrong skip(-3)",-3,"na, wrong skip",TRUE,
046,3B,lphya34,numeric,"na, see B/C/D/E/B/F/G/H/B/I/JLPHYA32(-2)",-2,"na, see B/C/D/E/B/F/G/H/B/I/JLPHYA32",TRUE,
046,3B,lphya34,numeric,"na, asked(-1)",-1,"na, asked",TRUE,
046,3B,lphya35,binary,"na, wrong skip(-3)",-3,"na, wrong skip",TRUE,
046,3B,lphya35,binary,"na, see B/C/D/E/B/F/G/H/B/I/JLPHYA01(-2)",-2,"na, see B/C/D/E/B/F/G/H/B/I/JLPHYA01",TRUE,
046,3B,lphya35,binary,"na, asked(-1)",-1,"na, asked",TRUE,
046,3B,lphya35,binary,no(1),1,no,FALSE,
046,3B,lphya35,binary,yes(2),2,yes,FALSE,
046,3B,lphya36,categorical,"na, wrong skip(-3)",-3,"na, wrong skip",TRUE,
046,3B,lphya36,categorical,"na, see B/C/D/E/B/F/G/H/B/I/JLPHYA35(-2)",-2,"na, see B/C/D/E/B/F/G/H/B/I/JLPHYA35",TRUE,
046,3B,lphya36,categorical,"na, asked(-1)",-1,"na, asked",TRUE,
046,3B,lphya36,categorical,no(1),1,no,FALSE,
046,3B,lphya36,categorical,yes(2),2,yes,FALSE,
046,3B,lphya36,categorical,do not know(3),3,do not know,FALSE,
046,3B,lphya36,categorical,refusal(4),4,refusal,FALSE,
046,3B,lphya37,numeric,"na, wrong skip(-3)",-3,"na, wrong skip",TRUE,
046,3B,lphya37,numeric,"na, see B/C/D/E/B/F/G/H/B/I/JLPHYA36(-2)",-2,"na, see B/C/D/E/B/F/G/H/B/I/JLPHYA36",TRUE,
046,3B,lphya37,numeric,"na, asked(-1)",-1,"na, asked",TRUE,
046,3B,lphya38,numeric,"na, wrong skip(-3)",-3,"na, wrong skip",TRUE,
046,3B,lphya38,numeric,"na, see B/C/D/E/B/F/G/H/B/I/JLPHYA36(-2)",-2,"na, see B/C/D/E/B/F/G/H/B/I/JLPHYA36",TRUE,
046,3B,lphya38,numeric,"na, asked(-1)",-1,"na, asked",TRUE,
046,3B,lphya39,binary,"na, wrong skip(-3)",-3,"na, wrong skip",TRUE,
046,3B,lphya39,binary,"na, see B/C/D/E/B/F/G/H/B/I/JLPHYA01(-2)",-2,"na, see B/C/D/E/B/F/G/H/B/I/JLPHYA01",TRUE,
046,3B,lphya39,binary,"na, asked(-1)",-1,"na, asked",TRUE,
046,3B,lphya39,binary,no(1),1,no,FALSE,
046,3B,lphya39,binary,yes(2),2,yes,FALSE,
046,3B,lphya40,binary,"na, wrong skip(-3)",-3,"na, wrong skip",TRUE,
046,3B,lphya40,binary,"na, see B/C/D/E/B/F/G/H/B/I/JLPHYA39(-2)",-2,"na, see B/C/D/E/B/F/G/H/B/I/JLPHYA39",TRUE,
046,3B,lphya40,binary,"na, asked(-1)",-1,"na, asked",TRUE,
046,3B,lphya40,binary,not mentioned(0),0,not mentioned,FALSE,
046,3B,lphya40,binary,mentioned(1),1,mentioned,FALSE,
046,3B,lphya41,binary,"na, wrong skip(-3)",-3,"na, wrong skip",TRUE,
046,3B,lphya41,binary,"na, see B/C/D/E/B/F/G/H/B/I/JLPHYA39(-2)",-2,"na, see B/C/D/E/B/F/G/H/B/I/JLPHYA39",TRUE,
046,3B,lphya41,binary,"na, asked(-1)",-1,"na, asked",TRUE,
046,3B,lphya41,binary,not mentioned(0),0,not mentioned,FALSE,
046,3B,lphya41,binary,mentioned(1),1,mentioned,FALSE,
046,3B,lphya42,binary,"na, wrong skip(-3)",-3,"na, wrong skip",TRUE,
046,3B,lphya42,binary,"na, see B/C/D/E/B/F/G/H/B/I/JLPHYA39(-2)",-2,"na, see B/C/D/E/B/F/G/H/B/I/JLPHYA39",TRUE,
046,3B,lphya42,binary,"na, asked(-1)",-1,"na, asked",TRUE,
046,3B,lphya42,binary,not mentioned(0),0,not mentioned,FALSE,
046,3B,lphya42,binary,mentioned(1),1,mentioned,FALSE,
046,3B,lphya43,binary,"na, wrong skip(-3)",-3,"na, wrong skip",TRUE,
046,3B,lphya43,binary,"na, see B/C/D/E/B/F/G/H/B/I/JLPHYA39(-2)",-2,"na, see B/C/D/E/B/F/G/H/B/I/JLPHYA39",TRUE,
046,3B,lphya43,binary,"na, asked(-1)",-1,"na, asked",TRUE,
046,3B,lphya43,binary,not mentioned(0),0,not mentioned,FALSE,
046,3B,lphya43,binary,mentioned(1),1,mentioned,FALSE,
046,3B,lphya44,binary,"na, wrong skip(-3)",-3,"na, wrong skip",TRUE,
046,3B,lphya44,binary,"na, see B/C/D/E/B/F/G/H/B/I/JLPHYA39(-2)",-2,"na, see B/C/D/E/B/F/G/H/B/I/JLPHYA39",TRUE,
046,3B,lphya44,binary,"na, asked(-1)",-1,"na, asked",TRUE,
046,3B,lphya44,binary,not mentioned(0),0,not mentioned,FALSE,
046,3B,lphya44,binary,mentioned(1),1,mentioned,FALSE,
046,3B,lphya45,binary,"na, wrong skip(-3)",-3,"na, wrong skip",TRUE,
046,3B,lphya45,binary,"na, see F/G/H/B/I/JLPHYA39(-2)",-2,"na, see F/G/H/B/I/JLPHYA39",TRUE,
046,3B,lphya45,binary,"na, asked(-1)",-1,"na, asked",TRUE,
046,3B,lphya45,binary,not mentioned(0),0,not mentioned,FALSE,
046,3B,lphya45,binary,mentioned(1),1,mentioned,FALSE,
046,3B,lphya46,ordinal,"na, wrong skip(-3)",-3,"na, wrong skip",TRUE,
046,3B,lphya46,ordinal,"na, see F/G/H/B/I/JLPHYA39(-2)",-2,"na, see F/G/H/B/I/JLPHYA39",TRUE,
046,3B,lphya46,ordinal,"na, asked(-1)",-1,"na, asked",TRUE,
046,3B,lphya46,ordinal,not mentioned(0),0,not mentioned,FALSE,
046,3B,lphya46,ordinal,mentioned(1),1,mentioned,FALSE,
046,3B,lphya47,binary,"na, wrong skip(-3)",-3,"na, wrong skip",TRUE,
046,3B,lphya47,binary,"na, see F/G/H/B/I/JLPHYA39(-2)",-2,"na, see F/G/H/B/I/JLPHYA39",TRUE,
046,3B,lphya47,binary,"na, asked(-1)",-1,"na, asked",TRUE,
046,3B,lphya47,binary,not mentioned(0),0,not mentioned,FALSE,
046,3B,lphya47,binary,mentioned(1),1,mentioned,FALSE,
046,3B,lphya48,binary,"na, wrong skip(-3)",-3,"na, wrong skip",TRUE,
046,3B,lphya48,binary,"na, see F/G/H/B/I/JLPHYA39(-2)",-2,"na, see F/G/H/B/I/JLPHYA39",TRUE,
046,3B,lphya48,binary,"na, asked(-1)",-1,"na, asked",TRUE,
046,3B,lphya48,binary,not mentioned(0),0,not mentioned,FALSE,
046,3B,lphya48,binary,mentioned(1),1,mentioned,FALSE,
046,3B,lphya49,binary,"na, wrong skip(-3)",-3,"na, wrong skip",TRUE,
046,3B,lphya49,binary,"na, see F/G/H/B/I/JLPHYA39(-2)",-2,"na, see F/G/H/B/I/JLPHYA39",TRUE,
046,3B,lphya49,binary,"na, asked(-1)",-1,"na, asked",TRUE,
046,3B,lphya49,binary,not mentioned(0),0,not mentioned,FALSE,
046,3B,lphya49,binary,mentioned(1),1,mentioned,FALSE,
046,3B,lphya50,ordinal,"na, see F/G/H/B/I/JLPHYA49(-2)",-2,"na, see F/G/H/B/I/JLPHYA49",TRUE,
046,3B,lphya50,ordinal,visit from friend/family(1),1,visit from friend/family,FALSE,
046,3B,lphya50,ordinal,positive activities(2),2,positive activities,FALSE,
046,3B,lphya50,ordinal,illness partner(3),3,illness partner,FALSE,
046,3B,lphya50,ordinal,good weather(4),4,good weather,FALSE,
046,3B,lphya50,ordinal,death partner(5),5,death partner,FALSE,
046,3B,lphya50,ordinal,business-trip(6),6,business-trip,FALSE,
046,3B,lphya50,ordinal,removal/moved(7),7,removal/moved,FALSE,
046,3B,lphya50,ordinal,spring cleaning(8),8,spring cleaning,FALSE,
046,3B,lphya50,ordinal,rebuilding(9),9,rebuilding,FALSE,
046,3B,lphya50,ordinal,other(10),10,other,FALSE,
046,3B,lphyasp,binary,"na, wrong skip(-3)",-3,"na, wrong skip",TRUE,
046,3B,lphyasp,binary,"na, see H/B/I/JLPHYA01(-2)",-2,"na, see H/B/I/JLPHYA01",TRUE,
046,3B,lphyasp,binary,"na, asked(-1)",-1,"na, asked",TRUE,
046,3B,lphyasp,binary,no(1),1,no,FALSE,
046,3B,lphyasp,binary,yes(2),2,yes,FALSE,
046,3B,lspin1,categorical,most intensive(-3),-3,most intensive,TRUE,
046,3B,lspin1,categorical,"na, see BLPHYA22 & BLPHYA26(-2)",-2,"na, see BLPHYA22 & BLPHYA26",TRUE,
046,3B,lspin1,categorical,"na, asked(-1)",-1,"na, asked",TRUE,
046,3B,lspin1,categorical,see Table Activities and sports -> walking / hiking: long distance hiking(11),11,walking / hiking: long distance hiking,FALSE,
046,3B,lspin1,categorical,see Table Activities and sports -> walking / hiking: nordic walking(12),12,walking / hiking: nordic walking,FALSE,
046,3B,lspin1,categorical,see Table Activities and sports -> walking / hiking: speed walking(13),13,walking / hiking: speed walking,FALSE,
046,3B,lspin1,categorical,see Table Activities and sports -> cycling: long distance cycling(21),21,cycling: long distance cycling,FALSE,
046,3B,lspin1,categorical,see Table Activities and sports -> cycling: cycle racing / spinning / mountain biking(22),22,cycling: cycle racing / spinning / mountain biking,FALSE,
046,3B,lspin1,categorical,see Table Activities and sports -> cycling: treadmill at home / cycle ergometer at home(23),23,cycling: treadmill at home / cycle ergometer at home,FALSE,
046,3B,lspin1,categorical,see Table Activities and sports -> gymnastics and fitness: gymnastics / exercising at home(31),31,gymnastics and fitness: gymnastics / exercising at home,FALSE,
046,3B,lspin1,categorical,see Table Activities and sports -> gymnastics and fitness: fitness / physiotherapy training / strength training / gyrotonics(32),32,gymnastics and fitness: fitness / physiotherapy training / strength training / gyrotonics,FALSE,
046,3B,lspin1,categorical,see Table Activities and sports -> gymnastics and fitness: yoga / tai chi / qi gong / healing tao(33),33,gymnastics and fitness: yoga / tai chi / qi gong / healing tao,FALSE,
046,3B,lspin1,categorical,see Table Activities and sports -> gymnastics and fitness: endurance training(34),34,gymnastics and fitness: endurance training,FALSE,
046,3B,lspin1,categorical,see Table Activities and sports -> swimming: swimming(41),41,swimming: swimming,FALSE,
046,3B,lspin1,categorical,see Table Activities and sports -> swimming: aqua gym / aqua jogging(42),42,swimming: aqua gym / aqua jogging,FALSE,
046,3B,lspin1,categorical,see Table Activities and sports -> racket sports: tennis(51),51,racket sports: tennis,FALSE,
046,3B,lspin1,categorical,see Table Activities and sports -> racket sports: table tennis(52),52,racket sports: table tennis,FALSE,
046,3B,lspin1,categorical,see Table Activities and sports -> racket sports: squash(53),53,racket sports: squash,FALSE,
046,3B,lspin1,categorical,see Table Activities and sports -> racket sports: badminton(54),54,racket sports: badminton,FALSE,
046,3B,lspin1,categorical,see Table Activities and sports -> running: running / jogging(61),61,running: running / jogging,FALSE,
046,3B,lspin1,categorical,see Table Activities and sports -> water sports: rowing(71),71,water sports: rowing,FALSE,
046,3B,lspin1,categorical,see Table Activities and sports -> water sports: sailing(72),72,water sports: sailing,FALSE,
046,3B,lspin1,categorical,see Table Activities and sports -> water sports: canoeing(73),73,water sports: canoeing,FALSE,
046,3B,lspin1,categorical,see Table Activities and sports -> ball sports: soccer(81),81,ball sports: soccer,FALSE,
046,3B,lspin1,categorical,see Table Activities and sports -> ball sports: futsal(82),82,ball sports: futsal,FALSE,
046,3B,lspin1,categorical,see Table Activities and sports -> ball sports: hockey(83),83,ball sports: hockey,FALSE,
046,3B,lspin1,categorical,see Table Activities and sports -> ball sports: volleyball(84),84,ball sports: volleyball,FALSE,
046,3B,lspin1,categorical,see Table Activities and sports -> ball sports: basketball(85),85,ball sports: basketball,FALSE,
046,3B,lspin1,categorical,see Table Activities and sports -> ball sports: baseball / softball(86),86,ball sports: baseball / softball,FALSE,
046,3B,lspin1,categorical,see Table Activities and sports -> ball sports: golf / ball throwing game(87),87,ball sports: golf / ball throwing game,FALSE,
046,3B,lspin1,categorical,see Table Activities and sports -> ball sports: bowling / skittles / lawn bowling / kolf / bowls(88),88,ball sports: bowling / skittles / lawn bowling / kolf / bowls,FALSE,
046,3B,lspin1,categorical,see Table Activities and sports -> winter sports: skiing(91),91,winter sports: skiing,FALSE,
046,3B,lspin1,categorical,see Table Activities and sports -> winter sports: cross country skiing(92),92,winter sports: cross country skiing,FALSE,
046,3B,lspin1,categorical,see Table Activities and sports -> winter sports: ice skating(93),93,winter sports: ice skating,FALSE,
046,3B,lspin1,categorical,see Table Activities and sports -> animal sports: horse riding(101),101,animal sports: horse riding,FALSE,
046,3B,lspin1,categorical,see Table Activities and sports -> animal sports: fishing / pigeon racing(102),102,animal sports: fishing / pigeon racing,FALSE,
046,3B,lspin1,categorical,see Table Activities and sports -> animal sports: dog training / horse carriage driving(103),103,animal sports: dog training / horse carriage driving,FALSE,
046,3B,lspin1,categorical,see Table Activities and sports -> other sports: climbing(111),111,other sports: climbing,FALSE,
046,3B,lspin1,categorical,see Table Activities and sports -> other sports: billiards / darts(112),112,other sports: billiards / darts,FALSE,
046,3B,lspin1,categorical,see Table Activities and sports -> other sports: (folk) dancing(113),113,other sports: (folk) dancing,FALSE,
046,3B,lspin1,categorical,see Table Activities and sports -> other sports: other(114),114,other sports: other,FALSE,
046,3B,lspin2,numeric,"na, wrong skip(-3)",-3,"na, wrong skip",TRUE,
046,3B,lspin2,numeric,"na, see BLSPIN1(-2)",-2,"na, see BLSPIN1",TRUE,
046,3B,lspin2,numeric,"na, asked(-1)",-1,"na, asked",TRUE,
046,3B,lspin3,numeric,"na, wrong skip(-3)",-3,"na, wrong skip",TRUE,
046,3B,lspin3,numeric,"na, see BLSPIN2(-2)",-2,"na, see BLSPIN2",TRUE,
046,3B,lspin3,numeric,"na, asked(-1)",-1,"na, asked",TRUE,
046,MB,lphya07,binary,"na, interview terminated(-5)",-5,"na, interview terminated",TRUE,
046,MB,lphya07,binary,"na, short interview(-4)",-4,"na, short interview",TRUE,
046,MB,lphya07,binary,"na, wrong skip(-3)",-3,"na, wrong skip",TRUE,
046,MB,lphya07,binary,"na, see BLPHYA06(-2)",-2,"na, see BLPHYA06",TRUE,
046,MB,lphya07,binary,"na, asked(-1)",-1,"na, asked",TRUE,
046,MB,lphya07,binary,no(1),1,no,FALSE,
046,MB,lphya07,binary,yes(2),2,yes,FALSE,
046,MB,lphya08,numeric,"na, wrong skip(-3)",-3,"na, wrong skip",TRUE,
046,MB,lphya08,numeric,"na, see BLPHYA07(-2)",-2,"na, see BLPHYA07",TRUE,
046,MB,lphya08,numeric,"na, asked(-1)",-1,"na, asked",TRUE,
046,MB,lphya09,numeric,"na, wrong skip(-3)",-3,"na, wrong skip",TRUE,
046,MB,lphya09,numeric,"na, see BLPHYA07(-2)",-2,"na, see BLPHYA07",TRUE,
046,MB,lphya09,numeric,"na, asked(-1)",-1,"na, asked",TRUE,
046,MB,lphya11,binary,"na, interview terminated(-5)",-5,"na, interview terminated",TRUE,
046,MB,lphya11,binary,"na, short interview(-4)",-4,"na, short interview",TRUE,
046,MB,lphya11,binary,"na, wrong skip(-3)",-3,"na, wrong skip",TRUE,
046,MB,lphya11,binary,"na, asked(-1)",-1,"na, asked",TRUE,
046,MB,lphya11,binary,no(1),1,no,FALSE,
046,MB,lphya11,binary,yes(2),2,yes,FALSE,
046,MB,lphya12,numeric,"na, wrong skip(-3)",-3,"na, wrong skip",TRUE,
046,MB,lphya12,numeric,"na, see BLPHYA11(-2)",-2,"na, see BLPHYA11",TRUE,
046,MB,lphya12,numeric,"na, asked(-1)",-1,"na, asked",TRUE,
046,MB,lphya13,numeric,"na, wrong skip(-3)",-3,"na, wrong skip",TRUE,
046,MB,lphya13,numeric,"na, see BLPHYA11(-2)",-2,"na, see BLPHYA11",TRUE,
046,MB,lphya13,numeric,"na, asked(-1)",-1,"na, asked",TRUE,
046,MB,lphya21,binary,"na, interview terminated(-5)",-5,"na, interview terminated",TRUE,
046,MB,lphya21,binary,"na, short interview(-4)",-4,"na, short interview",TRUE,
046,MB,lphya21,binary,"na, wrong skip(-3)",-3,"na, wrong skip",TRUE,
046,MB,lphya21,binary,"na, asked(-1)",-1,"na, asked",TRUE,
046,MB,lphya21,binary,no(1),1,no,FALSE,
046,MB,lphya21,binary,yes(2),2,yes,FALSE,
046,MB,lphya22,categorical,"na, wrong skip(-3)",-3,"na, wrong skip",TRUE,
046,MB,lphya22,categorical,"na, see BLPHYA21(-2)",-2,"na, see BLPHYA21",TRUE,
046,MB,lphya22,categorical,"na, asked(-1)",-1,"na, asked",TRUE,
046,MB,lphya22,categorical,see * Table Sports and Activities,,,,"Unresolved PDF cross-reference: Table *Activities and sports is documented for waves H, 3B, I, J, while LASMB046 refers to it."
046,MB,lphya23,numeric,"na, wrong skip(-3)",-3,"na, wrong skip",TRUE,
046,MB,lphya23,numeric,"na, see BLPHYA21(-2)",-2,"na, see BLPHYA21",TRUE,
046,MB,lphya23,numeric,"na, asked(-1)",-1,"na, asked",TRUE,
046,MB,lphya24,numeric,"na, wrong skip(-3)",-3,"na, wrong skip",TRUE,
046,MB,lphya24,numeric,"na, see BLPHYA23(-2)",-2,"na, see BLPHYA23",TRUE,
046,MB,lphya24,numeric,"na, asked(-1)",-1,"na, asked",TRUE,
046,MB,lphya37,numeric,"na, interview terminated(-5)",-5,"na, interview terminated",TRUE,
046,MB,lphya37,numeric,"na, short interview(-4)",-4,"na, short interview",TRUE,
046,MB,lphya37,numeric,"na, wrong skip(-3)",-3,"na, wrong skip",TRUE,
046,MB,lphya37,numeric,"na, asked(-1)",-1,"na, asked",TRUE,
046,MB,lphya38,numeric,"na, wrong skip(-3)",-3,"na, wrong skip",TRUE,
046,MB,lphya38,numeric,"na, see BLPHYA36(-2)",-2,"na, see BLPHYA36",TRUE,
046,MB,lphya38,numeric,"na, asked(-1)",-1,"na, asked",TRUE,
046,I,lphya01,categorical,"na, interview terminated(-5)",-5,"na, interview terminated",TRUE,
046,I,lphya01,categorical,"na, short interview(-4)",-4,"na, short interview",TRUE,
046,I,lphya01,categorical,"na, (from wave h: not done,) wrong skip(-3)",-3,"not done, wrong skip",TRUE,
046,I,lphya01,categorical,"na, asked(-1)",-1,"na, asked",TRUE,
046,I,lphya01,categorical,respondent bedridden(1),1,respondent bedridden,FALSE,
046,I,lphya01,categorical,respondent in elec. wheelchair(2),2,respondent in elec. wheelchair,FALSE,
046,I,lphya01,categorical,respondent in mech. wheelchair(3),3,respondent in mech. wheelchair,FALSE,
046,I,lphya01,categorical,"not 1, 2 or 3(4)",4,"not 1, 2 or 3",FALSE,
046,I,lphya02,binary,"na, wrong skip(-3)",-3,"na, wrong skip",TRUE,
046,I,lphya02,binary,"na, see B/C/D/E/B/F/G/H/B/I/JLPHYA01(-2)",-2,"na, see B/C/D/E/B/F/G/H/B/I/JLPHYA01",TRUE,
046,I,lphya02,binary,"na, asked(-1)",-1,"na, asked",TRUE,
046,I,lphya02,binary,no(1),1,no,FALSE,
046,I,lphya02,binary,yes(2),2,yes,FALSE,
046,I,lphya03,binary,"na, wrong skip(-3)",-3,"na, wrong skip",TRUE,
046,I,lphya03,binary,"na, see B/C/D/E/B/F/G/H/B/I/JLPHYA02(-2)",-2,"na, see B/C/D/E/B/F/G/H/B/I/JLPHYA02",TRUE,
046,I,lphya03,binary,"na, asked(-1)",-1,"na, asked",TRUE,
046,I,lphya03,binary,no(1),1,no,FALSE,
046,I,lphya03,binary,yes(2),2,yes,FALSE,
046,I,lphya04,numeric,"na, wrong skip(-3)",-3,"na, wrong skip",TRUE,
046,I,lphya04,numeric,"na, see B/C/D/E/B/F/G/H/B/I/JLPHYA03(-2)",-2,"na, see B/C/D/E/B/F/G/H/B/I/JLPHYA03",TRUE,
046,I,lphya04,numeric,"na, asked(-1)",-1,"na, asked",TRUE,
046,I,lphya05,numeric,"na, wrong skip(-3)",-3,"na, wrong skip",TRUE,
046,I,lphya05,numeric,"na, see B/C/D/E/B/F/G/H/B/I/JLPHYA03(-2)",-2,"na, see B/C/D/E/B/F/G/H/B/I/JLPHYA03",TRUE,
046,I,lphya05,numeric,"na, asked(-1)",-1,"na, asked",TRUE,
046,I,lphya06,binary,"na, wrong skip(-3)",-3,"na, wrong skip",TRUE,
046,I,lphya06,binary,"na, see B/C/D/E/B/F/G/H/B/I/JLPHYA01(-2)",-2,"na, see B/C/D/E/B/F/G/H/B/I/JLPHYA01",TRUE,
046,I,lphya06,binary,"na, asked(-1)",-1,"na, asked",TRUE,
046,I,lphya06,binary,no(1),1,no,FALSE,
046,I,lphya06,binary,yes(2),2,yes,FALSE,
046,I,lphya07,binary,"na, wrong skip(-3)",-3,"na, wrong skip",TRUE,
046,I,lphya07,binary,"na, see B/C/D/E/B/F/G/H/B/I/JLPHYA06(-2)",-2,"na, see B/C/D/E/B/F/G/H/B/I/JLPHYA06",TRUE,
046,I,lphya07,binary,"na, asked(-1)",-1,"na, asked",TRUE,
046,I,lphya07,binary,no(1),1,no,FALSE,
046,I,lphya07,binary,yes(2),2,yes,FALSE,
046,I,lphya08,numeric,"na, wrong skip(-3)",-3,"na, wrong skip",TRUE,
046,I,lphya08,numeric,"na, see B/C/D/E/B/F/G/H/B/I/JLPHYA07(-2)",-2,"na, see B/C/D/E/B/F/G/H/B/I/JLPHYA07",TRUE,
046,I,lphya08,numeric,"na, asked(-1)",-1,"na, asked",TRUE,
046,I,lphya09,numeric,"na, wrong skip(-3)",-3,"na, wrong skip",TRUE,
046,I,lphya09,numeric,"na, see B/C/D/E/B/F/G/H/B/I/JLPHYA07(-2)",-2,"na, see B/C/D/E/B/F/G/H/B/I/JLPHYA07",TRUE,
046,I,lphya09,numeric,"na, asked(-1)",-1,"na, asked",TRUE,
046,I,lphya10,binary,"na, wrong skip(-3)",-3,"na, wrong skip",TRUE,
046,I,lphya10,binary,"na, see B/C/D/E/B/F/G/H/B/I/JLPHYA01(-2)",-2,"na, see B/C/D/E/B/F/G/H/B/I/JLPHYA01",TRUE,
046,I,lphya10,binary,"na, asked(-1)",-1,"na, asked",TRUE,
046,I,lphya10,binary,no(1),1,no,FALSE,
046,I,lphya10,binary,yes(2),2,yes,FALSE,
046,I,lphya11,binary,"na, wrong skip(-3)",-3,"na, wrong skip",TRUE,
046,I,lphya11,binary,"na, see B/C/D/E/B/F/G/H/B/I/JLPHYA10(-2)",-2,"na, see B/C/D/E/B/F/G/H/B/I/JLPHYA10",TRUE,
046,I,lphya11,binary,"na, asked(-1)",-1,"na, asked",TRUE,
046,I,lphya11,binary,no(1),1,no,FALSE,
046,I,lphya11,binary,yes(2),2,yes,FALSE,
046,I,lphya12,numeric,"na, wrong skip(-3)",-3,"na, wrong skip",TRUE,
046,I,lphya12,numeric,"na, see B/C/D/E/B/F/G/H/B/I/JLPHYA11(-2)",-2,"na, see B/C/D/E/B/F/G/H/B/I/JLPHYA11",TRUE,
046,I,lphya12,numeric,"na, asked(-1)",-1,"na, asked",TRUE,
046,I,lphya13,numeric,"na, wrong skip(-3)",-3,"na, wrong skip",TRUE,
046,I,lphya13,numeric,"na, see B/C/D/E/B/F/G/H/B/I/JLPHYA11(-2)",-2,"na, see B/C/D/E/B/F/G/H/B/I/JLPHYA11",TRUE,
046,I,lphya13,numeric,"na, asked(-1)",-1,"na, asked",TRUE,
046,I,lphya15,binary,"na, wrong skip(-3)",-3,"na, wrong skip",TRUE,
046,I,lphya15,binary,"na, see ILPHYA01(-2)",-2,"na, see ILPHYA01",TRUE,
046,I,lphya15,binary,"na, asked(-1)",-1,"na, asked",TRUE,
046,I,lphya15,binary,no(1),1,no,FALSE,
046,I,lphya15,binary,yes(2),2,yes,FALSE,
046,I,lphya17,binary,"na, wrong skip(-3)",-3,"na, wrong skip",TRUE,
046,I,lphya17,binary,"na, see B/C/D/E/B/F/G/H/B/I/JLPHYA15(-2)",-2,"na, see B/C/D/E/B/F/G/H/B/I/JLPHYA15",TRUE,
046,I,lphya17,binary,"na, asked(-1)",-1,"na, asked",TRUE,
046,I,lphya17,binary,no(1),1,no,FALSE,
046,I,lphya17,binary,yes(2),2,yes,FALSE,
046,I,lphya18,numeric,"na, wrong skip(-3)",-3,"na, wrong skip",TRUE,
046,I,lphya18,numeric,"na, see B/C/D/E/B/F/G/H/B/I/JLPHYA17(-2)",-2,"na, see B/C/D/E/B/F/G/H/B/I/JLPHYA17",TRUE,
046,I,lphya18,numeric,"na, asked(-1)",-1,"na, asked",TRUE,
046,I,lphya19,numeric,"na, wrong skip(-3)",-3,"na, wrong skip",TRUE,
046,I,lphya19,numeric,"na, see B/C/D/E/B/F/G/H/B/I/JLPHYA17(-2)",-2,"na, see B/C/D/E/B/F/G/H/B/I/JLPHYA17",TRUE,
046,I,lphya19,numeric,"na, asked(-1)",-1,"na, asked",TRUE,
046,I,lphya21,binary,"na, wrong skip(-3)",-3,"na, wrong skip",TRUE,
046,I,lphya21,binary,"na, see H/B/I/JLPHYASP(-2)",-2,"na, see H/B/I/JLPHYASP",TRUE,
046,I,lphya21,binary,"na, asked(-1)",-1,"na, asked",TRUE,
046,I,lphya21,binary,no(1),1,no,FALSE,
046,I,lphya21,binary,yes(2),2,yes,FALSE,
046,I,lphya22,categorical,"na, wrong skip(-3)",-3,"na, wrong skip",TRUE,
046,I,lphya22,categorical,"na, see H/B/I/JLPHYA21(-2)",-2,"na, see H/B/I/JLPHYA21",TRUE,
046,I,lphya22,categorical,"na, asked(-1)",-1,"na, asked",TRUE,
046,I,lphya22,categorical,see Table Activities and sports -> walking / hiking: long distance hiking(11),11,walking / hiking: long distance hiking,FALSE,
046,I,lphya22,categorical,see Table Activities and sports -> walking / hiking: nordic walking(12),12,walking / hiking: nordic walking,FALSE,
046,I,lphya22,categorical,see Table Activities and sports -> walking / hiking: speed walking(13),13,walking / hiking: speed walking,FALSE,
046,I,lphya22,categorical,see Table Activities and sports -> cycling: long distance cycling(21),21,cycling: long distance cycling,FALSE,
046,I,lphya22,categorical,see Table Activities and sports -> cycling: cycle racing / spinning / mountain biking(22),22,cycling: cycle racing / spinning / mountain biking,FALSE,
046,I,lphya22,categorical,see Table Activities and sports -> cycling: treadmill at home / cycle ergometer at home(23),23,cycling: treadmill at home / cycle ergometer at home,FALSE,
046,I,lphya22,categorical,see Table Activities and sports -> gymnastics and fitness: gymnastics / exercising at home(31),31,gymnastics and fitness: gymnastics / exercising at home,FALSE,
046,I,lphya22,categorical,see Table Activities and sports -> gymnastics and fitness: fitness / physiotherapy training / strength training / gyrotonics(32),32,gymnastics and fitness: fitness / physiotherapy training / strength training / gyrotonics,FALSE,
046,I,lphya22,categorical,see Table Activities and sports -> gymnastics and fitness: yoga / tai chi / qi gong / healing tao(33),33,gymnastics and fitness: yoga / tai chi / qi gong / healing tao,FALSE,
046,I,lphya22,categorical,see Table Activities and sports -> gymnastics and fitness: endurance training(34),34,gymnastics and fitness: endurance training,FALSE,
046,I,lphya22,categorical,see Table Activities and sports -> swimming: swimming(41),41,swimming: swimming,FALSE,
046,I,lphya22,categorical,see Table Activities and sports -> swimming: aqua gym / aqua jogging(42),42,swimming: aqua gym / aqua jogging,FALSE,
046,I,lphya22,categorical,see Table Activities and sports -> racket sports: tennis(51),51,racket sports: tennis,FALSE,
046,I,lphya22,categorical,see Table Activities and sports -> racket sports: table tennis(52),52,racket sports: table tennis,FALSE,
046,I,lphya22,categorical,see Table Activities and sports -> racket sports: squash(53),53,racket sports: squash,FALSE,
046,I,lphya22,categorical,see Table Activities and sports -> racket sports: badminton(54),54,racket sports: badminton,FALSE,
046,I,lphya22,categorical,see Table Activities and sports -> running: running / jogging(61),61,running: running / jogging,FALSE,
046,I,lphya22,categorical,see Table Activities and sports -> water sports: rowing(71),71,water sports: rowing,FALSE,
046,I,lphya22,categorical,see Table Activities and sports -> water sports: sailing(72),72,water sports: sailing,FALSE,
046,I,lphya22,categorical,see Table Activities and sports -> water sports: canoeing(73),73,water sports: canoeing,FALSE,
046,I,lphya22,categorical,see Table Activities and sports -> ball sports: soccer(81),81,ball sports: soccer,FALSE,
046,I,lphya22,categorical,see Table Activities and sports -> ball sports: futsal(82),82,ball sports: futsal,FALSE,
046,I,lphya22,categorical,see Table Activities and sports -> ball sports: hockey(83),83,ball sports: hockey,FALSE,
046,I,lphya22,categorical,see Table Activities and sports -> ball sports: volleyball(84),84,ball sports: volleyball,FALSE,
046,I,lphya22,categorical,see Table Activities and sports -> ball sports: basketball(85),85,ball sports: basketball,FALSE,
046,I,lphya22,categorical,see Table Activities and sports -> ball sports: baseball / softball(86),86,ball sports: baseball / softball,FALSE,
046,I,lphya22,categorical,see Table Activities and sports -> ball sports: golf / ball throwing game(87),87,ball sports: golf / ball throwing game,FALSE,
046,I,lphya22,categorical,see Table Activities and sports -> ball sports: bowling / skittles / lawn bowling / kolf / bowls(88),88,ball sports: bowling / skittles / lawn bowling / kolf / bowls,FALSE,
046,I,lphya22,categorical,see Table Activities and sports -> winter sports: skiing(91),91,winter sports: skiing,FALSE,
046,I,lphya22,categorical,see Table Activities and sports -> winter sports: cross country skiing(92),92,winter sports: cross country skiing,FALSE,
046,I,lphya22,categorical,see Table Activities and sports -> winter sports: ice skating(93),93,winter sports: ice skating,FALSE,
046,I,lphya22,categorical,see Table Activities and sports -> animal sports: horse riding(101),101,animal sports: horse riding,FALSE,
046,I,lphya22,categorical,see Table Activities and sports -> animal sports: fishing / pigeon racing(102),102,animal sports: fishing / pigeon racing,FALSE,
046,I,lphya22,categorical,see Table Activities and sports -> animal sports: dog training / horse carriage driving(103),103,animal sports: dog training / horse carriage driving,FALSE,
046,I,lphya22,categorical,see Table Activities and sports -> other sports: climbing(111),111,other sports: climbing,FALSE,
046,I,lphya22,categorical,see Table Activities and sports -> other sports: billiards / darts(112),112,other sports: billiards / darts,FALSE,
046,I,lphya22,categorical,see Table Activities and sports -> other sports: (folk) dancing(113),113,other sports: (folk) dancing,FALSE,
046,I,lphya22,categorical,see Table Activities and sports -> other sports: other(114),114,other sports: other,FALSE,
046,I,lphya23,numeric,"na, wrong skip(-3)",-3,"na, wrong skip",TRUE,
046,I,lphya23,numeric,"na, see B/C/D/E/B/F/G/H/B/I/JLPHYA21(-2)",-2,"na, see B/C/D/E/B/F/G/H/B/I/JLPHYA21",TRUE,
046,I,lphya23,numeric,"na, asked(-1)",-1,"na, asked",TRUE,
046,I,lphya24,numeric,"na, wrong skip(-3)",-3,"na, wrong skip",TRUE,
046,I,lphya24,numeric,"na, see B/C/D/E/B/F/G/H/B/I/JLPHYA23(-2)",-2,"na, see B/C/D/E/B/F/G/H/B/I/JLPHYA23",TRUE,
046,I,lphya24,numeric,"na, asked(-1)",-1,"na, asked",TRUE,
046,I,lphya25,binary,"na, wrong skip(-3)",-3,"na, wrong skip",TRUE,
046,I,lphya25,binary,"na, see B/C/D/E/B/F/G/H/B/I/JLPHYA21(-2)",-2,"na, see B/C/D/E/B/F/G/H/B/I/JLPHYA21",TRUE,
046,I,lphya25,binary,"na, asked(-1)",-1,"na, asked",TRUE,
046,I,lphya25,binary,no(1),1,no,FALSE,
046,I,lphya25,binary,yes(2),2,yes,FALSE,
046,I,lphya26,categorical,"na, wrong skip(-3)",-3,"na, wrong skip",TRUE,
046,I,lphya26,categorical,"na, see H/B/I/JLPHYA25(-2)",-2,"na, see H/B/I/JLPHYA25",TRUE,
046,I,lphya26,categorical,"na, asked(-1)",-1,"na, asked",TRUE,
046,I,lphya26,categorical,see Table Activities and sports -> walking / hiking: long distance hiking(11),11,walking / hiking: long distance hiking,FALSE,
046,I,lphya26,categorical,see Table Activities and sports -> walking / hiking: nordic walking(12),12,walking / hiking: nordic walking,FALSE,
046,I,lphya26,categorical,see Table Activities and sports -> walking / hiking: speed walking(13),13,walking / hiking: speed walking,FALSE,
046,I,lphya26,categorical,see Table Activities and sports -> cycling: long distance cycling(21),21,cycling: long distance cycling,FALSE,
046,I,lphya26,categorical,see Table Activities and sports -> cycling: cycle racing / spinning / mountain biking(22),22,cycling: cycle racing / spinning / mountain biking,FALSE,
046,I,lphya26,categorical,see Table Activities and sports -> cycling: treadmill at home / cycle ergometer at home(23),23,cycling: treadmill at home / cycle ergometer at home,FALSE,
046,I,lphya26,categorical,see Table Activities and sports -> gymnastics and fitness: gymnastics / exercising at home(31),31,gymnastics and fitness: gymnastics / exercising at home,FALSE,
046,I,lphya26,categorical,see Table Activities and sports -> gymnastics and fitness: fitness / physiotherapy training / strength training / gyrotonics(32),32,gymnastics and fitness: fitness / physiotherapy training / strength training / gyrotonics,FALSE,
046,I,lphya26,categorical,see Table Activities and sports -> gymnastics and fitness: yoga / tai chi / qi gong / healing tao(33),33,gymnastics and fitness: yoga / tai chi / qi gong / healing tao,FALSE,
046,I,lphya26,categorical,see Table Activities and sports -> gymnastics and fitness: endurance training(34),34,gymnastics and fitness: endurance training,FALSE,
046,I,lphya26,categorical,see Table Activities and sports -> swimming: swimming(41),41,swimming: swimming,FALSE,
046,I,lphya26,categorical,see Table Activities and sports -> swimming: aqua gym / aqua jogging(42),42,swimming: aqua gym / aqua jogging,FALSE,
046,I,lphya26,categorical,see Table Activities and sports -> racket sports: tennis(51),51,racket sports: tennis,FALSE,
046,I,lphya26,categorical,see Table Activities and sports -> racket sports: table tennis(52),52,racket sports: table tennis,FALSE,
046,I,lphya26,categorical,see Table Activities and sports -> racket sports: squash(53),53,racket sports: squash,FALSE,
046,I,lphya26,categorical,see Table Activities and sports -> racket sports: badminton(54),54,racket sports: badminton,FALSE,
046,I,lphya26,categorical,see Table Activities and sports -> running: running / jogging(61),61,running: running / jogging,FALSE,
046,I,lphya26,categorical,see Table Activities and sports -> water sports: rowing(71),71,water sports: rowing,FALSE,
046,I,lphya26,categorical,see Table Activities and sports -> water sports: sailing(72),72,water sports: sailing,FALSE,
046,I,lphya26,categorical,see Table Activities and sports -> water sports: canoeing(73),73,water sports: canoeing,FALSE,
046,I,lphya26,categorical,see Table Activities and sports -> ball sports: soccer(81),81,ball sports: soccer,FALSE,
046,I,lphya26,categorical,see Table Activities and sports -> ball sports: futsal(82),82,ball sports: futsal,FALSE,
046,I,lphya26,categorical,see Table Activities and sports -> ball sports: hockey(83),83,ball sports: hockey,FALSE,
046,I,lphya26,categorical,see Table Activities and sports -> ball sports: volleyball(84),84,ball sports: volleyball,FALSE,
046,I,lphya26,categorical,see Table Activities and sports -> ball sports: basketball(85),85,ball sports: basketball,FALSE,
046,I,lphya26,categorical,see Table Activities and sports -> ball sports: baseball / softball(86),86,ball sports: baseball / softball,FALSE,
046,I,lphya26,categorical,see Table Activities and sports -> ball sports: golf / ball throwing game(87),87,ball sports: golf / ball throwing game,FALSE,
046,I,lphya26,categorical,see Table Activities and sports -> ball sports: bowling / skittles / lawn bowling / kolf / bowls(88),88,ball sports: bowling / skittles / lawn bowling / kolf / bowls,FALSE,
046,I,lphya26,categorical,see Table Activities and sports -> winter sports: skiing(91),91,winter sports: skiing,FALSE,
046,I,lphya26,categorical,see Table Activities and sports -> winter sports: cross country skiing(92),92,winter sports: cross country skiing,FALSE,
046,I,lphya26,categorical,see Table Activities and sports -> winter sports: ice skating(93),93,winter sports: ice skating,FALSE,
046,I,lphya26,categorical,see Table Activities and sports -> animal sports: horse riding(101),101,animal sports: horse riding,FALSE,
046,I,lphya26,categorical,see Table Activities and sports -> animal sports: fishing / pigeon racing(102),102,animal sports: fishing / pigeon racing,FALSE,
046,I,lphya26,categorical,see Table Activities and sports -> animal sports: dog training / horse carriage driving(103),103,animal sports: dog training / horse carriage driving,FALSE,
046,I,lphya26,categorical,see Table Activities and sports -> other sports: climbing(111),111,other sports: climbing,FALSE,
046,I,lphya26,categorical,see Table Activities and sports -> other sports: billiards / darts(112),112,other sports: billiards / darts,FALSE,
046,I,lphya26,categorical,see Table Activities and sports -> other sports: (folk) dancing(113),113,other sports: (folk) dancing,FALSE,
046,I,lphya26,categorical,see Table Activities and sports -> other sports: other(114),114,other sports: other,FALSE,
046,I,lphya27,numeric,"na, wrong skip(-3)",-3,"na, wrong skip",TRUE,
046,I,lphya27,numeric,"na, see B/C/D/E/B/F/G/H/B/I/JLPHYA25(-2)",-2,"na, see B/C/D/E/B/F/G/H/B/I/JLPHYA25",TRUE,
046,I,lphya27,numeric,"na, asked(-1)",-1,"na, asked",TRUE,
046,I,lphya28,numeric,"na, wrong skip(-3)",-3,"na, wrong skip",TRUE,
046,I,lphya28,numeric,"na, see B/C/D/E/B/F/G/H/B/I/JLPHYA27(-2)",-2,"na, see B/C/D/E/B/F/G/H/B/I/JLPHYA27",TRUE,
046,I,lphya28,numeric,"na, asked(-1)",-1,"na, asked",TRUE,
046,I,lphya31,binary,"na, wrong skip(-3)",-3,"na, wrong skip",TRUE,
046,I,lphya31,binary,"na, see B/C/D/E/B/F/G/H/B/I/JLPHYA01(-2)",-2,"na, see B/C/D/E/B/F/G/H/B/I/JLPHYA01",TRUE,
046,I,lphya31,binary,"na, asked(-1)",-1,"na, asked",TRUE,
046,I,lphya31,binary,no(1),1,no,FALSE,
046,I,lphya31,binary,yes(2),2,yes,FALSE,
046,I,lphya32,categorical,"na, wrong skip(-3)",-3,"na, wrong skip",TRUE,
046,I,lphya32,categorical,"na, see B/C/D/E/B/F/G/H/B/I/JLPHYA31(-2)",-2,"na, see B/C/D/E/B/F/G/H/B/I/JLPHYA31",TRUE,
046,I,lphya32,categorical,"na, asked(-1)",-1,"na, asked",TRUE,
046,I,lphya32,categorical,no(1),1,no,FALSE,
046,I,lphya32,categorical,yes(2),2,yes,FALSE,
046,I,lphya32,categorical,do not know(3),3,do not know,FALSE,
046,I,lphya32,categorical,refusal(4),4,refusal,FALSE,
046,I,lphya33,numeric,"na, wrong skip(-3)",-3,"na, wrong skip",TRUE,
046,I,lphya33,numeric,"na, see B/C/D/E/B/F/G/H/B/I/JLPHYA32(-2)",-2,"na, see B/C/D/E/B/F/G/H/B/I/JLPHYA32",TRUE,
046,I,lphya33,numeric,"na, asked(-1)",-1,"na, asked",TRUE,
046,I,lphya34,numeric,"na, wrong skip(-3)",-3,"na, wrong skip",TRUE,
046,I,lphya34,numeric,"na, see B/C/D/E/B/F/G/H/B/I/JLPHYA32(-2)",-2,"na, see B/C/D/E/B/F/G/H/B/I/JLPHYA32",TRUE,
046,I,lphya34,numeric,"na, asked(-1)",-1,"na, asked",TRUE,
046,I,lphya35,binary,"na, wrong skip(-3)",-3,"na, wrong skip",TRUE,
046,I,lphya35,binary,"na, see B/C/D/E/B/F/G/H/B/I/JLPHYA01(-2)",-2,"na, see B/C/D/E/B/F/G/H/B/I/JLPHYA01",TRUE,
046,I,lphya35,binary,"na, asked(-1)",-1,"na, asked",TRUE,
046,I,lphya35,binary,no(1),1,no,FALSE,
046,I,lphya35,binary,yes(2),2,yes,FALSE,
046,I,lphya36,categorical,"na, wrong skip(-3)",-3,"na, wrong skip",TRUE,
046,I,lphya36,categorical,"na, see B/C/D/E/B/F/G/H/B/I/JLPHYA35(-2)",-2,"na, see B/C/D/E/B/F/G/H/B/I/JLPHYA35",TRUE,
046,I,lphya36,categorical,"na, asked(-1)",-1,"na, asked",TRUE,
046,I,lphya36,categorical,no(1),1,no,FALSE,
046,I,lphya36,categorical,yes(2),2,yes,FALSE,
046,I,lphya36,categorical,do not know(3),3,do not know,FALSE,
046,I,lphya36,categorical,refusal(4),4,refusal,FALSE,
046,I,lphya37,numeric,"na, wrong skip(-3)",-3,"na, wrong skip",TRUE,
046,I,lphya37,numeric,"na, see B/C/D/E/B/F/G/H/B/I/JLPHYA36(-2)",-2,"na, see B/C/D/E/B/F/G/H/B/I/JLPHYA36",TRUE,
046,I,lphya37,numeric,"na, asked(-1)",-1,"na, asked",TRUE,
046,I,lphya38,numeric,"na, wrong skip(-3)",-3,"na, wrong skip",TRUE,
046,I,lphya38,numeric,"na, see B/C/D/E/B/F/G/H/B/I/JLPHYA36(-2)",-2,"na, see B/C/D/E/B/F/G/H/B/I/JLPHYA36",TRUE,
046,I,lphya38,numeric,"na, asked(-1)",-1,"na, asked",TRUE,
046,I,lphya39,binary,"na, wrong skip(-3)",-3,"na, wrong skip",TRUE,
046,I,lphya39,binary,"na, see B/C/D/E/B/F/G/H/B/I/JLPHYA01(-2)",-2,"na, see B/C/D/E/B/F/G/H/B/I/JLPHYA01",TRUE,
046,I,lphya39,binary,"na, asked(-1)",-1,"na, asked",TRUE,
046,I,lphya39,binary,no(1),1,no,FALSE,
046,I,lphya39,binary,yes(2),2,yes,FALSE,
046,I,lphya40,binary,"na, wrong skip(-3)",-3,"na, wrong skip",TRUE,
046,I,lphya40,binary,"na, see B/C/D/E/B/F/G/H/B/I/JLPHYA39(-2)",-2,"na, see B/C/D/E/B/F/G/H/B/I/JLPHYA39",TRUE,
046,I,lphya40,binary,"na, asked(-1)",-1,"na, asked",TRUE,
046,I,lphya40,binary,not mentioned(0),0,not mentioned,FALSE,
046,I,lphya40,binary,mentioned(1),1,mentioned,FALSE,
046,I,lphya41,binary,"na, wrong skip(-3)",-3,"na, wrong skip",TRUE,
046,I,lphya41,binary,"na, see B/C/D/E/B/F/G/H/B/I/JLPHYA39(-2)",-2,"na, see B/C/D/E/B/F/G/H/B/I/JLPHYA39",TRUE,
046,I,lphya41,binary,"na, asked(-1)",-1,"na, asked",TRUE,
046,I,lphya41,binary,not mentioned(0),0,not mentioned,FALSE,
046,I,lphya41,binary,mentioned(1),1,mentioned,FALSE,
046,I,lphya42,binary,"na, wrong skip(-3)",-3,"na, wrong skip",TRUE,
046,I,lphya42,binary,"na, see B/C/D/E/B/F/G/H/B/I/JLPHYA39(-2)",-2,"na, see B/C/D/E/B/F/G/H/B/I/JLPHYA39",TRUE,
046,I,lphya42,binary,"na, asked(-1)",-1,"na, asked",TRUE,
046,I,lphya42,binary,not mentioned(0),0,not mentioned,FALSE,
046,I,lphya42,binary,mentioned(1),1,mentioned,FALSE,
046,I,lphya43,binary,"na, wrong skip(-3)",-3,"na, wrong skip",TRUE,
046,I,lphya43,binary,"na, see B/C/D/E/B/F/G/H/B/I/JLPHYA39(-2)",-2,"na, see B/C/D/E/B/F/G/H/B/I/JLPHYA39",TRUE,
046,I,lphya43,binary,"na, asked(-1)",-1,"na, asked",TRUE,
046,I,lphya43,binary,not mentioned(0),0,not mentioned,FALSE,
046,I,lphya43,binary,mentioned(1),1,mentioned,FALSE,
046,I,lphya44,binary,"na, wrong skip(-3)",-3,"na, wrong skip",TRUE,
046,I,lphya44,binary,"na, see B/C/D/E/B/F/G/H/B/I/JLPHYA39(-2)",-2,"na, see B/C/D/E/B/F/G/H/B/I/JLPHYA39",TRUE,
046,I,lphya44,binary,"na, asked(-1)",-1,"na, asked",TRUE,
046,I,lphya44,binary,not mentioned(0),0,not mentioned,FALSE,
046,I,lphya44,binary,mentioned(1),1,mentioned,FALSE,
046,I,lphya45,binary,"na, wrong skip(-3)",-3,"na, wrong skip",TRUE,
046,I,lphya45,binary,"na, see F/G/H/B/I/JLPHYA39(-2)",-2,"na, see F/G/H/B/I/JLPHYA39",TRUE,
046,I,lphya45,binary,"na, asked(-1)",-1,"na, asked",TRUE,
046,I,lphya45,binary,not mentioned(0),0,not mentioned,FALSE,
046,I,lphya45,binary,mentioned(1),1,mentioned,FALSE,
046,I,lphya46,ordinal,"na, wrong skip(-3)",-3,"na, wrong skip",TRUE,
046,I,lphya46,ordinal,"na, see F/G/H/B/I/JLPHYA39(-2)",-2,"na, see F/G/H/B/I/JLPHYA39",TRUE,
046,I,lphya46,ordinal,"na, asked(-1)",-1,"na, asked",TRUE,
046,I,lphya46,ordinal,not mentioned(0),0,not mentioned,FALSE,
046,I,lphya46,ordinal,mentioned(1),1,mentioned,FALSE,
046,I,lphya47,binary,"na, wrong skip(-3)",-3,"na, wrong skip",TRUE,
046,I,lphya47,binary,"na, see F/G/H/B/I/JLPHYA39(-2)",-2,"na, see F/G/H/B/I/JLPHYA39",TRUE,
046,I,lphya47,binary,"na, asked(-1)",-1,"na, asked",TRUE,
046,I,lphya47,binary,not mentioned(0),0,not mentioned,FALSE,
046,I,lphya47,binary,mentioned(1),1,mentioned,FALSE,
046,I,lphya48,binary,"na, wrong skip(-3)",-3,"na, wrong skip",TRUE,
046,I,lphya48,binary,"na, see F/G/H/B/I/JLPHYA39(-2)",-2,"na, see F/G/H/B/I/JLPHYA39",TRUE,
046,I,lphya48,binary,"na, asked(-1)",-1,"na, asked",TRUE,
046,I,lphya48,binary,not mentioned(0),0,not mentioned,FALSE,
046,I,lphya48,binary,mentioned(1),1,mentioned,FALSE,
046,I,lphya49,binary,"na, wrong skip(-3)",-3,"na, wrong skip",TRUE,
046,I,lphya49,binary,"na, see F/G/H/B/I/JLPHYA39(-2)",-2,"na, see F/G/H/B/I/JLPHYA39",TRUE,
046,I,lphya49,binary,"na, asked(-1)",-1,"na, asked",TRUE,
046,I,lphya49,binary,not mentioned(0),0,not mentioned,FALSE,
046,I,lphya49,binary,mentioned(1),1,mentioned,FALSE,
046,I,lphya50,ordinal,"na, see F/G/H/B/I/JLPHYA49(-2)",-2,"na, see F/G/H/B/I/JLPHYA49",TRUE,
046,I,lphya50,ordinal,visit from friend/family(1),1,visit from friend/family,FALSE,
046,I,lphya50,ordinal,positive activities(2),2,positive activities,FALSE,
046,I,lphya50,ordinal,illness partner(3),3,illness partner,FALSE,
046,I,lphya50,ordinal,good weather(4),4,good weather,FALSE,
046,I,lphya50,ordinal,death partner(5),5,death partner,FALSE,
046,I,lphya50,ordinal,business-trip(6),6,business-trip,FALSE,
046,I,lphya50,ordinal,removal/moved(7),7,removal/moved,FALSE,
046,I,lphya50,ordinal,spring cleaning(8),8,spring cleaning,FALSE,
046,I,lphya50,ordinal,rebuilding(9),9,rebuilding,FALSE,
046,I,lphya50,ordinal,other(10),10,other,FALSE,
046,I,lphyasp,binary,"na, wrong skip(-3)",-3,"na, wrong skip",TRUE,
046,I,lphyasp,binary,"na, see H/B/I/JLPHYA01(-2)",-2,"na, see H/B/I/JLPHYA01",TRUE,
046,I,lphyasp,binary,"na, asked(-1)",-1,"na, asked",TRUE,
046,I,lphyasp,binary,no(1),1,no,FALSE,
046,I,lphyasp,binary,yes(2),2,yes,FALSE,
046,J,lphya01,categorical,"na, interview terminated(-5)",-5,"na, interview terminated",TRUE,
046,J,lphya01,categorical,"na, short interview(-4)",-4,"na, short interview",TRUE,
046,J,lphya01,categorical,"na, (from wave h: not done,) wrong skip(-3)",-3,"not done, wrong skip",TRUE,
046,J,lphya01,categorical,"na, asked(-1)",-1,"na, asked",TRUE,
046,J,lphya01,categorical,respondent bedridden(1),1,respondent bedridden,FALSE,
046,J,lphya01,categorical,respondent in elec. wheelchair(2),2,respondent in elec. wheelchair,FALSE,
046,J,lphya01,categorical,respondent in mech. wheelchair(3),3,respondent in mech. wheelchair,FALSE,
046,J,lphya01,categorical,"not 1, 2 or 3(4)",4,"not 1, 2 or 3",FALSE,
046,J,lphya02,binary,"na, wrong skip(-3)",-3,"na, wrong skip",TRUE,
046,J,lphya02,binary,"na, see B/C/D/E/B/F/G/H/B/I/JLPHYA01(-2)",-2,"na, see B/C/D/E/B/F/G/H/B/I/JLPHYA01",TRUE,
046,J,lphya02,binary,"na, asked(-1)",-1,"na, asked",TRUE,
046,J,lphya02,binary,no(1),1,no,FALSE,
046,J,lphya02,binary,yes(2),2,yes,FALSE,
046,J,lphya03,binary,"na, wrong skip(-3)",-3,"na, wrong skip",TRUE,
046,J,lphya03,binary,"na, see B/C/D/E/B/F/G/H/B/I/JLPHYA02(-2)",-2,"na, see B/C/D/E/B/F/G/H/B/I/JLPHYA02",TRUE,
046,J,lphya03,binary,"na, asked(-1)",-1,"na, asked",TRUE,
046,J,lphya03,binary,no(1),1,no,FALSE,
046,J,lphya03,binary,yes(2),2,yes,FALSE,
046,J,lphya04,numeric,"na, wrong skip(-3)",-3,"na, wrong skip",TRUE,
046,J,lphya04,numeric,"na, see B/C/D/E/B/F/G/H/B/I/JLPHYA03(-2)",-2,"na, see B/C/D/E/B/F/G/H/B/I/JLPHYA03",TRUE,
046,J,lphya04,numeric,"na, asked(-1)",-1,"na, asked",TRUE,
046,J,lphya05,numeric,"na, wrong skip(-3)",-3,"na, wrong skip",TRUE,
046,J,lphya05,numeric,"na, see B/C/D/E/B/F/G/H/B/I/JLPHYA03(-2)",-2,"na, see B/C/D/E/B/F/G/H/B/I/JLPHYA03",TRUE,
046,J,lphya05,numeric,"na, asked(-1)",-1,"na, asked",TRUE,
046,J,lphya06,binary,"na, wrong skip(-3)",-3,"na, wrong skip",TRUE,
046,J,lphya06,binary,"na, see B/C/D/E/B/F/G/H/B/I/JLPHYA01(-2)",-2,"na, see B/C/D/E/B/F/G/H/B/I/JLPHYA01",TRUE,
046,J,lphya06,binary,"na, asked(-1)",-1,"na, asked",TRUE,
046,J,lphya06,binary,no(1),1,no,FALSE,
046,J,lphya06,binary,yes(2),2,yes,FALSE,
046,J,lphya07,binary,"na, wrong skip(-3)",-3,"na, wrong skip",TRUE,
046,J,lphya07,binary,"na, see B/C/D/E/B/F/G/H/B/I/JLPHYA06(-2)",-2,"na, see B/C/D/E/B/F/G/H/B/I/JLPHYA06",TRUE,
046,J,lphya07,binary,"na, asked(-1)",-1,"na, asked",TRUE,
046,J,lphya07,binary,no(1),1,no,FALSE,
046,J,lphya07,binary,yes(2),2,yes,FALSE,
046,J,lphya08,numeric,"na, wrong skip(-3)",-3,"na, wrong skip",TRUE,
046,J,lphya08,numeric,"na, see B/C/D/E/B/F/G/H/B/I/JLPHYA07(-2)",-2,"na, see B/C/D/E/B/F/G/H/B/I/JLPHYA07",TRUE,
046,J,lphya08,numeric,"na, asked(-1)",-1,"na, asked",TRUE,
046,J,lphya09,numeric,"na, wrong skip(-3)",-3,"na, wrong skip",TRUE,
046,J,lphya09,numeric,"na, see B/C/D/E/B/F/G/H/B/I/JLPHYA07(-2)",-2,"na, see B/C/D/E/B/F/G/H/B/I/JLPHYA07",TRUE,
046,J,lphya09,numeric,"na, asked(-1)",-1,"na, asked",TRUE,
046,J,lphya10,binary,"na, wrong skip(-3)",-3,"na, wrong skip",TRUE,
046,J,lphya10,binary,"na, see B/C/D/E/B/F/G/H/B/I/JLPHYA01(-2)",-2,"na, see B/C/D/E/B/F/G/H/B/I/JLPHYA01",TRUE,
046,J,lphya10,binary,"na, asked(-1)",-1,"na, asked",TRUE,
046,J,lphya10,binary,no(1),1,no,FALSE,
046,J,lphya10,binary,yes(2),2,yes,FALSE,
046,J,lphya11,binary,"na, wrong skip(-3)",-3,"na, wrong skip",TRUE,
046,J,lphya11,binary,"na, see B/C/D/E/B/F/G/H/B/I/JLPHYA10(-2)",-2,"na, see B/C/D/E/B/F/G/H/B/I/JLPHYA10",TRUE,
046,J,lphya11,binary,"na, asked(-1)",-1,"na, asked",TRUE,
046,J,lphya11,binary,no(1),1,no,FALSE,
046,J,lphya11,binary,yes(2),2,yes,FALSE,
046,J,lphya12,numeric,"na, wrong skip(-3)",-3,"na, wrong skip",TRUE,
046,J,lphya12,numeric,"na, see B/C/D/E/B/F/G/H/B/I/JLPHYA11(-2)",-2,"na, see B/C/D/E/B/F/G/H/B/I/JLPHYA11",TRUE,
046,J,lphya12,numeric,"na, asked(-1)",-1,"na, asked",TRUE,
046,J,lphya13,numeric,"na, wrong skip(-3)",-3,"na, wrong skip",TRUE,
046,J,lphya13,numeric,"na, see B/C/D/E/B/F/G/H/B/I/JLPHYA11(-2)",-2,"na, see B/C/D/E/B/F/G/H/B/I/JLPHYA11",TRUE,
046,J,lphya13,numeric,"na, asked(-1)",-1,"na, asked",TRUE,
046,J,lphya15,binary,"na, wrong skip(-3)",-3,"na, wrong skip",TRUE,
046,J,lphya15,binary,"na, see B/C/D/E/B/F/G/H/BLPHYA14(-2)",-2,"na, see B/C/D/E/B/F/G/H/BLPHYA14",TRUE,
046,J,lphya15,binary,"na, asked(-1)",-1,"na, asked",TRUE,
046,J,lphya15,binary,no(1),1,no,FALSE,
046,J,lphya15,binary,yes(2),2,yes,FALSE,
046,J,lphya17,binary,"na, wrong skip(-3)",-3,"na, wrong skip",TRUE,
046,J,lphya17,binary,"na, see B/C/D/E/B/F/G/H/B/I/JLPHYA15(-2)",-2,"na, see B/C/D/E/B/F/G/H/B/I/JLPHYA15",TRUE,
046,J,lphya17,binary,"na, asked(-1)",-1,"na, asked",TRUE,
046,J,lphya17,binary,no(1),1,no,FALSE,
046,J,lphya17,binary,yes(2),2,yes,FALSE,
046,J,lphya18,numeric,"na, wrong skip(-3)",-3,"na, wrong skip",TRUE,
046,J,lphya18,numeric,"na, see B/C/D/E/B/F/G/H/B/I/JLPHYA17(-2)",-2,"na, see B/C/D/E/B/F/G/H/B/I/JLPHYA17",TRUE,
046,J,lphya18,numeric,"na, asked(-1)",-1,"na, asked",TRUE,
046,J,lphya19,numeric,"na, wrong skip(-3)",-3,"na, wrong skip",TRUE,
046,J,lphya19,numeric,"na, see B/C/D/E/B/F/G/H/B/I/JLPHYA17(-2)",-2,"na, see B/C/D/E/B/F/G/H/B/I/JLPHYA17",TRUE,
046,J,lphya19,numeric,"na, asked(-1)",-1,"na, asked",TRUE,
046,J,lphya21,binary,"na, wrong skip(-3)",-3,"na, wrong skip",TRUE,
046,J,lphya21,binary,"na, see H/B/I/JLPHYASP(-2)",-2,"na, see H/B/I/JLPHYASP",TRUE,
046,J,lphya21,binary,"na, asked(-1)",-1,"na, asked",TRUE,
046,J,lphya21,binary,no(1),1,no,FALSE,
046,J,lphya21,binary,yes(2),2,yes,FALSE,
046,J,lphya22,categorical,"na, wrong skip(-3)",-3,"na, wrong skip",TRUE,
046,J,lphya22,categorical,"na, see H/B/I/JLPHYA21(-2)",-2,"na, see H/B/I/JLPHYA21",TRUE,
046,J,lphya22,categorical,"na, asked(-1)",-1,"na, asked",TRUE,
046,J,lphya22,categorical,see Table Activities and sports -> walking / hiking: long distance hiking(11),11,walking / hiking: long distance hiking,FALSE,
046,J,lphya22,categorical,see Table Activities and sports -> walking / hiking: nordic walking(12),12,walking / hiking: nordic walking,FALSE,
046,J,lphya22,categorical,see Table Activities and sports -> walking / hiking: speed walking(13),13,walking / hiking: speed walking,FALSE,
046,J,lphya22,categorical,see Table Activities and sports -> cycling: long distance cycling(21),21,cycling: long distance cycling,FALSE,
046,J,lphya22,categorical,see Table Activities and sports -> cycling: cycle racing / spinning / mountain biking(22),22,cycling: cycle racing / spinning / mountain biking,FALSE,
046,J,lphya22,categorical,see Table Activities and sports -> cycling: treadmill at home / cycle ergometer at home(23),23,cycling: treadmill at home / cycle ergometer at home,FALSE,
046,J,lphya22,categorical,see Table Activities and sports -> gymnastics and fitness: gymnastics / exercising at home(31),31,gymnastics and fitness: gymnastics / exercising at home,FALSE,
046,J,lphya22,categorical,see Table Activities and sports -> gymnastics and fitness: fitness / physiotherapy training / strength training / gyrotonics(32),32,gymnastics and fitness: fitness / physiotherapy training / strength training / gyrotonics,FALSE,
046,J,lphya22,categorical,see Table Activities and sports -> gymnastics and fitness: yoga / tai chi / qi gong / healing tao(33),33,gymnastics and fitness: yoga / tai chi / qi gong / healing tao,FALSE,
046,J,lphya22,categorical,see Table Activities and sports -> gymnastics and fitness: endurance training(34),34,gymnastics and fitness: endurance training,FALSE,
046,J,lphya22,categorical,see Table Activities and sports -> swimming: swimming(41),41,swimming: swimming,FALSE,
046,J,lphya22,categorical,see Table Activities and sports -> swimming: aqua gym / aqua jogging(42),42,swimming: aqua gym / aqua jogging,FALSE,
046,J,lphya22,categorical,see Table Activities and sports -> racket sports: tennis(51),51,racket sports: tennis,FALSE,
046,J,lphya22,categorical,see Table Activities and sports -> racket sports: table tennis(52),52,racket sports: table tennis,FALSE,
046,J,lphya22,categorical,see Table Activities and sports -> racket sports: squash(53),53,racket sports: squash,FALSE,
046,J,lphya22,categorical,see Table Activities and sports -> racket sports: badminton(54),54,racket sports: badminton,FALSE,
046,J,lphya22,categorical,see Table Activities and sports -> running: running / jogging(61),61,running: running / jogging,FALSE,
046,J,lphya22,categorical,see Table Activities and sports -> water sports: rowing(71),71,water sports: rowing,FALSE,
046,J,lphya22,categorical,see Table Activities and sports -> water sports: sailing(72),72,water sports: sailing,FALSE,
046,J,lphya22,categorical,see Table Activities and sports -> water sports: canoeing(73),73,water sports: canoeing,FALSE,
046,J,lphya22,categorical,see Table Activities and sports -> ball sports: soccer(81),81,ball sports: soccer,FALSE,
046,J,lphya22,categorical,see Table Activities and sports -> ball sports: futsal(82),82,ball sports: futsal,FALSE,
046,J,lphya22,categorical,see Table Activities and sports -> ball sports: hockey(83),83,ball sports: hockey,FALSE,
046,J,lphya22,categorical,see Table Activities and sports -> ball sports: volleyball(84),84,ball sports: volleyball,FALSE,
046,J,lphya22,categorical,see Table Activities and sports -> ball sports: basketball(85),85,ball sports: basketball,FALSE,
046,J,lphya22,categorical,see Table Activities and sports -> ball sports: baseball / softball(86),86,ball sports: baseball / softball,FALSE,
046,J,lphya22,categorical,see Table Activities and sports -> ball sports: golf / ball throwing game(87),87,ball sports: golf / ball throwing game,FALSE,
046,J,lphya22,categorical,see Table Activities and sports -> ball sports: bowling / skittles / lawn bowling / kolf / bowls(88),88,ball sports: bowling / skittles / lawn bowling / kolf / bowls,FALSE,
046,J,lphya22,categorical,see Table Activities and sports -> winter sports: skiing(91),91,winter sports: skiing,FALSE,
046,J,lphya22,categorical,see Table Activities and sports -> winter sports: cross country skiing(92),92,winter sports: cross country skiing,FALSE,
046,J,lphya22,categorical,see Table Activities and sports -> winter sports: ice skating(93),93,winter sports: ice skating,FALSE,
046,J,lphya22,categorical,see Table Activities and sports -> animal sports: horse riding(101),101,animal sports: horse riding,FALSE,
046,J,lphya22,categorical,see Table Activities and sports -> animal sports: fishing / pigeon racing(102),102,animal sports: fishing / pigeon racing,FALSE,
046,J,lphya22,categorical,see Table Activities and sports -> animal sports: dog training / horse carriage driving(103),103,animal sports: dog training / horse carriage driving,FALSE,
046,J,lphya22,categorical,see Table Activities and sports -> other sports: climbing(111),111,other sports: climbing,FALSE,
046,J,lphya22,categorical,see Table Activities and sports -> other sports: billiards / darts(112),112,other sports: billiards / darts,FALSE,
046,J,lphya22,categorical,see Table Activities and sports -> other sports: (folk) dancing(113),113,other sports: (folk) dancing,FALSE,
046,J,lphya22,categorical,see Table Activities and sports -> other sports: other(114),114,other sports: other,FALSE,
046,J,lphya23,numeric,"na, wrong skip(-3)",-3,"na, wrong skip",TRUE,
046,J,lphya23,numeric,"na, see B/C/D/E/B/F/G/H/B/I/JLPHYA21(-2)",-2,"na, see B/C/D/E/B/F/G/H/B/I/JLPHYA21",TRUE,
046,J,lphya23,numeric,"na, asked(-1)",-1,"na, asked",TRUE,
046,J,lphya24,numeric,"na, wrong skip(-3)",-3,"na, wrong skip",TRUE,
046,J,lphya24,numeric,"na, see B/C/D/E/B/F/G/H/B/I/JLPHYA23(-2)",-2,"na, see B/C/D/E/B/F/G/H/B/I/JLPHYA23",TRUE,
046,J,lphya24,numeric,"na, asked(-1)",-1,"na, asked",TRUE,
046,J,lphya25,binary,"na, wrong skip(-3)",-3,"na, wrong skip",TRUE,
046,J,lphya25,binary,"na, see B/C/D/E/B/F/G/H/B/I/JLPHYA21(-2)",-2,"na, see B/C/D/E/B/F/G/H/B/I/JLPHYA21",TRUE,
046,J,lphya25,binary,"na, asked(-1)",-1,"na, asked",TRUE,
046,J,lphya25,binary,no(1),1,no,FALSE,
046,J,lphya25,binary,yes(2),2,yes,FALSE,
046,J,lphya26,categorical,"na, wrong skip(-3)",-3,"na, wrong skip",TRUE,
046,J,lphya26,categorical,"na, see H/B/I/JLPHYA25(-2)",-2,"na, see H/B/I/JLPHYA25",TRUE,
046,J,lphya26,categorical,"na, asked(-1)",-1,"na, asked",TRUE,
046,J,lphya26,categorical,see Table Activities and sports -> walking / hiking: long distance hiking(11),11,walking / hiking: long distance hiking,FALSE,
046,J,lphya26,categorical,see Table Activities and sports -> walking / hiking: nordic walking(12),12,walking / hiking: nordic walking,FALSE,
046,J,lphya26,categorical,see Table Activities and sports -> walking / hiking: speed walking(13),13,walking / hiking: speed walking,FALSE,
046,J,lphya26,categorical,see Table Activities and sports -> cycling: long distance cycling(21),21,cycling: long distance cycling,FALSE,
046,J,lphya26,categorical,see Table Activities and sports -> cycling: cycle racing / spinning / mountain biking(22),22,cycling: cycle racing / spinning / mountain biking,FALSE,
046,J,lphya26,categorical,see Table Activities and sports -> cycling: treadmill at home / cycle ergometer at home(23),23,cycling: treadmill at home / cycle ergometer at home,FALSE,
046,J,lphya26,categorical,see Table Activities and sports -> gymnastics and fitness: gymnastics / exercising at home(31),31,gymnastics and fitness: gymnastics / exercising at home,FALSE,
046,J,lphya26,categorical,see Table Activities and sports -> gymnastics and fitness: fitness / physiotherapy training / strength training / gyrotonics(32),32,gymnastics and fitness: fitness / physiotherapy training / strength training / gyrotonics,FALSE,
046,J,lphya26,categorical,see Table Activities and sports -> gymnastics and fitness: yoga / tai chi / qi gong / healing tao(33),33,gymnastics and fitness: yoga / tai chi / qi gong / healing tao,FALSE,
046,J,lphya26,categorical,see Table Activities and sports -> gymnastics and fitness: endurance training(34),34,gymnastics and fitness: endurance training,FALSE,
046,J,lphya26,categorical,see Table Activities and sports -> swimming: swimming(41),41,swimming: swimming,FALSE,
046,J,lphya26,categorical,see Table Activities and sports -> swimming: aqua gym / aqua jogging(42),42,swimming: aqua gym / aqua jogging,FALSE,
046,J,lphya26,categorical,see Table Activities and sports -> racket sports: tennis(51),51,racket sports: tennis,FALSE,
046,J,lphya26,categorical,see Table Activities and sports -> racket sports: table tennis(52),52,racket sports: table tennis,FALSE,
046,J,lphya26,categorical,see Table Activities and sports -> racket sports: squash(53),53,racket sports: squash,FALSE,
046,J,lphya26,categorical,see Table Activities and sports -> racket sports: badminton(54),54,racket sports: badminton,FALSE,
046,J,lphya26,categorical,see Table Activities and sports -> running: running / jogging(61),61,running: running / jogging,FALSE,
046,J,lphya26,categorical,see Table Activities and sports -> water sports: rowing(71),71,water sports: rowing,FALSE,
046,J,lphya26,categorical,see Table Activities and sports -> water sports: sailing(72),72,water sports: sailing,FALSE,
046,J,lphya26,categorical,see Table Activities and sports -> water sports: canoeing(73),73,water sports: canoeing,FALSE,
046,J,lphya26,categorical,see Table Activities and sports -> ball sports: soccer(81),81,ball sports: soccer,FALSE,
046,J,lphya26,categorical,see Table Activities and sports -> ball sports: futsal(82),82,ball sports: futsal,FALSE,
046,J,lphya26,categorical,see Table Activities and sports -> ball sports: hockey(83),83,ball sports: hockey,FALSE,
046,J,lphya26,categorical,see Table Activities and sports -> ball sports: volleyball(84),84,ball sports: volleyball,FALSE,
046,J,lphya26,categorical,see Table Activities and sports -> ball sports: basketball(85),85,ball sports: basketball,FALSE,
046,J,lphya26,categorical,see Table Activities and sports -> ball sports: baseball / softball(86),86,ball sports: baseball / softball,FALSE,
046,J,lphya26,categorical,see Table Activities and sports -> ball sports: golf / ball throwing game(87),87,ball sports: golf / ball throwing game,FALSE,
046,J,lphya26,categorical,see Table Activities and sports -> ball sports: bowling / skittles / lawn bowling / kolf / bowls(88),88,ball sports: bowling / skittles / lawn bowling / kolf / bowls,FALSE,
046,J,lphya26,categorical,see Table Activities and sports -> winter sports: skiing(91),91,winter sports: skiing,FALSE,
046,J,lphya26,categorical,see Table Activities and sports -> winter sports: cross country skiing(92),92,winter sports: cross country skiing,FALSE,
046,J,lphya26,categorical,see Table Activities and sports -> winter sports: ice skating(93),93,winter sports: ice skating,FALSE,
046,J,lphya26,categorical,see Table Activities and sports -> animal sports: horse riding(101),101,animal sports: horse riding,FALSE,
046,J,lphya26,categorical,see Table Activities and sports -> animal sports: fishing / pigeon racing(102),102,animal sports: fishing / pigeon racing,FALSE,
046,J,lphya26,categorical,see Table Activities and sports -> animal sports: dog training / horse carriage driving(103),103,animal sports: dog training / horse carriage driving,FALSE,
046,J,lphya26,categorical,see Table Activities and sports -> other sports: climbing(111),111,other sports: climbing,FALSE,
046,J,lphya26,categorical,see Table Activities and sports -> other sports: billiards / darts(112),112,other sports: billiards / darts,FALSE,
046,J,lphya26,categorical,see Table Activities and sports -> other sports: (folk) dancing(113),113,other sports: (folk) dancing,FALSE,
046,J,lphya26,categorical,see Table Activities and sports -> other sports: other(114),114,other sports: other,FALSE,
046,J,lphya27,numeric,"na, wrong skip(-3)",-3,"na, wrong skip",TRUE,
046,J,lphya27,numeric,"na, see B/C/D/E/B/F/G/H/B/I/JLPHYA25(-2)",-2,"na, see B/C/D/E/B/F/G/H/B/I/JLPHYA25",TRUE,
046,J,lphya27,numeric,"na, asked(-1)",-1,"na, asked",TRUE,
046,J,lphya28,numeric,"na, wrong skip(-3)",-3,"na, wrong skip",TRUE,
046,J,lphya28,numeric,"na, see B/C/D/E/B/F/G/H/B/I/JLPHYA27(-2)",-2,"na, see B/C/D/E/B/F/G/H/B/I/JLPHYA27",TRUE,
046,J,lphya28,numeric,"na, asked(-1)",-1,"na, asked",TRUE,
046,J,lphya31,binary,"na, wrong skip(-3)",-3,"na, wrong skip",TRUE,
046,J,lphya31,binary,"na, see B/C/D/E/B/F/G/H/B/I/JLPHYA01(-2)",-2,"na, see B/C/D/E/B/F/G/H/B/I/JLPHYA01",TRUE,
046,J,lphya31,binary,"na, asked(-1)",-1,"na, asked",TRUE,
046,J,lphya31,binary,no(1),1,no,FALSE,
046,J,lphya31,binary,yes(2),2,yes,FALSE,
046,J,lphya32,categorical,"na, wrong skip(-3)",-3,"na, wrong skip",TRUE,
046,J,lphya32,categorical,"na, see B/C/D/E/B/F/G/H/B/I/JLPHYA31(-2)",-2,"na, see B/C/D/E/B/F/G/H/B/I/JLPHYA31",TRUE,
046,J,lphya32,categorical,"na, asked(-1)",-1,"na, asked",TRUE,
046,J,lphya32,categorical,no(1),1,no,FALSE,
046,J,lphya32,categorical,yes(2),2,yes,FALSE,
046,J,lphya32,categorical,do not know(3),3,do not know,FALSE,
046,J,lphya32,categorical,refusal(4),4,refusal,FALSE,
046,J,lphya33,numeric,"na, wrong skip(-3)",-3,"na, wrong skip",TRUE,
046,J,lphya33,numeric,"na, see B/C/D/E/B/F/G/H/B/I/JLPHYA32(-2)",-2,"na, see B/C/D/E/B/F/G/H/B/I/JLPHYA32",TRUE,
046,J,lphya33,numeric,"na, asked(-1)",-1,"na, asked",TRUE,
046,J,lphya34,numeric,"na, wrong skip(-3)",-3,"na, wrong skip",TRUE,
046,J,lphya34,numeric,"na, see B/C/D/E/B/F/G/H/B/I/JLPHYA32(-2)",-2,"na, see B/C/D/E/B/F/G/H/B/I/JLPHYA32",TRUE,
046,J,lphya34,numeric,"na, asked(-1)",-1,"na, asked",TRUE,
046,J,lphya35,binary,"na, wrong skip(-3)",-3,"na, wrong skip",TRUE,
046,J,lphya35,binary,"na, see B/C/D/E/B/F/G/H/B/I/JLPHYA01(-2)",-2,"na, see B/C/D/E/B/F/G/H/B/I/JLPHYA01",TRUE,
046,J,lphya35,binary,"na, asked(-1)",-1,"na, asked",TRUE,
046,J,lphya35,binary,no(1),1,no,FALSE,
046,J,lphya35,binary,yes(2),2,yes,FALSE,
046,J,lphya36,categorical,"na, wrong skip(-3)",-3,"na, wrong skip",TRUE,
046,J,lphya36,categorical,"na, see B/C/D/E/B/F/G/H/B/I/JLPHYA35(-2)",-2,"na, see B/C/D/E/B/F/G/H/B/I/JLPHYA35",TRUE,
046,J,lphya36,categorical,"na, asked(-1)",-1,"na, asked",TRUE,
046,J,lphya36,categorical,no(1),1,no,FALSE,
046,J,lphya36,categorical,yes(2),2,yes,FALSE,
046,J,lphya36,categorical,do not know(3),3,do not know,FALSE,
046,J,lphya36,categorical,refusal(4),4,refusal,FALSE,
046,J,lphya37,numeric,"na, wrong skip(-3)",-3,"na, wrong skip",TRUE,
046,J,lphya37,numeric,"na, see B/C/D/E/B/F/G/H/B/I/JLPHYA36(-2)",-2,"na, see B/C/D/E/B/F/G/H/B/I/JLPHYA36",TRUE,
046,J,lphya37,numeric,"na, asked(-1)",-1,"na, asked",TRUE,
046,J,lphya38,numeric,"na, wrong skip(-3)",-3,"na, wrong skip",TRUE,
046,J,lphya38,numeric,"na, see B/C/D/E/B/F/G/H/B/I/JLPHYA36(-2)",-2,"na, see B/C/D/E/B/F/G/H/B/I/JLPHYA36",TRUE,
046,J,lphya38,numeric,"na, asked(-1)",-1,"na, asked",TRUE,
046,J,lphya39,binary,"na, wrong skip(-3)",-3,"na, wrong skip",TRUE,
046,J,lphya39,binary,"na, see B/C/D/E/B/F/G/H/B/I/JLPHYA01(-2)",-2,"na, see B/C/D/E/B/F/G/H/B/I/JLPHYA01",TRUE,
046,J,lphya39,binary,"na, asked(-1)",-1,"na, asked",TRUE,
046,J,lphya39,binary,no(1),1,no,FALSE,
046,J,lphya39,binary,yes(2),2,yes,FALSE,
046,J,lphya40,binary,"na, wrong skip(-3)",-3,"na, wrong skip",TRUE,
046,J,lphya40,binary,"na, see B/C/D/E/B/F/G/H/B/I/JLPHYA39(-2)",-2,"na, see B/C/D/E/B/F/G/H/B/I/JLPHYA39",TRUE,
046,J,lphya40,binary,"na, asked(-1)",-1,"na, asked",TRUE,
046,J,lphya40,binary,not mentioned(0),0,not mentioned,FALSE,
046,J,lphya40,binary,mentioned(1),1,mentioned,FALSE,
046,J,lphya41,binary,"na, wrong skip(-3)",-3,"na, wrong skip",TRUE,
046,J,lphya41,binary,"na, see B/C/D/E/B/F/G/H/B/I/JLPHYA39(-2)",-2,"na, see B/C/D/E/B/F/G/H/B/I/JLPHYA39",TRUE,
046,J,lphya41,binary,"na, asked(-1)",-1,"na, asked",TRUE,
046,J,lphya41,binary,not mentioned(0),0,not mentioned,FALSE,
046,J,lphya41,binary,mentioned(1),1,mentioned,FALSE,
046,J,lphya42,binary,"na, wrong skip(-3)",-3,"na, wrong skip",TRUE,
046,J,lphya42,binary,"na, see B/C/D/E/B/F/G/H/B/I/JLPHYA39(-2)",-2,"na, see B/C/D/E/B/F/G/H/B/I/JLPHYA39",TRUE,
046,J,lphya42,binary,"na, asked(-1)",-1,"na, asked",TRUE,
046,J,lphya42,binary,not mentioned(0),0,not mentioned,FALSE,
046,J,lphya42,binary,mentioned(1),1,mentioned,FALSE,
046,J,lphya43,binary,"na, wrong skip(-3)",-3,"na, wrong skip",TRUE,
046,J,lphya43,binary,"na, see B/C/D/E/B/F/G/H/B/I/JLPHYA39(-2)",-2,"na, see B/C/D/E/B/F/G/H/B/I/JLPHYA39",TRUE,
046,J,lphya43,binary,"na, asked(-1)",-1,"na, asked",TRUE,
046,J,lphya43,binary,not mentioned(0),0,not mentioned,FALSE,
046,J,lphya43,binary,mentioned(1),1,mentioned,FALSE,
046,J,lphya44,binary,"na, wrong skip(-3)",-3,"na, wrong skip",TRUE,
046,J,lphya44,binary,"na, see B/C/D/E/B/F/G/H/B/I/JLPHYA39(-2)",-2,"na, see B/C/D/E/B/F/G/H/B/I/JLPHYA39",TRUE,
046,J,lphya44,binary,"na, asked(-1)",-1,"na, asked",TRUE,
046,J,lphya44,binary,not mentioned(0),0,not mentioned,FALSE,
046,J,lphya44,binary,mentioned(1),1,mentioned,FALSE,
046,J,lphya45,binary,"na, wrong skip(-3)",-3,"na, wrong skip",TRUE,
046,J,lphya45,binary,"na, see F/G/H/B/I/JLPHYA39(-2)",-2,"na, see F/G/H/B/I/JLPHYA39",TRUE,
046,J,lphya45,binary,"na, asked(-1)",-1,"na, asked",TRUE,
046,J,lphya45,binary,not mentioned(0),0,not mentioned,FALSE,
046,J,lphya45,binary,mentioned(1),1,mentioned,FALSE,
046,J,lphya46,ordinal,"na, wrong skip(-3)",-3,"na, wrong skip",TRUE,
046,J,lphya46,ordinal,"na, see F/G/H/B/I/JLPHYA39(-2)",-2,"na, see F/G/H/B/I/JLPHYA39",TRUE,
046,J,lphya46,ordinal,"na, asked(-1)",-1,"na, asked",TRUE,
046,J,lphya46,ordinal,not mentioned(0),0,not mentioned,FALSE,
046,J,lphya46,ordinal,mentioned(1),1,mentioned,FALSE,
046,J,lphya47,binary,"na, wrong skip(-3)",-3,"na, wrong skip",TRUE,
046,J,lphya47,binary,"na, see F/G/H/B/I/JLPHYA39(-2)",-2,"na, see F/G/H/B/I/JLPHYA39",TRUE,
046,J,lphya47,binary,"na, asked(-1)",-1,"na, asked",TRUE,
046,J,lphya47,binary,not mentioned(0),0,not mentioned,FALSE,
046,J,lphya47,binary,mentioned(1),1,mentioned,FALSE,
046,J,lphya48,binary,"na, wrong skip(-3)",-3,"na, wrong skip",TRUE,
046,J,lphya48,binary,"na, see F/G/H/B/I/JLPHYA39(-2)",-2,"na, see F/G/H/B/I/JLPHYA39",TRUE,
046,J,lphya48,binary,"na, asked(-1)",-1,"na, asked",TRUE,
046,J,lphya48,binary,not mentioned(0),0,not mentioned,FALSE,
046,J,lphya48,binary,mentioned(1),1,mentioned,FALSE,
046,J,lphya49,binary,"na, wrong skip(-3)",-3,"na, wrong skip",TRUE,
046,J,lphya49,binary,"na, see F/G/H/B/I/JLPHYA39(-2)",-2,"na, see F/G/H/B/I/JLPHYA39",TRUE,
046,J,lphya49,binary,"na, asked(-1)",-1,"na, asked",TRUE,
046,J,lphya49,binary,not mentioned(0),0,not mentioned,FALSE,
046,J,lphya49,binary,mentioned(1),1,mentioned,FALSE,
046,J,lphya50,ordinal,"na, see F/G/H/B/I/JLPHYA49(-2)",-2,"na, see F/G/H/B/I/JLPHYA49",TRUE,
046,J,lphya50,ordinal,visit from friend/family(1),1,visit from friend/family,FALSE,
046,J,lphya50,ordinal,positive activities(2),2,positive activities,FALSE,
046,J,lphya50,ordinal,illness partner(3),3,illness partner,FALSE,
046,J,lphya50,ordinal,good weather(4),4,good weather,FALSE,
046,J,lphya50,ordinal,death partner(5),5,death partner,FALSE,
046,J,lphya50,ordinal,business-trip(6),6,business-trip,FALSE,
046,J,lphya50,ordinal,removal/moved(7),7,removal/moved,FALSE,
046,J,lphya50,ordinal,spring cleaning(8),8,spring cleaning,FALSE,
046,J,lphya50,ordinal,rebuilding(9),9,rebuilding,FALSE,
046,J,lphya50,ordinal,other(10),10,other,FALSE,
046,J,lphyasp,binary,"na, wrong skip(-3)",-3,"na, wrong skip",TRUE,
046,J,lphyasp,binary,"na, see H/B/I/JLPHYA01(-2)",-2,"na, see H/B/I/JLPHYA01",TRUE,
046,J,lphyasp,binary,"na, asked(-1)",-1,"na, asked",TRUE,
046,J,lphyasp,binary,no(1),1,no,FALSE,
046,J,lphyasp,binary,yes(2),2,yes,FALSE,
046,Z,lphya01,categorical,-5,-5,"not available, interview terminated",TRUE,
046,Z,lphya01,categorical,-4,-4,"not available, short interview",TRUE,
046,Z,lphya01,categorical,-3,-3,coding category -3,TRUE,"Cross-wave coding conflict: -3 differs for B/C/D/E/2B/F/G (not available, wrong skip), H/3B/I/J (not done, wrong skip)"
046,Z,lphya01,categorical,-1,-1,"not available, asked",TRUE,
046,Z,lphya01,categorical,1,1,respondent bedridden,FALSE,
046,Z,lphya01,categorical,2,2,respondent in elec. wheelchair,FALSE,
046,Z,lphya01,categorical,3,3,respondent in mech. wheelchair,FALSE,
046,Z,lphya01,categorical,4,4,"not 1, 2 or 3",FALSE,
046,Z,lphya02,binary,-3,-3,"not available, wrong skip",TRUE,
046,Z,lphya02,binary,-2,-2,"not available, routing",TRUE,
046,Z,lphya02,binary,-1,-1,"not available, asked",TRUE,
046,Z,lphya02,binary,1,1,no,FALSE,
046,Z,lphya02,binary,2,2,yes,FALSE,
046,Z,lphya03,binary,-3,-3,"not available, wrong skip",TRUE,
046,Z,lphya03,binary,-2,-2,"not available, routing",TRUE,
046,Z,lphya03,binary,-1,-1,"not available, asked",TRUE,
046,Z,lphya03,binary,1,1,no,FALSE,
046,Z,lphya03,binary,2,2,yes,FALSE,
046,Z,lphya04,numeric,-3,-3,"not available, wrong skip",TRUE,
046,Z,lphya04,numeric,-2,-2,"not available, routing",TRUE,
046,Z,lphya04,numeric,-1,-1,"not available, asked",TRUE,
046,Z,lphya05,numeric,-3,-3,"not available, wrong skip",TRUE,
046,Z,lphya05,numeric,-2,-2,"not available, routing",TRUE,
046,Z,lphya05,numeric,-1,-1,"not available, asked",TRUE,
046,Z,lphya06,binary,-3,-3,"not available, wrong skip",TRUE,
046,Z,lphya06,binary,-2,-2,"not available, routing",TRUE,
046,Z,lphya06,binary,-1,-1,"not available, asked",TRUE,
046,Z,lphya06,binary,1,1,no,FALSE,
046,Z,lphya06,binary,2,2,yes,FALSE,
046,Z,lphya07,binary,-5,-5,"not available, interview terminated",TRUE,
046,Z,lphya07,binary,-4,-4,"not available, short interview",TRUE,
046,Z,lphya07,binary,-3,-3,"not available, wrong skip",TRUE,
046,Z,lphya07,binary,-2,-2,"not available, routing",TRUE,
046,Z,lphya07,binary,-1,-1,"not available, asked",TRUE,
046,Z,lphya07,binary,1,1,no,FALSE,
046,Z,lphya07,binary,2,2,yes,FALSE,
046,Z,lphya08,numeric,-3,-3,"not available, wrong skip",TRUE,
046,Z,lphya08,numeric,-2,-2,"not available, routing",TRUE,
046,Z,lphya08,numeric,-1,-1,"not available, asked",TRUE,
046,Z,lphya09,numeric,-3,-3,"not available, wrong skip",TRUE,
046,Z,lphya09,numeric,-2,-2,"not available, routing",TRUE,
046,Z,lphya09,numeric,-1,-1,"not available, asked",TRUE,
046,Z,lphya10,binary,-3,-3,"not available, wrong skip",TRUE,
046,Z,lphya10,binary,-2,-2,"not available, routing",TRUE,
046,Z,lphya10,binary,-1,-1,"not available, asked",TRUE,
046,Z,lphya10,binary,1,1,no,FALSE,
046,Z,lphya10,binary,2,2,yes,FALSE,
046,Z,lphya11,binary,-5,-5,"not available, interview terminated",TRUE,
046,Z,lphya11,binary,-4,-4,"not available, short interview",TRUE,
046,Z,lphya11,binary,-3,-3,"not available, wrong skip",TRUE,
046,Z,lphya11,binary,-2,-2,"not available, routing",TRUE,
046,Z,lphya11,binary,-1,-1,"not available, asked",TRUE,
046,Z,lphya11,binary,1,1,no,FALSE,
046,Z,lphya11,binary,2,2,yes,FALSE,
046,Z,lphya12,numeric,-3,-3,"not available, wrong skip",TRUE,
046,Z,lphya12,numeric,-2,-2,"not available, routing",TRUE,
046,Z,lphya12,numeric,-1,-1,"not available, asked",TRUE,
046,Z,lphya13,numeric,-3,-3,"not available, wrong skip",TRUE,
046,Z,lphya13,numeric,-2,-2,"not available, routing",TRUE,
046,Z,lphya13,numeric,-1,-1,"not available, asked",TRUE,
046,Z,lphya14,binary,-3,-3,"not available, wrong skip",TRUE,
046,Z,lphya14,binary,-2,-2,"not available, routing",TRUE,
046,Z,lphya14,binary,-1,-1,"not available, asked",TRUE,
046,Z,lphya14,binary,1,1,no,FALSE,
046,Z,lphya14,binary,2,2,yes,FALSE,
046,Z,lphya15,binary,-3,-3,"not available, wrong skip",TRUE,
046,Z,lphya15,binary,-2,-2,"not available, routing",TRUE,
046,Z,lphya15,binary,-1,-1,"not available, asked",TRUE,
046,Z,lphya15,binary,1,1,no,FALSE,
046,Z,lphya15,binary,2,2,yes,FALSE,
046,Z,lphya16,numeric,-3,-3,"not available, wrong skip",TRUE,
046,Z,lphya16,numeric,-2,-2,"not available, routing",TRUE,
046,Z,lphya16,numeric,-1,-1,"not available, asked",TRUE,
046,Z,lphya17,binary,-3,-3,"not available, wrong skip",TRUE,
046,Z,lphya17,binary,-2,-2,"not available, routing",TRUE,
046,Z,lphya17,binary,-1,-1,"not available, asked",TRUE,
046,Z,lphya17,binary,1,1,no,FALSE,
046,Z,lphya17,binary,2,2,yes,FALSE,
046,Z,lphya18,numeric,-3,-3,"not available, wrong skip",TRUE,
046,Z,lphya18,numeric,-2,-2,"not available, routing",TRUE,
046,Z,lphya18,numeric,-1,-1,"not available, asked",TRUE,
046,Z,lphya19,numeric,-3,-3,"not available, wrong skip",TRUE,
046,Z,lphya19,numeric,-2,-2,"not available, routing",TRUE,
046,Z,lphya19,numeric,-1,-1,"not available, asked",TRUE,
046,Z,lphya20,binary,-3,-3,"not available, wrong skip",TRUE,
046,Z,lphya20,binary,-2,-2,"not available, routing",TRUE,
046,Z,lphya20,binary,-1,-1,"not available, asked",TRUE,
046,Z,lphya20,binary,1,1,no,FALSE,
046,Z,lphya20,binary,2,2,yes,FALSE,
046,Z,lphya21,binary,-5,-5,"not available, interview terminated",TRUE,
046,Z,lphya21,binary,-4,-4,"not available, short interview",TRUE,
046,Z,lphya21,binary,-3,-3,"not available, wrong skip",TRUE,
046,Z,lphya21,binary,-2,-2,"not available, routing",TRUE,
046,Z,lphya21,binary,-1,-1,"not available, asked",TRUE,
046,Z,lphya21,binary,1,1,no,FALSE,
046,Z,lphya21,binary,2,2,yes,FALSE,
046,Z,lphya22,categorical,-3,-3,"not available, wrong skip",TRUE,
046,Z,lphya22,categorical,-2,-2,"not available, routing",TRUE,
046,Z,lphya22,categorical,-1,-1,"not available, asked",TRUE,
046,Z,lphya22,categorical,1,1,distance walking,FALSE,
046,Z,lphya22,categorical,2,2,distance cycling,FALSE,
046,Z,lphya22,categorical,3,3,gymnastics,FALSE,
046,Z,lphya22,categorical,4,4,home trainer,FALSE,
046,Z,lphya22,categorical,5,5,swimming,FALSE,
046,Z,lphya22,categorical,6,6,(folk)dancing,FALSE,
046,Z,lphya22,categorical,7,7,bowling,FALSE,
046,Z,lphya22,categorical,8,8,tennis,FALSE,
046,Z,lphya22,categorical,9,9,jogging/running/speed walking,FALSE,
046,Z,lphya22,categorical,10,10,rowing,FALSE,
046,Z,lphya22,categorical,11,11,coding category 11,FALSE,"Cross-wave coding conflict: 11 differs for B/C/D/E/2B/F/G (sailing), H/3B/I/J (walking / hiking: long distance hiking)"
046,Z,lphya22,categorical,12,12,coding category 12,FALSE,"Cross-wave coding conflict: 12 differs for B/C/D/E/2B/F/G (billiards), H/3B/I/J (walking / hiking: nordic walking)"
046,Z,lphya22,categorical,13,13,coding category 13,FALSE,"Cross-wave coding conflict: 13 differs for B/C/D/E/2B/F/G (fishing), H/3B/I/J (walking / hiking: speed walking)"
046,Z,lphya22,categorical,14,14,soccer/basketball/korfball,FALSE,
046,Z,lphya22,categorical,15,15,volleybal/baseball,FALSE,
046,Z,lphya22,categorical,16,16,winter sports,FALSE,
046,Z,lphya22,categorical,17,17,coding category 17,FALSE,"Cross-wave coding conflict: 17 differs for B/C/D/E (other sports), 2B/F/G (golf)"
046,Z,lphya22,categorical,18,18,other sports,FALSE,
046,Z,lphya22,categorical,21,21,cycling: long distance cycling,FALSE,
046,Z,lphya22,categorical,22,22,cycling: cycle racing / spinning / mountain biking,FALSE,
046,Z,lphya22,categorical,23,23,cycling: treadmill at home / cycle ergometer at home,FALSE,
046,Z,lphya22,categorical,31,31,gymnastics and fitness: gymnastics / exercising at home,FALSE,
046,Z,lphya22,categorical,32,32,gymnastics and fitness: fitness / physiotherapy training / strength training / gyrotonics,FALSE,
046,Z,lphya22,categorical,33,33,gymnastics and fitness: yoga / tai chi / qi gong / healing tao,FALSE,
046,Z,lphya22,categorical,34,34,gymnastics and fitness: endurance training,FALSE,
046,Z,lphya22,categorical,41,41,swimming: swimming,FALSE,
046,Z,lphya22,categorical,42,42,swimming: aqua gym / aqua jogging,FALSE,
046,Z,lphya22,categorical,51,51,racket sports: tennis,FALSE,
046,Z,lphya22,categorical,52,52,racket sports: table tennis,FALSE,
046,Z,lphya22,categorical,53,53,racket sports: squash,FALSE,
046,Z,lphya22,categorical,54,54,racket sports: badminton,FALSE,
046,Z,lphya22,categorical,61,61,running: running / jogging,FALSE,
046,Z,lphya22,categorical,71,71,water sports: rowing,FALSE,
046,Z,lphya22,categorical,72,72,water sports: sailing,FALSE,
046,Z,lphya22,categorical,73,73,water sports: canoeing,FALSE,
046,Z,lphya22,categorical,81,81,ball sports: soccer,FALSE,
046,Z,lphya22,categorical,82,82,ball sports: futsal,FALSE,
046,Z,lphya22,categorical,83,83,ball sports: hockey,FALSE,
046,Z,lphya22,categorical,84,84,ball sports: volleyball,FALSE,
046,Z,lphya22,categorical,85,85,ball sports: basketball,FALSE,
046,Z,lphya22,categorical,86,86,ball sports: baseball / softball,FALSE,
046,Z,lphya22,categorical,87,87,ball sports: golf / ball throwing game,FALSE,
046,Z,lphya22,categorical,88,88,ball sports: bowling / skittles / lawn bowling / kolf / bowls,FALSE,
046,Z,lphya22,categorical,91,91,winter sports: skiing,FALSE,
046,Z,lphya22,categorical,92,92,winter sports: cross country skiing,FALSE,
046,Z,lphya22,categorical,93,93,winter sports: ice skating,FALSE,
046,Z,lphya22,categorical,101,101,animal sports: horse riding,FALSE,
046,Z,lphya22,categorical,102,102,animal sports: fishing / pigeon racing,FALSE,
046,Z,lphya22,categorical,103,103,animal sports: dog training / horse carriage driving,FALSE,
046,Z,lphya22,categorical,111,111,other sports: climbing,FALSE,
046,Z,lphya22,categorical,112,112,other sports: billiards / darts,FALSE,
046,Z,lphya22,categorical,113,113,other sports: (folk) dancing,FALSE,
046,Z,lphya22,categorical,114,114,other sports: other,FALSE,
046,Z,lphya22,categorical,,,,,"Unresolved PDF cross-reference: Table *Activities and sports is documented for waves H, 3B, I, J, while LASMB046 refers to it."
046,Z,lphya23,numeric,-3,-3,"not available, wrong skip",TRUE,
046,Z,lphya23,numeric,-2,-2,"not available, routing",TRUE,
046,Z,lphya23,numeric,-1,-1,"not available, asked",TRUE,
046,Z,lphya24,numeric,-3,-3,"not available, wrong skip",TRUE,
046,Z,lphya24,numeric,-2,-2,"not available, routing",TRUE,
046,Z,lphya24,numeric,-1,-1,"not available, asked",TRUE,
046,Z,lphya25,binary,-3,-3,"not available, wrong skip",TRUE,
046,Z,lphya25,binary,-2,-2,"not available, routing",TRUE,
046,Z,lphya25,binary,-1,-1,"not available, asked",TRUE,
046,Z,lphya25,binary,1,1,no,FALSE,
046,Z,lphya25,binary,2,2,yes,FALSE,
046,Z,lphya26,categorical,-3,-3,"not available, wrong skip",TRUE,
046,Z,lphya26,categorical,-2,-2,"not available, routing",TRUE,
046,Z,lphya26,categorical,-1,-1,"not available, asked",TRUE,
046,Z,lphya26,categorical,1,1,distance walking,FALSE,
046,Z,lphya26,categorical,2,2,distance cycling,FALSE,
046,Z,lphya26,categorical,3,3,gymnastics,FALSE,
046,Z,lphya26,categorical,4,4,home trainer,FALSE,
046,Z,lphya26,categorical,5,5,swimming,FALSE,
046,Z,lphya26,categorical,6,6,(folk)dancing,FALSE,
046,Z,lphya26,categorical,7,7,bowling,FALSE,
046,Z,lphya26,categorical,8,8,tennis,FALSE,
046,Z,lphya26,categorical,9,9,jogging/running/speed walking,FALSE,
046,Z,lphya26,categorical,10,10,rowing,FALSE,
046,Z,lphya26,categorical,11,11,coding category 11,FALSE,"Cross-wave coding conflict: 11 differs for B/C/D/E/2B/F/G (sailing), H/3B/I/J (walking / hiking: long distance hiking)"
046,Z,lphya26,categorical,12,12,coding category 12,FALSE,"Cross-wave coding conflict: 12 differs for B/C/D/E/2B/F/G (billiards), H/3B/I/J (walking / hiking: nordic walking)"
046,Z,lphya26,categorical,13,13,coding category 13,FALSE,"Cross-wave coding conflict: 13 differs for B/C/D/E/2B/F/G (fishing), H/3B/I/J (walking / hiking: speed walking)"
046,Z,lphya26,categorical,14,14,soccer/basketball/korfball,FALSE,
046,Z,lphya26,categorical,15,15,volleybal/baseball,FALSE,
046,Z,lphya26,categorical,16,16,winter sports,FALSE,
046,Z,lphya26,categorical,17,17,coding category 17,FALSE,"Cross-wave coding conflict: 17 differs for B/C/D/E (other sports), 2B/F/G (golf)"
046,Z,lphya26,categorical,18,18,other sports,FALSE,
046,Z,lphya26,categorical,21,21,cycling: long distance cycling,FALSE,
046,Z,lphya26,categorical,22,22,cycling: cycle racing / spinning / mountain biking,FALSE,
046,Z,lphya26,categorical,23,23,cycling: treadmill at home / cycle ergometer at home,FALSE,
046,Z,lphya26,categorical,31,31,gymnastics and fitness: gymnastics / exercising at home,FALSE,
046,Z,lphya26,categorical,32,32,gymnastics and fitness: fitness / physiotherapy training / strength training / gyrotonics,FALSE,
046,Z,lphya26,categorical,33,33,gymnastics and fitness: yoga / tai chi / qi gong / healing tao,FALSE,
046,Z,lphya26,categorical,34,34,gymnastics and fitness: endurance training,FALSE,
046,Z,lphya26,categorical,41,41,swimming: swimming,FALSE,
046,Z,lphya26,categorical,42,42,swimming: aqua gym / aqua jogging,FALSE,
046,Z,lphya26,categorical,51,51,racket sports: tennis,FALSE,
046,Z,lphya26,categorical,52,52,racket sports: table tennis,FALSE,
046,Z,lphya26,categorical,53,53,racket sports: squash,FALSE,
046,Z,lphya26,categorical,54,54,racket sports: badminton,FALSE,
046,Z,lphya26,categorical,61,61,running: running / jogging,FALSE,
046,Z,lphya26,categorical,71,71,water sports: rowing,FALSE,
046,Z,lphya26,categorical,72,72,water sports: sailing,FALSE,
046,Z,lphya26,categorical,73,73,water sports: canoeing,FALSE,
046,Z,lphya26,categorical,81,81,ball sports: soccer,FALSE,
046,Z,lphya26,categorical,82,82,ball sports: futsal,FALSE,
046,Z,lphya26,categorical,83,83,ball sports: hockey,FALSE,
046,Z,lphya26,categorical,84,84,ball sports: volleyball,FALSE,
046,Z,lphya26,categorical,85,85,ball sports: basketball,FALSE,
046,Z,lphya26,categorical,86,86,ball sports: baseball / softball,FALSE,
046,Z,lphya26,categorical,87,87,ball sports: golf / ball throwing game,FALSE,
046,Z,lphya26,categorical,88,88,ball sports: bowling / skittles / lawn bowling / kolf / bowls,FALSE,
046,Z,lphya26,categorical,91,91,winter sports: skiing,FALSE,
046,Z,lphya26,categorical,92,92,winter sports: cross country skiing,FALSE,
046,Z,lphya26,categorical,93,93,winter sports: ice skating,FALSE,
046,Z,lphya26,categorical,101,101,animal sports: horse riding,FALSE,
046,Z,lphya26,categorical,102,102,animal sports: fishing / pigeon racing,FALSE,
046,Z,lphya26,categorical,103,103,animal sports: dog training / horse carriage driving,FALSE,
046,Z,lphya26,categorical,111,111,other sports: climbing,FALSE,
046,Z,lphya26,categorical,112,112,other sports: billiards / darts,FALSE,
046,Z,lphya26,categorical,113,113,other sports: (folk) dancing,FALSE,
046,Z,lphya26,categorical,114,114,other sports: other,FALSE,
046,Z,lphya27,numeric,-3,-3,"not available, wrong skip",TRUE,
046,Z,lphya27,numeric,-2,-2,"not available, routing",TRUE,
046,Z,lphya27,numeric,-1,-1,"not available, asked",TRUE,
046,Z,lphya28,numeric,-3,-3,"not available, wrong skip",TRUE,
046,Z,lphya28,numeric,-2,-2,"not available, routing",TRUE,
046,Z,lphya28,numeric,-1,-1,"not available, asked",TRUE,
046,Z,lphya29,categorical,-3,-3,"not available, wrong skip",TRUE,
046,Z,lphya29,categorical,-2,-2,"not available, routing",TRUE,
046,Z,lphya29,categorical,-1,-1,"not available, asked",TRUE,
046,Z,lphya29,categorical,1,1,no,FALSE,
046,Z,lphya29,categorical,2,2,yes,FALSE,
046,Z,lphya29,categorical,3,3,do not know,FALSE,
046,Z,lphya30,numeric,-3,-3,"not available, wrong skip",TRUE,
046,Z,lphya30,numeric,-2,-2,"not available, routing",TRUE,
046,Z,lphya30,numeric,-1,-1,"not available, asked",TRUE,
046,Z,lphya31,binary,-3,-3,"not available, wrong skip",TRUE,
046,Z,lphya31,binary,-2,-2,"not available, routing",TRUE,
046,Z,lphya31,binary,-1,-1,"not available, asked",TRUE,
046,Z,lphya31,binary,1,1,no,FALSE,
046,Z,lphya31,binary,2,2,yes,FALSE,
046,Z,lphya32,categorical,-3,-3,"not available, wrong skip",TRUE,
046,Z,lphya32,categorical,-2,-2,"not available, routing",TRUE,
046,Z,lphya32,categorical,-1,-1,"not available, asked",TRUE,
046,Z,lphya32,categorical,1,1,no,FALSE,
046,Z,lphya32,categorical,2,2,yes,FALSE,
046,Z,lphya32,categorical,3,3,do not know,FALSE,
046,Z,lphya32,categorical,4,4,refusal,FALSE,
046,Z,lphya33,numeric,-3,-3,"not available, wrong skip",TRUE,
046,Z,lphya33,numeric,-2,-2,"not available, routing",TRUE,
046,Z,lphya33,numeric,-1,-1,"not available, asked",TRUE,
046,Z,lphya34,numeric,-3,-3,"not available, wrong skip",TRUE,
046,Z,lphya34,numeric,-2,-2,"not available, routing",TRUE,
046,Z,lphya34,numeric,-1,-1,"not available, asked",TRUE,
046,Z,lphya35,binary,-3,-3,"not available, wrong skip",TRUE,
046,Z,lphya35,binary,-2,-2,"not available, routing",TRUE,
046,Z,lphya35,binary,-1,-1,"not available, asked",TRUE,
046,Z,lphya35,binary,1,1,no,FALSE,
046,Z,lphya35,binary,2,2,yes,FALSE,
046,Z,lphya36,categorical,-3,-3,"not available, wrong skip",TRUE,
046,Z,lphya36,categorical,-2,-2,"not available, routing",TRUE,
046,Z,lphya36,categorical,-1,-1,"not available, asked",TRUE,
046,Z,lphya36,categorical,1,1,no,FALSE,
046,Z,lphya36,categorical,2,2,yes,FALSE,
046,Z,lphya36,categorical,3,3,do not know,FALSE,
046,Z,lphya36,categorical,4,4,refusal,FALSE,
046,Z,lphya37,numeric,-5,-5,"not available, interview terminated",TRUE,
046,Z,lphya37,numeric,-4,-4,"not available, short interview",TRUE,
046,Z,lphya37,numeric,-3,-3,"not available, wrong skip",TRUE,
046,Z,lphya37,numeric,-2,-2,"not available, routing",TRUE,
046,Z,lphya37,numeric,-1,-1,"not available, asked",TRUE,
046,Z,lphya38,numeric,-3,-3,"not available, wrong skip",TRUE,
046,Z,lphya38,numeric,-2,-2,"not available, routing",TRUE,
046,Z,lphya38,numeric,-1,-1,"not available, asked",TRUE,
046,Z,lphya39,binary,-3,-3,"not available, wrong skip",TRUE,
046,Z,lphya39,binary,-2,-2,"not available, routing",TRUE,
046,Z,lphya39,binary,-1,-1,"not available, asked",TRUE,
046,Z,lphya39,binary,1,1,no,FALSE,
046,Z,lphya39,binary,2,2,yes,FALSE,
046,Z,lphya40,binary,-3,-3,"not available, wrong skip",TRUE,
046,Z,lphya40,binary,-2,-2,"not available, routing",TRUE,
046,Z,lphya40,binary,-1,-1,"not available, asked",TRUE,
046,Z,lphya40,binary,0,0,not mentioned,FALSE,
046,Z,lphya40,binary,1,1,mentioned,FALSE,
046,Z,lphya41,binary,-3,-3,"not available, wrong skip",TRUE,
046,Z,lphya41,binary,-2,-2,"not available, routing",TRUE,
046,Z,lphya41,binary,-1,-1,"not available, asked",TRUE,
046,Z,lphya41,binary,0,0,not mentioned,FALSE,
046,Z,lphya41,binary,1,1,mentioned,FALSE,
046,Z,lphya42,binary,-3,-3,"not available, wrong skip",TRUE,
046,Z,lphya42,binary,-2,-2,"not available, routing",TRUE,
046,Z,lphya42,binary,-1,-1,"not available, asked",TRUE,
046,Z,lphya42,binary,0,0,not mentioned,FALSE,
046,Z,lphya42,binary,1,1,mentioned,FALSE,
046,Z,lphya43,binary,-3,-3,"not available, wrong skip",TRUE,
046,Z,lphya43,binary,-2,-2,"not available, routing",TRUE,
046,Z,lphya43,binary,-1,-1,"not available, asked",TRUE,
046,Z,lphya43,binary,0,0,not mentioned,FALSE,
046,Z,lphya43,binary,1,1,mentioned,FALSE,
046,Z,lphya44,binary,-3,-3,"not available, wrong skip",TRUE,
046,Z,lphya44,binary,-2,-2,"not available, routing",TRUE,
046,Z,lphya44,binary,-1,-1,"not available, asked",TRUE,
046,Z,lphya44,binary,0,0,not mentioned,FALSE,
046,Z,lphya44,binary,1,1,mentioned,FALSE,
046,Z,lphya45,binary,-3,-3,"not available, wrong skip",TRUE,
046,Z,lphya45,binary,-2,-2,"not available, routing",TRUE,
046,Z,lphya45,binary,-1,-1,"not available, asked",TRUE,
046,Z,lphya45,binary,0,0,not mentioned,FALSE,
046,Z,lphya45,binary,1,1,mentioned,FALSE,
046,Z,lphya46,ordinal,-3,-3,"not available, wrong skip",TRUE,
046,Z,lphya46,ordinal,-2,-2,"not available, routing",TRUE,
046,Z,lphya46,ordinal,-1,-1,"not available, asked",TRUE,
046,Z,lphya46,ordinal,0,0,ordinal category 0,FALSE,"Cross-wave coding conflict: 0 differs for D/E/2B (-to be coded-), F/G/H/3B/I/J (not mentioned)"
046,Z,lphya46,ordinal,1,1,ordinal category 1,FALSE,"Cross-wave coding conflict: 1 differs for B/C/D/E/2B (visit from friend/family), F/G/H/3B/I/J (mentioned)"
046,Z,lphya46,ordinal,2,2,positive activities,FALSE,
046,Z,lphya46,ordinal,3,3,illness partner,FALSE,
046,Z,lphya46,ordinal,4,4,good weather,FALSE,
046,Z,lphya46,ordinal,5,5,decease partner,FALSE,
046,Z,lphya46,ordinal,6,6,business-trip,FALSE,
046,Z,lphya46,ordinal,7,7,removal,FALSE,
046,Z,lphya46,ordinal,8,8,spring cleaning,FALSE,
046,Z,lphya46,ordinal,9,9,rebuilding,FALSE,
046,Z,lphya46,ordinal,10,10,other,FALSE,
046,Z,lphya47,binary,-3,-3,"not available, wrong skip",TRUE,
046,Z,lphya47,binary,-2,-2,"not available, routing",TRUE,
046,Z,lphya47,binary,-1,-1,"not available, asked",TRUE,
046,Z,lphya47,binary,0,0,not mentioned,FALSE,
046,Z,lphya47,binary,1,1,mentioned,FALSE,
046,Z,lphya48,binary,-3,-3,"not available, wrong skip",TRUE,
046,Z,lphya48,binary,-2,-2,"not available, routing",TRUE,
046,Z,lphya48,binary,-1,-1,"not available, asked",TRUE,
046,Z,lphya48,binary,0,0,not mentioned,FALSE,
046,Z,lphya48,binary,1,1,mentioned,FALSE,
046,Z,lphya49,binary,-3,-3,"not available, wrong skip",TRUE,
046,Z,lphya49,binary,-2,-2,"not available, routing",TRUE,
046,Z,lphya49,binary,-1,-1,"not available, asked",TRUE,
046,Z,lphya49,binary,0,0,not mentioned,FALSE,
046,Z,lphya49,binary,1,1,mentioned,FALSE,
046,Z,lphya50,ordinal,-2,-2,"not available, routing",TRUE,
046,Z,lphya50,ordinal,1,1,visit from friend/family,FALSE,
046,Z,lphya50,ordinal,2,2,positive activities,FALSE,
046,Z,lphya50,ordinal,3,3,illness partner,FALSE,
046,Z,lphya50,ordinal,4,4,good weather,FALSE,
046,Z,lphya50,ordinal,5,5,death partner,FALSE,
046,Z,lphya50,ordinal,6,6,business-trip,FALSE,
046,Z,lphya50,ordinal,7,7,removal/moved,FALSE,
046,Z,lphya50,ordinal,8,8,spring cleaning,FALSE,
046,Z,lphya50,ordinal,9,9,rebuilding,FALSE,
046,Z,lphya50,ordinal,10,10,other,FALSE,
046,Z,lphyasp,binary,-3,-3,"not available, wrong skip",TRUE,
046,Z,lphyasp,binary,-2,-2,"not available, routing",TRUE,
046,Z,lphyasp,binary,-1,-1,"not available, asked",TRUE,
046,Z,lphyasp,binary,1,1,no,FALSE,
046,Z,lphyasp,binary,2,2,yes,FALSE,
046,Z,lspin1,categorical,-3,-3,most intensive,TRUE,
046,Z,lspin1,categorical,-2,-2,"not available, routing",TRUE,
046,Z,lspin1,categorical,-1,-1,"not available, asked",TRUE,
046,Z,lspin1,categorical,11,11,walking / hiking: long distance hiking,FALSE,
046,Z,lspin1,categorical,12,12,walking / hiking: nordic walking,FALSE,
046,Z,lspin1,categorical,13,13,walking / hiking: speed walking,FALSE,
046,Z,lspin1,categorical,21,21,cycling: long distance cycling,FALSE,
046,Z,lspin1,categorical,22,22,cycling: cycle racing / spinning / mountain biking,FALSE,
046,Z,lspin1,categorical,23,23,cycling: treadmill at home / cycle ergometer at home,FALSE,
046,Z,lspin1,categorical,31,31,gymnastics and fitness: gymnastics / exercising at home,FALSE,
046,Z,lspin1,categorical,32,32,gymnastics and fitness: fitness / physiotherapy training / strength training / gyrotonics,FALSE,
046,Z,lspin1,categorical,33,33,gymnastics and fitness: yoga / tai chi / qi gong / healing tao,FALSE,
046,Z,lspin1,categorical,34,34,gymnastics and fitness: endurance training,FALSE,
046,Z,lspin1,categorical,41,41,swimming: swimming,FALSE,
046,Z,lspin1,categorical,42,42,swimming: aqua gym / aqua jogging,FALSE,
046,Z,lspin1,categorical,51,51,racket sports: tennis,FALSE,
046,Z,lspin1,categorical,52,52,racket sports: table tennis,FALSE,
046,Z,lspin1,categorical,53,53,racket sports: squash,FALSE,
046,Z,lspin1,categorical,54,54,racket sports: badminton,FALSE,
046,Z,lspin1,categorical,61,61,running: running / jogging,FALSE,
046,Z,lspin1,categorical,71,71,water sports: rowing,FALSE,
046,Z,lspin1,categorical,72,72,water sports: sailing,FALSE,
046,Z,lspin1,categorical,73,73,water sports: canoeing,FALSE,
046,Z,lspin1,categorical,81,81,ball sports: soccer,FALSE,
046,Z,lspin1,categorical,82,82,ball sports: futsal,FALSE,
046,Z,lspin1,categorical,83,83,ball sports: hockey,FALSE,
046,Z,lspin1,categorical,84,84,ball sports: volleyball,FALSE,
046,Z,lspin1,categorical,85,85,ball sports: basketball,FALSE,
046,Z,lspin1,categorical,86,86,ball sports: baseball / softball,FALSE,
046,Z,lspin1,categorical,87,87,ball sports: golf / ball throwing game,FALSE,
046,Z,lspin1,categorical,88,88,ball sports: bowling / skittles / lawn bowling / kolf / bowls,FALSE,
046,Z,lspin1,categorical,91,91,winter sports: skiing,FALSE,
046,Z,lspin1,categorical,92,92,winter sports: cross country skiing,FALSE,
046,Z,lspin1,categorical,93,93,winter sports: ice skating,FALSE,
046,Z,lspin1,categorical,101,101,animal sports: horse riding,FALSE,
046,Z,lspin1,categorical,102,102,animal sports: fishing / pigeon racing,FALSE,
046,Z,lspin1,categorical,103,103,animal sports: dog training / horse carriage driving,FALSE,
046,Z,lspin1,categorical,111,111,other sports: climbing,FALSE,
046,Z,lspin1,categorical,112,112,other sports: billiards / darts,FALSE,
046,Z,lspin1,categorical,113,113,other sports: (folk) dancing,FALSE,
046,Z,lspin1,categorical,114,114,other sports: other,FALSE,
046,Z,lspin2,numeric,-3,-3,"not available, wrong skip",TRUE,
046,Z,lspin2,numeric,-2,-2,"not available, routing",TRUE,
046,Z,lspin2,numeric,-1,-1,"not available, asked",TRUE,
046,Z,lspin3,numeric,-3,-3,"not available, wrong skip",TRUE,
046,Z,lspin3,numeric,-2,-2,"not available, routing",TRUE,
046,Z,lspin3,numeric,-1,-1,"not available, asked",TRUE,
