"filecode","wave","canonical_name","variable_type","value_raw","value_numeric","value_label","is_missing","conflicts","solution"
"011","Z","nupers","numeric","-2","-2","not available","TRUE","Cross-wave coding conflict: -2 differs for B (not available, not living independently), C/D/E/2B/F/G/H/3B/I/J/K (not available, routing)",
"014","Z","fdoor","numeric","-1","-1","not available","TRUE","Cross-wave coding conflict: -1 differs for B (not available), C/D/E/2B/F/G (not available, asked)",
"014","Z","hindep","categorical","-2","-2","not available","TRUE","Cross-wave coding conflict: -2 differs for C/D/E/F/G/H/I/J/K (not available, routing), 2B (not available, interview terminated)",
"014","Z","housem","categorical","1","1","housing type category 1","FALSE","Cross-wave coding conflict: 1 differs for B/C/D/E/F/G (attached row), H/I/J/K (attached row or semi-detached)",
"014","Z","housem","categorical","2","2","housing type category 2","FALSE","Cross-wave coding conflict: 2 differs for B/C/D/E/F/G (semi-detached), H/I/J/K (detached)",
"014","Z","housem","categorical","3","3","housing type category 3","FALSE","Cross-wave coding conflict: 3 differs for B/C/D/E/F/G (detached), H/I/J/K (high rise (elevator))",
"014","Z","housem","categorical","4","4","housing type category 4","FALSE","Cross-wave coding conflict: 4 differs for B/C/D/E/F/G (high rise (elevator)), H/I/J/K (high rise (no elevator))",
"014","Z","housem","categorical","5","5","housing type category 5","FALSE","Cross-wave coding conflict: 5 differs for B/C/D/E/F/G (high rise (no elevator)), H/I/J/K (ground floor apartment)",
"014","Z","housem","categorical","6","6","housing type category 6","FALSE","Cross-wave coding conflict: 6 differs for B/C/D/E/F/G (low-level apt building), H/I/J/K (apt build elderly (elevator))",
"014","Z","housem","categorical","7","7","housing type category 7","FALSE","Cross-wave coding conflict: 7 differs for B/C/D/E/F/G (ground floor apartment), H/I/J/K (home elderly (street level))",
"014","Z","housem","categorical","8","8","housing type category 8","FALSE","Cross-wave coding conflict: 8 differs for B/C/D/E/F/G (apt build elderly (elevator)), H/I/J/K (semi-independent)",
"014","Z","housem","categorical","9","9","housing type category 9","FALSE","Cross-wave coding conflict: 9 differs for B/C/D/E/F/G (home elderly (street level)), H/I/J/K (farm/corporate housing)",
"014","Z","housem","categorical","10","10","housing type category 10","FALSE","Cross-wave coding conflict: 10 differs for B/C/D/E/F/G (service flat (home elderly)), H/I/J/K (houseboat)",
"014","Z","housem","categorical","11","11","housing type category 11","FALSE","Cross-wave coding conflict: 11 differs for B/C/D/E/F/G (semi-independent), H (other), I/J/K (housing with communal facilities)",
"014","Z","housem","categorical","12","12","housing type category 12","FALSE","Cross-wave coding conflict: 12 differs for B/C/D/E/F/G (farm), I/J/K (other (documented)",
"014","Z","houstyp","categorical","-4","-4","not available","TRUE","Cross-wave coding conflict: -4 differs for I/J/K (not available, previous interview telephonic), K (not available, previous interview unknown)",
"014","Z","houstyp","categorical","1","1","housing type category 1","FALSE","Cross-wave coding conflict: 1 differs for B/C/D/E/2B/F/G (attached row), H/3B/I/J/K (attached row or semi-detached)",
"014","Z","houstyp","categorical","2","2","housing type category 2","FALSE","Cross-wave coding conflict: 2 differs for B/C/D/E/2B/F/G (semi-detached), H/3B/I/J/K (detached)",
"014","Z","houstyp","categorical","3","3","housing type category 3","FALSE","Cross-wave coding conflict: 3 differs for B/C/D/E/2B/F/G (detached), H/3B/I/J/K (high rise (elevator))",
"014","Z","houstyp","categorical","4","4","housing type category 4","FALSE","Cross-wave coding conflict: 4 differs for B/C/D/E/2B/F/G (high rise (elevator)), H/3B/I/J/K (high rise (no elevator))",
"014","Z","houstyp","categorical","5","5","housing type category 5","FALSE","Cross-wave coding conflict: 5 differs for B/C/D/E/2B/F/G (high rise (no elevator)), H/3B/I/J/K (ground floor apartment)",
"014","Z","houstyp","categorical","6","6","housing type category 6","FALSE","Cross-wave coding conflict: 6 differs for B/C/D/E/2B/F/G (low-level apt building), H/3B/I/J/K (apt build elderly (elevator))",
"014","Z","houstyp","categorical","7","7","housing type category 7","FALSE","Cross-wave coding conflict: 7 differs for B/C/D/E/2B/F/G (ground floor apartment), H/3B/I/J/K (home elderly (street level))",
"014","Z","houstyp","categorical","8","8","housing type category 8","FALSE","Cross-wave coding conflict: 8 differs for B/C/D/E/2B/F/G (apt build elderly (elevator)), H/3B/I/J/K (semi-independent)",
"014","Z","houstyp","categorical","9","9","housing type category 9","FALSE","Cross-wave coding conflict: 9 differs for B/C/D/E/2B/F/G (home elderly (street level)), H/3B/I/J/K (farm/corporate housing)",
"014","Z","houstyp","categorical","10","10","housing type category 10","FALSE","Cross-wave coding conflict: 10 differs for B/C/D/E/2B/F/G (service flat (home elderly)), H/3B/I/J/K (houseboat)",
"014","Z","houstyp","categorical","11","11","housing type category 11","FALSE","Cross-wave coding conflict: 11 differs for B/C/D/E/2B/F/G (semi-independent), H (other), 3B/I/J/K (housing with communal facilities)",
"014","Z","houstyp","categorical","12","12","housing type category 12","FALSE","Cross-wave coding conflict: 12 differs for B/C/D/E/2B/F/G (farm), H (institution), 3B/I/J/K (other)",
"014","Z","houstyp","categorical","13","13","housing type category 13","FALSE","Cross-wave coding conflict: 13 differs for B/C/D/E/2B/F/G (houseboat), H (monastery), 3B/I/J/K (institution)",
"014","Z","houstyp","categorical","14","14","housing type category 14","FALSE","Cross-wave coding conflict: 14 differs for B/C/D/E/2B/F/G (commune), 3B/I/J/K (monastery)",
"014","Z","lrooms","binary","-1","-1","not available","TRUE","Cross-wave coding conflict: -1 differs for B (not available), C/D/E/2B/F/G/H/I (not available, asked)",
"014","2B","momonth","date","see Table * Month","NA","NA","NA","Unresolved PDF cross-reference: Table *MONTH is not defined in LASA014_varinfo.pdf.",
"014","3B","momonth","date","see Table * Month","NA","NA","NA","Unresolved PDF cross-reference: Table *MONTH is not defined in LASA014_varinfo.pdf.",
"014","B","momonth","date","see Table *Month","NA","NA","NA","Unresolved PDF cross-reference: Table *MONTH is not defined in LASA014_varinfo.pdf.",
"014","C","momonth","date","see Table *Month","NA","NA","NA","Unresolved PDF cross-reference: Table *MONTH is not defined in LASA014_varinfo.pdf.",
"014","D","momonth","date","see Table *Month","NA","NA","NA","Unresolved PDF cross-reference: Table *MONTH is not defined in LASA014_varinfo.pdf.",
"014","E","momonth","date","see Table *Month","NA","NA","NA","Unresolved PDF cross-reference: Table *MONTH is not defined in LASA014_varinfo.pdf.",
"014","F","momonth","date","see Table *Month","NA","NA","NA","Unresolved PDF cross-reference: Table *MONTH is not defined in LASA014_varinfo.pdf.",
"014","G","momonth","date","see Table *Month","NA","NA","NA","Unresolved PDF cross-reference: Table *MONTH is not defined in LASA014_varinfo.pdf.",
"014","H","momonth","date","see Table * Month","NA","NA","NA","Unresolved PDF cross-reference: Table *MONTH is not defined in LASA014_varinfo.pdf.",
"014","I","momonth","date","see Table * Month","NA","NA","NA","Unresolved PDF cross-reference: Table *MONTH is not defined in LASA014_varinfo.pdf.",
"014","J","momonth","date","see Table * Month","NA","NA","NA","Unresolved PDF cross-reference: Table *MONTH is not defined in LASA014_varinfo.pdf.",
"014","K","momonth","date","see Table * Month","NA","NA","NA","Unresolved PDF cross-reference: Table *MONTH is not defined in LASA014_varinfo.pdf.",
"014","Z","momonth","date","NA","NA","NA","NA","Unresolved PDF cross-reference: Table *MONTH is not defined in LASA014_varinfo.pdf.",
"014","Z","nrooms","numeric","-1","-1","not available","TRUE","Cross-wave coding conflict: -1 differs for B (not available), C/D/E/2B/F/G/H/I (not available, asked)",
"014","Z","rfdoor","categorical","-1","-1","not available","TRUE","Cross-wave coding conflict: -1 differs for B (not available), C/D/E/2B/F/G (not available, asked)",
"014","Z","spec01","binary","1","1","binary category 1","FALSE","Cross-wave coding conflict: 1 differs for B/C/D/E/F/G (mentioned), 2B (not mentioned)",
"014","Z","spec02","binary","1","1","binary category 1","FALSE","Cross-wave coding conflict: 1 differs for B/C/D/E/F/G (mentioned), 2B (not mentioned)",
"014","Z","spec03","binary","1","1","binary category 1","FALSE","Cross-wave coding conflict: 1 differs for B/C/D/E/F/G (mentioned), 2B (not mentioned)",
"014","Z","spec04","binary","1","1","binary category 1","FALSE","Cross-wave coding conflict: 1 differs for B/C/D/E/F/G (mentioned), 2B (not mentioned)",
"014","Z","spec05","binary","1","1","binary category 1","FALSE","Cross-wave coding conflict: 1 differs for B/C/D/E/F/G (mentioned), 2B (not mentioned)",
"014","Z","spec06","binary","1","1","binary category 1","FALSE","Cross-wave coding conflict: 1 differs for B/C/D/E/F/G (mentioned), 2B (not mentioned)",
"014","Z","spec07","binary","1","1","binary category 1","FALSE","Cross-wave coding conflict: 1 differs for B/C/D/E/F/G (mentioned), 2B (not mentioned)",
"014","Z","spec08","binary","1","1","binary category 1","FALSE","Cross-wave coding conflict: 1 differs for B/C/D/E/F/G (mentioned), 2B (not mentioned)",
"014","Z","spec09","binary","1","1","binary category 1","FALSE","Cross-wave coding conflict: 1 differs for B/C/D/E/F/G (mentioned), 2B (not mentioned)",
"014","Z","spec10","binary","1","1","special housing adjustment category 1","FALSE","Cross-wave coding conflict: 1 differs for B/C/D/E/F/G/K (mentioned), 2B (not mentioned)",
"014","Z","spec11","binary","1","1","binary category 1","FALSE","Cross-wave coding conflict: 1 differs for B/C/D/E/F/G (mentioned), 2B (not mentioned)",
"014","Z","spec12","binary","1","1","binary category 1","FALSE","Cross-wave coding conflict: 1 differs for B/C/D/E/F/G (mentioned), 2B (not mentioned)",
"014","Z","spec13","binary","1","1","binary category 1","FALSE","Cross-wave coding conflict: 1 differs for B/C/D/E/F/G (mentioned), 2B (not mentioned)",
"014","Z","spec14","binary","1","1","binary category 1","FALSE","Cross-wave coding conflict: 1 differs for B/C/D/E/F/G (mentioned), 2B (not mentioned)",
"014","Z","spec15","binary","1","1","binary category 1","FALSE","Cross-wave coding conflict: 1 differs for B/C/D/E/F/G (mentioned), 2B (not mentioned)",
"014","Z","spec16","binary","1","1","binary category 1","FALSE","Cross-wave coding conflict: 1 differs for B/C/D/E/F/G (mentioned), 2B (not mentioned)",
"014","Z","spec17","binary","1","1","binary category 1","FALSE","Cross-wave coding conflict: 1 differs for B/C/D/E/F/G (mentioned), 2B (not mentioned)",
"014","Z","specadj","binary","1","1","binary category 1","FALSE","Cross-wave coding conflict: 1 differs for B (yes), C/D/E/2B/F/G/H/3B/I/J/K (no)",
"015","Z","movefut","binary","-2","-2","not available","TRUE","Cross-wave coding conflict: -2 differs for B/C/D/E (not available, routing), 2B (not available, interview terminated)",
"015","Z","movefut","binary","1","1","binary category 1","FALSE","Cross-wave coding conflict: 1 differs for B (yes), C/D/E/2B (no)",
"015","Z","pleas","binary","-2","-2","not available","TRUE","Cross-wave coding conflict: -2 differs for B/C/D/E/F/G/H/I/J/K (not available, routing), 2B (not available, interview terminated)",
"015","Z","pleas","binary","1","1","binary category 1","FALSE","Cross-wave coding conflict: 1 differs for B (yes), C/D/E/2B/F/G/H/3B/I/J/K (no)",
"015","Z","safe","binary","-2","-2","not available","TRUE","Cross-wave coding conflict: -2 differs for B/C/D/E/F/G/H/I/J/K (not available, routing), 2B (not available, interview terminated)",
"015","Z","safe","binary","1","1","binary category 1","FALSE","Cross-wave coding conflict: 1 differs for B (yes), C/D/E/2B/F/G/H/3B/I/J/K (no)",
"016","Z","cjclass","categorical","-1","-1","not available","TRUE","Cross-wave coding conflict: -1 differs for B/C/F/G (not available, asked), D/E (not available, asked, not classified), 2B (unknown)",
"016","Z","cjlevel","ordinal","-1","-1","not available","TRUE","Cross-wave coding conflict: -1 differs for B/C/F/G (not available, asked), D/E (not available, asked, not classified), 2B (unknown)",
"016","Z","cjpresi","numeric","-1","-1","not available","TRUE","Cross-wave coding conflict: -1 differs for B/C/F/G (not available, asked), D/E (not available, asked, not classified), 2B (unknown)",
"016","Z","cjsbc92","categorical","-1","-1","not available","TRUE","Cross-wave coding conflict: -1 differs for B/C/D/E/2B/F/G (not available, asked), D/E (not available, asked, not classified)",
"016","Z","cjtype","categorical","-1","-1","not available","TRUE","Cross-wave coding conflict: -1 differs for B/C/F/G (not available, asked), D/E (not available, asked, not classified), 2B (unknown)",
"016","Z","disabl","binary","1","1","binary category 1","FALSE","Cross-wave coding conflict: 1 differs for B (yes), C/D/E/2B/F/G/H/3B/MB/I/J/K (no)",
"016","Z","disablp","numeric","-3","-3","not available","TRUE","Cross-wave coding conflict: -3 differs for B (not available, wrong skip), MB (not available, refused), J/K (refused)",
"016","Z","disablp","numeric","-1","-1","not available","TRUE","Cross-wave coding conflict: -1 differs for B (do not know), C/D/E/2B/F/G/H/3B/MB/I/J/K (not available, asked)",
"016","Z","employ","binary","1","1","binary category 1","FALSE","Cross-wave coding conflict: 1 differs for B (yes), C/D/E/2B/F/G/H/3B/MB/I/J/K (no)",
"016","Z","job4","binary","1","1","binary category 1","FALSE","Cross-wave coding conflict: 1 differs for B/C/D/E/F/G (yes), H/3B/MB/I/J/K (no)",
"016","Z","nretr","categorical","2","2","reason category 2","FALSE","Cross-wave coding conflict: 2 differs for 2B/3B (maintain social contacts), J (maintain social contacts at work)",
"016","Z","nretr","categorical","3","3","reason category 3","FALSE","Cross-wave coding conflict: 3 differs for 2B/3B (other pastime less pleasant), J (other pastimes less pleasant than work)",
"016","Z","nretr","categorical","4","4","reason category 4","FALSE","Cross-wave coding conflict: 4 differs for 2B/J (financially more favourable), 3B (no possibility for early retirement)",
"016","Z","nretr","categorical","5","5","reason category 5","FALSE","Cross-wave coding conflict: 5 differs for 2B (other reason), 3B (financially more favourable), J (continue working after retirement age in same job)",
"016","Z","nretr","categorical","6","6","reason category 6","FALSE","Cross-wave coding conflict: 6 differs for 3B (should work on to have adequate pension), J (continue working after retirement age in new job)",
"016","Z","pjob1","binary","-4","-4","not available","TRUE","Cross-wave coding conflict: -4 differs for 2B (not available, no household partner), H/I/J/K (not available, short version)",
"016","Z","pjob1","binary","-2","-2","negative code -2","TRUE","Cross-wave coding conflict: -2 differs for H/I/J/K (no (household) partner), 3B/MB (not available, routing)",
"016","Z","retifut","binary","1","1","binary category 1","FALSE","Cross-wave coding conflict: 1 differs for B (yes), C/D/E/2B/F/G/H (no)",
"016","Z","retired","categorical","-1","-1","not available","TRUE","Cross-wave coding conflict: -1 differs for B/C/D/E/2B/F/G/H/3B/MB/I (not available, asked), J/K (not available, not applicable)",
"016","Z","retired","categorical","1","1","category 1","FALSE","Cross-wave coding conflict: 1 differs for B (yes, partly), C/D/E/2B/F/G/H/3B/MB/I/J/K (no)",
"016","Z","retired","categorical","2","2","category 2","FALSE","Cross-wave coding conflict: 2 differs for B (yes, completely), C/D/E/2B/F/G/H/3B/MB/I/J/K (yes, partly)",
"016","Z","retivol","categorical","1","1","category 1","FALSE","Cross-wave coding conflict: 1 differs for G/H/3B/MB/I (no, not retired), J/K (yes)",
"016","Z","retivol","categorical","2","2","category 2","FALSE","Cross-wave coding conflict: 2 differs for G/H/3B/MB/I (yes, retired entirely voluntarily), J/K (no, not (entirely) voluntarily)",
"016","Z","retnfr","categorical","4","4","reason category 4","FALSE","Cross-wave coding conflict: 4 differs for 2B (financially more favourable), 3B (no possibility for early retirement)",
"016","Z","retnfr","categorical","5","5","reason category 5","FALSE","Cross-wave coding conflict: 5 differs for 2B (other reason), 3B (financially more favourable)",
"016","Z","retreas","categorical","2","2","reason category 2","FALSE","Cross-wave coding conflict: 2 differs for 2B/3B (physically too heavy), J (other work related factors (organisational changes/conflicts))",
"016","Z","retreas","categorical","3","3","reason category 3","FALSE","Cross-wave coding conflict: 3 differs for 2B/3B (health complaints too hampering), J (physically too heavy)",
"016","Z","retreas","categorical","4","4","reason category 4","FALSE","Cross-wave coding conflict: 4 differs for 2B/3B (not motivated anymore), J (health complaints too hampering)",
"016","Z","retreas","categorical","5","5","reason category 5","FALSE","Cross-wave coding conflict: 5 differs for 2B/3B (nicer to spend more time on private life), J (afraid of deterioration of health)",
"016","Z","retreas","categorical","6","6","reason category 6","FALSE","Cross-wave coding conflict: 6 differs for 2B/3B (not possible anymore in the future), J (not motivated anymore/lost interest)",
"016","Z","retreas","categorical","7","7","reason category 7","FALSE","Cross-wave coding conflict: 7 differs for 2B/3B (other reason), J (more enjoyable to spend more time on private life)",
"016","Z","retyr","categorical","2","2","reason category 2","FALSE","Cross-wave coding conflict: 2 differs for 2B/3B (physically too heavy), J (other work related factors (organisational changes/conflicts))",
"016","Z","retyr","categorical","3","3","reason category 3","FALSE","Cross-wave coding conflict: 3 differs for 2B/3B (health complaints too hampering), J (physically too demanding)",
"016","Z","retyr","categorical","4","4","reason category 4","FALSE","Cross-wave coding conflict: 4 differs for 2B/3B (not motivated anymore), J (health complaints too limiting)",
"016","Z","retyr","categorical","5","5","reason category 5","FALSE","Cross-wave coding conflict: 5 differs for 2B/3B (nicer to spend more time on private life), J (afraid of deterioration of health)",
"016","Z","retyr","categorical","6","6","reason category 6","FALSE","Cross-wave coding conflict: 6 differs for 2B/3B (not possible anymore in the future), J (not motivated anymore/lost interest)",
"016","Z","retyr","categorical","7","7","reason category 7","FALSE","Cross-wave coding conflict: 7 differs for 2B/3B (other reason), J (more enjoyable to spend more time on private life)",
"016","Z","tasks","categorical","-2","-2","negative code -2","TRUE","Cross-wave coding conflict: -2 differs for J/K (not available, routing), J/K (mainly physically demanding tasks)",
"016","Z","tasks","categorical","-1","-1","negative code -1","TRUE","Cross-wave coding conflict: -1 differs for J/K (not available, asked), J/K (mainly mentally demanding tasks)",
"016","Z","workret","ordinal","2","2","ordinal category 2","FALSE","Cross-wave coding conflict: 2 differs for MB (i am sometimes not sure about this), I/J/K (i am not sure about this)",
"017","Z","inccat","ordinal","1","1","income category 1","FALSE","Cross-wave coding conflict: 1 differs for B/C (ƒ 1.000-1.250), 2B (454-567 euro), F/G/H/3B/MB/I (454-567 euro (1000-1250 fl)), J/K (0 en 453 euro (0-1000 fl))",
"017","Z","inccat","ordinal","2","2","income category 2","FALSE","Cross-wave coding conflict: 2 differs for B/C (ƒ 1.251-1.500), 2B (568-680 euro), F/G/H/3B/MB/I (568-680 euro (1251-1500 fl)), J/K (454-567 euro (1000-1250 fl))",
"017","Z","inccat","ordinal","3","3","income category 3","FALSE","Cross-wave coding conflict: 3 differs for B/C (ƒ 1.501-1.750), 2B (681-794 euro), F/G/H/3B/MB/I (681-794 euro (1501-1750 fl)), J/K (568-680 euro (1251-1500 fl))",
"017","Z","inccat","ordinal","4","4","income category 4","FALSE","Cross-wave coding conflict: 4 differs for B/C (ƒ 1.751-2.000), 2B (795-907 euro), F/G/H/3B/MB/I (795-907 euro (1751-2000 fl)), J/K (681-794 euro (1501-1750 fl))",
"017","Z","inccat","ordinal","5","5","income category 5","FALSE","Cross-wave coding conflict: 5 differs for B/C (ƒ 2.001-2.250), 2B (908-1021 euro), F/G/H/3B/MB/I (908-1021 euro (2001-2250 fl)), J/K (795-907 euro (1751-2000 fl))",
"017","Z","inccat","ordinal","6","6","income category 6","FALSE","Cross-wave coding conflict: 6 differs for B/C (ƒ 2.251-2.500), 2B (1022-1134 euro), F/G/H/3B/MB/I (1022-1134 euro (2251-2500 fl)), J/K (908-1021 euro (2001-2250 fl))",
"017","Z","inccat","ordinal","7","7","income category 7","FALSE","Cross-wave coding conflict: 7 differs for B/C (ƒ 2.501-3.000), 2B (1135-1361 euro), F/G/H/3B/MB/I (1135-1361 euro (2501-3000 fl)), J/K (1022-1134 euro (2251-2500 fl))",
"017","Z","inccat","ordinal","8","8","income category 8","FALSE","Cross-wave coding conflict: 8 differs for B/C (ƒ 3.001-3.500), 2B (1362-1588 euro), F/G/H/3B/MB/I (1362-1588 euro (3001-3500 fl)), J/K (1135-1361 euro (2501-3000 fl))",
"017","Z","inccat","ordinal","9","9","income category 9","FALSE","Cross-wave coding conflict: 9 differs for B/C (ƒ 3.501-4.000), 2B (1589-1815 euro), F/G/H/3B/MB/I (1589-1815 euro (3501-4000 fl)), J/K (1362-1588 euro (3001-3500 fl))",
"017","Z","inccat","ordinal","10","10","income category 10","FALSE","Cross-wave coding conflict: 10 differs for B/C (ƒ 4.001-4.500), 2B (1816-2042 euro), F/G/H/3B/MB/I (1816-2042 euro (4001-4500 fl)), J/K (1589-1815 euro (3501-4000 fl))",
"017","Z","inccat","ordinal","11","11","income category 11","FALSE","Cross-wave coding conflict: 11 differs for B/C (ƒ 4.501-5.000), 2B (2043-2269 euro), F/G/H/3B/MB/I (2043-2269 euro (4501-5000 fl)), J/K (1816-2042 euro (4001-4500 fl))",
"017","Z","inccat","ordinal","12","12","income category 12","FALSE","Cross-wave coding conflict: 12 differs for B/C (ƒ 5.001 or more per month), 2B (2270 euro or more), F (2270 euro or more (5001 fl or more)), G/H/3B/MB/I (2270-2495 euro (5001-5500 fl)), J/K (2043-2269 euro (4501-5000 fl))",
"017","Z","inccat","ordinal","13","13","income category 13","FALSE","Cross-wave coding conflict: 13 differs for G/H/3B/MB/I (2496-2722 euro (5501-6000 fl)), J/K (2270-2495 euro (5001-5500 fl))",
"017","Z","inccat","ordinal","14","14","income category 14","FALSE","Cross-wave coding conflict: 14 differs for G/H/3B/MB/I (2723-2949 euro (6001-6500 fl)), J/K (2496-2722 euro (5501-6000 fl))",
"017","Z","inccat","ordinal","15","15","income category 15","FALSE","Cross-wave coding conflict: 15 differs for G/H/3B/MB/I (2950-3176 euro (6501-7000 fl)), J/K (2723-2949 euro (6001-6500 fl))",
"017","Z","inccat","ordinal","16","16","income category 16","FALSE","Cross-wave coding conflict: 16 differs for G/H/3B/MB/I (3177-3403 euro (7001-7500 fl)), J/K (2950-3176 euro (6501-7000 fl))",
"017","Z","inccat","ordinal","17","17","income category 17","FALSE","Cross-wave coding conflict: 17 differs for G/H/3B/MB/I (3404-3630 euro (7501-8000 fl)), J/K (3177-3403 euro (7001-7500 fl))",
"017","Z","inccat","ordinal","18","18","income category 18","FALSE","Cross-wave coding conflict: 18 differs for G/H/3B/MB/I (3631-3857 euro (8001-8500 fl)), J/K (3404-3630 euro (7501-8000 fl))",
"017","Z","inccat","ordinal","19","19","income category 19","FALSE","Cross-wave coding conflict: 19 differs for G/H/3B/MB/I (3858-4084 euro (8501-9000 fl)), J/K (3631-3857 euro (8001-8500 fl))",
"017","Z","inccat","ordinal","20","20","income category 20","FALSE","Cross-wave coding conflict: 20 differs for G/H/3B/MB/I (4085-4311 euro (9001-9500 fl)), J/K (3858-4084 euro (8501-9000 fl))",
"017","Z","inccat","ordinal","21","21","income category 21","FALSE","Cross-wave coding conflict: 21 differs for G/H/3B/MB/I (4312-4537 euro (9501-10000 fl)), J/K (4085-4311 euro (9001-9500 fl))",
"017","Z","inccat","ordinal","22","22","income category 22","FALSE","Cross-wave coding conflict: 22 differs for G/H/3B/MB/I (4538-4991 euro (10001-11000 fl)), J/K (4312-4537 euro (9501-10000 fl))",
"017","Z","inccat","ordinal","23","23","income category 23","FALSE","Cross-wave coding conflict: 23 differs for G/H/3B/MB/I (4992-5445 euro (11001-12000 fl)), J/K (4538-4991 euro (10001-11000 fl))",
"017","Z","inccat","ordinal","24","24","income category 24","FALSE","Cross-wave coding conflict: 24 differs for G/H/3B/MB/I (5446 or more (12000 fl or more)), J/K (4992-5445 euro (11001-12000 fl))",
"017","Z","partinc","categorical","-5","-5","not available","TRUE","Cross-wave coding conflict: -5 differs for B (not available, refused), 2B/F/G/H/3B/MB/I/J/K (not available, partner out household)",
"017","Z","partinc","categorical","-2","-2","not available","TRUE","Cross-wave coding conflict: -2 differs for B (not available, routing), C/D/E/2B/F/G/H/3B/MB/I/J/K (not available, no partner)",
"017","Z","partinc","categorical","1","1","category 1","FALSE","Cross-wave coding conflict: 1 differs for B (yes), C/D/E/2B/F/G/H/3B/MB/I/J/K (no)",
"017","Z","respinc","binary","1","1","binary category 1","FALSE","Cross-wave coding conflict: 1 differs for B (yes), C/D/E/2B/F/G/H/3B/MB/I/J/K (no)",
"019","Z","incdecl","ordinal","-1","-1","not available","TRUE","Cross-wave coding conflict: -1 differs for B (not available, do not know), C/D/2B/G/H/3B/MB/I/J/K (not available, asked)",
"019","Z","incdecl","ordinal","2","2","income category 2","FALSE","Cross-wave coding conflict: 2 differs for B/C/D (yes, < ƒ 100), 2B (yes, < 45,45 euro), G/H/3B/MB/I/J/K (yes, < 45 euro)",
"019","Z","incdecl","ordinal","3","3","income category 3","FALSE","Cross-wave coding conflict: 3 differs for B/C/D (yes, ƒ 100-200), 2B (yes, 45,45-90,90 euro), G/H/3B/MB/I/J/K (yes, 45-136 euro)",
"019","Z","incdecl","ordinal","4","4","income category 4","FALSE","Cross-wave coding conflict: 4 differs for B/C/D (yes, ƒ 200-300), 2B (yes, 90,90-136,36 euro), G/H/3B/MB/I/J/K (yes, 136-227 euro)",
"019","Z","incdecl","ordinal","5","5","income category 5","FALSE","Cross-wave coding conflict: 5 differs for B/C/D (yes, ƒ 300-400), 2B (yes, 136,36-181,81 euro), G/H/3B/MB/I/J/K (yes, 227-318 euro)",
"019","Z","incdecl","ordinal","6","6","income category 6","FALSE","Cross-wave coding conflict: 6 differs for B/C/D (yes, ƒ 400-500), 2B (yes, 181,81-227,27 euro), G/H/3B/MB/I/J/K (yes, 318-410 euro)",
"019","Z","incdecl","ordinal","7","7","income category 7","FALSE","Cross-wave coding conflict: 7 differs for B (yes, > ƒ 500), C/D (yes, ƒ 500 >), 2B (yes, > 227,27 euro), G/H/3B/MB/I/J/K (yes, > 410 euro)",
"019","Z","incsat1","ordinal","-1","-1","not available","TRUE","Cross-wave coding conflict: -1 differs for B (not available, do not know), C/D/E/2B/F/G/H/3B/MB/I/J/K (not available, asked)",
"019","Z","incsat2","ordinal","-1","-1","not available","TRUE","Cross-wave coding conflict: -1 differs for B (not available, do not know), C/D/E/2B/F/G/H/3B/MB/I/J/K (not available, asked)",
"021","Z","mmse12","numeric","1","1","MMSE item12 response category 1","FALSE","Cross-wave coding conflict: 1 differs for B/C/D/E/2B/F/G/H/3B/I/J/K (1 right), MB (wrong)",
"021","Z","mmse12","numeric","2","2","MMSE item12 response category 2","FALSE","Cross-wave coding conflict: 2 differs for B/C/D/E/2B/F/G/H/3B/I/J/K (2 right), MB (correct)",
"023","Z","evmem08","categorical","-1","-1","not available","TRUE","Cross-wave coding conflict: -1 differs for B (not available, asked), F (not available, no observation)",
"023","Z","evmem08","categorical","3","3","other handedness/writing category","FALSE","Cross-wave coding conflict: 3 differs for B (left handed but right hand), F (R cannot write / other remark)",
"028","Z","advemv","numeric","-2","-2","not available","TRUE","Cross-wave coding conflict: -2 differs for B (not available, routing), C/D/E/2B/F/G/H/3B/I/J/K (not available, no valid data)",
"028","Z","alcmv","numeric","-2","-2","not available","TRUE","Cross-wave coding conflict: -2 differs for B (not available, routing), C/D/E/2B/F/G/H/3B/I/J/K (not available, no valid data)",
"028","Z","compmv","numeric","-2","-2","not available","TRUE","Cross-wave coding conflict: -2 differs for B (not available, routing), C/D/E/2B/F/G/H/3B/I/J/K (not available, no valid data)",
"028","Z","initmv","numeric","-2","-2","not available","TRUE","Cross-wave coding conflict: -2 differs for B (not available, routing), C/D/E/2B/F/G/H/3B/I/J/K (not available, no valid data)",
"030","Z","adl1a","ordinal","3","3","functional ability category 3","FALSE","Cross-wave coding conflict: 3 differs for B (yes, with difficulty), C/D/E/2B/F/G/H/3B/MB/I/J/K (yes, with much difficulty)",
"030","Z","adl1a","ordinal","4","4","functional ability category 4","FALSE","Cross-wave coding conflict: 4 differs for B (yes, without help), C/D/E/2B/F/G/H/3B/MB/I/J/K (yes, with some difficulty)",
"030","Z","adl4a","ordinal","3","3","functional ability category 3","FALSE","Cross-wave coding conflict: 3 differs for B (yes, with difficulty), C/D/E/2B/F/G/H/3B/MB/I/J/K (yes, with much difficulty)",
"030","Z","adl4a","ordinal","4","4","functional ability category 4","FALSE","Cross-wave coding conflict: 4 differs for B (yes, without help), C/D/E/2B/F/G/H/3B/MB/I/J/K (yes, with some difficulty)",
"030","Z","adl6a","ordinal","3","3","functional ability category 3","FALSE","Cross-wave coding conflict: 3 differs for B (yes, with difficulty), C/D/E/2B/F/G/H/3B/MB/I/J/K (yes, with much difficulty)",
"030","Z","adl6a","ordinal","4","4","functional ability category 4","FALSE","Cross-wave coding conflict: 4 differs for B (yes, without help), C/D/E/2B/F/G/H/3B/MB/I/J/K (yes, with some difficulty)",
"031","Z","msens04","ordinal","5","5","coding category 5","FALSE","Cross-wave coding conflict: 5 differs for F/G (R does not use aid), H/I/J/K (R does not have glasses or contact lenses)",
"031","Z","sense04","ordinal","5","5","coding category 5","FALSE","Cross-wave coding conflict: 5 differs for D/E/2B (R does not use aid), 3B (R does not have glasses or contact lenses)",
"031","Z","sense7a","ordinal","2","2","coding category 2","FALSE","Cross-wave coding conflict: 2 differs for 3B (yes, possess one without use), MB (yes, possess one or two without use)",
"031","Z","sense7a","ordinal","3","3","coding category 3","FALSE","Cross-wave coding conflict: 3 differs for 3B (yes, possess two without use), MB (yes, possess one or two with use)",
"033","Z","dhour01","numeric","-4","-4","not available","TRUE","Cross-wave coding conflict: -4 differs for B (not available, short interview), G/H/3B/MB/I/J/K (not available, refused)",
"033","Z","dhour01","numeric","-1","-1","not available","TRUE","Cross-wave coding conflict: -1 differs for B (not available, no valid answer), C/D/E/2B/F/G/H/3B/MB/I/J/K (not available, asked)",
"033","Z","dhour02","numeric","-4","-4","not available","TRUE","Cross-wave coding conflict: -4 differs for B (not available, short interview), G/H/3B/MB/I (not available, refused)",
"033","Z","dhour02","numeric","-1","-1","not available","TRUE","Cross-wave coding conflict: -1 differs for B (not available, no valid answer), C/D/E/2B/F/G/H/3B/MB/I (not available, asked)",
"033","Z","dhour03","numeric","-4","-4","not available","TRUE","Cross-wave coding conflict: -4 differs for B (not available, short interview), G/H/3B/MB/I/J/K (not available, refused)",
"033","Z","dhour03","numeric","-1","-1","not available","TRUE","Cross-wave coding conflict: -1 differs for B (not available, no valid answer), C/D/E/2B/F/G/H/3B/MB/I/J/K (not available, asked)",
"033","Z","dhour04","numeric","-4","-4","not available","TRUE","Cross-wave coding conflict: -4 differs for B (not available, short interview), G/H/3B/MB/I (not available, refused)",
"033","Z","dhour04","numeric","-1","-1","not available","TRUE","Cross-wave coding conflict: -1 differs for B (not available, no valid answer), C/D/E/2B/F/G/H/3B/MB/I (not available, asked)",
"033","Z","dhour05","numeric","-4","-4","not available","TRUE","Cross-wave coding conflict: -4 differs for B (not available, short interview), G/H/3B/MB/I/J/K (not available, refused)",
"033","Z","dhour05","numeric","-1","-1","not available","TRUE","Cross-wave coding conflict: -1 differs for B (not available, no valid answer), C/D/E/2B/F/G/H/3B/MB/I/J/K (not available, asked)",
"033","Z","dhour06","numeric","-4","-4","not available","TRUE","Cross-wave coding conflict: -4 differs for B (not available, short interview), G/H/3B/MB (not available, refused)",
"033","Z","dhour06","numeric","-1","-1","not available","TRUE","Cross-wave coding conflict: -1 differs for B (not available, no valid answer), C/D/E/2B/F/G/H/3B/MB (not available, asked)",
"033","Z","dhour07","numeric","-4","-4","not available","TRUE","Cross-wave coding conflict: -4 differs for B (not available, short interview), G/H/3B/MB/I/J/K (not available, refused)",
"033","Z","dhour07","numeric","-1","-1","not available","TRUE","Cross-wave coding conflict: -1 differs for B (not available, no valid answer), C/D/E/2B/F/G/H/3B/MB/I/J/K (not available, asked)",
"033","Z","dhour08","numeric","-4","-4","not available","TRUE","Cross-wave coding conflict: -4 differs for B (not available, short interview), G/H/3B/MB/I/J/K (not available, refused)",
"033","Z","dhour08","numeric","-1","-1","not available","TRUE","Cross-wave coding conflict: -1 differs for B (not available, no valid answer), C/D/E/2B/F/G/H/3B/MB/I/J/K (not available, asked)",
"033","Z","dhour09","numeric","-4","-4","not available","TRUE","Cross-wave coding conflict: -4 differs for B (not available, short interview), G/H/3B/MB/I/J/K (not available, refused)",
"033","Z","dhour09","numeric","-1","-1","not available","TRUE","Cross-wave coding conflict: -1 differs for B (not available, no valid answer), C/D/E/2B/F/G/H/3B/MB/I/J/K (not available, asked)",
"033","Z","dhour10","numeric","-4","-4","not available","TRUE","Cross-wave coding conflict: -4 differs for B (not available, short interview), G/H/3B/MB/I/J/K (not available, refused)",
"033","Z","dhour10","numeric","-1","-1","not available","TRUE","Cross-wave coding conflict: -1 differs for B (not available, no valid answer), C/D/E/2B/F/G/H/3B/MB/I/J/K (not available, asked)",
"033","Z","dhour11","numeric","-4","-4","not available","TRUE","Cross-wave coding conflict: -4 differs for B (not available, short interview), G/H/3B/MB/I/J/K (not available, refused)",
"033","Z","dhour11","numeric","-1","-1","not available","TRUE","Cross-wave coding conflict: -1 differs for B (not available, no valid answer), C/D/E/2B/F/G/H/3B/MB/I/J/K (not available, asked)",
"033","Z","dhour12","numeric","-4","-4","not available","TRUE","Cross-wave coding conflict: -4 differs for B (not available, short interview), G/H/3B/MB/I/J/K (not available, refused)",
"033","Z","dhour12","numeric","-1","-1","not available","TRUE","Cross-wave coding conflict: -1 differs for B (not available, no valid answer), C/D/E/2B/F/G/H/3B/MB/I/J/K (not available, asked)",
"033","Z","health2","categorical","4","4","coding category 4","FALSE","Cross-wave coding conflict: 4 differs for B (do not know), C/D/E/2B/F/G/H/3B/I/J/K (refused to answer)",
"033","Z","pgbyn","categorical","2","2","coding category 2","FALSE","Cross-wave coding conflict: 2 differs for H (not available, routing), H (yes)",
"033","Z","phelpyn","categorical","-7","-7","not available","TRUE","Cross-wave coding conflict: -7 differs for B (not available, p out hh), C/D/E/2B/F/G/H/3B/MB/I/J/K (not available, p outside hh)",
"033","Z","phour01","numeric","-4","-4","not available","TRUE","Cross-wave coding conflict: -4 differs for B (not available, short interview), G/H/3B/MB/I/J/K (not available, refused)",
"033","Z","phour01","numeric","-1","-1","not available","TRUE","Cross-wave coding conflict: -1 differs for B (not available, no valid answer), C/D/E/2B/F/G/H/3B/MB/I/J/K (not available, asked)",
"033","Z","phour02","numeric","-4","-4","not available","TRUE","Cross-wave coding conflict: -4 differs for B (not available, short interview), G/H/3B/MB/I (not available, refused)",
"033","Z","phour02","numeric","-1","-1","not available","TRUE","Cross-wave coding conflict: -1 differs for B (not available, no valid answer), C/D/E/2B/F/G/H/3B/MB/I (not available, asked)",
"033","Z","phour03","numeric","-4","-4","not available","TRUE","Cross-wave coding conflict: -4 differs for B (not available, short interview), G/H/3B/MB/I/J/K (not available, refused)",
"033","Z","phour03","numeric","-1","-1","not available","TRUE","Cross-wave coding conflict: -1 differs for B (not available, no valid answer), C/D/E/2B/F/G/H/3B/MB/I/J/K (not available, asked)",
"033","Z","phour04","numeric","-4","-4","not available","TRUE","Cross-wave coding conflict: -4 differs for B (not available, short interview), G/H/3B/MB/I (not available, refused)",
"033","Z","phour04","numeric","-1","-1","not available","TRUE","Cross-wave coding conflict: -1 differs for B (not available, no valid answer), C/D/E/2B/F/G/H/3B/MB/I (not available, asked)",
"033","Z","phour05","numeric","-4","-4","not available","TRUE","Cross-wave coding conflict: -4 differs for B (not available, short interview), G/H/3B/MB/I/J/K (not available, refused)",
"033","Z","phour05","numeric","-1","-1","not available","TRUE","Cross-wave coding conflict: -1 differs for B (not available, no valid answer), C/D/E/2B/F/G/H/3B/MB/I/J/K (not available, asked)",
"033","Z","phour06","numeric","-4","-4","not available","TRUE","Cross-wave coding conflict: -4 differs for B (not available, short interview), G/H/3B/MB (not available, refused)",
"033","Z","phour06","numeric","-1","-1","not available","TRUE","Cross-wave coding conflict: -1 differs for B (not available, no valid answer), C/D/E/2B/F/G/H/3B/MB (not available, asked)",
"033","Z","phour07","numeric","-4","-4","not available","TRUE","Cross-wave coding conflict: -4 differs for B (not available, short interview), G/H/3B/MB/I/J/K (not available, refused)",
"033","Z","phour07","numeric","-1","-1","not available","TRUE","Cross-wave coding conflict: -1 differs for B (not available, no valid answer), C/D/E/2B/F/G/H/3B/MB/I/J/K (not available, asked)",
"033","Z","phour08","numeric","-4","-4","not available","TRUE","Cross-wave coding conflict: -4 differs for B (not available, short interview), G/H/3B/MB/I/J/K (not available, refused)",
"033","Z","phour08","numeric","-1","-1","not available","TRUE","Cross-wave coding conflict: -1 differs for B (not available, no valid answer), C/D/E/2B/F/G/H/3B/MB/I/J/K (not available, asked)",
"033","Z","phour09","numeric","-4","-4","not available","TRUE","Cross-wave coding conflict: -4 differs for B (not available, short interview), G/H/3B/MB/I/J/K (not available, refused)",
"033","Z","phour09","numeric","-1","-1","not available","TRUE","Cross-wave coding conflict: -1 differs for B (not available, no valid answer), C/D/E/2B/F/G/H/3B/MB/I/J/K (not available, asked)",
"033","Z","phour10","numeric","-4","-4","not available","TRUE","Cross-wave coding conflict: -4 differs for B (not available, short interview), G/H/3B/MB/I/J/K (not available, refused)",
"033","Z","phour10","numeric","-1","-1","not available","TRUE","Cross-wave coding conflict: -1 differs for B (not available, no valid answer), C/D/E/2B/F/G/H/3B/MB/I/J/K (not available, asked)",
"033","Z","phour11","numeric","-4","-4","not available","TRUE","Cross-wave coding conflict: -4 differs for B (not available, short interview), G/H/3B/MB/I/J/K (not available, refused)",
"033","Z","phour11","numeric","-1","-1","not available","TRUE","Cross-wave coding conflict: -1 differs for B (not available, no valid answer), C/D/E/2B/F/G/H/3B/MB/I/J/K (not available, asked)",
"033","Z","phour12","numeric","-4","-4","not available","TRUE","Cross-wave coding conflict: -4 differs for B (not available, short interview), G/H/3B/MB/I/J/K (not available, refused)",
"033","Z","phour12","numeric","-1","-1","not available","TRUE","Cross-wave coding conflict: -1 differs for B (not available, no valid answer), C/D/E/2B/F/G/H/3B/MB/I/J/K (not available, asked)",
"033","Z","rhour01","numeric","-4","-4","not available","TRUE","Cross-wave coding conflict: -4 differs for B (not available, short interview), G/H/3B/MB/I/J/K (not available, refused)",
"033","Z","rhour01","numeric","-1","-1","not available","TRUE","Cross-wave coding conflict: -1 differs for B (not available, no valid answer), C/D/E/2B/F/G/H/3B/MB/I/J/K (not available, asked)",
"033","Z","rhour02","numeric","-4","-4","not available","TRUE","Cross-wave coding conflict: -4 differs for B/C/D/E/2B/F (not available, short interview), G/H/3B/MB/I (not available, refused)",
"033","Z","rhour02","numeric","-1","-1","not available","TRUE","Cross-wave coding conflict: -1 differs for B/C/D/E/2B/F (not available, no valid answer), G/H/3B/MB/I (not available, asked)",
"033","Z","rhour03","numeric","-4","-4","not available","TRUE","Cross-wave coding conflict: -4 differs for B/C/D/E/2B/F (not available, short interview), G/H/3B/MB/I/J/K (not available, refused)",
"033","Z","rhour03","numeric","-1","-1","not available","TRUE","Cross-wave coding conflict: -1 differs for B/C/D/E/2B/F (not available, no valid answer), G/H/3B/MB/I/J/K (not available, asked)",
"033","Z","rhour04","numeric","-4","-4","not available","TRUE","Cross-wave coding conflict: -4 differs for B/C/D/E/2B/F (not available, short interview), G/H/3B/MB/I (not available, refused)",
"033","Z","rhour04","numeric","-1","-1","not available","TRUE","Cross-wave coding conflict: -1 differs for B/C/D/E/2B/F (not available, no valid answer), G/H/3B/MB/I (not available, asked)",
"033","Z","rhour05","numeric","-4","-4","not available","TRUE","Cross-wave coding conflict: -4 differs for B/C/D/E/2B/F (not available, short interview), G/H/3B/MB/I/J/K (not available, refused)",
"033","Z","rhour05","numeric","-1","-1","not available","TRUE","Cross-wave coding conflict: -1 differs for B/C/D/E/2B/F (not available, no valid answer), G/H/3B/MB/I/J/K (not available, asked)",
"033","Z","rhour06","numeric","-4","-4","not available","TRUE","Cross-wave coding conflict: -4 differs for B/C/D/E/2B/F (not available, short interview), G/H/3B/MB (not available, refused)",
"033","Z","rhour06","numeric","-1","-1","not available","TRUE","Cross-wave coding conflict: -1 differs for B/C/D/E/2B/F (not available, no valid answer), G/H/3B/MB (not available, asked)",
"033","Z","rhour07","numeric","-4","-4","not available","TRUE","Cross-wave coding conflict: -4 differs for B/C/D/E/2B/F (not available, short interview), G/H/3B/MB/I/J/K (not available, refused)",
"033","Z","rhour07","numeric","-1","-1","not available","TRUE","Cross-wave coding conflict: -1 differs for B/C/D/E/2B/F (not available, no valid answer), G/H/3B/MB/I/J/K (not available, asked)",
"033","Z","rhour08","numeric","-4","-4","not available","TRUE","Cross-wave coding conflict: -4 differs for B/C/D/E/2B/F (not available, short interview), G/H/3B/MB/I/J/K (not available, refused)",
"033","Z","rhour08","numeric","-1","-1","not available","TRUE","Cross-wave coding conflict: -1 differs for B/C/D/E/2B/F (not available, no valid answer), G/H/3B/MB/I/J/K (not available, asked)",
"033","Z","rhour09","numeric","-4","-4","not available","TRUE","Cross-wave coding conflict: -4 differs for B/C/D/E/2B/F (not available, short interview), G/H/3B/MB/I/J/K (not available, refused)",
"033","Z","rhour09","numeric","-1","-1","not available","TRUE","Cross-wave coding conflict: -1 differs for B/C/D/E/2B/F (not available, no valid answer), G/H/3B/MB/I/J/K (not available, asked)",
"033","Z","rhour10","numeric","-4","-4","not available","TRUE","Cross-wave coding conflict: -4 differs for B/C/D/E/2B/F (not available, short interview), G/H/3B/MB/I/J/K (not available, refused)",
"033","Z","rhour10","numeric","-1","-1","not available","TRUE","Cross-wave coding conflict: -1 differs for B/C/D/E/2B/F (not available, no valid answer), G/H/3B/MB/I/J/K (not available, asked)",
"033","Z","rhour11","numeric","-4","-4","not available","TRUE","Cross-wave coding conflict: -4 differs for B/C/D/E/2B/F (not available, short interview), G/H/3B/MB/I/J/K (not available, refused)",
"033","Z","rhour11","numeric","-1","-1","not available","TRUE","Cross-wave coding conflict: -1 differs for B/C/D/E/2B/F (not available, no valid answer), G/H/3B/MB/I/J/K (not available, asked)",
"033","Z","rhour12","numeric","-4","-4","not available","TRUE","Cross-wave coding conflict: -4 differs for B/C/D/E/2B/F (not available, short interview), G/H/3B/MB/I/J/K (not available, refused)",
"033","Z","rhour12","numeric","-1","-1","not available","TRUE","Cross-wave coding conflict: -1 differs for B/C/D/E/2B/F (not available, no valid answer), G/H/3B/MB/I/J/K (not available, asked)",
"033","Z","suffic","ordinal","-2","-2","not available","TRUE","Cross-wave coding conflict: -2 differs for B/H/3B/I/J/K (not available, routing), C (not available, cr- cp- & cdhelpyn), D/2B (not available, d/br- d/bp- & d/bdhelpyn), E (not available, er- ep- & edhelpyn), F (not available, fr- fp- & fdhelpyn), G (not available, gr- gp- & gdhelpyn)",
"033","Z","suffic","ordinal","2","2","ordinal category 2","FALSE","Cross-wave coding conflict: 2 differs for B/C/D/E/2B/F/G (in between s/i), H/3B/MB/I/J/K (in between sufficient/insufficient)",
"033","Z","suffic","ordinal","4","4","ordinal category 4","FALSE","Cross-wave coding conflict: 4 differs for B/C/D/E/2B/F/G/H/3B/I/J/K (do not know), MB (do not know/not applicable)",
"034","Z","cardig4","numeric","-1","-1","not available","TRUE","Cross-wave coding conflict: -1 differs for B (not available, asked), C/D/E/2B/F/G/H/3B/I/J/K (not available, no valid answer)",
"034","Z","cardig8","numeric","-1","-1","not available","TRUE","Cross-wave coding conflict: -1 differs for B (not available, asked), C/D/E/2B/F/G/H/3B/I/J/K (not available, no valid answer)",
"034","Z","cardig9","categorical","3","3","coding category 3","FALSE","Cross-wave coding conflict: 3 differs for D/E/2B (otherway), F/G/H/3B/I/J/K (test not done)",
"034","Z","tandem1","categorical","3","3","coding category 3","FALSE","Cross-wave coding conflict: 3 differs for C/D/E/F/G/H/3B/MB/I (falls almost direct), J/K (immediately steps out of position (in less than 1 second))",
"034","Z","walk04","numeric","-1","-1","not available","TRUE","Cross-wave coding conflict: -1 differs for B (not available, asked), C/D/E/2B/F/G/H/3B/MB/I/J/K (not available, no valid answer)",
"034","Z","walk05","numeric","-1","-1","not available","TRUE","Cross-wave coding conflict: -1 differs for B (not available, asked), C/D/E/2B/F/G (not available, no valid answer)",
"034","Z","walk06","categorical","3","3","coding category 3","FALSE","Cross-wave coding conflict: 3 differs for B/C (other), D/E/2B/F/G/H/3B/MB/I/J/K (rollator)",
"034","Z","walk06","categorical","4","4","coding category 4","FALSE","Cross-wave coding conflict: 4 differs for B/C (none), D (other), E/2B/F/G/H/3B/MB/I/J/K (leaning on objects/interviewer)",
"034","Z","walk06","categorical","5","5","coding category 5","FALSE","Cross-wave coding conflict: 5 differs for D (none), E/2B/F/G/H/3B/MB/I/J/K (other)",
"034","Z","walk07","ordinal","2","2","performance category 2","FALSE","Cross-wave coding conflict: 2 differs for B/C/D/E/2B/F/G/H (yes), 3B/MB (hurts a little bit)",
"034","H","walk09","categorical",,,,,"Source gap: LASA034 lists HWALK09 in the grouped variable name, but the wave-specific value definitions document C/D/E/2B/F/G and 3B/MB/I/J/K, omitting H.",
"034","Z","walk09","categorical","1","1","coding category 1","FALSE","Cross-wave coding conflict: 1 differs for B/C/D/E/2B/F/G (yes), 3B/MB/I/J/K (no)",
"034","Z","walk09","categorical",,,,,"Source gap: LASA034 lists HWALK09 in the grouped variable name, but the wave-specific value definitions document C/D/E/2B/F/G and 3B/MB/I/J/K, omitting H.",
"035","Z","artvei1","ordinal","-5","-5","not available","TRUE","Cross-wave coding conflict: -5 differs for B (not available, interview terminated), C/D/E/2B/F/G/H/3B/MB/I/J/K (not available, routing)",
"035","Z","artvei1","ordinal","0","0","ordinal category 0","FALSE","Cross-wave coding conflict: 0 differs for B/D/E/F/G/H/I/J/K (no), C (no, never)",
"035","Z","artvei1","ordinal","1","1","ordinal category 1","FALSE","Cross-wave coding conflict: 1 differs for B (yes), C (no, BARTVEI1 yes), D/E/F/G/H/I/J/K (no, previous interview yes), 2B/3B/MB (no)",
"035","Z","artvei1","ordinal","2","2","ordinal category 2","FALSE","Cross-wave coding conflict: 2 differs for C (yes, BARTVEI1 no), D/E/F/G/H/I/J/K (yes, previous interview no), 2B/3B/MB (yes)",
"035","Z","artvei1","ordinal","3","3","ordinal category 3","FALSE","Cross-wave coding conflict: 3 differs for C (yes, BARTVEI1 yes), D/E/F/G/H/I/J/K (yes, previous interview yes)",
"035","Z","artvei1b","ordinal","-1","-1","not available","TRUE","Cross-wave coding conflict: -1 differs for K (not available, routing), K (not available, asked)",
"035","Z","artvei3","categorical","1","1","coding category 1","FALSE","Cross-wave coding conflict: 1 differs for B (yes), C/D/E/2B/F/G/H/3B (no)",
"035","Z","artvei4","categorical","1","1","coding category 1","FALSE","Cross-wave coding conflict: 1 differs for B (yes, family physician), C/D/E/2B/F/G/H/3B/I/J/K (no)",
"035","Z","artvei4","categorical","2","2","coding category 2","FALSE","Cross-wave coding conflict: 2 differs for B (yes, specialist), C/D/E/2B/F/G/H/3B/I/J/K (yes, family physician)",
"035","Z","artvei5","categorical","1","1","coding category 1","FALSE","Cross-wave coding conflict: 1 differs for B (yes), C/D/E/2B/F/G/H/3B/I/J/K (no)",
"035","Z","artvei7","categorical","1","1","coding category 1","FALSE","Cross-wave coding conflict: 1 differs for B (yes), C (see cartvei6, no), D/E/2B/F/G/H/3B/I/J/K (no)",
"035","Z","artvei8","categorical","1","1","coding category 1","FALSE","Cross-wave coding conflict: 1 differs for B (yes), C/D/E/2B/F/G/H/3B/I/J/K (no)",
"035","Z","cance5a","categorical","1","1","coding category 1","FALSE","Cross-wave coding conflict: 1 differs for B (mentioned), C/D/E/2B/F/G/H/3B/I/J/K (not mentioned)",
"035","Z","cance5b","categorical","1","1","coding category 1","FALSE","Cross-wave coding conflict: 1 differs for B (mentioned), C/D/E/2B/F/G/H/3B/I/J/K (not mentioned)",
"035","Z","cance5c","categorical","1","1","coding category 1","FALSE","Cross-wave coding conflict: 1 differs for B (mentioned), C/D/E/2B/F/G/H/3B/I/J/K (not mentioned)",
"035","Z","cance5d","categorical","-7","-7","coding category -7","TRUE","Cross-wave coding conflict: -7 differs for C/D/E/F/G/H/I/J/K (tumor, uterus not asked, male), 2B/3B (tumor, cervix not asked, male)",
"035","Z","cance5d","categorical","1","1","coding category 1","FALSE","Cross-wave coding conflict: 1 differs for B (mentioned), C/D/E/2B/F/G/H/3B/I/J/K (not mentioned)",
"035","Z","cance5e","categorical","1","1","coding category 1","FALSE","Cross-wave coding conflict: 1 differs for B (mentioned), C/D/E/2B/F/G/H/3B/I/J/K (not mentioned)",
"035","Z","cance5f","categorical","1","1","coding category 1","FALSE","Cross-wave coding conflict: 1 differs for B (mentioned), C/D/E/2B/F/G/H/3B/I/J/K (not mentioned)",
"035","Z","cance5g","categorical","1","1","coding category 1","FALSE","Cross-wave coding conflict: 1 differs for B (mentioned), C/D/E/2B/F/G/H/3B/I/J/K (not mentioned)",
"035","Z","cance5h","categorical","1","1","coding category 1","FALSE","Cross-wave coding conflict: 1 differs for B (mentioned), C/D/E/2B/F/G/H/3B/I/J/K (not mentioned)",
"035","Z","cance5i","categorical","1","1","coding category 1","FALSE","Cross-wave coding conflict: 1 differs for B (mentioned), C/D/E/2B/F/G/H/3B/I/J/K (not mentioned)",
"035","Z","cance5j","categorical","1","1","coding category 1","FALSE","Cross-wave coding conflict: 1 differs for B (mentioned), C/D/E/2B/F/G/H/3B/I/J/K (not mentioned)",
"035","Z","cance5k","categorical","1","1","coding category 1","FALSE","Cross-wave coding conflict: 1 differs for B (mentioned), C/D/E/2B/F/G/H/3B/I/J/K (not mentioned)",
"035","Z","cance5l","categorical","1","1","coding category 1","FALSE","Cross-wave coding conflict: 1 differs for B (mentioned), C/D/E/2B/F/G/H/3B/I/J/K (not mentioned)",
"035","Z","cance5m","string","0","0","to be coded","FALSE","Cross-wave variable-type conflict: C/D/E/2B/F/G/H document a coded 'to be coded' value, while 3B/I document no value labels for the open-text 'which other' field; harmonized as string.",
"035","Z","cance6a","categorical","1","1","coding category 1","FALSE","Cross-wave coding conflict: 1 differs for B (mentioned), C/D/E/2B/F/G/H/3B/I/J/K (not mentioned)",
"035","Z","cance6b","categorical","1","1","coding category 1","FALSE","Cross-wave coding conflict: 1 differs for B (mentioned), C/D/E/2B/F/G/H/3B/I/J/K (not mentioned)",
"035","Z","cance6c","categorical","1","1","coding category 1","FALSE","Cross-wave coding conflict: 1 differs for B (mentioned), C/D/E/2B/F/G/H/3B/I/J/K (not mentioned)",
"035","Z","cance6d","categorical","1","1","coding category 1","FALSE","Cross-wave coding conflict: 1 differs for B (mentioned), C/D/E/2B/F/G/H/3B/I/J/K (not mentioned)",
"035","Z","cance6e","categorical","1","1","coding category 1","FALSE","Cross-wave coding conflict: 1 differs for B (mentioned), C/D/E/2B/F/G/H/3B/I/J/K (not mentioned)",
"035","Z","cance6g","string","0","0","to be coded","FALSE","Cross-wave variable-type conflict: C/D/E/2B/F/G/H document a coded 'to be coded' value, while 3B/I document the field as string/no value labels; harmonized as string.",
"035","Z","cance7a","categorical","1","1","coding category 1","FALSE","Cross-wave coding conflict: 1 differs for B (mentioned), C/D/E/2B/F/G/H/3B/I/J/K (not mentioned)",
"035","Z","cance7b","categorical","1","1","coding category 1","FALSE","Cross-wave coding conflict: 1 differs for B (mentioned), C/D/E/2B/F/G/H/3B/I/J/K (not mentioned)",
"035","Z","cance7c","categorical","1","1","coding category 1","FALSE","Cross-wave coding conflict: 1 differs for B (mentioned), C/D/E/2B/F/G/H/3B/I/J/K (not mentioned)",
"035","Z","cance7d","categorical","1","1","coding category 1","FALSE","Cross-wave coding conflict: 1 differs for B (mentioned), C/D/E/2B/F/G/H/3B/I/J/K (not mentioned)",
"035","Z","cancer1","ordinal","-5","-5","not available","TRUE","Cross-wave coding conflict: -5 differs for B (not available, interview terminated), C/D/E/2B/F/G/H/3B/I/J/K (not available, routing)",
"035","Z","cancer1","ordinal","0","0","ordinal category 0","FALSE","Cross-wave coding conflict: 0 differs for B/D/E/F/G/H/I/J/K (no), C (no never)",
"035","Z","cancer1","ordinal","1","1","ordinal category 1","FALSE","Cross-wave coding conflict: 1 differs for B (yes), C (no, BCANCER1 yes), D/E/F/G/H/I/J/K (no, previous interview yes), 2B/3B (no)",
"035","Z","cancer1","ordinal","2","2","ordinal category 2","FALSE","Cross-wave coding conflict: 2 differs for C (yes, BCANCER1 no), D/E/F/G/H/I/J/K (yes, previous interview no), 2B/3B (yes)",
"035","Z","cancer1","ordinal","3","3","ordinal category 3","FALSE","Cross-wave coding conflict: 3 differs for C (yes, BCANCER1 yes), D/E/F/G/H/I/J/K (yes, previous interview yes)",
"035","Z","cancer3","categorical","1","1","coding category 1","FALSE","Cross-wave coding conflict: 1 differs for B (yes), C/D/E/2B/F/G/H/3B (no)",
"035","Z","cancer4","categorical","1","1","coding category 1","FALSE","Cross-wave coding conflict: 1 differs for B (yes, family physician), C/D/E/2B/F/G/H/3B/I/J/K (no)",
"035","Z","cancer4","categorical","2","2","coding category 2","FALSE","Cross-wave coding conflict: 2 differs for B (yes, specialist), C/D/E/2B/F/G/H/3B/I/J/K (yes, family physician)",
"035","Z","cancer6","categorical","1","1","coding category 1","FALSE","Cross-wave coding conflict: 1 differs for B (mentioned), C/D/E/2B/F/G/H/3B/I/J/K (no)",
"035","Z","cara01","ordinal","-5","-5","not available","TRUE","Cross-wave coding conflict: -5 differs for B (not available, interview terminated), C/D/E/2B/F/G/H/3B/MB/I/J/K (not available, routing)",
"035","Z","cara01","ordinal","0","0","ordinal category 0","FALSE","Cross-wave coding conflict: 0 differs for B/D/E/F/G/H/I/J/K (no), C (no, never)",
"035","Z","cara01","ordinal","1","1","ordinal category 1","FALSE","Cross-wave coding conflict: 1 differs for B (yes), C (no, BCARA01 yes), D/E/F/G/H/I/J/K (no, previous interview yes), 2B/3B/MB (no)",
"035","Z","cara01","ordinal","2","2","ordinal category 2","FALSE","Cross-wave coding conflict: 2 differs for C (yes, BCARA01 no), D/E/F/G/H/I/J/K (yes, previous interview no), 2B/3B/MB (yes)",
"035","Z","cara01","ordinal","3","3","ordinal category 3","FALSE","Cross-wave coding conflict: 3 differs for C (yes, BCARA01 yes), D/E/F/G/H/I/J/K (yes, previous interview yes)",
"035","Z","cara02","numeric","-1","-1","not available","TRUE","Cross-wave coding conflict: -1 differs for B/C/D/E/2B/F/G/H/3B/I (not available, asked), J/K (not available, asked / respondent does not know)",
"035","Z","cara03","categorical","1","1","coding category 1","FALSE","Cross-wave coding conflict: 1 differs for B (yes), C/D/E/2B/F/G/H/3B (no)",
"035","Z","cara04","categorical","1","1","coding category 1","FALSE","Cross-wave coding conflict: 1 differs for B (yes, family physician), C/D/E/2B/F/G/H/3B/I/J/K (no)",
"035","Z","cara04","categorical","2","2","coding category 2","FALSE","Cross-wave coding conflict: 2 differs for B (yes, specialist), C/D/E/2B/F/G/H/3B/I/J/K (yes, family physician)",
"035","Z","cara05","categorical","1","1","coding category 1","FALSE","Cross-wave coding conflict: 1 differs for B (yes), C/D/E/2B/F/G/H/3B (no)",
"035","Z","cara06","categorical","1","1","coding category 1","FALSE","Cross-wave coding conflict: 1 differs for B (yes), C/D/E/2B/F/G/H/3B (no)",
"035","Z","cara07","numeric","1","1","numeric coding category 1","FALSE","Cross-wave coding conflict: 1 differs for B (yes), C/D/E/2B/F/G/H/3B (no)",
"035","Z","cara08","categorical","1","1","coding category 1","FALSE","Cross-wave coding conflict: 1 differs for B (yes, with heavy exertion), C/D/E/2B/F/G/H/3B/I/J/K (no)",
"035","Z","cara08","categorical","2","2","coding category 2","FALSE","Cross-wave coding conflict: 2 differs for B (yes, with light exertion), C/D/E/2B/F/G/H/3B/I/J/K (yes, with heavy exertion)",
"035","Z","cara08","categorical","3","3","coding category 3","FALSE","Cross-wave coding conflict: 3 differs for B (yes, at rest), C/D/E/2B/F/G/H/3B/I/J/K (yes, with light exertion)",
"035","Z","cara09","categorical","1","1","coding category 1","FALSE","Cross-wave coding conflict: 1 differs for B (yes), C/D/E/2B/F/G/H/3B (no)",
"035","Z","cara10","categorical","1","1","coding category 1","FALSE","Cross-wave coding conflict: 1 differs for B (yes), C/D/E/2B/F/G/H/3B (no)",
"035","Z","chmodus","categorical","-2","-2","coding category -2","TRUE","Cross-wave coding conflict: -2 differs for D/E/F (valid data), 3B/I/J/K (not available, routing)",
"035","Z","choutd","ordinal","-2","-2","not available","TRUE","Cross-wave coding conflict: -2 differs for I (not available, routing), J/K (not available, not any chronic disease)",
"035","Z","cva01","ordinal","-5","-5","not available","TRUE","Cross-wave coding conflict: -5 differs for B (not available, interview terminated), C/D/E/2B/F/G/H/3B/MB/I/J/K (not available, routing)",
"035","Z","cva01","ordinal","0","0","ordinal category 0","FALSE","Cross-wave coding conflict: 0 differs for B/D/E/F/G/H/I/J/K (no), C (no never)",
"035","Z","cva01","ordinal","1","1","ordinal category 1","FALSE","Cross-wave coding conflict: 1 differs for B (yes), C (no, BCVA01 yes), D/E/F/G/H/I/J/K (no, previous interview yes), 2B/3B/MB (no)",
"035","Z","cva01","ordinal","2","2","ordinal category 2","FALSE","Cross-wave coding conflict: 2 differs for C (yes, BCVA01 no), D/E/F/G/H/I/J/K (yes, previous interview no), 2B/3B/MB (yes)",
"035","Z","cva01","ordinal","3","3","ordinal category 3","FALSE","Cross-wave coding conflict: 3 differs for C (yes, BCVA01 yes), D/E/F/G/H/I/J/K (yes, previous interview yes)",
"035","Z","cva06","categorical","1","1","coding category 1","FALSE","Cross-wave coding conflict: 1 differs for B (yes), C/D/E/2B/F/G/H/3B (no)",
"035","Z","cva07","categorical","1","1","coding category 1","FALSE","Cross-wave coding conflict: 1 differs for B (yes, family physician), C/D/E/2B/F/G/H/3B/I/J/K (no)",
"035","Z","cva07","categorical","2","2","coding category 2","FALSE","Cross-wave coding conflict: 2 differs for B (yes, specialist), C/D/E/2B/F/G/H/3B/I/J/K (yes, family physician)",
"035","Z","cva08","categorical","1","1","coding category 1","FALSE","Cross-wave coding conflict: 1 differs for B (yes), C/D/E/2B/F/G/H/3B (no)",
"035","Z","cva09","categorical","1","1","coding category 1","FALSE","Cross-wave coding conflict: 1 differs for B (yes), C/D/E/2B/F/G/H/3B/I (no)",
"035","Z","cva10","categorical","1","1","coding category 1","FALSE","Cross-wave coding conflict: 1 differs for B (yes), C/D/E/2B/F/G/H/3B (no)",
"035","Z","cva11","categorical","1","1","coding category 1","FALSE","Cross-wave coding conflict: 1 differs for B (yes), C/D/E/2B/F/G/H/3B (no)",
"035","Z","diabe01","ordinal","-5","-5","not available","TRUE","Cross-wave coding conflict: -5 differs for B (not available, interview terminated), C/D/E/2B/F/G/H/3B/MB/I/J/K (not available, routing)",
"035","Z","diabe01","ordinal","0","0","ordinal category 0","FALSE","Cross-wave coding conflict: 0 differs for B/D/E/F/G/H/I/J/K (no), C (no, never)",
"035","Z","diabe01","ordinal","1","1","ordinal category 1","FALSE","Cross-wave coding conflict: 1 differs for B (yes), C (no, BDIABE01 yes), D/E/F/G/H/I/J/K (no, previous interview yes), 2B/3B/MB (no)",
"035","Z","diabe01","ordinal","2","2","ordinal category 2","FALSE","Cross-wave coding conflict: 2 differs for C (yes, BDIABE01 no), D/E/F/G/H/I/J/K (yes, previous interview no), 2B/3B/MB (yes)",
"035","Z","diabe01","ordinal","3","3","ordinal category 3","FALSE","Cross-wave coding conflict: 3 differs for C (yes, BDIABE01 yes), D/E/F/G/H/I/J/K (yes, previous interview yes)",
"035","Z","diabe03","categorical","1","1","coding category 1","FALSE","Cross-wave coding conflict: 1 differs for B (yes, insulin injections), C/D/E/2B/F/G/H/3B (no), K (no medication use)",
"035","Z","diabe03","categorical","2","2","coding category 2","FALSE","Cross-wave coding conflict: 2 differs for B (yes, tablets only), C/D/E/2B/F/G/H/3B (yes, insulin injections), K (medication use)",
"035","Z","diabe03a","categorical","1","1","coding category 1","FALSE","Cross-wave coding conflict: 1 differs for I/J (none), K (mentioned)",
"035","Z","diabe04","categorical","1","1","coding category 1","FALSE","Cross-wave coding conflict: 1 differs for B (yes, family physician), C/D/E/2B/F/G/H/3B/I/J/K (no)",
"035","Z","diabe04","categorical","2","2","coding category 2","FALSE","Cross-wave coding conflict: 2 differs for B (yes, specialist), C/D/E/2B/F/G/H/3B/I/J/K (yes, family physician)",
"035","Z","diabe05","categorical","1","1","coding category 1","FALSE","Cross-wave coding conflict: 1 differs for B (yes), C/D/E/2B/F/G/H/3B/I (no)",
"035","Z","diabe06","categorical","1","1","coding category 1","FALSE","Cross-wave coding conflict: 1 differs for B (laser coagulation treatment), 3B (laser treatment)",
"035","Z","diabe06","categorical","2","2","coding category 2","FALSE","Cross-wave coding conflict: 2 differs for B (cataract surgery), 3B (cataract operation)",
"035","Z","diabe06","categorical","3","3","coding category 3","FALSE","Cross-wave coding conflict: 3 differs for B (both), 3B (other treatment)",
"035","Z","diabe07","categorical","-6","-6","coding category -6","TRUE","Cross-wave coding conflict: -6 differs for B (pain when walking already asked BARTVEI5), C/D/E/2B/F/G/H/3B/I/J/K (not available, routing)",
"035","Z","diabe07","categorical","1","1","coding category 1","FALSE","Cross-wave coding conflict: 1 differs for B (yes), C/D/E/2B/F/G/H/3B/I/J/K (no)",
"035","Z","diabe09","categorical","1","1","coding category 1","FALSE","Cross-wave coding conflict: 1 differs for B (yes), C (see cdiabe08, no), D/E/2B/F/G/H/3B/I/J/K (no)",
"035","Z","diabe10","categorical","1","1","coding category 1","FALSE","Cross-wave coding conflict: 1 differs for B (yes), C/D/E/2B/F/G/H/3B (no)",
"035","Z","diabe11","categorical","-6","-6","coding category -6","TRUE","Cross-wave coding conflict: -6 differs for B (chest pain during exertion already asked BHART10), C (chest pain during exertion already asked CHART01), D/E/2B/F/G/H/3B/I/J/K (not available, routing)",
"035","Z","diabe11","categorical","1","1","coding category 1","FALSE","Cross-wave coding conflict: 1 differs for B (yes), C/D/E/2B/F/G/H/3B/J/K (no)",
"035","Z","diabe11","categorical","2","2","coding category 2","FALSE","Cross-wave coding conflict: 2 differs for B (no exertion: chest pain), C/D/E/2B/F/G/H/3B/J/K (yes)",
"035","Z","diabe11","categorical","3","3","coding category 3","FALSE","Cross-wave coding conflict: 3 differs for B (no exertion: pain legs), C/D/E/2B/F/G/H/3B/J/K (no exertion: chest pain)",
"035","Z","diabe11","categorical","4","4","coding category 4","FALSE","Cross-wave coding conflict: 4 differs for B (no exertion: shortness of breath), C/D/E/2B/F/G/H/3B/J/K (no exertion: pain legs)",
"035","Z","diabe11","categorical","5","5","coding category 5","FALSE","Cross-wave coding conflict: 5 differs for B (no exertion: joint complaints), C/D/E/2B/F/G/H/3B/J/K (no exertion: shortness of breath)",
"035","Z","diabe11","categorical","6","6","coding category 6","FALSE","Cross-wave coding conflict: 6 differs for B (no exertion: other reason), C/D/E/2B/F/G/H/3B/J/K (no exertion: joint complaints)",
"035","Z","diabe12","numeric","1","1","numeric coding category 1","FALSE","Cross-wave coding conflict: 1 differs for B (yes), C/D/E/2B/F/G/H/3B/I/J/K (no)",
"035","Z","hart01","ordinal","-5","-5","not available","TRUE","Cross-wave coding conflict: -5 differs for B (not available, interview terminated), C/D/E/2B/F/G/H/3B/MB/I/J/K (not available, routing)",
"035","Z","hart01","ordinal","0","0","ordinal category 0","FALSE","Cross-wave coding conflict: 0 differs for B/D/E/F/G/H/I/J/K (no), C (no, never)",
"035","Z","hart01","ordinal","1","1","ordinal category 1","FALSE","Cross-wave coding conflict: 1 differs for B (yes), C (no, BHART01 yes), D/E/F/G/H/I/J/K (no, previous interview yes), 2B/3B/MB (no)",
"035","Z","hart01","ordinal","2","2","ordinal category 2","FALSE","Cross-wave coding conflict: 2 differs for C (yes, BHART01 no), D/E/F/G/H/I/J/K (yes, previous interview no), 2B/3B/MB (yes)",
"035","Z","hart01","ordinal","3","3","ordinal category 3","FALSE","Cross-wave coding conflict: 3 differs for C (yes, BHART01 yes), D/E/F/G/H/I/J/K (yes, previous interview yes)",
"035","Z","hart03","categorical","1","1","coding category 1","FALSE","Cross-wave coding conflict: 1 differs for B (yes), C (see chart02, no), D/E/2B/F/G/H/3B (no)",
"035","Z","hart04","categorical","1","1","coding category 1","FALSE","Cross-wave coding conflict: 1 differs for B (yes, family physician), C/D/E/2B/F/G/H/3B/I/J/K (no)",
"035","Z","hart04","categorical","2","2","coding category 2","FALSE","Cross-wave coding conflict: 2 differs for B (yes, specialist), C/D/E/2B/F/G/H/3B/I/J/K (yes, family physician)",
"035","Z","hart05","categorical","1","1","coding category 1","FALSE","Cross-wave coding conflict: 1 differs for B (yes), C (see chart02, no), D/E/2B/F/G/H/3B/I/J/K (no)",
"035","Z","hart10","categorical","1","1","coding category 1","FALSE","Cross-wave coding conflict: 1 differs for B (yes), C/D/E/2B/F/G/H/3B/I/J/K (no)",
"035","Z","hart10","categorical","2","2","coding category 2","FALSE","Cross-wave coding conflict: 2 differs for B (no exertion: chest pain), C/D/E/2B/F/G/H/3B/I/J/K (yes)",
"035","Z","hart10","categorical","3","3","coding category 3","FALSE","Cross-wave coding conflict: 3 differs for B (no exertion: pain legs), C/D/E/2B/F/G/H/3B/I/J/K (no exertion: chest pain)",
"035","Z","hart10","categorical","4","4","coding category 4","FALSE","Cross-wave coding conflict: 4 differs for B (no exertion: shortness of breath), C/D/E/2B/F/G/H/3B/I/J/K (no exertion: pain legs)",
"035","Z","hart10","categorical","5","5","coding category 5","FALSE","Cross-wave coding conflict: 5 differs for B (no exertion: joint complaints), C/D/E/2B/F/G/H/3B/I/J/K (no exertion: shortness of breath)",
"035","Z","hart10","categorical","6","6","coding category 6","FALSE","Cross-wave coding conflict: 6 differs for B (no exertion: other reason), C/D/E/2B/F/G/H/3B/I/J/K (no exertion: joint complaints)",
"035","Z","hart11","numeric","1","1","numeric coding category 1","FALSE","Cross-wave coding conflict: 1 differs for B (yes), C/D/E/2B/F/G/H/3B/I/J/K (no)",
"035","Z","hart12","categorical","1","1","coding category 1","FALSE","Cross-wave coding conflict: 1 differs for B (yes), C/D/E/2B/F/G/H/3B/I/J/K (no)",
"035","Z","hart14","categorical","1","1","coding category 1","FALSE","Cross-wave coding conflict: 1 differs for C/D/E/2B/F/G/H/3B/J (no), K (no, do not have compression stockings)",
"035","Z","hart14","categorical","2","2","coding category 2","FALSE","Cross-wave coding conflict: 2 differs for C/D/E/2B/F/G/H/3B/J (yes), K (no, because of use compression stockings)",
"035","Z","hart15b","categorical","1","1","coding category 1","FALSE","Cross-wave coding conflict: 1 differs for B/C/2B/3B/I/J/K (mentioned), D/E/F/G/H (no)",
"035","Z","hart15c","categorical","1","1","coding category 1","FALSE","Cross-wave coding conflict: 1 differs for B/C/2B/3B/I/J/K (mentioned), D/E/F/G/H (no)",
"035","Z","hart15d","categorical","1","1","coding category 1","FALSE","Cross-wave coding conflict: 1 differs for B/C/2B/3B/I/J/K (mentioned), D/E/F/G/H (no)",
"035","Z","hart15e","categorical","1","1","coding category 1","FALSE","Cross-wave coding conflict: 1 differs for B/C/2B/3B/I/J/K (mentioned), D/E/F/G/H (no)",
"035","K","htraumj","unknown","see LASA035_headtrauma_varinfo",,,,"Unresolved within-PDF value reference: see LASA035_headtrauma_varinfo",
"035","Z","htraumj","unknown",,,,,"Unresolved PDF value reference: K (see LASA035_headtrauma_varinfo)",
"035","Z","incon1","ordinal","-5","-5","not available","TRUE","Cross-wave coding conflict: -5 differs for B (not available, interview terminated), C/D/E/2B/F/G/H/3B (not available, routing)",
"035","Z","incon1","ordinal","0","0","ordinal category 0","FALSE","Cross-wave coding conflict: 0 differs for B/D/E/F/G/H (no), C (no never)",
"035","Z","incon1","ordinal","1","1","ordinal category 1","FALSE","Cross-wave coding conflict: 1 differs for B (yes), C (no, BINCON1 yes), D/E/F/G/H (no, previous interview yes), 2B/3B (no)",
"035","Z","incon1","ordinal","2","2","ordinal category 2","FALSE","Cross-wave coding conflict: 2 differs for C (yes, BINCON1 no), D/E/F/G/H (yes, previous interview no), 2B/3B (yes)",
"035","Z","incon1","ordinal","3","3","ordinal category 3","FALSE","Cross-wave coding conflict: 3 differs for C (yes, BINCON1 yes), D/E/F/G/H (yes, previous interview yes)",
"035","Z","incon3","categorical","1","1","coding category 1","FALSE","Cross-wave coding conflict: 1 differs for B (yes), C/D/E/2B/F/G/H/3B (no)",
"035","Z","incon4","categorical","1","1","coding category 1","FALSE","Cross-wave coding conflict: 1 differs for B (yes, family physician), C/D/E/2B/F/G/H/3B (no)",
"035","Z","incon4","categorical","2","2","coding category 2","FALSE","Cross-wave coding conflict: 2 differs for B (yes, specialist), C/D/E/2B/F/G/H/3B (yes, family physician)",
"035","Z","incon6","categorical","1","1","coding category 1","FALSE","Cross-wave coding conflict: 1 differs for B (only by certain occasion), C/D/E/2B/F/G/H/3B (no)",
"035","Z","incon6","categorical","2","2","coding category 2","FALSE","Cross-wave coding conflict: 2 differs for B (yes, most of the time), C/D/E/2B/F/G/H/3B (only on certain occasion)",
"035","Z","incon7","categorical","1","1","coding category 1","FALSE","Cross-wave coding conflict: 1 differs for B (yes), C/D/E/2B/F/G/H/3B (no)",
"035","Z","othsi01","categorical","-5","-5","not available","TRUE","Cross-wave coding conflict: -5 differs for B (not available, interview terminated), C/D/E/2B/F/G/H/3B/I/J/K (not available, routing)",
"035","Z","othsi01","categorical","1","1","coding category 1","FALSE","Cross-wave coding conflict: 1 differs for B (yes), C/D/E/2B/F/G/H/3B/I/J/K (no)",
"035","Z","othsi02","categorical","24","24","coding category 24","FALSE","Cross-wave coding conflict: 24 differs for B/C/D/E/2B/F/G (mental problems, incl. depression), H/3B/I/J/K (Parkinson)",
"035","Z","othsi02","categorical","25","25","coding category 25","FALSE","Cross-wave coding conflict: 25 differs for B/C (eye diseases), D/E/2B/F (- to be coded -), G (other to be coded), H/3B/I/J/K (mental problems, incl. depression)",
"035","Z","othsi02","categorical","26","26","coding category 26","FALSE","Cross-wave coding conflict: 26 differs for B/C/D/E/2B/F (ear diseases/hearing problems), H/3B/I/J (other to be coded), K (hearing impairment)",
"035","Z","othsi02","categorical","27","27","coding category 27","FALSE","Cross-wave coding conflict: 27 differs for B/C/D/E/2B/F (venous insufficiency/varicose veins), K (gout)",
"035","Z","othsi02","categorical","28","28","coding category 28","FALSE","Cross-wave coding conflict: 28 differs for B/C/D/E/2B/F (anaemia), K (eye complaints/diseases)",
"035","Z","othsi02","categorical","29","29","coding category 29","FALSE","Cross-wave coding conflict: 29 differs for B/C/D/E/2B/F (chronic headaches (no migraine)), K (Sleep Apnea (OSAS))",
"035","Z","othsi02","categorical","30","30","coding category 30","FALSE","Cross-wave coding conflict: 30 differs for B/C/D/E/2B/F (chronic neck-problems), K (TIA (the past 3 years))",
"035","Z","othsi02","categorical","31","31","coding category 31","FALSE","Cross-wave coding conflict: 31 differs for B/C/D/E/2B/F (dizziness without falling), K (other to be coded)",
"035","Z","othsi05","categorical","1","1","coding category 1","FALSE","Cross-wave coding conflict: 1 differs for B (yes), C/D/E/2B/F/G/H/3B/I (no)",
"035","Z","othsi06","categorical","1","1","coding category 1","FALSE","Cross-wave coding conflict: 1 differs for B (yes, family physician), C/D/E/2B/F/G/H/3B/I/J/K (no)",
"035","Z","othsi06","categorical","2","2","coding category 2","FALSE","Cross-wave coding conflict: 2 differs for B (yes, specialist), C/D/E/2B/F/G/H/3B/I/J/K (yes, family physician)",
"035","Z","othsi07","numeric","1","1","numeric coding category 1","FALSE","Cross-wave coding conflict: 1 differs for B (yes), C/D/E/2B/F/G/H/3B/I/J/K (no)",
"035","Z","othsi08","categorical","24","24","coding category 24","FALSE","Cross-wave coding conflict: 24 differs for B/C/D/E/2B/F/G (mental problems, incl. depression), H/3B/I/J/K (Parkinson)",
"035","Z","othsi08","categorical","25","25","coding category 25","FALSE","Cross-wave coding conflict: 25 differs for B/C (eye diseases), D/E/2B/F (- to be coded -), G (other to be coded), H/3B/I/J/K (mental problems, incl. depression)",
"035","Z","othsi08","categorical","26","26","coding category 26","FALSE","Cross-wave coding conflict: 26 differs for B/C/D/E/2B/F (ear diseases/hearing problems), H/3B/I/J (other to be coded), K (hearing impairment)",
"035","Z","othsi08","categorical","27","27","coding category 27","FALSE","Cross-wave coding conflict: 27 differs for B/C/D/E/2B/F (venous insufficiency/varicose veins), K (gout)",
"035","Z","othsi08","categorical","28","28","coding category 28","FALSE","Cross-wave coding conflict: 28 differs for B/C/D/E/2B/F (anaemia), K (eye complaints/diseases)",
"035","Z","othsi08","categorical","29","29","coding category 29","FALSE","Cross-wave coding conflict: 29 differs for B/C/D/E/2B/F (chronic headaches (no migraine)), K (Sleep Apnea (OSAS))",
"035","Z","othsi08","categorical","30","30","coding category 30","FALSE","Cross-wave coding conflict: 30 differs for B/C/D/E/2B/F (chronic neck-problems), K (TIA (the past 3 years))",
"035","Z","othsi08","categorical","31","31","coding category 31","FALSE","Cross-wave coding conflict: 31 differs for B/C/D/E/2B/F (dizziness without falling), K (other to be coded)",
"035","Z","othsi11","numeric","1","1","numeric coding category 1","FALSE","Cross-wave coding conflict: 1 differs for B (yes), C/D/E/F/G/H (no)",
"035","Z","othsi12","numeric","1","1","numeric coding category 1","FALSE","Cross-wave coding conflict: 1 differs for B (yes, family physician), C/D/E/2B/F/G/H/3B/I/J/K (no)",
"035","Z","othsi12","numeric","2","2","numeric coding category 2","FALSE","Cross-wave coding conflict: 2 differs for B (yes, specialist), C/D/E/2B/F/G/H/3B/I/J/K (yes, family physician)",
"035","Z","rh10_1j","categorical","1","1","coding category 1","FALSE","Cross-wave coding conflict: 1 differs for I (right hip), J/K (hip)",
"035","Z","rh10_1j","categorical","2","2","coding category 2","FALSE","Cross-wave coding conflict: 2 differs for I (left hip), J/K (knee)",
"035","Z","rh10_1j","categorical","3","3","coding category 3","FALSE","Cross-wave coding conflict: 3 differs for I (both hips), J/K (fingers)",
"035","Z","rh10_1j","categorical","4","4","coding category 4","FALSE","Cross-wave coding conflict: 4 differs for I (right knee), J/K (hand/wrist)",
"035","Z","rh10_1j","categorical","5","5","coding category 5","FALSE","Cross-wave coding conflict: 5 differs for I (left knee), J/K (toes)",
"035","Z","rh10_1j","categorical","6","6","coding category 6","FALSE","Cross-wave coding conflict: 6 differs for I (both knees), J/K (foot/ankle)",
"035","Z","rh10_1j","categorical","7","7","coding category 7","FALSE","Cross-wave coding conflict: 7 differs for I (right hand fingers), J/K (neck)",
"035","Z","rh10_1j","categorical","8","8","coding category 8","FALSE","Cross-wave coding conflict: 8 differs for I (left hand fingers), J/K (back)",
"035","Z","rh10_1j","categorical","9","9","coding category 9","FALSE","Cross-wave coding conflict: 9 differs for I (both hands fingers), J/K (shoulder)",
"035","Z","rh10_1j","categorical","10","10","coding category 10","FALSE","Cross-wave coding conflict: 10 differs for I (right hand/wrist), J/K (other)",
"035","Z","rh10_1r","categorical","-2","-2","not available","TRUE","Cross-wave coding conflict: -2 differs for I (not available, routing), J/K (not available, wrong skip)",
"035","Z","rh10_2j","categorical","1","1","coding category 1","FALSE","Cross-wave coding conflict: 1 differs for I (right hip), J/K (hip)",
"035","Z","rh10_2j","categorical","2","2","coding category 2","FALSE","Cross-wave coding conflict: 2 differs for I (left hip), J/K (knee)",
"035","Z","rh10_2j","categorical","3","3","coding category 3","FALSE","Cross-wave coding conflict: 3 differs for I (both hips), J/K (fingers)",
"035","Z","rh10_2j","categorical","4","4","coding category 4","FALSE","Cross-wave coding conflict: 4 differs for I (right knee), J/K (hand/wrist)",
"035","Z","rh10_2j","categorical","5","5","coding category 5","FALSE","Cross-wave coding conflict: 5 differs for I (left knee), J/K (toes)",
"035","Z","rh10_2j","categorical","6","6","coding category 6","FALSE","Cross-wave coding conflict: 6 differs for I (both knees), J/K (foot/ankle)",
"035","Z","rh10_2j","categorical","7","7","coding category 7","FALSE","Cross-wave coding conflict: 7 differs for I (right hand fingers), J/K (neck)",
"035","Z","rh10_2j","categorical","8","8","coding category 8","FALSE","Cross-wave coding conflict: 8 differs for I (left hand fingers), J/K (back)",
"035","Z","rh10_2j","categorical","9","9","coding category 9","FALSE","Cross-wave coding conflict: 9 differs for I (both hands fingers), J/K (shoulder)",
"035","Z","rh10_2j","categorical","10","10","coding category 10","FALSE","Cross-wave coding conflict: 10 differs for I (right hand/wrist), J/K (other)",
"035","Z","rh10_2r","categorical","-2","-2","not available","TRUE","Cross-wave coding conflict: -2 differs for I/K (not available, routing), J (not available, wrong skip)",
"035","Z","rh10_3j","categorical","1","1","coding category 1","FALSE","Cross-wave coding conflict: 1 differs for I (right hip), J/K (hip)",
"035","Z","rh10_3j","categorical","2","2","coding category 2","FALSE","Cross-wave coding conflict: 2 differs for I (left hip), J/K (knee)",
"035","Z","rh10_3j","categorical","3","3","coding category 3","FALSE","Cross-wave coding conflict: 3 differs for I (both hips), J/K (fingers)",
"035","Z","rh10_3j","categorical","4","4","coding category 4","FALSE","Cross-wave coding conflict: 4 differs for I (right knee), J/K (hand/wrist)",
"035","Z","rh10_3j","categorical","5","5","coding category 5","FALSE","Cross-wave coding conflict: 5 differs for I (left knee), J/K (toes)",
"035","Z","rh10_3j","categorical","6","6","coding category 6","FALSE","Cross-wave coding conflict: 6 differs for I (both knees), J/K (foot/ankle)",
"035","Z","rh10_3j","categorical","7","7","coding category 7","FALSE","Cross-wave coding conflict: 7 differs for I (right hand fingers), J/K (neck)",
"035","Z","rh10_3j","categorical","8","8","coding category 8","FALSE","Cross-wave coding conflict: 8 differs for I (left hand fingers), J/K (back)",
"035","Z","rh10_3j","categorical","9","9","coding category 9","FALSE","Cross-wave coding conflict: 9 differs for I (both hands fingers), J/K (shoulder)",
"035","Z","rh10_3j","categorical","10","10","coding category 10","FALSE","Cross-wave coding conflict: 10 differs for I (right hand/wrist), J/K (other)",
"035","Z","rheum01","ordinal","-5","-5","not available","TRUE","Cross-wave coding conflict: -5 differs for B (not available, interview terminated), C/D/E/2B/F/G/H/3B/MB/I/J/K (not available, routing)",
"035","Z","rheum01","ordinal","0","0","ordinal category 0","FALSE","Cross-wave coding conflict: 0 differs for B/D/E/F/G/H/I/J/K (no), C (no never)",
"035","Z","rheum01","ordinal","1","1","ordinal category 1","FALSE","Cross-wave coding conflict: 1 differs for B (yes), C (no, BRHEUM01 yes), D/E/F/G/H/I/J/K (no, previous interview yes), 2B/3B/MB (no)",
"035","Z","rheum01","ordinal","2","2","ordinal category 2","FALSE","Cross-wave coding conflict: 2 differs for C (yes, BRHEUM01 no), D/E/F/G/H/I/J/K (yes, previous interview no), 2B/3B/MB (yes)",
"035","Z","rheum01","ordinal","3","3","ordinal category 3","FALSE","Cross-wave coding conflict: 3 differs for C (yes, BRHEUM01 yes), D/E/F/G/H/I/J/K (yes, previous interview yes)",
"035","Z","rheum02","ordinal","-5","-5","not available","TRUE","Cross-wave coding conflict: -5 differs for B (not available, interview terminated), C/D/E/2B/F/G/H/3B/MB/I/J/K (not available, routing)",
"035","Z","rheum02","ordinal","0","0","ordinal category 0","FALSE","Cross-wave coding conflict: 0 differs for B/D/E/F/G/H/I/J/K (no), C (no never)",
"035","Z","rheum02","ordinal","1","1","ordinal category 1","FALSE","Cross-wave coding conflict: 1 differs for B (yes), C (no, BRHEUM02 yes), D/E/F/G/H/I/J/K (no, previous interview yes), 2B/3B/MB (no)",
"035","Z","rheum02","ordinal","2","2","ordinal category 2","FALSE","Cross-wave coding conflict: 2 differs for C (yes, BRHEUM02 no), D/E/F/G/H/I/J/K (yes, previous interview no), 2B/3B/MB (yes)",
"035","Z","rheum02","ordinal","3","3","ordinal category 3","FALSE","Cross-wave coding conflict: 3 differs for C (yes, BRHEUM02 yes), D/E/F/G/H/I/J/K (yes, previous interview yes)",
"035","Z","rheum04","categorical","1","1","coding category 1","FALSE","Cross-wave coding conflict: 1 differs for B (yes), C/D/E/2B/F/G/H/3B/I/J/K (no)",
"035","Z","rheum05","categorical","1","1","coding category 1","FALSE","Cross-wave coding conflict: 1 differs for B (yes, family physician), C/D/E/2B/F/G/H/3B/I/J/K (no)",
"035","Z","rheum05","categorical","2","2","coding category 2","FALSE","Cross-wave coding conflict: 2 differs for B (yes, specialist), C/D/E/2B/F/G/H/3B/I/J/K (yes, family physician)",
"035","Z","rheum06","numeric","1","1","numeric coding category 1","FALSE","Cross-wave coding conflict: 1 differs for B (yes), C/D/E/2B/F/G/H/3B/I/J/K (no)",
"035","Z","rheum07","numeric","1","1","numeric coding category 1","FALSE","Cross-wave coding conflict: 1 differs for B (yes), C/D/E/2B/F/G/H/3B/I/J/K (no)",
"035","Z","rheum08","numeric","1","1","numeric coding category 1","FALSE","Cross-wave coding conflict: 1 differs for B (yes), C/D/E/2B/F/G/H/3B/I/J/K (no)",
"035","Z","rheum09","categorical","1","1","coding category 1","FALSE","Cross-wave coding conflict: 1 differs for B (yes), C/I/J/K (no), D/E/2B/F/G/H/3B (not mentioned)",
"035","Z","rheum09","categorical","2","2","coding category 2","FALSE","Cross-wave coding conflict: 2 differs for C/I/J/K (yes), D/E/2B/F/G/H/3B (mentioned)",
"035","Z","rheum10","categorical","1","1","coding category 1","FALSE","Cross-wave coding conflict: 1 differs for B (mentioned), C/D/E/2B/F/G/H/3B (no)",
"035","Z","rheum8a","categorical","1","1","coding category 1","FALSE","Cross-wave coding conflict: 1 differs for B (yes), C/D/E/2B/F/G/H/3B/I/J/K (not mentioned)",
"035","Z","rheum8b","categorical","1","1","coding category 1","FALSE","Cross-wave coding conflict: 1 differs for B (yes), C/D/E/2B/F/G/H/3B/I/J/K (not mentioned)",
"035","Z","rheum8c","categorical","1","1","coding category 1","FALSE","Cross-wave coding conflict: 1 differs for B (yes), C/D/E/2B/F/G/H/3B/I/J/K (not mentioned)",
"035","Z","rheum8d","categorical","1","1","coding category 1","FALSE","Cross-wave coding conflict: 1 differs for B (yes), C/D/E/2B/F/G/H/3B/I/J/K (not mentioned)",
"035","Z","rheum8e","categorical","1","1","coding category 1","FALSE","Cross-wave coding conflict: 1 differs for B (yes), C/D/E/2B/F/G/H/3B/I/J/K (not mentioned)",
"035","Z","rheum8f","categorical","1","1","coding category 1","FALSE","Cross-wave coding conflict: 1 differs for B (yes), C/D/E/2B/F/G/H/3B/I/J/K (not mentioned)",
"035","Z","rheum8g","categorical","1","1","coding category 1","FALSE","Cross-wave coding conflict: 1 differs for B (yes), C/D/E/2B/F/G/H/3B/I/J/K (not mentioned)",
"035","Z","rheum8h","categorical","1","1","coding category 1","FALSE","Cross-wave coding conflict: 1 differs for B (yes), C/D/E/2B/F/G/H/3B/I/J/K (not mentioned)",
"035","Z","rheum8i","categorical","1","1","coding category 1","FALSE","Cross-wave coding conflict: 1 differs for B (yes), C/D/E/2B/F/G/H/3B/I/J/K (not mentioned)",
"035","Z","rheum9a","categorical","1","1","coding category 1","FALSE","Cross-wave coding conflict: 1 differs for B (mentioned), C/D/E/2B/F/G/H/3B/I/J/K (not mentioned)",
"035","Z","rheum9b","categorical","1","1","coding category 1","FALSE","Cross-wave coding conflict: 1 differs for B (mentioned), C/D/E/2B/F/G/H/3B/I/J/K (not mentioned)",
"035","Z","rheum9c","categorical","1","1","coding category 1","FALSE","Cross-wave coding conflict: 1 differs for B (mentioned), C/D/E/2B/F/G/H/3B/I/J/K (not mentioned)",
"035","Z","rheum9d","categorical","1","1","coding category 1","FALSE","Cross-wave coding conflict: 1 differs for B (mentioned), C/D/E/2B/F/G/H/3B/I/J/K (not mentioned)",
"035","Z","rheum9e","categorical","1","1","coding category 1","FALSE","Cross-wave coding conflict: 1 differs for B (mentioned), C/D/E/2B/F/G/H/3B/I/J/K (not mentioned)",
"035","Z","rheum9f","categorical","1","1","coding category 1","FALSE","Cross-wave coding conflict: 1 differs for B (mentioned), C/D/E/2B/F/G/H/3B/I/J/K (not mentioned)",
"035","Z","rheum9g","categorical","1","1","coding category 1","FALSE","Cross-wave coding conflict: 1 differs for B (mentioned), C/D/E/2B/F/G/H/3B/I/J/K (not mentioned)",
"035","Z","rheum9h","categorical","1","1","coding category 1","FALSE","Cross-wave coding conflict: 1 differs for B (mentioned), C/D/E/2B/F/G/H/3B/I/J/K (not mentioned)",
"035","Z","rheum9i","categorical","1","1","coding category 1","FALSE","Cross-wave coding conflict: 1 differs for B (mentioned), C/D/E/2B/F/G/H/3B/I/J/K (not mentioned)",
"035","Z","rmch","categorical","2","2","coding category 2","FALSE","Cross-wave coding conflict: 2 differs for B (short interview), C/D/E/2B/F/G/H/3B/MB/I/J/K (interview terminated)",
"035","I","trauy","unknown","see LASA035_headtrauma_varinfo",,,,"Unresolved within-PDF value reference: see LASA035_headtrauma_varinfo",
"035","J","trauy","unknown","see LASA035_headtrauma_varinfo",,,,"Unresolved within-PDF value reference: see LASA035_headtrauma_varinfo",
"035","Z","trauy","unknown",,,,,"Unresolved PDF value reference: I/J (see LASA035_headtrauma_varinfo)",
"038","Z","relig1a","categorical","1","1","coding category 1","FALSE","Cross-wave coding conflict: 1 differs for D (Dutch Reformed (without Ger. Bond)), MB (Islam)",
"038","Z","relig1a","categorical","2","2","coding category 2","FALSE","Cross-wave coding conflict: 2 differs for D (Ger. Bond (Dutch Reformed)), MB (Roman-Catholic)",
"038","Z","relig1a","categorical","3","3","coding category 3","FALSE","Cross-wave coding conflict: 3 differs for D (Reformed Calvinist), MB (Protestant)",
"038","Z","relig1a","categorical","4","4","coding category 4","FALSE","Cross-wave coding conflict: 4 differs for D (small Reformed denomination), MB (Jewish)",
"038","Z","relig1a","categorical","7","7","coding category 7","FALSE","Cross-wave coding conflict: 7 differs for D (Humanistic Society), MB (Orthodox)",
"038","Z","relig1a","categorical","8","8","coding category 8","FALSE","Cross-wave coding conflict: 8 differs for D (Jewish), MB (Alevism)",
"038","Z","relig1a","categorical","9","9","coding category 9","FALSE","Cross-wave coding conflict: 9 differs for D (Muslim), MB (Bahai)",
"038","Z","relig1b","ordinal","2","2","ordinal category 2","FALSE","Cross-wave coding conflict: 2 differs for D/E/2B/F/G/H/I/J/K (once a year or less), MB (less than once a month)",
"038","Z","relig1b","ordinal","3","3","ordinal category 3","FALSE","Cross-wave coding conflict: 3 differs for D/E/2B/F/G/H/I/J/K (a few times a year), MB (once a month)",
"038","Z","relig1b","ordinal","4","4","ordinal category 4","FALSE","Cross-wave coding conflict: 4 differs for D/E/2B/F/G/H/I/J/K (approx. once a month), MB (a few times a month)",
"038","Z","relig1b","ordinal","5","5","ordinal category 5","FALSE","Cross-wave coding conflict: 5 differs for D/E/2B/F/G/H/I/J/K (2 or 3 times a month), MB (once a week)",
"038","Z","relig1b","ordinal","6","6","ordinal category 6","FALSE","Cross-wave coding conflict: 6 differs for D/E/2B/F/G/H/I/J/K (once a week or more), MB (a few times a week)",
"044","Z","lst2c01","binary","-4","-4","not available","TRUE","Cross-wave coding conflict: -4 differs for B (not available, short interview), H/3B/MB/I/J (not available, interview terminated)",
"044","Z","lst2c02","binary","-4","-4","not available","TRUE","Cross-wave coding conflict: -4 differs for B (not available, short interview), H/3B/MB/I/J (not available, interview terminated)",
"044","Z","lst2c03","binary","-4","-4","not available","TRUE","Cross-wave coding conflict: -4 differs for B (not available, short interview), H/3B/I/J (not available, interview terminated)",
"045","Z","hosp","numeric","1","1","numeric coding category 1","FALSE","Cross-wave coding conflict: 1 differs for B (yes), C/D/E/2B/F/G/H/3B/MB/I/J (no)",
"045","Z","medspec","numeric","1","1","numeric coding category 1","FALSE","Cross-wave coding conflict: 1 differs for B (yes), C/D/E/2B/F/G/H/3B/MB/I/J (no)",
"045","Z","psych","numeric","1","1","numeric coding category 1","FALSE","Cross-wave coding conflict: 1 differs for B (yes), C/D/E/2B/F/G/H/I (no)",
"045","Z","psyhosp","numeric","1","1","numeric coding category 1","FALSE","Cross-wave coding conflict: 1 differs for B (yes), C/D/E/2B/F/G/H/I/J (no)",
"045","J","seh_reden","string","see ‡",,,,"Unresolved within-PDF value reference: see ‡",
"045","Z","seh_reden","string",,,,,"Unresolved PDF value reference: J (see ‡)",
"045","3B","ziekan","string","see ‡",,,,"Unresolved within-PDF value reference: see ‡",
"045","H","ziekan","string","see ‡",,,,"Unresolved within-PDF value reference: see ‡",
"045","I","ziekan","string","see ‡",,,,"Unresolved within-PDF value reference: see ‡",
"045","J","ziekan","string","see ‡",,,,"Unresolved within-PDF value reference: see ‡",
"045","MB","ziekan","string","see ‡",,,,"Unresolved within-PDF value reference: see ‡",
"045","Z","ziekan","string",,,,,"Unresolved PDF value reference: H/3B/MB/I/J (see ‡)",
"046","Z","lphya01","categorical","-3","-3","coding category -3","TRUE","Cross-wave coding conflict: -3 differs for B/C/D/E/2B/F/G (not available, wrong skip), H/3B/I/J (not done, wrong skip)",
"046","MB","lphya22","categorical","see * Table Sports and Activities",,,,"Unresolved PDF cross-reference: Table *Activities and sports is documented for waves H, 3B, I, J, while LASMB046 refers to it.",
"046","Z","lphya22","categorical","11","11","coding category 11","FALSE","Cross-wave coding conflict: 11 differs for B/C/D/E/2B/F/G (sailing), H/3B/I/J (walking / hiking: long distance hiking)",
"046","Z","lphya22","categorical","12","12","coding category 12","FALSE","Cross-wave coding conflict: 12 differs for B/C/D/E/2B/F/G (billiards), H/3B/I/J (walking / hiking: nordic walking)",
"046","Z","lphya22","categorical","13","13","coding category 13","FALSE","Cross-wave coding conflict: 13 differs for B/C/D/E/2B/F/G (fishing), H/3B/I/J (walking / hiking: speed walking)",
"046","Z","lphya22","categorical","17","17","coding category 17","FALSE","Cross-wave coding conflict: 17 differs for B/C/D/E (other sports), 2B/F/G (golf)",
"046","Z","lphya22","categorical",,,,,"Unresolved PDF cross-reference: Table *Activities and sports is documented for waves H, 3B, I, J, while LASMB046 refers to it.",
"046","Z","lphya26","categorical","11","11","coding category 11","FALSE","Cross-wave coding conflict: 11 differs for B/C/D/E/2B/F/G (sailing), H/3B/I/J (walking / hiking: long distance hiking)",
"046","Z","lphya26","categorical","12","12","coding category 12","FALSE","Cross-wave coding conflict: 12 differs for B/C/D/E/2B/F/G (billiards), H/3B/I/J (walking / hiking: nordic walking)",
"046","Z","lphya26","categorical","13","13","coding category 13","FALSE","Cross-wave coding conflict: 13 differs for B/C/D/E/2B/F/G (fishing), H/3B/I/J (walking / hiking: speed walking)",
"046","Z","lphya26","categorical","17","17","coding category 17","FALSE","Cross-wave coding conflict: 17 differs for B/C/D/E (other sports), 2B/F/G (golf)",
"046","Z","lphya46","ordinal","0","0","ordinal category 0","FALSE","Cross-wave coding conflict: 0 differs for D/E/2B (-to be coded-), F/G/H/3B/I/J (not mentioned)",
"046","Z","lphya46","ordinal","1","1","ordinal category 1","FALSE","Cross-wave coding conflict: 1 differs for B/C/D/E/2B (visit from friend/family), F/G/H/3B/I/J (mentioned)",
"048","Z","chage","numeric","-5","-5","coding category -5","TRUE","Cross-wave coding conflict: -5 differs for E (see echstat), 2B/3B/I (rcf/sys addition), F (see fchstat)",
"048","Z","chage","numeric","-4","-4","coding category -4","TRUE","Cross-wave coding conflict: -4 differs for E/2B/F (deceased), I (not asked: never contact or died)",
"048","Z","chages","categorical","2","2","coding category 2","FALSE","Cross-wave coding conflict: 2 differs for E (asked lasae), F (asked kk)",
"048","Z","chbrok","categorical","-5","-5","coding category -5","TRUE","Cross-wave coding conflict: -5 differs for 2B (rcf/sys addition), I (not asked/unknown)",
"048","Z","chbrok","categorical","-2","-2","coding category -2","TRUE","Cross-wave coding conflict: -2 differs for E/F/I (not broken), 2B (not asked (freq<>1))",
"048","Z","chbrok","categorical","-1","-1","coding category -1","TRUE","Cross-wave coding conflict: -1 differs for E/I (no answer), F (unknown)",
"048","Z","chbrok","categorical","1","1","coding category 1","FALSE","Cross-wave coding conflict: 1 differs for E/F (broken, year?), 2B (not broken)",
"048","Z","chdead","categorical","-2","-2","coding category -2","TRUE","Cross-wave coding conflict: -2 differs for E (died<=lasad), F (contact broken), I (died < observation h or 3b)",
"048","Z","chdead","categorical","-1","-1","coding category -1","TRUE","Cross-wave coding conflict: -1 differs for E/F (no answer year), I (died, no answer year)",
"048","Z","chempl","categorical","-5","-5","coding category -5","TRUE","Cross-wave coding conflict: -5 differs for E (see echstat), 2B (rcf addition), F (see fchstat), 3B/I (rcf/sys addition)",
"048","Z","chempl","categorical","-4","-4","coding category -4","TRUE","Cross-wave coding conflict: -4 differs for E/F (deceased), I (not asked: never contact or died)",
"048","Z","chempl","categorical","-2","-2","coding category -2","TRUE","Cross-wave coding conflict: -2 differs for E/F (not asked(error)), 2B/3B/I (not asked: age<16)",
"048","Z","chfreq","ordinal","-5","-5","coding category -5","TRUE","Cross-wave coding conflict: -5 differs for E (see echstat), 2B/3B/I (rcf/sys addition), F (see fchstat)",
"048","Z","chfreq","ordinal","-4","-4","coding category -4","TRUE","Cross-wave coding conflict: -4 differs for E/F (deceased), I (not asked: never contact or died)",
"048","Z","chinhh","binary","-5","-5","coding category -5","TRUE","Cross-wave coding conflict: -5 differs for E (see echstat), 2B (rcf/sys addition), F (see fchstat)",
"048","Z","chinhh","binary","-4","-4","coding category -4","TRUE","Cross-wave coding conflict: -4 differs for E/F (deceased), I (not asked: never contact or died)",
"048","Z","chpart","categorical","-5","-5","coding category -5","TRUE","Cross-wave coding conflict: -5 differs for E (see echstat), 2B/3B/I (rcf/sys addition), F (see fchstat)",
"048","Z","chpart","categorical","-4","-4","coding category -4","TRUE","Cross-wave coding conflict: -4 differs for E/F (deceased), I (not asked: never contact or died)",
"048","Z","chpart","categorical","-2","-2","coding category -2","TRUE","Cross-wave coding conflict: -2 differs for E/F (not asked(error)), 2B/3B/I (not asked: age<18)",
"048","Z","chsex","binary","-1","-1","coding category -1","TRUE","Cross-wave coding conflict: -1 differs for E/2B/F/3B (unknown), MB/I (no answer)",
"048","Z","chstat","categorical","1","1","coding category 1","FALSE","Cross-wave coding conflict: 1 differs for E (identified, match), 2B (identified in interview)",
"048","Z","chstat","categorical","2","2","coding category 2","FALSE","Cross-wave coding conflict: 2 differs for E (not id:forgotten), 2B (added:iter error)",
"048","Z","chstat","categorical","3","3","coding category 3","FALSE","Cross-wave coding conflict: 3 differs for E (not id:died), 2B (added:r error)",
"048","Z","chstat","categorical","4","4","coding category 4","FALSE","Cross-wave coding conflict: 4 differs for E (not id:died<wave d), 2B (added:refusal)",
"048","Z","chstat","categorical","5","5","coding category 5","FALSE","Cross-wave coding conflict: 5 differs for E (not id:contact broken), 2B (added:no contact)",
"048","Z","chstat","categorical","6","6","coding category 6","FALSE","Cross-wave coding conflict: 6 differs for E (not id & <>lasaz047), 2B (added:no contact w/mother)",
"048","Z","chstat","categorical","7","7","coding category 7","FALSE","Cross-wave coding conflict: 7 differs for E (!not id:reason unclear), 2B (added:step)",
"048","Z","chstat","categorical","8","8","coding category 8","FALSE","Cross-wave coding conflict: 8 differs for E (!not id:q not understood), 2B (added:in household)",
"048","Z","chstat","categorical","9","9","coding category 9","FALSE","Cross-wave coding conflict: 9 differs for E (!not id:refusal), 2B (added:foster)",
"048","Z","chstat","categorical","10","10","coding category 10","FALSE","Cross-wave coding conflict: 10 differs for E (identified<wave e), 2B (added:young child)",
"048","Z","chstat","categorical","11","11","coding category 11","FALSE","Cross-wave coding conflict: 11 differs for E (identified@wave e), F (ident @ a), 3B/I (child+name from network)",
"048","Z","chstat","categorical","12","12","coding category 12","FALSE","Cross-wave coding conflict: 12 differs for F (ident @ a (network)), 3B/I (child (not name) from network)",
"048","Z","chstat","categorical","13","13","coding category 13","FALSE","Cross-wave coding conflict: 13 differs for F (ident @ f (network)), 3B (child added in interview), I (child added in kk interview)",
"048","Z","chstat","categorical","14","14","coding category 14","FALSE","Cross-wave coding conflict: 14 differs for F ((old)ident @ f (network)), 3B (from network, added after interview), I (from network, added after nw interview)",
"048","Z","chstat","categorical","15","15","coding category 15","FALSE","Cross-wave coding conflict: 15 differs for F ((new)ident @ f (network)), 3B (from rcf, added after interview), I (sys/rcf, added after nw/kk interview)",
"048","Z","chstat","categorical","16","16","coding category 16","FALSE","Cross-wave coding conflict: 16 differs for F ((old)ident @ f (rcf)), I (from network, in household, not asked in kk)",
"048","Z","chtrav","numeric","-7","-7","coding category -7","TRUE","Cross-wave coding conflict: -7 differs for 3B (not asked (child in network, not in top10)), I (child added in or after interview)",
"048","Z","chtrav","numeric","-5","-5","coding category -5","TRUE","Cross-wave coding conflict: -5 differs for E (see echstat), 2B/3B/I (rcf/sys addition), F (see fchstat)",
"048","Z","chtrav","numeric","-4","-4","coding category -4","TRUE","Cross-wave coding conflict: -4 differs for E/F (deceased), I (not asked: never contact or died)",
"048","Z","chtype","categorical","-5","-5","coding category -5","TRUE","Cross-wave coding conflict: -5 differs for E (see echstat), 2B (rcf/sys addition)",
"048","Z","gcage","numeric","-5","-5","coding category -5","TRUE","Cross-wave coding conflict: -5 differs for E (see echstat), 2B/3B/I (rcf/sys addition)",
"048","Z","gcage","numeric","-4","-4","coding category -4","TRUE","Cross-wave coding conflict: -4 differs for E (parent deceased), 2B (not asked: age<16), 3B (not asked: too young), I (not asked: never contact or died)",
"048","Z","gcage","numeric","-3","-3","coding category -3","TRUE","Cross-wave coding conflict: -3 differs for E (contact broken), 2B (no answer children), 3B/I (don't know about grandchildren)",
"048","Z","gcage","numeric","-2","-2","coding category -2","TRUE","Cross-wave coding conflict: -2 differs for E/2B (no children), 3B/I (no children from this child)",
"048","Z","gcage","numeric","-1","-1","coding category -1","TRUE","Cross-wave coding conflict: -1 differs for E/3B/I (no answer), 2B (no answer age)",
"048","Z","nwmem","identifier","-2","-2","coding category -2","TRUE","Cross-wave coding conflict: -2 differs for 2B (not identified;sys/rcf addition), 3B/I (not identified;interview/sys/rcf addition)",
"048","Z","nwmem","identifier","-1","-1","coding category -1","TRUE","Cross-wave coding conflict: -1 differs for 2B/3B/I (not identified), F (not identified in network)",
"070","Z","socp01","binary","1","1","coding category 1","FALSE","Cross-wave coding conflict: 1 differs for B (no), C/D/E/2B/F/G/H/3B/I/MB/J (mentioned)",
"070","Z","socp02","binary","1","1","coding category 1","FALSE","Cross-wave coding conflict: 1 differs for B (no), C/D/E/2B/F/G/H/3B/I/J (mentioned)",
"070","Z","socp03","binary","1","1","coding category 1","FALSE","Cross-wave coding conflict: 1 differs for B (no), C/D/E/2B/F/G/H/3B/I/J (mentioned)",
"070","Z","socp04","binary","1","1","coding category 1","FALSE","Cross-wave coding conflict: 1 differs for B (no), C/D/E/2B/F/G/H/3B/I/MB/J (mentioned)",
"070","Z","socp05","binary","1","1","coding category 1","FALSE","Cross-wave coding conflict: 1 differs for B (no), C/D/E/2B/F/G/H/3B/I/MB/J (mentioned)",
"070","Z","socp06","binary","1","1","coding category 1","FALSE","Cross-wave coding conflict: 1 differs for B (no), C/D/E/2B/F/G/H/3B/I/MB/J (mentioned)",
"070","Z","socp07","binary","1","1","coding category 1","FALSE","Cross-wave coding conflict: 1 differs for B (no), C/D/E/2B/F/G/H/3B/I/J (mentioned)",
"070","Z","socp08","binary","1","1","coding category 1","FALSE","Cross-wave coding conflict: 1 differs for B (no), C/D/E/2B/F/G/H/3B/I/MB/J (mentioned)",
"070","Z","socp09","binary","1","1","coding category 1","FALSE","Cross-wave coding conflict: 1 differs for B (no), C/D/E/2B/F/G/H/3B/I/MB/J (mentioned)",
"070","Z","socp10","binary","1","1","coding category 1","FALSE","Cross-wave coding conflict: 1 differs for B (no), C/D/E/2B/F/G/H/3B/I/MB/J (mentioned)",
"070","Z","socp11","binary","1","1","coding category 1","FALSE","Cross-wave coding conflict: 1 differs for B (no), C/D/E/2B/F/G/H/3B/I/MB/J (mentioned)",
"070","Z","socp12","binary","1","1","coding category 1","FALSE","Cross-wave coding conflict: 1 differs for B (no), C/D/E/2B/F/G/H/3B/I/MB/J (mentioned)",
"070","Z","socp13","binary","1","1","coding category 1","FALSE","Cross-wave coding conflict: 1 differs for B (no), C/D/E/2B/F/G/H/3B/I/MB/J (mentioned)",
"070","Z","socp56","binary","1","1","coding category 1","FALSE","Cross-wave coding conflict: 1 differs for B (no), C/D/2B/F/G/H/3B/I/J (mentioned)",
"070","Z","socp57","binary","1","1","coding category 1","FALSE","Cross-wave coding conflict: 1 differs for B (no), C/D/2B/F/G/H/3B/I/J (mentioned)",
"070","Z","socp58","binary","1","1","coding category 1","FALSE","Cross-wave coding conflict: 1 differs for B (no), C/D/2B/F/G/H/3B/I/J (mentioned)",
"070","Z","socp59","binary","1","1","coding category 1","FALSE","Cross-wave coding conflict: 1 differs for B (no), C/D/2B/F/G/H/3B/I/J (mentioned)",
"070","Z","socp60","binary","1","1","coding category 1","FALSE","Cross-wave coding conflict: 1 differs for B (no), C/D/2B/F/G/H/3B/I/J (mentioned)",
"070","Z","socp61","binary","1","1","coding category 1","FALSE","Cross-wave coding conflict: 1 differs for B (no), C/D/2B/F/G/H/3B/I/J (mentioned)",
"078","Z","an1","ordinal","-4","-4","coding category -4","TRUE","Cross-wave coding conflict: -4 differs for B (not available, short interview), E (refusal/skip by interviewer)",
"078","Z","an10","ordinal","-4","-4","coding category -4","TRUE","Cross-wave coding conflict: -4 differs for B (not available, short interview), E (refusal/skip by interviewer)",
"078","Z","an4","ordinal","-4","-4","coding category -4","TRUE","Cross-wave coding conflict: -4 differs for B (not available, short interview), E (refusal/skip by interviewer)",
"078","Z","an6","ordinal","-4","-4","coding category -4","TRUE","Cross-wave coding conflict: -4 differs for B (not available, short interview), E (refusal/skip by interviewer)",
"078","Z","an8","ordinal","-4","-4","coding category -4","TRUE","Cross-wave coding conflict: -4 differs for B (not available, short interview), E (refusal/skip by interviewer)",
"078","Z","an9","ordinal","-4","-4","coding category -4","TRUE","Cross-wave coding conflict: -4 differs for B (not available, short interview), E (refusal/skip by interviewer)",
"094","Z","lifeli","numeric","-2","-2","coding category -2","TRUE","Cross-wave coding conflict: -2 differs for D (not asked), E/F/G/H/I/J/K (not available, refused)",
"108","Z","qacp1a","binary","1","1","coding category 1","FALSE","Cross-wave coding conflict: 1 differs for I (yes), K (mentioned)",
"108","Z","qacp1b","binary","1","1","coding category 1","FALSE","Cross-wave coding conflict: 1 differs for I (yes), K (mentioned)",
"108","Z","qacp1c","binary","1","1","coding category 1","FALSE","Cross-wave coding conflict: 1 differs for I (yes), K (mentioned)",
"108","Z","qacp1d","binary","1","1","coding category 1","FALSE","Cross-wave coding conflict: 1 differs for I (yes), K (mentioned)",
"108","Z","qacp2a","binary","1","1","coding category 1","FALSE","Cross-wave coding conflict: 1 differs for I (yes), K (mentioned)",
"108","Z","qacp2b","binary","1","1","coding category 1","FALSE","Cross-wave coding conflict: 1 differs for I (yes), K (mentioned)",
"108","Z","qacp2c","binary","1","1","coding category 1","FALSE","Cross-wave coding conflict: 1 differs for I (yes), K (mentioned)",
"108","Z","qacp2d","binary","1","1","coding category 1","FALSE","Cross-wave coding conflict: 1 differs for I (yes), K (mentioned)",
"108","Z","qacp3a","binary","1","1","coding category 1","FALSE","Cross-wave coding conflict: 1 differs for I (yes), K (mentioned)",
"108","Z","qacp3b","binary","1","1","coding category 1","FALSE","Cross-wave coding conflict: 1 differs for I (yes), K (mentioned)",
"108","Z","qacp3c","binary","1","1","coding category 1","FALSE","Cross-wave coding conflict: 1 differs for I (yes), K (mentioned)",
"108","Z","qacp3d","binary","1","1","coding category 1","FALSE","Cross-wave coding conflict: 1 differs for I (yes), K (mentioned)",
"108","Z","qacp3e","binary","1","1","coding category 1","FALSE","Cross-wave coding conflict: 1 differs for I (yes), K (mentioned)",
"108","Z","qacp4a","binary","1","1","coding category 1","FALSE","Cross-wave coding conflict: 1 differs for I (yes), K (mentioned)",
"108","Z","qacp4b","binary","1","1","coding category 1","FALSE","Cross-wave coding conflict: 1 differs for I (yes), K (mentioned)",
"108","Z","qacp4c","binary","1","1","coding category 1","FALSE","Cross-wave coding conflict: 1 differs for I (yes), K (mentioned)",
"108","Z","qacp4d","binary","1","1","coding category 1","FALSE","Cross-wave coding conflict: 1 differs for I (yes), K (mentioned)",
"108","Z","qacp4e","binary","1","1","coding category 1","FALSE","Cross-wave coding conflict: 1 differs for I (yes), K (mentioned)",
"108","Z","qacp5a","binary","1","1","coding category 1","FALSE","Cross-wave coding conflict: 1 differs for I (yes), K (mentioned)",
"108","Z","qacp5b","binary","1","1","coding category 1","FALSE","Cross-wave coding conflict: 1 differs for I (yes), K (mentioned)",
"108","Z","qacp5c","binary","1","1","coding category 1","FALSE","Cross-wave coding conflict: 1 differs for I (yes), K (mentioned)",
"108","Z","qacp5d","binary","1","1","coding category 1","FALSE","Cross-wave coding conflict: 1 differs for I (yes), K (mentioned)",
"108","Z","qacp5e","binary","1","1","coding category 1","FALSE","Cross-wave coding conflict: 1 differs for I (yes), K (mentioned)",
"108","Z","qacp6a","binary","1","1","coding category 1","FALSE","Cross-wave coding conflict: 1 differs for I (yes), K (mentioned)",
"108","Z","qacp6b","binary","1","1","coding category 1","FALSE","Cross-wave coding conflict: 1 differs for I (yes), K (mentioned)",
"108","Z","qacp6c","binary","1","1","coding category 1","FALSE","Cross-wave coding conflict: 1 differs for I (yes), K (mentioned)",
"108","Z","qacp6d","binary","1","1","coding category 1","FALSE","Cross-wave coding conflict: 1 differs for I (yes), K (mentioned)",
"108","Z","qacp6e","binary","1","1","coding category 1","FALSE","Cross-wave coding conflict: 1 differs for I (yes), K (mentioned)",
"108","Z","qacp7a","binary","1","1","coding category 1","FALSE","Cross-wave coding conflict: 1 differs for I (yes), K (mentioned)",
"108","Z","qacp7b","binary","1","1","coding category 1","FALSE","Cross-wave coding conflict: 1 differs for I (yes), K (mentioned)",
"108","Z","qacp7c","binary","1","1","coding category 1","FALSE","Cross-wave coding conflict: 1 differs for I (yes), K (mentioned)",
"108","Z","qacp7d","binary","1","1","coding category 1","FALSE","Cross-wave coding conflict: 1 differs for I (yes), K (mentioned)",
"108","Z","qacp7e","binary","1","1","coding category 1","FALSE","Cross-wave coding conflict: 1 differs for I (yes), K (mentioned)",
"118","Z","qfood01","ordinal","1","1","coding category 1","FALSE","Cross-wave coding conflict: 1 differs for B (almost never), C/D (yes, without trouble)",
"118","Z","qfood01","ordinal","2","2","coding category 2","FALSE","Cross-wave coding conflict: 2 differs for B (some of the day), C/D (yes, with some trouble)",
"118","Z","qfood01","ordinal","3","3","coding category 3","FALSE","Cross-wave coding conflict: 3 differs for B (often), C/D (yes, with much trouble)",
"118","Z","qfood01","ordinal","4","4","coding category 4","FALSE","Cross-wave coding conflict: 4 differs for B (most of the time), C/D (no, i cannot)",
"122","Z","qvalu02","ordinal","3","3","coding category 3","FALSE","Cross-wave coding conflict: 3 differs for B/C/D/E/2B/F/G/H/I (no opinion), J (opinion)",
"122","Z","qvalu18","ordinal","1","1","coding category 1","FALSE","Cross-wave coding conflict: 1 differs for E/F/G/H/3B/I (yes), J (yes, to be sure)",
"122","Z","qvalu18","ordinal","2","2","coding category 2","FALSE","Cross-wave coding conflict: 2 differs for E/F/G/H/3B/I (no), J (yes, to use soon)",
"125","Z","qsocp21","ordinal","1","1","coding category 1","FALSE","Cross-wave coding conflict: 1 differs for B/C/D/E/F/G (every day), 2B (very often)",
"125","Z","qsocp21","ordinal","2","2","coding category 2","FALSE","Cross-wave coding conflict: 2 differs for B/C/D/E/F/G (4-5 times a week), 2B (often)",
"125","Z","qsocp21","ordinal","3","3","coding category 3","FALSE","Cross-wave coding conflict: 3 differs for B/C/D/E/F/G (2-3 times a week), 2B (some of the time)",
"125","Z","qsocp21","ordinal","4","4","coding category 4","FALSE","Cross-wave coding conflict: 4 differs for B/C/D/E/F/G (<2 times a week), 2B (never)",
"126","Z","qorh8f","ordinal","1","1","coding category 1","FALSE","Cross-wave coding conflict: 1 differs for I (yes), J/K (never)",
"126","Z","qorh8f","ordinal","2","2","coding category 2","FALSE","Cross-wave coding conflict: 2 differs for I (no), J/K (rarely)",
"126","Z","qorh8i","ordinal","1","1","coding category 1","FALSE","Cross-wave coding conflict: 1 differs for I (yes), J/K (never)",
"126","Z","qorh8i","ordinal","2","2","coding category 2","FALSE","Cross-wave coding conflict: 2 differs for I (no), J/K (rarely)",
"139","Z","qpdeme","binary","-2","-2","not available","TRUE","Cross-wave coding conflict: -2 differs for E/F/G/H/3B (no partner), I/J/K (na, see I/J/KQPMEMO)",
"140","Z","qfa_ch","categorical",,"2","Reformed","FALSE","Cross-wave coding conflict: 2 differs for 2B (reformed), 3B (dutch reformed)",
"140","Z","qfa_ch","categorical",,"3","Dutch reformed","FALSE","Cross-wave coding conflict: 3 differs for 2B (dutch reformed), 3B (reformed association within the dutch reformed church)",
"140","Z","qfa_ch","categorical",,"4","small reformed denomination","FALSE","Cross-wave coding conflict: 4 differs for 2B (small reformed denomination), 3B (reformed churches in the netherlands (synodal))",
"140","Z","qfa_ch","categorical",,"5","Roman-Catholic","FALSE","Cross-wave coding conflict: 5 differs for 2B (roman-catholic), 3B (other reformed churches)",
"140","Z","qfa_ch","categorical",,"6","Humanistic society","FALSE","Cross-wave coding conflict: 6 differs for 2B (humanistic society), 3B (other protestant churches)",
"140","Z","qfa_ch","categorical",,"7","Jewish","FALSE","Cross-wave coding conflict: 7 differs for 2B (jewish), 3B (roman-catholic)",
"140","Z","qfa_ch","categorical",,"8","other","FALSE","Cross-wave coding conflict: 8 differs for 2B (other), 3B (humanistic society)",
"140","Z","qmo_ch","categorical",,"2","Reformed","FALSE","Cross-wave coding conflict: 2 differs for 2B (reformed), 3B (dutch reformed)",
"140","Z","qmo_ch","categorical",,"3","Dutch reformed","FALSE","Cross-wave coding conflict: 3 differs for 2B (dutch reformed), 3B (reformed association within the dutch reformed church)",
"140","Z","qmo_ch","categorical",,"4","small reformed denomination","FALSE","Cross-wave coding conflict: 4 differs for 2B (small reformed denomination), 3B (reformed churches in the netherlands (synodal))",
"140","Z","qmo_ch","categorical",,"5","Roman-Catholic","FALSE","Cross-wave coding conflict: 5 differs for 2B (roman-catholic), 3B (other reformed churches)",
"140","Z","qmo_ch","categorical",,"6","Humanistic society","FALSE","Cross-wave coding conflict: 6 differs for 2B (humanistic society), 3B (other protestant churches)",
"140","Z","qmo_ch","categorical",,"7","Jewish","FALSE","Cross-wave coding conflict: 7 differs for 2B (jewish), 3B (roman-catholic)",
"140","Z","qmo_ch","categorical",,"8","other","FALSE","Cross-wave coding conflict: 8 differs for 2B (other), 3B (humanistic society)",
"148","G","qeoldt1","binary","mentioned(-1)","-1","mentioned","TRUE","Source coding conflict: G maps -1 to both no answer, asked and mentioned",
"148","G","qeoldt1","binary","no answer, asked(-1)","-1","no answer, asked","TRUE","Source coding conflict: G maps -1 to both no answer, asked and mentioned",
"148","Z","qeoldt1","binary",,"-1","not available","TRUE","Source coding conflict: G maps -1 to both no answer, asked and mentioned",
"148","G","qeoldt2","binary","see gqeoldt1 -> mentioned(-1)","-1","mentioned","TRUE","Source coding conflict: G maps -1 to both no answer, asked and mentioned",
"148","G","qeoldt2","binary","see gqeoldt1 -> no answer, asked(-1)","-1","no answer, asked","TRUE","Source coding conflict: G maps -1 to both no answer, asked and mentioned",
"148","Z","qeoldt2","binary",,"-1","not available","TRUE","Source coding conflict: G maps -1 to both no answer, asked and mentioned",
"148","G","qeoldt3","binary","see gqeoldt1 -> mentioned(-1)","-1","mentioned","TRUE","Source coding conflict: G maps -1 to both no answer, asked and mentioned",
"148","G","qeoldt3","binary","see gqeoldt1 -> no answer, asked(-1)","-1","no answer, asked","TRUE","Source coding conflict: G maps -1 to both no answer, asked and mentioned",
"148","Z","qeoldt3","binary",,"-1","not available","TRUE","Source coding conflict: G maps -1 to both no answer, asked and mentioned",
"148","G","qeoldt4","binary","see gqeoldt1 -> mentioned(-1)","-1","mentioned","TRUE","Source coding conflict: G maps -1 to both no answer, asked and mentioned",
"148","G","qeoldt4","binary","see gqeoldt1 -> no answer, asked(-1)","-1","no answer, asked","TRUE","Source coding conflict: G maps -1 to both no answer, asked and mentioned",
"148","Z","qeoldt4","binary",,"-1","not available","TRUE","Source coding conflict: G maps -1 to both no answer, asked and mentioned",
"148","G","qeoldt5","binary","see gqeoldt1 -> mentioned(-1)","-1","mentioned","TRUE","Source coding conflict: G maps -1 to both no answer, asked and mentioned",
"148","G","qeoldt5","binary","see gqeoldt1 -> no answer, asked(-1)","-1","no answer, asked","TRUE","Source coding conflict: G maps -1 to both no answer, asked and mentioned",
"148","Z","qeoldt5","binary",,"-1","not available","TRUE","Source coding conflict: G maps -1 to both no answer, asked and mentioned",
"151","Z","marmpa1","categorical",,"0","not mentioned","FALSE","Cross-wave coding conflict: 0 differs for C/D (not mentioned), 2B (normal measurement)",
"151","Z","marmpa1","categorical",,"1","mentioned","FALSE","Cross-wave coding conflict: 1 differs for C/D (mentioned), 2B (cannot sit)",
"151","Z","marmpa2","categorical",,"0","not mentioned","FALSE","Cross-wave coding conflict: 0 differs for C/D (not mentioned), 2B (normal measurement)",
"151","Z","marmpa2","categorical",,"1","mentioned","FALSE","Cross-wave coding conflict: 1 differs for C/D (mentioned), 2B (cannot sit)",
"151","E","marmpar","categorical","normal test(-1)","-1","normal test","TRUE","Source coding conflict: E maps -1 to both normal test and partially no valid measurement",
"151","E","marmpar","categorical","partially no valid measurement(-1)","-1","partially no valid measurement","TRUE","Source coding conflict: E maps -1 to both normal test and partially no valid measurement",
"151","Z","marmpar","categorical",,"-2","not available","TRUE","Cross-wave coding conflict: -2 differs for C (not available, see rm151), F/G/MB (normal test)",
"151","Z","marmpar","categorical",,"-1","not available","TRUE","Cross-wave coding conflict: -1 differs for D (not available, asked), E (normal test), E/F/G/MB (partially no valid measurement); Source coding conflict: E maps -1 to both normal test and partially no valid measurement",
"151","Z","marmpar","categorical",,"1","R cannot sit","FALSE","Cross-wave coding conflict: 1 differs for C/D (no), E/F/G/MB (cannot sit)",
"151","Z","marmpar","categorical",,"2","measurement error","FALSE","Cross-wave coding conflict: 2 differs for C/D (yes), E/F/G/MB (measurement error)",
"151","Z","marmss1","numeric",,"-2","not available","TRUE","Cross-wave coding conflict: -2 differs for C (not available, see rm151), 2B (not available, see marmpa1)",
"152","Z","mdform1","categorical","9: other form / plaster","9","other form / plaster","FALSE","Cross-wave coding conflict: 9 differs for G/H (other form), 3B/MB/I/J/K (plaster)",
"152","Z","mdform2","categorical","9: other form / plaster","9","other form / plaster","FALSE","Cross-wave coding conflict: 9 differs for G/H (other form), 3B (plaster)",
"152","Z","mdform3","categorical","9: other form / plaster","9","other form / plaster","FALSE","Cross-wave coding conflict: 9 differs for G/H (other form), 3B (plaster)",
"152","Z","mdform4","categorical","9: other form / plaster","9","other form / plaster","FALSE","Cross-wave coding conflict: 9 differs for G/H (other form), 3B (plaster)",
"152","Z","mdform5","categorical","9: other form / plaster","9","other form / plaster","FALSE","Cross-wave coding conflict: 9 differs for G/H (other form), 3B (plaster)",
"152","Z","mdform6","categorical","9: other form / plaster","9","other form / plaster","FALSE","Cross-wave coding conflict: 9 differs for G/H (other form), 3B (plaster)",
"152","Z","mdform7","categorical","9: other form / plaster","9","other form / plaster","FALSE","Cross-wave coding conflict: 9 differs for G/H (other form), 3B (plaster)",
"152","Z","mdform8","categorical","9: other form / plaster","9","other form / plaster","FALSE","Cross-wave coding conflict: 9 differs for G/H (other form), 3B (plaster)",
"152","Z","mdurat1","ordinal","-3: no valid data / na, wrong skip","-3","no valid data / na, wrong skip","TRUE","Cross-wave coding conflict: -3 differs for B (no valid data), C (na, wrong skip)",
"152","Z","mdurat1","ordinal","-1: na, asked / no valid data","-1","na, asked / no valid data","TRUE","Cross-wave coding conflict: -1 differs for B/D/E/2B/F/G/H/3B/MB/I/J/K (na, asked), C (no valid data)",
"152","Z","mdurat1","ordinal","4: longer than 5 years / longer than 5 years 1","4","longer than 5 years / longer than 5 years 1","FALSE","Cross-wave coding conflict: 4 differs for B/C/D/E/2B/F (longer than 5 years), G/H/3B/MB/I/J/K (longer than 5 years 1)",
"152","Z","mdurat2","ordinal","-3: no valid data / na, wrong skip","-3","no valid data / na, wrong skip","TRUE","Cross-wave coding conflict: -3 differs for B (no valid data), C (na, wrong skip)",
"152","Z","mdurat2","ordinal","-1: na, asked / no valid data","-1","na, asked / no valid data","TRUE","Cross-wave coding conflict: -1 differs for B/D/E/2B/F/G/H/3B (na, asked), C (no valid data)",
"152","Z","mdurat2","ordinal","4: longer than 5 years / longer than 5 years 1","4","longer than 5 years / longer than 5 years 1","FALSE","Cross-wave coding conflict: 4 differs for B/C/D/E/2B/F (longer than 5 years), G/H/3B (longer than 5 years 1)",
"152","Z","mdurat3","ordinal","-3: no valid data / na, wrong skip","-3","no valid data / na, wrong skip","TRUE","Cross-wave coding conflict: -3 differs for B (no valid data), C (na, wrong skip)",
"152","Z","mdurat3","ordinal","-1: na, asked / no valid data","-1","na, asked / no valid data","TRUE","Cross-wave coding conflict: -1 differs for B/D/E/2B/F/G/H/3B (na, asked), C (no valid data)",
"152","Z","mdurat3","ordinal","4: longer than 5 years / longer than 5 years 1","4","longer than 5 years / longer than 5 years 1","FALSE","Cross-wave coding conflict: 4 differs for B/C/D/E/2B/F (longer than 5 years), G/H/3B (longer than 5 years 1)",
"152","Z","mdurat4","ordinal","-3: no valid data / na, wrong skip","-3","no valid data / na, wrong skip","TRUE","Cross-wave coding conflict: -3 differs for B (no valid data), C (na, wrong skip)",
"152","Z","mdurat4","ordinal","-1: na, asked / no valid data","-1","na, asked / no valid data","TRUE","Cross-wave coding conflict: -1 differs for B/D/E/2B/F/G/H/3B (na, asked), C (no valid data)",
"152","Z","mdurat4","ordinal","4: longer than 5 years / longer than 5 years 1","4","longer than 5 years / longer than 5 years 1","FALSE","Cross-wave coding conflict: 4 differs for B/C/D/E/2B/F (longer than 5 years), G/H/3B (longer than 5 years 1)",
"152","Z","mdurat5","ordinal","-3: no valid data / na, wrong skip","-3","no valid data / na, wrong skip","TRUE","Cross-wave coding conflict: -3 differs for B (no valid data), C (na, wrong skip)",
"152","Z","mdurat5","ordinal","-1: na, asked / no valid data","-1","na, asked / no valid data","TRUE","Cross-wave coding conflict: -1 differs for B/D/E/2B/F/G/H/3B (na, asked), C (no valid data)",
"152","Z","mdurat5","ordinal","4: longer than 5 years / longer than 5 years 1","4","longer than 5 years / longer than 5 years 1","FALSE","Cross-wave coding conflict: 4 differs for B/C/D/E/2B/F (longer than 5 years), G/H/3B (longer than 5 years 1)",
"152","Z","mdurat6","ordinal","-3: no valid data / na, wrong skip","-3","no valid data / na, wrong skip","TRUE","Cross-wave coding conflict: -3 differs for B (no valid data), C (na, wrong skip)",
"152","Z","mdurat6","ordinal","-1: na, asked / no valid data","-1","na, asked / no valid data","TRUE","Cross-wave coding conflict: -1 differs for B/D/E/2B/F/G/H/3B (na, asked), C (no valid data)",
"152","Z","mdurat6","ordinal","4: longer than 5 years / longer than 5 years 1","4","longer than 5 years / longer than 5 years 1","FALSE","Cross-wave coding conflict: 4 differs for B/C/D/E/2B/F (longer than 5 years), G/H/3B (longer than 5 years 1)",
"152","Z","mdurat7","ordinal","-1: no valid data / na, asked","-1","no valid data / na, asked","TRUE","Cross-wave coding conflict: -1 differs for C (no valid data), D/E/2B/F/G/H/3B (na, asked)",
"152","Z","mdurat7","ordinal","4: longer than 5 years / longer than 5 years 1","4","longer than 5 years / longer than 5 years 1","FALSE","Cross-wave coding conflict: 4 differs for C/D/E/2B/F (longer than 5 years), G/H/3B (longer than 5 years 1)",
"152","Z","mdurat8","ordinal","-1: no valid data / na, asked","-1","no valid data / na, asked","TRUE","Cross-wave coding conflict: -1 differs for C (no valid data), D/E/2B/F/G/H/3B (na, asked)",
"152","Z","mdurat8","ordinal","4: longer than 5 years / longer than 5 years 1","4","longer than 5 years / longer than 5 years 1","FALSE","Cross-wave coding conflict: 4 differs for C/D/E/2B/F (longer than 5 years), G/H/3B (longer than 5 years 1)",
"152","Z","mmeasu1","categorical","4: other measurement / milliliter","4","other measurement / milliliter","FALSE","Cross-wave coding conflict: 4 differs for D/E/2B/F/G/H (other measurement), 3B/MB/I/J/K (milliliter)",
"152","Z","mmeasu2","categorical","4: other measurement / milliliter","4","other measurement / milliliter","FALSE","Cross-wave coding conflict: 4 differs for D/E/2B/F/G/H (other measurement), 3B (milliliter)",
"152","Z","mmeasu3","categorical","4: other measurement / milliliter","4","other measurement / milliliter","FALSE","Cross-wave coding conflict: 4 differs for D/E/2B/F/G/H (other measurement), 3B (milliliter)",
"152","Z","mmeasu4","categorical","4: other measurement / milliliter","4","other measurement / milliliter","FALSE","Cross-wave coding conflict: 4 differs for D/E/2B/F/G/H (other measurement), 3B (milliliter)",
"152","Z","mmeasu5","categorical","4: other measurement / milliliter","4","other measurement / milliliter","FALSE","Cross-wave coding conflict: 4 differs for D/E/2B/F/G/H (other measurement), 3B (milliliter)",
"152","Z","mmeasu6","categorical","4: other measurement / milliliter","4","other measurement / milliliter","FALSE","Cross-wave coding conflict: 4 differs for D/E/2B/F/G/H (other measurement), 3B (milliliter)",
"152","Z","mmeasu7","categorical","4: other measurement / milliliter","4","other measurement / milliliter","FALSE","Cross-wave coding conflict: 4 differs for D/E/2B/F/G/H (other measurement), 3B (milliliter)",
"152","Z","mmeasu8","categorical","4: other measurement / milliliter","4","other measurement / milliliter","FALSE","Cross-wave coding conflict: 4 differs for D/E/2B/F/G/H (other measurement), 3B (milliliter)",
"152","Z","mmedcortnm","numeric","-3: only once/ short cure / only once / short cure","-3","only once/ short cure / only once / short cure","TRUE","Cross-wave coding conflict: -3 differs for E/2B/F (only once/ short cure), G (only once / short cure)",
"152","Z","mmedcortnm","numeric","-1: R does not know period / na, asked / na, asked","-1","R does not know period / na, asked / na, asked","TRUE","Cross-wave coding conflict: -1 differs for D/E/2B/F (R does not know period / na, asked), G (na, asked)",
"152","Z","mquant1","numeric","-1: no valid data / na, asked","-1","no valid data / na, asked","TRUE","Cross-wave coding conflict: -1 differs for C (no valid data), D/E/2B/F/G/H/3B/MB/I/J/K (na, asked)",
"152","Z","mquant2","numeric","-1: no valid data / na, asked","-1","no valid data / na, asked","TRUE","Cross-wave coding conflict: -1 differs for C (no valid data), D/E/2B/F/G/H/3B (na, asked)",
"152","Z","mquant3","numeric","-1: no valid data / na, asked","-1","no valid data / na, asked","TRUE","Cross-wave coding conflict: -1 differs for C (no valid data), D/E/2B/F/G/H/3B (na, asked)",
"152","Z","mquant4","numeric","-1: no valid data / na, asked","-1","no valid data / na, asked","TRUE","Cross-wave coding conflict: -1 differs for C (no valid data), D/E/2B/F/G/H/3B (na, asked)",
"152","Z","mquant5","numeric","-1: no valid data / na, asked","-1","no valid data / na, asked","TRUE","Cross-wave coding conflict: -1 differs for C (no valid data), D/E/2B/F/G/H/3B (na, asked)",
"152","Z","mquant6","numeric","-1: no valid data / na, asked","-1","no valid data / na, asked","TRUE","Cross-wave coding conflict: -1 differs for C (no valid data), D/E/2B/F/G/H/3B (na, asked)",
"152","Z","mquant7","numeric","-1: no valid data / na, asked","-1","no valid data / na, asked","TRUE","Cross-wave coding conflict: -1 differs for C (no valid data), D/E/2B/F/G/H/3B (na, asked)",
"152","Z","mquant8","numeric","-1: no valid data / na, asked","-1","no valid data / na, asked","TRUE","Cross-wave coding conflict: -1 differs for C (no valid data), D/E/2B/F/G/H/3B (na, asked)",
"153","Z","malcbeer","binary","-2: R does not drink / na, see BMALCYN","-2","R does not drink / na, see BMALCYN","TRUE","Cross-wave coding conflict: -2 differs for B (R does not drink), 2B/3B (na, see BMALCYN)",
"153","Z","malcnr","categorical","-3: R never drank / na, wrong skip","-3","R never drank / na, wrong skip","TRUE","Cross-wave coding conflict: -3 differs for B (R never drank), C (na, wrong skip)",
"153","Z","malcnr","categorical","-2: R drinks at present / na, see CMALCYN / R does not drink","-2","R drinks at present / na, see CMALCYN / R does not drink","TRUE","Cross-wave coding conflict: -2 differs for B (R drinks at present), C (na, see CMALCYN), D/E/2B/F/G/H/3B/MB/I/J/K (R does not drink)",
"153","Z","malcnr6","ordinal","-3: R drink/drank > 6 glasses / na, wrong skip","-3","R drink/drank > 6 glasses / na, wrong skip","TRUE","Cross-wave coding conflict: -3 differs for B (R drink/drank > 6 glasses), C (na, wrong skip)",
"153","Z","malcnr6","ordinal","-2: R drink/drank < 2 glasses / na, see CMACLNR / R does not drink","-2","R drink/drank < 2 glasses / na, see CMACLNR / R does not drink","TRUE","Cross-wave coding conflict: -2 differs for B (R drink/drank < 2 glasses), C (na, see CMACLNR), D/E/2B/F/G/H/3B/I/J/K (R does not drink)",
"153","Z","malcnr6","ordinal","1: every day / daily","1","every day / daily","FALSE","Cross-wave coding conflict: 1 differs for B/D/E/2B/F/G/H/3B/I/J/K (every day), C (daily)",
"153","Z","malcnr6","ordinal","6: less than 1 day a month / < 1 glass a month","6","less than 1 day a month / < 1 glass a month","FALSE","Cross-wave coding conflict: 6 differs for B/D/E/2B/F/G/H/3B/I/J/K (less than 1 day a month), C (< 1 glass a month)",
"153","Z","malcw","categorical","-2: R does not drink / R does not drink 6 or more glasses at one time","-2","R does not drink / R does not drink 6 or more glasses at one time","TRUE","Cross-wave coding conflict: -2 differs for H/I/J/K (R does not drink), 3B (R does not drink 6 or more glasses at one time)",
"154","Z","msmokebef","categorical","-2: R smokes / na, see CMSMOKEYN","-2","R smokes / na, see CMSMOKEYN","TRUE","Cross-wave coding conflict: -2 differs for B (R smokes), C/D/E/2B/F/G/H/MB/I/J/K (na, see CMSMOKEYN)",
"154","Z","msmokebef","categorical","-1: no answer, asked / na, short interview","-1","no answer, asked / na, short interview","TRUE","Cross-wave coding conflict: -1 differs for B/D/E/2B/F/G/H (no answer, asked), I/J/K (na, short interview)",
"154","Z","msmokecig","binary","-2: R does not smoke / na, see DMSMOKEYN","-2","R does not smoke / na, see DMSMOKEYN","TRUE","Cross-wave coding conflict: -2 differs for B (R does not smoke), D/H/I/J/K (na, see DMSMOKEYN)",
"154","Z","msmokecig","binary","1: no / yes","1","no / yes","FALSE","Cross-wave coding conflict: 1 differs for B/D/E/2B/F/G/I/J/K (no), H (yes)",
"154","Z","msmokecig","binary","2: yes / no","2","yes / no","FALSE","Cross-wave coding conflict: 2 differs for B/D/E/2B/F/G/I/J/K (yes), H (no)",
"154","Z","msmokeciga","binary","-2: R does not smoke / na, see DMSMOKEYN","-2","R does not smoke / na, see DMSMOKEYN","TRUE","Cross-wave coding conflict: -2 differs for B (R does not smoke), D/E/2B/F/G/H/I/J/K (na, see DMSMOKEYN)",
"154","Z","msmokeciga","binary","1: no / yes","1","no / yes","FALSE","Cross-wave coding conflict: 1 differs for B/C/D/I/J/K (no), E/2B/F/G/H (yes)",
"154","Z","msmokeciga","binary","2: yes / no","2","yes / no","FALSE","Cross-wave coding conflict: 2 differs for B/C/D/I/J/K (yes), E/2B/F/G/H (no)",
"154","Z","msmokeciganw","numeric","-3: R does not smoke / na, wrong skip","-3","R does not smoke / na, wrong skip","TRUE","Cross-wave coding conflict: -3 differs for B (R does not smoke), C (na, wrong skip)",
"154","Z","msmokeciganw","numeric","-2: R smokes, but not cigars / na, see CMSMOKECIGA / na, see","-2","R smokes, but not cigars / na, see CMSMOKECIGA / na, see","TRUE","Cross-wave coding conflict: -2 differs for B (R smokes, but not cigars), C/D/I/J/K (na, see CMSMOKECIGA), E/2B/F/G/H (na, see)",
"154","Z","msmokecignw","numeric","-3: R does not smoke / na, wrong skip","-3","R does not smoke / na, wrong skip","TRUE","Cross-wave coding conflict: -3 differs for B (R does not smoke), C/I/J/K (na, wrong skip)",
"154","Z","msmokecignw","numeric","-2: R smokes, but not cig / na, see CMSMOKESH","-2","R smokes, but not cig / na, see CMSMOKESH","TRUE","Cross-wave coding conflict: -2 differs for B (R smokes, but not cig), C/D/E/2B/F/G/MB/I/J/K (na, see CMSMOKESH)",
"154","Z","msmokecignw","numeric","1: 1 or less a week / 1-20 cigarettes a day","1","1 or less a week / 1-20 cigarettes a day","FALSE","Cross-wave coding conflict: 1 differs for E/2B (1 or less a week), MB (1-20 cigarettes a day)",
"154","Z","msmokecigp","categorical","1: no / yes","1","no / yes","FALSE","Cross-wave coding conflict: 1 differs for E/2B/F/G (no), H (yes)",
"154","Z","msmokecigp","categorical","2: yes / no","2","yes / no","FALSE","Cross-wave coding conflict: 2 differs for E/2B/F/G (yes), H (no)",
"154","Z","msmokepipe","binary","-2: R does not smoke / na, see DMSMOKEYN","-2","R does not smoke / na, see DMSMOKEYN","TRUE","Cross-wave coding conflict: -2 differs for B (R does not smoke), D (na, see DMSMOKEYN)",
"154","Z","msmokepm","numeric","-3: R does not smoke / na, wrong skip","-3","R does not smoke / na, wrong skip","TRUE","Cross-wave coding conflict: -3 differs for B (R does not smoke), C (na, wrong skip)",
"154","Z","msmokepm","numeric","-2: R smokes, but not pipe / na, see CMSMOKEPIPE","-2","R smokes, but not pipe / na, see CMSMOKEPIPE","TRUE","Cross-wave coding conflict: -2 differs for B (R smokes, but not pipe), C/D (na, see CMSMOKEPIPE)",
"154","Z","msmokeqage","numeric","-3: R smokes / na, wrong skip","-3","R smokes / na, wrong skip","TRUE","Cross-wave coding conflict: -3 differs for B (R smokes), C/I/J/K (na, wrong skip)",
"154","Z","msmokeqage","numeric","-2: R never smoked / na ,see CMSMOKEBEF / na, see DMSMOKEBEF / na, see","-2","R never smoked / na ,see CMSMOKEBEF / na, see DMSMOKEBEF / na, see","TRUE","Cross-wave coding conflict: -2 differs for B (R never smoked), C (na ,see CMSMOKEBEF), D/MB/I/J/K (na, see DMSMOKEBEF), E/2B/F/G/H (na, see)",
"154","Z","msmokesage","numeric","-3: R smokes / na, wrong skip","-3","R smokes / na, wrong skip","TRUE","Cross-wave coding conflict: -3 differs for B (R smokes), C (na, wrong skip)",
"154","Z","msmokesage","numeric","-2: R never smoked / na, see CMSMOKEYN /","-2","R never smoked / na, see CMSMOKEYN /","TRUE","Cross-wave coding conflict: -2 differs for B (R never smoked), C/D/E/2B/F/G/H/I/J/K (na, see CMSMOKEYN /)",
"154","Z","msmokesh","categorical","-2: R does not smoke / na, see CMSMOKEYN /","-2","R does not smoke / na, see CMSMOKEYN /","TRUE","Cross-wave coding conflict: -2 differs for B (R does not smoke), C/D (na, see CMSMOKEYN /)",
"154","Z","msmokeshnw","numeric","-2: R smokes, but not shag / na, see DMSMOKESH","-2","R smokes, but not shag / na, see DMSMOKESH","TRUE","Cross-wave coding conflict: -2 differs for B (R smokes, but not shag), D (na, see DMSMOKESH)",
"154","Z","msmokeyn","binary","-1: no answer, asked / na, short interview","-1","no answer, asked / na, short interview","TRUE","Cross-wave coding conflict: -1 differs for B/C/D/E/2B/F/G/H/MB (no answer, asked), I/J/K (na, short interview)",
"155","Z","mcodtp","binary","0: not mentioned / no","0","not mentioned / no","FALSE","Cross-wave coding conflict: 0 differs for B/C/D/E (not mentioned), F/G/H/3B/I/J/K (no)",
"155","Z","mcodtp","binary","1: mentioned / yes","1","mentioned / yes","FALSE","Cross-wave coding conflict: 1 differs for B/C/D/E (mentioned), F/G/H/3B/I/J/K (yes)",
"155","Z","mcormis","categorical","0: complete test done / to be coded","0","complete test done / to be coded","FALSE","Cross-wave coding conflict: 0 differs for B/C/D/2B (complete test done), F/G/H/3B (to be coded)",
"155","Z","mcormis","categorical","1: visus problems / short interview","1","visus problems / short interview","FALSE","Cross-wave coding conflict: 1 differs for B/C/D/2B (visus problems), F/G/H/3B (short interview)",
"155","Z","mcormis","categorical","2: refused / interview terminated","2","refused / interview terminated","FALSE","Cross-wave coding conflict: 2 differs for B/C/D/2B (refused), F/G/H/3B (interview terminated)",
"155","Z","mcormis","categorical","3: cognitive / too many missings","3","cognitive / too many missings","FALSE","Cross-wave coding conflict: 3 differs for B/C/D/2B (cognitive), F/G/H/3B (too many missings)",
"155","Z","mcormis","categorical","4: physical / refused test","4","physical / refused test","FALSE","Cross-wave coding conflict: 4 differs for B/C/D/2B (physical), F/G/H/3B (refused test)",
"155","Z","mcormis","categorical","5: technical / not able to (cognitive)","5","technical / not able to (cognitive)","FALSE","Cross-wave coding conflict: 5 differs for B/C/D/2B (technical), F/G/H/3B (not able to (cognitive))",
"155","Z","mcormis","categorical","6: unknown / not able to (physical)","6","unknown / not able to (physical)","FALSE","Cross-wave coding conflict: 6 differs for B/C/D/2B (unknown), F/G/H/3B (not able to (physical))",
"156","Z","m15wrp0","binary","-2: no particularities / no recall test","-2","no particularities / no recall test","TRUE","Cross-wave coding conflict: -2 differs for C (no particularities), D/E/2B/F/G/H/3B/I/J/K (no recall test)",
"156","Z","m15wrp1","binary","-2: no particularities / na, see d/e/b/f/gm15wrp0","-2","no particularities / na, see d/e/b/f/gm15wrp0","TRUE","Cross-wave coding conflict: -2 differs for C (no particularities), D/E/2B/F/G/H/3B/I/J/K (na, see d/e/b/f/gm15wrp0)",
"156","Z","m15wrp2","binary","-2: no particularities / no recall test","-2","no particularities / no recall test","TRUE","Cross-wave coding conflict: -2 differs for C (no particularities), D/E/2B/F/G/H/3B/I/J/K (no recall test)",
"156","Z","m15wrp3","binary","-2: no particularities / no recall test","-2","no particularities / no recall test","TRUE","Cross-wave coding conflict: -2 differs for C (no particularities), D/E/2B/F/G/H/3B/I/J/K (no recall test)",
"156","Z","m15wrp4","binary","-2: no particularities / no recall test","-2","no particularities / no recall test","TRUE","Cross-wave coding conflict: -2 differs for C (no particularities), D/E/2B/F/G/H/3B/I/J/K (no recall test)",
"156","Z","m15wrp5","binary","-2: no particularities / no recall test","-2","no particularities / no recall test","TRUE","Cross-wave coding conflict: -2 differs for C (no particularities), D/E/2B/F/G/H/3B/I/J/K (no recall test)",
"156","Z","m15wrpx","string","-2: no particularities / na, see d/e/b/f/gm15wrp0","-2","no particularities / na, see d/e/b/f/gm15wrp0","TRUE","Cross-wave coding conflict: -2 differs for C (no particularities), D/E/2B/F/G/H/3B/I/J/K (na, see d/e/b/f/gm15wrp0)",
"156","Z","m15wth","numeric","-1: no valid data / no valid time data","-1","no valid data / no valid time data","TRUE","Cross-wave coding conflict: -1 differs for B (no valid data), H/3B/I/J/K (no valid time data)",
"156","Z","m15wtp0","binary","-2: no particularities / no test","-2","no particularities / no test","TRUE","Cross-wave coding conflict: -2 differs for C (no particularities), D/E/2B/F/G/H/3B/I/J/K (no test)",
"156","Z","m15wtpx","string","-2: no particularities / na, see d/e/b/f/gm15wtp5","-2","no particularities / na, see d/e/b/f/gm15wtp5","TRUE","Cross-wave coding conflict: -2 differs for C (no particularities), D/E/2B/F/G/H/3B/I/J/K (na, see d/e/b/f/gm15wtp5)",
"156","Z","m15wtr","categorical","1: yes / recall test not done","1","yes / recall test not done","FALSE","Cross-wave coding conflict: 1 differs for C (yes), D/E/2B/F/G/H/3B/I/J/K (recall test not done)",
"156","Z","m15wtr","categorical","2: no / recall test done","2","no / recall test done","FALSE","Cross-wave coding conflict: 2 differs for C (no), D/E/2B/F/G/H/3B/I/J/K (recall test done)",
"156","Z","m15wtrno","numeric","-1: no valid data / no recall test","-1","no valid data / no recall test","TRUE","Cross-wave coding conflict: -1 differs for B (no valid data), C (no recall test)",
"157","Z","mctinch","categorical","-3: no valid data / na, wrong skip","-3","no valid data / na, wrong skip","TRUE","Cross-wave coding conflict: -3 differs for B (no valid data), C (na, wrong skip)",
"157","Z","mctinch","categorical","-2: no measurement done / na, see CMEYETES","-2","no measurement done / na, see CMEYETES","TRUE","Cross-wave coding conflict: -2 differs for B (no measurement done), C (na, see CMEYETES)",
"157","Z","mctinch","categorical","-1: no answer, asked / no measurement","-1","no answer, asked / no measurement","TRUE","Cross-wave coding conflict: -1 differs for B (no answer, asked), D (no measurement)",
"157","Z","mctley1","numeric","-1: na, asked / no measurement","-1","na, asked / no measurement","TRUE","Cross-wave coding conflict: -1 differs for C (na, asked), D (no measurement)",
"157","Z","mctley2","numeric","-1: na, asked / no measurement","-1","na, asked / no measurement","TRUE","Cross-wave coding conflict: -1 differs for C (na, asked), D (no measurement)",
"157","Z","mctley3","numeric","-1: na, asked / no measurement","-1","na, asked / no measurement","TRUE","Cross-wave coding conflict: -1 differs for C (na, asked), D (no measurement)",
"157","Z","mctley4","numeric","-1: na, asked / no measurement","-1","na, asked / no measurement","TRUE","Cross-wave coding conflict: -1 differs for C (na, asked), D (no measurement)",
"157","Z","mctley5","numeric","-1: na, asked / no measurement","-1","na, asked / no measurement","TRUE","Cross-wave coding conflict: -1 differs for C (na, asked), D (no measurement)",
"157","Z","mctrey1","numeric","-1: na, asked / no measurement","-1","na, asked / no measurement","TRUE","Cross-wave coding conflict: -1 differs for C (na, asked), D (no measurement)",
"157","Z","mctrey2","numeric","-1: na, asked / no measurement","-1","na, asked / no measurement","TRUE","Cross-wave coding conflict: -1 differs for C (na, asked), D (no measurement)",
"157","Z","mctrey3","numeric","-1: na, asked / no measurement","-1","na, asked / no measurement","TRUE","Cross-wave coding conflict: -1 differs for C (na, asked), D (no measurement)",
"157","Z","mctrey4","numeric","-1: na, asked / no measurement","-1","na, asked / no measurement","TRUE","Cross-wave coding conflict: -1 differs for C (na, asked), D (no measurement)",
"157","Z","mctrey5","numeric","-1: na, asked / no measurement","-1","na, asked / no measurement","TRUE","Cross-wave coding conflict: -1 differs for C (na, asked), D (no measurement)",
"157","Z","mctunde","ordinal","-3: no valid data / na, wrong skip","-3","no valid data / na, wrong skip","TRUE","Cross-wave coding conflict: -3 differs for B (no valid data), C (na, wrong skip)",
"157","Z","mctunde","ordinal","-2: no measurement done / na, see CMEYETES","-2","no measurement done / na, see CMEYETES","TRUE","Cross-wave coding conflict: -2 differs for B/D (no measurement done), C (na, see CMEYETES)",
"158","Z","mpeakf1","numeric","-2: R refused / na, see CMPEAKFL / test not done","-2","R refused / na, see CMPEAKFL / test not done","TRUE","Cross-wave coding conflict: -2 differs for B/D (R refused), C (na, see CMPEAKFL), E/G/H (test not done)",
"158","Z","mpeakf1","numeric","-1: na, asked / no valid measurement","-1","na, asked / no valid measurement","TRUE","Cross-wave coding conflict: -1 differs for C (na, asked), D/E/G/H (no valid measurement)",
"158","Z","mpeakf2","numeric","-2: R refused / test not done","-2","R refused / test not done","TRUE","Cross-wave coding conflict: -2 differs for D (R refused), E/G/H (test not done)",
"158","Z","mpeakf2","numeric","-1: no valid data / no valid measurement","-1","no valid data / no valid measurement","TRUE","Cross-wave coding conflict: -1 differs for B (no valid data), D/E/G/H (no valid measurement)",
"158","Z","mpeakf3","numeric","-2: R refused / test not done","-2","R refused / test not done","TRUE","Cross-wave coding conflict: -2 differs for D (R refused), E/G/H (test not done)",
"158","Z","mpeakfp","categorical","-2: na, see CMPEAKFL / no valid measurement","-2","na, see CMPEAKFL / no valid measurement","TRUE","Cross-wave coding conflict: -2 differs for C (na, see CMPEAKFL), H (no valid measurement)",
"158","Z","mpeakfu","ordinal","-2: no answer, skipped / na, see CMPEAKFL / no valid measurement","-2","no answer, skipped / na, see CMPEAKFL / no valid measurement","TRUE","Cross-wave coding conflict: -2 differs for B (no answer, skipped), C (na, see CMPEAKFL), D/E/G/H (no valid measurement)",
"158","Z","mpeamax","numeric","-2: R refused / na, see CMPEAKFL","-2","R refused / na, see CMPEAKFL","TRUE","Cross-wave coding conflict: -2 differs for B (R refused), C (na, see CMPEAKFL)",
"160","Z","mattw","categorical","-1: na, asked / do not know / na, asked","-1","na, asked / do not know / na, asked","TRUE","Cross-wave coding conflict: -1 differs for F/G (na, asked / do not know), H/3B (na, asked)",
"160","Z","mestw","categorical","1: underweight / severe underweight","1","underweight / severe underweight","FALSE","Cross-wave coding conflict: 1 differs for F (underweight), G/H/3B/I/J (severe underweight)",
"160","Z","mestw","categorical","2: normal weight / underweight","2","normal weight / underweight","FALSE","Cross-wave coding conflict: 2 differs for F (normal weight), G/H/3B/I/J (underweight)",
"160","Z","mestw","categorical","3: overweight / normal weight / approx.. normal weight","3","overweight / normal weight / approx.. normal weight","FALSE","Cross-wave coding conflict: 3 differs for F (overweight), G (normal weight), H/3B/I/J (approx.. normal weight)",
"160","Z","msatw","ordinal","1: very / very dissatisfied","1","very / very dissatisfied","FALSE","Cross-wave coding conflict: 1 differs for F (very), G/H/3B (very dissatisfied)",
"160","Z","msatw","ordinal","2: reasonably / dissatisfied","2","reasonably / dissatisfied","FALSE","Cross-wave coding conflict: 2 differs for F (reasonably), G/H/3B (dissatisfied)",
"160","Z","msatw","ordinal","3: a little / neither dissatisfied nor satisfied / not satisfied/dissatisfied","3","a little / neither dissatisfied nor satisfied / not satisfied/dissatisfied","FALSE","Cross-wave coding conflict: 3 differs for F (a little), G (neither dissatisfied nor satisfied), H/3B (not satisfied/dissatisfied)",
"160","Z","msatw","ordinal","4: not at all / satisfied","4","not at all / satisfied","FALSE","Cross-wave coding conflict: 4 differs for F (not at all), G/H/3B (satisfied)",
"160","Z","mweightch","categorical","-3: no valid data / na, section not done","-3","no valid data / na, section not done","TRUE","Cross-wave coding conflict: -3 differs for B (no valid data), I/J (na, section not done)",
"160","Z","mweightchr","categorical","4: other, see WEIGHTCHCR / other, see C/D/E/BMWEIGHTCHRC / other, see F/GMWEIGHTCHRC","4","other, see WEIGHTCHCR / other, see C/D/E/BMWEIGHTCHRC / other, see F/GMWEIGHTCHRC","FALSE","Cross-wave coding conflict: 4 differs for B (other, see WEIGHTCHCR), C/D/E/2B (other, see C/D/E/BMWEIGHTCHRC), F/G (other, see F/GMWEIGHTCHRC)",
"160","Z","mweightchrc","categorical","-2: no weight change / na, see H/BMWEIGHTLR2/GR2","-2","no weight change / na, see H/BMWEIGHTLR2/GR2","TRUE","Cross-wave coding conflict: -2 differs for B/C/D/E/2B/F/G (no weight change), H/3B/I (na, see H/BMWEIGHTLR2/GR2)",
"160","Z","mweightgr","categorical","-2: no weight gain / na, see HMWEIGHTGR2","-2","no weight gain / na, see HMWEIGHTGR2","TRUE","Cross-wave coding conflict: -2 differs for B/C/D/E/2B/F/G (no weight gain), H/3B/I (na, see HMWEIGHTGR2)",
"160","Z","mweightgr","categorical","1: related to eating / sickness","1","related to eating / sickness","FALSE","Cross-wave coding conflict: 1 differs for B/C/D/E/2B/F/G (related to eating), H/3B/I (sickness)",
"160","Z","mweightgr","categorical","2: physical inactivity / related to eating","2","physical inactivity / related to eating","FALSE","Cross-wave coding conflict: 2 differs for B/C/D/E/2B/F/G (physical inactivity), H/3B/I (related to eating)",
"160","Z","mweightgr","categorical","3: eating and physical inactivity / physical inactivity","3","eating and physical inactivity / physical inactivity","FALSE","Cross-wave coding conflict: 3 differs for B/C/D/E/2B/F/G (eating and physical inactivity), H/3B/I (physical inactivity)",
"160","Z","mweightgr","categorical","4: medical reason / medical reasons / eating and physical inactivity","4","medical reason / medical reasons / eating and physical inactivity","FALSE","Cross-wave coding conflict: 4 differs for B (medical reason), C/D/E/2B/F/G (medical reasons), H/3B/I (eating and physical inactivity)",
"160","Z","mweightgr","categorical","5: other / reason unknown","5","other / reason unknown","FALSE","Cross-wave coding conflict: 5 differs for B/C/D/E/2B/F/G (other), H/3B/I (reason unknown)",
"160","Z","mweightlr","categorical","-2: no weight loss / na, see HMWEIGHTLR2","-2","no weight loss / na, see HMWEIGHTLR2","TRUE","Cross-wave coding conflict: -2 differs for B/C/D/E/2B/F/G (no weight loss), H/3B/I (na, see HMWEIGHTLR2)",
"160","Z","mweightlr","categorical","1: voluntary / sickness (unintentional)","1","voluntary / sickness (unintentional)","FALSE","Cross-wave coding conflict: 1 differs for B/C/D/E/2B/F/G (voluntary), H/3B/I (sickness (unintentional))",
"160","Z","mweightlr","categorical","2: involuntary / diet (intentional)","2","involuntary / diet (intentional)","FALSE","Cross-wave coding conflict: 2 differs for B/C/D/E/2B/F/G (involuntary), H/3B/I (diet (intentional))",
"160","Z","mweightlr","categorical","3: eating less or different / different diet (unintentional)","3","eating less or different / different diet (unintentional)","FALSE","Cross-wave coding conflict: 3 differs for B/C/D/E/2B/F/G (eating less or different), H/3B/I (different diet (unintentional))",
"161","Z","marm1","numeric","-3: no measurement / na, wrong skip","-3","no measurement / na, wrong skip","TRUE","Cross-wave coding conflict: -3 differs for B (no measurement), C/D/H/3B/I/J (na, wrong skip)",
"161","Z","marm1","numeric","-1: no valid data / na, asked","-1","no valid data / na, asked","TRUE","Cross-wave coding conflict: -1 differs for C/D (no valid data), H/3B/I/J (na, asked)",
"161","Z","marmp","categorical","-3: no measurement / na, wrong skip","-3","no measurement / na, wrong skip","TRUE","Cross-wave coding conflict: -3 differs for B (no measurement), C/D (na, wrong skip)",
"161","Z","marmp","categorical","-2: no answer, skipped / na, see C/DRM161","-2","no answer, skipped / na, see C/DRM161","TRUE","Cross-wave coding conflict: -2 differs for B (no answer, skipped), C/D/H/3B/I/J (na, see C/DRM161)",
"161","Z","marmp","categorical","-1: no particularities scored / no valid data / na, asked","-1","no particularities scored / no valid data / na, asked","TRUE","Cross-wave coding conflict: -1 differs for B (no particularities scored), C/D (no valid data), H/3B/I/J (na, asked)",
"161","Z","marmp","categorical","1: no bare arm / no","1","no bare arm / no","FALSE","Cross-wave coding conflict: 1 differs for B (no bare arm), C/D/H/3B/I/J (no)",
"161","Z","marmp","categorical","2: much room between / yes","2","much room between / yes","FALSE","Cross-wave coding conflict: 2 differs for B (much room between), C/D/H/3B/I/J (yes)",
"161","Z","marmp1","binary","-1: no valid data / na, asked","-1","no valid data / na, asked","TRUE","Cross-wave coding conflict: -1 differs for C/D (no valid data), H/3B/I/J (na, asked)",
"161","Z","marmp2","binary","-1: no valid data / na, asked","-1","no valid data / na, asked","TRUE","Cross-wave coding conflict: -1 differs for C/D (no valid data), H/3B/I/J (na, asked)",
"161","Z","marmp3","binary","-1: no valid data / na, asked","-1","no valid data / na, asked","TRUE","Cross-wave coding conflict: -1 differs for C/D (no valid data), H/3B/I/J (na, asked)",
"161","Z","marmp4","binary","-1: no valid data / na, asked","-1","no valid data / na, asked","TRUE","Cross-wave coding conflict: -1 differs for C/D (no valid data), H/3B/I/J (na, asked)",
"161","Z","marmp5","binary","-1: no valid data / na, asked","-1","no valid data / na, asked","TRUE","Cross-wave coding conflict: -1 differs for C/D (no valid data), H/3B/I/J (na, asked)",
"161","Z","mgripl1","numeric","-1: no valid data / na, asked","-1","no valid data / na, asked","TRUE","Cross-wave coding conflict: -1 differs for D/E (no valid data), H/3B/I/J (na, asked)",
"161","Z","mgriplp","categorical","-1: no valid data / na, asked","-1","no valid data / na, asked","TRUE","Cross-wave coding conflict: -1 differs for 2B (no valid data), F (na, asked)",
"161","Z","mgriplp","categorical","1: no / no particularities","1","no / no particularities","FALSE","Cross-wave coding conflict: 1 differs for 2B (no), F (no particularities)",
"161","Z","mgriplp","categorical","2: yes / left hand handicapped","2","yes / left hand handicapped","FALSE","Cross-wave coding conflict: 2 differs for 2B (yes), F (left hand handicapped)",
"161","Z","mgriplp1","binary","-1: no valid data / na, asked","-1","no valid data / na, asked","TRUE","Cross-wave coding conflict: -1 differs for D/E (no valid data), G/H/3B/I/J (na, asked)",
"161","Z","mgriplp1","binary","1: no / mentioned","1","no / mentioned","FALSE","Cross-wave coding conflict: 1 differs for D/E/G (no), H/3B/I/J (mentioned)",
"161","Z","mgriplp2","binary","-1: no valid data / na, asked","-1","no valid data / na, asked","TRUE","Cross-wave coding conflict: -1 differs for D/E (no valid data), H/3B/I/J (na, asked)",
"161","Z","mgriplp3","numeric","-1: no valid data / na, asked","-1","no valid data / na, asked","TRUE","Cross-wave coding conflict: -1 differs for 2B (no valid data), H/3B/I/J (na, asked)",
"161","Z","mgriplp3","numeric","1: no / mentioned","1","no / mentioned","FALSE","Cross-wave coding conflict: 1 differs for 2B (no), H/3B/I/J (mentioned)",
"161","Z","mgriplp4","numeric","-1: no valid data / na, asked","-1","no valid data / na, asked","TRUE","Cross-wave coding conflict: -1 differs for 2B (no valid data), H/3B/I/J (na, asked)",
"161","Z","mgriplp4","numeric","1: no / mentioned","1","no / mentioned","FALSE","Cross-wave coding conflict: 1 differs for 2B (no), H/3B/I/J (mentioned)",
"161","Z","mgriprp","categorical","-1: no valid data / na, asked","-1","no valid data / na, asked","TRUE","Cross-wave coding conflict: -1 differs for 2B (no valid data), F (na, asked)",
"161","Z","mgriprp","categorical","1: no / no particularities","1","no / no particularities","FALSE","Cross-wave coding conflict: 1 differs for 2B (no), F (no particularities)",
"161","Z","mgriprp","categorical","2: yes / right hand handicapped","2","yes / right hand handicapped","FALSE","Cross-wave coding conflict: 2 differs for 2B (yes), F (right hand handicapped)",
"161","Z","mgriprp1","binary","-1: no valid data / na, asked","-1","no valid data / na, asked","TRUE","Cross-wave coding conflict: -1 differs for D/E (no valid data), G/H/3B/I/J (na, asked)",
"161","Z","mgriprp1","binary","1: no / mentioned","1","no / mentioned","FALSE","Cross-wave coding conflict: 1 differs for D/E/G (no), H/3B/I/J (mentioned)",
"161","Z","mgriprp2","binary","-1: no valid data / na, asked","-1","no valid data / na, asked","TRUE","Cross-wave coding conflict: -1 differs for D/E (no valid data), H/3B/I/J (na, asked)",
"161","Z","mgriprp3","numeric","-1: no valid data / na, asked","-1","no valid data / na, asked","TRUE","Cross-wave coding conflict: -1 differs for 2B (no valid data), H/3B/I/J (na, asked)",
"161","Z","mgriprp3","numeric","1: no / mentioned","1","no / mentioned","FALSE","Cross-wave coding conflict: 1 differs for 2B (no), H/3B/I/J (mentioned)",
"161","Z","mgriprp4","numeric","-1: no valid data / na, asked","-1","no valid data / na, asked","TRUE","Cross-wave coding conflict: -1 differs for 2B (no valid data), H/3B/I/J (na, asked)",
"161","Z","mgriprp4","numeric","1: no / mentioned","1","no / mentioned","FALSE","Cross-wave coding conflict: 1 differs for 2B (no), H/3B/I/J (mentioned)",
"161","Z","mheight","numeric","-1: no valid data / na, asked","-1","no valid data / na, asked","TRUE","Cross-wave coding conflict: -1 differs for C/D/E/2B (no valid data), F/G/H/3B/I/J (na, asked)",
"161","Z","mheightp","categorical","-3: no measurement / na, wrong skip","-3","no measurement / na, wrong skip","TRUE","Cross-wave coding conflict: -3 differs for B (no measurement), C/D/E/G/H/3B/I/J (na, wrong skip)",
"161","Z","mheightp","categorical","-2: no answer, skipped / na, see CRM161","-2","no answer, skipped / na, see CRM161","TRUE","Cross-wave coding conflict: -2 differs for B (no answer, skipped), C/D/E/2B/F/G/H/3B/I/J (na, see CRM161)",
"161","Z","mheightp","categorical","-1: no particularities scored / no valid data / na, asked","-1","no particularities scored / no valid data / na, asked","TRUE","Cross-wave coding conflict: -1 differs for B (no particularities scored), C/D/E/2B (no valid data), F/G/H/3B/I/J (na, asked)",
"161","Z","mheightp","categorical","1: cannot stand / no / yes / no particularities","1","cannot stand / no / yes / no particularities","FALSE","Cross-wave coding conflict: 1 differs for B (cannot stand), C/D/E/G/H/3B/I/J (no), 2B (yes), F (no particularities)",
"161","Z","mheightp","categorical","2: kyphose / yes / no / cannot stand","2","kyphose / yes / no / cannot stand","FALSE","Cross-wave coding conflict: 2 differs for B (kyphose), C/D/E/G/H/3B/I/J (yes), 2B (no), F (cannot stand)",
"161","Z","mheightp","categorical","3: scoliose / kyphosis","3","scoliose / kyphosis","FALSE","Cross-wave coding conflict: 3 differs for B (scoliose), F (kyphosis)",
"161","Z","mheightp","categorical","4: head not parallel / scoliosis","4","head not parallel / scoliosis","FALSE","Cross-wave coding conflict: 4 differs for B (head not parallel), F (scoliosis)",
"161","Z","mheightp","categorical","5: shoes / head not parallel","5","shoes / head not parallel","FALSE","Cross-wave coding conflict: 5 differs for B (shoes), F (head not parallel)",
"161","Z","mheightp","categorical","7: refused / wears shoes","7","refused / wears shoes","FALSE","Cross-wave coding conflict: 7 differs for B (refused), F (wears shoes)",
"161","Z","mheightp1","binary","-1: no valid data / na, asked","-1","no valid data / na, asked","TRUE","Cross-wave coding conflict: -1 differs for C (no valid data), G/H/3B/I/J (na, asked)",
"161","Z","mheightp2","binary","-1: no valid data / na, asked","-1","no valid data / na, asked","TRUE","Cross-wave coding conflict: -1 differs for C/D/E/2B (no valid data), G/H/3B/I/J (na, asked)",
"161","Z","mheightp2","binary","1: no / mentioned / yes","1","no / mentioned / yes","FALSE","Cross-wave coding conflict: 1 differs for C/D/G/H/3B/I/J (no), E (mentioned), 2B (yes)",
"161","Z","mheightp2","binary","2: yes / no","2","yes / no","FALSE","Cross-wave coding conflict: 2 differs for C/D/G/H/3B/I/J (yes), 2B (no)",
"161","Z","mheightp3","binary","-1: no valid data / na, asked","-1","no valid data / na, asked","TRUE","Cross-wave coding conflict: -1 differs for C/D/E/2B (no valid data), G/H/3B/I/J (na, asked)",
"161","Z","mheightp3","binary","1: no / yes","1","no / yes","FALSE","Cross-wave coding conflict: 1 differs for C/D/E/G/H/3B/I/J (no), 2B (yes)",
"161","Z","mheightp3","binary","2: yes / no","2","yes / no","FALSE","Cross-wave coding conflict: 2 differs for C/D/E/G/H/3B/I/J (yes), 2B (no)",
"161","Z","mheightp4","binary","-1: no valid data / na, asked","-1","no valid data / na, asked","TRUE","Cross-wave coding conflict: -1 differs for C/D/E/2B (no valid data), G/H/3B/I/J (na, asked)",
"161","Z","mheightp4","binary","1: no / yes","1","no / yes","FALSE","Cross-wave coding conflict: 1 differs for C/D/E/G/H/3B/I/J (no), 2B (yes)",
"161","Z","mheightp4","binary","2: yes / no","2","yes / no","FALSE","Cross-wave coding conflict: 2 differs for C/D/E/G/H/3B/I/J (yes), 2B (no)",
"161","Z","mheightp5","binary","-1: no valid data / na, asked","-1","no valid data / na, asked","TRUE","Cross-wave coding conflict: -1 differs for C (no valid data), G/H/3B/I/J (na, asked)",
"161","Z","mheightp6","binary","-1: no valid data / na, asked","-1","no valid data / na, asked","TRUE","Cross-wave coding conflict: -1 differs for C/D/E/2B (no valid data), G/H/3B/I/J (na, asked)",
"161","Z","mheightp6","binary","1: no / yes","1","no / yes","FALSE","Cross-wave coding conflict: 1 differs for C/D/E/G/H/3B/I/J (no), 2B (yes)",
"161","Z","mheightp6","binary","2: yes / no","2","yes / no","FALSE","Cross-wave coding conflict: 2 differs for C/D/E/G/H/3B/I/J (yes), 2B (no)",
"161","Z","mheightp7","binary","-1: no valid data / na, asked","-1","no valid data / na, asked","TRUE","Cross-wave coding conflict: -1 differs for C/D/E/2B (no valid data), G/H/3B/I/J (na, asked)",
"161","Z","mheightp7","binary","1: no / yes","1","no / yes","FALSE","Cross-wave coding conflict: 1 differs for C/D/E/G/H/3B/I/J (no), 2B (yes)",
"161","Z","mheightp7","binary","2: yes / no","2","yes / no","FALSE","Cross-wave coding conflict: 2 differs for C/D/E/G/H/3B/I/J (yes), 2B (no)",
"161","Z","mheightself","numeric","-3: no measurement / na, wrong skip","-3","no measurement / na, wrong skip","TRUE","Cross-wave coding conflict: -3 differs for B (no measurement), C/D/E/2B (na, wrong skip)",
"161","Z","mheightself","numeric","-2: length measured / na, see C/DMHEIGHTP / routing","-2","length measured / na, see C/DMHEIGHTP / routing","TRUE","Cross-wave coding conflict: -2 differs for B (length measured), C/D/E/2B/F/G/H/3B/I (na, see C/DMHEIGHTP), J (routing)",
"161","Z","mheightself","numeric","-1: no valid data / na, asked","-1","no valid data / na, asked","TRUE","Cross-wave coding conflict: -1 differs for B/C/D/E/2B (no valid data), F/G/H/3B/I/J (na, asked)",
"161","Z","mhip2","numeric","-1: no valid data / na, asked","-1","no valid data / na, asked","TRUE","Cross-wave coding conflict: -1 differs for 2B (no valid data), F/G/H/3B/I/J (na, asked)",
"161","Z","mhipp","categorical","-3: no measurement / na, wrong skip","-3","no measurement / na, wrong skip","TRUE","Cross-wave coding conflict: -3 differs for B (no measurement), C/D/E/G (na, wrong skip)",
"161","Z","mhipp","categorical","-2: no answer, skipped / na, see C/DRM161","-2","no answer, skipped / na, see C/DRM161","TRUE","Cross-wave coding conflict: -2 differs for B (no answer, skipped), C/D/E/2B/F/G/H/3B/I/J (na, see C/DRM161)",
"161","Z","mhipp","categorical","-1: no particularities scored / no valid data / na, asked","-1","no particularities scored / no valid data / na, asked","TRUE","Cross-wave coding conflict: -1 differs for B (no particularities scored), C/D/E/2B (no valid data), F/H/3B/I/J (na, asked)",
"161","Z","mhipp","categorical","1: lying down / no / no particularities","1","lying down / no / no particularities","FALSE","Cross-wave coding conflict: 1 differs for B (lying down), C/D/E/2B/G/H/3B/I/J (no), F (no particularities)",
"161","Z","mhipp","categorical","2: much skinfolds / yes / lying down","2","much skinfolds / yes / lying down","FALSE","Cross-wave coding conflict: 2 differs for B (much skinfolds), C/D/E/2B/G/H/3B/I/J (yes), F (lying down)",
"161","Z","mhipp","categorical","3: refused / many skinfolds","3","refused / many skinfolds","FALSE","Cross-wave coding conflict: 3 differs for B (refused), F (many skinfolds)",
"161","Z","mhipp1","binary","-1: no valid data / na, asked","-1","no valid data / na, asked","TRUE","Cross-wave coding conflict: -1 differs for C/D/E (no valid data), G/H/3B/I/J (na, asked)",
"161","Z","mhipp2","binary","-1: no valid data / na, asked","-1","no valid data / na, asked","TRUE","Cross-wave coding conflict: -1 differs for C/D/E/2B (no valid data), H/3B/I/J (na, asked)",
"161","Z","mhipp3","binary","-1: no valid data / na, asked","-1","no valid data / na, asked","TRUE","Cross-wave coding conflict: -1 differs for C/D/E/2B (no valid data), H/3B/I/J (na, asked)",
"161","Z","mhipp4","binary","-1: no valid data / na, asked","-1","no valid data / na, asked","TRUE","Cross-wave coding conflict: -1 differs for D/E (no valid data), 3B/I/J (na, asked)",
"161","Z","mmiwp","binary","1: no / yes","1","no / yes","FALSE","Cross-wave coding conflict: 1 differs for 3B (no), I/J (yes)",
"161","Z","mmiwp","binary","2: yes / no","2","yes / no","FALSE","Cross-wave coding conflict: 2 differs for 3B (yes), I/J (no)",
"161","Z","mtricep1","numeric","-3: no measurement / na, wrong skip","-3","no measurement / na, wrong skip","TRUE","Cross-wave coding conflict: -3 differs for B (no measurement), C/D (na, wrong skip)",
"161","Z","mtricepp","ordinal","-3: no measurement / na, wrong skip","-3","no measurement / na, wrong skip","TRUE","Cross-wave coding conflict: -3 differs for B (no measurement), C/D (na, wrong skip)",
"161","Z","mtricepp","ordinal","-2: no answer, skipped / na, see C/DRM161","-2","no answer, skipped / na, see C/DRM161","TRUE","Cross-wave coding conflict: -2 differs for B (no answer, skipped), C/D (na, see C/DRM161)",
"161","Z","mtricepp","ordinal","1: no bare arm / no","1","no bare arm / no","FALSE","Cross-wave coding conflict: 1 differs for B (no bare arm), C/D (no)",
"161","Z","mtricepp","ordinal","2: edema / yes","2","edema / yes","FALSE","Cross-wave coding conflict: 2 differs for B (edema), C/D (yes)",
"161","Z","mwaist2","numeric","-1: no valid data / na, asked","-1","no valid data / na, asked","TRUE","Cross-wave coding conflict: -1 differs for 2B (no valid data), G/H/3B/I/J (na, asked)",
"161","Z","mwaistp","categorical","-3: no measurement / na, wrong skip","-3","no measurement / na, wrong skip","TRUE","Cross-wave coding conflict: -3 differs for B (no measurement), C/D/E/G (na, wrong skip)",
"161","Z","mwaistp","categorical","-2: no answer, skipped / na, see C/DRM161","-2","no answer, skipped / na, see C/DRM161","TRUE","Cross-wave coding conflict: -2 differs for B (no answer, skipped), C/D/E/2B/F/G/H/3B/I/J (na, see C/DRM161)",
"161","Z","mwaistp","categorical","-1: no particularities scored / no valid data / na, asked","-1","no particularities scored / no valid data / na, asked","TRUE","Cross-wave coding conflict: -1 differs for B (no particularities scored), C/D/E/2B (no valid data), F/G/H/3B/I/J (na, asked)",
"161","Z","mwaistp","categorical","1: lying down / no / no particularities","1","lying down / no / no particularities","FALSE","Cross-wave coding conflict: 1 differs for B (lying down), C/D/E/2B/G/H/3B/I/J (no), F (no particularities)",
"161","Z","mwaistp","categorical","2: hard to find right spot / yes / lying down","2","hard to find right spot / yes / lying down","FALSE","Cross-wave coding conflict: 2 differs for B (hard to find right spot), C/D/E/2B/G/H/3B/I/J (yes), F (lying down)",
"161","Z","mwaistp","categorical","3: much skinfolds under / hard to find right spot","3","much skinfolds under / hard to find right spot","FALSE","Cross-wave coding conflict: 3 differs for B (much skinfolds under), F (hard to find right spot)",
"161","Z","mwaistp","categorical","4: refused / many skinfolds","4","refused / many skinfolds","FALSE","Cross-wave coding conflict: 4 differs for B (refused), F (many skinfolds)",
"161","Z","mwaistp1","binary","-1: no valid data / na, asked","-1","no valid data / na, asked","TRUE","Cross-wave coding conflict: -1 differs for C/D/E (no valid data), G/H/3B/I/J (na, asked)",
"161","Z","mwaistp2","binary","-1: no valid data / na, asked","-1","no valid data / na, asked","TRUE","Cross-wave coding conflict: -1 differs for C/D/E/2B (no valid data), G/H/3B/I/J (na, asked)",
"161","Z","mwaistp3","binary","-1: no valid data / na, asked","-1","no valid data / na, asked","TRUE","Cross-wave coding conflict: -1 differs for C/D/E/2B (no valid data), G/H/3B/I/J (na, asked)",
"161","Z","mwaistp4","binary","-1: no valid data / na, asked","-1","no valid data / na, asked","TRUE","Cross-wave coding conflict: -1 differs for C/D/E/2B (no valid data), G/H/3B/I/J (na, asked)",
"161","Z","mweight","numeric","-1: no valid data / na, asked","-1","no valid data / na, asked","TRUE","Cross-wave coding conflict: -1 differs for B/C/D/E/2B (no valid data), G/H/3B/I/J (na, asked)",
"161","Z","mweightp","categorical","-3: no measurement / na, wrong skip","-3","no measurement / na, wrong skip","TRUE","Cross-wave coding conflict: -3 differs for B (no measurement), C/D/G (na, wrong skip)",
"161","Z","mweightp","categorical","-2: no answer, skipped / na, see C/DRM161","-2","no answer, skipped / na, see C/DRM161","TRUE","Cross-wave coding conflict: -2 differs for B (no answer, skipped), C/D/2B/F/G/H/3B/I/J (na, see C/DRM161)",
"161","Z","mweightp","categorical","-1: no particularities scored / no valid data / na, asked","-1","no particularities scored / no valid data / na, asked","TRUE","Cross-wave coding conflict: -1 differs for B (no particularities scored), C/D/2B (no valid data), F/G/H/3B/I/J (na, asked)",
"161","Z","mweightp","categorical","1: cannot stand / no / yes / no particularities","1","cannot stand / no / yes / no particularities","FALSE","Cross-wave coding conflict: 1 differs for B (cannot stand), C/D/G/H/3B/I/J (no), 2B (yes), F (no particularities)",
"161","Z","mweightp","categorical","2: clothes / yes / no / cannot stand","2","clothes / yes / no / cannot stand","FALSE","Cross-wave coding conflict: 2 differs for B (clothes), C/D/G/H/3B/I/J (yes), 2B (no), F (cannot stand)",
"161","Z","mweightp","categorical","3: corset / wears clothes","3","corset / wears clothes","FALSE","Cross-wave coding conflict: 3 differs for B (corset), F (wears clothes)",
"161","Z","mweightp","categorical","4: amputation / wears corset","4","amputation / wears corset","FALSE","Cross-wave coding conflict: 4 differs for B (amputation), F (wears corset)",
"161","Z","mweightp","categorical","5: brace / amputated","5","brace / amputated","FALSE","Cross-wave coding conflict: 5 differs for B (brace), F (amputated)",
"161","Z","mweightp","categorical","6: prosthesis / brace","6","prosthesis / brace","FALSE","Cross-wave coding conflict: 6 differs for B (prosthesis), F (brace)",
"161","Z","mweightp","categorical","7: >150kg / prosthesis","7",">150kg / prosthesis","FALSE","Cross-wave coding conflict: 7 differs for B (>150kg), F (prosthesis)",
"161","Z","mweightp","categorical","8: refused / wears shoes","8","refused / wears shoes","FALSE","Cross-wave coding conflict: 8 differs for B (refused), F (wears shoes)",
"161","Z","mweightp1","binary","-1: no valid data / na, asked","-1","no valid data / na, asked","TRUE","Cross-wave coding conflict: -1 differs for C (no valid data), G/H/3B/I/J (na, asked)",
"161","Z","mweightp2","binary","-1: no valid data / na, asked","-1","no valid data / na, asked","TRUE","Cross-wave coding conflict: -1 differs for C/D/E/2B (no valid data), G/H/3B/I/J (na, asked)",
"161","Z","mweightp2","binary","1: no / mentioned / yes","1","no / mentioned / yes","FALSE","Cross-wave coding conflict: 1 differs for C/D/G/H/3B/I/J (no), E (mentioned), 2B (yes)",
"161","Z","mweightp2","binary","2: yes / no","2","yes / no","FALSE","Cross-wave coding conflict: 2 differs for C/D/G/H/3B/I/J (yes), 2B (no)",
"161","Z","mweightp3","binary","-1: no valid data / na, asked","-1","no valid data / na, asked","TRUE","Cross-wave coding conflict: -1 differs for C/D/2B (no valid data), G/H/3B/I/J (na, asked)",
"161","Z","mweightp3","binary","1: no / yes","1","no / yes","FALSE","Cross-wave coding conflict: 1 differs for C/D/G/H/3B/I/J (no), 2B (yes)",
"161","Z","mweightp3","binary","2: yes / no","2","yes / no","FALSE","Cross-wave coding conflict: 2 differs for C/D/G/H/3B/I/J (yes), 2B (no)",
"161","Z","mweightp4","binary","-1: no valid data / na, asked","-1","no valid data / na, asked","TRUE","Cross-wave coding conflict: -1 differs for C/D/2B (no valid data), G/H/3B/I/J (na, asked)",
"161","Z","mweightp4","binary","1: no / yes","1","no / yes","FALSE","Cross-wave coding conflict: 1 differs for C/D/G/H/3B/I/J (no), 2B (yes)",
"161","Z","mweightp4","binary","2: yes / no","2","yes / no","FALSE","Cross-wave coding conflict: 2 differs for C/D/G/H/3B/I/J (yes), 2B (no)",
"161","Z","mweightp5","binary","-1: no valid data / na, asked","-1","no valid data / na, asked","TRUE","Cross-wave coding conflict: -1 differs for C/D/2B (no valid data), G/H/3B/I/J (na, asked)",
"161","Z","mweightp5","binary","1: no / yes","1","no / yes","FALSE","Cross-wave coding conflict: 1 differs for C/D/G/H/3B/I/J (no), 2B (yes)",
"161","Z","mweightp5","binary","2: yes / no","2","yes / no","FALSE","Cross-wave coding conflict: 2 differs for C/D/G/H/3B/I/J (yes), 2B (no)",
"161","Z","mweightp6","binary","-1: no valid data / na, asked","-1","no valid data / na, asked","TRUE","Cross-wave coding conflict: -1 differs for C/D/2B (no valid data), G/H/3B/I/J (na, asked)",
"161","Z","mweightp6","binary","1: no / yes","1","no / yes","FALSE","Cross-wave coding conflict: 1 differs for C/D/G/H/3B/I/J (no), 2B (yes)",
"161","Z","mweightp6","binary","2: yes / no","2","yes / no","FALSE","Cross-wave coding conflict: 2 differs for C/D/G/H/3B/I/J (yes), 2B (no)",
"161","Z","mweightp7","numeric","-1: no valid data / na, asked","-1","no valid data / na, asked","TRUE","Cross-wave coding conflict: -1 differs for C/D/2B (no valid data), G/H/3B/I/J (na, asked)",
"161","Z","mweightp7","numeric","1: no / yes","1","no / yes","FALSE","Cross-wave coding conflict: 1 differs for C/D/G/H/3B/I/J (no), 2B (yes)",
"161","Z","mweightp7","numeric","2: yes / no","2","yes / no","FALSE","Cross-wave coding conflict: 2 differs for C/D/G/H/3B/I/J (yes), 2B (no)",
"161","Z","mweightp8","binary","-1: no valid data / na, asked","-1","no valid data / na, asked","TRUE","Cross-wave coding conflict: -1 differs for C/D/2B (no valid data), G/H/3B/I/J (na, asked)",
"161","Z","mweightp8","binary","1: no / yes","1","no / yes","FALSE","Cross-wave coding conflict: 1 differs for C/D/G/H/3B/I/J (no), 2B (yes)",
"161","Z","mweightp8","binary","2: yes / no","2","yes / no","FALSE","Cross-wave coding conflict: 2 differs for C/D/G/H/3B/I/J (yes), 2B (no)",
"161","Z","mweightp9","categorical","-1: no valid data / na, asked","-1","no valid data / na, asked","TRUE","Cross-wave coding conflict: -1 differs for D (no valid data), G/H/3B/I/J (na, asked)",
"161","Z","mweightself","numeric","-3: no measurement / na, wrong skip","-3","no measurement / na, wrong skip","TRUE","Cross-wave coding conflict: -3 differs for B (no measurement), C/D/E/2B/J (na, wrong skip)",
"161","Z","mweightself","numeric","-2: length measured / na, see C/MWEIGHTP1&8","-2","length measured / na, see C/MWEIGHTP1&8","TRUE","Cross-wave coding conflict: -2 differs for B (length measured), C/D/E/2B/F/G/H/3B/I/J (na, see C/MWEIGHTP1&8)",
"161","Z","mweightself","numeric","-1: no valid data / na, asked","-1","no valid data / na, asked","TRUE","Cross-wave coding conflict: -1 differs for B/C/D/E/2B (no valid data), F/G/H/3B/I/J (na, asked)",
"161","Z","rm161","numeric","-2: valid data / interview terminated","-2","valid data / interview terminated","TRUE","Cross-wave coding conflict: -2 differs for C/D/E/F/G/H/3B/I/J (valid data), D (interview terminated)",
"161","Z","rm161","numeric","1: short version / short interview","1","short version / short interview","FALSE","Cross-wave coding conflict: 1 differs for F/G (short version), H/3B/I/J (short interview)",
"166","Z","mDSb01","numeric","-1: no item response","-1","no item response","TRUE","Cross-wave coding conflict: -1 differs for H (asked, no answer), K (not asked)",
"166","Z","mDSb02","numeric","-1: no item response","-1","no item response","TRUE","Cross-wave coding conflict: -1 differs for H (asked, no answer), K (not asked)",
"166","Z","mDSb03","numeric","-1: no item response","-1","no item response","TRUE","Cross-wave coding conflict: -1 differs for H (asked, no answer), K (not asked)",
"166","Z","mDSb04","numeric","-1: no item response","-1","no item response","TRUE","Cross-wave coding conflict: -1 differs for H (asked, no answer), K (not asked)",
"166","Z","mDSb05","numeric","-1: no item response","-1","no item response","TRUE","Cross-wave coding conflict: -1 differs for H (asked, no answer), K (not asked)",
"166","Z","mDSb06","numeric","-1: no item response","-1","no item response","TRUE","Cross-wave coding conflict: -1 differs for H (asked, no answer), K (not asked)",
"166","Z","mDSb07","numeric","-1: no item response","-1","no item response","TRUE","Cross-wave coding conflict: -1 differs for H (asked, no answer), K (not asked)",
"166","Z","mDSf01","numeric","-1: no item response","-1","no item response","TRUE","Cross-wave coding conflict: -1 differs for H (asked, no answer), K (not asked)",
"166","Z","mDSf02","numeric","-1: no item response","-1","no item response","TRUE","Cross-wave coding conflict: -1 differs for H (asked, no answer), K (not asked)",
"166","Z","mDSf03","numeric","-1: no item response","-1","no item response","TRUE","Cross-wave coding conflict: -1 differs for H (asked, no answer), K (not asked)",
"166","Z","mDSf04","numeric","-1: no item response","-1","no item response","TRUE","Cross-wave coding conflict: -1 differs for H (asked, no answer), K (not asked)",
"166","Z","mDSf05","numeric","-1: no item response","-1","no item response","TRUE","Cross-wave coding conflict: -1 differs for H (asked, no answer), K (not asked)",
"166","Z","mDSf06","numeric","-1: no item response","-1","no item response","TRUE","Cross-wave coding conflict: -1 differs for H (asked, no answer), K (not asked)",
"166","Z","mDSf07","numeric","-1: no item response","-1","no item response","TRUE","Cross-wave coding conflict: -1 differs for H (asked, no answer), K (not asked)",
"166","Z","mDSf08","numeric","-1: no item response","-1","no item response","TRUE","Cross-wave coding conflict: -1 differs for H (asked, no answer), K (not asked)",
"168","3B","mlftd","binary","no answer, asked(-1)","-1","no answer, asked","TRUE","Source coding conflict: 3B maps -1 to both no answer, asked and no",
"168","3B","mlftd","binary","no(-1)","-1","no","TRUE","Source coding conflict: 3B maps -1 to both no answer, asked and no",
"168","Z","mlftd","binary","-1: test not completed / no response","-1","test not completed / no response","TRUE","Source coding conflict: 3B maps -1 to both no answer, asked and no",
"171","Z","mcalf01","numeric","-1: measurement missing","-1","measurement missing","TRUE","Cross-wave coding conflict: -1 differs for B (no measurement), H/3B (na, asked)",
"171","Z","mcalf02","categorical","-3: not applicable / skipped","-3","not applicable / skipped","TRUE","Cross-wave coding conflict: -3 differs for B (not in sample), D/E/2B (na, wrong skip)",
"171","Z","mcalf02","categorical","1: particularity status","1","particularity status","FALSE","Cross-wave coding conflict: 1 differs for B/D/E/2B/F/G (no), H/3B (mentioned)",
"171","Z","mcalf02","categorical","2: particularity status or category","2","particularity status or category","FALSE","Cross-wave coding conflict: 2 differs for B/D/E/2B/G (yes), F (no bare leg)",
"171","Z","mcalf02","categorical","3: measurement/particularity status","3","measurement/particularity status","FALSE","Cross-wave coding conflict: 3 differs for B (not done various reasons), F (much space between tape and leg)",
"171","Z","mcalf03","categorical","-3: not applicable / skipped","-3","not applicable / skipped","TRUE","Cross-wave coding conflict: -3 differs for B (not in sample), D/E/2B/G (na, wrong skip)",
"171","Z","mcalf03","categorical","1: particularity status","1","particularity status","FALSE","Cross-wave coding conflict: 1 differs for B (no), D/E/2B/G/H/3B (mentioned)",
"171","Z","mcalf04","categorical","-3: not applicable / skipped","-3","not applicable / skipped","TRUE","Cross-wave coding conflict: -3 differs for B (not in sample), D/E/2B/G (na, wrong skip)",
"171","Z","mcalf04","categorical","1: particularity status","1","particularity status","FALSE","Cross-wave coding conflict: 1 differs for B (no), D/E/2B/G/H/3B (mentioned)",
"171","Z","mcalf06","categorical","-3: not applicable / skipped","-3","not applicable / skipped","TRUE","Cross-wave coding conflict: -3 differs for B (not in sample), D/E/2B/G (na, wrong skip)",
"171","Z","mcalf06","categorical","1: particularity status","1","particularity status","FALSE","Cross-wave coding conflict: 1 differs for B (no), D/E/2B/G/H/3B (mentioned)",
"177","Z","mwvg01","categorical","1: no","1","no","FALSE","Cross-wave coding conflict: 1 differs for G (no), H/I/J (own and use)",
"177","Z","mwvg01","categorical","2: yes","2","yes","FALSE","Cross-wave coding conflict: 2 differs for G (yes), H/I/J (own, no use)",
"177","Z","mwvg02","categorical","1: no","1","no","FALSE","Cross-wave coding conflict: 1 differs for G (no), H/I/J/K (own and use)",
"177","Z","mwvg02","categorical","2: yes","2","yes","FALSE","Cross-wave coding conflict: 2 differs for G (yes), H/I/J/K (own, no use)",
"177","Z","mwvg03","categorical","1: no","1","no","FALSE","Cross-wave coding conflict: 1 differs for G (no), H/I/J/K (own and use)",
"177","Z","mwvg03","categorical","2: yes","2","yes","FALSE","Cross-wave coding conflict: 2 differs for G (yes), H/I/J/K (own, no use)",
"177","Z","mwvg04","categorical","1: no","1","no","FALSE","Cross-wave coding conflict: 1 differs for G (no), H (own and use)",
"177","Z","mwvg04","categorical","2: yes","2","yes","FALSE","Cross-wave coding conflict: 2 differs for G (yes), H (own, no use)",
"177","Z","mwvg05","categorical","1: no","1","no","FALSE","Cross-wave coding conflict: 1 differs for G (no), H/I/J/K (own and use)",
"177","Z","mwvg05","categorical","2: yes","2","yes","FALSE","Cross-wave coding conflict: 2 differs for G (yes), H/I/J/K (own, no use)",
"177","Z","mwvg06","categorical","1: no","1","no","FALSE","Cross-wave coding conflict: 1 differs for G (no), H/I/J/K (own and use)",
"177","Z","mwvg06","categorical","2: yes","2","yes","FALSE","Cross-wave coding conflict: 2 differs for G (yes), H/I/J/K (own, no use)",
"177","Z","mwvg07","categorical","1: no","1","no","FALSE","Cross-wave coding conflict: 1 differs for G (no), H/I/J/K (own and use)",
"177","Z","mwvg07","categorical","2: yes","2","yes","FALSE","Cross-wave coding conflict: 2 differs for G (yes), H/I/J/K (own, no use)",
"177","Z","mwvg08","categorical","1: no","1","no","FALSE","Cross-wave coding conflict: 1 differs for G (no), H (own and use)",
"177","Z","mwvg08","categorical","2: yes","2","yes","FALSE","Cross-wave coding conflict: 2 differs for G (yes), H (own, no use)",
"177","Z","mwvg09","categorical","1: no","1","no","FALSE","Cross-wave coding conflict: 1 differs for G (no), H (own and use)",
"177","Z","mwvg09","categorical","2: yes","2","yes","FALSE","Cross-wave coding conflict: 2 differs for G (yes), H (own, no use)",
"177","Z","mwvg10","categorical","1: no","1","no","FALSE","Cross-wave coding conflict: 1 differs for G (no), H (own and use)",
"177","Z","mwvg10","categorical","2: yes","2","yes","FALSE","Cross-wave coding conflict: 2 differs for G (yes), H (own, no use)",
"177","Z","mwvg11","categorical","1: no","1","no","FALSE","Cross-wave coding conflict: 1 differs for G (no), H/I (own and use)",
"177","Z","mwvg11","categorical","2: yes","2","yes","FALSE","Cross-wave coding conflict: 2 differs for G (yes), H/I (own, no use)",
"181","Z","mmeno05","numeric","-1: missing / source-specific","-1","missing / source-specific","TRUE","Cross-wave coding conflict: -1 differs for C (R does not know age), 2B/3B/MB (na, asked)",
"181","Z","mmeno09","binary","-3: missing / source-specific","-3","missing / source-specific","TRUE","Cross-wave coding conflict: -3 differs for 2B/3B (R does not know), MB (na, wrong skip)",
"181","Z","mmeno09","binary","1: no","1","no","FALSE","Cross-wave coding conflict: 1 differs for C/MB (no), 2B/3B (yes)",
"181","Z","mmeno09","binary","2: no","2","no","FALSE","Cross-wave coding conflict: 2 differs for C/MB (yes), 2B/3B (no)",
"181","Z","mmeno10","binary","-3: missing / source-specific","-3","missing / source-specific","TRUE","Cross-wave coding conflict: -3 differs for 2B/3B (R does not know), MB (na, wrong skip)",
"181","Z","mmeno10","binary","1: no","1","no","FALSE","Cross-wave coding conflict: 1 differs for 2B/3B (yes), MB (no)",
"181","Z","mmeno10","binary","2: no","2","no","FALSE","Cross-wave coding conflict: 2 differs for 2B/3B (no), MB (yes)",
"181","Z","mmeno14","binary","-3: missing / source-specific","-3","missing / source-specific","TRUE","Cross-wave coding conflict: -3 differs for 2B/3B (R does not know), MB (na, wrong skip)",
"181","Z","mmeno62","numeric","-1: missing / source-specific","-1","missing / source-specific","TRUE","Cross-wave coding conflict: -1 differs for C (R does not know age), 2B/3B/MB (na, asked)",
"181","Z","mmeno63","categorical","-1: missing / source-specific","-1","missing / source-specific","TRUE","Cross-wave coding conflict: -1 differs for C (R does not know age), 2B/3B/MB (na, asked)",
"181","Z","mmeno63","categorical","2: yes, one taken","2","yes, one taken","FALSE","Cross-wave coding conflict: 2 differs for C (yes, one taken), 2B/3B/MB (yes, one removed)",
"181","Z","mmeno63","categorical","3: yes, both taken","3","yes, both taken","FALSE","Cross-wave coding conflict: 3 differs for C (yes, both taken), 2B/3B/MB (yes, both removed)",
"181","Z","mmeno66","numeric","-1: missing / source-specific","-1","missing / source-specific","TRUE","Cross-wave coding conflict: -1 differs for C (R does not know age), 3B/MB (na, asked)",
"181","Z","mmeno82","binary","2: yes","2","yes","FALSE","Cross-wave coding conflict: 2 differs for C/2B/3B (yes), MB (yes, during menopause)",
"182","Z","mconfbed","categorical","2: yes","2","yes","FALSE","Cross-wave coding conflict: 2 differs for C (yes), D/F/G/H/3B (yes, not the past year)",
"182","Z","mconfbed","categorical","3: do not know","3","do not know","FALSE","Cross-wave coding conflict: 3 differs for C (do not know), D/F/G/H/3B (yes, the past year)",
"186","Z","mbot2_1","categorical","2: humerus","2","humerus","FALSE","Cross-wave coding conflict: 2 differs for C/D/E/2B (forearm, humerus), F/G/H/3B/I/J/K/MB (humerus)",
"186","Z","mbot2_1","categorical","11: head, neck","11","head, neck","FALSE","Cross-wave coding conflict: 11 differs for C/D/E/2B (head, neck), F/G/H/3B/I/J/K/MB (head (skull, nose, jaw))",
"186","Z","mbot2_2","categorical","2: humerus","2","humerus","FALSE","Cross-wave coding conflict: 2 differs for C/D/E/2B (forearm, humerus), F/G/H/3B/I/J/K/MB (humerus)",
"186","Z","mbot2_2","categorical","11: head, neck","11","head, neck","FALSE","Cross-wave coding conflict: 11 differs for C/D/E/2B (head, neck), F/G/H/3B/I/J/K/MB (head (skull, nose, jaw))",
"186","Z","mbot2_3","categorical","2: humerus","2","humerus","FALSE","Cross-wave coding conflict: 2 differs for C/D/E/2B (forearm, humerus), F/G/H/3B/I/J/K/MB (humerus)",
"186","Z","mbot2_3","categorical","11: head, neck","11","head, neck","FALSE","Cross-wave coding conflict: 11 differs for C/D/E/2B (head, neck), F/G/H/3B/I/J/K/MB (head (skull, nose, jaw))",
"186","Z","mbot2_4","categorical","2: humerus","2","humerus","FALSE","Cross-wave coding conflict: 2 differs for C (forearm, humerus), 3B (humerus)",
"186","Z","mbot2_4","categorical","11: head, neck","11","head, neck","FALSE","Cross-wave coding conflict: 11 differs for C (head, neck), 3B (head (skull, nose, jaw))",
"186","Z","mbot2_5","categorical","2: humerus","2","humerus","FALSE","Cross-wave coding conflict: 2 differs for C (forearm, humerus), 3B (humerus)",
"186","Z","mbot2_5","categorical","11: head, neck","11","head, neck","FALSE","Cross-wave coding conflict: 11 differs for C (head, neck), 3B (head (skull, nose, jaw))",
"186","Z","mbot41m","categorical","-3: missing / source-specific","-3","missing / source-specific","TRUE","Cross-wave coding conflict: -3 differs for 3B (na, wrong skip), K (na, see KMFALLFRACM)",
"186","Z","mbot51","categorical","1: fall>standing height","1","fall>standing height","FALSE","Cross-wave coding conflict: 1 differs for C/D/E/2B/F/G/H/I/J/K (fall>standing height), 3B (fall from standing height or <)",
"186","Z","mbot51","categorical","2: fall<standing height","2","fall<standing height","FALSE","Cross-wave coding conflict: 2 differs for C/D/E/2B (fall<standing height), F/G/H/I/J/K (fall < =standing height), 3B (fall from > standing height)",
"186","Z","mbot51","categorical","3: fall from bike","3","fall from bike","FALSE","Cross-wave coding conflict: 3 differs for C/D/E/2B/F/G/H/I/J/K (traffic accident), 3B (fall from bike)",
"186","Z","mbot51","categorical","4: other","4","other","FALSE","Cross-wave coding conflict: 4 differs for C/D/E/2B/F/G/H/I/J/K (other), 3B (traffic accident)",
"186","Z","mbot51","categorical","5: other","5","other","FALSE","Cross-wave coding conflict: 5 differs for C (spontaan), 3B (other)",
"186","Z","mbot52","categorical","1: fall>standing height","1","fall>standing height","FALSE","Cross-wave coding conflict: 1 differs for C/D/E/2B/F/G/H/I/J/K (fall>standing height), 3B (fall from standing height or <)",
"186","Z","mbot52","categorical","2: fall<standing height","2","fall<standing height","FALSE","Cross-wave coding conflict: 2 differs for C/D/E/2B (fall<standing height), F/G/H/I/J/K (fall < =standing height), 3B (fall from > standing height)",
"186","Z","mbot52","categorical","3: fall from bike","3","fall from bike","FALSE","Cross-wave coding conflict: 3 differs for C/D/E/2B/F/G/H/I/J/K (traffic accident), 3B (fall from bike)",
"186","Z","mbot52","categorical","4: other","4","other","FALSE","Cross-wave coding conflict: 4 differs for C/D/E/2B/F/G/H/I/J/K (other), 3B (traffic accident)",
"186","Z","mbot52","categorical","5: other","5","other","FALSE","Cross-wave coding conflict: 5 differs for C (spontaan), 3B (other)",
"186","Z","mbot53","categorical","1: fall>standing height","1","fall>standing height","FALSE","Cross-wave coding conflict: 1 differs for C/D/E/2B/F/G/H/I/J/K (fall>standing height), 3B (fall from standing height or <)",
"186","Z","mbot53","categorical","2: fall<standing height","2","fall<standing height","FALSE","Cross-wave coding conflict: 2 differs for C/D/E/2B (fall<standing height), F/G/H/I/J/K (fall < =standing height), 3B (fall from > standing height)",
"186","Z","mbot53","categorical","3: fall from bike","3","fall from bike","FALSE","Cross-wave coding conflict: 3 differs for C/D/E/2B/F/G/H/I/J/K (traffic accident), 3B (fall from bike)",
"186","Z","mbot53","categorical","4: other","4","other","FALSE","Cross-wave coding conflict: 4 differs for C/D/E/2B/F/G/H/I/J/K (other), 3B (traffic accident)",
"186","Z","mbot53","categorical","5: other","5","other","FALSE","Cross-wave coding conflict: 5 differs for C (spontaan), 3B (other)",
"186","Z","mbot54","categorical","1: fall>standing height","1","fall>standing height","FALSE","Cross-wave coding conflict: 1 differs for C (fall>standing height), 3B (fall from standing height or <)",
"186","Z","mbot54","categorical","2: fall<standing height","2","fall<standing height","FALSE","Cross-wave coding conflict: 2 differs for C (fall<standing height), 3B (fall from > standing height)",
"186","Z","mbot54","categorical","3: fall from bike","3","fall from bike","FALSE","Cross-wave coding conflict: 3 differs for C (traffic accident), 3B (fall from bike)",
"186","Z","mbot54","categorical","4: other","4","other","FALSE","Cross-wave coding conflict: 4 differs for C (other), 3B (traffic accident)",
"186","Z","mbot54","categorical","5: other","5","other","FALSE","Cross-wave coding conflict: 5 differs for C (spontaan), 3B (other)",
"186","Z","mbot55","categorical","1: fall>standing height","1","fall>standing height","FALSE","Cross-wave coding conflict: 1 differs for C (fall>standing height), 3B (fall from standing height or <)",
"186","Z","mbot55","categorical","2: fall<standing height","2","fall<standing height","FALSE","Cross-wave coding conflict: 2 differs for C (fall<standing height), 3B (fall from > standing height)",
"186","Z","mbot55","categorical","3: fall from bike","3","fall from bike","FALSE","Cross-wave coding conflict: 3 differs for C (traffic accident), 3B (fall from bike)",
"186","Z","mbot55","categorical","4: other","4","other","FALSE","Cross-wave coding conflict: 4 differs for C (other), 3B (traffic accident)",
"186","Z","mbot55","categorical","5: other","5","other","FALSE","Cross-wave coding conflict: 5 differs for C (spontaan), 3B (other)",
"186","Z","mbot6","binary","1: no","1","no","FALSE","Cross-wave coding conflict: 1 differs for C/D (no), 2B/3B (yes)",
"186","Z","mbot6","binary","2: no","2","no","FALSE","Cross-wave coding conflict: 2 differs for C/D (yes), 2B/3B (no)",
"186","Z","mbot62","binary","1: no","1","no","FALSE","Cross-wave coding conflict: 1 differs for C/D (mentioned), 2B/3B (no)",
"186","Z","mbot63","binary","1: no","1","no","FALSE","Cross-wave coding conflict: 1 differs for C/D (mentioned), 2B/3B (no)",
"186","Z","mbot64","binary","1: no","1","no","FALSE","Cross-wave coding conflict: 1 differs for C/D (mentioned), 2B/3B (no)",
"186","Z","mbot65","binary","1: no","1","no","FALSE","Cross-wave coding conflict: 1 differs for C/D (mentioned), 2B/3B (no)",
"186","Z","mhippro","categorical","1: no","1","no","FALSE","Cross-wave coding conflict: 1 differs for D/E/F/G/H/3B/I/J/K (no), 2B (yes)",
"186","Z","mhippro","categorical","2: no","2","no","FALSE","Cross-wave coding conflict: 2 differs for D/E/F/G/H/3B/I/J/K (left), 2B (no)",
"187","Z","mfallmhlp1","categorical","1: no","1","no","FALSE","Cross-wave coding conflict: 1 differs for D (mentioned), K (no)",
"189","Z","mpgbac","binary","-2","-2","not applicable based on routing/PGB indication status","TRUE","Cross-wave coding conflict: -2 differs for H (routing), I/J/K (not applicable based on PGB indication status)",
"189","Z","mpgbao","binary","-2","-2","not applicable based on routing/PGB indication status","TRUE","Cross-wave coding conflict: -2 differs for H (routing), I/J/K (not applicable based on PGB indication status)",
"189","Z","mpgbap","binary","-2","-2","not applicable based on routing/PGB indication status","TRUE","Cross-wave coding conflict: -2 differs for H (routing), I/J/K (not applicable based on PGB indication status)",
"189","Z","mpgbaph","binary","-2","-2","not applicable based on routing/PGB indication status","TRUE","Cross-wave coding conflict: -2 differs for H (routing), I/J/K (not applicable based on PGB indication status)",
"189","Z","mpgbas","binary","-2","-2","not applicable based on routing/PGB indication status","TRUE","Cross-wave coding conflict: -2 differs for H (routing), I/J/K (not applicable based on PGB indication status)",
"189","Z","mrioyn","categorical","2","2","indication/application not yet finalized","FALSE","Cross-wave coding conflict: 2 differs for E/F (no, but indication expected soon), G (yes, application not yet approved)",
"195","Z","meol04","numeric","-1","-1","does not know / no valid count","TRUE","Cross-wave coding conflict: -1 differs for F/G/H (asked/no valid count or does not know), I/J/K (does not know)",
"195","Z","meol06","unknown","-2","-2","no valid data","TRUE","Cross-wave variable-type conflict: F/G (categorical declaration type), H/I/J/K (numeric declaration count)",
"195","Z","meol06","unknown","-1","-1","does not know / no valid response","TRUE","Cross-wave coding conflict: -1 differs for F/G (asked/no valid response), H (asked/no valid response or does not know), I/J/K (does not know) | Cross-wave variable-type conflict: F/G (categorical declaration type), H/I/J/K (numeric declaration count)",
"195","Z","meol06","unknown","0","0","R does not have anything on paper","FALSE","Cross-wave variable-type conflict: F/G (categorical declaration type), H/I/J/K (numeric declaration count)",
"195","Z","meol06","unknown","1","1","recorded value 1","FALSE","Cross-wave coding conflict: 1 differs for F/G (standard: NVVE advance euthanasia directive), H/I/J/K (number of declarations = 1) | Cross-wave variable-type conflict: F/G (categorical declaration type), H/I/J/K (numeric declaration count)",
"195","Z","meol06","unknown","2","2","recorded value 2","FALSE","Cross-wave coding conflict: 2 differs for F/G (standard: NVVE durable power of attorney), H/I/J/K (number of declarations = 2) | Cross-wave variable-type conflict: F/G (categorical declaration type), H/I/J/K (numeric declaration count)",
"195","Z","meol06","unknown","3","3","recorded value 3","FALSE","Cross-wave coding conflict: 3 differs for F/G (standard: NVVE do not treat), H/I/J/K (number of declarations = 3) | Cross-wave variable-type conflict: F/G (categorical declaration type), H/I/J/K (numeric declaration count)",
"195","Z","meol06","unknown","4","4","recorded value 4","FALSE","Cross-wave coding conflict: 4 differs for F/G (standard: NVVE do not resuscitate), H/I/J/K (number of declarations = 4) | Cross-wave variable-type conflict: F/G (categorical declaration type), H/I/J/K (numeric declaration count)",
"195","Z","meol06","unknown","5","5","recorded value 5","FALSE","Cross-wave coding conflict: 5 differs for F/G (standard: NPV wish to live), H/I/J/K (number of declarations = 5) | Cross-wave variable-type conflict: F/G (categorical declaration type), H/I/J/K (numeric declaration count)",
"195","Z","meol06","unknown","6","6","recorded value 6","FALSE","Cross-wave coding conflict: 6 differs for F/G (standard: notary: advance euthanasia directive), H/I/J/K (number of declarations = 6) | Cross-wave variable-type conflict: F/G (categorical declaration type), H/I/J/K (numeric declaration count)",
"195","Z","meol06","unknown","7","7","recorded value 7","FALSE","Cross-wave coding conflict: 7 differs for F/G (standard: MAIA advance care directive), H/I/J/K (number of declarations = 7) | Cross-wave variable-type conflict: F/G (categorical declaration type), H/I/J/K (numeric declaration count)",
"195","Z","meol06","unknown","8","8","recorded value 8","FALSE","Cross-wave coding conflict: 8 differs for F/G (standard: other standard living will), H/I/J/K (number of declarations = 8) | Cross-wave variable-type conflict: F/G (categorical declaration type), H/I/J/K (numeric declaration count)",
"195","Z","meol06","unknown","9","9","recorded value 9","FALSE","Cross-wave coding conflict: 9 differs for F/G (personal: advance euthanasia directive), H/I/J/K (number of declarations = 9) | Cross-wave variable-type conflict: F/G (categorical declaration type), H/I/J/K (numeric declaration count)",
"195","Z","meol06","unknown","10","10","recorded value 10","FALSE","Cross-wave coding conflict: 10 differs for F/G (personal: other personal living will), H/I/J/K (number of declarations = 10) | Cross-wave variable-type conflict: F/G (categorical declaration type), H/I/J/K (numeric declaration count)",
"195","Z","meol06","unknown","11","11","recorded value 11","FALSE","Cross-wave coding conflict: 11 differs for F/G (other not specified), H/I/J/K (number of declarations = 11) | Cross-wave variable-type conflict: F/G (categorical declaration type), H/I/J/K (numeric declaration count)",
"195","Z","meol06","unknown","12","12","recorded value 12","FALSE","Cross-wave coding conflict: 12 differs for F/G (no), H/I/J/K (number of declarations = 12) | Cross-wave variable-type conflict: F/G (categorical declaration type), H/I/J/K (numeric declaration count)",
"195","Z","meol06","unknown","13","13","recorded value 13","FALSE","Cross-wave coding conflict: 13 differs for F/G (R does not know), H/I/J/K (number of declarations = 13) | Cross-wave variable-type conflict: F/G (categorical declaration type), H/I/J/K (numeric declaration count)",
"222","Z","rmcrav","categorical","6","6","not able to complete test (physical)","FALSE","Cross-wave coding conflict: 6 differs for B/C (physical inability: vision), D/E/2B/F/G (physical inability, unspecified)",
"225","Z","rmcesd","categorical","4","4","refused test / no valid data","FALSE","Cross-wave coding conflict: 4 differs for B (refused test), MB (no valid data)",
"228","Z","rmalc","categorical","4","4","refusal / lack of understanding","FALSE","Cross-wave coding conflict: 4 differs for F (refused to answer), G/H/3B/I/J/K (refusal / lack of understanding)",
"248","Z","data048","categorical","-3","-3","data unavailable due refusal/interview outcome","TRUE","Cross-wave coding conflict: -3 differs for E (refusal), F (interview terminated)",
"248","Z","data048","categorical","-2","-2","short/nonstandard interview","TRUE","Cross-wave coding conflict: -2 differs for E (short/terminated interview), F (short version)",
"272","Z","brodied","binary","-6","-6","interview nonresponse","TRUE","Cross-wave coding conflict: -6 differs for C (refusal/skip by interviewer), D/E/F/G/H/I/J/K (interview terminated)",
"272","Z","brodied","binary","-5","-5","interview nonresponse","TRUE","Cross-wave coding conflict: -5 differs for C (interview terminated), D/E/F/G/H/I/J/K (short version interview)",
"272","Z","brodied","binary","-4","-4","response unavailable","TRUE","Cross-wave coding conflict: -4 differs for C (short version interview), I/J/K (do not know)",
"272","Z","conflic","binary","-6","-6","interview nonresponse","TRUE","Cross-wave coding conflict: -6 differs for C (refusal/skip by interviewer), D/E/F/G/H/I/J/K (interview terminated)",
"272","Z","conflic","binary","-5","-5","interview nonresponse","TRUE","Cross-wave coding conflict: -5 differs for C (interview terminated), D/E/F/G/H/I/J/K (short version interview)",
"272","Z","crime","binary","-6","-6","interview nonresponse","TRUE","Cross-wave coding conflict: -6 differs for C (refusal/skip by interviewer), D/E/F/G/H/I/J/K (interview terminated)",
"272","Z","crime","binary","-5","-5","interview nonresponse","TRUE","Cross-wave coding conflict: -5 differs for C (interview terminated), D/E/F/G/H/I/J/K (short version interview)",
"272","Z","daudied","binary","-6","-6","interview nonresponse","TRUE","Cross-wave coding conflict: -6 differs for C (refusal/skip by interviewer), D/E/F/G/H/I/J/K (interview terminated)",
"272","Z","daudied","binary","-5","-5","interview nonresponse","TRUE","Cross-wave coding conflict: -5 differs for C (interview terminated), D/E/F/G/H/I/J/K (short version interview)",
"272","Z","daudied","binary","-4","-4","response unavailable","TRUE","Cross-wave coding conflict: -4 differs for C (short version interview), I/J/K (do not know)",
"272","Z","fadied","binary","-6","-6","interview nonresponse","TRUE","Cross-wave coding conflict: -6 differs for C (refusal/skip by interviewer), D/E/F/G/H/I/J/K (interview terminated)",
"272","Z","fadied","binary","-5","-5","interview nonresponse","TRUE","Cross-wave coding conflict: -5 differs for C (interview terminated), D/E/F/G/H/I/J/K (short version interview)",
"272","Z","fadied","binary","-4","-4","response unavailable","TRUE","Cross-wave coding conflict: -4 differs for C (short version interview), D/E/F/G/H/I/J/K (do not know)",
"272","Z","fadied","binary","-2","-2","prior-death/routing status","TRUE","Cross-wave coding conflict: -2 differs for C/D (not asked), E/F/G/H (died earlier), I/J/K (answer: died earlier)",
"272","Z","financ","binary","-6","-6","interview nonresponse","TRUE","Cross-wave coding conflict: -6 differs for C (refusal/skip by interviewer), D/E/F/G/H/I/J/K (interview terminated)",
"272","Z","financ","binary","-5","-5","interview nonresponse","TRUE","Cross-wave coding conflict: -5 differs for C (interview terminated), D/E/F/G/H/I/J/K (short version interview)",
"272","Z","gcdied","binary","-6","-6","interview nonresponse","TRUE","Cross-wave coding conflict: -6 differs for C (refusal/skip by interviewer), D/E/F/G/H/I/J/K (interview terminated)",
"272","Z","gcdied","binary","-5","-5","interview nonresponse","TRUE","Cross-wave coding conflict: -5 differs for C (interview terminated), D/E/F/G/H/I/J/K (short version interview)",
"272","Z","illoth","binary","-6","-6","interview nonresponse","TRUE","Cross-wave coding conflict: -6 differs for C (refusal/skip by interviewer), D/E/F/G/H/I/J/K (interview terminated)",
"272","Z","illoth","binary","-5","-5","interview nonresponse","TRUE","Cross-wave coding conflict: -5 differs for C (interview terminated), D/E/F/G/H/I/J/K (short version interview)",
"272","Z","illpart","binary","-6","-6","interview nonresponse","TRUE","Cross-wave coding conflict: -6 differs for C (refusal/skip by interviewer), D/E/F/G/H/I/J/K (interview terminated)",
"272","Z","illpart","binary","-5","-5","interview nonresponse","TRUE","Cross-wave coding conflict: -5 differs for C (interview terminated), D/E/F/G/H/I/J/K (short version interview)",
"272","Z","illpart","binary","-2","-2","not asked / no partner","TRUE","Cross-wave coding conflict: -2 differs for C/D (not asked), E/F/G/H/I/J/K (no partner)",
"272","Z","modied","binary","-6","-6","interview nonresponse","TRUE","Cross-wave coding conflict: -6 differs for C (refusal/skip by interviewer), D/E/F/G/H/I/J/K (interview terminated)",
"272","Z","modied","binary","-5","-5","interview nonresponse","TRUE","Cross-wave coding conflict: -5 differs for C (interview terminated), D/E/F/G/H/I/J/K (short version interview)",
"272","Z","modied","binary","-4","-4","response unavailable","TRUE","Cross-wave coding conflict: -4 differs for C (short version interview), D/E/F/G/H/I/J/K (do not know)",
"272","Z","modied","binary","-2","-2","prior-death/routing status","TRUE","Cross-wave coding conflict: -2 differs for C/D (not asked), E/F/G/H (died earlier), I/J/K (answer: died earlier)",
"272","Z","sisdied","binary","-6","-6","interview nonresponse","TRUE","Cross-wave coding conflict: -6 differs for C (refusal/skip by interviewer), D/E/F/G/H/I/J/K (interview terminated)",
"272","Z","sisdied","binary","-5","-5","interview nonresponse","TRUE","Cross-wave coding conflict: -5 differs for C (interview terminated), D/E/F/G/H/I/J/K (short version interview)",
"272","Z","sisdied","binary","-4","-4","response unavailable","TRUE","Cross-wave coding conflict: -4 differs for C (short version interview), I/J/K (do not know)",
"272","Z","sondied","binary","-6","-6","interview nonresponse","TRUE","Cross-wave coding conflict: -6 differs for C (refusal/skip by interviewer), D/E/F/G/H/I/J/K (interview terminated)",
"272","Z","sondied","binary","-5","-5","interview nonresponse","TRUE","Cross-wave coding conflict: -5 differs for C (interview terminated), D/E/F/G/H/I/J/K (short version interview)",
"272","Z","sondied","binary","-4","-4","response unavailable","TRUE","Cross-wave coding conflict: -4 differs for C (short version interview), I/J/K (do not know)",
"273","Z","lo","numeric","-1","-1","missing-item threshold exceeded","TRUE","Cross-wave coding conflict: -1 differs for F/G (>1 missing items), H/3B/MB/I/J (>2 missing items)",
"273","B","loemo","numeric","severe loneliness(6)","6",,"FALSE","Source coding conflict: B maps 6 to both unit nonresponse and severe loneliness",
"273","B","loemo","numeric","unit nonresponse(6)","6","unit nonresponse","FALSE","Source coding conflict: B maps 6 to both unit nonresponse and severe loneliness",
"273","C","loemo","numeric","severe loneliness(6)","6",,"FALSE","Source coding conflict: C maps 6 to both unit nonresponse and severe loneliness",
"273","C","loemo","numeric","unit nonresponse(6)","6","unit nonresponse","FALSE","Source coding conflict: C maps 6 to both unit nonresponse and severe loneliness",
"273","D","loemo","numeric","severe loneliness(6)","6",,"FALSE","Source coding conflict: D maps 6 to both unit nonresponse and severe loneliness",
"273","D","loemo","numeric","unit nonresponse(6)","6","unit nonresponse","FALSE","Source coding conflict: D maps 6 to both unit nonresponse and severe loneliness",
"273","E","loemo","numeric","severe loneliness(6)","6",,"FALSE","Source coding conflict: E maps 6 to both unit nonresponse and severe loneliness",
"273","E","loemo","numeric","unit nonresponse(6)","6","unit nonresponse","FALSE","Source coding conflict: E maps 6 to both unit nonresponse and severe loneliness",
"273","F","loemo","numeric","severe loneliness(6)","6",,"FALSE","Source coding conflict: F maps 6 to both unit nonresponse and severe loneliness",
"273","F","loemo","numeric","unit nonresponse(6)","6","unit nonresponse","FALSE","Source coding conflict: F maps 6 to both unit nonresponse and severe loneliness",
"273","Z","loemo","numeric","6","6","source-defined code 6","FALSE","Cross-wave coding conflict: 6 differs for B/C/D/E (unit nonresponse and severe loneliness), 2B (severe loneliness), F (unit nonresponse and severe loneliness), G/H/3B/MB/I/J (severe loneliness)",
"278","Z","an","numeric","-4","-4","not assessed","TRUE","Cross-wave coding conflict: -4 differs for B (short version questionnaire), E (refusal/skip by interviewer)",
"278","Z","an","numeric","-2","-2","no valid scale score","TRUE","Cross-wave coding conflict: -2 differs for B (no valid data), E (>0 missing items)",
"379","G","madint","numeric","not able to [cognitive](-4)","-4","not able to [cognitive]","TRUE","Source coding conflict: G maps -4 to both not able to [cognitive] and too many missings",
"379","G","madint","numeric","too many missings(-4)","-4","too many missings","TRUE","Source coding conflict: G maps -4 to both not able to [cognitive] and too many missings",
"379","Z","madint","numeric","-4","-4","score unavailable","TRUE","Source coding conflict: G maps -4 to not able to [cognitive] / too many missings",
"435","Z","xartvei1","categorical","-5","-5","Arteries: disease or abnormalities status","TRUE","Cross-wave coding conflict: -5 differs for B (na, interview terminated), C (na, see XRMCH)",
"435","Z","xartvei1","categorical","0","0","no","FALSE","Cross-wave coding conflict: 0 differs for B (no), C (no, never)",
"435","Z","xartvei1","categorical","1","1","Arteries: disease or abnormalities status","FALSE","Cross-wave coding conflict: 1 differs for B (yes), C (no, BARTVEI1 yes)",
"435","Z","xartvei3","binary","1","1","Arteries: taking medication status","FALSE","Cross-wave coding conflict: 1 differs for B (yes), C (no)",
"435","Z","xartvei4","categorical","1","1","Arteries: treatment doctor status","FALSE","Cross-wave coding conflict: 1 differs for B (yes, family physician), C (no)",
"435","Z","xartvei4","categorical","2","2","yes","FALSE","Cross-wave coding conflict: 2 differs for B (yes, specialist), C (yes, family physician)",
"435","Z","xartvei5","binary","1","1","Arteries: pain when walking status","FALSE","Cross-wave coding conflict: 1 differs for B (yes), C (no)",
"435","Z","xartvei7","binary","1","1","Arteries: pain disappears standing still status","FALSE","Cross-wave coding conflict: 1 differs for B (yes), C (see cartvei6, no)",
"435","Z","xartvei8","binary","1","1","Arteries: surgery since last interview status","FALSE","Cross-wave coding conflict: 1 differs for B (yes), C (no)",
"435","Z","xartvei9","ordinal","-2","-2","Arteries: outdoors less often status","TRUE","Cross-wave coding conflict: -2 differs for B (ries na, see BARTVEI1), C (na, see XARTVEI1)",
"435","Z","xcance5a","binary","1","1","Cancer: tumor, lungs status","FALSE","Cross-wave coding conflict: 1 differs for B (mentioned), C (not mentioned)",
"435","Z","xcance5b","binary","1","1","Cancer: tumor, breast status","FALSE","Cross-wave coding conflict: 1 differs for B (mentioned), C (not mentioned)",
"435","Z","xcance5c","binary","1","1","Cancer: tumor, uterus status","FALSE","Cross-wave coding conflict: 1 differs for B (mentioned), C (not mentioned)",
"435","Z","xcance5d","binary","1","1","Cancer: tumor, cervix status","FALSE","Cross-wave coding conflict: 1 differs for B (mentioned), C (not mentioned)",
"435","Z","xcance5e","binary","1","1","Cancer: tumor, intestines status","FALSE","Cross-wave coding conflict: 1 differs for B (mentioned), C (not mentioned)",
"435","Z","xcance5f","binary","1","1","Cancer: tumor, prostate status","FALSE","Cross-wave coding conflict: 1 differs for B (mentioned), C (not mentioned)",
"435","Z","xcance5g","binary","1","1","Cancer: tumor, larynx status","FALSE","Cross-wave coding conflict: 1 differs for B (mentioned), C (not mentioned)",
"435","Z","xcance5h","binary","1","1","Cancer: tumor, esophagus status","FALSE","Cross-wave coding conflict: 1 differs for B (mentioned), C (not mentioned)",
"435","Z","xcance5i","binary","1","1","Cancer: tumor, stomach status","FALSE","Cross-wave coding conflict: 1 differs for B (mentioned), C (not mentioned)",
"435","Z","xcance5j","binary","1","1","Cancer: tumor, blood status","FALSE","Cross-wave coding conflict: 1 differs for B (mentioned), C (not mentioned)",
"435","Z","xcance5k","binary","1","1","Cancer: tumor, skin status","FALSE","Cross-wave coding conflict: 1 differs for B (mentioned), C (not mentioned)",
"435","Z","xcance5l","binary","1","1","Cancer: tumor, other status","FALSE","Cross-wave coding conflict: 1 differs for B (mentioned), C (not mentioned)",
"435","Z","xcance6a","binary","1","1","Cancer: metastases, bone/skeleton status","FALSE","Cross-wave coding conflict: 1 differs for B (mentioned), C (not mentioned)",
"435","Z","xcance6b","binary","1","1","Cancer: metastases, liver status","FALSE","Cross-wave coding conflict: 1 differs for B (mentioned), C (not mentioned)",
"435","Z","xcance6c","binary","1","1","Cancer: metastases, brain status","FALSE","Cross-wave coding conflict: 1 differs for B (mentioned), C (not mentioned)",
"435","Z","xcance6d","binary","1","1","Cancer: metastases, lungs status","FALSE","Cross-wave coding conflict: 1 differs for B (mentioned), C (not mentioned)",
"435","Z","xcance6e","binary","1","1","Cancer: metastases, lymph nodes status","FALSE","Cross-wave coding conflict: 1 differs for B (mentioned), C (not mentioned)",
"435","Z","xcance7a","binary","1","1","Cancer: surgery, since last interview status","FALSE","Cross-wave coding conflict: 1 differs for B (mentioned), C (not mentioned)",
"435","Z","xcance7b","binary","-2","-2","Cancer: chemotherapy, since last interview status","TRUE","Cross-wave coding conflict: -2 differs for B (na, see XCANCER1), C (na, see XCANCER6)",
"435","Z","xcance7b","binary","1","1","Cancer: chemotherapy, since last interview status","FALSE","Cross-wave coding conflict: 1 differs for B (mentioned), C (not mentioned)",
"435","Z","xcance7c","binary","-2","-2","Cancer: radiotherapy, since last interview status","TRUE","Cross-wave coding conflict: -2 differs for B (na, see XCANCER1), C (na, see XCANCER6)",
"435","Z","xcance7c","binary","1","1","Cancer: radiotherapy, since last interview status","FALSE","Cross-wave coding conflict: 1 differs for B (mentioned), C (not mentioned)",
"435","Z","xcance7d","binary","-2","-2","Cancer: alternative treatment, since last interview status","TRUE","Cross-wave coding conflict: -2 differs for B (na, see XCANCER1), C (na, see XCANCER6)",
"435","Z","xcance7d","binary","1","1","Cancer: alternative treatment, since last interview status","FALSE","Cross-wave coding conflict: 1 differs for B (mentioned), C (not mentioned)",
"435","Z","xcancer1","categorical","-5","-5","Cancer status","TRUE","Cross-wave coding conflict: -5 differs for B (na, interview terminated), C (na, see XRMCH)",
"435","Z","xcancer1","categorical","0","0","Cancer status","FALSE","Cross-wave coding conflict: 0 differs for B (no), C (no never)",
"435","Z","xcancer1","categorical","1","1","Cancer status","FALSE","Cross-wave coding conflict: 1 differs for B (yes), C (no, BCANCER1 yes)",
"435","Z","xcancer3","binary","1","1","Cancer: taking medication status","FALSE","Cross-wave coding conflict: 1 differs for B (yes), C (no)",
"435","Z","xcancer4","categorical","1","1","Cancer: treatment doctor status","FALSE","Cross-wave coding conflict: 1 differs for B (yes, family physician), C (no)",
"435","Z","xcancer4","categorical","2","2","yes","FALSE","Cross-wave coding conflict: 2 differs for B (yes, specialist), C (yes, family physician)",
"435","Z","xcancer6","binary","1","1","Cancer: metastases since last interview status","FALSE","Cross-wave coding conflict: 1 differs for B (mentioned), C (no)",
"435","Z","xcara01","categorical","-5","-5","CNSLD: asthma, chr bronch, emphysema status","TRUE","Cross-wave coding conflict: -5 differs for B (na, interview terminated), C (na, see XRMCH)",
"435","Z","xcara01","categorical","0","0","no","FALSE","Cross-wave coding conflict: 0 differs for B (no), C (no, never)",
"435","Z","xcara01","categorical","1","1","CNSLD: asthma, chr bronch, emphysema status","FALSE","Cross-wave coding conflict: 1 differs for B (yes), C (no, BCARA01 yes)",
"435","Z","xcara03","binary","1","1","CNSLD: taking medication status","FALSE","Cross-wave coding conflict: 1 differs for B (yes), C (no)",
"435","Z","xcara04","categorical","1","1","CNSLD: treatment doctor status","FALSE","Cross-wave coding conflict: 1 differs for B (yes, family physician), C (no)",
"435","Z","xcara04","categorical","2","2","yes","FALSE","Cross-wave coding conflict: 2 differs for B (yes, specialist), C (yes, family physician)",
"435","Z","xcara05","binary","1","1","CNSLD: cough almost daily status","FALSE","Cross-wave coding conflict: 1 differs for B (yes), C (no)",
"435","Z","xcara06","binary","1","1","CNSLD: phlegm almost daily status","FALSE","Cross-wave coding conflict: 1 differs for B (yes), C (no)",
"435","Z","xcara07","numeric","1","1","CNSLD: period increased phlegm past year status","FALSE","Cross-wave coding conflict: 1 differs for B (yes), C (no)",
"435","Z","xcara08","numeric","1","1","CNSLD: shortness of breath sometimes status","FALSE","Cross-wave coding conflict: 1 differs for B (yes, with heavy exertion), C (no)",
"435","Z","xcara08","numeric","2","2","yes","FALSE","Cross-wave coding conflict: 2 differs for B (yes, with light exertion), C (yes, with heavy exertion)",
"435","Z","xcara08","numeric","3","3","yes","FALSE","Cross-wave coding conflict: 3 differs for B (yes, at rest), C (yes, with light exertion)",
"435","Z","xcara09","binary","1","1","CNSLD: wheezing breath ever status","FALSE","Cross-wave coding conflict: 1 differs for B (yes), C (no)",
"435","Z","xcara10","binary","1","1","CNSLD: wheezing breath during rest status","FALSE","Cross-wave coding conflict: 1 differs for B (yes), C (no)",
"435","Z","xcva01","categorical","-5","-5","CVA status","TRUE","Cross-wave coding conflict: -5 differs for B (na, interview terminated), C (na, see XRMCH)",
"435","Z","xcva01","categorical","0","0","CVA status","FALSE","Cross-wave coding conflict: 0 differs for B (no), C (no never)",
"435","Z","xcva01","categorical","1","1","CVA status","FALSE","Cross-wave coding conflict: 1 differs for B (yes), C (no, BCVA01 yes)",
"435","Z","xcva06","binary","1","1","CVA: taking medication status","FALSE","Cross-wave coding conflict: 1 differs for B (yes), C (no)",
"435","Z","xcva07","categorical","1","1","CVA: treatment doctor status","FALSE","Cross-wave coding conflict: 1 differs for B (yes, family physician), C (no)",
"435","Z","xcva07","categorical","2","2","yes","FALSE","Cross-wave coding conflict: 2 differs for B (yes, specialist), C (yes, family physician)",
"435","Z","xcva08","binary","1","1","CVA: still problems with arms and legs status","FALSE","Cross-wave coding conflict: 1 differs for B (yes), C (no)",
"435","Z","xcva09","binary","1","1","CVA: still problems with vision status","FALSE","Cross-wave coding conflict: 1 differs for B (yes), C (no)",
"435","Z","xcva10","binary","1","1","CVA: still problems speech status","FALSE","Cross-wave coding conflict: 1 differs for B (yes), C (no)",
"435","Z","xcva11","binary","1","1","CVA: still problems understanding written text status","FALSE","Cross-wave coding conflict: 1 differs for B (yes), C (no)",
"435","Z","xdiabe01","categorical","-5","-5","Diabetes status","TRUE","Cross-wave coding conflict: -5 differs for B (na, interview terminated), C (na, see XRMCH)",
"435","Z","xdiabe01","categorical","0","0","no","FALSE","Cross-wave coding conflict: 0 differs for B (no), C (no, never)",
"435","Z","xdiabe01","categorical","1","1","Diabetes status","FALSE","Cross-wave coding conflict: 1 differs for B (yes), C (no, BDIABE01 yes)",
"435","Z","xdiabe03","categorical","1","1","Diabetes: taking medication status","FALSE","Cross-wave coding conflict: 1 differs for B (yes, insulin injections), C (no)",
"435","Z","xdiabe03","categorical","2","2","yes","FALSE","Cross-wave coding conflict: 2 differs for B (yes, tablets only), C (yes, insulin injections)",
"435","Z","xdiabe04","categorical","1","1","Diabetes: treatment doctor status","FALSE","Cross-wave coding conflict: 1 differs for B (yes, family physician), C (no)",
"435","Z","xdiabe04","categorical","2","2","yes","FALSE","Cross-wave coding conflict: 2 differs for B (yes, specialist), C (yes, family physician)",
"435","Z","xdiabe05","binary","1","1","Diabetes: treatment related eye problems status","FALSE","Cross-wave coding conflict: 1 differs for B (yes), C (no)",
"435","Z","xdiabe07","binary","-6","-6","Diabetes: pain when walking status","TRUE","Cross-wave coding conflict: -6 differs for B (already asked BARTVEI5), C (na, see XARTVEI1)",
"435","Z","xdiabe07","binary","1","1","Diabetes: pain when walking status","FALSE","Cross-wave coding conflict: 1 differs for B (yes), C (no)",
"435","Z","xdiabe09","binary","1","1","Diabetes: pain disappears standing still status","FALSE","Cross-wave coding conflict: 1 differs for B (yes), C (see cdiabe08, no)",
"435","Z","xdiabe10","binary","1","1","Diabetes: pain in legs during rest status","FALSE","Cross-wave coding conflict: 1 differs for B (yes), C (no)",
"435","Z","xdiabe11","categorical","-6","-6","Diabetes: chest pain during exertion status","TRUE","Cross-wave coding conflict: -6 differs for B (already asked BHART10), C (already asked CHART01)",
"435","Z","xdiabe11","categorical","1","1","Diabetes: chest pain during exertion status","FALSE","Cross-wave coding conflict: 1 differs for B (yes), C (no)",
"435","Z","xdiabe11","categorical","2","2","Diabetes: chest pain during exertion status","FALSE","Cross-wave coding conflict: 2 differs for B (no exertion: chest pain), C (yes)",
"435","Z","xdiabe11","categorical","3","3","Diabetes: chest pain during exertion status","FALSE","Cross-wave coding conflict: 3 differs for B (no exertion: pain legs), C (no exertion: chest pain)",
"435","Z","xdiabe11","categorical","4","4","Diabetes: chest pain during exertion status","FALSE","Cross-wave coding conflict: 4 differs for B (no exertion: shortness of breath), C (no exertion: pain legs)",
"435","Z","xdiabe11","categorical","5","5","Diabetes: chest pain during exertion status","FALSE","Cross-wave coding conflict: 5 differs for B (no exertion: joint complaints), C (no exertion: shortness of breath)",
"435","Z","xdiabe11","categorical","6","6","Diabetes: chest pain during exertion status","FALSE","Cross-wave coding conflict: 6 differs for B (no exertion: other reason), C (no exertion: joint complaints)",
"435","Z","xdiabe12","numeric","1","1","Diabetes: exertion pain disappears in 10 minutes status","FALSE","Cross-wave coding conflict: 1 differs for B (yes), C (no)",
"435","Z","xhart01","categorical","-5","-5","Heart: heart disease status","TRUE","Cross-wave coding conflict: -5 differs for B (na, interview terminated), C (na, see XRMCH)",
"435","Z","xhart01","categorical","0","0","no","FALSE","Cross-wave coding conflict: 0 differs for B (no), C (no, never)",
"435","Z","xhart01","categorical","1","1","Heart: heart disease status","FALSE","Cross-wave coding conflict: 1 differs for B (yes), C (no, BHART01 yes)",
"435","Z","xhart03","binary","1","1","Heart: taking medication status","FALSE","Cross-wave coding conflict: 1 differs for B (yes), C (see chart02, no)",
"435","Z","xhart04","categorical","1","1","Heart: treatment doctor status","FALSE","Cross-wave coding conflict: 1 differs for B (yes, family physician), C (no)",
"435","Z","xhart04","categorical","2","2","yes","FALSE","Cross-wave coding conflict: 2 differs for B (yes, specialist), C (yes, family physician)",
"435","Z","xhart05","binary","1","1","Heart: myocardial infarction since last interview status","FALSE","Cross-wave coding conflict: 1 differs for B (yes), C (see chart02, no)",
"435","Z","xhart10","categorical","1","1","Heart: chest pain during exertion status","FALSE","Cross-wave coding conflict: 1 differs for B (yes), C (no)",
"435","Z","xhart10","categorical","2","2","Heart: chest pain during exertion status","FALSE","Cross-wave coding conflict: 2 differs for B (no exertion: chest pain), C (yes)",
"435","Z","xhart10","categorical","3","3","Heart: chest pain during exertion status","FALSE","Cross-wave coding conflict: 3 differs for B (no exertion: pain legs), C (no exertion: chest pain)",
"435","Z","xhart10","categorical","4","4","Heart: chest pain during exertion status","FALSE","Cross-wave coding conflict: 4 differs for B (no exertion: shortness of breath), C (no exertion: pain legs)",
"435","Z","xhart10","categorical","5","5","Heart: chest pain during exertion status","FALSE","Cross-wave coding conflict: 5 differs for B (no exertion: joint complaints), C (no exertion: shortness of breath)",
"435","Z","xhart10","categorical","6","6","Heart: chest pain during exertion status","FALSE","Cross-wave coding conflict: 6 differs for B (no exertion: other reason), C (no exertion: joint complaints)",
"435","Z","xhart11","numeric","1","1","Heart: exertion pain disappears in 10 minutes status","FALSE","Cross-wave coding conflict: 1 differs for B (yes), C (no)",
"435","Z","xhart12","binary","1","1","Heart: >1 pillow for shortness of breath status","FALSE","Cross-wave coding conflict: 1 differs for B (yes), C (no)",
"435","Z","xhart13","binary","-2","-2","Heart: edema morning; legs, feet, ankles status","TRUE","Cross-wave coding conflict: -2 differs for B (na, see XHART06), C (na, see XHART01)",
"435","Z","xhart14","binary","-2","-2","Heart: edema evening; legs, feet, ankles status","TRUE","Cross-wave coding conflict: -2 differs for B (na, see XHART06), C (na, see XHART01)",
"435","Z","xhart15","binary","-2","-2","Heart: cardiac surgery since last interview status","TRUE","Cross-wave coding conflict: -2 differs for B (na, see XHART06), C (na, see XHART01)",
"435","Z","xincon1","categorical","-5","-5","Incontinence status","TRUE","Cross-wave coding conflict: -5 differs for B (na, interview terminated), C (na, see XRMCH)",
"435","Z","xincon1","categorical","0","0","Incontinence status","FALSE","Cross-wave coding conflict: 0 differs for B (no), C (no never)",
"435","Z","xincon1","categorical","1","1","Incontinence status","FALSE","Cross-wave coding conflict: 1 differs for B (yes), C (no, BINCON1 yes)",
"435","Z","xincon3","binary","1","1","Incontinence: taking medication status","FALSE","Cross-wave coding conflict: 1 differs for B (yes), C (no)",
"435","Z","xincon4","categorical","1","1","Incontinence: treatment doctor status","FALSE","Cross-wave coding conflict: 1 differs for B (yes, family physician), C (no)",
"435","Z","xincon4","categorical","2","2","yes","FALSE","Cross-wave coding conflict: 2 differs for B (yes, specialist), C (yes, family physician)",
"435","Z","xincon6","categorical","1","1","Incontinence: use special material status","FALSE","Cross-wave coding conflict: 1 differs for B (only by certain occasion), C (no)",
"435","Z","xincon6","categorical","2","2","Incontinence: use special material status","FALSE","Cross-wave coding conflict: 2 differs for B (yes, most of the time), C (only on certain occasion)",
"435","Z","xincon7","binary","1","1","Incontinence: surgery since last interview status","FALSE","Cross-wave coding conflict: 1 differs for B (yes), C (no)",
"435","Z","xothsi01","binary","-5","-5","Other1: other chronic diseases status","TRUE","Cross-wave coding conflict: -5 differs for B (na, interview terminated), C (na, see XRMCH)",
"435","Z","xothsi01","binary","1","1","Other1: other chronic diseases status","FALSE","Cross-wave coding conflict: 1 differs for B (yes), C (no)",
"435","Z","xothsi02","categorical","-2","-2","Other1: disease status","TRUE","Cross-wave coding conflict: -2 differs for B (na, see XOTHSI01), C (na, see XOTH1)",
"435","Z","xothsi04","numeric","-2","-2","Other1: from which age status","TRUE","Cross-wave coding conflict: -2 differs for B (na, see XOTHSI01), C (na, see XOTH1)",
"435","Z","xothsi05","binary","-2","-2","Other1: taking medication status","TRUE","Cross-wave coding conflict: -2 differs for B (na, see XOTHSI01), C (na, see XOTH1)",
"435","Z","xothsi05","binary","1","1","Other1: taking medication status","FALSE","Cross-wave coding conflict: 1 differs for B (yes), C (no)",
"435","Z","xothsi06","categorical","-2","-2","Other1: treatment doctor status","TRUE","Cross-wave coding conflict: -2 differs for B (na, see XOTHSI01), C (na, see XOTH1)",
"435","Z","xothsi06","categorical","1","1","Other1: treatment doctor status","FALSE","Cross-wave coding conflict: 1 differs for B (yes, family physician), C (no)",
"435","Z","xothsi06","categorical","2","2","yes","FALSE","Cross-wave coding conflict: 2 differs for B (yes, specialist), C (yes, family physician)",
"435","Z","xothsi07","binary","-2","-2","Other2: other chronic diseases status","TRUE","Cross-wave coding conflict: -2 differs for B (na, see XOTHSI01), C (na, see XOTH1)",
"435","Z","xothsi07","binary","1","1","Other2: other chronic diseases status","FALSE","Cross-wave coding conflict: 1 differs for B (yes), C (no)",
"435","Z","xothsi08","categorical","-2","-2","Other2: disease status","TRUE","Cross-wave coding conflict: -2 differs for B (na, see XOTHSI07), C (na, see XOTH71)",
"435","Z","xothsi10","numeric","-2","-2","Other2: from which age status","TRUE","Cross-wave coding conflict: -2 differs for B (na, see XOTHSI07), C (na, see XOTH71)",
"435","Z","xothsi11","binary","-2","-2","Other2: taking medication status","TRUE","Cross-wave coding conflict: -2 differs for B (na, see XOTHSI07), C (na, see XOTH71)",
"435","Z","xothsi11","binary","1","1","Other2: taking medication status","FALSE","Cross-wave coding conflict: 1 differs for B (yes), C (no)",
"435","Z","xothsi12","categorical","-2","-2","Other2: treatment doctor status","TRUE","Cross-wave coding conflict: -2 differs for B (na, see XOTHSI07), C (na, see XOTH71)",
"435","Z","xothsi12","categorical","1","1","Other2: treatment doctor status","FALSE","Cross-wave coding conflict: 1 differs for B (yes, family physician), C (no)",
"435","Z","xothsi12","categorical","2","2","yes","FALSE","Cross-wave coding conflict: 2 differs for B (yes, specialist), C (yes, family physician)",
"435","Z","xrheum01","categorical","-5","-5","Osteoarthritis/rheumatoid arthritis: osteoarthritis status","TRUE","Cross-wave coding conflict: -5 differs for B (na, interview terminated), C (na, see XRMCH)",
"435","Z","xrheum01","categorical","0","0","Osteoarthritis/rheumatoid arthritis: osteoarthritis status","FALSE","Cross-wave coding conflict: 0 differs for B (no), C (no never)",
"435","Z","xrheum01","categorical","1","1","Osteoarthritis/rheumatoid arthritis: osteoarthritis status","FALSE","Cross-wave coding conflict: 1 differs for B (yes), C (no, BRHEUM01 yes)",
"435","Z","xrheum02","categorical","-5","-5","status category","TRUE","Cross-wave coding conflict: -5 differs for B (na, interview terminated), C (na, see XRMCH)",
"435","Z","xrheum02","categorical","0","0","status category","FALSE","Cross-wave coding conflict: 0 differs for B (no), C (no never)",
"435","Z","xrheum02","categorical","1","1","status category","FALSE","Cross-wave coding conflict: 1 differs for B (yes), C (no, BRHEUM02 yes)",
"435","Z","xrheum04","binary","1","1","Osteoarthritis/rheumatoid arthritis: taking medication status","FALSE","Cross-wave coding conflict: 1 differs for B (yes), C (no)",
"435","Z","xrheum05","categorical","1","1","Osteoarthritis/rheumatoid arthritis: treatment doctor status","FALSE","Cross-wave coding conflict: 1 differs for B (yes, family physician), C (no)",
"435","Z","xrheum05","categorical","2","2","yes","FALSE","Cross-wave coding conflict: 2 differs for B (yes, specialist), C (yes, family physician)",
"435","Z","xrheum06","date","1","1","status category","FALSE","Cross-wave coding conflict: 1 differs for B (yes), C (no)",
"435","Z","xrheum07","date","1","1","status category","FALSE","Cross-wave coding conflict: 1 differs for B (yes), C (no)",
"435","Z","xrheum08","date","1","1","status category","FALSE","Cross-wave coding conflict: 1 differs for B (yes), C (no)",
"435","Z","xrheum09","binary","1","1","status category","FALSE","Cross-wave coding conflict: 1 differs for B (yes), C (no)",
"435","Z","xrheum10","binary","-2","-2","Osteoarthritis/rheumatoid arthritis: joint prostheses status","TRUE","Cross-wave coding conflict: -2 differs for B (na, see XRHEUM09), C (na, see XRHEUM01)",
"435","Z","xrheum10","binary","1","1","Osteoarthritis/rheumatoid arthritis: joint prostheses status","FALSE","Cross-wave coding conflict: 1 differs for B (mentioned), C (no)",
"435","Z","xrheum8a","binary","1","1","Osteoarthritis/rheumatoid arthritis: complaints fingers status","FALSE","Cross-wave coding conflict: 1 differs for B (yes), C (not mentioned)",
"435","Z","xrheum8b","binary","1","1","status category","FALSE","Cross-wave coding conflict: 1 differs for B (yes), C (not mentioned)",
"435","Z","xrheum8c","binary","1","1","Osteoarthritis/rheumatoid arthritis: complaints elbows status","FALSE","Cross-wave coding conflict: 1 differs for B (yes), C (not mentioned)",
"435","Z","xrheum8d","binary","1","1","status category","FALSE","Cross-wave coding conflict: 1 differs for B (yes), C (not mentioned)",
"435","Z","xrheum8e","binary","1","1","Osteoarthritis/rheumatoid arthritis: complaints toes status","FALSE","Cross-wave coding conflict: 1 differs for B (yes), C (not mentioned)",
"435","Z","xrheum8f","binary","1","1","status category","FALSE","Cross-wave coding conflict: 1 differs for B (yes), C (not mentioned)",
"435","Z","xrheum8g","binary","1","1","Osteoarthritis/rheumatoid arthritis: complaints knees status","FALSE","Cross-wave coding conflict: 1 differs for B (yes), C (not mentioned)",
"435","Z","xrheum8h","binary","1","1","Osteoarthritis/rheumatoid arthritis: complaints hip status","FALSE","Cross-wave coding conflict: 1 differs for B (yes), C (not mentioned)",
"435","Z","xrheum8i","binary","1","1","Osteoarthritis/rheumatoid arthritis: complaints neck status","FALSE","Cross-wave coding conflict: 1 differs for B (yes), C (not mentioned)",
"435","Z","xrheum9a","binary","1","1","Osteoarthritis/rheumatoid arthritis: surgery fingers status","FALSE","Cross-wave coding conflict: 1 differs for B (mentioned), C (not mentioned)",
"435","Z","xrheum9b","binary","1","1","Osteoarthritis/rheumatoid arthritis: surgery hand/wrist status","FALSE","Cross-wave coding conflict: 1 differs for B (mentioned), C (not mentioned)",
"435","Z","xrheum9c","binary","1","1","Osteoarthritis/rheumatoid arthritis: surgery elbows status","FALSE","Cross-wave coding conflict: 1 differs for B (mentioned), C (not mentioned)",
"435","Z","xrheum9d","binary","1","1","Osteoarthritis/rheumatoid arthritis: surgery shoulders status","FALSE","Cross-wave coding conflict: 1 differs for B (mentioned), C (not mentioned)",
"435","Z","xrheum9e","binary","1","1","Osteoarthritis/rheumatoid arthritis: surgery toes since status","FALSE","Cross-wave coding conflict: 1 differs for B (mentioned), C (not mentioned)",
"435","Z","xrheum9f","binary","1","1","status category","FALSE","Cross-wave coding conflict: 1 differs for B (mentioned), C (not mentioned)",
"435","Z","xrheum9g","binary","1","1","Osteoarthritis/rheumatoid arthritis: surgery knees status","FALSE","Cross-wave coding conflict: 1 differs for B (mentioned), C (not mentioned)",
"435","Z","xrheum9h","binary","1","1","Osteoarthritis/rheumatoid arthritis: surgery hip status","FALSE","Cross-wave coding conflict: 1 differs for B (mentioned), C (not mentioned)",
"435","Z","xrheum9i","binary","1","1","Osteoarthritis/rheumatoid arthritis: surgery neck status","FALSE","Cross-wave coding conflict: 1 differs for B (mentioned), C (not mentioned)",
"435","Z","xrmch","categorical","2","2","Reason missing: chronic diseases status","FALSE","Cross-wave coding conflict: 2 differs for B (short interview), C (interview terminated)",
"602","Z","tpoths1","categorical","20","20","Serious consequences accident","FALSE","Cross-wave coding conflict: 20 differs for C/D/E/F/G/H/I/J (Serious consequences accident), K (Fractures as a result of accident/fall)",
"602","Z","tpoths1","categorical","21","21","Other serious consequences/burns","FALSE","Cross-wave coding conflict: 21 differs for C/D/E/F/G/H/I/J (Other serious consequences/burns), K (Other consequences of accident/fall)",
"602","Z","tpoths1","categorical","22","22","Consequences surgery/operations","FALSE","Cross-wave coding conflict: 22 differs for C/D/E/F/G/H/I/J (Consequences surgery/operations), K (Permanent consequencies surgery)",
"602","Z","tpoths1","categorical","24","24","Mental problems, incl. depression","FALSE","Cross-wave coding conflict: 24 differs for C/D/E/F/G (Mental problems, incl. depression), H/I/J/K (Parkinson)",
"602","Z","tpoths1","categorical","25","25","Eye diseases","FALSE","Cross-wave coding conflict: 25 differs for C/D/E/F/G (Eye diseases), H/I/J/K (Mental problems, incl. depression)",
"602","Z","tpoths1","categorical","26","26","Ear diseases/hearing problems","FALSE","Cross-wave coding conflict: 26 differs for C/D/E/F/G (Ear diseases/hearing problems), H/I/J (Other - to be coded -), K (Hearing impairment)",
"602","Z","tpoths1","categorical","27","27","Venous insufficiency/varicose veins","FALSE","Cross-wave coding conflict: 27 differs for C/D/E/F/G (Venous insufficiency/varicose veins), K (Arthritis)",
"602","Z","tpoths1","categorical","28","28","Anaemia","FALSE","Cross-wave coding conflict: 28 differs for C/D/E/F/G (Anaemia), K (Eye problems)",
"602","Z","tpoths1","categorical","29","29","Chronic headaches (no migraine)","FALSE","Cross-wave coding conflict: 29 differs for C/D/E/F/G (Chronic headaches (no migraine)), K (Sleep apnea)",
"602","Z","tpoths1","categorical","30","30","Chronic neck-problems","FALSE","Cross-wave coding conflict: 30 differs for C/D/E/F/G (Chronic neck-problems), K (TIA (Transient ischemic attack))",
"602","Z","tpoths1","categorical","31","31","Dizziness without falling","FALSE","Cross-wave coding conflict: 31 differs for C/D/E/F/G (Dizziness without falling), K (Other - to be coded)",
"602","Z","tpoths2","categorical","20","20","Serious consequences accident","FALSE","Cross-wave coding conflict: 20 differs for C/D/E/F/G/H/I/J (Serious consequences accident), K (Fractures as a result of accident/fall)",
"602","Z","tpoths2","categorical","21","21","Other serious consequences/burns","FALSE","Cross-wave coding conflict: 21 differs for C/D/E/F/G/H/I/J (Other serious consequences/burns), K (Other consequences of accident/fall)",
"602","Z","tpoths2","categorical","22","22","Consequences surgery/operations","FALSE","Cross-wave coding conflict: 22 differs for C/D/E/F/G/H/I/J (Consequences surgery/operations), K (Permanent consequencies surgery)",
"602","Z","tpoths2","categorical","24","24","Mental problems, incl. depression","FALSE","Cross-wave coding conflict: 24 differs for C/D/E/F/G (Mental problems, incl. depression), H/I/J/K (Parkinson)",
"602","Z","tpoths2","categorical","25","25","Eye diseases","FALSE","Cross-wave coding conflict: 25 differs for C/D/E/F/G (Eye diseases), H/I/J/K (Mental problems, incl. depression)",
"602","Z","tpoths2","categorical","26","26","Ear diseases/hearing problems","FALSE","Cross-wave coding conflict: 26 differs for C/D/E/F/G (Ear diseases/hearing problems), H/I/J (Other - to be coded -), K (Hearing impairment)",
"602","Z","tpoths2","categorical","27","27","Venous insufficiency/varicose veins","FALSE","Cross-wave coding conflict: 27 differs for C/D/E/F/G (Venous insufficiency/varicose veins), K (Arthritis)",
"602","Z","tpoths2","categorical","28","28","Anaemia","FALSE","Cross-wave coding conflict: 28 differs for C/D/E/F/G (Anaemia), K (Eye problems)",
"602","Z","tpoths2","categorical","29","29","Chronic headaches (no migraine)","FALSE","Cross-wave coding conflict: 29 differs for C/D/E/F/G (Chronic headaches (no migraine)), K (Sleep apnea)",
"602","Z","tpoths2","categorical","30","30","Chronic neck-problems","FALSE","Cross-wave coding conflict: 30 differs for C/D/E/F/G (Chronic neck-problems), K (TIA (Transient ischemic attack))",
"602","Z","tpoths2","categorical","31","31","Dizziness without falling","FALSE","Cross-wave coding conflict: 31 differs for C/D/E/F/G (Dizziness without falling), K (Other - to be coded)",
"602","Z","tpoths3","categorical","20","20","Serious consequences accident","FALSE","Cross-wave coding conflict: 20 differs for C/D/E/F/G/H/I/J (Serious consequences accident), K (Fractures as a result of accident/fall)",
"602","Z","tpoths3","categorical","21","21","Other serious consequences/burns","FALSE","Cross-wave coding conflict: 21 differs for C/D/E/F/G/H/I/J (Other serious consequences/burns), K (Other consequences of accident/fall)",
"602","Z","tpoths3","categorical","22","22","Consequences surgery/operations","FALSE","Cross-wave coding conflict: 22 differs for C/D/E/F/G/H/I/J (Consequences surgery/operations), K (Permanent consequencies surgery)",
"602","Z","tpoths3","categorical","24","24","Mental problems, incl. depression","FALSE","Cross-wave coding conflict: 24 differs for C/D/E/F/G (Mental problems, incl. depression), H/I/J/K (Parkinson)",
"602","Z","tpoths3","categorical","25","25","Eye diseases","FALSE","Cross-wave coding conflict: 25 differs for C/D/E/F/G (Eye diseases), H/I/J/K (Mental problems, incl. depression)",
"602","Z","tpoths3","categorical","26","26","Ear diseases/hearing problems","FALSE","Cross-wave coding conflict: 26 differs for C/D/E/F/G (Ear diseases/hearing problems), H/I/J (Other - to be coded -), K (Hearing impairment)",
"602","Z","tpoths3","categorical","27","27","Venous insufficiency/varicose veins","FALSE","Cross-wave coding conflict: 27 differs for C/D/E/F/G (Venous insufficiency/varicose veins), K (Arthritis)",
"602","Z","tpoths3","categorical","28","28","Anaemia","FALSE","Cross-wave coding conflict: 28 differs for C/D/E/F/G (Anaemia), K (Eye problems)",
"602","Z","tpoths3","categorical","29","29","Chronic headaches (no migraine)","FALSE","Cross-wave coding conflict: 29 differs for C/D/E/F/G (Chronic headaches (no migraine)), K (Sleep apnea)",
"602","Z","tpoths3","categorical","30","30","Chronic neck-problems","FALSE","Cross-wave coding conflict: 30 differs for C/D/E/F/G (Chronic neck-problems), K (TIA (Transient ischemic attack))",
"602","Z","tpoths3","categorical","31","31","Dizziness without falling","FALSE","Cross-wave coding conflict: 31 differs for C/D/E/F/G (Dizziness without falling), K (Other - to be coded)",
"602","Z","tpoths4","categorical","24","24","Parkinson","FALSE","Cross-wave coding conflict: 24 differs for E/F (Mental problems, incl. depression), H/I/J (Parkinson)",
"602","Z","tpoths4","categorical","25","25","Mental problems, incl. depression","FALSE","Cross-wave coding conflict: 25 differs for E/F (Eye diseases), H/I/J (Mental problems, incl. depression)",
"602","Z","tpoths4","categorical","26","26","Other - to be coded -","FALSE","Cross-wave coding conflict: 26 differs for E/F (Ear diseases/hearing problems), H/I/J (Other - to be coded -)",
"602","Z","tpoths5","categorical","24","24","Parkinson","FALSE","Cross-wave coding conflict: 24 differs for F (Mental problems, incl. depression), I/J (Parkinson)",
"602","Z","tpoths5","categorical","25","25","Mental problems, incl. depression","FALSE","Cross-wave coding conflict: 25 differs for F (Eye diseases), I/J (Mental problems, incl. depression)",
"602","Z","tpoths5","categorical","26","26","Other - to be coded -","FALSE","Cross-wave coding conflict: 26 differs for F (Ear diseases/hearing problems), I/J (Other - to be coded -)",
"602","Z","tpreaso","categorical","8","8","other reason / demented","FALSE","Cross-wave coding conflict: 8 differs for H (other reason), I/J/K (demented)",
"603","Z","tperh","binary","-1","-1","not available after question asked","TRUE","Cross-wave coding conflict: -1 differs for J (asked/does not know), K (asked)",
"603","Z","tphosp","binary","-1","-1","not available after question asked","TRUE","Cross-wave coding conflict: -1 differs for C/D/E/F/G (asked, no answer), H/I/J (asked/does not know), K (asked)",
"603","Z","tpmeds","binary","-1","-1","not available after question asked","TRUE","Cross-wave coding conflict: -1 differs for C/D/E/F/G (asked, no answer), H/I/J (asked/does not know), K (asked)",
"603","Z","tppsyc","binary","-1","-1","not available after question asked","TRUE","Cross-wave coding conflict: -1 differs for C/D/E/F/G (asked, no answer), H/I/J (asked/does not know), K (asked)",
"603","Z","tppsyh","binary","-1","-1","not available after question asked","TRUE","Cross-wave coding conflict: -1 differs for C/D/E/F/G (asked, no answer), H/I/J (asked/does not know), K (asked)",
"603","Z","tpstic1","binary","-1","-1","not available after question asked","TRUE","Cross-wave coding conflict: -1 differs for C/D/E/F/G (asked, no answer), H/I (asked/does not know), J/K (asked)",
"702","Z","troths1","categorical","20","20","Serious consequences accident","FALSE","Cross-wave coding conflict: 20 differs for C/D/E/F/G/H/I/J (Serious consequences accident), K (Fractures as a result of accident/fall)",
"702","Z","troths1","categorical","21","21","Other serious consequences/burns","FALSE","Cross-wave coding conflict: 21 differs for C/D/E/F/G/H/I/J (Other serious consequences/burns), K (Other consequences of accident/fall)",
"702","Z","troths1","categorical","22","22","Consequences surgery/operations","FALSE","Cross-wave coding conflict: 22 differs for C/D/E/F/G/H/I/J (Consequences surgery/operations), K (Permanent consequencies surgery)",
"702","Z","troths1","categorical","24","24","Mental problems, incl. depression","FALSE","Cross-wave coding conflict: 24 differs for C/D/E/F/G (Mental problems, incl. depression), H/I/J/K (Parkinson)",
"702","Z","troths1","categorical","25","25","Eye diseases","FALSE","Cross-wave coding conflict: 25 differs for C/D/E/F/G (Eye diseases), H/I/J/K (Mental problems, incl. depression)",
"702","Z","troths1","categorical","26","26","Ear diseases/hearing problems","FALSE","Cross-wave coding conflict: 26 differs for C/D/E/F/G (Ear diseases/hearing problems), H/I/J (Other - to be coded -), K (Hearing impairment)",
"702","Z","troths1","categorical","27","27","Venous insufficiency/varicose veins","FALSE","Cross-wave coding conflict: 27 differs for C/D/E/F/G (Venous insufficiency/varicose veins), K (Arthritis)",
"702","Z","troths1","categorical","28","28","Anaemia","FALSE","Cross-wave coding conflict: 28 differs for C/D/E/F/G (Anaemia), K (Eye problems)",
"702","Z","troths1","categorical","29","29","Chronic headaches (no migraine)","FALSE","Cross-wave coding conflict: 29 differs for C/D/E/F/G (Chronic headaches (no migraine)), K (Sleep apnea)",
"702","Z","troths1","categorical","30","30","Chronic neck-problems","FALSE","Cross-wave coding conflict: 30 differs for C/D/E/F/G (Chronic neck-problems), K (TIA (Transient ischemic attack))",
"702","Z","troths1","categorical","31","31","Dizziness without falling","FALSE","Cross-wave coding conflict: 31 differs for C/D/E/F/G (Dizziness without falling), K (Other - to be coded)",
"702","Z","troths2","categorical","20","20","Serious consequences accident","FALSE","Cross-wave coding conflict: 20 differs for C/D/E/F/G/H/I/J (Serious consequences accident), K (Fractures as a result of accident/fall)",
"702","Z","troths2","categorical","21","21","Other serious consequences/burns","FALSE","Cross-wave coding conflict: 21 differs for C/D/E/F/G/H/I/J (Other serious consequences/burns), K (Other consequences of accident/fall)",
"702","Z","troths2","categorical","22","22","Consequences surgery/operations","FALSE","Cross-wave coding conflict: 22 differs for C/D/E/F/G/H/I/J (Consequences surgery/operations), K (Permanent consequencies surgery)",
"702","Z","troths2","categorical","24","24","Mental problems, incl. depression","FALSE","Cross-wave coding conflict: 24 differs for C/D/E/F/G (Mental problems, incl. depression), H/I/J/K (Parkinson)",
"702","Z","troths2","categorical","25","25","Eye diseases","FALSE","Cross-wave coding conflict: 25 differs for C/D/E/F/G (Eye diseases), H/I/J/K (Mental problems, incl. depression)",
"702","Z","troths2","categorical","26","26","Ear diseases/hearing problems","FALSE","Cross-wave coding conflict: 26 differs for C/D/E/F/G (Ear diseases/hearing problems), H/I/J (Other - to be coded -), K (Hearing impairment)",
"702","Z","troths2","categorical","27","27","Venous insufficiency/varicose veins","FALSE","Cross-wave coding conflict: 27 differs for C/D/E/F/G (Venous insufficiency/varicose veins), K (Arthritis)",
"702","Z","troths2","categorical","28","28","Anaemia","FALSE","Cross-wave coding conflict: 28 differs for C/D/E/F/G (Anaemia), K (Eye problems)",
"702","Z","troths2","categorical","29","29","Chronic headaches (no migraine)","FALSE","Cross-wave coding conflict: 29 differs for C/D/E/F/G (Chronic headaches (no migraine)), K (Sleep apnea)",
"702","Z","troths2","categorical","30","30","Chronic neck-problems","FALSE","Cross-wave coding conflict: 30 differs for C/D/E/F/G (Chronic neck-problems), K (TIA (Transient ischemic attack))",
"702","Z","troths2","categorical","31","31","Dizziness without falling","FALSE","Cross-wave coding conflict: 31 differs for C/D/E/F/G (Dizziness without falling), K (Other - to be coded)",
"702","Z","troths3","categorical","20","20","Serious consequences accident","FALSE","Cross-wave coding conflict: 20 differs for C/D/E/F/G/H/I/J (Serious consequences accident), K (Fractures as a result of accident/fall)",
"702","Z","troths3","categorical","21","21","Other serious consequences/burns","FALSE","Cross-wave coding conflict: 21 differs for C/D/E/F/G/H/I/J (Other serious consequences/burns), K (Other consequences of accident/fall)",
"702","Z","troths3","categorical","22","22","Consequences surgery/operations","FALSE","Cross-wave coding conflict: 22 differs for C/D/E/F/G/H/I/J (Consequences surgery/operations), K (Permanent consequencies surgery)",
"702","Z","troths3","categorical","24","24","Mental problems, incl. depression","FALSE","Cross-wave coding conflict: 24 differs for C/D/E/F/G (Mental problems, incl. depression), H/I/J/K (Parkinson)",
"702","Z","troths3","categorical","25","25","Eye diseases","FALSE","Cross-wave coding conflict: 25 differs for C/D/E/F/G (Eye diseases), H/I/J/K (Mental problems, incl. depression)",
"702","Z","troths3","categorical","26","26","Ear diseases/hearing problems","FALSE","Cross-wave coding conflict: 26 differs for C/D/E/F/G (Ear diseases/hearing problems), H/I/J (Other - to be coded -), K (Hearing impairment)",
"702","Z","troths3","categorical","27","27","Venous insufficiency/varicose veins","FALSE","Cross-wave coding conflict: 27 differs for C/D/E/F/G (Venous insufficiency/varicose veins), K (Arthritis)",
"702","Z","troths3","categorical","28","28","Anaemia","FALSE","Cross-wave coding conflict: 28 differs for C/D/E/F/G (Anaemia), K (Eye problems)",
"702","Z","troths3","categorical","29","29","Chronic headaches (no migraine)","FALSE","Cross-wave coding conflict: 29 differs for C/D/E/F/G (Chronic headaches (no migraine)), K (Sleep apnea)",
"702","Z","troths3","categorical","30","30","Chronic neck-problems","FALSE","Cross-wave coding conflict: 30 differs for C/D/E/F/G (Chronic neck-problems), K (TIA (Transient ischemic attack))",
"702","Z","troths3","categorical","31","31","Dizziness without falling","FALSE","Cross-wave coding conflict: 31 differs for C/D/E/F/G (Dizziness without falling), K (Other - to be coded)",
"702","Z","troths4","categorical","24","24","Parkinson","FALSE","Cross-wave coding conflict: 24 differs for E/F (Mental problems, incl. depression), H/I/J (Parkinson)",
"702","Z","troths4","categorical","25","25","Mental problems, incl. depression","FALSE","Cross-wave coding conflict: 25 differs for E/F (Eye diseases), H/I/J (Mental problems, incl. depression)",
"702","Z","troths4","categorical","26","26","Other - to be coded -","FALSE","Cross-wave coding conflict: 26 differs for E/F (Ear diseases/hearing problems), H/I/J (Other - to be coded -)",
"702","Z","troths5","categorical","24","24","Mental problems, incl. depression","FALSE","Cross-wave coding conflict: 24 differs for E/F (Mental problems, incl. depression), I/J (Parkinson)",
"702","Z","troths5","categorical","25","25","Eye diseases","FALSE","Cross-wave coding conflict: 25 differs for E/F (Eye diseases), I/J (Mental problems, incl. depression)",
"702","Z","troths5","categorical","26","26","Ear diseases/hearing problems","FALSE","Cross-wave coding conflict: 26 differs for E/F (Ear diseases/hearing problems), I/J (Other - to be coded -)",
"703","Z","tradl1a","ordinal","-1","-1","not available after question asked","TRUE","Cross-wave coding conflict: -1 differs for C/D/E/F/G (asked, no answer), H/I/J/K (asked, no answer / does not know)",
"703","Z","tradl2a","ordinal","-1","-1","not available after question asked","TRUE","Cross-wave coding conflict: -1 differs for C/D/E/F/G (asked, no answer), H/I/J/K (asked, no answer / does not know)",
"703","Z","tradl3a","ordinal","-1","-1","not available after question asked","TRUE","Cross-wave coding conflict: -1 differs for C/D/E/F/G (asked, no answer), H/I/J/K (asked, no answer / does not know)",
"703","Z","tradl4a","ordinal","-1","-1","not available after question asked","TRUE","Cross-wave coding conflict: -1 differs for C/D/E/F/G (asked, no answer), H/I/J/K (asked, no answer / does not know)",
"703","Z","tradl5a","ordinal","-1","-1","not available after question asked","TRUE","Cross-wave coding conflict: -1 differs for C/D/E/F/G (asked, no answer), H/I/J/K (asked, no answer / does not know)",
"703","Z","tradl6a","ordinal","-1","-1","not available after question asked","TRUE","Cross-wave coding conflict: -1 differs for C/D/E/F/G (asked, no answer), H/I/J/K (asked, no answer / does not know)",
"703","Z","trhosp","binary","-1","-1","not available after question asked","TRUE","Cross-wave coding conflict: -1 differs for C/D/E/F/G (asked, no answer), H/I/J/K (na, asked / does not know)",
"703","Z","trmeds","binary","-1","-1","not available after question asked","TRUE","Cross-wave coding conflict: -1 differs for C/D/E/F/G (asked, no answer), H/I/J/K (na, asked / does not know)",
"703","Z","trpsyc","binary","-1","-1","not available after question asked","TRUE","Cross-wave coding conflict: -1 differs for C/D/E/F/G (asked, no answer), H/I/J/K (na, asked / does not know)",
"703","Z","trpsyh","binary","-1","-1","not available after question asked","TRUE","Cross-wave coding conflict: -1 differs for C/D/E/F/G (asked, no answer), H/I/J/K (na, asked / does not know)",
"703","Z","trstic1","binary","-1","-1","not available after question asked","TRUE","Cross-wave coding conflict: -1 differs for C/D/E/F/G (asked, no answer), H/I/J/K (na, asked / does not know)",
"705","D","trbot2","binary","no first fracture(-1)","-1","no first fracture","TRUE","Within-wave source coding conflict: value -1 is documented for both 'no first fracture' and 'asked, no answer'.",
"705","D","trbot2","binary","asked, no answer(-1)","-1","asked, no answer","TRUE","Within-wave source coding conflict: value -1 is documented for both 'no first fracture' and 'asked, no answer'.",
"705","E","trbot2","binary","no first fracture(-1)","-1","no first fracture","TRUE","Within-wave source coding conflict: value -1 is documented for both 'no first fracture' and 'asked, no answer'.",
"705","E","trbot2","binary","asked, no answer(-1)","-1","asked, no answer","TRUE","Within-wave source coding conflict: value -1 is documented for both 'no first fracture' and 'asked, no answer'.",
"705","F","trbot2","binary","no first fracture(-1)","-1","no first fracture","TRUE","Within-wave source coding conflict: value -1 is documented for both 'no first fracture' and 'asked, no answer'.",
"705","F","trbot2","binary","asked, no answer(-1)","-1","asked, no answer","TRUE","Within-wave source coding conflict: value -1 is documented for both 'no first fracture' and 'asked, no answer'.",
"705","G","trbot2","binary","no first fracture(-1)","-1","no first fracture","TRUE","Within-wave source coding conflict: value -1 is documented for both 'no first fracture' and 'asked, no answer'.",
"705","G","trbot2","binary","asked, no answer(-1)","-1","asked, no answer","TRUE","Within-wave source coding conflict: value -1 is documented for both 'no first fracture' and 'asked, no answer'.",
"705","H","trbot2","binary","no first fracture(-1)","-1","no first fracture","TRUE","Within-wave source coding conflict: value -1 is documented for both 'no first fracture' and 'asked, no answer'.",
"705","H","trbot2","binary","asked, no answer(-1)","-1","asked, no answer","TRUE","Within-wave source coding conflict: value -1 is documented for both 'no first fracture' and 'asked, no answer'.",
"705","I","trbot2","binary","no first fracture(-1)","-1","no first fracture","TRUE","Within-wave source coding conflict: value -1 is documented for both 'no first fracture' and 'asked, no answer'.",
"705","I","trbot2","binary","asked, no answer(-1)","-1","asked, no answer","TRUE","Within-wave source coding conflict: value -1 is documented for both 'no first fracture' and 'asked, no answer'.",
"705","J","trbot2","binary","no first fracture(-1)","-1","no first fracture","TRUE","Within-wave source coding conflict: value -1 is documented for both 'no first fracture' and 'asked, no answer'.",
"705","J","trbot2","binary","asked, no answer(-1)","-1","asked, no answer","TRUE","Within-wave source coding conflict: value -1 is documented for both 'no first fracture' and 'asked, no answer'.",
"705","K","trbot2","binary","no first fracture(-1)","-1","no first fracture","TRUE","Within-wave source coding conflict: value -1 is documented for both 'no first fracture' and 'asked, no answer'.",
"705","K","trbot2","binary","asked, no answer(-1)","-1","asked, no answer","TRUE","Within-wave source coding conflict: value -1 is documented for both 'no first fracture' and 'asked, no answer'.",
"705","Z","trbot2","binary","-1","-1","no first fracture / asked, no answer","TRUE","Source coding conflict: value -1 is documented for both 'no first fracture' and 'asked, no answer' in waves D-K.",
"705","H","trbotph","categorical","no(1)","1","no","FALSE","Within-wave source coding conflict in the PDF: from wave H onward value 1 is additionally documented as 'no', while 'yes, family physician' is also listed at value 1.",
"705","H","trbotph","categorical","yes, family physician(1)","1","yes, family physician","FALSE","Within-wave source coding conflict in the PDF: from wave H onward value 1 is additionally documented as 'no', while 'yes, family physician' is also listed at value 1.",
"705","I","trbotph","categorical","no(1)","1","no","FALSE","Within-wave source coding conflict in the PDF: from wave H onward value 1 is additionally documented as 'no', while 'yes, family physician' is also listed at value 1.",
"705","I","trbotph","categorical","yes, family physician(1)","1","yes, family physician","FALSE","Within-wave source coding conflict in the PDF: from wave H onward value 1 is additionally documented as 'no', while 'yes, family physician' is also listed at value 1.",
"705","J","trbotph","categorical","no(1)","1","no","FALSE","Within-wave source coding conflict in the PDF: from wave H onward value 1 is additionally documented as 'no', while 'yes, family physician' is also listed at value 1.",
"705","J","trbotph","categorical","yes, family physician(1)","1","yes, family physician","FALSE","Within-wave source coding conflict in the PDF: from wave H onward value 1 is additionally documented as 'no', while 'yes, family physician' is also listed at value 1.",
"705","K","trbotph","categorical","no(1)","1","no","FALSE","Within-wave source coding conflict in the PDF: from wave H onward value 1 is additionally documented as 'no', while 'yes, family physician' is also listed at value 1.",
"705","K","trbotph","categorical","yes, family physician(1)","1","yes, family physician","FALSE","Within-wave source coding conflict in the PDF: from wave H onward value 1 is additionally documented as 'no', while 'yes, family physician' is also listed at value 1.",
"705","Z","trbotph","categorical","1","1","yes, family physician / no","FALSE","Cross-wave/source coding conflict: value 1 is 'yes, family physician' in waves C-G; from wave H onward the PDF additionally lists 'no' at value 1 while retaining 'yes, family physician' at value 1.",
